  0
SECTION
  2
HEADER
  9
$ACADVER
  1
AC1018
  9
$HANDSEED
  5
FFFFFFFF
  9
$ANGBASE
  50
0.0
  9
$ANGDIR
  70
1
  9
$MEASUREMENT
  70
0
  9
$INSUNITS
  70
1
  0
ENDSEC
  0
SECTION
  2
TABLES
  0
TABLE
  2
APPID
  5
1
330
0
100
AcDbSymbolTable
 70
1
  0
APPID
  5
2
330
1
100
AcDbSymbolTableRecord
100
AcDbRegAppTableRecord
  2
ACAD
 70
0
  0
ENDTAB
  0
TABLE
  2
LTYPE
  5
3
330
0
100
AcDbSymbolTable
 70
6
  0
LTYPE
  5
4
330
3
100
AcDbSymbolTableRecord
100
AcDbLinetypeTableRecord
  2
ByBlock
 70
0
  3

 72
65
 73
0
 40
0
  0
LTYPE
  5
5
330
3
100
AcDbSymbolTableRecord
100
AcDbLinetypeTableRecord
  2
ByLayer
 70
0
  3

 72
65
 73
0
 40
0
  0
LTYPE
  5
6
330
3
100
AcDbSymbolTableRecord
100
AcDbLinetypeTableRecord
  2
CONTINUOUS
 70
0
  3
Solid line
 72
65
 73
0
 40
0
  0
LTYPE
  5
7
330
3
100
AcDbSymbolTableRecord
100
AcDbLinetypeTableRecord
  2
DASHDOT
 70
0
  3
Dash Dot ____ _ ____ _
 72
65
 73
4
 40
2
 49
1.25
 74
0
 49
-0.25
 74
0
 49
0.25
 74
0
 49
-0.25
 74
0
  0
LTYPE
  5
8
330
3
100
AcDbSymbolTableRecord
100
AcDbLinetypeTableRecord
  2
DASHED
 70
0
  3
Dashed __ __ __ __ __
 72
65
 73
2
 40
0.75
 49
0.5
 74
0
 49
-0.25
 74
0
  0
LTYPE
  5
9
330
3
100
AcDbSymbolTableRecord
100
AcDbLinetypeTableRecord
  2
DOTTED
 70
0
  3
Dotted .  .  .  .
 72
65
 73
2
 40
0.2
 49
0.0
 74
0
 49
-0.2
 74
0
  0
ENDTAB
  0
TABLE
  2
STYLE
  5
A
330
0
100
AcDbSymbolTable
 70
4
  0
STYLE
  5
B
330
A
100
AcDbSymbolTableRecord
100
AcDbTextStyleTableRecord
  2
KICAD
 70
0
 40
0
 41
1
 42
1
 50
0
 71
0
  3
isocp.shx
  0
STYLE
  5
C
330
A
100
AcDbSymbolTableRecord
100
AcDbTextStyleTableRecord
  2
KICADB
 70
0
 40
0
 41
1
 42
1
 50
0
 71
0
  3
isocp.shx
  0
STYLE
  5
D
330
A
100
AcDbSymbolTableRecord
100
AcDbTextStyleTableRecord
  2
KICADI
 70
0
 40
0
 41
1
 42
1
 50
15
 71
0
  3
isocp.shx
  0
STYLE
  5
E
330
A
100
AcDbSymbolTableRecord
100
AcDbTextStyleTableRecord
  2
KICADBI
 70
0
 40
0
 41
1
 42
1
 50
15
 71
0
  3
isocp.shx
  0
ENDTAB
  0
TABLE
  2
LAYER
  5
F
330
0
100
AcDbSymbolTable
 70
2
  0
LAYER
  5
12
330
F
100
AcDbSymbolTableRecord
100
AcDbLayerTableRecord
  2
0
 70
0
 62
7
  6
CONTINUOUS
390
10
  0
LAYER
  5
13
330
F
100
AcDbSymbolTableRecord
100
AcDbLayerTableRecord
  2
BLACK
 70
0
 62
250
  6
CONTINUOUS
390
10
  0
ENDTAB
  0
TABLE
  2
VPORT
  5
14
330
0
100
AcDbSymbolTable
 70
0
  0
ENDTAB
  0
TABLE
  2
VIEW
  5
15
330
0
100
AcDbSymbolTable
 70
0
  0
ENDTAB
  0
TABLE
  2
UCS
  5
16
330
0
100
AcDbSymbolTable
 70
0
  0
ENDTAB
  0
TABLE
  2
DIMSTYLE
  5
17
330
0
100
AcDbSymbolTable
 70
1
100
AcDbDimStyleTable
 71
0
  0
DIMSTYLE
105
18
330
17
100
AcDbSymbolTableRecord
100
AcDbDimStyleTableRecord
  2
Standard
 70
0
  0
ENDTAB
  0
TABLE
  2
BLOCK_RECORD
  5
19
330
0
100
AcDbSymbolTable
 70
3
  0
BLOCK_RECORD
  5
1A
330
19
100
AcDbSymbolTableRecord
100
AcDbBlockTableRecord
  2
*Model_Space
340
1D
 70
0
280
1
281
0
  0
BLOCK_RECORD
  5
1B
330
19
100
AcDbSymbolTableRecord
100
AcDbBlockTableRecord
  2
*Paper_Space
340
1E
 70
0
280
1
281
0
  0
BLOCK_RECORD
  5
1C
330
19
100
AcDbSymbolTableRecord
100
AcDbBlockTableRecord
  2
*Paper_Space0
340
1F
 70
0
280
1
281
0
  0
ENDTAB
  0
ENDSEC
  0
SECTION
  2
BLOCKS
  0
BLOCK
  5
23
330
1A
100
AcDbEntity
  8
0
100
AcDbBlockBegin
  2
*Model_Space
 70
0
 10
0.0
 20
0.0
 30
0.0
  3
*Model_Space
  1

  0
ENDBLK
  5
22
330
1A
100
AcDbEntity
  8
0
100
AcDbBlockEnd
  0
BLOCK
  5
25
330
1B
100
AcDbEntity
 67
1
  8
0
100
AcDbBlockBegin
  2
*Paper_Space
 70
0
 10
0.0
 20
0.0
 30
0.0
  3
*Paper_Space
  1

  0
ENDBLK
  5
24
330
1B
100
AcDbEntity
 67
1
  8
0
100
AcDbBlockEnd
  0
BLOCK
  5
27
330
1C
100
AcDbEntity
 67
1
  8
0
100
AcDbBlockBegin
  2
*Paper_Space0
 70
0
 10
0.0
 20
0.0
 30
0.0
  3
*Paper_Space0
  1

  0
ENDBLK
  5
26
330
1C
100
AcDbEntity
 67
1
  8
0
100
AcDbBlockEnd
  0
ENDSEC
  0
SECTION
  2
ENTITIES
  0
LINE
  5
28
330
1A
100
AcDbEntity
  8
BLACK
  6
CONTINUOUS
100
AcDbLine
 10
2.5635681889763777
 20
0.446596811023622
 30
0
 11
2.564632598425197
 21
0.446155905511811
 31
0
  0
LINE
  5
29
330
1A
100
AcDbEntity
  8
BLACK
  6
CONTINUOUS
100
AcDbLine
 10
2.564632598425197
 20
0.446155905511811
 30
0
 11
2.565447244094488
 21
0.4453412598425197
 31
0
  0
LINE
  5
2A
330
1A
100
AcDbEntity
  8
BLACK
  6
CONTINUOUS
100
AcDbLine
 10
2.565447244094488
 20
0.4453412598425197
 30
0
 11
2.5658881496062991
 21
0.4442768503937008
 31
0
  0
LINE
  5
2B
330
1A
100
AcDbEntity
  8
BLACK
  6
CONTINUOUS
100
AcDbLine
 10
2.5658881496062991
 20
0.4442768503937008
 30
0
 11
2.5659448818897639
 21
0.4437007874015748
 31
0
  0
LINE
  5
2C
330
1A
100
AcDbEntity
  8
BLACK
  6
CONTINUOUS
100
AcDbLine
 10
2.5659448818897639
 20
0.4437007874015748
 30
0
 11
2.5659448818897639
 21
0.2437007874015748
 31
0
  0
LINE
  5
2D
330
1A
100
AcDbEntity
  8
BLACK
  6
CONTINUOUS
100
AcDbLine
 10
2.5659448818897639
 20
0.2437007874015748
 30
0
 11
2.5658881496062991
 21
0.2431247244094488
 31
0
  0
LINE
  5
2E
330
1A
100
AcDbEntity
  8
BLACK
  6
CONTINUOUS
100
AcDbLine
 10
2.5658881496062991
 20
0.2431247244094488
 30
0
 11
2.565447244094488
 21
0.2420603149606299
 31
0
  0
LINE
  5
2F
330
1A
100
AcDbEntity
  8
BLACK
  6
CONTINUOUS
100
AcDbLine
 10
2.565447244094488
 20
0.2420603149606299
 30
0
 11
2.564632598425197
 21
0.2412456692913386
 31
0
  0
LINE
  5
30
330
1A
100
AcDbEntity
  8
BLACK
  6
CONTINUOUS
100
AcDbLine
 10
2.564632598425197
 20
0.2412456692913386
 30
0
 11
2.5635681889763777
 21
0.2408047637795276
 31
0
  0
LINE
  5
31
330
1A
100
AcDbEntity
  8
BLACK
  6
CONTINUOUS
100
AcDbLine
 10
2.5635681889763777
 20
0.2408047637795276
 30
0
 11
2.5629921259842519
 21
0.240748031496063
 31
0
  0
LINE
  5
32
330
1A
100
AcDbEntity
  8
BLACK
  6
CONTINUOUS
100
AcDbLine
 10
2.5629921259842519
 20
0.240748031496063
 30
0
 11
2.262992125984252
 21
0.240748031496063
 31
0
  0
LINE
  5
33
330
1A
100
AcDbEntity
  8
BLACK
  6
CONTINUOUS
100
AcDbLine
 10
2.262992125984252
 20
0.240748031496063
 30
0
 11
2.2624160629921257
 21
0.2408047637795276
 31
0
  0
LINE
  5
34
330
1A
100
AcDbEntity
  8
BLACK
  6
CONTINUOUS
100
AcDbLine
 10
2.2624160629921257
 20
0.2408047637795276
 30
0
 11
2.2613516535433069
 21
0.2412456692913386
 31
0
  0
LINE
  5
35
330
1A
100
AcDbEntity
  8
BLACK
  6
CONTINUOUS
100
AcDbLine
 10
2.2613516535433069
 20
0.2412456692913386
 30
0
 11
2.2605370078740159
 21
0.2420603149606299
 31
0
  0
LINE
  5
36
330
1A
100
AcDbEntity
  8
BLACK
  6
CONTINUOUS
100
AcDbLine
 10
2.2605370078740159
 20
0.2420603149606299
 30
0
 11
2.2600961023622048
 21
0.2431247244094488
 31
0
  0
LINE
  5
37
330
1A
100
AcDbEntity
  8
BLACK
  6
CONTINUOUS
100
AcDbLine
 10
2.2600961023622048
 20
0.2431247244094488
 30
0
 11
2.26003937007874
 21
0.2437007874015748
 31
0
  0
LINE
  5
38
330
1A
100
AcDbEntity
  8
BLACK
  6
CONTINUOUS
100
AcDbLine
 10
2.26003937007874
 20
0.2437007874015748
 30
0
 11
2.26003937007874
 21
0.4437007874015748
 31
0
  0
LINE
  5
39
330
1A
100
AcDbEntity
  8
BLACK
  6
CONTINUOUS
100
AcDbLine
 10
2.26003937007874
 20
0.4437007874015748
 30
0
 11
2.2600961023622048
 21
0.4442768503937008
 31
0
  0
LINE
  5
3A
330
1A
100
AcDbEntity
  8
BLACK
  6
CONTINUOUS
100
AcDbLine
 10
2.2600961023622048
 20
0.4442768503937008
 30
0
 11
2.2605370078740159
 21
0.4453412598425197
 31
0
  0
LINE
  5
3B
330
1A
100
AcDbEntity
  8
BLACK
  6
CONTINUOUS
100
AcDbLine
 10
2.2605370078740159
 20
0.4453412598425197
 30
0
 11
2.2613516535433069
 21
0.446155905511811
 31
0
  0
LINE
  5
3C
330
1A
100
AcDbEntity
  8
BLACK
  6
CONTINUOUS
100
AcDbLine
 10
2.2613516535433069
 20
0.446155905511811
 30
0
 11
2.2624160629921257
 21
0.446596811023622
 31
0
  0
LINE
  5
3D
330
1A
100
AcDbEntity
  8
BLACK
  6
CONTINUOUS
100
AcDbLine
 10
2.2624160629921257
 20
0.446596811023622
 30
0
 11
2.262992125984252
 21
0.4466535433070866
 31
0
  0
LINE
  5
3E
330
1A
100
AcDbEntity
  8
BLACK
  6
CONTINUOUS
100
AcDbLine
 10
2.262992125984252
 20
0.4466535433070866
 30
0
 11
2.5629921259842519
 21
0.4466535433070866
 31
0
  0
LINE
  5
3F
330
1A
100
AcDbEntity
  8
BLACK
  6
CONTINUOUS
100
AcDbLine
 10
2.5629921259842519
 20
0.4466535433070866
 30
0
 11
2.5635681889763777
 21
0.446596811023622
 31
0
  0
LINE
  5
40
330
1A
100
AcDbEntity
  8
BLACK
  6
CONTINUOUS
100
AcDbLine
 10
2.2659448818897636
 20
0.440748031496063
 30
0
 11
2.2659448818897636
 21
0.2466535433070866
 31
0
  0
LINE
  5
41
330
1A
100
AcDbEntity
  8
BLACK
  6
CONTINUOUS
100
AcDbLine
 10
2.2659448818897636
 20
0.2466535433070866
 30
0
 11
2.5600393700787403
 21
0.2466535433070866
 31
0
  0
LINE
  5
42
330
1A
100
AcDbEntity
  8
BLACK
  6
CONTINUOUS
100
AcDbLine
 10
2.5600393700787403
 20
0.2466535433070866
 30
0
 11
2.5600393700787403
 21
0.440748031496063
 31
0
  0
LINE
  5
43
330
1A
100
AcDbEntity
  8
BLACK
  6
CONTINUOUS
100
AcDbLine
 10
2.5600393700787403
 20
0.440748031496063
 30
0
 11
2.2659448818897636
 21
0.440748031496063
 31
0
  0
LINE
  5
44
330
1A
100
AcDbEntity
  8
BLACK
  6
CONTINUOUS
100
AcDbLine
 10
0.969030157480315
 20
0.2474411417322835
 30
0
 11
0.7050805511811024
 21
0.2474411417322835
 31
0
  0
LINE
  5
45
330
1A
100
AcDbEntity
  8
BLACK
  6
CONTINUOUS
100
AcDbLine
 10
0.7050805511811024
 20
0.2474411417322835
 30
0
 11
0.7050805511811024
 21
0.3313172047244095
 31
0
  0
LINE
  5
46
330
1A
100
AcDbEntity
  8
BLACK
  6
CONTINUOUS
100
AcDbLine
 10
0.7050805511811024
 20
0.3313172047244095
 30
0
 11
0.969030157480315
 21
0.3313172047244095
 31
0
  0
LINE
  5
47
330
1A
100
AcDbEntity
  8
BLACK
  6
CONTINUOUS
100
AcDbLine
 10
0.969030157480315
 20
0.3313172047244095
 30
0
 11
0.969030157480315
 21
0.2474411417322835
 31
0
  0
LINE
  5
48
330
1A
100
AcDbEntity
  8
BLACK
  6
CONTINUOUS
100
AcDbLine
 10
0.714266811023622
 20
0.3041886614173228
 30
0
 11
0.7126375196850393
 21
0.3025593700787402
 31
0
  0
LINE
  5
49
330
1A
100
AcDbEntity
  8
BLACK
  6
CONTINUOUS
100
AcDbLine
 10
0.7126375196850393
 20
0.3025593700787402
 30
0
 11
0.7117557086614174
 21
0.3004305511811023
 31
0
  0
LINE
  5
4A
330
1A
100
AcDbEntity
  8
BLACK
  6
CONTINUOUS
100
AcDbLine
 10
0.7117557086614174
 20
0.3004305511811023
 30
0
 11
0.7116422440944882
 21
0.2992784251968504
 31
0
  0
LINE
  5
4B
330
1A
100
AcDbEntity
  8
BLACK
  6
CONTINUOUS
100
AcDbLine
 10
0.7116422440944882
 20
0.2992784251968504
 30
0
 11
0.7116422440944882
 21
0.2683448031496063
 31
0
  0
LINE
  5
4C
330
1A
100
AcDbEntity
  8
BLACK
  6
CONTINUOUS
100
AcDbLine
 10
0.7116422440944882
 20
0.2683448031496063
 30
0
 11
0.7117557086614174
 21
0.2671926771653543
 31
0
  0
LINE
  5
4D
330
1A
100
AcDbEntity
  8
BLACK
  6
CONTINUOUS
100
AcDbLine
 10
0.7117557086614174
 20
0.2671926771653543
 30
0
 11
0.7118368503937008
 21
0.2669967322834645
 31
0
  0
LINE
  5
4E
330
1A
100
AcDbEntity
  8
BLACK
  6
CONTINUOUS
100
AcDbLine
 10
0.7118368503937008
 20
0.2669967322834645
 30
0
 11
0.7118519291338582
 21
0.266785
 31
0
  0
LINE
  5
4F
330
1A
100
AcDbEntity
  8
BLACK
  6
CONTINUOUS
100
AcDbLine
 10
0.7118519291338582
 20
0.266785
 30
0
 11
0.7122657086614173
 21
0.265703779527559
 31
0
  0
LINE
  5
50
330
1A
100
AcDbEntity
  8
BLACK
  6
CONTINUOUS
100
AcDbLine
 10
0.7122657086614173
 20
0.265703779527559
 30
0
 11
0.715077874015748
 21
0.2600794488188976
 31
0
  0
LINE
  5
51
330
1A
100
AcDbEntity
  8
BLACK
  6
CONTINUOUS
100
AcDbLine
 10
0.715077874015748
 20
0.2600794488188976
 30
0
 11
0.7151991338582677
 21
0.2598867716535433
 31
0
  0
LINE
  5
52
330
1A
100
AcDbEntity
  8
BLACK
  6
CONTINUOUS
100
AcDbLine
 10
0.7151991338582677
 20
0.2598867716535433
 30
0
 11
0.7152294488188976
 21
0.259795905511811
 31
0
  0
LINE
  5
53
330
1A
100
AcDbEntity
  8
BLACK
  6
CONTINUOUS
100
AcDbLine
 10
0.7152294488188976
 20
0.259795905511811
 30
0
 11
0.7153275590551181
 21
0.2596827952755906
 31
0
  0
LINE
  5
54
330
1A
100
AcDbEntity
  8
BLACK
  6
CONTINUOUS
100
AcDbLine
 10
0.7153275590551181
 20
0.2596827952755906
 30
0
 11
0.7156946062992126
 21
0.2590996850393701
 31
0
  0
LINE
  5
55
330
1A
100
AcDbEntity
  8
BLACK
  6
CONTINUOUS
100
AcDbLine
 10
0.7156946062992126
 20
0.2590996850393701
 30
0
 11
0.716254094488189
 21
0.2586144881889764
 31
0
  0
LINE
  5
56
330
1A
100
AcDbEntity
  8
BLACK
  6
CONTINUOUS
100
AcDbLine
 10
0.716254094488189
 20
0.2586144881889764
 30
0
 11
0.7167391732283465
 21
0.2580551574803149
 31
0
  0
LINE
  5
57
330
1A
100
AcDbEntity
  8
BLACK
  6
CONTINUOUS
100
AcDbLine
 10
0.7167391732283465
 20
0.2580551574803149
 30
0
 11
0.7173221259842519
 21
0.257688188976378
 31
0
  0
LINE
  5
58
330
1A
100
AcDbEntity
  8
BLACK
  6
CONTINUOUS
100
AcDbLine
 10
0.7173221259842519
 20
0.257688188976378
 30
0
 11
0.7174353543307086
 21
0.25759
 31
0
  0
LINE
  5
59
330
1A
100
AcDbEntity
  8
BLACK
  6
CONTINUOUS
100
AcDbLine
 10
0.7174353543307086
 20
0.25759
 30
0
 11
0.717526220472441
 21
0.2575597244094488
 31
0
  0
LINE
  5
5A
330
1A
100
AcDbEntity
  8
BLACK
  6
CONTINUOUS
100
AcDbLine
 10
0.717526220472441
 20
0.2575597244094488
 30
0
 11
0.7177188976377953
 21
0.2574384251968504
 31
0
  0
LINE
  5
5B
330
1A
100
AcDbEntity
  8
BLACK
  6
CONTINUOUS
100
AcDbLine
 10
0.7177188976377953
 20
0.2574384251968504
 30
0
 11
0.7233432283464567
 21
0.2546262992125984
 31
0
  0
LINE
  5
5C
330
1A
100
AcDbEntity
  8
BLACK
  6
CONTINUOUS
100
AcDbLine
 10
0.7233432283464567
 20
0.2546262992125984
 30
0
 11
0.7244244488188977
 21
0.2542125196850394
 31
0
  0
LINE
  5
5D
330
1A
100
AcDbEntity
  8
BLACK
  6
CONTINUOUS
100
AcDbLine
 10
0.7244244488188977
 20
0.2542125196850394
 30
0
 11
0.724636062992126
 21
0.2541975196850393
 31
0
  0
LINE
  5
5E
330
1A
100
AcDbEntity
  8
BLACK
  6
CONTINUOUS
100
AcDbLine
 10
0.724636062992126
 20
0.2541975196850393
 30
0
 11
0.7248320866141732
 21
0.2541162992125984
 31
0
  0
LINE
  5
5F
330
1A
100
AcDbEntity
  8
BLACK
  6
CONTINUOUS
100
AcDbLine
 10
0.7248320866141732
 20
0.2541162992125984
 30
0
 11
0.7259842125984252
 21
0.2540028346456693
 31
0
  0
LINE
  5
60
330
1A
100
AcDbEntity
  8
BLACK
  6
CONTINUOUS
100
AcDbLine
 10
0.7259842125984252
 20
0.2540028346456693
 30
0
 11
0.7344206692913385
 21
0.2540028346456693
 31
0
  0
LINE
  5
61
330
1A
100
AcDbEntity
  8
BLACK
  6
CONTINUOUS
100
AcDbLine
 10
0.7344206692913385
 20
0.2540028346456693
 30
0
 11
0.7355727952755905
 21
0.2541162992125984
 31
0
  0
LINE
  5
62
330
1A
100
AcDbEntity
  8
BLACK
  6
CONTINUOUS
100
AcDbLine
 10
0.7355727952755905
 20
0.2541162992125984
 30
0
 11
0.735768779527559
 21
0.2541975196850393
 31
0
  0
LINE
  5
63
330
1A
100
AcDbEntity
  8
BLACK
  6
CONTINUOUS
100
AcDbLine
 10
0.735768779527559
 20
0.2541975196850393
 30
0
 11
0.7359804330708661
 21
0.2542125196850394
 31
0
  0
LINE
  5
64
330
1A
100
AcDbEntity
  8
BLACK
  6
CONTINUOUS
100
AcDbLine
 10
0.7359804330708661
 20
0.2542125196850394
 30
0
 11
0.7370616929133859
 21
0.2546262992125984
 31
0
  0
LINE
  5
65
330
1A
100
AcDbEntity
  8
BLACK
  6
CONTINUOUS
100
AcDbLine
 10
0.7370616929133859
 20
0.2546262992125984
 30
0
 11
0.7389858661417322
 21
0.2555884251968504
 31
0
  0
LINE
  5
66
330
1A
100
AcDbEntity
  8
BLACK
  6
CONTINUOUS
100
AcDbLine
 10
0.7389858661417322
 20
0.2555884251968504
 30
0
 11
0.7395761811023622
 21
0.2549981102362205
 31
0
  0
LINE
  5
67
330
1A
100
AcDbEntity
  8
BLACK
  6
CONTINUOUS
100
AcDbLine
 10
0.7395761811023622
 20
0.2549981102362205
 30
0
 11
0.7417049999999999
 21
0.2541162992125984
 31
0
  0
LINE
  5
68
330
1A
100
AcDbEntity
  8
BLACK
  6
CONTINUOUS
100
AcDbLine
 10
0.7417049999999999
 20
0.2541162992125984
 30
0
 11
0.7440092519685039
 21
0.2541162992125984
 31
0
  0
LINE
  5
69
330
1A
100
AcDbEntity
  8
BLACK
  6
CONTINUOUS
100
AcDbLine
 10
0.7440092519685039
 20
0.2541162992125984
 30
0
 11
0.7461380708661417
 21
0.2549981102362205
 31
0
  0
LINE
  5
6A
330
1A
100
AcDbEntity
  8
BLACK
  6
CONTINUOUS
100
AcDbLine
 10
0.7461380708661417
 20
0.2549981102362205
 30
0
 11
0.7477673622047244
 21
0.2566274015748031
 31
0
  0
LINE
  5
6B
330
1A
100
AcDbEntity
  8
BLACK
  6
CONTINUOUS
100
AcDbLine
 10
0.7477673622047244
 20
0.2566274015748031
 30
0
 11
0.7486491732283465
 21
0.258756220472441
 31
0
  0
LINE
  5
6C
330
1A
100
AcDbEntity
  8
BLACK
  6
CONTINUOUS
100
AcDbLine
 10
0.7486491732283465
 20
0.258756220472441
 30
0
 11
0.7487626377952755
 21
0.2599083464566929
 31
0
  0
LINE
  5
6D
330
1A
100
AcDbEntity
  8
BLACK
  6
CONTINUOUS
100
AcDbLine
 10
0.7487626377952755
 20
0.2599083464566929
 30
0
 11
0.7487626377952755
 21
0.2992784251968504
 31
0
  0
LINE
  5
6E
330
1A
100
AcDbEntity
  8
BLACK
  6
CONTINUOUS
100
AcDbLine
 10
0.7487626377952755
 20
0.2992784251968504
 30
0
 11
0.7486491732283465
 21
0.3004305511811023
 31
0
  0
LINE
  5
6F
330
1A
100
AcDbEntity
  8
BLACK
  6
CONTINUOUS
100
AcDbLine
 10
0.7486491732283465
 20
0.3004305511811023
 30
0
 11
0.7477673622047244
 21
0.3025593700787402
 31
0
  0
LINE
  5
70
330
1A
100
AcDbEntity
  8
BLACK
  6
CONTINUOUS
100
AcDbLine
 10
0.7477673622047244
 20
0.3025593700787402
 30
0
 11
0.7461380708661417
 21
0.3041886614173228
 31
0
  0
LINE
  5
71
330
1A
100
AcDbEntity
  8
BLACK
  6
CONTINUOUS
100
AcDbLine
 10
0.7461380708661417
 20
0.3041886614173228
 30
0
 11
0.7440092519685039
 21
0.3050704724409449
 31
0
  0
LINE
  5
72
330
1A
100
AcDbEntity
  8
BLACK
  6
CONTINUOUS
100
AcDbLine
 10
0.7440092519685039
 20
0.3050704724409449
 30
0
 11
0.7417049999999999
 21
0.3050704724409449
 31
0
  0
LINE
  5
73
330
1A
100
AcDbEntity
  8
BLACK
  6
CONTINUOUS
100
AcDbLine
 10
0.7417049999999999
 20
0.3050704724409449
 30
0
 11
0.7395761811023622
 21
0.3041886614173228
 31
0
  0
LINE
  5
74
330
1A
100
AcDbEntity
  8
BLACK
  6
CONTINUOUS
100
AcDbLine
 10
0.7395761811023622
 20
0.3041886614173228
 30
0
 11
0.7379468897637795
 21
0.3025593700787402
 31
0
  0
LINE
  5
75
330
1A
100
AcDbEntity
  8
BLACK
  6
CONTINUOUS
100
AcDbLine
 10
0.7379468897637795
 20
0.3025593700787402
 30
0
 11
0.7370650787401575
 21
0.3004305511811023
 31
0
  0
LINE
  5
76
330
1A
100
AcDbEntity
  8
BLACK
  6
CONTINUOUS
100
AcDbLine
 10
0.7370650787401575
 20
0.3004305511811023
 30
0
 11
0.7369516141732283
 21
0.2992784251968504
 31
0
  0
LINE
  5
77
330
1A
100
AcDbEntity
  8
BLACK
  6
CONTINUOUS
100
AcDbLine
 10
0.7369516141732283
 20
0.2992784251968504
 30
0
 11
0.7369516141732283
 21
0.2679787795275591
 31
0
  0
LINE
  5
78
330
1A
100
AcDbEntity
  8
BLACK
  6
CONTINUOUS
100
AcDbLine
 10
0.7369516141732283
 20
0.2679787795275591
 30
0
 11
0.7365467322834646
 21
0.267573937007874
 31
0
  0
LINE
  5
79
330
1A
100
AcDbEntity
  8
BLACK
  6
CONTINUOUS
100
AcDbLine
 10
0.7365467322834646
 20
0.267573937007874
 30
0
 11
0.7330265748031496
 21
0.2658138582677165
 31
0
  0
LINE
  5
7A
330
1A
100
AcDbEntity
  8
BLACK
  6
CONTINUOUS
100
AcDbLine
 10
0.7330265748031496
 20
0.2658138582677165
 30
0
 11
0.7273783070866141
 21
0.2658138582677165
 31
0
  0
LINE
  5
7B
330
1A
100
AcDbEntity
  8
BLACK
  6
CONTINUOUS
100
AcDbLine
 10
0.7273783070866141
 20
0.2658138582677165
 30
0
 11
0.7247616141732284
 21
0.2671222047244095
 31
0
  0
LINE
  5
7C
330
1A
100
AcDbEntity
  8
BLACK
  6
CONTINUOUS
100
AcDbLine
 10
0.7247616141732284
 20
0.2671222047244095
 30
0
 11
0.7234532677165354
 21
0.2697388976377953
 31
0
  0
LINE
  5
7D
330
1A
100
AcDbEntity
  8
BLACK
  6
CONTINUOUS
100
AcDbLine
 10
0.7234532677165354
 20
0.2697388976377953
 30
0
 11
0.7234532677165354
 21
0.2992784251968504
 31
0
  0
LINE
  5
7E
330
1A
100
AcDbEntity
  8
BLACK
  6
CONTINUOUS
100
AcDbLine
 10
0.7234532677165354
 20
0.2992784251968504
 30
0
 11
0.7233398031496063
 21
0.3004305511811023
 31
0
  0
LINE
  5
7F
330
1A
100
AcDbEntity
  8
BLACK
  6
CONTINUOUS
100
AcDbLine
 10
0.7233398031496063
 20
0.3004305511811023
 30
0
 11
0.7224579921259843
 21
0.3025593700787402
 31
0
  0
LINE
  5
80
330
1A
100
AcDbEntity
  8
BLACK
  6
CONTINUOUS
100
AcDbLine
 10
0.7224579921259843
 20
0.3025593700787402
 30
0
 11
0.7208287007874016
 21
0.3041886614173228
 31
0
  0
LINE
  5
81
330
1A
100
AcDbEntity
  8
BLACK
  6
CONTINUOUS
100
AcDbLine
 10
0.7208287007874016
 20
0.3041886614173228
 30
0
 11
0.7186998818897637
 21
0.3050704724409449
 31
0
  0
LINE
  5
82
330
1A
100
AcDbEntity
  8
BLACK
  6
CONTINUOUS
100
AcDbLine
 10
0.7186998818897637
 20
0.3050704724409449
 30
0
 11
0.7163956299212598
 21
0.3050704724409449
 31
0
  0
LINE
  5
83
330
1A
100
AcDbEntity
  8
BLACK
  6
CONTINUOUS
100
AcDbLine
 10
0.7163956299212598
 20
0.3050704724409449
 30
0
 11
0.714266811023622
 21
0.3041886614173228
 31
0
  0
LINE
  5
84
330
1A
100
AcDbEntity
  8
BLACK
  6
CONTINUOUS
100
AcDbLine
 10
0.7754507874015748
 20
0.3050704724409449
 30
0
 11
0.7752548031496063
 21
0.3049893307086614
 31
0
  0
LINE
  5
85
330
1A
100
AcDbEntity
  8
BLACK
  6
CONTINUOUS
100
AcDbLine
 10
0.7752548031496063
 20
0.3049893307086614
 30
0
 11
0.7750431102362204
 21
0.3049742519685039
 31
0
  0
LINE
  5
86
330
1A
100
AcDbEntity
  8
BLACK
  6
CONTINUOUS
100
AcDbLine
 10
0.7750431102362204
 20
0.3049742519685039
 30
0
 11
0.7739618897637796
 21
0.3045604724409449
 31
0
  0
LINE
  5
87
330
1A
100
AcDbEntity
  8
BLACK
  6
CONTINUOUS
100
AcDbLine
 10
0.7739618897637796
 20
0.3045604724409449
 30
0
 11
0.7683375590551181
 21
0.3017483070866142
 31
0
  0
LINE
  5
88
330
1A
100
AcDbEntity
  8
BLACK
  6
CONTINUOUS
100
AcDbLine
 10
0.7683375590551181
 20
0.3017483070866142
 30
0
 11
0.7681448425196851
 21
0.3016270472440945
 31
0
  0
LINE
  5
89
330
1A
100
AcDbEntity
  8
BLACK
  6
CONTINUOUS
100
AcDbLine
 10
0.7681448425196851
 20
0.3016270472440945
 30
0
 11
0.7680540157480314
 21
0.3015967322834646
 31
0
  0
LINE
  5
8A
330
1A
100
AcDbEntity
  8
BLACK
  6
CONTINUOUS
100
AcDbLine
 10
0.7680540157480314
 20
0.3015967322834646
 30
0
 11
0.7679408267716535
 21
0.3014986220472441
 31
0
  0
LINE
  5
8B
330
1A
100
AcDbEntity
  8
BLACK
  6
CONTINUOUS
100
AcDbLine
 10
0.7679408267716535
 20
0.3014986220472441
 30
0
 11
0.7673577952755906
 21
0.3011315748031496
 31
0
  0
LINE
  5
8C
330
1A
100
AcDbEntity
  8
BLACK
  6
CONTINUOUS
100
AcDbLine
 10
0.7673577952755906
 20
0.3011315748031496
 30
0
 11
0.7668726377952756
 21
0.3005722047244094
 31
0
  0
LINE
  5
8D
330
1A
100
AcDbEntity
  8
BLACK
  6
CONTINUOUS
100
AcDbLine
 10
0.7668726377952756
 20
0.3005722047244094
 30
0
 11
0.7663132677165354
 21
0.3000870472440945
 31
0
  0
LINE
  5
8E
330
1A
100
AcDbEntity
  8
BLACK
  6
CONTINUOUS
100
AcDbLine
 10
0.7663132677165354
 20
0.3000870472440945
 30
0
 11
0.7659462204724409
 21
0.2995040157480315
 31
0
  0
LINE
  5
8F
330
1A
100
AcDbEntity
  8
BLACK
  6
CONTINUOUS
100
AcDbLine
 10
0.7659462204724409
 20
0.2995040157480315
 30
0
 11
0.7658481102362205
 21
0.2993908267716535
 31
0
  0
LINE
  5
90
330
1A
100
AcDbEntity
  8
BLACK
  6
CONTINUOUS
100
AcDbLine
 10
0.7658481102362205
 20
0.2993908267716535
 30
0
 11
0.7658177952755906
 21
0.2993
 31
0
  0
LINE
  5
91
330
1A
100
AcDbEntity
  8
BLACK
  6
CONTINUOUS
100
AcDbLine
 10
0.7658177952755906
 20
0.2993
 30
0
 11
0.7656965354330708
 21
0.2991072834645669
 31
0
  0
LINE
  5
92
330
1A
100
AcDbEntity
  8
BLACK
  6
CONTINUOUS
100
AcDbLine
 10
0.7656965354330708
 20
0.2991072834645669
 30
0
 11
0.7628844094488189
 21
0.2934829921259842
 31
0
  0
LINE
  5
93
330
1A
100
AcDbEntity
  8
BLACK
  6
CONTINUOUS
100
AcDbLine
 10
0.7628844094488189
 20
0.2934829921259842
 30
0
 11
0.7624706299212598
 21
0.2924017322834646
 31
0
  0
LINE
  5
94
330
1A
100
AcDbEntity
  8
BLACK
  6
CONTINUOUS
100
AcDbLine
 10
0.7624706299212598
 20
0.2924017322834646
 30
0
 11
0.7624555905511811
 21
0.2921901181102362
 31
0
  0
LINE
  5
95
330
1A
100
AcDbEntity
  8
BLACK
  6
CONTINUOUS
100
AcDbLine
 10
0.7624555905511811
 20
0.2921901181102362
 30
0
 11
0.7623744094488188
 21
0.291994094488189
 31
0
  0
LINE
  5
96
330
1A
100
AcDbEntity
  8
BLACK
  6
CONTINUOUS
100
AcDbLine
 10
0.7623744094488188
 20
0.291994094488189
 30
0
 11
0.7622609448818898
 21
0.290841968503937
 31
0
  0
LINE
  5
97
330
1A
100
AcDbEntity
  8
BLACK
  6
CONTINUOUS
100
AcDbLine
 10
0.7622609448818898
 20
0.290841968503937
 30
0
 11
0.7622609448818898
 21
0.2880298425196851
 31
0
  0
LINE
  5
98
330
1A
100
AcDbEntity
  8
BLACK
  6
CONTINUOUS
100
AcDbLine
 10
0.7622609448818898
 20
0.2880298425196851
 30
0
 11
0.7623744094488188
 21
0.2868777165354331
 31
0
  0
LINE
  5
99
330
1A
100
AcDbEntity
  8
BLACK
  6
CONTINUOUS
100
AcDbLine
 10
0.7623744094488188
 20
0.2868777165354331
 30
0
 11
0.7624555905511811
 21
0.2866817322834646
 31
0
  0
LINE
  5
9A
330
1A
100
AcDbEntity
  8
BLACK
  6
CONTINUOUS
100
AcDbLine
 10
0.7624555905511811
 20
0.2866817322834646
 30
0
 11
0.7624706299212598
 21
0.2864700787401575
 31
0
  0
LINE
  5
9B
330
1A
100
AcDbEntity
  8
BLACK
  6
CONTINUOUS
100
AcDbLine
 10
0.7624706299212598
 20
0.2864700787401575
 30
0
 11
0.7628844094488189
 21
0.2853888582677165
 31
0
  0
LINE
  5
9C
330
1A
100
AcDbEntity
  8
BLACK
  6
CONTINUOUS
100
AcDbLine
 10
0.7628844094488189
 20
0.2853888582677165
 30
0
 11
0.7656965354330708
 21
0.2797644881889764
 31
0
  0
LINE
  5
9D
330
1A
100
AcDbEntity
  8
BLACK
  6
CONTINUOUS
100
AcDbLine
 10
0.7656965354330708
 20
0.2797644881889764
 30
0
 11
0.7658177559055118
 21
0.2795718897637795
 31
0
  0
LINE
  5
9E
330
1A
100
AcDbEntity
  8
BLACK
  6
CONTINUOUS
100
AcDbLine
 10
0.7658177559055118
 20
0.2795718897637795
 30
0
 11
0.7658481102362205
 21
0.279480905511811
 31
0
  0
LINE
  5
9F
330
1A
100
AcDbEntity
  8
BLACK
  6
CONTINUOUS
100
AcDbLine
 10
0.7658481102362205
 20
0.279480905511811
 30
0
 11
0.7659463385826771
 21
0.2793676377952756
 31
0
  0
LINE
  5
A0
330
1A
100
AcDbEntity
  8
BLACK
  6
CONTINUOUS
100
AcDbLine
 10
0.7659463385826771
 20
0.2793676377952756
 30
0
 11
0.7663132677165354
 21
0.2787847637795275
 31
0
  0
LINE
  5
A1
330
1A
100
AcDbEntity
  8
BLACK
  6
CONTINUOUS
100
AcDbLine
 10
0.7663132677165354
 20
0.2787847637795275
 30
0
 11
0.7668725590551181
 21
0.2782996850393701
 31
0
  0
LINE
  5
A2
330
1A
100
AcDbEntity
  8
BLACK
  6
CONTINUOUS
100
AcDbLine
 10
0.7668725590551181
 20
0.2782996850393701
 30
0
 11
0.7673578346456693
 21
0.2777401574803149
 31
0
  0
LINE
  5
A3
330
1A
100
AcDbEntity
  8
BLACK
  6
CONTINUOUS
100
AcDbLine
 10
0.7673578346456693
 20
0.2777401574803149
 30
0
 11
0.7679406692913385
 21
0.2773733070866142
 31
0
  0
LINE
  5
A4
330
1A
100
AcDbEntity
  8
BLACK
  6
CONTINUOUS
100
AcDbLine
 10
0.7679406692913385
 20
0.2773733070866142
 30
0
 11
0.7680539763779527
 21
0.2772750393700787
 31
0
  0
LINE
  5
A5
330
1A
100
AcDbEntity
  8
BLACK
  6
CONTINUOUS
100
AcDbLine
 10
0.7680539763779527
 20
0.2772750393700787
 30
0
 11
0.7681449606299212
 21
0.2772447244094488
 31
0
  0
LINE
  5
A6
330
1A
100
AcDbEntity
  8
BLACK
  6
CONTINUOUS
100
AcDbLine
 10
0.7681449606299212
 20
0.2772447244094488
 30
0
 11
0.7683375984251969
 21
0.2771234645669291
 31
0
  0
LINE
  5
A7
330
1A
100
AcDbEntity
  8
BLACK
  6
CONTINUOUS
100
AcDbLine
 10
0.7683375984251969
 20
0.2771234645669291
 30
0
 11
0.7739619291338582
 21
0.2743112992125984
 31
0
  0
LINE
  5
A8
330
1A
100
AcDbEntity
  8
BLACK
  6
CONTINUOUS
100
AcDbLine
 10
0.7739619291338582
 20
0.2743112992125984
 30
0
 11
0.7750431496062992
 21
0.2738975590551181
 31
0
  0
LINE
  5
A9
330
1A
100
AcDbEntity
  8
BLACK
  6
CONTINUOUS
100
AcDbLine
 10
0.7750431496062992
 20
0.2738975590551181
 30
0
 11
0.7752547637795275
 21
0.2738825590551181
 31
0
  0
LINE
  5
AA
330
1A
100
AcDbEntity
  8
BLACK
  6
CONTINUOUS
100
AcDbLine
 10
0.7752547637795275
 20
0.2738825590551181
 30
0
 11
0.7754507874015748
 21
0.2738013385826771
 31
0
  0
LINE
  5
AB
330
1A
100
AcDbEntity
  8
BLACK
  6
CONTINUOUS
100
AcDbLine
 10
0.7754507874015748
 20
0.2738013385826771
 30
0
 11
0.7766029133858268
 21
0.273687874015748
 31
0
  0
LINE
  5
AC
330
1A
100
AcDbEntity
  8
BLACK
  6
CONTINUOUS
100
AcDbLine
 10
0.7766029133858268
 20
0.273687874015748
 30
0
 11
0.7836452362204724
 21
0.273687874015748
 31
0
  0
LINE
  5
AD
330
1A
100
AcDbEntity
  8
BLACK
  6
CONTINUOUS
100
AcDbLine
 10
0.7836452362204724
 20
0.273687874015748
 30
0
 11
0.7862619291338583
 21
0.2723795275590551
 31
0
  0
LINE
  5
AE
330
1A
100
AcDbEntity
  8
BLACK
  6
CONTINUOUS
100
AcDbLine
 10
0.7862619291338583
 20
0.2723795275590551
 30
0
 11
0.7875702755905511
 21
0.2697628346456693
 31
0
  0
LINE
  5
AF
330
1A
100
AcDbEntity
  8
BLACK
  6
CONTINUOUS
100
AcDbLine
 10
0.7875702755905511
 20
0.2697628346456693
 30
0
 11
0.7875702755905511
 21
0.2697388976377953
 31
0
  0
LINE
  5
B0
330
1A
100
AcDbEntity
  8
BLACK
  6
CONTINUOUS
100
AcDbLine
 10
0.7875702755905511
 20
0.2697388976377953
 30
0
 11
0.7862618897637795
 21
0.2671222047244095
 31
0
  0
LINE
  5
B1
330
1A
100
AcDbEntity
  8
BLACK
  6
CONTINUOUS
100
AcDbLine
 10
0.7862618897637795
 20
0.2671222047244095
 30
0
 11
0.7836452362204724
 21
0.2658138582677165
 31
0
  0
LINE
  5
B2
330
1A
100
AcDbEntity
  8
BLACK
  6
CONTINUOUS
100
AcDbLine
 10
0.7836452362204724
 20
0.2658138582677165
 30
0
 11
0.775184842519685
 21
0.2658138582677165
 31
0
  0
LINE
  5
B3
330
1A
100
AcDbEntity
  8
BLACK
  6
CONTINUOUS
100
AcDbLine
 10
0.775184842519685
 20
0.2658138582677165
 30
0
 11
0.7708074803149606
 21
0.2680025196850394
 31
0
  0
LINE
  5
B4
330
1A
100
AcDbEntity
  8
BLACK
  6
CONTINUOUS
100
AcDbLine
 10
0.7708074803149606
 20
0.2680025196850394
 30
0
 11
0.7697262204724409
 21
0.2684162992125984
 31
0
  0
LINE
  5
B5
330
1A
100
AcDbEntity
  8
BLACK
  6
CONTINUOUS
100
AcDbLine
 10
0.7697262204724409
 20
0.2684162992125984
 30
0
 11
0.7674277952755906
 21
0.2685796062992126
 31
0
  0
LINE
  5
B6
330
1A
100
AcDbEntity
  8
BLACK
  6
CONTINUOUS
100
AcDbLine
 10
0.7674277952755906
 20
0.2685796062992126
 30
0
 11
0.7652418897637795
 21
0.2678509448818898
 31
0
  0
LINE
  5
B7
330
1A
100
AcDbEntity
  8
BLACK
  6
CONTINUOUS
100
AcDbLine
 10
0.7652418897637795
 20
0.2678509448818898
 30
0
 11
0.7635011417322835
 21
0.266341220472441
 31
0
  0
LINE
  5
B8
330
1A
100
AcDbEntity
  8
BLACK
  6
CONTINUOUS
100
AcDbLine
 10
0.7635011417322835
 20
0.266341220472441
 30
0
 11
0.7624706299212598
 21
0.2642802362204724
 31
0
  0
LINE
  5
B9
330
1A
100
AcDbEntity
  8
BLACK
  6
CONTINUOUS
100
AcDbLine
 10
0.7624706299212598
 20
0.2642802362204724
 30
0
 11
0.7623073228346456
 21
0.2619818110236221
 31
0
  0
LINE
  5
BA
330
1A
100
AcDbEntity
  8
BLACK
  6
CONTINUOUS
100
AcDbLine
 10
0.7623073228346456
 20
0.2619818110236221
 30
0
 11
0.7630359842519685
 21
0.259795905511811
 31
0
  0
LINE
  5
BB
330
1A
100
AcDbEntity
  8
BLACK
  6
CONTINUOUS
100
AcDbLine
 10
0.7630359842519685
 20
0.259795905511811
 30
0
 11
0.7645457086614174
 21
0.2580551574803149
 31
0
  0
LINE
  5
BC
330
1A
100
AcDbEntity
  8
BLACK
  6
CONTINUOUS
100
AcDbLine
 10
0.7645457086614174
 20
0.2580551574803149
 30
0
 11
0.7655254330708662
 21
0.2574384251968504
 31
0
  0
LINE
  5
BD
330
1A
100
AcDbEntity
  8
BLACK
  6
CONTINUOUS
100
AcDbLine
 10
0.7655254330708662
 20
0.2574384251968504
 30
0
 11
0.7711497637795275
 21
0.2546262992125984
 31
0
  0
LINE
  5
BE
330
1A
100
AcDbEntity
  8
BLACK
  6
CONTINUOUS
100
AcDbLine
 10
0.7711497637795275
 20
0.2546262992125984
 30
0
 11
0.7722309842519685
 21
0.2542125196850394
 31
0
  0
LINE
  5
BF
330
1A
100
AcDbEntity
  8
BLACK
  6
CONTINUOUS
100
AcDbLine
 10
0.7722309842519685
 20
0.2542125196850394
 30
0
 11
0.7724425984251968
 21
0.2541975196850393
 31
0
  0
LINE
  5
C0
330
1A
100
AcDbEntity
  8
BLACK
  6
CONTINUOUS
100
AcDbLine
 10
0.7724425984251968
 20
0.2541975196850393
 30
0
 11
0.7726386220472441
 21
0.2541162992125984
 31
0
  0
LINE
  5
C1
330
1A
100
AcDbEntity
  8
BLACK
  6
CONTINUOUS
100
AcDbLine
 10
0.7726386220472441
 20
0.2541162992125984
 30
0
 11
0.7737907480314961
 21
0.2540028346456693
 31
0
  0
LINE
  5
C2
330
1A
100
AcDbEntity
  8
BLACK
  6
CONTINUOUS
100
AcDbLine
 10
0.7737907480314961
 20
0.2540028346456693
 30
0
 11
0.7850393307086614
 21
0.2540028346456693
 31
0
  0
LINE
  5
C3
330
1A
100
AcDbEntity
  8
BLACK
  6
CONTINUOUS
100
AcDbLine
 10
0.7850393307086614
 20
0.2540028346456693
 30
0
 11
0.7861914566929133
 21
0.2541162992125984
 31
0
  0
LINE
  5
C4
330
1A
100
AcDbEntity
  8
BLACK
  6
CONTINUOUS
100
AcDbLine
 10
0.7861914566929133
 20
0.2541162992125984
 30
0
 11
0.7863874409448819
 21
0.2541975196850393
 31
0
  0
LINE
  5
C5
330
1A
100
AcDbEntity
  8
BLACK
  6
CONTINUOUS
100
AcDbLine
 10
0.7863874409448819
 20
0.2541975196850393
 30
0
 11
0.786599094488189
 21
0.2542125196850394
 31
0
  0
LINE
  5
C6
330
1A
100
AcDbEntity
  8
BLACK
  6
CONTINUOUS
100
AcDbLine
 10
0.786599094488189
 20
0.2542125196850394
 30
0
 11
0.7876803543307086
 21
0.2546262992125984
 31
0
  0
LINE
  5
C7
330
1A
100
AcDbEntity
  8
BLACK
  6
CONTINUOUS
100
AcDbLine
 10
0.7876803543307086
 20
0.2546262992125984
 30
0
 11
0.7933046456692914
 21
0.2574384251968504
 31
0
  0
LINE
  5
C8
330
1A
100
AcDbEntity
  8
BLACK
  6
CONTINUOUS
100
AcDbLine
 10
0.7933046456692914
 20
0.2574384251968504
 30
0
 11
0.7934973228346457
 21
0.2575597244094488
 31
0
  0
LINE
  5
C9
330
1A
100
AcDbEntity
  8
BLACK
  6
CONTINUOUS
100
AcDbLine
 10
0.7934973228346457
 20
0.2575597244094488
 30
0
 11
0.793588188976378
 21
0.25759
 31
0
  0
LINE
  5
CA
330
1A
100
AcDbEntity
  8
BLACK
  6
CONTINUOUS
100
AcDbLine
 10
0.793588188976378
 20
0.25759
 30
0
 11
0.7937013385826771
 21
0.2576881496062992
 31
0
  0
LINE
  5
CB
330
1A
100
AcDbEntity
  8
BLACK
  6
CONTINUOUS
100
AcDbLine
 10
0.7937013385826771
 20
0.2576881496062992
 30
0
 11
0.7942844094488188
 21
0.2580551574803149
 31
0
  0
LINE
  5
CC
330
1A
100
AcDbEntity
  8
BLACK
  6
CONTINUOUS
100
AcDbLine
 10
0.7942844094488188
 20
0.2580551574803149
 30
0
 11
0.7947695275590551
 21
0.2586145669291339
 31
0
  0
LINE
  5
CD
330
1A
100
AcDbEntity
  8
BLACK
  6
CONTINUOUS
100
AcDbLine
 10
0.7947695275590551
 20
0.2586145669291339
 30
0
 11
0.795328937007874
 21
0.2590996850393701
 31
0
  0
LINE
  5
CE
330
1A
100
AcDbEntity
  8
BLACK
  6
CONTINUOUS
100
AcDbLine
 10
0.795328937007874
 20
0.2590996850393701
 30
0
 11
0.7956959448818898
 21
0.2596827559055118
 31
0
  0
LINE
  5
CF
330
1A
100
AcDbEntity
  8
BLACK
  6
CONTINUOUS
100
AcDbLine
 10
0.7956959448818898
 20
0.2596827559055118
 30
0
 11
0.7957940944881889
 21
0.259795905511811
 31
0
  0
LINE
  5
D0
330
1A
100
AcDbEntity
  8
BLACK
  6
CONTINUOUS
100
AcDbLine
 10
0.7957940944881889
 20
0.259795905511811
 30
0
 11
0.7958243700787402
 21
0.2598867716535433
 31
0
  0
LINE
  5
D1
330
1A
100
AcDbEntity
  8
BLACK
  6
CONTINUOUS
100
AcDbLine
 10
0.7958243700787402
 20
0.2598867716535433
 30
0
 11
0.7959456692913386
 21
0.2600794488188976
 31
0
  0
LINE
  5
D2
330
1A
100
AcDbEntity
  8
BLACK
  6
CONTINUOUS
100
AcDbLine
 10
0.7959456692913386
 20
0.2600794488188976
 30
0
 11
0.7987578346456693
 21
0.265703779527559
 31
0
  0
LINE
  5
D3
330
1A
100
AcDbEntity
  8
BLACK
  6
CONTINUOUS
100
AcDbLine
 10
0.7987578346456693
 20
0.265703779527559
 30
0
 11
0.7991716141732284
 21
0.266785
 31
0
  0
LINE
  5
D4
330
1A
100
AcDbEntity
  8
BLACK
  6
CONTINUOUS
100
AcDbLine
 10
0.7991716141732284
 20
0.266785
 30
0
 11
0.7991866535433071
 21
0.2669967322834645
 31
0
  0
LINE
  5
D5
330
1A
100
AcDbEntity
  8
BLACK
  6
CONTINUOUS
100
AcDbLine
 10
0.7991866535433071
 20
0.2669967322834645
 30
0
 11
0.7992678346456693
 21
0.2671926771653543
 31
0
  0
LINE
  5
D6
330
1A
100
AcDbEntity
  8
BLACK
  6
CONTINUOUS
100
AcDbLine
 10
0.7992678346456693
 20
0.2671926771653543
 30
0
 11
0.7993812992125984
 21
0.2683448031496063
 31
0
  0
LINE
  5
D7
330
1A
100
AcDbEntity
  8
BLACK
  6
CONTINUOUS
100
AcDbLine
 10
0.7993812992125984
 20
0.2683448031496063
 30
0
 11
0.7993812992125984
 21
0.2711569291338582
 31
0
  0
LINE
  5
D8
330
1A
100
AcDbEntity
  8
BLACK
  6
CONTINUOUS
100
AcDbLine
 10
0.7993812992125984
 20
0.2711569291338582
 30
0
 11
0.7992678346456693
 21
0.2723090551181102
 31
0
  0
LINE
  5
D9
330
1A
100
AcDbEntity
  8
BLACK
  6
CONTINUOUS
100
AcDbLine
 10
0.7992678346456693
 20
0.2723090551181102
 30
0
 11
0.7991865748031496
 21
0.272505157480315
 31
0
  0
LINE
  5
DA
330
1A
100
AcDbEntity
  8
BLACK
  6
CONTINUOUS
100
AcDbLine
 10
0.7991865748031496
 20
0.272505157480315
 30
0
 11
0.7991715748031496
 21
0.2727167322834645
 31
0
  0
LINE
  5
DB
330
1A
100
AcDbEntity
  8
BLACK
  6
CONTINUOUS
100
AcDbLine
 10
0.7991715748031496
 20
0.2727167322834645
 30
0
 11
0.7987578346456693
 21
0.2737979921259843
 31
0
  0
LINE
  5
DC
330
1A
100
AcDbEntity
  8
BLACK
  6
CONTINUOUS
100
AcDbLine
 10
0.7987578346456693
 20
0.2737979921259843
 30
0
 11
0.7959456692913386
 21
0.2794222440944882
 31
0
  0
LINE
  5
DD
330
1A
100
AcDbEntity
  8
BLACK
  6
CONTINUOUS
100
AcDbLine
 10
0.7959456692913386
 20
0.2794222440944882
 30
0
 11
0.7958243700787402
 21
0.2796149606299212
 31
0
  0
LINE
  5
DE
330
1A
100
AcDbEntity
  8
BLACK
  6
CONTINUOUS
100
AcDbLine
 10
0.7958243700787402
 20
0.2796149606299212
 30
0
 11
0.7957940944881889
 21
0.2797057874015748
 31
0
  0
LINE
  5
DF
330
1A
100
AcDbEntity
  8
BLACK
  6
CONTINUOUS
100
AcDbLine
 10
0.7957940944881889
 20
0.2797057874015748
 30
0
 11
0.7956959448818898
 21
0.2798189763779528
 31
0
  0
LINE
  5
E0
330
1A
100
AcDbEntity
  8
BLACK
  6
CONTINUOUS
100
AcDbLine
 10
0.7956959448818898
 20
0.2798189763779528
 30
0
 11
0.795328937007874
 21
0.2804020078740158
 31
0
  0
LINE
  5
E1
330
1A
100
AcDbEntity
  8
BLACK
  6
CONTINUOUS
100
AcDbLine
 10
0.795328937007874
 20
0.2804020078740158
 30
0
 11
0.7947694881889764
 21
0.2808872047244094
 31
0
  0
LINE
  5
E2
330
1A
100
AcDbEntity
  8
BLACK
  6
CONTINUOUS
100
AcDbLine
 10
0.7947694881889764
 20
0.2808872047244094
 30
0
 11
0.7942844094488188
 21
0.2814465354330709
 31
0
  0
LINE
  5
E3
330
1A
100
AcDbEntity
  8
BLACK
  6
CONTINUOUS
100
AcDbLine
 10
0.7942844094488188
 20
0.2814465354330709
 30
0
 11
0.7937014960629921
 21
0.2818134645669291
 31
0
  0
LINE
  5
E4
330
1A
100
AcDbEntity
  8
BLACK
  6
CONTINUOUS
100
AcDbLine
 10
0.7937014960629921
 20
0.2818134645669291
 30
0
 11
0.793588188976378
 21
0.2819117322834646
 31
0
  0
LINE
  5
E5
330
1A
100
AcDbEntity
  8
BLACK
  6
CONTINUOUS
100
AcDbLine
 10
0.793588188976378
 20
0.2819117322834646
 30
0
 11
0.7934971653543307
 21
0.2819420866141732
 31
0
  0
LINE
  5
E6
330
1A
100
AcDbEntity
  8
BLACK
  6
CONTINUOUS
100
AcDbLine
 10
0.7934971653543307
 20
0.2819420866141732
 30
0
 11
0.7933046456692914
 21
0.2820632677165354
 31
0
  0
LINE
  5
E7
330
1A
100
AcDbEntity
  8
BLACK
  6
CONTINUOUS
100
AcDbLine
 10
0.7933046456692914
 20
0.2820632677165354
 30
0
 11
0.7876803543307086
 21
0.2848754330708662
 31
0
  0
LINE
  5
E8
330
1A
100
AcDbEntity
  8
BLACK
  6
CONTINUOUS
100
AcDbLine
 10
0.7876803543307086
 20
0.2848754330708662
 30
0
 11
0.7865991338582677
 21
0.2852891732283465
 31
0
  0
LINE
  5
E9
330
1A
100
AcDbEntity
  8
BLACK
  6
CONTINUOUS
100
AcDbLine
 10
0.7865991338582677
 20
0.2852891732283465
 30
0
 11
0.7863875196850394
 21
0.2853042125984252
 31
0
  0
LINE
  5
EA
330
1A
100
AcDbEntity
  8
BLACK
  6
CONTINUOUS
100
AcDbLine
 10
0.7863875196850394
 20
0.2853042125984252
 30
0
 11
0.7861914566929133
 21
0.2853854330708661
 31
0
  0
LINE
  5
EB
330
1A
100
AcDbEntity
  8
BLACK
  6
CONTINUOUS
100
AcDbLine
 10
0.7861914566929133
 20
0.2853854330708661
 30
0
 11
0.7850393307086614
 21
0.2854988976377953
 31
0
  0
LINE
  5
EC
330
1A
100
AcDbEntity
  8
BLACK
  6
CONTINUOUS
100
AcDbLine
 10
0.7850393307086614
 20
0.2854988976377953
 30
0
 11
0.777996968503937
 21
0.2854988976377953
 31
0
  0
LINE
  5
ED
330
1A
100
AcDbEntity
  8
BLACK
  6
CONTINUOUS
100
AcDbLine
 10
0.777996968503937
 20
0.2854988976377953
 30
0
 11
0.7753803149606299
 21
0.2868072047244095
 31
0
  0
LINE
  5
EE
330
1A
100
AcDbEntity
  8
BLACK
  6
CONTINUOUS
100
AcDbLine
 10
0.7753803149606299
 20
0.2868072047244095
 30
0
 11
0.774071968503937
 21
0.2894238976377952
 31
0
  0
LINE
  5
EF
330
1A
100
AcDbEntity
  8
BLACK
  6
CONTINUOUS
100
AcDbLine
 10
0.774071968503937
 20
0.2894238976377952
 30
0
 11
0.774071968503937
 21
0.2894479133858268
 31
0
  0
LINE
  5
F0
330
1A
100
AcDbEntity
  8
BLACK
  6
CONTINUOUS
100
AcDbLine
 10
0.774071968503937
 20
0.2894479133858268
 30
0
 11
0.7753802755905511
 21
0.2920645669291339
 31
0
  0
LINE
  5
F1
330
1A
100
AcDbEntity
  8
BLACK
  6
CONTINUOUS
100
AcDbLine
 10
0.7753802755905511
 20
0.2920645669291339
 30
0
 11
0.7779970078740157
 21
0.2933729133858268
 31
0
  0
LINE
  5
F2
330
1A
100
AcDbEntity
  8
BLACK
  6
CONTINUOUS
100
AcDbLine
 10
0.7779970078740157
 20
0.2933729133858268
 30
0
 11
0.7836452362204724
 21
0.2933729133858268
 31
0
  0
LINE
  5
F3
330
1A
100
AcDbEntity
  8
BLACK
  6
CONTINUOUS
100
AcDbLine
 10
0.7836452362204724
 20
0.2933729133858268
 30
0
 11
0.7880225590551181
 21
0.2911842125984252
 31
0
  0
LINE
  5
F4
330
1A
100
AcDbEntity
  8
BLACK
  6
CONTINUOUS
100
AcDbLine
 10
0.7880225590551181
 20
0.2911842125984252
 30
0
 11
0.7891038188976378
 21
0.2907704724409449
 31
0
  0
LINE
  5
F5
330
1A
100
AcDbEntity
  8
BLACK
  6
CONTINUOUS
100
AcDbLine
 10
0.7891038188976378
 20
0.2907704724409449
 30
0
 11
0.7914022440944881
 21
0.290607125984252
 31
0
  0
LINE
  5
F6
330
1A
100
AcDbEntity
  8
BLACK
  6
CONTINUOUS
100
AcDbLine
 10
0.7914022440944881
 20
0.290607125984252
 30
0
 11
0.7935881496062992
 21
0.291335748031496
 31
0
  0
LINE
  5
F7
330
1A
100
AcDbEntity
  8
BLACK
  6
CONTINUOUS
100
AcDbLine
 10
0.7935881496062992
 20
0.291335748031496
 30
0
 11
0.795328937007874
 21
0.2928454724409449
 31
0
  0
LINE
  5
F8
330
1A
100
AcDbEntity
  8
BLACK
  6
CONTINUOUS
100
AcDbLine
 10
0.795328937007874
 20
0.2928454724409449
 30
0
 11
0.7963594094488189
 21
0.2949064566929134
 31
0
  0
LINE
  5
F9
330
1A
100
AcDbEntity
  8
BLACK
  6
CONTINUOUS
100
AcDbLine
 10
0.7963594094488189
 20
0.2949064566929134
 30
0
 11
0.7965227559055118
 21
0.2972048818897638
 31
0
  0
LINE
  5
FA
330
1A
100
AcDbEntity
  8
BLACK
  6
CONTINUOUS
100
AcDbLine
 10
0.7965227559055118
 20
0.2972048818897638
 30
0
 11
0.7957940944881889
 21
0.2993908267716535
 31
0
  0
LINE
  5
FB
330
1A
100
AcDbEntity
  8
BLACK
  6
CONTINUOUS
100
AcDbLine
 10
0.7957940944881889
 20
0.2993908267716535
 30
0
 11
0.7942844094488188
 21
0.3011315748031496
 31
0
  0
LINE
  5
FC
330
1A
100
AcDbEntity
  8
BLACK
  6
CONTINUOUS
100
AcDbLine
 10
0.7942844094488188
 20
0.3011315748031496
 30
0
 11
0.7933046456692914
 21
0.3017483070866142
 31
0
  0
LINE
  5
FD
330
1A
100
AcDbEntity
  8
BLACK
  6
CONTINUOUS
100
AcDbLine
 10
0.7933046456692914
 20
0.3017483070866142
 30
0
 11
0.7876803543307086
 21
0.3045604724409449
 31
0
  0
LINE
  5
FE
330
1A
100
AcDbEntity
  8
BLACK
  6
CONTINUOUS
100
AcDbLine
 10
0.7876803543307086
 20
0.3045604724409449
 30
0
 11
0.7865991338582677
 21
0.3049742125984252
 31
0
  0
LINE
  5
FF
330
1A
100
AcDbEntity
  8
BLACK
  6
CONTINUOUS
100
AcDbLine
 10
0.7865991338582677
 20
0.3049742125984252
 30
0
 11
0.7863875196850394
 21
0.3049892519685039
 31
0
  0
LINE
  5
100
330
1A
100
AcDbEntity
  8
BLACK
  6
CONTINUOUS
100
AcDbLine
 10
0.7863875196850394
 20
0.3049892519685039
 30
0
 11
0.7861914566929133
 21
0.3050704724409449
 31
0
  0
LINE
  5
101
330
1A
100
AcDbEntity
  8
BLACK
  6
CONTINUOUS
100
AcDbLine
 10
0.7861914566929133
 20
0.3050704724409449
 30
0
 11
0.7850393307086614
 21
0.305183937007874
 31
0
  0
LINE
  5
102
330
1A
100
AcDbEntity
  8
BLACK
  6
CONTINUOUS
100
AcDbLine
 10
0.7850393307086614
 20
0.305183937007874
 30
0
 11
0.7766029133858268
 21
0.305183937007874
 31
0
  0
LINE
  5
103
330
1A
100
AcDbEntity
  8
BLACK
  6
CONTINUOUS
100
AcDbLine
 10
0.7766029133858268
 20
0.305183937007874
 30
0
 11
0.7754507874015748
 21
0.3050704724409449
 31
0
  0
LINE
  5
104
330
1A
100
AcDbEntity
  8
BLACK
  6
CONTINUOUS
100
AcDbLine
 10
0.8155041732283465
 20
0.3238737007874016
 30
0
 11
0.8138748818897638
 21
0.3222444094488189
 31
0
  0
LINE
  5
105
330
1A
100
AcDbEntity
  8
BLACK
  6
CONTINUOUS
100
AcDbLine
 10
0.8138748818897638
 20
0.3222444094488189
 30
0
 11
0.8129930708661417
 21
0.3201155905511811
 31
0
  0
LINE
  5
106
330
1A
100
AcDbEntity
  8
BLACK
  6
CONTINUOUS
100
AcDbLine
 10
0.8129930708661417
 20
0.3201155905511811
 30
0
 11
0.8128796062992126
 21
0.3189634645669291
 31
0
  0
LINE
  5
107
330
1A
100
AcDbEntity
  8
BLACK
  6
CONTINUOUS
100
AcDbLine
 10
0.8128796062992126
 20
0.3189634645669291
 30
0
 11
0.8128796062992126
 21
0.305183937007874
 31
0
  0
LINE
  5
108
330
1A
100
AcDbEntity
  8
BLACK
  6
CONTINUOUS
100
AcDbLine
 10
0.8128796062992126
 20
0.305183937007874
 30
0
 11
0.8103487007874015
 21
0.305183937007874
 31
0
  0
LINE
  5
109
330
1A
100
AcDbEntity
  8
BLACK
  6
CONTINUOUS
100
AcDbLine
 10
0.8103487007874015
 20
0.305183937007874
 30
0
 11
0.8091965748031495
 21
0.3050704724409449
 31
0
  0
LINE
  5
10A
330
1A
100
AcDbEntity
  8
BLACK
  6
CONTINUOUS
100
AcDbLine
 10
0.8091965748031495
 20
0.3050704724409449
 30
0
 11
0.8070677559055118
 21
0.3041886614173228
 31
0
  0
LINE
  5
10B
330
1A
100
AcDbEntity
  8
BLACK
  6
CONTINUOUS
100
AcDbLine
 10
0.8070677559055118
 20
0.3041886614173228
 30
0
 11
0.8054384645669291
 21
0.3025593700787402
 31
0
  0
LINE
  5
10C
330
1A
100
AcDbEntity
  8
BLACK
  6
CONTINUOUS
100
AcDbLine
 10
0.8054384645669291
 20
0.3025593700787402
 30
0
 11
0.8045566535433071
 21
0.3004305511811023
 31
0
  0
LINE
  5
10D
330
1A
100
AcDbEntity
  8
BLACK
  6
CONTINUOUS
100
AcDbLine
 10
0.8045566535433071
 20
0.3004305511811023
 30
0
 11
0.8045566535433071
 21
0.2981262992125984
 31
0
  0
LINE
  5
10E
330
1A
100
AcDbEntity
  8
BLACK
  6
CONTINUOUS
100
AcDbLine
 10
0.8045566535433071
 20
0.2981262992125984
 30
0
 11
0.8054384645669291
 21
0.2959974803149606
 31
0
  0
LINE
  5
10F
330
1A
100
AcDbEntity
  8
BLACK
  6
CONTINUOUS
100
AcDbLine
 10
0.8054384645669291
 20
0.2959974803149606
 30
0
 11
0.8070677559055118
 21
0.294368188976378
 31
0
  0
LINE
  5
110
330
1A
100
AcDbEntity
  8
BLACK
  6
CONTINUOUS
100
AcDbLine
 10
0.8070677559055118
 20
0.294368188976378
 30
0
 11
0.8091965748031495
 21
0.2934863779527559
 31
0
  0
LINE
  5
111
330
1A
100
AcDbEntity
  8
BLACK
  6
CONTINUOUS
100
AcDbLine
 10
0.8091965748031495
 20
0.2934863779527559
 30
0
 11
0.8103487007874015
 21
0.2933729133858268
 31
0
  0
LINE
  5
112
330
1A
100
AcDbEntity
  8
BLACK
  6
CONTINUOUS
100
AcDbLine
 10
0.8103487007874015
 20
0.2933729133858268
 30
0
 11
0.8128796062992126
 21
0.2933729133858268
 31
0
  0
LINE
  5
113
330
1A
100
AcDbEntity
  8
BLACK
  6
CONTINUOUS
100
AcDbLine
 10
0.8128796062992126
 20
0.2933729133858268
 30
0
 11
0.8128796062992126
 21
0.2683448031496063
 31
0
  0
LINE
  5
114
330
1A
100
AcDbEntity
  8
BLACK
  6
CONTINUOUS
100
AcDbLine
 10
0.8128796062992126
 20
0.2683448031496063
 30
0
 11
0.8129930708661417
 21
0.2671926771653543
 31
0
  0
LINE
  5
115
330
1A
100
AcDbEntity
  8
BLACK
  6
CONTINUOUS
100
AcDbLine
 10
0.8129930708661417
 20
0.2671926771653543
 30
0
 11
0.8130742125984252
 21
0.2669967322834645
 31
0
  0
LINE
  5
116
330
1A
100
AcDbEntity
  8
BLACK
  6
CONTINUOUS
100
AcDbLine
 10
0.8130742125984252
 20
0.2669967322834645
 30
0
 11
0.8130892913385827
 21
0.266785
 31
0
  0
LINE
  5
117
330
1A
100
AcDbEntity
  8
BLACK
  6
CONTINUOUS
100
AcDbLine
 10
0.8130892913385827
 20
0.266785
 30
0
 11
0.8135030708661417
 21
0.265703779527559
 31
0
  0
LINE
  5
118
330
1A
100
AcDbEntity
  8
BLACK
  6
CONTINUOUS
100
AcDbLine
 10
0.8135030708661417
 20
0.265703779527559
 30
0
 11
0.8163152362204724
 21
0.2600794488188976
 31
0
  0
LINE
  5
119
330
1A
100
AcDbEntity
  8
BLACK
  6
CONTINUOUS
100
AcDbLine
 10
0.8163152362204724
 20
0.2600794488188976
 30
0
 11
0.8164364960629921
 21
0.2598867716535433
 31
0
  0
LINE
  5
11A
330
1A
100
AcDbEntity
  8
BLACK
  6
CONTINUOUS
100
AcDbLine
 10
0.8164364960629921
 20
0.2598867716535433
 30
0
 11
0.8164668110236221
 21
0.259795905511811
 31
0
  0
LINE
  5
11B
330
1A
100
AcDbEntity
  8
BLACK
  6
CONTINUOUS
100
AcDbLine
 10
0.8164668110236221
 20
0.259795905511811
 30
0
 11
0.8165649212598425
 21
0.2596827952755906
 31
0
  0
LINE
  5
11C
330
1A
100
AcDbEntity
  8
BLACK
  6
CONTINUOUS
100
AcDbLine
 10
0.8165649212598425
 20
0.2596827952755906
 30
0
 11
0.816931968503937
 21
0.2590996850393701
 31
0
  0
LINE
  5
11D
330
1A
100
AcDbEntity
  8
BLACK
  6
CONTINUOUS
100
AcDbLine
 10
0.816931968503937
 20
0.2590996850393701
 30
0
 11
0.8174914566929133
 21
0.2586144881889764
 31
0
  0
LINE
  5
11E
330
1A
100
AcDbEntity
  8
BLACK
  6
CONTINUOUS
100
AcDbLine
 10
0.8174914566929133
 20
0.2586144881889764
 30
0
 11
0.8179765354330708
 21
0.2580551574803149
 31
0
  0
LINE
  5
11F
330
1A
100
AcDbEntity
  8
BLACK
  6
CONTINUOUS
100
AcDbLine
 10
0.8179765354330708
 20
0.2580551574803149
 30
0
 11
0.8185594881889764
 21
0.257688188976378
 31
0
  0
LINE
  5
120
330
1A
100
AcDbEntity
  8
BLACK
  6
CONTINUOUS
100
AcDbLine
 10
0.8185594881889764
 20
0.257688188976378
 30
0
 11
0.8186727165354331
 21
0.25759
 31
0
  0
LINE
  5
121
330
1A
100
AcDbEntity
  8
BLACK
  6
CONTINUOUS
100
AcDbLine
 10
0.8186727165354331
 20
0.25759
 30
0
 11
0.8187635826771653
 21
0.2575597244094488
 31
0
  0
LINE
  5
122
330
1A
100
AcDbEntity
  8
BLACK
  6
CONTINUOUS
100
AcDbLine
 10
0.8187635826771653
 20
0.2575597244094488
 30
0
 11
0.8189562598425196
 21
0.2574384251968504
 31
0
  0
LINE
  5
123
330
1A
100
AcDbEntity
  8
BLACK
  6
CONTINUOUS
100
AcDbLine
 10
0.8189562598425196
 20
0.2574384251968504
 30
0
 11
0.824580590551181
 21
0.2546262992125984
 31
0
  0
LINE
  5
124
330
1A
100
AcDbEntity
  8
BLACK
  6
CONTINUOUS
100
AcDbLine
 10
0.824580590551181
 20
0.2546262992125984
 30
0
 11
0.825661811023622
 21
0.2542125196850394
 31
0
  0
LINE
  5
125
330
1A
100
AcDbEntity
  8
BLACK
  6
CONTINUOUS
100
AcDbLine
 10
0.825661811023622
 20
0.2542125196850394
 30
0
 11
0.8258734251968504
 21
0.2541975196850393
 31
0
  0
LINE
  5
126
330
1A
100
AcDbEntity
  8
BLACK
  6
CONTINUOUS
100
AcDbLine
 10
0.8258734251968504
 20
0.2541975196850393
 30
0
 11
0.8260694488188977
 21
0.2541162992125984
 31
0
  0
LINE
  5
127
330
1A
100
AcDbEntity
  8
BLACK
  6
CONTINUOUS
100
AcDbLine
 10
0.8260694488188977
 20
0.2541162992125984
 30
0
 11
0.8272215748031496
 21
0.2540028346456693
 31
0
  0
LINE
  5
128
330
1A
100
AcDbEntity
  8
BLACK
  6
CONTINUOUS
100
AcDbLine
 10
0.8272215748031496
 20
0.2540028346456693
 30
0
 11
0.8328458661417323
 21
0.2540028346456693
 31
0
  0
LINE
  5
129
330
1A
100
AcDbEntity
  8
BLACK
  6
CONTINUOUS
100
AcDbLine
 10
0.8328458661417323
 20
0.2540028346456693
 30
0
 11
0.8339979921259842
 21
0.2541162992125984
 31
0
  0
LINE
  5
12A
330
1A
100
AcDbEntity
  8
BLACK
  6
CONTINUOUS
100
AcDbLine
 10
0.8339979921259842
 20
0.2541162992125984
 30
0
 11
0.8361268110236221
 21
0.2549981102362205
 31
0
  0
LINE
  5
12B
330
1A
100
AcDbEntity
  8
BLACK
  6
CONTINUOUS
100
AcDbLine
 10
0.8361268110236221
 20
0.2549981102362205
 30
0
 11
0.8377561023622047
 21
0.2566274015748031
 31
0
  0
LINE
  5
12C
330
1A
100
AcDbEntity
  8
BLACK
  6
CONTINUOUS
100
AcDbLine
 10
0.8377561023622047
 20
0.2566274015748031
 30
0
 11
0.8386379133858267
 21
0.258756220472441
 31
0
  0
LINE
  5
12D
330
1A
100
AcDbEntity
  8
BLACK
  6
CONTINUOUS
100
AcDbLine
 10
0.8386379133858267
 20
0.258756220472441
 30
0
 11
0.8386379133858267
 21
0.2610604724409449
 31
0
  0
LINE
  5
12E
330
1A
100
AcDbEntity
  8
BLACK
  6
CONTINUOUS
100
AcDbLine
 10
0.8386379133858267
 20
0.2610604724409449
 30
0
 11
0.8377561023622047
 21
0.2631892913385827
 31
0
  0
LINE
  5
12F
330
1A
100
AcDbEntity
  8
BLACK
  6
CONTINUOUS
100
AcDbLine
 10
0.8377561023622047
 20
0.2631892913385827
 30
0
 11
0.8361268110236221
 21
0.2648185826771653
 31
0
  0
LINE
  5
130
330
1A
100
AcDbEntity
  8
BLACK
  6
CONTINUOUS
100
AcDbLine
 10
0.8361268110236221
 20
0.2648185826771653
 30
0
 11
0.8339979921259842
 21
0.2657003937007874
 31
0
  0
LINE
  5
131
330
1A
100
AcDbEntity
  8
BLACK
  6
CONTINUOUS
100
AcDbLine
 10
0.8339979921259842
 20
0.2657003937007874
 30
0
 11
0.8328458661417323
 21
0.2658138582677165
 31
0
  0
LINE
  5
132
330
1A
100
AcDbEntity
  8
BLACK
  6
CONTINUOUS
100
AcDbLine
 10
0.8328458661417323
 20
0.2658138582677165
 30
0
 11
0.8286156692913386
 21
0.2658138582677165
 31
0
  0
LINE
  5
133
330
1A
100
AcDbEntity
  8
BLACK
  6
CONTINUOUS
100
AcDbLine
 10
0.8286156692913386
 20
0.2658138582677165
 30
0
 11
0.8259989763779527
 21
0.2671222047244095
 31
0
  0
LINE
  5
134
330
1A
100
AcDbEntity
  8
BLACK
  6
CONTINUOUS
100
AcDbLine
 10
0.8259989763779527
 20
0.2671222047244095
 30
0
 11
0.8246906299212599
 21
0.2697388976377953
 31
0
  0
LINE
  5
135
330
1A
100
AcDbEntity
  8
BLACK
  6
CONTINUOUS
100
AcDbLine
 10
0.8246906299212599
 20
0.2697388976377953
 30
0
 11
0.8246906299212599
 21
0.2933729133858268
 31
0
  0
LINE
  5
136
330
1A
100
AcDbEntity
  8
BLACK
  6
CONTINUOUS
100
AcDbLine
 10
0.8246906299212599
 20
0.2933729133858268
 30
0
 11
0.8328458661417323
 21
0.2933729133858268
 31
0
  0
LINE
  5
137
330
1A
100
AcDbEntity
  8
BLACK
  6
CONTINUOUS
100
AcDbLine
 10
0.8328458661417323
 20
0.2933729133858268
 30
0
 11
0.8339979921259842
 21
0.2934863779527559
 31
0
  0
LINE
  5
138
330
1A
100
AcDbEntity
  8
BLACK
  6
CONTINUOUS
100
AcDbLine
 10
0.8339979921259842
 20
0.2934863779527559
 30
0
 11
0.8361268110236221
 21
0.294368188976378
 31
0
  0
LINE
  5
139
330
1A
100
AcDbEntity
  8
BLACK
  6
CONTINUOUS
100
AcDbLine
 10
0.8361268110236221
 20
0.294368188976378
 30
0
 11
0.8377561023622047
 21
0.2959974803149606
 31
0
  0
LINE
  5
13A
330
1A
100
AcDbEntity
  8
BLACK
  6
CONTINUOUS
100
AcDbLine
 10
0.8377561023622047
 20
0.2959974803149606
 30
0
 11
0.8386379133858267
 21
0.2981262992125984
 31
0
  0
LINE
  5
13B
330
1A
100
AcDbEntity
  8
BLACK
  6
CONTINUOUS
100
AcDbLine
 10
0.8386379133858267
 20
0.2981262992125984
 30
0
 11
0.8386379133858267
 21
0.3004305511811023
 31
0
  0
LINE
  5
13C
330
1A
100
AcDbEntity
  8
BLACK
  6
CONTINUOUS
100
AcDbLine
 10
0.8386379133858267
 20
0.3004305511811023
 30
0
 11
0.8377561023622047
 21
0.3025593700787402
 31
0
  0
LINE
  5
13D
330
1A
100
AcDbEntity
  8
BLACK
  6
CONTINUOUS
100
AcDbLine
 10
0.8377561023622047
 20
0.3025593700787402
 30
0
 11
0.8361268110236221
 21
0.3041886614173228
 31
0
  0
LINE
  5
13E
330
1A
100
AcDbEntity
  8
BLACK
  6
CONTINUOUS
100
AcDbLine
 10
0.8361268110236221
 20
0.3041886614173228
 30
0
 11
0.8339979921259842
 21
0.3050704724409449
 31
0
  0
LINE
  5
13F
330
1A
100
AcDbEntity
  8
BLACK
  6
CONTINUOUS
100
AcDbLine
 10
0.8339979921259842
 20
0.3050704724409449
 30
0
 11
0.8328458661417323
 21
0.305183937007874
 31
0
  0
LINE
  5
140
330
1A
100
AcDbEntity
  8
BLACK
  6
CONTINUOUS
100
AcDbLine
 10
0.8328458661417323
 20
0.305183937007874
 30
0
 11
0.8246906299212599
 21
0.305183937007874
 31
0
  0
LINE
  5
141
330
1A
100
AcDbEntity
  8
BLACK
  6
CONTINUOUS
100
AcDbLine
 10
0.8246906299212599
 20
0.305183937007874
 30
0
 11
0.8246906299212599
 21
0.3189634645669291
 31
0
  0
LINE
  5
142
330
1A
100
AcDbEntity
  8
BLACK
  6
CONTINUOUS
100
AcDbLine
 10
0.8246906299212599
 20
0.3189634645669291
 30
0
 11
0.8245771653543307
 21
0.3201155905511811
 31
0
  0
LINE
  5
143
330
1A
100
AcDbEntity
  8
BLACK
  6
CONTINUOUS
100
AcDbLine
 10
0.8245771653543307
 20
0.3201155905511811
 30
0
 11
0.8236953543307086
 21
0.3222444094488189
 31
0
  0
LINE
  5
144
330
1A
100
AcDbEntity
  8
BLACK
  6
CONTINUOUS
100
AcDbLine
 10
0.8236953543307086
 20
0.3222444094488189
 30
0
 11
0.8220660629921259
 21
0.3238737007874016
 31
0
  0
LINE
  5
145
330
1A
100
AcDbEntity
  8
BLACK
  6
CONTINUOUS
100
AcDbLine
 10
0.8220660629921259
 20
0.3238737007874016
 30
0
 11
0.8199372440944882
 21
0.3247555118110236
 31
0
  0
LINE
  5
146
330
1A
100
AcDbEntity
  8
BLACK
  6
CONTINUOUS
100
AcDbLine
 10
0.8199372440944882
 20
0.3247555118110236
 30
0
 11
0.8176329921259843
 21
0.3247555118110236
 31
0
  0
LINE
  5
147
330
1A
100
AcDbEntity
  8
BLACK
  6
CONTINUOUS
100
AcDbLine
 10
0.8176329921259843
 20
0.3247555118110236
 30
0
 11
0.8155041732283465
 21
0.3238737007874016
 31
0
  0
LINE
  5
148
330
1A
100
AcDbEntity
  8
BLACK
  6
CONTINUOUS
100
AcDbLine
 10
0.8879367322834646
 20
0.3050704724409449
 30
0
 11
0.8877406299212598
 21
0.3049892519685039
 31
0
  0
LINE
  5
149
330
1A
100
AcDbEntity
  8
BLACK
  6
CONTINUOUS
100
AcDbLine
 10
0.8877406299212598
 20
0.3049892519685039
 30
0
 11
0.8875290551181102
 21
0.3049742125984252
 31
0
  0
LINE
  5
14A
330
1A
100
AcDbEntity
  8
BLACK
  6
CONTINUOUS
100
AcDbLine
 10
0.8875290551181102
 20
0.3049742125984252
 30
0
 11
0.8864477952755905
 21
0.3045604724409449
 31
0
  0
LINE
  5
14B
330
1A
100
AcDbEntity
  8
BLACK
  6
CONTINUOUS
100
AcDbLine
 10
0.8864477952755905
 20
0.3045604724409449
 30
0
 11
0.8808235433070866
 21
0.3017483070866142
 31
0
  0
LINE
  5
14C
330
1A
100
AcDbEntity
  8
BLACK
  6
CONTINUOUS
100
AcDbLine
 10
0.8808235433070866
 20
0.3017483070866142
 30
0
 11
0.8803277165354331
 21
0.301436220472441
 31
0
  0
LINE
  5
14D
330
1A
100
AcDbEntity
  8
BLACK
  6
CONTINUOUS
100
AcDbLine
 10
0.8803277165354331
 20
0.301436220472441
 30
0
 11
0.8801836614173228
 21
0.3013765354330709
 31
0
  0
LINE
  5
14E
330
1A
100
AcDbEntity
  8
BLACK
  6
CONTINUOUS
100
AcDbLine
 10
0.8801836614173228
 20
0.3013765354330709
 30
0
 11
0.8800214173228347
 21
0.3012434251968504
 31
0
  0
LINE
  5
14F
330
1A
100
AcDbEntity
  8
BLACK
  6
CONTINUOUS
100
AcDbLine
 10
0.8800214173228347
 20
0.3012434251968504
 30
0
 11
0.879843779527559
 21
0.3011315748031496
 31
0
  0
LINE
  5
150
330
1A
100
AcDbEntity
  8
BLACK
  6
CONTINUOUS
100
AcDbLine
 10
0.879843779527559
 20
0.3011315748031496
 30
0
 11
0.8797415354330709
 21
0.3010137401574803
 31
0
  0
LINE
  5
151
330
1A
100
AcDbEntity
  8
BLACK
  6
CONTINUOUS
100
AcDbLine
 10
0.8797415354330709
 20
0.3010137401574803
 30
0
 11
0.879288779527559
 21
0.3006421259842519
 31
0
  0
LINE
  5
152
330
1A
100
AcDbEntity
  8
BLACK
  6
CONTINUOUS
100
AcDbLine
 10
0.879288779527559
 20
0.3006421259842519
 30
0
 11
0.8764766141732283
 21
0.29783
 31
0
  0
LINE
  5
153
330
1A
100
AcDbEntity
  8
BLACK
  6
CONTINUOUS
100
AcDbLine
 10
0.8764766141732283
 20
0.29783
 30
0
 11
0.8761049606299213
 21
0.2973771653543307
 31
0
  0
LINE
  5
154
330
1A
100
AcDbEntity
  8
BLACK
  6
CONTINUOUS
100
AcDbLine
 10
0.8761049606299213
 20
0.2973771653543307
 30
0
 11
0.8759870866141732
 21
0.2972749212598425
 31
0
  0
LINE
  5
155
330
1A
100
AcDbEntity
  8
BLACK
  6
CONTINUOUS
100
AcDbLine
 10
0.8759870866141732
 20
0.2972749212598425
 30
0
 11
0.8758751968503937
 21
0.2970972047244094
 31
0
  0
LINE
  5
156
330
1A
100
AcDbEntity
  8
BLACK
  6
CONTINUOUS
100
AcDbLine
 10
0.8758751968503937
 20
0.2970972047244094
 30
0
 11
0.8757421653543307
 21
0.2969350787401575
 31
0
  0
LINE
  5
157
330
1A
100
AcDbEntity
  8
BLACK
  6
CONTINUOUS
100
AcDbLine
 10
0.8757421653543307
 20
0.2969350787401575
 30
0
 11
0.8756824803149607
 21
0.296791062992126
 31
0
  0
LINE
  5
158
330
1A
100
AcDbEntity
  8
BLACK
  6
CONTINUOUS
100
AcDbLine
 10
0.8756824803149607
 20
0.296791062992126
 30
0
 11
0.8753703543307086
 21
0.2962951574803149
 31
0
  0
LINE
  5
159
330
1A
100
AcDbEntity
  8
BLACK
  6
CONTINUOUS
100
AcDbLine
 10
0.8753703543307086
 20
0.2962951574803149
 30
0
 11
0.8725582283464567
 21
0.2906708661417323
 31
0
  0
LINE
  5
15A
330
1A
100
AcDbEntity
  8
BLACK
  6
CONTINUOUS
100
AcDbLine
 10
0.8725582283464567
 20
0.2906708661417323
 30
0
 11
0.8721444488188976
 21
0.2895896062992126
 31
0
  0
LINE
  5
15B
330
1A
100
AcDbEntity
  8
BLACK
  6
CONTINUOUS
100
AcDbLine
 10
0.8721444488188976
 20
0.2895896062992126
 30
0
 11
0.8721294094488189
 21
0.2893779921259843
 31
0
  0
LINE
  5
15C
330
1A
100
AcDbEntity
  8
BLACK
  6
CONTINUOUS
100
AcDbLine
 10
0.8721294094488189
 20
0.2893779921259843
 30
0
 11
0.8720482283464567
 21
0.289181968503937
 31
0
  0
LINE
  5
15D
330
1A
100
AcDbEntity
  8
BLACK
  6
CONTINUOUS
100
AcDbLine
 10
0.8720482283464567
 20
0.289181968503937
 30
0
 11
0.8719347637795275
 21
0.2880298425196851
 31
0
  0
LINE
  5
15E
330
1A
100
AcDbEntity
  8
BLACK
  6
CONTINUOUS
100
AcDbLine
 10
0.8719347637795275
 20
0.2880298425196851
 30
0
 11
0.8719347637795275
 21
0.2711569291338582
 31
0
  0
LINE
  5
15F
330
1A
100
AcDbEntity
  8
BLACK
  6
CONTINUOUS
100
AcDbLine
 10
0.8719347637795275
 20
0.2711569291338582
 30
0
 11
0.8720482283464567
 21
0.2700048031496063
 31
0
  0
LINE
  5
160
330
1A
100
AcDbEntity
  8
BLACK
  6
CONTINUOUS
100
AcDbLine
 10
0.8720482283464567
 20
0.2700048031496063
 30
0
 11
0.8721294094488189
 21
0.2698088188976378
 31
0
  0
LINE
  5
161
330
1A
100
AcDbEntity
  8
BLACK
  6
CONTINUOUS
100
AcDbLine
 10
0.8721294094488189
 20
0.2698088188976378
 30
0
 11
0.8721444488188976
 21
0.2695971653543307
 31
0
  0
LINE
  5
162
330
1A
100
AcDbEntity
  8
BLACK
  6
CONTINUOUS
100
AcDbLine
 10
0.8721444488188976
 20
0.2695971653543307
 30
0
 11
0.8725582283464567
 21
0.268515905511811
 31
0
  0
LINE
  5
163
330
1A
100
AcDbEntity
  8
BLACK
  6
CONTINUOUS
100
AcDbLine
 10
0.8725582283464567
 20
0.268515905511811
 30
0
 11
0.8753703543307086
 21
0.2628916141732283
 31
0
  0
LINE
  5
164
330
1A
100
AcDbEntity
  8
BLACK
  6
CONTINUOUS
100
AcDbLine
 10
0.8753703543307086
 20
0.2628916141732283
 30
0
 11
0.8756824409448819
 21
0.2623958267716535
 31
0
  0
LINE
  5
165
330
1A
100
AcDbEntity
  8
BLACK
  6
CONTINUOUS
100
AcDbLine
 10
0.8756824409448819
 20
0.2623958267716535
 30
0
 11
0.8757421259842519
 21
0.2622517322834645
 31
0
  0
LINE
  5
166
330
1A
100
AcDbEntity
  8
BLACK
  6
CONTINUOUS
100
AcDbLine
 10
0.8757421259842519
 20
0.2622517322834645
 30
0
 11
0.8758752362204725
 21
0.2620895669291339
 31
0
  0
LINE
  5
167
330
1A
100
AcDbEntity
  8
BLACK
  6
CONTINUOUS
100
AcDbLine
 10
0.8758752362204725
 20
0.2620895669291339
 30
0
 11
0.8759870866141732
 21
0.2619118503937008
 31
0
  0
LINE
  5
168
330
1A
100
AcDbEntity
  8
BLACK
  6
CONTINUOUS
100
AcDbLine
 10
0.8759870866141732
 20
0.2619118503937008
 30
0
 11
0.8761049212598425
 21
0.2618096456692913
 31
0
  0
LINE
  5
169
330
1A
100
AcDbEntity
  8
BLACK
  6
CONTINUOUS
100
AcDbLine
 10
0.8761049212598425
 20
0.2618096456692913
 30
0
 11
0.8764765748031496
 21
0.261356811023622
 31
0
  0
LINE
  5
16A
330
1A
100
AcDbEntity
  8
BLACK
  6
CONTINUOUS
100
AcDbLine
 10
0.8764765748031496
 20
0.261356811023622
 30
0
 11
0.8792887401574803
 21
0.2585446456692913
 31
0
  0
LINE
  5
16B
330
1A
100
AcDbEntity
  8
BLACK
  6
CONTINUOUS
100
AcDbLine
 10
0.8792887401574803
 20
0.2585446456692913
 30
0
 11
0.879741653543307
 21
0.2581729527559055
 31
0
  0
LINE
  5
16C
330
1A
100
AcDbEntity
  8
BLACK
  6
CONTINUOUS
100
AcDbLine
 10
0.879741653543307
 20
0.2581729527559055
 30
0
 11
0.8798438188976377
 21
0.2580551574803149
 31
0
  0
LINE
  5
16D
330
1A
100
AcDbEntity
  8
BLACK
  6
CONTINUOUS
100
AcDbLine
 10
0.8798438188976377
 20
0.2580551574803149
 30
0
 11
0.8800213385826772
 21
0.2579434251968504
 31
0
  0
LINE
  5
16E
330
1A
100
AcDbEntity
  8
BLACK
  6
CONTINUOUS
100
AcDbLine
 10
0.8800213385826772
 20
0.2579434251968504
 30
0
 11
0.8801836614173228
 21
0.2578101968503937
 31
0
  0
LINE
  5
16F
330
1A
100
AcDbEntity
  8
BLACK
  6
CONTINUOUS
100
AcDbLine
 10
0.8801836614173228
 20
0.2578101968503937
 30
0
 11
0.8803277952755906
 21
0.2577505118110236
 31
0
  0
LINE
  5
170
330
1A
100
AcDbEntity
  8
BLACK
  6
CONTINUOUS
100
AcDbLine
 10
0.8803277952755906
 20
0.2577505118110236
 30
0
 11
0.8808235433070866
 21
0.2574384251968504
 31
0
  0
LINE
  5
171
330
1A
100
AcDbEntity
  8
BLACK
  6
CONTINUOUS
100
AcDbLine
 10
0.8808235433070866
 20
0.2574384251968504
 30
0
 11
0.886447874015748
 21
0.2546262992125984
 31
0
  0
LINE
  5
172
330
1A
100
AcDbEntity
  8
BLACK
  6
CONTINUOUS
100
AcDbLine
 10
0.886447874015748
 20
0.2546262992125984
 30
0
 11
0.887529094488189
 21
0.2542125196850394
 31
0
  0
LINE
  5
173
330
1A
100
AcDbEntity
  8
BLACK
  6
CONTINUOUS
100
AcDbLine
 10
0.887529094488189
 20
0.2542125196850394
 30
0
 11
0.8877407086614173
 21
0.2541975196850393
 31
0
  0
LINE
  5
174
330
1A
100
AcDbEntity
  8
BLACK
  6
CONTINUOUS
100
AcDbLine
 10
0.8877407086614173
 20
0.2541975196850393
 30
0
 11
0.8879367322834646
 21
0.2541162992125984
 31
0
  0
LINE
  5
175
330
1A
100
AcDbEntity
  8
BLACK
  6
CONTINUOUS
100
AcDbLine
 10
0.8879367322834646
 20
0.2541162992125984
 30
0
 11
0.8890888582677166
 21
0.2540028346456693
 31
0
  0
LINE
  5
176
330
1A
100
AcDbEntity
  8
BLACK
  6
CONTINUOUS
100
AcDbLine
 10
0.8890888582677166
 20
0.2540028346456693
 30
0
 11
0.9003374409448819
 21
0.2540028346456693
 31
0
  0
LINE
  5
177
330
1A
100
AcDbEntity
  8
BLACK
  6
CONTINUOUS
100
AcDbLine
 10
0.9003374409448819
 20
0.2540028346456693
 30
0
 11
0.9014895669291338
 21
0.2541162992125984
 31
0
  0
LINE
  5
178
330
1A
100
AcDbEntity
  8
BLACK
  6
CONTINUOUS
100
AcDbLine
 10
0.9014895669291338
 20
0.2541162992125984
 30
0
 11
0.9016855511811024
 21
0.2541975196850393
 31
0
  0
LINE
  5
179
330
1A
100
AcDbEntity
  8
BLACK
  6
CONTINUOUS
100
AcDbLine
 10
0.9016855511811024
 20
0.2541975196850393
 30
0
 11
0.9018972047244094
 21
0.2542125196850394
 31
0
  0
LINE
  5
17A
330
1A
100
AcDbEntity
  8
BLACK
  6
CONTINUOUS
100
AcDbLine
 10
0.9018972047244094
 20
0.2542125196850394
 30
0
 11
0.9029784251968503
 21
0.2546262992125984
 31
0
  0
LINE
  5
17B
330
1A
100
AcDbEntity
  8
BLACK
  6
CONTINUOUS
100
AcDbLine
 10
0.9029784251968503
 20
0.2546262992125984
 30
0
 11
0.9086027952755905
 21
0.2574384251968504
 31
0
  0
LINE
  5
17C
330
1A
100
AcDbEntity
  8
BLACK
  6
CONTINUOUS
100
AcDbLine
 10
0.9086027952755905
 20
0.2574384251968504
 30
0
 11
0.9095825196850393
 21
0.2580551574803149
 31
0
  0
LINE
  5
17D
330
1A
100
AcDbEntity
  8
BLACK
  6
CONTINUOUS
100
AcDbLine
 10
0.9095825196850393
 20
0.2580551574803149
 30
0
 11
0.9110922440944882
 21
0.2597958661417323
 31
0
  0
LINE
  5
17E
330
1A
100
AcDbEntity
  8
BLACK
  6
CONTINUOUS
100
AcDbLine
 10
0.9110922440944882
 20
0.2597958661417323
 30
0
 11
0.9118209055118111
 21
0.2619818110236221
 31
0
  0
LINE
  5
17F
330
1A
100
AcDbEntity
  8
BLACK
  6
CONTINUOUS
100
AcDbLine
 10
0.9118209055118111
 20
0.2619818110236221
 30
0
 11
0.9116575984251968
 21
0.2642802362204724
 31
0
  0
LINE
  5
180
330
1A
100
AcDbEntity
  8
BLACK
  6
CONTINUOUS
100
AcDbLine
 10
0.9116575984251968
 20
0.2642802362204724
 30
0
 11
0.910627125984252
 21
0.266341220472441
 31
0
  0
LINE
  5
181
330
1A
100
AcDbEntity
  8
BLACK
  6
CONTINUOUS
100
AcDbLine
 10
0.910627125984252
 20
0.266341220472441
 30
0
 11
0.9088863779527558
 21
0.2678509448818898
 31
0
  0
LINE
  5
182
330
1A
100
AcDbEntity
  8
BLACK
  6
CONTINUOUS
100
AcDbLine
 10
0.9088863779527558
 20
0.2678509448818898
 30
0
 11
0.9067004724409449
 21
0.2685796062992126
 31
0
  0
LINE
  5
183
330
1A
100
AcDbEntity
  8
BLACK
  6
CONTINUOUS
100
AcDbLine
 10
0.9067004724409449
 20
0.2685796062992126
 30
0
 11
0.9044020078740157
 21
0.2684162992125984
 31
0
  0
LINE
  5
184
330
1A
100
AcDbEntity
  8
BLACK
  6
CONTINUOUS
100
AcDbLine
 10
0.9044020078740157
 20
0.2684162992125984
 30
0
 11
0.9033207874015747
 21
0.2680025590551181
 31
0
  0
LINE
  5
185
330
1A
100
AcDbEntity
  8
BLACK
  6
CONTINUOUS
100
AcDbLine
 10
0.9033207874015747
 20
0.2680025590551181
 30
0
 11
0.8989433858267716
 21
0.2658138582677165
 31
0
  0
LINE
  5
186
330
1A
100
AcDbEntity
  8
BLACK
  6
CONTINUOUS
100
AcDbLine
 10
0.8989433858267716
 20
0.2658138582677165
 30
0
 11
0.8904829527559055
 21
0.2658138582677165
 31
0
  0
LINE
  5
187
330
1A
100
AcDbEntity
  8
BLACK
  6
CONTINUOUS
100
AcDbLine
 10
0.8904829527559055
 20
0.2658138582677165
 30
0
 11
0.886962716535433
 21
0.2675739763779528
 31
0
  0
LINE
  5
188
330
1A
100
AcDbEntity
  8
BLACK
  6
CONTINUOUS
100
AcDbLine
 10
0.886962716535433
 20
0.2675739763779528
 30
0
 11
0.8855058267716536
 21
0.2690308661417323
 31
0
  0
LINE
  5
189
330
1A
100
AcDbEntity
  8
BLACK
  6
CONTINUOUS
100
AcDbLine
 10
0.8855058267716536
 20
0.2690308661417323
 30
0
 11
0.8837457874015748
 21
0.2725510236220473
 31
0
  0
LINE
  5
18A
330
1A
100
AcDbEntity
  8
BLACK
  6
CONTINUOUS
100
AcDbLine
 10
0.8837457874015748
 20
0.2725510236220473
 30
0
 11
0.8837457874015748
 21
0.2866357874015748
 31
0
  0
LINE
  5
18B
330
1A
100
AcDbEntity
  8
BLACK
  6
CONTINUOUS
100
AcDbLine
 10
0.8837457874015748
 20
0.2866357874015748
 30
0
 11
0.8855058267716536
 21
0.290155905511811
 31
0
  0
LINE
  5
18C
330
1A
100
AcDbEntity
  8
BLACK
  6
CONTINUOUS
100
AcDbLine
 10
0.8855058267716536
 20
0.290155905511811
 30
0
 11
0.886962716535433
 21
0.2916127952755905
 31
0
  0
LINE
  5
18D
330
1A
100
AcDbEntity
  8
BLACK
  6
CONTINUOUS
100
AcDbLine
 10
0.886962716535433
 20
0.2916127952755905
 30
0
 11
0.8904829527559055
 21
0.2933729133858268
 31
0
  0
LINE
  5
18E
330
1A
100
AcDbEntity
  8
BLACK
  6
CONTINUOUS
100
AcDbLine
 10
0.8904829527559055
 20
0.2933729133858268
 30
0
 11
0.8989433464566929
 21
0.2933729133858268
 31
0
  0
LINE
  5
18F
330
1A
100
AcDbEntity
  8
BLACK
  6
CONTINUOUS
100
AcDbLine
 10
0.8989433464566929
 20
0.2933729133858268
 30
0
 11
0.9033207480314961
 21
0.2911842125984252
 31
0
  0
LINE
  5
190
330
1A
100
AcDbEntity
  8
BLACK
  6
CONTINUOUS
100
AcDbLine
 10
0.9033207480314961
 20
0.2911842125984252
 30
0
 11
0.9044019685039369
 21
0.2907704330708661
 31
0
  0
LINE
  5
191
330
1A
100
AcDbEntity
  8
BLACK
  6
CONTINUOUS
100
AcDbLine
 10
0.9044019685039369
 20
0.2907704330708661
 30
0
 11
0.9067003937007874
 21
0.290607125984252
 31
0
  0
LINE
  5
192
330
1A
100
AcDbEntity
  8
BLACK
  6
CONTINUOUS
100
AcDbLine
 10
0.9067003937007874
 20
0.290607125984252
 30
0
 11
0.9088863385826772
 21
0.2913357874015748
 31
0
  0
LINE
  5
193
330
1A
100
AcDbEntity
  8
BLACK
  6
CONTINUOUS
100
AcDbLine
 10
0.9088863385826772
 20
0.2913357874015748
 30
0
 11
0.9106270866141732
 21
0.2928454724409449
 31
0
  0
LINE
  5
194
330
1A
100
AcDbEntity
  8
BLACK
  6
CONTINUOUS
100
AcDbLine
 10
0.9106270866141732
 20
0.2928454724409449
 30
0
 11
0.9116575984251968
 21
0.2949064566929134
 31
0
  0
LINE
  5
195
330
1A
100
AcDbEntity
  8
BLACK
  6
CONTINUOUS
100
AcDbLine
 10
0.9116575984251968
 20
0.2949064566929134
 30
0
 11
0.9118209055118111
 21
0.2972049212598425
 31
0
  0
LINE
  5
196
330
1A
100
AcDbEntity
  8
BLACK
  6
CONTINUOUS
100
AcDbLine
 10
0.9118209055118111
 20
0.2972049212598425
 30
0
 11
0.9110922440944882
 21
0.2993908267716535
 31
0
  0
LINE
  5
197
330
1A
100
AcDbEntity
  8
BLACK
  6
CONTINUOUS
100
AcDbLine
 10
0.9110922440944882
 20
0.2993908267716535
 30
0
 11
0.9095825590551181
 21
0.3011315748031496
 31
0
  0
LINE
  5
198
330
1A
100
AcDbEntity
  8
BLACK
  6
CONTINUOUS
100
AcDbLine
 10
0.9095825590551181
 20
0.3011315748031496
 30
0
 11
0.9086027952755905
 21
0.3017483070866142
 31
0
  0
LINE
  5
199
330
1A
100
AcDbEntity
  8
BLACK
  6
CONTINUOUS
100
AcDbLine
 10
0.9086027952755905
 20
0.3017483070866142
 30
0
 11
0.9029784645669291
 21
0.3045604724409449
 31
0
  0
LINE
  5
19A
330
1A
100
AcDbEntity
  8
BLACK
  6
CONTINUOUS
100
AcDbLine
 10
0.9029784645669291
 20
0.3045604724409449
 30
0
 11
0.9018972440944881
 21
0.3049742519685039
 31
0
  0
LINE
  5
19B
330
1A
100
AcDbEntity
  8
BLACK
  6
CONTINUOUS
100
AcDbLine
 10
0.9018972440944881
 20
0.3049742519685039
 30
0
 11
0.9016855118110236
 21
0.3049893307086614
 31
0
  0
LINE
  5
19C
330
1A
100
AcDbEntity
  8
BLACK
  6
CONTINUOUS
100
AcDbLine
 10
0.9016855118110236
 20
0.3049893307086614
 30
0
 11
0.9014895669291338
 21
0.3050704724409449
 31
0
  0
LINE
  5
19D
330
1A
100
AcDbEntity
  8
BLACK
  6
CONTINUOUS
100
AcDbLine
 10
0.9014895669291338
 20
0.3050704724409449
 30
0
 11
0.9003374409448819
 21
0.305183937007874
 31
0
  0
LINE
  5
19E
330
1A
100
AcDbEntity
  8
BLACK
  6
CONTINUOUS
100
AcDbLine
 10
0.9003374409448819
 20
0.305183937007874
 30
0
 11
0.8890888582677166
 21
0.305183937007874
 31
0
  0
LINE
  5
19F
330
1A
100
AcDbEntity
  8
BLACK
  6
CONTINUOUS
100
AcDbLine
 10
0.8890888582677166
 20
0.305183937007874
 30
0
 11
0.8879367322834646
 21
0.3050704724409449
 31
0
  0
LINE
  5
1A0
330
1A
100
AcDbEntity
  8
BLACK
  6
CONTINUOUS
100
AcDbLine
 10
0.9244946456692913
 20
0.3050704724409449
 30
0
 11
0.9223658267716536
 21
0.3041886614173228
 31
0
  0
LINE
  5
1A1
330
1A
100
AcDbEntity
  8
BLACK
  6
CONTINUOUS
100
AcDbLine
 10
0.9223658267716536
 20
0.3041886614173228
 30
0
 11
0.9207365354330709
 21
0.3025593700787402
 31
0
  0
LINE
  5
1A2
330
1A
100
AcDbEntity
  8
BLACK
  6
CONTINUOUS
100
AcDbLine
 10
0.9207365354330709
 20
0.3025593700787402
 30
0
 11
0.9198547244094488
 21
0.3004305511811023
 31
0
  0
LINE
  5
1A3
330
1A
100
AcDbEntity
  8
BLACK
  6
CONTINUOUS
100
AcDbLine
 10
0.9198547244094488
 20
0.3004305511811023
 30
0
 11
0.9198547244094488
 21
0.2981262992125984
 31
0
  0
LINE
  5
1A4
330
1A
100
AcDbEntity
  8
BLACK
  6
CONTINUOUS
100
AcDbLine
 10
0.9198547244094488
 20
0.2981262992125984
 30
0
 11
0.9207365354330709
 21
0.2959974803149606
 31
0
  0
LINE
  5
1A5
330
1A
100
AcDbEntity
  8
BLACK
  6
CONTINUOUS
100
AcDbLine
 10
0.9207365354330709
 20
0.2959974803149606
 30
0
 11
0.9223658267716536
 21
0.294368188976378
 31
0
  0
LINE
  5
1A6
330
1A
100
AcDbEntity
  8
BLACK
  6
CONTINUOUS
100
AcDbLine
 10
0.9223658267716536
 20
0.294368188976378
 30
0
 11
0.9244946456692913
 21
0.2934863779527559
 31
0
  0
LINE
  5
1A7
330
1A
100
AcDbEntity
  8
BLACK
  6
CONTINUOUS
100
AcDbLine
 10
0.9244946456692913
 20
0.2934863779527559
 30
0
 11
0.9256467716535433
 21
0.2933729133858268
 31
0
  0
LINE
  5
1A8
330
1A
100
AcDbEntity
  8
BLACK
  6
CONTINUOUS
100
AcDbLine
 10
0.9256467716535433
 20
0.2933729133858268
 30
0
 11
0.9444300393700787
 21
0.2933729133858268
 31
0
  0
LINE
  5
1A9
330
1A
100
AcDbEntity
  8
BLACK
  6
CONTINUOUS
100
AcDbLine
 10
0.9444300393700787
 20
0.2933729133858268
 30
0
 11
0.9210031496062991
 21
0.2635568897637795
 31
0
  0
LINE
  5
1AA
330
1A
100
AcDbEntity
  8
BLACK
  6
CONTINUOUS
100
AcDbLine
 10
0.9210031496062991
 20
0.2635568897637795
 30
0
 11
0.9208252755905512
 21
0.2632780708661417
 31
0
  0
LINE
  5
1AB
330
1A
100
AcDbEntity
  8
BLACK
  6
CONTINUOUS
100
AcDbLine
 10
0.9208252755905512
 20
0.2632780708661417
 30
0
 11
0.9207365354330709
 21
0.2631892913385827
 31
0
  0
LINE
  5
1AC
330
1A
100
AcDbEntity
  8
BLACK
  6
CONTINUOUS
100
AcDbLine
 10
0.9207365354330709
 20
0.2631892913385827
 30
0
 11
0.920676968503937
 21
0.2630455905511811
 31
0
  0
LINE
  5
1AD
330
1A
100
AcDbEntity
  8
BLACK
  6
CONTINUOUS
100
AcDbLine
 10
0.920676968503937
 20
0.2630455905511811
 30
0
 11
0.920380590551181
 21
0.2625808661417323
 31
0
  0
LINE
  5
1AE
330
1A
100
AcDbEntity
  8
BLACK
  6
CONTINUOUS
100
AcDbLine
 10
0.920380590551181
 20
0.2625808661417323
 30
0
 11
0.9201631496062992
 21
0.2618050787401575
 31
0
  0
LINE
  5
1AF
330
1A
100
AcDbEntity
  8
BLACK
  6
CONTINUOUS
100
AcDbLine
 10
0.9201631496062992
 20
0.2618050787401575
 30
0
 11
0.9198547244094488
 21
0.2610604724409449
 31
0
  0
LINE
  5
1B0
330
1A
100
AcDbEntity
  8
BLACK
  6
CONTINUOUS
100
AcDbLine
 10
0.9198547244094488
 20
0.2610604724409449
 30
0
 11
0.9198547244094488
 21
0.2607046062992126
 31
0
  0
LINE
  5
1B1
330
1A
100
AcDbEntity
  8
BLACK
  6
CONTINUOUS
100
AcDbLine
 10
0.9198547244094488
 20
0.2607046062992126
 30
0
 11
0.9197587401574803
 21
0.260362125984252
 31
0
  0
LINE
  5
1B2
330
1A
100
AcDbEntity
  8
BLACK
  6
CONTINUOUS
100
AcDbLine
 10
0.9197587401574803
 20
0.260362125984252
 30
0
 11
0.9198547244094488
 21
0.2595622834645669
 31
0
  0
LINE
  5
1B3
330
1A
100
AcDbEntity
  8
BLACK
  6
CONTINUOUS
100
AcDbLine
 10
0.9198547244094488
 20
0.2595622834645669
 30
0
 11
0.9198547244094488
 21
0.258756220472441
 31
0
  0
LINE
  5
1B4
330
1A
100
AcDbEntity
  8
BLACK
  6
CONTINUOUS
100
AcDbLine
 10
0.9198547244094488
 20
0.258756220472441
 30
0
 11
0.9199908661417323
 21
0.2584275196850394
 31
0
  0
LINE
  5
1B5
330
1A
100
AcDbEntity
  8
BLACK
  6
CONTINUOUS
100
AcDbLine
 10
0.9199908661417323
 20
0.2584275196850394
 30
0
 11
0.9200332677165354
 21
0.2580743700787402
 31
0
  0
LINE
  5
1B6
330
1A
100
AcDbEntity
  8
BLACK
  6
CONTINUOUS
100
AcDbLine
 10
0.9200332677165354
 20
0.2580743700787402
 30
0
 11
0.9204281496062992
 21
0.2573718897637795
 31
0
  0
LINE
  5
1B7
330
1A
100
AcDbEntity
  8
BLACK
  6
CONTINUOUS
100
AcDbLine
 10
0.9204281496062992
 20
0.2573718897637795
 30
0
 11
0.9207365354330709
 21
0.2566274015748031
 31
0
  0
LINE
  5
1B8
330
1A
100
AcDbEntity
  8
BLACK
  6
CONTINUOUS
100
AcDbLine
 10
0.9207365354330709
 20
0.2566274015748031
 30
0
 11
0.9209879921259843
 21
0.2563759448818898
 31
0
  0
LINE
  5
1B9
330
1A
100
AcDbEntity
  8
BLACK
  6
CONTINUOUS
100
AcDbLine
 10
0.9209879921259843
 20
0.2563759448818898
 30
0
 11
0.9211623622047244
 21
0.2560657480314961
 31
0
  0
LINE
  5
1BA
330
1A
100
AcDbEntity
  8
BLACK
  6
CONTINUOUS
100
AcDbLine
 10
0.9211623622047244
 20
0.2560657480314961
 30
0
 11
0.9217961417322834
 21
0.2555677952755905
 31
0
  0
LINE
  5
1BB
330
1A
100
AcDbEntity
  8
BLACK
  6
CONTINUOUS
100
AcDbLine
 10
0.9217961417322834
 20
0.2555677952755905
 30
0
 11
0.9223658267716536
 21
0.2549981102362205
 31
0
  0
LINE
  5
1BC
330
1A
100
AcDbEntity
  8
BLACK
  6
CONTINUOUS
100
AcDbLine
 10
0.9223658267716536
 20
0.2549981102362205
 30
0
 11
0.9226944881889764
 21
0.254861968503937
 31
0
  0
LINE
  5
1BD
330
1A
100
AcDbEntity
  8
BLACK
  6
CONTINUOUS
100
AcDbLine
 10
0.9226944881889764
 20
0.254861968503937
 30
0
 11
0.9229742519685039
 21
0.2546421653543307
 31
0
  0
LINE
  5
1BE
330
1A
100
AcDbEntity
  8
BLACK
  6
CONTINUOUS
100
AcDbLine
 10
0.9229742519685039
 20
0.2546421653543307
 30
0
 11
0.9237500393700787
 21
0.2544247637795276
 31
0
  0
LINE
  5
1BF
330
1A
100
AcDbEntity
  8
BLACK
  6
CONTINUOUS
100
AcDbLine
 10
0.9237500393700787
 20
0.2544247637795276
 30
0
 11
0.9244946456692913
 21
0.2541162992125984
 31
0
  0
LINE
  5
1C0
330
1A
100
AcDbEntity
  8
BLACK
  6
CONTINUOUS
100
AcDbLine
 10
0.9244946456692913
 20
0.2541162992125984
 30
0
 11
0.9250433070866142
 21
0.2540622834645669
 31
0
  0
LINE
  5
1C1
330
1A
100
AcDbEntity
  8
BLACK
  6
CONTINUOUS
100
AcDbLine
 10
0.9250433070866142
 20
0.2540622834645669
 30
0
 11
0.9251929921259843
 21
0.2540203149606299
 31
0
  0
LINE
  5
1C2
330
1A
100
AcDbEntity
  8
BLACK
  6
CONTINUOUS
100
AcDbLine
 10
0.9251929921259843
 20
0.2540203149606299
 30
0
 11
0.9253175196850394
 21
0.2540352755905512
 31
0
  0
LINE
  5
1C3
330
1A
100
AcDbEntity
  8
BLACK
  6
CONTINUOUS
100
AcDbLine
 10
0.9253175196850394
 20
0.2540352755905512
 30
0
 11
0.9256467716535433
 21
0.2540028346456693
 31
0
  0
LINE
  5
1C4
330
1A
100
AcDbEntity
  8
BLACK
  6
CONTINUOUS
100
AcDbLine
 10
0.9256467716535433
 20
0.2540028346456693
 30
0
 11
0.9565804330708662
 21
0.2540028346456693
 31
0
  0
LINE
  5
1C5
330
1A
100
AcDbEntity
  8
BLACK
  6
CONTINUOUS
100
AcDbLine
 10
0.9565804330708662
 20
0.2540028346456693
 30
0
 11
0.9577325590551181
 21
0.2541162992125984
 31
0
  0
LINE
  5
1C6
330
1A
100
AcDbEntity
  8
BLACK
  6
CONTINUOUS
100
AcDbLine
 10
0.9577325590551181
 20
0.2541162992125984
 30
0
 11
0.9598613779527558
 21
0.2549981102362205
 31
0
  0
LINE
  5
1C7
330
1A
100
AcDbEntity
  8
BLACK
  6
CONTINUOUS
100
AcDbLine
 10
0.9598613779527558
 20
0.2549981102362205
 30
0
 11
0.9614906692913385
 21
0.2566274015748031
 31
0
  0
LINE
  5
1C8
330
1A
100
AcDbEntity
  8
BLACK
  6
CONTINUOUS
100
AcDbLine
 10
0.9614906692913385
 20
0.2566274015748031
 30
0
 11
0.9623724803149606
 21
0.258756220472441
 31
0
  0
LINE
  5
1C9
330
1A
100
AcDbEntity
  8
BLACK
  6
CONTINUOUS
100
AcDbLine
 10
0.9623724803149606
 20
0.258756220472441
 30
0
 11
0.9623724803149606
 21
0.2610604724409449
 31
0
  0
LINE
  5
1CA
330
1A
100
AcDbEntity
  8
BLACK
  6
CONTINUOUS
100
AcDbLine
 10
0.9623724803149606
 20
0.2610604724409449
 30
0
 11
0.9614906692913385
 21
0.2631892913385827
 31
0
  0
LINE
  5
1CB
330
1A
100
AcDbEntity
  8
BLACK
  6
CONTINUOUS
100
AcDbLine
 10
0.9614906692913385
 20
0.2631892913385827
 30
0
 11
0.9598613779527558
 21
0.2648185826771653
 31
0
  0
LINE
  5
1CC
330
1A
100
AcDbEntity
  8
BLACK
  6
CONTINUOUS
100
AcDbLine
 10
0.9598613779527558
 20
0.2648185826771653
 30
0
 11
0.9577325590551181
 21
0.2657003937007874
 31
0
  0
LINE
  5
1CD
330
1A
100
AcDbEntity
  8
BLACK
  6
CONTINUOUS
100
AcDbLine
 10
0.9577325590551181
 20
0.2657003937007874
 30
0
 11
0.9565804330708662
 21
0.2658138582677165
 31
0
  0
LINE
  5
1CE
330
1A
100
AcDbEntity
  8
BLACK
  6
CONTINUOUS
100
AcDbLine
 10
0.9565804330708662
 20
0.2658138582677165
 30
0
 11
0.9377971653543307
 21
0.2658138582677165
 31
0
  0
LINE
  5
1CF
330
1A
100
AcDbEntity
  8
BLACK
  6
CONTINUOUS
100
AcDbLine
 10
0.9377971653543307
 20
0.2658138582677165
 30
0
 11
0.9612240551181103
 21
0.2956298818897637
 31
0
  0
LINE
  5
1D0
330
1A
100
AcDbEntity
  8
BLACK
  6
CONTINUOUS
100
AcDbLine
 10
0.9612240551181103
 20
0.2956298818897637
 30
0
 11
0.9614018897637795
 21
0.2959087401574803
 31
0
  0
LINE
  5
1D1
330
1A
100
AcDbEntity
  8
BLACK
  6
CONTINUOUS
100
AcDbLine
 10
0.9614018897637795
 20
0.2959087401574803
 30
0
 11
0.9614906692913385
 21
0.2959974803149606
 31
0
  0
LINE
  5
1D2
330
1A
100
AcDbEntity
  8
BLACK
  6
CONTINUOUS
100
AcDbLine
 10
0.9614906692913385
 20
0.2959974803149606
 30
0
 11
0.9615501968503937
 21
0.296141220472441
 31
0
  0
LINE
  5
1D3
330
1A
100
AcDbEntity
  8
BLACK
  6
CONTINUOUS
100
AcDbLine
 10
0.9615501968503937
 20
0.296141220472441
 30
0
 11
0.9618466141732284
 21
0.296605905511811
 31
0
  0
LINE
  5
1D4
330
1A
100
AcDbEntity
  8
BLACK
  6
CONTINUOUS
100
AcDbLine
 10
0.9618466141732284
 20
0.296605905511811
 30
0
 11
0.9620640157480315
 21
0.2973817322834645
 31
0
  0
LINE
  5
1D5
330
1A
100
AcDbEntity
  8
BLACK
  6
CONTINUOUS
100
AcDbLine
 10
0.9620640157480315
 20
0.2973817322834645
 30
0
 11
0.9623724803149606
 21
0.2981262992125984
 31
0
  0
LINE
  5
1D6
330
1A
100
AcDbEntity
  8
BLACK
  6
CONTINUOUS
100
AcDbLine
 10
0.9623724803149606
 20
0.2981262992125984
 30
0
 11
0.9623724803149606
 21
0.2984822047244095
 31
0
  0
LINE
  5
1D7
330
1A
100
AcDbEntity
  8
BLACK
  6
CONTINUOUS
100
AcDbLine
 10
0.9623724803149606
 20
0.2984822047244095
 30
0
 11
0.9624684645669291
 21
0.2988246456692913
 31
0
  0
LINE
  5
1D8
330
1A
100
AcDbEntity
  8
BLACK
  6
CONTINUOUS
100
AcDbLine
 10
0.9624684645669291
 20
0.2988246456692913
 30
0
 11
0.9623724803149606
 21
0.2996245275590551
 31
0
  0
LINE
  5
1D9
330
1A
100
AcDbEntity
  8
BLACK
  6
CONTINUOUS
100
AcDbLine
 10
0.9623724803149606
 20
0.2996245275590551
 30
0
 11
0.9623724803149606
 21
0.3004305511811023
 31
0
  0
LINE
  5
1DA
330
1A
100
AcDbEntity
  8
BLACK
  6
CONTINUOUS
100
AcDbLine
 10
0.9623724803149606
 20
0.3004305511811023
 30
0
 11
0.9622362992125985
 21
0.3007592913385826
 31
0
  0
LINE
  5
1DB
330
1A
100
AcDbEntity
  8
BLACK
  6
CONTINUOUS
100
AcDbLine
 10
0.9622362992125985
 20
0.3007592913385826
 30
0
 11
0.962193937007874
 21
0.3011124015748031
 31
0
  0
LINE
  5
1DC
330
1A
100
AcDbEntity
  8
BLACK
  6
CONTINUOUS
100
AcDbLine
 10
0.962193937007874
 20
0.3011124015748031
 30
0
 11
0.9617990157480315
 21
0.3018149212598425
 31
0
  0
LINE
  5
1DD
330
1A
100
AcDbEntity
  8
BLACK
  6
CONTINUOUS
100
AcDbLine
 10
0.9617990157480315
 20
0.3018149212598425
 30
0
 11
0.9614906692913385
 21
0.3025593700787402
 31
0
  0
LINE
  5
1DE
330
1A
100
AcDbEntity
  8
BLACK
  6
CONTINUOUS
100
AcDbLine
 10
0.9614906692913385
 20
0.3025593700787402
 30
0
 11
0.9612391732283464
 21
0.3028108661417322
 31
0
  0
LINE
  5
1DF
330
1A
100
AcDbEntity
  8
BLACK
  6
CONTINUOUS
100
AcDbLine
 10
0.9612391732283464
 20
0.3028108661417322
 30
0
 11
0.961064842519685
 21
0.3031210236220472
 31
0
  0
LINE
  5
1E0
330
1A
100
AcDbEntity
  8
BLACK
  6
CONTINUOUS
100
AcDbLine
 10
0.961064842519685
 20
0.3031210236220472
 30
0
 11
0.9604310236220472
 21
0.3036190157480315
 31
0
  0
LINE
  5
1E1
330
1A
100
AcDbEntity
  8
BLACK
  6
CONTINUOUS
100
AcDbLine
 10
0.9604310236220472
 20
0.3036190157480315
 30
0
 11
0.9598613779527558
 21
0.3041886614173228
 31
0
  0
LINE
  5
1E2
330
1A
100
AcDbEntity
  8
BLACK
  6
CONTINUOUS
100
AcDbLine
 10
0.9598613779527558
 20
0.3041886614173228
 30
0
 11
0.9595326771653543
 21
0.3043248425196851
 31
0
  0
LINE
  5
1E3
330
1A
100
AcDbEntity
  8
BLACK
  6
CONTINUOUS
100
AcDbLine
 10
0.9595326771653543
 20
0.3043248425196851
 30
0
 11
0.9592529527559055
 21
0.3045446062992126
 31
0
  0
LINE
  5
1E4
330
1A
100
AcDbEntity
  8
BLACK
  6
CONTINUOUS
100
AcDbLine
 10
0.9592529527559055
 20
0.3045446062992126
 30
0
 11
0.9584771259842519
 21
0.3047620472440945
 31
0
  0
LINE
  5
1E5
330
1A
100
AcDbEntity
  8
BLACK
  6
CONTINUOUS
100
AcDbLine
 10
0.9584771259842519
 20
0.3047620472440945
 30
0
 11
0.9577325590551181
 21
0.3050704724409449
 31
0
  0
LINE
  5
1E6
330
1A
100
AcDbEntity
  8
BLACK
  6
CONTINUOUS
100
AcDbLine
 10
0.9577325590551181
 20
0.3050704724409449
 30
0
 11
0.9571838582677165
 21
0.3051245275590551
 31
0
  0
LINE
  5
1E7
330
1A
100
AcDbEntity
  8
BLACK
  6
CONTINUOUS
100
AcDbLine
 10
0.9571838582677165
 20
0.3051245275590551
 30
0
 11
0.9570342125984251
 21
0.3051664566929134
 31
0
  0
LINE
  5
1E8
330
1A
100
AcDbEntity
  8
BLACK
  6
CONTINUOUS
100
AcDbLine
 10
0.9570342125984251
 20
0.3051664566929134
 30
0
 11
0.9569096456692913
 21
0.3051515354330709
 31
0
  0
LINE
  5
1E9
330
1A
100
AcDbEntity
  8
BLACK
  6
CONTINUOUS
100
AcDbLine
 10
0.9569096456692913
 20
0.3051515354330709
 30
0
 11
0.9565804330708662
 21
0.305183937007874
 31
0
  0
LINE
  5
1EA
330
1A
100
AcDbEntity
  8
BLACK
  6
CONTINUOUS
100
AcDbLine
 10
0.9565804330708662
 20
0.305183937007874
 30
0
 11
0.9256467716535433
 21
0.305183937007874
 31
0
  0
LINE
  5
1EB
330
1A
100
AcDbEntity
  8
BLACK
  6
CONTINUOUS
100
AcDbLine
 10
0.9256467716535433
 20
0.305183937007874
 30
0
 11
0.9244946456692913
 21
0.3050704724409449
 31
0
  0
LINE
  5
1EC
330
1A
100
AcDbEntity
  8
BLACK
  6
CONTINUOUS
100
AcDbLine
 10
0.8504970078740157
 20
0.2709594488188976
 30
0
 11
0.8492499999999999
 21
0.2704429133858268
 31
0
  0
LINE
  5
1ED
330
1A
100
AcDbEntity
  8
BLACK
  6
CONTINUOUS
100
AcDbLine
 10
0.8492499999999999
 20
0.2704429133858268
 30
0
 11
0.8492499606299212
 21
0.270442874015748
 31
0
  0
LINE
  5
1EE
330
1A
100
AcDbEntity
  8
BLACK
  6
CONTINUOUS
100
AcDbLine
 10
0.8492499606299212
 20
0.270442874015748
 30
0
 11
0.8483550393700787
 21
0.2697084251968504
 31
0
  0
LINE
  5
1EF
330
1A
100
AcDbEntity
  8
BLACK
  6
CONTINUOUS
100
AcDbLine
 10
0.8483550393700787
 20
0.2697084251968504
 30
0
 11
0.8455429133858268
 21
0.2668962598425197
 31
0
  0
LINE
  5
1F0
330
1A
100
AcDbEntity
  8
BLACK
  6
CONTINUOUS
100
AcDbLine
 10
0.8455429133858268
 20
0.2668962598425197
 30
0
 11
0.8448086614173228
 21
0.2660015748031496
 31
0
  0
LINE
  5
1F1
330
1A
100
AcDbEntity
  8
BLACK
  6
CONTINUOUS
100
AcDbLine
 10
0.8448086614173228
 20
0.2660015748031496
 30
0
 11
0.8448085039370079
 21
0.2660013779527559
 31
0
  0
LINE
  5
1F2
330
1A
100
AcDbEntity
  8
BLACK
  6
CONTINUOUS
100
AcDbLine
 10
0.8448085039370079
 20
0.2660013779527559
 30
0
 11
0.8440144094488189
 21
0.2640841732283464
 31
0
  0
LINE
  5
1F3
330
1A
100
AcDbEntity
  8
BLACK
  6
CONTINUOUS
100
AcDbLine
 10
0.8440144094488189
 20
0.2640841732283464
 30
0
 11
0.8439267322834646
 21
0.2638725196850394
 31
0
  0
LINE
  5
1F4
330
1A
100
AcDbEntity
  8
BLACK
  6
CONTINUOUS
100
AcDbLine
 10
0.8439267322834646
 20
0.2638725196850394
 30
0
 11
0.8439267322834646
 21
0.2615683464566929
 31
0
  0
LINE
  5
1F5
330
1A
100
AcDbEntity
  8
BLACK
  6
CONTINUOUS
100
AcDbLine
 10
0.8439267322834646
 20
0.2615683464566929
 30
0
 11
0.8440143700787401
 21
0.261356811023622
 31
0
  0
LINE
  5
1F6
330
1A
100
AcDbEntity
  8
BLACK
  6
CONTINUOUS
100
AcDbLine
 10
0.8440143700787401
 20
0.261356811023622
 30
0
 11
0.8448085039370079
 21
0.2594395669291338
 31
0
  0
LINE
  5
1F7
330
1A
100
AcDbEntity
  8
BLACK
  6
CONTINUOUS
100
AcDbLine
 10
0.8448085039370079
 20
0.2594395669291338
 30
0
 11
0.8455429527559055
 21
0.2585446456692913
 31
0
  0
LINE
  5
1F8
330
1A
100
AcDbEntity
  8
BLACK
  6
CONTINUOUS
100
AcDbLine
 10
0.8455429527559055
 20
0.2585446456692913
 30
0
 11
0.8483550787401575
 21
0.2557325196850394
 31
0
  0
LINE
  5
1F9
330
1A
100
AcDbEntity
  8
BLACK
  6
CONTINUOUS
100
AcDbLine
 10
0.8483550787401575
 20
0.2557325196850394
 30
0
 11
0.8492499606299212
 21
0.2549980708661417
 31
0
  0
LINE
  5
1FA
330
1A
100
AcDbEntity
  8
BLACK
  6
CONTINUOUS
100
AcDbLine
 10
0.8492499606299212
 20
0.2549980708661417
 30
0
 11
0.850109251968504
 21
0.2546421653543307
 31
0
  0
LINE
  5
1FB
330
1A
100
AcDbEntity
  8
BLACK
  6
CONTINUOUS
100
AcDbLine
 10
0.850109251968504
 20
0.2546421653543307
 30
0
 11
0.851378779527559
 21
0.2541162992125984
 31
0
  0
LINE
  5
1FC
330
1A
100
AcDbEntity
  8
BLACK
  6
CONTINUOUS
100
AcDbLine
 10
0.851378779527559
 20
0.2541162992125984
 30
0
 11
0.8536830314960629
 21
0.2541162992125984
 31
0
  0
LINE
  5
1FD
330
1A
100
AcDbEntity
  8
BLACK
  6
CONTINUOUS
100
AcDbLine
 10
0.8536830314960629
 20
0.2541162992125984
 30
0
 11
0.8552801574803149
 21
0.254777874015748
 31
0
  0
LINE
  5
1FE
330
1A
100
AcDbEntity
  8
BLACK
  6
CONTINUOUS
100
AcDbLine
 10
0.8552801574803149
 20
0.254777874015748
 30
0
 11
0.855811811023622
 21
0.2549980708661417
 31
0
  0
LINE
  5
1FF
330
1A
100
AcDbEntity
  8
BLACK
  6
CONTINUOUS
100
AcDbLine
 10
0.855811811023622
 20
0.2549980708661417
 30
0
 11
0.855811968503937
 21
0.2549982677165354
 31
0
  0
LINE
  5
200
330
1A
100
AcDbEntity
  8
BLACK
  6
CONTINUOUS
100
AcDbLine
 10
0.855811968503937
 20
0.2549982677165354
 30
0
 11
0.8567066929133859
 21
0.2557324803149606
 31
0
  0
LINE
  5
201
330
1A
100
AcDbEntity
  8
BLACK
  6
CONTINUOUS
100
AcDbLine
 10
0.8567066929133859
 20
0.2557324803149606
 30
0
 11
0.8595188582677166
 21
0.2585446062992126
 31
0
  0
LINE
  5
202
330
1A
100
AcDbEntity
  8
BLACK
  6
CONTINUOUS
100
AcDbLine
 10
0.8595188582677166
 20
0.2585446062992126
 30
0
 11
0.8602533070866142
 21
0.2594395275590551
 31
0
  0
LINE
  5
203
330
1A
100
AcDbEntity
  8
BLACK
  6
CONTINUOUS
100
AcDbLine
 10
0.8602533070866142
 20
0.2594395275590551
 30
0
 11
0.8602533464566929
 21
0.2594395669291338
 31
0
  0
LINE
  5
204
330
1A
100
AcDbEntity
  8
BLACK
  6
CONTINUOUS
100
AcDbLine
 10
0.8602533464566929
 20
0.2594395669291338
 30
0
 11
0.8611351181102362
 21
0.2615683858267717
 31
0
  0
LINE
  5
205
330
1A
100
AcDbEntity
  8
BLACK
  6
CONTINUOUS
100
AcDbLine
 10
0.8611351181102362
 20
0.2615683858267717
 30
0
 11
0.8611351181102362
 21
0.2638725590551181
 31
0
  0
LINE
  5
206
330
1A
100
AcDbEntity
  8
BLACK
  6
CONTINUOUS
100
AcDbLine
 10
0.8611351181102362
 20
0.2638725590551181
 30
0
 11
0.8602533464566929
 21
0.2660013779527559
 31
0
  0
LINE
  5
207
330
1A
100
AcDbEntity
  8
BLACK
  6
CONTINUOUS
100
AcDbLine
 10
0.8602533464566929
 20
0.2660013779527559
 30
0
 11
0.8595188976377952
 21
0.2668962992125984
 31
0
  0
LINE
  5
208
330
1A
100
AcDbEntity
  8
BLACK
  6
CONTINUOUS
100
AcDbLine
 10
0.8595188976377952
 20
0.2668962992125984
 30
0
 11
0.8567067322834645
 21
0.2697084645669292
 31
0
  0
LINE
  5
209
330
1A
100
AcDbEntity
  8
BLACK
  6
CONTINUOUS
100
AcDbLine
 10
0.8567067322834645
 20
0.2697084645669292
 30
0
 11
0.855811811023622
 21
0.2704429133858268
 31
0
  0
LINE
  5
20A
330
1A
100
AcDbEntity
  8
BLACK
  6
CONTINUOUS
100
AcDbLine
 10
0.855811811023622
 20
0.2704429133858268
 30
0
 11
0.8545648031496063
 21
0.2709594488188976
 31
0
  0
LINE
  5
20B
330
1A
100
AcDbEntity
  8
BLACK
  6
CONTINUOUS
100
AcDbLine
 10
0.8545648031496063
 20
0.2709594488188976
 30
0
 11
0.8536830314960629
 21
0.2713246850393701
 31
0
  0
LINE
  5
20C
330
1A
100
AcDbEntity
  8
BLACK
  6
CONTINUOUS
100
AcDbLine
 10
0.8536830314960629
 20
0.2713246850393701
 30
0
 11
0.851378779527559
 21
0.2713246850393701
 31
0
  0
LINE
  5
20D
330
1A
100
AcDbEntity
  8
BLACK
  6
CONTINUOUS
100
AcDbLine
 10
0.851378779527559
 20
0.2713246850393701
 30
0
 11
0.8504970078740157
 21
0.2709594488188976
 31
0
  0
LINE
  5
20E
330
1A
100
AcDbEntity
  8
BLACK
  6
CONTINUOUS
100
AcDbLine
 10
1.1094783464566929
 20
0.323925748031496
 30
0
 11
1.1096338582677165
 21
0.3239367716535433
 31
0
  0
LINE
  5
20F
330
1A
100
AcDbEntity
  8
BLACK
  6
CONTINUOUS
100
AcDbLine
 10
1.1096338582677165
 20
0.3239367716535433
 30
0
 11
1.109838346456693
 21
0.3238902755905512
 31
0
  0
LINE
  5
210
330
1A
100
AcDbEntity
  8
BLACK
  6
CONTINUOUS
100
AcDbLine
 10
1.109838346456693
 20
0.3238902755905512
 30
0
 11
1.1100473622047244
 21
0.3238696850393701
 31
0
  0
LINE
  5
211
330
1A
100
AcDbEntity
  8
BLACK
  6
CONTINUOUS
100
AcDbLine
 10
1.1100473622047244
 20
0.3238696850393701
 30
0
 11
1.1101915354330709
 21
0.3238099606299212
 31
0
  0
LINE
  5
212
330
1A
100
AcDbEntity
  8
BLACK
  6
CONTINUOUS
100
AcDbLine
 10
1.1101915354330709
 20
0.3238099606299212
 30
0
 11
1.110762716535433
 21
0.3236800787401575
 31
0
  0
LINE
  5
213
330
1A
100
AcDbEntity
  8
BLACK
  6
CONTINUOUS
100
AcDbLine
 10
1.110762716535433
 20
0.3236800787401575
 30
0
 11
1.1191991732283464
 21
0.3208679527559055
 31
0
  0
LINE
  5
214
330
1A
100
AcDbEntity
  8
BLACK
  6
CONTINUOUS
100
AcDbLine
 10
1.1191991732283464
 20
0.3208679527559055
 30
0
 11
1.1202562992125984
 21
0.3203959448818898
 31
0
  0
LINE
  5
215
330
1A
100
AcDbEntity
  8
BLACK
  6
CONTINUOUS
100
AcDbLine
 10
1.1202562992125984
 20
0.3203959448818898
 30
0
 11
1.1204165354330708
 21
0.320256968503937
 31
0
  0
LINE
  5
216
330
1A
100
AcDbEntity
  8
BLACK
  6
CONTINUOUS
100
AcDbLine
 10
1.1204165354330708
 20
0.320256968503937
 30
0
 11
1.1206125984251969
 21
0.3201757480314961
 31
0
  0
LINE
  5
217
330
1A
100
AcDbEntity
  8
BLACK
  6
CONTINUOUS
100
AcDbLine
 10
1.1206125984251969
 20
0.3201757480314961
 30
0
 11
1.1215075196850393
 21
0.3194412992125984
 31
0
  0
LINE
  5
218
330
1A
100
AcDbEntity
  8
BLACK
  6
CONTINUOUS
100
AcDbLine
 10
1.1215075196850393
 20
0.3194412992125984
 30
0
 11
1.1243196456692912
 21
0.3166291732283464
 31
0
  0
LINE
  5
219
330
1A
100
AcDbEntity
  8
BLACK
  6
CONTINUOUS
100
AcDbLine
 10
1.1243196456692912
 20
0.3166291732283464
 30
0
 11
1.125054094488189
 21
0.3157342913385827
 31
0
  0
LINE
  5
21A
330
1A
100
AcDbEntity
  8
BLACK
  6
CONTINUOUS
100
AcDbLine
 10
1.125054094488189
 20
0.3157342913385827
 30
0
 11
1.1259358267716535
 21
0.3136054330708661
 31
0
  0
LINE
  5
21B
330
1A
100
AcDbEntity
  8
BLACK
  6
CONTINUOUS
100
AcDbLine
 10
1.1259358267716535
 20
0.3136054330708661
 30
0
 11
1.1259358267716535
 21
0.3113012598425197
 31
0
  0
LINE
  5
21C
330
1A
100
AcDbEntity
  8
BLACK
  6
CONTINUOUS
100
AcDbLine
 10
1.1259358267716535
 20
0.3113012598425197
 30
0
 11
1.125054094488189
 21
0.3091724409448819
 31
0
  0
LINE
  5
21D
330
1A
100
AcDbEntity
  8
BLACK
  6
CONTINUOUS
100
AcDbLine
 10
1.125054094488189
 20
0.3091724409448819
 30
0
 11
1.1234247244094488
 21
0.3075430708661417
 31
0
  0
LINE
  5
21E
330
1A
100
AcDbEntity
  8
BLACK
  6
CONTINUOUS
100
AcDbLine
 10
1.1234247244094488
 20
0.3075430708661417
 30
0
 11
1.121295905511811
 21
0.3066613385826771
 31
0
  0
LINE
  5
21F
330
1A
100
AcDbEntity
  8
BLACK
  6
CONTINUOUS
100
AcDbLine
 10
1.121295905511811
 20
0.3066613385826771
 30
0
 11
1.1189917322834646
 21
0.3066613385826771
 31
0
  0
LINE
  5
220
330
1A
100
AcDbEntity
  8
BLACK
  6
CONTINUOUS
100
AcDbLine
 10
1.1189917322834646
 20
0.3066613385826771
 30
0
 11
1.116862874015748
 21
0.3075430708661417
 31
0
  0
LINE
  5
221
330
1A
100
AcDbEntity
  8
BLACK
  6
CONTINUOUS
100
AcDbLine
 10
1.116862874015748
 20
0.3075430708661417
 30
0
 11
1.1159679921259842
 21
0.3082775196850394
 31
0
  0
LINE
  5
222
330
1A
100
AcDbEntity
  8
BLACK
  6
CONTINUOUS
100
AcDbLine
 10
1.1159679921259842
 20
0.3082775196850394
 30
0
 11
1.1141416141732283
 21
0.3101038976377953
 31
0
  0
LINE
  5
223
330
1A
100
AcDbEntity
  8
BLACK
  6
CONTINUOUS
100
AcDbLine
 10
1.1141416141732283
 20
0.3101038976377953
 30
0
 11
1.1079369685039371
 21
0.312172125984252
 31
0
  0
LINE
  5
224
330
1A
100
AcDbEntity
  8
BLACK
  6
CONTINUOUS
100
AcDbLine
 10
1.1079369685039371
 20
0.312172125984252
 30
0
 11
1.1042293307086615
 21
0.312172125984252
 31
0
  0
LINE
  5
225
330
1A
100
AcDbEntity
  8
BLACK
  6
CONTINUOUS
100
AcDbLine
 10
1.1042293307086615
 20
0.312172125984252
 30
0
 11
1.098024527559055
 21
0.3101038976377953
 31
0
  0
LINE
  5
226
330
1A
100
AcDbEntity
  8
BLACK
  6
CONTINUOUS
100
AcDbLine
 10
1.098024527559055
 20
0.3101038976377953
 30
0
 11
1.0940636614173229
 21
0.306143031496063
 31
0
  0
LINE
  5
227
330
1A
100
AcDbEntity
  8
BLACK
  6
CONTINUOUS
100
AcDbLine
 10
1.0940636614173229
 20
0.306143031496063
 30
0
 11
1.0919699212598426
 21
0.3019556299212598
 31
0
  0
LINE
  5
228
330
1A
100
AcDbEntity
  8
BLACK
  6
CONTINUOUS
100
AcDbLine
 10
1.0919699212598426
 20
0.3019556299212598
 30
0
 11
1.0894914173228347
 21
0.2920414173228346
 31
0
  0
LINE
  5
229
330
1A
100
AcDbEntity
  8
BLACK
  6
CONTINUOUS
100
AcDbLine
 10
1.0894914173228347
 20
0.2920414173228346
 30
0
 11
1.0894914173228347
 21
0.285058779527559
 31
0
  0
LINE
  5
22A
330
1A
100
AcDbEntity
  8
BLACK
  6
CONTINUOUS
100
AcDbLine
 10
1.0894914173228347
 20
0.285058779527559
 30
0
 11
1.0919699212598426
 21
0.2751445669291339
 31
0
  0
LINE
  5
22B
330
1A
100
AcDbEntity
  8
BLACK
  6
CONTINUOUS
100
AcDbLine
 10
1.0919699212598426
 20
0.2751445669291339
 30
0
 11
1.0940636614173229
 21
0.2709571653543307
 31
0
  0
LINE
  5
22C
330
1A
100
AcDbEntity
  8
BLACK
  6
CONTINUOUS
100
AcDbLine
 10
1.0940636614173229
 20
0.2709571653543307
 30
0
 11
1.0980244881889762
 21
0.2669962992125984
 31
0
  0
LINE
  5
22D
330
1A
100
AcDbEntity
  8
BLACK
  6
CONTINUOUS
100
AcDbLine
 10
1.0980244881889762
 20
0.2669962992125984
 30
0
 11
1.1042293307086615
 21
0.264928031496063
 31
0
  0
LINE
  5
22E
330
1A
100
AcDbEntity
  8
BLACK
  6
CONTINUOUS
100
AcDbLine
 10
1.1042293307086615
 20
0.264928031496063
 30
0
 11
1.1079368503937008
 21
0.264928031496063
 31
0
  0
LINE
  5
22F
330
1A
100
AcDbEntity
  8
BLACK
  6
CONTINUOUS
100
AcDbLine
 10
1.1079368503937008
 20
0.264928031496063
 30
0
 11
1.1141416535433071
 21
0.2669962992125984
 31
0
  0
LINE
  5
230
330
1A
100
AcDbEntity
  8
BLACK
  6
CONTINUOUS
100
AcDbLine
 10
1.1141416535433071
 20
0.2669962992125984
 30
0
 11
1.1159679527559054
 21
0.2688225984251968
 31
0
  0
LINE
  5
231
330
1A
100
AcDbEntity
  8
BLACK
  6
CONTINUOUS
100
AcDbLine
 10
1.1159679527559054
 20
0.2688225984251968
 30
0
 11
1.116862874015748
 21
0.2695570472440945
 31
0
  0
LINE
  5
232
330
1A
100
AcDbEntity
  8
BLACK
  6
CONTINUOUS
100
AcDbLine
 10
1.116862874015748
 20
0.2695570472440945
 30
0
 11
1.1189916929133858
 21
0.2704388188976378
 31
0
  0
LINE
  5
233
330
1A
100
AcDbEntity
  8
BLACK
  6
CONTINUOUS
100
AcDbLine
 10
1.1189916929133858
 20
0.2704388188976378
 30
0
 11
1.1212958661417323
 21
0.2704388582677165
 31
0
  0
LINE
  5
234
330
1A
100
AcDbEntity
  8
BLACK
  6
CONTINUOUS
100
AcDbLine
 10
1.1212958661417323
 20
0.2704388582677165
 30
0
 11
1.1234246850393701
 21
0.2695570866141732
 31
0
  0
LINE
  5
235
330
1A
100
AcDbEntity
  8
BLACK
  6
CONTINUOUS
100
AcDbLine
 10
1.1234246850393701
 20
0.2695570866141732
 30
0
 11
1.1250540551181103
 21
0.2679277559055118
 31
0
  0
LINE
  5
236
330
1A
100
AcDbEntity
  8
BLACK
  6
CONTINUOUS
100
AcDbLine
 10
1.1250540551181103
 20
0.2679277559055118
 30
0
 11
1.1259358267716535
 21
0.265798937007874
 31
0
  0
LINE
  5
237
330
1A
100
AcDbEntity
  8
BLACK
  6
CONTINUOUS
100
AcDbLine
 10
1.1259358267716535
 20
0.265798937007874
 30
0
 11
1.1259358661417322
 21
0.2634947637795276
 31
0
  0
LINE
  5
238
330
1A
100
AcDbEntity
  8
BLACK
  6
CONTINUOUS
100
AcDbLine
 10
1.1259358661417322
 20
0.2634947637795276
 30
0
 11
1.125054094488189
 21
0.261365905511811
 31
0
  0
LINE
  5
239
330
1A
100
AcDbEntity
  8
BLACK
  6
CONTINUOUS
100
AcDbLine
 10
1.125054094488189
 20
0.261365905511811
 30
0
 11
1.12431968503937
 21
0.2604710236220472
 31
0
  0
LINE
  5
23A
330
1A
100
AcDbEntity
  8
BLACK
  6
CONTINUOUS
100
AcDbLine
 10
1.12431968503937
 20
0.2604710236220472
 30
0
 11
1.121507559055118
 21
0.2576588582677165
 31
0
  0
LINE
  5
23B
330
1A
100
AcDbEntity
  8
BLACK
  6
CONTINUOUS
100
AcDbLine
 10
1.121507559055118
 20
0.2576588582677165
 30
0
 11
1.1206126377952756
 21
0.2569244094488189
 31
0
  0
LINE
  5
23C
330
1A
100
AcDbEntity
  8
BLACK
  6
CONTINUOUS
100
AcDbLine
 10
1.1206126377952756
 20
0.2569244094488189
 30
0
 11
1.1204166535433071
 21
0.2568432677165354
 31
0
  0
LINE
  5
23D
330
1A
100
AcDbEntity
  8
BLACK
  6
CONTINUOUS
100
AcDbLine
 10
1.1204166535433071
 20
0.2568432677165354
 30
0
 11
1.1202562992125984
 21
0.2567041338582677
 31
0
  0
LINE
  5
23E
330
1A
100
AcDbEntity
  8
BLACK
  6
CONTINUOUS
100
AcDbLine
 10
1.1202562992125984
 20
0.2567041338582677
 30
0
 11
1.1191991732283464
 21
0.2562321653543307
 31
0
  0
LINE
  5
23F
330
1A
100
AcDbEntity
  8
BLACK
  6
CONTINUOUS
100
AcDbLine
 10
1.1191991732283464
 20
0.2562321653543307
 30
0
 11
1.110762716535433
 21
0.2534200393700787
 31
0
  0
LINE
  5
240
330
1A
100
AcDbEntity
  8
BLACK
  6
CONTINUOUS
100
AcDbLine
 10
1.110762716535433
 20
0.2534200393700787
 30
0
 11
1.1101913385826772
 21
0.253290157480315
 31
0
  0
LINE
  5
241
330
1A
100
AcDbEntity
  8
BLACK
  6
CONTINUOUS
100
AcDbLine
 10
1.1101913385826772
 20
0.253290157480315
 30
0
 11
1.1100473622047244
 21
0.2532304724409449
 31
0
  0
LINE
  5
242
330
1A
100
AcDbEntity
  8
BLACK
  6
CONTINUOUS
100
AcDbLine
 10
1.1100473622047244
 20
0.2532304724409449
 30
0
 11
1.1098385826771653
 21
0.2532099212598425
 31
0
  0
LINE
  5
243
330
1A
100
AcDbEntity
  8
BLACK
  6
CONTINUOUS
100
AcDbLine
 10
1.1098385826771653
 20
0.2532099212598425
 30
0
 11
1.1096338188976378
 21
0.2531633464566929
 31
0
  0
LINE
  5
244
330
1A
100
AcDbEntity
  8
BLACK
  6
CONTINUOUS
100
AcDbLine
 10
1.1096338188976378
 20
0.2531633464566929
 30
0
 11
1.1094781102362203
 21
0.2531744488188976
 31
0
  0
LINE
  5
245
330
1A
100
AcDbEntity
  8
BLACK
  6
CONTINUOUS
100
AcDbLine
 10
1.1094781102362203
 20
0.2531744488188976
 30
0
 11
1.1088952362204725
 21
0.2531170078740158
 31
0
  0
LINE
  5
246
330
1A
100
AcDbEntity
  8
BLACK
  6
CONTINUOUS
100
AcDbLine
 10
1.1088952362204725
 20
0.2531170078740158
 30
0
 11
1.1032709448818898
 21
0.2531170078740158
 31
0
  0
LINE
  5
247
330
1A
100
AcDbEntity
  8
BLACK
  6
CONTINUOUS
100
AcDbLine
 10
1.1032709448818898
 20
0.2531170078740158
 30
0
 11
1.102688031496063
 21
0.2531744488188976
 31
0
  0
LINE
  5
248
330
1A
100
AcDbEntity
  8
BLACK
  6
CONTINUOUS
100
AcDbLine
 10
1.102688031496063
 20
0.2531744488188976
 30
0
 11
1.1025323622047243
 21
0.2531633464566929
 31
0
  0
LINE
  5
249
330
1A
100
AcDbEntity
  8
BLACK
  6
CONTINUOUS
100
AcDbLine
 10
1.1025323622047243
 20
0.2531633464566929
 30
0
 11
1.102327559055118
 21
0.2532099212598425
 31
0
  0
LINE
  5
24A
330
1A
100
AcDbEntity
  8
BLACK
  6
CONTINUOUS
100
AcDbLine
 10
1.102327559055118
 20
0.2532099212598425
 30
0
 11
1.1021188188976379
 21
0.2532304724409449
 31
0
  0
LINE
  5
24B
330
1A
100
AcDbEntity
  8
BLACK
  6
CONTINUOUS
100
AcDbLine
 10
1.1021188188976379
 20
0.2532304724409449
 30
0
 11
1.1019748031496062
 21
0.253290157480315
 31
0
  0
LINE
  5
24C
330
1A
100
AcDbEntity
  8
BLACK
  6
CONTINUOUS
100
AcDbLine
 10
1.1019748031496062
 20
0.253290157480315
 30
0
 11
1.1014034645669291
 21
0.2534200393700787
 31
0
  0
LINE
  5
24D
330
1A
100
AcDbEntity
  8
BLACK
  6
CONTINUOUS
100
AcDbLine
 10
1.1014034645669291
 20
0.2534200393700787
 30
0
 11
1.0929670078740157
 21
0.2562321653543307
 31
0
  0
LINE
  5
24E
330
1A
100
AcDbEntity
  8
BLACK
  6
CONTINUOUS
100
AcDbLine
 10
1.0929670078740157
 20
0.2562321653543307
 30
0
 11
1.0919098818897637
 21
0.2567041338582677
 31
0
  0
LINE
  5
24F
330
1A
100
AcDbEntity
  8
BLACK
  6
CONTINUOUS
100
AcDbLine
 10
1.0919098818897637
 20
0.2567041338582677
 30
0
 11
1.0917495669291339
 21
0.2568431889763779
 31
0
  0
LINE
  5
250
330
1A
100
AcDbEntity
  8
BLACK
  6
CONTINUOUS
100
AcDbLine
 10
1.0917495669291339
 20
0.2568431889763779
 30
0
 11
1.0915535433070866
 21
0.2569243700787401
 31
0
  0
LINE
  5
251
330
1A
100
AcDbEntity
  8
BLACK
  6
CONTINUOUS
100
AcDbLine
 10
1.0915535433070866
 20
0.2569243700787401
 30
0
 11
1.0906586614173228
 21
0.2576588188976378
 31
0
  0
LINE
  5
252
330
1A
100
AcDbEntity
  8
BLACK
  6
CONTINUOUS
100
AcDbLine
 10
1.0906586614173228
 20
0.2576588188976378
 30
0
 11
1.0850343700787402
 21
0.2632831496062992
 31
0
  0
LINE
  5
253
330
1A
100
AcDbEntity
  8
BLACK
  6
CONTINUOUS
100
AcDbLine
 10
1.0850343700787402
 20
0.2632831496062992
 30
0
 11
1.084662716535433
 21
0.2637359842519685
 31
0
  0
LINE
  5
254
330
1A
100
AcDbEntity
  8
BLACK
  6
CONTINUOUS
100
AcDbLine
 10
1.084662716535433
 20
0.2637359842519685
 30
0
 11
1.0845448818897638
 21
0.263838188976378
 31
0
  0
LINE
  5
255
330
1A
100
AcDbEntity
  8
BLACK
  6
CONTINUOUS
100
AcDbLine
 10
1.0845448818897638
 20
0.263838188976378
 30
0
 11
1.0844330314960631
 21
0.264015905511811
 31
0
  0
LINE
  5
256
330
1A
100
AcDbEntity
  8
BLACK
  6
CONTINUOUS
100
AcDbLine
 10
1.0844330314960631
 20
0.264015905511811
 30
0
 11
1.0842999212598425
 21
0.2641780708661417
 31
0
  0
LINE
  5
257
330
1A
100
AcDbEntity
  8
BLACK
  6
CONTINUOUS
100
AcDbLine
 10
1.0842999212598425
 20
0.2641780708661417
 30
0
 11
1.0842402362204724
 21
0.2643221653543307
 31
0
  0
LINE
  5
258
330
1A
100
AcDbEntity
  8
BLACK
  6
CONTINUOUS
100
AcDbLine
 10
1.0842402362204724
 20
0.2643221653543307
 30
0
 11
1.0839281496062991
 21
0.2648179527559055
 31
0
  0
LINE
  5
259
330
1A
100
AcDbEntity
  8
BLACK
  6
CONTINUOUS
100
AcDbLine
 10
1.0839281496062991
 20
0.2648179527559055
 30
0
 11
1.0811159842519684
 21
0.2704422440944882
 31
0
  0
LINE
  5
25A
330
1A
100
AcDbEntity
  8
BLACK
  6
CONTINUOUS
100
AcDbLine
 10
1.0811159842519684
 20
0.2704422440944882
 30
0
 11
1.0810837007874015
 21
0.2705265354330709
 31
0
  0
LINE
  5
25B
330
1A
100
AcDbEntity
  8
BLACK
  6
CONTINUOUS
100
AcDbLine
 10
1.0810837007874015
 20
0.2705265354330709
 30
0
 11
1.081058346456693
 21
0.2705607874015748
 31
0
  0
LINE
  5
25C
330
1A
100
AcDbEntity
  8
BLACK
  6
CONTINUOUS
100
AcDbLine
 10
1.081058346456693
 20
0.2705607874015748
 30
0
 11
1.0808856299212599
 21
0.2710441732283465
 31
0
  0
LINE
  5
25D
330
1A
100
AcDbEntity
  8
BLACK
  6
CONTINUOUS
100
AcDbLine
 10
1.0808856299212599
 20
0.2710441732283465
 30
0
 11
1.0807022440944882
 21
0.2715234645669291
 31
0
  0
LINE
  5
25E
330
1A
100
AcDbEntity
  8
BLACK
  6
CONTINUOUS
100
AcDbLine
 10
1.0807022440944882
 20
0.2715234645669291
 30
0
 11
1.0806992125984252
 21
0.2715660236220472
 31
0
  0
LINE
  5
25F
330
1A
100
AcDbEntity
  8
BLACK
  6
CONTINUOUS
100
AcDbLine
 10
1.0806992125984252
 20
0.2715660236220472
 30
0
 11
1.0806688582677164
 21
0.2716509842519685
 31
0
  0
LINE
  5
260
330
1A
100
AcDbEntity
  8
BLACK
  6
CONTINUOUS
100
AcDbLine
 10
1.0806688582677164
 20
0.2716509842519685
 30
0
 11
1.0778567322834645
 21
0.2828995669291339
 31
0
  0
LINE
  5
261
330
1A
100
AcDbEntity
  8
BLACK
  6
CONTINUOUS
100
AcDbLine
 10
1.0778567322834645
 20
0.2828995669291339
 30
0
 11
1.0778272047244095
 21
0.2830992519685039
 31
0
  0
LINE
  5
262
330
1A
100
AcDbEntity
  8
BLACK
  6
CONTINUOUS
100
AcDbLine
 10
1.0778272047244095
 20
0.2830992519685039
 30
0
 11
1.0777938582677165
 21
0.2831797244094488
 31
0
  0
LINE
  5
263
330
1A
100
AcDbEntity
  8
BLACK
  6
CONTINUOUS
100
AcDbLine
 10
1.0777938582677165
 20
0.2831797244094488
 30
0
 11
1.0777511023622046
 21
0.2836137007874016
 31
0
  0
LINE
  5
264
330
1A
100
AcDbEntity
  8
BLACK
  6
CONTINUOUS
100
AcDbLine
 10
1.0777511023622046
 20
0.2836137007874016
 30
0
 11
1.0776873622047243
 21
0.2840448031496063
 31
0
  0
LINE
  5
265
330
1A
100
AcDbEntity
  8
BLACK
  6
CONTINUOUS
100
AcDbLine
 10
1.0776873622047243
 20
0.2840448031496063
 30
0
 11
1.0777001574803149
 21
0.2841309448818898
 31
0
  0
LINE
  5
266
330
1A
100
AcDbEntity
  8
BLACK
  6
CONTINUOUS
100
AcDbLine
 10
1.0777001574803149
 20
0.2841309448818898
 30
0
 11
1.0776803937007873
 21
0.2843318503937008
 31
0
  0
LINE
  5
267
330
1A
100
AcDbEntity
  8
BLACK
  6
CONTINUOUS
100
AcDbLine
 10
1.0776803937007873
 20
0.2843318503937008
 30
0
 11
1.0776803937007873
 21
0.2927683070866142
 31
0
  0
LINE
  5
268
330
1A
100
AcDbEntity
  8
BLACK
  6
CONTINUOUS
100
AcDbLine
 10
1.0776803937007873
 20
0.2927683070866142
 30
0
 11
1.0777001574803149
 21
0.2929692519685039
 31
0
  0
LINE
  5
269
330
1A
100
AcDbEntity
  8
BLACK
  6
CONTINUOUS
100
AcDbLine
 10
1.0777001574803149
 20
0.2929692519685039
 30
0
 11
1.0776873622047243
 21
0.2930553543307087
 31
0
  0
LINE
  5
26A
330
1A
100
AcDbEntity
  8
BLACK
  6
CONTINUOUS
100
AcDbLine
 10
1.0776873622047243
 20
0.2930553543307087
 30
0
 11
1.0777511023622046
 21
0.2934864960629921
 31
0
  0
LINE
  5
26B
330
1A
100
AcDbEntity
  8
BLACK
  6
CONTINUOUS
100
AcDbLine
 10
1.0777511023622046
 20
0.2934864960629921
 30
0
 11
1.0777938582677165
 21
0.2939204330708661
 31
0
  0
LINE
  5
26C
330
1A
100
AcDbEntity
  8
BLACK
  6
CONTINUOUS
100
AcDbLine
 10
1.0777938582677165
 20
0.2939204330708661
 30
0
 11
1.0778272047244095
 21
0.2940009448818898
 31
0
  0
LINE
  5
26D
330
1A
100
AcDbEntity
  8
BLACK
  6
CONTINUOUS
100
AcDbLine
 10
1.0778272047244095
 20
0.2940009448818898
 30
0
 11
1.0778567322834645
 21
0.2942005905511811
 31
0
  0
LINE
  5
26E
330
1A
100
AcDbEntity
  8
BLACK
  6
CONTINUOUS
100
AcDbLine
 10
1.0778567322834645
 20
0.2942005905511811
 30
0
 11
1.0806688582677164
 21
0.3054491732283465
 31
0
  0
LINE
  5
26F
330
1A
100
AcDbEntity
  8
BLACK
  6
CONTINUOUS
100
AcDbLine
 10
1.0806688582677164
 20
0.3054491732283465
 30
0
 11
1.0806992125984252
 21
0.3055341732283465
 31
0
  0
LINE
  5
270
330
1A
100
AcDbEntity
  8
BLACK
  6
CONTINUOUS
100
AcDbLine
 10
1.0806992125984252
 20
0.3055341732283465
 30
0
 11
1.0807022440944882
 21
0.3055766929133858
 31
0
  0
LINE
  5
271
330
1A
100
AcDbEntity
  8
BLACK
  6
CONTINUOUS
100
AcDbLine
 10
1.0807022440944882
 20
0.3055766929133858
 30
0
 11
1.0808856299212599
 21
0.3060560236220473
 31
0
  0
LINE
  5
272
330
1A
100
AcDbEntity
  8
BLACK
  6
CONTINUOUS
100
AcDbLine
 10
1.0808856299212599
 20
0.3060560236220473
 30
0
 11
1.081058346456693
 21
0.3065393700787402
 31
0
  0
LINE
  5
273
330
1A
100
AcDbEntity
  8
BLACK
  6
CONTINUOUS
100
AcDbLine
 10
1.081058346456693
 20
0.3065393700787402
 30
0
 11
1.0810837007874015
 21
0.3065736614173228
 31
0
  0
LINE
  5
274
330
1A
100
AcDbEntity
  8
BLACK
  6
CONTINUOUS
100
AcDbLine
 10
1.0810837007874015
 20
0.3065736614173228
 30
0
 11
1.0811159842519684
 21
0.3066579133858268
 31
0
  0
LINE
  5
275
330
1A
100
AcDbEntity
  8
BLACK
  6
CONTINUOUS
100
AcDbLine
 10
1.0811159842519684
 20
0.3066579133858268
 30
0
 11
1.0839281496062991
 21
0.3122822047244094
 31
0
  0
LINE
  5
276
330
1A
100
AcDbEntity
  8
BLACK
  6
CONTINUOUS
100
AcDbLine
 10
1.0839281496062991
 20
0.3122822047244094
 30
0
 11
1.0842402362204724
 21
0.312778031496063
 31
0
  0
LINE
  5
277
330
1A
100
AcDbEntity
  8
BLACK
  6
CONTINUOUS
100
AcDbLine
 10
1.0842402362204724
 20
0.312778031496063
 30
0
 11
1.0842999212598425
 21
0.3129220866141732
 31
0
  0
LINE
  5
278
330
1A
100
AcDbEntity
  8
BLACK
  6
CONTINUOUS
100
AcDbLine
 10
1.0842999212598425
 20
0.3129220866141732
 30
0
 11
1.0844330314960631
 21
0.3130842913385827
 31
0
  0
LINE
  5
279
330
1A
100
AcDbEntity
  8
BLACK
  6
CONTINUOUS
100
AcDbLine
 10
1.0844330314960631
 20
0.3130842913385827
 30
0
 11
1.0845448818897638
 21
0.313261968503937
 31
0
  0
LINE
  5
27A
330
1A
100
AcDbEntity
  8
BLACK
  6
CONTINUOUS
100
AcDbLine
 10
1.0845448818897638
 20
0.313261968503937
 30
0
 11
1.084662716535433
 21
0.3133642125984252
 31
0
  0
LINE
  5
27B
330
1A
100
AcDbEntity
  8
BLACK
  6
CONTINUOUS
100
AcDbLine
 10
1.084662716535433
 20
0.3133642125984252
 30
0
 11
1.0850343700787402
 21
0.3138170078740157
 31
0
  0
LINE
  5
27C
330
1A
100
AcDbEntity
  8
BLACK
  6
CONTINUOUS
100
AcDbLine
 10
1.0850343700787402
 20
0.3138170078740157
 30
0
 11
1.0906586614173228
 21
0.3194412992125984
 31
0
  0
LINE
  5
27D
330
1A
100
AcDbEntity
  8
BLACK
  6
CONTINUOUS
100
AcDbLine
 10
1.0906586614173228
 20
0.3194412992125984
 30
0
 11
1.0915535433070866
 21
0.3201757480314961
 31
0
  0
LINE
  5
27E
330
1A
100
AcDbEntity
  8
BLACK
  6
CONTINUOUS
100
AcDbLine
 10
1.0915535433070866
 20
0.3201757480314961
 30
0
 11
1.0917496456692912
 21
0.3202570078740157
 31
0
  0
LINE
  5
27F
330
1A
100
AcDbEntity
  8
BLACK
  6
CONTINUOUS
100
AcDbLine
 10
1.0917496456692912
 20
0.3202570078740157
 30
0
 11
1.0919098818897637
 21
0.3203959448818898
 31
0
  0
LINE
  5
280
330
1A
100
AcDbEntity
  8
BLACK
  6
CONTINUOUS
100
AcDbLine
 10
1.0919098818897637
 20
0.3203959448818898
 30
0
 11
1.0929670078740157
 21
0.3208679133858268
 31
0
  0
LINE
  5
281
330
1A
100
AcDbEntity
  8
BLACK
  6
CONTINUOUS
100
AcDbLine
 10
1.0929670078740157
 20
0.3208679133858268
 30
0
 11
1.1014034251968503
 21
0.3236800787401575
 31
0
  0
LINE
  5
282
330
1A
100
AcDbEntity
  8
BLACK
  6
CONTINUOUS
100
AcDbLine
 10
1.1014034251968503
 20
0.3236800787401575
 30
0
 11
1.1019746456692914
 21
0.32381
 31
0
  0
LINE
  5
283
330
1A
100
AcDbEntity
  8
BLACK
  6
CONTINUOUS
100
AcDbLine
 10
1.1019746456692914
 20
0.32381
 30
0
 11
1.1021188188976379
 21
0.3238696850393701
 31
0
  0
LINE
  5
284
330
1A
100
AcDbEntity
  8
BLACK
  6
CONTINUOUS
100
AcDbLine
 10
1.1021188188976379
 20
0.3238696850393701
 30
0
 11
1.1023277952755905
 21
0.3238902755905512
 31
0
  0
LINE
  5
285
330
1A
100
AcDbEntity
  8
BLACK
  6
CONTINUOUS
100
AcDbLine
 10
1.1023277952755905
 20
0.3238902755905512
 30
0
 11
1.1025323228346458
 21
0.3239367716535433
 31
0
  0
LINE
  5
286
330
1A
100
AcDbEntity
  8
BLACK
  6
CONTINUOUS
100
AcDbLine
 10
1.1025323228346458
 20
0.3239367716535433
 30
0
 11
1.1026877952755905
 21
0.323925748031496
 31
0
  0
LINE
  5
287
330
1A
100
AcDbEntity
  8
BLACK
  6
CONTINUOUS
100
AcDbLine
 10
1.1026877952755905
 20
0.323925748031496
 30
0
 11
1.1032709448818898
 21
0.3239831496062992
 31
0
  0
LINE
  5
288
330
1A
100
AcDbEntity
  8
BLACK
  6
CONTINUOUS
100
AcDbLine
 10
1.1032709448818898
 20
0.3239831496062992
 30
0
 11
1.1088952362204725
 21
0.3239831496062992
 31
0
  0
LINE
  5
289
330
1A
100
AcDbEntity
  8
BLACK
  6
CONTINUOUS
100
AcDbLine
 10
1.1088952362204725
 20
0.3239831496062992
 30
0
 11
1.1094783464566929
 21
0.323925748031496
 31
0
  0
LINE
  5
28A
330
1A
100
AcDbEntity
  8
BLACK
  6
CONTINUOUS
100
AcDbLine
 10
1.2191521259842519
 20
0.323925748031496
 30
0
 11
1.2193076377952756
 21
0.3239367716535433
 31
0
  0
LINE
  5
28B
330
1A
100
AcDbEntity
  8
BLACK
  6
CONTINUOUS
100
AcDbLine
 10
1.2193076377952756
 20
0.3239367716535433
 30
0
 11
1.2195121259842518
 21
0.3238902755905512
 31
0
  0
LINE
  5
28C
330
1A
100
AcDbEntity
  8
BLACK
  6
CONTINUOUS
100
AcDbLine
 10
1.2195121259842518
 20
0.3238902755905512
 30
0
 11
1.2197211417322835
 21
0.3238696850393701
 31
0
  0
LINE
  5
28D
330
1A
100
AcDbEntity
  8
BLACK
  6
CONTINUOUS
100
AcDbLine
 10
1.2197211417322835
 20
0.3238696850393701
 30
0
 11
1.21986531496063
 21
0.3238099606299212
 31
0
  0
LINE
  5
28E
330
1A
100
AcDbEntity
  8
BLACK
  6
CONTINUOUS
100
AcDbLine
 10
1.21986531496063
 20
0.3238099606299212
 30
0
 11
1.2204364960629921
 21
0.3236800787401575
 31
0
  0
LINE
  5
28F
330
1A
100
AcDbEntity
  8
BLACK
  6
CONTINUOUS
100
AcDbLine
 10
1.2204364960629921
 20
0.3236800787401575
 30
0
 11
1.2288729527559055
 21
0.3208679527559055
 31
0
  0
LINE
  5
290
330
1A
100
AcDbEntity
  8
BLACK
  6
CONTINUOUS
100
AcDbLine
 10
1.2288729527559055
 20
0.3208679527559055
 30
0
 11
1.2299300787401575
 21
0.3203959448818898
 31
0
  0
LINE
  5
291
330
1A
100
AcDbEntity
  8
BLACK
  6
CONTINUOUS
100
AcDbLine
 10
1.2299300787401575
 20
0.3203959448818898
 30
0
 11
1.2300903149606299
 21
0.320256968503937
 31
0
  0
LINE
  5
292
330
1A
100
AcDbEntity
  8
BLACK
  6
CONTINUOUS
100
AcDbLine
 10
1.2300903149606299
 20
0.320256968503937
 30
0
 11
1.230286377952756
 21
0.3201757480314961
 31
0
  0
LINE
  5
293
330
1A
100
AcDbEntity
  8
BLACK
  6
CONTINUOUS
100
AcDbLine
 10
1.230286377952756
 20
0.3201757480314961
 30
0
 11
1.2311812992125983
 21
0.3194412992125984
 31
0
  0
LINE
  5
294
330
1A
100
AcDbEntity
  8
BLACK
  6
CONTINUOUS
100
AcDbLine
 10
1.2311812992125983
 20
0.3194412992125984
 30
0
 11
1.236805590551181
 21
0.3138170078740157
 31
0
  0
LINE
  5
295
330
1A
100
AcDbEntity
  8
BLACK
  6
CONTINUOUS
100
AcDbLine
 10
1.236805590551181
 20
0.3138170078740157
 30
0
 11
1.2371772440944881
 21
0.3133641732283465
 31
0
  0
LINE
  5
296
330
1A
100
AcDbEntity
  8
BLACK
  6
CONTINUOUS
100
AcDbLine
 10
1.2371772440944881
 20
0.3133641732283465
 30
0
 11
1.2372950787401575
 21
0.313261968503937
 31
0
  0
LINE
  5
297
330
1A
100
AcDbEntity
  8
BLACK
  6
CONTINUOUS
100
AcDbLine
 10
1.2372950787401575
 20
0.313261968503937
 30
0
 11
1.237406811023622
 21
0.3130844488188976
 31
0
  0
LINE
  5
298
330
1A
100
AcDbEntity
  8
BLACK
  6
CONTINUOUS
100
AcDbLine
 10
1.237406811023622
 20
0.3130844488188976
 30
0
 11
1.2375400393700786
 21
0.312922125984252
 31
0
  0
LINE
  5
299
330
1A
100
AcDbEntity
  8
BLACK
  6
CONTINUOUS
100
AcDbLine
 10
1.2375400393700786
 20
0.312922125984252
 30
0
 11
1.2375997244094488
 21
0.3127779527559055
 31
0
  0
LINE
  5
29A
330
1A
100
AcDbEntity
  8
BLACK
  6
CONTINUOUS
100
AcDbLine
 10
1.2375997244094488
 20
0.3127779527559055
 30
0
 11
1.237911811023622
 21
0.3122822047244094
 31
0
  0
LINE
  5
29B
330
1A
100
AcDbEntity
  8
BLACK
  6
CONTINUOUS
100
AcDbLine
 10
1.237911811023622
 20
0.3122822047244094
 30
0
 11
1.2407239763779527
 21
0.3066579527559055
 31
0
  0
LINE
  5
29C
330
1A
100
AcDbEntity
  8
BLACK
  6
CONTINUOUS
100
AcDbLine
 10
1.2407239763779527
 20
0.3066579527559055
 30
0
 11
1.2407562204724409
 21
0.3065736220472441
 31
0
  0
LINE
  5
29D
330
1A
100
AcDbEntity
  8
BLACK
  6
CONTINUOUS
100
AcDbLine
 10
1.2407562204724409
 20
0.3065736220472441
 30
0
 11
1.2407816141732284
 21
0.3065393700787402
 31
0
  0
LINE
  5
29E
330
1A
100
AcDbEntity
  8
BLACK
  6
CONTINUOUS
100
AcDbLine
 10
1.2407816141732284
 20
0.3065393700787402
 30
0
 11
1.2409542125984252
 21
0.3060562598425197
 31
0
  0
LINE
  5
29F
330
1A
100
AcDbEntity
  8
BLACK
  6
CONTINUOUS
100
AcDbLine
 10
1.2409542125984252
 20
0.3060562598425197
 30
0
 11
1.2411377165354331
 21
0.3055766929133858
 31
0
  0
LINE
  5
2A0
330
1A
100
AcDbEntity
  8
BLACK
  6
CONTINUOUS
100
AcDbLine
 10
1.2411377165354331
 20
0.3055766929133858
 30
0
 11
1.2411407086614172
 21
0.3055341732283465
 31
0
  0
LINE
  5
2A1
330
1A
100
AcDbEntity
  8
BLACK
  6
CONTINUOUS
100
AcDbLine
 10
1.2411407086614172
 20
0.3055341732283465
 30
0
 11
1.2411711023622047
 21
0.3054491732283465
 31
0
  0
LINE
  5
2A2
330
1A
100
AcDbEntity
  8
BLACK
  6
CONTINUOUS
100
AcDbLine
 10
1.2411711023622047
 20
0.3054491732283465
 30
0
 11
1.2439832283464567
 21
0.2942005905511811
 31
0
  0
LINE
  5
2A3
330
1A
100
AcDbEntity
  8
BLACK
  6
CONTINUOUS
100
AcDbLine
 10
1.2439832283464567
 20
0.2942005905511811
 30
0
 11
1.2440127165354331
 21
0.2940009448818898
 31
0
  0
LINE
  5
2A4
330
1A
100
AcDbEntity
  8
BLACK
  6
CONTINUOUS
100
AcDbLine
 10
1.2440127165354331
 20
0.2940009448818898
 30
0
 11
1.2440461023622047
 21
0.2939204330708661
 31
0
  0
LINE
  5
2A5
330
1A
100
AcDbEntity
  8
BLACK
  6
CONTINUOUS
100
AcDbLine
 10
1.2440461023622047
 20
0.2939204330708661
 30
0
 11
1.2440888188976378
 21
0.2934864960629921
 31
0
  0
LINE
  5
2A6
330
1A
100
AcDbEntity
  8
BLACK
  6
CONTINUOUS
100
AcDbLine
 10
1.2440888188976378
 20
0.2934864960629921
 30
0
 11
1.2441525984251969
 21
0.2930553543307087
 31
0
  0
LINE
  5
2A7
330
1A
100
AcDbEntity
  8
BLACK
  6
CONTINUOUS
100
AcDbLine
 10
1.2441525984251969
 20
0.2930553543307087
 30
0
 11
1.2441397637795275
 21
0.2929692519685039
 31
0
  0
LINE
  5
2A8
330
1A
100
AcDbEntity
  8
BLACK
  6
CONTINUOUS
100
AcDbLine
 10
1.2441397637795275
 20
0.2929692519685039
 30
0
 11
1.2441595669291339
 21
0.2927683070866142
 31
0
  0
LINE
  5
2A9
330
1A
100
AcDbEntity
  8
BLACK
  6
CONTINUOUS
100
AcDbLine
 10
1.2441595669291339
 20
0.2927683070866142
 30
0
 11
1.2441595669291339
 21
0.2843318503937008
 31
0
  0
LINE
  5
2AA
330
1A
100
AcDbEntity
  8
BLACK
  6
CONTINUOUS
100
AcDbLine
 10
1.2441595669291339
 20
0.2843318503937008
 30
0
 11
1.2441397637795275
 21
0.2841309448818898
 31
0
  0
LINE
  5
2AB
330
1A
100
AcDbEntity
  8
BLACK
  6
CONTINUOUS
100
AcDbLine
 10
1.2441397637795275
 20
0.2841309448818898
 30
0
 11
1.2441525984251969
 21
0.2840448031496063
 31
0
  0
LINE
  5
2AC
330
1A
100
AcDbEntity
  8
BLACK
  6
CONTINUOUS
100
AcDbLine
 10
1.2441525984251969
 20
0.2840448031496063
 30
0
 11
1.2440888188976378
 21
0.2836137007874016
 31
0
  0
LINE
  5
2AD
330
1A
100
AcDbEntity
  8
BLACK
  6
CONTINUOUS
100
AcDbLine
 10
1.2440888188976378
 20
0.2836137007874016
 30
0
 11
1.2440461023622047
 21
0.2831797244094488
 31
0
  0
LINE
  5
2AE
330
1A
100
AcDbEntity
  8
BLACK
  6
CONTINUOUS
100
AcDbLine
 10
1.2440461023622047
 20
0.2831797244094488
 30
0
 11
1.2440127165354331
 21
0.2830992519685039
 31
0
  0
LINE
  5
2AF
330
1A
100
AcDbEntity
  8
BLACK
  6
CONTINUOUS
100
AcDbLine
 10
1.2440127165354331
 20
0.2830992519685039
 30
0
 11
1.2439832283464567
 21
0.2828995669291339
 31
0
  0
LINE
  5
2B0
330
1A
100
AcDbEntity
  8
BLACK
  6
CONTINUOUS
100
AcDbLine
 10
1.2439832283464567
 20
0.2828995669291339
 30
0
 11
1.2411711023622047
 21
0.2716509842519685
 31
0
  0
LINE
  5
2B1
330
1A
100
AcDbEntity
  8
BLACK
  6
CONTINUOUS
100
AcDbLine
 10
1.2411711023622047
 20
0.2716509842519685
 30
0
 11
1.2411407086614172
 21
0.2715660236220472
 31
0
  0
LINE
  5
2B2
330
1A
100
AcDbEntity
  8
BLACK
  6
CONTINUOUS
100
AcDbLine
 10
1.2411407086614172
 20
0.2715660236220472
 30
0
 11
1.2411377165354331
 21
0.2715234645669291
 31
0
  0
LINE
  5
2B3
330
1A
100
AcDbEntity
  8
BLACK
  6
CONTINUOUS
100
AcDbLine
 10
1.2411377165354331
 20
0.2715234645669291
 30
0
 11
1.2409542125984252
 21
0.271043937007874
 31
0
  0
LINE
  5
2B4
330
1A
100
AcDbEntity
  8
BLACK
  6
CONTINUOUS
100
AcDbLine
 10
1.2409542125984252
 20
0.271043937007874
 30
0
 11
1.2407816141732284
 21
0.2705607874015748
 31
0
  0
LINE
  5
2B5
330
1A
100
AcDbEntity
  8
BLACK
  6
CONTINUOUS
100
AcDbLine
 10
1.2407816141732284
 20
0.2705607874015748
 30
0
 11
1.2407562204724409
 21
0.2705265748031496
 31
0
  0
LINE
  5
2B6
330
1A
100
AcDbEntity
  8
BLACK
  6
CONTINUOUS
100
AcDbLine
 10
1.2407562204724409
 20
0.2705265748031496
 30
0
 11
1.2407239763779527
 21
0.2704422047244094
 31
0
  0
LINE
  5
2B7
330
1A
100
AcDbEntity
  8
BLACK
  6
CONTINUOUS
100
AcDbLine
 10
1.2407239763779527
 20
0.2704422047244094
 30
0
 11
1.237911811023622
 21
0.2648179527559055
 31
0
  0
LINE
  5
2B8
330
1A
100
AcDbEntity
  8
BLACK
  6
CONTINUOUS
100
AcDbLine
 10
1.237911811023622
 20
0.2648179527559055
 30
0
 11
1.23759968503937
 21
0.2643221653543307
 31
0
  0
LINE
  5
2B9
330
1A
100
AcDbEntity
  8
BLACK
  6
CONTINUOUS
100
AcDbLine
 10
1.23759968503937
 20
0.2643221653543307
 30
0
 11
1.2375400393700786
 21
0.2641780708661417
 31
0
  0
LINE
  5
2BA
330
1A
100
AcDbEntity
  8
BLACK
  6
CONTINUOUS
100
AcDbLine
 10
1.2375400393700786
 20
0.2641780708661417
 30
0
 11
1.2374068897637795
 21
0.264015905511811
 31
0
  0
LINE
  5
2BB
330
1A
100
AcDbEntity
  8
BLACK
  6
CONTINUOUS
100
AcDbLine
 10
1.2374068897637795
 20
0.264015905511811
 30
0
 11
1.2372950787401575
 21
0.263838188976378
 31
0
  0
LINE
  5
2BC
330
1A
100
AcDbEntity
  8
BLACK
  6
CONTINUOUS
100
AcDbLine
 10
1.2372950787401575
 20
0.263838188976378
 30
0
 11
1.2371771653543306
 21
0.2637359842519685
 31
0
  0
LINE
  5
2BD
330
1A
100
AcDbEntity
  8
BLACK
  6
CONTINUOUS
100
AcDbLine
 10
1.2371771653543306
 20
0.2637359842519685
 30
0
 11
1.236805590551181
 21
0.2632831496062992
 31
0
  0
LINE
  5
2BE
330
1A
100
AcDbEntity
  8
BLACK
  6
CONTINUOUS
100
AcDbLine
 10
1.236805590551181
 20
0.2632831496062992
 30
0
 11
1.2311812992125983
 21
0.2576588188976378
 31
0
  0
LINE
  5
2BF
330
1A
100
AcDbEntity
  8
BLACK
  6
CONTINUOUS
100
AcDbLine
 10
1.2311812992125983
 20
0.2576588188976378
 30
0
 11
1.2302864173228347
 21
0.2569243700787401
 31
0
  0
LINE
  5
2C0
330
1A
100
AcDbEntity
  8
BLACK
  6
CONTINUOUS
100
AcDbLine
 10
1.2302864173228347
 20
0.2569243700787401
 30
0
 11
1.2300903543307087
 21
0.2568431889763779
 31
0
  0
LINE
  5
2C1
330
1A
100
AcDbEntity
  8
BLACK
  6
CONTINUOUS
100
AcDbLine
 10
1.2300903543307087
 20
0.2568431889763779
 30
0
 11
1.2299300787401575
 21
0.2567041338582677
 31
0
  0
LINE
  5
2C2
330
1A
100
AcDbEntity
  8
BLACK
  6
CONTINUOUS
100
AcDbLine
 10
1.2299300787401575
 20
0.2567041338582677
 30
0
 11
1.2288729527559055
 21
0.2562321653543307
 31
0
  0
LINE
  5
2C3
330
1A
100
AcDbEntity
  8
BLACK
  6
CONTINUOUS
100
AcDbLine
 10
1.2288729527559055
 20
0.2562321653543307
 30
0
 11
1.2204364960629921
 21
0.2534200393700787
 31
0
  0
LINE
  5
2C4
330
1A
100
AcDbEntity
  8
BLACK
  6
CONTINUOUS
100
AcDbLine
 10
1.2204364960629921
 20
0.2534200393700787
 30
0
 11
1.2198651181102362
 21
0.253290157480315
 31
0
  0
LINE
  5
2C5
330
1A
100
AcDbEntity
  8
BLACK
  6
CONTINUOUS
100
AcDbLine
 10
1.2198651181102362
 20
0.253290157480315
 30
0
 11
1.2197211417322835
 21
0.2532304724409449
 31
0
  0
LINE
  5
2C6
330
1A
100
AcDbEntity
  8
BLACK
  6
CONTINUOUS
100
AcDbLine
 10
1.2197211417322835
 20
0.2532304724409449
 30
0
 11
1.2195123622047244
 21
0.2532099212598425
 31
0
  0
LINE
  5
2C7
330
1A
100
AcDbEntity
  8
BLACK
  6
CONTINUOUS
100
AcDbLine
 10
1.2195123622047244
 20
0.2532099212598425
 30
0
 11
1.2193075984251969
 21
0.2531633464566929
 31
0
  0
LINE
  5
2C8
330
1A
100
AcDbEntity
  8
BLACK
  6
CONTINUOUS
100
AcDbLine
 10
1.2193075984251969
 20
0.2531633464566929
 30
0
 11
1.2191518897637794
 21
0.2531744488188976
 31
0
  0
LINE
  5
2C9
330
1A
100
AcDbEntity
  8
BLACK
  6
CONTINUOUS
100
AcDbLine
 10
1.2191518897637794
 20
0.2531744488188976
 30
0
 11
1.2185690157480316
 21
0.2531170078740158
 31
0
  0
LINE
  5
2CA
330
1A
100
AcDbEntity
  8
BLACK
  6
CONTINUOUS
100
AcDbLine
 10
1.2185690157480316
 20
0.2531170078740158
 30
0
 11
1.2045082677165353
 21
0.2531170078740158
 31
0
  0
LINE
  5
2CB
330
1A
100
AcDbEntity
  8
BLACK
  6
CONTINUOUS
100
AcDbLine
 10
1.2045082677165353
 20
0.2531170078740158
 30
0
 11
1.2033561417322833
 21
0.2532304724409449
 31
0
  0
LINE
  5
2CC
330
1A
100
AcDbEntity
  8
BLACK
  6
CONTINUOUS
100
AcDbLine
 10
1.2033561417322833
 20
0.2532304724409449
 30
0
 11
1.2012273228346457
 21
0.2541122834645669
 31
0
  0
LINE
  5
2CD
330
1A
100
AcDbEntity
  8
BLACK
  6
CONTINUOUS
100
AcDbLine
 10
1.2012273228346457
 20
0.2541122834645669
 30
0
 11
1.199598031496063
 21
0.2557415748031496
 31
0
  0
LINE
  5
2CE
330
1A
100
AcDbEntity
  8
BLACK
  6
CONTINUOUS
100
AcDbLine
 10
1.199598031496063
 20
0.2557415748031496
 30
0
 11
1.1987162204724409
 21
0.2578703937007874
 31
0
  0
LINE
  5
2CF
330
1A
100
AcDbEntity
  8
BLACK
  6
CONTINUOUS
100
AcDbLine
 10
1.1987162204724409
 20
0.2578703937007874
 30
0
 11
1.1986027559055117
 21
0.2590225196850394
 31
0
  0
LINE
  5
2D0
330
1A
100
AcDbEntity
  8
BLACK
  6
CONTINUOUS
100
AcDbLine
 10
1.1986027559055117
 20
0.2590225196850394
 30
0
 11
1.1986027559055117
 21
0.3180776377952756
 31
0
  0
LINE
  5
2D1
330
1A
100
AcDbEntity
  8
BLACK
  6
CONTINUOUS
100
AcDbLine
 10
1.1986027559055117
 20
0.3180776377952756
 30
0
 11
1.1987162204724409
 21
0.3192297637795276
 31
0
  0
LINE
  5
2D2
330
1A
100
AcDbEntity
  8
BLACK
  6
CONTINUOUS
100
AcDbLine
 10
1.1987162204724409
 20
0.3192297637795276
 30
0
 11
1.199598031496063
 21
0.3213585826771653
 31
0
  0
LINE
  5
2D3
330
1A
100
AcDbEntity
  8
BLACK
  6
CONTINUOUS
100
AcDbLine
 10
1.199598031496063
 20
0.3213585826771653
 30
0
 11
1.2012273228346457
 21
0.322987874015748
 31
0
  0
LINE
  5
2D4
330
1A
100
AcDbEntity
  8
BLACK
  6
CONTINUOUS
100
AcDbLine
 10
1.2012273228346457
 20
0.322987874015748
 30
0
 11
1.2033561417322833
 21
0.3238696850393701
 31
0
  0
LINE
  5
2D5
330
1A
100
AcDbEntity
  8
BLACK
  6
CONTINUOUS
100
AcDbLine
 10
1.2033561417322833
 20
0.3238696850393701
 30
0
 11
1.2045082677165353
 21
0.3239831496062992
 31
0
  0
LINE
  5
2D6
330
1A
100
AcDbEntity
  8
BLACK
  6
CONTINUOUS
100
AcDbLine
 10
1.2045082677165353
 20
0.3239831496062992
 30
0
 11
1.2185690157480316
 21
0.3239831496062992
 31
0
  0
LINE
  5
2D7
330
1A
100
AcDbEntity
  8
BLACK
  6
CONTINUOUS
100
AcDbLine
 10
1.2185690157480316
 20
0.3239831496062992
 30
0
 11
1.2191521259842519
 21
0.323925748031496
 31
0
  0
LINE
  5
2D8
330
1A
100
AcDbEntity
  8
BLACK
  6
CONTINUOUS
100
AcDbLine
 10
1.2104137795275591
 20
0.264928031496063
 30
0
 11
1.2176106299212599
 21
0.264928031496063
 31
0
  0
LINE
  5
2D9
330
1A
100
AcDbEntity
  8
BLACK
  6
CONTINUOUS
100
AcDbLine
 10
1.2176106299212599
 20
0.264928031496063
 30
0
 11
1.2238154330708662
 21
0.2669962992125984
 31
0
  0
LINE
  5
2DA
330
1A
100
AcDbEntity
  8
BLACK
  6
CONTINUOUS
100
AcDbLine
 10
1.2238154330708662
 20
0.2669962992125984
 30
0
 11
1.2277762992125985
 21
0.2709571653543307
 31
0
  0
LINE
  5
2DB
330
1A
100
AcDbEntity
  8
BLACK
  6
CONTINUOUS
100
AcDbLine
 10
1.2277762992125985
 20
0.2709571653543307
 30
0
 11
1.2298699606299213
 21
0.2751445669291339
 31
0
  0
LINE
  5
2DC
330
1A
100
AcDbEntity
  8
BLACK
  6
CONTINUOUS
100
AcDbLine
 10
1.2298699606299213
 20
0.2751445669291339
 30
0
 11
1.2323485433070867
 21
0.285058779527559
 31
0
  0
LINE
  5
2DD
330
1A
100
AcDbEntity
  8
BLACK
  6
CONTINUOUS
100
AcDbLine
 10
1.2323485433070867
 20
0.285058779527559
 30
0
 11
1.2323485433070867
 21
0.2920414173228346
 31
0
  0
LINE
  5
2DE
330
1A
100
AcDbEntity
  8
BLACK
  6
CONTINUOUS
100
AcDbLine
 10
1.2323485433070867
 20
0.2920414173228346
 30
0
 11
1.2298699606299213
 21
0.3019556299212598
 31
0
  0
LINE
  5
2DF
330
1A
100
AcDbEntity
  8
BLACK
  6
CONTINUOUS
100
AcDbLine
 10
1.2298699606299213
 20
0.3019556299212598
 30
0
 11
1.2277762992125985
 21
0.3061429921259842
 31
0
  0
LINE
  5
2E0
330
1A
100
AcDbEntity
  8
BLACK
  6
CONTINUOUS
100
AcDbLine
 10
1.2277762992125985
 20
0.3061429921259842
 30
0
 11
1.2238153937007874
 21
0.3101038976377953
 31
0
  0
LINE
  5
2E1
330
1A
100
AcDbEntity
  8
BLACK
  6
CONTINUOUS
100
AcDbLine
 10
1.2238153937007874
 20
0.3101038976377953
 30
0
 11
1.2176107480314959
 21
0.312172125984252
 31
0
  0
LINE
  5
2E2
330
1A
100
AcDbEntity
  8
BLACK
  6
CONTINUOUS
100
AcDbLine
 10
1.2176107480314959
 20
0.312172125984252
 30
0
 11
1.2104137795275591
 21
0.312172125984252
 31
0
  0
LINE
  5
2E3
330
1A
100
AcDbEntity
  8
BLACK
  6
CONTINUOUS
100
AcDbLine
 10
1.2104137795275591
 20
0.312172125984252
 30
0
 11
1.2104137795275591
 21
0.264928031496063
 31
0
  0
LINE
  5
2E4
330
1A
100
AcDbEntity
  8
BLACK
  6
CONTINUOUS
100
AcDbLine
 10
1.2815884251968503
 20
0.3238696850393701
 30
0
 11
1.2817844881889764
 21
0.3237884645669291
 31
0
  0
LINE
  5
2E5
330
1A
100
AcDbEntity
  8
BLACK
  6
CONTINUOUS
100
AcDbLine
 10
1.2817844881889764
 20
0.3237884645669291
 30
0
 11
1.2819961023622046
 21
0.3237734251968504
 31
0
  0
LINE
  5
2E6
330
1A
100
AcDbEntity
  8
BLACK
  6
CONTINUOUS
100
AcDbLine
 10
1.2819961023622046
 20
0.3237734251968504
 30
0
 11
1.2830773228346457
 21
0.3233596850393701
 31
0
  0
LINE
  5
2E7
330
1A
100
AcDbEntity
  8
BLACK
  6
CONTINUOUS
100
AcDbLine
 10
1.2830773228346457
 20
0.3233596850393701
 30
0
 11
1.2887016141732284
 21
0.3205475196850394
 31
0
  0
LINE
  5
2E8
330
1A
100
AcDbEntity
  8
BLACK
  6
CONTINUOUS
100
AcDbLine
 10
1.2887016141732284
 20
0.3205475196850394
 30
0
 11
1.2891974803149606
 21
0.3202353937007874
 31
0
  0
LINE
  5
2E9
330
1A
100
AcDbEntity
  8
BLACK
  6
CONTINUOUS
100
AcDbLine
 10
1.2891974803149606
 20
0.3202353937007874
 30
0
 11
1.2893414566929133
 21
0.3201757480314961
 31
0
  0
LINE
  5
2EA
330
1A
100
AcDbEntity
  8
BLACK
  6
CONTINUOUS
100
AcDbLine
 10
1.2893414566929133
 20
0.3201757480314961
 30
0
 11
1.2895035433070865
 21
0.320042716535433
 31
0
  0
LINE
  5
2EB
330
1A
100
AcDbEntity
  8
BLACK
  6
CONTINUOUS
100
AcDbLine
 10
1.2895035433070865
 20
0.320042716535433
 30
0
 11
1.2896813779527558
 21
0.3199307874015748
 31
0
  0
LINE
  5
2EC
330
1A
100
AcDbEntity
  8
BLACK
  6
CONTINUOUS
100
AcDbLine
 10
1.2896813779527558
 20
0.3199307874015748
 30
0
 11
1.2897836220472441
 21
0.3198129133858268
 31
0
  0
LINE
  5
2ED
330
1A
100
AcDbEntity
  8
BLACK
  6
CONTINUOUS
100
AcDbLine
 10
1.2897836220472441
 20
0.3198129133858268
 30
0
 11
1.2902363779527559
 21
0.3194413385826771
 31
0
  0
LINE
  5
2EE
330
1A
100
AcDbEntity
  8
BLACK
  6
CONTINUOUS
100
AcDbLine
 10
1.2902363779527559
 20
0.3194413385826771
 30
0
 11
1.2930485433070866
 21
0.3166292125984252
 31
0
  0
LINE
  5
2EF
330
1A
100
AcDbEntity
  8
BLACK
  6
CONTINUOUS
100
AcDbLine
 10
1.2930485433070866
 20
0.3166292125984252
 30
0
 11
1.2934202755905511
 21
0.3161762598425197
 31
0
  0
LINE
  5
2F0
330
1A
100
AcDbEntity
  8
BLACK
  6
CONTINUOUS
100
AcDbLine
 10
1.2934202755905511
 20
0.3161762598425197
 30
0
 11
1.2935380708661417
 21
0.316074094488189
 31
0
  0
LINE
  5
2F1
330
1A
100
AcDbEntity
  8
BLACK
  6
CONTINUOUS
100
AcDbLine
 10
1.2935380708661417
 20
0.316074094488189
 30
0
 11
1.293649842519685
 21
0.3158965354330708
 31
0
  0
LINE
  5
2F2
330
1A
100
AcDbEntity
  8
BLACK
  6
CONTINUOUS
100
AcDbLine
 10
1.293649842519685
 20
0.3158965354330708
 30
0
 11
1.2937829921259842
 21
0.3157342913385827
 31
0
  0
LINE
  5
2F3
330
1A
100
AcDbEntity
  8
BLACK
  6
CONTINUOUS
100
AcDbLine
 10
1.2937829921259842
 20
0.3157342913385827
 30
0
 11
1.2938426377952756
 21
0.3155902362204724
 31
0
  0
LINE
  5
2F4
330
1A
100
AcDbEntity
  8
BLACK
  6
CONTINUOUS
100
AcDbLine
 10
1.2938426377952756
 20
0.3155902362204724
 30
0
 11
1.2941548031496062
 21
0.3150943700787401
 31
0
  0
LINE
  5
2F5
330
1A
100
AcDbEntity
  8
BLACK
  6
CONTINUOUS
100
AcDbLine
 10
1.2941548031496062
 20
0.3150943700787401
 30
0
 11
1.2969669291338581
 21
0.3094700393700787
 31
0
  0
LINE
  5
2F6
330
1A
100
AcDbEntity
  8
BLACK
  6
CONTINUOUS
100
AcDbLine
 10
1.2969669291338581
 20
0.3094700393700787
 30
0
 11
1.2969990944881888
 21
0.3093859448818898
 31
0
  0
LINE
  5
2F7
330
1A
100
AcDbEntity
  8
BLACK
  6
CONTINUOUS
100
AcDbLine
 10
1.2969990944881888
 20
0.3093859448818898
 30
0
 11
1.2970245669291338
 21
0.3093515748031496
 31
0
  0
LINE
  5
2F8
330
1A
100
AcDbEntity
  8
BLACK
  6
CONTINUOUS
100
AcDbLine
 10
1.2970245669291338
 20
0.3093515748031496
 30
0
 11
1.2971972440944881
 21
0.3088681496062992
 31
0
  0
LINE
  5
2F9
330
1A
100
AcDbEntity
  8
BLACK
  6
CONTINUOUS
100
AcDbLine
 10
1.2971972440944881
 20
0.3088681496062992
 30
0
 11
1.2973807086614173
 21
0.3083888188976378
 31
0
  0
LINE
  5
2FA
330
1A
100
AcDbEntity
  8
BLACK
  6
CONTINUOUS
100
AcDbLine
 10
1.2973807086614173
 20
0.3083888188976378
 30
0
 11
1.2973837007874016
 21
0.3083462204724409
 31
0
  0
LINE
  5
2FB
330
1A
100
AcDbEntity
  8
BLACK
  6
CONTINUOUS
100
AcDbLine
 10
1.2973837007874016
 20
0.3083462204724409
 30
0
 11
1.2974140551181101
 21
0.3082613385826772
 31
0
  0
LINE
  5
2FC
330
1A
100
AcDbEntity
  8
BLACK
  6
CONTINUOUS
100
AcDbLine
 10
1.2974140551181101
 20
0.3082613385826772
 30
0
 11
1.3002262204724409
 21
0.2970127559055118
 31
0
  0
LINE
  5
2FD
330
1A
100
AcDbEntity
  8
BLACK
  6
CONTINUOUS
100
AcDbLine
 10
1.3002262204724409
 20
0.2970127559055118
 30
0
 11
1.300255748031496
 21
0.2968130708661417
 31
0
  0
LINE
  5
2FE
330
1A
100
AcDbEntity
  8
BLACK
  6
CONTINUOUS
100
AcDbLine
 10
1.300255748031496
 20
0.2968130708661417
 30
0
 11
1.3002890944881889
 21
0.2967325590551181
 31
0
  0
LINE
  5
2FF
330
1A
100
AcDbEntity
  8
BLACK
  6
CONTINUOUS
100
AcDbLine
 10
1.3002890944881889
 20
0.2967325590551181
 30
0
 11
1.3003318110236219
 21
0.2962987401574803
 31
0
  0
LINE
  5
300
330
1A
100
AcDbEntity
  8
BLACK
  6
CONTINUOUS
100
AcDbLine
 10
1.3003318110236219
 20
0.2962987401574803
 30
0
 11
1.300395590551181
 21
0.2958675196850394
 31
0
  0
LINE
  5
301
330
1A
100
AcDbEntity
  8
BLACK
  6
CONTINUOUS
100
AcDbLine
 10
1.300395590551181
 20
0.2958675196850394
 30
0
 11
1.3003827559055119
 21
0.2957813779527559
 31
0
  0
LINE
  5
302
330
1A
100
AcDbEntity
  8
BLACK
  6
CONTINUOUS
100
AcDbLine
 10
1.3003827559055119
 20
0.2957813779527559
 30
0
 11
1.300402559055118
 21
0.2955804330708661
 31
0
  0
LINE
  5
303
330
1A
100
AcDbEntity
  8
BLACK
  6
CONTINUOUS
100
AcDbLine
 10
1.300402559055118
 20
0.2955804330708661
 30
0
 11
1.300402559055118
 21
0.2815196850393701
 31
0
  0
LINE
  5
304
330
1A
100
AcDbEntity
  8
BLACK
  6
CONTINUOUS
100
AcDbLine
 10
1.300402559055118
 20
0.2815196850393701
 30
0
 11
1.3003827559055119
 21
0.2813187795275591
 31
0
  0
LINE
  5
305
330
1A
100
AcDbEntity
  8
BLACK
  6
CONTINUOUS
100
AcDbLine
 10
1.3003827559055119
 20
0.2813187795275591
 30
0
 11
1.300395590551181
 21
0.2812325984251968
 31
0
  0
LINE
  5
306
330
1A
100
AcDbEntity
  8
BLACK
  6
CONTINUOUS
100
AcDbLine
 10
1.300395590551181
 20
0.2812325984251968
 30
0
 11
1.3003318110236219
 21
0.2808014173228346
 31
0
  0
LINE
  5
307
330
1A
100
AcDbEntity
  8
BLACK
  6
CONTINUOUS
100
AcDbLine
 10
1.3003318110236219
 20
0.2808014173228346
 30
0
 11
1.3002890944881889
 21
0.2803675590551181
 31
0
  0
LINE
  5
308
330
1A
100
AcDbEntity
  8
BLACK
  6
CONTINUOUS
100
AcDbLine
 10
1.3002890944881889
 20
0.2803675590551181
 30
0
 11
1.300255748031496
 21
0.2802870866141732
 31
0
  0
LINE
  5
309
330
1A
100
AcDbEntity
  8
BLACK
  6
CONTINUOUS
100
AcDbLine
 10
1.300255748031496
 20
0.2802870866141732
 30
0
 11
1.3002262204724409
 21
0.2800873622047244
 31
0
  0
LINE
  5
30A
330
1A
100
AcDbEntity
  8
BLACK
  6
CONTINUOUS
100
AcDbLine
 10
1.3002262204724409
 20
0.2800873622047244
 30
0
 11
1.2974140551181101
 21
0.268838779527559
 31
0
  0
LINE
  5
30B
330
1A
100
AcDbEntity
  8
BLACK
  6
CONTINUOUS
100
AcDbLine
 10
1.2974140551181101
 20
0.268838779527559
 30
0
 11
1.2973837007874016
 21
0.268753937007874
 31
0
  0
LINE
  5
30C
330
1A
100
AcDbEntity
  8
BLACK
  6
CONTINUOUS
100
AcDbLine
 10
1.2973837007874016
 20
0.268753937007874
 30
0
 11
1.2973807086614173
 21
0.2687113385826772
 31
0
  0
LINE
  5
30D
330
1A
100
AcDbEntity
  8
BLACK
  6
CONTINUOUS
100
AcDbLine
 10
1.2973807086614173
 20
0.2687113385826772
 30
0
 11
1.2971973622047244
 21
0.2682323228346457
 31
0
  0
LINE
  5
30E
330
1A
100
AcDbEntity
  8
BLACK
  6
CONTINUOUS
100
AcDbLine
 10
1.2971973622047244
 20
0.2682323228346457
 30
0
 11
1.2970245669291338
 21
0.2677485826771653
 31
0
  0
LINE
  5
30F
330
1A
100
AcDbEntity
  8
BLACK
  6
CONTINUOUS
100
AcDbLine
 10
1.2970245669291338
 20
0.2677485826771653
 30
0
 11
1.2969990944881888
 21
0.267714251968504
 31
0
  0
LINE
  5
310
330
1A
100
AcDbEntity
  8
BLACK
  6
CONTINUOUS
100
AcDbLine
 10
1.2969990944881888
 20
0.267714251968504
 30
0
 11
1.2969669291338581
 21
0.2676301181102362
 31
0
  0
LINE
  5
311
330
1A
100
AcDbEntity
  8
BLACK
  6
CONTINUOUS
100
AcDbLine
 10
1.2969669291338581
 20
0.2676301181102362
 30
0
 11
1.2941548031496062
 21
0.2620057874015748
 31
0
  0
LINE
  5
312
330
1A
100
AcDbEntity
  8
BLACK
  6
CONTINUOUS
100
AcDbLine
 10
1.2941548031496062
 20
0.2620057874015748
 30
0
 11
1.2938427165354331
 21
0.2615100787401575
 31
0
  0
LINE
  5
313
330
1A
100
AcDbEntity
  8
BLACK
  6
CONTINUOUS
100
AcDbLine
 10
1.2938427165354331
 20
0.2615100787401575
 30
0
 11
1.293783031496063
 21
0.261365905511811
 31
0
  0
LINE
  5
314
330
1A
100
AcDbEntity
  8
BLACK
  6
CONTINUOUS
100
AcDbLine
 10
1.293783031496063
 20
0.261365905511811
 30
0
 11
1.2936498031496062
 21
0.2612036220472441
 31
0
  0
LINE
  5
315
330
1A
100
AcDbEntity
  8
BLACK
  6
CONTINUOUS
100
AcDbLine
 10
1.2936498031496062
 20
0.2612036220472441
 30
0
 11
1.2935380708661417
 21
0.261026062992126
 31
0
  0
LINE
  5
316
330
1A
100
AcDbEntity
  8
BLACK
  6
CONTINUOUS
100
AcDbLine
 10
1.2935380708661417
 20
0.261026062992126
 30
0
 11
1.2934202755905511
 21
0.260923937007874
 31
0
  0
LINE
  5
317
330
1A
100
AcDbEntity
  8
BLACK
  6
CONTINUOUS
100
AcDbLine
 10
1.2934202755905511
 20
0.260923937007874
 30
0
 11
1.2930485826771654
 21
0.2604709842519685
 31
0
  0
LINE
  5
318
330
1A
100
AcDbEntity
  8
BLACK
  6
CONTINUOUS
100
AcDbLine
 10
1.2930485826771654
 20
0.2604709842519685
 30
0
 11
1.2902364173228347
 21
0.2576588188976378
 31
0
  0
LINE
  5
319
330
1A
100
AcDbEntity
  8
BLACK
  6
CONTINUOUS
100
AcDbLine
 10
1.2902364173228347
 20
0.2576588188976378
 30
0
 11
1.2897835826771653
 21
0.2572872047244095
 31
0
  0
LINE
  5
31A
330
1A
100
AcDbEntity
  8
BLACK
  6
CONTINUOUS
100
AcDbLine
 10
1.2897835826771653
 20
0.2572872047244095
 30
0
 11
1.2896813779527558
 21
0.2571693307086614
 31
0
  0
LINE
  5
31B
330
1A
100
AcDbEntity
  8
BLACK
  6
CONTINUOUS
100
AcDbLine
 10
1.2896813779527558
 20
0.2571693307086614
 30
0
 11
1.2895036614173228
 21
0.2570575196850394
 31
0
  0
LINE
  5
31C
330
1A
100
AcDbEntity
  8
BLACK
  6
CONTINUOUS
100
AcDbLine
 10
1.2895036614173228
 20
0.2570575196850394
 30
0
 11
1.2893414960629921
 21
0.2569243700787401
 31
0
  0
LINE
  5
31D
330
1A
100
AcDbEntity
  8
BLACK
  6
CONTINUOUS
100
AcDbLine
 10
1.2893414960629921
 20
0.2569243700787401
 30
0
 11
1.2891974015748031
 21
0.2568647244094488
 31
0
  0
LINE
  5
31E
330
1A
100
AcDbEntity
  8
BLACK
  6
CONTINUOUS
100
AcDbLine
 10
1.2891974015748031
 20
0.2568647244094488
 30
0
 11
1.2887016141732284
 21
0.2565525984251968
 31
0
  0
LINE
  5
31F
330
1A
100
AcDbEntity
  8
BLACK
  6
CONTINUOUS
100
AcDbLine
 10
1.2887016141732284
 20
0.2565525984251968
 30
0
 11
1.2830773228346457
 21
0.2537404724409449
 31
0
  0
LINE
  5
320
330
1A
100
AcDbEntity
  8
BLACK
  6
CONTINUOUS
100
AcDbLine
 10
1.2830773228346457
 20
0.2537404724409449
 30
0
 11
1.2819960629921259
 21
0.2533266929133858
 31
0
  0
LINE
  5
321
330
1A
100
AcDbEntity
  8
BLACK
  6
CONTINUOUS
100
AcDbLine
 10
1.2819960629921259
 20
0.2533266929133858
 30
0
 11
1.2817844094488189
 21
0.2533116929133858
 31
0
  0
LINE
  5
322
330
1A
100
AcDbEntity
  8
BLACK
  6
CONTINUOUS
100
AcDbLine
 10
1.2817844094488189
 20
0.2533116929133858
 30
0
 11
1.2815884251968503
 21
0.2532304724409449
 31
0
  0
LINE
  5
323
330
1A
100
AcDbEntity
  8
BLACK
  6
CONTINUOUS
100
AcDbLine
 10
1.2815884251968503
 20
0.2532304724409449
 30
0
 11
1.2804362992125984
 21
0.2531170078740158
 31
0
  0
LINE
  5
324
330
1A
100
AcDbEntity
  8
BLACK
  6
CONTINUOUS
100
AcDbLine
 10
1.2804362992125984
 20
0.2531170078740158
 30
0
 11
1.2748120078740157
 21
0.2531170078740158
 31
0
  0
LINE
  5
325
330
1A
100
AcDbEntity
  8
BLACK
  6
CONTINUOUS
100
AcDbLine
 10
1.2748120078740157
 20
0.2531170078740158
 30
0
 11
1.2736598818897638
 21
0.2532304724409449
 31
0
  0
LINE
  5
326
330
1A
100
AcDbEntity
  8
BLACK
  6
CONTINUOUS
100
AcDbLine
 10
1.2736598818897638
 20
0.2532304724409449
 30
0
 11
1.2734638582677165
 21
0.2533116929133858
 31
0
  0
LINE
  5
327
330
1A
100
AcDbEntity
  8
BLACK
  6
CONTINUOUS
100
AcDbLine
 10
1.2734638582677165
 20
0.2533116929133858
 30
0
 11
1.2732522440944882
 21
0.2533266929133858
 31
0
  0
LINE
  5
328
330
1A
100
AcDbEntity
  8
BLACK
  6
CONTINUOUS
100
AcDbLine
 10
1.2732522440944882
 20
0.2533266929133858
 30
0
 11
1.2721710236220471
 21
0.2537404724409449
 31
0
  0
LINE
  5
329
330
1A
100
AcDbEntity
  8
BLACK
  6
CONTINUOUS
100
AcDbLine
 10
1.2721710236220471
 20
0.2537404724409449
 30
0
 11
1.2665466929133857
 21
0.2565525984251968
 31
0
  0
LINE
  5
32A
330
1A
100
AcDbEntity
  8
BLACK
  6
CONTINUOUS
100
AcDbLine
 10
1.2665466929133857
 20
0.2565525984251968
 30
0
 11
1.2660509448818897
 21
0.2568646850393701
 31
0
  0
LINE
  5
32B
330
1A
100
AcDbEntity
  8
BLACK
  6
CONTINUOUS
100
AcDbLine
 10
1.2660509448818897
 20
0.2568646850393701
 30
0
 11
1.265906811023622
 21
0.2569243700787401
 31
0
  0
LINE
  5
32C
330
1A
100
AcDbEntity
  8
BLACK
  6
CONTINUOUS
100
AcDbLine
 10
1.265906811023622
 20
0.2569243700787401
 30
0
 11
1.2657444881889763
 21
0.2570575984251968
 31
0
  0
LINE
  5
32D
330
1A
100
AcDbEntity
  8
BLACK
  6
CONTINUOUS
100
AcDbLine
 10
1.2657444881889763
 20
0.2570575984251968
 30
0
 11
1.265566968503937
 21
0.2571693307086614
 31
0
  0
LINE
  5
32E
330
1A
100
AcDbEntity
  8
BLACK
  6
CONTINUOUS
100
AcDbLine
 10
1.265566968503937
 20
0.2571693307086614
 30
0
 11
1.2654648031496063
 21
0.257287125984252
 31
0
  0
LINE
  5
32F
330
1A
100
AcDbEntity
  8
BLACK
  6
CONTINUOUS
100
AcDbLine
 10
1.2654648031496063
 20
0.257287125984252
 30
0
 11
1.2650118897637794
 21
0.2576588188976378
 31
0
  0
LINE
  5
330
330
1A
100
AcDbEntity
  8
BLACK
  6
CONTINUOUS
100
AcDbLine
 10
1.2650118897637794
 20
0.2576588188976378
 30
0
 11
1.2621997244094487
 21
0.2604709842519685
 31
0
  0
LINE
  5
331
330
1A
100
AcDbEntity
  8
BLACK
  6
CONTINUOUS
100
AcDbLine
 10
1.2621997244094487
 20
0.2604709842519685
 30
0
 11
1.2618280708661418
 21
0.2609238188976378
 31
0
  0
LINE
  5
332
330
1A
100
AcDbEntity
  8
BLACK
  6
CONTINUOUS
100
AcDbLine
 10
1.2618280708661418
 20
0.2609238188976378
 30
0
 11
1.2617102362204724
 21
0.2610260236220472
 31
0
  0
LINE
  5
333
330
1A
100
AcDbEntity
  8
BLACK
  6
CONTINUOUS
100
AcDbLine
 10
1.2617102362204724
 20
0.2610260236220472
 30
0
 11
1.2615983858267716
 21
0.2612037401574803
 31
0
  0
LINE
  5
334
330
1A
100
AcDbEntity
  8
BLACK
  6
CONTINUOUS
100
AcDbLine
 10
1.2615983858267716
 20
0.2612037401574803
 30
0
 11
1.2614652755905511
 21
0.261365905511811
 31
0
  0
LINE
  5
335
330
1A
100
AcDbEntity
  8
BLACK
  6
CONTINUOUS
100
AcDbLine
 10
1.2614652755905511
 20
0.261365905511811
 30
0
 11
1.2614055905511812
 21
0.26151
 31
0
  0
LINE
  5
336
330
1A
100
AcDbEntity
  8
BLACK
  6
CONTINUOUS
100
AcDbLine
 10
1.2614055905511812
 20
0.26151
 30
0
 11
1.2610935039370079
 21
0.2620057874015748
 31
0
  0
LINE
  5
337
330
1A
100
AcDbEntity
  8
BLACK
  6
CONTINUOUS
100
AcDbLine
 10
1.2610935039370079
 20
0.2620057874015748
 30
0
 11
1.2582813385826772
 21
0.2676300787401575
 31
0
  0
LINE
  5
338
330
1A
100
AcDbEntity
  8
BLACK
  6
CONTINUOUS
100
AcDbLine
 10
1.2582813385826772
 20
0.2676300787401575
 30
0
 11
1.2582490551181102
 21
0.2677143700787402
 31
0
  0
LINE
  5
339
330
1A
100
AcDbEntity
  8
BLACK
  6
CONTINUOUS
100
AcDbLine
 10
1.2582490551181102
 20
0.2677143700787402
 30
0
 11
1.2582237007874015
 21
0.2677486220472441
 31
0
  0
LINE
  5
33A
330
1A
100
AcDbEntity
  8
BLACK
  6
CONTINUOUS
100
AcDbLine
 10
1.2582237007874015
 20
0.2677486220472441
 30
0
 11
1.2580509842519685
 21
0.2682320078740157
 31
0
  0
LINE
  5
33B
330
1A
100
AcDbEntity
  8
BLACK
  6
CONTINUOUS
100
AcDbLine
 10
1.2580509842519685
 20
0.2682320078740157
 30
0
 11
1.2578675984251968
 21
0.2687112992125984
 31
0
  0
LINE
  5
33C
330
1A
100
AcDbEntity
  8
BLACK
  6
CONTINUOUS
100
AcDbLine
 10
1.2578675984251968
 20
0.2687112992125984
 30
0
 11
1.2578645669291337
 21
0.2687538582677165
 31
0
  0
LINE
  5
33D
330
1A
100
AcDbEntity
  8
BLACK
  6
CONTINUOUS
100
AcDbLine
 10
1.2578645669291337
 20
0.2687538582677165
 30
0
 11
1.2578342125984252
 21
0.2688388188976378
 31
0
  0
LINE
  5
33E
330
1A
100
AcDbEntity
  8
BLACK
  6
CONTINUOUS
100
AcDbLine
 10
1.2578342125984252
 20
0.2688388188976378
 30
0
 11
1.2550220866141732
 21
0.2800874015748032
 31
0
  0
LINE
  5
33F
330
1A
100
AcDbEntity
  8
BLACK
  6
CONTINUOUS
100
AcDbLine
 10
1.2550220866141732
 20
0.2800874015748032
 30
0
 11
1.2549925590551181
 21
0.2802870866141732
 31
0
  0
LINE
  5
340
330
1A
100
AcDbEntity
  8
BLACK
  6
CONTINUOUS
100
AcDbLine
 10
1.2549925590551181
 20
0.2802870866141732
 30
0
 11
1.2549592125984252
 21
0.2803675590551181
 31
0
  0
LINE
  5
341
330
1A
100
AcDbEntity
  8
BLACK
  6
CONTINUOUS
100
AcDbLine
 10
1.2549592125984252
 20
0.2803675590551181
 30
0
 11
1.2549164566929134
 21
0.2808015354330708
 31
0
  0
LINE
  5
342
330
1A
100
AcDbEntity
  8
BLACK
  6
CONTINUOUS
100
AcDbLine
 10
1.2549164566929134
 20
0.2808015354330708
 30
0
 11
1.2548527165354331
 21
0.2812326377952756
 31
0
  0
LINE
  5
343
330
1A
100
AcDbEntity
  8
BLACK
  6
CONTINUOUS
100
AcDbLine
 10
1.2548527165354331
 20
0.2812326377952756
 30
0
 11
1.2548655118110237
 21
0.2813187795275591
 31
0
  0
LINE
  5
344
330
1A
100
AcDbEntity
  8
BLACK
  6
CONTINUOUS
100
AcDbLine
 10
1.2548655118110237
 20
0.2813187795275591
 30
0
 11
1.2548457480314961
 21
0.2815196850393701
 31
0
  0
LINE
  5
345
330
1A
100
AcDbEntity
  8
BLACK
  6
CONTINUOUS
100
AcDbLine
 10
1.2548457480314961
 20
0.2815196850393701
 30
0
 11
1.2548457480314961
 21
0.2955804330708661
 31
0
  0
LINE
  5
346
330
1A
100
AcDbEntity
  8
BLACK
  6
CONTINUOUS
100
AcDbLine
 10
1.2548457480314961
 20
0.2955804330708661
 30
0
 11
1.2548655118110237
 21
0.2957813779527559
 31
0
  0
LINE
  5
347
330
1A
100
AcDbEntity
  8
BLACK
  6
CONTINUOUS
100
AcDbLine
 10
1.2548655118110237
 20
0.2957813779527559
 30
0
 11
1.2548527165354331
 21
0.2958674803149606
 31
0
  0
LINE
  5
348
330
1A
100
AcDbEntity
  8
BLACK
  6
CONTINUOUS
100
AcDbLine
 10
1.2548527165354331
 20
0.2958674803149606
 30
0
 11
1.2549164566929134
 21
0.2962986220472441
 31
0
  0
LINE
  5
349
330
1A
100
AcDbEntity
  8
BLACK
  6
CONTINUOUS
100
AcDbLine
 10
1.2549164566929134
 20
0.2962986220472441
 30
0
 11
1.2549592125984252
 21
0.2967325590551181
 31
0
  0
LINE
  5
34A
330
1A
100
AcDbEntity
  8
BLACK
  6
CONTINUOUS
100
AcDbLine
 10
1.2549592125984252
 20
0.2967325590551181
 30
0
 11
1.2549925590551181
 21
0.2968130708661417
 31
0
  0
LINE
  5
34B
330
1A
100
AcDbEntity
  8
BLACK
  6
CONTINUOUS
100
AcDbLine
 10
1.2549925590551181
 20
0.2968130708661417
 30
0
 11
1.2550220866141732
 21
0.297012716535433
 31
0
  0
LINE
  5
34C
330
1A
100
AcDbEntity
  8
BLACK
  6
CONTINUOUS
100
AcDbLine
 10
1.2550220866141732
 20
0.297012716535433
 30
0
 11
1.2578342125984252
 21
0.3082613385826772
 31
0
  0
LINE
  5
34D
330
1A
100
AcDbEntity
  8
BLACK
  6
CONTINUOUS
100
AcDbLine
 10
1.2578342125984252
 20
0.3082613385826772
 30
0
 11
1.2578645669291337
 21
0.3083463385826772
 31
0
  0
LINE
  5
34E
330
1A
100
AcDbEntity
  8
BLACK
  6
CONTINUOUS
100
AcDbLine
 10
1.2578645669291337
 20
0.3083463385826772
 30
0
 11
1.2578675984251968
 21
0.3083888582677165
 31
0
  0
LINE
  5
34F
330
1A
100
AcDbEntity
  8
BLACK
  6
CONTINUOUS
100
AcDbLine
 10
1.2578675984251968
 20
0.3083888582677165
 30
0
 11
1.2580509842519685
 21
0.308868188976378
 31
0
  0
LINE
  5
350
330
1A
100
AcDbEntity
  8
BLACK
  6
CONTINUOUS
100
AcDbLine
 10
1.2580509842519685
 20
0.308868188976378
 30
0
 11
1.2582237007874015
 21
0.3093515354330709
 31
0
  0
LINE
  5
351
330
1A
100
AcDbEntity
  8
BLACK
  6
CONTINUOUS
100
AcDbLine
 10
1.2582237007874015
 20
0.3093515354330709
 30
0
 11
1.2582490551181102
 21
0.3093858267716535
 31
0
  0
LINE
  5
352
330
1A
100
AcDbEntity
  8
BLACK
  6
CONTINUOUS
100
AcDbLine
 10
1.2582490551181102
 20
0.3093858267716535
 30
0
 11
1.2582813385826772
 21
0.3094700787401575
 31
0
  0
LINE
  5
353
330
1A
100
AcDbEntity
  8
BLACK
  6
CONTINUOUS
100
AcDbLine
 10
1.2582813385826772
 20
0.3094700787401575
 30
0
 11
1.2610935039370079
 21
0.3150943700787401
 31
0
  0
LINE
  5
354
330
1A
100
AcDbEntity
  8
BLACK
  6
CONTINUOUS
100
AcDbLine
 10
1.2610935039370079
 20
0.3150943700787401
 30
0
 11
1.2614056299212597
 21
0.3155902755905512
 31
0
  0
LINE
  5
355
330
1A
100
AcDbEntity
  8
BLACK
  6
CONTINUOUS
100
AcDbLine
 10
1.2614056299212597
 20
0.3155902755905512
 30
0
 11
1.2614653149606299
 21
0.3157342913385827
 31
0
  0
LINE
  5
356
330
1A
100
AcDbEntity
  8
BLACK
  6
CONTINUOUS
100
AcDbLine
 10
1.2614653149606299
 20
0.3157342913385827
 30
0
 11
1.2615983464566929
 21
0.3158964173228346
 31
0
  0
LINE
  5
357
330
1A
100
AcDbEntity
  8
BLACK
  6
CONTINUOUS
100
AcDbLine
 10
1.2615983464566929
 20
0.3158964173228346
 30
0
 11
1.2617102362204724
 21
0.3160741338582677
 31
0
  0
LINE
  5
358
330
1A
100
AcDbEntity
  8
BLACK
  6
CONTINUOUS
100
AcDbLine
 10
1.2617102362204724
 20
0.3160741338582677
 30
0
 11
1.2618281102362205
 21
0.3161763779527559
 31
0
  0
LINE
  5
359
330
1A
100
AcDbEntity
  8
BLACK
  6
CONTINUOUS
100
AcDbLine
 10
1.2618281102362205
 20
0.3161763779527559
 30
0
 11
1.2621997637795275
 21
0.3166292125984252
 31
0
  0
LINE
  5
35A
330
1A
100
AcDbEntity
  8
BLACK
  6
CONTINUOUS
100
AcDbLine
 10
1.2621997637795275
 20
0.3166292125984252
 30
0
 11
1.2650119291338582
 21
0.3194413385826771
 31
0
  0
LINE
  5
35B
330
1A
100
AcDbEntity
  8
BLACK
  6
CONTINUOUS
100
AcDbLine
 10
1.2650119291338582
 20
0.3194413385826771
 30
0
 11
1.26546468503937
 21
0.3198129527559055
 31
0
  0
LINE
  5
35C
330
1A
100
AcDbEntity
  8
BLACK
  6
CONTINUOUS
100
AcDbLine
 10
1.26546468503937
 20
0.3198129527559055
 30
0
 11
1.2655669291338583
 21
0.3199307874015748
 31
0
  0
LINE
  5
35D
330
1A
100
AcDbEntity
  8
BLACK
  6
CONTINUOUS
100
AcDbLine
 10
1.2655669291338583
 20
0.3199307874015748
 30
0
 11
1.2657445669291338
 21
0.3200426377952756
 31
0
  0
LINE
  5
35E
330
1A
100
AcDbEntity
  8
BLACK
  6
CONTINUOUS
100
AcDbLine
 10
1.2657445669291338
 20
0.3200426377952756
 30
0
 11
1.265906811023622
 21
0.3201757480314961
 31
0
  0
LINE
  5
35F
330
1A
100
AcDbEntity
  8
BLACK
  6
CONTINUOUS
100
AcDbLine
 10
1.265906811023622
 20
0.3201757480314961
 30
0
 11
1.2660508661417322
 21
0.3202354330708662
 31
0
  0
LINE
  5
360
330
1A
100
AcDbEntity
  8
BLACK
  6
CONTINUOUS
100
AcDbLine
 10
1.2660508661417322
 20
0.3202354330708662
 30
0
 11
1.2665466929133857
 21
0.3205475196850394
 31
0
  0
LINE
  5
361
330
1A
100
AcDbEntity
  8
BLACK
  6
CONTINUOUS
100
AcDbLine
 10
1.2665466929133857
 20
0.3205475196850394
 30
0
 11
1.2721709448818896
 21
0.3233596850393701
 31
0
  0
LINE
  5
362
330
1A
100
AcDbEntity
  8
BLACK
  6
CONTINUOUS
100
AcDbLine
 10
1.2721709448818896
 20
0.3233596850393701
 30
0
 11
1.2732522047244095
 21
0.3237734251968504
 31
0
  0
LINE
  5
363
330
1A
100
AcDbEntity
  8
BLACK
  6
CONTINUOUS
100
AcDbLine
 10
1.2732522047244095
 20
0.3237734251968504
 30
0
 11
1.273463779527559
 21
0.3237884645669291
 31
0
  0
LINE
  5
364
330
1A
100
AcDbEntity
  8
BLACK
  6
CONTINUOUS
100
AcDbLine
 10
1.273463779527559
 20
0.3237884645669291
 30
0
 11
1.2736598818897638
 21
0.3238696850393701
 31
0
  0
LINE
  5
365
330
1A
100
AcDbEntity
  8
BLACK
  6
CONTINUOUS
100
AcDbLine
 10
1.2736598818897638
 20
0.3238696850393701
 30
0
 11
1.2748120078740157
 21
0.3239831496062992
 31
0
  0
LINE
  5
366
330
1A
100
AcDbEntity
  8
BLACK
  6
CONTINUOUS
100
AcDbLine
 10
1.2748120078740157
 20
0.3239831496062992
 30
0
 11
1.2804362992125984
 21
0.3239831496062992
 31
0
  0
LINE
  5
367
330
1A
100
AcDbEntity
  8
BLACK
  6
CONTINUOUS
100
AcDbLine
 10
1.2804362992125984
 20
0.3239831496062992
 30
0
 11
1.2815884251968503
 21
0.3238696850393701
 31
0
  0
LINE
  5
368
330
1A
100
AcDbEntity
  8
BLACK
  6
CONTINUOUS
100
AcDbLine
 10
1.2726858661417322
 20
0.3104120078740157
 30
0
 11
1.2712290157480315
 21
0.3089551968503937
 31
0
  0
LINE
  5
369
330
1A
100
AcDbEntity
  8
BLACK
  6
CONTINUOUS
100
AcDbLine
 10
1.2712290157480315
 20
0.3089551968503937
 30
0
 11
1.2691352755905512
 21
0.3047677952755906
 31
0
  0
LINE
  5
36A
330
1A
100
AcDbEntity
  8
BLACK
  6
CONTINUOUS
100
AcDbLine
 10
1.2691352755905512
 20
0.3047677952755906
 30
0
 11
1.2666567716535433
 21
0.2948535433070866
 31
0
  0
LINE
  5
36B
330
1A
100
AcDbEntity
  8
BLACK
  6
CONTINUOUS
100
AcDbLine
 10
1.2666567716535433
 20
0.2948535433070866
 30
0
 11
1.2666567716535433
 21
0.2822466141732283
 31
0
  0
LINE
  5
36C
330
1A
100
AcDbEntity
  8
BLACK
  6
CONTINUOUS
100
AcDbLine
 10
1.2666567716535433
 20
0.2822466141732283
 30
0
 11
1.2691352755905512
 21
0.2723324015748032
 31
0
  0
LINE
  5
36D
330
1A
100
AcDbEntity
  8
BLACK
  6
CONTINUOUS
100
AcDbLine
 10
1.2691352755905512
 20
0.2723324015748032
 30
0
 11
1.2712290157480315
 21
0.268145
 31
0
  0
LINE
  5
36E
330
1A
100
AcDbEntity
  8
BLACK
  6
CONTINUOUS
100
AcDbLine
 10
1.2712290157480315
 20
0.268145
 30
0
 11
1.2726858661417322
 21
0.2666881496062992
 31
0
  0
LINE
  5
36F
330
1A
100
AcDbEntity
  8
BLACK
  6
CONTINUOUS
100
AcDbLine
 10
1.2726858661417322
 20
0.2666881496062992
 30
0
 11
1.2762061023622047
 21
0.264928031496063
 31
0
  0
LINE
  5
370
330
1A
100
AcDbEntity
  8
BLACK
  6
CONTINUOUS
100
AcDbLine
 10
1.2762061023622047
 20
0.264928031496063
 30
0
 11
1.2790422047244094
 21
0.264928031496063
 31
0
  0
LINE
  5
371
330
1A
100
AcDbEntity
  8
BLACK
  6
CONTINUOUS
100
AcDbLine
 10
1.2790422047244094
 20
0.264928031496063
 30
0
 11
1.2825623622047244
 21
0.2666881102362205
 31
0
  0
LINE
  5
372
330
1A
100
AcDbEntity
  8
BLACK
  6
CONTINUOUS
100
AcDbLine
 10
1.2825623622047244
 20
0.2666881102362205
 30
0
 11
1.2840192519685039
 21
0.268145
 31
0
  0
LINE
  5
373
330
1A
100
AcDbEntity
  8
BLACK
  6
CONTINUOUS
100
AcDbLine
 10
1.2840192519685039
 20
0.268145
 30
0
 11
1.2861129133858267
 21
0.2723323228346456
 31
0
  0
LINE
  5
374
330
1A
100
AcDbEntity
  8
BLACK
  6
CONTINUOUS
100
AcDbLine
 10
1.2861129133858267
 20
0.2723323228346456
 30
0
 11
1.2885915354330708
 21
0.2822466535433071
 31
0
  0
LINE
  5
375
330
1A
100
AcDbEntity
  8
BLACK
  6
CONTINUOUS
100
AcDbLine
 10
1.2885915354330708
 20
0.2822466535433071
 30
0
 11
1.2885915354330708
 21
0.2948535039370079
 31
0
  0
LINE
  5
376
330
1A
100
AcDbEntity
  8
BLACK
  6
CONTINUOUS
100
AcDbLine
 10
1.2885915354330708
 20
0.2948535039370079
 30
0
 11
1.2861129133858267
 21
0.3047678346456693
 31
0
  0
LINE
  5
377
330
1A
100
AcDbEntity
  8
BLACK
  6
CONTINUOUS
100
AcDbLine
 10
1.2861129133858267
 20
0.3047678346456693
 30
0
 11
1.2840192913385826
 21
0.3089551574803149
 31
0
  0
LINE
  5
378
330
1A
100
AcDbEntity
  8
BLACK
  6
CONTINUOUS
100
AcDbLine
 10
1.2840192913385826
 20
0.3089551574803149
 30
0
 11
1.2825624409448819
 21
0.3104120078740157
 31
0
  0
LINE
  5
379
330
1A
100
AcDbEntity
  8
BLACK
  6
CONTINUOUS
100
AcDbLine
 10
1.2825624409448819
 20
0.3104120078740157
 30
0
 11
1.2790422047244094
 21
0.312172125984252
 31
0
  0
LINE
  5
37A
330
1A
100
AcDbEntity
  8
BLACK
  6
CONTINUOUS
100
AcDbLine
 10
1.2790422047244094
 20
0.312172125984252
 30
0
 11
1.2762061023622047
 21
0.312172125984252
 31
0
  0
LINE
  5
37B
330
1A
100
AcDbEntity
  8
BLACK
  6
CONTINUOUS
100
AcDbLine
 10
1.2762061023622047
 20
0.312172125984252
 30
0
 11
1.2726858661417322
 21
0.3104120078740157
 31
0
  0
LINE
  5
37C
330
1A
100
AcDbEntity
  8
BLACK
  6
CONTINUOUS
100
AcDbLine
 10
1.3406435039370079
 20
0.3238696850393701
 30
0
 11
1.3408394488188977
 21
0.3237885433070866
 31
0
  0
LINE
  5
37D
330
1A
100
AcDbEntity
  8
BLACK
  6
CONTINUOUS
100
AcDbLine
 10
1.3408394488188977
 20
0.3237885433070866
 30
0
 11
1.3410511811023622
 21
0.3237734645669291
 31
0
  0
LINE
  5
37E
330
1A
100
AcDbEntity
  8
BLACK
  6
CONTINUOUS
100
AcDbLine
 10
1.3410511811023622
 20
0.3237734645669291
 30
0
 11
1.3421324015748031
 21
0.3233596850393701
 31
0
  0
LINE
  5
37F
330
1A
100
AcDbEntity
  8
BLACK
  6
CONTINUOUS
100
AcDbLine
 10
1.3421324015748031
 20
0.3233596850393701
 30
0
 11
1.3477567322834645
 21
0.3205475196850394
 31
0
  0
LINE
  5
380
330
1A
100
AcDbEntity
  8
BLACK
  6
CONTINUOUS
100
AcDbLine
 10
1.3477567322834645
 20
0.3205475196850394
 30
0
 11
1.3482525196850392
 21
0.3202354330708662
 31
0
  0
LINE
  5
381
330
1A
100
AcDbEntity
  8
BLACK
  6
CONTINUOUS
100
AcDbLine
 10
1.3482525196850392
 20
0.3202354330708662
 30
0
 11
1.3483966141732284
 21
0.3201757480314961
 31
0
  0
LINE
  5
382
330
1A
100
AcDbEntity
  8
BLACK
  6
CONTINUOUS
100
AcDbLine
 10
1.3483966141732284
 20
0.3201757480314961
 30
0
 11
1.3485587795275591
 21
0.3200426377952756
 31
0
  0
LINE
  5
383
330
1A
100
AcDbEntity
  8
BLACK
  6
CONTINUOUS
100
AcDbLine
 10
1.3485587795275591
 20
0.3200426377952756
 30
0
 11
1.3487364960629922
 21
0.3199307874015748
 31
0
  0
LINE
  5
384
330
1A
100
AcDbEntity
  8
BLACK
  6
CONTINUOUS
100
AcDbLine
 10
1.3487364960629922
 20
0.3199307874015748
 30
0
 11
1.3488387007874016
 21
0.3198129527559055
 31
0
  0
LINE
  5
385
330
1A
100
AcDbEntity
  8
BLACK
  6
CONTINUOUS
100
AcDbLine
 10
1.3488387007874016
 20
0.3198129527559055
 30
0
 11
1.3492915354330708
 21
0.3194412992125984
 31
0
  0
LINE
  5
386
330
1A
100
AcDbEntity
  8
BLACK
  6
CONTINUOUS
100
AcDbLine
 10
1.3492915354330708
 20
0.3194412992125984
 30
0
 11
1.3521036614173227
 21
0.3166291732283464
 31
0
  0
LINE
  5
387
330
1A
100
AcDbEntity
  8
BLACK
  6
CONTINUOUS
100
AcDbLine
 10
1.3521036614173227
 20
0.3166291732283464
 30
0
 11
1.3524753149606299
 21
0.3161763385826772
 31
0
  0
LINE
  5
388
330
1A
100
AcDbEntity
  8
BLACK
  6
CONTINUOUS
100
AcDbLine
 10
1.3524753149606299
 20
0.3161763385826772
 30
0
 11
1.3525931496062993
 21
0.3160741338582677
 31
0
  0
LINE
  5
389
330
1A
100
AcDbEntity
  8
BLACK
  6
CONTINUOUS
100
AcDbLine
 10
1.3525931496062993
 20
0.3160741338582677
 30
0
 11
1.3527048818897638
 21
0.3158966141732283
 31
0
  0
LINE
  5
38A
330
1A
100
AcDbEntity
  8
BLACK
  6
CONTINUOUS
100
AcDbLine
 10
1.3527048818897638
 20
0.3158966141732283
 30
0
 11
1.3528381102362204
 21
0.3157342913385827
 31
0
  0
LINE
  5
38B
330
1A
100
AcDbEntity
  8
BLACK
  6
CONTINUOUS
100
AcDbLine
 10
1.3528381102362204
 20
0.3157342913385827
 30
0
 11
1.3528977952755905
 21
0.3155901181102362
 31
0
  0
LINE
  5
38C
330
1A
100
AcDbEntity
  8
BLACK
  6
CONTINUOUS
100
AcDbLine
 10
1.3528977952755905
 20
0.3155901181102362
 30
0
 11
1.3532098818897638
 21
0.3150943700787401
 31
0
  0
LINE
  5
38D
330
1A
100
AcDbEntity
  8
BLACK
  6
CONTINUOUS
100
AcDbLine
 10
1.3532098818897638
 20
0.3150943700787401
 30
0
 11
1.3560220472440945
 21
0.3094701181102362
 31
0
  0
LINE
  5
38E
330
1A
100
AcDbEntity
  8
BLACK
  6
CONTINUOUS
100
AcDbLine
 10
1.3560220472440945
 20
0.3094701181102362
 30
0
 11
1.3564357874015747
 21
0.3083888582677165
 31
0
  0
LINE
  5
38F
330
1A
100
AcDbEntity
  8
BLACK
  6
CONTINUOUS
100
AcDbLine
 10
1.3564357874015747
 20
0.3083888582677165
 30
0
 11
1.3564507874015748
 21
0.3081772834645669
 31
0
  0
LINE
  5
390
330
1A
100
AcDbEntity
  8
BLACK
  6
CONTINUOUS
100
AcDbLine
 10
1.3564507874015748
 20
0.3081772834645669
 30
0
 11
1.3565320472440945
 21
0.3079811811023622
 31
0
  0
LINE
  5
391
330
1A
100
AcDbEntity
  8
BLACK
  6
CONTINUOUS
100
AcDbLine
 10
1.3565320472440945
 20
0.3079811811023622
 30
0
 11
1.3566455118110237
 21
0.3068290551181102
 31
0
  0
LINE
  5
392
330
1A
100
AcDbEntity
  8
BLACK
  6
CONTINUOUS
100
AcDbLine
 10
1.3566455118110237
 20
0.3068290551181102
 30
0
 11
1.3566455118110237
 21
0.3040168897637795
 31
0
  0
LINE
  5
393
330
1A
100
AcDbEntity
  8
BLACK
  6
CONTINUOUS
100
AcDbLine
 10
1.3566455118110237
 20
0.3040168897637795
 30
0
 11
1.3565320472440945
 21
0.3028647637795275
 31
0
  0
LINE
  5
394
330
1A
100
AcDbEntity
  8
BLACK
  6
CONTINUOUS
100
AcDbLine
 10
1.3565320472440945
 20
0.3028647637795275
 30
0
 11
1.3564507874015748
 21
0.3026687007874015
 31
0
  0
LINE
  5
395
330
1A
100
AcDbEntity
  8
BLACK
  6
CONTINUOUS
100
AcDbLine
 10
1.3564507874015748
 20
0.3026687007874015
 30
0
 11
1.3564357874015747
 21
0.3024570866141732
 31
0
  0
LINE
  5
396
330
1A
100
AcDbEntity
  8
BLACK
  6
CONTINUOUS
100
AcDbLine
 10
1.3564357874015747
 20
0.3024570866141732
 30
0
 11
1.3560220472440945
 21
0.3013758267716535
 31
0
  0
LINE
  5
397
330
1A
100
AcDbEntity
  8
BLACK
  6
CONTINUOUS
100
AcDbLine
 10
1.3560220472440945
 20
0.3013758267716535
 30
0
 11
1.3532098818897638
 21
0.2957515748031496
 31
0
  0
LINE
  5
398
330
1A
100
AcDbEntity
  8
BLACK
  6
CONTINUOUS
100
AcDbLine
 10
1.3532098818897638
 20
0.2957515748031496
 30
0
 11
1.3528977559055118
 21
0.2952557874015748
 31
0
  0
LINE
  5
399
330
1A
100
AcDbEntity
  8
BLACK
  6
CONTINUOUS
100
AcDbLine
 10
1.3528977559055118
 20
0.2952557874015748
 30
0
 11
1.3528381102362204
 21
0.2951116929133858
 31
0
  0
LINE
  5
39A
330
1A
100
AcDbEntity
  8
BLACK
  6
CONTINUOUS
100
AcDbLine
 10
1.3528381102362204
 20
0.2951116929133858
 30
0
 11
1.3527049606299213
 21
0.2949494881889764
 31
0
  0
LINE
  5
39B
330
1A
100
AcDbEntity
  8
BLACK
  6
CONTINUOUS
100
AcDbLine
 10
1.3527049606299213
 20
0.2949494881889764
 30
0
 11
1.3525931496062993
 21
0.294771811023622
 31
0
  0
LINE
  5
39C
330
1A
100
AcDbEntity
  8
BLACK
  6
CONTINUOUS
100
AcDbLine
 10
1.3525931496062993
 20
0.294771811023622
 30
0
 11
1.3524752755905511
 21
0.2946696062992126
 31
0
  0
LINE
  5
39D
330
1A
100
AcDbEntity
  8
BLACK
  6
CONTINUOUS
100
AcDbLine
 10
1.3524752755905511
 20
0.2946696062992126
 30
0
 11
1.3521037007874015
 21
0.294216811023622
 31
0
  0
LINE
  5
39E
330
1A
100
AcDbEntity
  8
BLACK
  6
CONTINUOUS
100
AcDbLine
 10
1.3521037007874015
 20
0.294216811023622
 30
0
 11
1.3506551968503937
 21
0.2927683070866142
 31
0
  0
LINE
  5
39F
330
1A
100
AcDbEntity
  8
BLACK
  6
CONTINUOUS
100
AcDbLine
 10
1.3506551968503937
 20
0.2927683070866142
 30
0
 11
1.3521036614173227
 21
0.291319842519685
 31
0
  0
LINE
  5
3A0
330
1A
100
AcDbEntity
  8
BLACK
  6
CONTINUOUS
100
AcDbLine
 10
1.3521036614173227
 20
0.291319842519685
 30
0
 11
1.3524753149606299
 21
0.2908670078740158
 31
0
  0
LINE
  5
3A1
330
1A
100
AcDbEntity
  8
BLACK
  6
CONTINUOUS
100
AcDbLine
 10
1.3524753149606299
 20
0.2908670078740158
 30
0
 11
1.3525931496062993
 21
0.2907648031496063
 31
0
  0
LINE
  5
3A2
330
1A
100
AcDbEntity
  8
BLACK
  6
CONTINUOUS
100
AcDbLine
 10
1.3525931496062993
 20
0.2907648031496063
 30
0
 11
1.3527048818897638
 21
0.2905872834645669
 31
0
  0
LINE
  5
3A3
330
1A
100
AcDbEntity
  8
BLACK
  6
CONTINUOUS
100
AcDbLine
 10
1.3527048818897638
 20
0.2905872834645669
 30
0
 11
1.3528381102362204
 21
0.2904249606299212
 31
0
  0
LINE
  5
3A4
330
1A
100
AcDbEntity
  8
BLACK
  6
CONTINUOUS
100
AcDbLine
 10
1.3528381102362204
 20
0.2904249606299212
 30
0
 11
1.3528977952755905
 21
0.2902807874015748
 31
0
  0
LINE
  5
3A5
330
1A
100
AcDbEntity
  8
BLACK
  6
CONTINUOUS
100
AcDbLine
 10
1.3528977952755905
 20
0.2902807874015748
 30
0
 11
1.3532098818897638
 21
0.2897850393700787
 31
0
  0
LINE
  5
3A6
330
1A
100
AcDbEntity
  8
BLACK
  6
CONTINUOUS
100
AcDbLine
 10
1.3532098818897638
 20
0.2897850393700787
 30
0
 11
1.3560220472440945
 21
0.2841607086614173
 31
0
  0
LINE
  5
3A7
330
1A
100
AcDbEntity
  8
BLACK
  6
CONTINUOUS
100
AcDbLine
 10
1.3560220472440945
 20
0.2841607086614173
 30
0
 11
1.3564358267716534
 21
0.2830794881889764
 31
0
  0
LINE
  5
3A8
330
1A
100
AcDbEntity
  8
BLACK
  6
CONTINUOUS
100
AcDbLine
 10
1.3564358267716534
 20
0.2830794881889764
 30
0
 11
1.3564508661417323
 21
0.2828677952755905
 31
0
  0
LINE
  5
3A9
330
1A
100
AcDbEntity
  8
BLACK
  6
CONTINUOUS
100
AcDbLine
 10
1.3564508661417323
 20
0.2828677952755905
 30
0
 11
1.3565320472440945
 21
0.282671811023622
 31
0
  0
LINE
  5
3AA
330
1A
100
AcDbEntity
  8
BLACK
  6
CONTINUOUS
100
AcDbLine
 10
1.3565320472440945
 20
0.282671811023622
 30
0
 11
1.3566455118110237
 21
0.2815196850393701
 31
0
  0
LINE
  5
3AB
330
1A
100
AcDbEntity
  8
BLACK
  6
CONTINUOUS
100
AcDbLine
 10
1.3566455118110237
 20
0.2815196850393701
 30
0
 11
1.3566455118110237
 21
0.2702711023622047
 31
0
  0
LINE
  5
3AC
330
1A
100
AcDbEntity
  8
BLACK
  6
CONTINUOUS
100
AcDbLine
 10
1.3566455118110237
 20
0.2702711023622047
 30
0
 11
1.3565320472440945
 21
0.2691189763779527
 31
0
  0
LINE
  5
3AD
330
1A
100
AcDbEntity
  8
BLACK
  6
CONTINUOUS
100
AcDbLine
 10
1.3565320472440945
 20
0.2691189763779527
 30
0
 11
1.3564507874015748
 21
0.2689229133858267
 31
0
  0
LINE
  5
3AE
330
1A
100
AcDbEntity
  8
BLACK
  6
CONTINUOUS
100
AcDbLine
 10
1.3564507874015748
 20
0.2689229133858267
 30
0
 11
1.3564357874015747
 21
0.2687112992125984
 31
0
  0
LINE
  5
3AF
330
1A
100
AcDbEntity
  8
BLACK
  6
CONTINUOUS
100
AcDbLine
 10
1.3564357874015747
 20
0.2687112992125984
 30
0
 11
1.3560220472440945
 21
0.2676300393700787
 31
0
  0
LINE
  5
3B0
330
1A
100
AcDbEntity
  8
BLACK
  6
CONTINUOUS
100
AcDbLine
 10
1.3560220472440945
 20
0.2676300393700787
 30
0
 11
1.3532098818897638
 21
0.2620057874015748
 31
0
  0
LINE
  5
3B1
330
1A
100
AcDbEntity
  8
BLACK
  6
CONTINUOUS
100
AcDbLine
 10
1.3532098818897638
 20
0.2620057874015748
 30
0
 11
1.3528977559055118
 21
0.26151
 31
0
  0
LINE
  5
3B2
330
1A
100
AcDbEntity
  8
BLACK
  6
CONTINUOUS
100
AcDbLine
 10
1.3528977559055118
 20
0.26151
 30
0
 11
1.3528381102362204
 21
0.261365905511811
 31
0
  0
LINE
  5
3B3
330
1A
100
AcDbEntity
  8
BLACK
  6
CONTINUOUS
100
AcDbLine
 10
1.3528381102362204
 20
0.261365905511811
 30
0
 11
1.3527049606299213
 21
0.2612037007874016
 31
0
  0
LINE
  5
3B4
330
1A
100
AcDbEntity
  8
BLACK
  6
CONTINUOUS
100
AcDbLine
 10
1.3527049606299213
 20
0.2612037007874016
 30
0
 11
1.3525931496062993
 21
0.2610260236220472
 31
0
  0
LINE
  5
3B5
330
1A
100
AcDbEntity
  8
BLACK
  6
CONTINUOUS
100
AcDbLine
 10
1.3525931496062993
 20
0.2610260236220472
 30
0
 11
1.3524752755905511
 21
0.2609238188976378
 31
0
  0
LINE
  5
3B6
330
1A
100
AcDbEntity
  8
BLACK
  6
CONTINUOUS
100
AcDbLine
 10
1.3524752755905511
 20
0.2609238188976378
 30
0
 11
1.3521037007874015
 21
0.2604710236220472
 31
0
  0
LINE
  5
3B7
330
1A
100
AcDbEntity
  8
BLACK
  6
CONTINUOUS
100
AcDbLine
 10
1.3521037007874015
 20
0.2604710236220472
 30
0
 11
1.3492915748031495
 21
0.2576588582677165
 31
0
  0
LINE
  5
3B8
330
1A
100
AcDbEntity
  8
BLACK
  6
CONTINUOUS
100
AcDbLine
 10
1.3492915748031495
 20
0.2576588582677165
 30
0
 11
1.3488385826771654
 21
0.257287125984252
 31
0
  0
LINE
  5
3B9
330
1A
100
AcDbEntity
  8
BLACK
  6
CONTINUOUS
100
AcDbLine
 10
1.3488385826771654
 20
0.257287125984252
 30
0
 11
1.3487364566929134
 21
0.2571693307086614
 31
0
  0
LINE
  5
3BA
330
1A
100
AcDbEntity
  8
BLACK
  6
CONTINUOUS
100
AcDbLine
 10
1.3487364566929134
 20
0.2571693307086614
 30
0
 11
1.3485588582677166
 21
0.2570575590551181
 31
0
  0
LINE
  5
3BB
330
1A
100
AcDbEntity
  8
BLACK
  6
CONTINUOUS
100
AcDbLine
 10
1.3485588582677166
 20
0.2570575590551181
 30
0
 11
1.348396653543307
 21
0.2569244094488189
 31
0
  0
LINE
  5
3BC
330
1A
100
AcDbEntity
  8
BLACK
  6
CONTINUOUS
100
AcDbLine
 10
1.348396653543307
 20
0.2569244094488189
 30
0
 11
1.348252559055118
 21
0.2568647637795275
 31
0
  0
LINE
  5
3BD
330
1A
100
AcDbEntity
  8
BLACK
  6
CONTINUOUS
100
AcDbLine
 10
1.348252559055118
 20
0.2568647637795275
 30
0
 11
1.3477567322834645
 21
0.2565525984251968
 31
0
  0
LINE
  5
3BE
330
1A
100
AcDbEntity
  8
BLACK
  6
CONTINUOUS
100
AcDbLine
 10
1.3477567322834645
 20
0.2565525984251968
 30
0
 11
1.3421323622047243
 21
0.2537404724409449
 31
0
  0
LINE
  5
3BF
330
1A
100
AcDbEntity
  8
BLACK
  6
CONTINUOUS
100
AcDbLine
 10
1.3421323622047243
 20
0.2537404724409449
 30
0
 11
1.3410511417322835
 21
0.2533266929133858
 31
0
  0
LINE
  5
3C0
330
1A
100
AcDbEntity
  8
BLACK
  6
CONTINUOUS
100
AcDbLine
 10
1.3410511417322835
 20
0.2533266929133858
 30
0
 11
1.3408394881889762
 21
0.2533116929133858
 31
0
  0
LINE
  5
3C1
330
1A
100
AcDbEntity
  8
BLACK
  6
CONTINUOUS
100
AcDbLine
 10
1.3408394881889762
 20
0.2533116929133858
 30
0
 11
1.3406435039370079
 21
0.2532304724409449
 31
0
  0
LINE
  5
3C2
330
1A
100
AcDbEntity
  8
BLACK
  6
CONTINUOUS
100
AcDbLine
 10
1.3406435039370079
 20
0.2532304724409449
 30
0
 11
1.339491377952756
 21
0.2531170078740158
 31
0
  0
LINE
  5
3C3
330
1A
100
AcDbEntity
  8
BLACK
  6
CONTINUOUS
100
AcDbLine
 10
1.339491377952756
 20
0.2531170078740158
 30
0
 11
1.3282427952755904
 21
0.2531170078740158
 31
0
  0
LINE
  5
3C4
330
1A
100
AcDbEntity
  8
BLACK
  6
CONTINUOUS
100
AcDbLine
 10
1.3282427952755904
 20
0.2531170078740158
 30
0
 11
1.3270906692913385
 21
0.2532304724409449
 31
0
  0
LINE
  5
3C5
330
1A
100
AcDbEntity
  8
BLACK
  6
CONTINUOUS
100
AcDbLine
 10
1.3270906692913385
 20
0.2532304724409449
 30
0
 11
1.3268946456692914
 21
0.2533116929133858
 31
0
  0
LINE
  5
3C6
330
1A
100
AcDbEntity
  8
BLACK
  6
CONTINUOUS
100
AcDbLine
 10
1.3268946456692914
 20
0.2533116929133858
 30
0
 11
1.3266830314960629
 21
0.2533266929133858
 31
0
  0
LINE
  5
3C7
330
1A
100
AcDbEntity
  8
BLACK
  6
CONTINUOUS
100
AcDbLine
 10
1.3266830314960629
 20
0.2533266929133858
 30
0
 11
1.3256018110236221
 21
0.2537404724409449
 31
0
  0
LINE
  5
3C8
330
1A
100
AcDbEntity
  8
BLACK
  6
CONTINUOUS
100
AcDbLine
 10
1.3256018110236221
 20
0.2537404724409449
 30
0
 11
1.3199774803149606
 21
0.2565525984251968
 31
0
  0
LINE
  5
3C9
330
1A
100
AcDbEntity
  8
BLACK
  6
CONTINUOUS
100
AcDbLine
 10
1.3199774803149606
 20
0.2565525984251968
 30
0
 11
1.3194817322834644
 21
0.2568646850393701
 31
0
  0
LINE
  5
3CA
330
1A
100
AcDbEntity
  8
BLACK
  6
CONTINUOUS
100
AcDbLine
 10
1.3194817322834644
 20
0.2568646850393701
 30
0
 11
1.3193375984251967
 21
0.2569243700787401
 31
0
  0
LINE
  5
3CB
330
1A
100
AcDbEntity
  8
BLACK
  6
CONTINUOUS
100
AcDbLine
 10
1.3193375984251967
 20
0.2569243700787401
 30
0
 11
1.3191752755905513
 21
0.2570575984251968
 31
0
  0
LINE
  5
3CC
330
1A
100
AcDbEntity
  8
BLACK
  6
CONTINUOUS
100
AcDbLine
 10
1.3191752755905513
 20
0.2570575984251968
 30
0
 11
1.3189977559055117
 21
0.2571693307086614
 31
0
  0
LINE
  5
3CD
330
1A
100
AcDbEntity
  8
BLACK
  6
CONTINUOUS
100
AcDbLine
 10
1.3189977559055117
 20
0.2571693307086614
 30
0
 11
1.318895590551181
 21
0.257287125984252
 31
0
  0
LINE
  5
3CE
330
1A
100
AcDbEntity
  8
BLACK
  6
CONTINUOUS
100
AcDbLine
 10
1.318895590551181
 20
0.257287125984252
 30
0
 11
1.3184426771653543
 21
0.2576588188976378
 31
0
  0
LINE
  5
3CF
330
1A
100
AcDbEntity
  8
BLACK
  6
CONTINUOUS
100
AcDbLine
 10
1.3184426771653543
 20
0.2576588188976378
 30
0
 11
1.3156305118110236
 21
0.2604709842519685
 31
0
  0
LINE
  5
3D0
330
1A
100
AcDbEntity
  8
BLACK
  6
CONTINUOUS
100
AcDbLine
 10
1.3156305118110236
 20
0.2604709842519685
 30
0
 11
1.3152588582677165
 21
0.2609238188976378
 31
0
  0
LINE
  5
3D1
330
1A
100
AcDbEntity
  8
BLACK
  6
CONTINUOUS
100
AcDbLine
 10
1.3152588582677165
 20
0.2609238188976378
 30
0
 11
1.3151410236220473
 21
0.2610260236220472
 31
0
  0
LINE
  5
3D2
330
1A
100
AcDbEntity
  8
BLACK
  6
CONTINUOUS
100
AcDbLine
 10
1.3151410236220473
 20
0.2610260236220472
 30
0
 11
1.3150291732283463
 21
0.2612037401574803
 31
0
  0
LINE
  5
3D3
330
1A
100
AcDbEntity
  8
BLACK
  6
CONTINUOUS
100
AcDbLine
 10
1.3150291732283463
 20
0.2612037401574803
 30
0
 11
1.314896062992126
 21
0.261365905511811
 31
0
  0
LINE
  5
3D4
330
1A
100
AcDbEntity
  8
BLACK
  6
CONTINUOUS
100
AcDbLine
 10
1.314896062992126
 20
0.261365905511811
 30
0
 11
1.3148363779527559
 21
0.26151
 31
0
  0
LINE
  5
3D5
330
1A
100
AcDbEntity
  8
BLACK
  6
CONTINUOUS
100
AcDbLine
 10
1.3148363779527559
 20
0.26151
 30
0
 11
1.3145242913385826
 21
0.2620057874015748
 31
0
  0
LINE
  5
3D6
330
1A
100
AcDbEntity
  8
BLACK
  6
CONTINUOUS
100
AcDbLine
 10
1.3145242913385826
 20
0.2620057874015748
 30
0
 11
1.3117121653543307
 21
0.2676300787401575
 31
0
  0
LINE
  5
3D7
330
1A
100
AcDbEntity
  8
BLACK
  6
CONTINUOUS
100
AcDbLine
 10
1.3117121653543307
 20
0.2676300787401575
 30
0
 11
1.3112983858267717
 21
0.2687113385826772
 31
0
  0
LINE
  5
3D8
330
1A
100
AcDbEntity
  8
BLACK
  6
CONTINUOUS
100
AcDbLine
 10
1.3112983858267717
 20
0.2687113385826772
 30
0
 11
1.3112833464566929
 21
0.2689229921259843
 31
0
  0
LINE
  5
3D9
330
1A
100
AcDbEntity
  8
BLACK
  6
CONTINUOUS
100
AcDbLine
 10
1.3112833464566929
 20
0.2689229921259843
 30
0
 11
1.3112021653543307
 21
0.2691189763779527
 31
0
  0
LINE
  5
3DA
330
1A
100
AcDbEntity
  8
BLACK
  6
CONTINUOUS
100
AcDbLine
 10
1.3112021653543307
 20
0.2691189763779527
 30
0
 11
1.3110887007874015
 21
0.2702711023622047
 31
0
  0
LINE
  5
3DB
330
1A
100
AcDbEntity
  8
BLACK
  6
CONTINUOUS
100
AcDbLine
 10
1.3110887007874015
 20
0.2702711023622047
 30
0
 11
1.3110887007874015
 21
0.2815196850393701
 31
0
  0
LINE
  5
3DC
330
1A
100
AcDbEntity
  8
BLACK
  6
CONTINUOUS
100
AcDbLine
 10
1.3110887007874015
 20
0.2815196850393701
 30
0
 11
1.3112021653543307
 21
0.282671811023622
 31
0
  0
LINE
  5
3DD
330
1A
100
AcDbEntity
  8
BLACK
  6
CONTINUOUS
100
AcDbLine
 10
1.3112021653543307
 20
0.282671811023622
 30
0
 11
1.3112833464566929
 21
0.2828678346456693
 31
0
  0
LINE
  5
3DE
330
1A
100
AcDbEntity
  8
BLACK
  6
CONTINUOUS
100
AcDbLine
 10
1.3112833464566929
 20
0.2828678346456693
 30
0
 11
1.3112983858267717
 21
0.2830794488188976
 31
0
  0
LINE
  5
3DF
330
1A
100
AcDbEntity
  8
BLACK
  6
CONTINUOUS
100
AcDbLine
 10
1.3112983858267717
 20
0.2830794488188976
 30
0
 11
1.3117121653543307
 21
0.2841606692913386
 31
0
  0
LINE
  5
3E0
330
1A
100
AcDbEntity
  8
BLACK
  6
CONTINUOUS
100
AcDbLine
 10
1.3117121653543307
 20
0.2841606692913386
 30
0
 11
1.3145242913385826
 21
0.2897850393700787
 31
0
  0
LINE
  5
3E1
330
1A
100
AcDbEntity
  8
BLACK
  6
CONTINUOUS
100
AcDbLine
 10
1.3145242913385826
 20
0.2897850393700787
 30
0
 11
1.3148364173228346
 21
0.290280905511811
 31
0
  0
LINE
  5
3E2
330
1A
100
AcDbEntity
  8
BLACK
  6
CONTINUOUS
100
AcDbLine
 10
1.3148364173228346
 20
0.290280905511811
 30
0
 11
1.3148961023622048
 21
0.2904249606299212
 31
0
  0
LINE
  5
3E3
330
1A
100
AcDbEntity
  8
BLACK
  6
CONTINUOUS
100
AcDbLine
 10
1.3148961023622048
 20
0.2904249606299212
 30
0
 11
1.3150292125984251
 21
0.2905872047244095
 31
0
  0
LINE
  5
3E4
330
1A
100
AcDbEntity
  8
BLACK
  6
CONTINUOUS
100
AcDbLine
 10
1.3150292125984251
 20
0.2905872047244095
 30
0
 11
1.3151410236220473
 21
0.2907647637795275
 31
0
  0
LINE
  5
3E5
330
1A
100
AcDbEntity
  8
BLACK
  6
CONTINUOUS
100
AcDbLine
 10
1.3151410236220473
 20
0.2907647637795275
 30
0
 11
1.315258779527559
 21
0.2908669291338583
 31
0
  0
LINE
  5
3E6
330
1A
100
AcDbEntity
  8
BLACK
  6
CONTINUOUS
100
AcDbLine
 10
1.315258779527559
 20
0.2908669291338583
 30
0
 11
1.3156305511811024
 21
0.2913198818897638
 31
0
  0
LINE
  5
3E7
330
1A
100
AcDbEntity
  8
BLACK
  6
CONTINUOUS
100
AcDbLine
 10
1.3156305511811024
 20
0.2913198818897638
 30
0
 11
1.3170789763779527
 21
0.2927683070866142
 31
0
  0
LINE
  5
3E8
330
1A
100
AcDbEntity
  8
BLACK
  6
CONTINUOUS
100
AcDbLine
 10
1.3170789763779527
 20
0.2927683070866142
 30
0
 11
1.3156305118110236
 21
0.2942167716535433
 31
0
  0
LINE
  5
3E9
330
1A
100
AcDbEntity
  8
BLACK
  6
CONTINUOUS
100
AcDbLine
 10
1.3156305118110236
 20
0.2942167716535433
 30
0
 11
1.3152588582677165
 21
0.2946696062992126
 31
0
  0
LINE
  5
3EA
330
1A
100
AcDbEntity
  8
BLACK
  6
CONTINUOUS
100
AcDbLine
 10
1.3152588582677165
 20
0.2946696062992126
 30
0
 11
1.3151410236220473
 21
0.294771811023622
 31
0
  0
LINE
  5
3EB
330
1A
100
AcDbEntity
  8
BLACK
  6
CONTINUOUS
100
AcDbLine
 10
1.3151410236220473
 20
0.294771811023622
 30
0
 11
1.3150291732283463
 21
0.2949495275590551
 31
0
  0
LINE
  5
3EC
330
1A
100
AcDbEntity
  8
BLACK
  6
CONTINUOUS
100
AcDbLine
 10
1.3150291732283463
 20
0.2949495275590551
 30
0
 11
1.314896062992126
 21
0.2951116929133858
 31
0
  0
LINE
  5
3ED
330
1A
100
AcDbEntity
  8
BLACK
  6
CONTINUOUS
100
AcDbLine
 10
1.314896062992126
 20
0.2951116929133858
 30
0
 11
1.3148363779527559
 21
0.2952557874015748
 31
0
  0
LINE
  5
3EE
330
1A
100
AcDbEntity
  8
BLACK
  6
CONTINUOUS
100
AcDbLine
 10
1.3148363779527559
 20
0.2952557874015748
 30
0
 11
1.3145242913385826
 21
0.2957515748031496
 31
0
  0
LINE
  5
3EF
330
1A
100
AcDbEntity
  8
BLACK
  6
CONTINUOUS
100
AcDbLine
 10
1.3145242913385826
 20
0.2957515748031496
 30
0
 11
1.3117121653543307
 21
0.3013758661417323
 31
0
  0
LINE
  5
3F0
330
1A
100
AcDbEntity
  8
BLACK
  6
CONTINUOUS
100
AcDbLine
 10
1.3117121653543307
 20
0.3013758661417323
 30
0
 11
1.3112983858267717
 21
0.302457125984252
 31
0
  0
LINE
  5
3F1
330
1A
100
AcDbEntity
  8
BLACK
  6
CONTINUOUS
100
AcDbLine
 10
1.3112983858267717
 20
0.302457125984252
 30
0
 11
1.3112833464566929
 21
0.3026687795275591
 31
0
  0
LINE
  5
3F2
330
1A
100
AcDbEntity
  8
BLACK
  6
CONTINUOUS
100
AcDbLine
 10
1.3112833464566929
 20
0.3026687795275591
 30
0
 11
1.3112021653543307
 21
0.3028647637795275
 31
0
  0
LINE
  5
3F3
330
1A
100
AcDbEntity
  8
BLACK
  6
CONTINUOUS
100
AcDbLine
 10
1.3112021653543307
 20
0.3028647637795275
 30
0
 11
1.3110887007874015
 21
0.3040168897637795
 31
0
  0
LINE
  5
3F4
330
1A
100
AcDbEntity
  8
BLACK
  6
CONTINUOUS
100
AcDbLine
 10
1.3110887007874015
 20
0.3040168897637795
 30
0
 11
1.3110887007874015
 21
0.3068290551181102
 31
0
  0
LINE
  5
3F5
330
1A
100
AcDbEntity
  8
BLACK
  6
CONTINUOUS
100
AcDbLine
 10
1.3110887007874015
 20
0.3068290551181102
 30
0
 11
1.3112021653543307
 21
0.3079811811023622
 31
0
  0
LINE
  5
3F6
330
1A
100
AcDbEntity
  8
BLACK
  6
CONTINUOUS
100
AcDbLine
 10
1.3112021653543307
 20
0.3079811811023622
 30
0
 11
1.3112833464566929
 21
0.3081772047244095
 31
0
  0
LINE
  5
3F7
330
1A
100
AcDbEntity
  8
BLACK
  6
CONTINUOUS
100
AcDbLine
 10
1.3112833464566929
 20
0.3081772047244095
 30
0
 11
1.3112983858267717
 21
0.3083888188976378
 31
0
  0
LINE
  5
3F8
330
1A
100
AcDbEntity
  8
BLACK
  6
CONTINUOUS
100
AcDbLine
 10
1.3112983858267717
 20
0.3083888188976378
 30
0
 11
1.3117121653543307
 21
0.3094700787401575
 31
0
  0
LINE
  5
3F9
330
1A
100
AcDbEntity
  8
BLACK
  6
CONTINUOUS
100
AcDbLine
 10
1.3117121653543307
 20
0.3094700787401575
 30
0
 11
1.3145242913385826
 21
0.3150943700787401
 31
0
  0
LINE
  5
3FA
330
1A
100
AcDbEntity
  8
BLACK
  6
CONTINUOUS
100
AcDbLine
 10
1.3145242913385826
 20
0.3150943700787401
 30
0
 11
1.3148364173228346
 21
0.3155902755905512
 31
0
  0
LINE
  5
3FB
330
1A
100
AcDbEntity
  8
BLACK
  6
CONTINUOUS
100
AcDbLine
 10
1.3148364173228346
 20
0.3155902755905512
 30
0
 11
1.3148961023622048
 21
0.3157342913385827
 31
0
  0
LINE
  5
3FC
330
1A
100
AcDbEntity
  8
BLACK
  6
CONTINUOUS
100
AcDbLine
 10
1.3148961023622048
 20
0.3157342913385827
 30
0
 11
1.3150291338582676
 21
0.3158964173228346
 31
0
  0
LINE
  5
3FD
330
1A
100
AcDbEntity
  8
BLACK
  6
CONTINUOUS
100
AcDbLine
 10
1.3150291338582676
 20
0.3158964173228346
 30
0
 11
1.3151410236220473
 21
0.3160741338582677
 31
0
  0
LINE
  5
3FE
330
1A
100
AcDbEntity
  8
BLACK
  6
CONTINUOUS
100
AcDbLine
 10
1.3151410236220473
 20
0.3160741338582677
 30
0
 11
1.3152588976377952
 21
0.3161763779527559
 31
0
  0
LINE
  5
3FF
330
1A
100
AcDbEntity
  8
BLACK
  6
CONTINUOUS
100
AcDbLine
 10
1.3152588976377952
 20
0.3161763779527559
 30
0
 11
1.3156305511811024
 21
0.3166292125984252
 31
0
  0
LINE
  5
400
330
1A
100
AcDbEntity
  8
BLACK
  6
CONTINUOUS
100
AcDbLine
 10
1.3156305511811024
 20
0.3166292125984252
 30
0
 11
1.3184427165354331
 21
0.3194413385826771
 31
0
  0
LINE
  5
401
330
1A
100
AcDbEntity
  8
BLACK
  6
CONTINUOUS
100
AcDbLine
 10
1.3184427165354331
 20
0.3194413385826771
 30
0
 11
1.318895472440945
 21
0.3198129527559055
 31
0
  0
LINE
  5
402
330
1A
100
AcDbEntity
  8
BLACK
  6
CONTINUOUS
100
AcDbLine
 10
1.318895472440945
 20
0.3198129527559055
 30
0
 11
1.318997716535433
 21
0.3199307874015748
 31
0
  0
LINE
  5
403
330
1A
100
AcDbEntity
  8
BLACK
  6
CONTINUOUS
100
AcDbLine
 10
1.318997716535433
 20
0.3199307874015748
 30
0
 11
1.3191753543307085
 21
0.3200426377952756
 31
0
  0
LINE
  5
404
330
1A
100
AcDbEntity
  8
BLACK
  6
CONTINUOUS
100
AcDbLine
 10
1.3191753543307085
 20
0.3200426377952756
 30
0
 11
1.3193375984251967
 21
0.3201757480314961
 31
0
  0
LINE
  5
405
330
1A
100
AcDbEntity
  8
BLACK
  6
CONTINUOUS
100
AcDbLine
 10
1.3193375984251967
 20
0.3201757480314961
 30
0
 11
1.3194816535433072
 21
0.3202354330708662
 31
0
  0
LINE
  5
406
330
1A
100
AcDbEntity
  8
BLACK
  6
CONTINUOUS
100
AcDbLine
 10
1.3194816535433072
 20
0.3202354330708662
 30
0
 11
1.3199774803149606
 21
0.3205475196850394
 31
0
  0
LINE
  5
407
330
1A
100
AcDbEntity
  8
BLACK
  6
CONTINUOUS
100
AcDbLine
 10
1.3199774803149606
 20
0.3205475196850394
 30
0
 11
1.3256017322834646
 21
0.3233596850393701
 31
0
  0
LINE
  5
408
330
1A
100
AcDbEntity
  8
BLACK
  6
CONTINUOUS
100
AcDbLine
 10
1.3256017322834646
 20
0.3233596850393701
 30
0
 11
1.3266829921259842
 21
0.3237734251968504
 31
0
  0
LINE
  5
409
330
1A
100
AcDbEntity
  8
BLACK
  6
CONTINUOUS
100
AcDbLine
 10
1.3266829921259842
 20
0.3237734251968504
 30
0
 11
1.3268945669291339
 21
0.3237884645669291
 31
0
  0
LINE
  5
40A
330
1A
100
AcDbEntity
  8
BLACK
  6
CONTINUOUS
100
AcDbLine
 10
1.3268945669291339
 20
0.3237884645669291
 30
0
 11
1.3270906692913385
 21
0.3238696850393701
 31
0
  0
LINE
  5
40B
330
1A
100
AcDbEntity
  8
BLACK
  6
CONTINUOUS
100
AcDbLine
 10
1.3270906692913385
 20
0.3238696850393701
 30
0
 11
1.3282427952755904
 21
0.3239831496062992
 31
0
  0
LINE
  5
40C
330
1A
100
AcDbEntity
  8
BLACK
  6
CONTINUOUS
100
AcDbLine
 10
1.3282427952755904
 20
0.3239831496062992
 30
0
 11
1.339491377952756
 21
0.3239831496062992
 31
0
  0
LINE
  5
40D
330
1A
100
AcDbEntity
  8
BLACK
  6
CONTINUOUS
100
AcDbLine
 10
1.339491377952756
 20
0.3239831496062992
 30
0
 11
1.3406435039370079
 21
0.3238696850393701
 31
0
  0
LINE
  5
40E
330
1A
100
AcDbEntity
  8
BLACK
  6
CONTINUOUS
100
AcDbLine
 10
1.3261166535433071
 20
0.2851026771653543
 30
0
 11
1.3246598031496062
 21
0.2836458661417323
 31
0
  0
LINE
  5
40F
330
1A
100
AcDbEntity
  8
BLACK
  6
CONTINUOUS
100
AcDbLine
 10
1.3246598031496062
 20
0.2836458661417323
 30
0
 11
1.3228997244094487
 21
0.2801256299212598
 31
0
  0
LINE
  5
410
330
1A
100
AcDbEntity
  8
BLACK
  6
CONTINUOUS
100
AcDbLine
 10
1.3228997244094487
 20
0.2801256299212598
 30
0
 11
1.3228997244094487
 21
0.2716651968503937
 31
0
  0
LINE
  5
411
330
1A
100
AcDbEntity
  8
BLACK
  6
CONTINUOUS
100
AcDbLine
 10
1.3228997244094487
 20
0.2716651968503937
 30
0
 11
1.3246597637795274
 21
0.2681450393700787
 31
0
  0
LINE
  5
412
330
1A
100
AcDbEntity
  8
BLACK
  6
CONTINUOUS
100
AcDbLine
 10
1.3246597637795274
 20
0.2681450393700787
 30
0
 11
1.3261166535433071
 21
0.2666881496062992
 31
0
  0
LINE
  5
413
330
1A
100
AcDbEntity
  8
BLACK
  6
CONTINUOUS
100
AcDbLine
 10
1.3261166535433071
 20
0.2666881496062992
 30
0
 11
1.3296368897637796
 21
0.264928031496063
 31
0
  0
LINE
  5
414
330
1A
100
AcDbEntity
  8
BLACK
  6
CONTINUOUS
100
AcDbLine
 10
1.3296368897637796
 20
0.264928031496063
 30
0
 11
1.3380973228346456
 21
0.264928031496063
 31
0
  0
LINE
  5
415
330
1A
100
AcDbEntity
  8
BLACK
  6
CONTINUOUS
100
AcDbLine
 10
1.3380973228346456
 20
0.264928031496063
 30
0
 11
1.3416175196850393
 21
0.2666881496062992
 31
0
  0
LINE
  5
416
330
1A
100
AcDbEntity
  8
BLACK
  6
CONTINUOUS
100
AcDbLine
 10
1.3416175196850393
 20
0.2666881496062992
 30
0
 11
1.3430743307086614
 21
0.268145
 31
0
  0
LINE
  5
417
330
1A
100
AcDbEntity
  8
BLACK
  6
CONTINUOUS
100
AcDbLine
 10
1.3430743307086614
 20
0.268145
 30
0
 11
1.3448344881889764
 21
0.2716652362204725
 31
0
  0
LINE
  5
418
330
1A
100
AcDbEntity
  8
BLACK
  6
CONTINUOUS
100
AcDbLine
 10
1.3448344881889764
 20
0.2716652362204725
 30
0
 11
1.3448344881889764
 21
0.2801255905511811
 31
0
  0
LINE
  5
419
330
1A
100
AcDbEntity
  8
BLACK
  6
CONTINUOUS
100
AcDbLine
 10
1.3448344881889764
 20
0.2801255905511811
 30
0
 11
1.3430743700787402
 21
0.2836458267716536
 31
0
  0
LINE
  5
41A
330
1A
100
AcDbEntity
  8
BLACK
  6
CONTINUOUS
100
AcDbLine
 10
1.3430743700787402
 20
0.2836458267716536
 30
0
 11
1.3416175196850393
 21
0.2851026771653543
 31
0
  0
LINE
  5
41B
330
1A
100
AcDbEntity
  8
BLACK
  6
CONTINUOUS
100
AcDbLine
 10
1.3416175196850393
 20
0.2851026771653543
 30
0
 11
1.3380972834645668
 21
0.2868627952755906
 31
0
  0
LINE
  5
41C
330
1A
100
AcDbEntity
  8
BLACK
  6
CONTINUOUS
100
AcDbLine
 10
1.3380972834645668
 20
0.2868627952755906
 30
0
 11
1.3296368897637796
 21
0.2868627952755906
 31
0
  0
LINE
  5
41D
330
1A
100
AcDbEntity
  8
BLACK
  6
CONTINUOUS
100
AcDbLine
 10
1.3296368897637796
 20
0.2868627952755906
 30
0
 11
1.3261166535433071
 21
0.2851026771653543
 31
0
  0
LINE
  5
41E
330
1A
100
AcDbEntity
  8
BLACK
  6
CONTINUOUS
100
AcDbLine
 10
1.3261166535433071
 20
0.3104120078740157
 30
0
 11
1.3246597637795274
 21
0.3089551181102362
 31
0
  0
LINE
  5
41F
330
1A
100
AcDbEntity
  8
BLACK
  6
CONTINUOUS
100
AcDbLine
 10
1.3246597637795274
 20
0.3089551181102362
 30
0
 11
1.3228997244094487
 21
0.305435
 31
0
  0
LINE
  5
420
330
1A
100
AcDbEntity
  8
BLACK
  6
CONTINUOUS
100
AcDbLine
 10
1.3228997244094487
 20
0.305435
 30
0
 11
1.3228997244094487
 21
0.3054109842519685
 31
0
  0
LINE
  5
421
330
1A
100
AcDbEntity
  8
BLACK
  6
CONTINUOUS
100
AcDbLine
 10
1.3228997244094487
 20
0.3054109842519685
 30
0
 11
1.3246597637795274
 21
0.3018908267716535
 31
0
  0
LINE
  5
422
330
1A
100
AcDbEntity
  8
BLACK
  6
CONTINUOUS
100
AcDbLine
 10
1.3246597637795274
 20
0.3018908267716535
 30
0
 11
1.3261166535433071
 21
0.300433937007874
 31
0
  0
LINE
  5
423
330
1A
100
AcDbEntity
  8
BLACK
  6
CONTINUOUS
100
AcDbLine
 10
1.3261166535433071
 20
0.300433937007874
 30
0
 11
1.3296368897637796
 21
0.2986738188976378
 31
0
  0
LINE
  5
424
330
1A
100
AcDbEntity
  8
BLACK
  6
CONTINUOUS
100
AcDbLine
 10
1.3296368897637796
 20
0.2986738188976378
 30
0
 11
1.3380973228346456
 21
0.2986738188976378
 31
0
  0
LINE
  5
425
330
1A
100
AcDbEntity
  8
BLACK
  6
CONTINUOUS
100
AcDbLine
 10
1.3380973228346456
 20
0.2986738188976378
 30
0
 11
1.3416175196850393
 21
0.300433937007874
 31
0
  0
LINE
  5
426
330
1A
100
AcDbEntity
  8
BLACK
  6
CONTINUOUS
100
AcDbLine
 10
1.3416175196850393
 20
0.300433937007874
 30
0
 11
1.3430743307086614
 21
0.3018907874015748
 31
0
  0
LINE
  5
427
330
1A
100
AcDbEntity
  8
BLACK
  6
CONTINUOUS
100
AcDbLine
 10
1.3430743307086614
 20
0.3018907874015748
 30
0
 11
1.3448344881889764
 21
0.3054110236220473
 31
0
  0
LINE
  5
428
330
1A
100
AcDbEntity
  8
BLACK
  6
CONTINUOUS
100
AcDbLine
 10
1.3448344881889764
 20
0.3054110236220473
 30
0
 11
1.3448344881889764
 21
0.3054349606299213
 31
0
  0
LINE
  5
429
330
1A
100
AcDbEntity
  8
BLACK
  6
CONTINUOUS
100
AcDbLine
 10
1.3448344881889764
 20
0.3054349606299213
 30
0
 11
1.3430743700787402
 21
0.3089551574803149
 31
0
  0
LINE
  5
42A
330
1A
100
AcDbEntity
  8
BLACK
  6
CONTINUOUS
100
AcDbLine
 10
1.3430743700787402
 20
0.3089551574803149
 30
0
 11
1.3416175196850393
 21
0.3104120078740157
 31
0
  0
LINE
  5
42B
330
1A
100
AcDbEntity
  8
BLACK
  6
CONTINUOUS
100
AcDbLine
 10
1.3416175196850393
 20
0.3104120078740157
 30
0
 11
1.3380972834645668
 21
0.312172125984252
 31
0
  0
LINE
  5
42C
330
1A
100
AcDbEntity
  8
BLACK
  6
CONTINUOUS
100
AcDbLine
 10
1.3380972834645668
 20
0.312172125984252
 30
0
 11
1.3296368897637796
 21
0.312172125984252
 31
0
  0
LINE
  5
42D
330
1A
100
AcDbEntity
  8
BLACK
  6
CONTINUOUS
100
AcDbLine
 10
1.3296368897637796
 20
0.312172125984252
 30
0
 11
1.3261166535433071
 21
0.3104120078740157
 31
0
  0
LINE
  5
42E
330
1A
100
AcDbEntity
  8
BLACK
  6
CONTINUOUS
100
AcDbLine
 10
1.1691024803149606
 20
0.3238696850393701
 30
0
 11
1.1692985433070866
 21
0.3237884645669291
 31
0
  0
LINE
  5
42F
330
1A
100
AcDbEntity
  8
BLACK
  6
CONTINUOUS
100
AcDbLine
 10
1.1692985433070866
 20
0.3237884645669291
 30
0
 11
1.1695101574803148
 21
0.3237734251968504
 31
0
  0
LINE
  5
430
330
1A
100
AcDbEntity
  8
BLACK
  6
CONTINUOUS
100
AcDbLine
 10
1.1695101574803148
 20
0.3237734251968504
 30
0
 11
1.1705913779527559
 21
0.3233596850393701
 31
0
  0
LINE
  5
431
330
1A
100
AcDbEntity
  8
BLACK
  6
CONTINUOUS
100
AcDbLine
 10
1.1705913779527559
 20
0.3233596850393701
 30
0
 11
1.1762156692913386
 21
0.3205475196850394
 31
0
  0
LINE
  5
432
330
1A
100
AcDbEntity
  8
BLACK
  6
CONTINUOUS
100
AcDbLine
 10
1.1762156692913386
 20
0.3205475196850394
 30
0
 11
1.1767115354330708
 21
0.3202353937007874
 31
0
  0
LINE
  5
433
330
1A
100
AcDbEntity
  8
BLACK
  6
CONTINUOUS
100
AcDbLine
 10
1.1767115354330708
 20
0.3202353937007874
 30
0
 11
1.1768555118110235
 21
0.3201757480314961
 31
0
  0
LINE
  5
434
330
1A
100
AcDbEntity
  8
BLACK
  6
CONTINUOUS
100
AcDbLine
 10
1.1768555118110235
 20
0.3201757480314961
 30
0
 11
1.1770175984251969
 21
0.320042716535433
 31
0
  0
LINE
  5
435
330
1A
100
AcDbEntity
  8
BLACK
  6
CONTINUOUS
100
AcDbLine
 10
1.1770175984251969
 20
0.320042716535433
 30
0
 11
1.177195433070866
 21
0.3199307874015748
 31
0
  0
LINE
  5
436
330
1A
100
AcDbEntity
  8
BLACK
  6
CONTINUOUS
100
AcDbLine
 10
1.177195433070866
 20
0.3199307874015748
 30
0
 11
1.1772976771653543
 21
0.3198129133858268
 31
0
  0
LINE
  5
437
330
1A
100
AcDbEntity
  8
BLACK
  6
CONTINUOUS
100
AcDbLine
 10
1.1772976771653543
 20
0.3198129133858268
 30
0
 11
1.1777504330708661
 21
0.3194413385826771
 31
0
  0
LINE
  5
438
330
1A
100
AcDbEntity
  8
BLACK
  6
CONTINUOUS
100
AcDbLine
 10
1.1777504330708661
 20
0.3194413385826771
 30
0
 11
1.1805625984251968
 21
0.3166292125984252
 31
0
  0
LINE
  5
439
330
1A
100
AcDbEntity
  8
BLACK
  6
CONTINUOUS
100
AcDbLine
 10
1.1805625984251968
 20
0.3166292125984252
 30
0
 11
1.1809343307086615
 21
0.3161762598425197
 31
0
  0
LINE
  5
43A
330
1A
100
AcDbEntity
  8
BLACK
  6
CONTINUOUS
100
AcDbLine
 10
1.1809343307086615
 20
0.3161762598425197
 30
0
 11
1.1810521259842519
 21
0.316074094488189
 31
0
  0
LINE
  5
43B
330
1A
100
AcDbEntity
  8
BLACK
  6
CONTINUOUS
100
AcDbLine
 10
1.1810521259842519
 20
0.316074094488189
 30
0
 11
1.1811638976377952
 21
0.3158965354330708
 31
0
  0
LINE
  5
43C
330
1A
100
AcDbEntity
  8
BLACK
  6
CONTINUOUS
100
AcDbLine
 10
1.1811638976377952
 20
0.3158965354330708
 30
0
 11
1.1812970472440945
 21
0.3157342913385827
 31
0
  0
LINE
  5
43D
330
1A
100
AcDbEntity
  8
BLACK
  6
CONTINUOUS
100
AcDbLine
 10
1.1812970472440945
 20
0.3157342913385827
 30
0
 11
1.1813566929133859
 21
0.3155902362204724
 31
0
  0
LINE
  5
43E
330
1A
100
AcDbEntity
  8
BLACK
  6
CONTINUOUS
100
AcDbLine
 10
1.1813566929133859
 20
0.3155902362204724
 30
0
 11
1.1816688582677166
 21
0.3150943700787401
 31
0
  0
LINE
  5
43F
330
1A
100
AcDbEntity
  8
BLACK
  6
CONTINUOUS
100
AcDbLine
 10
1.1816688582677166
 20
0.3150943700787401
 30
0
 11
1.1844809842519686
 21
0.3094700393700787
 31
0
  0
LINE
  5
440
330
1A
100
AcDbEntity
  8
BLACK
  6
CONTINUOUS
100
AcDbLine
 10
1.1844809842519686
 20
0.3094700393700787
 30
0
 11
1.1848947637795275
 21
0.3083888188976378
 31
0
  0
LINE
  5
441
330
1A
100
AcDbEntity
  8
BLACK
  6
CONTINUOUS
100
AcDbLine
 10
1.1848947637795275
 20
0.3083888188976378
 30
0
 11
1.1849097637795276
 21
0.3081772047244095
 31
0
  0
LINE
  5
442
330
1A
100
AcDbEntity
  8
BLACK
  6
CONTINUOUS
100
AcDbLine
 10
1.1849097637795276
 20
0.3081772047244095
 30
0
 11
1.1849909842519686
 21
0.3079811811023622
 31
0
  0
LINE
  5
443
330
1A
100
AcDbEntity
  8
BLACK
  6
CONTINUOUS
100
AcDbLine
 10
1.1849909842519686
 20
0.3079811811023622
 30
0
 11
1.1851044488188975
 21
0.3068290551181102
 31
0
  0
LINE
  5
444
330
1A
100
AcDbEntity
  8
BLACK
  6
CONTINUOUS
100
AcDbLine
 10
1.1851044488188975
 20
0.3068290551181102
 30
0
 11
1.1851044488188975
 21
0.2983925984251968
 31
0
  0
LINE
  5
445
330
1A
100
AcDbEntity
  8
BLACK
  6
CONTINUOUS
100
AcDbLine
 10
1.1851044488188975
 20
0.2983925984251968
 30
0
 11
1.1849909842519686
 21
0.2972404724409449
 31
0
  0
LINE
  5
446
330
1A
100
AcDbEntity
  8
BLACK
  6
CONTINUOUS
100
AcDbLine
 10
1.1849909842519686
 20
0.2972404724409449
 30
0
 11
1.1849097637795276
 21
0.2970444881889764
 31
0
  0
LINE
  5
447
330
1A
100
AcDbEntity
  8
BLACK
  6
CONTINUOUS
100
AcDbLine
 10
1.1849097637795276
 20
0.2970444881889764
 30
0
 11
1.1848947637795275
 21
0.2968328346456693
 31
0
  0
LINE
  5
448
330
1A
100
AcDbEntity
  8
BLACK
  6
CONTINUOUS
100
AcDbLine
 10
1.1848947637795275
 20
0.2968328346456693
 30
0
 11
1.1844809842519686
 21
0.2957516141732283
 31
0
  0
LINE
  5
449
330
1A
100
AcDbEntity
  8
BLACK
  6
CONTINUOUS
100
AcDbLine
 10
1.1844809842519686
 20
0.2957516141732283
 30
0
 11
1.1816688582677166
 21
0.2901272834645669
 31
0
  0
LINE
  5
44A
330
1A
100
AcDbEntity
  8
BLACK
  6
CONTINUOUS
100
AcDbLine
 10
1.1816688582677166
 20
0.2901272834645669
 30
0
 11
1.1813567716535434
 21
0.2896315748031496
 31
0
  0
LINE
  5
44B
330
1A
100
AcDbEntity
  8
BLACK
  6
CONTINUOUS
100
AcDbLine
 10
1.1813567716535434
 20
0.2896315748031496
 30
0
 11
1.1812970866141732
 21
0.2894874015748031
 31
0
  0
LINE
  5
44C
330
1A
100
AcDbEntity
  8
BLACK
  6
CONTINUOUS
100
AcDbLine
 10
1.1812970866141732
 20
0.2894874015748031
 30
0
 11
1.1811638582677164
 21
0.2893251181102362
 31
0
  0
LINE
  5
44D
330
1A
100
AcDbEntity
  8
BLACK
  6
CONTINUOUS
100
AcDbLine
 10
1.1811638582677164
 20
0.2893251181102362
 30
0
 11
1.1810521259842519
 21
0.2891475590551181
 31
0
  0
LINE
  5
44E
330
1A
100
AcDbEntity
  8
BLACK
  6
CONTINUOUS
100
AcDbLine
 10
1.1810521259842519
 20
0.2891475590551181
 30
0
 11
1.1809343307086615
 21
0.2890454330708661
 31
0
  0
LINE
  5
44F
330
1A
100
AcDbEntity
  8
BLACK
  6
CONTINUOUS
100
AcDbLine
 10
1.1809343307086615
 20
0.2890454330708661
 30
0
 11
1.1805626377952756
 21
0.2885924803149606
 31
0
  0
LINE
  5
450
330
1A
100
AcDbEntity
  8
BLACK
  6
CONTINUOUS
100
AcDbLine
 10
1.1805626377952756
 20
0.2885924803149606
 30
0
 11
1.1777504724409449
 21
0.2857803149606299
 31
0
  0
LINE
  5
451
330
1A
100
AcDbEntity
  8
BLACK
  6
CONTINUOUS
100
AcDbLine
 10
1.1777504724409449
 20
0.2857803149606299
 30
0
 11
1.1772976377952755
 21
0.2854087007874015
 31
0
  0
LINE
  5
452
330
1A
100
AcDbEntity
  8
BLACK
  6
CONTINUOUS
100
AcDbLine
 10
1.1772976377952755
 20
0.2854087007874015
 30
0
 11
1.177195433070866
 21
0.2852908267716535
 31
0
  0
LINE
  5
453
330
1A
100
AcDbEntity
  8
BLACK
  6
CONTINUOUS
100
AcDbLine
 10
1.177195433070866
 20
0.2852908267716535
 30
0
 11
1.177017716535433
 21
0.2851790157480315
 31
0
  0
LINE
  5
454
330
1A
100
AcDbEntity
  8
BLACK
  6
CONTINUOUS
100
AcDbLine
 10
1.177017716535433
 20
0.2851790157480315
 30
0
 11
1.1768555511811023
 21
0.2850458661417323
 31
0
  0
LINE
  5
455
330
1A
100
AcDbEntity
  8
BLACK
  6
CONTINUOUS
100
AcDbLine
 10
1.1768555511811023
 20
0.2850458661417323
 30
0
 11
1.1767114566929133
 21
0.2849862204724409
 31
0
  0
LINE
  5
456
330
1A
100
AcDbEntity
  8
BLACK
  6
CONTINUOUS
100
AcDbLine
 10
1.1767114566929133
 20
0.2849862204724409
 30
0
 11
1.1762156692913386
 21
0.284674094488189
 31
0
  0
LINE
  5
457
330
1A
100
AcDbEntity
  8
BLACK
  6
CONTINUOUS
100
AcDbLine
 10
1.1762156692913386
 20
0.284674094488189
 30
0
 11
1.1705913779527559
 21
0.281861968503937
 31
0
  0
LINE
  5
458
330
1A
100
AcDbEntity
  8
BLACK
  6
CONTINUOUS
100
AcDbLine
 10
1.1705913779527559
 20
0.281861968503937
 30
0
 11
1.1704561417322834
 21
0.2818102362204724
 31
0
  0
LINE
  5
459
330
1A
100
AcDbEntity
  8
BLACK
  6
CONTINUOUS
100
AcDbLine
 10
1.1704561417322834
 20
0.2818102362204724
 30
0
 11
1.1840369291338582
 21
0.2624090944881889
 31
0
  0
LINE
  5
45A
330
1A
100
AcDbEntity
  8
BLACK
  6
CONTINUOUS
100
AcDbLine
 10
1.1840369291338582
 20
0.2624090944881889
 30
0
 11
1.1846046850393701
 21
0.2614001968503937
 31
0
  0
LINE
  5
45B
330
1A
100
AcDbEntity
  8
BLACK
  6
CONTINUOUS
100
AcDbLine
 10
1.1846046850393701
 20
0.2614001968503937
 30
0
 11
1.1851030708661416
 21
0.2591505118110236
 31
0
  0
LINE
  5
45C
330
1A
100
AcDbEntity
  8
BLACK
  6
CONTINUOUS
100
AcDbLine
 10
1.1851030708661416
 20
0.2591505118110236
 30
0
 11
1.1847026377952756
 21
0.2568813779527559
 31
0
  0
LINE
  5
45D
330
1A
100
AcDbEntity
  8
BLACK
  6
CONTINUOUS
100
AcDbLine
 10
1.1847026377952756
 20
0.2568813779527559
 30
0
 11
1.1834643307086614
 21
0.2549381889763779
 31
0
  0
LINE
  5
45E
330
1A
100
AcDbEntity
  8
BLACK
  6
CONTINUOUS
100
AcDbLine
 10
1.1834643307086614
 20
0.2549381889763779
 30
0
 11
1.1815766141732282
 21
0.2536167716535433
 31
0
  0
LINE
  5
45F
330
1A
100
AcDbEntity
  8
BLACK
  6
CONTINUOUS
100
AcDbLine
 10
1.1815766141732282
 20
0.2536167716535433
 30
0
 11
1.1793269291338582
 21
0.2531183858267717
 31
0
  0
LINE
  5
460
330
1A
100
AcDbEntity
  8
BLACK
  6
CONTINUOUS
100
AcDbLine
 10
1.1793269291338582
 20
0.2531183858267717
 30
0
 11
1.1770577952755905
 21
0.2535188188976378
 31
0
  0
LINE
  5
461
330
1A
100
AcDbEntity
  8
BLACK
  6
CONTINUOUS
100
AcDbLine
 10
1.1770577952755905
 20
0.2535188188976378
 30
0
 11
1.1751146062992126
 21
0.254757125984252
 31
0
  0
LINE
  5
462
330
1A
100
AcDbEntity
  8
BLACK
  6
CONTINUOUS
100
AcDbLine
 10
1.1751146062992126
 20
0.254757125984252
 30
0
 11
1.1743609448818897
 21
0.2556359448818897
 31
0
  0
LINE
  5
463
330
1A
100
AcDbEntity
  8
BLACK
  6
CONTINUOUS
100
AcDbLine
 10
1.1743609448818897
 20
0.2556359448818897
 30
0
 11
1.1564391732283463
 21
0.2812385039370079
 31
0
  0
LINE
  5
464
330
1A
100
AcDbEntity
  8
BLACK
  6
CONTINUOUS
100
AcDbLine
 10
1.1564391732283463
 20
0.2812385039370079
 30
0
 11
1.1513586614173228
 21
0.2812385039370079
 31
0
  0
LINE
  5
465
330
1A
100
AcDbEntity
  8
BLACK
  6
CONTINUOUS
100
AcDbLine
 10
1.1513586614173228
 20
0.2812385039370079
 30
0
 11
1.1513586614173228
 21
0.2590225196850394
 31
0
  0
LINE
  5
466
330
1A
100
AcDbEntity
  8
BLACK
  6
CONTINUOUS
100
AcDbLine
 10
1.1513586614173228
 20
0.2590225196850394
 30
0
 11
1.1512451968503936
 21
0.2578703937007874
 31
0
  0
LINE
  5
467
330
1A
100
AcDbEntity
  8
BLACK
  6
CONTINUOUS
100
AcDbLine
 10
1.1512451968503936
 20
0.2578703937007874
 30
0
 11
1.1503633858267717
 21
0.2557415748031496
 31
0
  0
LINE
  5
468
330
1A
100
AcDbEntity
  8
BLACK
  6
CONTINUOUS
100
AcDbLine
 10
1.1503633858267717
 20
0.2557415748031496
 30
0
 11
1.148734094488189
 21
0.2541122834645669
 31
0
  0
LINE
  5
469
330
1A
100
AcDbEntity
  8
BLACK
  6
CONTINUOUS
100
AcDbLine
 10
1.148734094488189
 20
0.2541122834645669
 30
0
 11
1.1466052755905511
 21
0.2532304724409449
 31
0
  0
LINE
  5
46A
330
1A
100
AcDbEntity
  8
BLACK
  6
CONTINUOUS
100
AcDbLine
 10
1.1466052755905511
 20
0.2532304724409449
 30
0
 11
1.1443010236220472
 21
0.2532304724409449
 31
0
  0
LINE
  5
46B
330
1A
100
AcDbEntity
  8
BLACK
  6
CONTINUOUS
100
AcDbLine
 10
1.1443010236220472
 20
0.2532304724409449
 30
0
 11
1.1421722047244094
 21
0.2541122834645669
 31
0
  0
LINE
  5
46C
330
1A
100
AcDbEntity
  8
BLACK
  6
CONTINUOUS
100
AcDbLine
 10
1.1421722047244094
 20
0.2541122834645669
 30
0
 11
1.1405429133858267
 21
0.2557415748031496
 31
0
  0
LINE
  5
46D
330
1A
100
AcDbEntity
  8
BLACK
  6
CONTINUOUS
100
AcDbLine
 10
1.1405429133858267
 20
0.2557415748031496
 30
0
 11
1.1396611023622047
 21
0.2578703937007874
 31
0
  0
LINE
  5
46E
330
1A
100
AcDbEntity
  8
BLACK
  6
CONTINUOUS
100
AcDbLine
 10
1.1396611023622047
 20
0.2578703937007874
 30
0
 11
1.1395476377952756
 21
0.2590225196850394
 31
0
  0
LINE
  5
46F
330
1A
100
AcDbEntity
  8
BLACK
  6
CONTINUOUS
100
AcDbLine
 10
1.1395476377952756
 20
0.2590225196850394
 30
0
 11
1.1395476377952756
 21
0.3180776377952756
 31
0
  0
LINE
  5
470
330
1A
100
AcDbEntity
  8
BLACK
  6
CONTINUOUS
100
AcDbLine
 10
1.1395476377952756
 20
0.3180776377952756
 30
0
 11
1.1396611023622047
 21
0.3192297637795276
 31
0
  0
LINE
  5
471
330
1A
100
AcDbEntity
  8
BLACK
  6
CONTINUOUS
100
AcDbLine
 10
1.1396611023622047
 20
0.3192297637795276
 30
0
 11
1.1405429133858267
 21
0.3213585826771653
 31
0
  0
LINE
  5
472
330
1A
100
AcDbEntity
  8
BLACK
  6
CONTINUOUS
100
AcDbLine
 10
1.1405429133858267
 20
0.3213585826771653
 30
0
 11
1.1421722047244094
 21
0.322987874015748
 31
0
  0
LINE
  5
473
330
1A
100
AcDbEntity
  8
BLACK
  6
CONTINUOUS
100
AcDbLine
 10
1.1421722047244094
 20
0.322987874015748
 30
0
 11
1.1443010236220472
 21
0.3238696850393701
 31
0
  0
LINE
  5
474
330
1A
100
AcDbEntity
  8
BLACK
  6
CONTINUOUS
100
AcDbLine
 10
1.1443010236220472
 20
0.3238696850393701
 30
0
 11
1.1454531496062992
 21
0.3239831496062992
 31
0
  0
LINE
  5
475
330
1A
100
AcDbEntity
  8
BLACK
  6
CONTINUOUS
100
AcDbLine
 10
1.1454531496062992
 20
0.3239831496062992
 30
0
 11
1.1679503543307086
 21
0.3239831496062992
 31
0
  0
LINE
  5
476
330
1A
100
AcDbEntity
  8
BLACK
  6
CONTINUOUS
100
AcDbLine
 10
1.1679503543307086
 20
0.3239831496062992
 30
0
 11
1.1691024803149606
 21
0.3238696850393701
 31
0
  0
LINE
  5
477
330
1A
100
AcDbEntity
  8
BLACK
  6
CONTINUOUS
100
AcDbLine
 10
1.1513586614173228
 20
0.2930495275590551
 30
0
 11
1.1665562598425196
 21
0.2930495275590551
 31
0
  0
LINE
  5
478
330
1A
100
AcDbEntity
  8
BLACK
  6
CONTINUOUS
100
AcDbLine
 10
1.1665562598425196
 20
0.2930495275590551
 30
0
 11
1.1700764173228346
 21
0.2948096062992126
 31
0
  0
LINE
  5
479
330
1A
100
AcDbEntity
  8
BLACK
  6
CONTINUOUS
100
AcDbLine
 10
1.1700764173228346
 20
0.2948096062992126
 30
0
 11
1.1715333070866141
 21
0.2962664960629921
 31
0
  0
LINE
  5
47A
330
1A
100
AcDbEntity
  8
BLACK
  6
CONTINUOUS
100
AcDbLine
 10
1.1715333070866141
 20
0.2962664960629921
 30
0
 11
1.1732934251968503
 21
0.2997866929133858
 31
0
  0
LINE
  5
47B
330
1A
100
AcDbEntity
  8
BLACK
  6
CONTINUOUS
100
AcDbLine
 10
1.1732934251968503
 20
0.2997866929133858
 30
0
 11
1.1732934251968503
 21
0.305435
 31
0
  0
LINE
  5
47C
330
1A
100
AcDbEntity
  8
BLACK
  6
CONTINUOUS
100
AcDbLine
 10
1.1732934251968503
 20
0.305435
 30
0
 11
1.1715333464566928
 21
0.3089551574803149
 31
0
  0
LINE
  5
47D
330
1A
100
AcDbEntity
  8
BLACK
  6
CONTINUOUS
100
AcDbLine
 10
1.1715333464566928
 20
0.3089551574803149
 30
0
 11
1.1700764960629921
 21
0.3104120078740157
 31
0
  0
LINE
  5
47E
330
1A
100
AcDbEntity
  8
BLACK
  6
CONTINUOUS
100
AcDbLine
 10
1.1700764960629921
 20
0.3104120078740157
 30
0
 11
1.1665562598425196
 21
0.312172125984252
 31
0
  0
LINE
  5
47F
330
1A
100
AcDbEntity
  8
BLACK
  6
CONTINUOUS
100
AcDbLine
 10
1.1665562598425196
 20
0.312172125984252
 30
0
 11
1.1513586614173228
 21
0.312172125984252
 31
0
  0
LINE
  5
480
330
1A
100
AcDbEntity
  8
BLACK
  6
CONTINUOUS
100
AcDbLine
 10
1.1513586614173228
 20
0.312172125984252
 30
0
 11
1.1513586614173228
 21
0.2930495275590551
 31
0
  0
LINE
  5
481
330
1A
100
AcDbEntity
  8
BLACK
  6
CONTINUOUS
100
AcDbLine
 10
1.0509922440944881
 20
0.3238696850393701
 30
0
 11
1.0511883070866141
 21
0.3237884645669291
 31
0
  0
LINE
  5
482
330
1A
100
AcDbEntity
  8
BLACK
  6
CONTINUOUS
100
AcDbLine
 10
1.0511883070866141
 20
0.3237884645669291
 30
0
 11
1.0513999212598424
 21
0.3237734251968504
 31
0
  0
LINE
  5
483
330
1A
100
AcDbEntity
  8
BLACK
  6
CONTINUOUS
100
AcDbLine
 10
1.0513999212598424
 20
0.3237734251968504
 30
0
 11
1.0524811417322835
 21
0.3233596850393701
 31
0
  0
LINE
  5
484
330
1A
100
AcDbEntity
  8
BLACK
  6
CONTINUOUS
100
AcDbLine
 10
1.0524811417322835
 20
0.3233596850393701
 30
0
 11
1.0581054330708661
 21
0.3205475196850394
 31
0
  0
LINE
  5
485
330
1A
100
AcDbEntity
  8
BLACK
  6
CONTINUOUS
100
AcDbLine
 10
1.0581054330708661
 20
0.3205475196850394
 30
0
 11
1.0586012992125984
 21
0.3202353937007874
 31
0
  0
LINE
  5
486
330
1A
100
AcDbEntity
  8
BLACK
  6
CONTINUOUS
100
AcDbLine
 10
1.0586012992125984
 20
0.3202353937007874
 30
0
 11
1.0587452755905511
 21
0.3201757480314961
 31
0
  0
LINE
  5
487
330
1A
100
AcDbEntity
  8
BLACK
  6
CONTINUOUS
100
AcDbLine
 10
1.0587452755905511
 20
0.3201757480314961
 30
0
 11
1.0589073622047245
 21
0.320042716535433
 31
0
  0
LINE
  5
488
330
1A
100
AcDbEntity
  8
BLACK
  6
CONTINUOUS
100
AcDbLine
 10
1.0589073622047245
 20
0.320042716535433
 30
0
 11
1.0590851968503936
 21
0.3199307874015748
 31
0
  0
LINE
  5
489
330
1A
100
AcDbEntity
  8
BLACK
  6
CONTINUOUS
100
AcDbLine
 10
1.0590851968503936
 20
0.3199307874015748
 30
0
 11
1.0591874409448818
 21
0.3198129133858268
 31
0
  0
LINE
  5
48A
330
1A
100
AcDbEntity
  8
BLACK
  6
CONTINUOUS
100
AcDbLine
 10
1.0591874409448818
 20
0.3198129133858268
 30
0
 11
1.0596401968503937
 21
0.3194413385826771
 31
0
  0
LINE
  5
48B
330
1A
100
AcDbEntity
  8
BLACK
  6
CONTINUOUS
100
AcDbLine
 10
1.0596401968503937
 20
0.3194413385826771
 30
0
 11
1.0624523622047244
 21
0.3166292125984252
 31
0
  0
LINE
  5
48C
330
1A
100
AcDbEntity
  8
BLACK
  6
CONTINUOUS
100
AcDbLine
 10
1.0624523622047244
 20
0.3166292125984252
 30
0
 11
1.062824094488189
 21
0.3161762598425197
 31
0
  0
LINE
  5
48D
330
1A
100
AcDbEntity
  8
BLACK
  6
CONTINUOUS
100
AcDbLine
 10
1.062824094488189
 20
0.3161762598425197
 30
0
 11
1.0629418897637795
 21
0.316074094488189
 31
0
  0
LINE
  5
48E
330
1A
100
AcDbEntity
  8
BLACK
  6
CONTINUOUS
100
AcDbLine
 10
1.0629418897637795
 20
0.316074094488189
 30
0
 11
1.0630536614173227
 21
0.3158965354330708
 31
0
  0
LINE
  5
48F
330
1A
100
AcDbEntity
  8
BLACK
  6
CONTINUOUS
100
AcDbLine
 10
1.0630536614173227
 20
0.3158965354330708
 30
0
 11
1.063186811023622
 21
0.3157342913385827
 31
0
  0
LINE
  5
490
330
1A
100
AcDbEntity
  8
BLACK
  6
CONTINUOUS
100
AcDbLine
 10
1.063186811023622
 20
0.3157342913385827
 30
0
 11
1.0632464566929134
 21
0.3155902362204724
 31
0
  0
LINE
  5
491
330
1A
100
AcDbEntity
  8
BLACK
  6
CONTINUOUS
100
AcDbLine
 10
1.0632464566929134
 20
0.3155902362204724
 30
0
 11
1.0635586220472442
 21
0.3150943700787401
 31
0
  0
LINE
  5
492
330
1A
100
AcDbEntity
  8
BLACK
  6
CONTINUOUS
100
AcDbLine
 10
1.0635586220472442
 20
0.3150943700787401
 30
0
 11
1.0663707480314961
 21
0.3094700393700787
 31
0
  0
LINE
  5
493
330
1A
100
AcDbEntity
  8
BLACK
  6
CONTINUOUS
100
AcDbLine
 10
1.0663707480314961
 20
0.3094700393700787
 30
0
 11
1.0667845275590551
 21
0.3083888188976378
 31
0
  0
LINE
  5
494
330
1A
100
AcDbEntity
  8
BLACK
  6
CONTINUOUS
100
AcDbLine
 10
1.0667845275590551
 20
0.3083888188976378
 30
0
 11
1.0667995275590552
 21
0.3081772047244095
 31
0
  0
LINE
  5
495
330
1A
100
AcDbEntity
  8
BLACK
  6
CONTINUOUS
100
AcDbLine
 10
1.0667995275590552
 20
0.3081772047244095
 30
0
 11
1.0668807480314961
 21
0.3079811811023622
 31
0
  0
LINE
  5
496
330
1A
100
AcDbEntity
  8
BLACK
  6
CONTINUOUS
100
AcDbLine
 10
1.0668807480314961
 20
0.3079811811023622
 30
0
 11
1.0669942125984251
 21
0.3068290551181102
 31
0
  0
LINE
  5
497
330
1A
100
AcDbEntity
  8
BLACK
  6
CONTINUOUS
100
AcDbLine
 10
1.0669942125984251
 20
0.3068290551181102
 30
0
 11
1.0669942125984251
 21
0.2983925984251968
 31
0
  0
LINE
  5
498
330
1A
100
AcDbEntity
  8
BLACK
  6
CONTINUOUS
100
AcDbLine
 10
1.0669942125984251
 20
0.2983925984251968
 30
0
 11
1.0668807480314961
 21
0.2972404724409449
 31
0
  0
LINE
  5
499
330
1A
100
AcDbEntity
  8
BLACK
  6
CONTINUOUS
100
AcDbLine
 10
1.0668807480314961
 20
0.2972404724409449
 30
0
 11
1.0667995275590552
 21
0.2970444881889764
 31
0
  0
LINE
  5
49A
330
1A
100
AcDbEntity
  8
BLACK
  6
CONTINUOUS
100
AcDbLine
 10
1.0667995275590552
 20
0.2970444881889764
 30
0
 11
1.0667845275590551
 21
0.2968328346456693
 31
0
  0
LINE
  5
49B
330
1A
100
AcDbEntity
  8
BLACK
  6
CONTINUOUS
100
AcDbLine
 10
1.0667845275590551
 20
0.2968328346456693
 30
0
 11
1.0663707480314961
 21
0.2957516141732283
 31
0
  0
LINE
  5
49C
330
1A
100
AcDbEntity
  8
BLACK
  6
CONTINUOUS
100
AcDbLine
 10
1.0663707480314961
 20
0.2957516141732283
 30
0
 11
1.0635586220472442
 21
0.2901272834645669
 31
0
  0
LINE
  5
49D
330
1A
100
AcDbEntity
  8
BLACK
  6
CONTINUOUS
100
AcDbLine
 10
1.0635586220472442
 20
0.2901272834645669
 30
0
 11
1.0632465354330709
 21
0.2896315748031496
 31
0
  0
LINE
  5
49E
330
1A
100
AcDbEntity
  8
BLACK
  6
CONTINUOUS
100
AcDbLine
 10
1.0632465354330709
 20
0.2896315748031496
 30
0
 11
1.0631868503937008
 21
0.2894874015748031
 31
0
  0
LINE
  5
49F
330
1A
100
AcDbEntity
  8
BLACK
  6
CONTINUOUS
100
AcDbLine
 10
1.0631868503937008
 20
0.2894874015748031
 30
0
 11
1.063053622047244
 21
0.2893251181102362
 31
0
  0
LINE
  5
4A0
330
1A
100
AcDbEntity
  8
BLACK
  6
CONTINUOUS
100
AcDbLine
 10
1.063053622047244
 20
0.2893251181102362
 30
0
 11
1.0629418897637795
 21
0.2891475590551181
 31
0
  0
LINE
  5
4A1
330
1A
100
AcDbEntity
  8
BLACK
  6
CONTINUOUS
100
AcDbLine
 10
1.0629418897637795
 20
0.2891475590551181
 30
0
 11
1.062824094488189
 21
0.2890454330708661
 31
0
  0
LINE
  5
4A2
330
1A
100
AcDbEntity
  8
BLACK
  6
CONTINUOUS
100
AcDbLine
 10
1.062824094488189
 20
0.2890454330708661
 30
0
 11
1.0624524015748031
 21
0.2885924803149606
 31
0
  0
LINE
  5
4A3
330
1A
100
AcDbEntity
  8
BLACK
  6
CONTINUOUS
100
AcDbLine
 10
1.0624524015748031
 20
0.2885924803149606
 30
0
 11
1.0596402362204724
 21
0.2857803149606299
 31
0
  0
LINE
  5
4A4
330
1A
100
AcDbEntity
  8
BLACK
  6
CONTINUOUS
100
AcDbLine
 10
1.0596402362204724
 20
0.2857803149606299
 30
0
 11
1.0591874015748031
 21
0.2854087007874015
 31
0
  0
LINE
  5
4A5
330
1A
100
AcDbEntity
  8
BLACK
  6
CONTINUOUS
100
AcDbLine
 10
1.0591874015748031
 20
0.2854087007874015
 30
0
 11
1.0590851968503936
 21
0.2852908267716535
 31
0
  0
LINE
  5
4A6
330
1A
100
AcDbEntity
  8
BLACK
  6
CONTINUOUS
100
AcDbLine
 10
1.0590851968503936
 20
0.2852908267716535
 30
0
 11
1.0589074803149605
 21
0.2851790157480315
 31
0
  0
LINE
  5
4A7
330
1A
100
AcDbEntity
  8
BLACK
  6
CONTINUOUS
100
AcDbLine
 10
1.0589074803149605
 20
0.2851790157480315
 30
0
 11
1.0587453149606298
 21
0.2850458661417323
 31
0
  0
LINE
  5
4A8
330
1A
100
AcDbEntity
  8
BLACK
  6
CONTINUOUS
100
AcDbLine
 10
1.0587453149606298
 20
0.2850458661417323
 30
0
 11
1.0586012204724409
 21
0.2849862204724409
 31
0
  0
LINE
  5
4A9
330
1A
100
AcDbEntity
  8
BLACK
  6
CONTINUOUS
100
AcDbLine
 10
1.0586012204724409
 20
0.2849862204724409
 30
0
 11
1.0581054330708661
 21
0.284674094488189
 31
0
  0
LINE
  5
4AA
330
1A
100
AcDbEntity
  8
BLACK
  6
CONTINUOUS
100
AcDbLine
 10
1.0581054330708661
 20
0.284674094488189
 30
0
 11
1.0524811417322835
 21
0.281861968503937
 31
0
  0
LINE
  5
4AB
330
1A
100
AcDbEntity
  8
BLACK
  6
CONTINUOUS
100
AcDbLine
 10
1.0524811417322835
 20
0.281861968503937
 30
0
 11
1.0513998818897639
 21
0.281448188976378
 31
0
  0
LINE
  5
4AC
330
1A
100
AcDbEntity
  8
BLACK
  6
CONTINUOUS
100
AcDbLine
 10
1.0513998818897639
 20
0.281448188976378
 30
0
 11
1.0511882283464566
 21
0.2814331889763779
 31
0
  0
LINE
  5
4AD
330
1A
100
AcDbEntity
  8
BLACK
  6
CONTINUOUS
100
AcDbLine
 10
1.0511882283464566
 20
0.2814331889763779
 30
0
 11
1.0509922440944881
 21
0.281351968503937
 31
0
  0
LINE
  5
4AE
330
1A
100
AcDbEntity
  8
BLACK
  6
CONTINUOUS
100
AcDbLine
 10
1.0509922440944881
 20
0.281351968503937
 30
0
 11
1.0498401181102361
 21
0.2812385039370079
 31
0
  0
LINE
  5
4AF
330
1A
100
AcDbEntity
  8
BLACK
  6
CONTINUOUS
100
AcDbLine
 10
1.0498401181102361
 20
0.2812385039370079
 30
0
 11
1.0332484251968503
 21
0.2812385039370079
 31
0
  0
LINE
  5
4B0
330
1A
100
AcDbEntity
  8
BLACK
  6
CONTINUOUS
100
AcDbLine
 10
1.0332484251968503
 20
0.2812385039370079
 30
0
 11
1.0332484251968503
 21
0.2590225196850394
 31
0
  0
LINE
  5
4B1
330
1A
100
AcDbEntity
  8
BLACK
  6
CONTINUOUS
100
AcDbLine
 10
1.0332484251968503
 20
0.2590225196850394
 30
0
 11
1.0331349606299212
 21
0.2578703937007874
 31
0
  0
LINE
  5
4B2
330
1A
100
AcDbEntity
  8
BLACK
  6
CONTINUOUS
100
AcDbLine
 10
1.0331349606299212
 20
0.2578703937007874
 30
0
 11
1.0322531496062992
 21
0.2557415748031496
 31
0
  0
LINE
  5
4B3
330
1A
100
AcDbEntity
  8
BLACK
  6
CONTINUOUS
100
AcDbLine
 10
1.0322531496062992
 20
0.2557415748031496
 30
0
 11
1.0306238582677165
 21
0.2541122834645669
 31
0
  0
LINE
  5
4B4
330
1A
100
AcDbEntity
  8
BLACK
  6
CONTINUOUS
100
AcDbLine
 10
1.0306238582677165
 20
0.2541122834645669
 30
0
 11
1.0284950393700787
 21
0.2532304724409449
 31
0
  0
LINE
  5
4B5
330
1A
100
AcDbEntity
  8
BLACK
  6
CONTINUOUS
100
AcDbLine
 10
1.0284950393700787
 20
0.2532304724409449
 30
0
 11
1.0261907874015748
 21
0.2532304724409449
 31
0
  0
LINE
  5
4B6
330
1A
100
AcDbEntity
  8
BLACK
  6
CONTINUOUS
100
AcDbLine
 10
1.0261907874015748
 20
0.2532304724409449
 30
0
 11
1.0240619685039369
 21
0.2541122834645669
 31
0
  0
LINE
  5
4B7
330
1A
100
AcDbEntity
  8
BLACK
  6
CONTINUOUS
100
AcDbLine
 10
1.0240619685039369
 20
0.2541122834645669
 30
0
 11
1.0224326771653542
 21
0.2557415748031496
 31
0
  0
LINE
  5
4B8
330
1A
100
AcDbEntity
  8
BLACK
  6
CONTINUOUS
100
AcDbLine
 10
1.0224326771653542
 20
0.2557415748031496
 30
0
 11
1.0215508661417323
 21
0.2578703937007874
 31
0
  0
LINE
  5
4B9
330
1A
100
AcDbEntity
  8
BLACK
  6
CONTINUOUS
100
AcDbLine
 10
1.0215508661417323
 20
0.2578703937007874
 30
0
 11
1.0214374015748031
 21
0.2590225196850394
 31
0
  0
LINE
  5
4BA
330
1A
100
AcDbEntity
  8
BLACK
  6
CONTINUOUS
100
AcDbLine
 10
1.0214374015748031
 20
0.2590225196850394
 30
0
 11
1.0214374015748031
 21
0.3180776377952756
 31
0
  0
LINE
  5
4BB
330
1A
100
AcDbEntity
  8
BLACK
  6
CONTINUOUS
100
AcDbLine
 10
1.0214374015748031
 20
0.3180776377952756
 30
0
 11
1.0215508661417323
 21
0.3192297637795276
 31
0
  0
LINE
  5
4BC
330
1A
100
AcDbEntity
  8
BLACK
  6
CONTINUOUS
100
AcDbLine
 10
1.0215508661417323
 20
0.3192297637795276
 30
0
 11
1.0224326771653542
 21
0.3213585826771653
 31
0
  0
LINE
  5
4BD
330
1A
100
AcDbEntity
  8
BLACK
  6
CONTINUOUS
100
AcDbLine
 10
1.0224326771653542
 20
0.3213585826771653
 30
0
 11
1.0240619685039369
 21
0.322987874015748
 31
0
  0
LINE
  5
4BE
330
1A
100
AcDbEntity
  8
BLACK
  6
CONTINUOUS
100
AcDbLine
 10
1.0240619685039369
 20
0.322987874015748
 30
0
 11
1.0261907874015748
 21
0.3238696850393701
 31
0
  0
LINE
  5
4BF
330
1A
100
AcDbEntity
  8
BLACK
  6
CONTINUOUS
100
AcDbLine
 10
1.0261907874015748
 20
0.3238696850393701
 30
0
 11
1.0273429133858267
 21
0.3239831496062992
 31
0
  0
LINE
  5
4C0
330
1A
100
AcDbEntity
  8
BLACK
  6
CONTINUOUS
100
AcDbLine
 10
1.0273429133858267
 20
0.3239831496062992
 30
0
 11
1.0498401181102361
 21
0.3239831496062992
 31
0
  0
LINE
  5
4C1
330
1A
100
AcDbEntity
  8
BLACK
  6
CONTINUOUS
100
AcDbLine
 10
1.0498401181102361
 20
0.3239831496062992
 30
0
 11
1.0509922440944881
 21
0.3238696850393701
 31
0
  0
LINE
  5
4C2
330
1A
100
AcDbEntity
  8
BLACK
  6
CONTINUOUS
100
AcDbLine
 10
1.0332484251968503
 20
0.2930495275590551
 30
0
 11
1.0484460236220472
 21
0.2930495275590551
 31
0
  0
LINE
  5
4C3
330
1A
100
AcDbEntity
  8
BLACK
  6
CONTINUOUS
100
AcDbLine
 10
1.0484460236220472
 20
0.2930495275590551
 30
0
 11
1.0519661811023622
 21
0.2948096062992126
 31
0
  0
LINE
  5
4C4
330
1A
100
AcDbEntity
  8
BLACK
  6
CONTINUOUS
100
AcDbLine
 10
1.0519661811023622
 20
0.2948096062992126
 30
0
 11
1.0534230708661416
 21
0.2962664960629921
 31
0
  0
LINE
  5
4C5
330
1A
100
AcDbEntity
  8
BLACK
  6
CONTINUOUS
100
AcDbLine
 10
1.0534230708661416
 20
0.2962664960629921
 30
0
 11
1.0551831889763779
 21
0.2997866929133858
 31
0
  0
LINE
  5
4C6
330
1A
100
AcDbEntity
  8
BLACK
  6
CONTINUOUS
100
AcDbLine
 10
1.0551831889763779
 20
0.2997866929133858
 30
0
 11
1.0551831889763779
 21
0.305435
 31
0
  0
LINE
  5
4C7
330
1A
100
AcDbEntity
  8
BLACK
  6
CONTINUOUS
100
AcDbLine
 10
1.0551831889763779
 20
0.305435
 30
0
 11
1.0534231102362204
 21
0.3089551574803149
 31
0
  0
LINE
  5
4C8
330
1A
100
AcDbEntity
  8
BLACK
  6
CONTINUOUS
100
AcDbLine
 10
1.0534231102362204
 20
0.3089551574803149
 30
0
 11
1.0519662598425197
 21
0.3104120078740157
 31
0
  0
LINE
  5
4C9
330
1A
100
AcDbEntity
  8
BLACK
  6
CONTINUOUS
100
AcDbLine
 10
1.0519662598425197
 20
0.3104120078740157
 30
0
 11
1.0484460236220472
 21
0.312172125984252
 31
0
  0
LINE
  5
4CA
330
1A
100
AcDbEntity
  8
BLACK
  6
CONTINUOUS
100
AcDbLine
 10
1.0484460236220472
 20
0.312172125984252
 30
0
 11
1.0332484251968503
 21
0.312172125984252
 31
0
  0
LINE
  5
4CB
330
1A
100
AcDbEntity
  8
BLACK
  6
CONTINUOUS
100
AcDbLine
 10
1.0332484251968503
 20
0.312172125984252
 30
0
 11
1.0332484251968503
 21
0.2930495275590551
 31
0
  0
LINE
  5
4CC
330
1A
100
AcDbEntity
  8
BLACK
  6
CONTINUOUS
100
AcDbLine
 10
2.0862506299212598
 20
0.4190100787401574
 30
0
 11
2.0881591732283464
 21
0.4171015748031496
 31
0
  0
LINE
  5
4CD
330
1A
100
AcDbEntity
  8
BLACK
  6
CONTINUOUS
100
AcDbLine
 10
2.0881591732283464
 20
0.4171015748031496
 30
0
 11
2.0904923228346455
 21
0.4124352362204725
 31
0
  0
LINE
  5
4CE
330
1A
100
AcDbEntity
  8
BLACK
  6
CONTINUOUS
100
AcDbLine
 10
2.0904923228346455
 20
0.4124352362204725
 30
0
 11
2.0930821259842518
 21
0.4020761417322835
 31
0
  0
LINE
  5
4CF
330
1A
100
AcDbEntity
  8
BLACK
  6
CONTINUOUS
100
AcDbLine
 10
2.0930821259842518
 20
0.4020761417322835
 30
0
 11
2.0930821259842518
 21
0.3889846456692913
 31
0
  0
LINE
  5
4D0
330
1A
100
AcDbEntity
  8
BLACK
  6
CONTINUOUS
100
AcDbLine
 10
2.0930821259842518
 20
0.3889846456692913
 30
0
 11
2.0904923228346455
 21
0.3786255905511811
 31
0
  0
LINE
  5
4D1
330
1A
100
AcDbEntity
  8
BLACK
  6
CONTINUOUS
100
AcDbLine
 10
2.0904923228346455
 20
0.3786255905511811
 30
0
 11
2.0881591732283464
 21
0.3739592913385827
 31
0
  0
LINE
  5
4D2
330
1A
100
AcDbEntity
  8
BLACK
  6
CONTINUOUS
100
AcDbLine
 10
2.0881591732283464
 20
0.3739592913385827
 30
0
 11
2.0862505118110235
 21
0.3720506299212598
 31
0
  0
LINE
  5
4D3
330
1A
100
AcDbEntity
  8
BLACK
  6
CONTINUOUS
100
AcDbLine
 10
2.0862505118110235
 20
0.3720506299212598
 30
0
 11
2.0820289763779529
 21
0.369939842519685
 31
0
  0
LINE
  5
4D4
330
1A
100
AcDbEntity
  8
BLACK
  6
CONTINUOUS
100
AcDbLine
 10
2.0820289763779529
 20
0.369939842519685
 30
0
 11
2.0782635039370079
 21
0.369939842519685
 31
0
  0
LINE
  5
4D5
330
1A
100
AcDbEntity
  8
BLACK
  6
CONTINUOUS
100
AcDbLine
 10
2.0782635039370079
 20
0.369939842519685
 30
0
 11
2.0740419291338581
 21
0.3720506299212598
 31
0
  0
LINE
  5
4D6
330
1A
100
AcDbEntity
  8
BLACK
  6
CONTINUOUS
100
AcDbLine
 10
2.0740419291338581
 20
0.3720506299212598
 30
0
 11
2.0721332677165352
 21
0.3739592913385827
 31
0
  0
LINE
  5
4D7
330
1A
100
AcDbEntity
  8
BLACK
  6
CONTINUOUS
100
AcDbLine
 10
2.0721332677165352
 20
0.3739592913385827
 30
0
 11
2.0698000393700786
 21
0.3786257086614173
 31
0
  0
LINE
  5
4D8
330
1A
100
AcDbEntity
  8
BLACK
  6
CONTINUOUS
100
AcDbLine
 10
2.0698000393700786
 20
0.3786257086614173
 30
0
 11
2.0672103543307085
 21
0.3889846062992126
 31
0
  0
LINE
  5
4D9
330
1A
100
AcDbEntity
  8
BLACK
  6
CONTINUOUS
100
AcDbLine
 10
2.0672103543307085
 20
0.3889846062992126
 30
0
 11
2.0672103543307085
 21
0.4020761811023622
 31
0
  0
LINE
  5
4DA
330
1A
100
AcDbEntity
  8
BLACK
  6
CONTINUOUS
100
AcDbLine
 10
2.0672103543307085
 20
0.4020761811023622
 30
0
 11
2.0698000393700786
 21
0.4124350787401574
 31
0
  0
LINE
  5
4DB
330
1A
100
AcDbEntity
  8
BLACK
  6
CONTINUOUS
100
AcDbLine
 10
2.0698000393700786
 20
0.4124350787401574
 30
0
 11
2.0721333070866139
 21
0.4171016141732283
 31
0
  0
LINE
  5
4DC
330
1A
100
AcDbEntity
  8
BLACK
  6
CONTINUOUS
100
AcDbLine
 10
2.0721333070866139
 20
0.4171016141732283
 30
0
 11
2.0740418110236218
 21
0.4190101181102362
 31
0
  0
LINE
  5
4DD
330
1A
100
AcDbEntity
  8
BLACK
  6
CONTINUOUS
100
AcDbLine
 10
2.0740418110236218
 20
0.4190101181102362
 30
0
 11
2.0782635039370079
 21
0.4211209448818898
 31
0
  0
LINE
  5
4DE
330
1A
100
AcDbEntity
  8
BLACK
  6
CONTINUOUS
100
AcDbLine
 10
2.0782635039370079
 20
0.4211209448818898
 30
0
 11
2.0820289370078742
 21
0.4211209448818898
 31
0
  0
LINE
  5
4DF
330
1A
100
AcDbEntity
  8
BLACK
  6
CONTINUOUS
100
AcDbLine
 10
2.0820289370078742
 20
0.4211209448818898
 30
0
 11
2.0862506299212598
 21
0.4190100787401574
 31
0
  0
LINE
  5
4E0
330
1A
100
AcDbEntity
  8
BLACK
  6
CONTINUOUS
100
AcDbLine
 10
2.2015486220472442
 20
0.3965129527559055
 30
0
 11
2.2034571653543304
 21
0.3946044488188976
 31
0
  0
LINE
  5
4E1
330
1A
100
AcDbEntity
  8
BLACK
  6
CONTINUOUS
100
AcDbLine
 10
2.2034571653543304
 20
0.3946044488188976
 30
0
 11
2.2055680314960631
 21
0.3903827559055118
 31
0
  0
LINE
  5
4E2
330
1A
100
AcDbEntity
  8
BLACK
  6
CONTINUOUS
100
AcDbLine
 10
2.2055680314960631
 20
0.3903827559055118
 30
0
 11
2.2055680314960631
 21
0.3781808661417323
 31
0
  0
LINE
  5
4E3
330
1A
100
AcDbEntity
  8
BLACK
  6
CONTINUOUS
100
AcDbLine
 10
2.2055680314960631
 20
0.3781808661417323
 30
0
 11
2.2034571653543304
 21
0.3739591732283464
 31
0
  0
LINE
  5
4E4
330
1A
100
AcDbEntity
  8
BLACK
  6
CONTINUOUS
100
AcDbLine
 10
2.2034571653543304
 20
0.3739591732283464
 30
0
 11
2.2015486220472442
 21
0.3720506692913386
 31
0
  0
LINE
  5
4E5
330
1A
100
AcDbEntity
  8
BLACK
  6
CONTINUOUS
100
AcDbLine
 10
2.2015486220472442
 20
0.3720506692913386
 30
0
 11
2.1973270078740157
 21
0.369939842519685
 31
0
  0
LINE
  5
4E6
330
1A
100
AcDbEntity
  8
BLACK
  6
CONTINUOUS
100
AcDbLine
 10
2.1973270078740157
 20
0.369939842519685
 30
0
 11
2.187937244094488
 21
0.369939842519685
 31
0
  0
LINE
  5
4E7
330
1A
100
AcDbEntity
  8
BLACK
  6
CONTINUOUS
100
AcDbLine
 10
2.187937244094488
 20
0.369939842519685
 30
0
 11
2.1837156692913386
 21
0.3720506299212598
 31
0
  0
LINE
  5
4E8
330
1A
100
AcDbEntity
  8
BLACK
  6
CONTINUOUS
100
AcDbLine
 10
2.1837156692913386
 20
0.3720506299212598
 30
0
 11
2.1818070078740157
 21
0.3739592913385827
 31
0
  0
LINE
  5
4E9
330
1A
100
AcDbEntity
  8
BLACK
  6
CONTINUOUS
100
AcDbLine
 10
2.1818070078740157
 20
0.3739592913385827
 30
0
 11
2.1796962598425198
 21
0.3781808267716535
 31
0
  0
LINE
  5
4EA
330
1A
100
AcDbEntity
  8
BLACK
  6
CONTINUOUS
100
AcDbLine
 10
2.1796962598425198
 20
0.3781808267716535
 30
0
 11
2.1796962598425198
 21
0.3903827952755906
 31
0
  0
LINE
  5
4EB
330
1A
100
AcDbEntity
  8
BLACK
  6
CONTINUOUS
100
AcDbLine
 10
2.1796962598425198
 20
0.3903827952755906
 30
0
 11
2.1818070078740157
 21
0.3946043307086614
 31
0
  0
LINE
  5
4EC
330
1A
100
AcDbEntity
  8
BLACK
  6
CONTINUOUS
100
AcDbLine
 10
2.1818070078740157
 20
0.3946043307086614
 30
0
 11
2.1837156692913386
 21
0.3965129921259842
 31
0
  0
LINE
  5
4ED
330
1A
100
AcDbEntity
  8
BLACK
  6
CONTINUOUS
100
AcDbLine
 10
2.1837156692913386
 20
0.3965129921259842
 30
0
 11
2.187937244094488
 21
0.3986237401574803
 31
0
  0
LINE
  5
4EE
330
1A
100
AcDbEntity
  8
BLACK
  6
CONTINUOUS
100
AcDbLine
 10
2.187937244094488
 20
0.3986237401574803
 30
0
 11
2.1973270078740157
 21
0.3986237401574803
 31
0
  0
LINE
  5
4EF
330
1A
100
AcDbEntity
  8
BLACK
  6
CONTINUOUS
100
AcDbLine
 10
2.1973270078740157
 20
0.3986237401574803
 30
0
 11
2.2015486220472442
 21
0.3965129527559055
 31
0
  0
LINE
  5
4F0
330
1A
100
AcDbEntity
  8
BLACK
  6
CONTINUOUS
100
AcDbLine
 10
2.2200037401574804
 20
0.3555041338582677
 30
0
 11
1.993795157480315
 21
0.3555041338582677
 31
0
  0
LINE
  5
4F1
330
1A
100
AcDbEntity
  8
BLACK
  6
CONTINUOUS
100
AcDbLine
 10
1.993795157480315
 20
0.3555041338582677
 30
0
 11
1.993795157480315
 21
0.4355566535433071
 31
0
  0
LINE
  5
4F2
330
1A
100
AcDbEntity
  8
BLACK
  6
CONTINUOUS
100
AcDbLine
 10
1.993795157480315
 20
0.4355566535433071
 30
0
 11
2.2200037401574804
 21
0.4355566535433071
 31
0
  0
LINE
  5
4F3
330
1A
100
AcDbEntity
  8
BLACK
  6
CONTINUOUS
100
AcDbLine
 10
2.2200037401574804
 20
0.4355566535433071
 30
0
 11
2.2200037401574804
 21
0.3555041338582677
 31
0
  0
LINE
  5
4F4
330
1A
100
AcDbEntity
  8
BLACK
  6
CONTINUOUS
100
AcDbLine
 10
2.014698779527559
 20
0.4289193307086614
 30
0
 11
2.0145680314960628
 21
0.4288651968503937
 31
0
  0
LINE
  5
4F5
330
1A
100
AcDbEntity
  8
BLACK
  6
CONTINUOUS
100
AcDbLine
 10
2.0145680314960628
 20
0.4288651968503937
 30
0
 11
2.0144269685039369
 21
0.4288551574803149
 31
0
  0
LINE
  5
4F6
330
1A
100
AcDbEntity
  8
BLACK
  6
CONTINUOUS
100
AcDbLine
 10
2.0144269685039369
 20
0.4288551574803149
 30
0
 11
2.013706181102362
 21
0.4285793307086614
 31
0
  0
LINE
  5
4F7
330
1A
100
AcDbEntity
  8
BLACK
  6
CONTINUOUS
100
AcDbLine
 10
2.013706181102362
 20
0.4285793307086614
 30
0
 11
2.0080818503937006
 21
0.4257671653543307
 31
0
  0
LINE
  5
4F8
330
1A
100
AcDbEntity
  8
BLACK
  6
CONTINUOUS
100
AcDbLine
 10
2.0080818503937006
 20
0.4257671653543307
 30
0
 11
2.0077512598425198
 21
0.425559094488189
 31
0
  0
LINE
  5
4F9
330
1A
100
AcDbEntity
  8
BLACK
  6
CONTINUOUS
100
AcDbLine
 10
2.0077512598425198
 20
0.425559094488189
 30
0
 11
2.0076551968503935
 21
0.4255192913385827
 31
0
  0
LINE
  5
4FA
330
1A
100
AcDbEntity
  8
BLACK
  6
CONTINUOUS
100
AcDbLine
 10
2.0076551968503935
 20
0.4255192913385827
 30
0
 11
2.0075470866141734
 21
0.4254305905511811
 31
0
  0
LINE
  5
4FB
330
1A
100
AcDbEntity
  8
BLACK
  6
CONTINUOUS
100
AcDbLine
 10
2.0075470866141734
 20
0.4254305905511811
 30
0
 11
2.0074286614173227
 21
0.4253560236220472
 31
0
  0
LINE
  5
4FC
330
1A
100
AcDbEntity
  8
BLACK
  6
CONTINUOUS
100
AcDbLine
 10
2.0074286614173227
 20
0.4253560236220472
 30
0
 11
2.0073604330708661
 21
0.4252774015748031
 31
0
  0
LINE
  5
4FD
330
1A
100
AcDbEntity
  8
BLACK
  6
CONTINUOUS
100
AcDbLine
 10
2.0073604330708661
 20
0.4252774015748031
 30
0
 11
2.0070586220472442
 21
0.4250296456692914
 31
0
  0
LINE
  5
4FE
330
1A
100
AcDbEntity
  8
BLACK
  6
CONTINUOUS
100
AcDbLine
 10
2.0070586220472442
 20
0.4250296456692914
 30
0
 11
2.0042464960629922
 21
0.4222175590551181
 31
0
  0
LINE
  5
4FF
330
1A
100
AcDbEntity
  8
BLACK
  6
CONTINUOUS
100
AcDbLine
 10
2.0042464960629922
 20
0.4222175590551181
 30
0
 11
2.0037568897637796
 21
0.4216209448818898
 31
0
  0
LINE
  5
500
330
1A
100
AcDbEntity
  8
BLACK
  6
CONTINUOUS
100
AcDbLine
 10
2.0037568897637796
 20
0.4216209448818898
 30
0
 11
2.0031690157480315
 21
0.4202017322834646
 31
0
  0
LINE
  5
501
330
1A
100
AcDbEntity
  8
BLACK
  6
CONTINUOUS
100
AcDbLine
 10
2.0031690157480315
 20
0.4202017322834646
 30
0
 11
2.0031690157480315
 21
0.4186655905511811
 31
0
  0
LINE
  5
502
330
1A
100
AcDbEntity
  8
BLACK
  6
CONTINUOUS
100
AcDbLine
 10
2.0031690157480315
 20
0.4186655905511811
 30
0
 11
2.0037568897637796
 21
0.4172463779527559
 31
0
  0
LINE
  5
503
330
1A
100
AcDbEntity
  8
BLACK
  6
CONTINUOUS
100
AcDbLine
 10
2.0037568897637796
 20
0.4172463779527559
 30
0
 11
2.0048431102362203
 21
0.4161601574803149
 31
0
  0
LINE
  5
504
330
1A
100
AcDbEntity
  8
BLACK
  6
CONTINUOUS
100
AcDbLine
 10
2.0048431102362203
 20
0.4161601574803149
 30
0
 11
2.0062623228346457
 21
0.4155722834645669
 31
0
  0
LINE
  5
505
330
1A
100
AcDbEntity
  8
BLACK
  6
CONTINUOUS
100
AcDbLine
 10
2.0062623228346457
 20
0.4155722834645669
 30
0
 11
2.0077984645669291
 21
0.4155722834645669
 31
0
  0
LINE
  5
506
330
1A
100
AcDbEntity
  8
BLACK
  6
CONTINUOUS
100
AcDbLine
 10
2.0077984645669291
 20
0.4155722834645669
 30
0
 11
2.0092176771653545
 21
0.4161601574803149
 31
0
  0
LINE
  5
507
330
1A
100
AcDbEntity
  8
BLACK
  6
CONTINUOUS
100
AcDbLine
 10
2.0092176771653545
 20
0.4161601574803149
 30
0
 11
2.0098142913385826
 21
0.4166497637795276
 31
0
  0
LINE
  5
508
330
1A
100
AcDbEntity
  8
BLACK
  6
CONTINUOUS
100
AcDbLine
 10
2.0098142913385826
 20
0.4166497637795276
 30
0
 11
2.0121746062992125
 21
0.4190101574803149
 31
0
  0
LINE
  5
509
330
1A
100
AcDbEntity
  8
BLACK
  6
CONTINUOUS
100
AcDbLine
 10
2.0121746062992125
 20
0.4190101574803149
 30
0
 11
2.0163962598425198
 21
0.4211209448818898
 31
0
  0
LINE
  5
50A
330
1A
100
AcDbEntity
  8
BLACK
  6
CONTINUOUS
100
AcDbLine
 10
2.0163962598425198
 20
0.4211209448818898
 30
0
 11
2.028598149606299
 21
0.4211209448818898
 31
0
  0
LINE
  5
50B
330
1A
100
AcDbEntity
  8
BLACK
  6
CONTINUOUS
100
AcDbLine
 10
2.028598149606299
 20
0.4211209448818898
 30
0
 11
2.0328197244094488
 21
0.4190101574803149
 31
0
  0
LINE
  5
50C
330
1A
100
AcDbEntity
  8
BLACK
  6
CONTINUOUS
100
AcDbLine
 10
2.0328197244094488
 20
0.4190101574803149
 30
0
 11
2.0347283070866142
 21
0.4171016141732283
 31
0
  0
LINE
  5
50D
330
1A
100
AcDbEntity
  8
BLACK
  6
CONTINUOUS
100
AcDbLine
 10
2.0347283070866142
 20
0.4171016141732283
 30
0
 11
2.0368391732283464
 21
0.4128799606299213
 31
0
  0
LINE
  5
50E
330
1A
100
AcDbEntity
  8
BLACK
  6
CONTINUOUS
100
AcDbLine
 10
2.0368391732283464
 20
0.4128799606299213
 30
0
 11
2.0368391732283464
 21
0.408823937007874
 31
0
  0
LINE
  5
50F
330
1A
100
AcDbEntity
  8
BLACK
  6
CONTINUOUS
100
AcDbLine
 10
2.0368391732283464
 20
0.408823937007874
 30
0
 11
2.0345229527559057
 21
0.4018753543307086
 31
0
  0
LINE
  5
510
330
1A
100
AcDbEntity
  8
BLACK
  6
CONTINUOUS
100
AcDbLine
 10
2.0345229527559057
 20
0.4018753543307086
 30
0
 11
2.0014343307086615
 21
0.3687867322834645
 31
0
  0
LINE
  5
511
330
1A
100
AcDbEntity
  8
BLACK
  6
CONTINUOUS
100
AcDbLine
 10
2.0014343307086615
 20
0.3687867322834645
 30
0
 11
2.0009447244094489
 21
0.3681901181102362
 31
0
  0
LINE
  5
512
330
1A
100
AcDbEntity
  8
BLACK
  6
CONTINUOUS
100
AcDbLine
 10
2.0009447244094489
 20
0.3681901181102362
 30
0
 11
2.0003568503937008
 21
0.366770905511811
 31
0
  0
LINE
  5
513
330
1A
100
AcDbEntity
  8
BLACK
  6
CONTINUOUS
100
AcDbLine
 10
2.0003568503937008
 20
0.366770905511811
 30
0
 11
2.0003568503937008
 21
0.3652347637795276
 31
0
  0
LINE
  5
514
330
1A
100
AcDbEntity
  8
BLACK
  6
CONTINUOUS
100
AcDbLine
 10
2.0003568503937008
 20
0.3652347637795276
 30
0
 11
2.0009447244094489
 21
0.3638155511811024
 31
0
  0
LINE
  5
515
330
1A
100
AcDbEntity
  8
BLACK
  6
CONTINUOUS
100
AcDbLine
 10
2.0009447244094489
 20
0.3638155511811024
 30
0
 11
2.0020309448818896
 21
0.3627293307086614
 31
0
  0
LINE
  5
516
330
1A
100
AcDbEntity
  8
BLACK
  6
CONTINUOUS
100
AcDbLine
 10
2.0020309448818896
 20
0.3627293307086614
 30
0
 11
2.003450157480315
 21
0.3621414566929134
 31
0
  0
LINE
  5
517
330
1A
100
AcDbEntity
  8
BLACK
  6
CONTINUOUS
100
AcDbLine
 10
2.003450157480315
 20
0.3621414566929134
 30
0
 11
2.0042182283464567
 21
0.3620658267716536
 31
0
  0
LINE
  5
518
330
1A
100
AcDbEntity
  8
BLACK
  6
CONTINUOUS
100
AcDbLine
 10
2.0042182283464567
 20
0.3620658267716536
 30
0
 11
2.0407761811023621
 21
0.3620658267716536
 31
0
  0
LINE
  5
519
330
1A
100
AcDbEntity
  8
BLACK
  6
CONTINUOUS
100
AcDbLine
 10
2.0407761811023621
 20
0.3620658267716536
 30
0
 11
2.0415442519685039
 21
0.3621414566929134
 31
0
  0
LINE
  5
51A
330
1A
100
AcDbEntity
  8
BLACK
  6
CONTINUOUS
100
AcDbLine
 10
2.0415442519685039
 20
0.3621414566929134
 30
0
 11
2.0429634645669292
 21
0.3627293307086614
 31
0
  0
LINE
  5
51B
330
1A
100
AcDbEntity
  8
BLACK
  6
CONTINUOUS
100
AcDbLine
 10
2.0429634645669292
 20
0.3627293307086614
 30
0
 11
2.0440496850393699
 21
0.3638155511811024
 31
0
  0
LINE
  5
51C
330
1A
100
AcDbEntity
  8
BLACK
  6
CONTINUOUS
100
AcDbLine
 10
2.0440496850393699
 20
0.3638155511811024
 30
0
 11
2.044637559055118
 21
0.3652347637795276
 31
0
  0
LINE
  5
51D
330
1A
100
AcDbEntity
  8
BLACK
  6
CONTINUOUS
100
AcDbLine
 10
2.044637559055118
 20
0.3652347637795276
 30
0
 11
2.044637559055118
 21
0.366770905511811
 31
0
  0
LINE
  5
51E
330
1A
100
AcDbEntity
  8
BLACK
  6
CONTINUOUS
100
AcDbLine
 10
2.044637559055118
 20
0.366770905511811
 30
0
 11
2.0440496850393699
 21
0.3681901181102362
 31
0
  0
LINE
  5
51F
330
1A
100
AcDbEntity
  8
BLACK
  6
CONTINUOUS
100
AcDbLine
 10
2.0440496850393699
 20
0.3681901181102362
 30
0
 11
2.0429634645669292
 21
0.3692763385826772
 31
0
  0
LINE
  5
520
330
1A
100
AcDbEntity
  8
BLACK
  6
CONTINUOUS
100
AcDbLine
 10
2.0429634645669292
 20
0.3692763385826772
 30
0
 11
2.0415442519685039
 21
0.3698642125984252
 31
0
  0
LINE
  5
521
330
1A
100
AcDbEntity
  8
BLACK
  6
CONTINUOUS
100
AcDbLine
 10
2.0415442519685039
 20
0.3698642125984252
 30
0
 11
2.0407761811023621
 21
0.369939842519685
 31
0
  0
LINE
  5
522
330
1A
100
AcDbEntity
  8
BLACK
  6
CONTINUOUS
100
AcDbLine
 10
2.0407761811023621
 20
0.369939842519685
 30
0
 11
2.0137230314960628
 21
0.369939842519685
 31
0
  0
LINE
  5
523
330
1A
100
AcDbEntity
  8
BLACK
  6
CONTINUOUS
100
AcDbLine
 10
2.0137230314960628
 20
0.369939842519685
 30
0
 11
2.0407478740157479
 21
0.3969647244094488
 31
0
  0
LINE
  5
524
330
1A
100
AcDbEntity
  8
BLACK
  6
CONTINUOUS
100
AcDbLine
 10
2.0407478740157479
 20
0.3969647244094488
 30
0
 11
2.0412375196850392
 21
0.3975612992125984
 31
0
  0
LINE
  5
525
330
1A
100
AcDbEntity
  8
BLACK
  6
CONTINUOUS
100
AcDbLine
 10
2.0412375196850392
 20
0.3975612992125984
 30
0
 11
2.0412916535433072
 21
0.3976920866141732
 31
0
  0
LINE
  5
526
330
1A
100
AcDbEntity
  8
BLACK
  6
CONTINUOUS
100
AcDbLine
 10
2.0412916535433072
 20
0.3976920866141732
 30
0
 11
2.0413843307086612
 21
0.3977988976377952
 31
0
  0
LINE
  5
527
330
1A
100
AcDbEntity
  8
BLACK
  6
CONTINUOUS
100
AcDbLine
 10
2.0413843307086612
 20
0.3977988976377952
 30
0
 11
2.0416989763779525
 21
0.3985036220472441
 31
0
  0
LINE
  5
528
330
1A
100
AcDbEntity
  8
BLACK
  6
CONTINUOUS
100
AcDbLine
 10
2.0416989763779525
 20
0.3985036220472441
 30
0
 11
2.0445111417322832
 21
0.4069400393700787
 31
0
  0
LINE
  5
529
330
1A
100
AcDbEntity
  8
BLACK
  6
CONTINUOUS
100
AcDbLine
 10
2.0445111417322832
 20
0.4069400393700787
 30
0
 11
2.0445977165354332
 21
0.4073208661417323
 31
0
  0
LINE
  5
52A
330
1A
100
AcDbEntity
  8
BLACK
  6
CONTINUOUS
100
AcDbLine
 10
2.0445977165354332
 20
0.4073208661417323
 30
0
 11
2.044637559055118
 21
0.407416968503937
 31
0
  0
LINE
  5
52B
330
1A
100
AcDbEntity
  8
BLACK
  6
CONTINUOUS
100
AcDbLine
 10
2.044637559055118
 20
0.407416968503937
 30
0
 11
2.0446512598425195
 21
0.4075562598425197
 31
0
  0
LINE
  5
52C
330
1A
100
AcDbEntity
  8
BLACK
  6
CONTINUOUS
100
AcDbLine
 10
2.0446512598425195
 20
0.4075562598425197
 30
0
 11
2.0446822834645668
 21
0.4076925984251968
 31
0
  0
LINE
  5
52D
330
1A
100
AcDbEntity
  8
BLACK
  6
CONTINUOUS
100
AcDbLine
 10
2.0446822834645668
 20
0.4076925984251968
 30
0
 11
2.0446748818897635
 21
0.4077963385826772
 31
0
  0
LINE
  5
52E
330
1A
100
AcDbEntity
  8
BLACK
  6
CONTINUOUS
100
AcDbLine
 10
2.0446748818897635
 20
0.4077963385826772
 30
0
 11
2.0447131889763779
 21
0.4081850393700787
 31
0
  0
LINE
  5
52F
330
1A
100
AcDbEntity
  8
BLACK
  6
CONTINUOUS
100
AcDbLine
 10
2.0447131889763779
 20
0.4081850393700787
 30
0
 11
2.0447131889763779
 21
0.4138093700787401
 31
0
  0
LINE
  5
530
330
1A
100
AcDbEntity
  8
BLACK
  6
CONTINUOUS
100
AcDbLine
 10
2.0447131889763779
 20
0.4138093700787401
 30
0
 11
2.044637559055118
 21
0.4145774409448819
 31
0
  0
LINE
  5
531
330
1A
100
AcDbEntity
  8
BLACK
  6
CONTINUOUS
100
AcDbLine
 10
2.044637559055118
 20
0.4145774409448819
 30
0
 11
2.0445833858267717
 21
0.414708188976378
 31
0
  0
LINE
  5
532
330
1A
100
AcDbEntity
  8
BLACK
  6
CONTINUOUS
100
AcDbLine
 10
2.0445833858267717
 20
0.414708188976378
 30
0
 11
2.0445733858267716
 21
0.4148492519685039
 31
0
  0
LINE
  5
533
330
1A
100
AcDbEntity
  8
BLACK
  6
CONTINUOUS
100
AcDbLine
 10
2.0445733858267716
 20
0.4148492519685039
 30
0
 11
2.044297559055118
 21
0.4155700787401574
 31
0
  0
LINE
  5
534
330
1A
100
AcDbEntity
  8
BLACK
  6
CONTINUOUS
100
AcDbLine
 10
2.044297559055118
 20
0.4155700787401574
 30
0
 11
2.0414853937007873
 21
0.4211943700787402
 31
0
  0
LINE
  5
535
330
1A
100
AcDbEntity
  8
BLACK
  6
CONTINUOUS
100
AcDbLine
 10
2.0414853937007873
 20
0.4211943700787402
 30
0
 11
2.0412772834645669
 21
0.421525
 31
0
  0
LINE
  5
536
330
1A
100
AcDbEntity
  8
BLACK
  6
CONTINUOUS
100
AcDbLine
 10
2.0412772834645669
 20
0.421525
 30
0
 11
2.0412375196850392
 21
0.4216209842519685
 31
0
  0
LINE
  5
537
330
1A
100
AcDbEntity
  8
BLACK
  6
CONTINUOUS
100
AcDbLine
 10
2.0412375196850392
 20
0.4216209842519685
 30
0
 11
2.0411488188976379
 21
0.4217290551181102
 31
0
  0
LINE
  5
538
330
1A
100
AcDbEntity
  8
BLACK
  6
CONTINUOUS
100
AcDbLine
 10
2.0411488188976379
 20
0.4217290551181102
 30
0
 11
2.0410742519685039
 21
0.4218475196850394
 31
0
  0
LINE
  5
539
330
1A
100
AcDbEntity
  8
BLACK
  6
CONTINUOUS
100
AcDbLine
 10
2.0410742519685039
 20
0.4218475196850394
 30
0
 11
2.040995590551181
 21
0.4219157480314961
 31
0
  0
LINE
  5
53A
330
1A
100
AcDbEntity
  8
BLACK
  6
CONTINUOUS
100
AcDbLine
 10
2.040995590551181
 20
0.4219157480314961
 30
0
 11
2.0407478740157479
 21
0.4222175590551181
 31
0
  0
LINE
  5
53B
330
1A
100
AcDbEntity
  8
BLACK
  6
CONTINUOUS
100
AcDbLine
 10
2.0407478740157479
 20
0.4222175590551181
 30
0
 11
2.0379357874015747
 21
0.4250296850393701
 31
0
  0
LINE
  5
53C
330
1A
100
AcDbEntity
  8
BLACK
  6
CONTINUOUS
100
AcDbLine
 10
2.0379357874015747
 20
0.4250296850393701
 30
0
 11
2.037633937007874
 21
0.4252774015748031
 31
0
  0
LINE
  5
53D
330
1A
100
AcDbEntity
  8
BLACK
  6
CONTINUOUS
100
AcDbLine
 10
2.037633937007874
 20
0.4252774015748031
 30
0
 11
2.0375657480314961
 21
0.4253560236220472
 31
0
  0
LINE
  5
53E
330
1A
100
AcDbEntity
  8
BLACK
  6
CONTINUOUS
100
AcDbLine
 10
2.0375657480314961
 20
0.4253560236220472
 30
0
 11
2.0374471653543305
 21
0.4254306692913385
 31
0
  0
LINE
  5
53F
330
1A
100
AcDbEntity
  8
BLACK
  6
CONTINUOUS
100
AcDbLine
 10
2.0374471653543305
 20
0.4254306692913385
 30
0
 11
2.0373391732283466
 21
0.4255192913385827
 31
0
  0
LINE
  5
540
330
1A
100
AcDbEntity
  8
BLACK
  6
CONTINUOUS
100
AcDbLine
 10
2.0373391732283466
 20
0.4255192913385827
 30
0
 11
2.0372431889763778
 21
0.4255590551181102
 31
0
  0
LINE
  5
541
330
1A
100
AcDbEntity
  8
BLACK
  6
CONTINUOUS
100
AcDbLine
 10
2.0372431889763778
 20
0.4255590551181102
 30
0
 11
2.0369125590551183
 21
0.4257671653543307
 31
0
  0
LINE
  5
542
330
1A
100
AcDbEntity
  8
BLACK
  6
CONTINUOUS
100
AcDbLine
 10
2.0369125590551183
 20
0.4257671653543307
 30
0
 11
2.0312882283464568
 21
0.4285793307086614
 31
0
  0
LINE
  5
543
330
1A
100
AcDbEntity
  8
BLACK
  6
CONTINUOUS
100
AcDbLine
 10
2.0312882283464568
 20
0.4285793307086614
 30
0
 11
2.030567440944882
 21
0.4288551574803149
 31
0
  0
LINE
  5
544
330
1A
100
AcDbEntity
  8
BLACK
  6
CONTINUOUS
100
AcDbLine
 10
2.030567440944882
 20
0.4288551574803149
 30
0
 11
2.0304263385826773
 21
0.4288651968503937
 31
0
  0
LINE
  5
545
330
1A
100
AcDbEntity
  8
BLACK
  6
CONTINUOUS
100
AcDbLine
 10
2.0304263385826773
 20
0.4288651968503937
 30
0
 11
2.0302956299212598
 21
0.4289193307086614
 31
0
  0
LINE
  5
546
330
1A
100
AcDbEntity
  8
BLACK
  6
CONTINUOUS
100
AcDbLine
 10
2.0302956299212598
 20
0.4289193307086614
 30
0
 11
2.0295275590551181
 21
0.4289949606299213
 31
0
  0
LINE
  5
547
330
1A
100
AcDbEntity
  8
BLACK
  6
CONTINUOUS
100
AcDbLine
 10
2.0295275590551181
 20
0.4289949606299213
 30
0
 11
2.0154668503937008
 21
0.4289949606299213
 31
0
  0
LINE
  5
548
330
1A
100
AcDbEntity
  8
BLACK
  6
CONTINUOUS
100
AcDbLine
 10
2.0154668503937008
 20
0.4289949606299213
 30
0
 11
2.014698779527559
 21
0.4289193307086614
 31
0
  0
LINE
  5
549
330
1A
100
AcDbEntity
  8
BLACK
  6
CONTINUOUS
100
AcDbLine
 10
2.0765660236220471
 20
0.4289193307086614
 30
0
 11
2.0764352755905513
 21
0.4288651968503937
 31
0
  0
LINE
  5
54A
330
1A
100
AcDbEntity
  8
BLACK
  6
CONTINUOUS
100
AcDbLine
 10
2.0764352755905513
 20
0.4288651968503937
 30
0
 11
2.0762942125984249
 21
0.4288551574803149
 31
0
  0
LINE
  5
54B
330
1A
100
AcDbEntity
  8
BLACK
  6
CONTINUOUS
100
AcDbLine
 10
2.0762942125984249
 20
0.4288551574803149
 30
0
 11
2.0755733858267718
 21
0.4285793307086614
 31
0
  0
LINE
  5
54C
330
1A
100
AcDbEntity
  8
BLACK
  6
CONTINUOUS
100
AcDbLine
 10
2.0755733858267718
 20
0.4285793307086614
 30
0
 11
2.0699490944881891
 21
0.4257671653543307
 31
0
  0
LINE
  5
54D
330
1A
100
AcDbEntity
  8
BLACK
  6
CONTINUOUS
100
AcDbLine
 10
2.0699490944881891
 20
0.4257671653543307
 30
0
 11
2.0696185826771654
 21
0.4255591338582677
 31
0
  0
LINE
  5
54E
330
1A
100
AcDbEntity
  8
BLACK
  6
CONTINUOUS
100
AcDbLine
 10
2.0696185826771654
 20
0.4255591338582677
 30
0
 11
2.0695225196850395
 21
0.4255193307086614
 31
0
  0
LINE
  5
54F
330
1A
100
AcDbEntity
  8
BLACK
  6
CONTINUOUS
100
AcDbLine
 10
2.0695225196850395
 20
0.4255193307086614
 30
0
 11
2.0694143700787402
 21
0.4254305905511811
 31
0
  0
LINE
  5
550
330
1A
100
AcDbEntity
  8
BLACK
  6
CONTINUOUS
100
AcDbLine
 10
2.0694143700787402
 20
0.4254305905511811
 30
0
 11
2.0692959448818895
 21
0.4253560236220472
 31
0
  0
LINE
  5
551
330
1A
100
AcDbEntity
  8
BLACK
  6
CONTINUOUS
100
AcDbLine
 10
2.0692959448818895
 20
0.4253560236220472
 30
0
 11
2.0692277559055117
 21
0.4252774409448819
 31
0
  0
LINE
  5
552
330
1A
100
AcDbEntity
  8
BLACK
  6
CONTINUOUS
100
AcDbLine
 10
2.0692277559055117
 20
0.4252774409448819
 30
0
 11
2.0689259448818897
 21
0.4250296850393701
 31
0
  0
LINE
  5
553
330
1A
100
AcDbEntity
  8
BLACK
  6
CONTINUOUS
100
AcDbLine
 10
2.0689259448818897
 20
0.4250296850393701
 30
0
 11
2.066113779527559
 21
0.4222175590551181
 31
0
  0
LINE
  5
554
330
1A
100
AcDbEntity
  8
BLACK
  6
CONTINUOUS
100
AcDbLine
 10
2.066113779527559
 20
0.4222175590551181
 30
0
 11
2.0658660236220472
 21
0.4219157480314961
 31
0
  0
LINE
  5
555
330
1A
100
AcDbEntity
  8
BLACK
  6
CONTINUOUS
100
AcDbLine
 10
2.0658660236220472
 20
0.4219157480314961
 30
0
 11
2.065787401574803
 21
0.4218475196850394
 31
0
  0
LINE
  5
556
330
1A
100
AcDbEntity
  8
BLACK
  6
CONTINUOUS
100
AcDbLine
 10
2.065787401574803
 20
0.4218475196850394
 30
0
 11
2.0657128346456695
 21
0.421729094488189
 31
0
  0
LINE
  5
557
330
1A
100
AcDbEntity
  8
BLACK
  6
CONTINUOUS
100
AcDbLine
 10
2.0657128346456695
 20
0.421729094488189
 30
0
 11
2.0656241338582677
 21
0.4216209842519685
 31
0
  0
LINE
  5
558
330
1A
100
AcDbEntity
  8
BLACK
  6
CONTINUOUS
100
AcDbLine
 10
2.0656241338582677
 20
0.4216209842519685
 30
0
 11
2.0655843307086612
 21
0.4215249212598425
 31
0
  0
LINE
  5
559
330
1A
100
AcDbEntity
  8
BLACK
  6
CONTINUOUS
100
AcDbLine
 10
2.0655843307086612
 20
0.4215249212598425
 30
0
 11
2.0653762598425196
 21
0.4211943307086614
 31
0
  0
LINE
  5
55A
330
1A
100
AcDbEntity
  8
BLACK
  6
CONTINUOUS
100
AcDbLine
 10
2.0653762598425196
 20
0.4211943307086614
 30
0
 11
2.0625640944881889
 21
0.4155700787401574
 31
0
  0
LINE
  5
55B
330
1A
100
AcDbEntity
  8
BLACK
  6
CONTINUOUS
100
AcDbLine
 10
2.0625640944881889
 20
0.4155700787401574
 30
0
 11
2.0625425590551179
 21
0.4155138582677165
 31
0
  0
LINE
  5
55C
330
1A
100
AcDbEntity
  8
BLACK
  6
CONTINUOUS
100
AcDbLine
 10
2.0625425590551179
 20
0.4155138582677165
 30
0
 11
2.0625256692913387
 21
0.4154910236220473
 31
0
  0
LINE
  5
55D
330
1A
100
AcDbEntity
  8
BLACK
  6
CONTINUOUS
100
AcDbLine
 10
2.0625256692913387
 20
0.4154910236220473
 30
0
 11
2.0624107480314962
 21
0.4151693700787402
 31
0
  0
LINE
  5
55E
330
1A
100
AcDbEntity
  8
BLACK
  6
CONTINUOUS
100
AcDbLine
 10
2.0624107480314962
 20
0.4151693700787402
 30
0
 11
2.0622882677165353
 21
0.4148492519685039
 31
0
  0
LINE
  5
55F
330
1A
100
AcDbEntity
  8
BLACK
  6
CONTINUOUS
100
AcDbLine
 10
2.0622882677165353
 20
0.4148492519685039
 30
0
 11
2.062286220472441
 21
0.4148208267716536
 31
0
  0
LINE
  5
560
330
1A
100
AcDbEntity
  8
BLACK
  6
CONTINUOUS
100
AcDbLine
 10
2.062286220472441
 20
0.4148208267716536
 30
0
 11
2.0622660236220471
 21
0.4147642125984252
 31
0
  0
LINE
  5
561
330
1A
100
AcDbEntity
  8
BLACK
  6
CONTINUOUS
100
AcDbLine
 10
2.0622660236220471
 20
0.4147642125984252
 30
0
 11
2.0594538976377952
 21
0.4035155905511811
 31
0
  0
LINE
  5
562
330
1A
100
AcDbEntity
  8
BLACK
  6
CONTINUOUS
100
AcDbLine
 10
2.0594538976377952
 20
0.4035155905511811
 30
0
 11
2.0594342125984251
 21
0.4033825590551181
 31
0
  0
LINE
  5
563
330
1A
100
AcDbEntity
  8
BLACK
  6
CONTINUOUS
100
AcDbLine
 10
2.0594342125984251
 20
0.4033825590551181
 30
0
 11
2.0594119685039369
 21
0.4033288188976378
 31
0
  0
LINE
  5
564
330
1A
100
AcDbEntity
  8
BLACK
  6
CONTINUOUS
100
AcDbLine
 10
2.0594119685039369
 20
0.4033288188976378
 30
0
 11
2.0593834645669289
 21
0.4030394094488189
 31
0
  0
LINE
  5
565
330
1A
100
AcDbEntity
  8
BLACK
  6
CONTINUOUS
100
AcDbLine
 10
2.0593834645669289
 20
0.4030394094488189
 30
0
 11
2.0593409842519685
 21
0.402752125984252
 31
0
  0
LINE
  5
566
330
1A
100
AcDbEntity
  8
BLACK
  6
CONTINUOUS
100
AcDbLine
 10
2.0593409842519685
 20
0.402752125984252
 30
0
 11
2.0593495275590552
 21
0.4026947244094488
 31
0
  0
LINE
  5
567
330
1A
100
AcDbEntity
  8
BLACK
  6
CONTINUOUS
100
AcDbLine
 10
2.0593495275590552
 20
0.4026947244094488
 30
0
 11
2.0593363385826771
 21
0.4025607480314961
 31
0
  0
LINE
  5
568
330
1A
100
AcDbEntity
  8
BLACK
  6
CONTINUOUS
100
AcDbLine
 10
2.0593363385826771
 20
0.4025607480314961
 30
0
 11
2.0593363385826771
 21
0.3885
 31
0
  0
LINE
  5
569
330
1A
100
AcDbEntity
  8
BLACK
  6
CONTINUOUS
100
AcDbLine
 10
2.0593363385826771
 20
0.3885
 30
0
 11
2.0593495275590552
 21
0.3883660629921259
 31
0
  0
LINE
  5
56A
330
1A
100
AcDbEntity
  8
BLACK
  6
CONTINUOUS
100
AcDbLine
 10
2.0593495275590552
 20
0.3883660629921259
 30
0
 11
2.0593409842519685
 21
0.3883086220472441
 31
0
  0
LINE
  5
56B
330
1A
100
AcDbEntity
  8
BLACK
  6
CONTINUOUS
100
AcDbLine
 10
2.0593409842519685
 20
0.3883086220472441
 30
0
 11
2.0593834645669289
 21
0.3880213779527559
 31
0
  0
LINE
  5
56C
330
1A
100
AcDbEntity
  8
BLACK
  6
CONTINUOUS
100
AcDbLine
 10
2.0593834645669289
 20
0.3880213779527559
 30
0
 11
2.0594119685039369
 21
0.3877319291338582
 31
0
  0
LINE
  5
56D
330
1A
100
AcDbEntity
  8
BLACK
  6
CONTINUOUS
100
AcDbLine
 10
2.0594119685039369
 20
0.3877319291338582
 30
0
 11
2.0594342125984251
 21
0.3876782283464567
 31
0
  0
LINE
  5
56E
330
1A
100
AcDbEntity
  8
BLACK
  6
CONTINUOUS
100
AcDbLine
 10
2.0594342125984251
 20
0.3876782283464567
 30
0
 11
2.0594538976377952
 21
0.3875451574803149
 31
0
  0
LINE
  5
56F
330
1A
100
AcDbEntity
  8
BLACK
  6
CONTINUOUS
100
AcDbLine
 10
2.0594538976377952
 20
0.3875451574803149
 30
0
 11
2.0622660236220471
 21
0.3762965748031496
 31
0
  0
LINE
  5
570
330
1A
100
AcDbEntity
  8
BLACK
  6
CONTINUOUS
100
AcDbLine
 10
2.0622660236220471
 20
0.3762965748031496
 30
0
 11
2.062286220472441
 21
0.37624
 31
0
  0
LINE
  5
571
330
1A
100
AcDbEntity
  8
BLACK
  6
CONTINUOUS
100
AcDbLine
 10
2.062286220472441
 20
0.37624
 30
0
 11
2.0622882677165353
 21
0.3762115354330708
 31
0
  0
LINE
  5
572
330
1A
100
AcDbEntity
  8
BLACK
  6
CONTINUOUS
100
AcDbLine
 10
2.0622882677165353
 20
0.3762115354330708
 30
0
 11
2.0624107480314962
 21
0.3758914566929134
 31
0
  0
LINE
  5
573
330
1A
100
AcDbEntity
  8
BLACK
  6
CONTINUOUS
100
AcDbLine
 10
2.0624107480314962
 20
0.3758914566929134
 30
0
 11
2.0625256692913387
 21
0.3755697637795276
 31
0
  0
LINE
  5
574
330
1A
100
AcDbEntity
  8
BLACK
  6
CONTINUOUS
100
AcDbLine
 10
2.0625256692913387
 20
0.3755697637795276
 30
0
 11
2.0625425590551179
 21
0.375546968503937
 31
0
  0
LINE
  5
575
330
1A
100
AcDbEntity
  8
BLACK
  6
CONTINUOUS
100
AcDbLine
 10
2.0625425590551179
 20
0.375546968503937
 30
0
 11
2.0625640944881889
 21
0.3754907086614173
 31
0
  0
LINE
  5
576
330
1A
100
AcDbEntity
  8
BLACK
  6
CONTINUOUS
100
AcDbLine
 10
2.0625640944881889
 20
0.3754907086614173
 30
0
 11
2.0653762598425196
 21
0.3698664566929134
 31
0
  0
LINE
  5
577
330
1A
100
AcDbEntity
  8
BLACK
  6
CONTINUOUS
100
AcDbLine
 10
2.0653762598425196
 20
0.3698664566929134
 30
0
 11
2.06558437007874
 21
0.3695358267716535
 31
0
  0
LINE
  5
578
330
1A
100
AcDbEntity
  8
BLACK
  6
CONTINUOUS
100
AcDbLine
 10
2.06558437007874
 20
0.3695358267716535
 30
0
 11
2.0656241338582677
 21
0.369439842519685
 31
0
  0
LINE
  5
579
330
1A
100
AcDbEntity
  8
BLACK
  6
CONTINUOUS
100
AcDbLine
 10
2.0656241338582677
 20
0.369439842519685
 30
0
 11
2.065712755905512
 21
0.3693318503937008
 31
0
  0
LINE
  5
57A
330
1A
100
AcDbEntity
  8
BLACK
  6
CONTINUOUS
100
AcDbLine
 10
2.065712755905512
 20
0.3693318503937008
 30
0
 11
2.065787401574803
 21
0.3692132677165354
 31
0
  0
LINE
  5
57B
330
1A
100
AcDbEntity
  8
BLACK
  6
CONTINUOUS
100
AcDbLine
 10
2.065787401574803
 20
0.3692132677165354
 30
0
 11
2.0658660236220472
 21
0.3691450787401575
 31
0
  0
LINE
  5
57C
330
1A
100
AcDbEntity
  8
BLACK
  6
CONTINUOUS
100
AcDbLine
 10
2.0658660236220472
 20
0.3691450787401575
 30
0
 11
2.0661137401574803
 21
0.3688432283464567
 31
0
  0
LINE
  5
57D
330
1A
100
AcDbEntity
  8
BLACK
  6
CONTINUOUS
100
AcDbLine
 10
2.0661137401574803
 20
0.3688432283464567
 30
0
 11
2.068925905511811
 21
0.366031062992126
 31
0
  0
LINE
  5
57E
330
1A
100
AcDbEntity
  8
BLACK
  6
CONTINUOUS
100
AcDbLine
 10
2.068925905511811
 20
0.366031062992126
 30
0
 11
2.0692278740157479
 21
0.3657832677165354
 31
0
  0
LINE
  5
57F
330
1A
100
AcDbEntity
  8
BLACK
  6
CONTINUOUS
100
AcDbLine
 10
2.0692278740157479
 20
0.3657832677165354
 30
0
 11
2.0692959842519683
 21
0.3657047244094488
 31
0
  0
LINE
  5
580
330
1A
100
AcDbEntity
  8
BLACK
  6
CONTINUOUS
100
AcDbLine
 10
2.0692959842519683
 20
0.3657047244094488
 30
0
 11
2.0694143700787402
 21
0.3656301968503937
 31
0
  0
LINE
  5
581
330
1A
100
AcDbEntity
  8
BLACK
  6
CONTINUOUS
100
AcDbLine
 10
2.0694143700787402
 20
0.3656301968503937
 30
0
 11
2.0695225196850395
 21
0.3655414566929134
 31
0
  0
LINE
  5
582
330
1A
100
AcDbEntity
  8
BLACK
  6
CONTINUOUS
100
AcDbLine
 10
2.0695225196850395
 20
0.3655414566929134
 30
0
 11
2.0696185433070866
 21
0.3655016929133858
 31
0
  0
LINE
  5
583
330
1A
100
AcDbEntity
  8
BLACK
  6
CONTINUOUS
100
AcDbLine
 10
2.0696185433070866
 20
0.3655016929133858
 30
0
 11
2.0699491338582678
 21
0.3652935826771653
 31
0
  0
LINE
  5
584
330
1A
100
AcDbEntity
  8
BLACK
  6
CONTINUOUS
100
AcDbLine
 10
2.0699491338582678
 20
0.3652935826771653
 30
0
 11
2.0755734251968505
 21
0.3624814566929134
 31
0
  0
LINE
  5
585
330
1A
100
AcDbEntity
  8
BLACK
  6
CONTINUOUS
100
AcDbLine
 10
2.0755734251968505
 20
0.3624814566929134
 30
0
 11
2.0762942519685037
 21
0.3622056299212598
 31
0
  0
LINE
  5
586
330
1A
100
AcDbEntity
  8
BLACK
  6
CONTINUOUS
100
AcDbLine
 10
2.0762942519685037
 20
0.3622056299212598
 30
0
 11
2.0764352755905513
 21
0.3621956299212598
 31
0
  0
LINE
  5
587
330
1A
100
AcDbEntity
  8
BLACK
  6
CONTINUOUS
100
AcDbLine
 10
2.0764352755905513
 20
0.3621956299212598
 30
0
 11
2.0765660236220471
 21
0.3621414566929134
 31
0
  0
LINE
  5
588
330
1A
100
AcDbEntity
  8
BLACK
  6
CONTINUOUS
100
AcDbLine
 10
2.0765660236220471
 20
0.3621414566929134
 30
0
 11
2.0773340944881888
 21
0.3620658267716536
 31
0
  0
LINE
  5
589
330
1A
100
AcDbEntity
  8
BLACK
  6
CONTINUOUS
100
AcDbLine
 10
2.0773340944881888
 20
0.3620658267716536
 30
0
 11
2.0829583858267715
 21
0.3620658267716536
 31
0
  0
LINE
  5
58A
330
1A
100
AcDbEntity
  8
BLACK
  6
CONTINUOUS
100
AcDbLine
 10
2.0829583858267715
 20
0.3620658267716536
 30
0
 11
2.0837264566929132
 21
0.3621414566929134
 31
0
  0
LINE
  5
58B
330
1A
100
AcDbEntity
  8
BLACK
  6
CONTINUOUS
100
AcDbLine
 10
2.0837264566929132
 20
0.3621414566929134
 30
0
 11
2.0838571653543307
 21
0.3621956299212598
 31
0
  0
LINE
  5
58C
330
1A
100
AcDbEntity
  8
BLACK
  6
CONTINUOUS
100
AcDbLine
 10
2.0838571653543307
 20
0.3621956299212598
 30
0
 11
2.0839982677165354
 21
0.3622056299212598
 31
0
  0
LINE
  5
58D
330
1A
100
AcDbEntity
  8
BLACK
  6
CONTINUOUS
100
AcDbLine
 10
2.0839982677165354
 20
0.3622056299212598
 30
0
 11
2.0847190551181103
 21
0.3624814566929134
 31
0
  0
LINE
  5
58E
330
1A
100
AcDbEntity
  8
BLACK
  6
CONTINUOUS
100
AcDbLine
 10
2.0847190551181103
 20
0.3624814566929134
 30
0
 11
2.090343346456693
 21
0.3652935826771653
 31
0
  0
LINE
  5
58F
330
1A
100
AcDbEntity
  8
BLACK
  6
CONTINUOUS
100
AcDbLine
 10
2.090343346456693
 20
0.3652935826771653
 30
0
 11
2.0906739763779525
 21
0.3655017322834646
 31
0
  0
LINE
  5
590
330
1A
100
AcDbEntity
  8
BLACK
  6
CONTINUOUS
100
AcDbLine
 10
2.0906739763779525
 20
0.3655017322834646
 30
0
 11
2.0907699606299213
 21
0.3655414566929134
 31
0
  0
LINE
  5
591
330
1A
100
AcDbEntity
  8
BLACK
  6
CONTINUOUS
100
AcDbLine
 10
2.0907699606299213
 20
0.3655414566929134
 30
0
 11
2.0908779527559056
 21
0.3656301181102362
 31
0
  0
LINE
  5
592
330
1A
100
AcDbEntity
  8
BLACK
  6
CONTINUOUS
100
AcDbLine
 10
2.0908779527559056
 20
0.3656301181102362
 30
0
 11
2.0909965354330708
 21
0.3657047244094488
 31
0
  0
LINE
  5
593
330
1A
100
AcDbEntity
  8
BLACK
  6
CONTINUOUS
100
AcDbLine
 10
2.0909965354330708
 20
0.3657047244094488
 30
0
 11
2.0910647244094487
 21
0.3657833858267717
 31
0
  0
LINE
  5
594
330
1A
100
AcDbEntity
  8
BLACK
  6
CONTINUOUS
100
AcDbLine
 10
2.0910647244094487
 20
0.3657833858267717
 30
0
 11
2.0913665748031494
 21
0.366031062992126
 31
0
  0
LINE
  5
595
330
1A
100
AcDbEntity
  8
BLACK
  6
CONTINUOUS
100
AcDbLine
 10
2.0913665748031494
 20
0.366031062992126
 30
0
 11
2.0941787401574801
 21
0.3688432283464567
 31
0
  0
LINE
  5
596
330
1A
100
AcDbEntity
  8
BLACK
  6
CONTINUOUS
100
AcDbLine
 10
2.0941787401574801
 20
0.3688432283464567
 30
0
 11
2.0944265354330707
 21
0.3691452362204724
 31
0
  0
LINE
  5
597
330
1A
100
AcDbEntity
  8
BLACK
  6
CONTINUOUS
100
AcDbLine
 10
2.0944265354330707
 20
0.3691452362204724
 30
0
 11
2.0945050787401573
 21
0.3692133070866142
 31
0
  0
LINE
  5
598
330
1A
100
AcDbEntity
  8
BLACK
  6
CONTINUOUS
100
AcDbLine
 10
2.0945050787401573
 20
0.3692133070866142
 30
0
 11
2.0945796062992126
 21
0.3693317322834646
 31
0
  0
LINE
  5
599
330
1A
100
AcDbEntity
  8
BLACK
  6
CONTINUOUS
100
AcDbLine
 10
2.0945796062992126
 20
0.3693317322834646
 30
0
 11
2.0946683464566931
 21
0.369439842519685
 31
0
  0
LINE
  5
59A
330
1A
100
AcDbEntity
  8
BLACK
  6
CONTINUOUS
100
AcDbLine
 10
2.0946683464566931
 20
0.369439842519685
 30
0
 11
2.0947081102362204
 21
0.369535905511811
 31
0
  0
LINE
  5
59B
330
1A
100
AcDbEntity
  8
BLACK
  6
CONTINUOUS
100
AcDbLine
 10
2.0947081102362204
 20
0.369535905511811
 30
0
 11
2.0949162204724407
 21
0.3698664566929134
 31
0
  0
LINE
  5
59C
330
1A
100
AcDbEntity
  8
BLACK
  6
CONTINUOUS
100
AcDbLine
 10
2.0949162204724407
 20
0.3698664566929134
 30
0
 11
2.0977283464566927
 21
0.3754907480314961
 31
0
  0
LINE
  5
59D
330
1A
100
AcDbEntity
  8
BLACK
  6
CONTINUOUS
100
AcDbLine
 10
2.0977283464566927
 20
0.3754907480314961
 30
0
 11
2.0977498031496062
 21
0.3755469291338582
 31
0
  0
LINE
  5
59E
330
1A
100
AcDbEntity
  8
BLACK
  6
CONTINUOUS
100
AcDbLine
 10
2.0977498031496062
 20
0.3755469291338582
 30
0
 11
2.0977667716535433
 21
0.3755697637795276
 31
0
  0
LINE
  5
59F
330
1A
100
AcDbEntity
  8
BLACK
  6
CONTINUOUS
100
AcDbLine
 10
2.0977667716535433
 20
0.3755697637795276
 30
0
 11
2.0978819685039372
 21
0.3758922834645669
 31
0
  0
LINE
  5
5A0
330
1A
100
AcDbEntity
  8
BLACK
  6
CONTINUOUS
100
AcDbLine
 10
2.0978819685039372
 20
0.3758922834645669
 30
0
 11
2.0980041732283463
 21
0.3762115748031496
 31
0
  0
LINE
  5
5A1
330
1A
100
AcDbEntity
  8
BLACK
  6
CONTINUOUS
100
AcDbLine
 10
2.0980041732283463
 20
0.3762115748031496
 30
0
 11
2.0980061811023623
 21
0.3762399212598425
 31
0
  0
LINE
  5
5A2
330
1A
100
AcDbEntity
  8
BLACK
  6
CONTINUOUS
100
AcDbLine
 10
2.0980061811023623
 20
0.3762399212598425
 30
0
 11
2.0980264173228345
 21
0.3762965354330708
 31
0
  0
LINE
  5
5A3
330
1A
100
AcDbEntity
  8
BLACK
  6
CONTINUOUS
100
AcDbLine
 10
2.0980264173228345
 20
0.3762965354330708
 30
0
 11
2.1008385826771652
 21
0.3875451181102362
 31
0
  0
LINE
  5
5A4
330
1A
100
AcDbEntity
  8
BLACK
  6
CONTINUOUS
100
AcDbLine
 10
2.1008385826771652
 20
0.3875451181102362
 30
0
 11
2.1008582677165353
 21
0.3876782677165354
 31
0
  0
LINE
  5
5A5
330
1A
100
AcDbEntity
  8
BLACK
  6
CONTINUOUS
100
AcDbLine
 10
2.1008582677165353
 20
0.3876782677165354
 30
0
 11
2.1008805118110234
 21
0.3877319291338582
 31
0
  0
LINE
  5
5A6
330
1A
100
AcDbEntity
  8
BLACK
  6
CONTINUOUS
100
AcDbLine
 10
2.1008805118110234
 20
0.3877319291338582
 30
0
 11
2.1009089763779527
 21
0.3880212598425197
 31
0
  0
LINE
  5
5A7
330
1A
100
AcDbEntity
  8
BLACK
  6
CONTINUOUS
100
AcDbLine
 10
2.1009089763779527
 20
0.3880212598425197
 30
0
 11
2.1009514960629923
 21
0.3883085826771653
 31
0
  0
LINE
  5
5A8
330
1A
100
AcDbEntity
  8
BLACK
  6
CONTINUOUS
100
AcDbLine
 10
2.1009514960629923
 20
0.3883085826771653
 30
0
 11
2.1009429133858268
 21
0.3883660236220473
 31
0
  0
LINE
  5
5A9
330
1A
100
AcDbEntity
  8
BLACK
  6
CONTINUOUS
100
AcDbLine
 10
2.1009429133858268
 20
0.3883660236220473
 30
0
 11
2.1009561417322833
 21
0.3885
 31
0
  0
LINE
  5
5AA
330
1A
100
AcDbEntity
  8
BLACK
  6
CONTINUOUS
100
AcDbLine
 10
2.1009561417322833
 20
0.3885
 30
0
 11
2.1009561417322833
 21
0.4025607480314961
 31
0
  0
LINE
  5
5AB
330
1A
100
AcDbEntity
  8
BLACK
  6
CONTINUOUS
100
AcDbLine
 10
2.1009561417322833
 20
0.4025607480314961
 30
0
 11
2.1009429133858268
 21
0.4026947637795276
 31
0
  0
LINE
  5
5AC
330
1A
100
AcDbEntity
  8
BLACK
  6
CONTINUOUS
100
AcDbLine
 10
2.1009429133858268
 20
0.4026947637795276
 30
0
 11
2.1009514960629923
 21
0.4027521653543307
 31
0
  0
LINE
  5
5AD
330
1A
100
AcDbEntity
  8
BLACK
  6
CONTINUOUS
100
AcDbLine
 10
2.1009514960629923
 20
0.4027521653543307
 30
0
 11
2.1009089763779527
 21
0.4030395275590551
 31
0
  0
LINE
  5
5AE
330
1A
100
AcDbEntity
  8
BLACK
  6
CONTINUOUS
100
AcDbLine
 10
2.1009089763779527
 20
0.4030395275590551
 30
0
 11
2.1008805118110234
 21
0.4033288188976378
 31
0
  0
LINE
  5
5AF
330
1A
100
AcDbEntity
  8
BLACK
  6
CONTINUOUS
100
AcDbLine
 10
2.1008805118110234
 20
0.4033288188976378
 30
0
 11
2.1008582677165353
 21
0.4033825196850394
 31
0
  0
LINE
  5
5B0
330
1A
100
AcDbEntity
  8
BLACK
  6
CONTINUOUS
100
AcDbLine
 10
2.1008582677165353
 20
0.4033825196850394
 30
0
 11
2.1008385826771652
 21
0.4035156299212598
 31
0
  0
LINE
  5
5B1
330
1A
100
AcDbEntity
  8
BLACK
  6
CONTINUOUS
100
AcDbLine
 10
2.1008385826771652
 20
0.4035156299212598
 30
0
 11
2.0980264173228345
 21
0.4147642519685039
 31
0
  0
LINE
  5
5B2
330
1A
100
AcDbEntity
  8
BLACK
  6
CONTINUOUS
100
AcDbLine
 10
2.0980264173228345
 20
0.4147642519685039
 30
0
 11
2.0980061811023623
 21
0.414820905511811
 31
0
  0
LINE
  5
5B3
330
1A
100
AcDbEntity
  8
BLACK
  6
CONTINUOUS
100
AcDbLine
 10
2.0980061811023623
 20
0.414820905511811
 30
0
 11
2.0980041732283463
 21
0.4148492125984252
 31
0
  0
LINE
  5
5B4
330
1A
100
AcDbEntity
  8
BLACK
  6
CONTINUOUS
100
AcDbLine
 10
2.0980041732283463
 20
0.4148492125984252
 30
0
 11
2.0978819685039372
 21
0.4151685433070866
 31
0
  0
LINE
  5
5B5
330
1A
100
AcDbEntity
  8
BLACK
  6
CONTINUOUS
100
AcDbLine
 10
2.0978819685039372
 20
0.4151685433070866
 30
0
 11
2.0977667716535433
 21
0.4154910236220473
 31
0
  0
LINE
  5
5B6
330
1A
100
AcDbEntity
  8
BLACK
  6
CONTINUOUS
100
AcDbLine
 10
2.0977667716535433
 20
0.4154910236220473
 30
0
 11
2.0977498031496062
 21
0.4155138976377953
 31
0
  0
LINE
  5
5B7
330
1A
100
AcDbEntity
  8
BLACK
  6
CONTINUOUS
100
AcDbLine
 10
2.0977498031496062
 20
0.4155138976377953
 30
0
 11
2.0977283464566927
 21
0.4155700393700787
 31
0
  0
LINE
  5
5B8
330
1A
100
AcDbEntity
  8
BLACK
  6
CONTINUOUS
100
AcDbLine
 10
2.0977283464566927
 20
0.4155700393700787
 30
0
 11
2.0949162204724407
 21
0.4211943307086614
 31
0
  0
LINE
  5
5B9
330
1A
100
AcDbEntity
  8
BLACK
  6
CONTINUOUS
100
AcDbLine
 10
2.0949162204724407
 20
0.4211943307086614
 30
0
 11
2.0947081496062991
 21
0.4215248818897638
 31
0
  0
LINE
  5
5BA
330
1A
100
AcDbEntity
  8
BLACK
  6
CONTINUOUS
100
AcDbLine
 10
2.0947081496062991
 20
0.4215248818897638
 30
0
 11
2.0946683464566931
 21
0.4216209842519685
 31
0
  0
LINE
  5
5BB
330
1A
100
AcDbEntity
  8
BLACK
  6
CONTINUOUS
100
AcDbLine
 10
2.0946683464566931
 20
0.4216209842519685
 30
0
 11
2.0945795275590551
 21
0.4217291732283465
 31
0
  0
LINE
  5
5BC
330
1A
100
AcDbEntity
  8
BLACK
  6
CONTINUOUS
100
AcDbLine
 10
2.0945795275590551
 20
0.4217291732283465
 30
0
 11
2.0945050787401573
 21
0.4218474803149606
 31
0
  0
LINE
  5
5BD
330
1A
100
AcDbEntity
  8
BLACK
  6
CONTINUOUS
100
AcDbLine
 10
2.0945050787401573
 20
0.4218474803149606
 30
0
 11
2.0944265354330707
 21
0.4219156299212599
 31
0
  0
LINE
  5
5BE
330
1A
100
AcDbEntity
  8
BLACK
  6
CONTINUOUS
100
AcDbLine
 10
2.0944265354330707
 20
0.4219156299212599
 30
0
 11
2.0941787007874013
 21
0.4222175590551181
 31
0
  0
LINE
  5
5BF
330
1A
100
AcDbEntity
  8
BLACK
  6
CONTINUOUS
100
AcDbLine
 10
2.0941787007874013
 20
0.4222175590551181
 30
0
 11
2.0913665354330706
 21
0.4250296850393701
 31
0
  0
LINE
  5
5C0
330
1A
100
AcDbEntity
  8
BLACK
  6
CONTINUOUS
100
AcDbLine
 10
2.0913665354330706
 20
0.4250296850393701
 30
0
 11
2.0910646850393699
 21
0.4252774409448819
 31
0
  0
LINE
  5
5C1
330
1A
100
AcDbEntity
  8
BLACK
  6
CONTINUOUS
100
AcDbLine
 10
2.0910646850393699
 20
0.4252774409448819
 30
0
 11
2.0909965354330708
 21
0.4253560236220472
 31
0
  0
LINE
  5
5C2
330
1A
100
AcDbEntity
  8
BLACK
  6
CONTINUOUS
100
AcDbLine
 10
2.0909965354330708
 20
0.4253560236220472
 30
0
 11
2.0908781102362206
 21
0.4254305905511811
 31
0
  0
LINE
  5
5C3
330
1A
100
AcDbEntity
  8
BLACK
  6
CONTINUOUS
100
AcDbLine
 10
2.0908781102362206
 20
0.4254305905511811
 30
0
 11
2.0907699606299213
 21
0.4255193307086614
 31
0
  0
LINE
  5
5C4
330
1A
100
AcDbEntity
  8
BLACK
  6
CONTINUOUS
100
AcDbLine
 10
2.0907699606299213
 20
0.4255193307086614
 30
0
 11
2.0906738188976379
 21
0.4255591732283465
 31
0
  0
LINE
  5
5C5
330
1A
100
AcDbEntity
  8
BLACK
  6
CONTINUOUS
100
AcDbLine
 10
2.0906738188976379
 20
0.4255591732283465
 30
0
 11
2.090343346456693
 21
0.4257671653543307
 31
0
  0
LINE
  5
5C6
330
1A
100
AcDbEntity
  8
BLACK
  6
CONTINUOUS
100
AcDbLine
 10
2.090343346456693
 20
0.4257671653543307
 30
0
 11
2.084719094488189
 21
0.4285793307086614
 31
0
  0
LINE
  5
5C7
330
1A
100
AcDbEntity
  8
BLACK
  6
CONTINUOUS
100
AcDbLine
 10
2.084719094488189
 20
0.4285793307086614
 30
0
 11
2.0839982677165354
 21
0.4288551574803149
 31
0
  0
LINE
  5
5C8
330
1A
100
AcDbEntity
  8
BLACK
  6
CONTINUOUS
100
AcDbLine
 10
2.0839982677165354
 20
0.4288551574803149
 30
0
 11
2.0838571653543307
 21
0.4288651968503937
 31
0
  0
LINE
  5
5C9
330
1A
100
AcDbEntity
  8
BLACK
  6
CONTINUOUS
100
AcDbLine
 10
2.0838571653543307
 20
0.4288651968503937
 30
0
 11
2.0837264566929132
 21
0.4289193307086614
 31
0
  0
LINE
  5
5CA
330
1A
100
AcDbEntity
  8
BLACK
  6
CONTINUOUS
100
AcDbLine
 10
2.0837264566929132
 20
0.4289193307086614
 30
0
 11
2.0829583858267715
 21
0.4289949606299213
 31
0
  0
LINE
  5
5CB
330
1A
100
AcDbEntity
  8
BLACK
  6
CONTINUOUS
100
AcDbLine
 10
2.0829583858267715
 20
0.4289949606299213
 30
0
 11
2.0773340944881888
 21
0.4289949606299213
 31
0
  0
LINE
  5
5CC
330
1A
100
AcDbEntity
  8
BLACK
  6
CONTINUOUS
100
AcDbLine
 10
2.0773340944881888
 20
0.4289949606299213
 30
0
 11
2.0765660236220471
 21
0.4289193307086614
 31
0
  0
LINE
  5
5CD
330
1A
100
AcDbEntity
  8
BLACK
  6
CONTINUOUS
100
AcDbLine
 10
2.1271846850393699
 20
0.4289193307086614
 30
0
 11
2.127053937007874
 21
0.4288651968503937
 31
0
  0
LINE
  5
5CE
330
1A
100
AcDbEntity
  8
BLACK
  6
CONTINUOUS
100
AcDbLine
 10
2.127053937007874
 20
0.4288651968503937
 30
0
 11
2.1269128740157481
 21
0.4288551574803149
 31
0
  0
LINE
  5
5CF
330
1A
100
AcDbEntity
  8
BLACK
  6
CONTINUOUS
100
AcDbLine
 10
2.1269128740157481
 20
0.4288551574803149
 30
0
 11
2.1261920866141732
 21
0.4285793307086614
 31
0
  0
LINE
  5
5D0
330
1A
100
AcDbEntity
  8
BLACK
  6
CONTINUOUS
100
AcDbLine
 10
2.1261920866141732
 20
0.4285793307086614
 30
0
 11
2.1205677559055118
 21
0.4257671653543307
 31
0
  0
LINE
  5
5D1
330
1A
100
AcDbEntity
  8
BLACK
  6
CONTINUOUS
100
AcDbLine
 10
2.1205677559055118
 20
0.4257671653543307
 30
0
 11
2.1202371653543306
 21
0.425559094488189
 31
0
  0
LINE
  5
5D2
330
1A
100
AcDbEntity
  8
BLACK
  6
CONTINUOUS
100
AcDbLine
 10
2.1202371653543306
 20
0.425559094488189
 30
0
 11
2.1201411023622048
 21
0.4255192913385827
 31
0
  0
LINE
  5
5D3
330
1A
100
AcDbEntity
  8
BLACK
  6
CONTINUOUS
100
AcDbLine
 10
2.1201411023622048
 20
0.4255192913385827
 30
0
 11
2.1200329921259842
 21
0.4254305905511811
 31
0
  0
LINE
  5
5D4
330
1A
100
AcDbEntity
  8
BLACK
  6
CONTINUOUS
100
AcDbLine
 10
2.1200329921259842
 20
0.4254305905511811
 30
0
 11
2.1199145669291339
 21
0.4253560236220472
 31
0
  0
LINE
  5
5D5
330
1A
100
AcDbEntity
  8
BLACK
  6
CONTINUOUS
100
AcDbLine
 10
2.1199145669291339
 20
0.4253560236220472
 30
0
 11
2.1198463385826769
 21
0.4252774015748031
 31
0
  0
LINE
  5
5D6
330
1A
100
AcDbEntity
  8
BLACK
  6
CONTINUOUS
100
AcDbLine
 10
2.1198463385826769
 20
0.4252774015748031
 30
0
 11
2.119544527559055
 21
0.4250296456692914
 31
0
  0
LINE
  5
5D7
330
1A
100
AcDbEntity
  8
BLACK
  6
CONTINUOUS
100
AcDbLine
 10
2.119544527559055
 20
0.4250296456692914
 30
0
 11
2.116732401574803
 21
0.4222175590551181
 31
0
  0
LINE
  5
5D8
330
1A
100
AcDbEntity
  8
BLACK
  6
CONTINUOUS
100
AcDbLine
 10
2.116732401574803
 20
0.4222175590551181
 30
0
 11
2.1162427952755904
 21
0.4216209448818898
 31
0
  0
LINE
  5
5D9
330
1A
100
AcDbEntity
  8
BLACK
  6
CONTINUOUS
100
AcDbLine
 10
2.1162427952755904
 20
0.4216209448818898
 30
0
 11
2.1156549212598423
 21
0.4202017322834646
 31
0
  0
LINE
  5
5DA
330
1A
100
AcDbEntity
  8
BLACK
  6
CONTINUOUS
100
AcDbLine
 10
2.1156549212598423
 20
0.4202017322834646
 30
0
 11
2.1156549212598423
 21
0.4186655905511811
 31
0
  0
LINE
  5
5DB
330
1A
100
AcDbEntity
  8
BLACK
  6
CONTINUOUS
100
AcDbLine
 10
2.1156549212598423
 20
0.4186655905511811
 30
0
 11
2.1162427952755904
 21
0.4172463779527559
 31
0
  0
LINE
  5
5DC
330
1A
100
AcDbEntity
  8
BLACK
  6
CONTINUOUS
100
AcDbLine
 10
2.1162427952755904
 20
0.4172463779527559
 30
0
 11
2.1173290157480316
 21
0.4161601574803149
 31
0
  0
LINE
  5
5DD
330
1A
100
AcDbEntity
  8
BLACK
  6
CONTINUOUS
100
AcDbLine
 10
2.1173290157480316
 20
0.4161601574803149
 30
0
 11
2.1187482283464565
 21
0.4155722834645669
 31
0
  0
LINE
  5
5DE
330
1A
100
AcDbEntity
  8
BLACK
  6
CONTINUOUS
100
AcDbLine
 10
2.1187482283464565
 20
0.4155722834645669
 30
0
 11
2.1202843700787399
 21
0.4155722834645669
 31
0
  0
LINE
  5
5DF
330
1A
100
AcDbEntity
  8
BLACK
  6
CONTINUOUS
100
AcDbLine
 10
2.1202843700787399
 20
0.4155722834645669
 30
0
 11
2.1217035826771653
 21
0.4161601574803149
 31
0
  0
LINE
  5
5E0
330
1A
100
AcDbEntity
  8
BLACK
  6
CONTINUOUS
100
AcDbLine
 10
2.1217035826771653
 20
0.4161601574803149
 30
0
 11
2.1223001968503938
 21
0.4166497637795276
 31
0
  0
LINE
  5
5E1
330
1A
100
AcDbEntity
  8
BLACK
  6
CONTINUOUS
100
AcDbLine
 10
2.1223001968503938
 20
0.4166497637795276
 30
0
 11
2.1246605118110238
 21
0.4190101574803149
 31
0
  0
LINE
  5
5E2
330
1A
100
AcDbEntity
  8
BLACK
  6
CONTINUOUS
100
AcDbLine
 10
2.1246605118110238
 20
0.4190101574803149
 30
0
 11
2.1288821653543306
 21
0.4211209448818898
 31
0
  0
LINE
  5
5E3
330
1A
100
AcDbEntity
  8
BLACK
  6
CONTINUOUS
100
AcDbLine
 10
2.1288821653543306
 20
0.4211209448818898
 30
0
 11
2.1410840551181103
 21
0.4211209448818898
 31
0
  0
LINE
  5
5E4
330
1A
100
AcDbEntity
  8
BLACK
  6
CONTINUOUS
100
AcDbLine
 10
2.1410840551181103
 20
0.4211209448818898
 30
0
 11
2.1453056299212596
 21
0.4190101574803149
 31
0
  0
LINE
  5
5E5
330
1A
100
AcDbEntity
  8
BLACK
  6
CONTINUOUS
100
AcDbLine
 10
2.1453056299212596
 20
0.4190101574803149
 30
0
 11
2.147214212598425
 21
0.4171016141732283
 31
0
  0
LINE
  5
5E6
330
1A
100
AcDbEntity
  8
BLACK
  6
CONTINUOUS
100
AcDbLine
 10
2.147214212598425
 20
0.4171016141732283
 30
0
 11
2.1493250787401572
 21
0.4128799606299213
 31
0
  0
LINE
  5
5E7
330
1A
100
AcDbEntity
  8
BLACK
  6
CONTINUOUS
100
AcDbLine
 10
2.1493250787401572
 20
0.4128799606299213
 30
0
 11
2.1493250787401572
 21
0.408823937007874
 31
0
  0
LINE
  5
5E8
330
1A
100
AcDbEntity
  8
BLACK
  6
CONTINUOUS
100
AcDbLine
 10
2.1493250787401572
 20
0.408823937007874
 30
0
 11
2.1470088582677165
 21
0.4018753543307086
 31
0
  0
LINE
  5
5E9
330
1A
100
AcDbEntity
  8
BLACK
  6
CONTINUOUS
100
AcDbLine
 10
2.1470088582677165
 20
0.4018753543307086
 30
0
 11
2.1139202362204723
 21
0.3687867322834645
 31
0
  0
LINE
  5
5EA
330
1A
100
AcDbEntity
  8
BLACK
  6
CONTINUOUS
100
AcDbLine
 10
2.1139202362204723
 20
0.3687867322834645
 30
0
 11
2.1134306299212597
 21
0.3681901181102362
 31
0
  0
LINE
  5
5EB
330
1A
100
AcDbEntity
  8
BLACK
  6
CONTINUOUS
100
AcDbLine
 10
2.1134306299212597
 20
0.3681901181102362
 30
0
 11
2.1128427559055116
 21
0.366770905511811
 31
0
  0
LINE
  5
5EC
330
1A
100
AcDbEntity
  8
BLACK
  6
CONTINUOUS
100
AcDbLine
 10
2.1128427559055116
 20
0.366770905511811
 30
0
 11
2.1128427559055116
 21
0.3652347637795276
 31
0
  0
LINE
  5
5ED
330
1A
100
AcDbEntity
  8
BLACK
  6
CONTINUOUS
100
AcDbLine
 10
2.1128427559055116
 20
0.3652347637795276
 30
0
 11
2.1134306299212597
 21
0.3638155511811024
 31
0
  0
LINE
  5
5EE
330
1A
100
AcDbEntity
  8
BLACK
  6
CONTINUOUS
100
AcDbLine
 10
2.1134306299212597
 20
0.3638155511811024
 30
0
 11
2.1145168503937009
 21
0.3627293307086614
 31
0
  0
LINE
  5
5EF
330
1A
100
AcDbEntity
  8
BLACK
  6
CONTINUOUS
100
AcDbLine
 10
2.1145168503937009
 20
0.3627293307086614
 30
0
 11
2.1159360629921258
 21
0.3621414566929134
 31
0
  0
LINE
  5
5F0
330
1A
100
AcDbEntity
  8
BLACK
  6
CONTINUOUS
100
AcDbLine
 10
2.1159360629921258
 20
0.3621414566929134
 30
0
 11
2.1167041338582675
 21
0.3620658267716536
 31
0
  0
LINE
  5
5F1
330
1A
100
AcDbEntity
  8
BLACK
  6
CONTINUOUS
100
AcDbLine
 10
2.1167041338582675
 20
0.3620658267716536
 30
0
 11
2.1532620866141734
 21
0.3620658267716536
 31
0
  0
LINE
  5
5F2
330
1A
100
AcDbEntity
  8
BLACK
  6
CONTINUOUS
100
AcDbLine
 10
2.1532620866141734
 20
0.3620658267716536
 30
0
 11
2.1540301574803151
 21
0.3621414566929134
 31
0
  0
LINE
  5
5F3
330
1A
100
AcDbEntity
  8
BLACK
  6
CONTINUOUS
100
AcDbLine
 10
2.1540301574803151
 20
0.3621414566929134
 30
0
 11
2.15544937007874
 21
0.3627293307086614
 31
0
  0
LINE
  5
5F4
330
1A
100
AcDbEntity
  8
BLACK
  6
CONTINUOUS
100
AcDbLine
 10
2.15544937007874
 20
0.3627293307086614
 30
0
 11
2.1565355905511812
 21
0.3638155511811024
 31
0
  0
LINE
  5
5F5
330
1A
100
AcDbEntity
  8
BLACK
  6
CONTINUOUS
100
AcDbLine
 10
2.1565355905511812
 20
0.3638155511811024
 30
0
 11
2.1571234645669293
 21
0.3652347637795276
 31
0
  0
LINE
  5
5F6
330
1A
100
AcDbEntity
  8
BLACK
  6
CONTINUOUS
100
AcDbLine
 10
2.1571234645669293
 20
0.3652347637795276
 30
0
 11
2.1571234645669293
 21
0.366770905511811
 31
0
  0
LINE
  5
5F7
330
1A
100
AcDbEntity
  8
BLACK
  6
CONTINUOUS
100
AcDbLine
 10
2.1571234645669293
 20
0.366770905511811
 30
0
 11
2.1565355905511812
 21
0.3681901181102362
 31
0
  0
LINE
  5
5F8
330
1A
100
AcDbEntity
  8
BLACK
  6
CONTINUOUS
100
AcDbLine
 10
2.1565355905511812
 20
0.3681901181102362
 30
0
 11
2.15544937007874
 21
0.3692763385826772
 31
0
  0
LINE
  5
5F9
330
1A
100
AcDbEntity
  8
BLACK
  6
CONTINUOUS
100
AcDbLine
 10
2.15544937007874
 20
0.3692763385826772
 30
0
 11
2.1540301574803151
 21
0.3698642125984252
 31
0
  0
LINE
  5
5FA
330
1A
100
AcDbEntity
  8
BLACK
  6
CONTINUOUS
100
AcDbLine
 10
2.1540301574803151
 20
0.3698642125984252
 30
0
 11
2.1532620866141734
 21
0.369939842519685
 31
0
  0
LINE
  5
5FB
330
1A
100
AcDbEntity
  8
BLACK
  6
CONTINUOUS
100
AcDbLine
 10
2.1532620866141734
 20
0.369939842519685
 30
0
 11
2.1262089370078741
 21
0.369939842519685
 31
0
  0
LINE
  5
5FC
330
1A
100
AcDbEntity
  8
BLACK
  6
CONTINUOUS
100
AcDbLine
 10
2.1262089370078741
 20
0.369939842519685
 30
0
 11
2.1532337795275591
 21
0.3969647244094488
 31
0
  0
LINE
  5
5FD
330
1A
100
AcDbEntity
  8
BLACK
  6
CONTINUOUS
100
AcDbLine
 10
2.1532337795275591
 20
0.3969647244094488
 30
0
 11
2.1537234251968504
 21
0.3975612992125984
 31
0
  0
LINE
  5
5FE
330
1A
100
AcDbEntity
  8
BLACK
  6
CONTINUOUS
100
AcDbLine
 10
2.1537234251968504
 20
0.3975612992125984
 30
0
 11
2.153777559055118
 21
0.3976920866141732
 31
0
  0
LINE
  5
5FF
330
1A
100
AcDbEntity
  8
BLACK
  6
CONTINUOUS
100
AcDbLine
 10
2.153777559055118
 20
0.3976920866141732
 30
0
 11
2.1538702362204725
 21
0.3977988976377952
 31
0
  0
LINE
  5
600
330
1A
100
AcDbEntity
  8
BLACK
  6
CONTINUOUS
100
AcDbLine
 10
2.1538702362204725
 20
0.3977988976377952
 30
0
 11
2.1541848818897638
 21
0.3985036220472441
 31
0
  0
LINE
  5
601
330
1A
100
AcDbEntity
  8
BLACK
  6
CONTINUOUS
100
AcDbLine
 10
2.1541848818897638
 20
0.3985036220472441
 30
0
 11
2.1569970472440945
 21
0.4069400393700787
 31
0
  0
LINE
  5
602
330
1A
100
AcDbEntity
  8
BLACK
  6
CONTINUOUS
100
AcDbLine
 10
2.1569970472440945
 20
0.4069400393700787
 30
0
 11
2.157083622047244
 21
0.4073208661417323
 31
0
  0
LINE
  5
603
330
1A
100
AcDbEntity
  8
BLACK
  6
CONTINUOUS
100
AcDbLine
 10
2.157083622047244
 20
0.4073208661417323
 30
0
 11
2.1571234645669293
 21
0.407416968503937
 31
0
  0
LINE
  5
604
330
1A
100
AcDbEntity
  8
BLACK
  6
CONTINUOUS
100
AcDbLine
 10
2.1571234645669293
 20
0.407416968503937
 30
0
 11
2.1571371653543308
 21
0.4075562598425197
 31
0
  0
LINE
  5
605
330
1A
100
AcDbEntity
  8
BLACK
  6
CONTINUOUS
100
AcDbLine
 10
2.1571371653543308
 20
0.4075562598425197
 30
0
 11
2.1571681889763781
 21
0.4076925984251968
 31
0
  0
LINE
  5
606
330
1A
100
AcDbEntity
  8
BLACK
  6
CONTINUOUS
100
AcDbLine
 10
2.1571681889763781
 20
0.4076925984251968
 30
0
 11
2.1571607874015748
 21
0.4077963385826772
 31
0
  0
LINE
  5
607
330
1A
100
AcDbEntity
  8
BLACK
  6
CONTINUOUS
100
AcDbLine
 10
2.1571607874015748
 20
0.4077963385826772
 30
0
 11
2.1571990944881891
 21
0.4081850393700787
 31
0
  0
LINE
  5
608
330
1A
100
AcDbEntity
  8
BLACK
  6
CONTINUOUS
100
AcDbLine
 10
2.1571990944881891
 20
0.4081850393700787
 30
0
 11
2.1571990944881891
 21
0.4138093700787401
 31
0
  0
LINE
  5
609
330
1A
100
AcDbEntity
  8
BLACK
  6
CONTINUOUS
100
AcDbLine
 10
2.1571990944881891
 20
0.4138093700787401
 30
0
 11
2.1571234645669293
 21
0.4145774409448819
 31
0
  0
LINE
  5
60A
330
1A
100
AcDbEntity
  8
BLACK
  6
CONTINUOUS
100
AcDbLine
 10
2.1571234645669293
 20
0.4145774409448819
 30
0
 11
2.1570692913385825
 21
0.414708188976378
 31
0
  0
LINE
  5
60B
330
1A
100
AcDbEntity
  8
BLACK
  6
CONTINUOUS
100
AcDbLine
 10
2.1570692913385825
 20
0.414708188976378
 30
0
 11
2.1570592913385824
 21
0.4148492519685039
 31
0
  0
LINE
  5
60C
330
1A
100
AcDbEntity
  8
BLACK
  6
CONTINUOUS
100
AcDbLine
 10
2.1570592913385824
 20
0.4148492519685039
 30
0
 11
2.1567834645669293
 21
0.4155700787401574
 31
0
  0
LINE
  5
60D
330
1A
100
AcDbEntity
  8
BLACK
  6
CONTINUOUS
100
AcDbLine
 10
2.1567834645669293
 20
0.4155700787401574
 30
0
 11
2.1539712992125986
 21
0.4211943700787402
 31
0
  0
LINE
  5
60E
330
1A
100
AcDbEntity
  8
BLACK
  6
CONTINUOUS
100
AcDbLine
 10
2.1539712992125986
 20
0.4211943700787402
 30
0
 11
2.1537631889763778
 21
0.421525
 31
0
  0
LINE
  5
60F
330
1A
100
AcDbEntity
  8
BLACK
  6
CONTINUOUS
100
AcDbLine
 10
2.1537631889763778
 20
0.421525
 30
0
 11
2.1537234251968504
 21
0.4216209842519685
 31
0
  0
LINE
  5
610
330
1A
100
AcDbEntity
  8
BLACK
  6
CONTINUOUS
100
AcDbLine
 10
2.1537234251968504
 20
0.4216209842519685
 30
0
 11
2.1536347244094487
 21
0.4217290551181102
 31
0
  0
LINE
  5
611
330
1A
100
AcDbEntity
  8
BLACK
  6
CONTINUOUS
100
AcDbLine
 10
2.1536347244094487
 20
0.4217290551181102
 30
0
 11
2.1535601574803147
 21
0.4218475196850394
 31
0
  0
LINE
  5
612
330
1A
100
AcDbEntity
  8
BLACK
  6
CONTINUOUS
100
AcDbLine
 10
2.1535601574803147
 20
0.4218475196850394
 30
0
 11
2.1534814960629922
 21
0.4219157480314961
 31
0
  0
LINE
  5
613
330
1A
100
AcDbEntity
  8
BLACK
  6
CONTINUOUS
100
AcDbLine
 10
2.1534814960629922
 20
0.4219157480314961
 30
0
 11
2.1532337795275591
 21
0.4222175590551181
 31
0
  0
LINE
  5
614
330
1A
100
AcDbEntity
  8
BLACK
  6
CONTINUOUS
100
AcDbLine
 10
2.1532337795275591
 20
0.4222175590551181
 30
0
 11
2.1504216929133859
 21
0.4250296850393701
 31
0
  0
LINE
  5
615
330
1A
100
AcDbEntity
  8
BLACK
  6
CONTINUOUS
100
AcDbLine
 10
2.1504216929133859
 20
0.4250296850393701
 30
0
 11
2.1501198425196848
 21
0.4252774015748031
 31
0
  0
LINE
  5
616
330
1A
100
AcDbEntity
  8
BLACK
  6
CONTINUOUS
100
AcDbLine
 10
2.1501198425196848
 20
0.4252774015748031
 30
0
 11
2.150051653543307
 21
0.4253560236220472
 31
0
  0
LINE
  5
617
330
1A
100
AcDbEntity
  8
BLACK
  6
CONTINUOUS
100
AcDbLine
 10
2.150051653543307
 20
0.4253560236220472
 30
0
 11
2.1499330708661417
 21
0.4254306692913385
 31
0
  0
LINE
  5
618
330
1A
100
AcDbEntity
  8
BLACK
  6
CONTINUOUS
100
AcDbLine
 10
2.1499330708661417
 20
0.4254306692913385
 30
0
 11
2.1498250787401574
 21
0.4255192913385827
 31
0
  0
LINE
  5
619
330
1A
100
AcDbEntity
  8
BLACK
  6
CONTINUOUS
100
AcDbLine
 10
2.1498250787401574
 20
0.4255192913385827
 30
0
 11
2.1497290944881891
 21
0.4255590551181102
 31
0
  0
LINE
  5
61A
330
1A
100
AcDbEntity
  8
BLACK
  6
CONTINUOUS
100
AcDbLine
 10
2.1497290944881891
 20
0.4255590551181102
 30
0
 11
2.1493984645669291
 21
0.4257671653543307
 31
0
  0
LINE
  5
61B
330
1A
100
AcDbEntity
  8
BLACK
  6
CONTINUOUS
100
AcDbLine
 10
2.1493984645669291
 20
0.4257671653543307
 30
0
 11
2.1437741338582676
 21
0.4285793307086614
 31
0
  0
LINE
  5
61C
330
1A
100
AcDbEntity
  8
BLACK
  6
CONTINUOUS
100
AcDbLine
 10
2.1437741338582676
 20
0.4285793307086614
 30
0
 11
2.1430533464566928
 21
0.4288551574803149
 31
0
  0
LINE
  5
61D
330
1A
100
AcDbEntity
  8
BLACK
  6
CONTINUOUS
100
AcDbLine
 10
2.1430533464566928
 20
0.4288551574803149
 30
0
 11
2.1429122440944881
 21
0.4288651968503937
 31
0
  0
LINE
  5
61E
330
1A
100
AcDbEntity
  8
BLACK
  6
CONTINUOUS
100
AcDbLine
 10
2.1429122440944881
 20
0.4288651968503937
 30
0
 11
2.142781535433071
 21
0.4289193307086614
 31
0
  0
LINE
  5
61F
330
1A
100
AcDbEntity
  8
BLACK
  6
CONTINUOUS
100
AcDbLine
 10
2.142781535433071
 20
0.4289193307086614
 30
0
 11
2.1420134645669289
 21
0.4289949606299213
 31
0
  0
LINE
  5
620
330
1A
100
AcDbEntity
  8
BLACK
  6
CONTINUOUS
100
AcDbLine
 10
2.1420134645669289
 20
0.4289949606299213
 30
0
 11
2.1279527559055116
 21
0.4289949606299213
 31
0
  0
LINE
  5
621
330
1A
100
AcDbEntity
  8
BLACK
  6
CONTINUOUS
100
AcDbLine
 10
2.1279527559055116
 20
0.4289949606299213
 30
0
 11
2.1271846850393699
 21
0.4289193307086614
 31
0
  0
LINE
  5
622
330
1A
100
AcDbEntity
  8
BLACK
  6
CONTINUOUS
100
AcDbLine
 10
2.1918640551181103
 20
0.4289193307086614
 30
0
 11
2.1917333070866141
 21
0.4288651968503937
 31
0
  0
LINE
  5
623
330
1A
100
AcDbEntity
  8
BLACK
  6
CONTINUOUS
100
AcDbLine
 10
2.1917333070866141
 20
0.4288651968503937
 30
0
 11
2.1915922440944882
 21
0.4288551574803149
 31
0
  0
LINE
  5
624
330
1A
100
AcDbEntity
  8
BLACK
  6
CONTINUOUS
100
AcDbLine
 10
2.1915922440944882
 20
0.4288551574803149
 30
0
 11
2.1908714173228345
 21
0.4285793307086614
 31
0
  0
LINE
  5
625
330
1A
100
AcDbEntity
  8
BLACK
  6
CONTINUOUS
100
AcDbLine
 10
2.1908714173228345
 20
0.4285793307086614
 30
0
 11
2.1852471259842519
 21
0.4257671653543307
 31
0
  0
LINE
  5
626
330
1A
100
AcDbEntity
  8
BLACK
  6
CONTINUOUS
100
AcDbLine
 10
2.1852471259842519
 20
0.4257671653543307
 30
0
 11
2.1849164960629919
 21
0.425559094488189
 31
0
  0
LINE
  5
627
330
1A
100
AcDbEntity
  8
BLACK
  6
CONTINUOUS
100
AcDbLine
 10
2.1849164960629919
 20
0.425559094488189
 30
0
 11
2.1848205118110235
 21
0.4255192913385827
 31
0
  0
LINE
  5
628
330
1A
100
AcDbEntity
  8
BLACK
  6
CONTINUOUS
100
AcDbLine
 10
2.1848205118110235
 20
0.4255192913385827
 30
0
 11
2.1847124409448817
 21
0.4254306299212599
 31
0
  0
LINE
  5
629
330
1A
100
AcDbEntity
  8
BLACK
  6
CONTINUOUS
100
AcDbLine
 10
2.1847124409448817
 20
0.4254306299212599
 30
0
 11
2.1845939763779527
 21
0.4253560236220472
 31
0
  0
LINE
  5
62A
330
1A
100
AcDbEntity
  8
BLACK
  6
CONTINUOUS
100
AcDbLine
 10
2.1845939763779527
 20
0.4253560236220472
 30
0
 11
2.1845257480314961
 21
0.4252774015748031
 31
0
  0
LINE
  5
62B
330
1A
100
AcDbEntity
  8
BLACK
  6
CONTINUOUS
100
AcDbLine
 10
2.1845257480314961
 20
0.4252774015748031
 30
0
 11
2.1842239370078738
 21
0.4250296456692914
 31
0
  0
LINE
  5
62C
330
1A
100
AcDbEntity
  8
BLACK
  6
CONTINUOUS
100
AcDbLine
 10
2.1842239370078738
 20
0.4250296456692914
 30
0
 11
2.1814118110236218
 21
0.4222175590551181
 31
0
  0
LINE
  5
62D
330
1A
100
AcDbEntity
  8
BLACK
  6
CONTINUOUS
100
AcDbLine
 10
2.1814118110236218
 20
0.4222175590551181
 30
0
 11
2.1814100393700788
 21
0.4222154330708661
 31
0
  0
LINE
  5
62E
330
1A
100
AcDbEntity
  8
BLACK
  6
CONTINUOUS
100
AcDbLine
 10
2.1814100393700788
 20
0.4222154330708661
 30
0
 11
2.1814088976377954
 21
0.4222146456692913
 31
0
  0
LINE
  5
62F
330
1A
100
AcDbEntity
  8
BLACK
  6
CONTINUOUS
100
AcDbLine
 10
2.1814088976377954
 20
0.4222146456692913
 30
0
 11
2.1811655118110234
 21
0.4219174803149606
 31
0
  0
LINE
  5
630
330
1A
100
AcDbEntity
  8
BLACK
  6
CONTINUOUS
100
AcDbLine
 10
2.1811655118110234
 20
0.4219174803149606
 30
0
 11
2.1809222047244092
 21
0.4216209448818898
 31
0
  0
LINE
  5
631
330
1A
100
AcDbEntity
  8
BLACK
  6
CONTINUOUS
100
AcDbLine
 10
2.1809222047244092
 20
0.4216209448818898
 30
0
 11
2.1809216535433071
 21
0.4216196850393701
 31
0
  0
LINE
  5
632
330
1A
100
AcDbEntity
  8
BLACK
  6
CONTINUOUS
100
AcDbLine
 10
2.1809216535433071
 20
0.4216196850393701
 30
0
 11
2.1809199212598425
 21
0.4216175196850394
 31
0
  0
LINE
  5
633
330
1A
100
AcDbEntity
  8
BLACK
  6
CONTINUOUS
100
AcDbLine
 10
2.1809199212598425
 20
0.4216175196850394
 30
0
 11
2.175295590551181
 21
0.413181062992126
 31
0
  0
LINE
  5
634
330
1A
100
AcDbEntity
  8
BLACK
  6
CONTINUOUS
100
AcDbLine
 10
2.175295590551181
 20
0.413181062992126
 30
0
 11
2.1750694881889765
 21
0.4127570866141732
 31
0
  0
LINE
  5
635
330
1A
100
AcDbEntity
  8
BLACK
  6
CONTINUOUS
100
AcDbLine
 10
2.1750694881889765
 20
0.4127570866141732
 30
0
 11
2.1750115748031495
 21
0.4126788582677166
 31
0
  0
LINE
  5
636
330
1A
100
AcDbEntity
  8
BLACK
  6
CONTINUOUS
100
AcDbLine
 10
2.1750115748031495
 20
0.4126788582677166
 30
0
 11
2.1749785826771655
 21
0.4125865354330708
 31
0
  0
LINE
  5
637
330
1A
100
AcDbEntity
  8
BLACK
  6
CONTINUOUS
100
AcDbLine
 10
2.1749785826771655
 20
0.4125865354330708
 30
0
 11
2.1749324803149608
 21
0.4125000393700787
 31
0
  0
LINE
  5
638
330
1A
100
AcDbEntity
  8
BLACK
  6
CONTINUOUS
100
AcDbLine
 10
2.1749324803149608
 20
0.4125000393700787
 30
0
 11
2.1749135826771653
 21
0.4124046062992126
 31
0
  0
LINE
  5
639
330
1A
100
AcDbEntity
  8
BLACK
  6
CONTINUOUS
100
AcDbLine
 10
2.1749135826771653
 20
0.4124046062992126
 30
0
 11
2.1747519291338584
 21
0.4119520472440945
 31
0
  0
LINE
  5
63A
330
1A
100
AcDbEntity
  8
BLACK
  6
CONTINUOUS
100
AcDbLine
 10
2.1747519291338584
 20
0.4119520472440945
 30
0
 11
2.1719398031496064
 21
0.4007034645669291
 31
0
  0
LINE
  5
63B
330
1A
100
AcDbEntity
  8
BLACK
  6
CONTINUOUS
100
AcDbLine
 10
2.1719398031496064
 20
0.4007034645669291
 30
0
 11
2.1719201181102363
 21
0.4005704330708661
 31
0
  0
LINE
  5
63C
330
1A
100
AcDbEntity
  8
BLACK
  6
CONTINUOUS
100
AcDbLine
 10
2.1719201181102363
 20
0.4005704330708661
 30
0
 11
2.1718978740157482
 21
0.4005166929133858
 31
0
  0
LINE
  5
63D
330
1A
100
AcDbEntity
  8
BLACK
  6
CONTINUOUS
100
AcDbLine
 10
2.1718978740157482
 20
0.4005166929133858
 30
0
 11
2.1718693700787401
 21
0.4002272834645669
 31
0
  0
LINE
  5
63E
330
1A
100
AcDbEntity
  8
BLACK
  6
CONTINUOUS
100
AcDbLine
 10
2.1718693700787401
 20
0.4002272834645669
 30
0
 11
2.1718268897637794
 21
0.39994
 31
0
  0
LINE
  5
63F
330
1A
100
AcDbEntity
  8
BLACK
  6
CONTINUOUS
100
AcDbLine
 10
2.1718268897637794
 20
0.39994
 30
0
 11
2.171835433070866
 21
0.3998825984251969
 31
0
  0
LINE
  5
640
330
1A
100
AcDbEntity
  8
BLACK
  6
CONTINUOUS
100
AcDbLine
 10
2.171835433070866
 20
0.3998825984251969
 30
0
 11
2.1718222440944883
 21
0.3997486220472441
 31
0
  0
LINE
  5
641
330
1A
100
AcDbEntity
  8
BLACK
  6
CONTINUOUS
100
AcDbLine
 10
2.1718222440944883
 20
0.3997486220472441
 30
0
 11
2.1718222440944883
 21
0.3772514173228346
 31
0
  0
LINE
  5
642
330
1A
100
AcDbEntity
  8
BLACK
  6
CONTINUOUS
100
AcDbLine
 10
2.1718222440944883
 20
0.3772514173228346
 30
0
 11
2.1718978740157482
 21
0.3764833464566929
 31
0
  0
LINE
  5
643
330
1A
100
AcDbEntity
  8
BLACK
  6
CONTINUOUS
100
AcDbLine
 10
2.1718978740157482
 20
0.3764833464566929
 30
0
 11
2.1719520078740158
 21
0.3763526377952756
 31
0
  0
LINE
  5
644
330
1A
100
AcDbEntity
  8
BLACK
  6
CONTINUOUS
100
AcDbLine
 10
2.1719520078740158
 20
0.3763526377952756
 30
0
 11
2.1719620472440946
 21
0.3762115354330708
 31
0
  0
LINE
  5
645
330
1A
100
AcDbEntity
  8
BLACK
  6
CONTINUOUS
100
AcDbLine
 10
2.1719620472440946
 20
0.3762115354330708
 30
0
 11
2.1722378740157482
 21
0.3754907480314961
 31
0
  0
LINE
  5
646
330
1A
100
AcDbEntity
  8
BLACK
  6
CONTINUOUS
100
AcDbLine
 10
2.1722378740157482
 20
0.3754907480314961
 30
0
 11
2.1750500000000001
 21
0.3698664566929134
 31
0
  0
LINE
  5
647
330
1A
100
AcDbEntity
  8
BLACK
  6
CONTINUOUS
100
AcDbLine
 10
2.1750500000000001
 20
0.3698664566929134
 30
0
 11
2.1752581102362205
 21
0.3695358267716535
 31
0
  0
LINE
  5
648
330
1A
100
AcDbEntity
  8
BLACK
  6
CONTINUOUS
100
AcDbLine
 10
2.1752581102362205
 20
0.3695358267716535
 30
0
 11
2.1752978740157478
 21
0.369439842519685
 31
0
  0
LINE
  5
649
330
1A
100
AcDbEntity
  8
BLACK
  6
CONTINUOUS
100
AcDbLine
 10
2.1752978740157478
 20
0.369439842519685
 30
0
 11
2.1753864960629921
 21
0.3693318503937008
 31
0
  0
LINE
  5
64A
330
1A
100
AcDbEntity
  8
BLACK
  6
CONTINUOUS
100
AcDbLine
 10
2.1753864960629921
 20
0.3693318503937008
 30
0
 11
2.1754611417322836
 21
0.3692132677165354
 31
0
  0
LINE
  5
64B
330
1A
100
AcDbEntity
  8
BLACK
  6
CONTINUOUS
100
AcDbLine
 10
2.1754611417322836
 20
0.3692132677165354
 30
0
 11
2.1755397637795273
 21
0.3691450787401575
 31
0
  0
LINE
  5
64C
330
1A
100
AcDbEntity
  8
BLACK
  6
CONTINUOUS
100
AcDbLine
 10
2.1755397637795273
 20
0.3691450787401575
 30
0
 11
2.1757874803149604
 21
0.3688432283464567
 31
0
  0
LINE
  5
64D
330
1A
100
AcDbEntity
  8
BLACK
  6
CONTINUOUS
100
AcDbLine
 10
2.1757874803149604
 20
0.3688432283464567
 30
0
 11
2.1785996456692911
 21
0.366031062992126
 31
0
  0
LINE
  5
64E
330
1A
100
AcDbEntity
  8
BLACK
  6
CONTINUOUS
100
AcDbLine
 10
2.1785996456692911
 20
0.366031062992126
 30
0
 11
2.1789016141732285
 21
0.3657832677165354
 31
0
  0
LINE
  5
64F
330
1A
100
AcDbEntity
  8
BLACK
  6
CONTINUOUS
100
AcDbLine
 10
2.1789016141732285
 20
0.3657832677165354
 30
0
 11
2.1789697244094488
 21
0.3657047244094488
 31
0
  0
LINE
  5
650
330
1A
100
AcDbEntity
  8
BLACK
  6
CONTINUOUS
100
AcDbLine
 10
2.1789697244094488
 20
0.3657047244094488
 30
0
 11
2.1790881102362203
 21
0.3656301968503937
 31
0
  0
LINE
  5
651
330
1A
100
AcDbEntity
  8
BLACK
  6
CONTINUOUS
100
AcDbLine
 10
2.1790881102362203
 20
0.3656301968503937
 30
0
 11
2.1791962598425196
 21
0.3655414566929134
 31
0
  0
LINE
  5
652
330
1A
100
AcDbEntity
  8
BLACK
  6
CONTINUOUS
100
AcDbLine
 10
2.1791962598425196
 20
0.3655414566929134
 30
0
 11
2.1792922834645667
 21
0.3655016929133858
 31
0
  0
LINE
  5
653
330
1A
100
AcDbEntity
  8
BLACK
  6
CONTINUOUS
100
AcDbLine
 10
2.1792922834645667
 20
0.3655016929133858
 30
0
 11
2.1796228740157479
 21
0.3652935826771653
 31
0
  0
LINE
  5
654
330
1A
100
AcDbEntity
  8
BLACK
  6
CONTINUOUS
100
AcDbLine
 10
2.1796228740157479
 20
0.3652935826771653
 30
0
 11
2.1852471653543306
 21
0.3624814566929134
 31
0
  0
LINE
  5
655
330
1A
100
AcDbEntity
  8
BLACK
  6
CONTINUOUS
100
AcDbLine
 10
2.1852471653543306
 20
0.3624814566929134
 30
0
 11
2.1859679921259842
 21
0.3622056299212598
 31
0
  0
LINE
  5
656
330
1A
100
AcDbEntity
  8
BLACK
  6
CONTINUOUS
100
AcDbLine
 10
2.1859679921259842
 20
0.3622056299212598
 30
0
 11
2.1861090157480314
 21
0.3621956299212598
 31
0
  0
LINE
  5
657
330
1A
100
AcDbEntity
  8
BLACK
  6
CONTINUOUS
100
AcDbLine
 10
2.1861090157480314
 20
0.3621956299212598
 30
0
 11
2.1862397637795277
 21
0.3621414566929134
 31
0
  0
LINE
  5
658
330
1A
100
AcDbEntity
  8
BLACK
  6
CONTINUOUS
100
AcDbLine
 10
2.1862397637795277
 20
0.3621414566929134
 30
0
 11
2.1870078346456694
 21
0.3620658267716536
 31
0
  0
LINE
  5
659
330
1A
100
AcDbEntity
  8
BLACK
  6
CONTINUOUS
100
AcDbLine
 10
2.1870078346456694
 20
0.3620658267716536
 30
0
 11
2.1982564173228347
 21
0.3620658267716536
 31
0
  0
LINE
  5
65A
330
1A
100
AcDbEntity
  8
BLACK
  6
CONTINUOUS
100
AcDbLine
 10
2.1982564173228347
 20
0.3620658267716536
 30
0
 11
2.1990244881889764
 21
0.3621414566929134
 31
0
  0
LINE
  5
65B
330
1A
100
AcDbEntity
  8
BLACK
  6
CONTINUOUS
100
AcDbLine
 10
2.1990244881889764
 20
0.3621414566929134
 30
0
 11
2.1991551968503935
 21
0.3621956299212598
 31
0
  0
LINE
  5
65C
330
1A
100
AcDbEntity
  8
BLACK
  6
CONTINUOUS
100
AcDbLine
 10
2.1991551968503935
 20
0.3621956299212598
 30
0
 11
2.1992962598425194
 21
0.3622056299212598
 31
0
  0
LINE
  5
65D
330
1A
100
AcDbEntity
  8
BLACK
  6
CONTINUOUS
100
AcDbLine
 10
2.1992962598425194
 20
0.3622056299212598
 30
0
 11
2.2000170866141731
 21
0.3624814566929134
 31
0
  0
LINE
  5
65E
330
1A
100
AcDbEntity
  8
BLACK
  6
CONTINUOUS
100
AcDbLine
 10
2.2000170866141731
 20
0.3624814566929134
 30
0
 11
2.2056414173228345
 21
0.3652935826771653
 31
0
  0
LINE
  5
65F
330
1A
100
AcDbEntity
  8
BLACK
  6
CONTINUOUS
100
AcDbLine
 10
2.2056414173228345
 20
0.3652935826771653
 30
0
 11
2.205971968503937
 21
0.3655016929133858
 31
0
  0
LINE
  5
660
330
1A
100
AcDbEntity
  8
BLACK
  6
CONTINUOUS
100
AcDbLine
 10
2.205971968503937
 20
0.3655016929133858
 30
0
 11
2.2060680708661415
 21
0.3655414566929134
 31
0
  0
LINE
  5
661
330
1A
100
AcDbEntity
  8
BLACK
  6
CONTINUOUS
100
AcDbLine
 10
2.2060680708661415
 20
0.3655414566929134
 30
0
 11
2.2061761417322834
 21
0.3656301968503937
 31
0
  0
LINE
  5
662
330
1A
100
AcDbEntity
  8
BLACK
  6
CONTINUOUS
100
AcDbLine
 10
2.2061761417322834
 20
0.3656301968503937
 30
0
 11
2.2062946062992124
 21
0.3657047244094488
 31
0
  0
LINE
  5
663
330
1A
100
AcDbEntity
  8
BLACK
  6
CONTINUOUS
100
AcDbLine
 10
2.2062946062992124
 20
0.3657047244094488
 30
0
 11
2.2063627952755906
 21
0.3657833858267717
 31
0
  0
LINE
  5
664
330
1A
100
AcDbEntity
  8
BLACK
  6
CONTINUOUS
100
AcDbLine
 10
2.2063627952755906
 20
0.3657833858267717
 30
0
 11
2.2066646456692913
 21
0.3660311023622047
 31
0
  0
LINE
  5
665
330
1A
100
AcDbEntity
  8
BLACK
  6
CONTINUOUS
100
AcDbLine
 10
2.2066646456692913
 20
0.3660311023622047
 30
0
 11
2.2094767716535433
 21
0.3688432677165354
 31
0
  0
LINE
  5
666
330
1A
100
AcDbEntity
  8
BLACK
  6
CONTINUOUS
100
AcDbLine
 10
2.2094767716535433
 20
0.3688432677165354
 30
0
 11
2.2097244881889764
 21
0.3691451181102362
 31
0
  0
LINE
  5
667
330
1A
100
AcDbEntity
  8
BLACK
  6
CONTINUOUS
100
AcDbLine
 10
2.2097244881889764
 20
0.3691451181102362
 30
0
 11
2.2098031102362206
 21
0.3692132677165354
 31
0
  0
LINE
  5
668
330
1A
100
AcDbEntity
  8
BLACK
  6
CONTINUOUS
100
AcDbLine
 10
2.2098031102362206
 20
0.3692132677165354
 30
0
 11
2.2098776377952754
 21
0.3693317322834646
 31
0
  0
LINE
  5
669
330
1A
100
AcDbEntity
  8
BLACK
  6
CONTINUOUS
100
AcDbLine
 10
2.2098776377952754
 20
0.3693317322834646
 30
0
 11
2.2099664173228346
 21
0.369439842519685
 31
0
  0
LINE
  5
66A
330
1A
100
AcDbEntity
  8
BLACK
  6
CONTINUOUS
100
AcDbLine
 10
2.2099664173228346
 20
0.369439842519685
 30
0
 11
2.2100061811023624
 21
0.3695359448818897
 31
0
  0
LINE
  5
66B
330
1A
100
AcDbEntity
  8
BLACK
  6
CONTINUOUS
100
AcDbLine
 10
2.2100061811023624
 20
0.3695359448818897
 30
0
 11
2.210214251968504
 21
0.3698664173228347
 31
0
  0
LINE
  5
66C
330
1A
100
AcDbEntity
  8
BLACK
  6
CONTINUOUS
100
AcDbLine
 10
2.210214251968504
 20
0.3698664173228347
 30
0
 11
2.2130264173228347
 21
0.3754907086614173
 31
0
  0
LINE
  5
66D
330
1A
100
AcDbEntity
  8
BLACK
  6
CONTINUOUS
100
AcDbLine
 10
2.2130264173228347
 20
0.3754907086614173
 30
0
 11
2.2133022440944883
 21
0.3762115354330708
 31
0
  0
LINE
  5
66E
330
1A
100
AcDbEntity
  8
BLACK
  6
CONTINUOUS
100
AcDbLine
 10
2.2133022440944883
 20
0.3762115354330708
 30
0
 11
2.2133122440944883
 21
0.3763526377952756
 31
0
  0
LINE
  5
66F
330
1A
100
AcDbEntity
  8
BLACK
  6
CONTINUOUS
100
AcDbLine
 10
2.2133122440944883
 20
0.3763526377952756
 30
0
 11
2.2133664173228347
 21
0.3764833464566929
 31
0
  0
LINE
  5
670
330
1A
100
AcDbEntity
  8
BLACK
  6
CONTINUOUS
100
AcDbLine
 10
2.2133664173228347
 20
0.3764833464566929
 30
0
 11
2.2134420472440945
 21
0.3772514173228346
 31
0
  0
LINE
  5
671
330
1A
100
AcDbEntity
  8
BLACK
  6
CONTINUOUS
100
AcDbLine
 10
2.2134420472440945
 20
0.3772514173228346
 30
0
 11
2.2134420472440945
 21
0.3913121653543307
 31
0
  0
LINE
  5
672
330
1A
100
AcDbEntity
  8
BLACK
  6
CONTINUOUS
100
AcDbLine
 10
2.2134420472440945
 20
0.3913121653543307
 30
0
 11
2.2133664173228347
 21
0.3920802362204724
 31
0
  0
LINE
  5
673
330
1A
100
AcDbEntity
  8
BLACK
  6
CONTINUOUS
100
AcDbLine
 10
2.2133664173228347
 20
0.3920802362204724
 30
0
 11
2.2133122440944883
 21
0.3922109842519685
 31
0
  0
LINE
  5
674
330
1A
100
AcDbEntity
  8
BLACK
  6
CONTINUOUS
100
AcDbLine
 10
2.2133122440944883
 20
0.3922109842519685
 30
0
 11
2.2133022440944883
 21
0.3923520472440945
 31
0
  0
LINE
  5
675
330
1A
100
AcDbEntity
  8
BLACK
  6
CONTINUOUS
100
AcDbLine
 10
2.2133022440944883
 20
0.3923520472440945
 30
0
 11
2.2130264173228347
 21
0.393072874015748
 31
0
  0
LINE
  5
676
330
1A
100
AcDbEntity
  8
BLACK
  6
CONTINUOUS
100
AcDbLine
 10
2.2130264173228347
 20
0.393072874015748
 30
0
 11
2.210214251968504
 21
0.3986971653543307
 31
0
  0
LINE
  5
677
330
1A
100
AcDbEntity
  8
BLACK
  6
CONTINUOUS
100
AcDbLine
 10
2.210214251968504
 20
0.3986971653543307
 30
0
 11
2.2100061811023624
 21
0.3990276771653543
 31
0
  0
LINE
  5
678
330
1A
100
AcDbEntity
  8
BLACK
  6
CONTINUOUS
100
AcDbLine
 10
2.2100061811023624
 20
0.3990276771653543
 30
0
 11
2.2099664173228346
 21
0.3991237401574803
 31
0
  0
LINE
  5
679
330
1A
100
AcDbEntity
  8
BLACK
  6
CONTINUOUS
100
AcDbLine
 10
2.2099664173228346
 20
0.3991237401574803
 30
0
 11
2.2098776377952754
 21
0.3992318897637795
 31
0
  0
LINE
  5
67A
330
1A
100
AcDbEntity
  8
BLACK
  6
CONTINUOUS
100
AcDbLine
 10
2.2098776377952754
 20
0.3992318897637795
 30
0
 11
2.2098031102362206
 21
0.3993503149606299
 31
0
  0
LINE
  5
67B
330
1A
100
AcDbEntity
  8
BLACK
  6
CONTINUOUS
100
AcDbLine
 10
2.2098031102362206
 20
0.3993503149606299
 30
0
 11
2.2097244881889764
 21
0.3994185039370078
 31
0
  0
LINE
  5
67C
330
1A
100
AcDbEntity
  8
BLACK
  6
CONTINUOUS
100
AcDbLine
 10
2.2097244881889764
 20
0.3994185039370078
 30
0
 11
2.2094767716535433
 21
0.3997203149606299
 31
0
  0
LINE
  5
67D
330
1A
100
AcDbEntity
  8
BLACK
  6
CONTINUOUS
100
AcDbLine
 10
2.2094767716535433
 20
0.3997203149606299
 30
0
 11
2.2066646456692913
 21
0.4025324803149606
 31
0
  0
LINE
  5
67E
330
1A
100
AcDbEntity
  8
BLACK
  6
CONTINUOUS
100
AcDbLine
 10
2.2066646456692913
 20
0.4025324803149606
 30
0
 11
2.2063627952755906
 21
0.4027802362204724
 31
0
  0
LINE
  5
67F
330
1A
100
AcDbEntity
  8
BLACK
  6
CONTINUOUS
100
AcDbLine
 10
2.2063627952755906
 20
0.4027802362204724
 30
0
 11
2.2062946062992124
 21
0.4028588582677165
 31
0
  0
LINE
  5
680
330
1A
100
AcDbEntity
  8
BLACK
  6
CONTINUOUS
100
AcDbLine
 10
2.2062946062992124
 20
0.4028588582677165
 30
0
 11
2.2061761417322834
 21
0.4029334251968504
 31
0
  0
LINE
  5
681
330
1A
100
AcDbEntity
  8
BLACK
  6
CONTINUOUS
100
AcDbLine
 10
2.2061761417322834
 20
0.4029334251968504
 30
0
 11
2.2060680708661415
 21
0.403022125984252
 31
0
  0
LINE
  5
682
330
1A
100
AcDbEntity
  8
BLACK
  6
CONTINUOUS
100
AcDbLine
 10
2.2060680708661415
 20
0.403022125984252
 30
0
 11
2.205971968503937
 21
0.4030619291338582
 31
0
  0
LINE
  5
683
330
1A
100
AcDbEntity
  8
BLACK
  6
CONTINUOUS
100
AcDbLine
 10
2.205971968503937
 20
0.4030619291338582
 30
0
 11
2.2056414173228345
 21
0.40327
 31
0
  0
LINE
  5
684
330
1A
100
AcDbEntity
  8
BLACK
  6
CONTINUOUS
100
AcDbLine
 10
2.2056414173228345
 20
0.40327
 30
0
 11
2.2000170866141731
 21
0.406082125984252
 31
0
  0
LINE
  5
685
330
1A
100
AcDbEntity
  8
BLACK
  6
CONTINUOUS
100
AcDbLine
 10
2.2000170866141731
 20
0.406082125984252
 30
0
 11
2.1992962598425194
 21
0.4063579527559055
 31
0
  0
LINE
  5
686
330
1A
100
AcDbEntity
  8
BLACK
  6
CONTINUOUS
100
AcDbLine
 10
2.1992962598425194
 20
0.4063579527559055
 30
0
 11
2.1991551968503935
 21
0.4063679921259842
 31
0
  0
LINE
  5
687
330
1A
100
AcDbEntity
  8
BLACK
  6
CONTINUOUS
100
AcDbLine
 10
2.1991551968503935
 20
0.4063679921259842
 30
0
 11
2.1990244881889764
 21
0.406422125984252
 31
0
  0
LINE
  5
688
330
1A
100
AcDbEntity
  8
BLACK
  6
CONTINUOUS
100
AcDbLine
 10
2.1990244881889764
 20
0.406422125984252
 30
0
 11
2.1982564173228347
 21
0.4064977559055118
 31
0
  0
LINE
  5
689
330
1A
100
AcDbEntity
  8
BLACK
  6
CONTINUOUS
100
AcDbLine
 10
2.1982564173228347
 20
0.4064977559055118
 30
0
 11
2.1870078346456694
 21
0.4064977559055118
 31
0
  0
LINE
  5
68A
330
1A
100
AcDbEntity
  8
BLACK
  6
CONTINUOUS
100
AcDbLine
 10
2.1870078346456694
 20
0.4064977559055118
 30
0
 11
2.1862397637795277
 21
0.406422125984252
 31
0
  0
LINE
  5
68B
330
1A
100
AcDbEntity
  8
BLACK
  6
CONTINUOUS
100
AcDbLine
 10
2.1862397637795277
 20
0.406422125984252
 30
0
 11
2.1861090157480314
 21
0.4063679921259842
 31
0
  0
LINE
  5
68C
330
1A
100
AcDbEntity
  8
BLACK
  6
CONTINUOUS
100
AcDbLine
 10
2.1861090157480314
 20
0.4063679921259842
 30
0
 11
2.1859679921259842
 21
0.4063579527559055
 31
0
  0
LINE
  5
68D
330
1A
100
AcDbEntity
  8
BLACK
  6
CONTINUOUS
100
AcDbLine
 10
2.1859679921259842
 20
0.4063579527559055
 30
0
 11
2.1852471653543306
 21
0.406082125984252
 31
0
  0
LINE
  5
68E
330
1A
100
AcDbEntity
  8
BLACK
  6
CONTINUOUS
100
AcDbLine
 10
2.1852471653543306
 20
0.406082125984252
 30
0
 11
2.1808512992125983
 21
0.4038842125984252
 31
0
  0
LINE
  5
68F
330
1A
100
AcDbEntity
  8
BLACK
  6
CONTINUOUS
100
AcDbLine
 10
2.1808512992125983
 20
0.4038842125984252
 30
0
 11
2.1822253937007874
 21
0.409380748031496
 31
0
  0
LINE
  5
690
330
1A
100
AcDbEntity
  8
BLACK
  6
CONTINUOUS
100
AcDbLine
 10
2.1822253937007874
 20
0.409380748031496
 30
0
 11
2.1872551968503937
 21
0.4169253937007874
 31
0
  0
LINE
  5
691
330
1A
100
AcDbEntity
  8
BLACK
  6
CONTINUOUS
100
AcDbLine
 10
2.1872551968503937
 20
0.4169253937007874
 30
0
 11
2.1893398818897638
 21
0.4190101181102362
 31
0
  0
LINE
  5
692
330
1A
100
AcDbEntity
  8
BLACK
  6
CONTINUOUS
100
AcDbLine
 10
2.1893398818897638
 20
0.4190101181102362
 30
0
 11
2.1935615354330706
 21
0.4211209448818898
 31
0
  0
LINE
  5
693
330
1A
100
AcDbEntity
  8
BLACK
  6
CONTINUOUS
100
AcDbLine
 10
2.1935615354330706
 20
0.4211209448818898
 30
0
 11
2.2038807480314961
 21
0.4211209448818898
 31
0
  0
LINE
  5
694
330
1A
100
AcDbEntity
  8
BLACK
  6
CONTINUOUS
100
AcDbLine
 10
2.2038807480314961
 20
0.4211209448818898
 30
0
 11
2.2046488188976379
 21
0.4211965748031496
 31
0
  0
LINE
  5
695
330
1A
100
AcDbEntity
  8
BLACK
  6
CONTINUOUS
100
AcDbLine
 10
2.2046488188976379
 20
0.4211965748031496
 30
0
 11
2.2060680314960628
 21
0.4217844488188977
 31
0
  0
LINE
  5
696
330
1A
100
AcDbEntity
  8
BLACK
  6
CONTINUOUS
100
AcDbLine
 10
2.2060680314960628
 20
0.4217844488188977
 30
0
 11
2.2071542519685039
 21
0.4228706692913386
 31
0
  0
LINE
  5
697
330
1A
100
AcDbEntity
  8
BLACK
  6
CONTINUOUS
100
AcDbLine
 10
2.2071542519685039
 20
0.4228706692913386
 30
0
 11
2.207742125984252
 21
0.4242898818897637
 31
0
  0
LINE
  5
698
330
1A
100
AcDbEntity
  8
BLACK
  6
CONTINUOUS
100
AcDbLine
 10
2.207742125984252
 20
0.4242898818897637
 30
0
 11
2.207742125984252
 21
0.4258260236220472
 31
0
  0
LINE
  5
699
330
1A
100
AcDbEntity
  8
BLACK
  6
CONTINUOUS
100
AcDbLine
 10
2.207742125984252
 20
0.4258260236220472
 30
0
 11
2.2071542519685039
 21
0.4272452362204724
 31
0
  0
LINE
  5
69A
330
1A
100
AcDbEntity
  8
BLACK
  6
CONTINUOUS
100
AcDbLine
 10
2.2071542519685039
 20
0.4272452362204724
 30
0
 11
2.2060680314960628
 21
0.4283314566929134
 31
0
  0
LINE
  5
69B
330
1A
100
AcDbEntity
  8
BLACK
  6
CONTINUOUS
100
AcDbLine
 10
2.2060680314960628
 20
0.4283314566929134
 30
0
 11
2.2046488188976379
 21
0.4289193307086614
 31
0
  0
LINE
  5
69C
330
1A
100
AcDbEntity
  8
BLACK
  6
CONTINUOUS
100
AcDbLine
 10
2.2046488188976379
 20
0.4289193307086614
 30
0
 11
2.2038807480314961
 21
0.4289949606299213
 31
0
  0
LINE
  5
69D
330
1A
100
AcDbEntity
  8
BLACK
  6
CONTINUOUS
100
AcDbLine
 10
2.2038807480314961
 20
0.4289949606299213
 30
0
 11
2.1926321259842521
 21
0.4289949606299213
 31
0
  0
LINE
  5
69E
330
1A
100
AcDbEntity
  8
BLACK
  6
CONTINUOUS
100
AcDbLine
 10
2.1926321259842521
 20
0.4289949606299213
 30
0
 11
2.1918640551181103
 21
0.4289193307086614
 31
0
  0
LINE
  5
69F
330
1A
100
AcDbEntity
  8
BLACK
  6
CONTINUOUS
100
AcDbLine
 10
1.7878046850393701
 20
0.4076459842519685
 30
0
 11
1.7886193307086613
 21
0.4068313385826772
 31
0
  0
LINE
  5
6A0
330
1A
100
AcDbEntity
  8
BLACK
  6
CONTINUOUS
100
AcDbLine
 10
1.7886193307086613
 20
0.4068313385826772
 30
0
 11
1.7890602362204724
 21
0.4057669291338583
 31
0
  0
LINE
  5
6A1
330
1A
100
AcDbEntity
  8
BLACK
  6
CONTINUOUS
100
AcDbLine
 10
1.7890602362204724
 20
0.4057669291338583
 30
0
 11
1.789116968503937
 21
0.4051908661417323
 31
0
  0
LINE
  5
6A2
330
1A
100
AcDbEntity
  8
BLACK
  6
CONTINUOUS
100
AcDbLine
 10
1.789116968503937
 20
0.4051908661417323
 30
0
 11
1.789116968503937
 21
0.3852655118110236
 31
0
  0
LINE
  5
6A3
330
1A
100
AcDbEntity
  8
BLACK
  6
CONTINUOUS
100
AcDbLine
 10
1.789116968503937
 20
0.3852655118110236
 30
0
 11
1.7902398031496063
 21
0.3830197637795276
 31
0
  0
LINE
  5
6A4
330
1A
100
AcDbEntity
  8
BLACK
  6
CONTINUOUS
100
AcDbLine
 10
1.7902398031496063
 20
0.3830197637795276
 30
0
 11
1.7924855511811024
 21
0.3818968897637795
 31
0
  0
LINE
  5
6A5
330
1A
100
AcDbEntity
  8
BLACK
  6
CONTINUOUS
100
AcDbLine
 10
1.7924855511811024
 20
0.3818968897637795
 30
0
 11
1.7967157480314959
 21
0.3818968897637795
 31
0
  0
LINE
  5
6A6
330
1A
100
AcDbEntity
  8
BLACK
  6
CONTINUOUS
100
AcDbLine
 10
1.7967157480314959
 20
0.3818968897637795
 30
0
 11
1.7994131889763778
 21
0.3832456299212598
 31
0
  0
LINE
  5
6A7
330
1A
100
AcDbEntity
  8
BLACK
  6
CONTINUOUS
100
AcDbLine
 10
1.7994131889763778
 20
0.3832456299212598
 30
0
 11
1.8000843307086614
 21
0.3839167716535433
 31
0
  0
LINE
  5
6A8
330
1A
100
AcDbEntity
  8
BLACK
  6
CONTINUOUS
100
AcDbLine
 10
1.8000843307086614
 20
0.3839167716535433
 30
0
 11
1.8000843307086614
 21
0.4051908661417323
 31
0
  0
LINE
  5
6A9
330
1A
100
AcDbEntity
  8
BLACK
  6
CONTINUOUS
100
AcDbLine
 10
1.8000843307086614
 20
0.4051908661417323
 30
0
 11
1.800141062992126
 21
0.4057669291338583
 31
0
  0
LINE
  5
6AA
330
1A
100
AcDbEntity
  8
BLACK
  6
CONTINUOUS
100
AcDbLine
 10
1.800141062992126
 20
0.4057669291338583
 30
0
 11
1.800581968503937
 21
0.4068313385826772
 31
0
  0
LINE
  5
6AB
330
1A
100
AcDbEntity
  8
BLACK
  6
CONTINUOUS
100
AcDbLine
 10
1.800581968503937
 20
0.4068313385826772
 30
0
 11
1.8013966141732283
 21
0.4076459842519685
 31
0
  0
LINE
  5
6AC
330
1A
100
AcDbEntity
  8
BLACK
  6
CONTINUOUS
100
AcDbLine
 10
1.8013966141732283
 20
0.4076459842519685
 30
0
 11
1.8024610236220473
 21
0.4080868897637795
 31
0
  0
LINE
  5
6AD
330
1A
100
AcDbEntity
  8
BLACK
  6
CONTINUOUS
100
AcDbLine
 10
1.8024610236220473
 20
0.4080868897637795
 30
0
 11
1.8036131496062993
 21
0.4080868897637795
 31
0
  0
LINE
  5
6AE
330
1A
100
AcDbEntity
  8
BLACK
  6
CONTINUOUS
100
AcDbLine
 10
1.8036131496062993
 20
0.4080868897637795
 30
0
 11
1.8046775590551181
 21
0.4076459842519685
 31
0
  0
LINE
  5
6AF
330
1A
100
AcDbEntity
  8
BLACK
  6
CONTINUOUS
100
AcDbLine
 10
1.8046775590551181
 20
0.4076459842519685
 30
0
 11
1.8054922047244093
 21
0.4068313385826772
 31
0
  0
LINE
  5
6B0
330
1A
100
AcDbEntity
  8
BLACK
  6
CONTINUOUS
100
AcDbLine
 10
1.8054922047244093
 20
0.4068313385826772
 30
0
 11
1.8059331102362204
 21
0.4057669291338583
 31
0
  0
LINE
  5
6B1
330
1A
100
AcDbEntity
  8
BLACK
  6
CONTINUOUS
100
AcDbLine
 10
1.8059331102362204
 20
0.4057669291338583
 30
0
 11
1.805989842519685
 21
0.4051908661417323
 31
0
  0
LINE
  5
6B2
330
1A
100
AcDbEntity
  8
BLACK
  6
CONTINUOUS
100
AcDbLine
 10
1.805989842519685
 20
0.4051908661417323
 30
0
 11
1.805989842519685
 21
0.3789441338582677
 31
0
  0
LINE
  5
6B3
330
1A
100
AcDbEntity
  8
BLACK
  6
CONTINUOUS
100
AcDbLine
 10
1.805989842519685
 20
0.3789441338582677
 30
0
 11
1.8059331102362204
 21
0.3783680708661417
 31
0
  0
LINE
  5
6B4
330
1A
100
AcDbEntity
  8
BLACK
  6
CONTINUOUS
100
AcDbLine
 10
1.8059331102362204
 20
0.3783680708661417
 30
0
 11
1.8054922047244093
 21
0.3773036614173228
 31
0
  0
LINE
  5
6B5
330
1A
100
AcDbEntity
  8
BLACK
  6
CONTINUOUS
100
AcDbLine
 10
1.8054922047244093
 20
0.3773036614173228
 30
0
 11
1.8046775590551181
 21
0.3764890157480315
 31
0
  0
LINE
  5
6B6
330
1A
100
AcDbEntity
  8
BLACK
  6
CONTINUOUS
100
AcDbLine
 10
1.8046775590551181
 20
0.3764890157480315
 30
0
 11
1.8036131496062993
 21
0.3760481102362205
 31
0
  0
LINE
  5
6B7
330
1A
100
AcDbEntity
  8
BLACK
  6
CONTINUOUS
100
AcDbLine
 10
1.8036131496062993
 20
0.3760481102362205
 30
0
 11
1.8024610236220473
 21
0.3760481102362205
 31
0
  0
LINE
  5
6B8
330
1A
100
AcDbEntity
  8
BLACK
  6
CONTINUOUS
100
AcDbLine
 10
1.8024610236220473
 20
0.3760481102362205
 30
0
 11
1.8013966141732283
 21
0.3764890157480315
 31
0
  0
LINE
  5
6B9
330
1A
100
AcDbEntity
  8
BLACK
  6
CONTINUOUS
100
AcDbLine
 10
1.8013966141732283
 20
0.3764890157480315
 30
0
 11
1.8006327559055118
 21
0.377252874015748
 31
0
  0
LINE
  5
6BA
330
1A
100
AcDbEntity
  8
BLACK
  6
CONTINUOUS
100
AcDbLine
 10
1.8006327559055118
 20
0.377252874015748
 30
0
 11
1.7987333070866141
 21
0.3763031102362205
 31
0
  0
LINE
  5
6BB
330
1A
100
AcDbEntity
  8
BLACK
  6
CONTINUOUS
100
AcDbLine
 10
1.7987333070866141
 20
0.3763031102362205
 30
0
 11
1.7981926771653542
 21
0.376096220472441
 31
0
  0
LINE
  5
6BC
330
1A
100
AcDbEntity
  8
BLACK
  6
CONTINUOUS
100
AcDbLine
 10
1.7981926771653542
 20
0.376096220472441
 30
0
 11
1.7980868503937006
 21
0.3760887401574803
 31
0
  0
LINE
  5
6BD
330
1A
100
AcDbEntity
  8
BLACK
  6
CONTINUOUS
100
AcDbLine
 10
1.7980868503937006
 20
0.3760887401574803
 30
0
 11
1.7979888582677166
 21
0.3760481102362205
 31
0
  0
LINE
  5
6BE
330
1A
100
AcDbEntity
  8
BLACK
  6
CONTINUOUS
100
AcDbLine
 10
1.7979888582677166
 20
0.3760481102362205
 30
0
 11
1.7974127952755905
 21
0.3759913779527559
 31
0
  0
LINE
  5
6BF
330
1A
100
AcDbEntity
  8
BLACK
  6
CONTINUOUS
100
AcDbLine
 10
1.7974127952755905
 20
0.3759913779527559
 30
0
 11
1.7917885039370078
 21
0.3759913779527559
 31
0
  0
LINE
  5
6C0
330
1A
100
AcDbEntity
  8
BLACK
  6
CONTINUOUS
100
AcDbLine
 10
1.7917885039370078
 20
0.3759913779527559
 30
0
 11
1.7912124409448817
 21
0.3760481102362205
 31
0
  0
LINE
  5
6C1
330
1A
100
AcDbEntity
  8
BLACK
  6
CONTINUOUS
100
AcDbLine
 10
1.7912124409448817
 20
0.3760481102362205
 30
0
 11
1.7911144488188977
 21
0.3760887007874016
 31
0
  0
LINE
  5
6C2
330
1A
100
AcDbEntity
  8
BLACK
  6
CONTINUOUS
100
AcDbLine
 10
1.7911144488188977
 20
0.3760887007874016
 30
0
 11
1.7910085826771653
 21
0.376096220472441
 31
0
  0
LINE
  5
6C3
330
1A
100
AcDbEntity
  8
BLACK
  6
CONTINUOUS
100
AcDbLine
 10
1.7910085826771653
 20
0.376096220472441
 30
0
 11
1.7904679921259843
 21
0.3763031102362205
 31
0
  0
LINE
  5
6C4
330
1A
100
AcDbEntity
  8
BLACK
  6
CONTINUOUS
100
AcDbLine
 10
1.7904679921259843
 20
0.3763031102362205
 30
0
 11
1.7867184645669292
 21
0.378177874015748
 31
0
  0
LINE
  5
6C5
330
1A
100
AcDbEntity
  8
BLACK
  6
CONTINUOUS
100
AcDbLine
 10
1.7867184645669292
 20
0.378177874015748
 30
0
 11
1.7866220866141731
 21
0.3782385433070866
 31
0
  0
LINE
  5
6C6
330
1A
100
AcDbEntity
  8
BLACK
  6
CONTINUOUS
100
AcDbLine
 10
1.7866220866141731
 20
0.3782385433070866
 30
0
 11
1.7865766929133857
 21
0.3782536614173228
 31
0
  0
LINE
  5
6C7
330
1A
100
AcDbEntity
  8
BLACK
  6
CONTINUOUS
100
AcDbLine
 10
1.7865766929133857
 20
0.3782536614173228
 30
0
 11
1.7865201181102361
 21
0.3783027165354331
 31
0
  0
LINE
  5
6C8
330
1A
100
AcDbEntity
  8
BLACK
  6
CONTINUOUS
100
AcDbLine
 10
1.7865201181102361
 20
0.3783027165354331
 30
0
 11
1.7862285826771653
 21
0.378486220472441
 31
0
  0
LINE
  5
6C9
330
1A
100
AcDbEntity
  8
BLACK
  6
CONTINUOUS
100
AcDbLine
 10
1.7862285826771653
 20
0.378486220472441
 30
0
 11
1.785985905511811
 21
0.378766062992126
 31
0
  0
LINE
  5
6CA
330
1A
100
AcDbEntity
  8
BLACK
  6
CONTINUOUS
100
AcDbLine
 10
1.785985905511811
 20
0.378766062992126
 30
0
 11
1.7857062992125985
 21
0.3790085433070866
 31
0
  0
LINE
  5
6CB
330
1A
100
AcDbEntity
  8
BLACK
  6
CONTINUOUS
100
AcDbLine
 10
1.7857062992125985
 20
0.3790085433070866
 30
0
 11
1.7855227952755905
 21
0.3793000393700787
 31
0
  0
LINE
  5
6CC
330
1A
100
AcDbEntity
  8
BLACK
  6
CONTINUOUS
100
AcDbLine
 10
1.7855227952755905
 20
0.3793000393700787
 30
0
 11
1.7854737401574803
 21
0.3793566141732284
 31
0
  0
LINE
  5
6CD
330
1A
100
AcDbEntity
  8
BLACK
  6
CONTINUOUS
100
AcDbLine
 10
1.7854737401574803
 20
0.3793566141732284
 30
0
 11
1.7854585826771654
 21
0.3794020866141732
 31
0
  0
LINE
  5
6CE
330
1A
100
AcDbEntity
  8
BLACK
  6
CONTINUOUS
100
AcDbLine
 10
1.7854585826771654
 20
0.3794020866141732
 30
0
 11
1.7853979527559054
 21
0.3794983858267716
 31
0
  0
LINE
  5
6CF
330
1A
100
AcDbEntity
  8
BLACK
  6
CONTINUOUS
100
AcDbLine
 10
1.7853979527559054
 20
0.3794983858267716
 30
0
 11
1.7835231889763778
 21
0.3832479527559055
 31
0
  0
LINE
  5
6D0
330
1A
100
AcDbEntity
  8
BLACK
  6
CONTINUOUS
100
AcDbLine
 10
1.7835231889763778
 20
0.3832479527559055
 30
0
 11
1.7833162992125984
 21
0.3837885826771654
 31
0
  0
LINE
  5
6D1
330
1A
100
AcDbEntity
  8
BLACK
  6
CONTINUOUS
100
AcDbLine
 10
1.7833162992125984
 20
0.3837885826771654
 30
0
 11
1.7833087795275591
 21
0.3838944094488189
 31
0
  0
LINE
  5
6D2
330
1A
100
AcDbEntity
  8
BLACK
  6
CONTINUOUS
100
AcDbLine
 10
1.7833087795275591
 20
0.3838944094488189
 30
0
 11
1.783268188976378
 21
0.3839924015748031
 31
0
  0
LINE
  5
6D3
330
1A
100
AcDbEntity
  8
BLACK
  6
CONTINUOUS
100
AcDbLine
 10
1.783268188976378
 20
0.3839924015748031
 30
0
 11
1.7832114566929134
 21
0.3845684645669291
 31
0
  0
LINE
  5
6D4
330
1A
100
AcDbEntity
  8
BLACK
  6
CONTINUOUS
100
AcDbLine
 10
1.7832114566929134
 20
0.3845684645669291
 30
0
 11
1.7832114566929134
 21
0.4051908661417323
 31
0
  0
LINE
  5
6D5
330
1A
100
AcDbEntity
  8
BLACK
  6
CONTINUOUS
100
AcDbLine
 10
1.7832114566929134
 20
0.4051908661417323
 30
0
 11
1.783268188976378
 21
0.4057669291338583
 31
0
  0
LINE
  5
6D6
330
1A
100
AcDbEntity
  8
BLACK
  6
CONTINUOUS
100
AcDbLine
 10
1.783268188976378
 20
0.4057669291338583
 30
0
 11
1.783709094488189
 21
0.4068313385826772
 31
0
  0
LINE
  5
6D7
330
1A
100
AcDbEntity
  8
BLACK
  6
CONTINUOUS
100
AcDbLine
 10
1.783709094488189
 20
0.4068313385826772
 30
0
 11
1.7845237401574803
 21
0.4076459842519685
 31
0
  0
LINE
  5
6D8
330
1A
100
AcDbEntity
  8
BLACK
  6
CONTINUOUS
100
AcDbLine
 10
1.7845237401574803
 20
0.4076459842519685
 30
0
 11
1.7855881496062991
 21
0.4080868897637795
 31
0
  0
LINE
  5
6D9
330
1A
100
AcDbEntity
  8
BLACK
  6
CONTINUOUS
100
AcDbLine
 10
1.7855881496062991
 20
0.4080868897637795
 30
0
 11
1.786740275590551
 21
0.4080868897637795
 31
0
  0
LINE
  5
6DA
330
1A
100
AcDbEntity
  8
BLACK
  6
CONTINUOUS
100
AcDbLine
 10
1.786740275590551
 20
0.4080868897637795
 30
0
 11
1.7878046850393701
 21
0.4076459842519685
 31
0
  0
LINE
  5
6DB
330
1A
100
AcDbEntity
  8
BLACK
  6
CONTINUOUS
100
AcDbLine
 10
1.8234252362204724
 20
0.4207693307086614
 30
0
 11
1.8242398818897638
 21
0.4199546850393701
 31
0
  0
LINE
  5
6DC
330
1A
100
AcDbEntity
  8
BLACK
  6
CONTINUOUS
100
AcDbLine
 10
1.8242398818897638
 20
0.4199546850393701
 30
0
 11
1.8246807874015747
 21
0.4188902755905512
 31
0
  0
LINE
  5
6DD
330
1A
100
AcDbEntity
  8
BLACK
  6
CONTINUOUS
100
AcDbLine
 10
1.8246807874015747
 20
0.4188902755905512
 30
0
 11
1.8247375196850393
 21
0.4183142125984252
 31
0
  0
LINE
  5
6DE
330
1A
100
AcDbEntity
  8
BLACK
  6
CONTINUOUS
100
AcDbLine
 10
1.8247375196850393
 20
0.4183142125984252
 30
0
 11
1.8247375196850393
 21
0.4080323622047244
 31
0
  0
LINE
  5
6DF
330
1A
100
AcDbEntity
  8
BLACK
  6
CONTINUOUS
100
AcDbLine
 10
1.8247375196850393
 20
0.4080323622047244
 30
0
 11
1.8247543700787401
 21
0.4080387795275591
 31
0
  0
LINE
  5
6E0
330
1A
100
AcDbEntity
  8
BLACK
  6
CONTINUOUS
100
AcDbLine
 10
1.8247543700787401
 20
0.4080387795275591
 30
0
 11
1.8248602362204724
 21
0.4080463385826771
 31
0
  0
LINE
  5
6E1
330
1A
100
AcDbEntity
  8
BLACK
  6
CONTINUOUS
100
AcDbLine
 10
1.8248602362204724
 20
0.4080463385826771
 30
0
 11
1.8249582283464567
 21
0.4080868897637795
 31
0
  0
LINE
  5
6E2
330
1A
100
AcDbEntity
  8
BLACK
  6
CONTINUOUS
100
AcDbLine
 10
1.8249582283464567
 20
0.4080868897637795
 30
0
 11
1.8255342913385826
 21
0.4081436220472441
 31
0
  0
LINE
  5
6E3
330
1A
100
AcDbEntity
  8
BLACK
  6
CONTINUOUS
100
AcDbLine
 10
1.8255342913385826
 20
0.4081436220472441
 30
0
 11
1.8330333464566928
 21
0.4081436220472441
 31
0
  0
LINE
  5
6E4
330
1A
100
AcDbEntity
  8
BLACK
  6
CONTINUOUS
100
AcDbLine
 10
1.8330333464566928
 20
0.4081436220472441
 30
0
 11
1.8336094094488189
 21
0.4080868897637795
 31
0
  0
LINE
  5
6E5
330
1A
100
AcDbEntity
  8
BLACK
  6
CONTINUOUS
100
AcDbLine
 10
1.8336094094488189
 20
0.4080868897637795
 30
0
 11
1.8337074015748032
 21
0.4080462992125984
 31
0
  0
LINE
  5
6E6
330
1A
100
AcDbEntity
  8
BLACK
  6
CONTINUOUS
100
AcDbLine
 10
1.8337074015748032
 20
0.4080462992125984
 30
0
 11
1.8338132283464565
 21
0.4080387795275591
 31
0
  0
LINE
  5
6E7
330
1A
100
AcDbEntity
  8
BLACK
  6
CONTINUOUS
100
AcDbLine
 10
1.8338132283464565
 20
0.4080387795275591
 30
0
 11
1.8343538582677166
 21
0.4078318897637795
 31
0
  0
LINE
  5
6E8
330
1A
100
AcDbEntity
  8
BLACK
  6
CONTINUOUS
100
AcDbLine
 10
1.8343538582677166
 20
0.4078318897637795
 30
0
 11
1.8381033858267717
 21
0.4059571259842519
 31
0
  0
LINE
  5
6E9
330
1A
100
AcDbEntity
  8
BLACK
  6
CONTINUOUS
100
AcDbLine
 10
1.8381033858267717
 20
0.4059571259842519
 30
0
 11
1.8383513779527558
 21
0.405801062992126
 31
0
  0
LINE
  5
6EA
330
1A
100
AcDbEntity
  8
BLACK
  6
CONTINUOUS
100
AcDbLine
 10
1.8383513779527558
 20
0.405801062992126
 30
0
 11
1.8384233464566928
 21
0.405771220472441
 31
0
  0
LINE
  5
6EB
330
1A
100
AcDbEntity
  8
BLACK
  6
CONTINUOUS
100
AcDbLine
 10
1.8384233464566928
 20
0.405771220472441
 30
0
 11
1.8385042913385827
 21
0.4057047637795276
 31
0
  0
LINE
  5
6EC
330
1A
100
AcDbEntity
  8
BLACK
  6
CONTINUOUS
100
AcDbLine
 10
1.8385042913385827
 20
0.4057047637795276
 30
0
 11
1.8385932677165353
 21
0.4056487795275591
 31
0
  0
LINE
  5
6ED
330
1A
100
AcDbEntity
  8
BLACK
  6
CONTINUOUS
100
AcDbLine
 10
1.8385932677165353
 20
0.4056487795275591
 30
0
 11
1.8386444094488188
 21
0.4055898031496063
 31
0
  0
LINE
  5
6EE
330
1A
100
AcDbEntity
  8
BLACK
  6
CONTINUOUS
100
AcDbLine
 10
1.8386444094488188
 20
0.4055898031496063
 30
0
 11
1.8388707874015748
 21
0.4054040157480315
 31
0
  0
LINE
  5
6EF
330
1A
100
AcDbEntity
  8
BLACK
  6
CONTINUOUS
100
AcDbLine
 10
1.8388707874015748
 20
0.4054040157480315
 30
0
 11
1.8407455511811024
 21
0.4035292519685039
 31
0
  0
LINE
  5
6F0
330
1A
100
AcDbEntity
  8
BLACK
  6
CONTINUOUS
100
AcDbLine
 10
1.8407455511811024
 20
0.4035292519685039
 30
0
 11
1.8409312992125983
 21
0.4033029133858267
 31
0
  0
LINE
  5
6F1
330
1A
100
AcDbEntity
  8
BLACK
  6
CONTINUOUS
100
AcDbLine
 10
1.8409312992125983
 20
0.4033029133858267
 30
0
 11
1.8409903149606299
 21
0.4032517322834646
 31
0
  0
LINE
  5
6F2
330
1A
100
AcDbEntity
  8
BLACK
  6
CONTINUOUS
100
AcDbLine
 10
1.8409903149606299
 20
0.4032517322834646
 30
0
 11
1.8410462598425197
 21
0.4031627952755906
 31
0
  0
LINE
  5
6F3
330
1A
100
AcDbEntity
  8
BLACK
  6
CONTINUOUS
100
AcDbLine
 10
1.8410462598425197
 20
0.4031627952755906
 30
0
 11
1.8411127559055118
 21
0.4030818110236221
 31
0
  0
LINE
  5
6F4
330
1A
100
AcDbEntity
  8
BLACK
  6
CONTINUOUS
100
AcDbLine
 10
1.8411127559055118
 20
0.4030818110236221
 30
0
 11
1.841142559055118
 21
0.4030098818897638
 31
0
  0
LINE
  5
6F5
330
1A
100
AcDbEntity
  8
BLACK
  6
CONTINUOUS
100
AcDbLine
 10
1.841142559055118
 20
0.4030098818897638
 30
0
 11
1.8412986614173228
 21
0.4027618503937008
 31
0
  0
LINE
  5
6F6
330
1A
100
AcDbEntity
  8
BLACK
  6
CONTINUOUS
100
AcDbLine
 10
1.8412986614173228
 20
0.4027618503937008
 30
0
 11
1.8431734251968503
 21
0.3990123228346457
 31
0
  0
LINE
  5
6F7
330
1A
100
AcDbEntity
  8
BLACK
  6
CONTINUOUS
100
AcDbLine
 10
1.8431734251968503
 20
0.3990123228346457
 30
0
 11
1.8433803149606298
 21
0.3984717322834646
 31
0
  0
LINE
  5
6F8
330
1A
100
AcDbEntity
  8
BLACK
  6
CONTINUOUS
100
AcDbLine
 10
1.8433803149606298
 20
0.3984717322834646
 30
0
 11
1.8433878346456694
 21
0.3983658661417322
 31
0
  0
LINE
  5
6F9
330
1A
100
AcDbEntity
  8
BLACK
  6
CONTINUOUS
100
AcDbLine
 10
1.8433878346456694
 20
0.3983658661417322
 30
0
 11
1.8434284251968505
 21
0.398267874015748
 31
0
  0
LINE
  5
6FA
330
1A
100
AcDbEntity
  8
BLACK
  6
CONTINUOUS
100
AcDbLine
 10
1.8434284251968505
 20
0.398267874015748
 30
0
 11
1.8434851574803148
 21
0.3976918110236221
 31
0
  0
LINE
  5
6FB
330
1A
100
AcDbEntity
  8
BLACK
  6
CONTINUOUS
100
AcDbLine
 10
1.8434851574803148
 20
0.3976918110236221
 30
0
 11
1.8434851574803148
 21
0.3864432283464567
 31
0
  0
LINE
  5
6FC
330
1A
100
AcDbEntity
  8
BLACK
  6
CONTINUOUS
100
AcDbLine
 10
1.8434851574803148
 20
0.3864432283464567
 30
0
 11
1.8434284251968505
 21
0.3858671653543307
 31
0
  0
LINE
  5
6FD
330
1A
100
AcDbEntity
  8
BLACK
  6
CONTINUOUS
100
AcDbLine
 10
1.8434284251968505
 20
0.3858671653543307
 30
0
 11
1.8433878346456694
 21
0.3857692125984252
 31
0
  0
LINE
  5
6FE
330
1A
100
AcDbEntity
  8
BLACK
  6
CONTINUOUS
100
AcDbLine
 10
1.8433878346456694
 20
0.3857692125984252
 30
0
 11
1.8433803149606298
 21
0.3856633070866142
 31
0
  0
LINE
  5
6FF
330
1A
100
AcDbEntity
  8
BLACK
  6
CONTINUOUS
100
AcDbLine
 10
1.8433803149606298
 20
0.3856633070866142
 30
0
 11
1.8431734251968503
 21
0.3851227165354331
 31
0
  0
LINE
  5
700
330
1A
100
AcDbEntity
  8
BLACK
  6
CONTINUOUS
100
AcDbLine
 10
1.8431734251968503
 20
0.3851227165354331
 30
0
 11
1.8412986614173228
 21
0.381373188976378
 31
0
  0
LINE
  5
701
330
1A
100
AcDbEntity
  8
BLACK
  6
CONTINUOUS
100
AcDbLine
 10
1.8412986614173228
 20
0.381373188976378
 30
0
 11
1.8411425984251968
 21
0.3811253149606299
 31
0
  0
LINE
  5
702
330
1A
100
AcDbEntity
  8
BLACK
  6
CONTINUOUS
100
AcDbLine
 10
1.8411425984251968
 20
0.3811253149606299
 30
0
 11
1.8411127952755906
 21
0.3810532677165354
 31
0
  0
LINE
  5
703
330
1A
100
AcDbEntity
  8
BLACK
  6
CONTINUOUS
100
AcDbLine
 10
1.8411127952755906
 20
0.3810532677165354
 30
0
 11
1.8410462598425197
 21
0.3809722440944882
 31
0
  0
LINE
  5
704
330
1A
100
AcDbEntity
  8
BLACK
  6
CONTINUOUS
100
AcDbLine
 10
1.8410462598425197
 20
0.3809722440944882
 30
0
 11
1.8409903149606299
 21
0.3808833070866142
 31
0
  0
LINE
  5
705
330
1A
100
AcDbEntity
  8
BLACK
  6
CONTINUOUS
100
AcDbLine
 10
1.8409903149606299
 20
0.3808833070866142
 30
0
 11
1.8409312992125983
 21
0.3808321653543307
 31
0
  0
LINE
  5
706
330
1A
100
AcDbEntity
  8
BLACK
  6
CONTINUOUS
100
AcDbLine
 10
1.8409312992125983
 20
0.3808321653543307
 30
0
 11
1.8407455511811024
 21
0.3806057874015748
 31
0
  0
LINE
  5
707
330
1A
100
AcDbEntity
  8
BLACK
  6
CONTINUOUS
100
AcDbLine
 10
1.8407455511811024
 20
0.3806057874015748
 30
0
 11
1.8388708267716536
 21
0.3787310236220472
 31
0
  0
LINE
  5
708
330
1A
100
AcDbEntity
  8
BLACK
  6
CONTINUOUS
100
AcDbLine
 10
1.8388708267716536
 20
0.3787310236220472
 30
0
 11
1.8386444488188975
 21
0.3785452755905512
 31
0
  0
LINE
  5
709
330
1A
100
AcDbEntity
  8
BLACK
  6
CONTINUOUS
100
AcDbLine
 10
1.8386444488188975
 20
0.3785452755905512
 30
0
 11
1.8385932677165353
 21
0.378486220472441
 31
0
  0
LINE
  5
70A
330
1A
100
AcDbEntity
  8
BLACK
  6
CONTINUOUS
100
AcDbLine
 10
1.8385932677165353
 20
0.378486220472441
 30
0
 11
1.8385042913385827
 21
0.3784302362204724
 31
0
  0
LINE
  5
70B
330
1A
100
AcDbEntity
  8
BLACK
  6
CONTINUOUS
100
AcDbLine
 10
1.8385042913385827
 20
0.3784302362204724
 30
0
 11
1.8384233464566928
 21
0.3783637795275591
 31
0
  0
LINE
  5
70C
330
1A
100
AcDbEntity
  8
BLACK
  6
CONTINUOUS
100
AcDbLine
 10
1.8384233464566928
 20
0.3783637795275591
 30
0
 11
1.8383513779527558
 21
0.3783339763779527
 31
0
  0
LINE
  5
70D
330
1A
100
AcDbEntity
  8
BLACK
  6
CONTINUOUS
100
AcDbLine
 10
1.8383513779527558
 20
0.3783339763779527
 30
0
 11
1.8381033858267717
 21
0.378177874015748
 31
0
  0
LINE
  5
70E
330
1A
100
AcDbEntity
  8
BLACK
  6
CONTINUOUS
100
AcDbLine
 10
1.8381033858267717
 20
0.378177874015748
 30
0
 11
1.8343538582677166
 21
0.3763031102362205
 31
0
  0
LINE
  5
70F
330
1A
100
AcDbEntity
  8
BLACK
  6
CONTINUOUS
100
AcDbLine
 10
1.8343538582677166
 20
0.3763031102362205
 30
0
 11
1.8338132283464565
 21
0.376096220472441
 31
0
  0
LINE
  5
710
330
1A
100
AcDbEntity
  8
BLACK
  6
CONTINUOUS
100
AcDbLine
 10
1.8338132283464565
 20
0.376096220472441
 30
0
 11
1.8337074015748032
 21
0.3760887401574803
 31
0
  0
LINE
  5
711
330
1A
100
AcDbEntity
  8
BLACK
  6
CONTINUOUS
100
AcDbLine
 10
1.8337074015748032
 20
0.3760887401574803
 30
0
 11
1.8336094094488189
 21
0.3760481102362205
 31
0
  0
LINE
  5
712
330
1A
100
AcDbEntity
  8
BLACK
  6
CONTINUOUS
100
AcDbLine
 10
1.8336094094488189
 20
0.3760481102362205
 30
0
 11
1.8330333464566928
 21
0.3759913779527559
 31
0
  0
LINE
  5
713
330
1A
100
AcDbEntity
  8
BLACK
  6
CONTINUOUS
100
AcDbLine
 10
1.8330333464566928
 20
0.3759913779527559
 30
0
 11
1.8255342913385826
 21
0.3759913779527559
 31
0
  0
LINE
  5
714
330
1A
100
AcDbEntity
  8
BLACK
  6
CONTINUOUS
100
AcDbLine
 10
1.8255342913385826
 20
0.3759913779527559
 30
0
 11
1.8249582283464567
 21
0.3760481102362205
 31
0
  0
LINE
  5
715
330
1A
100
AcDbEntity
  8
BLACK
  6
CONTINUOUS
100
AcDbLine
 10
1.8249582283464567
 20
0.3760481102362205
 30
0
 11
1.8248602362204724
 21
0.3760887007874016
 31
0
  0
LINE
  5
716
330
1A
100
AcDbEntity
  8
BLACK
  6
CONTINUOUS
100
AcDbLine
 10
1.8248602362204724
 20
0.3760887007874016
 30
0
 11
1.8247543700787401
 21
0.376096220472441
 31
0
  0
LINE
  5
717
330
1A
100
AcDbEntity
  8
BLACK
  6
CONTINUOUS
100
AcDbLine
 10
1.8247543700787401
 20
0.376096220472441
 30
0
 11
1.824213779527559
 21
0.3763031102362205
 31
0
  0
LINE
  5
718
330
1A
100
AcDbEntity
  8
BLACK
  6
CONTINUOUS
100
AcDbLine
 10
1.824213779527559
 20
0.3763031102362205
 30
0
 11
1.8235641338582678
 21
0.3766279527559055
 31
0
  0
LINE
  5
719
330
1A
100
AcDbEntity
  8
BLACK
  6
CONTINUOUS
100
AcDbLine
 10
1.8235641338582678
 20
0.3766279527559055
 30
0
 11
1.8234252362204724
 21
0.3764890157480315
 31
0
  0
LINE
  5
71A
330
1A
100
AcDbEntity
  8
BLACK
  6
CONTINUOUS
100
AcDbLine
 10
1.8234252362204724
 20
0.3764890157480315
 30
0
 11
1.8223608267716536
 21
0.3760481102362205
 31
0
  0
LINE
  5
71B
330
1A
100
AcDbEntity
  8
BLACK
  6
CONTINUOUS
100
AcDbLine
 10
1.8223608267716536
 20
0.3760481102362205
 30
0
 11
1.8212087007874016
 21
0.3760481102362205
 31
0
  0
LINE
  5
71C
330
1A
100
AcDbEntity
  8
BLACK
  6
CONTINUOUS
100
AcDbLine
 10
1.8212087007874016
 20
0.3760481102362205
 30
0
 11
1.8201442913385826
 21
0.3764890157480315
 31
0
  0
LINE
  5
71D
330
1A
100
AcDbEntity
  8
BLACK
  6
CONTINUOUS
100
AcDbLine
 10
1.8201442913385826
 20
0.3764890157480315
 30
0
 11
1.8193296456692913
 21
0.3773036614173228
 31
0
  0
LINE
  5
71E
330
1A
100
AcDbEntity
  8
BLACK
  6
CONTINUOUS
100
AcDbLine
 10
1.8193296456692913
 20
0.3773036614173228
 30
0
 11
1.8188887401574803
 21
0.3783680708661417
 31
0
  0
LINE
  5
71F
330
1A
100
AcDbEntity
  8
BLACK
  6
CONTINUOUS
100
AcDbLine
 10
1.8188887401574803
 20
0.3783680708661417
 30
0
 11
1.8188320078740157
 21
0.3789441338582677
 31
0
  0
LINE
  5
720
330
1A
100
AcDbEntity
  8
BLACK
  6
CONTINUOUS
100
AcDbLine
 10
1.8188320078740157
 20
0.3789441338582677
 30
0
 11
1.8188320078740157
 21
0.4183142125984252
 31
0
  0
LINE
  5
721
330
1A
100
AcDbEntity
  8
BLACK
  6
CONTINUOUS
100
AcDbLine
 10
1.8188320078740157
 20
0.4183142125984252
 30
0
 11
1.8188887401574803
 21
0.4188902755905512
 31
0
  0
LINE
  5
722
330
1A
100
AcDbEntity
  8
BLACK
  6
CONTINUOUS
100
AcDbLine
 10
1.8188887401574803
 20
0.4188902755905512
 30
0
 11
1.8193296456692913
 21
0.4199546850393701
 31
0
  0
LINE
  5
723
330
1A
100
AcDbEntity
  8
BLACK
  6
CONTINUOUS
100
AcDbLine
 10
1.8193296456692913
 20
0.4199546850393701
 30
0
 11
1.8201442913385826
 21
0.4207693307086614
 31
0
  0
LINE
  5
724
330
1A
100
AcDbEntity
  8
BLACK
  6
CONTINUOUS
100
AcDbLine
 10
1.8201442913385826
 20
0.4207693307086614
 30
0
 11
1.8212087007874016
 21
0.4212102362204724
 31
0
  0
LINE
  5
725
330
1A
100
AcDbEntity
  8
BLACK
  6
CONTINUOUS
100
AcDbLine
 10
1.8212087007874016
 20
0.4212102362204724
 30
0
 11
1.8223608267716536
 21
0.4212102362204724
 31
0
  0
LINE
  5
726
330
1A
100
AcDbEntity
  8
BLACK
  6
CONTINUOUS
100
AcDbLine
 10
1.8223608267716536
 20
0.4212102362204724
 30
0
 11
1.8234252362204724
 21
0.4207693307086614
 31
0
  0
LINE
  5
727
330
1A
100
AcDbEntity
  8
BLACK
  6
CONTINUOUS
100
AcDbLine
 10
1.8247375196850393
 20
0.401491220472441
 30
0
 11
1.8247375196850393
 21
0.3826438188976378
 31
0
  0
LINE
  5
728
330
1A
100
AcDbEntity
  8
BLACK
  6
CONTINUOUS
100
AcDbLine
 10
1.8247375196850393
 20
0.3826438188976378
 30
0
 11
1.8262313385826772
 21
0.3818968897637795
 31
0
  0
LINE
  5
729
330
1A
100
AcDbEntity
  8
BLACK
  6
CONTINUOUS
100
AcDbLine
 10
1.8262313385826772
 20
0.3818968897637795
 30
0
 11
1.8323362992125984
 21
0.3818968897637795
 31
0
  0
LINE
  5
72A
330
1A
100
AcDbEntity
  8
BLACK
  6
CONTINUOUS
100
AcDbLine
 10
1.8323362992125984
 20
0.3818968897637795
 30
0
 11
1.8350337401574803
 21
0.3832456299212598
 31
0
  0
LINE
  5
72B
330
1A
100
AcDbEntity
  8
BLACK
  6
CONTINUOUS
100
AcDbLine
 10
1.8350337401574803
 20
0.3832456299212598
 30
0
 11
1.8362308661417321
 21
0.3844427952755906
 31
0
  0
LINE
  5
72C
330
1A
100
AcDbEntity
  8
BLACK
  6
CONTINUOUS
100
AcDbLine
 10
1.8362308661417321
 20
0.3844427952755906
 30
0
 11
1.8375796456692912
 21
0.3871402755905512
 31
0
  0
LINE
  5
72D
330
1A
100
AcDbEntity
  8
BLACK
  6
CONTINUOUS
100
AcDbLine
 10
1.8375796456692912
 20
0.3871402755905512
 30
0
 11
1.8375796456692912
 21
0.3969947637795275
 31
0
  0
LINE
  5
72E
330
1A
100
AcDbEntity
  8
BLACK
  6
CONTINUOUS
100
AcDbLine
 10
1.8375796456692912
 20
0.3969947637795275
 30
0
 11
1.8362309055118109
 21
0.3996922440944882
 31
0
  0
LINE
  5
72F
330
1A
100
AcDbEntity
  8
BLACK
  6
CONTINUOUS
100
AcDbLine
 10
1.8362309055118109
 20
0.3996922440944882
 30
0
 11
1.8350337795275591
 21
0.4008893700787401
 31
0
  0
LINE
  5
730
330
1A
100
AcDbEntity
  8
BLACK
  6
CONTINUOUS
100
AcDbLine
 10
1.8350337795275591
 20
0.4008893700787401
 30
0
 11
1.8323362992125984
 21
0.4022381102362205
 31
0
  0
LINE
  5
731
330
1A
100
AcDbEntity
  8
BLACK
  6
CONTINUOUS
100
AcDbLine
 10
1.8323362992125984
 20
0.4022381102362205
 30
0
 11
1.8262313385826772
 21
0.4022381102362205
 31
0
  0
LINE
  5
732
330
1A
100
AcDbEntity
  8
BLACK
  6
CONTINUOUS
100
AcDbLine
 10
1.8262313385826772
 20
0.4022381102362205
 30
0
 11
1.8247375196850393
 21
0.401491220472441
 31
0
  0
LINE
  5
733
330
1A
100
AcDbEntity
  8
BLACK
  6
CONTINUOUS
100
AcDbLine
 10
1.9460953543307087
 20
0.4080868897637795
 30
0
 11
1.946193346456693
 21
0.4080462992125984
 31
0
  0
LINE
  5
734
330
1A
100
AcDbEntity
  8
BLACK
  6
CONTINUOUS
100
AcDbLine
 10
1.946193346456693
 20
0.4080462992125984
 30
0
 11
1.9462991732283463
 21
0.4080387795275591
 31
0
  0
LINE
  5
735
330
1A
100
AcDbEntity
  8
BLACK
  6
CONTINUOUS
100
AcDbLine
 10
1.9462991732283463
 20
0.4080387795275591
 30
0
 11
1.9468398031496064
 21
0.4078318897637795
 31
0
  0
LINE
  5
736
330
1A
100
AcDbEntity
  8
BLACK
  6
CONTINUOUS
100
AcDbLine
 10
1.9468398031496064
 20
0.4078318897637795
 30
0
 11
1.9505893307086615
 21
0.4059571259842519
 31
0
  0
LINE
  5
737
330
1A
100
AcDbEntity
  8
BLACK
  6
CONTINUOUS
100
AcDbLine
 10
1.9505893307086615
 20
0.4059571259842519
 30
0
 11
1.9506856692913386
 21
0.4058964960629921
 31
0
  0
LINE
  5
738
330
1A
100
AcDbEntity
  8
BLACK
  6
CONTINUOUS
100
AcDbLine
 10
1.9506856692913386
 20
0.4058964960629921
 30
0
 11
1.9507311023622047
 21
0.4058813385826772
 31
0
  0
LINE
  5
739
330
1A
100
AcDbEntity
  8
BLACK
  6
CONTINUOUS
100
AcDbLine
 10
1.9507311023622047
 20
0.4058813385826772
 30
0
 11
1.9507876377952755
 21
0.4058323228346457
 31
0
  0
LINE
  5
73A
330
1A
100
AcDbEntity
  8
BLACK
  6
CONTINUOUS
100
AcDbLine
 10
1.9507876377952755
 20
0.4058323228346457
 30
0
 11
1.9510792125984251
 21
0.4056487795275591
 31
0
  0
LINE
  5
73B
330
1A
100
AcDbEntity
  8
BLACK
  6
CONTINUOUS
100
AcDbLine
 10
1.9510792125984251
 20
0.4056487795275591
 30
0
 11
1.9513217716535434
 21
0.405369094488189
 31
0
  0
LINE
  5
73C
330
1A
100
AcDbEntity
  8
BLACK
  6
CONTINUOUS
100
AcDbLine
 10
1.9513217716535434
 20
0.405369094488189
 30
0
 11
1.9516014960629922
 21
0.4051264960629921
 31
0
  0
LINE
  5
73D
330
1A
100
AcDbEntity
  8
BLACK
  6
CONTINUOUS
100
AcDbLine
 10
1.9516014960629922
 20
0.4051264960629921
 30
0
 11
1.9517849999999999
 21
0.4048349606299212
 31
0
  0
LINE
  5
73E
330
1A
100
AcDbEntity
  8
BLACK
  6
CONTINUOUS
100
AcDbLine
 10
1.9517849999999999
 20
0.4048349606299212
 30
0
 11
1.9518340551181101
 21
0.4047783858267717
 31
0
  0
LINE
  5
73F
330
1A
100
AcDbEntity
  8
BLACK
  6
CONTINUOUS
100
AcDbLine
 10
1.9518340551181101
 20
0.4047783858267717
 30
0
 11
1.9518491732283465
 21
0.4047329921259842
 31
0
  0
LINE
  5
740
330
1A
100
AcDbEntity
  8
BLACK
  6
CONTINUOUS
100
AcDbLine
 10
1.9518491732283465
 20
0.4047329921259842
 30
0
 11
1.951909842519685
 21
0.4046366141732283
 31
0
  0
LINE
  5
741
330
1A
100
AcDbEntity
  8
BLACK
  6
CONTINUOUS
100
AcDbLine
 10
1.951909842519685
 20
0.4046366141732283
 30
0
 11
1.9537846062992126
 21
0.4008870866141732
 31
0
  0
LINE
  5
742
330
1A
100
AcDbEntity
  8
BLACK
  6
CONTINUOUS
100
AcDbLine
 10
1.9537846062992126
 20
0.4008870866141732
 30
0
 11
1.9539914960629921
 21
0.4003464960629921
 31
0
  0
LINE
  5
743
330
1A
100
AcDbEntity
  8
BLACK
  6
CONTINUOUS
100
AcDbLine
 10
1.9539914960629921
 20
0.4003464960629921
 30
0
 11
1.9539990157480314
 21
0.4002406299212599
 31
0
  0
LINE
  5
744
330
1A
100
AcDbEntity
  8
BLACK
  6
CONTINUOUS
100
AcDbLine
 10
1.9539990157480314
 20
0.4002406299212599
 30
0
 11
1.9540396062992125
 21
0.4001426377952756
 31
0
  0
LINE
  5
745
330
1A
100
AcDbEntity
  8
BLACK
  6
CONTINUOUS
100
AcDbLine
 10
1.9540396062992125
 20
0.4001426377952756
 30
0
 11
1.9540963385826771
 21
0.3995665748031496
 31
0
  0
LINE
  5
746
330
1A
100
AcDbEntity
  8
BLACK
  6
CONTINUOUS
100
AcDbLine
 10
1.9540963385826771
 20
0.3995665748031496
 30
0
 11
1.9540963385826771
 21
0.3958170472440945
 31
0
  0
LINE
  5
747
330
1A
100
AcDbEntity
  8
BLACK
  6
CONTINUOUS
100
AcDbLine
 10
1.9540963385826771
 20
0.3958170472440945
 30
0
 11
1.9540396062992125
 21
0.3952409842519685
 31
0
  0
LINE
  5
748
330
1A
100
AcDbEntity
  8
BLACK
  6
CONTINUOUS
100
AcDbLine
 10
1.9540396062992125
 20
0.3952409842519685
 30
0
 11
1.9539288188976378
 21
0.3949736220472441
 31
0
  0
LINE
  5
749
330
1A
100
AcDbEntity
  8
BLACK
  6
CONTINUOUS
100
AcDbLine
 10
1.9539288188976378
 20
0.3949736220472441
 30
0
 11
1.953872716535433
 21
0.3946899212598425
 31
0
  0
LINE
  5
74A
330
1A
100
AcDbEntity
  8
BLACK
  6
CONTINUOUS
100
AcDbLine
 10
1.953872716535433
 20
0.3946899212598425
 30
0
 11
1.9537106299212599
 21
0.3944468110236221
 31
0
  0
LINE
  5
74B
330
1A
100
AcDbEntity
  8
BLACK
  6
CONTINUOUS
100
AcDbLine
 10
1.9537106299212599
 20
0.3944468110236221
 30
0
 11
1.9535987007874016
 21
0.3941765748031496
 31
0
  0
LINE
  5
74C
330
1A
100
AcDbEntity
  8
BLACK
  6
CONTINUOUS
100
AcDbLine
 10
1.9535987007874016
 20
0.3941765748031496
 30
0
 11
1.9533940551181102
 21
0.3939719291338583
 31
0
  0
LINE
  5
74D
330
1A
100
AcDbEntity
  8
BLACK
  6
CONTINUOUS
100
AcDbLine
 10
1.9533940551181102
 20
0.3939719291338583
 30
0
 11
1.9532336614173227
 21
0.3937313385826772
 31
0
  0
LINE
  5
74E
330
1A
100
AcDbEntity
  8
BLACK
  6
CONTINUOUS
100
AcDbLine
 10
1.9532336614173227
 20
0.3937313385826772
 30
0
 11
1.9529908267716536
 21
0.3935687401574803
 31
0
  0
LINE
  5
74F
330
1A
100
AcDbEntity
  8
BLACK
  6
CONTINUOUS
100
AcDbLine
 10
1.9529908267716536
 20
0.3935687401574803
 30
0
 11
1.9527840551181102
 21
0.3933619291338583
 31
0
  0
LINE
  5
750
330
1A
100
AcDbEntity
  8
BLACK
  6
CONTINUOUS
100
AcDbLine
 10
1.9527840551181102
 20
0.3933619291338583
 30
0
 11
1.9525167716535432
 21
0.3932512204724409
 31
0
  0
LINE
  5
751
330
1A
100
AcDbEntity
  8
BLACK
  6
CONTINUOUS
100
AcDbLine
 10
1.9525167716535432
 20
0.3932512204724409
 30
0
 11
1.9522764173228346
 21
0.3930902362204725
 31
0
  0
LINE
  5
752
330
1A
100
AcDbEntity
  8
BLACK
  6
CONTINUOUS
100
AcDbLine
 10
1.9522764173228346
 20
0.3930902362204725
 30
0
 11
1.9517226377952754
 21
0.3929216141732284
 31
0
  0
LINE
  5
753
330
1A
100
AcDbEntity
  8
BLACK
  6
CONTINUOUS
100
AcDbLine
 10
1.9517226377952754
 20
0.3929216141732284
 30
0
 11
1.9353487007874015
 21
0.3896468503937008
 31
0
  0
LINE
  5
754
330
1A
100
AcDbEntity
  8
BLACK
  6
CONTINUOUS
100
AcDbLine
 10
1.9353487007874015
 20
0.3896468503937008
 30
0
 11
1.9353487007874015
 21
0.3852655118110236
 31
0
  0
LINE
  5
755
330
1A
100
AcDbEntity
  8
BLACK
  6
CONTINUOUS
100
AcDbLine
 10
1.9353487007874015
 20
0.3852655118110236
 30
0
 11
1.9364715354330708
 21
0.3830197637795276
 31
0
  0
LINE
  5
756
330
1A
100
AcDbEntity
  8
BLACK
  6
CONTINUOUS
100
AcDbLine
 10
1.9364715354330708
 20
0.3830197637795276
 30
0
 11
1.938717283464567
 21
0.3818968897637795
 31
0
  0
LINE
  5
757
330
1A
100
AcDbEntity
  8
BLACK
  6
CONTINUOUS
100
AcDbLine
 10
1.938717283464567
 20
0.3818968897637795
 30
0
 11
1.9448222440944882
 21
0.3818968897637795
 31
0
  0
LINE
  5
758
330
1A
100
AcDbEntity
  8
BLACK
  6
CONTINUOUS
100
AcDbLine
 10
1.9448222440944882
 20
0.3818968897637795
 30
0
 11
1.9479483070866142
 21
0.3834599212598425
 31
0
  0
LINE
  5
759
330
1A
100
AcDbEntity
  8
BLACK
  6
CONTINUOUS
100
AcDbLine
 10
1.9479483070866142
 20
0.3834599212598425
 30
0
 11
1.9484888976377952
 21
0.383666811023622
 31
0
  0
LINE
  5
75A
330
1A
100
AcDbEntity
  8
BLACK
  6
CONTINUOUS
100
AcDbLine
 10
1.9484888976377952
 20
0.383666811023622
 30
0
 11
1.9496381102362204
 21
0.3837484645669291
 31
0
  0
LINE
  5
75B
330
1A
100
AcDbEntity
  8
BLACK
  6
CONTINUOUS
100
AcDbLine
 10
1.9496381102362204
 20
0.3837484645669291
 30
0
 11
1.9507311023622047
 21
0.3833841338582677
 31
0
  0
LINE
  5
75C
330
1A
100
AcDbEntity
  8
BLACK
  6
CONTINUOUS
100
AcDbLine
 10
1.9507311023622047
 20
0.3833841338582677
 30
0
 11
1.9516014566929134
 21
0.3826292913385826
 31
0
  0
LINE
  5
75D
330
1A
100
AcDbEntity
  8
BLACK
  6
CONTINUOUS
100
AcDbLine
 10
1.9516014566929134
 20
0.3826292913385826
 30
0
 11
1.9521167322834645
 21
0.3815987795275591
 31
0
  0
LINE
  5
75E
330
1A
100
AcDbEntity
  8
BLACK
  6
CONTINUOUS
100
AcDbLine
 10
1.9521167322834645
 20
0.3815987795275591
 30
0
 11
1.9521983858267715
 21
0.3804495669291338
 31
0
  0
LINE
  5
75F
330
1A
100
AcDbEntity
  8
BLACK
  6
CONTINUOUS
100
AcDbLine
 10
1.9521983858267715
 20
0.3804495669291338
 30
0
 11
1.9518340551181101
 21
0.3793566141732284
 31
0
  0
LINE
  5
760
330
1A
100
AcDbEntity
  8
BLACK
  6
CONTINUOUS
100
AcDbLine
 10
1.9518340551181101
 20
0.3793566141732284
 30
0
 11
1.9510792125984251
 21
0.378486220472441
 31
0
  0
LINE
  5
761
330
1A
100
AcDbEntity
  8
BLACK
  6
CONTINUOUS
100
AcDbLine
 10
1.9510792125984251
 20
0.378486220472441
 30
0
 11
1.9505893307086615
 21
0.378177874015748
 31
0
  0
LINE
  5
762
330
1A
100
AcDbEntity
  8
BLACK
  6
CONTINUOUS
100
AcDbLine
 10
1.9505893307086615
 20
0.378177874015748
 30
0
 11
1.9468398031496064
 21
0.3763031102362205
 31
0
  0
LINE
  5
763
330
1A
100
AcDbEntity
  8
BLACK
  6
CONTINUOUS
100
AcDbLine
 10
1.9468398031496064
 20
0.3763031102362205
 30
0
 11
1.9462991732283463
 21
0.376096220472441
 31
0
  0
LINE
  5
764
330
1A
100
AcDbEntity
  8
BLACK
  6
CONTINUOUS
100
AcDbLine
 10
1.9462991732283463
 20
0.376096220472441
 30
0
 11
1.946193346456693
 21
0.3760887401574803
 31
0
  0
LINE
  5
765
330
1A
100
AcDbEntity
  8
BLACK
  6
CONTINUOUS
100
AcDbLine
 10
1.946193346456693
 20
0.3760887401574803
 30
0
 11
1.9460953543307087
 21
0.3760481102362205
 31
0
  0
LINE
  5
766
330
1A
100
AcDbEntity
  8
BLACK
  6
CONTINUOUS
100
AcDbLine
 10
1.9460953543307087
 20
0.3760481102362205
 30
0
 11
1.9455192913385826
 21
0.3759913779527559
 31
0
  0
LINE
  5
767
330
1A
100
AcDbEntity
  8
BLACK
  6
CONTINUOUS
100
AcDbLine
 10
1.9455192913385826
 20
0.3759913779527559
 30
0
 11
1.9380202362204724
 21
0.3759913779527559
 31
0
  0
LINE
  5
768
330
1A
100
AcDbEntity
  8
BLACK
  6
CONTINUOUS
100
AcDbLine
 10
1.9380202362204724
 20
0.3759913779527559
 30
0
 11
1.9374441732283465
 21
0.3760481102362205
 31
0
  0
LINE
  5
769
330
1A
100
AcDbEntity
  8
BLACK
  6
CONTINUOUS
100
AcDbLine
 10
1.9374441732283465
 20
0.3760481102362205
 30
0
 11
1.9373461811023622
 21
0.3760887007874016
 31
0
  0
LINE
  5
76A
330
1A
100
AcDbEntity
  8
BLACK
  6
CONTINUOUS
100
AcDbLine
 10
1.9373461811023622
 20
0.3760887007874016
 30
0
 11
1.9372403149606299
 21
0.376096220472441
 31
0
  0
LINE
  5
76B
330
1A
100
AcDbEntity
  8
BLACK
  6
CONTINUOUS
100
AcDbLine
 10
1.9372403149606299
 20
0.376096220472441
 30
0
 11
1.9366997244094488
 21
0.3763031102362205
 31
0
  0
LINE
  5
76C
330
1A
100
AcDbEntity
  8
BLACK
  6
CONTINUOUS
100
AcDbLine
 10
1.9366997244094488
 20
0.3763031102362205
 30
0
 11
1.9329501968503937
 21
0.378177874015748
 31
0
  0
LINE
  5
76D
330
1A
100
AcDbEntity
  8
BLACK
  6
CONTINUOUS
100
AcDbLine
 10
1.9329501968503937
 20
0.378177874015748
 30
0
 11
1.9328538188976379
 21
0.3782385433070866
 31
0
  0
LINE
  5
76E
330
1A
100
AcDbEntity
  8
BLACK
  6
CONTINUOUS
100
AcDbLine
 10
1.9328538188976379
 20
0.3782385433070866
 30
0
 11
1.9328084251968503
 21
0.3782536614173228
 31
0
  0
LINE
  5
76F
330
1A
100
AcDbEntity
  8
BLACK
  6
CONTINUOUS
100
AcDbLine
 10
1.9328084251968503
 20
0.3782536614173228
 30
0
 11
1.9327518503937007
 21
0.3783027165354331
 31
0
  0
LINE
  5
770
330
1A
100
AcDbEntity
  8
BLACK
  6
CONTINUOUS
100
AcDbLine
 10
1.9327518503937007
 20
0.3783027165354331
 30
0
 11
1.9324603149606299
 21
0.378486220472441
 31
0
  0
LINE
  5
771
330
1A
100
AcDbEntity
  8
BLACK
  6
CONTINUOUS
100
AcDbLine
 10
1.9324603149606299
 20
0.378486220472441
 30
0
 11
1.9322176377952756
 21
0.378766062992126
 31
0
  0
LINE
  5
772
330
1A
100
AcDbEntity
  8
BLACK
  6
CONTINUOUS
100
AcDbLine
 10
1.9322176377952756
 20
0.378766062992126
 30
0
 11
1.931938031496063
 21
0.3790085433070866
 31
0
  0
LINE
  5
773
330
1A
100
AcDbEntity
  8
BLACK
  6
CONTINUOUS
100
AcDbLine
 10
1.931938031496063
 20
0.3790085433070866
 30
0
 11
1.9317545275590551
 21
0.3793000393700787
 31
0
  0
LINE
  5
774
330
1A
100
AcDbEntity
  8
BLACK
  6
CONTINUOUS
100
AcDbLine
 10
1.9317545275590551
 20
0.3793000393700787
 30
0
 11
1.9317054724409448
 21
0.3793566141732284
 31
0
  0
LINE
  5
775
330
1A
100
AcDbEntity
  8
BLACK
  6
CONTINUOUS
100
AcDbLine
 10
1.9317054724409448
 20
0.3793566141732284
 30
0
 11
1.9316903149606299
 21
0.3794020866141732
 31
0
  0
LINE
  5
776
330
1A
100
AcDbEntity
  8
BLACK
  6
CONTINUOUS
100
AcDbLine
 10
1.9316903149606299
 20
0.3794020866141732
 30
0
 11
1.9316296850393699
 21
0.3794983858267716
 31
0
  0
LINE
  5
777
330
1A
100
AcDbEntity
  8
BLACK
  6
CONTINUOUS
100
AcDbLine
 10
1.9316296850393699
 20
0.3794983858267716
 30
0
 11
1.9297549212598424
 21
0.3832479527559055
 31
0
  0
LINE
  5
778
330
1A
100
AcDbEntity
  8
BLACK
  6
CONTINUOUS
100
AcDbLine
 10
1.9297549212598424
 20
0.3832479527559055
 30
0
 11
1.9295480314960629
 21
0.3837885826771654
 31
0
  0
LINE
  5
779
330
1A
100
AcDbEntity
  8
BLACK
  6
CONTINUOUS
100
AcDbLine
 10
1.9295480314960629
 20
0.3837885826771654
 30
0
 11
1.9295405118110236
 21
0.3838944094488189
 31
0
  0
LINE
  5
77A
330
1A
100
AcDbEntity
  8
BLACK
  6
CONTINUOUS
100
AcDbLine
 10
1.9295405118110236
 20
0.3838944094488189
 30
0
 11
1.9294999212598425
 21
0.3839924015748031
 31
0
  0
LINE
  5
77B
330
1A
100
AcDbEntity
  8
BLACK
  6
CONTINUOUS
100
AcDbLine
 10
1.9294999212598425
 20
0.3839924015748031
 30
0
 11
1.9294431889763779
 21
0.3845684645669291
 31
0
  0
LINE
  5
77C
330
1A
100
AcDbEntity
  8
BLACK
  6
CONTINUOUS
100
AcDbLine
 10
1.9294431889763779
 20
0.3845684645669291
 30
0
 11
1.9294431889763779
 21
0.3995665748031496
 31
0
  0
LINE
  5
77D
330
1A
100
AcDbEntity
  8
BLACK
  6
CONTINUOUS
100
AcDbLine
 10
1.9294431889763779
 20
0.3995665748031496
 30
0
 11
1.9294999212598425
 21
0.4001426377952756
 31
0
  0
LINE
  5
77E
330
1A
100
AcDbEntity
  8
BLACK
  6
CONTINUOUS
100
AcDbLine
 10
1.9294999212598425
 20
0.4001426377952756
 30
0
 11
1.9295405118110236
 21
0.4002406692913386
 31
0
  0
LINE
  5
77F
330
1A
100
AcDbEntity
  8
BLACK
  6
CONTINUOUS
100
AcDbLine
 10
1.9295405118110236
 20
0.4002406692913386
 30
0
 11
1.9295480314960629
 21
0.4003464566929134
 31
0
  0
LINE
  5
780
330
1A
100
AcDbEntity
  8
BLACK
  6
CONTINUOUS
100
AcDbLine
 10
1.9295480314960629
 20
0.4003464566929134
 30
0
 11
1.9297549212598424
 21
0.4008870866141732
 31
0
  0
LINE
  5
781
330
1A
100
AcDbEntity
  8
BLACK
  6
CONTINUOUS
100
AcDbLine
 10
1.9297549212598424
 20
0.4008870866141732
 30
0
 11
1.9316296850393699
 21
0.4046366141732283
 31
0
  0
LINE
  5
782
330
1A
100
AcDbEntity
  8
BLACK
  6
CONTINUOUS
100
AcDbLine
 10
1.9316296850393699
 20
0.4046366141732283
 30
0
 11
1.9316903149606299
 21
0.4047329921259842
 31
0
  0
LINE
  5
783
330
1A
100
AcDbEntity
  8
BLACK
  6
CONTINUOUS
100
AcDbLine
 10
1.9316903149606299
 20
0.4047329921259842
 30
0
 11
1.9317054724409448
 21
0.4047783858267717
 31
0
  0
LINE
  5
784
330
1A
100
AcDbEntity
  8
BLACK
  6
CONTINUOUS
100
AcDbLine
 10
1.9317054724409448
 20
0.4047783858267717
 30
0
 11
1.9317544881889763
 21
0.4048349606299212
 31
0
  0
LINE
  5
785
330
1A
100
AcDbEntity
  8
BLACK
  6
CONTINUOUS
100
AcDbLine
 10
1.9317544881889763
 20
0.4048349606299212
 30
0
 11
1.931938031496063
 21
0.4051264960629921
 31
0
  0
LINE
  5
786
330
1A
100
AcDbEntity
  8
BLACK
  6
CONTINUOUS
100
AcDbLine
 10
1.931938031496063
 20
0.4051264960629921
 30
0
 11
1.9322177165354331
 21
0.405369094488189
 31
0
  0
LINE
  5
787
330
1A
100
AcDbEntity
  8
BLACK
  6
CONTINUOUS
100
AcDbLine
 10
1.9322177165354331
 20
0.405369094488189
 30
0
 11
1.9324603149606299
 21
0.4056487795275591
 31
0
  0
LINE
  5
788
330
1A
100
AcDbEntity
  8
BLACK
  6
CONTINUOUS
100
AcDbLine
 10
1.9324603149606299
 20
0.4056487795275591
 30
0
 11
1.9327518503937007
 21
0.4058323228346457
 31
0
  0
LINE
  5
789
330
1A
100
AcDbEntity
  8
BLACK
  6
CONTINUOUS
100
AcDbLine
 10
1.9327518503937007
 20
0.4058323228346457
 30
0
 11
1.9328084251968503
 21
0.4058813385826772
 31
0
  0
LINE
  5
78A
330
1A
100
AcDbEntity
  8
BLACK
  6
CONTINUOUS
100
AcDbLine
 10
1.9328084251968503
 20
0.4058813385826772
 30
0
 11
1.9328538188976379
 21
0.4058964960629921
 31
0
  0
LINE
  5
78B
330
1A
100
AcDbEntity
  8
BLACK
  6
CONTINUOUS
100
AcDbLine
 10
1.9328538188976379
 20
0.4058964960629921
 30
0
 11
1.9329501968503937
 21
0.4059571259842519
 31
0
  0
LINE
  5
78C
330
1A
100
AcDbEntity
  8
BLACK
  6
CONTINUOUS
100
AcDbLine
 10
1.9329501968503937
 20
0.4059571259842519
 30
0
 11
1.9366997244094488
 21
0.4078318897637795
 31
0
  0
LINE
  5
78D
330
1A
100
AcDbEntity
  8
BLACK
  6
CONTINUOUS
100
AcDbLine
 10
1.9366997244094488
 20
0.4078318897637795
 30
0
 11
1.9372403149606299
 21
0.4080387795275591
 31
0
  0
LINE
  5
78E
330
1A
100
AcDbEntity
  8
BLACK
  6
CONTINUOUS
100
AcDbLine
 10
1.9372403149606299
 20
0.4080387795275591
 30
0
 11
1.9373461811023622
 21
0.4080463385826771
 31
0
  0
LINE
  5
78F
330
1A
100
AcDbEntity
  8
BLACK
  6
CONTINUOUS
100
AcDbLine
 10
1.9373461811023622
 20
0.4080463385826771
 30
0
 11
1.9374441732283465
 21
0.4080868897637795
 31
0
  0
LINE
  5
790
330
1A
100
AcDbEntity
  8
BLACK
  6
CONTINUOUS
100
AcDbLine
 10
1.9374441732283465
 20
0.4080868897637795
 30
0
 11
1.9380202362204724
 21
0.4081436220472441
 31
0
  0
LINE
  5
791
330
1A
100
AcDbEntity
  8
BLACK
  6
CONTINUOUS
100
AcDbLine
 10
1.9380202362204724
 20
0.4081436220472441
 30
0
 11
1.9455192913385826
 21
0.4081436220472441
 31
0
  0
LINE
  5
792
330
1A
100
AcDbEntity
  8
BLACK
  6
CONTINUOUS
100
AcDbLine
 10
1.9455192913385826
 20
0.4081436220472441
 30
0
 11
1.9460953543307087
 21
0.4080868897637795
 31
0
  0
LINE
  5
793
330
1A
100
AcDbEntity
  8
BLACK
  6
CONTINUOUS
100
AcDbLine
 10
1.9364715354330708
 20
0.4011152755905512
 30
0
 11
1.9353487007874015
 21
0.3988695275590551
 31
0
  0
LINE
  5
794
330
1A
100
AcDbEntity
  8
BLACK
  6
CONTINUOUS
100
AcDbLine
 10
1.9353487007874015
 20
0.3988695275590551
 30
0
 11
1.9353487007874015
 21
0.3956693307086614
 31
0
  0
LINE
  5
795
330
1A
100
AcDbEntity
  8
BLACK
  6
CONTINUOUS
100
AcDbLine
 10
1.9353487007874015
 20
0.3956693307086614
 30
0
 11
1.9481908267716534
 21
0.3982377165354331
 31
0
  0
LINE
  5
796
330
1A
100
AcDbEntity
  8
BLACK
  6
CONTINUOUS
100
AcDbLine
 10
1.9481908267716534
 20
0.3982377165354331
 30
0
 11
1.9481908267716534
 21
0.3988695275590551
 31
0
  0
LINE
  5
797
330
1A
100
AcDbEntity
  8
BLACK
  6
CONTINUOUS
100
AcDbLine
 10
1.9481908267716534
 20
0.3988695275590551
 30
0
 11
1.9470679527559054
 21
0.4011152755905512
 31
0
  0
LINE
  5
798
330
1A
100
AcDbEntity
  8
BLACK
  6
CONTINUOUS
100
AcDbLine
 10
1.9470679527559054
 20
0.4011152755905512
 30
0
 11
1.9448222440944882
 21
0.4022381102362205
 31
0
  0
LINE
  5
799
330
1A
100
AcDbEntity
  8
BLACK
  6
CONTINUOUS
100
AcDbLine
 10
1.9448222440944882
 20
0.4022381102362205
 30
0
 11
1.938717283464567
 21
0.4022381102362205
 31
0
  0
LINE
  5
79A
330
1A
100
AcDbEntity
  8
BLACK
  6
CONTINUOUS
100
AcDbLine
 10
1.938717283464567
 20
0.4022381102362205
 30
0
 11
1.9364715354330708
 21
0.4011152755905512
 31
0
  0
LINE
  5
79B
330
1A
100
AcDbEntity
  8
BLACK
  6
CONTINUOUS
100
AcDbLine
 10
1.7484346062992127
 20
0.4207693307086614
 30
0
 11
1.7492492519685039
 21
0.4199546850393701
 31
0
  0
LINE
  5
79C
330
1A
100
AcDbEntity
  8
BLACK
  6
CONTINUOUS
100
AcDbLine
 10
1.7492492519685039
 20
0.4199546850393701
 30
0
 11
1.749690157480315
 21
0.4188902755905512
 31
0
  0
LINE
  5
79D
330
1A
100
AcDbEntity
  8
BLACK
  6
CONTINUOUS
100
AcDbLine
 10
1.749690157480315
 20
0.4188902755905512
 30
0
 11
1.7497468897637796
 21
0.4183142125984252
 31
0
  0
LINE
  5
79E
330
1A
100
AcDbEntity
  8
BLACK
  6
CONTINUOUS
100
AcDbLine
 10
1.7497468897637796
 20
0.4183142125984252
 30
0
 11
1.7497468897637796
 21
0.4029456299212598
 31
0
  0
LINE
  5
79F
330
1A
100
AcDbEntity
  8
BLACK
  6
CONTINUOUS
100
AcDbLine
 10
1.7497468897637796
 20
0.4029456299212598
 30
0
 11
1.7672033858267717
 21
0.420402125984252
 31
0
  0
LINE
  5
7A0
330
1A
100
AcDbEntity
  8
BLACK
  6
CONTINUOUS
100
AcDbLine
 10
1.7672033858267717
 20
0.420402125984252
 30
0
 11
1.7676508267716535
 21
0.4207693307086614
 31
0
  0
LINE
  5
7A1
330
1A
100
AcDbEntity
  8
BLACK
  6
CONTINUOUS
100
AcDbLine
 10
1.7676508267716535
 20
0.4207693307086614
 30
0
 11
1.7687152362204723
 21
0.4212102362204724
 31
0
  0
LINE
  5
7A2
330
1A
100
AcDbEntity
  8
BLACK
  6
CONTINUOUS
100
AcDbLine
 10
1.7687152362204723
 20
0.4212102362204724
 30
0
 11
1.7698673228346455
 21
0.4212102362204724
 31
0
  0
LINE
  5
7A3
330
1A
100
AcDbEntity
  8
BLACK
  6
CONTINUOUS
100
AcDbLine
 10
1.7698673228346455
 20
0.4212102362204724
 30
0
 11
1.7709317716535433
 21
0.4207693307086614
 31
0
  0
LINE
  5
7A4
330
1A
100
AcDbEntity
  8
BLACK
  6
CONTINUOUS
100
AcDbLine
 10
1.7709317716535433
 20
0.4207693307086614
 30
0
 11
1.7717464173228346
 21
0.4199546850393701
 31
0
  0
LINE
  5
7A5
330
1A
100
AcDbEntity
  8
BLACK
  6
CONTINUOUS
100
AcDbLine
 10
1.7717464173228346
 20
0.4199546850393701
 30
0
 11
1.7721873228346456
 21
0.4188902362204724
 31
0
  0
LINE
  5
7A6
330
1A
100
AcDbEntity
  8
BLACK
  6
CONTINUOUS
100
AcDbLine
 10
1.7721873228346456
 20
0.4188902362204724
 30
0
 11
1.7721873228346456
 21
0.4177381496062992
 31
0
  0
LINE
  5
7A7
330
1A
100
AcDbEntity
  8
BLACK
  6
CONTINUOUS
100
AcDbLine
 10
1.7721873228346456
 20
0.4177381496062992
 30
0
 11
1.7717464173228346
 21
0.4166737401574803
 31
0
  0
LINE
  5
7A8
330
1A
100
AcDbEntity
  8
BLACK
  6
CONTINUOUS
100
AcDbLine
 10
1.7717464173228346
 20
0.4166737401574803
 30
0
 11
1.7713792125984251
 21
0.4162262992125984
 31
0
  0
LINE
  5
7A9
330
1A
100
AcDbEntity
  8
BLACK
  6
CONTINUOUS
100
AcDbLine
 10
1.7713792125984251
 20
0.4162262992125984
 30
0
 11
1.7563171653543306
 21
0.4011642913385827
 31
0
  0
LINE
  5
7AA
330
1A
100
AcDbEntity
  8
BLACK
  6
CONTINUOUS
100
AcDbLine
 10
1.7563171653543306
 20
0.4011642913385827
 30
0
 11
1.7716535039370078
 21
0.3807157874015748
 31
0
  0
LINE
  5
7AB
330
1A
100
AcDbEntity
  8
BLACK
  6
CONTINUOUS
100
AcDbLine
 10
1.7716535039370078
 20
0.3807157874015748
 30
0
 11
1.7719537795275591
 21
0.380220905511811
 31
0
  0
LINE
  5
7AC
330
1A
100
AcDbEntity
  8
BLACK
  6
CONTINUOUS
100
AcDbLine
 10
1.7719537795275591
 20
0.380220905511811
 30
0
 11
1.77223968503937
 21
0.3791048031496063
 31
0
  0
LINE
  5
7AD
330
1A
100
AcDbEntity
  8
BLACK
  6
CONTINUOUS
100
AcDbLine
 10
1.77223968503937
 20
0.3791048031496063
 30
0
 11
1.7720767322834645
 21
0.3779643307086614
 31
0
  0
LINE
  5
7AE
330
1A
100
AcDbEntity
  8
BLACK
  6
CONTINUOUS
100
AcDbLine
 10
1.7720767322834645
 20
0.3779643307086614
 30
0
 11
1.7714897637795275
 21
0.3769729527559055
 31
0
  0
LINE
  5
7AF
330
1A
100
AcDbEntity
  8
BLACK
  6
CONTINUOUS
100
AcDbLine
 10
1.7714897637795275
 20
0.3769729527559055
 30
0
 11
1.7705680708661418
 21
0.3762816535433071
 31
0
  0
LINE
  5
7B0
330
1A
100
AcDbEntity
  8
BLACK
  6
CONTINUOUS
100
AcDbLine
 10
1.7705680708661418
 20
0.3762816535433071
 30
0
 11
1.7694520078740157
 21
0.375995748031496
 31
0
  0
LINE
  5
7B1
330
1A
100
AcDbEntity
  8
BLACK
  6
CONTINUOUS
100
AcDbLine
 10
1.7694520078740157
 20
0.375995748031496
 30
0
 11
1.768311496062992
 21
0.3761586614173228
 31
0
  0
LINE
  5
7B2
330
1A
100
AcDbEntity
  8
BLACK
  6
CONTINUOUS
100
AcDbLine
 10
1.768311496062992
 20
0.3761586614173228
 30
0
 11
1.7673201181102363
 21
0.3767456692913386
 31
0
  0
LINE
  5
7B3
330
1A
100
AcDbEntity
  8
BLACK
  6
CONTINUOUS
100
AcDbLine
 10
1.7673201181102363
 20
0.3767456692913386
 30
0
 11
1.766929094488189
 21
0.3771724803149606
 31
0
  0
LINE
  5
7B4
330
1A
100
AcDbEntity
  8
BLACK
  6
CONTINUOUS
100
AcDbLine
 10
1.766929094488189
 20
0.3771724803149606
 30
0
 11
1.7520989370078739
 21
0.396946062992126
 31
0
  0
LINE
  5
7B5
330
1A
100
AcDbEntity
  8
BLACK
  6
CONTINUOUS
100
AcDbLine
 10
1.7520989370078739
 20
0.396946062992126
 30
0
 11
1.7497468897637796
 21
0.3945939763779527
 31
0
  0
LINE
  5
7B6
330
1A
100
AcDbEntity
  8
BLACK
  6
CONTINUOUS
100
AcDbLine
 10
1.7497468897637796
 20
0.3945939763779527
 30
0
 11
1.7497468897637796
 21
0.3789441338582677
 31
0
  0
LINE
  5
7B7
330
1A
100
AcDbEntity
  8
BLACK
  6
CONTINUOUS
100
AcDbLine
 10
1.7497468897637796
 20
0.3789441338582677
 30
0
 11
1.749690157480315
 21
0.3783680708661417
 31
0
  0
LINE
  5
7B8
330
1A
100
AcDbEntity
  8
BLACK
  6
CONTINUOUS
100
AcDbLine
 10
1.749690157480315
 20
0.3783680708661417
 30
0
 11
1.7492492519685039
 21
0.3773036614173228
 31
0
  0
LINE
  5
7B9
330
1A
100
AcDbEntity
  8
BLACK
  6
CONTINUOUS
100
AcDbLine
 10
1.7492492519685039
 20
0.3773036614173228
 30
0
 11
1.7484346062992127
 21
0.3764890157480315
 31
0
  0
LINE
  5
7BA
330
1A
100
AcDbEntity
  8
BLACK
  6
CONTINUOUS
100
AcDbLine
 10
1.7484346062992127
 20
0.3764890157480315
 30
0
 11
1.7473701968503936
 21
0.3760481102362205
 31
0
  0
LINE
  5
7BB
330
1A
100
AcDbEntity
  8
BLACK
  6
CONTINUOUS
100
AcDbLine
 10
1.7473701968503936
 20
0.3760481102362205
 30
0
 11
1.7462180708661417
 21
0.3760481102362205
 31
0
  0
LINE
  5
7BC
330
1A
100
AcDbEntity
  8
BLACK
  6
CONTINUOUS
100
AcDbLine
 10
1.7462180708661417
 20
0.3760481102362205
 30
0
 11
1.7451536614173229
 21
0.3764890157480315
 31
0
  0
LINE
  5
7BD
330
1A
100
AcDbEntity
  8
BLACK
  6
CONTINUOUS
100
AcDbLine
 10
1.7451536614173229
 20
0.3764890157480315
 30
0
 11
1.7443390157480314
 21
0.3773036614173228
 31
0
  0
LINE
  5
7BE
330
1A
100
AcDbEntity
  8
BLACK
  6
CONTINUOUS
100
AcDbLine
 10
1.7443390157480314
 20
0.3773036614173228
 30
0
 11
1.7438981102362203
 21
0.3783680708661417
 31
0
  0
LINE
  5
7BF
330
1A
100
AcDbEntity
  8
BLACK
  6
CONTINUOUS
100
AcDbLine
 10
1.7438981102362203
 20
0.3783680708661417
 30
0
 11
1.743841377952756
 21
0.3789441338582677
 31
0
  0
LINE
  5
7C0
330
1A
100
AcDbEntity
  8
BLACK
  6
CONTINUOUS
100
AcDbLine
 10
1.743841377952756
 20
0.3789441338582677
 30
0
 11
1.743841377952756
 21
0.4183142125984252
 31
0
  0
LINE
  5
7C1
330
1A
100
AcDbEntity
  8
BLACK
  6
CONTINUOUS
100
AcDbLine
 10
1.743841377952756
 20
0.4183142125984252
 30
0
 11
1.7438981102362203
 21
0.4188902755905512
 31
0
  0
LINE
  5
7C2
330
1A
100
AcDbEntity
  8
BLACK
  6
CONTINUOUS
100
AcDbLine
 10
1.7438981102362203
 20
0.4188902755905512
 30
0
 11
1.7443390157480314
 21
0.4199546850393701
 31
0
  0
LINE
  5
7C3
330
1A
100
AcDbEntity
  8
BLACK
  6
CONTINUOUS
100
AcDbLine
 10
1.7443390157480314
 20
0.4199546850393701
 30
0
 11
1.7451536614173229
 21
0.4207693307086614
 31
0
  0
LINE
  5
7C4
330
1A
100
AcDbEntity
  8
BLACK
  6
CONTINUOUS
100
AcDbLine
 10
1.7451536614173229
 20
0.4207693307086614
 30
0
 11
1.7462180708661417
 21
0.4212102362204724
 31
0
  0
LINE
  5
7C5
330
1A
100
AcDbEntity
  8
BLACK
  6
CONTINUOUS
100
AcDbLine
 10
1.7462180708661417
 20
0.4212102362204724
 30
0
 11
1.7473701968503936
 21
0.4212102362204724
 31
0
  0
LINE
  5
7C6
330
1A
100
AcDbEntity
  8
BLACK
  6
CONTINUOUS
100
AcDbLine
 10
1.7473701968503936
 20
0.4212102362204724
 30
0
 11
1.7484346062992127
 21
0.4207693307086614
 31
0
  0
LINE
  5
7C7
330
1A
100
AcDbEntity
  8
BLACK
  6
CONTINUOUS
100
AcDbLine
 10
1.8767290157480314
 20
0.4212102362204724
 30
0
 11
1.8777934251968504
 21
0.4207693307086614
 31
0
  0
LINE
  5
7C8
330
1A
100
AcDbEntity
  8
BLACK
  6
CONTINUOUS
100
AcDbLine
 10
1.8777934251968504
 20
0.4207693307086614
 30
0
 11
1.8786080708661417
 21
0.4199546850393701
 31
0
  0
LINE
  5
7C9
330
1A
100
AcDbEntity
  8
BLACK
  6
CONTINUOUS
100
AcDbLine
 10
1.8786080708661417
 20
0.4199546850393701
 30
0
 11
1.8790489763779528
 21
0.4188902755905512
 31
0
  0
LINE
  5
7CA
330
1A
100
AcDbEntity
  8
BLACK
  6
CONTINUOUS
100
AcDbLine
 10
1.8790489763779528
 20
0.4188902755905512
 30
0
 11
1.8790489763779528
 21
0.4177381496062992
 31
0
  0
LINE
  5
7CB
330
1A
100
AcDbEntity
  8
BLACK
  6
CONTINUOUS
100
AcDbLine
 10
1.8790489763779528
 20
0.4177381496062992
 30
0
 11
1.8786080708661417
 21
0.4166737401574803
 31
0
  0
LINE
  5
7CC
330
1A
100
AcDbEntity
  8
BLACK
  6
CONTINUOUS
100
AcDbLine
 10
1.8786080708661417
 20
0.4166737401574803
 30
0
 11
1.8777934251968504
 21
0.415859094488189
 31
0
  0
LINE
  5
7CD
330
1A
100
AcDbEntity
  8
BLACK
  6
CONTINUOUS
100
AcDbLine
 10
1.8777934251968504
 20
0.415859094488189
 30
0
 11
1.8767290157480314
 21
0.4154181889763779
 31
0
  0
LINE
  5
7CE
330
1A
100
AcDbEntity
  8
BLACK
  6
CONTINUOUS
100
AcDbLine
 10
1.8767290157480314
 20
0.4154181889763779
 30
0
 11
1.8761529527559055
 21
0.4153614566929134
 31
0
  0
LINE
  5
7CF
330
1A
100
AcDbEntity
  8
BLACK
  6
CONTINUOUS
100
AcDbLine
 10
1.8761529527559055
 20
0.4153614566929134
 30
0
 11
1.8603580708661418
 21
0.4153614566929134
 31
0
  0
LINE
  5
7D0
330
1A
100
AcDbEntity
  8
BLACK
  6
CONTINUOUS
100
AcDbLine
 10
1.8603580708661418
 20
0.4153614566929134
 30
0
 11
1.8603580708661418
 21
0.4025193307086614
 31
0
  0
LINE
  5
7D1
330
1A
100
AcDbEntity
  8
BLACK
  6
CONTINUOUS
100
AcDbLine
 10
1.8603580708661418
 20
0.4025193307086614
 30
0
 11
1.8705286614173229
 21
0.4025193307086614
 31
0
  0
LINE
  5
7D2
330
1A
100
AcDbEntity
  8
BLACK
  6
CONTINUOUS
100
AcDbLine
 10
1.8705286614173229
 20
0.4025193307086614
 30
0
 11
1.8711047244094487
 21
0.4024625984251968
 31
0
  0
LINE
  5
7D3
330
1A
100
AcDbEntity
  8
BLACK
  6
CONTINUOUS
100
AcDbLine
 10
1.8711047244094487
 20
0.4024625984251968
 30
0
 11
1.8721691338582678
 21
0.4020216929133858
 31
0
  0
LINE
  5
7D4
330
1A
100
AcDbEntity
  8
BLACK
  6
CONTINUOUS
100
AcDbLine
 10
1.8721691338582678
 20
0.4020216929133858
 30
0
 11
1.872983779527559
 21
0.4012070472440945
 31
0
  0
LINE
  5
7D5
330
1A
100
AcDbEntity
  8
BLACK
  6
CONTINUOUS
100
AcDbLine
 10
1.872983779527559
 20
0.4012070472440945
 30
0
 11
1.8734246850393701
 21
0.4001426377952756
 31
0
  0
LINE
  5
7D6
330
1A
100
AcDbEntity
  8
BLACK
  6
CONTINUOUS
100
AcDbLine
 10
1.8734246850393701
 20
0.4001426377952756
 30
0
 11
1.8734246850393701
 21
0.3989905118110236
 31
0
  0
LINE
  5
7D7
330
1A
100
AcDbEntity
  8
BLACK
  6
CONTINUOUS
100
AcDbLine
 10
1.8734246850393701
 20
0.3989905118110236
 30
0
 11
1.872983779527559
 21
0.3979261023622047
 31
0
  0
LINE
  5
7D8
330
1A
100
AcDbEntity
  8
BLACK
  6
CONTINUOUS
100
AcDbLine
 10
1.872983779527559
 20
0.3979261023622047
 30
0
 11
1.8721691338582678
 21
0.3971114566929134
 31
0
  0
LINE
  5
7D9
330
1A
100
AcDbEntity
  8
BLACK
  6
CONTINUOUS
100
AcDbLine
 10
1.8721691338582678
 20
0.3971114566929134
 30
0
 11
1.8711047244094487
 21
0.3966705511811023
 31
0
  0
LINE
  5
7DA
330
1A
100
AcDbEntity
  8
BLACK
  6
CONTINUOUS
100
AcDbLine
 10
1.8711047244094487
 20
0.3966705511811023
 30
0
 11
1.8705286614173229
 21
0.3966138188976378
 31
0
  0
LINE
  5
7DB
330
1A
100
AcDbEntity
  8
BLACK
  6
CONTINUOUS
100
AcDbLine
 10
1.8705286614173229
 20
0.3966138188976378
 30
0
 11
1.8603580708661418
 21
0.3966138188976378
 31
0
  0
LINE
  5
7DC
330
1A
100
AcDbEntity
  8
BLACK
  6
CONTINUOUS
100
AcDbLine
 10
1.8603580708661418
 20
0.3966138188976378
 30
0
 11
1.8603580708661418
 21
0.3789441338582677
 31
0
  0
LINE
  5
7DD
330
1A
100
AcDbEntity
  8
BLACK
  6
CONTINUOUS
100
AcDbLine
 10
1.8603580708661418
 20
0.3789441338582677
 30
0
 11
1.8603013385826772
 21
0.3783680708661417
 31
0
  0
LINE
  5
7DE
330
1A
100
AcDbEntity
  8
BLACK
  6
CONTINUOUS
100
AcDbLine
 10
1.8603013385826772
 20
0.3783680708661417
 30
0
 11
1.8598604330708661
 21
0.3773036614173228
 31
0
  0
LINE
  5
7DF
330
1A
100
AcDbEntity
  8
BLACK
  6
CONTINUOUS
100
AcDbLine
 10
1.8598604330708661
 20
0.3773036614173228
 30
0
 11
1.8590457874015747
 21
0.3764890157480315
 31
0
  0
LINE
  5
7E0
330
1A
100
AcDbEntity
  8
BLACK
  6
CONTINUOUS
100
AcDbLine
 10
1.8590457874015747
 20
0.3764890157480315
 30
0
 11
1.8579813779527559
 21
0.3760481102362205
 31
0
  0
LINE
  5
7E1
330
1A
100
AcDbEntity
  8
BLACK
  6
CONTINUOUS
100
AcDbLine
 10
1.8579813779527559
 20
0.3760481102362205
 30
0
 11
1.8568292519685039
 21
0.3760481102362205
 31
0
  0
LINE
  5
7E2
330
1A
100
AcDbEntity
  8
BLACK
  6
CONTINUOUS
100
AcDbLine
 10
1.8568292519685039
 20
0.3760481102362205
 30
0
 11
1.8557648425196851
 21
0.3764890157480315
 31
0
  0
LINE
  5
7E3
330
1A
100
AcDbEntity
  8
BLACK
  6
CONTINUOUS
100
AcDbLine
 10
1.8557648425196851
 20
0.3764890157480315
 30
0
 11
1.8549501968503936
 21
0.3773036614173228
 31
0
  0
LINE
  5
7E4
330
1A
100
AcDbEntity
  8
BLACK
  6
CONTINUOUS
100
AcDbLine
 10
1.8549501968503936
 20
0.3773036614173228
 30
0
 11
1.8545092913385826
 21
0.3783680708661417
 31
0
  0
LINE
  5
7E5
330
1A
100
AcDbEntity
  8
BLACK
  6
CONTINUOUS
100
AcDbLine
 10
1.8545092913385826
 20
0.3783680708661417
 30
0
 11
1.854452559055118
 21
0.3789441338582677
 31
0
  0
LINE
  5
7E6
330
1A
100
AcDbEntity
  8
BLACK
  6
CONTINUOUS
100
AcDbLine
 10
1.854452559055118
 20
0.3789441338582677
 30
0
 11
1.854452559055118
 21
0.4183142125984252
 31
0
  0
LINE
  5
7E7
330
1A
100
AcDbEntity
  8
BLACK
  6
CONTINUOUS
100
AcDbLine
 10
1.854452559055118
 20
0.4183142125984252
 30
0
 11
1.8545092913385826
 21
0.4188902755905512
 31
0
  0
LINE
  5
7E8
330
1A
100
AcDbEntity
  8
BLACK
  6
CONTINUOUS
100
AcDbLine
 10
1.8545092913385826
 20
0.4188902755905512
 30
0
 11
1.8549501968503936
 21
0.4199546850393701
 31
0
  0
LINE
  5
7E9
330
1A
100
AcDbEntity
  8
BLACK
  6
CONTINUOUS
100
AcDbLine
 10
1.8549501968503936
 20
0.4199546850393701
 30
0
 11
1.8557648425196851
 21
0.4207693307086614
 31
0
  0
LINE
  5
7EA
330
1A
100
AcDbEntity
  8
BLACK
  6
CONTINUOUS
100
AcDbLine
 10
1.8557648425196851
 20
0.4207693307086614
 30
0
 11
1.8568292519685039
 21
0.4212102362204724
 31
0
  0
LINE
  5
7EB
330
1A
100
AcDbEntity
  8
BLACK
  6
CONTINUOUS
100
AcDbLine
 10
1.8568292519685039
 20
0.4212102362204724
 30
0
 11
1.8574053149606298
 21
0.421266968503937
 31
0
  0
LINE
  5
7EC
330
1A
100
AcDbEntity
  8
BLACK
  6
CONTINUOUS
100
AcDbLine
 10
1.8574053149606298
 20
0.421266968503937
 30
0
 11
1.8761529527559055
 21
0.421266968503937
 31
0
  0
LINE
  5
7ED
330
1A
100
AcDbEntity
  8
BLACK
  6
CONTINUOUS
100
AcDbLine
 10
1.8761529527559055
 20
0.421266968503937
 30
0
 11
1.8767290157480314
 21
0.4212102362204724
 31
0
  0
LINE
  5
7EE
330
1A
100
AcDbEntity
  8
BLACK
  6
CONTINUOUS
100
AcDbLine
 10
1.8927915748031496
 20
0.4076459842519685
 30
0
 11
1.8936062204724409
 21
0.4068313385826772
 31
0
  0
LINE
  5
7EF
330
1A
100
AcDbEntity
  8
BLACK
  6
CONTINUOUS
100
AcDbLine
 10
1.8936062204724409
 20
0.4068313385826772
 30
0
 11
1.894047125984252
 21
0.4057669291338583
 31
0
  0
LINE
  5
7F0
330
1A
100
AcDbEntity
  8
BLACK
  6
CONTINUOUS
100
AcDbLine
 10
1.894047125984252
 20
0.4057669291338583
 30
0
 11
1.8941038582677165
 21
0.4051908661417323
 31
0
  0
LINE
  5
7F1
330
1A
100
AcDbEntity
  8
BLACK
  6
CONTINUOUS
100
AcDbLine
 10
1.8941038582677165
 20
0.4051908661417323
 30
0
 11
1.8941038582677165
 21
0.3789441338582677
 31
0
  0
LINE
  5
7F2
330
1A
100
AcDbEntity
  8
BLACK
  6
CONTINUOUS
100
AcDbLine
 10
1.8941038582677165
 20
0.3789441338582677
 30
0
 11
1.894047125984252
 21
0.3783680708661417
 31
0
  0
LINE
  5
7F3
330
1A
100
AcDbEntity
  8
BLACK
  6
CONTINUOUS
100
AcDbLine
 10
1.894047125984252
 20
0.3783680708661417
 30
0
 11
1.8936062204724409
 21
0.3773036614173228
 31
0
  0
LINE
  5
7F4
330
1A
100
AcDbEntity
  8
BLACK
  6
CONTINUOUS
100
AcDbLine
 10
1.8936062204724409
 20
0.3773036614173228
 30
0
 11
1.8927915748031496
 21
0.3764890157480315
 31
0
  0
LINE
  5
7F5
330
1A
100
AcDbEntity
  8
BLACK
  6
CONTINUOUS
100
AcDbLine
 10
1.8927915748031496
 20
0.3764890157480315
 30
0
 11
1.8917271653543306
 21
0.3760481102362205
 31
0
  0
LINE
  5
7F6
330
1A
100
AcDbEntity
  8
BLACK
  6
CONTINUOUS
100
AcDbLine
 10
1.8917271653543306
 20
0.3760481102362205
 30
0
 11
1.8905750393700786
 21
0.3760481102362205
 31
0
  0
LINE
  5
7F7
330
1A
100
AcDbEntity
  8
BLACK
  6
CONTINUOUS
100
AcDbLine
 10
1.8905750393700786
 20
0.3760481102362205
 30
0
 11
1.8895106299212598
 21
0.3764890157480315
 31
0
  0
LINE
  5
7F8
330
1A
100
AcDbEntity
  8
BLACK
  6
CONTINUOUS
100
AcDbLine
 10
1.8895106299212598
 20
0.3764890157480315
 30
0
 11
1.8886959842519684
 21
0.3773036614173228
 31
0
  0
LINE
  5
7F9
330
1A
100
AcDbEntity
  8
BLACK
  6
CONTINUOUS
100
AcDbLine
 10
1.8886959842519684
 20
0.3773036614173228
 30
0
 11
1.8882550787401575
 21
0.3783680708661417
 31
0
  0
LINE
  5
7FA
330
1A
100
AcDbEntity
  8
BLACK
  6
CONTINUOUS
100
AcDbLine
 10
1.8882550787401575
 20
0.3783680708661417
 30
0
 11
1.8881983464566929
 21
0.3789441338582677
 31
0
  0
LINE
  5
7FB
330
1A
100
AcDbEntity
  8
BLACK
  6
CONTINUOUS
100
AcDbLine
 10
1.8881983464566929
 20
0.3789441338582677
 30
0
 11
1.8881983464566929
 21
0.4051908661417323
 31
0
  0
LINE
  5
7FC
330
1A
100
AcDbEntity
  8
BLACK
  6
CONTINUOUS
100
AcDbLine
 10
1.8881983464566929
 20
0.4051908661417323
 30
0
 11
1.8882550787401575
 21
0.4057669291338583
 31
0
  0
LINE
  5
7FD
330
1A
100
AcDbEntity
  8
BLACK
  6
CONTINUOUS
100
AcDbLine
 10
1.8882550787401575
 20
0.4057669291338583
 30
0
 11
1.8886959842519684
 21
0.4068313385826772
 31
0
  0
LINE
  5
7FE
330
1A
100
AcDbEntity
  8
BLACK
  6
CONTINUOUS
100
AcDbLine
 10
1.8886959842519684
 20
0.4068313385826772
 30
0
 11
1.8895106299212598
 21
0.4076459842519685
 31
0
  0
LINE
  5
7FF
330
1A
100
AcDbEntity
  8
BLACK
  6
CONTINUOUS
100
AcDbLine
 10
1.8895106299212598
 20
0.4076459842519685
 30
0
 11
1.8905750393700786
 21
0.4080868897637795
 31
0
  0
LINE
  5
800
330
1A
100
AcDbEntity
  8
BLACK
  6
CONTINUOUS
100
AcDbLine
 10
1.8905750393700786
 20
0.4080868897637795
 30
0
 11
1.8917271653543306
 21
0.4080868897637795
 31
0
  0
LINE
  5
801
330
1A
100
AcDbEntity
  8
BLACK
  6
CONTINUOUS
100
AcDbLine
 10
1.8917271653543306
 20
0.4080868897637795
 30
0
 11
1.8927915748031496
 21
0.4076459842519685
 31
0
  0
LINE
  5
802
330
1A
100
AcDbEntity
  8
BLACK
  6
CONTINUOUS
100
AcDbLine
 10
1.9217233858267717
 20
0.4080868897637795
 30
0
 11
1.9227877952755905
 21
0.4076459842519685
 31
0
  0
LINE
  5
803
330
1A
100
AcDbEntity
  8
BLACK
  6
CONTINUOUS
100
AcDbLine
 10
1.9227877952755905
 20
0.4076459842519685
 30
0
 11
1.9236024409448818
 21
0.4068313385826772
 31
0
  0
LINE
  5
804
330
1A
100
AcDbEntity
  8
BLACK
  6
CONTINUOUS
100
AcDbLine
 10
1.9236024409448818
 20
0.4068313385826772
 30
0
 11
1.9240433464566928
 21
0.4057669291338583
 31
0
  0
LINE
  5
805
330
1A
100
AcDbEntity
  8
BLACK
  6
CONTINUOUS
100
AcDbLine
 10
1.9240433464566928
 20
0.4057669291338583
 30
0
 11
1.9240433464566928
 21
0.4046148031496063
 31
0
  0
LINE
  5
806
330
1A
100
AcDbEntity
  8
BLACK
  6
CONTINUOUS
100
AcDbLine
 10
1.9240433464566928
 20
0.4046148031496063
 30
0
 11
1.9236024409448818
 21
0.4035503937007874
 31
0
  0
LINE
  5
807
330
1A
100
AcDbEntity
  8
BLACK
  6
CONTINUOUS
100
AcDbLine
 10
1.9236024409448818
 20
0.4035503937007874
 30
0
 11
1.9227877952755905
 21
0.402735748031496
 31
0
  0
LINE
  5
808
330
1A
100
AcDbEntity
  8
BLACK
  6
CONTINUOUS
100
AcDbLine
 10
1.9227877952755905
 20
0.402735748031496
 30
0
 11
1.9217233858267717
 21
0.402294842519685
 31
0
  0
LINE
  5
809
330
1A
100
AcDbEntity
  8
BLACK
  6
CONTINUOUS
100
AcDbLine
 10
1.9217233858267717
 20
0.402294842519685
 30
0
 11
1.9211473228346456
 21
0.4022381102362205
 31
0
  0
LINE
  5
80A
330
1A
100
AcDbEntity
  8
BLACK
  6
CONTINUOUS
100
AcDbLine
 10
1.9211473228346456
 20
0.4022381102362205
 30
0
 11
1.9180948425196851
 21
0.4022381102362205
 31
0
  0
LINE
  5
80B
330
1A
100
AcDbEntity
  8
BLACK
  6
CONTINUOUS
100
AcDbLine
 10
1.9180948425196851
 20
0.4022381102362205
 30
0
 11
1.9153973622047245
 21
0.4008893700787401
 31
0
  0
LINE
  5
80C
330
1A
100
AcDbEntity
  8
BLACK
  6
CONTINUOUS
100
AcDbLine
 10
1.9153973622047245
 20
0.4008893700787401
 30
0
 11
1.9142002362204724
 21
0.3996922440944882
 31
0
  0
LINE
  5
80D
330
1A
100
AcDbEntity
  8
BLACK
  6
CONTINUOUS
100
AcDbLine
 10
1.9142002362204724
 20
0.3996922440944882
 30
0
 11
1.9128514960629921
 21
0.3969947637795275
 31
0
  0
LINE
  5
80E
330
1A
100
AcDbEntity
  8
BLACK
  6
CONTINUOUS
100
AcDbLine
 10
1.9128514960629921
 20
0.3969947637795275
 30
0
 11
1.9128514960629921
 21
0.3789441338582677
 31
0
  0
LINE
  5
80F
330
1A
100
AcDbEntity
  8
BLACK
  6
CONTINUOUS
100
AcDbLine
 10
1.9128514960629921
 20
0.3789441338582677
 30
0
 11
1.9127947637795275
 21
0.3783680708661417
 31
0
  0
LINE
  5
810
330
1A
100
AcDbEntity
  8
BLACK
  6
CONTINUOUS
100
AcDbLine
 10
1.9127947637795275
 20
0.3783680708661417
 30
0
 11
1.9123538582677164
 21
0.3773036614173228
 31
0
  0
LINE
  5
811
330
1A
100
AcDbEntity
  8
BLACK
  6
CONTINUOUS
100
AcDbLine
 10
1.9123538582677164
 20
0.3773036614173228
 30
0
 11
1.9115392125984252
 21
0.3764890157480315
 31
0
  0
LINE
  5
812
330
1A
100
AcDbEntity
  8
BLACK
  6
CONTINUOUS
100
AcDbLine
 10
1.9115392125984252
 20
0.3764890157480315
 30
0
 11
1.9104748031496062
 21
0.3760481102362205
 31
0
  0
LINE
  5
813
330
1A
100
AcDbEntity
  8
BLACK
  6
CONTINUOUS
100
AcDbLine
 10
1.9104748031496062
 20
0.3760481102362205
 30
0
 11
1.9093226771653542
 21
0.3760481102362205
 31
0
  0
LINE
  5
814
330
1A
100
AcDbEntity
  8
BLACK
  6
CONTINUOUS
100
AcDbLine
 10
1.9093226771653542
 20
0.3760481102362205
 30
0
 11
1.9082582677165354
 21
0.3764890157480315
 31
0
  0
LINE
  5
815
330
1A
100
AcDbEntity
  8
BLACK
  6
CONTINUOUS
100
AcDbLine
 10
1.9082582677165354
 20
0.3764890157480315
 30
0
 11
1.9074436220472442
 21
0.3773036614173228
 31
0
  0
LINE
  5
816
330
1A
100
AcDbEntity
  8
BLACK
  6
CONTINUOUS
100
AcDbLine
 10
1.9074436220472442
 20
0.3773036614173228
 30
0
 11
1.9070027165354331
 21
0.3783680708661417
 31
0
  0
LINE
  5
817
330
1A
100
AcDbEntity
  8
BLACK
  6
CONTINUOUS
100
AcDbLine
 10
1.9070027165354331
 20
0.3783680708661417
 30
0
 11
1.9069459842519685
 21
0.3789441338582677
 31
0
  0
LINE
  5
818
330
1A
100
AcDbEntity
  8
BLACK
  6
CONTINUOUS
100
AcDbLine
 10
1.9069459842519685
 20
0.3789441338582677
 30
0
 11
1.9069459842519685
 21
0.4051908661417323
 31
0
  0
LINE
  5
819
330
1A
100
AcDbEntity
  8
BLACK
  6
CONTINUOUS
100
AcDbLine
 10
1.9069459842519685
 20
0.4051908661417323
 30
0
 11
1.9070027165354331
 21
0.4057669291338583
 31
0
  0
LINE
  5
81A
330
1A
100
AcDbEntity
  8
BLACK
  6
CONTINUOUS
100
AcDbLine
 10
1.9070027165354331
 20
0.4057669291338583
 30
0
 11
1.9074436220472442
 21
0.4068313385826772
 31
0
  0
LINE
  5
81B
330
1A
100
AcDbEntity
  8
BLACK
  6
CONTINUOUS
100
AcDbLine
 10
1.9074436220472442
 20
0.4068313385826772
 30
0
 11
1.9082582677165354
 21
0.4076459842519685
 31
0
  0
LINE
  5
81C
330
1A
100
AcDbEntity
  8
BLACK
  6
CONTINUOUS
100
AcDbLine
 10
1.9082582677165354
 20
0.4076459842519685
 30
0
 11
1.9093226771653542
 21
0.4080868897637795
 31
0
  0
LINE
  5
81D
330
1A
100
AcDbEntity
  8
BLACK
  6
CONTINUOUS
100
AcDbLine
 10
1.9093226771653542
 20
0.4080868897637795
 30
0
 11
1.9104748031496062
 21
0.4080868897637795
 31
0
  0
LINE
  5
81E
330
1A
100
AcDbEntity
  8
BLACK
  6
CONTINUOUS
100
AcDbLine
 10
1.9104748031496062
 20
0.4080868897637795
 30
0
 11
1.9115392125984252
 21
0.4076459842519685
 31
0
  0
LINE
  5
81F
330
1A
100
AcDbEntity
  8
BLACK
  6
CONTINUOUS
100
AcDbLine
 10
1.9115392125984252
 20
0.4076459842519685
 30
0
 11
1.9123538582677164
 21
0.4068313385826772
 31
0
  0
LINE
  5
820
330
1A
100
AcDbEntity
  8
BLACK
  6
CONTINUOUS
100
AcDbLine
 10
1.9123538582677164
 20
0.4068313385826772
 30
0
 11
1.9126493307086614
 21
0.4061179527559055
 31
0
  0
LINE
  5
821
330
1A
100
AcDbEntity
  8
BLACK
  6
CONTINUOUS
100
AcDbLine
 10
1.9126493307086614
 20
0.4061179527559055
 30
0
 11
1.916077283464567
 21
0.4078318897637795
 31
0
  0
LINE
  5
822
330
1A
100
AcDbEntity
  8
BLACK
  6
CONTINUOUS
100
AcDbLine
 10
1.916077283464567
 20
0.4078318897637795
 30
0
 11
1.916617874015748
 21
0.4080387795275591
 31
0
  0
LINE
  5
823
330
1A
100
AcDbEntity
  8
BLACK
  6
CONTINUOUS
100
AcDbLine
 10
1.916617874015748
 20
0.4080387795275591
 30
0
 11
1.9167237401574804
 21
0.4080463385826771
 31
0
  0
LINE
  5
824
330
1A
100
AcDbEntity
  8
BLACK
  6
CONTINUOUS
100
AcDbLine
 10
1.9167237401574804
 20
0.4080463385826771
 30
0
 11
1.9168217322834644
 21
0.4080868897637795
 31
0
  0
LINE
  5
825
330
1A
100
AcDbEntity
  8
BLACK
  6
CONTINUOUS
100
AcDbLine
 10
1.9168217322834644
 20
0.4080868897637795
 30
0
 11
1.9173977952755905
 21
0.4081436220472441
 31
0
  0
LINE
  5
826
330
1A
100
AcDbEntity
  8
BLACK
  6
CONTINUOUS
100
AcDbLine
 10
1.9173977952755905
 20
0.4081436220472441
 30
0
 11
1.9211473228346456
 21
0.4081436220472441
 31
0
  0
LINE
  5
827
330
1A
100
AcDbEntity
  8
BLACK
  6
CONTINUOUS
100
AcDbLine
 10
1.9211473228346456
 20
0.4081436220472441
 30
0
 11
1.9217233858267717
 21
0.4080868897637795
 31
0
  0
LINE
  5
828
330
1A
100
AcDbEntity
  8
BLACK
  6
CONTINUOUS
100
AcDbLine
 10
1.8927915748031496
 20
0.4207693307086614
 30
0
 11
1.8932390157480314
 21
0.420402125984252
 31
0
  0
LINE
  5
829
330
1A
100
AcDbEntity
  8
BLACK
  6
CONTINUOUS
100
AcDbLine
 10
1.8932390157480314
 20
0.420402125984252
 30
0
 11
1.895113779527559
 21
0.4185273622047244
 31
0
  0
LINE
  5
82A
330
1A
100
AcDbEntity
  8
BLACK
  6
CONTINUOUS
100
AcDbLine
 10
1.895113779527559
 20
0.4185273622047244
 30
0
 11
1.8954809842519684
 21
0.4180799212598425
 31
0
  0
LINE
  5
82B
330
1A
100
AcDbEntity
  8
BLACK
  6
CONTINUOUS
100
AcDbLine
 10
1.8954809842519684
 20
0.4180799212598425
 30
0
 11
1.8956225590551181
 21
0.4177381496062992
 31
0
  0
LINE
  5
82C
330
1A
100
AcDbEntity
  8
BLACK
  6
CONTINUOUS
100
AcDbLine
 10
1.8956225590551181
 20
0.4177381496062992
 30
0
 11
1.8959218897637795
 21
0.4170154724409449
 31
0
  0
LINE
  5
82D
330
1A
100
AcDbEntity
  8
BLACK
  6
CONTINUOUS
100
AcDbLine
 10
1.8959218897637795
 20
0.4170154724409449
 30
0
 11
1.8959218897637795
 21
0.4158633858267716
 31
0
  0
LINE
  5
82E
330
1A
100
AcDbEntity
  8
BLACK
  6
CONTINUOUS
100
AcDbLine
 10
1.8959218897637795
 20
0.4158633858267716
 30
0
 11
1.8954809842519684
 21
0.4147989763779528
 31
0
  0
LINE
  5
82F
330
1A
100
AcDbEntity
  8
BLACK
  6
CONTINUOUS
100
AcDbLine
 10
1.8954809842519684
 20
0.4147989763779528
 30
0
 11
1.895113779527559
 21
0.4143515354330709
 31
0
  0
LINE
  5
830
330
1A
100
AcDbEntity
  8
BLACK
  6
CONTINUOUS
100
AcDbLine
 10
1.895113779527559
 20
0.4143515354330709
 30
0
 11
1.8932390157480314
 21
0.4124767716535433
 31
0
  0
LINE
  5
831
330
1A
100
AcDbEntity
  8
BLACK
  6
CONTINUOUS
100
AcDbLine
 10
1.8932390157480314
 20
0.4124767716535433
 30
0
 11
1.8927915748031496
 21
0.4121095669291339
 31
0
  0
LINE
  5
832
330
1A
100
AcDbEntity
  8
BLACK
  6
CONTINUOUS
100
AcDbLine
 10
1.8927915748031496
 20
0.4121095669291339
 30
0
 11
1.8917271653543306
 21
0.4116686614173228
 31
0
  0
LINE
  5
833
330
1A
100
AcDbEntity
  8
BLACK
  6
CONTINUOUS
100
AcDbLine
 10
1.8917271653543306
 20
0.4116686614173228
 30
0
 11
1.8917271259842519
 21
0.4116686614173228
 31
0
  0
LINE
  5
834
330
1A
100
AcDbEntity
  8
BLACK
  6
CONTINUOUS
100
AcDbLine
 10
1.8917271259842519
 20
0.4116686614173228
 30
0
 11
1.8905750787401574
 21
0.4116686614173228
 31
0
  0
LINE
  5
835
330
1A
100
AcDbEntity
  8
BLACK
  6
CONTINUOUS
100
AcDbLine
 10
1.8905750787401574
 20
0.4116686614173228
 30
0
 11
1.8905750393700786
 21
0.4116686614173228
 31
0
  0
LINE
  5
836
330
1A
100
AcDbEntity
  8
BLACK
  6
CONTINUOUS
100
AcDbLine
 10
1.8905750393700786
 20
0.4116686614173228
 30
0
 11
1.8895106299212598
 21
0.4121095669291339
 31
0
  0
LINE
  5
837
330
1A
100
AcDbEntity
  8
BLACK
  6
CONTINUOUS
100
AcDbLine
 10
1.8895106299212598
 20
0.4121095669291339
 30
0
 11
1.8890631889763778
 21
0.4124767716535433
 31
0
  0
LINE
  5
838
330
1A
100
AcDbEntity
  8
BLACK
  6
CONTINUOUS
100
AcDbLine
 10
1.8890631889763778
 20
0.4124767716535433
 30
0
 11
1.8871884251968503
 21
0.4143515354330709
 31
0
  0
LINE
  5
839
330
1A
100
AcDbEntity
  8
BLACK
  6
CONTINUOUS
100
AcDbLine
 10
1.8871884251968503
 20
0.4143515354330709
 30
0
 11
1.8868212204724408
 21
0.4147989763779528
 31
0
  0
LINE
  5
83A
330
1A
100
AcDbEntity
  8
BLACK
  6
CONTINUOUS
100
AcDbLine
 10
1.8868212204724408
 20
0.4147989763779528
 30
0
 11
1.88638031496063
 21
0.4158634251968504
 31
0
  0
LINE
  5
83B
330
1A
100
AcDbEntity
  8
BLACK
  6
CONTINUOUS
100
AcDbLine
 10
1.88638031496063
 20
0.4158634251968504
 30
0
 11
1.88638031496063
 21
0.4170154724409449
 31
0
  0
LINE
  5
83C
330
1A
100
AcDbEntity
  8
BLACK
  6
CONTINUOUS
100
AcDbLine
 10
1.88638031496063
 20
0.4170154724409449
 30
0
 11
1.8868212204724408
 21
0.4180799212598425
 31
0
  0
LINE
  5
83D
330
1A
100
AcDbEntity
  8
BLACK
  6
CONTINUOUS
100
AcDbLine
 10
1.8868212204724408
 20
0.4180799212598425
 30
0
 11
1.8871884251968503
 21
0.4185273622047244
 31
0
  0
LINE
  5
83E
330
1A
100
AcDbEntity
  8
BLACK
  6
CONTINUOUS
100
AcDbLine
 10
1.8871884251968503
 20
0.4185273622047244
 30
0
 11
1.8890631889763778
 21
0.420402125984252
 31
0
  0
LINE
  5
83F
330
1A
100
AcDbEntity
  8
BLACK
  6
CONTINUOUS
100
AcDbLine
 10
1.8890631889763778
 20
0.420402125984252
 30
0
 11
1.8895106299212598
 21
0.4207693307086614
 31
0
  0
LINE
  5
840
330
1A
100
AcDbEntity
  8
BLACK
  6
CONTINUOUS
100
AcDbLine
 10
1.8895106299212598
 20
0.4207693307086614
 30
0
 11
1.8905750393700786
 21
0.4212102362204724
 31
0
  0
LINE
  5
841
330
1A
100
AcDbEntity
  8
BLACK
  6
CONTINUOUS
100
AcDbLine
 10
1.8905750393700786
 20
0.4212102362204724
 30
0
 11
1.8917271259842519
 21
0.4212102362204724
 31
0
  0
LINE
  5
842
330
1A
100
AcDbEntity
  8
BLACK
  6
CONTINUOUS
100
AcDbLine
 10
1.8917271259842519
 20
0.4212102362204724
 30
0
 11
1.8917271653543306
 21
0.4212102362204724
 31
0
  0
LINE
  5
843
330
1A
100
AcDbEntity
  8
BLACK
  6
CONTINUOUS
100
AcDbLine
 10
1.8917271653543306
 20
0.4212102362204724
 30
0
 11
1.8927915748031496
 21
0.4207693307086614
 31
0
  0
LINE
  5
844
330
1A
100
AcDbEntity
  8
BLACK
  6
CONTINUOUS
100
AcDbLine
 10
2.9019468897637797
 20
0.8421911023622047
 30
0
 11
2.9030112992125985
 21
0.8417501968503937
 31
0
  0
LINE
  5
845
330
1A
100
AcDbEntity
  8
BLACK
  6
CONTINUOUS
100
AcDbLine
 10
2.9030112992125985
 20
0.8417501968503937
 30
0
 11
2.9038259448818895
 21
0.8409355511811023
 31
0
  0
LINE
  5
846
330
1A
100
AcDbEntity
  8
BLACK
  6
CONTINUOUS
100
AcDbLine
 10
2.9038259448818895
 20
0.8409355511811023
 30
0
 11
2.9042668503937006
 21
0.8398711417322835
 31
0
  0
LINE
  5
847
330
1A
100
AcDbEntity
  8
BLACK
  6
CONTINUOUS
100
AcDbLine
 10
2.9042668503937006
 20
0.8398711417322835
 30
0
 11
2.9042668503937006
 21
0.8387190157480314
 31
0
  0
LINE
  5
848
330
1A
100
AcDbEntity
  8
BLACK
  6
CONTINUOUS
100
AcDbLine
 10
2.9042668503937006
 20
0.8387190157480314
 30
0
 11
2.9038259448818895
 21
0.8376546062992126
 31
0
  0
LINE
  5
849
330
1A
100
AcDbEntity
  8
BLACK
  6
CONTINUOUS
100
AcDbLine
 10
2.9038259448818895
 20
0.8376546062992126
 30
0
 11
2.9030112992125985
 21
0.8368399606299213
 31
0
  0
LINE
  5
84A
330
1A
100
AcDbEntity
  8
BLACK
  6
CONTINUOUS
100
AcDbLine
 10
2.9030112992125985
 20
0.8368399606299213
 30
0
 11
2.9019468897637797
 21
0.8363990551181102
 31
0
  0
LINE
  5
84B
330
1A
100
AcDbEntity
  8
BLACK
  6
CONTINUOUS
100
AcDbLine
 10
2.9019468897637797
 20
0.8363990551181102
 30
0
 11
2.9013708267716534
 21
0.8363423228346456
 31
0
  0
LINE
  5
84C
330
1A
100
AcDbEntity
  8
BLACK
  6
CONTINUOUS
100
AcDbLine
 10
2.9013708267716534
 20
0.8363423228346456
 30
0
 11
2.8837011417322835
 21
0.8363423228346456
 31
0
  0
LINE
  5
84D
330
1A
100
AcDbEntity
  8
BLACK
  6
CONTINUOUS
100
AcDbLine
 10
2.8837011417322835
 20
0.8363423228346456
 30
0
 11
2.8837011417322835
 21
0.8197506692913386
 31
0
  0
LINE
  5
84E
330
1A
100
AcDbEntity
  8
BLACK
  6
CONTINUOUS
100
AcDbLine
 10
2.8837011417322835
 20
0.8197506692913386
 30
0
 11
2.9013708267716534
 21
0.8197506692913386
 31
0
  0
LINE
  5
84F
330
1A
100
AcDbEntity
  8
BLACK
  6
CONTINUOUS
100
AcDbLine
 10
2.9013708267716534
 20
0.8197506692913386
 30
0
 11
2.9019468897637797
 21
0.819693937007874
 31
0
  0
LINE
  5
850
330
1A
100
AcDbEntity
  8
BLACK
  6
CONTINUOUS
100
AcDbLine
 10
2.9019468897637797
 20
0.819693937007874
 30
0
 11
2.9030112992125985
 21
0.819253031496063
 31
0
  0
LINE
  5
851
330
1A
100
AcDbEntity
  8
BLACK
  6
CONTINUOUS
100
AcDbLine
 10
2.9030112992125985
 20
0.819253031496063
 30
0
 11
2.9038259448818895
 21
0.8184383858267716
 31
0
  0
LINE
  5
852
330
1A
100
AcDbEntity
  8
BLACK
  6
CONTINUOUS
100
AcDbLine
 10
2.9038259448818895
 20
0.8184383858267716
 30
0
 11
2.9042668503937006
 21
0.8173739763779527
 31
0
  0
LINE
  5
853
330
1A
100
AcDbEntity
  8
BLACK
  6
CONTINUOUS
100
AcDbLine
 10
2.9042668503937006
 20
0.8173739763779527
 30
0
 11
2.9042668503937006
 21
0.8162218503937008
 31
0
  0
LINE
  5
854
330
1A
100
AcDbEntity
  8
BLACK
  6
CONTINUOUS
100
AcDbLine
 10
2.9042668503937006
 20
0.8162218503937008
 30
0
 11
2.9038259448818895
 21
0.8151574409448819
 31
0
  0
LINE
  5
855
330
1A
100
AcDbEntity
  8
BLACK
  6
CONTINUOUS
100
AcDbLine
 10
2.9038259448818895
 20
0.8151574409448819
 30
0
 11
2.9030112992125985
 21
0.8143427952755905
 31
0
  0
LINE
  5
856
330
1A
100
AcDbEntity
  8
BLACK
  6
CONTINUOUS
100
AcDbLine
 10
2.9030112992125985
 20
0.8143427952755905
 30
0
 11
2.9019468897637797
 21
0.8139018897637795
 31
0
  0
LINE
  5
857
330
1A
100
AcDbEntity
  8
BLACK
  6
CONTINUOUS
100
AcDbLine
 10
2.9019468897637797
 20
0.8139018897637795
 30
0
 11
2.9013708267716534
 21
0.8138451574803149
 31
0
  0
LINE
  5
858
330
1A
100
AcDbEntity
  8
BLACK
  6
CONTINUOUS
100
AcDbLine
 10
2.9013708267716534
 20
0.8138451574803149
 30
0
 11
2.862000748031496
 21
0.8138451574803149
 31
0
  0
LINE
  5
859
330
1A
100
AcDbEntity
  8
BLACK
  6
CONTINUOUS
100
AcDbLine
 10
2.862000748031496
 20
0.8138451574803149
 30
0
 11
2.8614246850393701
 21
0.8139018897637795
 31
0
  0
LINE
  5
85A
330
1A
100
AcDbEntity
  8
BLACK
  6
CONTINUOUS
100
AcDbLine
 10
2.8614246850393701
 20
0.8139018897637795
 30
0
 11
2.8603602755905513
 21
0.8143427952755905
 31
0
  0
LINE
  5
85B
330
1A
100
AcDbEntity
  8
BLACK
  6
CONTINUOUS
100
AcDbLine
 10
2.8603602755905513
 20
0.8143427952755905
 30
0
 11
2.8595456299212598
 21
0.8151574409448819
 31
0
  0
LINE
  5
85C
330
1A
100
AcDbEntity
  8
BLACK
  6
CONTINUOUS
100
AcDbLine
 10
2.8595456299212598
 20
0.8151574409448819
 30
0
 11
2.8591047244094487
 21
0.8162218503937008
 31
0
  0
LINE
  5
85D
330
1A
100
AcDbEntity
  8
BLACK
  6
CONTINUOUS
100
AcDbLine
 10
2.8591047244094487
 20
0.8162218503937008
 30
0
 11
2.8591047244094487
 21
0.8173739763779527
 31
0
  0
LINE
  5
85E
330
1A
100
AcDbEntity
  8
BLACK
  6
CONTINUOUS
100
AcDbLine
 10
2.8591047244094487
 20
0.8173739763779527
 30
0
 11
2.8595456299212598
 21
0.8184383858267716
 31
0
  0
LINE
  5
85F
330
1A
100
AcDbEntity
  8
BLACK
  6
CONTINUOUS
100
AcDbLine
 10
2.8595456299212598
 20
0.8184383858267716
 30
0
 11
2.8603602755905513
 21
0.819253031496063
 31
0
  0
LINE
  5
860
330
1A
100
AcDbEntity
  8
BLACK
  6
CONTINUOUS
100
AcDbLine
 10
2.8603602755905513
 20
0.819253031496063
 30
0
 11
2.8614246850393701
 21
0.819693937007874
 31
0
  0
LINE
  5
861
330
1A
100
AcDbEntity
  8
BLACK
  6
CONTINUOUS
100
AcDbLine
 10
2.8614246850393701
 20
0.819693937007874
 30
0
 11
2.862000748031496
 21
0.8197506692913386
 31
0
  0
LINE
  5
862
330
1A
100
AcDbEntity
  8
BLACK
  6
CONTINUOUS
100
AcDbLine
 10
2.862000748031496
 20
0.8197506692913386
 30
0
 11
2.8777956299212599
 21
0.8197506692913386
 31
0
  0
LINE
  5
863
330
1A
100
AcDbEntity
  8
BLACK
  6
CONTINUOUS
100
AcDbLine
 10
2.8777956299212599
 20
0.8197506692913386
 30
0
 11
2.8777956299212599
 21
0.8363423228346456
 31
0
  0
LINE
  5
864
330
1A
100
AcDbEntity
  8
BLACK
  6
CONTINUOUS
100
AcDbLine
 10
2.8777956299212599
 20
0.8363423228346456
 30
0
 11
2.862000748031496
 21
0.8363423228346456
 31
0
  0
LINE
  5
865
330
1A
100
AcDbEntity
  8
BLACK
  6
CONTINUOUS
100
AcDbLine
 10
2.862000748031496
 20
0.8363423228346456
 30
0
 11
2.8614246850393701
 21
0.8363990551181102
 31
0
  0
LINE
  5
866
330
1A
100
AcDbEntity
  8
BLACK
  6
CONTINUOUS
100
AcDbLine
 10
2.8614246850393701
 20
0.8363990551181102
 30
0
 11
2.8603602755905513
 21
0.8368399606299213
 31
0
  0
LINE
  5
867
330
1A
100
AcDbEntity
  8
BLACK
  6
CONTINUOUS
100
AcDbLine
 10
2.8603602755905513
 20
0.8368399606299213
 30
0
 11
2.8595456299212598
 21
0.8376546062992126
 31
0
  0
LINE
  5
868
330
1A
100
AcDbEntity
  8
BLACK
  6
CONTINUOUS
100
AcDbLine
 10
2.8595456299212598
 20
0.8376546062992126
 30
0
 11
2.8591047244094487
 21
0.8387190157480314
 31
0
  0
LINE
  5
869
330
1A
100
AcDbEntity
  8
BLACK
  6
CONTINUOUS
100
AcDbLine
 10
2.8591047244094487
 20
0.8387190157480314
 30
0
 11
2.8591047244094487
 21
0.8398711417322835
 31
0
  0
LINE
  5
86A
330
1A
100
AcDbEntity
  8
BLACK
  6
CONTINUOUS
100
AcDbLine
 10
2.8591047244094487
 20
0.8398711417322835
 30
0
 11
2.8595456299212598
 21
0.8409355511811023
 31
0
  0
LINE
  5
86B
330
1A
100
AcDbEntity
  8
BLACK
  6
CONTINUOUS
100
AcDbLine
 10
2.8595456299212598
 20
0.8409355511811023
 30
0
 11
2.8603602755905513
 21
0.8417501968503937
 31
0
  0
LINE
  5
86C
330
1A
100
AcDbEntity
  8
BLACK
  6
CONTINUOUS
100
AcDbLine
 10
2.8603602755905513
 20
0.8417501968503937
 30
0
 11
2.8614246850393701
 21
0.8421911023622047
 31
0
  0
LINE
  5
86D
330
1A
100
AcDbEntity
  8
BLACK
  6
CONTINUOUS
100
AcDbLine
 10
2.8614246850393701
 20
0.8421911023622047
 30
0
 11
2.862000748031496
 21
0.8422478346456693
 31
0
  0
LINE
  5
86E
330
1A
100
AcDbEntity
  8
BLACK
  6
CONTINUOUS
100
AcDbLine
 10
2.862000748031496
 20
0.8422478346456693
 30
0
 11
2.9013708267716534
 21
0.8422478346456693
 31
0
  0
LINE
  5
86F
330
1A
100
AcDbEntity
  8
BLACK
  6
CONTINUOUS
100
AcDbLine
 10
2.9013708267716534
 20
0.8422478346456693
 30
0
 11
2.9019468897637797
 21
0.8421911023622047
 31
0
  0
LINE
  5
870
330
1A
100
AcDbEntity
  8
BLACK
  6
CONTINUOUS
100
AcDbLine
 10
2.8636412204724411
 20
0.8792455118110236
 30
0
 11
2.8644558661417321
 21
0.8784308661417323
 31
0
  0
LINE
  5
871
330
1A
100
AcDbEntity
  8
BLACK
  6
CONTINUOUS
100
AcDbLine
 10
2.8644558661417321
 20
0.8784308661417323
 30
0
 11
2.8648967716535432
 21
0.8773664566929134
 31
0
  0
LINE
  5
872
330
1A
100
AcDbEntity
  8
BLACK
  6
CONTINUOUS
100
AcDbLine
 10
2.8648967716535432
 20
0.8773664566929134
 30
0
 11
2.864953503937008
 21
0.8767903937007874
 31
0
  0
LINE
  5
873
330
1A
100
AcDbEntity
  8
BLACK
  6
CONTINUOUS
100
AcDbLine
 10
2.864953503937008
 20
0.8767903937007874
 30
0
 11
2.864953503937008
 21
0.8609955118110236
 31
0
  0
LINE
  5
874
330
1A
100
AcDbEntity
  8
BLACK
  6
CONTINUOUS
100
AcDbLine
 10
2.864953503937008
 20
0.8609955118110236
 30
0
 11
2.8777956299212599
 21
0.8609955118110236
 31
0
  0
LINE
  5
875
330
1A
100
AcDbEntity
  8
BLACK
  6
CONTINUOUS
100
AcDbLine
 10
2.8777956299212599
 20
0.8609955118110236
 30
0
 11
2.8777956299212599
 21
0.8711661023622047
 31
0
  0
LINE
  5
876
330
1A
100
AcDbEntity
  8
BLACK
  6
CONTINUOUS
100
AcDbLine
 10
2.8777956299212599
 20
0.8711661023622047
 30
0
 11
2.8778523622047243
 21
0.8717421653543307
 31
0
  0
LINE
  5
877
330
1A
100
AcDbEntity
  8
BLACK
  6
CONTINUOUS
100
AcDbLine
 10
2.8778523622047243
 20
0.8717421653543307
 30
0
 11
2.8782932677165354
 21
0.8728065748031496
 31
0
  0
LINE
  5
878
330
1A
100
AcDbEntity
  8
BLACK
  6
CONTINUOUS
100
AcDbLine
 10
2.8782932677165354
 20
0.8728065748031496
 30
0
 11
2.8791079133858268
 21
0.873621220472441
 31
0
  0
LINE
  5
879
330
1A
100
AcDbEntity
  8
BLACK
  6
CONTINUOUS
100
AcDbLine
 10
2.8791079133858268
 20
0.873621220472441
 30
0
 11
2.8801723228346456
 21
0.8740621259842519
 31
0
  0
LINE
  5
87A
330
1A
100
AcDbEntity
  8
BLACK
  6
CONTINUOUS
100
AcDbLine
 10
2.8801723228346456
 20
0.8740621259842519
 30
0
 11
2.8813244488188974
 21
0.8740621259842519
 31
0
  0
LINE
  5
87B
330
1A
100
AcDbEntity
  8
BLACK
  6
CONTINUOUS
100
AcDbLine
 10
2.8813244488188974
 20
0.8740621259842519
 30
0
 11
2.8823888582677166
 21
0.873621220472441
 31
0
  0
LINE
  5
87C
330
1A
100
AcDbEntity
  8
BLACK
  6
CONTINUOUS
100
AcDbLine
 10
2.8823888582677166
 20
0.873621220472441
 30
0
 11
2.8832035039370076
 21
0.8728065748031496
 31
0
  0
LINE
  5
87D
330
1A
100
AcDbEntity
  8
BLACK
  6
CONTINUOUS
100
AcDbLine
 10
2.8832035039370076
 20
0.8728065748031496
 30
0
 11
2.8836444094488187
 21
0.8717421653543307
 31
0
  0
LINE
  5
87E
330
1A
100
AcDbEntity
  8
BLACK
  6
CONTINUOUS
100
AcDbLine
 10
2.8836444094488187
 20
0.8717421653543307
 30
0
 11
2.8837011417322835
 21
0.8711661023622047
 31
0
  0
LINE
  5
87F
330
1A
100
AcDbEntity
  8
BLACK
  6
CONTINUOUS
100
AcDbLine
 10
2.8837011417322835
 20
0.8711661023622047
 30
0
 11
2.8837011417322835
 21
0.8609955118110236
 31
0
  0
LINE
  5
880
330
1A
100
AcDbEntity
  8
BLACK
  6
CONTINUOUS
100
AcDbLine
 10
2.8837011417322835
 20
0.8609955118110236
 30
0
 11
2.8984180708661418
 21
0.8609955118110236
 31
0
  0
LINE
  5
881
330
1A
100
AcDbEntity
  8
BLACK
  6
CONTINUOUS
100
AcDbLine
 10
2.8984180708661418
 20
0.8609955118110236
 30
0
 11
2.8984180708661418
 21
0.8767903937007874
 31
0
  0
LINE
  5
882
330
1A
100
AcDbEntity
  8
BLACK
  6
CONTINUOUS
100
AcDbLine
 10
2.8984180708661418
 20
0.8767903937007874
 30
0
 11
2.8984748031496061
 21
0.8773664566929134
 31
0
  0
LINE
  5
883
330
1A
100
AcDbEntity
  8
BLACK
  6
CONTINUOUS
100
AcDbLine
 10
2.8984748031496061
 20
0.8773664566929134
 30
0
 11
2.8989157086614172
 21
0.8784308661417323
 31
0
  0
LINE
  5
884
330
1A
100
AcDbEntity
  8
BLACK
  6
CONTINUOUS
100
AcDbLine
 10
2.8989157086614172
 20
0.8784308661417323
 30
0
 11
2.8997303543307087
 21
0.8792455118110236
 31
0
  0
LINE
  5
885
330
1A
100
AcDbEntity
  8
BLACK
  6
CONTINUOUS
100
AcDbLine
 10
2.8997303543307087
 20
0.8792455118110236
 30
0
 11
2.9007947637795275
 21
0.8796864173228346
 31
0
  0
LINE
  5
886
330
1A
100
AcDbEntity
  8
BLACK
  6
CONTINUOUS
100
AcDbLine
 10
2.9007947637795275
 20
0.8796864173228346
 30
0
 11
2.9019468897637797
 21
0.8796864173228346
 31
0
  0
LINE
  5
887
330
1A
100
AcDbEntity
  8
BLACK
  6
CONTINUOUS
100
AcDbLine
 10
2.9019468897637797
 20
0.8796864173228346
 30
0
 11
2.9030112992125985
 21
0.8792455118110236
 31
0
  0
LINE
  5
888
330
1A
100
AcDbEntity
  8
BLACK
  6
CONTINUOUS
100
AcDbLine
 10
2.9030112992125985
 20
0.8792455118110236
 30
0
 11
2.9038259448818895
 21
0.8784308661417323
 31
0
  0
LINE
  5
889
330
1A
100
AcDbEntity
  8
BLACK
  6
CONTINUOUS
100
AcDbLine
 10
2.9038259448818895
 20
0.8784308661417323
 30
0
 11
2.9042668503937006
 21
0.8773664566929134
 31
0
  0
LINE
  5
88A
330
1A
100
AcDbEntity
  8
BLACK
  6
CONTINUOUS
100
AcDbLine
 10
2.9042668503937006
 20
0.8773664566929134
 30
0
 11
2.9043235826771654
 21
0.8767903937007874
 31
0
  0
LINE
  5
88B
330
1A
100
AcDbEntity
  8
BLACK
  6
CONTINUOUS
100
AcDbLine
 10
2.9043235826771654
 20
0.8767903937007874
 30
0
 11
2.9043235826771654
 21
0.8580427559055118
 31
0
  0
LINE
  5
88C
330
1A
100
AcDbEntity
  8
BLACK
  6
CONTINUOUS
100
AcDbLine
 10
2.9043235826771654
 20
0.8580427559055118
 30
0
 11
2.9042668503937006
 21
0.8574666929133858
 31
0
  0
LINE
  5
88D
330
1A
100
AcDbEntity
  8
BLACK
  6
CONTINUOUS
100
AcDbLine
 10
2.9042668503937006
 20
0.8574666929133858
 30
0
 11
2.9038259448818895
 21
0.8564022834645669
 31
0
  0
LINE
  5
88E
330
1A
100
AcDbEntity
  8
BLACK
  6
CONTINUOUS
100
AcDbLine
 10
2.9038259448818895
 20
0.8564022834645669
 30
0
 11
2.9030112992125985
 21
0.8555876377952756
 31
0
  0
LINE
  5
88F
330
1A
100
AcDbEntity
  8
BLACK
  6
CONTINUOUS
100
AcDbLine
 10
2.9030112992125985
 20
0.8555876377952756
 30
0
 11
2.9019468897637797
 21
0.8551467322834645
 31
0
  0
LINE
  5
890
330
1A
100
AcDbEntity
  8
BLACK
  6
CONTINUOUS
100
AcDbLine
 10
2.9019468897637797
 20
0.8551467322834645
 30
0
 11
2.9013708267716534
 21
0.85509
 31
0
  0
LINE
  5
891
330
1A
100
AcDbEntity
  8
BLACK
  6
CONTINUOUS
100
AcDbLine
 10
2.9013708267716534
 20
0.85509
 30
0
 11
2.862000748031496
 21
0.85509
 31
0
  0
LINE
  5
892
330
1A
100
AcDbEntity
  8
BLACK
  6
CONTINUOUS
100
AcDbLine
 10
2.862000748031496
 20
0.85509
 30
0
 11
2.8614246850393701
 21
0.8551467322834645
 31
0
  0
LINE
  5
893
330
1A
100
AcDbEntity
  8
BLACK
  6
CONTINUOUS
100
AcDbLine
 10
2.8614246850393701
 20
0.8551467322834645
 30
0
 11
2.8603602755905513
 21
0.8555876377952756
 31
0
  0
LINE
  5
894
330
1A
100
AcDbEntity
  8
BLACK
  6
CONTINUOUS
100
AcDbLine
 10
2.8603602755905513
 20
0.8555876377952756
 30
0
 11
2.8595456299212598
 21
0.8564022834645669
 31
0
  0
LINE
  5
895
330
1A
100
AcDbEntity
  8
BLACK
  6
CONTINUOUS
100
AcDbLine
 10
2.8595456299212598
 20
0.8564022834645669
 30
0
 11
2.8591047244094487
 21
0.8574666929133858
 31
0
  0
LINE
  5
896
330
1A
100
AcDbEntity
  8
BLACK
  6
CONTINUOUS
100
AcDbLine
 10
2.8591047244094487
 20
0.8574666929133858
 30
0
 11
2.8590479921259844
 21
0.8580427559055118
 31
0
  0
LINE
  5
897
330
1A
100
AcDbEntity
  8
BLACK
  6
CONTINUOUS
100
AcDbLine
 10
2.8590479921259844
 20
0.8580427559055118
 30
0
 11
2.8590479921259844
 21
0.8767903937007874
 31
0
  0
LINE
  5
898
330
1A
100
AcDbEntity
  8
BLACK
  6
CONTINUOUS
100
AcDbLine
 10
2.8590479921259844
 20
0.8767903937007874
 30
0
 11
2.8591047244094487
 21
0.8773664566929134
 31
0
  0
LINE
  5
899
330
1A
100
AcDbEntity
  8
BLACK
  6
CONTINUOUS
100
AcDbLine
 10
2.8591047244094487
 20
0.8773664566929134
 30
0
 11
2.8595456299212598
 21
0.8784308661417323
 31
0
  0
LINE
  5
89A
330
1A
100
AcDbEntity
  8
BLACK
  6
CONTINUOUS
100
AcDbLine
 10
2.8595456299212598
 20
0.8784308661417323
 30
0
 11
2.8603602755905513
 21
0.8792455118110236
 31
0
  0
LINE
  5
89B
330
1A
100
AcDbEntity
  8
BLACK
  6
CONTINUOUS
100
AcDbLine
 10
2.8603602755905513
 20
0.8792455118110236
 30
0
 11
2.8614246850393701
 21
0.8796864173228346
 31
0
  0
LINE
  5
89C
330
1A
100
AcDbEntity
  8
BLACK
  6
CONTINUOUS
100
AcDbLine
 10
2.8614246850393701
 20
0.8796864173228346
 30
0
 11
2.8625768110236218
 21
0.8796864173228346
 31
0
  0
LINE
  5
89D
330
1A
100
AcDbEntity
  8
BLACK
  6
CONTINUOUS
100
AcDbLine
 10
2.8625768110236218
 20
0.8796864173228346
 30
0
 11
2.8636412204724411
 21
0.8792455118110236
 31
0
  0
LINE
  5
89E
330
1A
100
AcDbEntity
  8
BLACK
  6
CONTINUOUS
100
AcDbLine
 10
2.9021507086614173
 20
0.9171335826771654
 30
0
 11
2.903181181102362
 21
0.9166183858267717
 31
0
  0
LINE
  5
89F
330
1A
100
AcDbEntity
  8
BLACK
  6
CONTINUOUS
100
AcDbLine
 10
2.903181181102362
 20
0.9166183858267717
 30
0
 11
2.903936062992126
 21
0.9157479921259842
 31
0
  0
LINE
  5
8A0
330
1A
100
AcDbEntity
  8
BLACK
  6
CONTINUOUS
100
AcDbLine
 10
2.903936062992126
 20
0.9157479921259842
 30
0
 11
2.9043003937007872
 21
0.914655
 31
0
  0
LINE
  5
8A1
330
1A
100
AcDbEntity
  8
BLACK
  6
CONTINUOUS
100
AcDbLine
 10
2.9043003937007872
 20
0.914655
 30
0
 11
2.9042187007874016
 21
0.9135057874015747
 31
0
  0
LINE
  5
8A2
330
1A
100
AcDbEntity
  8
BLACK
  6
CONTINUOUS
100
AcDbLine
 10
2.9042187007874016
 20
0.9135057874015747
 30
0
 11
2.9037034645669291
 21
0.9124753543307086
 31
0
  0
LINE
  5
8A3
330
1A
100
AcDbEntity
  8
BLACK
  6
CONTINUOUS
100
AcDbLine
 10
2.9037034645669291
 20
0.9124753543307086
 30
0
 11
2.9028331102362204
 21
0.9117204724409449
 31
0
  0
LINE
  5
8A4
330
1A
100
AcDbEntity
  8
BLACK
  6
CONTINUOUS
100
AcDbLine
 10
2.9028331102362204
 20
0.9117204724409449
 30
0
 11
2.9023045669291339
 21
0.9114844881889763
 31
0
  0
LINE
  5
8A5
330
1A
100
AcDbEntity
  8
BLACK
  6
CONTINUOUS
100
AcDbLine
 10
2.9023045669291339
 20
0.9114844881889763
 30
0
 11
2.8930749606299213
 21
0.9084079921259842
 31
0
  0
LINE
  5
8A6
330
1A
100
AcDbEntity
  8
BLACK
  6
CONTINUOUS
100
AcDbLine
 10
2.8930749606299213
 20
0.9084079921259842
 30
0
 11
2.8930749606299213
 21
0.8939167716535433
 31
0
  0
LINE
  5
8A7
330
1A
100
AcDbEntity
  8
BLACK
  6
CONTINUOUS
100
AcDbLine
 10
2.8930749606299213
 20
0.8939167716535433
 30
0
 11
2.9023045669291339
 21
0.8908402362204724
 31
0
  0
LINE
  5
8A8
330
1A
100
AcDbEntity
  8
BLACK
  6
CONTINUOUS
100
AcDbLine
 10
2.9023045669291339
 20
0.8908402362204724
 30
0
 11
2.9028331102362204
 21
0.8906042519685039
 31
0
  0
LINE
  5
8A9
330
1A
100
AcDbEntity
  8
BLACK
  6
CONTINUOUS
100
AcDbLine
 10
2.9028331102362204
 20
0.8906042519685039
 30
0
 11
2.9037034645669291
 21
0.8898493700787401
 31
0
  0
LINE
  5
8AA
330
1A
100
AcDbEntity
  8
BLACK
  6
CONTINUOUS
100
AcDbLine
 10
2.9037034645669291
 20
0.8898493700787401
 30
0
 11
2.9042187007874016
 21
0.888818937007874
 31
0
  0
LINE
  5
8AB
330
1A
100
AcDbEntity
  8
BLACK
  6
CONTINUOUS
100
AcDbLine
 10
2.9042187007874016
 20
0.888818937007874
 30
0
 11
2.9043003937007872
 21
0.8876697244094488
 31
0
  0
LINE
  5
8AC
330
1A
100
AcDbEntity
  8
BLACK
  6
CONTINUOUS
100
AcDbLine
 10
2.9043003937007872
 20
0.8876697244094488
 30
0
 11
2.903936062992126
 21
0.8865767322834646
 31
0
  0
LINE
  5
8AD
330
1A
100
AcDbEntity
  8
BLACK
  6
CONTINUOUS
100
AcDbLine
 10
2.903936062992126
 20
0.8865767322834646
 30
0
 11
2.903181181102362
 21
0.8857063385826771
 31
0
  0
LINE
  5
8AE
330
1A
100
AcDbEntity
  8
BLACK
  6
CONTINUOUS
100
AcDbLine
 10
2.903181181102362
 20
0.8857063385826771
 30
0
 11
2.9021507086614173
 21
0.8851911417322834
 31
0
  0
LINE
  5
8AF
330
1A
100
AcDbEntity
  8
BLACK
  6
CONTINUOUS
100
AcDbLine
 10
2.9021507086614173
 20
0.8851911417322834
 30
0
 11
2.901001496062992
 21
0.8851094488188976
 31
0
  0
LINE
  5
8B0
330
1A
100
AcDbEntity
  8
BLACK
  6
CONTINUOUS
100
AcDbLine
 10
2.901001496062992
 20
0.8851094488188976
 30
0
 11
2.9004370866141733
 21
0.8852377952755905
 31
0
  0
LINE
  5
8B1
330
1A
100
AcDbEntity
  8
BLACK
  6
CONTINUOUS
100
AcDbLine
 10
2.9004370866141733
 20
0.8852377952755905
 30
0
 11
2.8610670078740155
 21
0.8983611417322834
 31
0
  0
LINE
  5
8B2
330
1A
100
AcDbEntity
  8
BLACK
  6
CONTINUOUS
100
AcDbLine
 10
2.8610670078740155
 20
0.8983611417322834
 30
0
 11
2.8605384251968502
 21
0.8985971259842519
 31
0
  0
LINE
  5
8B3
330
1A
100
AcDbEntity
  8
BLACK
  6
CONTINUOUS
100
AcDbLine
 10
2.8605384251968502
 20
0.8985971259842519
 30
0
 11
2.8603790157480313
 21
0.8987353937007874
 31
0
  0
LINE
  5
8B4
330
1A
100
AcDbEntity
  8
BLACK
  6
CONTINUOUS
100
AcDbLine
 10
2.8603790157480313
 20
0.8987353937007874
 30
0
 11
2.8601903937007873
 21
0.8988296850393701
 31
0
  0
LINE
  5
8B5
330
1A
100
AcDbEntity
  8
BLACK
  6
CONTINUOUS
100
AcDbLine
 10
2.8601903937007873
 20
0.8988296850393701
 30
0
 11
2.8599477559055115
 21
0.8991094094488189
 31
0
  0
LINE
  5
8B6
330
1A
100
AcDbEntity
  8
BLACK
  6
CONTINUOUS
100
AcDbLine
 10
2.8599477559055115
 20
0.8991094094488189
 30
0
 11
2.8596680708661415
 21
0.8993520078740157
 31
0
  0
LINE
  5
8B7
330
1A
100
AcDbEntity
  8
BLACK
  6
CONTINUOUS
100
AcDbLine
 10
2.8596680708661415
 20
0.8993520078740157
 30
0
 11
2.8595737401574803
 21
0.8995406692913386
 31
0
  0
LINE
  5
8B8
330
1A
100
AcDbEntity
  8
BLACK
  6
CONTINUOUS
100
AcDbLine
 10
2.8595737401574803
 20
0.8995406692913386
 30
0
 11
2.8594355118110237
 21
0.8997000393700787
 31
0
  0
LINE
  5
8B9
330
1A
100
AcDbEntity
  8
BLACK
  6
CONTINUOUS
100
AcDbLine
 10
2.8594355118110237
 20
0.8997000393700787
 30
0
 11
2.8593183858267714
 21
0.9000513779527559
 31
0
  0
LINE
  5
8BA
330
1A
100
AcDbEntity
  8
BLACK
  6
CONTINUOUS
100
AcDbLine
 10
2.8593183858267714
 20
0.9000513779527559
 30
0
 11
2.8591528740157481
 21
0.9003824409448818
 31
0
  0
LINE
  5
8BB
330
1A
100
AcDbEntity
  8
BLACK
  6
CONTINUOUS
100
AcDbLine
 10
2.8591528740157481
 20
0.9003824409448818
 30
0
 11
2.8591379133858266
 21
0.9005928740157481
 31
0
  0
LINE
  5
8BC
330
1A
100
AcDbEntity
  8
BLACK
  6
CONTINUOUS
100
AcDbLine
 10
2.8591379133858266
 20
0.9005928740157481
 30
0
 11
2.8590711811023621
 21
0.9007930708661417
 31
0
  0
LINE
  5
8BD
330
1A
100
AcDbEntity
  8
BLACK
  6
CONTINUOUS
100
AcDbLine
 10
2.8590711811023621
 20
0.9007930708661417
 30
0
 11
2.859097401574803
 21
0.9011623622047243
 31
0
  0
LINE
  5
8BE
330
1A
100
AcDbEntity
  8
BLACK
  6
CONTINUOUS
100
AcDbLine
 10
2.859097401574803
 20
0.9011623622047243
 30
0
 11
2.8590711811023621
 21
0.9015316535433071
 31
0
  0
LINE
  5
8BF
330
1A
100
AcDbEntity
  8
BLACK
  6
CONTINUOUS
100
AcDbLine
 10
2.8590711811023621
 20
0.9015316535433071
 30
0
 11
2.8591379133858266
 21
0.9017318897637795
 31
0
  0
LINE
  5
8C0
330
1A
100
AcDbEntity
  8
BLACK
  6
CONTINUOUS
100
AcDbLine
 10
2.8591379133858266
 20
0.9017318897637795
 30
0
 11
2.8591528740157481
 21
0.901942283464567
 31
0
  0
LINE
  5
8C1
330
1A
100
AcDbEntity
  8
BLACK
  6
CONTINUOUS
100
AcDbLine
 10
2.8591528740157481
 20
0.901942283464567
 30
0
 11
2.8593183858267714
 21
0.9022733858267716
 31
0
  0
LINE
  5
8C2
330
1A
100
AcDbEntity
  8
BLACK
  6
CONTINUOUS
100
AcDbLine
 10
2.8593183858267714
 20
0.9022733858267716
 30
0
 11
2.8594355118110237
 21
0.9026246850393701
 31
0
  0
LINE
  5
8C3
330
1A
100
AcDbEntity
  8
BLACK
  6
CONTINUOUS
100
AcDbLine
 10
2.8594355118110237
 20
0.9026246850393701
 30
0
 11
2.8595737401574803
 21
0.902784094488189
 31
0
  0
LINE
  5
8C4
330
1A
100
AcDbEntity
  8
BLACK
  6
CONTINUOUS
100
AcDbLine
 10
2.8595737401574803
 20
0.902784094488189
 30
0
 11
2.8596680708661415
 21
0.9029727165354331
 31
0
  0
LINE
  5
8C5
330
1A
100
AcDbEntity
  8
BLACK
  6
CONTINUOUS
100
AcDbLine
 10
2.8596680708661415
 20
0.9029727165354331
 30
0
 11
2.8599477559055115
 21
0.9032153543307087
 31
0
  0
LINE
  5
8C6
330
1A
100
AcDbEntity
  8
BLACK
  6
CONTINUOUS
100
AcDbLine
 10
2.8599477559055115
 20
0.9032153543307087
 30
0
 11
2.8601903937007873
 21
0.9034950393700787
 31
0
  0
LINE
  5
8C7
330
1A
100
AcDbEntity
  8
BLACK
  6
CONTINUOUS
100
AcDbLine
 10
2.8601903937007873
 20
0.9034950393700787
 30
0
 11
2.8603790157480313
 21
0.9035893700787402
 31
0
  0
LINE
  5
8C8
330
1A
100
AcDbEntity
  8
BLACK
  6
CONTINUOUS
100
AcDbLine
 10
2.8603790157480313
 20
0.9035893700787402
 30
0
 11
2.8605384251968502
 21
0.9037275984251968
 31
0
  0
LINE
  5
8C9
330
1A
100
AcDbEntity
  8
BLACK
  6
CONTINUOUS
100
AcDbLine
 10
2.8605384251968502
 20
0.9037275984251968
 30
0
 11
2.8610670078740155
 21
0.9039635826771654
 31
0
  0
LINE
  5
8CA
330
1A
100
AcDbEntity
  8
BLACK
  6
CONTINUOUS
100
AcDbLine
 10
2.8610670078740155
 20
0.9039635826771654
 30
0
 11
2.9004370866141733
 21
0.9170869291338583
 31
0
  0
LINE
  5
8CB
330
1A
100
AcDbEntity
  8
BLACK
  6
CONTINUOUS
100
AcDbLine
 10
2.9004370866141733
 20
0.9170869291338583
 30
0
 11
2.901001496062992
 21
0.9172152755905512
 31
0
  0
LINE
  5
8CC
330
1A
100
AcDbEntity
  8
BLACK
  6
CONTINUOUS
100
AcDbLine
 10
2.901001496062992
 20
0.9172152755905512
 30
0
 11
2.9021507086614173
 21
0.9171335826771654
 31
0
  0
LINE
  5
8CD
330
1A
100
AcDbEntity
  8
BLACK
  6
CONTINUOUS
100
AcDbLine
 10
2.8713381496062991
 20
0.9011623622047243
 30
0
 11
2.8871694488188977
 21
0.8958852755905512
 31
0
  0
LINE
  5
8CE
330
1A
100
AcDbEntity
  8
BLACK
  6
CONTINUOUS
100
AcDbLine
 10
2.8871694488188977
 20
0.8958852755905512
 30
0
 11
2.8871694488188977
 21
0.9064394881889764
 31
0
  0
LINE
  5
8CF
330
1A
100
AcDbEntity
  8
BLACK
  6
CONTINUOUS
100
AcDbLine
 10
2.8871694488188977
 20
0.9064394881889764
 30
0
 11
2.8713381496062991
 21
0.9011623622047243
 31
0
  0
LINE
  5
8D0
330
1A
100
AcDbEntity
  8
BLACK
  6
CONTINUOUS
100
AcDbLine
 10
2.8845984251968502
 20
0.9528491338582677
 30
0
 11
2.8846414566929135
 21
0.9528555118110236
 31
0
  0
LINE
  5
8D1
330
1A
100
AcDbEntity
  8
BLACK
  6
CONTINUOUS
100
AcDbLine
 10
2.8846414566929135
 20
0.9528555118110236
 30
0
 11
2.8848569291338584
 21
0.9528236614173228
 31
0
  0
LINE
  5
8D2
330
1A
100
AcDbEntity
  8
BLACK
  6
CONTINUOUS
100
AcDbLine
 10
2.8848569291338584
 20
0.9528236614173228
 30
0
 11
2.8850739763779525
 21
0.9528022834645669
 31
0
  0
LINE
  5
8D3
330
1A
100
AcDbEntity
  8
BLACK
  6
CONTINUOUS
100
AcDbLine
 10
2.8850739763779525
 20
0.9528022834645669
 30
0
 11
2.8851141732283465
 21
0.9527856692913386
 31
0
  0
LINE
  5
8D4
330
1A
100
AcDbEntity
  8
BLACK
  6
CONTINUOUS
100
AcDbLine
 10
2.8851141732283465
 20
0.9527856692913386
 30
0
 11
2.88521405511811
 21
0.9527708661417322
 31
0
  0
LINE
  5
8D5
330
1A
100
AcDbEntity
  8
BLACK
  6
CONTINUOUS
100
AcDbLine
 10
2.88521405511811
 20
0.9527708661417322
 30
0
 11
2.8927131102362202
 21
0.9508961023622047
 31
0
  0
LINE
  5
8D6
330
1A
100
AcDbEntity
  8
BLACK
  6
CONTINUOUS
100
AcDbLine
 10
2.8927131102362202
 20
0.9508961023622047
 30
0
 11
2.892755590551181
 21
0.9508809448818898
 31
0
  0
LINE
  5
8D7
330
1A
100
AcDbEntity
  8
BLACK
  6
CONTINUOUS
100
AcDbLine
 10
2.892755590551181
 20
0.9508809448818898
 30
0
 11
2.8927768503937008
 21
0.9508794094488189
 31
0
  0
LINE
  5
8D8
330
1A
100
AcDbEntity
  8
BLACK
  6
CONTINUOUS
100
AcDbLine
 10
2.8927768503937008
 20
0.9508794094488189
 30
0
 11
2.8930162598425198
 21
0.9507877952755905
 31
0
  0
LINE
  5
8D9
330
1A
100
AcDbEntity
  8
BLACK
  6
CONTINUOUS
100
AcDbLine
 10
2.8930162598425198
 20
0.9507877952755905
 30
0
 11
2.8932582283464567
 21
0.9507013385826771
 31
0
  0
LINE
  5
8DA
330
1A
100
AcDbEntity
  8
BLACK
  6
CONTINUOUS
100
AcDbLine
 10
2.8932582283464567
 20
0.9507013385826771
 30
0
 11
2.8932753543307088
 21
0.9506886614173228
 31
0
  0
LINE
  5
8DB
330
1A
100
AcDbEntity
  8
BLACK
  6
CONTINUOUS
100
AcDbLine
 10
2.8932753543307088
 20
0.9506886614173228
 30
0
 11
2.8933174803149604
 21
0.9506725196850393
 31
0
  0
LINE
  5
8DC
330
1A
100
AcDbEntity
  8
BLACK
  6
CONTINUOUS
100
AcDbLine
 10
2.8933174803149604
 20
0.9506725196850393
 30
0
 11
2.8970670078740155
 21
0.9487977559055117
 31
0
  0
LINE
  5
8DD
330
1A
100
AcDbEntity
  8
BLACK
  6
CONTINUOUS
100
AcDbLine
 10
2.8970670078740155
 20
0.9487977559055117
 30
0
 11
2.8973148818897636
 21
0.9486417322834646
 31
0
  0
LINE
  5
8DE
330
1A
100
AcDbEntity
  8
BLACK
  6
CONTINUOUS
100
AcDbLine
 10
2.8973148818897636
 20
0.9486417322834646
 30
0
 11
2.8973869291338583
 21
0.9486118897637795
 31
0
  0
LINE
  5
8DF
330
1A
100
AcDbEntity
  8
BLACK
  6
CONTINUOUS
100
AcDbLine
 10
2.8973869291338583
 20
0.9486118897637795
 30
0
 11
2.8974679527559055
 21
0.9485453937007874
 31
0
  0
LINE
  5
8E0
330
1A
100
AcDbEntity
  8
BLACK
  6
CONTINUOUS
100
AcDbLine
 10
2.8974679527559055
 20
0.9485453937007874
 30
0
 11
2.8975568897637793
 21
0.9484894094488189
 31
0
  0
LINE
  5
8E1
330
1A
100
AcDbEntity
  8
BLACK
  6
CONTINUOUS
100
AcDbLine
 10
2.8975568897637793
 20
0.9484894094488189
 30
0
 11
2.8976080314960631
 21
0.9484304330708662
 31
0
  0
LINE
  5
8E2
330
1A
100
AcDbEntity
  8
BLACK
  6
CONTINUOUS
100
AcDbLine
 10
2.8976080314960631
 20
0.9484304330708662
 30
0
 11
2.8978344094488189
 21
0.9482446456692913
 31
0
  0
LINE
  5
8E3
330
1A
100
AcDbEntity
  8
BLACK
  6
CONTINUOUS
100
AcDbLine
 10
2.8978344094488189
 20
0.9482446456692913
 30
0
 11
2.9015839763779527
 21
0.9444951181102362
 31
0
  0
LINE
  5
8E4
330
1A
100
AcDbEntity
  8
BLACK
  6
CONTINUOUS
100
AcDbLine
 10
2.9015839763779527
 20
0.9444951181102362
 30
0
 11
2.9019512204724407
 21
0.9440476771653543
 31
0
  0
LINE
  5
8E5
330
1A
100
AcDbEntity
  8
BLACK
  6
CONTINUOUS
100
AcDbLine
 10
2.9019512204724407
 20
0.9440476771653543
 30
0
 11
2.9019918110236218
 21
0.9439496456692913
 31
0
  0
LINE
  5
8E6
330
1A
100
AcDbEntity
  8
BLACK
  6
CONTINUOUS
100
AcDbLine
 10
2.9019918110236218
 20
0.9439496456692913
 30
0
 11
2.9020612992125985
 21
0.9438695275590551
 31
0
  0
LINE
  5
8E7
330
1A
100
AcDbEntity
  8
BLACK
  6
CONTINUOUS
100
AcDbLine
 10
2.9020612992125985
 20
0.9438695275590551
 30
0
 11
2.9022972834645668
 21
0.9433409448818897
 31
0
  0
LINE
  5
8E8
330
1A
100
AcDbEntity
  8
BLACK
  6
CONTINUOUS
100
AcDbLine
 10
2.9022972834645668
 20
0.9433409448818897
 30
0
 11
2.9041720472440944
 21
0.9377166929133858
 31
0
  0
LINE
  5
8E9
330
1A
100
AcDbEntity
  8
BLACK
  6
CONTINUOUS
100
AcDbLine
 10
2.9041720472440944
 20
0.9377166929133858
 30
0
 11
2.9042369685039371
 21
0.937431062992126
 31
0
  0
LINE
  5
8EA
330
1A
100
AcDbEntity
  8
BLACK
  6
CONTINUOUS
100
AcDbLine
 10
2.9042369685039371
 20
0.937431062992126
 30
0
 11
2.9042668503937006
 21
0.9373589763779527
 31
0
  0
LINE
  5
8EB
330
1A
100
AcDbEntity
  8
BLACK
  6
CONTINUOUS
100
AcDbLine
 10
2.9042668503937006
 20
0.9373589763779527
 30
0
 11
2.9042771259842519
 21
0.9372545275590551
 31
0
  0
LINE
  5
8EC
330
1A
100
AcDbEntity
  8
BLACK
  6
CONTINUOUS
100
AcDbLine
 10
2.9042771259842519
 20
0.9372545275590551
 30
0
 11
2.9043003937007872
 21
0.9371522440944882
 31
0
  0
LINE
  5
8ED
330
1A
100
AcDbEntity
  8
BLACK
  6
CONTINUOUS
100
AcDbLine
 10
2.9043003937007872
 20
0.9371522440944882
 30
0
 11
2.9042948425196848
 21
0.9370745275590551
 31
0
  0
LINE
  5
8EE
330
1A
100
AcDbEntity
  8
BLACK
  6
CONTINUOUS
100
AcDbLine
 10
2.9042948425196848
 20
0.9370745275590551
 30
0
 11
2.9043235826771654
 21
0.9367829133858268
 31
0
  0
LINE
  5
8EF
330
1A
100
AcDbEntity
  8
BLACK
  6
CONTINUOUS
100
AcDbLine
 10
2.9043235826771654
 20
0.9367829133858268
 30
0
 11
2.9043235826771654
 21
0.927409094488189
 31
0
  0
LINE
  5
8F0
330
1A
100
AcDbEntity
  8
BLACK
  6
CONTINUOUS
100
AcDbLine
 10
2.9043235826771654
 20
0.927409094488189
 30
0
 11
2.9042668503937006
 21
0.926833031496063
 31
0
  0
LINE
  5
8F1
330
1A
100
AcDbEntity
  8
BLACK
  6
CONTINUOUS
100
AcDbLine
 10
2.9042668503937006
 20
0.926833031496063
 30
0
 11
2.9038259448818895
 21
0.9257686220472441
 31
0
  0
LINE
  5
8F2
330
1A
100
AcDbEntity
  8
BLACK
  6
CONTINUOUS
100
AcDbLine
 10
2.9038259448818895
 20
0.9257686220472441
 30
0
 11
2.9030112992125985
 21
0.9249539763779527
 31
0
  0
LINE
  5
8F3
330
1A
100
AcDbEntity
  8
BLACK
  6
CONTINUOUS
100
AcDbLine
 10
2.9030112992125985
 20
0.9249539763779527
 30
0
 11
2.9019468897637797
 21
0.9245130708661418
 31
0
  0
LINE
  5
8F4
330
1A
100
AcDbEntity
  8
BLACK
  6
CONTINUOUS
100
AcDbLine
 10
2.9019468897637797
 20
0.9245130708661418
 30
0
 11
2.9013708267716534
 21
0.9244563385826772
 31
0
  0
LINE
  5
8F5
330
1A
100
AcDbEntity
  8
BLACK
  6
CONTINUOUS
100
AcDbLine
 10
2.9013708267716534
 20
0.9244563385826772
 30
0
 11
2.862000748031496
 21
0.9244563385826772
 31
0
  0
LINE
  5
8F6
330
1A
100
AcDbEntity
  8
BLACK
  6
CONTINUOUS
100
AcDbLine
 10
2.862000748031496
 20
0.9244563385826772
 30
0
 11
2.8614246850393701
 21
0.9245130708661418
 31
0
  0
LINE
  5
8F7
330
1A
100
AcDbEntity
  8
BLACK
  6
CONTINUOUS
100
AcDbLine
 10
2.8614246850393701
 20
0.9245130708661418
 30
0
 11
2.8603602755905513
 21
0.9249539763779527
 31
0
  0
LINE
  5
8F8
330
1A
100
AcDbEntity
  8
BLACK
  6
CONTINUOUS
100
AcDbLine
 10
2.8603602755905513
 20
0.9249539763779527
 30
0
 11
2.8595456299212598
 21
0.9257686220472441
 31
0
  0
LINE
  5
8F9
330
1A
100
AcDbEntity
  8
BLACK
  6
CONTINUOUS
100
AcDbLine
 10
2.8595456299212598
 20
0.9257686220472441
 30
0
 11
2.8591047244094487
 21
0.926833031496063
 31
0
  0
LINE
  5
8FA
330
1A
100
AcDbEntity
  8
BLACK
  6
CONTINUOUS
100
AcDbLine
 10
2.8591047244094487
 20
0.926833031496063
 30
0
 11
2.8590479921259844
 21
0.927409094488189
 31
0
  0
LINE
  5
8FB
330
1A
100
AcDbEntity
  8
BLACK
  6
CONTINUOUS
100
AcDbLine
 10
2.8590479921259844
 20
0.927409094488189
 30
0
 11
2.8590479921259844
 21
0.9367829133858268
 31
0
  0
LINE
  5
8FC
330
1A
100
AcDbEntity
  8
BLACK
  6
CONTINUOUS
100
AcDbLine
 10
2.8590479921259844
 20
0.9367829133858268
 30
0
 11
2.8590766929133857
 21
0.9370744881889763
 31
0
  0
LINE
  5
8FD
330
1A
100
AcDbEntity
  8
BLACK
  6
CONTINUOUS
100
AcDbLine
 10
2.8590766929133857
 20
0.9370744881889763
 30
0
 11
2.8590711811023621
 21
0.9371522047244094
 31
0
  0
LINE
  5
8FE
330
1A
100
AcDbEntity
  8
BLACK
  6
CONTINUOUS
100
AcDbLine
 10
2.8590711811023621
 20
0.9371522047244094
 30
0
 11
2.8590944094488187
 21
0.9372544881889764
 31
0
  0
LINE
  5
8FF
330
1A
100
AcDbEntity
  8
BLACK
  6
CONTINUOUS
100
AcDbLine
 10
2.8590944094488187
 20
0.9372544881889764
 30
0
 11
2.8591047244094487
 21
0.9373589763779527
 31
0
  0
LINE
  5
900
330
1A
100
AcDbEntity
  8
BLACK
  6
CONTINUOUS
100
AcDbLine
 10
2.8591047244094487
 20
0.9373589763779527
 30
0
 11
2.8591345669291339
 21
0.9374311023622047
 31
0
  0
LINE
  5
901
330
1A
100
AcDbEntity
  8
BLACK
  6
CONTINUOUS
100
AcDbLine
 10
2.8591345669291339
 20
0.9374311023622047
 30
0
 11
2.8591995275590549
 21
0.937716653543307
 31
0
  0
LINE
  5
902
330
1A
100
AcDbEntity
  8
BLACK
  6
CONTINUOUS
100
AcDbLine
 10
2.8591995275590549
 20
0.937716653543307
 30
0
 11
2.8610742913385825
 21
0.9433409448818897
 31
0
  0
LINE
  5
903
330
1A
100
AcDbEntity
  8
BLACK
  6
CONTINUOUS
100
AcDbLine
 10
2.8610742913385825
 20
0.9433409448818897
 30
0
 11
2.8613102755905513
 21
0.9438694881889763
 31
0
  0
LINE
  5
904
330
1A
100
AcDbEntity
  8
BLACK
  6
CONTINUOUS
100
AcDbLine
 10
2.8613102755905513
 20
0.9438694881889763
 30
0
 11
2.8613797637795275
 21
0.9439496456692913
 31
0
  0
LINE
  5
905
330
1A
100
AcDbEntity
  8
BLACK
  6
CONTINUOUS
100
AcDbLine
 10
2.8613797637795275
 20
0.9439496456692913
 30
0
 11
2.8614203937007874
 21
0.9440476771653543
 31
0
  0
LINE
  5
906
330
1A
100
AcDbEntity
  8
BLACK
  6
CONTINUOUS
100
AcDbLine
 10
2.8614203937007874
 20
0.9440476771653543
 30
0
 11
2.8617875984251966
 21
0.9444951181102362
 31
0
  0
LINE
  5
907
330
1A
100
AcDbEntity
  8
BLACK
  6
CONTINUOUS
100
AcDbLine
 10
2.8617875984251966
 20
0.9444951181102362
 30
0
 11
2.8655371259842517
 21
0.9482446456692913
 31
0
  0
LINE
  5
908
330
1A
100
AcDbEntity
  8
BLACK
  6
CONTINUOUS
100
AcDbLine
 10
2.8655371259842517
 20
0.9482446456692913
 30
0
 11
2.865763503937008
 21
0.9484305118110236
 31
0
  0
LINE
  5
909
330
1A
100
AcDbEntity
  8
BLACK
  6
CONTINUOUS
100
AcDbLine
 10
2.865763503937008
 20
0.9484305118110236
 30
0
 11
2.8658146456692912
 21
0.9484894094488189
 31
0
  0
LINE
  5
90A
330
1A
100
AcDbEntity
  8
BLACK
  6
CONTINUOUS
100
AcDbLine
 10
2.8658146456692912
 20
0.9484894094488189
 30
0
 11
2.8659033858267717
 21
0.9485453149606299
 31
0
  0
LINE
  5
90B
330
1A
100
AcDbEntity
  8
BLACK
  6
CONTINUOUS
100
AcDbLine
 10
2.8659033858267717
 20
0.9485453149606299
 30
0
 11
2.8659845669291339
 21
0.9486118897637795
 31
0
  0
LINE
  5
90C
330
1A
100
AcDbEntity
  8
BLACK
  6
CONTINUOUS
100
AcDbLine
 10
2.8659845669291339
 20
0.9486118897637795
 30
0
 11
2.8660566929133857
 21
0.9486417716535432
 31
0
  0
LINE
  5
90D
330
1A
100
AcDbEntity
  8
BLACK
  6
CONTINUOUS
100
AcDbLine
 10
2.8660566929133857
 20
0.9486417716535432
 30
0
 11
2.8663045275590551
 21
0.9487977559055117
 31
0
  0
LINE
  5
90E
330
1A
100
AcDbEntity
  8
BLACK
  6
CONTINUOUS
100
AcDbLine
 10
2.8663045275590551
 20
0.9487977559055117
 30
0
 11
2.8700540551181102
 21
0.9506725196850393
 31
0
  0
LINE
  5
90F
330
1A
100
AcDbEntity
  8
BLACK
  6
CONTINUOUS
100
AcDbLine
 10
2.8700540551181102
 20
0.9506725196850393
 30
0
 11
2.8700961417322834
 21
0.9506886614173228
 31
0
  0
LINE
  5
910
330
1A
100
AcDbEntity
  8
BLACK
  6
CONTINUOUS
100
AcDbLine
 10
2.8700961417322834
 20
0.9506886614173228
 30
0
 11
2.8701133070866143
 21
0.9507013385826771
 31
0
  0
LINE
  5
911
330
1A
100
AcDbEntity
  8
BLACK
  6
CONTINUOUS
100
AcDbLine
 10
2.8701133070866143
 20
0.9507013385826771
 30
0
 11
2.8703548818897637
 21
0.9507876771653543
 31
0
  0
LINE
  5
912
330
1A
100
AcDbEntity
  8
BLACK
  6
CONTINUOUS
100
AcDbLine
 10
2.8703548818897637
 20
0.9507876771653543
 30
0
 11
2.8705946456692915
 21
0.9508794094488189
 31
0
  0
LINE
  5
913
330
1A
100
AcDbEntity
  8
BLACK
  6
CONTINUOUS
100
AcDbLine
 10
2.8705946456692915
 20
0.9508794094488189
 30
0
 11
2.8706159055118108
 21
0.9508809448818898
 31
0
  0
LINE
  5
914
330
1A
100
AcDbEntity
  8
BLACK
  6
CONTINUOUS
100
AcDbLine
 10
2.8706159055118108
 20
0.9508809448818898
 30
0
 11
2.8706584251968503
 21
0.9508961023622047
 31
0
  0
LINE
  5
915
330
1A
100
AcDbEntity
  8
BLACK
  6
CONTINUOUS
100
AcDbLine
 10
2.8706584251968503
 20
0.9508961023622047
 30
0
 11
2.8781574803149605
 21
0.9527708661417322
 31
0
  0
LINE
  5
916
330
1A
100
AcDbEntity
  8
BLACK
  6
CONTINUOUS
100
AcDbLine
 10
2.8781574803149605
 20
0.9527708661417322
 30
0
 11
2.8782573228346457
 21
0.9527856692913386
 31
0
  0
LINE
  5
917
330
1A
100
AcDbEntity
  8
BLACK
  6
CONTINUOUS
100
AcDbLine
 10
2.8782573228346457
 20
0.9527856692913386
 30
0
 11
2.8782975590551181
 21
0.9528022834645669
 31
0
  0
LINE
  5
918
330
1A
100
AcDbEntity
  8
BLACK
  6
CONTINUOUS
100
AcDbLine
 10
2.8782975590551181
 20
0.9528022834645669
 30
0
 11
2.8785145669291339
 21
0.9528236614173228
 31
0
  0
LINE
  5
919
330
1A
100
AcDbEntity
  8
BLACK
  6
CONTINUOUS
100
AcDbLine
 10
2.8785145669291339
 20
0.9528236614173228
 30
0
 11
2.8787300787401575
 21
0.9528555118110236
 31
0
  0
LINE
  5
91A
330
1A
100
AcDbEntity
  8
BLACK
  6
CONTINUOUS
100
AcDbLine
 10
2.8787300787401575
 20
0.9528555118110236
 30
0
 11
2.8787730708661416
 21
0.9528491338582677
 31
0
  0
LINE
  5
91B
330
1A
100
AcDbEntity
  8
BLACK
  6
CONTINUOUS
100
AcDbLine
 10
2.8787730708661416
 20
0.9528491338582677
 30
0
 11
2.878873622047244
 21
0.9528590157480314
 31
0
  0
LINE
  5
91C
330
1A
100
AcDbEntity
  8
BLACK
  6
CONTINUOUS
100
AcDbLine
 10
2.878873622047244
 20
0.9528590157480314
 30
0
 11
2.8844979133858266
 21
0.9528590157480314
 31
0
  0
LINE
  5
91D
330
1A
100
AcDbEntity
  8
BLACK
  6
CONTINUOUS
100
AcDbLine
 10
2.8844979133858266
 20
0.9528590157480314
 30
0
 11
2.8845984251968502
 21
0.9528491338582677
 31
0
  0
LINE
  5
91E
330
1A
100
AcDbEntity
  8
BLACK
  6
CONTINUOUS
100
AcDbLine
 10
2.8724051181102364
 20
0.9452455118110236
 30
0
 11
2.8693741338582677
 21
0.94373
 31
0
  0
LINE
  5
91F
330
1A
100
AcDbEntity
  8
BLACK
  6
CONTINUOUS
100
AcDbLine
 10
2.8693741338582677
 20
0.94373
 30
0
 11
2.8664562992125981
 21
0.9408122047244094
 31
0
  0
LINE
  5
920
330
1A
100
AcDbEntity
  8
BLACK
  6
CONTINUOUS
100
AcDbLine
 10
2.8664562992125981
 20
0.9408122047244094
 30
0
 11
2.864953503937008
 21
0.9363037795275591
 31
0
  0
LINE
  5
921
330
1A
100
AcDbEntity
  8
BLACK
  6
CONTINUOUS
100
AcDbLine
 10
2.864953503937008
 20
0.9363037795275591
 30
0
 11
2.864953503937008
 21
0.9303618503937008
 31
0
  0
LINE
  5
922
330
1A
100
AcDbEntity
  8
BLACK
  6
CONTINUOUS
100
AcDbLine
 10
2.864953503937008
 20
0.9303618503937008
 30
0
 11
2.8984180708661418
 21
0.9303618503937008
 31
0
  0
LINE
  5
923
330
1A
100
AcDbEntity
  8
BLACK
  6
CONTINUOUS
100
AcDbLine
 10
2.8984180708661418
 20
0.9303618503937008
 30
0
 11
2.8984180708661418
 21
0.9363037795275591
 31
0
  0
LINE
  5
924
330
1A
100
AcDbEntity
  8
BLACK
  6
CONTINUOUS
100
AcDbLine
 10
2.8984180708661418
 20
0.9363037795275591
 30
0
 11
2.8969152755905512
 21
0.9408121653543307
 31
0
  0
LINE
  5
925
330
1A
100
AcDbEntity
  8
BLACK
  6
CONTINUOUS
100
AcDbLine
 10
2.8969152755905512
 20
0.9408121653543307
 30
0
 11
2.8939974015748029
 21
0.94373
 31
0
  0
LINE
  5
926
330
1A
100
AcDbEntity
  8
BLACK
  6
CONTINUOUS
100
AcDbLine
 10
2.8939974015748029
 20
0.94373
 30
0
 11
2.8909664173228347
 21
0.9452455118110236
 31
0
  0
LINE
  5
927
330
1A
100
AcDbEntity
  8
BLACK
  6
CONTINUOUS
100
AcDbLine
 10
2.8909664173228347
 20
0.9452455118110236
 30
0
 11
2.8841343700787401
 21
0.9469535039370078
 31
0
  0
LINE
  5
928
330
1A
100
AcDbEntity
  8
BLACK
  6
CONTINUOUS
100
AcDbLine
 10
2.8841343700787401
 20
0.9469535039370078
 30
0
 11
2.8792371653543305
 21
0.9469535039370078
 31
0
  0
LINE
  5
929
330
1A
100
AcDbEntity
  8
BLACK
  6
CONTINUOUS
100
AcDbLine
 10
2.8792371653543305
 20
0.9469535039370078
 30
0
 11
2.8724051181102364
 21
0.9452455118110236
 31
0
  0
LINE
  5
92A
330
1A
100
AcDbEntity
  8
BLACK
  6
CONTINUOUS
100
AcDbLine
 10
2.8636412204724411
 20
0.9879819291338583
 30
0
 11
2.8644558661417321
 21
0.9871672834645669
 31
0
  0
LINE
  5
92B
330
1A
100
AcDbEntity
  8
BLACK
  6
CONTINUOUS
100
AcDbLine
 10
2.8644558661417321
 20
0.9871672834645669
 30
0
 11
2.8648967716535432
 21
0.986102874015748
 31
0
  0
LINE
  5
92C
330
1A
100
AcDbEntity
  8
BLACK
  6
CONTINUOUS
100
AcDbLine
 10
2.8648967716535432
 20
0.986102874015748
 30
0
 11
2.864953503937008
 21
0.9855268110236221
 31
0
  0
LINE
  5
92D
330
1A
100
AcDbEntity
  8
BLACK
  6
CONTINUOUS
100
AcDbLine
 10
2.864953503937008
 20
0.9855268110236221
 30
0
 11
2.864953503937008
 21
0.9697319291338582
 31
0
  0
LINE
  5
92E
330
1A
100
AcDbEntity
  8
BLACK
  6
CONTINUOUS
100
AcDbLine
 10
2.864953503937008
 20
0.9697319291338582
 30
0
 11
2.8777956299212599
 21
0.9697319291338582
 31
0
  0
LINE
  5
92F
330
1A
100
AcDbEntity
  8
BLACK
  6
CONTINUOUS
100
AcDbLine
 10
2.8777956299212599
 20
0.9697319291338582
 30
0
 11
2.8777956299212599
 21
0.9799025196850394
 31
0
  0
LINE
  5
930
330
1A
100
AcDbEntity
  8
BLACK
  6
CONTINUOUS
100
AcDbLine
 10
2.8777956299212599
 20
0.9799025196850394
 30
0
 11
2.8778523622047243
 21
0.9804785826771654
 31
0
  0
LINE
  5
931
330
1A
100
AcDbEntity
  8
BLACK
  6
CONTINUOUS
100
AcDbLine
 10
2.8778523622047243
 20
0.9804785826771654
 30
0
 11
2.8782932677165354
 21
0.9815429921259843
 31
0
  0
LINE
  5
932
330
1A
100
AcDbEntity
  8
BLACK
  6
CONTINUOUS
100
AcDbLine
 10
2.8782932677165354
 20
0.9815429921259843
 30
0
 11
2.8791079133858268
 21
0.9823576377952755
 31
0
  0
LINE
  5
933
330
1A
100
AcDbEntity
  8
BLACK
  6
CONTINUOUS
100
AcDbLine
 10
2.8791079133858268
 20
0.9823576377952755
 30
0
 11
2.8801723228346456
 21
0.9827985433070866
 31
0
  0
LINE
  5
934
330
1A
100
AcDbEntity
  8
BLACK
  6
CONTINUOUS
100
AcDbLine
 10
2.8801723228346456
 20
0.9827985433070866
 30
0
 11
2.8813244488188974
 21
0.9827985433070866
 31
0
  0
LINE
  5
935
330
1A
100
AcDbEntity
  8
BLACK
  6
CONTINUOUS
100
AcDbLine
 10
2.8813244488188974
 20
0.9827985433070866
 30
0
 11
2.8823888582677166
 21
0.9823576377952755
 31
0
  0
LINE
  5
936
330
1A
100
AcDbEntity
  8
BLACK
  6
CONTINUOUS
100
AcDbLine
 10
2.8823888582677166
 20
0.9823576377952755
 30
0
 11
2.8832035039370076
 21
0.9815429921259843
 31
0
  0
LINE
  5
937
330
1A
100
AcDbEntity
  8
BLACK
  6
CONTINUOUS
100
AcDbLine
 10
2.8832035039370076
 20
0.9815429921259843
 30
0
 11
2.8836444094488187
 21
0.9804785826771654
 31
0
  0
LINE
  5
938
330
1A
100
AcDbEntity
  8
BLACK
  6
CONTINUOUS
100
AcDbLine
 10
2.8836444094488187
 20
0.9804785826771654
 30
0
 11
2.8837011417322835
 21
0.9799025196850394
 31
0
  0
LINE
  5
939
330
1A
100
AcDbEntity
  8
BLACK
  6
CONTINUOUS
100
AcDbLine
 10
2.8837011417322835
 20
0.9799025196850394
 30
0
 11
2.8837011417322835
 21
0.9697319291338582
 31
0
  0
LINE
  5
93A
330
1A
100
AcDbEntity
  8
BLACK
  6
CONTINUOUS
100
AcDbLine
 10
2.8837011417322835
 20
0.9697319291338582
 30
0
 11
2.8984180708661418
 21
0.9697319291338582
 31
0
  0
LINE
  5
93B
330
1A
100
AcDbEntity
  8
BLACK
  6
CONTINUOUS
100
AcDbLine
 10
2.8984180708661418
 20
0.9697319291338582
 30
0
 11
2.8984180708661418
 21
0.9855268110236221
 31
0
  0
LINE
  5
93C
330
1A
100
AcDbEntity
  8
BLACK
  6
CONTINUOUS
100
AcDbLine
 10
2.8984180708661418
 20
0.9855268110236221
 30
0
 11
2.8984748031496061
 21
0.986102874015748
 31
0
  0
LINE
  5
93D
330
1A
100
AcDbEntity
  8
BLACK
  6
CONTINUOUS
100
AcDbLine
 10
2.8984748031496061
 20
0.986102874015748
 30
0
 11
2.8989157086614172
 21
0.9871672834645669
 31
0
  0
LINE
  5
93E
330
1A
100
AcDbEntity
  8
BLACK
  6
CONTINUOUS
100
AcDbLine
 10
2.8989157086614172
 20
0.9871672834645669
 30
0
 11
2.8997303543307087
 21
0.9879819291338583
 31
0
  0
LINE
  5
93F
330
1A
100
AcDbEntity
  8
BLACK
  6
CONTINUOUS
100
AcDbLine
 10
2.8997303543307087
 20
0.9879819291338583
 30
0
 11
2.9007947637795275
 21
0.9884228346456693
 31
0
  0
LINE
  5
940
330
1A
100
AcDbEntity
  8
BLACK
  6
CONTINUOUS
100
AcDbLine
 10
2.9007947637795275
 20
0.9884228346456693
 30
0
 11
2.9019468897637797
 21
0.9884228346456693
 31
0
  0
LINE
  5
941
330
1A
100
AcDbEntity
  8
BLACK
  6
CONTINUOUS
100
AcDbLine
 10
2.9019468897637797
 20
0.9884228346456693
 30
0
 11
2.9030112992125985
 21
0.9879819291338583
 31
0
  0
LINE
  5
942
330
1A
100
AcDbEntity
  8
BLACK
  6
CONTINUOUS
100
AcDbLine
 10
2.9030112992125985
 20
0.9879819291338583
 30
0
 11
2.9038259448818895
 21
0.9871672834645669
 31
0
  0
LINE
  5
943
330
1A
100
AcDbEntity
  8
BLACK
  6
CONTINUOUS
100
AcDbLine
 10
2.9038259448818895
 20
0.9871672834645669
 30
0
 11
2.9042668503937006
 21
0.986102874015748
 31
0
  0
LINE
  5
944
330
1A
100
AcDbEntity
  8
BLACK
  6
CONTINUOUS
100
AcDbLine
 10
2.9042668503937006
 20
0.986102874015748
 30
0
 11
2.9043235826771654
 21
0.9855268110236221
 31
0
  0
LINE
  5
945
330
1A
100
AcDbEntity
  8
BLACK
  6
CONTINUOUS
100
AcDbLine
 10
2.9043235826771654
 20
0.9855268110236221
 30
0
 11
2.9043235826771654
 21
0.9667791732283464
 31
0
  0
LINE
  5
946
330
1A
100
AcDbEntity
  8
BLACK
  6
CONTINUOUS
100
AcDbLine
 10
2.9043235826771654
 20
0.9667791732283464
 30
0
 11
2.9042668503937006
 21
0.9662031102362204
 31
0
  0
LINE
  5
947
330
1A
100
AcDbEntity
  8
BLACK
  6
CONTINUOUS
100
AcDbLine
 10
2.9042668503937006
 20
0.9662031102362204
 30
0
 11
2.9038259448818895
 21
0.9651387007874016
 31
0
  0
LINE
  5
948
330
1A
100
AcDbEntity
  8
BLACK
  6
CONTINUOUS
100
AcDbLine
 10
2.9038259448818895
 20
0.9651387007874016
 30
0
 11
2.9030112992125985
 21
0.9643240551181103
 31
0
  0
LINE
  5
949
330
1A
100
AcDbEntity
  8
BLACK
  6
CONTINUOUS
100
AcDbLine
 10
2.9030112992125985
 20
0.9643240551181103
 30
0
 11
2.9019468897637797
 21
0.9638831496062992
 31
0
  0
LINE
  5
94A
330
1A
100
AcDbEntity
  8
BLACK
  6
CONTINUOUS
100
AcDbLine
 10
2.9019468897637797
 20
0.9638831496062992
 30
0
 11
2.9013708267716534
 21
0.9638264173228346
 31
0
  0
LINE
  5
94B
330
1A
100
AcDbEntity
  8
BLACK
  6
CONTINUOUS
100
AcDbLine
 10
2.9013708267716534
 20
0.9638264173228346
 30
0
 11
2.862000748031496
 21
0.9638264173228346
 31
0
  0
LINE
  5
94C
330
1A
100
AcDbEntity
  8
BLACK
  6
CONTINUOUS
100
AcDbLine
 10
2.862000748031496
 20
0.9638264173228346
 30
0
 11
2.8614246850393701
 21
0.9638831496062992
 31
0
  0
LINE
  5
94D
330
1A
100
AcDbEntity
  8
BLACK
  6
CONTINUOUS
100
AcDbLine
 10
2.8614246850393701
 20
0.9638831496062992
 30
0
 11
2.8603602755905513
 21
0.9643240551181103
 31
0
  0
LINE
  5
94E
330
1A
100
AcDbEntity
  8
BLACK
  6
CONTINUOUS
100
AcDbLine
 10
2.8603602755905513
 20
0.9643240551181103
 30
0
 11
2.8595456299212598
 21
0.9651387007874016
 31
0
  0
LINE
  5
94F
330
1A
100
AcDbEntity
  8
BLACK
  6
CONTINUOUS
100
AcDbLine
 10
2.8595456299212598
 20
0.9651387007874016
 30
0
 11
2.8591047244094487
 21
0.9662031102362204
 31
0
  0
LINE
  5
950
330
1A
100
AcDbEntity
  8
BLACK
  6
CONTINUOUS
100
AcDbLine
 10
2.8591047244094487
 20
0.9662031102362204
 30
0
 11
2.8590479921259844
 21
0.9667791732283464
 31
0
  0
LINE
  5
951
330
1A
100
AcDbEntity
  8
BLACK
  6
CONTINUOUS
100
AcDbLine
 10
2.8590479921259844
 20
0.9667791732283464
 30
0
 11
2.8590479921259844
 21
0.9855268110236221
 31
0
  0
LINE
  5
952
330
1A
100
AcDbEntity
  8
BLACK
  6
CONTINUOUS
100
AcDbLine
 10
2.8590479921259844
 20
0.9855268110236221
 30
0
 11
2.8591047244094487
 21
0.986102874015748
 31
0
  0
LINE
  5
953
330
1A
100
AcDbEntity
  8
BLACK
  6
CONTINUOUS
100
AcDbLine
 10
2.8591047244094487
 20
0.986102874015748
 30
0
 11
2.8595456299212598
 21
0.9871672834645669
 31
0
  0
LINE
  5
954
330
1A
100
AcDbEntity
  8
BLACK
  6
CONTINUOUS
100
AcDbLine
 10
2.8595456299212598
 20
0.9871672834645669
 30
0
 11
2.8603602755905513
 21
0.9879819291338583
 31
0
  0
LINE
  5
955
330
1A
100
AcDbEntity
  8
BLACK
  6
CONTINUOUS
100
AcDbLine
 10
2.8603602755905513
 20
0.9879819291338583
 30
0
 11
2.8614246850393701
 21
0.9884228346456693
 31
0
  0
LINE
  5
956
330
1A
100
AcDbEntity
  8
BLACK
  6
CONTINUOUS
100
AcDbLine
 10
2.8614246850393701
 20
0.9884228346456693
 30
0
 11
2.8625768110236218
 21
0.9884228346456693
 31
0
  0
LINE
  5
957
330
1A
100
AcDbEntity
  8
BLACK
  6
CONTINUOUS
100
AcDbLine
 10
2.8625768110236218
 20
0.9884228346456693
 30
0
 11
2.8636412204724411
 21
0.9879819291338583
 31
0
  0
LINE
  5
958
330
1A
100
AcDbEntity
  8
BLACK
  6
CONTINUOUS
100
AcDbLine
 10
2.8757001574803147
 20
1.0277929133858268
 30
0
 11
2.875798149606299
 21
1.0277523228346457
 31
0
  0
LINE
  5
959
330
1A
100
AcDbEntity
  8
BLACK
  6
CONTINUOUS
100
AcDbLine
 10
2.875798149606299
 20
1.0277523228346457
 30
0
 11
2.8759039763779528
 21
1.0277448031496064
 31
0
  0
LINE
  5
95A
330
1A
100
AcDbEntity
  8
BLACK
  6
CONTINUOUS
100
AcDbLine
 10
2.8759039763779528
 20
1.0277448031496064
 30
0
 11
2.8764446062992124
 21
1.0275379133858267
 31
0
  0
LINE
  5
95B
330
1A
100
AcDbEntity
  8
BLACK
  6
CONTINUOUS
100
AcDbLine
 10
2.8764446062992124
 20
1.0275379133858267
 30
0
 11
2.8801941338582675
 21
1.0256631496062991
 31
0
  0
LINE
  5
95C
330
1A
100
AcDbEntity
  8
BLACK
  6
CONTINUOUS
100
AcDbLine
 10
2.8801941338582675
 20
1.0256631496062991
 30
0
 11
2.8804421259842519
 21
1.0255070866141731
 31
0
  0
LINE
  5
95D
330
1A
100
AcDbEntity
  8
BLACK
  6
CONTINUOUS
100
AcDbLine
 10
2.8804421259842519
 20
1.0255070866141731
 30
0
 11
2.8805140944881891
 21
1.0254772440944881
 31
0
  0
LINE
  5
95E
330
1A
100
AcDbEntity
  8
BLACK
  6
CONTINUOUS
100
AcDbLine
 10
2.8805140944881891
 20
1.0254772440944881
 30
0
 11
2.8805950393700788
 21
1.0254107874015748
 31
0
  0
LINE
  5
95F
330
1A
100
AcDbEntity
  8
BLACK
  6
CONTINUOUS
100
AcDbLine
 10
2.8805950393700788
 20
1.0254107874015748
 30
0
 11
2.8806840157480313
 21
1.0253548031496063
 31
0
  0
LINE
  5
960
330
1A
100
AcDbEntity
  8
BLACK
  6
CONTINUOUS
100
AcDbLine
 10
2.8806840157480313
 20
1.0253548031496063
 30
0
 11
2.8807351574803151
 21
1.0252958267716534
 31
0
  0
LINE
  5
961
330
1A
100
AcDbEntity
  8
BLACK
  6
CONTINUOUS
100
AcDbLine
 10
2.8807351574803151
 20
1.0252958267716534
 30
0
 11
2.8809615354330709
 21
1.0251100393700787
 31
0
  0
LINE
  5
962
330
1A
100
AcDbEntity
  8
BLACK
  6
CONTINUOUS
100
AcDbLine
 10
2.8809615354330709
 20
1.0251100393700787
 30
0
 11
2.8828362992125984
 21
1.0232352755905512
 31
0
  0
LINE
  5
963
330
1A
100
AcDbEntity
  8
BLACK
  6
CONTINUOUS
100
AcDbLine
 10
2.8828362992125984
 20
1.0232352755905512
 30
0
 11
2.8830220472440944
 21
1.0230089370078741
 31
0
  0
LINE
  5
964
330
1A
100
AcDbEntity
  8
BLACK
  6
CONTINUOUS
100
AcDbLine
 10
2.8830220472440944
 20
1.0230089370078741
 30
0
 11
2.883081062992126
 21
1.0229577559055119
 31
0
  0
LINE
  5
965
330
1A
100
AcDbEntity
  8
BLACK
  6
CONTINUOUS
100
AcDbLine
 10
2.883081062992126
 20
1.0229577559055119
 30
0
 11
2.8831370078740157
 21
1.0228688188976378
 31
0
  0
LINE
  5
966
330
1A
100
AcDbEntity
  8
BLACK
  6
CONTINUOUS
100
AcDbLine
 10
2.8831370078740157
 20
1.0228688188976378
 30
0
 11
2.8832035039370076
 21
1.0227878346456694
 31
0
  0
LINE
  5
967
330
1A
100
AcDbEntity
  8
BLACK
  6
CONTINUOUS
100
AcDbLine
 10
2.8832035039370076
 20
1.0227878346456694
 30
0
 11
2.8832333070866141
 21
1.0227159055118109
 31
0
  0
LINE
  5
968
330
1A
100
AcDbEntity
  8
BLACK
  6
CONTINUOUS
100
AcDbLine
 10
2.8832333070866141
 20
1.0227159055118109
 30
0
 11
2.8833894094488191
 21
1.022467874015748
 31
0
  0
LINE
  5
969
330
1A
100
AcDbEntity
  8
BLACK
  6
CONTINUOUS
100
AcDbLine
 10
2.8833894094488191
 20
1.022467874015748
 30
0
 11
2.8852641732283466
 21
1.0187183464566929
 31
0
  0
LINE
  5
96A
330
1A
100
AcDbEntity
  8
BLACK
  6
CONTINUOUS
100
AcDbLine
 10
2.8852641732283466
 20
1.0187183464566929
 30
0
 11
2.8854710629921261
 21
1.0181777559055118
 31
0
  0
LINE
  5
96B
330
1A
100
AcDbEntity
  8
BLACK
  6
CONTINUOUS
100
AcDbLine
 10
2.8854710629921261
 20
1.0181777559055118
 30
0
 11
2.8854785826771652
 21
1.0180718897637795
 31
0
  0
LINE
  5
96C
330
1A
100
AcDbEntity
  8
BLACK
  6
CONTINUOUS
100
AcDbLine
 10
2.8854785826771652
 20
1.0180718897637795
 30
0
 11
2.8855191732283463
 21
1.0179738976377952
 31
0
  0
LINE
  5
96D
330
1A
100
AcDbEntity
  8
BLACK
  6
CONTINUOUS
100
AcDbLine
 10
2.8855191732283463
 20
1.0179738976377952
 30
0
 11
2.8855715748031496
 21
1.0174417716535433
 31
0
  0
LINE
  5
96E
330
1A
100
AcDbEntity
  8
BLACK
  6
CONTINUOUS
100
AcDbLine
 10
2.8855715748031496
 20
1.0174417716535433
 30
0
 11
2.8996775590551183
 21
1.0273159055118111
 31
0
  0
LINE
  5
96F
330
1A
100
AcDbEntity
  8
BLACK
  6
CONTINUOUS
100
AcDbLine
 10
2.8996775590551183
 20
1.0273159055118111
 30
0
 11
2.9001820078740157
 21
1.0275997637795276
 31
0
  0
LINE
  5
970
330
1A
100
AcDbEntity
  8
BLACK
  6
CONTINUOUS
100
AcDbLine
 10
2.9001820078740157
 20
1.0275997637795276
 30
0
 11
2.9013068503937007
 21
1.0278489370078741
 31
0
  0
LINE
  5
971
330
1A
100
AcDbEntity
  8
BLACK
  6
CONTINUOUS
100
AcDbLine
 10
2.9013068503937007
 20
1.0278489370078741
 30
0
 11
2.9024414173228346
 21
1.0276487401574803
 31
0
  0
LINE
  5
972
330
1A
100
AcDbEntity
  8
BLACK
  6
CONTINUOUS
100
AcDbLine
 10
2.9024414173228346
 20
1.0276487401574803
 30
0
 11
2.9034129921259844
 21
1.0270295669291338
 31
0
  0
LINE
  5
973
330
1A
100
AcDbEntity
  8
BLACK
  6
CONTINUOUS
100
AcDbLine
 10
2.9034129921259844
 20
1.0270295669291338
 30
0
 11
2.9040737007874013
 21
1.0260857086614172
 31
0
  0
LINE
  5
974
330
1A
100
AcDbEntity
  8
BLACK
  6
CONTINUOUS
100
AcDbLine
 10
2.9040737007874013
 20
1.0260857086614172
 30
0
 11
2.9043229133858266
 21
1.0249608661417322
 31
0
  0
LINE
  5
975
330
1A
100
AcDbEntity
  8
BLACK
  6
CONTINUOUS
100
AcDbLine
 10
2.9043229133858266
 20
1.0249608661417322
 30
0
 11
2.9041226771653541
 21
1.0238263385826771
 31
0
  0
LINE
  5
976
330
1A
100
AcDbEntity
  8
BLACK
  6
CONTINUOUS
100
AcDbLine
 10
2.9041226771653541
 20
1.0238263385826771
 30
0
 11
2.9035035039370078
 21
1.0228547244094488
 31
0
  0
LINE
  5
977
330
1A
100
AcDbEntity
  8
BLACK
  6
CONTINUOUS
100
AcDbLine
 10
2.9035035039370078
 20
1.0228547244094488
 30
0
 11
2.9030641338582677
 21
1.0224779133858268
 31
0
  0
LINE
  5
978
330
1A
100
AcDbEntity
  8
BLACK
  6
CONTINUOUS
100
AcDbLine
 10
2.9030641338582677
 20
1.0224779133858268
 30
0
 11
2.8855759055118111
 21
1.0102361811023621
 31
0
  0
LINE
  5
979
330
1A
100
AcDbEntity
  8
BLACK
  6
CONTINUOUS
100
AcDbLine
 10
2.8855759055118111
 20
1.0102361811023621
 30
0
 11
2.8855759055118111
 21
1.0053524803149607
 31
0
  0
LINE
  5
97A
330
1A
100
AcDbEntity
  8
BLACK
  6
CONTINUOUS
100
AcDbLine
 10
2.8855759055118111
 20
1.0053524803149607
 30
0
 11
2.9013708267716534
 21
1.0053524803149607
 31
0
  0
LINE
  5
97B
330
1A
100
AcDbEntity
  8
BLACK
  6
CONTINUOUS
100
AcDbLine
 10
2.9013708267716534
 20
1.0053524803149607
 30
0
 11
2.9019468897637797
 21
1.0052957480314961
 31
0
  0
LINE
  5
97C
330
1A
100
AcDbEntity
  8
BLACK
  6
CONTINUOUS
100
AcDbLine
 10
2.9019468897637797
 20
1.0052957480314961
 30
0
 11
2.9030112992125985
 21
1.004854842519685
 31
0
  0
LINE
  5
97D
330
1A
100
AcDbEntity
  8
BLACK
  6
CONTINUOUS
100
AcDbLine
 10
2.9030112992125985
 20
1.004854842519685
 30
0
 11
2.9038259448818895
 21
1.0040401968503936
 31
0
  0
LINE
  5
97E
330
1A
100
AcDbEntity
  8
BLACK
  6
CONTINUOUS
100
AcDbLine
 10
2.9038259448818895
 20
1.0040401968503936
 30
0
 11
2.9042668503937006
 21
1.0029757874015748
 31
0
  0
LINE
  5
97F
330
1A
100
AcDbEntity
  8
BLACK
  6
CONTINUOUS
100
AcDbLine
 10
2.9042668503937006
 20
1.0029757874015748
 30
0
 11
2.9042668503937006
 21
1.0018236614173228
 31
0
  0
LINE
  5
980
330
1A
100
AcDbEntity
  8
BLACK
  6
CONTINUOUS
100
AcDbLine
 10
2.9042668503937006
 20
1.0018236614173228
 30
0
 11
2.9038259448818895
 21
1.000759251968504
 31
0
  0
LINE
  5
981
330
1A
100
AcDbEntity
  8
BLACK
  6
CONTINUOUS
100
AcDbLine
 10
2.9038259448818895
 20
1.000759251968504
 30
0
 11
2.9030112992125985
 21
0.9999446062992126
 31
0
  0
LINE
  5
982
330
1A
100
AcDbEntity
  8
BLACK
  6
CONTINUOUS
100
AcDbLine
 10
2.9030112992125985
 20
0.9999446062992126
 30
0
 11
2.9019468897637797
 21
0.9995037007874016
 31
0
  0
LINE
  5
983
330
1A
100
AcDbEntity
  8
BLACK
  6
CONTINUOUS
100
AcDbLine
 10
2.9019468897637797
 20
0.9995037007874016
 30
0
 11
2.9013708267716534
 21
0.999446968503937
 31
0
  0
LINE
  5
984
330
1A
100
AcDbEntity
  8
BLACK
  6
CONTINUOUS
100
AcDbLine
 10
2.9013708267716534
 20
0.999446968503937
 30
0
 11
2.862000748031496
 21
0.999446968503937
 31
0
  0
LINE
  5
985
330
1A
100
AcDbEntity
  8
BLACK
  6
CONTINUOUS
100
AcDbLine
 10
2.862000748031496
 20
0.999446968503937
 30
0
 11
2.8614246850393701
 21
0.9995037007874016
 31
0
  0
LINE
  5
986
330
1A
100
AcDbEntity
  8
BLACK
  6
CONTINUOUS
100
AcDbLine
 10
2.8614246850393701
 20
0.9995037007874016
 30
0
 11
2.8603602755905513
 21
0.9999446062992126
 31
0
  0
LINE
  5
987
330
1A
100
AcDbEntity
  8
BLACK
  6
CONTINUOUS
100
AcDbLine
 10
2.8603602755905513
 20
0.9999446062992126
 30
0
 11
2.8595456299212598
 21
1.000759251968504
 31
0
  0
LINE
  5
988
330
1A
100
AcDbEntity
  8
BLACK
  6
CONTINUOUS
100
AcDbLine
 10
2.8595456299212598
 20
1.000759251968504
 30
0
 11
2.8591047244094487
 21
1.0018236614173228
 31
0
  0
LINE
  5
989
330
1A
100
AcDbEntity
  8
BLACK
  6
CONTINUOUS
100
AcDbLine
 10
2.8591047244094487
 20
1.0018236614173228
 30
0
 11
2.8590479921259844
 21
1.0023997244094487
 31
0
  0
LINE
  5
98A
330
1A
100
AcDbEntity
  8
BLACK
  6
CONTINUOUS
100
AcDbLine
 10
2.8590479921259844
 20
1.0023997244094487
 30
0
 11
2.8590479921259844
 21
1.0173978346456694
 31
0
  0
LINE
  5
98B
330
1A
100
AcDbEntity
  8
BLACK
  6
CONTINUOUS
100
AcDbLine
 10
2.8590479921259844
 20
1.0173978346456694
 30
0
 11
2.8591047244094487
 21
1.0179738976377952
 31
0
  0
LINE
  5
98C
330
1A
100
AcDbEntity
  8
BLACK
  6
CONTINUOUS
100
AcDbLine
 10
2.8591047244094487
 20
1.0179738976377952
 30
0
 11
2.8591453149606298
 21
1.0180719291338582
 31
0
  0
LINE
  5
98D
330
1A
100
AcDbEntity
  8
BLACK
  6
CONTINUOUS
100
AcDbLine
 10
2.8591453149606298
 20
1.0180719291338582
 30
0
 11
2.8591528346456694
 21
1.0181777165354331
 31
0
  0
LINE
  5
98E
330
1A
100
AcDbEntity
  8
BLACK
  6
CONTINUOUS
100
AcDbLine
 10
2.8591528346456694
 20
1.0181777165354331
 30
0
 11
2.8593597244094489
 21
1.0187183464566929
 31
0
  0
LINE
  5
98F
330
1A
100
AcDbEntity
  8
BLACK
  6
CONTINUOUS
100
AcDbLine
 10
2.8593597244094489
 20
1.0187183464566929
 30
0
 11
2.8612344881889764
 21
1.022467874015748
 31
0
  0
LINE
  5
990
330
1A
100
AcDbEntity
  8
BLACK
  6
CONTINUOUS
100
AcDbLine
 10
2.8612344881889764
 20
1.022467874015748
 30
0
 11
2.8613905511811022
 21
1.0227159055118109
 31
0
  0
LINE
  5
991
330
1A
100
AcDbEntity
  8
BLACK
  6
CONTINUOUS
100
AcDbLine
 10
2.8613905511811022
 20
1.0227159055118109
 30
0
 11
2.8614203937007874
 21
1.0227878346456694
 31
0
  0
LINE
  5
992
330
1A
100
AcDbEntity
  8
BLACK
  6
CONTINUOUS
100
AcDbLine
 10
2.8614203937007874
 20
1.0227878346456694
 30
0
 11
2.8614868503937005
 21
1.0228688188976378
 31
0
  0
LINE
  5
993
330
1A
100
AcDbEntity
  8
BLACK
  6
CONTINUOUS
100
AcDbLine
 10
2.8614868503937005
 20
1.0228688188976378
 30
0
 11
2.8615428346456691
 21
1.0229577559055119
 31
0
  0
LINE
  5
994
330
1A
100
AcDbEntity
  8
BLACK
  6
CONTINUOUS
100
AcDbLine
 10
2.8615428346456691
 20
1.0229577559055119
 30
0
 11
2.8616018110236219
 21
1.0230089370078741
 31
0
  0
LINE
  5
995
330
1A
100
AcDbEntity
  8
BLACK
  6
CONTINUOUS
100
AcDbLine
 10
2.8616018110236219
 20
1.0230089370078741
 30
0
 11
2.8617875984251966
 21
1.0232352755905512
 31
0
  0
LINE
  5
996
330
1A
100
AcDbEntity
  8
BLACK
  6
CONTINUOUS
100
AcDbLine
 10
2.8617875984251966
 20
1.0232352755905512
 30
0
 11
2.8636623622047241
 21
1.0251100393700787
 31
0
  0
LINE
  5
997
330
1A
100
AcDbEntity
  8
BLACK
  6
CONTINUOUS
100
AcDbLine
 10
2.8636623622047241
 20
1.0251100393700787
 30
0
 11
2.8638887007874017
 21
1.0252958267716534
 31
0
  0
LINE
  5
998
330
1A
100
AcDbEntity
  8
BLACK
  6
CONTINUOUS
100
AcDbLine
 10
2.8638887007874017
 20
1.0252958267716534
 30
0
 11
2.8639398818897637
 21
1.0253548031496063
 31
0
  0
LINE
  5
999
330
1A
100
AcDbEntity
  8
BLACK
  6
CONTINUOUS
100
AcDbLine
 10
2.8639398818897637
 20
1.0253548031496063
 30
0
 11
2.8640288188976379
 21
1.0254107874015748
 31
0
  0
LINE
  5
99A
330
1A
100
AcDbEntity
  8
BLACK
  6
CONTINUOUS
100
AcDbLine
 10
2.8640288188976379
 20
1.0254107874015748
 30
0
 11
2.8641098031496064
 21
1.0254772440944881
 31
0
  0
LINE
  5
99B
330
1A
100
AcDbEntity
  8
BLACK
  6
CONTINUOUS
100
AcDbLine
 10
2.8641098031496064
 20
1.0254772440944881
 30
0
 11
2.8641817322834644
 21
1.0255070866141731
 31
0
  0
LINE
  5
99C
330
1A
100
AcDbEntity
  8
BLACK
  6
CONTINUOUS
100
AcDbLine
 10
2.8641817322834644
 20
1.0255070866141731
 30
0
 11
2.8644297637795275
 21
1.0256631496062991
 31
0
  0
LINE
  5
99D
330
1A
100
AcDbEntity
  8
BLACK
  6
CONTINUOUS
100
AcDbLine
 10
2.8644297637795275
 20
1.0256631496062991
 30
0
 11
2.8681792913385826
 21
1.0275379133858267
 31
0
  0
LINE
  5
99E
330
1A
100
AcDbEntity
  8
BLACK
  6
CONTINUOUS
100
AcDbLine
 10
2.8681792913385826
 20
1.0275379133858267
 30
0
 11
2.8687198818897639
 21
1.0277448031496064
 31
0
  0
LINE
  5
99F
330
1A
100
AcDbEntity
  8
BLACK
  6
CONTINUOUS
100
AcDbLine
 10
2.8687198818897639
 20
1.0277448031496064
 30
0
 11
2.868825748031496
 21
1.0277523622047244
 31
0
  0
LINE
  5
9A0
330
1A
100
AcDbEntity
  8
BLACK
  6
CONTINUOUS
100
AcDbLine
 10
2.868825748031496
 20
1.0277523622047244
 30
0
 11
2.8689237401574803
 21
1.0277929133858268
 31
0
  0
LINE
  5
9A1
330
1A
100
AcDbEntity
  8
BLACK
  6
CONTINUOUS
100
AcDbLine
 10
2.8689237401574803
 20
1.0277929133858268
 30
0
 11
2.8694998031496062
 21
1.0278496456692914
 31
0
  0
LINE
  5
9A2
330
1A
100
AcDbEntity
  8
BLACK
  6
CONTINUOUS
100
AcDbLine
 10
2.8694998031496062
 20
1.0278496456692914
 30
0
 11
2.8751240944881888
 21
1.0278496456692914
 31
0
  0
LINE
  5
9A3
330
1A
100
AcDbEntity
  8
BLACK
  6
CONTINUOUS
100
AcDbLine
 10
2.8751240944881888
 20
1.0278496456692914
 30
0
 11
2.8757001574803147
 21
1.0277929133858268
 31
0
  0
LINE
  5
9A4
330
1A
100
AcDbEntity
  8
BLACK
  6
CONTINUOUS
100
AcDbLine
 10
2.8674993700787401
 20
1.0205953937007874
 30
0
 11
2.8663022440944883
 21
1.0193982677165354
 31
0
  0
LINE
  5
9A5
330
1A
100
AcDbEntity
  8
BLACK
  6
CONTINUOUS
100
AcDbLine
 10
2.8663022440944883
 20
1.0193982677165354
 30
0
 11
2.864953503937008
 21
1.0167007874015748
 31
0
  0
LINE
  5
9A6
330
1A
100
AcDbEntity
  8
BLACK
  6
CONTINUOUS
100
AcDbLine
 10
2.864953503937008
 20
1.0167007874015748
 30
0
 11
2.864953503937008
 21
1.0053524803149607
 31
0
  0
LINE
  5
9A7
330
1A
100
AcDbEntity
  8
BLACK
  6
CONTINUOUS
100
AcDbLine
 10
2.864953503937008
 20
1.0053524803149607
 30
0
 11
2.8796703937007875
 21
1.0053524803149607
 31
0
  0
LINE
  5
9A8
330
1A
100
AcDbEntity
  8
BLACK
  6
CONTINUOUS
100
AcDbLine
 10
2.8796703937007875
 20
1.0053524803149607
 30
0
 11
2.8796703937007875
 21
1.0167007874015748
 31
0
  0
LINE
  5
9A9
330
1A
100
AcDbEntity
  8
BLACK
  6
CONTINUOUS
100
AcDbLine
 10
2.8796703937007875
 20
1.0167007874015748
 30
0
 11
2.8783216535433072
 21
1.0193982677165354
 31
0
  0
LINE
  5
9AA
330
1A
100
AcDbEntity
  8
BLACK
  6
CONTINUOUS
100
AcDbLine
 10
2.8783216535433072
 20
1.0193982677165354
 30
0
 11
2.8771245275590549
 21
1.0205953937007874
 31
0
  0
LINE
  5
9AB
330
1A
100
AcDbEntity
  8
BLACK
  6
CONTINUOUS
100
AcDbLine
 10
2.8771245275590549
 20
1.0205953937007874
 30
0
 11
2.8744270472440943
 21
1.0219441338582678
 31
0
  0
LINE
  5
9AC
330
1A
100
AcDbEntity
  8
BLACK
  6
CONTINUOUS
100
AcDbLine
 10
2.8744270472440943
 20
1.0219441338582678
 30
0
 11
2.8701968503937008
 21
1.0219441338582678
 31
0
  0
LINE
  5
9AD
330
1A
100
AcDbEntity
  8
BLACK
  6
CONTINUOUS
100
AcDbLine
 10
2.8701968503937008
 20
1.0219441338582678
 30
0
 11
2.8674993700787401
 21
1.0205953937007874
 31
0
  0
LINE
  5
9AE
330
1A
100
AcDbEntity
  8
BLACK
  6
CONTINUOUS
100
AcDbLine
 10
2.9067608267716536
 20
1.0648473228346456
 30
0
 11
2.9075754724409446
 21
1.0640326771653543
 31
0
  0
LINE
  5
9AF
330
1A
100
AcDbEntity
  8
BLACK
  6
CONTINUOUS
100
AcDbLine
 10
2.9075754724409446
 20
1.0640326771653543
 30
0
 11
2.9080163779527557
 21
1.0629682677165355
 31
0
  0
LINE
  5
9B0
330
1A
100
AcDbEntity
  8
BLACK
  6
CONTINUOUS
100
AcDbLine
 10
2.9080163779527557
 20
1.0629682677165355
 30
0
 11
2.9080731102362205
 21
1.0623922047244094
 31
0
  0
LINE
  5
9B1
330
1A
100
AcDbEntity
  8
BLACK
  6
CONTINUOUS
100
AcDbLine
 10
2.9080731102362205
 20
1.0623922047244094
 30
0
 11
2.9080731102362205
 21
1.0323959448818898
 31
0
  0
LINE
  5
9B2
330
1A
100
AcDbEntity
  8
BLACK
  6
CONTINUOUS
100
AcDbLine
 10
2.9080731102362205
 20
1.0323959448818898
 30
0
 11
2.9080163779527557
 21
1.0318198818897637
 31
0
  0
LINE
  5
9B3
330
1A
100
AcDbEntity
  8
BLACK
  6
CONTINUOUS
100
AcDbLine
 10
2.9080163779527557
 20
1.0318198818897637
 30
0
 11
2.9075754724409446
 21
1.0307554724409449
 31
0
  0
LINE
  5
9B4
330
1A
100
AcDbEntity
  8
BLACK
  6
CONTINUOUS
100
AcDbLine
 10
2.9075754724409446
 20
1.0307554724409449
 30
0
 11
2.9067608267716536
 21
1.0299408267716534
 31
0
  0
LINE
  5
9B5
330
1A
100
AcDbEntity
  8
BLACK
  6
CONTINUOUS
100
AcDbLine
 10
2.9067608267716536
 20
1.0299408267716534
 30
0
 11
2.9056964173228348
 21
1.0294999212598426
 31
0
  0
LINE
  5
9B6
330
1A
100
AcDbEntity
  8
BLACK
  6
CONTINUOUS
100
AcDbLine
 10
2.9056964173228348
 20
1.0294999212598426
 30
0
 11
2.9045442913385826
 21
1.0294999212598426
 31
0
  0
LINE
  5
9B7
330
1A
100
AcDbEntity
  8
BLACK
  6
CONTINUOUS
100
AcDbLine
 10
2.9045442913385826
 20
1.0294999212598426
 30
0
 11
2.9034798818897638
 21
1.0299408267716534
 31
0
  0
LINE
  5
9B8
330
1A
100
AcDbEntity
  8
BLACK
  6
CONTINUOUS
100
AcDbLine
 10
2.9034798818897638
 20
1.0299408267716534
 30
0
 11
2.9026652362204723
 21
1.0307554724409449
 31
0
  0
LINE
  5
9B9
330
1A
100
AcDbEntity
  8
BLACK
  6
CONTINUOUS
100
AcDbLine
 10
2.9026652362204723
 20
1.0307554724409449
 30
0
 11
2.9022243307086613
 21
1.0318198818897637
 31
0
  0
LINE
  5
9BA
330
1A
100
AcDbEntity
  8
BLACK
  6
CONTINUOUS
100
AcDbLine
 10
2.9022243307086613
 20
1.0318198818897637
 30
0
 11
2.9021675984251969
 21
1.0323959448818898
 31
0
  0
LINE
  5
9BB
330
1A
100
AcDbEntity
  8
BLACK
  6
CONTINUOUS
100
AcDbLine
 10
2.9021675984251969
 20
1.0323959448818898
 30
0
 11
2.9021675984251969
 21
1.0623922047244094
 31
0
  0
LINE
  5
9BC
330
1A
100
AcDbEntity
  8
BLACK
  6
CONTINUOUS
100
AcDbLine
 10
2.9021675984251969
 20
1.0623922047244094
 30
0
 11
2.9022243307086613
 21
1.0629682677165355
 31
0
  0
LINE
  5
9BD
330
1A
100
AcDbEntity
  8
BLACK
  6
CONTINUOUS
100
AcDbLine
 10
2.9022243307086613
 20
1.0629682677165355
 30
0
 11
2.9026652362204723
 21
1.0640326771653543
 31
0
  0
LINE
  5
9BE
330
1A
100
AcDbEntity
  8
BLACK
  6
CONTINUOUS
100
AcDbLine
 10
2.9026652362204723
 20
1.0640326771653543
 30
0
 11
2.9034798818897638
 21
1.0648473228346456
 31
0
  0
LINE
  5
9BF
330
1A
100
AcDbEntity
  8
BLACK
  6
CONTINUOUS
100
AcDbLine
 10
2.9034798818897638
 20
1.0648473228346456
 30
0
 11
2.9045442913385826
 21
1.0652882283464566
 31
0
  0
LINE
  5
9C0
330
1A
100
AcDbEntity
  8
BLACK
  6
CONTINUOUS
100
AcDbLine
 10
2.9045442913385826
 20
1.0652882283464566
 30
0
 11
2.9056964173228348
 21
1.0652882283464566
 31
0
  0
LINE
  5
9C1
330
1A
100
AcDbEntity
  8
BLACK
  6
CONTINUOUS
100
AcDbLine
 10
2.9056964173228348
 20
1.0652882283464566
 30
0
 11
2.9067608267716536
 21
1.0648473228346456
 31
0
  0
LINE
  5
9C2
330
1A
100
AcDbEntity
  8
BLACK
  6
CONTINUOUS
100
AcDbLine
 10
0.4788567322834645
 20
1.0445052362204723
 30
0
 11
0.4801351574803149
 21
1.043226811023622
 31
0
  0
LINE
  5
9C3
330
1A
100
AcDbEntity
  8
BLACK
  6
CONTINUOUS
100
AcDbLine
 10
0.4801351574803149
 20
1.043226811023622
 30
0
 11
0.4801351574803149
 21
1.0414188582677164
 31
0
  0
LINE
  5
9C4
330
1A
100
AcDbEntity
  8
BLACK
  6
CONTINUOUS
100
AcDbLine
 10
0.4801351574803149
 20
1.0414188582677164
 30
0
 11
0.4788567322834645
 21
1.0401404330708661
 31
0
  0
LINE
  5
9C5
330
1A
100
AcDbEntity
  8
BLACK
  6
CONTINUOUS
100
AcDbLine
 10
0.4788567322834645
 20
1.0401404330708661
 30
0
 11
0.4779527559055118
 21
1.0399606299212598
 31
0
  0
LINE
  5
9C6
330
1A
100
AcDbEntity
  8
BLACK
  6
CONTINUOUS
100
AcDbLine
 10
0.4779527559055118
 20
1.0399606299212598
 30
0
 11
0.3637795275590551
 21
1.0399606299212598
 31
0
  0
LINE
  5
9C7
330
1A
100
AcDbEntity
  8
BLACK
  6
CONTINUOUS
100
AcDbLine
 10
0.3637795275590551
 20
1.0399606299212598
 30
0
 11
0.3628755511811024
 21
1.0401404330708661
 31
0
  0
LINE
  5
9C8
330
1A
100
AcDbEntity
  8
BLACK
  6
CONTINUOUS
100
AcDbLine
 10
0.3628755511811024
 20
1.0401404330708661
 30
0
 11
0.361597125984252
 21
1.0414188582677164
 31
0
  0
LINE
  5
9C9
330
1A
100
AcDbEntity
  8
BLACK
  6
CONTINUOUS
100
AcDbLine
 10
0.361597125984252
 20
1.0414188582677164
 30
0
 11
0.361597125984252
 21
1.043226811023622
 31
0
  0
LINE
  5
9CA
330
1A
100
AcDbEntity
  8
BLACK
  6
CONTINUOUS
100
AcDbLine
 10
0.361597125984252
 20
1.043226811023622
 30
0
 11
0.3628755511811024
 21
1.0445052362204723
 31
0
  0
LINE
  5
9CB
330
1A
100
AcDbEntity
  8
BLACK
  6
CONTINUOUS
100
AcDbLine
 10
0.3628755511811024
 20
1.0445052362204723
 30
0
 11
0.3637795275590551
 21
1.0446850393700786
 31
0
  0
LINE
  5
9CC
330
1A
100
AcDbEntity
  8
BLACK
  6
CONTINUOUS
100
AcDbLine
 10
0.3637795275590551
 20
1.0446850393700786
 30
0
 11
0.4779527559055118
 21
1.0446850393700786
 31
0
  0
LINE
  5
9CD
330
1A
100
AcDbEntity
  8
BLACK
  6
CONTINUOUS
100
AcDbLine
 10
0.4779527559055118
 20
1.0446850393700786
 30
0
 11
0.4788567322834645
 21
1.0445052362204723
 31
0
  0
LINE
  5
9CE
330
1A
100
AcDbEntity
  8
BLACK
  6
CONTINUOUS
100
AcDbLine
 10
2.8735408661417323
 20
1.0953125196850393
 30
0
 11
2.8736186220472439
 21
1.0953180314960629
 31
0
  0
LINE
  5
9CF
330
1A
100
AcDbEntity
  8
BLACK
  6
CONTINUOUS
100
AcDbLine
 10
2.8736186220472439
 20
1.0953180314960629
 30
0
 11
2.8737208661417322
 21
1.0952948031496064
 31
0
  0
LINE
  5
9D0
330
1A
100
AcDbEntity
  8
BLACK
  6
CONTINUOUS
100
AcDbLine
 10
2.8737208661417322
 20
1.0952948031496064
 30
0
 11
2.8738253937007872
 21
1.0952844881889763
 31
0
  0
LINE
  5
9D1
330
1A
100
AcDbEntity
  8
BLACK
  6
CONTINUOUS
100
AcDbLine
 10
2.8738253937007872
 20
1.0952844881889763
 30
0
 11
2.8738974803149606
 21
1.0952546456692913
 31
0
  0
LINE
  5
9D2
330
1A
100
AcDbEntity
  8
BLACK
  6
CONTINUOUS
100
AcDbLine
 10
2.8738974803149606
 20
1.0952546456692913
 30
0
 11
2.8741830708661418
 21
1.0951896850393701
 31
0
  0
LINE
  5
9D3
330
1A
100
AcDbEntity
  8
BLACK
  6
CONTINUOUS
100
AcDbLine
 10
2.8741830708661418
 20
1.0951896850393701
 30
0
 11
2.8798073622047244
 21
1.0933149212598425
 31
0
  0
LINE
  5
9D4
330
1A
100
AcDbEntity
  8
BLACK
  6
CONTINUOUS
100
AcDbLine
 10
2.8798073622047244
 20
1.0933149212598425
 30
0
 11
2.880335905511811
 21
1.093078937007874
 31
0
  0
LINE
  5
9D5
330
1A
100
AcDbEntity
  8
BLACK
  6
CONTINUOUS
100
AcDbLine
 10
2.880335905511811
 20
1.093078937007874
 30
0
 11
2.8804160236220473
 21
1.0930094488188977
 31
0
  0
LINE
  5
9D6
330
1A
100
AcDbEntity
  8
BLACK
  6
CONTINUOUS
100
AcDbLine
 10
2.8804160236220473
 20
1.0930094488188977
 30
0
 11
2.8805140944881891
 21
1.0929688188976379
 31
0
  0
LINE
  5
9D7
330
1A
100
AcDbEntity
  8
BLACK
  6
CONTINUOUS
100
AcDbLine
 10
2.8805140944881891
 20
1.0929688188976379
 30
0
 11
2.8809615354330709
 21
1.0926016141732284
 31
0
  0
LINE
  5
9D8
330
1A
100
AcDbEntity
  8
BLACK
  6
CONTINUOUS
100
AcDbLine
 10
2.8809615354330709
 20
1.0926016141732284
 30
0
 11
2.8984180708661418
 21
1.0751451181102363
 31
0
  0
LINE
  5
9D9
330
1A
100
AcDbEntity
  8
BLACK
  6
CONTINUOUS
100
AcDbLine
 10
2.8984180708661418
 20
1.0751451181102363
 30
0
 11
2.8984180708661418
 21
1.0923884645669291
 31
0
  0
LINE
  5
9DA
330
1A
100
AcDbEntity
  8
BLACK
  6
CONTINUOUS
100
AcDbLine
 10
2.8984180708661418
 20
1.0923884645669291
 30
0
 11
2.8984748031496061
 21
1.0929645275590552
 31
0
  0
LINE
  5
9DB
330
1A
100
AcDbEntity
  8
BLACK
  6
CONTINUOUS
100
AcDbLine
 10
2.8984748031496061
 20
1.0929645275590552
 30
0
 11
2.8989157086614172
 21
1.094028937007874
 31
0
  0
LINE
  5
9DC
330
1A
100
AcDbEntity
  8
BLACK
  6
CONTINUOUS
100
AcDbLine
 10
2.8989157086614172
 20
1.094028937007874
 30
0
 11
2.8997303543307087
 21
1.0948435826771654
 31
0
  0
LINE
  5
9DD
330
1A
100
AcDbEntity
  8
BLACK
  6
CONTINUOUS
100
AcDbLine
 10
2.8997303543307087
 20
1.0948435826771654
 30
0
 11
2.9007947637795275
 21
1.0952844881889763
 31
0
  0
LINE
  5
9DE
330
1A
100
AcDbEntity
  8
BLACK
  6
CONTINUOUS
100
AcDbLine
 10
2.9007947637795275
 20
1.0952844881889763
 30
0
 11
2.9019468897637797
 21
1.0952844881889763
 31
0
  0
LINE
  5
9DF
330
1A
100
AcDbEntity
  8
BLACK
  6
CONTINUOUS
100
AcDbLine
 10
2.9019468897637797
 20
1.0952844881889763
 30
0
 11
2.9030112992125985
 21
1.0948435826771654
 31
0
  0
LINE
  5
9E0
330
1A
100
AcDbEntity
  8
BLACK
  6
CONTINUOUS
100
AcDbLine
 10
2.9030112992125985
 20
1.0948435826771654
 30
0
 11
2.9038259448818895
 21
1.094028937007874
 31
0
  0
LINE
  5
9E1
330
1A
100
AcDbEntity
  8
BLACK
  6
CONTINUOUS
100
AcDbLine
 10
2.9038259448818895
 20
1.094028937007874
 30
0
 11
2.9042668503937006
 21
1.0929645275590552
 31
0
  0
LINE
  5
9E2
330
1A
100
AcDbEntity
  8
BLACK
  6
CONTINUOUS
100
AcDbLine
 10
2.9042668503937006
 20
1.0929645275590552
 30
0
 11
2.9043235826771654
 21
1.0923884645669291
 31
0
  0
LINE
  5
9E3
330
1A
100
AcDbEntity
  8
BLACK
  6
CONTINUOUS
100
AcDbLine
 10
2.9043235826771654
 20
1.0923884645669291
 30
0
 11
2.9043235826771654
 21
1.0680165354330708
 31
0
  0
LINE
  5
9E4
330
1A
100
AcDbEntity
  8
BLACK
  6
CONTINUOUS
100
AcDbLine
 10
2.9043235826771654
 20
1.0680165354330708
 30
0
 11
2.9042668503937006
 21
1.0674404724409448
 31
0
  0
LINE
  5
9E5
330
1A
100
AcDbEntity
  8
BLACK
  6
CONTINUOUS
100
AcDbLine
 10
2.9042668503937006
 20
1.0674404724409448
 30
0
 11
2.9041377165354332
 21
1.0671287401574803
 31
0
  0
LINE
  5
9E6
330
1A
100
AcDbEntity
  8
BLACK
  6
CONTINUOUS
100
AcDbLine
 10
2.9041377165354332
 20
1.0671287401574803
 30
0
 11
2.9038259842519683
 21
1.066376062992126
 31
0
  0
LINE
  5
9E7
330
1A
100
AcDbEntity
  8
BLACK
  6
CONTINUOUS
100
AcDbLine
 10
2.9038259842519683
 20
1.066376062992126
 30
0
 11
2.9030112992125985
 21
1.0655614173228347
 31
0
  0
LINE
  5
9E8
330
1A
100
AcDbEntity
  8
BLACK
  6
CONTINUOUS
100
AcDbLine
 10
2.9030112992125985
 20
1.0655614173228347
 30
0
 11
2.9019468897637797
 21
1.0651205118110236
 31
0
  0
LINE
  5
9E9
330
1A
100
AcDbEntity
  8
BLACK
  6
CONTINUOUS
100
AcDbLine
 10
2.9019468897637797
 20
1.0651205118110236
 30
0
 11
2.9007948031496062
 21
1.0651205118110236
 31
0
  0
LINE
  5
9EA
330
1A
100
AcDbEntity
  8
BLACK
  6
CONTINUOUS
100
AcDbLine
 10
2.9007948031496062
 20
1.0651205118110236
 30
0
 11
2.9007947637795275
 21
1.0651205118110236
 31
0
  0
LINE
  5
9EB
330
1A
100
AcDbEntity
  8
BLACK
  6
CONTINUOUS
100
AcDbLine
 10
2.9007947637795275
 20
1.0651205118110236
 30
0
 11
2.9004829921259843
 21
1.0652496456692913
 31
0
  0
LINE
  5
9EC
330
1A
100
AcDbEntity
  8
BLACK
  6
CONTINUOUS
100
AcDbLine
 10
2.9004829921259843
 20
1.0652496456692913
 30
0
 11
2.8997303543307087
 21
1.065561377952756
 31
0
  0
LINE
  5
9ED
330
1A
100
AcDbEntity
  8
BLACK
  6
CONTINUOUS
100
AcDbLine
 10
2.8997303543307087
 20
1.065561377952756
 30
0
 11
2.8992829133858269
 21
1.0659286220472441
 31
0
  0
LINE
  5
9EE
330
1A
100
AcDbEntity
  8
BLACK
  6
CONTINUOUS
100
AcDbLine
 10
2.8992829133858269
 20
1.0659286220472441
 30
0
 11
2.8772785826771652
 21
1.0879329133858266
 31
0
  0
LINE
  5
9EF
330
1A
100
AcDbEntity
  8
BLACK
  6
CONTINUOUS
100
AcDbLine
 10
2.8772785826771652
 20
1.0879329133858266
 30
0
 11
2.8727701968503938
 21
1.0894357086614173
 31
0
  0
LINE
  5
9F0
330
1A
100
AcDbEntity
  8
BLACK
  6
CONTINUOUS
100
AcDbLine
 10
2.8727701968503938
 20
1.0894357086614173
 30
0
 11
2.8701968503937008
 21
1.0894357086614173
 31
0
  0
LINE
  5
9F1
330
1A
100
AcDbEntity
  8
BLACK
  6
CONTINUOUS
100
AcDbLine
 10
2.8701968503937008
 20
1.0894357086614173
 30
0
 11
2.8674993700787401
 21
1.0880869685039369
 31
0
  0
LINE
  5
9F2
330
1A
100
AcDbEntity
  8
BLACK
  6
CONTINUOUS
100
AcDbLine
 10
2.8674993700787401
 20
1.0880869685039369
 30
0
 11
2.8663022440944883
 21
1.0868898425196851
 31
0
  0
LINE
  5
9F3
330
1A
100
AcDbEntity
  8
BLACK
  6
CONTINUOUS
100
AcDbLine
 10
2.8663022440944883
 20
1.0868898425196851
 30
0
 11
2.864953503937008
 21
1.0841923622047245
 31
0
  0
LINE
  5
9F4
330
1A
100
AcDbEntity
  8
BLACK
  6
CONTINUOUS
100
AcDbLine
 10
2.864953503937008
 20
1.0841923622047245
 30
0
 11
2.864953503937008
 21
1.0762126377952757
 31
0
  0
LINE
  5
9F5
330
1A
100
AcDbEntity
  8
BLACK
  6
CONTINUOUS
100
AcDbLine
 10
2.864953503937008
 20
1.0762126377952757
 30
0
 11
2.8663022440944883
 21
1.073515157480315
 31
0
  0
LINE
  5
9F6
330
1A
100
AcDbEntity
  8
BLACK
  6
CONTINUOUS
100
AcDbLine
 10
2.8663022440944883
 20
1.073515157480315
 30
0
 11
2.867838188976378
 21
1.0719792125984251
 31
0
  0
LINE
  5
9F7
330
1A
100
AcDbEntity
  8
BLACK
  6
CONTINUOUS
100
AcDbLine
 10
2.867838188976378
 20
1.0719792125984251
 30
0
 11
2.8682053937007872
 21
1.0715317716535433
 31
0
  0
LINE
  5
9F8
330
1A
100
AcDbEntity
  8
BLACK
  6
CONTINUOUS
100
AcDbLine
 10
2.8682053937007872
 20
1.0715317716535433
 30
0
 11
2.8686462992125983
 21
1.0704673622047245
 31
0
  0
LINE
  5
9F9
330
1A
100
AcDbEntity
  8
BLACK
  6
CONTINUOUS
100
AcDbLine
 10
2.8686462992125983
 20
1.0704673622047245
 30
0
 11
2.8686462992125983
 21
1.0693152755905511
 31
0
  0
LINE
  5
9FA
330
1A
100
AcDbEntity
  8
BLACK
  6
CONTINUOUS
100
AcDbLine
 10
2.8686462992125983
 20
1.0693152755905511
 30
0
 11
2.8682053937007872
 21
1.0682508661417323
 31
0
  0
LINE
  5
9FB
330
1A
100
AcDbEntity
  8
BLACK
  6
CONTINUOUS
100
AcDbLine
 10
2.8682053937007872
 20
1.0682508661417323
 30
0
 11
2.8673907086614174
 21
1.0674361811023623
 31
0
  0
LINE
  5
9FC
330
1A
100
AcDbEntity
  8
BLACK
  6
CONTINUOUS
100
AcDbLine
 10
2.8673907086614174
 20
1.0674361811023623
 30
0
 11
2.8663262992125982
 21
1.0669952755905512
 31
0
  0
LINE
  5
9FD
330
1A
100
AcDbEntity
  8
BLACK
  6
CONTINUOUS
100
AcDbLine
 10
2.8663262992125982
 20
1.0669952755905512
 30
0
 11
2.8651742125984252
 21
1.0669952755905512
 31
0
  0
LINE
  5
9FE
330
1A
100
AcDbEntity
  8
BLACK
  6
CONTINUOUS
100
AcDbLine
 10
2.8651742125984252
 20
1.0669952755905512
 30
0
 11
2.8641098031496064
 21
1.0674361811023623
 31
0
  0
LINE
  5
9FF
330
1A
100
AcDbEntity
  8
BLACK
  6
CONTINUOUS
100
AcDbLine
 10
2.8641098031496064
 20
1.0674361811023623
 30
0
 11
2.8636623622047241
 21
1.0678033858267717
 31
0
  0
LINE
  5
A00
330
1A
100
AcDbEntity
  8
BLACK
  6
CONTINUOUS
100
AcDbLine
 10
2.8636623622047241
 20
1.0678033858267717
 30
0
 11
2.8617875984251966
 21
1.0696781496062993
 31
0
  0
LINE
  5
A01
330
1A
100
AcDbEntity
  8
BLACK
  6
CONTINUOUS
100
AcDbLine
 10
2.8617875984251966
 20
1.0696781496062993
 30
0
 11
2.8616018110236219
 21
1.0699045275590551
 31
0
  0
LINE
  5
A02
330
1A
100
AcDbEntity
  8
BLACK
  6
CONTINUOUS
100
AcDbLine
 10
2.8616018110236219
 20
1.0699045275590551
 30
0
 11
2.8615428346456691
 21
1.0699556692913386
 31
0
  0
LINE
  5
A03
330
1A
100
AcDbEntity
  8
BLACK
  6
CONTINUOUS
100
AcDbLine
 10
2.8615428346456691
 20
1.0699556692913386
 30
0
 11
2.8614868503937005
 21
1.0700446456692914
 31
0
  0
LINE
  5
A04
330
1A
100
AcDbEntity
  8
BLACK
  6
CONTINUOUS
100
AcDbLine
 10
2.8614868503937005
 20
1.0700446456692914
 30
0
 11
2.8614203937007874
 21
1.0701255905511811
 31
0
  0
LINE
  5
A05
330
1A
100
AcDbEntity
  8
BLACK
  6
CONTINUOUS
100
AcDbLine
 10
2.8614203937007874
 20
1.0701255905511811
 30
0
 11
2.8613905511811022
 21
1.070197559055118
 31
0
  0
LINE
  5
A06
330
1A
100
AcDbEntity
  8
BLACK
  6
CONTINUOUS
100
AcDbLine
 10
2.8613905511811022
 20
1.070197559055118
 30
0
 11
2.8612344881889764
 21
1.0704455511811024
 31
0
  0
LINE
  5
A07
330
1A
100
AcDbEntity
  8
BLACK
  6
CONTINUOUS
100
AcDbLine
 10
2.8612344881889764
 20
1.0704455511811024
 30
0
 11
2.8593597244094489
 21
1.0741950787401575
 31
0
  0
LINE
  5
A08
330
1A
100
AcDbEntity
  8
BLACK
  6
CONTINUOUS
100
AcDbLine
 10
2.8593597244094489
 20
1.0741950787401575
 30
0
 11
2.8591528346456694
 21
1.0747357086614173
 31
0
  0
LINE
  5
A09
330
1A
100
AcDbEntity
  8
BLACK
  6
CONTINUOUS
100
AcDbLine
 10
2.8591528346456694
 20
1.0747357086614173
 30
0
 11
2.8591453149606298
 21
1.0748415354330709
 31
0
  0
LINE
  5
A0A
330
1A
100
AcDbEntity
  8
BLACK
  6
CONTINUOUS
100
AcDbLine
 10
2.8591453149606298
 20
1.0748415354330709
 30
0
 11
2.8591047244094487
 21
1.0749395275590552
 31
0
  0
LINE
  5
A0B
330
1A
100
AcDbEntity
  8
BLACK
  6
CONTINUOUS
100
AcDbLine
 10
2.8591047244094487
 20
1.0749395275590552
 30
0
 11
2.8590479921259844
 21
1.0755155905511811
 31
0
  0
LINE
  5
A0C
330
1A
100
AcDbEntity
  8
BLACK
  6
CONTINUOUS
100
AcDbLine
 10
2.8590479921259844
 20
1.0755155905511811
 30
0
 11
2.8590479921259844
 21
1.0848894094488188
 31
0
  0
LINE
  5
A0D
330
1A
100
AcDbEntity
  8
BLACK
  6
CONTINUOUS
100
AcDbLine
 10
2.8590479921259844
 20
1.0848894094488188
 30
0
 11
2.8591047244094487
 21
1.0854654724409449
 31
0
  0
LINE
  5
A0E
330
1A
100
AcDbEntity
  8
BLACK
  6
CONTINUOUS
100
AcDbLine
 10
2.8591047244094487
 20
1.0854654724409449
 30
0
 11
2.8591453149606298
 21
1.085563503937008
 31
0
  0
LINE
  5
A0F
330
1A
100
AcDbEntity
  8
BLACK
  6
CONTINUOUS
100
AcDbLine
 10
2.8591453149606298
 20
1.085563503937008
 30
0
 11
2.8591528346456694
 21
1.0856692913385826
 31
0
  0
LINE
  5
A10
330
1A
100
AcDbEntity
  8
BLACK
  6
CONTINUOUS
100
AcDbLine
 10
2.8591528346456694
 20
1.0856692913385826
 30
0
 11
2.8593597244094489
 21
1.0862099212598424
 31
0
  0
LINE
  5
A11
330
1A
100
AcDbEntity
  8
BLACK
  6
CONTINUOUS
100
AcDbLine
 10
2.8593597244094489
 20
1.0862099212598424
 30
0
 11
2.8612344881889764
 21
1.0899594488188975
 31
0
  0
LINE
  5
A12
330
1A
100
AcDbEntity
  8
BLACK
  6
CONTINUOUS
100
AcDbLine
 10
2.8612344881889764
 20
1.0899594488188975
 30
0
 11
2.8613905511811022
 21
1.0902074803149606
 31
0
  0
LINE
  5
A13
330
1A
100
AcDbEntity
  8
BLACK
  6
CONTINUOUS
100
AcDbLine
 10
2.8613905511811022
 20
1.0902074803149606
 30
0
 11
2.8614203937007874
 21
1.0902794094488188
 31
0
  0
LINE
  5
A14
330
1A
100
AcDbEntity
  8
BLACK
  6
CONTINUOUS
100
AcDbLine
 10
2.8614203937007874
 20
1.0902794094488188
 30
0
 11
2.8614868503937005
 21
1.0903603937007873
 31
0
  0
LINE
  5
A15
330
1A
100
AcDbEntity
  8
BLACK
  6
CONTINUOUS
100
AcDbLine
 10
2.8614868503937005
 20
1.0903603937007873
 30
0
 11
2.8615428346456691
 21
1.0904493307086613
 31
0
  0
LINE
  5
A16
330
1A
100
AcDbEntity
  8
BLACK
  6
CONTINUOUS
100
AcDbLine
 10
2.8615428346456691
 20
1.0904493307086613
 30
0
 11
2.8616018110236219
 21
1.0905005118110236
 31
0
  0
LINE
  5
A17
330
1A
100
AcDbEntity
  8
BLACK
  6
CONTINUOUS
100
AcDbLine
 10
2.8616018110236219
 20
1.0905005118110236
 30
0
 11
2.8617875984251966
 21
1.0907268503937007
 31
0
  0
LINE
  5
A18
330
1A
100
AcDbEntity
  8
BLACK
  6
CONTINUOUS
100
AcDbLine
 10
2.8617875984251966
 20
1.0907268503937007
 30
0
 11
2.8636623622047241
 21
1.0926016141732284
 31
0
  0
LINE
  5
A19
330
1A
100
AcDbEntity
  8
BLACK
  6
CONTINUOUS
100
AcDbLine
 10
2.8636623622047241
 20
1.0926016141732284
 30
0
 11
2.8638887007874017
 21
1.0927874015748031
 31
0
  0
LINE
  5
A1A
330
1A
100
AcDbEntity
  8
BLACK
  6
CONTINUOUS
100
AcDbLine
 10
2.8638887007874017
 20
1.0927874015748031
 30
0
 11
2.8639398818897637
 21
1.092846377952756
 31
0
  0
LINE
  5
A1B
330
1A
100
AcDbEntity
  8
BLACK
  6
CONTINUOUS
100
AcDbLine
 10
2.8639398818897637
 20
1.092846377952756
 30
0
 11
2.8640288188976379
 21
1.0929023622047245
 31
0
  0
LINE
  5
A1C
330
1A
100
AcDbEntity
  8
BLACK
  6
CONTINUOUS
100
AcDbLine
 10
2.8640288188976379
 20
1.0929023622047245
 30
0
 11
2.8641098031496064
 21
1.0929688188976379
 31
0
  0
LINE
  5
A1D
330
1A
100
AcDbEntity
  8
BLACK
  6
CONTINUOUS
100
AcDbLine
 10
2.8641098031496064
 20
1.0929688188976379
 30
0
 11
2.8641817322834644
 21
1.0929986614173228
 31
0
  0
LINE
  5
A1E
330
1A
100
AcDbEntity
  8
BLACK
  6
CONTINUOUS
100
AcDbLine
 10
2.8641817322834644
 20
1.0929986614173228
 30
0
 11
2.8644297637795275
 21
1.0931547244094488
 31
0
  0
LINE
  5
A1F
330
1A
100
AcDbEntity
  8
BLACK
  6
CONTINUOUS
100
AcDbLine
 10
2.8644297637795275
 20
1.0931547244094488
 30
0
 11
2.8681792913385826
 21
1.0950294881889764
 31
0
  0
LINE
  5
A20
330
1A
100
AcDbEntity
  8
BLACK
  6
CONTINUOUS
100
AcDbLine
 10
2.8681792913385826
 20
1.0950294881889764
 30
0
 11
2.8687198818897639
 21
1.0952363779527559
 31
0
  0
LINE
  5
A21
330
1A
100
AcDbEntity
  8
BLACK
  6
CONTINUOUS
100
AcDbLine
 10
2.8687198818897639
 20
1.0952363779527559
 30
0
 11
2.868825748031496
 21
1.0952439370078739
 31
0
  0
LINE
  5
A22
330
1A
100
AcDbEntity
  8
BLACK
  6
CONTINUOUS
100
AcDbLine
 10
2.868825748031496
 20
1.0952439370078739
 30
0
 11
2.8689237401574803
 21
1.0952844881889763
 31
0
  0
LINE
  5
A23
330
1A
100
AcDbEntity
  8
BLACK
  6
CONTINUOUS
100
AcDbLine
 10
2.8689237401574803
 20
1.0952844881889763
 30
0
 11
2.8694998031496062
 21
1.0953412204724409
 31
0
  0
LINE
  5
A24
330
1A
100
AcDbEntity
  8
BLACK
  6
CONTINUOUS
100
AcDbLine
 10
2.8694998031496062
 20
1.0953412204724409
 30
0
 11
2.8732493307086613
 21
1.0953412204724409
 31
0
  0
LINE
  5
A25
330
1A
100
AcDbEntity
  8
BLACK
  6
CONTINUOUS
100
AcDbLine
 10
2.8732493307086613
 20
1.0953412204724409
 30
0
 11
2.8735408661417323
 21
1.0953125196850393
 31
0
  0
LINE
  5
A26
330
1A
100
AcDbEntity
  8
BLACK
  6
CONTINUOUS
100
AcDbLine
 10
2.9022877952755906
 20
1.1289410236220472
 30
0
 11
2.9032921259842519
 21
1.1283764566929133
 31
0
  0
LINE
  5
A27
330
1A
100
AcDbEntity
  8
BLACK
  6
CONTINUOUS
100
AcDbLine
 10
2.9032921259842519
 20
1.1283764566929133
 30
0
 11
2.9040039370078738
 21
1.1274705118110235
 31
0
  0
LINE
  5
A28
330
1A
100
AcDbEntity
  8
BLACK
  6
CONTINUOUS
100
AcDbLine
 10
2.9040039370078738
 20
1.1274705118110235
 30
0
 11
2.904314842519685
 21
1.1263611417322834
 31
0
  0
LINE
  5
A29
330
1A
100
AcDbEntity
  8
BLACK
  6
CONTINUOUS
100
AcDbLine
 10
2.904314842519685
 20
1.1263611417322834
 30
0
 11
2.9041775984251967
 21
1.1252172834645668
 31
0
  0
LINE
  5
A2A
330
1A
100
AcDbEntity
  8
BLACK
  6
CONTINUOUS
100
AcDbLine
 10
2.9041775984251967
 20
1.1252172834645668
 30
0
 11
2.9036130314960631
 21
1.1242129527559055
 31
0
  0
LINE
  5
A2B
330
1A
100
AcDbEntity
  8
BLACK
  6
CONTINUOUS
100
AcDbLine
 10
2.9036130314960631
 20
1.1242129527559055
 30
0
 11
2.903195118110236
 21
1.123812440944882
 31
0
  0
LINE
  5
A2C
330
1A
100
AcDbEntity
  8
BLACK
  6
CONTINUOUS
100
AcDbLine
 10
2.903195118110236
 20
1.123812440944882
 30
0
 11
2.8930267716535432
 21
1.1158230708661416
 31
0
  0
LINE
  5
A2D
330
1A
100
AcDbEntity
  8
BLACK
  6
CONTINUOUS
100
AcDbLine
 10
2.8930267716535432
 20
1.1158230708661416
 30
0
 11
2.903195118110236
 21
1.1078336614173228
 31
0
  0
LINE
  5
A2E
330
1A
100
AcDbEntity
  8
BLACK
  6
CONTINUOUS
100
AcDbLine
 10
2.903195118110236
 20
1.1078336614173228
 30
0
 11
2.9036130314960631
 21
1.1074331496062992
 31
0
  0
LINE
  5
A2F
330
1A
100
AcDbEntity
  8
BLACK
  6
CONTINUOUS
100
AcDbLine
 10
2.9036130314960631
 20
1.1074331496062992
 30
0
 11
2.9041775984251967
 21
1.1064288188976377
 31
0
  0
LINE
  5
A30
330
1A
100
AcDbEntity
  8
BLACK
  6
CONTINUOUS
100
AcDbLine
 10
2.9041775984251967
 20
1.1064288188976377
 30
0
 11
2.904314842519685
 21
1.1052849606299213
 31
0
  0
LINE
  5
A31
330
1A
100
AcDbEntity
  8
BLACK
  6
CONTINUOUS
100
AcDbLine
 10
2.904314842519685
 20
1.1052849606299213
 30
0
 11
2.9040039370078738
 21
1.104175590551181
 31
0
  0
LINE
  5
A32
330
1A
100
AcDbEntity
  8
BLACK
  6
CONTINUOUS
100
AcDbLine
 10
2.9040039370078738
 20
1.104175590551181
 30
0
 11
2.9032921259842519
 21
1.1032696456692914
 31
0
  0
LINE
  5
A33
330
1A
100
AcDbEntity
  8
BLACK
  6
CONTINUOUS
100
AcDbLine
 10
2.9032921259842519
 20
1.1032696456692914
 30
0
 11
2.9022877952755906
 21
1.1027050787401576
 31
0
  0
LINE
  5
A34
330
1A
100
AcDbEntity
  8
BLACK
  6
CONTINUOUS
100
AcDbLine
 10
2.9022877952755906
 20
1.1027050787401576
 30
0
 11
2.9011439370078738
 21
1.1025678346456693
 31
0
  0
LINE
  5
A35
330
1A
100
AcDbEntity
  8
BLACK
  6
CONTINUOUS
100
AcDbLine
 10
2.9011439370078738
 20
1.1025678346456693
 30
0
 11
2.9000345669291336
 21
1.1028787401574802
 31
0
  0
LINE
  5
A36
330
1A
100
AcDbEntity
  8
BLACK
  6
CONTINUOUS
100
AcDbLine
 10
2.9000345669291336
 20
1.1028787401574802
 30
0
 11
2.8995465354330707
 21
1.1031900393700786
 31
0
  0
LINE
  5
A37
330
1A
100
AcDbEntity
  8
BLACK
  6
CONTINUOUS
100
AcDbLine
 10
2.8995465354330707
 20
1.1031900393700786
 30
0
 11
2.8882474409448817
 21
1.1120678740157479
 31
0
  0
LINE
  5
A38
330
1A
100
AcDbEntity
  8
BLACK
  6
CONTINUOUS
100
AcDbLine
 10
2.8882474409448817
 20
1.1120678740157479
 30
0
 11
2.8769483858267715
 21
1.1031900393700786
 31
0
  0
LINE
  5
A39
330
1A
100
AcDbEntity
  8
BLACK
  6
CONTINUOUS
100
AcDbLine
 10
2.8769483858267715
 20
1.1031900393700786
 30
0
 11
2.8764603543307086
 21
1.1028787401574802
 31
0
  0
LINE
  5
A3A
330
1A
100
AcDbEntity
  8
BLACK
  6
CONTINUOUS
100
AcDbLine
 10
2.8764603543307086
 20
1.1028787401574802
 30
0
 11
2.8753509842519684
 21
1.1025678346456693
 31
0
  0
LINE
  5
A3B
330
1A
100
AcDbEntity
  8
BLACK
  6
CONTINUOUS
100
AcDbLine
 10
2.8753509842519684
 20
1.1025678346456693
 30
0
 11
2.8742071259842521
 21
1.1027050787401576
 31
0
  0
LINE
  5
A3C
330
1A
100
AcDbEntity
  8
BLACK
  6
CONTINUOUS
100
AcDbLine
 10
2.8742071259842521
 20
1.1027050787401576
 30
0
 11
2.8732027952755903
 21
1.1032696456692914
 31
0
  0
LINE
  5
A3D
330
1A
100
AcDbEntity
  8
BLACK
  6
CONTINUOUS
100
AcDbLine
 10
2.8732027952755903
 20
1.1032696456692914
 30
0
 11
2.8724909842519684
 21
1.104175590551181
 31
0
  0
LINE
  5
A3E
330
1A
100
AcDbEntity
  8
BLACK
  6
CONTINUOUS
100
AcDbLine
 10
2.8724909842519684
 20
1.104175590551181
 30
0
 11
2.8721800787401572
 21
1.1052849606299213
 31
0
  0
LINE
  5
A3F
330
1A
100
AcDbEntity
  8
BLACK
  6
CONTINUOUS
100
AcDbLine
 10
2.8721800787401572
 20
1.1052849606299213
 30
0
 11
2.8723173228346455
 21
1.1064288188976377
 31
0
  0
LINE
  5
A40
330
1A
100
AcDbEntity
  8
BLACK
  6
CONTINUOUS
100
AcDbLine
 10
2.8723173228346455
 20
1.1064288188976377
 30
0
 11
2.8728818897637796
 21
1.1074331496062992
 31
0
  0
LINE
  5
A41
330
1A
100
AcDbEntity
  8
BLACK
  6
CONTINUOUS
100
AcDbLine
 10
2.8728818897637796
 20
1.1074331496062992
 30
0
 11
2.8732998031496062
 21
1.1078336614173228
 31
0
  0
LINE
  5
A42
330
1A
100
AcDbEntity
  8
BLACK
  6
CONTINUOUS
100
AcDbLine
 10
2.8732998031496062
 20
1.1078336614173228
 30
0
 11
2.8834681102362203
 21
1.1158230708661416
 31
0
  0
LINE
  5
A43
330
1A
100
AcDbEntity
  8
BLACK
  6
CONTINUOUS
100
AcDbLine
 10
2.8834681102362203
 20
1.1158230708661416
 30
0
 11
2.8732998031496062
 21
1.123812440944882
 31
0
  0
LINE
  5
A44
330
1A
100
AcDbEntity
  8
BLACK
  6
CONTINUOUS
100
AcDbLine
 10
2.8732998031496062
 20
1.123812440944882
 30
0
 11
2.8728818897637796
 21
1.1242129527559055
 31
0
  0
LINE
  5
A45
330
1A
100
AcDbEntity
  8
BLACK
  6
CONTINUOUS
100
AcDbLine
 10
2.8728818897637796
 20
1.1242129527559055
 30
0
 11
2.8723173228346455
 21
1.1252172834645668
 31
0
  0
LINE
  5
A46
330
1A
100
AcDbEntity
  8
BLACK
  6
CONTINUOUS
100
AcDbLine
 10
2.8723173228346455
 20
1.1252172834645668
 30
0
 11
2.8721800787401572
 21
1.1263611417322834
 31
0
  0
LINE
  5
A47
330
1A
100
AcDbEntity
  8
BLACK
  6
CONTINUOUS
100
AcDbLine
 10
2.8721800787401572
 20
1.1263611417322834
 30
0
 11
2.8724909842519684
 21
1.1274705118110235
 31
0
  0
LINE
  5
A48
330
1A
100
AcDbEntity
  8
BLACK
  6
CONTINUOUS
100
AcDbLine
 10
2.8724909842519684
 20
1.1274705118110235
 30
0
 11
2.8732027952755903
 21
1.1283764566929133
 31
0
  0
LINE
  5
A49
330
1A
100
AcDbEntity
  8
BLACK
  6
CONTINUOUS
100
AcDbLine
 10
2.8732027952755903
 20
1.1283764566929133
 30
0
 11
2.8742071259842521
 21
1.1289410236220472
 31
0
  0
LINE
  5
A4A
330
1A
100
AcDbEntity
  8
BLACK
  6
CONTINUOUS
100
AcDbLine
 10
2.8742071259842521
 20
1.1289410236220472
 30
0
 11
2.8753509842519684
 21
1.1290782677165354
 31
0
  0
LINE
  5
A4B
330
1A
100
AcDbEntity
  8
BLACK
  6
CONTINUOUS
100
AcDbLine
 10
2.8753509842519684
 20
1.1290782677165354
 30
0
 11
2.8764603543307086
 21
1.1287673622047243
 31
0
  0
LINE
  5
A4C
330
1A
100
AcDbEntity
  8
BLACK
  6
CONTINUOUS
100
AcDbLine
 10
2.8764603543307086
 20
1.1287673622047243
 30
0
 11
2.8769483858267715
 21
1.1284560629921259
 31
0
  0
LINE
  5
A4D
330
1A
100
AcDbEntity
  8
BLACK
  6
CONTINUOUS
100
AcDbLine
 10
2.8769483858267715
 20
1.1284560629921259
 30
0
 11
2.8882474409448817
 21
1.1195782677165353
 31
0
  0
LINE
  5
A4E
330
1A
100
AcDbEntity
  8
BLACK
  6
CONTINUOUS
100
AcDbLine
 10
2.8882474409448817
 20
1.1195782677165353
 30
0
 11
2.8995465354330707
 21
1.1284560629921259
 31
0
  0
LINE
  5
A4F
330
1A
100
AcDbEntity
  8
BLACK
  6
CONTINUOUS
100
AcDbLine
 10
2.8995465354330707
 20
1.1284560629921259
 30
0
 11
2.9000345669291336
 21
1.1287673622047243
 31
0
  0
LINE
  5
A50
330
1A
100
AcDbEntity
  8
BLACK
  6
CONTINUOUS
100
AcDbLine
 10
2.9000345669291336
 20
1.1287673622047243
 30
0
 11
2.9011439370078738
 21
1.1290782677165354
 31
0
  0
LINE
  5
A51
330
1A
100
AcDbEntity
  8
BLACK
  6
CONTINUOUS
100
AcDbLine
 10
2.9011439370078738
 20
1.1290782677165354
 30
0
 11
2.9022877952755906
 21
1.1289410236220472
 31
0
  0
LINE
  5
A52
330
1A
100
AcDbEntity
  8
BLACK
  6
CONTINUOUS
100
AcDbLine
 10
0.2909619291338583
 20
1.2324000393700787
 30
0
 11
0.2911417322834646
 21
1.2314960629921259
 31
0
  0
LINE
  5
A53
330
1A
100
AcDbEntity
  8
BLACK
  6
CONTINUOUS
100
AcDbLine
 10
0.2911417322834646
 20
1.2314960629921259
 30
0
 11
0.2911417322834646
 21
1.1173228346456692
 31
0
  0
LINE
  5
A54
330
1A
100
AcDbEntity
  8
BLACK
  6
CONTINUOUS
100
AcDbLine
 10
0.2911417322834646
 20
1.1173228346456692
 30
0
 11
0.2909619291338583
 21
1.1164188582677166
 31
0
  0
LINE
  5
A55
330
1A
100
AcDbEntity
  8
BLACK
  6
CONTINUOUS
100
AcDbLine
 10
0.2909619291338583
 20
1.1164188582677166
 30
0
 11
0.2896835039370079
 21
1.1151404330708661
 31
0
  0
LINE
  5
A56
330
1A
100
AcDbEntity
  8
BLACK
  6
CONTINUOUS
100
AcDbLine
 10
0.2896835039370079
 20
1.1151404330708661
 30
0
 11
0.2878755511811024
 21
1.1151404330708661
 31
0
  0
LINE
  5
A57
330
1A
100
AcDbEntity
  8
BLACK
  6
CONTINUOUS
100
AcDbLine
 10
0.2878755511811024
 20
1.1151404330708661
 30
0
 11
0.286597125984252
 21
1.1164188582677166
 31
0
  0
LINE
  5
A58
330
1A
100
AcDbEntity
  8
BLACK
  6
CONTINUOUS
100
AcDbLine
 10
0.286597125984252
 20
1.1164188582677166
 30
0
 11
0.2864173228346457
 21
1.1173228346456692
 31
0
  0
LINE
  5
A59
330
1A
100
AcDbEntity
  8
BLACK
  6
CONTINUOUS
100
AcDbLine
 10
0.2864173228346457
 20
1.1173228346456692
 30
0
 11
0.2864173228346457
 21
1.2314960629921259
 31
0
  0
LINE
  5
A5A
330
1A
100
AcDbEntity
  8
BLACK
  6
CONTINUOUS
100
AcDbLine
 10
0.2864173228346457
 20
1.2314960629921259
 30
0
 11
0.286597125984252
 21
1.2324000393700787
 31
0
  0
LINE
  5
A5B
330
1A
100
AcDbEntity
  8
BLACK
  6
CONTINUOUS
100
AcDbLine
 10
0.286597125984252
 20
1.2324000393700787
 30
0
 11
0.2878755511811024
 21
1.2336784645669292
 31
0
  0
LINE
  5
A5C
330
1A
100
AcDbEntity
  8
BLACK
  6
CONTINUOUS
100
AcDbLine
 10
0.2878755511811024
 20
1.2336784645669292
 30
0
 11
0.2896835039370079
 21
1.2336784645669292
 31
0
  0
LINE
  5
A5D
330
1A
100
AcDbEntity
  8
BLACK
  6
CONTINUOUS
100
AcDbLine
 10
0.2896835039370079
 20
1.2336784645669292
 30
0
 11
0.2909619291338583
 21
1.2324000393700787
 31
0
  0
LINE
  5
A5E
330
1A
100
AcDbEntity
  8
BLACK
  6
CONTINUOUS
100
AcDbLine
 10
0.5551351574803149
 20
1.2324000393700787
 30
0
 11
0.5553149606299213
 21
1.2314960629921259
 31
0
  0
LINE
  5
A5F
330
1A
100
AcDbEntity
  8
BLACK
  6
CONTINUOUS
100
AcDbLine
 10
0.5553149606299213
 20
1.2314960629921259
 30
0
 11
0.5553149606299213
 21
1.1173228346456692
 31
0
  0
LINE
  5
A60
330
1A
100
AcDbEntity
  8
BLACK
  6
CONTINUOUS
100
AcDbLine
 10
0.5553149606299213
 20
1.1173228346456692
 30
0
 11
0.5551351574803149
 21
1.1164188582677166
 31
0
  0
LINE
  5
A61
330
1A
100
AcDbEntity
  8
BLACK
  6
CONTINUOUS
100
AcDbLine
 10
0.5551351574803149
 20
1.1164188582677166
 30
0
 11
0.5538567322834645
 21
1.1151404330708661
 31
0
  0
LINE
  5
A62
330
1A
100
AcDbEntity
  8
BLACK
  6
CONTINUOUS
100
AcDbLine
 10
0.5538567322834645
 20
1.1151404330708661
 30
0
 11
0.552048779527559
 21
1.1151404330708661
 31
0
  0
LINE
  5
A63
330
1A
100
AcDbEntity
  8
BLACK
  6
CONTINUOUS
100
AcDbLine
 10
0.552048779527559
 20
1.1151404330708661
 30
0
 11
0.5507703543307086
 21
1.1164188582677166
 31
0
  0
LINE
  5
A64
330
1A
100
AcDbEntity
  8
BLACK
  6
CONTINUOUS
100
AcDbLine
 10
0.5507703543307086
 20
1.1164188582677166
 30
0
 11
0.5505905511811023
 21
1.1173228346456692
 31
0
  0
LINE
  5
A65
330
1A
100
AcDbEntity
  8
BLACK
  6
CONTINUOUS
100
AcDbLine
 10
0.5505905511811023
 20
1.1173228346456692
 30
0
 11
0.5505905511811023
 21
1.2314960629921259
 31
0
  0
LINE
  5
A66
330
1A
100
AcDbEntity
  8
BLACK
  6
CONTINUOUS
100
AcDbLine
 10
0.5505905511811023
 20
1.2314960629921259
 30
0
 11
0.5507703543307086
 21
1.2324000393700787
 31
0
  0
LINE
  5
A67
330
1A
100
AcDbEntity
  8
BLACK
  6
CONTINUOUS
100
AcDbLine
 10
0.5507703543307086
 20
1.2324000393700787
 30
0
 11
0.552048779527559
 21
1.2336784645669292
 31
0
  0
LINE
  5
A68
330
1A
100
AcDbEntity
  8
BLACK
  6
CONTINUOUS
100
AcDbLine
 10
0.552048779527559
 20
1.2336784645669292
 30
0
 11
0.5538567322834645
 21
1.2336784645669292
 31
0
  0
LINE
  5
A69
330
1A
100
AcDbEntity
  8
BLACK
  6
CONTINUOUS
100
AcDbLine
 10
0.5538567322834645
 20
1.2336784645669292
 30
0
 11
0.5551351574803149
 21
1.2324000393700787
 31
0
  0
LINE
  5
A6A
330
1A
100
AcDbEntity
  8
BLACK
  6
CONTINUOUS
100
AcDbLine
 10
2.8864731889763777
 20
1.1646976771653543
 30
0
 11
2.8865162204724411
 21
1.1647040551181103
 31
0
  0
LINE
  5
A6B
330
1A
100
AcDbEntity
  8
BLACK
  6
CONTINUOUS
100
AcDbLine
 10
2.8865162204724411
 20
1.1647040551181103
 30
0
 11
2.8867316929133859
 21
1.1646722047244094
 31
0
  0
LINE
  5
A6C
330
1A
100
AcDbEntity
  8
BLACK
  6
CONTINUOUS
100
AcDbLine
 10
2.8867316929133859
 20
1.1646722047244094
 30
0
 11
2.88694874015748
 21
1.1646508267716535
 31
0
  0
LINE
  5
A6D
330
1A
100
AcDbEntity
  8
BLACK
  6
CONTINUOUS
100
AcDbLine
 10
2.88694874015748
 20
1.1646508267716535
 30
0
 11
2.8869889370078741
 21
1.1646342125984253
 31
0
  0
LINE
  5
A6E
330
1A
100
AcDbEntity
  8
BLACK
  6
CONTINUOUS
100
AcDbLine
 10
2.8869889370078741
 20
1.1646342125984253
 30
0
 11
2.8870888188976376
 21
1.1646194094488189
 31
0
  0
LINE
  5
A6F
330
1A
100
AcDbEntity
  8
BLACK
  6
CONTINUOUS
100
AcDbLine
 10
2.8870888188976376
 20
1.1646194094488189
 30
0
 11
2.8945878740157478
 21
1.1627446456692914
 31
0
  0
LINE
  5
A70
330
1A
100
AcDbEntity
  8
BLACK
  6
CONTINUOUS
100
AcDbLine
 10
2.8945878740157478
 20
1.1627446456692914
 30
0
 11
2.8946303543307086
 21
1.1627294881889763
 31
0
  0
LINE
  5
A71
330
1A
100
AcDbEntity
  8
BLACK
  6
CONTINUOUS
100
AcDbLine
 10
2.8946303543307086
 20
1.1627294881889763
 30
0
 11
2.8946516141732284
 21
1.1627279527559056
 31
0
  0
LINE
  5
A72
330
1A
100
AcDbEntity
  8
BLACK
  6
CONTINUOUS
100
AcDbLine
 10
2.8946516141732284
 20
1.1627279527559056
 30
0
 11
2.8948910236220473
 21
1.1626363385826772
 31
0
  0
LINE
  5
A73
330
1A
100
AcDbEntity
  8
BLACK
  6
CONTINUOUS
100
AcDbLine
 10
2.8948910236220473
 20
1.1626363385826772
 30
0
 11
2.8951329921259843
 21
1.1625498818897637
 31
0
  0
LINE
  5
A74
330
1A
100
AcDbEntity
  8
BLACK
  6
CONTINUOUS
100
AcDbLine
 10
2.8951329921259843
 20
1.1625498818897637
 30
0
 11
2.8951501181102364
 21
1.1625372047244094
 31
0
  0
LINE
  5
A75
330
1A
100
AcDbEntity
  8
BLACK
  6
CONTINUOUS
100
AcDbLine
 10
2.8951501181102364
 20
1.1625372047244094
 30
0
 11
2.8951922440944879
 21
1.1625210629921259
 31
0
  0
LINE
  5
A76
330
1A
100
AcDbEntity
  8
BLACK
  6
CONTINUOUS
100
AcDbLine
 10
2.8951922440944879
 20
1.1625210629921259
 30
0
 11
2.8989417716535431
 21
1.1606462992125983
 31
0
  0
LINE
  5
A77
330
1A
100
AcDbEntity
  8
BLACK
  6
CONTINUOUS
100
AcDbLine
 10
2.8989417716535431
 20
1.1606462992125983
 30
0
 11
2.8991896456692912
 21
1.1604902755905511
 31
0
  0
LINE
  5
A78
330
1A
100
AcDbEntity
  8
BLACK
  6
CONTINUOUS
100
AcDbLine
 10
2.8991896456692912
 20
1.1604902755905511
 30
0
 11
2.8992616929133859
 21
1.1604604330708661
 31
0
  0
LINE
  5
A79
330
1A
100
AcDbEntity
  8
BLACK
  6
CONTINUOUS
100
AcDbLine
 10
2.8992616929133859
 20
1.1604604330708661
 30
0
 11
2.8993427165354331
 21
1.160393937007874
 31
0
  0
LINE
  5
A7A
330
1A
100
AcDbEntity
  8
BLACK
  6
CONTINUOUS
100
AcDbLine
 10
2.8993427165354331
 20
1.160393937007874
 30
0
 11
2.8994316535433069
 21
1.1603379527559055
 31
0
  0
LINE
  5
A7B
330
1A
100
AcDbEntity
  8
BLACK
  6
CONTINUOUS
100
AcDbLine
 10
2.8994316535433069
 20
1.1603379527559055
 30
0
 11
2.8994827952755906
 21
1.1602789763779526
 31
0
  0
LINE
  5
A7C
330
1A
100
AcDbEntity
  8
BLACK
  6
CONTINUOUS
100
AcDbLine
 10
2.8994827952755906
 20
1.1602789763779526
 30
0
 11
2.8997091338582677
 21
1.1600932283464567
 31
0
  0
LINE
  5
A7D
330
1A
100
AcDbEntity
  8
BLACK
  6
CONTINUOUS
100
AcDbLine
 10
2.8997091338582677
 20
1.1600932283464567
 30
0
 11
2.901583937007874
 21
1.1582184645669291
 31
0
  0
LINE
  5
A7E
330
1A
100
AcDbEntity
  8
BLACK
  6
CONTINUOUS
100
AcDbLine
 10
2.901583937007874
 20
1.1582184645669291
 30
0
 11
2.9017696850393699
 21
1.1579921259842521
 31
0
  0
LINE
  5
A7F
330
1A
100
AcDbEntity
  8
BLACK
  6
CONTINUOUS
100
AcDbLine
 10
2.9017696850393699
 20
1.1579921259842521
 30
0
 11
2.9018287401574803
 21
1.1579409055118111
 31
0
  0
LINE
  5
A80
330
1A
100
AcDbEntity
  8
BLACK
  6
CONTINUOUS
100
AcDbLine
 10
2.9018287401574803
 20
1.1579409055118111
 30
0
 11
2.9018847244094488
 21
1.157851968503937
 31
0
  0
LINE
  5
A81
330
1A
100
AcDbEntity
  8
BLACK
  6
CONTINUOUS
100
AcDbLine
 10
2.9018847244094488
 20
1.157851968503937
 30
0
 11
2.9019511811023619
 21
1.1577709842519686
 31
0
  0
LINE
  5
A82
330
1A
100
AcDbEntity
  8
BLACK
  6
CONTINUOUS
100
AcDbLine
 10
2.9019511811023619
 20
1.1577709842519686
 30
0
 11
2.9019809842519684
 21
1.1576990551181101
 31
0
  0
LINE
  5
A83
330
1A
100
AcDbEntity
  8
BLACK
  6
CONTINUOUS
100
AcDbLine
 10
2.9019809842519684
 20
1.1576990551181101
 30
0
 11
2.9021370866141734
 21
1.1574510236220472
 31
0
  0
LINE
  5
A84
330
1A
100
AcDbEntity
  8
BLACK
  6
CONTINUOUS
100
AcDbLine
 10
2.9021370866141734
 20
1.1574510236220472
 30
0
 11
2.9040118503937009
 21
1.1537014960629921
 31
0
  0
LINE
  5
A85
330
1A
100
AcDbEntity
  8
BLACK
  6
CONTINUOUS
100
AcDbLine
 10
2.9040118503937009
 20
1.1537014960629921
 30
0
 11
2.9042187401574804
 21
1.1531609055118111
 31
0
  0
LINE
  5
A86
330
1A
100
AcDbEntity
  8
BLACK
  6
CONTINUOUS
100
AcDbLine
 10
2.9042187401574804
 20
1.1531609055118111
 30
0
 11
2.9042262598425195
 21
1.1530550393700787
 31
0
  0
LINE
  5
A87
330
1A
100
AcDbEntity
  8
BLACK
  6
CONTINUOUS
100
AcDbLine
 10
2.9042262598425195
 20
1.1530550393700787
 30
0
 11
2.9042668503937006
 21
1.1529570472440944
 31
0
  0
LINE
  5
A88
330
1A
100
AcDbEntity
  8
BLACK
  6
CONTINUOUS
100
AcDbLine
 10
2.9042668503937006
 20
1.1529570472440944
 30
0
 11
2.9043235826771654
 21
1.1523809842519686
 31
0
  0
LINE
  5
A89
330
1A
100
AcDbEntity
  8
BLACK
  6
CONTINUOUS
100
AcDbLine
 10
2.9043235826771654
 20
1.1523809842519686
 30
0
 11
2.9043235826771654
 21
1.1486314566929134
 31
0
  0
LINE
  5
A8A
330
1A
100
AcDbEntity
  8
BLACK
  6
CONTINUOUS
100
AcDbLine
 10
2.9043235826771654
 20
1.1486314566929134
 30
0
 11
2.9042668503937006
 21
1.1480553937007874
 31
0
  0
LINE
  5
A8B
330
1A
100
AcDbEntity
  8
BLACK
  6
CONTINUOUS
100
AcDbLine
 10
2.9042668503937006
 20
1.1480553937007874
 30
0
 11
2.9042262598425195
 21
1.1479574409448818
 31
0
  0
LINE
  5
A8C
330
1A
100
AcDbEntity
  8
BLACK
  6
CONTINUOUS
100
AcDbLine
 10
2.9042262598425195
 20
1.1479574409448818
 30
0
 11
2.9042187401574804
 21
1.1478515354330709
 31
0
  0
LINE
  5
A8D
330
1A
100
AcDbEntity
  8
BLACK
  6
CONTINUOUS
100
AcDbLine
 10
2.9042187401574804
 20
1.1478515354330709
 30
0
 11
2.9040118503937009
 21
1.1473109448818897
 31
0
  0
LINE
  5
A8E
330
1A
100
AcDbEntity
  8
BLACK
  6
CONTINUOUS
100
AcDbLine
 10
2.9040118503937009
 20
1.1473109448818897
 30
0
 11
2.9021370866141734
 21
1.1435614173228346
 31
0
  0
LINE
  5
A8F
330
1A
100
AcDbEntity
  8
BLACK
  6
CONTINUOUS
100
AcDbLine
 10
2.9021370866141734
 20
1.1435614173228346
 30
0
 11
2.9019809842519684
 21
1.1433134251968504
 31
0
  0
LINE
  5
A90
330
1A
100
AcDbEntity
  8
BLACK
  6
CONTINUOUS
100
AcDbLine
 10
2.9019809842519684
 20
1.1433134251968504
 30
0
 11
2.9019511811023619
 21
1.1432414566929134
 31
0
  0
LINE
  5
A91
330
1A
100
AcDbEntity
  8
BLACK
  6
CONTINUOUS
100
AcDbLine
 10
2.9019511811023619
 20
1.1432414566929134
 30
0
 11
2.9018847244094488
 21
1.1431605118110235
 31
0
  0
LINE
  5
A92
330
1A
100
AcDbEntity
  8
BLACK
  6
CONTINUOUS
100
AcDbLine
 10
2.9018847244094488
 20
1.1431605118110235
 30
0
 11
2.9018287401574803
 21
1.1430715354330709
 31
0
  0
LINE
  5
A93
330
1A
100
AcDbEntity
  8
BLACK
  6
CONTINUOUS
100
AcDbLine
 10
2.9018287401574803
 20
1.1430715354330709
 30
0
 11
2.9017696850393699
 21
1.1430203543307087
 31
0
  0
LINE
  5
A94
330
1A
100
AcDbEntity
  8
BLACK
  6
CONTINUOUS
100
AcDbLine
 10
2.9017696850393699
 20
1.1430203543307087
 30
0
 11
2.901583937007874
 21
1.1427939763779527
 31
0
  0
LINE
  5
A95
330
1A
100
AcDbEntity
  8
BLACK
  6
CONTINUOUS
100
AcDbLine
 10
2.901583937007874
 20
1.1427939763779527
 30
0
 11
2.8997091338582677
 21
1.1409192125984251
 31
0
  0
LINE
  5
A96
330
1A
100
AcDbEntity
  8
BLACK
  6
CONTINUOUS
100
AcDbLine
 10
2.8997091338582677
 20
1.1409192125984251
 30
0
 11
2.8994827952755906
 21
1.1407335039370079
 31
0
  0
LINE
  5
A97
330
1A
100
AcDbEntity
  8
BLACK
  6
CONTINUOUS
100
AcDbLine
 10
2.8994827952755906
 20
1.1407335039370079
 30
0
 11
2.8994316535433069
 21
1.1406744881889763
 31
0
  0
LINE
  5
A98
330
1A
100
AcDbEntity
  8
BLACK
  6
CONTINUOUS
100
AcDbLine
 10
2.8994316535433069
 20
1.1406744881889763
 30
0
 11
2.8993427165354331
 21
1.1406185433070866
 31
0
  0
LINE
  5
A99
330
1A
100
AcDbEntity
  8
BLACK
  6
CONTINUOUS
100
AcDbLine
 10
2.8993427165354331
 20
1.1406185433070866
 30
0
 11
2.8992616929133859
 21
1.1405520078740157
 31
0
  0
LINE
  5
A9A
330
1A
100
AcDbEntity
  8
BLACK
  6
CONTINUOUS
100
AcDbLine
 10
2.8992616929133859
 20
1.1405520078740157
 30
0
 11
2.8991896456692912
 21
1.1405222047244095
 31
0
  0
LINE
  5
A9B
330
1A
100
AcDbEntity
  8
BLACK
  6
CONTINUOUS
100
AcDbLine
 10
2.8991896456692912
 20
1.1405222047244095
 30
0
 11
2.8989417716535431
 21
1.1403661417322835
 31
0
  0
LINE
  5
A9C
330
1A
100
AcDbEntity
  8
BLACK
  6
CONTINUOUS
100
AcDbLine
 10
2.8989417716535431
 20
1.1403661417322835
 30
0
 11
2.8951922440944879
 21
1.1384913779527559
 31
0
  0
LINE
  5
A9D
330
1A
100
AcDbEntity
  8
BLACK
  6
CONTINUOUS
100
AcDbLine
 10
2.8951922440944879
 20
1.1384913779527559
 30
0
 11
2.8951501181102364
 21
1.1384752755905512
 31
0
  0
LINE
  5
A9E
330
1A
100
AcDbEntity
  8
BLACK
  6
CONTINUOUS
100
AcDbLine
 10
2.8951501181102364
 20
1.1384752755905512
 30
0
 11
2.8951329921259843
 21
1.1384625590551181
 31
0
  0
LINE
  5
A9F
330
1A
100
AcDbEntity
  8
BLACK
  6
CONTINUOUS
100
AcDbLine
 10
2.8951329921259843
 20
1.1384625590551181
 30
0
 11
2.8948910236220473
 21
1.1383761417322835
 31
0
  0
LINE
  5
AA0
330
1A
100
AcDbEntity
  8
BLACK
  6
CONTINUOUS
100
AcDbLine
 10
2.8948910236220473
 20
1.1383761417322835
 30
0
 11
2.8946516141732284
 21
1.1382844881889764
 31
0
  0
LINE
  5
AA1
330
1A
100
AcDbEntity
  8
BLACK
  6
CONTINUOUS
100
AcDbLine
 10
2.8946516141732284
 20
1.1382844881889764
 30
0
 11
2.8946303543307086
 21
1.1382829921259843
 31
0
  0
LINE
  5
AA2
330
1A
100
AcDbEntity
  8
BLACK
  6
CONTINUOUS
100
AcDbLine
 10
2.8946303543307086
 20
1.1382829921259843
 30
0
 11
2.8945878740157478
 21
1.1382677952755906
 31
0
  0
LINE
  5
AA3
330
1A
100
AcDbEntity
  8
BLACK
  6
CONTINUOUS
100
AcDbLine
 10
2.8945878740157478
 20
1.1382677952755906
 30
0
 11
2.8870888188976376
 21
1.1363930314960629
 31
0
  0
LINE
  5
AA4
330
1A
100
AcDbEntity
  8
BLACK
  6
CONTINUOUS
100
AcDbLine
 10
2.8870888188976376
 20
1.1363930314960629
 30
0
 11
2.8869889370078741
 21
1.1363782677165355
 31
0
  0
LINE
  5
AA5
330
1A
100
AcDbEntity
  8
BLACK
  6
CONTINUOUS
100
AcDbLine
 10
2.8869889370078741
 20
1.1363782677165355
 30
0
 11
2.88694874015748
 21
1.1363616141732282
 31
0
  0
LINE
  5
AA6
330
1A
100
AcDbEntity
  8
BLACK
  6
CONTINUOUS
100
AcDbLine
 10
2.88694874015748
 20
1.1363616141732282
 30
0
 11
2.8867316929133859
 21
1.1363402755905512
 31
0
  0
LINE
  5
AA7
330
1A
100
AcDbEntity
  8
BLACK
  6
CONTINUOUS
100
AcDbLine
 10
2.8867316929133859
 20
1.1363402755905512
 30
0
 11
2.8865162204724411
 21
1.1363083858267717
 31
0
  0
LINE
  5
AA8
330
1A
100
AcDbEntity
  8
BLACK
  6
CONTINUOUS
100
AcDbLine
 10
2.8865162204724411
 20
1.1363083858267717
 30
0
 11
2.8864731889763777
 21
1.1363148031496062
 31
0
  0
LINE
  5
AA9
330
1A
100
AcDbEntity
  8
BLACK
  6
CONTINUOUS
100
AcDbLine
 10
2.8864731889763777
 20
1.1363148031496062
 30
0
 11
2.8863726771653542
 21
1.1363048818897639
 31
0
  0
LINE
  5
AAA
330
1A
100
AcDbEntity
  8
BLACK
  6
CONTINUOUS
100
AcDbLine
 10
2.8863726771653542
 20
1.1363048818897639
 30
0
 11
2.8769988582677164
 21
1.1363048818897639
 31
0
  0
LINE
  5
AAB
330
1A
100
AcDbEntity
  8
BLACK
  6
CONTINUOUS
100
AcDbLine
 10
2.8769988582677164
 20
1.1363048818897639
 30
0
 11
2.8768983070866141
 21
1.1363148031496062
 31
0
  0
LINE
  5
AAC
330
1A
100
AcDbEntity
  8
BLACK
  6
CONTINUOUS
100
AcDbLine
 10
2.8768983070866141
 20
1.1363148031496062
 30
0
 11
2.87685531496063
 21
1.1363083858267717
 31
0
  0
LINE
  5
AAD
330
1A
100
AcDbEntity
  8
BLACK
  6
CONTINUOUS
100
AcDbLine
 10
2.87685531496063
 20
1.1363083858267717
 30
0
 11
2.8766398031496063
 21
1.1363402755905512
 31
0
  0
LINE
  5
AAE
330
1A
100
AcDbEntity
  8
BLACK
  6
CONTINUOUS
100
AcDbLine
 10
2.8766398031496063
 20
1.1363402755905512
 30
0
 11
2.8764227952755905
 21
1.1363616141732282
 31
0
  0
LINE
  5
AAF
330
1A
100
AcDbEntity
  8
BLACK
  6
CONTINUOUS
100
AcDbLine
 10
2.8764227952755905
 20
1.1363616141732282
 30
0
 11
2.8763825590551182
 21
1.1363782677165355
 31
0
  0
LINE
  5
AB0
330
1A
100
AcDbEntity
  8
BLACK
  6
CONTINUOUS
100
AcDbLine
 10
2.8763825590551182
 20
1.1363782677165355
 30
0
 11
2.876282716535433
 21
1.1363930314960629
 31
0
  0
LINE
  5
AB1
330
1A
100
AcDbEntity
  8
BLACK
  6
CONTINUOUS
100
AcDbLine
 10
2.876282716535433
 20
1.1363930314960629
 30
0
 11
2.8687836614173228
 21
1.1382677952755906
 31
0
  0
LINE
  5
AB2
330
1A
100
AcDbEntity
  8
BLACK
  6
CONTINUOUS
100
AcDbLine
 10
2.8687836614173228
 20
1.1382677952755906
 30
0
 11
2.8687411417322832
 21
1.1382829921259843
 31
0
  0
LINE
  5
AB3
330
1A
100
AcDbEntity
  8
BLACK
  6
CONTINUOUS
100
AcDbLine
 10
2.8687411417322832
 20
1.1382829921259843
 30
0
 11
2.8687198818897639
 21
1.1382844881889764
 31
0
  0
LINE
  5
AB4
330
1A
100
AcDbEntity
  8
BLACK
  6
CONTINUOUS
100
AcDbLine
 10
2.8687198818897639
 20
1.1382844881889764
 30
0
 11
2.8684801181102362
 21
1.1383762598425196
 31
0
  0
LINE
  5
AB5
330
1A
100
AcDbEntity
  8
BLACK
  6
CONTINUOUS
100
AcDbLine
 10
2.8684801181102362
 20
1.1383762598425196
 30
0
 11
2.8682385433070867
 21
1.1384625590551181
 31
0
  0
LINE
  5
AB6
330
1A
100
AcDbEntity
  8
BLACK
  6
CONTINUOUS
100
AcDbLine
 10
2.8682385433070867
 20
1.1384625590551181
 30
0
 11
2.8682213779527559
 21
1.1384752755905512
 31
0
  0
LINE
  5
AB7
330
1A
100
AcDbEntity
  8
BLACK
  6
CONTINUOUS
100
AcDbLine
 10
2.8682213779527559
 20
1.1384752755905512
 30
0
 11
2.8681792913385826
 21
1.1384913779527559
 31
0
  0
LINE
  5
AB8
330
1A
100
AcDbEntity
  8
BLACK
  6
CONTINUOUS
100
AcDbLine
 10
2.8681792913385826
 20
1.1384913779527559
 30
0
 11
2.8644297637795275
 21
1.1403661417322835
 31
0
  0
LINE
  5
AB9
330
1A
100
AcDbEntity
  8
BLACK
  6
CONTINUOUS
100
AcDbLine
 10
2.8644297637795275
 20
1.1403661417322835
 30
0
 11
2.8641817322834644
 21
1.1405222440944882
 31
0
  0
LINE
  5
ABA
330
1A
100
AcDbEntity
  8
BLACK
  6
CONTINUOUS
100
AcDbLine
 10
2.8641817322834644
 20
1.1405222440944882
 30
0
 11
2.8641098031496064
 21
1.1405520472440944
 31
0
  0
LINE
  5
ABB
330
1A
100
AcDbEntity
  8
BLACK
  6
CONTINUOUS
100
AcDbLine
 10
2.8641098031496064
 20
1.1405520472440944
 30
0
 11
2.8640288188976379
 21
1.1406185433070866
 31
0
  0
LINE
  5
ABC
330
1A
100
AcDbEntity
  8
BLACK
  6
CONTINUOUS
100
AcDbLine
 10
2.8640288188976379
 20
1.1406185433070866
 30
0
 11
2.8639398818897637
 21
1.1406744881889763
 31
0
  0
LINE
  5
ABD
330
1A
100
AcDbEntity
  8
BLACK
  6
CONTINUOUS
100
AcDbLine
 10
2.8639398818897637
 20
1.1406744881889763
 30
0
 11
2.8638887007874017
 21
1.1407335039370079
 31
0
  0
LINE
  5
ABE
330
1A
100
AcDbEntity
  8
BLACK
  6
CONTINUOUS
100
AcDbLine
 10
2.8638887007874017
 20
1.1407335039370079
 30
0
 11
2.8636623622047241
 21
1.1409192519685039
 31
0
  0
LINE
  5
ABF
330
1A
100
AcDbEntity
  8
BLACK
  6
CONTINUOUS
100
AcDbLine
 10
2.8636623622047241
 20
1.1409192519685039
 30
0
 11
2.8617875984251966
 21
1.1427940157480314
 31
0
  0
LINE
  5
AC0
330
1A
100
AcDbEntity
  8
BLACK
  6
CONTINUOUS
100
AcDbLine
 10
2.8617875984251966
 20
1.1427940157480314
 30
0
 11
2.8616018110236219
 21
1.1430203937007875
 31
0
  0
LINE
  5
AC1
330
1A
100
AcDbEntity
  8
BLACK
  6
CONTINUOUS
100
AcDbLine
 10
2.8616018110236219
 20
1.1430203937007875
 30
0
 11
2.8615428346456691
 21
1.1430715354330709
 31
0
  0
LINE
  5
AC2
330
1A
100
AcDbEntity
  8
BLACK
  6
CONTINUOUS
100
AcDbLine
 10
2.8615428346456691
 20
1.1430715354330709
 30
0
 11
2.8614868503937005
 21
1.1431605118110235
 31
0
  0
LINE
  5
AC3
330
1A
100
AcDbEntity
  8
BLACK
  6
CONTINUOUS
100
AcDbLine
 10
2.8614868503937005
 20
1.1431605118110235
 30
0
 11
2.8614203937007874
 21
1.1432414566929134
 31
0
  0
LINE
  5
AC4
330
1A
100
AcDbEntity
  8
BLACK
  6
CONTINUOUS
100
AcDbLine
 10
2.8614203937007874
 20
1.1432414566929134
 30
0
 11
2.8613905511811022
 21
1.1433134251968504
 31
0
  0
LINE
  5
AC5
330
1A
100
AcDbEntity
  8
BLACK
  6
CONTINUOUS
100
AcDbLine
 10
2.8613905511811022
 20
1.1433134251968504
 30
0
 11
2.8612344881889764
 21
1.1435614173228346
 31
0
  0
LINE
  5
AC6
330
1A
100
AcDbEntity
  8
BLACK
  6
CONTINUOUS
100
AcDbLine
 10
2.8612344881889764
 20
1.1435614173228346
 30
0
 11
2.8593597244094489
 21
1.1473109448818897
 31
0
  0
LINE
  5
AC7
330
1A
100
AcDbEntity
  8
BLACK
  6
CONTINUOUS
100
AcDbLine
 10
2.8593597244094489
 20
1.1473109448818897
 30
0
 11
2.8591528346456694
 21
1.1478515748031495
 31
0
  0
LINE
  5
AC8
330
1A
100
AcDbEntity
  8
BLACK
  6
CONTINUOUS
100
AcDbLine
 10
2.8591528346456694
 20
1.1478515748031495
 30
0
 11
2.8591453149606298
 21
1.1479574015748031
 31
0
  0
LINE
  5
AC9
330
1A
100
AcDbEntity
  8
BLACK
  6
CONTINUOUS
100
AcDbLine
 10
2.8591453149606298
 20
1.1479574015748031
 30
0
 11
2.8591047244094487
 21
1.1480553937007874
 31
0
  0
LINE
  5
ACA
330
1A
100
AcDbEntity
  8
BLACK
  6
CONTINUOUS
100
AcDbLine
 10
2.8591047244094487
 20
1.1480553937007874
 30
0
 11
2.8590479921259844
 21
1.1486314566929134
 31
0
  0
LINE
  5
ACB
330
1A
100
AcDbEntity
  8
BLACK
  6
CONTINUOUS
100
AcDbLine
 10
2.8590479921259844
 20
1.1486314566929134
 30
0
 11
2.8590479921259844
 21
1.1523809842519686
 31
0
  0
LINE
  5
ACC
330
1A
100
AcDbEntity
  8
BLACK
  6
CONTINUOUS
100
AcDbLine
 10
2.8590479921259844
 20
1.1523809842519686
 30
0
 11
2.8591047244094487
 21
1.1529570472440944
 31
0
  0
LINE
  5
ACD
330
1A
100
AcDbEntity
  8
BLACK
  6
CONTINUOUS
100
AcDbLine
 10
2.8591047244094487
 20
1.1529570472440944
 30
0
 11
2.8591453149606298
 21
1.1530550787401574
 31
0
  0
LINE
  5
ACE
330
1A
100
AcDbEntity
  8
BLACK
  6
CONTINUOUS
100
AcDbLine
 10
2.8591453149606298
 20
1.1530550787401574
 30
0
 11
2.8591528346456694
 21
1.1531608661417323
 31
0
  0
LINE
  5
ACF
330
1A
100
AcDbEntity
  8
BLACK
  6
CONTINUOUS
100
AcDbLine
 10
2.8591528346456694
 20
1.1531608661417323
 30
0
 11
2.8593597244094489
 21
1.1537014960629921
 31
0
  0
LINE
  5
AD0
330
1A
100
AcDbEntity
  8
BLACK
  6
CONTINUOUS
100
AcDbLine
 10
2.8593597244094489
 20
1.1537014960629921
 30
0
 11
2.8612344881889764
 21
1.1574510236220472
 31
0
  0
LINE
  5
AD1
330
1A
100
AcDbEntity
  8
BLACK
  6
CONTINUOUS
100
AcDbLine
 10
2.8612344881889764
 20
1.1574510236220472
 30
0
 11
2.8613905511811022
 21
1.1576990551181101
 31
0
  0
LINE
  5
AD2
330
1A
100
AcDbEntity
  8
BLACK
  6
CONTINUOUS
100
AcDbLine
 10
2.8613905511811022
 20
1.1576990551181101
 30
0
 11
2.8614203937007874
 21
1.1577709842519686
 31
0
  0
LINE
  5
AD3
330
1A
100
AcDbEntity
  8
BLACK
  6
CONTINUOUS
100
AcDbLine
 10
2.8614203937007874
 20
1.1577709842519686
 30
0
 11
2.8614868503937005
 21
1.157851968503937
 31
0
  0
LINE
  5
AD4
330
1A
100
AcDbEntity
  8
BLACK
  6
CONTINUOUS
100
AcDbLine
 10
2.8614868503937005
 20
1.157851968503937
 30
0
 11
2.8615428346456691
 21
1.1579409055118111
 31
0
  0
LINE
  5
AD5
330
1A
100
AcDbEntity
  8
BLACK
  6
CONTINUOUS
100
AcDbLine
 10
2.8615428346456691
 20
1.1579409055118111
 30
0
 11
2.8616018110236219
 21
1.1579920866141733
 31
0
  0
LINE
  5
AD6
330
1A
100
AcDbEntity
  8
BLACK
  6
CONTINUOUS
100
AcDbLine
 10
2.8616018110236219
 20
1.1579920866141733
 30
0
 11
2.8617875984251966
 21
1.1582184251968504
 31
0
  0
LINE
  5
AD7
330
1A
100
AcDbEntity
  8
BLACK
  6
CONTINUOUS
100
AcDbLine
 10
2.8617875984251966
 20
1.1582184251968504
 30
0
 11
2.8636623622047241
 21
1.1600931889763779
 31
0
  0
LINE
  5
AD8
330
1A
100
AcDbEntity
  8
BLACK
  6
CONTINUOUS
100
AcDbLine
 10
2.8636623622047241
 20
1.1600931889763779
 30
0
 11
2.8638887007874017
 21
1.1602789763779526
 31
0
  0
LINE
  5
AD9
330
1A
100
AcDbEntity
  8
BLACK
  6
CONTINUOUS
100
AcDbLine
 10
2.8638887007874017
 20
1.1602789763779526
 30
0
 11
2.8639398818897637
 21
1.1603379527559055
 31
0
  0
LINE
  5
ADA
330
1A
100
AcDbEntity
  8
BLACK
  6
CONTINUOUS
100
AcDbLine
 10
2.8639398818897637
 20
1.1603379527559055
 30
0
 11
2.8640288188976379
 21
1.160393937007874
 31
0
  0
LINE
  5
ADB
330
1A
100
AcDbEntity
  8
BLACK
  6
CONTINUOUS
100
AcDbLine
 10
2.8640288188976379
 20
1.160393937007874
 30
0
 11
2.8641098031496064
 21
1.1604603937007874
 31
0
  0
LINE
  5
ADC
330
1A
100
AcDbEntity
  8
BLACK
  6
CONTINUOUS
100
AcDbLine
 10
2.8641098031496064
 20
1.1604603937007874
 30
0
 11
2.8641817322834644
 21
1.1604902362204723
 31
0
  0
LINE
  5
ADD
330
1A
100
AcDbEntity
  8
BLACK
  6
CONTINUOUS
100
AcDbLine
 10
2.8641817322834644
 20
1.1604902362204723
 30
0
 11
2.8644297637795275
 21
1.1606462992125983
 31
0
  0
LINE
  5
ADE
330
1A
100
AcDbEntity
  8
BLACK
  6
CONTINUOUS
100
AcDbLine
 10
2.8644297637795275
 20
1.1606462992125983
 30
0
 11
2.8681792913385826
 21
1.1625210629921259
 31
0
  0
LINE
  5
ADF
330
1A
100
AcDbEntity
  8
BLACK
  6
CONTINUOUS
100
AcDbLine
 10
2.8681792913385826
 20
1.1625210629921259
 30
0
 11
2.8682213779527559
 21
1.1625372047244094
 31
0
  0
LINE
  5
AE0
330
1A
100
AcDbEntity
  8
BLACK
  6
CONTINUOUS
100
AcDbLine
 10
2.8682213779527559
 20
1.1625372047244094
 30
0
 11
2.8682385433070867
 21
1.1625498818897637
 31
0
  0
LINE
  5
AE1
330
1A
100
AcDbEntity
  8
BLACK
  6
CONTINUOUS
100
AcDbLine
 10
2.8682385433070867
 20
1.1625498818897637
 30
0
 11
2.8684801181102362
 21
1.162636220472441
 31
0
  0
LINE
  5
AE2
330
1A
100
AcDbEntity
  8
BLACK
  6
CONTINUOUS
100
AcDbLine
 10
2.8684801181102362
 20
1.162636220472441
 30
0
 11
2.8687198818897639
 21
1.1627279527559056
 31
0
  0
LINE
  5
AE3
330
1A
100
AcDbEntity
  8
BLACK
  6
CONTINUOUS
100
AcDbLine
 10
2.8687198818897639
 20
1.1627279527559056
 30
0
 11
2.8687411417322832
 21
1.1627294881889763
 31
0
  0
LINE
  5
AE4
330
1A
100
AcDbEntity
  8
BLACK
  6
CONTINUOUS
100
AcDbLine
 10
2.8687411417322832
 20
1.1627294881889763
 30
0
 11
2.8687836614173228
 21
1.1627446456692914
 31
0
  0
LINE
  5
AE5
330
1A
100
AcDbEntity
  8
BLACK
  6
CONTINUOUS
100
AcDbLine
 10
2.8687836614173228
 20
1.1627446456692914
 30
0
 11
2.876282716535433
 21
1.1646194094488189
 31
0
  0
LINE
  5
AE6
330
1A
100
AcDbEntity
  8
BLACK
  6
CONTINUOUS
100
AcDbLine
 10
2.876282716535433
 20
1.1646194094488189
 30
0
 11
2.8763825590551182
 21
1.1646342125984253
 31
0
  0
LINE
  5
AE7
330
1A
100
AcDbEntity
  8
BLACK
  6
CONTINUOUS
100
AcDbLine
 10
2.8763825590551182
 20
1.1646342125984253
 30
0
 11
2.8764227952755905
 21
1.1646508267716535
 31
0
  0
LINE
  5
AE8
330
1A
100
AcDbEntity
  8
BLACK
  6
CONTINUOUS
100
AcDbLine
 10
2.8764227952755905
 20
1.1646508267716535
 30
0
 11
2.8766398031496063
 21
1.1646722047244094
 31
0
  0
LINE
  5
AE9
330
1A
100
AcDbEntity
  8
BLACK
  6
CONTINUOUS
100
AcDbLine
 10
2.8766398031496063
 20
1.1646722047244094
 30
0
 11
2.87685531496063
 21
1.1647040551181103
 31
0
  0
LINE
  5
AEA
330
1A
100
AcDbEntity
  8
BLACK
  6
CONTINUOUS
100
AcDbLine
 10
2.87685531496063
 20
1.1647040551181103
 30
0
 11
2.8768983070866141
 21
1.1646976771653543
 31
0
  0
LINE
  5
AEB
330
1A
100
AcDbEntity
  8
BLACK
  6
CONTINUOUS
100
AcDbLine
 10
2.8768983070866141
 20
1.1646976771653543
 30
0
 11
2.8769988582677164
 21
1.1647075590551181
 31
0
  0
LINE
  5
AEC
330
1A
100
AcDbEntity
  8
BLACK
  6
CONTINUOUS
100
AcDbLine
 10
2.8769988582677164
 20
1.1647075590551181
 30
0
 11
2.8863726771653542
 21
1.1647075590551181
 31
0
  0
LINE
  5
AED
330
1A
100
AcDbEntity
  8
BLACK
  6
CONTINUOUS
100
AcDbLine
 10
2.8863726771653542
 20
1.1647075590551181
 30
0
 11
2.8864731889763777
 21
1.1646976771653543
 31
0
  0
LINE
  5
AEE
330
1A
100
AcDbEntity
  8
BLACK
  6
CONTINUOUS
100
AcDbLine
 10
2.8705303543307088
 20
1.1570940551181101
 30
0
 11
2.8674993700787401
 21
1.1555785433070866
 31
0
  0
LINE
  5
AEF
330
1A
100
AcDbEntity
  8
BLACK
  6
CONTINUOUS
100
AcDbLine
 10
2.8674993700787401
 20
1.1555785433070866
 30
0
 11
2.8663022440944883
 21
1.1543814173228346
 31
0
  0
LINE
  5
AF0
330
1A
100
AcDbEntity
  8
BLACK
  6
CONTINUOUS
100
AcDbLine
 10
2.8663022440944883
 20
1.1543814173228346
 30
0
 11
2.864953503937008
 21
1.151683937007874
 31
0
  0
LINE
  5
AF1
330
1A
100
AcDbEntity
  8
BLACK
  6
CONTINUOUS
100
AcDbLine
 10
2.864953503937008
 20
1.151683937007874
 30
0
 11
2.864953503937008
 21
1.1493285039370078
 31
0
  0
LINE
  5
AF2
330
1A
100
AcDbEntity
  8
BLACK
  6
CONTINUOUS
100
AcDbLine
 10
2.864953503937008
 20
1.1493285039370078
 30
0
 11
2.8663022440944883
 21
1.1466310236220472
 31
0
  0
LINE
  5
AF3
330
1A
100
AcDbEntity
  8
BLACK
  6
CONTINUOUS
100
AcDbLine
 10
2.8663022440944883
 20
1.1466310236220472
 30
0
 11
2.8674993700787401
 21
1.1454338976377954
 31
0
  0
LINE
  5
AF4
330
1A
100
AcDbEntity
  8
BLACK
  6
CONTINUOUS
100
AcDbLine
 10
2.8674993700787401
 20
1.1454338976377954
 30
0
 11
2.8705303543307088
 21
1.1439184251968504
 31
0
  0
LINE
  5
AF5
330
1A
100
AcDbEntity
  8
BLACK
  6
CONTINUOUS
100
AcDbLine
 10
2.8705303543307088
 20
1.1439184251968504
 30
0
 11
2.8773624015748029
 21
1.1422103937007875
 31
0
  0
LINE
  5
AF6
330
1A
100
AcDbEntity
  8
BLACK
  6
CONTINUOUS
100
AcDbLine
 10
2.8773624015748029
 20
1.1422103937007875
 30
0
 11
2.8860091338582676
 21
1.1422103937007875
 31
0
  0
LINE
  5
AF7
330
1A
100
AcDbEntity
  8
BLACK
  6
CONTINUOUS
100
AcDbLine
 10
2.8860091338582676
 20
1.1422103937007875
 30
0
 11
2.8928411811023622
 21
1.1439184251968504
 31
0
  0
LINE
  5
AF8
330
1A
100
AcDbEntity
  8
BLACK
  6
CONTINUOUS
100
AcDbLine
 10
2.8928411811023622
 20
1.1439184251968504
 30
0
 11
2.8958721653543305
 21
1.1454339370078739
 31
0
  0
LINE
  5
AF9
330
1A
100
AcDbEntity
  8
BLACK
  6
CONTINUOUS
100
AcDbLine
 10
2.8958721653543305
 20
1.1454339370078739
 30
0
 11
2.8970693307086615
 21
1.1466310629921259
 31
0
  0
LINE
  5
AFA
330
1A
100
AcDbEntity
  8
BLACK
  6
CONTINUOUS
100
AcDbLine
 10
2.8970693307086615
 20
1.1466310629921259
 30
0
 11
2.8984180708661418
 21
1.1493285039370078
 31
0
  0
LINE
  5
AFB
330
1A
100
AcDbEntity
  8
BLACK
  6
CONTINUOUS
100
AcDbLine
 10
2.8984180708661418
 20
1.1493285039370078
 30
0
 11
2.8984180708661418
 21
1.151683937007874
 31
0
  0
LINE
  5
AFC
330
1A
100
AcDbEntity
  8
BLACK
  6
CONTINUOUS
100
AcDbLine
 10
2.8984180708661418
 20
1.151683937007874
 30
0
 11
2.8970693307086615
 21
1.1543814173228346
 31
0
  0
LINE
  5
AFD
330
1A
100
AcDbEntity
  8
BLACK
  6
CONTINUOUS
100
AcDbLine
 10
2.8970693307086615
 20
1.1543814173228346
 30
0
 11
2.8958721653543305
 21
1.1555785433070866
 31
0
  0
LINE
  5
AFE
330
1A
100
AcDbEntity
  8
BLACK
  6
CONTINUOUS
100
AcDbLine
 10
2.8958721653543305
 20
1.1555785433070866
 30
0
 11
2.8928411811023622
 21
1.1570940551181101
 31
0
  0
LINE
  5
AFF
330
1A
100
AcDbEntity
  8
BLACK
  6
CONTINUOUS
100
AcDbLine
 10
2.8928411811023622
 20
1.1570940551181101
 30
0
 11
2.8860091338582676
 21
1.1588020472440945
 31
0
  0
LINE
  5
B00
330
1A
100
AcDbEntity
  8
BLACK
  6
CONTINUOUS
100
AcDbLine
 10
2.8860091338582676
 20
1.1588020472440945
 30
0
 11
2.8773624015748029
 21
1.1588020472440945
 31
0
  0
LINE
  5
B01
330
1A
100
AcDbEntity
  8
BLACK
  6
CONTINUOUS
100
AcDbLine
 10
2.8773624015748029
 20
1.1588020472440945
 30
0
 11
2.8705303543307088
 21
1.1570940551181101
 31
0
  0
LINE
  5
B02
330
1A
100
AcDbEntity
  8
BLACK
  6
CONTINUOUS
100
AcDbLine
 10
2.8719506299212596
 20
1.2021461417322834
 30
0
 11
2.8720486220472439
 21
1.2021055511811023
 31
0
  0
LINE
  5
B03
330
1A
100
AcDbEntity
  8
BLACK
  6
CONTINUOUS
100
AcDbLine
 10
2.8720486220472439
 20
1.2021055511811023
 30
0
 11
2.8721544488188977
 21
1.202098031496063
 31
0
  0
LINE
  5
B04
330
1A
100
AcDbEntity
  8
BLACK
  6
CONTINUOUS
100
AcDbLine
 10
2.8721544488188977
 20
1.202098031496063
 30
0
 11
2.8726950787401573
 21
1.2018911417322835
 31
0
  0
LINE
  5
B05
330
1A
100
AcDbEntity
  8
BLACK
  6
CONTINUOUS
100
AcDbLine
 10
2.8726950787401573
 20
1.2018911417322835
 30
0
 11
2.8764446062992124
 21
1.200016377952756
 31
0
  0
LINE
  5
B06
330
1A
100
AcDbEntity
  8
BLACK
  6
CONTINUOUS
100
AcDbLine
 10
2.8764446062992124
 20
1.200016377952756
 30
0
 11
2.8766925984251968
 21
1.1998603149606299
 31
0
  0
LINE
  5
B07
330
1A
100
AcDbEntity
  8
BLACK
  6
CONTINUOUS
100
AcDbLine
 10
2.8766925984251968
 20
1.1998603149606299
 30
0
 11
2.876764566929134
 21
1.1998304724409448
 31
0
  0
LINE
  5
B08
330
1A
100
AcDbEntity
  8
BLACK
  6
CONTINUOUS
100
AcDbLine
 10
2.876764566929134
 20
1.1998304724409448
 30
0
 11
2.8768455118110237
 21
1.1997640157480314
 31
0
  0
LINE
  5
B09
330
1A
100
AcDbEntity
  8
BLACK
  6
CONTINUOUS
100
AcDbLine
 10
2.8768455118110237
 20
1.1997640157480314
 30
0
 11
2.8769344881889762
 21
1.1997080314960629
 31
0
  0
LINE
  5
B0A
330
1A
100
AcDbEntity
  8
BLACK
  6
CONTINUOUS
100
AcDbLine
 10
2.8769344881889762
 20
1.1997080314960629
 30
0
 11
2.8769856299212599
 21
1.1996490551181103
 31
0
  0
LINE
  5
B0B
330
1A
100
AcDbEntity
  8
BLACK
  6
CONTINUOUS
100
AcDbLine
 10
2.8769856299212599
 20
1.1996490551181103
 30
0
 11
2.8772120078740158
 21
1.1994632677165353
 31
0
  0
LINE
  5
B0C
330
1A
100
AcDbEntity
  8
BLACK
  6
CONTINUOUS
100
AcDbLine
 10
2.8772120078740158
 20
1.1994632677165353
 30
0
 11
2.878873622047244
 21
1.1978016535433071
 31
0
  0
LINE
  5
B0D
330
1A
100
AcDbEntity
  8
BLACK
  6
CONTINUOUS
100
AcDbLine
 10
2.878873622047244
 20
1.1978016535433071
 30
0
 11
2.8805352362204726
 21
1.1994632677165353
 31
0
  0
LINE
  5
B0E
330
1A
100
AcDbEntity
  8
BLACK
  6
CONTINUOUS
100
AcDbLine
 10
2.8805352362204726
 20
1.1994632677165353
 30
0
 11
2.8807615748031496
 21
1.1996490551181103
 31
0
  0
LINE
  5
B0F
330
1A
100
AcDbEntity
  8
BLACK
  6
CONTINUOUS
100
AcDbLine
 10
2.8807615748031496
 20
1.1996490551181103
 30
0
 11
2.8808127559055117
 21
1.1997080314960629
 31
0
  0
LINE
  5
B10
330
1A
100
AcDbEntity
  8
BLACK
  6
CONTINUOUS
100
AcDbLine
 10
2.8808127559055117
 20
1.1997080314960629
 30
0
 11
2.8809016929133859
 21
1.1997640157480314
 31
0
  0
LINE
  5
B11
330
1A
100
AcDbEntity
  8
BLACK
  6
CONTINUOUS
100
AcDbLine
 10
2.8809016929133859
 20
1.1997640157480314
 30
0
 11
2.8809826771653544
 21
1.1998304724409448
 31
0
  0
LINE
  5
B12
330
1A
100
AcDbEntity
  8
BLACK
  6
CONTINUOUS
100
AcDbLine
 10
2.8809826771653544
 20
1.1998304724409448
 30
0
 11
2.8810546062992124
 21
1.1998603149606299
 31
0
  0
LINE
  5
B13
330
1A
100
AcDbEntity
  8
BLACK
  6
CONTINUOUS
100
AcDbLine
 10
2.8810546062992124
 20
1.1998603149606299
 30
0
 11
2.8813026377952755
 21
1.200016377952756
 31
0
  0
LINE
  5
B14
330
1A
100
AcDbEntity
  8
BLACK
  6
CONTINUOUS
100
AcDbLine
 10
2.8813026377952755
 20
1.200016377952756
 30
0
 11
2.8850521653543306
 21
1.2018911417322835
 31
0
  0
LINE
  5
B15
330
1A
100
AcDbEntity
  8
BLACK
  6
CONTINUOUS
100
AcDbLine
 10
2.8850521653543306
 20
1.2018911417322835
 30
0
 11
2.8855927559055119
 21
1.202098031496063
 31
0
  0
LINE
  5
B16
330
1A
100
AcDbEntity
  8
BLACK
  6
CONTINUOUS
100
AcDbLine
 10
2.8855927559055119
 20
1.202098031496063
 30
0
 11
2.885698622047244
 21
1.202105590551181
 31
0
  0
LINE
  5
B17
330
1A
100
AcDbEntity
  8
BLACK
  6
CONTINUOUS
100
AcDbLine
 10
2.885698622047244
 20
1.202105590551181
 30
0
 11
2.8857966141732283
 21
1.2021461417322834
 31
0
  0
LINE
  5
B18
330
1A
100
AcDbEntity
  8
BLACK
  6
CONTINUOUS
100
AcDbLine
 10
2.8857966141732283
 20
1.2021461417322834
 30
0
 11
2.8863726771653542
 21
1.202202874015748
 31
0
  0
LINE
  5
B19
330
1A
100
AcDbEntity
  8
BLACK
  6
CONTINUOUS
100
AcDbLine
 10
2.8863726771653542
 20
1.202202874015748
 30
0
 11
2.8938717322834644
 21
1.202202874015748
 31
0
  0
LINE
  5
B1A
330
1A
100
AcDbEntity
  8
BLACK
  6
CONTINUOUS
100
AcDbLine
 10
2.8938717322834644
 20
1.202202874015748
 30
0
 11
2.8944477952755907
 21
1.2021461417322834
 31
0
  0
LINE
  5
B1B
330
1A
100
AcDbEntity
  8
BLACK
  6
CONTINUOUS
100
AcDbLine
 10
2.8944477952755907
 20
1.2021461417322834
 30
0
 11
2.8945457874015745
 21
1.2021055511811023
 31
0
  0
LINE
  5
B1C
330
1A
100
AcDbEntity
  8
BLACK
  6
CONTINUOUS
100
AcDbLine
 10
2.8945457874015745
 20
1.2021055511811023
 30
0
 11
2.8946516141732284
 21
1.202098031496063
 31
0
  0
LINE
  5
B1D
330
1A
100
AcDbEntity
  8
BLACK
  6
CONTINUOUS
100
AcDbLine
 10
2.8946516141732284
 20
1.202098031496063
 30
0
 11
2.8951922440944879
 21
1.2018911417322835
 31
0
  0
LINE
  5
B1E
330
1A
100
AcDbEntity
  8
BLACK
  6
CONTINUOUS
100
AcDbLine
 10
2.8951922440944879
 20
1.2018911417322835
 30
0
 11
2.8989417716535431
 21
1.200016377952756
 31
0
  0
LINE
  5
B1F
330
1A
100
AcDbEntity
  8
BLACK
  6
CONTINUOUS
100
AcDbLine
 10
2.8989417716535431
 20
1.200016377952756
 30
0
 11
2.8991896456692912
 21
1.1998603543307087
 31
0
  0
LINE
  5
B20
330
1A
100
AcDbEntity
  8
BLACK
  6
CONTINUOUS
100
AcDbLine
 10
2.8991896456692912
 20
1.1998603543307087
 30
0
 11
2.8992616929133859
 21
1.1998305118110235
 31
0
  0
LINE
  5
B21
330
1A
100
AcDbEntity
  8
BLACK
  6
CONTINUOUS
100
AcDbLine
 10
2.8992616929133859
 20
1.1998305118110235
 30
0
 11
2.8993427165354331
 21
1.1997640157480314
 31
0
  0
LINE
  5
B22
330
1A
100
AcDbEntity
  8
BLACK
  6
CONTINUOUS
100
AcDbLine
 10
2.8993427165354331
 20
1.1997640157480314
 30
0
 11
2.8994316535433069
 21
1.1997080314960629
 31
0
  0
LINE
  5
B23
330
1A
100
AcDbEntity
  8
BLACK
  6
CONTINUOUS
100
AcDbLine
 10
2.8994316535433069
 20
1.1997080314960629
 30
0
 11
2.8994827952755906
 21
1.1996490551181103
 31
0
  0
LINE
  5
B24
330
1A
100
AcDbEntity
  8
BLACK
  6
CONTINUOUS
100
AcDbLine
 10
2.8994827952755906
 20
1.1996490551181103
 30
0
 11
2.8997091338582677
 21
1.1994633070866141
 31
0
  0
LINE
  5
B25
330
1A
100
AcDbEntity
  8
BLACK
  6
CONTINUOUS
100
AcDbLine
 10
2.8997091338582677
 20
1.1994633070866141
 30
0
 11
2.901583937007874
 21
1.1975885433070865
 31
0
  0
LINE
  5
B26
330
1A
100
AcDbEntity
  8
BLACK
  6
CONTINUOUS
100
AcDbLine
 10
2.901583937007874
 20
1.1975885433070865
 30
0
 11
2.9017696850393699
 21
1.1973622047244095
 31
0
  0
LINE
  5
B27
330
1A
100
AcDbEntity
  8
BLACK
  6
CONTINUOUS
100
AcDbLine
 10
2.9017696850393699
 20
1.1973622047244095
 30
0
 11
2.9018287401574803
 21
1.1973109842519685
 31
0
  0
LINE
  5
B28
330
1A
100
AcDbEntity
  8
BLACK
  6
CONTINUOUS
100
AcDbLine
 10
2.9018287401574803
 20
1.1973109842519685
 30
0
 11
2.9018847244094488
 21
1.1972220472440944
 31
0
  0
LINE
  5
B29
330
1A
100
AcDbEntity
  8
BLACK
  6
CONTINUOUS
100
AcDbLine
 10
2.9018847244094488
 20
1.1972220472440944
 30
0
 11
2.9019511811023619
 21
1.197141062992126
 31
0
  0
LINE
  5
B2A
330
1A
100
AcDbEntity
  8
BLACK
  6
CONTINUOUS
100
AcDbLine
 10
2.9019511811023619
 20
1.197141062992126
 30
0
 11
2.9019809842519684
 21
1.1970691338582677
 31
0
  0
LINE
  5
B2B
330
1A
100
AcDbEntity
  8
BLACK
  6
CONTINUOUS
100
AcDbLine
 10
2.9019809842519684
 20
1.1970691338582677
 30
0
 11
2.9021370866141734
 21
1.1968211023622046
 31
0
  0
LINE
  5
B2C
330
1A
100
AcDbEntity
  8
BLACK
  6
CONTINUOUS
100
AcDbLine
 10
2.9021370866141734
 20
1.1968211023622046
 30
0
 11
2.9040118503937009
 21
1.1930715748031495
 31
0
  0
LINE
  5
B2D
330
1A
100
AcDbEntity
  8
BLACK
  6
CONTINUOUS
100
AcDbLine
 10
2.9040118503937009
 20
1.1930715748031495
 30
0
 11
2.9042187401574804
 21
1.1925309842519685
 31
0
  0
LINE
  5
B2E
330
1A
100
AcDbEntity
  8
BLACK
  6
CONTINUOUS
100
AcDbLine
 10
2.9042187401574804
 20
1.1925309842519685
 30
0
 11
2.9042262598425195
 21
1.1924251181102361
 31
0
  0
LINE
  5
B2F
330
1A
100
AcDbEntity
  8
BLACK
  6
CONTINUOUS
100
AcDbLine
 10
2.9042262598425195
 20
1.1924251181102361
 30
0
 11
2.9042668503937006
 21
1.1923271259842518
 31
0
  0
LINE
  5
B30
330
1A
100
AcDbEntity
  8
BLACK
  6
CONTINUOUS
100
AcDbLine
 10
2.9042668503937006
 20
1.1923271259842518
 30
0
 11
2.9043235826771654
 21
1.191751062992126
 31
0
  0
LINE
  5
B31
330
1A
100
AcDbEntity
  8
BLACK
  6
CONTINUOUS
100
AcDbLine
 10
2.9043235826771654
 20
1.191751062992126
 30
0
 11
2.9043235826771654
 21
1.1842520078740157
 31
0
  0
LINE
  5
B32
330
1A
100
AcDbEntity
  8
BLACK
  6
CONTINUOUS
100
AcDbLine
 10
2.9043235826771654
 20
1.1842520078740157
 30
0
 11
2.9042668503937006
 21
1.1836759448818897
 31
0
  0
LINE
  5
B33
330
1A
100
AcDbEntity
  8
BLACK
  6
CONTINUOUS
100
AcDbLine
 10
2.9042668503937006
 20
1.1836759448818897
 30
0
 11
2.9042262598425195
 21
1.1835779921259841
 31
0
  0
LINE
  5
B34
330
1A
100
AcDbEntity
  8
BLACK
  6
CONTINUOUS
100
AcDbLine
 10
2.9042262598425195
 20
1.1835779921259841
 30
0
 11
2.9042187401574804
 21
1.1834720866141732
 31
0
  0
LINE
  5
B35
330
1A
100
AcDbEntity
  8
BLACK
  6
CONTINUOUS
100
AcDbLine
 10
2.9042187401574804
 20
1.1834720866141732
 30
0
 11
2.9040118503937009
 21
1.1829314960629922
 31
0
  0
LINE
  5
B36
330
1A
100
AcDbEntity
  8
BLACK
  6
CONTINUOUS
100
AcDbLine
 10
2.9040118503937009
 20
1.1829314960629922
 30
0
 11
2.9021370866141734
 21
1.1791819685039371
 31
0
  0
LINE
  5
B37
330
1A
100
AcDbEntity
  8
BLACK
  6
CONTINUOUS
100
AcDbLine
 10
2.9021370866141734
 20
1.1791819685039371
 30
0
 11
2.9019809842519684
 21
1.1789339763779527
 31
0
  0
LINE
  5
B38
330
1A
100
AcDbEntity
  8
BLACK
  6
CONTINUOUS
100
AcDbLine
 10
2.9019809842519684
 20
1.1789339763779527
 30
0
 11
2.9019511811023619
 21
1.1788620078740157
 31
0
  0
LINE
  5
B39
330
1A
100
AcDbEntity
  8
BLACK
  6
CONTINUOUS
100
AcDbLine
 10
2.9019511811023619
 20
1.1788620078740157
 30
0
 11
2.9018847244094488
 21
1.178781062992126
 31
0
  0
LINE
  5
B3A
330
1A
100
AcDbEntity
  8
BLACK
  6
CONTINUOUS
100
AcDbLine
 10
2.9018847244094488
 20
1.178781062992126
 30
0
 11
2.9018287401574803
 21
1.1786920866141732
 31
0
  0
LINE
  5
B3B
330
1A
100
AcDbEntity
  8
BLACK
  6
CONTINUOUS
100
AcDbLine
 10
2.9018287401574803
 20
1.1786920866141732
 30
0
 11
2.9017696850393699
 21
1.178640905511811
 31
0
  0
LINE
  5
B3C
330
1A
100
AcDbEntity
  8
BLACK
  6
CONTINUOUS
100
AcDbLine
 10
2.9017696850393699
 20
1.178640905511811
 30
0
 11
2.901583937007874
 21
1.1784145275590552
 31
0
  0
LINE
  5
B3D
330
1A
100
AcDbEntity
  8
BLACK
  6
CONTINUOUS
100
AcDbLine
 10
2.901583937007874
 20
1.1784145275590552
 30
0
 11
2.8997091338582677
 21
1.1765397637795276
 31
0
  0
LINE
  5
B3E
330
1A
100
AcDbEntity
  8
BLACK
  6
CONTINUOUS
100
AcDbLine
 10
2.8997091338582677
 20
1.1765397637795276
 30
0
 11
2.8994827952755906
 21
1.1763540551181102
 31
0
  0
LINE
  5
B3F
330
1A
100
AcDbEntity
  8
BLACK
  6
CONTINUOUS
100
AcDbLine
 10
2.8994827952755906
 20
1.1763540551181102
 30
0
 11
2.8994316535433069
 21
1.1762950393700786
 31
0
  0
LINE
  5
B40
330
1A
100
AcDbEntity
  8
BLACK
  6
CONTINUOUS
100
AcDbLine
 10
2.8994316535433069
 20
1.1762950393700786
 30
0
 11
2.8993427165354331
 21
1.1762390944881889
 31
0
  0
LINE
  5
B41
330
1A
100
AcDbEntity
  8
BLACK
  6
CONTINUOUS
100
AcDbLine
 10
2.8993427165354331
 20
1.1762390944881889
 30
0
 11
2.8992616929133859
 21
1.1761725590551182
 31
0
  0
LINE
  5
B42
330
1A
100
AcDbEntity
  8
BLACK
  6
CONTINUOUS
100
AcDbLine
 10
2.8992616929133859
 20
1.1761725590551182
 30
0
 11
2.8991896456692912
 21
1.1761427559055118
 31
0
  0
LINE
  5
B43
330
1A
100
AcDbEntity
  8
BLACK
  6
CONTINUOUS
100
AcDbLine
 10
2.8991896456692912
 20
1.1761427559055118
 30
0
 11
2.8989417716535431
 21
1.1759866929133858
 31
0
  0
LINE
  5
B44
330
1A
100
AcDbEntity
  8
BLACK
  6
CONTINUOUS
100
AcDbLine
 10
2.8989417716535431
 20
1.1759866929133858
 30
0
 11
2.8951922440944879
 21
1.1741119291338582
 31
0
  0
LINE
  5
B45
330
1A
100
AcDbEntity
  8
BLACK
  6
CONTINUOUS
100
AcDbLine
 10
2.8951922440944879
 20
1.1741119291338582
 30
0
 11
2.8946516141732284
 21
1.1739050393700787
 31
0
  0
LINE
  5
B46
330
1A
100
AcDbEntity
  8
BLACK
  6
CONTINUOUS
100
AcDbLine
 10
2.8946516141732284
 20
1.1739050393700787
 30
0
 11
2.8945457874015745
 21
1.1738975590551182
 31
0
  0
LINE
  5
B47
330
1A
100
AcDbEntity
  8
BLACK
  6
CONTINUOUS
100
AcDbLine
 10
2.8945457874015745
 20
1.1738975590551182
 30
0
 11
2.8944477952755907
 21
1.1738569291338583
 31
0
  0
LINE
  5
B48
330
1A
100
AcDbEntity
  8
BLACK
  6
CONTINUOUS
100
AcDbLine
 10
2.8944477952755907
 20
1.1738569291338583
 30
0
 11
2.8938717322834644
 21
1.1738001968503937
 31
0
  0
LINE
  5
B49
330
1A
100
AcDbEntity
  8
BLACK
  6
CONTINUOUS
100
AcDbLine
 10
2.8938717322834644
 20
1.1738001968503937
 30
0
 11
2.8863726771653542
 21
1.1738001968503937
 31
0
  0
LINE
  5
B4A
330
1A
100
AcDbEntity
  8
BLACK
  6
CONTINUOUS
100
AcDbLine
 10
2.8863726771653542
 20
1.1738001968503937
 30
0
 11
2.8857966141732283
 21
1.1738569291338583
 31
0
  0
LINE
  5
B4B
330
1A
100
AcDbEntity
  8
BLACK
  6
CONTINUOUS
100
AcDbLine
 10
2.8857966141732283
 20
1.1738569291338583
 30
0
 11
2.885698622047244
 21
1.1738975196850394
 31
0
  0
LINE
  5
B4C
330
1A
100
AcDbEntity
  8
BLACK
  6
CONTINUOUS
100
AcDbLine
 10
2.885698622047244
 20
1.1738975196850394
 30
0
 11
2.8855927559055119
 21
1.1739050393700787
 31
0
  0
LINE
  5
B4D
330
1A
100
AcDbEntity
  8
BLACK
  6
CONTINUOUS
100
AcDbLine
 10
2.8855927559055119
 20
1.1739050393700787
 30
0
 11
2.8850521653543306
 21
1.1741119291338582
 31
0
  0
LINE
  5
B4E
330
1A
100
AcDbEntity
  8
BLACK
  6
CONTINUOUS
100
AcDbLine
 10
2.8850521653543306
 20
1.1741119291338582
 30
0
 11
2.8813026377952755
 21
1.1759866929133858
 31
0
  0
LINE
  5
B4F
330
1A
100
AcDbEntity
  8
BLACK
  6
CONTINUOUS
100
AcDbLine
 10
2.8813026377952755
 20
1.1759866929133858
 30
0
 11
2.8810546062992124
 21
1.1761427952755905
 31
0
  0
LINE
  5
B50
330
1A
100
AcDbEntity
  8
BLACK
  6
CONTINUOUS
100
AcDbLine
 10
2.8810546062992124
 20
1.1761427952755905
 30
0
 11
2.8809826771653544
 21
1.1761725984251967
 31
0
  0
LINE
  5
B51
330
1A
100
AcDbEntity
  8
BLACK
  6
CONTINUOUS
100
AcDbLine
 10
2.8809826771653544
 20
1.1761725984251967
 30
0
 11
2.8809016929133859
 21
1.1762390944881889
 31
0
  0
LINE
  5
B52
330
1A
100
AcDbEntity
  8
BLACK
  6
CONTINUOUS
100
AcDbLine
 10
2.8809016929133859
 20
1.1762390944881889
 30
0
 11
2.8808127559055117
 21
1.1762950393700786
 31
0
  0
LINE
  5
B53
330
1A
100
AcDbEntity
  8
BLACK
  6
CONTINUOUS
100
AcDbLine
 10
2.8808127559055117
 20
1.1762950393700786
 30
0
 11
2.8807615748031496
 21
1.1763540551181102
 31
0
  0
LINE
  5
B54
330
1A
100
AcDbEntity
  8
BLACK
  6
CONTINUOUS
100
AcDbLine
 10
2.8807615748031496
 20
1.1763540551181102
 30
0
 11
2.8805352362204726
 21
1.1765398031496064
 31
0
  0
LINE
  5
B55
330
1A
100
AcDbEntity
  8
BLACK
  6
CONTINUOUS
100
AcDbLine
 10
2.8805352362204726
 20
1.1765398031496064
 30
0
 11
2.878873622047244
 21
1.1782014173228346
 31
0
  0
LINE
  5
B56
330
1A
100
AcDbEntity
  8
BLACK
  6
CONTINUOUS
100
AcDbLine
 10
2.878873622047244
 20
1.1782014173228346
 30
0
 11
2.8772120078740158
 21
1.1765398031496064
 31
0
  0
LINE
  5
B57
330
1A
100
AcDbEntity
  8
BLACK
  6
CONTINUOUS
100
AcDbLine
 10
2.8772120078740158
 20
1.1765398031496064
 30
0
 11
2.8769856299212599
 21
1.1763540551181102
 31
0
  0
LINE
  5
B58
330
1A
100
AcDbEntity
  8
BLACK
  6
CONTINUOUS
100
AcDbLine
 10
2.8769856299212599
 20
1.1763540551181102
 30
0
 11
2.8769344881889762
 21
1.1762950393700786
 31
0
  0
LINE
  5
B59
330
1A
100
AcDbEntity
  8
BLACK
  6
CONTINUOUS
100
AcDbLine
 10
2.8769344881889762
 20
1.1762950393700786
 30
0
 11
2.8768455118110237
 21
1.1762390944881889
 31
0
  0
LINE
  5
B5A
330
1A
100
AcDbEntity
  8
BLACK
  6
CONTINUOUS
100
AcDbLine
 10
2.8768455118110237
 20
1.1762390944881889
 30
0
 11
2.876764566929134
 21
1.1761725984251967
 31
0
  0
LINE
  5
B5B
330
1A
100
AcDbEntity
  8
BLACK
  6
CONTINUOUS
100
AcDbLine
 10
2.876764566929134
 20
1.1761725984251967
 30
0
 11
2.8766925984251968
 21
1.1761427952755905
 31
0
  0
LINE
  5
B5C
330
1A
100
AcDbEntity
  8
BLACK
  6
CONTINUOUS
100
AcDbLine
 10
2.8766925984251968
 20
1.1761427952755905
 30
0
 11
2.8764446062992124
 21
1.1759866929133858
 31
0
  0
LINE
  5
B5D
330
1A
100
AcDbEntity
  8
BLACK
  6
CONTINUOUS
100
AcDbLine
 10
2.8764446062992124
 20
1.1759866929133858
 30
0
 11
2.8726950787401573
 21
1.1741119291338582
 31
0
  0
LINE
  5
B5E
330
1A
100
AcDbEntity
  8
BLACK
  6
CONTINUOUS
100
AcDbLine
 10
2.8726950787401573
 20
1.1741119291338582
 30
0
 11
2.8721544488188977
 21
1.1739050393700787
 31
0
  0
LINE
  5
B5F
330
1A
100
AcDbEntity
  8
BLACK
  6
CONTINUOUS
100
AcDbLine
 10
2.8721544488188977
 20
1.1739050393700787
 30
0
 11
2.8720486220472439
 21
1.1738975590551182
 31
0
  0
LINE
  5
B60
330
1A
100
AcDbEntity
  8
BLACK
  6
CONTINUOUS
100
AcDbLine
 10
2.8720486220472439
 20
1.1738975590551182
 30
0
 11
2.8719506299212596
 21
1.1738569291338583
 31
0
  0
LINE
  5
B61
330
1A
100
AcDbEntity
  8
BLACK
  6
CONTINUOUS
100
AcDbLine
 10
2.8719506299212596
 20
1.1738569291338583
 30
0
 11
2.8713745669291337
 21
1.1738001968503937
 31
0
  0
LINE
  5
B62
330
1A
100
AcDbEntity
  8
BLACK
  6
CONTINUOUS
100
AcDbLine
 10
2.8713745669291337
 20
1.1738001968503937
 30
0
 11
2.8694998031496062
 21
1.1738001968503937
 31
0
  0
LINE
  5
B63
330
1A
100
AcDbEntity
  8
BLACK
  6
CONTINUOUS
100
AcDbLine
 10
2.8694998031496062
 20
1.1738001968503937
 30
0
 11
2.8689237401574803
 21
1.1738569291338583
 31
0
  0
LINE
  5
B64
330
1A
100
AcDbEntity
  8
BLACK
  6
CONTINUOUS
100
AcDbLine
 10
2.8689237401574803
 20
1.1738569291338583
 30
0
 11
2.868825748031496
 21
1.1738975196850394
 31
0
  0
LINE
  5
B65
330
1A
100
AcDbEntity
  8
BLACK
  6
CONTINUOUS
100
AcDbLine
 10
2.868825748031496
 20
1.1738975196850394
 30
0
 11
2.8687198818897639
 21
1.1739050393700787
 31
0
  0
LINE
  5
B66
330
1A
100
AcDbEntity
  8
BLACK
  6
CONTINUOUS
100
AcDbLine
 10
2.8687198818897639
 20
1.1739050393700787
 30
0
 11
2.8681792913385826
 21
1.1741119291338582
 31
0
  0
LINE
  5
B67
330
1A
100
AcDbEntity
  8
BLACK
  6
CONTINUOUS
100
AcDbLine
 10
2.8681792913385826
 20
1.1741119291338582
 30
0
 11
2.8644297637795275
 21
1.1759866929133858
 31
0
  0
LINE
  5
B68
330
1A
100
AcDbEntity
  8
BLACK
  6
CONTINUOUS
100
AcDbLine
 10
2.8644297637795275
 20
1.1759866929133858
 30
0
 11
2.8641817322834644
 21
1.1761427952755905
 31
0
  0
LINE
  5
B69
330
1A
100
AcDbEntity
  8
BLACK
  6
CONTINUOUS
100
AcDbLine
 10
2.8641817322834644
 20
1.1761427952755905
 30
0
 11
2.8641098031496064
 21
1.1761725984251967
 31
0
  0
LINE
  5
B6A
330
1A
100
AcDbEntity
  8
BLACK
  6
CONTINUOUS
100
AcDbLine
 10
2.8641098031496064
 20
1.1761725984251967
 30
0
 11
2.8640288188976379
 21
1.1762390944881889
 31
0
  0
LINE
  5
B6B
330
1A
100
AcDbEntity
  8
BLACK
  6
CONTINUOUS
100
AcDbLine
 10
2.8640288188976379
 20
1.1762390944881889
 30
0
 11
2.8639398818897637
 21
1.1762950393700786
 31
0
  0
LINE
  5
B6C
330
1A
100
AcDbEntity
  8
BLACK
  6
CONTINUOUS
100
AcDbLine
 10
2.8639398818897637
 20
1.1762950393700786
 30
0
 11
2.8638887007874017
 21
1.1763540551181102
 31
0
  0
LINE
  5
B6D
330
1A
100
AcDbEntity
  8
BLACK
  6
CONTINUOUS
100
AcDbLine
 10
2.8638887007874017
 20
1.1763540551181102
 30
0
 11
2.8636623622047241
 21
1.1765398031496064
 31
0
  0
LINE
  5
B6E
330
1A
100
AcDbEntity
  8
BLACK
  6
CONTINUOUS
100
AcDbLine
 10
2.8636623622047241
 20
1.1765398031496064
 30
0
 11
2.8617875984251966
 21
1.1784145669291339
 31
0
  0
LINE
  5
B6F
330
1A
100
AcDbEntity
  8
BLACK
  6
CONTINUOUS
100
AcDbLine
 10
2.8617875984251966
 20
1.1784145669291339
 30
0
 11
2.8616018110236219
 21
1.1786409448818898
 31
0
  0
LINE
  5
B70
330
1A
100
AcDbEntity
  8
BLACK
  6
CONTINUOUS
100
AcDbLine
 10
2.8616018110236219
 20
1.1786409448818898
 30
0
 11
2.8615428346456691
 21
1.1786920866141732
 31
0
  0
LINE
  5
B71
330
1A
100
AcDbEntity
  8
BLACK
  6
CONTINUOUS
100
AcDbLine
 10
2.8615428346456691
 20
1.1786920866141732
 30
0
 11
2.8614868503937005
 21
1.178781062992126
 31
0
  0
LINE
  5
B72
330
1A
100
AcDbEntity
  8
BLACK
  6
CONTINUOUS
100
AcDbLine
 10
2.8614868503937005
 20
1.178781062992126
 30
0
 11
2.8614203937007874
 21
1.1788620078740157
 31
0
  0
LINE
  5
B73
330
1A
100
AcDbEntity
  8
BLACK
  6
CONTINUOUS
100
AcDbLine
 10
2.8614203937007874
 20
1.1788620078740157
 30
0
 11
2.8613905511811022
 21
1.1789339763779527
 31
0
  0
LINE
  5
B74
330
1A
100
AcDbEntity
  8
BLACK
  6
CONTINUOUS
100
AcDbLine
 10
2.8613905511811022
 20
1.1789339763779527
 30
0
 11
2.8612344881889764
 21
1.1791819685039371
 31
0
  0
LINE
  5
B75
330
1A
100
AcDbEntity
  8
BLACK
  6
CONTINUOUS
100
AcDbLine
 10
2.8612344881889764
 20
1.1791819685039371
 30
0
 11
2.8593597244094489
 21
1.1829314960629922
 31
0
  0
LINE
  5
B76
330
1A
100
AcDbEntity
  8
BLACK
  6
CONTINUOUS
100
AcDbLine
 10
2.8593597244094489
 20
1.1829314960629922
 30
0
 11
2.8591528346456694
 21
1.183472125984252
 31
0
  0
LINE
  5
B77
330
1A
100
AcDbEntity
  8
BLACK
  6
CONTINUOUS
100
AcDbLine
 10
2.8591528346456694
 20
1.183472125984252
 30
0
 11
2.8591453149606298
 21
1.1835779527559054
 31
0
  0
LINE
  5
B78
330
1A
100
AcDbEntity
  8
BLACK
  6
CONTINUOUS
100
AcDbLine
 10
2.8591453149606298
 20
1.1835779527559054
 30
0
 11
2.8591047244094487
 21
1.1836759448818897
 31
0
  0
LINE
  5
B79
330
1A
100
AcDbEntity
  8
BLACK
  6
CONTINUOUS
100
AcDbLine
 10
2.8591047244094487
 20
1.1836759448818897
 30
0
 11
2.8590479921259844
 21
1.1842520078740157
 31
0
  0
LINE
  5
B7A
330
1A
100
AcDbEntity
  8
BLACK
  6
CONTINUOUS
100
AcDbLine
 10
2.8590479921259844
 20
1.1842520078740157
 30
0
 11
2.8590479921259844
 21
1.191751062992126
 31
0
  0
LINE
  5
B7B
330
1A
100
AcDbEntity
  8
BLACK
  6
CONTINUOUS
100
AcDbLine
 10
2.8590479921259844
 20
1.191751062992126
 30
0
 11
2.8591047244094487
 21
1.1923271259842518
 31
0
  0
LINE
  5
B7C
330
1A
100
AcDbEntity
  8
BLACK
  6
CONTINUOUS
100
AcDbLine
 10
2.8591047244094487
 20
1.1923271259842518
 30
0
 11
2.8591453149606298
 21
1.1924251574803149
 31
0
  0
LINE
  5
B7D
330
1A
100
AcDbEntity
  8
BLACK
  6
CONTINUOUS
100
AcDbLine
 10
2.8591453149606298
 20
1.1924251574803149
 30
0
 11
2.8591528346456694
 21
1.1925309448818897
 31
0
  0
LINE
  5
B7E
330
1A
100
AcDbEntity
  8
BLACK
  6
CONTINUOUS
100
AcDbLine
 10
2.8591528346456694
 20
1.1925309448818897
 30
0
 11
2.8593597244094489
 21
1.1930715748031495
 31
0
  0
LINE
  5
B7F
330
1A
100
AcDbEntity
  8
BLACK
  6
CONTINUOUS
100
AcDbLine
 10
2.8593597244094489
 20
1.1930715748031495
 30
0
 11
2.8612344881889764
 21
1.1968211023622046
 31
0
  0
LINE
  5
B80
330
1A
100
AcDbEntity
  8
BLACK
  6
CONTINUOUS
100
AcDbLine
 10
2.8612344881889764
 20
1.1968211023622046
 30
0
 11
2.8613905511811022
 21
1.1970691338582677
 31
0
  0
LINE
  5
B81
330
1A
100
AcDbEntity
  8
BLACK
  6
CONTINUOUS
100
AcDbLine
 10
2.8613905511811022
 20
1.1970691338582677
 30
0
 11
2.8614203937007874
 21
1.197141062992126
 31
0
  0
LINE
  5
B82
330
1A
100
AcDbEntity
  8
BLACK
  6
CONTINUOUS
100
AcDbLine
 10
2.8614203937007874
 20
1.197141062992126
 30
0
 11
2.8614868503937005
 21
1.1972220472440944
 31
0
  0
LINE
  5
B83
330
1A
100
AcDbEntity
  8
BLACK
  6
CONTINUOUS
100
AcDbLine
 10
2.8614868503937005
 20
1.1972220472440944
 30
0
 11
2.8615428346456691
 21
1.1973109842519685
 31
0
  0
LINE
  5
B84
330
1A
100
AcDbEntity
  8
BLACK
  6
CONTINUOUS
100
AcDbLine
 10
2.8615428346456691
 20
1.1973109842519685
 30
0
 11
2.8616018110236219
 21
1.1973621653543307
 31
0
  0
LINE
  5
B85
330
1A
100
AcDbEntity
  8
BLACK
  6
CONTINUOUS
100
AcDbLine
 10
2.8616018110236219
 20
1.1973621653543307
 30
0
 11
2.8617875984251966
 21
1.1975885039370078
 31
0
  0
LINE
  5
B86
330
1A
100
AcDbEntity
  8
BLACK
  6
CONTINUOUS
100
AcDbLine
 10
2.8617875984251966
 20
1.1975885039370078
 30
0
 11
2.8636623622047241
 21
1.1994632677165353
 31
0
  0
LINE
  5
B87
330
1A
100
AcDbEntity
  8
BLACK
  6
CONTINUOUS
100
AcDbLine
 10
2.8636623622047241
 20
1.1994632677165353
 30
0
 11
2.8638887007874017
 21
1.1996490551181103
 31
0
  0
LINE
  5
B88
330
1A
100
AcDbEntity
  8
BLACK
  6
CONTINUOUS
100
AcDbLine
 10
2.8638887007874017
 20
1.1996490551181103
 30
0
 11
2.8639398818897637
 21
1.1997080314960629
 31
0
  0
LINE
  5
B89
330
1A
100
AcDbEntity
  8
BLACK
  6
CONTINUOUS
100
AcDbLine
 10
2.8639398818897637
 20
1.1997080314960629
 30
0
 11
2.8640288188976379
 21
1.1997640157480314
 31
0
  0
LINE
  5
B8A
330
1A
100
AcDbEntity
  8
BLACK
  6
CONTINUOUS
100
AcDbLine
 10
2.8640288188976379
 20
1.1997640157480314
 30
0
 11
2.8641098031496064
 21
1.1998304724409448
 31
0
  0
LINE
  5
B8B
330
1A
100
AcDbEntity
  8
BLACK
  6
CONTINUOUS
100
AcDbLine
 10
2.8641098031496064
 20
1.1998304724409448
 30
0
 11
2.8641817322834644
 21
1.1998603149606299
 31
0
  0
LINE
  5
B8C
330
1A
100
AcDbEntity
  8
BLACK
  6
CONTINUOUS
100
AcDbLine
 10
2.8641817322834644
 20
1.1998603149606299
 30
0
 11
2.8644297637795275
 21
1.200016377952756
 31
0
  0
LINE
  5
B8D
330
1A
100
AcDbEntity
  8
BLACK
  6
CONTINUOUS
100
AcDbLine
 10
2.8644297637795275
 20
1.200016377952756
 30
0
 11
2.8681792913385826
 21
1.2018911417322835
 31
0
  0
LINE
  5
B8E
330
1A
100
AcDbEntity
  8
BLACK
  6
CONTINUOUS
100
AcDbLine
 10
2.8681792913385826
 20
1.2018911417322835
 30
0
 11
2.8687198818897639
 21
1.202098031496063
 31
0
  0
LINE
  5
B8F
330
1A
100
AcDbEntity
  8
BLACK
  6
CONTINUOUS
100
AcDbLine
 10
2.8687198818897639
 20
1.202098031496063
 30
0
 11
2.868825748031496
 21
1.202105590551181
 31
0
  0
LINE
  5
B90
330
1A
100
AcDbEntity
  8
BLACK
  6
CONTINUOUS
100
AcDbLine
 10
2.868825748031496
 20
1.202105590551181
 30
0
 11
2.8689237401574803
 21
1.2021461417322834
 31
0
  0
LINE
  5
B91
330
1A
100
AcDbEntity
  8
BLACK
  6
CONTINUOUS
100
AcDbLine
 10
2.8689237401574803
 20
1.2021461417322834
 30
0
 11
2.8694998031496062
 21
1.202202874015748
 31
0
  0
LINE
  5
B92
330
1A
100
AcDbEntity
  8
BLACK
  6
CONTINUOUS
100
AcDbLine
 10
2.8694998031496062
 20
1.202202874015748
 30
0
 11
2.8713745669291337
 21
1.202202874015748
 31
0
  0
LINE
  5
B93
330
1A
100
AcDbEntity
  8
BLACK
  6
CONTINUOUS
100
AcDbLine
 10
2.8713745669291337
 20
1.202202874015748
 30
0
 11
2.8719506299212596
 21
1.2021461417322834
 31
0
  0
LINE
  5
B94
330
1A
100
AcDbEntity
  8
BLACK
  6
CONTINUOUS
100
AcDbLine
 10
2.8674993700787401
 20
1.1949486220472441
 30
0
 11
2.8663022440944883
 21
1.193751496062992
 31
0
  0
LINE
  5
B95
330
1A
100
AcDbEntity
  8
BLACK
  6
CONTINUOUS
100
AcDbLine
 10
2.8663022440944883
 20
1.193751496062992
 30
0
 11
2.864953503937008
 21
1.1910540157480314
 31
0
  0
LINE
  5
B96
330
1A
100
AcDbEntity
  8
BLACK
  6
CONTINUOUS
100
AcDbLine
 10
2.864953503937008
 20
1.1910540157480314
 30
0
 11
2.864953503937008
 21
1.1849490551181101
 31
0
  0
LINE
  5
B97
330
1A
100
AcDbEntity
  8
BLACK
  6
CONTINUOUS
100
AcDbLine
 10
2.864953503937008
 20
1.1849490551181101
 30
0
 11
2.8663022440944883
 21
1.1822515748031497
 31
0
  0
LINE
  5
B98
330
1A
100
AcDbEntity
  8
BLACK
  6
CONTINUOUS
100
AcDbLine
 10
2.8663022440944883
 20
1.1822515748031497
 30
0
 11
2.8674993700787401
 21
1.1810544488188977
 31
0
  0
LINE
  5
B99
330
1A
100
AcDbEntity
  8
BLACK
  6
CONTINUOUS
100
AcDbLine
 10
2.8674993700787401
 20
1.1810544488188977
 30
0
 11
2.8701968503937008
 21
1.1797057086614173
 31
0
  0
LINE
  5
B9A
330
1A
100
AcDbEntity
  8
BLACK
  6
CONTINUOUS
100
AcDbLine
 10
2.8701968503937008
 20
1.1797057086614173
 30
0
 11
2.8706775196850391
 21
1.1797057086614173
 31
0
  0
LINE
  5
B9B
330
1A
100
AcDbEntity
  8
BLACK
  6
CONTINUOUS
100
AcDbLine
 10
2.8706775196850391
 20
1.1797057086614173
 30
0
 11
2.8733749999999998
 21
1.1810544488188977
 31
0
  0
LINE
  5
B9C
330
1A
100
AcDbEntity
  8
BLACK
  6
CONTINUOUS
100
AcDbLine
 10
2.8733749999999998
 20
1.1810544488188977
 30
0
 11
2.874572125984252
 21
1.1822515748031497
 31
0
  0
LINE
  5
B9D
330
1A
100
AcDbEntity
  8
BLACK
  6
CONTINUOUS
100
AcDbLine
 10
2.874572125984252
 20
1.1822515748031497
 30
0
 11
2.8759208661417324
 21
1.1849490551181101
 31
0
  0
LINE
  5
B9E
330
1A
100
AcDbEntity
  8
BLACK
  6
CONTINUOUS
100
AcDbLine
 10
2.8759208661417324
 20
1.1849490551181101
 30
0
 11
2.8759208661417324
 21
1.1910540157480314
 31
0
  0
LINE
  5
B9F
330
1A
100
AcDbEntity
  8
BLACK
  6
CONTINUOUS
100
AcDbLine
 10
2.8759208661417324
 20
1.1910540157480314
 30
0
 11
2.874572125984252
 21
1.193751496062992
 31
0
  0
LINE
  5
BA0
330
1A
100
AcDbEntity
  8
BLACK
  6
CONTINUOUS
100
AcDbLine
 10
2.874572125984252
 20
1.193751496062992
 30
0
 11
2.8733749999999998
 21
1.1949486220472441
 31
0
  0
LINE
  5
BA1
330
1A
100
AcDbEntity
  8
BLACK
  6
CONTINUOUS
100
AcDbLine
 10
2.8733749999999998
 20
1.1949486220472441
 30
0
 11
2.8706775196850391
 21
1.1962973622047244
 31
0
  0
LINE
  5
BA2
330
1A
100
AcDbEntity
  8
BLACK
  6
CONTINUOUS
100
AcDbLine
 10
2.8706775196850391
 20
1.1962973622047244
 30
0
 11
2.8701968503937008
 21
1.1962973622047244
 31
0
  0
LINE
  5
BA3
330
1A
100
AcDbEntity
  8
BLACK
  6
CONTINUOUS
100
AcDbLine
 10
2.8701968503937008
 20
1.1962973622047244
 30
0
 11
2.8674993700787401
 21
1.1949486220472441
 31
0
  0
LINE
  5
BA4
330
1A
100
AcDbEntity
  8
BLACK
  6
CONTINUOUS
100
AcDbLine
 10
2.8843722440944881
 20
1.1949486220472441
 30
0
 11
2.8831751181102363
 21
1.193751496062992
 31
0
  0
LINE
  5
BA5
330
1A
100
AcDbEntity
  8
BLACK
  6
CONTINUOUS
100
AcDbLine
 10
2.8831751181102363
 20
1.193751496062992
 30
0
 11
2.881826377952756
 21
1.1910540157480314
 31
0
  0
LINE
  5
BA6
330
1A
100
AcDbEntity
  8
BLACK
  6
CONTINUOUS
100
AcDbLine
 10
2.881826377952756
 20
1.1910540157480314
 30
0
 11
2.881826377952756
 21
1.1849490551181101
 31
0
  0
LINE
  5
BA7
330
1A
100
AcDbEntity
  8
BLACK
  6
CONTINUOUS
100
AcDbLine
 10
2.881826377952756
 20
1.1849490551181101
 30
0
 11
2.8831751181102363
 21
1.1822515748031497
 31
0
  0
LINE
  5
BA8
330
1A
100
AcDbEntity
  8
BLACK
  6
CONTINUOUS
100
AcDbLine
 10
2.8831751181102363
 20
1.1822515748031497
 30
0
 11
2.8843722440944881
 21
1.1810544488188977
 31
0
  0
LINE
  5
BA9
330
1A
100
AcDbEntity
  8
BLACK
  6
CONTINUOUS
100
AcDbLine
 10
2.8843722440944881
 20
1.1810544488188977
 30
0
 11
2.8870697244094488
 21
1.1797057086614173
 31
0
  0
LINE
  5
BAA
330
1A
100
AcDbEntity
  8
BLACK
  6
CONTINUOUS
100
AcDbLine
 10
2.8870697244094488
 20
1.1797057086614173
 30
0
 11
2.8931746850393698
 21
1.1797057086614173
 31
0
  0
LINE
  5
BAB
330
1A
100
AcDbEntity
  8
BLACK
  6
CONTINUOUS
100
AcDbLine
 10
2.8931746850393698
 20
1.1797057086614173
 30
0
 11
2.8958721653543305
 21
1.1810544881889764
 31
0
  0
LINE
  5
BAC
330
1A
100
AcDbEntity
  8
BLACK
  6
CONTINUOUS
100
AcDbLine
 10
2.8958721653543305
 20
1.1810544881889764
 30
0
 11
2.8970693307086615
 21
1.1822516141732282
 31
0
  0
LINE
  5
BAD
330
1A
100
AcDbEntity
  8
BLACK
  6
CONTINUOUS
100
AcDbLine
 10
2.8970693307086615
 20
1.1822516141732282
 30
0
 11
2.8984180708661418
 21
1.1849490551181101
 31
0
  0
LINE
  5
BAE
330
1A
100
AcDbEntity
  8
BLACK
  6
CONTINUOUS
100
AcDbLine
 10
2.8984180708661418
 20
1.1849490551181101
 30
0
 11
2.8984180708661418
 21
1.1910540157480314
 31
0
  0
LINE
  5
BAF
330
1A
100
AcDbEntity
  8
BLACK
  6
CONTINUOUS
100
AcDbLine
 10
2.8984180708661418
 20
1.1910540157480314
 30
0
 11
2.8970693307086615
 21
1.193751496062992
 31
0
  0
LINE
  5
BB0
330
1A
100
AcDbEntity
  8
BLACK
  6
CONTINUOUS
100
AcDbLine
 10
2.8970693307086615
 20
1.193751496062992
 30
0
 11
2.8958721653543305
 21
1.1949486220472441
 31
0
  0
LINE
  5
BB1
330
1A
100
AcDbEntity
  8
BLACK
  6
CONTINUOUS
100
AcDbLine
 10
2.8958721653543305
 20
1.1949486220472441
 30
0
 11
2.8931746850393698
 21
1.1962973622047244
 31
0
  0
LINE
  5
BB2
330
1A
100
AcDbEntity
  8
BLACK
  6
CONTINUOUS
100
AcDbLine
 10
2.8931746850393698
 20
1.1962973622047244
 30
0
 11
2.8870697244094488
 21
1.1962973622047244
 31
0
  0
LINE
  5
BB3
330
1A
100
AcDbEntity
  8
BLACK
  6
CONTINUOUS
100
AcDbLine
 10
2.8870697244094488
 20
1.1962973622047244
 30
0
 11
2.8843722440944881
 21
1.1949486220472441
 31
0
  0
LINE
  5
BB4
330
1A
100
AcDbEntity
  8
BLACK
  6
CONTINUOUS
100
AcDbLine
 10
0.4788567322834645
 20
1.3086784645669292
 30
0
 11
0.4801351574803149
 21
1.3074000393700786
 31
0
  0
LINE
  5
BB5
330
1A
100
AcDbEntity
  8
BLACK
  6
CONTINUOUS
100
AcDbLine
 10
0.4801351574803149
 20
1.3074000393700786
 30
0
 11
0.4801351574803149
 21
1.3055920866141733
 31
0
  0
LINE
  5
BB6
330
1A
100
AcDbEntity
  8
BLACK
  6
CONTINUOUS
100
AcDbLine
 10
0.4801351574803149
 20
1.3055920866141733
 30
0
 11
0.4788567322834645
 21
1.3043136614173227
 31
0
  0
LINE
  5
BB7
330
1A
100
AcDbEntity
  8
BLACK
  6
CONTINUOUS
100
AcDbLine
 10
0.4788567322834645
 20
1.3043136614173227
 30
0
 11
0.4779527559055118
 21
1.3041338582677164
 31
0
  0
LINE
  5
BB8
330
1A
100
AcDbEntity
  8
BLACK
  6
CONTINUOUS
100
AcDbLine
 10
0.4779527559055118
 20
1.3041338582677164
 30
0
 11
0.3637795275590551
 21
1.3041338582677164
 31
0
  0
LINE
  5
BB9
330
1A
100
AcDbEntity
  8
BLACK
  6
CONTINUOUS
100
AcDbLine
 10
0.3637795275590551
 20
1.3041338582677164
 30
0
 11
0.3628755511811024
 21
1.3043136614173227
 31
0
  0
LINE
  5
BBA
330
1A
100
AcDbEntity
  8
BLACK
  6
CONTINUOUS
100
AcDbLine
 10
0.3628755511811024
 20
1.3043136614173227
 30
0
 11
0.361597125984252
 21
1.3055920866141733
 31
0
  0
LINE
  5
BBB
330
1A
100
AcDbEntity
  8
BLACK
  6
CONTINUOUS
100
AcDbLine
 10
0.361597125984252
 20
1.3055920866141733
 30
0
 11
0.361597125984252
 21
1.3074000393700786
 31
0
  0
LINE
  5
BBC
330
1A
100
AcDbEntity
  8
BLACK
  6
CONTINUOUS
100
AcDbLine
 10
0.361597125984252
 20
1.3074000393700786
 30
0
 11
0.3628755511811024
 21
1.3086784645669292
 31
0
  0
LINE
  5
BBD
330
1A
100
AcDbEntity
  8
BLACK
  6
CONTINUOUS
100
AcDbLine
 10
0.3628755511811024
 20
1.3086784645669292
 30
0
 11
0.3637795275590551
 21
1.3088582677165355
 31
0
  0
LINE
  5
BBE
330
1A
100
AcDbEntity
  8
BLACK
  6
CONTINUOUS
100
AcDbLine
 10
0.3637795275590551
 20
1.3088582677165355
 30
0
 11
0.4779527559055118
 21
1.3088582677165355
 31
0
  0
LINE
  5
BBF
330
1A
100
AcDbEntity
  8
BLACK
  6
CONTINUOUS
100
AcDbLine
 10
0.4779527559055118
 20
1.3088582677165355
 30
0
 11
0.4788567322834645
 21
1.3086784645669292
 31
0
  0
LINE
  5
BC0
330
1A
100
AcDbEntity
  8
BLACK
  6
CONTINUOUS
100
AcDbLine
 10
0.3718879133858268
 20
1.3853362598425196
 30
0
 11
0.3727025590551181
 21
1.3845216141732284
 31
0
  0
LINE
  5
BC1
330
1A
100
AcDbEntity
  8
BLACK
  6
CONTINUOUS
100
AcDbLine
 10
0.3727025590551181
 20
1.3845216141732284
 30
0
 11
0.3731434645669292
 21
1.3834572047244094
 31
0
  0
LINE
  5
BC2
330
1A
100
AcDbEntity
  8
BLACK
  6
CONTINUOUS
100
AcDbLine
 10
0.3731434645669292
 20
1.3834572047244094
 30
0
 11
0.3732001968503937
 21
1.3828811417322835
 31
0
  0
LINE
  5
BC3
330
1A
100
AcDbEntity
  8
BLACK
  6
CONTINUOUS
100
AcDbLine
 10
0.3732001968503937
 20
1.3828811417322835
 30
0
 11
0.3732001968503937
 21
1.3547596850393699
 31
0
  0
LINE
  5
BC4
330
1A
100
AcDbEntity
  8
BLACK
  6
CONTINUOUS
100
AcDbLine
 10
0.3732001968503937
 20
1.3547596850393699
 30
0
 11
0.3731714566929134
 21
1.3544681102362204
 31
0
  0
LINE
  5
BC5
330
1A
100
AcDbEntity
  8
BLACK
  6
CONTINUOUS
100
AcDbLine
 10
0.3731714566929134
 20
1.3544681102362204
 30
0
 11
0.3731770078740158
 21
1.3543903543307085
 31
0
  0
LINE
  5
BC6
330
1A
100
AcDbEntity
  8
BLACK
  6
CONTINUOUS
100
AcDbLine
 10
0.3731770078740158
 20
1.3543903543307085
 30
0
 11
0.3731537401574803
 21
1.3542881102362205
 31
0
  0
LINE
  5
BC7
330
1A
100
AcDbEntity
  8
BLACK
  6
CONTINUOUS
100
AcDbLine
 10
0.3731537401574803
 20
1.3542881102362205
 30
0
 11
0.3731434645669292
 21
1.3541836220472441
 31
0
  0
LINE
  5
BC8
330
1A
100
AcDbEntity
  8
BLACK
  6
CONTINUOUS
100
AcDbLine
 10
0.3731434645669292
 20
1.3541836220472441
 30
0
 11
0.3731135826771653
 21
1.3541115748031496
 31
0
  0
LINE
  5
BC9
330
1A
100
AcDbEntity
  8
BLACK
  6
CONTINUOUS
100
AcDbLine
 10
0.3731135826771653
 20
1.3541115748031496
 30
0
 11
0.3730486614173228
 21
1.3538259055118109
 31
0
  0
LINE
  5
BCA
330
1A
100
AcDbEntity
  8
BLACK
  6
CONTINUOUS
100
AcDbLine
 10
0.3730486614173228
 20
1.3538259055118109
 30
0
 11
0.3711738976377953
 21
1.348201653543307
 31
0
  0
LINE
  5
BCB
330
1A
100
AcDbEntity
  8
BLACK
  6
CONTINUOUS
100
AcDbLine
 10
0.3711738976377953
 20
1.348201653543307
 30
0
 11
0.3709379133858268
 21
1.3476730708661417
 31
0
  0
LINE
  5
BCC
330
1A
100
AcDbEntity
  8
BLACK
  6
CONTINUOUS
100
AcDbLine
 10
0.3709379133858268
 20
1.3476730708661417
 30
0
 11
0.3708683858267716
 21
1.3475929527559054
 31
0
  0
LINE
  5
BCD
330
1A
100
AcDbEntity
  8
BLACK
  6
CONTINUOUS
100
AcDbLine
 10
0.3708683858267716
 20
1.3475929527559054
 30
0
 11
0.3708278346456693
 21
1.3474949606299211
 31
0
  0
LINE
  5
BCE
330
1A
100
AcDbEntity
  8
BLACK
  6
CONTINUOUS
100
AcDbLine
 10
0.3708278346456693
 20
1.3474949606299211
 30
0
 11
0.3704606299212598
 21
1.3470475196850393
 31
0
  0
LINE
  5
BCF
330
1A
100
AcDbEntity
  8
BLACK
  6
CONTINUOUS
100
AcDbLine
 10
0.3704606299212598
 20
1.3470475196850393
 30
0
 11
0.366711062992126
 21
1.3432979133858267
 31
0
  0
LINE
  5
BD0
330
1A
100
AcDbEntity
  8
BLACK
  6
CONTINUOUS
100
AcDbLine
 10
0.366711062992126
 20
1.3432979133858267
 30
0
 11
0.3662636220472441
 21
1.3429307086614173
 31
0
  0
LINE
  5
BD1
330
1A
100
AcDbEntity
  8
BLACK
  6
CONTINUOUS
100
AcDbLine
 10
0.3662636220472441
 20
1.3429307086614173
 30
0
 11
0.3661655511811023
 21
1.3428901181102362
 31
0
  0
LINE
  5
BD2
330
1A
100
AcDbEntity
  8
BLACK
  6
CONTINUOUS
100
AcDbLine
 10
0.3661655511811023
 20
1.3428901181102362
 30
0
 11
0.3660854330708661
 21
1.342820590551181
 31
0
  0
LINE
  5
BD3
330
1A
100
AcDbEntity
  8
BLACK
  6
CONTINUOUS
100
AcDbLine
 10
0.3660854330708661
 20
1.342820590551181
 30
0
 11
0.3655568897637795
 21
1.3425846062992126
 31
0
  0
LINE
  5
BD4
330
1A
100
AcDbEntity
  8
BLACK
  6
CONTINUOUS
100
AcDbLine
 10
0.3655568897637795
 20
1.3425846062992126
 30
0
 11
0.3599325984251968
 21
1.3407098425196851
 31
0
  0
LINE
  5
BD5
330
1A
100
AcDbEntity
  8
BLACK
  6
CONTINUOUS
100
AcDbLine
 10
0.3599325984251968
 20
1.3407098425196851
 30
0
 11
0.3596470078740158
 21
1.3406449212598426
 31
0
  0
LINE
  5
BD6
330
1A
100
AcDbEntity
  8
BLACK
  6
CONTINUOUS
100
AcDbLine
 10
0.3596470078740158
 20
1.3406449212598426
 30
0
 11
0.3595749212598425
 21
1.3406150393700786
 31
0
  0
LINE
  5
BD7
330
1A
100
AcDbEntity
  8
BLACK
  6
CONTINUOUS
100
AcDbLine
 10
0.3595749212598425
 20
1.3406150393700786
 30
0
 11
0.3594703937007874
 21
1.3406047637795275
 31
0
  0
LINE
  5
BD8
330
1A
100
AcDbEntity
  8
BLACK
  6
CONTINUOUS
100
AcDbLine
 10
0.3594703937007874
 20
1.3406047637795275
 30
0
 11
0.3593681496062992
 21
1.340581496062992
 31
0
  0
LINE
  5
BD9
330
1A
100
AcDbEntity
  8
BLACK
  6
CONTINUOUS
100
AcDbLine
 10
0.3593681496062992
 20
1.340581496062992
 30
0
 11
0.3592903937007874
 21
1.3405870472440944
 31
0
  0
LINE
  5
BDA
330
1A
100
AcDbEntity
  8
BLACK
  6
CONTINUOUS
100
AcDbLine
 10
0.3592903937007874
 20
1.3405870472440944
 30
0
 11
0.3589988582677165
 21
1.3405583070866141
 31
0
  0
LINE
  5
BDB
330
1A
100
AcDbEntity
  8
BLACK
  6
CONTINUOUS
100
AcDbLine
 10
0.3589988582677165
 20
1.3405583070866141
 30
0
 11
0.3552493307086614
 21
1.3405583070866141
 31
0
  0
LINE
  5
BDC
330
1A
100
AcDbEntity
  8
BLACK
  6
CONTINUOUS
100
AcDbLine
 10
0.3552493307086614
 20
1.3405583070866141
 30
0
 11
0.3546732677165354
 21
1.3406150393700786
 31
0
  0
LINE
  5
BDD
330
1A
100
AcDbEntity
  8
BLACK
  6
CONTINUOUS
100
AcDbLine
 10
0.3546732677165354
 20
1.3406150393700786
 30
0
 11
0.3536088582677165
 21
1.3410559448818897
 31
0
  0
LINE
  5
BDE
330
1A
100
AcDbEntity
  8
BLACK
  6
CONTINUOUS
100
AcDbLine
 10
0.3536088582677165
 20
1.3410559448818897
 30
0
 11
0.3527942125984252
 21
1.341870590551181
 31
0
  0
LINE
  5
BDF
330
1A
100
AcDbEntity
  8
BLACK
  6
CONTINUOUS
100
AcDbLine
 10
0.3527942125984252
 20
1.341870590551181
 30
0
 11
0.3523533070866142
 21
1.342935
 31
0
  0
LINE
  5
BE0
330
1A
100
AcDbEntity
  8
BLACK
  6
CONTINUOUS
100
AcDbLine
 10
0.3523533070866142
 20
1.342935
 30
0
 11
0.3523533070866142
 21
1.344087125984252
 31
0
  0
LINE
  5
BE1
330
1A
100
AcDbEntity
  8
BLACK
  6
CONTINUOUS
100
AcDbLine
 10
0.3523533070866142
 20
1.344087125984252
 30
0
 11
0.3527942125984252
 21
1.3451515354330708
 31
0
  0
LINE
  5
BE2
330
1A
100
AcDbEntity
  8
BLACK
  6
CONTINUOUS
100
AcDbLine
 10
0.3527942125984252
 20
1.3451515354330708
 30
0
 11
0.3536088582677165
 21
1.3459661811023622
 31
0
  0
LINE
  5
BE3
330
1A
100
AcDbEntity
  8
BLACK
  6
CONTINUOUS
100
AcDbLine
 10
0.3536088582677165
 20
1.3459661811023622
 30
0
 11
0.3546732677165354
 21
1.3464070866141733
 31
0
  0
LINE
  5
BE4
330
1A
100
AcDbEntity
  8
BLACK
  6
CONTINUOUS
100
AcDbLine
 10
0.3546732677165354
 20
1.3464070866141733
 30
0
 11
0.3552493307086614
 21
1.3464638188976377
 31
0
  0
LINE
  5
BE5
330
1A
100
AcDbEntity
  8
BLACK
  6
CONTINUOUS
100
AcDbLine
 10
0.3552493307086614
 20
1.3464638188976377
 30
0
 11
0.3585197244094488
 21
1.3464638188976377
 31
0
  0
LINE
  5
BE6
330
1A
100
AcDbEntity
  8
BLACK
  6
CONTINUOUS
100
AcDbLine
 10
0.3585197244094488
 20
1.3464638188976377
 30
0
 11
0.3630281102362204
 21
1.347966653543307
 31
0
  0
LINE
  5
BE7
330
1A
100
AcDbEntity
  8
BLACK
  6
CONTINUOUS
100
AcDbLine
 10
0.3630281102362204
 20
1.347966653543307
 30
0
 11
0.3657918503937008
 21
1.350730433070866
 31
0
  0
LINE
  5
BE8
330
1A
100
AcDbEntity
  8
BLACK
  6
CONTINUOUS
100
AcDbLine
 10
0.3657918503937008
 20
1.350730433070866
 30
0
 11
0.3672946850393701
 21
1.3552388188976379
 31
0
  0
LINE
  5
BE9
330
1A
100
AcDbEntity
  8
BLACK
  6
CONTINUOUS
100
AcDbLine
 10
0.3672946850393701
 20
1.3552388188976379
 30
0
 11
0.3672946850393701
 21
1.3828811417322835
 31
0
  0
LINE
  5
BEA
330
1A
100
AcDbEntity
  8
BLACK
  6
CONTINUOUS
100
AcDbLine
 10
0.3672946850393701
 20
1.3828811417322835
 30
0
 11
0.3673514173228347
 21
1.3834572047244094
 31
0
  0
LINE
  5
BEB
330
1A
100
AcDbEntity
  8
BLACK
  6
CONTINUOUS
100
AcDbLine
 10
0.3673514173228347
 20
1.3834572047244094
 30
0
 11
0.3677923228346456
 21
1.3845216141732284
 31
0
  0
LINE
  5
BEC
330
1A
100
AcDbEntity
  8
BLACK
  6
CONTINUOUS
100
AcDbLine
 10
0.3677923228346456
 20
1.3845216141732284
 30
0
 11
0.368606968503937
 21
1.3853362598425196
 31
0
  0
LINE
  5
BED
330
1A
100
AcDbEntity
  8
BLACK
  6
CONTINUOUS
100
AcDbLine
 10
0.368606968503937
 20
1.3853362598425196
 30
0
 11
0.3696713779527559
 21
1.3857771653543307
 31
0
  0
LINE
  5
BEE
330
1A
100
AcDbEntity
  8
BLACK
  6
CONTINUOUS
100
AcDbLine
 10
0.3696713779527559
 20
1.3857771653543307
 30
0
 11
0.3708235039370079
 21
1.3857771653543307
 31
0
  0
LINE
  5
BEF
330
1A
100
AcDbEntity
  8
BLACK
  6
CONTINUOUS
100
AcDbLine
 10
0.3708235039370079
 20
1.3857771653543307
 30
0
 11
0.3718879133858268
 21
1.3853362598425196
 31
0
  0
LINE
  5
BF0
330
1A
100
AcDbEntity
  8
BLACK
  6
CONTINUOUS
100
AcDbLine
 10
0.4026945275590551
 20
1.3857771653543307
 30
0
 11
0.4027925196850394
 21
1.3857365748031496
 31
0
  0
LINE
  5
BF1
330
1A
100
AcDbEntity
  8
BLACK
  6
CONTINUOUS
100
AcDbLine
 10
0.4027925196850394
 20
1.3857365748031496
 30
0
 11
0.4028983464566929
 21
1.3857290551181103
 31
0
  0
LINE
  5
BF2
330
1A
100
AcDbEntity
  8
BLACK
  6
CONTINUOUS
100
AcDbLine
 10
0.4028983464566929
 20
1.3857290551181103
 30
0
 11
0.4034389763779527
 21
1.3855221653543306
 31
0
  0
LINE
  5
BF3
330
1A
100
AcDbEntity
  8
BLACK
  6
CONTINUOUS
100
AcDbLine
 10
0.4034389763779527
 20
1.3855221653543306
 30
0
 11
0.4071885039370078
 21
1.383647401574803
 31
0
  0
LINE
  5
BF4
330
1A
100
AcDbEntity
  8
BLACK
  6
CONTINUOUS
100
AcDbLine
 10
0.4071885039370078
 20
1.383647401574803
 30
0
 11
0.4074364960629921
 21
1.383491338582677
 31
0
  0
LINE
  5
BF5
330
1A
100
AcDbEntity
  8
BLACK
  6
CONTINUOUS
100
AcDbLine
 10
0.4074364960629921
 20
1.383491338582677
 30
0
 11
0.4075084645669291
 21
1.3834614960629921
 31
0
  0
LINE
  5
BF6
330
1A
100
AcDbEntity
  8
BLACK
  6
CONTINUOUS
100
AcDbLine
 10
0.4075084645669291
 20
1.3834614960629921
 30
0
 11
0.4075894094488189
 21
1.3833950393700787
 31
0
  0
LINE
  5
BF7
330
1A
100
AcDbEntity
  8
BLACK
  6
CONTINUOUS
100
AcDbLine
 10
0.4075894094488189
 20
1.3833950393700787
 30
0
 11
0.4076783858267716
 21
1.3833390551181102
 31
0
  0
LINE
  5
BF8
330
1A
100
AcDbEntity
  8
BLACK
  6
CONTINUOUS
100
AcDbLine
 10
0.4076783858267716
 20
1.3833390551181102
 30
0
 11
0.4077295275590551
 21
1.3832800787401573
 31
0
  0
LINE
  5
BF9
330
1A
100
AcDbEntity
  8
BLACK
  6
CONTINUOUS
100
AcDbLine
 10
0.4077295275590551
 20
1.3832800787401573
 30
0
 11
0.407955905511811
 21
1.3830942913385826
 31
0
  0
LINE
  5
BFA
330
1A
100
AcDbEntity
  8
BLACK
  6
CONTINUOUS
100
AcDbLine
 10
0.407955905511811
 20
1.3830942913385826
 30
0
 11
0.4098306692913386
 21
1.3812195275590551
 31
0
  0
LINE
  5
BFB
330
1A
100
AcDbEntity
  8
BLACK
  6
CONTINUOUS
100
AcDbLine
 10
0.4098306692913386
 20
1.3812195275590551
 30
0
 11
0.4100164173228346
 21
1.380993188976378
 31
0
  0
LINE
  5
BFC
330
1A
100
AcDbEntity
  8
BLACK
  6
CONTINUOUS
100
AcDbLine
 10
0.4100164173228346
 20
1.380993188976378
 30
0
 11
0.4100754330708661
 21
1.3809420078740158
 31
0
  0
LINE
  5
BFD
330
1A
100
AcDbEntity
  8
BLACK
  6
CONTINUOUS
100
AcDbLine
 10
0.4100754330708661
 20
1.3809420078740158
 30
0
 11
0.4101313779527559
 21
1.3808530708661417
 31
0
  0
LINE
  5
BFE
330
1A
100
AcDbEntity
  8
BLACK
  6
CONTINUOUS
100
AcDbLine
 10
0.4101313779527559
 20
1.3808530708661417
 30
0
 11
0.410197874015748
 21
1.3807720866141733
 31
0
  0
LINE
  5
BFF
330
1A
100
AcDbEntity
  8
BLACK
  6
CONTINUOUS
100
AcDbLine
 10
0.410197874015748
 20
1.3807720866141733
 30
0
 11
0.4102276771653543
 21
1.3807001574803148
 31
0
  0
LINE
  5
C00
330
1A
100
AcDbEntity
  8
BLACK
  6
CONTINUOUS
100
AcDbLine
 10
0.4102276771653543
 20
1.3807001574803148
 30
0
 11
0.4103837795275591
 21
1.3804521259842519
 31
0
  0
LINE
  5
C01
330
1A
100
AcDbEntity
  8
BLACK
  6
CONTINUOUS
100
AcDbLine
 10
0.4103837795275591
 20
1.3804521259842519
 30
0
 11
0.4122585433070866
 21
1.3767025984251968
 31
0
  0
LINE
  5
C02
330
1A
100
AcDbEntity
  8
BLACK
  6
CONTINUOUS
100
AcDbLine
 10
0.4122585433070866
 20
1.3767025984251968
 30
0
 11
0.4124654330708661
 21
1.3761620078740158
 31
0
  0
LINE
  5
C03
330
1A
100
AcDbEntity
  8
BLACK
  6
CONTINUOUS
100
AcDbLine
 10
0.4124654330708661
 20
1.3761620078740158
 30
0
 11
0.4124729527559055
 21
1.3760561417322834
 31
0
  0
LINE
  5
C04
330
1A
100
AcDbEntity
  8
BLACK
  6
CONTINUOUS
100
AcDbLine
 10
0.4124729527559055
 20
1.3760561417322834
 30
0
 11
0.4125135433070866
 21
1.3759581496062991
 31
0
  0
LINE
  5
C05
330
1A
100
AcDbEntity
  8
BLACK
  6
CONTINUOUS
100
AcDbLine
 10
0.4125135433070866
 20
1.3759581496062991
 30
0
 11
0.4125702755905511
 21
1.3753820866141733
 31
0
  0
LINE
  5
C06
330
1A
100
AcDbEntity
  8
BLACK
  6
CONTINUOUS
100
AcDbLine
 10
0.4125702755905511
 20
1.3753820866141733
 30
0
 11
0.4125702755905511
 21
1.3716325590551182
 31
0
  0
LINE
  5
C07
330
1A
100
AcDbEntity
  8
BLACK
  6
CONTINUOUS
100
AcDbLine
 10
0.4125702755905511
 20
1.3716325590551182
 30
0
 11
0.4125415354330709
 21
1.3713409842519684
 31
0
  0
LINE
  5
C08
330
1A
100
AcDbEntity
  8
BLACK
  6
CONTINUOUS
100
AcDbLine
 10
0.4125415354330709
 20
1.3713409842519684
 30
0
 11
0.4125470866141732
 21
1.3712632283464568
 31
0
  0
LINE
  5
C09
330
1A
100
AcDbEntity
  8
BLACK
  6
CONTINUOUS
100
AcDbLine
 10
0.4125470866141732
 20
1.3712632283464568
 30
0
 11
0.4125238188976378
 21
1.3711609842519685
 31
0
  0
LINE
  5
C0A
330
1A
100
AcDbEntity
  8
BLACK
  6
CONTINUOUS
100
AcDbLine
 10
0.4125238188976378
 20
1.3711609842519685
 30
0
 11
0.4125135433070866
 21
1.3710564960629921
 31
0
  0
LINE
  5
C0B
330
1A
100
AcDbEntity
  8
BLACK
  6
CONTINUOUS
100
AcDbLine
 10
0.4125135433070866
 20
1.3710564960629921
 30
0
 11
0.4124836614173228
 21
1.3709844488188976
 31
0
  0
LINE
  5
C0C
330
1A
100
AcDbEntity
  8
BLACK
  6
CONTINUOUS
100
AcDbLine
 10
0.4124836614173228
 20
1.3709844488188976
 30
0
 11
0.4124187401574803
 21
1.3706987795275589
 31
0
  0
LINE
  5
C0D
330
1A
100
AcDbEntity
  8
BLACK
  6
CONTINUOUS
100
AcDbLine
 10
0.4124187401574803
 20
1.3706987795275589
 30
0
 11
0.4105439763779528
 21
1.365074527559055
 31
0
  0
LINE
  5
C0E
330
1A
100
AcDbEntity
  8
BLACK
  6
CONTINUOUS
100
AcDbLine
 10
0.4105439763779528
 20
1.365074527559055
 30
0
 11
0.4103079921259842
 21
1.3645459448818897
 31
0
  0
LINE
  5
C0F
330
1A
100
AcDbEntity
  8
BLACK
  6
CONTINUOUS
100
AcDbLine
 10
0.4103079921259842
 20
1.3645459448818897
 30
0
 11
0.4102385039370079
 21
1.3644658661417322
 31
0
  0
LINE
  5
C10
330
1A
100
AcDbEntity
  8
BLACK
  6
CONTINUOUS
100
AcDbLine
 10
0.4102385039370079
 20
1.3644658661417322
 30
0
 11
0.4101979133858268
 21
1.3643677952755906
 31
0
  0
LINE
  5
C11
330
1A
100
AcDbEntity
  8
BLACK
  6
CONTINUOUS
100
AcDbLine
 10
0.4101979133858268
 20
1.3643677952755906
 30
0
 11
0.4098306692913386
 21
1.3639203543307086
 31
0
  0
LINE
  5
C12
330
1A
100
AcDbEntity
  8
BLACK
  6
CONTINUOUS
100
AcDbLine
 10
0.4098306692913386
 20
1.3639203543307086
 30
0
 11
0.3923741732283464
 21
1.3464638188976377
 31
0
  0
LINE
  5
C13
330
1A
100
AcDbEntity
  8
BLACK
  6
CONTINUOUS
100
AcDbLine
 10
0.3923741732283464
 20
1.3464638188976377
 30
0
 11
0.4096175196850393
 21
1.3464638188976377
 31
0
  0
LINE
  5
C14
330
1A
100
AcDbEntity
  8
BLACK
  6
CONTINUOUS
100
AcDbLine
 10
0.4096175196850393
 20
1.3464638188976377
 30
0
 11
0.4101935826771653
 21
1.3464070866141733
 31
0
  0
LINE
  5
C15
330
1A
100
AcDbEntity
  8
BLACK
  6
CONTINUOUS
100
AcDbLine
 10
0.4101935826771653
 20
1.3464070866141733
 30
0
 11
0.4112579921259842
 21
1.3459661811023622
 31
0
  0
LINE
  5
C16
330
1A
100
AcDbEntity
  8
BLACK
  6
CONTINUOUS
100
AcDbLine
 10
0.4112579921259842
 20
1.3459661811023622
 30
0
 11
0.4120726377952756
 21
1.3451515354330708
 31
0
  0
LINE
  5
C17
330
1A
100
AcDbEntity
  8
BLACK
  6
CONTINUOUS
100
AcDbLine
 10
0.4120726377952756
 20
1.3451515354330708
 30
0
 11
0.4125135433070866
 21
1.344087125984252
 31
0
  0
LINE
  5
C18
330
1A
100
AcDbEntity
  8
BLACK
  6
CONTINUOUS
100
AcDbLine
 10
0.4125135433070866
 20
1.344087125984252
 30
0
 11
0.4125135433070866
 21
1.342935
 31
0
  0
LINE
  5
C19
330
1A
100
AcDbEntity
  8
BLACK
  6
CONTINUOUS
100
AcDbLine
 10
0.4125135433070866
 20
1.342935
 30
0
 11
0.4120726377952756
 21
1.341870590551181
 31
0
  0
LINE
  5
C1A
330
1A
100
AcDbEntity
  8
BLACK
  6
CONTINUOUS
100
AcDbLine
 10
0.4120726377952756
 20
1.341870590551181
 30
0
 11
0.4112579921259842
 21
1.3410559448818897
 31
0
  0
LINE
  5
C1B
330
1A
100
AcDbEntity
  8
BLACK
  6
CONTINUOUS
100
AcDbLine
 10
0.4112579921259842
 20
1.3410559448818897
 30
0
 11
0.4101935826771653
 21
1.3406150393700786
 31
0
  0
LINE
  5
C1C
330
1A
100
AcDbEntity
  8
BLACK
  6
CONTINUOUS
100
AcDbLine
 10
0.4101935826771653
 20
1.3406150393700786
 30
0
 11
0.4096175196850393
 21
1.3405583070866141
 31
0
  0
LINE
  5
C1D
330
1A
100
AcDbEntity
  8
BLACK
  6
CONTINUOUS
100
AcDbLine
 10
0.4096175196850393
 20
1.3405583070866141
 30
0
 11
0.3852455905511811
 21
1.3405583070866141
 31
0
  0
LINE
  5
C1E
330
1A
100
AcDbEntity
  8
BLACK
  6
CONTINUOUS
100
AcDbLine
 10
0.3852455905511811
 20
1.3405583070866141
 30
0
 11
0.3846695275590551
 21
1.3406150393700786
 31
0
  0
LINE
  5
C1F
330
1A
100
AcDbEntity
  8
BLACK
  6
CONTINUOUS
100
AcDbLine
 10
0.3846695275590551
 20
1.3406150393700786
 30
0
 11
0.3836051181102362
 21
1.3410559448818897
 31
0
  0
LINE
  5
C20
330
1A
100
AcDbEntity
  8
BLACK
  6
CONTINUOUS
100
AcDbLine
 10
0.3836051181102362
 20
1.3410559448818897
 30
0
 11
0.3827904724409449
 21
1.341870590551181
 31
0
  0
LINE
  5
C21
330
1A
100
AcDbEntity
  8
BLACK
  6
CONTINUOUS
100
AcDbLine
 10
0.3827904724409449
 20
1.341870590551181
 30
0
 11
0.3823495669291339
 21
1.342935
 31
0
  0
LINE
  5
C22
330
1A
100
AcDbEntity
  8
BLACK
  6
CONTINUOUS
100
AcDbLine
 10
0.3823495669291339
 20
1.342935
 30
0
 11
0.3823495669291339
 21
1.344087125984252
 31
0
  0
LINE
  5
C23
330
1A
100
AcDbEntity
  8
BLACK
  6
CONTINUOUS
100
AcDbLine
 10
0.3823495669291339
 20
1.344087125984252
 30
0
 11
0.3827904724409449
 21
1.3451515354330708
 31
0
  0
LINE
  5
C24
330
1A
100
AcDbEntity
  8
BLACK
  6
CONTINUOUS
100
AcDbLine
 10
0.3827904724409449
 20
1.3451515354330708
 30
0
 11
0.3831576771653543
 21
1.3455989763779528
 31
0
  0
LINE
  5
C25
330
1A
100
AcDbEntity
  8
BLACK
  6
CONTINUOUS
100
AcDbLine
 10
0.3831576771653543
 20
1.3455989763779528
 30
0
 11
0.4051619291338582
 21
1.367603307086614
 31
0
  0
LINE
  5
C26
330
1A
100
AcDbEntity
  8
BLACK
  6
CONTINUOUS
100
AcDbLine
 10
0.4051619291338582
 20
1.367603307086614
 30
0
 11
0.4066647637795275
 21
1.3721116929133859
 31
0
  0
LINE
  5
C27
330
1A
100
AcDbEntity
  8
BLACK
  6
CONTINUOUS
100
AcDbLine
 10
0.4066647637795275
 20
1.3721116929133859
 30
0
 11
0.4066647637795275
 21
1.3746850393700787
 31
0
  0
LINE
  5
C28
330
1A
100
AcDbEntity
  8
BLACK
  6
CONTINUOUS
100
AcDbLine
 10
0.4066647637795275
 20
1.3746850393700787
 30
0
 11
0.4053160236220472
 21
1.3773825196850393
 31
0
  0
LINE
  5
C29
330
1A
100
AcDbEntity
  8
BLACK
  6
CONTINUOUS
100
AcDbLine
 10
0.4053160236220472
 20
1.3773825196850393
 30
0
 11
0.4041188976377953
 21
1.3785796456692914
 31
0
  0
LINE
  5
C2A
330
1A
100
AcDbEntity
  8
BLACK
  6
CONTINUOUS
100
AcDbLine
 10
0.4041188976377953
 20
1.3785796456692914
 30
0
 11
0.4014214173228347
 21
1.3799283858267717
 31
0
  0
LINE
  5
C2B
330
1A
100
AcDbEntity
  8
BLACK
  6
CONTINUOUS
100
AcDbLine
 10
0.4014214173228347
 20
1.3799283858267717
 30
0
 11
0.3934416929133858
 21
1.3799283858267717
 31
0
  0
LINE
  5
C2C
330
1A
100
AcDbEntity
  8
BLACK
  6
CONTINUOUS
100
AcDbLine
 10
0.3934416929133858
 20
1.3799283858267717
 30
0
 11
0.3907442125984252
 21
1.3785796456692914
 31
0
  0
LINE
  5
C2D
330
1A
100
AcDbEntity
  8
BLACK
  6
CONTINUOUS
100
AcDbLine
 10
0.3907442125984252
 20
1.3785796456692914
 30
0
 11
0.3892082677165354
 21
1.3770437007874015
 31
0
  0
LINE
  5
C2E
330
1A
100
AcDbEntity
  8
BLACK
  6
CONTINUOUS
100
AcDbLine
 10
0.3892082677165354
 20
1.3770437007874015
 30
0
 11
0.3887608267716535
 21
1.376676496062992
 31
0
  0
LINE
  5
C2F
330
1A
100
AcDbEntity
  8
BLACK
  6
CONTINUOUS
100
AcDbLine
 10
0.3887608267716535
 20
1.376676496062992
 30
0
 11
0.3876963779527559
 21
1.3762355905511812
 31
0
  0
LINE
  5
C30
330
1A
100
AcDbEntity
  8
BLACK
  6
CONTINUOUS
100
AcDbLine
 10
0.3876963779527559
 20
1.3762355905511812
 30
0
 11
0.3865443307086614
 21
1.3762355905511812
 31
0
  0
LINE
  5
C31
330
1A
100
AcDbEntity
  8
BLACK
  6
CONTINUOUS
100
AcDbLine
 10
0.3865443307086614
 20
1.3762355905511812
 30
0
 11
0.3854798818897638
 21
1.376676496062992
 31
0
  0
LINE
  5
C32
330
1A
100
AcDbEntity
  8
BLACK
  6
CONTINUOUS
100
AcDbLine
 10
0.3854798818897638
 20
1.376676496062992
 30
0
 11
0.3846652362204724
 21
1.3774911417322835
 31
0
  0
LINE
  5
C33
330
1A
100
AcDbEntity
  8
BLACK
  6
CONTINUOUS
100
AcDbLine
 10
0.3846652362204724
 20
1.3774911417322835
 30
0
 11
0.3842243307086614
 21
1.378555590551181
 31
0
  0
LINE
  5
C34
330
1A
100
AcDbEntity
  8
BLACK
  6
CONTINUOUS
100
AcDbLine
 10
0.3842243307086614
 20
1.378555590551181
 30
0
 11
0.3842243307086614
 21
1.3797076377952755
 31
0
  0
LINE
  5
C35
330
1A
100
AcDbEntity
  8
BLACK
  6
CONTINUOUS
100
AcDbLine
 10
0.3842243307086614
 20
1.3797076377952755
 30
0
 11
0.3846652362204724
 21
1.3807720866141733
 31
0
  0
LINE
  5
C36
330
1A
100
AcDbEntity
  8
BLACK
  6
CONTINUOUS
100
AcDbLine
 10
0.3846652362204724
 20
1.3807720866141733
 30
0
 11
0.3850324409448819
 21
1.3812195275590551
 31
0
  0
LINE
  5
C37
330
1A
100
AcDbEntity
  8
BLACK
  6
CONTINUOUS
100
AcDbLine
 10
0.3850324409448819
 20
1.3812195275590551
 30
0
 11
0.3869072047244094
 21
1.3830942913385826
 31
0
  0
LINE
  5
C38
330
1A
100
AcDbEntity
  8
BLACK
  6
CONTINUOUS
100
AcDbLine
 10
0.3869072047244094
 20
1.3830942913385826
 30
0
 11
0.3871335433070866
 21
1.3832800787401573
 31
0
  0
LINE
  5
C39
330
1A
100
AcDbEntity
  8
BLACK
  6
CONTINUOUS
100
AcDbLine
 10
0.3871335433070866
 20
1.3832800787401573
 30
0
 11
0.3871847244094488
 21
1.3833390551181102
 31
0
  0
LINE
  5
C3A
330
1A
100
AcDbEntity
  8
BLACK
  6
CONTINUOUS
100
AcDbLine
 10
0.3871847244094488
 20
1.3833390551181102
 30
0
 11
0.3872736614173228
 21
1.3833950393700787
 31
0
  0
LINE
  5
C3B
330
1A
100
AcDbEntity
  8
BLACK
  6
CONTINUOUS
100
AcDbLine
 10
0.3872736614173228
 20
1.3833950393700787
 30
0
 11
0.3873546456692913
 21
1.3834614960629921
 31
0
  0
LINE
  5
C3C
330
1A
100
AcDbEntity
  8
BLACK
  6
CONTINUOUS
100
AcDbLine
 10
0.3873546456692913
 20
1.3834614960629921
 30
0
 11
0.3874265748031496
 21
1.383491338582677
 31
0
  0
LINE
  5
C3D
330
1A
100
AcDbEntity
  8
BLACK
  6
CONTINUOUS
100
AcDbLine
 10
0.3874265748031496
 20
1.383491338582677
 30
0
 11
0.3876746062992126
 21
1.383647401574803
 31
0
  0
LINE
  5
C3E
330
1A
100
AcDbEntity
  8
BLACK
  6
CONTINUOUS
100
AcDbLine
 10
0.3876746062992126
 20
1.383647401574803
 30
0
 11
0.3914241338582677
 21
1.3855221653543306
 31
0
  0
LINE
  5
C3F
330
1A
100
AcDbEntity
  8
BLACK
  6
CONTINUOUS
100
AcDbLine
 10
0.3914241338582677
 20
1.3855221653543306
 30
0
 11
0.3919647244094488
 21
1.3857290551181103
 31
0
  0
LINE
  5
C40
330
1A
100
AcDbEntity
  8
BLACK
  6
CONTINUOUS
100
AcDbLine
 10
0.3919647244094488
 20
1.3857290551181103
 30
0
 11
0.3920705905511811
 21
1.3857366141732284
 31
0
  0
LINE
  5
C41
330
1A
100
AcDbEntity
  8
BLACK
  6
CONTINUOUS
100
AcDbLine
 10
0.3920705905511811
 20
1.3857366141732284
 30
0
 11
0.3921685826771654
 21
1.3857771653543307
 31
0
  0
LINE
  5
C42
330
1A
100
AcDbEntity
  8
BLACK
  6
CONTINUOUS
100
AcDbLine
 10
0.3921685826771654
 20
1.3857771653543307
 30
0
 11
0.3927446456692913
 21
1.3858338976377953
 31
0
  0
LINE
  5
C43
330
1A
100
AcDbEntity
  8
BLACK
  6
CONTINUOUS
100
AcDbLine
 10
0.3927446456692913
 20
1.3858338976377953
 30
0
 11
0.4021184645669291
 21
1.3858338976377953
 31
0
  0
LINE
  5
C44
330
1A
100
AcDbEntity
  8
BLACK
  6
CONTINUOUS
100
AcDbLine
 10
0.4021184645669291
 20
1.3858338976377953
 30
0
 11
0.4026945275590551
 21
1.3857771653543307
 31
0
  0
LINE
  5
C45
330
1A
100
AcDbEntity
  8
BLACK
  6
CONTINUOUS
100
AcDbLine
 10
0.4383150787401575
 20
1.3857771653543307
 30
0
 11
0.4384130708661417
 21
1.3857365748031496
 31
0
  0
LINE
  5
C46
330
1A
100
AcDbEntity
  8
BLACK
  6
CONTINUOUS
100
AcDbLine
 10
0.4384130708661417
 20
1.3857365748031496
 30
0
 11
0.4385188976377953
 21
1.3857290551181103
 31
0
  0
LINE
  5
C47
330
1A
100
AcDbEntity
  8
BLACK
  6
CONTINUOUS
100
AcDbLine
 10
0.4385188976377953
 20
1.3857290551181103
 30
0
 11
0.4390595275590551
 21
1.3855221653543306
 31
0
  0
LINE
  5
C48
330
1A
100
AcDbEntity
  8
BLACK
  6
CONTINUOUS
100
AcDbLine
 10
0.4390595275590551
 20
1.3855221653543306
 30
0
 11
0.4428090551181103
 21
1.383647401574803
 31
0
  0
LINE
  5
C49
330
1A
100
AcDbEntity
  8
BLACK
  6
CONTINUOUS
100
AcDbLine
 10
0.4428090551181103
 20
1.383647401574803
 30
0
 11
0.4430570472440945
 21
1.383491338582677
 31
0
  0
LINE
  5
C4A
330
1A
100
AcDbEntity
  8
BLACK
  6
CONTINUOUS
100
AcDbLine
 10
0.4430570472440945
 20
1.383491338582677
 30
0
 11
0.4431290157480315
 21
1.3834614960629921
 31
0
  0
LINE
  5
C4B
330
1A
100
AcDbEntity
  8
BLACK
  6
CONTINUOUS
100
AcDbLine
 10
0.4431290157480315
 20
1.3834614960629921
 30
0
 11
0.4432099606299212
 21
1.3833950393700787
 31
0
  0
LINE
  5
C4C
330
1A
100
AcDbEntity
  8
BLACK
  6
CONTINUOUS
100
AcDbLine
 10
0.4432099606299212
 20
1.3833950393700787
 30
0
 11
0.443298937007874
 21
1.3833390551181102
 31
0
  0
LINE
  5
C4D
330
1A
100
AcDbEntity
  8
BLACK
  6
CONTINUOUS
100
AcDbLine
 10
0.443298937007874
 20
1.3833390551181102
 30
0
 11
0.4433500787401575
 21
1.3832800787401573
 31
0
  0
LINE
  5
C4E
330
1A
100
AcDbEntity
  8
BLACK
  6
CONTINUOUS
100
AcDbLine
 10
0.4433500787401575
 20
1.3832800787401573
 30
0
 11
0.4435764566929134
 21
1.3830942913385826
 31
0
  0
LINE
  5
C4F
330
1A
100
AcDbEntity
  8
BLACK
  6
CONTINUOUS
100
AcDbLine
 10
0.4435764566929134
 20
1.3830942913385826
 30
0
 11
0.445451220472441
 21
1.3812195275590551
 31
0
  0
LINE
  5
C50
330
1A
100
AcDbEntity
  8
BLACK
  6
CONTINUOUS
100
AcDbLine
 10
0.445451220472441
 20
1.3812195275590551
 30
0
 11
0.445636968503937
 21
1.380993188976378
 31
0
  0
LINE
  5
C51
330
1A
100
AcDbEntity
  8
BLACK
  6
CONTINUOUS
100
AcDbLine
 10
0.445636968503937
 20
1.380993188976378
 30
0
 11
0.4456959842519685
 21
1.3809420078740158
 31
0
  0
LINE
  5
C52
330
1A
100
AcDbEntity
  8
BLACK
  6
CONTINUOUS
100
AcDbLine
 10
0.4456959842519685
 20
1.3809420078740158
 30
0
 11
0.4457519291338582
 21
1.3808530708661417
 31
0
  0
LINE
  5
C53
330
1A
100
AcDbEntity
  8
BLACK
  6
CONTINUOUS
100
AcDbLine
 10
0.4457519291338582
 20
1.3808530708661417
 30
0
 11
0.4458184251968504
 21
1.3807720866141733
 31
0
  0
LINE
  5
C54
330
1A
100
AcDbEntity
  8
BLACK
  6
CONTINUOUS
100
AcDbLine
 10
0.4458184251968504
 20
1.3807720866141733
 30
0
 11
0.4458482283464567
 21
1.3807001574803148
 31
0
  0
LINE
  5
C55
330
1A
100
AcDbEntity
  8
BLACK
  6
CONTINUOUS
100
AcDbLine
 10
0.4458482283464567
 20
1.3807001574803148
 30
0
 11
0.4460043307086614
 21
1.3804521259842519
 31
0
  0
LINE
  5
C56
330
1A
100
AcDbEntity
  8
BLACK
  6
CONTINUOUS
100
AcDbLine
 10
0.4460043307086614
 20
1.3804521259842519
 30
0
 11
0.447879094488189
 21
1.3767025984251968
 31
0
  0
LINE
  5
C57
330
1A
100
AcDbEntity
  8
BLACK
  6
CONTINUOUS
100
AcDbLine
 10
0.447879094488189
 20
1.3767025984251968
 30
0
 11
0.4478951968503937
 21
1.3766605118110236
 31
0
  0
LINE
  5
C58
330
1A
100
AcDbEntity
  8
BLACK
  6
CONTINUOUS
100
AcDbLine
 10
0.4478951968503937
 20
1.3766605118110236
 30
0
 11
0.4479079133858268
 21
1.376643346456693
 31
0
  0
LINE
  5
C59
330
1A
100
AcDbEntity
  8
BLACK
  6
CONTINUOUS
100
AcDbLine
 10
0.4479079133858268
 20
1.376643346456693
 30
0
 11
0.4479942125984252
 21
1.3764017716535433
 31
0
  0
LINE
  5
C5A
330
1A
100
AcDbEntity
  8
BLACK
  6
CONTINUOUS
100
AcDbLine
 10
0.4479942125984252
 20
1.3764017716535433
 30
0
 11
0.4480859842519685
 21
1.3761620078740158
 31
0
  0
LINE
  5
C5B
330
1A
100
AcDbEntity
  8
BLACK
  6
CONTINUOUS
100
AcDbLine
 10
0.4480859842519685
 20
1.3761620078740158
 30
0
 11
0.4480874803149606
 21
1.376140748031496
 31
0
  0
LINE
  5
C5C
330
1A
100
AcDbEntity
  8
BLACK
  6
CONTINUOUS
100
AcDbLine
 10
0.4480874803149606
 20
1.376140748031496
 30
0
 11
0.4481026771653543
 21
1.3760982283464567
 31
0
  0
LINE
  5
C5D
330
1A
100
AcDbEntity
  8
BLACK
  6
CONTINUOUS
100
AcDbLine
 10
0.4481026771653543
 20
1.3760982283464567
 30
0
 11
0.4499774409448819
 21
1.3685991732283465
 31
0
  0
LINE
  5
C5E
330
1A
100
AcDbEntity
  8
BLACK
  6
CONTINUOUS
100
AcDbLine
 10
0.4499774409448819
 20
1.3685991732283465
 30
0
 11
0.4499922047244094
 21
1.3684993307086615
 31
0
  0
LINE
  5
C5F
330
1A
100
AcDbEntity
  8
BLACK
  6
CONTINUOUS
100
AcDbLine
 10
0.4499922047244094
 20
1.3684993307086615
 30
0
 11
0.4500088582677165
 21
1.3684590944881889
 31
0
  0
LINE
  5
C60
330
1A
100
AcDbEntity
  8
BLACK
  6
CONTINUOUS
100
AcDbLine
 10
0.4500088582677165
 20
1.3684590944881889
 30
0
 11
0.4500301968503937
 21
1.3682420866141731
 31
0
  0
LINE
  5
C61
330
1A
100
AcDbEntity
  8
BLACK
  6
CONTINUOUS
100
AcDbLine
 10
0.4500301968503937
 20
1.3682420866141731
 30
0
 11
0.4500620866141732
 21
1.3680265748031495
 31
0
  0
LINE
  5
C62
330
1A
100
AcDbEntity
  8
BLACK
  6
CONTINUOUS
100
AcDbLine
 10
0.4500620866141732
 20
1.3680265748031495
 30
0
 11
0.4500556692913386
 21
1.3679835826771654
 31
0
  0
LINE
  5
C63
330
1A
100
AcDbEntity
  8
BLACK
  6
CONTINUOUS
100
AcDbLine
 10
0.4500556692913386
 20
1.3679835826771654
 30
0
 11
0.4500655905511811
 21
1.3678830314960631
 31
0
  0
LINE
  5
C64
330
1A
100
AcDbEntity
  8
BLACK
  6
CONTINUOUS
100
AcDbLine
 10
0.4500655905511811
 20
1.3678830314960631
 30
0
 11
0.4500655905511811
 21
1.3585092125984253
 31
0
  0
LINE
  5
C65
330
1A
100
AcDbEntity
  8
BLACK
  6
CONTINUOUS
100
AcDbLine
 10
0.4500655905511811
 20
1.3585092125984253
 30
0
 11
0.4500556692913386
 21
1.3584087007874015
 31
0
  0
LINE
  5
C66
330
1A
100
AcDbEntity
  8
BLACK
  6
CONTINUOUS
100
AcDbLine
 10
0.4500556692913386
 20
1.3584087007874015
 30
0
 11
0.4500620866141732
 21
1.3583656692913386
 31
0
  0
LINE
  5
C67
330
1A
100
AcDbEntity
  8
BLACK
  6
CONTINUOUS
100
AcDbLine
 10
0.4500620866141732
 20
1.3583656692913386
 30
0
 11
0.4500301968503937
 21
1.3581501968503937
 31
0
  0
LINE
  5
C68
330
1A
100
AcDbEntity
  8
BLACK
  6
CONTINUOUS
100
AcDbLine
 10
0.4500301968503937
 20
1.3581501968503937
 30
0
 11
0.4500088582677165
 21
1.3579331496062992
 31
0
  0
LINE
  5
C69
330
1A
100
AcDbEntity
  8
BLACK
  6
CONTINUOUS
100
AcDbLine
 10
0.4500088582677165
 20
1.3579331496062992
 30
0
 11
0.4499922047244094
 21
1.3578929527559054
 31
0
  0
LINE
  5
C6A
330
1A
100
AcDbEntity
  8
BLACK
  6
CONTINUOUS
100
AcDbLine
 10
0.4499922047244094
 20
1.3578929527559054
 30
0
 11
0.4499774409448819
 21
1.3577930708661416
 31
0
  0
LINE
  5
C6B
330
1A
100
AcDbEntity
  8
BLACK
  6
CONTINUOUS
100
AcDbLine
 10
0.4499774409448819
 20
1.3577930708661416
 30
0
 11
0.4481026771653543
 21
1.3502940157480314
 31
0
  0
LINE
  5
C6C
330
1A
100
AcDbEntity
  8
BLACK
  6
CONTINUOUS
100
AcDbLine
 10
0.4481026771653543
 20
1.3502940157480314
 30
0
 11
0.4480874803149606
 21
1.3502515354330709
 31
0
  0
LINE
  5
C6D
330
1A
100
AcDbEntity
  8
BLACK
  6
CONTINUOUS
100
AcDbLine
 10
0.4480874803149606
 20
1.3502515354330709
 30
0
 11
0.4480859842519685
 21
1.3502302362204723
 31
0
  0
LINE
  5
C6E
330
1A
100
AcDbEntity
  8
BLACK
  6
CONTINUOUS
100
AcDbLine
 10
0.4480859842519685
 20
1.3502302362204723
 30
0
 11
0.4479942125984252
 21
1.3499905118110236
 31
0
  0
LINE
  5
C6F
330
1A
100
AcDbEntity
  8
BLACK
  6
CONTINUOUS
100
AcDbLine
 10
0.4479942125984252
 20
1.3499905118110236
 30
0
 11
0.4479079133858268
 21
1.3497488976377952
 31
0
  0
LINE
  5
C70
330
1A
100
AcDbEntity
  8
BLACK
  6
CONTINUOUS
100
AcDbLine
 10
0.4479079133858268
 20
1.3497488976377952
 30
0
 11
0.4478951968503937
 21
1.3497317716535433
 31
0
  0
LINE
  5
C71
330
1A
100
AcDbEntity
  8
BLACK
  6
CONTINUOUS
100
AcDbLine
 10
0.4478951968503937
 20
1.3497317716535433
 30
0
 11
0.447879094488189
 21
1.3496896456692913
 31
0
  0
LINE
  5
C72
330
1A
100
AcDbEntity
  8
BLACK
  6
CONTINUOUS
100
AcDbLine
 10
0.447879094488189
 20
1.3496896456692913
 30
0
 11
0.4460043307086614
 21
1.3459401181102362
 31
0
  0
LINE
  5
C73
330
1A
100
AcDbEntity
  8
BLACK
  6
CONTINUOUS
100
AcDbLine
 10
0.4460043307086614
 20
1.3459401181102362
 30
0
 11
0.4458482677165354
 21
1.3456922440944881
 31
0
  0
LINE
  5
C74
330
1A
100
AcDbEntity
  8
BLACK
  6
CONTINUOUS
100
AcDbLine
 10
0.4458482677165354
 20
1.3456922440944881
 30
0
 11
0.4458184645669291
 21
1.3456201968503936
 31
0
  0
LINE
  5
C75
330
1A
100
AcDbEntity
  8
BLACK
  6
CONTINUOUS
100
AcDbLine
 10
0.4458184645669291
 20
1.3456201968503936
 30
0
 11
0.4457519291338582
 21
1.3455391732283464
 31
0
  0
LINE
  5
C76
330
1A
100
AcDbEntity
  8
BLACK
  6
CONTINUOUS
100
AcDbLine
 10
0.4457519291338582
 20
1.3455391732283464
 30
0
 11
0.4456959842519685
 21
1.3454502362204723
 31
0
  0
LINE
  5
C77
330
1A
100
AcDbEntity
  8
BLACK
  6
CONTINUOUS
100
AcDbLine
 10
0.4456959842519685
 20
1.3454502362204723
 30
0
 11
0.445636968503937
 21
1.3453990944881888
 31
0
  0
LINE
  5
C78
330
1A
100
AcDbEntity
  8
BLACK
  6
CONTINUOUS
100
AcDbLine
 10
0.445636968503937
 20
1.3453990944881888
 30
0
 11
0.445451220472441
 21
1.345172716535433
 31
0
  0
LINE
  5
C79
330
1A
100
AcDbEntity
  8
BLACK
  6
CONTINUOUS
100
AcDbLine
 10
0.445451220472441
 20
1.345172716535433
 30
0
 11
0.4435764960629921
 21
1.3432979527559055
 31
0
  0
LINE
  5
C7A
330
1A
100
AcDbEntity
  8
BLACK
  6
CONTINUOUS
100
AcDbLine
 10
0.4435764960629921
 20
1.3432979527559055
 30
0
 11
0.4433501181102362
 21
1.3431122047244095
 31
0
  0
LINE
  5
C7B
330
1A
100
AcDbEntity
  8
BLACK
  6
CONTINUOUS
100
AcDbLine
 10
0.4433501181102362
 20
1.3431122047244095
 30
0
 11
0.443298937007874
 21
1.3430531496062992
 31
0
  0
LINE
  5
C7C
330
1A
100
AcDbEntity
  8
BLACK
  6
CONTINUOUS
100
AcDbLine
 10
0.443298937007874
 20
1.3430531496062992
 30
0
 11
0.4432099606299212
 21
1.3429971653543307
 31
0
  0
LINE
  5
C7D
330
1A
100
AcDbEntity
  8
BLACK
  6
CONTINUOUS
100
AcDbLine
 10
0.4432099606299212
 20
1.3429971653543307
 30
0
 11
0.4431290157480315
 21
1.3429307086614173
 31
0
  0
LINE
  5
C7E
330
1A
100
AcDbEntity
  8
BLACK
  6
CONTINUOUS
100
AcDbLine
 10
0.4431290157480315
 20
1.3429307086614173
 30
0
 11
0.4430570472440945
 21
1.3429009055118111
 31
0
  0
LINE
  5
C7F
330
1A
100
AcDbEntity
  8
BLACK
  6
CONTINUOUS
100
AcDbLine
 10
0.4430570472440945
 20
1.3429009055118111
 30
0
 11
0.4428090551181103
 21
1.3427448031496063
 31
0
  0
LINE
  5
C80
330
1A
100
AcDbEntity
  8
BLACK
  6
CONTINUOUS
100
AcDbLine
 10
0.4428090551181103
 20
1.3427448031496063
 30
0
 11
0.4390595275590551
 21
1.3408700393700788
 31
0
  0
LINE
  5
C81
330
1A
100
AcDbEntity
  8
BLACK
  6
CONTINUOUS
100
AcDbLine
 10
0.4390595275590551
 20
1.3408700393700788
 30
0
 11
0.4385188976377953
 21
1.3406631496062993
 31
0
  0
LINE
  5
C82
330
1A
100
AcDbEntity
  8
BLACK
  6
CONTINUOUS
100
AcDbLine
 10
0.4385188976377953
 20
1.3406631496062993
 30
0
 11
0.4384130708661417
 21
1.3406556692913385
 31
0
  0
LINE
  5
C83
330
1A
100
AcDbEntity
  8
BLACK
  6
CONTINUOUS
100
AcDbLine
 10
0.4384130708661417
 20
1.3406556692913385
 30
0
 11
0.4383150787401575
 21
1.3406150393700786
 31
0
  0
LINE
  5
C84
330
1A
100
AcDbEntity
  8
BLACK
  6
CONTINUOUS
100
AcDbLine
 10
0.4383150787401575
 20
1.3406150393700786
 30
0
 11
0.4377390157480315
 21
1.3405583070866141
 31
0
  0
LINE
  5
C85
330
1A
100
AcDbEntity
  8
BLACK
  6
CONTINUOUS
100
AcDbLine
 10
0.4377390157480315
 20
1.3405583070866141
 30
0
 11
0.4339894881889764
 21
1.3405583070866141
 31
0
  0
LINE
  5
C86
330
1A
100
AcDbEntity
  8
BLACK
  6
CONTINUOUS
100
AcDbLine
 10
0.4339894881889764
 20
1.3405583070866141
 30
0
 11
0.4334134251968504
 21
1.3406150393700786
 31
0
  0
LINE
  5
C87
330
1A
100
AcDbEntity
  8
BLACK
  6
CONTINUOUS
100
AcDbLine
 10
0.4334134251968504
 20
1.3406150393700786
 30
0
 11
0.4333154330708661
 21
1.3406556299212598
 31
0
  0
LINE
  5
C88
330
1A
100
AcDbEntity
  8
BLACK
  6
CONTINUOUS
100
AcDbLine
 10
0.4333154330708661
 20
1.3406556299212598
 30
0
 11
0.4332095669291339
 21
1.3406631496062993
 31
0
  0
LINE
  5
C89
330
1A
100
AcDbEntity
  8
BLACK
  6
CONTINUOUS
100
AcDbLine
 10
0.4332095669291339
 20
1.3406631496062993
 30
0
 11
0.4326689763779528
 21
1.3408700393700788
 31
0
  0
LINE
  5
C8A
330
1A
100
AcDbEntity
  8
BLACK
  6
CONTINUOUS
100
AcDbLine
 10
0.4326689763779528
 20
1.3408700393700788
 30
0
 11
0.4289194488188977
 21
1.3427448031496063
 31
0
  0
LINE
  5
C8B
330
1A
100
AcDbEntity
  8
BLACK
  6
CONTINUOUS
100
AcDbLine
 10
0.4289194488188977
 20
1.3427448031496063
 30
0
 11
0.4286714173228346
 21
1.3429009055118111
 31
0
  0
LINE
  5
C8C
330
1A
100
AcDbEntity
  8
BLACK
  6
CONTINUOUS
100
AcDbLine
 10
0.4286714173228346
 20
1.3429009055118111
 30
0
 11
0.4285994881889764
 21
1.3429307086614173
 31
0
  0
LINE
  5
C8D
330
1A
100
AcDbEntity
  8
BLACK
  6
CONTINUOUS
100
AcDbLine
 10
0.4285994881889764
 20
1.3429307086614173
 30
0
 11
0.4285185039370079
 21
1.3429971653543307
 31
0
  0
LINE
  5
C8E
330
1A
100
AcDbEntity
  8
BLACK
  6
CONTINUOUS
100
AcDbLine
 10
0.4285185039370079
 20
1.3429971653543307
 30
0
 11
0.4284295669291339
 21
1.3430531496062992
 31
0
  0
LINE
  5
C8F
330
1A
100
AcDbEntity
  8
BLACK
  6
CONTINUOUS
100
AcDbLine
 10
0.4284295669291339
 20
1.3430531496062992
 30
0
 11
0.4283783464566929
 21
1.3431122047244095
 31
0
  0
LINE
  5
C90
330
1A
100
AcDbEntity
  8
BLACK
  6
CONTINUOUS
100
AcDbLine
 10
0.4283783464566929
 20
1.3431122047244095
 30
0
 11
0.4281520078740157
 21
1.3432979527559055
 31
0
  0
LINE
  5
C91
330
1A
100
AcDbEntity
  8
BLACK
  6
CONTINUOUS
100
AcDbLine
 10
0.4281520078740157
 20
1.3432979527559055
 30
0
 11
0.4262772440944882
 21
1.3451727559055118
 31
0
  0
LINE
  5
C92
330
1A
100
AcDbEntity
  8
BLACK
  6
CONTINUOUS
100
AcDbLine
 10
0.4262772440944882
 20
1.3451727559055118
 30
0
 11
0.4260914960629921
 21
1.3453990944881888
 31
0
  0
LINE
  5
C93
330
1A
100
AcDbEntity
  8
BLACK
  6
CONTINUOUS
100
AcDbLine
 10
0.4260914960629921
 20
1.3453990944881888
 30
0
 11
0.4260325196850394
 21
1.3454502362204723
 31
0
  0
LINE
  5
C94
330
1A
100
AcDbEntity
  8
BLACK
  6
CONTINUOUS
100
AcDbLine
 10
0.4260325196850394
 20
1.3454502362204723
 30
0
 11
0.4259765354330708
 21
1.3455391732283464
 31
0
  0
LINE
  5
C95
330
1A
100
AcDbEntity
  8
BLACK
  6
CONTINUOUS
100
AcDbLine
 10
0.4259765354330708
 20
1.3455391732283464
 30
0
 11
0.4259100393700787
 21
1.3456201968503936
 31
0
  0
LINE
  5
C96
330
1A
100
AcDbEntity
  8
BLACK
  6
CONTINUOUS
100
AcDbLine
 10
0.4259100393700787
 20
1.3456201968503936
 30
0
 11
0.4258801968503937
 21
1.3456922440944881
 31
0
  0
LINE
  5
C97
330
1A
100
AcDbEntity
  8
BLACK
  6
CONTINUOUS
100
AcDbLine
 10
0.4258801968503937
 20
1.3456922440944881
 30
0
 11
0.4257241732283464
 21
1.3459401181102362
 31
0
  0
LINE
  5
C98
330
1A
100
AcDbEntity
  8
BLACK
  6
CONTINUOUS
100
AcDbLine
 10
0.4257241732283464
 20
1.3459401181102362
 30
0
 11
0.4238494094488189
 21
1.3496896456692913
 31
0
  0
LINE
  5
C99
330
1A
100
AcDbEntity
  8
BLACK
  6
CONTINUOUS
100
AcDbLine
 10
0.4238494094488189
 20
1.3496896456692913
 30
0
 11
0.4238332677165354
 21
1.3497317716535433
 31
0
  0
LINE
  5
C9A
330
1A
100
AcDbEntity
  8
BLACK
  6
CONTINUOUS
100
AcDbLine
 10
0.4238332677165354
 20
1.3497317716535433
 30
0
 11
0.4238205905511811
 21
1.3497488976377952
 31
0
  0
LINE
  5
C9B
330
1A
100
AcDbEntity
  8
BLACK
  6
CONTINUOUS
100
AcDbLine
 10
0.4238205905511811
 20
1.3497488976377952
 30
0
 11
0.4237341338582677
 21
1.3499908661417324
 31
0
  0
LINE
  5
C9C
330
1A
100
AcDbEntity
  8
BLACK
  6
CONTINUOUS
100
AcDbLine
 10
0.4237341338582677
 20
1.3499908661417324
 30
0
 11
0.4236425196850394
 21
1.3502302755905511
 31
0
  0
LINE
  5
C9D
330
1A
100
AcDbEntity
  8
BLACK
  6
CONTINUOUS
100
AcDbLine
 10
0.4236425196850394
 20
1.3502302755905511
 30
0
 11
0.4236409842519685
 21
1.3502515354330709
 31
0
  0
LINE
  5
C9E
330
1A
100
AcDbEntity
  8
BLACK
  6
CONTINUOUS
100
AcDbLine
 10
0.4236409842519685
 20
1.3502515354330709
 30
0
 11
0.4236258267716536
 21
1.3502940157480314
 31
0
  0
LINE
  5
C9F
330
1A
100
AcDbEntity
  8
BLACK
  6
CONTINUOUS
100
AcDbLine
 10
0.4236258267716536
 20
1.3502940157480314
 30
0
 11
0.421751062992126
 21
1.3577930708661416
 31
0
  0
LINE
  5
CA0
330
1A
100
AcDbEntity
  8
BLACK
  6
CONTINUOUS
100
AcDbLine
 10
0.421751062992126
 20
1.3577930708661416
 30
0
 11
0.4217362598425197
 21
1.3578929527559054
 31
0
  0
LINE
  5
CA1
330
1A
100
AcDbEntity
  8
BLACK
  6
CONTINUOUS
100
AcDbLine
 10
0.4217362598425197
 20
1.3578929527559054
 30
0
 11
0.4217196456692913
 21
1.3579331496062992
 31
0
  0
LINE
  5
CA2
330
1A
100
AcDbEntity
  8
BLACK
  6
CONTINUOUS
100
AcDbLine
 10
0.4217196456692913
 20
1.3579331496062992
 30
0
 11
0.4216982677165354
 21
1.3581501968503937
 31
0
  0
LINE
  5
CA3
330
1A
100
AcDbEntity
  8
BLACK
  6
CONTINUOUS
100
AcDbLine
 10
0.4216982677165354
 20
1.3581501968503937
 30
0
 11
0.4216664173228347
 21
1.3583656692913386
 31
0
  0
LINE
  5
CA4
330
1A
100
AcDbEntity
  8
BLACK
  6
CONTINUOUS
100
AcDbLine
 10
0.4216664173228347
 20
1.3583656692913386
 30
0
 11
0.4216727952755905
 21
1.3584087007874015
 31
0
  0
LINE
  5
CA5
330
1A
100
AcDbEntity
  8
BLACK
  6
CONTINUOUS
100
AcDbLine
 10
0.4216727952755905
 20
1.3584087007874015
 30
0
 11
0.4216629133858268
 21
1.3585092125984253
 31
0
  0
LINE
  5
CA6
330
1A
100
AcDbEntity
  8
BLACK
  6
CONTINUOUS
100
AcDbLine
 10
0.4216629133858268
 20
1.3585092125984253
 30
0
 11
0.4216629133858268
 21
1.3678830314960631
 31
0
  0
LINE
  5
CA7
330
1A
100
AcDbEntity
  8
BLACK
  6
CONTINUOUS
100
AcDbLine
 10
0.4216629133858268
 20
1.3678830314960631
 30
0
 11
0.4216727952755905
 21
1.3679835826771654
 31
0
  0
LINE
  5
CA8
330
1A
100
AcDbEntity
  8
BLACK
  6
CONTINUOUS
100
AcDbLine
 10
0.4216727952755905
 20
1.3679835826771654
 30
0
 11
0.4216664173228347
 21
1.3680265748031495
 31
0
  0
LINE
  5
CA9
330
1A
100
AcDbEntity
  8
BLACK
  6
CONTINUOUS
100
AcDbLine
 10
0.4216664173228347
 20
1.3680265748031495
 30
0
 11
0.4216982677165354
 21
1.3682420866141731
 31
0
  0
LINE
  5
CAA
330
1A
100
AcDbEntity
  8
BLACK
  6
CONTINUOUS
100
AcDbLine
 10
0.4216982677165354
 20
1.3682420866141731
 30
0
 11
0.4217196456692913
 21
1.3684590944881889
 31
0
  0
LINE
  5
CAB
330
1A
100
AcDbEntity
  8
BLACK
  6
CONTINUOUS
100
AcDbLine
 10
0.4217196456692913
 20
1.3684590944881889
 30
0
 11
0.4217362598425197
 21
1.3684993307086615
 31
0
  0
LINE
  5
CAC
330
1A
100
AcDbEntity
  8
BLACK
  6
CONTINUOUS
100
AcDbLine
 10
0.4217362598425197
 20
1.3684993307086615
 30
0
 11
0.421751062992126
 21
1.3685991732283465
 31
0
  0
LINE
  5
CAD
330
1A
100
AcDbEntity
  8
BLACK
  6
CONTINUOUS
100
AcDbLine
 10
0.421751062992126
 20
1.3685991732283465
 30
0
 11
0.4236258267716536
 21
1.3760982283464567
 31
0
  0
LINE
  5
CAE
330
1A
100
AcDbEntity
  8
BLACK
  6
CONTINUOUS
100
AcDbLine
 10
0.4236258267716536
 20
1.3760982283464567
 30
0
 11
0.4236409842519685
 21
1.376140748031496
 31
0
  0
LINE
  5
CAF
330
1A
100
AcDbEntity
  8
BLACK
  6
CONTINUOUS
100
AcDbLine
 10
0.4236409842519685
 20
1.376140748031496
 30
0
 11
0.4236425196850394
 21
1.376161968503937
 31
0
  0
LINE
  5
CB0
330
1A
100
AcDbEntity
  8
BLACK
  6
CONTINUOUS
100
AcDbLine
 10
0.4236425196850394
 20
1.376161968503937
 30
0
 11
0.4237341338582677
 21
1.3764014173228347
 31
0
  0
LINE
  5
CB1
330
1A
100
AcDbEntity
  8
BLACK
  6
CONTINUOUS
100
AcDbLine
 10
0.4237341338582677
 20
1.3764014173228347
 30
0
 11
0.4238205905511811
 21
1.376643346456693
 31
0
  0
LINE
  5
CB2
330
1A
100
AcDbEntity
  8
BLACK
  6
CONTINUOUS
100
AcDbLine
 10
0.4238205905511811
 20
1.376643346456693
 30
0
 11
0.4238332677165354
 21
1.3766605118110236
 31
0
  0
LINE
  5
CB3
330
1A
100
AcDbEntity
  8
BLACK
  6
CONTINUOUS
100
AcDbLine
 10
0.4238332677165354
 20
1.3766605118110236
 30
0
 11
0.4238494094488189
 21
1.3767025984251968
 31
0
  0
LINE
  5
CB4
330
1A
100
AcDbEntity
  8
BLACK
  6
CONTINUOUS
100
AcDbLine
 10
0.4238494094488189
 20
1.3767025984251968
 30
0
 11
0.4257241732283464
 21
1.3804521259842519
 31
0
  0
LINE
  5
CB5
330
1A
100
AcDbEntity
  8
BLACK
  6
CONTINUOUS
100
AcDbLine
 10
0.4257241732283464
 20
1.3804521259842519
 30
0
 11
0.4258802362204724
 21
1.3807001574803148
 31
0
  0
LINE
  5
CB6
330
1A
100
AcDbEntity
  8
BLACK
  6
CONTINUOUS
100
AcDbLine
 10
0.4258802362204724
 20
1.3807001574803148
 30
0
 11
0.4259100787401575
 21
1.3807720866141733
 31
0
  0
LINE
  5
CB7
330
1A
100
AcDbEntity
  8
BLACK
  6
CONTINUOUS
100
AcDbLine
 10
0.4259100787401575
 20
1.3807720866141733
 30
0
 11
0.4259765354330708
 21
1.3808530708661417
 31
0
  0
LINE
  5
CB8
330
1A
100
AcDbEntity
  8
BLACK
  6
CONTINUOUS
100
AcDbLine
 10
0.4259765354330708
 20
1.3808530708661417
 30
0
 11
0.4260325196850394
 21
1.3809420078740158
 31
0
  0
LINE
  5
CB9
330
1A
100
AcDbEntity
  8
BLACK
  6
CONTINUOUS
100
AcDbLine
 10
0.4260325196850394
 20
1.3809420078740158
 30
0
 11
0.4260914960629921
 21
1.380993188976378
 31
0
  0
LINE
  5
CBA
330
1A
100
AcDbEntity
  8
BLACK
  6
CONTINUOUS
100
AcDbLine
 10
0.4260914960629921
 20
1.380993188976378
 30
0
 11
0.4262772834645669
 21
1.3812195275590551
 31
0
  0
LINE
  5
CBB
330
1A
100
AcDbEntity
  8
BLACK
  6
CONTINUOUS
100
AcDbLine
 10
0.4262772834645669
 20
1.3812195275590551
 30
0
 11
0.4281520472440945
 21
1.3830942913385826
 31
0
  0
LINE
  5
CBC
330
1A
100
AcDbEntity
  8
BLACK
  6
CONTINUOUS
100
AcDbLine
 10
0.4281520472440945
 20
1.3830942913385826
 30
0
 11
0.4283783858267716
 21
1.3832800787401573
 31
0
  0
LINE
  5
CBD
330
1A
100
AcDbEntity
  8
BLACK
  6
CONTINUOUS
100
AcDbLine
 10
0.4283783858267716
 20
1.3832800787401573
 30
0
 11
0.4284295669291339
 21
1.3833390551181102
 31
0
  0
LINE
  5
CBE
330
1A
100
AcDbEntity
  8
BLACK
  6
CONTINUOUS
100
AcDbLine
 10
0.4284295669291339
 20
1.3833390551181102
 30
0
 11
0.4285185039370079
 21
1.3833950393700787
 31
0
  0
LINE
  5
CBF
330
1A
100
AcDbEntity
  8
BLACK
  6
CONTINUOUS
100
AcDbLine
 10
0.4285185039370079
 20
1.3833950393700787
 30
0
 11
0.4285994881889764
 21
1.3834614960629921
 31
0
  0
LINE
  5
CC0
330
1A
100
AcDbEntity
  8
BLACK
  6
CONTINUOUS
100
AcDbLine
 10
0.4285994881889764
 20
1.3834614960629921
 30
0
 11
0.4286714173228346
 21
1.383491338582677
 31
0
  0
LINE
  5
CC1
330
1A
100
AcDbEntity
  8
BLACK
  6
CONTINUOUS
100
AcDbLine
 10
0.4286714173228346
 20
1.383491338582677
 30
0
 11
0.4289194488188977
 21
1.383647401574803
 31
0
  0
LINE
  5
CC2
330
1A
100
AcDbEntity
  8
BLACK
  6
CONTINUOUS
100
AcDbLine
 10
0.4289194488188977
 20
1.383647401574803
 30
0
 11
0.4326689763779528
 21
1.3855221653543306
 31
0
  0
LINE
  5
CC3
330
1A
100
AcDbEntity
  8
BLACK
  6
CONTINUOUS
100
AcDbLine
 10
0.4326689763779528
 20
1.3855221653543306
 30
0
 11
0.4332095669291339
 21
1.3857290551181103
 31
0
  0
LINE
  5
CC4
330
1A
100
AcDbEntity
  8
BLACK
  6
CONTINUOUS
100
AcDbLine
 10
0.4332095669291339
 20
1.3857290551181103
 30
0
 11
0.4333154330708661
 21
1.3857366141732284
 31
0
  0
LINE
  5
CC5
330
1A
100
AcDbEntity
  8
BLACK
  6
CONTINUOUS
100
AcDbLine
 10
0.4333154330708661
 20
1.3857366141732284
 30
0
 11
0.4334134251968504
 21
1.3857771653543307
 31
0
  0
LINE
  5
CC6
330
1A
100
AcDbEntity
  8
BLACK
  6
CONTINUOUS
100
AcDbLine
 10
0.4334134251968504
 20
1.3857771653543307
 30
0
 11
0.4339894881889764
 21
1.3858338976377953
 31
0
  0
LINE
  5
CC7
330
1A
100
AcDbEntity
  8
BLACK
  6
CONTINUOUS
100
AcDbLine
 10
0.4339894881889764
 20
1.3858338976377953
 30
0
 11
0.4377390157480315
 21
1.3858338976377953
 31
0
  0
LINE
  5
CC8
330
1A
100
AcDbEntity
  8
BLACK
  6
CONTINUOUS
100
AcDbLine
 10
0.4377390157480315
 20
1.3858338976377953
 30
0
 11
0.4383150787401575
 21
1.3857771653543307
 31
0
  0
LINE
  5
CC9
330
1A
100
AcDbEntity
  8
BLACK
  6
CONTINUOUS
100
AcDbLine
 10
0.4319890551181102
 20
1.3785796456692914
 30
0
 11
0.4307919291338583
 21
1.3773825196850393
 31
0
  0
LINE
  5
CCA
330
1A
100
AcDbEntity
  8
BLACK
  6
CONTINUOUS
100
AcDbLine
 10
0.4307919291338583
 20
1.3773825196850393
 30
0
 11
0.4292764173228346
 21
1.3743515354330709
 31
0
  0
LINE
  5
CCB
330
1A
100
AcDbEntity
  8
BLACK
  6
CONTINUOUS
100
AcDbLine
 10
0.4292764173228346
 20
1.3743515354330709
 30
0
 11
0.4275684251968504
 21
1.3675194881889763
 31
0
  0
LINE
  5
CCC
330
1A
100
AcDbEntity
  8
BLACK
  6
CONTINUOUS
100
AcDbLine
 10
0.4275684251968504
 20
1.3675194881889763
 30
0
 11
0.4275684251968504
 21
1.3588727559055118
 31
0
  0
LINE
  5
CCD
330
1A
100
AcDbEntity
  8
BLACK
  6
CONTINUOUS
100
AcDbLine
 10
0.4275684251968504
 20
1.3588727559055118
 30
0
 11
0.4292764173228346
 21
1.3520407086614172
 31
0
  0
LINE
  5
CCE
330
1A
100
AcDbEntity
  8
BLACK
  6
CONTINUOUS
100
AcDbLine
 10
0.4292764173228346
 20
1.3520407086614172
 30
0
 11
0.4307919291338583
 21
1.3490097244094488
 31
0
  0
LINE
  5
CCF
330
1A
100
AcDbEntity
  8
BLACK
  6
CONTINUOUS
100
AcDbLine
 10
0.4307919291338583
 20
1.3490097244094488
 30
0
 11
0.4319890551181102
 21
1.347812559055118
 31
0
  0
LINE
  5
CD0
330
1A
100
AcDbEntity
  8
BLACK
  6
CONTINUOUS
100
AcDbLine
 10
0.4319890551181102
 20
1.347812559055118
 30
0
 11
0.4346865354330708
 21
1.3464638188976377
 31
0
  0
LINE
  5
CD1
330
1A
100
AcDbEntity
  8
BLACK
  6
CONTINUOUS
100
AcDbLine
 10
0.4346865354330708
 20
1.3464638188976377
 30
0
 11
0.437041968503937
 21
1.3464638188976377
 31
0
  0
LINE
  5
CD2
330
1A
100
AcDbEntity
  8
BLACK
  6
CONTINUOUS
100
AcDbLine
 10
0.437041968503937
 20
1.3464638188976377
 30
0
 11
0.4397394094488189
 21
1.347812559055118
 31
0
  0
LINE
  5
CD3
330
1A
100
AcDbEntity
  8
BLACK
  6
CONTINUOUS
100
AcDbLine
 10
0.4397394094488189
 20
1.347812559055118
 30
0
 11
0.4409365354330709
 21
1.3490097244094488
 31
0
  0
LINE
  5
CD4
330
1A
100
AcDbEntity
  8
BLACK
  6
CONTINUOUS
100
AcDbLine
 10
0.4409365354330709
 20
1.3490097244094488
 30
0
 11
0.4424520472440945
 21
1.3520407086614172
 31
0
  0
LINE
  5
CD5
330
1A
100
AcDbEntity
  8
BLACK
  6
CONTINUOUS
100
AcDbLine
 10
0.4424520472440945
 20
1.3520407086614172
 30
0
 11
0.4441600787401574
 21
1.3588727559055118
 31
0
  0
LINE
  5
CD6
330
1A
100
AcDbEntity
  8
BLACK
  6
CONTINUOUS
100
AcDbLine
 10
0.4441600787401574
 20
1.3588727559055118
 30
0
 11
0.4441600787401574
 21
1.3675194881889763
 31
0
  0
LINE
  5
CD7
330
1A
100
AcDbEntity
  8
BLACK
  6
CONTINUOUS
100
AcDbLine
 10
0.4441600787401574
 20
1.3675194881889763
 30
0
 11
0.4424520472440945
 21
1.3743515354330709
 31
0
  0
LINE
  5
CD8
330
1A
100
AcDbEntity
  8
BLACK
  6
CONTINUOUS
100
AcDbLine
 10
0.4424520472440945
 20
1.3743515354330709
 30
0
 11
0.4409365748031496
 21
1.3773825196850393
 31
0
  0
LINE
  5
CD9
330
1A
100
AcDbEntity
  8
BLACK
  6
CONTINUOUS
100
AcDbLine
 10
0.4409365748031496
 20
1.3773825196850393
 30
0
 11
0.4397394488188976
 21
1.3785796456692914
 31
0
  0
LINE
  5
CDA
330
1A
100
AcDbEntity
  8
BLACK
  6
CONTINUOUS
100
AcDbLine
 10
0.4397394488188976
 20
1.3785796456692914
 30
0
 11
0.437041968503937
 21
1.3799283858267717
 31
0
  0
LINE
  5
CDB
330
1A
100
AcDbEntity
  8
BLACK
  6
CONTINUOUS
100
AcDbLine
 10
0.437041968503937
 20
1.3799283858267717
 30
0
 11
0.4346865354330708
 21
1.3799283858267717
 31
0
  0
LINE
  5
CDC
330
1A
100
AcDbEntity
  8
BLACK
  6
CONTINUOUS
100
AcDbLine
 10
0.4346865354330708
 20
1.3799283858267717
 30
0
 11
0.4319890551181102
 21
1.3785796456692914
 31
0
  0
LINE
  5
CDD
330
1A
100
AcDbEntity
  8
BLACK
  6
CONTINUOUS
100
AcDbLine
 10
0.4736432283464567
 20
1.3857771653543307
 30
0
 11
0.4739356299212598
 21
1.3857771653543307
 31
0
  0
LINE
  5
CDE
330
1A
100
AcDbEntity
  8
BLACK
  6
CONTINUOUS
100
AcDbLine
 10
0.4739356299212598
 20
1.3857771653543307
 30
0
 11
0.474202874015748
 21
1.3856664566929133
 31
0
  0
LINE
  5
CDF
330
1A
100
AcDbEntity
  8
BLACK
  6
CONTINUOUS
100
AcDbLine
 10
0.474202874015748
 20
1.3856664566929133
 30
0
 11
0.4744866929133858
 21
1.3856103149606298
 31
0
  0
LINE
  5
CE0
330
1A
100
AcDbEntity
  8
BLACK
  6
CONTINUOUS
100
AcDbLine
 10
0.4744866929133858
 20
1.3856103149606298
 30
0
 11
0.4747299606299212
 21
1.3854481496062991
 31
0
  0
LINE
  5
CE1
330
1A
100
AcDbEntity
  8
BLACK
  6
CONTINUOUS
100
AcDbLine
 10
0.4747299606299212
 20
1.3854481496062991
 30
0
 11
0.4750000393700787
 21
1.3853362598425196
 31
0
  0
LINE
  5
CE2
330
1A
100
AcDbEntity
  8
BLACK
  6
CONTINUOUS
100
AcDbLine
 10
0.4750000393700787
 20
1.3853362598425196
 30
0
 11
0.4752044881889764
 21
1.3851318110236219
 31
0
  0
LINE
  5
CE3
330
1A
100
AcDbEntity
  8
BLACK
  6
CONTINUOUS
100
AcDbLine
 10
0.4752044881889764
 20
1.3851318110236219
 30
0
 11
0.4754453149606299
 21
1.3849712598425197
 31
0
  0
LINE
  5
CE4
330
1A
100
AcDbEntity
  8
BLACK
  6
CONTINUOUS
100
AcDbLine
 10
0.4754453149606299
 20
1.3849712598425197
 30
0
 11
0.475608031496063
 21
1.3847282677165353
 31
0
  0
LINE
  5
CE5
330
1A
100
AcDbEntity
  8
BLACK
  6
CONTINUOUS
100
AcDbLine
 10
0.475608031496063
 20
1.3847282677165353
 30
0
 11
0.4758146850393701
 21
1.3845216141732284
 31
0
  0
LINE
  5
CE6
330
1A
100
AcDbEntity
  8
BLACK
  6
CONTINUOUS
100
AcDbLine
 10
0.4758146850393701
 20
1.3845216141732284
 30
0
 11
0.4759253543307086
 21
1.3842544094488189
 31
0
  0
LINE
  5
CE7
330
1A
100
AcDbEntity
  8
BLACK
  6
CONTINUOUS
100
AcDbLine
 10
0.4759253543307086
 20
1.3842544094488189
 30
0
 11
0.4760863779527559
 21
1.3840139763779526
 31
0
  0
LINE
  5
CE8
330
1A
100
AcDbEntity
  8
BLACK
  6
CONTINUOUS
100
AcDbLine
 10
0.4760863779527559
 20
1.3840139763779526
 30
0
 11
0.4761437007874016
 21
1.3837273228346456
 31
0
  0
LINE
  5
CE9
330
1A
100
AcDbEntity
  8
BLACK
  6
CONTINUOUS
100
AcDbLine
 10
0.4761437007874016
 20
1.3837273228346456
 30
0
 11
0.4762555905511811
 21
1.3834572047244094
 31
0
  0
LINE
  5
CEA
330
1A
100
AcDbEntity
  8
BLACK
  6
CONTINUOUS
100
AcDbLine
 10
0.4762555905511811
 20
1.3834572047244094
 30
0
 11
0.4763116929133858
 21
1.3828872834645669
 31
0
  0
LINE
  5
CEB
330
1A
100
AcDbEntity
  8
BLACK
  6
CONTINUOUS
100
AcDbLine
 10
0.4763116929133858
 20
1.3828872834645669
 30
0
 11
0.4763123228346456
 21
1.3828842519685038
 31
0
  0
LINE
  5
CEC
330
1A
100
AcDbEntity
  8
BLACK
  6
CONTINUOUS
100
AcDbLine
 10
0.4763123228346456
 20
1.3828842519685038
 30
0
 11
0.4763120866141732
 21
1.3828832283464567
 31
0
  0
LINE
  5
CED
330
1A
100
AcDbEntity
  8
BLACK
  6
CONTINUOUS
100
AcDbLine
 10
0.4763120866141732
 20
1.3828832283464567
 30
0
 11
0.4763123228346456
 21
1.3828811417322835
 31
0
  0
LINE
  5
CEE
330
1A
100
AcDbEntity
  8
BLACK
  6
CONTINUOUS
100
AcDbLine
 10
0.4763123228346456
 20
1.3828811417322835
 30
0
 11
0.4763123228346456
 21
1.3464638188976377
 31
0
  0
LINE
  5
CEF
330
1A
100
AcDbEntity
  8
BLACK
  6
CONTINUOUS
100
AcDbLine
 10
0.4763123228346456
 20
1.3464638188976377
 30
0
 11
0.4846081496062992
 21
1.3464638188976377
 31
0
  0
LINE
  5
CF0
330
1A
100
AcDbEntity
  8
BLACK
  6
CONTINUOUS
100
AcDbLine
 10
0.4846081496062992
 20
1.3464638188976377
 30
0
 11
0.4851842125984252
 21
1.3464070866141733
 31
0
  0
LINE
  5
CF1
330
1A
100
AcDbEntity
  8
BLACK
  6
CONTINUOUS
100
AcDbLine
 10
0.4851842125984252
 20
1.3464070866141733
 30
0
 11
0.4862486220472441
 21
1.3459661811023622
 31
0
  0
LINE
  5
CF2
330
1A
100
AcDbEntity
  8
BLACK
  6
CONTINUOUS
100
AcDbLine
 10
0.4862486220472441
 20
1.3459661811023622
 30
0
 11
0.4870632677165354
 21
1.3451515354330708
 31
0
  0
LINE
  5
CF3
330
1A
100
AcDbEntity
  8
BLACK
  6
CONTINUOUS
100
AcDbLine
 10
0.4870632677165354
 20
1.3451515354330708
 30
0
 11
0.4875041732283464
 21
1.344087125984252
 31
0
  0
LINE
  5
CF4
330
1A
100
AcDbEntity
  8
BLACK
  6
CONTINUOUS
100
AcDbLine
 10
0.4875041732283464
 20
1.344087125984252
 30
0
 11
0.4875041732283464
 21
1.342935
 31
0
  0
LINE
  5
CF5
330
1A
100
AcDbEntity
  8
BLACK
  6
CONTINUOUS
100
AcDbLine
 10
0.4875041732283464
 20
1.342935
 30
0
 11
0.4870632677165354
 21
1.341870590551181
 31
0
  0
LINE
  5
CF6
330
1A
100
AcDbEntity
  8
BLACK
  6
CONTINUOUS
100
AcDbLine
 10
0.4870632677165354
 20
1.341870590551181
 30
0
 11
0.4862486220472441
 21
1.3410559448818897
 31
0
  0
LINE
  5
CF7
330
1A
100
AcDbEntity
  8
BLACK
  6
CONTINUOUS
100
AcDbLine
 10
0.4862486220472441
 20
1.3410559448818897
 30
0
 11
0.4851842125984252
 21
1.3406150393700786
 31
0
  0
LINE
  5
CF8
330
1A
100
AcDbEntity
  8
BLACK
  6
CONTINUOUS
100
AcDbLine
 10
0.4851842125984252
 20
1.3406150393700786
 30
0
 11
0.4846081496062992
 21
1.3405583070866141
 31
0
  0
LINE
  5
CF9
330
1A
100
AcDbEntity
  8
BLACK
  6
CONTINUOUS
100
AcDbLine
 10
0.4846081496062992
 20
1.3405583070866141
 30
0
 11
0.4621109842519685
 21
1.3405583070866141
 31
0
  0
LINE
  5
CFA
330
1A
100
AcDbEntity
  8
BLACK
  6
CONTINUOUS
100
AcDbLine
 10
0.4621109842519685
 20
1.3405583070866141
 30
0
 11
0.4615349212598425
 21
1.3406150393700786
 31
0
  0
LINE
  5
CFB
330
1A
100
AcDbEntity
  8
BLACK
  6
CONTINUOUS
100
AcDbLine
 10
0.4615349212598425
 20
1.3406150393700786
 30
0
 11
0.4604705118110236
 21
1.3410559448818897
 31
0
  0
LINE
  5
CFC
330
1A
100
AcDbEntity
  8
BLACK
  6
CONTINUOUS
100
AcDbLine
 10
0.4604705118110236
 20
1.3410559448818897
 30
0
 11
0.4596558661417323
 21
1.341870590551181
 31
0
  0
LINE
  5
CFD
330
1A
100
AcDbEntity
  8
BLACK
  6
CONTINUOUS
100
AcDbLine
 10
0.4596558661417323
 20
1.341870590551181
 30
0
 11
0.4592149606299212
 21
1.342935
 31
0
  0
LINE
  5
CFE
330
1A
100
AcDbEntity
  8
BLACK
  6
CONTINUOUS
100
AcDbLine
 10
0.4592149606299212
 20
1.342935
 30
0
 11
0.4592149606299212
 21
1.344087125984252
 31
0
  0
LINE
  5
CFF
330
1A
100
AcDbEntity
  8
BLACK
  6
CONTINUOUS
100
AcDbLine
 10
0.4592149606299212
 20
1.344087125984252
 30
0
 11
0.4596558661417323
 21
1.3451515354330708
 31
0
  0
LINE
  5
D00
330
1A
100
AcDbEntity
  8
BLACK
  6
CONTINUOUS
100
AcDbLine
 10
0.4596558661417323
 20
1.3451515354330708
 30
0
 11
0.4604705118110236
 21
1.3459661811023622
 31
0
  0
LINE
  5
D01
330
1A
100
AcDbEntity
  8
BLACK
  6
CONTINUOUS
100
AcDbLine
 10
0.4604705118110236
 20
1.3459661811023622
 30
0
 11
0.4615349212598425
 21
1.3464070866141733
 31
0
  0
LINE
  5
D02
330
1A
100
AcDbEntity
  8
BLACK
  6
CONTINUOUS
100
AcDbLine
 10
0.4615349212598425
 20
1.3464070866141733
 30
0
 11
0.4621109842519685
 21
1.3464638188976377
 31
0
  0
LINE
  5
D03
330
1A
100
AcDbEntity
  8
BLACK
  6
CONTINUOUS
100
AcDbLine
 10
0.4621109842519685
 20
1.3464638188976377
 30
0
 11
0.470406811023622
 21
1.3464638188976377
 31
0
  0
LINE
  5
D04
330
1A
100
AcDbEntity
  8
BLACK
  6
CONTINUOUS
100
AcDbLine
 10
0.470406811023622
 20
1.3464638188976377
 30
0
 11
0.470406811023622
 21
1.3738777952755905
 31
0
  0
LINE
  5
D05
330
1A
100
AcDbEntity
  8
BLACK
  6
CONTINUOUS
100
AcDbLine
 10
0.470406811023622
 20
1.3738777952755905
 30
0
 11
0.4679484251968504
 21
1.3714194094488188
 31
0
  0
LINE
  5
D06
330
1A
100
AcDbEntity
  8
BLACK
  6
CONTINUOUS
100
AcDbLine
 10
0.4679484251968504
 20
1.3714194094488188
 30
0
 11
0.4677220472440945
 21
1.3712336614173228
 31
0
  0
LINE
  5
D07
330
1A
100
AcDbEntity
  8
BLACK
  6
CONTINUOUS
100
AcDbLine
 10
0.4677220472440945
 20
1.3712336614173228
 30
0
 11
0.467670905511811
 21
1.3711746456692913
 31
0
  0
LINE
  5
D08
330
1A
100
AcDbEntity
  8
BLACK
  6
CONTINUOUS
100
AcDbLine
 10
0.467670905511811
 20
1.3711746456692913
 30
0
 11
0.4675819291338583
 21
1.3711187007874015
 31
0
  0
LINE
  5
D09
330
1A
100
AcDbEntity
  8
BLACK
  6
CONTINUOUS
100
AcDbLine
 10
0.4675819291338583
 20
1.3711187007874015
 30
0
 11
0.4675009842519685
 21
1.3710522047244094
 31
0
  0
LINE
  5
D0A
330
1A
100
AcDbEntity
  8
BLACK
  6
CONTINUOUS
100
AcDbLine
 10
0.4675009842519685
 20
1.3710522047244094
 30
0
 11
0.4674290157480315
 21
1.3710224015748032
 31
0
  0
LINE
  5
D0B
330
1A
100
AcDbEntity
  8
BLACK
  6
CONTINUOUS
100
AcDbLine
 10
0.4674290157480315
 20
1.3710224015748032
 30
0
 11
0.4671810236220472
 21
1.3708662992125984
 31
0
  0
LINE
  5
D0C
330
1A
100
AcDbEntity
  8
BLACK
  6
CONTINUOUS
100
AcDbLine
 10
0.4671810236220472
 20
1.3708662992125984
 30
0
 11
0.4634314960629921
 21
1.3689915354330708
 31
0
  0
LINE
  5
D0D
330
1A
100
AcDbEntity
  8
BLACK
  6
CONTINUOUS
100
AcDbLine
 10
0.4634314960629921
 20
1.3689915354330708
 30
0
 11
0.4628908661417322
 21
1.3687846456692914
 31
0
  0
LINE
  5
D0E
330
1A
100
AcDbEntity
  8
BLACK
  6
CONTINUOUS
100
AcDbLine
 10
0.4628908661417322
 20
1.3687846456692914
 30
0
 11
0.4617416535433071
 21
1.3687029921259841
 31
0
  0
LINE
  5
D0F
330
1A
100
AcDbEntity
  8
BLACK
  6
CONTINUOUS
100
AcDbLine
 10
0.4617416535433071
 20
1.3687029921259841
 30
0
 11
0.4606487007874016
 21
1.3690673228346457
 31
0
  0
LINE
  5
D10
330
1A
100
AcDbEntity
  8
BLACK
  6
CONTINUOUS
100
AcDbLine
 10
0.4606487007874016
 20
1.3690673228346457
 30
0
 11
0.4597783070866142
 21
1.3698221653543308
 31
0
  0
LINE
  5
D11
330
1A
100
AcDbEntity
  8
BLACK
  6
CONTINUOUS
100
AcDbLine
 10
0.4597783070866142
 20
1.3698221653543308
 30
0
 11
0.4592630708661417
 21
1.3708526771653542
 31
0
  0
LINE
  5
D12
330
1A
100
AcDbEntity
  8
BLACK
  6
CONTINUOUS
100
AcDbLine
 10
0.4592630708661417
 20
1.3708526771653542
 30
0
 11
0.4591814173228346
 21
1.3720018897637796
 31
0
  0
LINE
  5
D13
330
1A
100
AcDbEntity
  8
BLACK
  6
CONTINUOUS
100
AcDbLine
 10
0.4591814173228346
 20
1.3720018897637796
 30
0
 11
0.4595457480314961
 21
1.3730948425196849
 31
0
  0
LINE
  5
D14
330
1A
100
AcDbEntity
  8
BLACK
  6
CONTINUOUS
100
AcDbLine
 10
0.4595457480314961
 20
1.3730948425196849
 30
0
 11
0.4603005905511811
 21
1.3739652362204724
 31
0
  0
LINE
  5
D15
330
1A
100
AcDbEntity
  8
BLACK
  6
CONTINUOUS
100
AcDbLine
 10
0.4603005905511811
 20
1.3739652362204724
 30
0
 11
0.4607904724409449
 21
1.3742735826771653
 31
0
  0
LINE
  5
D16
330
1A
100
AcDbEntity
  8
BLACK
  6
CONTINUOUS
100
AcDbLine
 10
0.4607904724409449
 20
1.3742735826771653
 30
0
 11
0.4641114173228346
 21
1.3759340551181103
 31
0
  0
LINE
  5
D17
330
1A
100
AcDbEntity
  8
BLACK
  6
CONTINUOUS
100
AcDbLine
 10
0.4641114173228346
 20
1.3759340551181103
 30
0
 11
0.4673153149606299
 21
1.3791379527559056
 31
0
  0
LINE
  5
D18
330
1A
100
AcDbEntity
  8
BLACK
  6
CONTINUOUS
100
AcDbLine
 10
0.4673153149606299
 20
1.3791379527559056
 30
0
 11
0.4709027165354331
 21
1.3845190551181101
 31
0
  0
LINE
  5
D19
330
1A
100
AcDbEntity
  8
BLACK
  6
CONTINUOUS
100
AcDbLine
 10
0.4709027165354331
 20
1.3845190551181101
 30
0
 11
0.4709040551181102
 21
1.3845207480314961
 31
0
  0
LINE
  5
D1A
330
1A
100
AcDbEntity
  8
BLACK
  6
CONTINUOUS
100
AcDbLine
 10
0.4709040551181102
 20
1.3845207480314961
 30
0
 11
0.4709044488188976
 21
1.3845216141732284
 31
0
  0
LINE
  5
D1B
330
1A
100
AcDbEntity
  8
BLACK
  6
CONTINUOUS
100
AcDbLine
 10
0.4709044488188976
 20
1.3845216141732284
 30
0
 11
0.4709064566929134
 21
1.3845236614173229
 31
0
  0
LINE
  5
D1C
330
1A
100
AcDbEntity
  8
BLACK
  6
CONTINUOUS
100
AcDbLine
 10
0.4709064566929134
 20
1.3845236614173229
 30
0
 11
0.4712694881889763
 21
1.3849668897637795
 31
0
  0
LINE
  5
D1D
330
1A
100
AcDbEntity
  8
BLACK
  6
CONTINUOUS
100
AcDbLine
 10
0.4712694881889763
 20
1.3849668897637795
 30
0
 11
0.4715123622047244
 21
1.3851295669291339
 31
0
  0
LINE
  5
D1E
330
1A
100
AcDbEntity
  8
BLACK
  6
CONTINUOUS
100
AcDbLine
 10
0.4715123622047244
 20
1.3851295669291339
 30
0
 11
0.4717190944881889
 21
1.3853362598425196
 31
0
  0
LINE
  5
D1F
330
1A
100
AcDbEntity
  8
BLACK
  6
CONTINUOUS
100
AcDbLine
 10
0.4717190944881889
 20
1.3853362598425196
 30
0
 11
0.4719863779527559
 21
1.3854470078740158
 31
0
  0
LINE
  5
D20
330
1A
100
AcDbEntity
  8
BLACK
  6
CONTINUOUS
100
AcDbLine
 10
0.4719863779527559
 20
1.3854470078740158
 30
0
 11
0.4722267716535433
 21
1.3856079527559055
 31
0
  0
LINE
  5
D21
330
1A
100
AcDbEntity
  8
BLACK
  6
CONTINUOUS
100
AcDbLine
 10
0.4722267716535433
 20
1.3856079527559055
 30
0
 11
0.4725133858267717
 21
1.3856653149606299
 31
0
  0
LINE
  5
D22
330
1A
100
AcDbEntity
  8
BLACK
  6
CONTINUOUS
100
AcDbLine
 10
0.4725133858267717
 20
1.3856653149606299
 30
0
 11
0.4727835039370079
 21
1.3857771653543307
 31
0
  0
LINE
  5
D23
330
1A
100
AcDbEntity
  8
BLACK
  6
CONTINUOUS
100
AcDbLine
 10
0.4727835039370079
 20
1.3857771653543307
 30
0
 11
0.4730727952755905
 21
1.3857771653543307
 31
0
  0
LINE
  5
D24
330
1A
100
AcDbEntity
  8
BLACK
  6
CONTINUOUS
100
AcDbLine
 10
0.4730727952755905
 20
1.3857771653543307
 30
0
 11
0.4733564566929134
 21
1.3858338976377953
 31
0
  0
LINE
  5
D25
330
1A
100
AcDbEntity
  8
BLACK
  6
CONTINUOUS
100
AcDbLine
 10
0.4733564566929134
 20
1.3858338976377953
 30
0
 11
0.4736432283464567
 21
1.3857771653543307
 31
0
  0
CIRCLE
  5
D26
330
1A
100
AcDbEntity
  8
BLACK
100
AcDbCircle
 10
0.4
 20
0.4
 30
0
 40
0.0068897637795276
  0
CIRCLE
  5
D27
330
1A
100
AcDbEntity
  8
BLACK
100
AcDbCircle
 10
2.7897637795275592
 20
1.5999999999999999
 30
0
 40
0.0068897637795276
  0
CIRCLE
  5
D28
330
1A
100
AcDbEntity
  8
BLACK
100
AcDbCircle
 10
0.4
 20
1.5999999999999999
 30
0
 40
0.0068897637795276
  0
CIRCLE
  5
D29
330
1A
100
AcDbEntity
  8
BLACK
100
AcDbCircle
 10
2.512992125984252
 20
0.3937007874015748
 30
0
 40
0.0068897637795276
  0
CIRCLE
  5
D2A
330
1A
100
AcDbEntity
  8
BLACK
100
AcDbCircle
 10
2.512992125984252
 20
0.2937007874015748
 30
0
 40
0.0068897637795276
  0
CIRCLE
  5
D2B
330
1A
100
AcDbEntity
  8
BLACK
100
AcDbCircle
 10
2.4129921259842519
 20
0.3937007874015748
 30
0
 40
0.0068897637795276
  0
CIRCLE
  5
D2C
330
1A
100
AcDbEntity
  8
BLACK
100
AcDbCircle
 10
2.4129921259842519
 20
0.2937007874015748
 30
0
 40
0.0068897637795276
  0
CIRCLE
  5
D2D
330
1A
100
AcDbEntity
  8
BLACK
100
AcDbCircle
 10
2.3129921259842519
 20
0.3937007874015748
 30
0
 40
0.0068897637795276
  0
CIRCLE
  5
D2E
330
1A
100
AcDbEntity
  8
BLACK
100
AcDbCircle
 10
2.3129921259842519
 20
0.2937007874015748
 30
0
 40
0.0068897637795276
  0
CIRCLE
  5
D2F
330
1A
100
AcDbEntity
  8
BLACK
100
AcDbCircle
 10
0.4208661417322834
 20
1.1744094488188976
 30
0
 40
0.0068897637795276
  0
CIRCLE
  5
D30
330
1A
100
AcDbEntity
  8
BLACK
100
AcDbCircle
 10
0.3208661417322834
 20
1.2744094488188975
 30
0
 40
0.0068897637795276
  0
CIRCLE
  5
D31
330
1A
100
AcDbEntity
  8
BLACK
100
AcDbCircle
 10
0.3208661417322834
 20
1.0744094488188976
 30
0
 40
0.0068897637795276
  0
CIRCLE
  5
D32
330
1A
100
AcDbEntity
  8
BLACK
100
AcDbCircle
 10
0.5208661417322834
 20
1.2744094488188975
 30
0
 40
0.0068897637795276
  0
CIRCLE
  5
D33
330
1A
100
AcDbEntity
  8
BLACK
100
AcDbCircle
 10
0.5208661417322834
 20
1.0744094488188976
 30
0
 40
0.0068897637795276
  0
CIRCLE
  5
D34
330
1A
100
AcDbEntity
  8
BLACK
100
AcDbCircle
 10
2.7897637795275592
 20
0.4
 30
0
 40
0.0068897637795276
  0
CIRCLE
  5
D35
330
1A
100
AcDbEntity
  8
BLACK
100
AcDbCircle
 10
2.6929133858267718
 20
0.6299212598425197
 30
0
 40
0.0068897637795276
  0
CIRCLE
  5
D36
330
1A
100
AcDbEntity
  8
BLACK
100
AcDbCircle
 10
2.7929133858267714
 20
0.6299212598425197
 30
0
 40
0.0068897637795276
  0
CIRCLE
  5
D37
330
1A
100
AcDbEntity
  8
BLACK
100
AcDbCircle
 10
2.6929133858267718
 20
0.7299212598425197
 30
0
 40
0.0068897637795276
  0
CIRCLE
  5
D38
330
1A
100
AcDbEntity
  8
BLACK
100
AcDbCircle
 10
2.7929133858267714
 20
0.7299212598425197
 30
0
 40
0.0068897637795276
  0
CIRCLE
  5
D39
330
1A
100
AcDbEntity
  8
BLACK
100
AcDbCircle
 10
2.6929133858267718
 20
0.8299212598425196
 30
0
 40
0.0068897637795276
  0
CIRCLE
  5
D3A
330
1A
100
AcDbEntity
  8
BLACK
100
AcDbCircle
 10
2.7929133858267714
 20
0.8299212598425196
 30
0
 40
0.0068897637795276
  0
CIRCLE
  5
D3B
330
1A
100
AcDbEntity
  8
BLACK
100
AcDbCircle
 10
2.6929133858267718
 20
0.9299212598425196
 30
0
 40
0.0068897637795276
  0
CIRCLE
  5
D3C
330
1A
100
AcDbEntity
  8
BLACK
100
AcDbCircle
 10
2.7929133858267714
 20
0.9299212598425196
 30
0
 40
0.0068897637795276
  0
CIRCLE
  5
D3D
330
1A
100
AcDbEntity
  8
BLACK
100
AcDbCircle
 10
2.6929133858267718
 20
1.0299212598425196
 30
0
 40
0.0068897637795276
  0
CIRCLE
  5
D3E
330
1A
100
AcDbEntity
  8
BLACK
100
AcDbCircle
 10
2.7929133858267714
 20
1.0299212598425196
 30
0
 40
0.0068897637795276
  0
CIRCLE
  5
D3F
330
1A
100
AcDbEntity
  8
BLACK
100
AcDbCircle
 10
2.6929133858267718
 20
1.1299212598425197
 30
0
 40
0.0068897637795276
  0
CIRCLE
  5
D40
330
1A
100
AcDbEntity
  8
BLACK
100
AcDbCircle
 10
2.7929133858267714
 20
1.1299212598425197
 30
0
 40
0.0068897637795276
  0
CIRCLE
  5
D41
330
1A
100
AcDbEntity
  8
BLACK
100
AcDbCircle
 10
2.6929133858267718
 20
1.2299212598425198
 30
0
 40
0.0068897637795276
  0
CIRCLE
  5
D42
330
1A
100
AcDbEntity
  8
BLACK
100
AcDbCircle
 10
2.7929133858267714
 20
1.2299212598425198
 30
0
 40
0.0068897637795276
  0
CIRCLE
  5
D43
330
1A
100
AcDbEntity
  8
BLACK
100
AcDbCircle
 10
2.6929133858267718
 20
1.3299212598425196
 30
0
 40
0.0068897637795276
  0
CIRCLE
  5
D44
330
1A
100
AcDbEntity
  8
BLACK
100
AcDbCircle
 10
2.7929133858267714
 20
1.3299212598425196
 30
0
 40
0.0068897637795276
  0
CIRCLE
  5
D45
330
1A
100
AcDbEntity
  8
BLACK
100
AcDbCircle
 10
0.4043307086614173
 20
0.7059055118110236
 30
0
 40
0.0068897637795276
  0
CIRCLE
  5
D46
330
1A
100
AcDbEntity
  8
BLACK
100
AcDbCircle
 10
0.5043307086614173
 20
0.7059055118110236
 30
0
 40
0.0068897637795276
  0
CIRCLE
  5
D47
330
1A
100
AcDbEntity
  8
BLACK
100
AcDbCircle
 10
0.4
 20
0.4
 30
0
 40
0.0068897637795276
  0
CIRCLE
  5
D48
330
1A
100
AcDbEntity
  8
BLACK
100
AcDbCircle
 10
2.7897637795275592
 20
1.5999999999999999
 30
0
 40
0.0068897637795276
  0
CIRCLE
  5
D49
330
1A
100
AcDbEntity
  8
BLACK
100
AcDbCircle
 10
0.4
 20
1.5999999999999999
 30
0
 40
0.0068897637795276
  0
CIRCLE
  5
D4A
330
1A
100
AcDbEntity
  8
BLACK
100
AcDbCircle
 10
2.512992125984252
 20
0.3937007874015748
 30
0
 40
0.0068897637795276
  0
CIRCLE
  5
D4B
330
1A
100
AcDbEntity
  8
BLACK
100
AcDbCircle
 10
2.512992125984252
 20
0.2937007874015748
 30
0
 40
0.0068897637795276
  0
CIRCLE
  5
D4C
330
1A
100
AcDbEntity
  8
BLACK
100
AcDbCircle
 10
2.4129921259842519
 20
0.3937007874015748
 30
0
 40
0.0068897637795276
  0
CIRCLE
  5
D4D
330
1A
100
AcDbEntity
  8
BLACK
100
AcDbCircle
 10
2.4129921259842519
 20
0.2937007874015748
 30
0
 40
0.0068897637795276
  0
CIRCLE
  5
D4E
330
1A
100
AcDbEntity
  8
BLACK
100
AcDbCircle
 10
2.3129921259842519
 20
0.3937007874015748
 30
0
 40
0.0068897637795276
  0
CIRCLE
  5
D4F
330
1A
100
AcDbEntity
  8
BLACK
100
AcDbCircle
 10
2.3129921259842519
 20
0.2937007874015748
 30
0
 40
0.0068897637795276
  0
CIRCLE
  5
D50
330
1A
100
AcDbEntity
  8
BLACK
100
AcDbCircle
 10
0.4208661417322834
 20
1.1744094488188976
 30
0
 40
0.0068897637795276
  0
CIRCLE
  5
D51
330
1A
100
AcDbEntity
  8
BLACK
100
AcDbCircle
 10
0.3208661417322834
 20
1.2744094488188975
 30
0
 40
0.0068897637795276
  0
CIRCLE
  5
D52
330
1A
100
AcDbEntity
  8
BLACK
100
AcDbCircle
 10
0.3208661417322834
 20
1.0744094488188976
 30
0
 40
0.0068897637795276
  0
CIRCLE
  5
D53
330
1A
100
AcDbEntity
  8
BLACK
100
AcDbCircle
 10
0.5208661417322834
 20
1.2744094488188975
 30
0
 40
0.0068897637795276
  0
CIRCLE
  5
D54
330
1A
100
AcDbEntity
  8
BLACK
100
AcDbCircle
 10
0.5208661417322834
 20
1.0744094488188976
 30
0
 40
0.0068897637795276
  0
CIRCLE
  5
D55
330
1A
100
AcDbEntity
  8
BLACK
100
AcDbCircle
 10
2.7897637795275592
 20
0.4
 30
0
 40
0.0068897637795276
  0
CIRCLE
  5
D56
330
1A
100
AcDbEntity
  8
BLACK
100
AcDbCircle
 10
2.6929133858267718
 20
0.6299212598425197
 30
0
 40
0.0068897637795276
  0
CIRCLE
  5
D57
330
1A
100
AcDbEntity
  8
BLACK
100
AcDbCircle
 10
2.7929133858267714
 20
0.6299212598425197
 30
0
 40
0.0068897637795276
  0
CIRCLE
  5
D58
330
1A
100
AcDbEntity
  8
BLACK
100
AcDbCircle
 10
2.6929133858267718
 20
0.7299212598425197
 30
0
 40
0.0068897637795276
  0
CIRCLE
  5
D59
330
1A
100
AcDbEntity
  8
BLACK
100
AcDbCircle
 10
2.7929133858267714
 20
0.7299212598425197
 30
0
 40
0.0068897637795276
  0
CIRCLE
  5
D5A
330
1A
100
AcDbEntity
  8
BLACK
100
AcDbCircle
 10
2.6929133858267718
 20
0.8299212598425196
 30
0
 40
0.0068897637795276
  0
CIRCLE
  5
D5B
330
1A
100
AcDbEntity
  8
BLACK
100
AcDbCircle
 10
2.7929133858267714
 20
0.8299212598425196
 30
0
 40
0.0068897637795276
  0
CIRCLE
  5
D5C
330
1A
100
AcDbEntity
  8
BLACK
100
AcDbCircle
 10
2.6929133858267718
 20
0.9299212598425196
 30
0
 40
0.0068897637795276
  0
CIRCLE
  5
D5D
330
1A
100
AcDbEntity
  8
BLACK
100
AcDbCircle
 10
2.7929133858267714
 20
0.9299212598425196
 30
0
 40
0.0068897637795276
  0
CIRCLE
  5
D5E
330
1A
100
AcDbEntity
  8
BLACK
100
AcDbCircle
 10
2.6929133858267718
 20
1.0299212598425196
 30
0
 40
0.0068897637795276
  0
CIRCLE
  5
D5F
330
1A
100
AcDbEntity
  8
BLACK
100
AcDbCircle
 10
2.7929133858267714
 20
1.0299212598425196
 30
0
 40
0.0068897637795276
  0
CIRCLE
  5
D60
330
1A
100
AcDbEntity
  8
BLACK
100
AcDbCircle
 10
2.6929133858267718
 20
1.1299212598425197
 30
0
 40
0.0068897637795276
  0
CIRCLE
  5
D61
330
1A
100
AcDbEntity
  8
BLACK
100
AcDbCircle
 10
2.7929133858267714
 20
1.1299212598425197
 30
0
 40
0.0068897637795276
  0
CIRCLE
  5
D62
330
1A
100
AcDbEntity
  8
BLACK
100
AcDbCircle
 10
2.6929133858267718
 20
1.2299212598425198
 30
0
 40
0.0068897637795276
  0
CIRCLE
  5
D63
330
1A
100
AcDbEntity
  8
BLACK
100
AcDbCircle
 10
2.7929133858267714
 20
1.2299212598425198
 30
0
 40
0.0068897637795276
  0
CIRCLE
  5
D64
330
1A
100
AcDbEntity
  8
BLACK
100
AcDbCircle
 10
2.6929133858267718
 20
1.3299212598425196
 30
0
 40
0.0068897637795276
  0
CIRCLE
  5
D65
330
1A
100
AcDbEntity
  8
BLACK
100
AcDbCircle
 10
2.7929133858267714
 20
1.3299212598425196
 30
0
 40
0.0068897637795276
  0
CIRCLE
  5
D66
330
1A
100
AcDbEntity
  8
BLACK
100
AcDbCircle
 10
0.4043307086614173
 20
0.7059055118110236
 30
0
 40
0.0068897637795276
  0
CIRCLE
  5
D67
330
1A
100
AcDbEntity
  8
BLACK
100
AcDbCircle
 10
0.5043307086614173
 20
0.7059055118110236
 30
0
 40
0.0068897637795276
  0
ENDSEC
  0
SECTION
  2
OBJECTS
  0
DICTIONARY
  5
20
330
0
100
AcDbDictionary
281
1
  3
ACAD_GROUP
350
D68
  3
ACAD_LAYOUT
350
21
  3
ACAD_PLOTSTYLENAME
350
11
  0
DICTIONARY
  5
D68
330
20
100
AcDbDictionary
281
1
  0
ACDBDICTIONARYWDFLT
  5
11
330
20
100
AcDbDictionary
281
1
  3
Normal
350
10
100
AcDbDictionaryWithDefault
340
10
  0
ACDBPLACEHOLDER
  5
10
330
11
  0
DICTIONARY
  5
21
330
20
100
AcDbDictionary
281
1
  3
Model
350
1D
  3
Layout1
350
1E
  3
Layout2
350
1F
  0
LAYOUT
  5
1D
330
21
100
AcDbPlotSettings
  1

  2
none_device
  4
A3
  6

 40
0.0
 41
0.0
 42
0.0
 43
0.0
 44
420.0
 45
297.0
 46
0.0
 47
0.0
 48
0.0
 49
0.0
140
0.0
141
0.0
142
1.0
143
1.0
 70
1024
 72
1
 73
0
 74
5
  7

 75
16
 76
0
 77
2
 78
300
147
1.0
148
0.0
149
0.0
100
AcDbLayout
  1
Model
 70
1
 71
0
 10
0.0
 20
0.0
 11
420.0
 21
297.0
 12
0.0
 22
0.0
 32
0.0
 14
1e+20
 24
1e+20
 34
1e+20
 15
-1e+20
 25
-1e+20
 35
-1e+20
146
0.0
 13
0.0
 23
0.0
 33
0.0
 16
1.0
 26
0.0
 36
0.0
 17
0.0
 27
1.0
 37
0.0
 76
0
330
1A
  0
LAYOUT
  5
1E
330
21
100
AcDbPlotSettings
  1

  2
none_device
  4
A3
  6

 40
0.0
 41
0.0
 42
0.0
 43
0.0
 44
420.0
 45
297.0
 46
0.0
 47
0.0
 48
0.0
 49
0.0
140
0.0
141
0.0
142
1.0
143
1.0
 70
0
 72
1
 73
0
 74
5
  7

 75
16
 76
0
 77
2
 78
300
147
1.0
148
0.0
149
0.0
100
AcDbLayout
  1
Layout1
 70
1
 71
1
 10
0.0
 20
0.0
 11
420.0
 21
297.0
 12
0.0
 22
0.0
 32
0.0
 14
1e+20
 24
1e+20
 34
1e+20
 15
-1e+20
 25
-1e+20
 35
-1e+20
146
0.0
 13
0.0
 23
0.0
 33
0.0
 16
1.0
 26
0.0
 36
0.0
 17
0.0
 27
1.0
 37
0.0
 76
0
330
1B
  0
LAYOUT
  5
1F
330
21
100
AcDbPlotSettings
  1

  2
none_device
  4
A3
  6

 40
0.0
 41
0.0
 42
0.0
 43
0.0
 44
420.0
 45
297.0
 46
0.0
 47
0.0
 48
0.0
 49
0.0
140
0.0
141
0.0
142
1.0
143
1.0
 70
0
 72
1
 73
0
 74
5
  7

 75
16
 76
0
 77
2
 78
300
147
1.0
148
0.0
149
0.0
100
AcDbLayout
  1
Layout2
 70
1
 71
2
 10
0.0
 20
0.0
 11
420.0
 21
297.0
 12
0.0
 22
0.0
 32
0.0
 14
1e+20
 24
1e+20
 34
1e+20
 15
-1e+20
 25
-1e+20
 35
-1e+20
146
0.0
 13
0.0
 23
0.0
 33
0.0
 16
1.0
 26
0.0
 36
0.0
 17
0.0
 27
1.0
 37
0.0
 76
0
330
1C
  0
ENDSEC
  0
EOF
