  0
SECTION
  2
HEADER
  9
$ACADVER
  1
AC1018
  9
$HANDSEED
  5
FFFFFFFF
  9
$ANGBASE
  50
0.0
  9
$ANGDIR
  70
1
  9
$MEASUREMENT
  70
0
  9
$INSUNITS
  70
1
  0
ENDSEC
  0
SECTION
  2
TABLES
  0
TABLE
  2
APPID
  5
1
330
0
100
AcDbSymbolTable
 70
1
  0
APPID
  5
2
330
1
100
AcDbSymbolTableRecord
100
AcDbRegAppTableRecord
  2
ACAD
 70
0
  0
ENDTAB
  0
TABLE
  2
LTYPE
  5
3
330
0
100
AcDbSymbolTable
 70
6
  0
LTYPE
  5
4
330
3
100
AcDbSymbolTableRecord
100
AcDbLinetypeTableRecord
  2
ByBlock
 70
0
  3

 72
65
 73
0
 40
0
  0
LTYPE
  5
5
330
3
100
AcDbSymbolTableRecord
100
AcDbLinetypeTableRecord
  2
ByLayer
 70
0
  3

 72
65
 73
0
 40
0
  0
LTYPE
  5
6
330
3
100
AcDbSymbolTableRecord
100
AcDbLinetypeTableRecord
  2
CONTINUOUS
 70
0
  3
Solid line
 72
65
 73
0
 40
0
  0
LTYPE
  5
7
330
3
100
AcDbSymbolTableRecord
100
AcDbLinetypeTableRecord
  2
DASHDOT
 70
0
  3
Dash Dot ____ _ ____ _
 72
65
 73
4
 40
2
 49
1.25
 74
0
 49
-0.25
 74
0
 49
0.25
 74
0
 49
-0.25
 74
0
  0
LTYPE
  5
8
330
3
100
AcDbSymbolTableRecord
100
AcDbLinetypeTableRecord
  2
DASHED
 70
0
  3
Dashed __ __ __ __ __
 72
65
 73
2
 40
0.75
 49
0.5
 74
0
 49
-0.25
 74
0
  0
LTYPE
  5
9
330
3
100
AcDbSymbolTableRecord
100
AcDbLinetypeTableRecord
  2
DOTTED
 70
0
  3
Dotted .  .  .  .
 72
65
 73
2
 40
0.2
 49
0.0
 74
0
 49
-0.2
 74
0
  0
ENDTAB
  0
TABLE
  2
STYLE
  5
A
330
0
100
AcDbSymbolTable
 70
4
  0
STYLE
  5
B
330
A
100
AcDbSymbolTableRecord
100
AcDbTextStyleTableRecord
  2
KICAD
 70
0
 40
0
 41
1
 42
1
 50
0
 71
0
  3
isocp.shx
  0
STYLE
  5
C
330
A
100
AcDbSymbolTableRecord
100
AcDbTextStyleTableRecord
  2
KICADB
 70
0
 40
0
 41
1
 42
1
 50
0
 71
0
  3
isocp.shx
  0
STYLE
  5
D
330
A
100
AcDbSymbolTableRecord
100
AcDbTextStyleTableRecord
  2
KICADI
 70
0
 40
0
 41
1
 42
1
 50
15
 71
0
  3
isocp.shx
  0
STYLE
  5
E
330
A
100
AcDbSymbolTableRecord
100
AcDbTextStyleTableRecord
  2
KICADBI
 70
0
 40
0
 41
1
 42
1
 50
15
 71
0
  3
isocp.shx
  0
ENDTAB
  0
TABLE
  2
LAYER
  5
F
330
0
100
AcDbSymbolTable
 70
2
  0
LAYER
  5
12
330
F
100
AcDbSymbolTableRecord
100
AcDbLayerTableRecord
  2
0
 70
0
 62
7
  6
CONTINUOUS
390
10
  0
LAYER
  5
13
330
F
100
AcDbSymbolTableRecord
100
AcDbLayerTableRecord
  2
BLACK
 70
0
 62
250
  6
CONTINUOUS
390
10
  0
ENDTAB
  0
TABLE
  2
VPORT
  5
14
330
0
100
AcDbSymbolTable
 70
0
  0
ENDTAB
  0
TABLE
  2
VIEW
  5
15
330
0
100
AcDbSymbolTable
 70
0
  0
ENDTAB
  0
TABLE
  2
UCS
  5
16
330
0
100
AcDbSymbolTable
 70
0
  0
ENDTAB
  0
TABLE
  2
DIMSTYLE
  5
17
330
0
100
AcDbSymbolTable
 70
1
100
AcDbDimStyleTable
 71
0
  0
DIMSTYLE
105
18
330
17
100
AcDbSymbolTableRecord
100
AcDbDimStyleTableRecord
  2
Standard
 70
0
  0
ENDTAB
  0
TABLE
  2
BLOCK_RECORD
  5
19
330
0
100
AcDbSymbolTable
 70
3
  0
BLOCK_RECORD
  5
1A
330
19
100
AcDbSymbolTableRecord
100
AcDbBlockTableRecord
  2
*Model_Space
340
1D
 70
0
280
1
281
0
  0
BLOCK_RECORD
  5
1B
330
19
100
AcDbSymbolTableRecord
100
AcDbBlockTableRecord
  2
*Paper_Space
340
1E
 70
0
280
1
281
0
  0
BLOCK_RECORD
  5
1C
330
19
100
AcDbSymbolTableRecord
100
AcDbBlockTableRecord
  2
*Paper_Space0
340
1F
 70
0
280
1
281
0
  0
ENDTAB
  0
ENDSEC
  0
SECTION
  2
BLOCKS
  0
BLOCK
  5
23
330
1A
100
AcDbEntity
  8
0
100
AcDbBlockBegin
  2
*Model_Space
 70
0
 10
0.0
 20
0.0
 30
0.0
  3
*Model_Space
  1

  0
ENDBLK
  5
22
330
1A
100
AcDbEntity
  8
0
100
AcDbBlockEnd
  0
BLOCK
  5
25
330
1B
100
AcDbEntity
 67
1
  8
0
100
AcDbBlockBegin
  2
*Paper_Space
 70
0
 10
0.0
 20
0.0
 30
0.0
  3
*Paper_Space
  1

  0
ENDBLK
  5
24
330
1B
100
AcDbEntity
 67
1
  8
0
100
AcDbBlockEnd
  0
BLOCK
  5
27
330
1C
100
AcDbEntity
 67
1
  8
0
100
AcDbBlockBegin
  2
*Paper_Space0
 70
0
 10
0.0
 20
0.0
 30
0.0
  3
*Paper_Space0
  1

  0
ENDBLK
  5
26
330
1C
100
AcDbEntity
 67
1
  8
0
100
AcDbBlockEnd
  0
ENDSEC
  0
SECTION
  2
ENTITIES
  0
LINE
  5
28
330
1A
100
AcDbEntity
  8
BLACK
  6
CONTINUOUS
100
AcDbLine
 10
2.1748615354330707
 20
0.6273704724409449
 30
0
 11
2.178421850393701
 21
0.6253149212598426
 31
0
  0
LINE
  5
29
330
1A
100
AcDbEntity
  8
BLACK
  6
CONTINUOUS
100
AcDbLine
 10
2.178421850393701
 20
0.6253149212598426
 30
0
 11
2.1813287795275591
 21
0.6224079921259842
 31
0
  0
LINE
  5
2A
330
1A
100
AcDbEntity
  8
BLACK
  6
CONTINUOUS
100
AcDbLine
 10
2.1813287795275591
 20
0.6224079921259842
 30
0
 11
2.1817494094488188
 21
0.6216794488188976
 31
0
  0
LINE
  5
2B
330
1A
100
AcDbEntity
  8
BLACK
  6
CONTINUOUS
100
AcDbLine
 10
2.1817494094488188
 20
0.6216794488188976
 30
0
 11
2.2462339370078741
 21
0.6216794488188976
 31
0
  0
LINE
  5
2C
330
1A
100
AcDbEntity
  8
BLACK
  6
CONTINUOUS
100
AcDbLine
 10
2.2462339370078741
 20
0.6216794488188976
 30
0
 11
2.247962086614173
 21
0.6215092519685039
 31
0
  0
LINE
  5
2D
330
1A
100
AcDbEntity
  8
BLACK
  6
CONTINUOUS
100
AcDbLine
 10
2.247962086614173
 20
0.6215092519685039
 30
0
 11
2.2479621259842517
 21
0.6215092519685039
 31
0
  0
LINE
  5
2E
330
1A
100
AcDbEntity
  8
BLACK
  6
CONTINUOUS
100
AcDbLine
 10
2.2479621259842517
 20
0.6215092519685039
 30
0
 11
2.2511553543307086
 21
0.6201865748031495
 31
0
  0
LINE
  5
2F
330
1A
100
AcDbEntity
  8
BLACK
  6
CONTINUOUS
100
AcDbLine
 10
2.2511553543307086
 20
0.6201865748031495
 30
0
 11
2.2524976771653544
 21
0.6190849212598425
 31
0
  0
LINE
  5
30
330
1A
100
AcDbEntity
  8
BLACK
  6
CONTINUOUS
100
AcDbLine
 10
2.2524976771653544
 20
0.6190849212598425
 30
0
 11
2.4212243700787401
 21
0.4503582283464567
 31
0
  0
LINE
  5
31
330
1A
100
AcDbEntity
  8
BLACK
  6
CONTINUOUS
100
AcDbLine
 10
2.4212243700787401
 20
0.4503582283464567
 30
0
 11
2.4223260236220474
 21
0.449015905511811
 31
0
  0
LINE
  5
32
330
1A
100
AcDbEntity
  8
BLACK
  6
CONTINUOUS
100
AcDbLine
 10
2.4223260236220474
 20
0.449015905511811
 30
0
 11
2.4232190944881888
 21
0.4468598818897638
 31
0
  0
LINE
  5
33
330
1A
100
AcDbEntity
  8
BLACK
  6
CONTINUOUS
100
AcDbLine
 10
2.4232190944881888
 20
0.4468598818897638
 30
0
 11
2.4236487007874015
 21
0.4458226377952756
 31
0
  0
LINE
  5
34
330
1A
100
AcDbEntity
  8
BLACK
  6
CONTINUOUS
100
AcDbLine
 10
2.4236487007874015
 20
0.4458226377952756
 30
0
 11
2.423818897637795
 21
0.4440944881889763
 31
0
  0
LINE
  5
35
330
1A
100
AcDbEntity
  8
BLACK
  6
CONTINUOUS
100
AcDbLine
 10
2.423818897637795
 20
0.4440944881889763
 30
0
 11
2.423818897637795
 21
0.4237007874015748
 31
0
  0
LINE
  5
36
330
1A
100
AcDbEntity
  8
BLACK
  6
CONTINUOUS
100
AcDbLine
 10
2.423818897637795
 20
0.4237007874015748
 30
0
 11
2.4429921259842518
 21
0.4237007874015748
 31
0
  0
LINE
  5
37
330
1A
100
AcDbEntity
  8
BLACK
  6
CONTINUOUS
100
AcDbLine
 10
2.4429921259842518
 20
0.4237007874015748
 30
0
 11
2.4429921259842518
 21
0.3637007874015748
 31
0
  0
LINE
  5
38
330
1A
100
AcDbEntity
  8
BLACK
  6
CONTINUOUS
100
AcDbLine
 10
2.4429921259842518
 20
0.3637007874015748
 30
0
 11
2.423818897637795
 21
0.3637007874015748
 31
0
  0
LINE
  5
39
330
1A
100
AcDbEntity
  8
BLACK
  6
CONTINUOUS
100
AcDbLine
 10
2.423818897637795
 20
0.3637007874015748
 30
0
 11
2.423818897637795
 21
0.3237007874015748
 31
0
  0
LINE
  5
3A
330
1A
100
AcDbEntity
  8
BLACK
  6
CONTINUOUS
100
AcDbLine
 10
2.423818897637795
 20
0.3237007874015748
 30
0
 11
2.4429921259842518
 21
0.3237007874015748
 31
0
  0
LINE
  5
3B
330
1A
100
AcDbEntity
  8
BLACK
  6
CONTINUOUS
100
AcDbLine
 10
2.4429921259842518
 20
0.3237007874015748
 30
0
 11
2.4429921259842518
 21
0.2637007874015748
 31
0
  0
LINE
  5
3C
330
1A
100
AcDbEntity
  8
BLACK
  6
CONTINUOUS
100
AcDbLine
 10
2.4429921259842518
 20
0.2637007874015748
 30
0
 11
2.3829921259842517
 21
0.2637007874015748
 31
0
  0
LINE
  5
3D
330
1A
100
AcDbEntity
  8
BLACK
  6
CONTINUOUS
100
AcDbLine
 10
2.3829921259842517
 20
0.2637007874015748
 30
0
 11
2.3829921259842517
 21
0.3237007874015748
 31
0
  0
LINE
  5
3E
330
1A
100
AcDbEntity
  8
BLACK
  6
CONTINUOUS
100
AcDbLine
 10
2.3829921259842517
 20
0.3237007874015748
 30
0
 11
2.4061023622047242
 21
0.3237007874015748
 31
0
  0
LINE
  5
3F
330
1A
100
AcDbEntity
  8
BLACK
  6
CONTINUOUS
100
AcDbLine
 10
2.4061023622047242
 20
0.3237007874015748
 30
0
 11
2.4061023622047242
 21
0.3637007874015748
 31
0
  0
LINE
  5
40
330
1A
100
AcDbEntity
  8
BLACK
  6
CONTINUOUS
100
AcDbLine
 10
2.4061023622047242
 20
0.3637007874015748
 30
0
 11
2.3829921259842517
 21
0.3637007874015748
 31
0
  0
LINE
  5
41
330
1A
100
AcDbEntity
  8
BLACK
  6
CONTINUOUS
100
AcDbLine
 10
2.3829921259842517
 20
0.3637007874015748
 30
0
 11
2.3829921259842517
 21
0.4237007874015748
 31
0
  0
LINE
  5
42
330
1A
100
AcDbEntity
  8
BLACK
  6
CONTINUOUS
100
AcDbLine
 10
2.3829921259842517
 20
0.4237007874015748
 30
0
 11
2.4061023622047242
 21
0.4237007874015748
 31
0
  0
LINE
  5
43
330
1A
100
AcDbEntity
  8
BLACK
  6
CONTINUOUS
100
AcDbLine
 10
2.4061023622047242
 20
0.4237007874015748
 30
0
 11
2.4061023622047242
 21
0.4404252755905512
 31
0
  0
LINE
  5
44
330
1A
100
AcDbEntity
  8
BLACK
  6
CONTINUOUS
100
AcDbLine
 10
2.4061023622047242
 20
0.4404252755905512
 30
0
 11
2.2425647244094487
 21
0.6039629133858267
 31
0
  0
LINE
  5
45
330
1A
100
AcDbEntity
  8
BLACK
  6
CONTINUOUS
100
AcDbLine
 10
2.2425647244094487
 20
0.6039629133858267
 30
0
 11
2.1817494094488188
 21
0.6039629133858267
 31
0
  0
LINE
  5
46
330
1A
100
AcDbEntity
  8
BLACK
  6
CONTINUOUS
100
AcDbLine
 10
2.1817494094488188
 20
0.6039629133858267
 30
0
 11
2.1813287795275591
 21
0.6032343700787401
 31
0
  0
LINE
  5
47
330
1A
100
AcDbEntity
  8
BLACK
  6
CONTINUOUS
100
AcDbLine
 10
2.1813287795275591
 20
0.6032343700787401
 30
0
 11
2.178421850393701
 21
0.6003274409448819
 31
0
  0
LINE
  5
48
330
1A
100
AcDbEntity
  8
BLACK
  6
CONTINUOUS
100
AcDbLine
 10
2.178421850393701
 20
0.6003274409448819
 30
0
 11
2.1748615354330707
 21
0.5982718897637795
 31
0
  0
LINE
  5
49
330
1A
100
AcDbEntity
  8
BLACK
  6
CONTINUOUS
100
AcDbLine
 10
2.1748615354330707
 20
0.5982718897637795
 30
0
 11
2.1708905511811025
 21
0.597207874015748
 31
0
  0
LINE
  5
4A
330
1A
100
AcDbEntity
  8
BLACK
  6
CONTINUOUS
100
AcDbLine
 10
2.1708905511811025
 20
0.597207874015748
 30
0
 11
2.1667795275590551
 21
0.597207874015748
 31
0
  0
LINE
  5
4B
330
1A
100
AcDbEntity
  8
BLACK
  6
CONTINUOUS
100
AcDbLine
 10
2.1667795275590551
 20
0.597207874015748
 30
0
 11
2.1628085433070865
 21
0.5982718897637795
 31
0
  0
LINE
  5
4C
330
1A
100
AcDbEntity
  8
BLACK
  6
CONTINUOUS
100
AcDbLine
 10
2.1628085433070865
 20
0.5982718897637795
 30
0
 11
2.1597705118110238
 21
0.600025905511811
 31
0
  0
LINE
  5
4D
330
1A
100
AcDbEntity
  8
BLACK
  6
CONTINUOUS
100
AcDbLine
 10
2.1597705118110238
 20
0.600025905511811
 30
0
 11
2.1069462598425197
 21
0.600025905511811
 31
0
  0
LINE
  5
4E
330
1A
100
AcDbEntity
  8
BLACK
  6
CONTINUOUS
100
AcDbLine
 10
2.1069462598425197
 20
0.600025905511811
 30
0
 11
2.1065256299212596
 21
0.5992973622047244
 31
0
  0
LINE
  5
4F
330
1A
100
AcDbEntity
  8
BLACK
  6
CONTINUOUS
100
AcDbLine
 10
2.1065256299212596
 20
0.5992973622047244
 30
0
 11
2.1036187007874014
 21
0.5963904330708661
 31
0
  0
LINE
  5
50
330
1A
100
AcDbEntity
  8
BLACK
  6
CONTINUOUS
100
AcDbLine
 10
2.1036187007874014
 20
0.5963904330708661
 30
0
 11
2.1000583858267716
 21
0.5943348818897638
 31
0
  0
LINE
  5
51
330
1A
100
AcDbEntity
  8
BLACK
  6
CONTINUOUS
100
AcDbLine
 10
2.1000583858267716
 20
0.5943348818897638
 30
0
 11
2.096087401574803
 21
0.5932708661417323
 31
0
  0
LINE
  5
52
330
1A
100
AcDbEntity
  8
BLACK
  6
CONTINUOUS
100
AcDbLine
 10
2.096087401574803
 20
0.5932708661417323
 30
0
 11
2.091976377952756
 21
0.5932708661417323
 31
0
  0
LINE
  5
53
330
1A
100
AcDbEntity
  8
BLACK
  6
CONTINUOUS
100
AcDbLine
 10
2.091976377952756
 20
0.5932708661417323
 30
0
 11
2.0880053937007874
 21
0.5943348818897638
 31
0
  0
LINE
  5
54
330
1A
100
AcDbEntity
  8
BLACK
  6
CONTINUOUS
100
AcDbLine
 10
2.0880053937007874
 20
0.5943348818897638
 30
0
 11
2.0844450787401576
 21
0.5963904330708661
 31
0
  0
LINE
  5
55
330
1A
100
AcDbEntity
  8
BLACK
  6
CONTINUOUS
100
AcDbLine
 10
2.0844450787401576
 20
0.5963904330708661
 30
0
 11
2.081538149606299
 21
0.5992973622047244
 31
0
  0
LINE
  5
56
330
1A
100
AcDbEntity
  8
BLACK
  6
CONTINUOUS
100
AcDbLine
 10
2.081538149606299
 20
0.5992973622047244
 30
0
 11
2.079482598425197
 21
0.6028576771653543
 31
0
  0
LINE
  5
57
330
1A
100
AcDbEntity
  8
BLACK
  6
CONTINUOUS
100
AcDbLine
 10
2.079482598425197
 20
0.6028576771653543
 30
0
 11
2.0784185826771653
 21
0.6068286614173228
 31
0
  0
LINE
  5
58
330
1A
100
AcDbEntity
  8
BLACK
  6
CONTINUOUS
100
AcDbLine
 10
2.0784185826771653
 20
0.6068286614173228
 30
0
 11
2.0784185826771653
 21
0.61093968503937
 31
0
  0
LINE
  5
59
330
1A
100
AcDbEntity
  8
BLACK
  6
CONTINUOUS
100
AcDbLine
 10
2.0784185826771653
 20
0.61093968503937
 30
0
 11
2.079482598425197
 21
0.6149106692913385
 31
0
  0
LINE
  5
5A
330
1A
100
AcDbEntity
  8
BLACK
  6
CONTINUOUS
100
AcDbLine
 10
2.079482598425197
 20
0.6149106692913385
 30
0
 11
2.081538149606299
 21
0.6184709842519684
 31
0
  0
LINE
  5
5B
330
1A
100
AcDbEntity
  8
BLACK
  6
CONTINUOUS
100
AcDbLine
 10
2.081538149606299
 20
0.6184709842519684
 30
0
 11
2.0844450787401576
 21
0.6213779133858267
 31
0
  0
LINE
  5
5C
330
1A
100
AcDbEntity
  8
BLACK
  6
CONTINUOUS
100
AcDbLine
 10
2.0844450787401576
 20
0.6213779133858267
 30
0
 11
2.0880053937007874
 21
0.6234334645669292
 31
0
  0
LINE
  5
5D
330
1A
100
AcDbEntity
  8
BLACK
  6
CONTINUOUS
100
AcDbLine
 10
2.0880053937007874
 20
0.6234334645669292
 30
0
 11
2.091976377952756
 21
0.6244974803149607
 31
0
  0
LINE
  5
5E
330
1A
100
AcDbEntity
  8
BLACK
  6
CONTINUOUS
100
AcDbLine
 10
2.091976377952756
 20
0.6244974803149607
 30
0
 11
2.096087401574803
 21
0.6244974803149607
 31
0
  0
LINE
  5
5F
330
1A
100
AcDbEntity
  8
BLACK
  6
CONTINUOUS
100
AcDbLine
 10
2.096087401574803
 20
0.6244974803149607
 30
0
 11
2.1000583858267716
 21
0.6234334645669292
 31
0
  0
LINE
  5
60
330
1A
100
AcDbEntity
  8
BLACK
  6
CONTINUOUS
100
AcDbLine
 10
2.1000583858267716
 20
0.6234334645669292
 30
0
 11
2.1036187007874014
 21
0.6213779133858267
 31
0
  0
LINE
  5
61
330
1A
100
AcDbEntity
  8
BLACK
  6
CONTINUOUS
100
AcDbLine
 10
2.1036187007874014
 20
0.6213779133858267
 30
0
 11
2.1065256299212596
 21
0.6184709842519684
 31
0
  0
LINE
  5
62
330
1A
100
AcDbEntity
  8
BLACK
  6
CONTINUOUS
100
AcDbLine
 10
2.1065256299212596
 20
0.6184709842519684
 30
0
 11
2.1069462598425197
 21
0.6177424409448818
 31
0
  0
LINE
  5
63
330
1A
100
AcDbEntity
  8
BLACK
  6
CONTINUOUS
100
AcDbLine
 10
2.1069462598425197
 20
0.6177424409448818
 30
0
 11
2.1539896062992128
 21
0.6177424409448818
 31
0
  0
LINE
  5
64
330
1A
100
AcDbEntity
  8
BLACK
  6
CONTINUOUS
100
AcDbLine
 10
2.1539896062992128
 20
0.6177424409448818
 30
0
 11
2.1542857480314961
 21
0.6188476771653543
 31
0
  0
LINE
  5
65
330
1A
100
AcDbEntity
  8
BLACK
  6
CONTINUOUS
100
AcDbLine
 10
2.1542857480314961
 20
0.6188476771653543
 30
0
 11
2.1563412992125985
 21
0.6224079921259842
 31
0
  0
LINE
  5
66
330
1A
100
AcDbEntity
  8
BLACK
  6
CONTINUOUS
100
AcDbLine
 10
2.1563412992125985
 20
0.6224079921259842
 30
0
 11
2.1592482283464567
 21
0.6253149212598426
 31
0
  0
LINE
  5
67
330
1A
100
AcDbEntity
  8
BLACK
  6
CONTINUOUS
100
AcDbLine
 10
2.1592482283464567
 20
0.6253149212598426
 30
0
 11
2.1628085433070865
 21
0.6273704724409449
 31
0
  0
LINE
  5
68
330
1A
100
AcDbEntity
  8
BLACK
  6
CONTINUOUS
100
AcDbLine
 10
2.1628085433070865
 20
0.6273704724409449
 30
0
 11
2.1667795275590551
 21
0.6284344881889764
 31
0
  0
LINE
  5
69
330
1A
100
AcDbEntity
  8
BLACK
  6
CONTINUOUS
100
AcDbLine
 10
2.1667795275590551
 20
0.6284344881889764
 30
0
 11
2.1708905511811025
 21
0.6284344881889764
 31
0
  0
LINE
  5
6A
330
1A
100
AcDbEntity
  8
BLACK
  6
CONTINUOUS
100
AcDbLine
 10
2.1708905511811025
 20
0.6284344881889764
 30
0
 11
2.1748615354330707
 21
0.6273704724409449
 31
0
  0
LINE
  5
6B
330
1A
100
AcDbEntity
  8
BLACK
  6
CONTINUOUS
100
AcDbLine
 10
2.3138379133858269
 20
0.8037484251968504
 30
0
 11
2.3173982283464567
 21
0.801692874015748
 31
0
  0
LINE
  5
6C
330
1A
100
AcDbEntity
  8
BLACK
  6
CONTINUOUS
100
AcDbLine
 10
2.3173982283464567
 20
0.801692874015748
 30
0
 11
2.3203051574803149
 21
0.7987859448818897
 31
0
  0
LINE
  5
6D
330
1A
100
AcDbEntity
  8
BLACK
  6
CONTINUOUS
100
AcDbLine
 10
2.3203051574803149
 20
0.7987859448818897
 30
0
 11
2.3223607086614173
 21
0.7952256299212598
 31
0
  0
LINE
  5
6E
330
1A
100
AcDbEntity
  8
BLACK
  6
CONTINUOUS
100
AcDbLine
 10
2.3223607086614173
 20
0.7952256299212598
 30
0
 11
2.3234247244094486
 21
0.7912546456692913
 31
0
  0
LINE
  5
6F
330
1A
100
AcDbEntity
  8
BLACK
  6
CONTINUOUS
100
AcDbLine
 10
2.3234247244094486
 20
0.7912546456692913
 30
0
 11
2.3234247244094486
 21
0.7871436220472441
 31
0
  0
LINE
  5
70
330
1A
100
AcDbEntity
  8
BLACK
  6
CONTINUOUS
100
AcDbLine
 10
2.3234247244094486
 20
0.7871436220472441
 30
0
 11
2.3223607086614173
 21
0.7831726377952756
 31
0
  0
LINE
  5
71
330
1A
100
AcDbEntity
  8
BLACK
  6
CONTINUOUS
100
AcDbLine
 10
2.3223607086614173
 20
0.7831726377952756
 30
0
 11
2.3203051574803149
 21
0.7796123228346457
 31
0
  0
LINE
  5
72
330
1A
100
AcDbEntity
  8
BLACK
  6
CONTINUOUS
100
AcDbLine
 10
2.3203051574803149
 20
0.7796123228346457
 30
0
 11
2.3173982283464567
 21
0.7767053937007874
 31
0
  0
LINE
  5
73
330
1A
100
AcDbEntity
  8
BLACK
  6
CONTINUOUS
100
AcDbLine
 10
2.3173982283464567
 20
0.7767053937007874
 30
0
 11
2.3166696850393702
 21
0.7762848031496062
 31
0
  0
LINE
  5
74
330
1A
100
AcDbEntity
  8
BLACK
  6
CONTINUOUS
100
AcDbLine
 10
2.3166696850393702
 20
0.7762848031496062
 30
0
 11
2.3166696850393702
 21
0.7545534645669291
 31
0
  0
LINE
  5
75
330
1A
100
AcDbEntity
  8
BLACK
  6
CONTINUOUS
100
AcDbLine
 10
2.3166696850393702
 20
0.7545534645669291
 30
0
 11
2.3164994881889762
 21
0.7528253149606299
 31
0
  0
LINE
  5
76
330
1A
100
AcDbEntity
  8
BLACK
  6
CONTINUOUS
100
AcDbLine
 10
2.3164994881889762
 20
0.7528253149606299
 30
0
 11
2.3164994881889762
 21
0.7528252755905511
 31
0
  0
LINE
  5
77
330
1A
100
AcDbEntity
  8
BLACK
  6
CONTINUOUS
100
AcDbLine
 10
2.3164994881889762
 20
0.7528252755905511
 30
0
 11
2.3151768110236222
 21
0.7496320472440945
 31
0
  0
LINE
  5
78
330
1A
100
AcDbEntity
  8
BLACK
  6
CONTINUOUS
100
AcDbLine
 10
2.3151768110236222
 20
0.7496320472440945
 30
0
 11
2.3140751574803149
 21
0.7482897244094489
 31
0
  0
LINE
  5
79
330
1A
100
AcDbEntity
  8
BLACK
  6
CONTINUOUS
100
AcDbLine
 10
2.3140751574803149
 20
0.7482897244094489
 30
0
 11
2.2330494881889762
 21
0.6672640944881889
 31
0
  0
LINE
  5
7A
330
1A
100
AcDbEntity
  8
BLACK
  6
CONTINUOUS
100
AcDbLine
 10
2.2330494881889762
 20
0.6672640944881889
 30
0
 11
2.2332672440944883
 21
0.6664514960629921
 31
0
  0
LINE
  5
7B
330
1A
100
AcDbEntity
  8
BLACK
  6
CONTINUOUS
100
AcDbLine
 10
2.2332672440944883
 20
0.6664514960629921
 30
0
 11
2.2332672440944883
 21
0.6623404724409448
 31
0
  0
LINE
  5
7C
330
1A
100
AcDbEntity
  8
BLACK
  6
CONTINUOUS
100
AcDbLine
 10
2.2332672440944883
 20
0.6623404724409448
 30
0
 11
2.2322032283464566
 21
0.6583694881889763
 31
0
  0
LINE
  5
7D
330
1A
100
AcDbEntity
  8
BLACK
  6
CONTINUOUS
100
AcDbLine
 10
2.2322032283464566
 20
0.6583694881889763
 30
0
 11
2.2301476771653541
 21
0.6548091732283464
 31
0
  0
LINE
  5
7E
330
1A
100
AcDbEntity
  8
BLACK
  6
CONTINUOUS
100
AcDbLine
 10
2.2301476771653541
 20
0.6548091732283464
 30
0
 11
2.227240748031496
 21
0.6519022440944882
 31
0
  0
LINE
  5
7F
330
1A
100
AcDbEntity
  8
BLACK
  6
CONTINUOUS
100
AcDbLine
 10
2.227240748031496
 20
0.6519022440944882
 30
0
 11
2.2236804330708662
 21
0.6498466929133858
 31
0
  0
LINE
  5
80
330
1A
100
AcDbEntity
  8
BLACK
  6
CONTINUOUS
100
AcDbLine
 10
2.2236804330708662
 20
0.6498466929133858
 30
0
 11
2.2197094488188975
 21
0.6487826771653543
 31
0
  0
LINE
  5
81
330
1A
100
AcDbEntity
  8
BLACK
  6
CONTINUOUS
100
AcDbLine
 10
2.2197094488188975
 20
0.6487826771653543
 30
0
 11
2.2155984251968501
 21
0.6487826771653543
 31
0
  0
LINE
  5
82
330
1A
100
AcDbEntity
  8
BLACK
  6
CONTINUOUS
100
AcDbLine
 10
2.2155984251968501
 20
0.6487826771653543
 30
0
 11
2.211627440944882
 21
0.6498466929133858
 31
0
  0
LINE
  5
83
330
1A
100
AcDbEntity
  8
BLACK
  6
CONTINUOUS
100
AcDbLine
 10
2.211627440944882
 20
0.6498466929133858
 30
0
 11
2.2080671259842517
 21
0.6519022440944882
 31
0
  0
LINE
  5
84
330
1A
100
AcDbEntity
  8
BLACK
  6
CONTINUOUS
100
AcDbLine
 10
2.2080671259842517
 20
0.6519022440944882
 30
0
 11
2.2051601968503936
 21
0.6548091732283464
 31
0
  0
LINE
  5
85
330
1A
100
AcDbEntity
  8
BLACK
  6
CONTINUOUS
100
AcDbLine
 10
2.2051601968503936
 20
0.6548091732283464
 30
0
 11
2.2031046456692911
 21
0.6583694881889763
 31
0
  0
LINE
  5
86
330
1A
100
AcDbEntity
  8
BLACK
  6
CONTINUOUS
100
AcDbLine
 10
2.2031046456692911
 20
0.6583694881889763
 30
0
 11
2.2020406299212598
 21
0.6623404724409448
 31
0
  0
LINE
  5
87
330
1A
100
AcDbEntity
  8
BLACK
  6
CONTINUOUS
100
AcDbLine
 10
2.2020406299212598
 20
0.6623404724409448
 30
0
 11
2.2020406299212598
 21
0.6664514960629921
 31
0
  0
LINE
  5
88
330
1A
100
AcDbEntity
  8
BLACK
  6
CONTINUOUS
100
AcDbLine
 10
2.2020406299212598
 20
0.6664514960629921
 30
0
 11
2.2031046456692911
 21
0.6704224803149607
 31
0
  0
LINE
  5
89
330
1A
100
AcDbEntity
  8
BLACK
  6
CONTINUOUS
100
AcDbLine
 10
2.2031046456692911
 20
0.6704224803149607
 30
0
 11
2.2051601968503936
 21
0.6739827952755906
 31
0
  0
LINE
  5
8A
330
1A
100
AcDbEntity
  8
BLACK
  6
CONTINUOUS
100
AcDbLine
 10
2.2051601968503936
 20
0.6739827952755906
 30
0
 11
2.2080671259842517
 21
0.6768897244094488
 31
0
  0
LINE
  5
8B
330
1A
100
AcDbEntity
  8
BLACK
  6
CONTINUOUS
100
AcDbLine
 10
2.2080671259842517
 20
0.6768897244094488
 30
0
 11
2.211627440944882
 21
0.6789452755905512
 31
0
  0
LINE
  5
8C
330
1A
100
AcDbEntity
  8
BLACK
  6
CONTINUOUS
100
AcDbLine
 10
2.211627440944882
 20
0.6789452755905512
 30
0
 11
2.2155984251968501
 21
0.6800092913385827
 31
0
  0
LINE
  5
8D
330
1A
100
AcDbEntity
  8
BLACK
  6
CONTINUOUS
100
AcDbLine
 10
2.2155984251968501
 20
0.6800092913385827
 30
0
 11
2.2197094488188975
 21
0.6800092913385827
 31
0
  0
LINE
  5
8E
330
1A
100
AcDbEntity
  8
BLACK
  6
CONTINUOUS
100
AcDbLine
 10
2.2197094488188975
 20
0.6800092913385827
 30
0
 11
2.2205220078740155
 21
0.6797915748031496
 31
0
  0
LINE
  5
8F
330
1A
100
AcDbEntity
  8
BLACK
  6
CONTINUOUS
100
AcDbLine
 10
2.2205220078740155
 20
0.6797915748031496
 30
0
 11
2.2989531496062994
 21
0.7582226771653543
 31
0
  0
LINE
  5
90
330
1A
100
AcDbEntity
  8
BLACK
  6
CONTINUOUS
100
AcDbLine
 10
2.2989531496062994
 20
0.7582226771653543
 30
0
 11
2.2989531496062994
 21
0.7762848031496062
 31
0
  0
LINE
  5
91
330
1A
100
AcDbEntity
  8
BLACK
  6
CONTINUOUS
100
AcDbLine
 10
2.2989531496062994
 20
0.7762848031496062
 30
0
 11
2.2982246062992124
 21
0.7767053937007874
 31
0
  0
LINE
  5
92
330
1A
100
AcDbEntity
  8
BLACK
  6
CONTINUOUS
100
AcDbLine
 10
2.2982246062992124
 20
0.7767053937007874
 30
0
 11
2.2953176771653543
 21
0.7796123228346457
 31
0
  0
LINE
  5
93
330
1A
100
AcDbEntity
  8
BLACK
  6
CONTINUOUS
100
AcDbLine
 10
2.2953176771653543
 20
0.7796123228346457
 30
0
 11
2.2932621259842518
 21
0.7831726377952756
 31
0
  0
LINE
  5
94
330
1A
100
AcDbEntity
  8
BLACK
  6
CONTINUOUS
100
AcDbLine
 10
2.2932621259842518
 20
0.7831726377952756
 30
0
 11
2.2921981102362206
 21
0.7871436220472441
 31
0
  0
LINE
  5
95
330
1A
100
AcDbEntity
  8
BLACK
  6
CONTINUOUS
100
AcDbLine
 10
2.2921981102362206
 20
0.7871436220472441
 30
0
 11
2.2921981102362206
 21
0.7912546456692913
 31
0
  0
LINE
  5
96
330
1A
100
AcDbEntity
  8
BLACK
  6
CONTINUOUS
100
AcDbLine
 10
2.2921981102362206
 20
0.7912546456692913
 30
0
 11
2.2932621259842518
 21
0.7952256299212598
 31
0
  0
LINE
  5
97
330
1A
100
AcDbEntity
  8
BLACK
  6
CONTINUOUS
100
AcDbLine
 10
2.2932621259842518
 20
0.7952256299212598
 30
0
 11
2.2953176771653543
 21
0.7987859448818897
 31
0
  0
LINE
  5
98
330
1A
100
AcDbEntity
  8
BLACK
  6
CONTINUOUS
100
AcDbLine
 10
2.2953176771653543
 20
0.7987859448818897
 30
0
 11
2.2982246062992124
 21
0.801692874015748
 31
0
  0
LINE
  5
99
330
1A
100
AcDbEntity
  8
BLACK
  6
CONTINUOUS
100
AcDbLine
 10
2.2982246062992124
 20
0.801692874015748
 30
0
 11
2.3017849212598427
 21
0.8037484251968504
 31
0
  0
LINE
  5
9A
330
1A
100
AcDbEntity
  8
BLACK
  6
CONTINUOUS
100
AcDbLine
 10
2.3017849212598427
 20
0.8037484251968504
 30
0
 11
2.3057559055118109
 21
0.8048124409448819
 31
0
  0
LINE
  5
9B
330
1A
100
AcDbEntity
  8
BLACK
  6
CONTINUOUS
100
AcDbLine
 10
2.3057559055118109
 20
0.8048124409448819
 30
0
 11
2.3098669291338583
 21
0.8048124409448819
 31
0
  0
LINE
  5
9C
330
1A
100
AcDbEntity
  8
BLACK
  6
CONTINUOUS
100
AcDbLine
 10
2.3098669291338583
 20
0.8048124409448819
 30
0
 11
2.3138379133858269
 21
0.8037484251968504
 31
0
  0
LINE
  5
9D
330
1A
100
AcDbEntity
  8
BLACK
  6
CONTINUOUS
100
AcDbLine
 10
0.4343307086614173
 20
0.6759055118110237
 30
0
 11
0.3743307086614173
 21
0.6759055118110237
 31
0
  0
LINE
  5
9E
330
1A
100
AcDbEntity
  8
BLACK
  6
CONTINUOUS
100
AcDbLine
 10
0.3743307086614173
 20
0.6759055118110237
 30
0
 11
0.3743307086614173
 21
0.7359055118110236
 31
0
  0
LINE
  5
9F
330
1A
100
AcDbEntity
  8
BLACK
  6
CONTINUOUS
100
AcDbLine
 10
0.3743307086614173
 20
0.7359055118110236
 30
0
 11
0.4343307086614173
 21
0.7359055118110236
 31
0
  0
LINE
  5
A0
330
1A
100
AcDbEntity
  8
BLACK
  6
CONTINUOUS
100
AcDbLine
 10
0.4343307086614173
 20
0.7359055118110236
 30
0
 11
0.4343307086614173
 21
0.6759055118110237
 31
0
  0
LINE
  5
A1
330
1A
100
AcDbEntity
  8
BLACK
  6
CONTINUOUS
100
AcDbLine
 10
0.5343307086614173
 20
0.6759055118110237
 30
0
 11
0.4743307086614173
 21
0.6759055118110237
 31
0
  0
LINE
  5
A2
330
1A
100
AcDbEntity
  8
BLACK
  6
CONTINUOUS
100
AcDbLine
 10
0.4743307086614173
 20
0.6759055118110237
 30
0
 11
0.4743307086614173
 21
0.7359055118110236
 31
0
  0
LINE
  5
A3
330
1A
100
AcDbEntity
  8
BLACK
  6
CONTINUOUS
100
AcDbLine
 10
0.4743307086614173
 20
0.7359055118110236
 30
0
 11
0.5343307086614173
 21
0.7359055118110236
 31
0
  0
LINE
  5
A4
330
1A
100
AcDbEntity
  8
BLACK
  6
CONTINUOUS
100
AcDbLine
 10
0.5343307086614173
 20
0.7359055118110236
 30
0
 11
0.5343307086614173
 21
0.6759055118110237
 31
0
  0
LINE
  5
A5
330
1A
100
AcDbEntity
  8
BLACK
  6
CONTINUOUS
100
AcDbLine
 10
2.7229133858267716
 20
0.6999212598425196
 30
0
 11
2.6629133858267715
 21
0.6999212598425196
 31
0
  0
LINE
  5
A6
330
1A
100
AcDbEntity
  8
BLACK
  6
CONTINUOUS
100
AcDbLine
 10
2.6629133858267715
 20
0.6999212598425196
 30
0
 11
2.6629133858267715
 21
0.7599212598425197
 31
0
  0
LINE
  5
A7
330
1A
100
AcDbEntity
  8
BLACK
  6
CONTINUOUS
100
AcDbLine
 10
2.6629133858267715
 20
0.7599212598425197
 30
0
 11
2.7229133858267716
 21
0.7599212598425197
 31
0
  0
LINE
  5
A8
330
1A
100
AcDbEntity
  8
BLACK
  6
CONTINUOUS
100
AcDbLine
 10
2.7229133858267716
 20
0.7599212598425197
 30
0
 11
2.7229133858267716
 21
0.6999212598425196
 31
0
  0
LINE
  5
A9
330
1A
100
AcDbEntity
  8
BLACK
  6
CONTINUOUS
100
AcDbLine
 10
2.8229133858267716
 20
0.6999212598425196
 30
0
 11
2.7629133858267716
 21
0.6999212598425196
 31
0
  0
LINE
  5
AA
330
1A
100
AcDbEntity
  8
BLACK
  6
CONTINUOUS
100
AcDbLine
 10
2.7629133858267716
 20
0.6999212598425196
 30
0
 11
2.7629133858267716
 21
0.7599212598425197
 31
0
  0
LINE
  5
AB
330
1A
100
AcDbEntity
  8
BLACK
  6
CONTINUOUS
100
AcDbLine
 10
2.7629133858267716
 20
0.7599212598425197
 30
0
 11
2.8229133858267716
 21
0.7599212598425197
 31
0
  0
LINE
  5
AC
330
1A
100
AcDbEntity
  8
BLACK
  6
CONTINUOUS
100
AcDbLine
 10
2.8229133858267716
 20
0.7599212598425197
 30
0
 11
2.8229133858267716
 21
0.6999212598425196
 31
0
  0
LINE
  5
AD
330
1A
100
AcDbEntity
  8
BLACK
  6
CONTINUOUS
100
AcDbLine
 10
1.3776800393700788
 20
0.8543130708661417
 30
0
 11
1.3812403543307086
 21
0.8522575196850394
 31
0
  0
LINE
  5
AE
330
1A
100
AcDbEntity
  8
BLACK
  6
CONTINUOUS
100
AcDbLine
 10
1.3812403543307086
 20
0.8522575196850394
 30
0
 11
1.3841472834645669
 21
0.8493505905511811
 31
0
  0
LINE
  5
AF
330
1A
100
AcDbEntity
  8
BLACK
  6
CONTINUOUS
100
AcDbLine
 10
1.3841472834645669
 20
0.8493505905511811
 30
0
 11
1.3862028346456692
 21
0.8457902755905512
 31
0
  0
LINE
  5
B0
330
1A
100
AcDbEntity
  8
BLACK
  6
CONTINUOUS
100
AcDbLine
 10
1.3862028346456692
 20
0.8457902755905512
 30
0
 11
1.3872668503937007
 21
0.8418192913385827
 31
0
  0
LINE
  5
B1
330
1A
100
AcDbEntity
  8
BLACK
  6
CONTINUOUS
100
AcDbLine
 10
1.3872668503937007
 20
0.8418192913385827
 30
0
 11
1.3872668503937007
 21
0.8377082677165354
 31
0
  0
LINE
  5
B2
330
1A
100
AcDbEntity
  8
BLACK
  6
CONTINUOUS
100
AcDbLine
 10
1.3872668503937007
 20
0.8377082677165354
 30
0
 11
1.3862028346456692
 21
0.8337372834645669
 31
0
  0
LINE
  5
B3
330
1A
100
AcDbEntity
  8
BLACK
  6
CONTINUOUS
100
AcDbLine
 10
1.3862028346456692
 20
0.8337372834645669
 30
0
 11
1.3841472834645669
 21
0.830176968503937
 31
0
  0
LINE
  5
B4
330
1A
100
AcDbEntity
  8
BLACK
  6
CONTINUOUS
100
AcDbLine
 10
1.3841472834645669
 20
0.830176968503937
 30
0
 11
1.3812403543307086
 21
0.8272700393700787
 31
0
  0
LINE
  5
B5
330
1A
100
AcDbEntity
  8
BLACK
  6
CONTINUOUS
100
AcDbLine
 10
1.3812403543307086
 20
0.8272700393700787
 30
0
 11
1.3805118110236221
 21
0.8268494488188977
 31
0
  0
LINE
  5
B6
330
1A
100
AcDbEntity
  8
BLACK
  6
CONTINUOUS
100
AcDbLine
 10
1.3805118110236221
 20
0.8268494488188977
 30
0
 11
1.3805118110236221
 21
0.776771653543307
 31
0
  0
LINE
  5
B7
330
1A
100
AcDbEntity
  8
BLACK
  6
CONTINUOUS
100
AcDbLine
 10
1.3805118110236221
 20
0.776771653543307
 30
0
 11
1.3803416141732283
 21
0.7750435039370078
 31
0
  0
LINE
  5
B8
330
1A
100
AcDbEntity
  8
BLACK
  6
CONTINUOUS
100
AcDbLine
 10
1.3803416141732283
 20
0.7750435039370078
 30
0
 11
1.379018937007874
 21
0.7718502755905512
 31
0
  0
LINE
  5
B9
330
1A
100
AcDbEntity
  8
BLACK
  6
CONTINUOUS
100
AcDbLine
 10
1.379018937007874
 20
0.7718502755905512
 30
0
 11
1.3790188976377953
 21
0.7718502362204724
 31
0
  0
LINE
  5
BA
330
1A
100
AcDbEntity
  8
BLACK
  6
CONTINUOUS
100
AcDbLine
 10
1.3790188976377953
 20
0.7718502362204724
 30
0
 11
1.377917283464567
 21
0.7705079133858268
 31
0
  0
LINE
  5
BB
330
1A
100
AcDbEntity
  8
BLACK
  6
CONTINUOUS
100
AcDbLine
 10
1.377917283464567
 20
0.7705079133858268
 30
0
 11
1.341330590551181
 21
0.7339212598425197
 31
0
  0
LINE
  5
BC
330
1A
100
AcDbEntity
  8
BLACK
  6
CONTINUOUS
100
AcDbLine
 10
1.341330590551181
 20
0.7339212598425197
 30
0
 11
1.3415483464566929
 21
0.7331086614173228
 31
0
  0
LINE
  5
BD
330
1A
100
AcDbEntity
  8
BLACK
  6
CONTINUOUS
100
AcDbLine
 10
1.3415483464566929
 20
0.7331086614173228
 30
0
 11
1.3415483464566929
 21
0.7289976377952756
 31
0
  0
LINE
  5
BE
330
1A
100
AcDbEntity
  8
BLACK
  6
CONTINUOUS
100
AcDbLine
 10
1.3415483464566929
 20
0.7289976377952756
 30
0
 11
1.3404843307086614
 21
0.7250266535433071
 31
0
  0
LINE
  5
BF
330
1A
100
AcDbEntity
  8
BLACK
  6
CONTINUOUS
100
AcDbLine
 10
1.3404843307086614
 20
0.7250266535433071
 30
0
 11
1.3384287795275591
 21
0.7214663385826772
 31
0
  0
LINE
  5
C0
330
1A
100
AcDbEntity
  8
BLACK
  6
CONTINUOUS
100
AcDbLine
 10
1.3384287795275591
 20
0.7214663385826772
 30
0
 11
1.3355218503937007
 21
0.7185594094488189
 31
0
  0
LINE
  5
C1
330
1A
100
AcDbEntity
  8
BLACK
  6
CONTINUOUS
100
AcDbLine
 10
1.3355218503937007
 20
0.7185594094488189
 30
0
 11
1.3319615354330709
 21
0.7165038582677166
 31
0
  0
LINE
  5
C2
330
1A
100
AcDbEntity
  8
BLACK
  6
CONTINUOUS
100
AcDbLine
 10
1.3319615354330709
 20
0.7165038582677166
 30
0
 11
1.3279905511811023
 21
0.7154398425196851
 31
0
  0
LINE
  5
C3
330
1A
100
AcDbEntity
  8
BLACK
  6
CONTINUOUS
100
AcDbLine
 10
1.3279905511811023
 20
0.7154398425196851
 30
0
 11
1.3238795275590551
 21
0.7154398425196851
 31
0
  0
LINE
  5
C4
330
1A
100
AcDbEntity
  8
BLACK
  6
CONTINUOUS
100
AcDbLine
 10
1.3238795275590551
 20
0.7154398425196851
 30
0
 11
1.3199085433070865
 21
0.7165038582677166
 31
0
  0
LINE
  5
C5
330
1A
100
AcDbEntity
  8
BLACK
  6
CONTINUOUS
100
AcDbLine
 10
1.3199085433070865
 20
0.7165038582677166
 30
0
 11
1.3163482283464567
 21
0.7185594094488189
 31
0
  0
LINE
  5
C6
330
1A
100
AcDbEntity
  8
BLACK
  6
CONTINUOUS
100
AcDbLine
 10
1.3163482283464567
 20
0.7185594094488189
 30
0
 11
1.3134412992125983
 21
0.7214663385826772
 31
0
  0
LINE
  5
C7
330
1A
100
AcDbEntity
  8
BLACK
  6
CONTINUOUS
100
AcDbLine
 10
1.3134412992125983
 20
0.7214663385826772
 30
0
 11
1.3113857480314961
 21
0.7250266535433071
 31
0
  0
LINE
  5
C8
330
1A
100
AcDbEntity
  8
BLACK
  6
CONTINUOUS
100
AcDbLine
 10
1.3113857480314961
 20
0.7250266535433071
 30
0
 11
1.3103217322834646
 21
0.7289976377952756
 31
0
  0
LINE
  5
C9
330
1A
100
AcDbEntity
  8
BLACK
  6
CONTINUOUS
100
AcDbLine
 10
1.3103217322834646
 20
0.7289976377952756
 30
0
 11
1.3103217322834646
 21
0.7331086614173228
 31
0
  0
LINE
  5
CA
330
1A
100
AcDbEntity
  8
BLACK
  6
CONTINUOUS
100
AcDbLine
 10
1.3103217322834646
 20
0.7331086614173228
 30
0
 11
1.3113857480314961
 21
0.7370796456692913
 31
0
  0
LINE
  5
CB
330
1A
100
AcDbEntity
  8
BLACK
  6
CONTINUOUS
100
AcDbLine
 10
1.3113857480314961
 20
0.7370796456692913
 30
0
 11
1.3134412992125983
 21
0.7406399606299212
 31
0
  0
LINE
  5
CC
330
1A
100
AcDbEntity
  8
BLACK
  6
CONTINUOUS
100
AcDbLine
 10
1.3134412992125983
 20
0.7406399606299212
 30
0
 11
1.3163482283464567
 21
0.7435468897637795
 31
0
  0
LINE
  5
CD
330
1A
100
AcDbEntity
  8
BLACK
  6
CONTINUOUS
100
AcDbLine
 10
1.3163482283464567
 20
0.7435468897637795
 30
0
 11
1.3199085433070865
 21
0.7456024409448819
 31
0
  0
LINE
  5
CE
330
1A
100
AcDbEntity
  8
BLACK
  6
CONTINUOUS
100
AcDbLine
 10
1.3199085433070865
 20
0.7456024409448819
 30
0
 11
1.3238795275590551
 21
0.7466664566929133
 31
0
  0
LINE
  5
CF
330
1A
100
AcDbEntity
  8
BLACK
  6
CONTINUOUS
100
AcDbLine
 10
1.3238795275590551
 20
0.7466664566929133
 30
0
 11
1.3279905511811023
 21
0.7466664566929133
 31
0
  0
LINE
  5
D0
330
1A
100
AcDbEntity
  8
BLACK
  6
CONTINUOUS
100
AcDbLine
 10
1.3279905511811023
 20
0.7466664566929133
 30
0
 11
1.3288031102362206
 21
0.7464487401574803
 31
0
  0
LINE
  5
D1
330
1A
100
AcDbEntity
  8
BLACK
  6
CONTINUOUS
100
AcDbLine
 10
1.3288031102362206
 20
0.7464487401574803
 30
0
 11
1.3627952755905512
 21
0.7804408661417322
 31
0
  0
LINE
  5
D2
330
1A
100
AcDbEntity
  8
BLACK
  6
CONTINUOUS
100
AcDbLine
 10
1.3627952755905512
 20
0.7804408661417322
 30
0
 11
1.3627952755905512
 21
0.8268494488188977
 31
0
  0
LINE
  5
D3
330
1A
100
AcDbEntity
  8
BLACK
  6
CONTINUOUS
100
AcDbLine
 10
1.3627952755905512
 20
0.8268494488188977
 30
0
 11
1.3620667322834645
 21
0.8272700393700787
 31
0
  0
LINE
  5
D4
330
1A
100
AcDbEntity
  8
BLACK
  6
CONTINUOUS
100
AcDbLine
 10
1.3620667322834645
 20
0.8272700393700787
 30
0
 11
1.3591598031496062
 21
0.830176968503937
 31
0
  0
LINE
  5
D5
330
1A
100
AcDbEntity
  8
BLACK
  6
CONTINUOUS
100
AcDbLine
 10
1.3591598031496062
 20
0.830176968503937
 30
0
 11
1.3571042519685039
 21
0.8337372834645669
 31
0
  0
LINE
  5
D6
330
1A
100
AcDbEntity
  8
BLACK
  6
CONTINUOUS
100
AcDbLine
 10
1.3571042519685039
 20
0.8337372834645669
 30
0
 11
1.3560402362204724
 21
0.8377082677165354
 31
0
  0
LINE
  5
D7
330
1A
100
AcDbEntity
  8
BLACK
  6
CONTINUOUS
100
AcDbLine
 10
1.3560402362204724
 20
0.8377082677165354
 30
0
 11
1.3560402362204724
 21
0.8418192913385827
 31
0
  0
LINE
  5
D8
330
1A
100
AcDbEntity
  8
BLACK
  6
CONTINUOUS
100
AcDbLine
 10
1.3560402362204724
 20
0.8418192913385827
 30
0
 11
1.3571042519685039
 21
0.8457902755905512
 31
0
  0
LINE
  5
D9
330
1A
100
AcDbEntity
  8
BLACK
  6
CONTINUOUS
100
AcDbLine
 10
1.3571042519685039
 20
0.8457902755905512
 30
0
 11
1.3591598031496062
 21
0.8493505905511811
 31
0
  0
LINE
  5
DA
330
1A
100
AcDbEntity
  8
BLACK
  6
CONTINUOUS
100
AcDbLine
 10
1.3591598031496062
 20
0.8493505905511811
 30
0
 11
1.3620667322834645
 21
0.8522575196850394
 31
0
  0
LINE
  5
DB
330
1A
100
AcDbEntity
  8
BLACK
  6
CONTINUOUS
100
AcDbLine
 10
1.3620667322834645
 20
0.8522575196850394
 30
0
 11
1.3656270472440946
 21
0.8543130708661417
 31
0
  0
LINE
  5
DC
330
1A
100
AcDbEntity
  8
BLACK
  6
CONTINUOUS
100
AcDbLine
 10
1.3656270472440946
 20
0.8543130708661417
 30
0
 11
1.369598031496063
 21
0.8553770866141732
 31
0
  0
LINE
  5
DD
330
1A
100
AcDbEntity
  8
BLACK
  6
CONTINUOUS
100
AcDbLine
 10
1.369598031496063
 20
0.8553770866141732
 30
0
 11
1.3737090551181101
 21
0.8553770866141732
 31
0
  0
LINE
  5
DE
330
1A
100
AcDbEntity
  8
BLACK
  6
CONTINUOUS
100
AcDbLine
 10
1.3737090551181101
 20
0.8553770866141732
 30
0
 11
1.3776800393700788
 21
0.8543130708661417
 31
0
  0
LINE
  5
DF
330
1A
100
AcDbEntity
  8
BLACK
  6
CONTINUOUS
100
AcDbLine
 10
1.2225619291338583
 20
1.1186339370078739
 30
0
 11
1.2261222440944881
 21
1.1165783858267717
 31
0
  0
LINE
  5
E0
330
1A
100
AcDbEntity
  8
BLACK
  6
CONTINUOUS
100
AcDbLine
 10
1.2261222440944881
 20
1.1165783858267717
 30
0
 11
1.2290291732283465
 21
1.1136714566929133
 31
0
  0
LINE
  5
E1
330
1A
100
AcDbEntity
  8
BLACK
  6
CONTINUOUS
100
AcDbLine
 10
1.2290291732283465
 20
1.1136714566929133
 30
0
 11
1.2310847244094487
 21
1.1101111417322835
 31
0
  0
LINE
  5
E2
330
1A
100
AcDbEntity
  8
BLACK
  6
CONTINUOUS
100
AcDbLine
 10
1.2310847244094487
 20
1.1101111417322835
 30
0
 11
1.2321487401574802
 21
1.1061401574803149
 31
0
  0
LINE
  5
E3
330
1A
100
AcDbEntity
  8
BLACK
  6
CONTINUOUS
100
AcDbLine
 10
1.2321487401574802
 20
1.1061401574803149
 30
0
 11
1.2321487401574802
 21
1.1020291338582677
 31
0
  0
LINE
  5
E4
330
1A
100
AcDbEntity
  8
BLACK
  6
CONTINUOUS
100
AcDbLine
 10
1.2321487401574802
 20
1.1020291338582677
 30
0
 11
1.2310847244094487
 21
1.0980581496062991
 31
0
  0
LINE
  5
E5
330
1A
100
AcDbEntity
  8
BLACK
  6
CONTINUOUS
100
AcDbLine
 10
1.2310847244094487
 20
1.0980581496062991
 30
0
 11
1.2290291732283465
 21
1.0944978346456693
 31
0
  0
LINE
  5
E6
330
1A
100
AcDbEntity
  8
BLACK
  6
CONTINUOUS
100
AcDbLine
 10
1.2290291732283465
 20
1.0944978346456693
 30
0
 11
1.2261222440944881
 21
1.0915909055118109
 31
0
  0
LINE
  5
E7
330
1A
100
AcDbEntity
  8
BLACK
  6
CONTINUOUS
100
AcDbLine
 10
1.2261222440944881
 20
1.0915909055118109
 30
0
 11
1.2225619291338583
 21
1.0895353543307087
 31
0
  0
LINE
  5
E8
330
1A
100
AcDbEntity
  8
BLACK
  6
CONTINUOUS
100
AcDbLine
 10
1.2225619291338583
 20
1.0895353543307087
 30
0
 11
1.2185909448818897
 21
1.0884713385826772
 31
0
  0
LINE
  5
E9
330
1A
100
AcDbEntity
  8
BLACK
  6
CONTINUOUS
100
AcDbLine
 10
1.2185909448818897
 20
1.0884713385826772
 30
0
 11
1.2144799212598425
 21
1.0884713385826772
 31
0
  0
LINE
  5
EA
330
1A
100
AcDbEntity
  8
BLACK
  6
CONTINUOUS
100
AcDbLine
 10
1.2144799212598425
 20
1.0884713385826772
 30
0
 11
1.2136673228346457
 21
1.0886890944881888
 31
0
  0
LINE
  5
EB
330
1A
100
AcDbEntity
  8
BLACK
  6
CONTINUOUS
100
AcDbLine
 10
1.2136673228346457
 20
1.0886890944881888
 30
0
 11
1.1820866141732282
 21
1.0571083464566928
 31
0
  0
LINE
  5
EC
330
1A
100
AcDbEntity
  8
BLACK
  6
CONTINUOUS
100
AcDbLine
 10
1.1820866141732282
 20
1.0571083464566928
 30
0
 11
1.1820866141732282
 21
0.9662893700787402
 31
0
  0
LINE
  5
ED
330
1A
100
AcDbEntity
  8
BLACK
  6
CONTINUOUS
100
AcDbLine
 10
1.1820866141732282
 20
0.9662893700787402
 30
0
 11
1.1819164173228347
 21
0.964561220472441
 31
0
  0
LINE
  5
EE
330
1A
100
AcDbEntity
  8
BLACK
  6
CONTINUOUS
100
AcDbLine
 10
1.1819164173228347
 20
0.964561220472441
 30
0
 11
1.1805937401574802
 21
0.9613679921259842
 31
0
  0
LINE
  5
EF
330
1A
100
AcDbEntity
  8
BLACK
  6
CONTINUOUS
100
AcDbLine
 10
1.1805937401574802
 20
0.9613679921259842
 30
0
 11
1.1794920866141732
 21
0.9600256299212598
 31
0
  0
LINE
  5
F0
330
1A
100
AcDbEntity
  8
BLACK
  6
CONTINUOUS
100
AcDbLine
 10
1.1794920866141732
 20
0.9600256299212598
 30
0
 11
1.0298857874015748
 21
0.8104193307086613
 31
0
  0
LINE
  5
F1
330
1A
100
AcDbEntity
  8
BLACK
  6
CONTINUOUS
100
AcDbLine
 10
1.0298857874015748
 20
0.8104193307086613
 30
0
 11
1.0285434645669291
 21
0.8093176771653543
 31
0
  0
LINE
  5
F2
330
1A
100
AcDbEntity
  8
BLACK
  6
CONTINUOUS
100
AcDbLine
 10
1.0285434645669291
 20
0.8093176771653543
 30
0
 11
1.0253502362204725
 21
0.807995
 31
0
  0
LINE
  5
F3
330
1A
100
AcDbEntity
  8
BLACK
  6
CONTINUOUS
100
AcDbLine
 10
1.0253502362204725
 20
0.807995
 30
0
 11
1.0253501968503937
 21
0.807995
 31
0
  0
LINE
  5
F4
330
1A
100
AcDbEntity
  8
BLACK
  6
CONTINUOUS
100
AcDbLine
 10
1.0253501968503937
 20
0.807995
 30
0
 11
1.0236220472440944
 21
0.8078248031496063
 31
0
  0
LINE
  5
F5
330
1A
100
AcDbEntity
  8
BLACK
  6
CONTINUOUS
100
AcDbLine
 10
1.0236220472440944
 20
0.8078248031496063
 30
0
 11
1.0129143700787402
 21
0.8078248031496063
 31
0
  0
LINE
  5
F6
330
1A
100
AcDbEntity
  8
BLACK
  6
CONTINUOUS
100
AcDbLine
 10
1.0129143700787402
 20
0.8078248031496063
 30
0
 11
1.0124937401574803
 21
0.8070962598425196
 31
0
  0
LINE
  5
F7
330
1A
100
AcDbEntity
  8
BLACK
  6
CONTINUOUS
100
AcDbLine
 10
1.0124937401574803
 20
0.8070962598425196
 30
0
 11
1.0095868110236221
 21
0.8041893307086614
 31
0
  0
LINE
  5
F8
330
1A
100
AcDbEntity
  8
BLACK
  6
CONTINUOUS
100
AcDbLine
 10
1.0095868110236221
 20
0.8041893307086614
 30
0
 11
1.0060264960629921
 21
0.802133779527559
 31
0
  0
LINE
  5
F9
330
1A
100
AcDbEntity
  8
BLACK
  6
CONTINUOUS
100
AcDbLine
 10
1.0060264960629921
 20
0.802133779527559
 30
0
 11
1.0020555118110237
 21
0.8010697637795275
 31
0
  0
LINE
  5
FA
330
1A
100
AcDbEntity
  8
BLACK
  6
CONTINUOUS
100
AcDbLine
 10
1.0020555118110237
 20
0.8010697637795275
 30
0
 11
0.9979444881889764
 21
0.8010697637795275
 31
0
  0
LINE
  5
FB
330
1A
100
AcDbEntity
  8
BLACK
  6
CONTINUOUS
100
AcDbLine
 10
0.9979444881889764
 20
0.8010697637795275
 30
0
 11
0.9939735039370079
 21
0.802133779527559
 31
0
  0
LINE
  5
FC
330
1A
100
AcDbEntity
  8
BLACK
  6
CONTINUOUS
100
AcDbLine
 10
0.9939735039370079
 20
0.802133779527559
 30
0
 11
0.990413188976378
 21
0.8041893307086614
 31
0
  0
LINE
  5
FD
330
1A
100
AcDbEntity
  8
BLACK
  6
CONTINUOUS
100
AcDbLine
 10
0.990413188976378
 20
0.8041893307086614
 30
0
 11
0.9875062598425197
 21
0.8070962598425196
 31
0
  0
LINE
  5
FE
330
1A
100
AcDbEntity
  8
BLACK
  6
CONTINUOUS
100
AcDbLine
 10
0.9875062598425197
 20
0.8070962598425196
 30
0
 11
0.9854507086614173
 21
0.8106565748031496
 31
0
  0
LINE
  5
FF
330
1A
100
AcDbEntity
  8
BLACK
  6
CONTINUOUS
100
AcDbLine
 10
0.9854507086614173
 20
0.8106565748031496
 30
0
 11
0.9843866929133858
 21
0.8146275590551181
 31
0
  0
LINE
  5
100
330
1A
100
AcDbEntity
  8
BLACK
  6
CONTINUOUS
100
AcDbLine
 10
0.9843866929133858
 20
0.8146275590551181
 30
0
 11
0.9843866929133858
 21
0.8187385826771654
 31
0
  0
LINE
  5
101
330
1A
100
AcDbEntity
  8
BLACK
  6
CONTINUOUS
100
AcDbLine
 10
0.9843866929133858
 20
0.8187385826771654
 30
0
 11
0.9854507086614173
 21
0.8227095669291339
 31
0
  0
LINE
  5
102
330
1A
100
AcDbEntity
  8
BLACK
  6
CONTINUOUS
100
AcDbLine
 10
0.9854507086614173
 20
0.8227095669291339
 30
0
 11
0.9875062598425197
 21
0.8262698818897638
 31
0
  0
LINE
  5
103
330
1A
100
AcDbEntity
  8
BLACK
  6
CONTINUOUS
100
AcDbLine
 10
0.9875062598425197
 20
0.8262698818897638
 30
0
 11
0.990413188976378
 21
0.8291768110236221
 31
0
  0
LINE
  5
104
330
1A
100
AcDbEntity
  8
BLACK
  6
CONTINUOUS
100
AcDbLine
 10
0.990413188976378
 20
0.8291768110236221
 30
0
 11
0.9939735039370079
 21
0.8312323622047244
 31
0
  0
LINE
  5
105
330
1A
100
AcDbEntity
  8
BLACK
  6
CONTINUOUS
100
AcDbLine
 10
0.9939735039370079
 20
0.8312323622047244
 30
0
 11
0.9979444881889764
 21
0.8322963779527559
 31
0
  0
LINE
  5
106
330
1A
100
AcDbEntity
  8
BLACK
  6
CONTINUOUS
100
AcDbLine
 10
0.9979444881889764
 20
0.8322963779527559
 30
0
 11
1.0020555118110237
 21
0.8322963779527559
 31
0
  0
LINE
  5
107
330
1A
100
AcDbEntity
  8
BLACK
  6
CONTINUOUS
100
AcDbLine
 10
1.0020555118110237
 20
0.8322963779527559
 30
0
 11
1.0060264960629921
 21
0.8312323622047244
 31
0
  0
LINE
  5
108
330
1A
100
AcDbEntity
  8
BLACK
  6
CONTINUOUS
100
AcDbLine
 10
1.0060264960629921
 20
0.8312323622047244
 30
0
 11
1.0095868110236221
 21
0.8291768110236221
 31
0
  0
LINE
  5
109
330
1A
100
AcDbEntity
  8
BLACK
  6
CONTINUOUS
100
AcDbLine
 10
1.0095868110236221
 20
0.8291768110236221
 30
0
 11
1.0124937401574803
 21
0.8262698818897638
 31
0
  0
LINE
  5
10A
330
1A
100
AcDbEntity
  8
BLACK
  6
CONTINUOUS
100
AcDbLine
 10
1.0124937401574803
 20
0.8262698818897638
 30
0
 11
1.0129143700787402
 21
0.8255413385826772
 31
0
  0
LINE
  5
10B
330
1A
100
AcDbEntity
  8
BLACK
  6
CONTINUOUS
100
AcDbLine
 10
1.0129143700787402
 20
0.8255413385826772
 30
0
 11
1.0199528346456692
 21
0.8255413385826772
 31
0
  0
LINE
  5
10C
330
1A
100
AcDbEntity
  8
BLACK
  6
CONTINUOUS
100
AcDbLine
 10
1.0199528346456692
 20
0.8255413385826772
 30
0
 11
1.1643700787401574
 21
0.9699585826771653
 31
0
  0
LINE
  5
10D
330
1A
100
AcDbEntity
  8
BLACK
  6
CONTINUOUS
100
AcDbLine
 10
1.1643700787401574
 20
0.9699585826771653
 30
0
 11
1.1643700787401574
 21
1.0607775590551181
 31
0
  0
LINE
  5
10E
330
1A
100
AcDbEntity
  8
BLACK
  6
CONTINUOUS
100
AcDbLine
 10
1.1643700787401574
 20
1.0607775590551181
 30
0
 11
1.1645402755905512
 21
1.0625057086614174
 31
0
  0
LINE
  5
10F
330
1A
100
AcDbEntity
  8
BLACK
  6
CONTINUOUS
100
AcDbLine
 10
1.1645402755905512
 20
1.0625057086614174
 30
0
 11
1.1645897244094487
 21
1.0626250787401574
 31
0
  0
LINE
  5
110
330
1A
100
AcDbEntity
  8
BLACK
  6
CONTINUOUS
100
AcDbLine
 10
1.1645897244094487
 20
1.0626250787401574
 30
0
 11
1.1658629527559055
 21
1.0656989763779527
 31
0
  0
LINE
  5
111
330
1A
100
AcDbEntity
  8
BLACK
  6
CONTINUOUS
100
AcDbLine
 10
1.1658629527559055
 20
1.0656989763779527
 30
0
 11
1.1669646062992125
 21
1.0670412992125984
 31
0
  0
LINE
  5
112
330
1A
100
AcDbEntity
  8
BLACK
  6
CONTINUOUS
100
AcDbLine
 10
1.1669646062992125
 20
1.0670412992125984
 30
0
 11
1.2011398425196851
 21
1.1012165748031495
 31
0
  0
LINE
  5
113
330
1A
100
AcDbEntity
  8
BLACK
  6
CONTINUOUS
100
AcDbLine
 10
1.2011398425196851
 20
1.1012165748031495
 30
0
 11
1.200922125984252
 21
1.1020291338582677
 31
0
  0
LINE
  5
114
330
1A
100
AcDbEntity
  8
BLACK
  6
CONTINUOUS
100
AcDbLine
 10
1.200922125984252
 20
1.1020291338582677
 30
0
 11
1.200922125984252
 21
1.1061401574803149
 31
0
  0
LINE
  5
115
330
1A
100
AcDbEntity
  8
BLACK
  6
CONTINUOUS
100
AcDbLine
 10
1.200922125984252
 20
1.1061401574803149
 30
0
 11
1.2019861417322835
 21
1.1101111417322835
 31
0
  0
LINE
  5
116
330
1A
100
AcDbEntity
  8
BLACK
  6
CONTINUOUS
100
AcDbLine
 10
1.2019861417322835
 20
1.1101111417322835
 30
0
 11
1.2040416929133857
 21
1.1136714566929133
 31
0
  0
LINE
  5
117
330
1A
100
AcDbEntity
  8
BLACK
  6
CONTINUOUS
100
AcDbLine
 10
1.2040416929133857
 20
1.1136714566929133
 30
0
 11
1.2069486220472441
 21
1.1165783858267717
 31
0
  0
LINE
  5
118
330
1A
100
AcDbEntity
  8
BLACK
  6
CONTINUOUS
100
AcDbLine
 10
1.2069486220472441
 20
1.1165783858267717
 30
0
 11
1.2105089370078741
 21
1.1186339370078739
 31
0
  0
LINE
  5
119
330
1A
100
AcDbEntity
  8
BLACK
  6
CONTINUOUS
100
AcDbLine
 10
1.2105089370078741
 20
1.1186339370078739
 30
0
 11
1.2144799212598425
 21
1.1196979527559054
 31
0
  0
LINE
  5
11A
330
1A
100
AcDbEntity
  8
BLACK
  6
CONTINUOUS
100
AcDbLine
 10
1.2144799212598425
 20
1.1196979527559054
 30
0
 11
1.2185909448818897
 21
1.1196979527559054
 31
0
  0
LINE
  5
11B
330
1A
100
AcDbEntity
  8
BLACK
  6
CONTINUOUS
100
AcDbLine
 10
1.2185909448818897
 20
1.1196979527559054
 30
0
 11
1.2225619291338583
 21
1.1186339370078739
 31
0
  0
LINE
  5
11C
330
1A
100
AcDbEntity
  8
BLACK
  6
CONTINUOUS
100
AcDbLine
 10
1.5847666535433071
 20
1.3351693700787401
 30
0
 11
1.588326968503937
 21
1.3331138188976377
 31
0
  0
LINE
  5
11D
330
1A
100
AcDbEntity
  8
BLACK
  6
CONTINUOUS
100
AcDbLine
 10
1.588326968503937
 20
1.3331138188976377
 30
0
 11
1.5912338976377953
 21
1.3302068897637795
 31
0
  0
LINE
  5
11E
330
1A
100
AcDbEntity
  8
BLACK
  6
CONTINUOUS
100
AcDbLine
 10
1.5912338976377953
 20
1.3302068897637795
 30
0
 11
1.5932894488188976
 21
1.3266465748031495
 31
0
  0
LINE
  5
11F
330
1A
100
AcDbEntity
  8
BLACK
  6
CONTINUOUS
100
AcDbLine
 10
1.5932894488188976
 20
1.3266465748031495
 30
0
 11
1.5943534645669291
 21
1.3226755905511811
 31
0
  0
LINE
  5
120
330
1A
100
AcDbEntity
  8
BLACK
  6
CONTINUOUS
100
AcDbLine
 10
1.5943534645669291
 20
1.3226755905511811
 30
0
 11
1.5943534645669291
 21
1.3185645669291339
 31
0
  0
LINE
  5
121
330
1A
100
AcDbEntity
  8
BLACK
  6
CONTINUOUS
100
AcDbLine
 10
1.5943534645669291
 20
1.3185645669291339
 30
0
 11
1.5932894488188976
 21
1.3145935826771653
 31
0
  0
LINE
  5
122
330
1A
100
AcDbEntity
  8
BLACK
  6
CONTINUOUS
100
AcDbLine
 10
1.5932894488188976
 20
1.3145935826771653
 30
0
 11
1.5912338976377953
 21
1.3110332677165355
 31
0
  0
LINE
  5
123
330
1A
100
AcDbEntity
  8
BLACK
  6
CONTINUOUS
100
AcDbLine
 10
1.5912338976377953
 20
1.3110332677165355
 30
0
 11
1.588326968503937
 21
1.3081263385826771
 31
0
  0
LINE
  5
124
330
1A
100
AcDbEntity
  8
BLACK
  6
CONTINUOUS
100
AcDbLine
 10
1.588326968503937
 20
1.3081263385826771
 30
0
 11
1.5847666535433071
 21
1.3060707874015747
 31
0
  0
LINE
  5
125
330
1A
100
AcDbEntity
  8
BLACK
  6
CONTINUOUS
100
AcDbLine
 10
1.5847666535433071
 20
1.3060707874015747
 30
0
 11
1.5807956692913385
 21
1.3050067716535432
 31
0
  0
LINE
  5
126
330
1A
100
AcDbEntity
  8
BLACK
  6
CONTINUOUS
100
AcDbLine
 10
1.5807956692913385
 20
1.3050067716535432
 30
0
 11
1.5766846456692913
 21
1.3050067716535432
 31
0
  0
LINE
  5
127
330
1A
100
AcDbEntity
  8
BLACK
  6
CONTINUOUS
100
AcDbLine
 10
1.5766846456692913
 20
1.3050067716535432
 30
0
 11
1.5727670078740157
 21
1.3060564960629921
 31
0
  0
LINE
  5
128
330
1A
100
AcDbEntity
  8
BLACK
  6
CONTINUOUS
100
AcDbLine
 10
1.5727670078740157
 20
1.3060564960629921
 30
0
 11
1.4840688582677164
 21
1.2173583070866141
 31
0
  0
LINE
  5
129
330
1A
100
AcDbEntity
  8
BLACK
  6
CONTINUOUS
100
AcDbLine
 10
1.4840688582677164
 20
1.2173583070866141
 30
0
 11
1.4827265354330708
 21
1.216256653543307
 31
0
  0
LINE
  5
12A
330
1A
100
AcDbEntity
  8
BLACK
  6
CONTINUOUS
100
AcDbLine
 10
1.4827265354330708
 20
1.216256653543307
 30
0
 11
1.4795333070866141
 21
1.2149339763779528
 31
0
  0
LINE
  5
12B
330
1A
100
AcDbEntity
  8
BLACK
  6
CONTINUOUS
100
AcDbLine
 10
1.4795333070866141
 20
1.2149339763779528
 30
0
 11
1.4795332677165354
 21
1.2149339763779528
 31
0
  0
LINE
  5
12C
330
1A
100
AcDbEntity
  8
BLACK
  6
CONTINUOUS
100
AcDbLine
 10
1.4795332677165354
 20
1.2149339763779528
 30
0
 11
1.4778051181102363
 21
1.214763779527559
 31
0
  0
LINE
  5
12D
330
1A
100
AcDbEntity
  8
BLACK
  6
CONTINUOUS
100
AcDbLine
 10
1.4778051181102363
 20
1.214763779527559
 30
0
 11
1.139102283464567
 21
1.214763779527559
 31
0
  0
LINE
  5
12E
330
1A
100
AcDbEntity
  8
BLACK
  6
CONTINUOUS
100
AcDbLine
 10
1.139102283464567
 20
1.214763779527559
 30
0
 11
1.1009842519685038
 21
1.176645748031496
 31
0
  0
LINE
  5
12F
330
1A
100
AcDbEntity
  8
BLACK
  6
CONTINUOUS
100
AcDbLine
 10
1.1009842519685038
 20
1.176645748031496
 30
0
 11
1.1009842519685038
 21
0.9609458661417323
 31
0
  0
LINE
  5
130
330
1A
100
AcDbEntity
  8
BLACK
  6
CONTINUOUS
100
AcDbLine
 10
1.1009842519685038
 20
0.9609458661417323
 30
0
 11
1.1017127952755905
 21
0.9605252362204724
 31
0
  0
LINE
  5
131
330
1A
100
AcDbEntity
  8
BLACK
  6
CONTINUOUS
100
AcDbLine
 10
1.1017127952755905
 20
0.9605252362204724
 30
0
 11
1.1046197244094489
 21
0.9576183070866141
 31
0
  0
LINE
  5
132
330
1A
100
AcDbEntity
  8
BLACK
  6
CONTINUOUS
100
AcDbLine
 10
1.1046197244094489
 20
0.9576183070866141
 30
0
 11
1.1066752755905511
 21
0.9540579921259842
 31
0
  0
LINE
  5
133
330
1A
100
AcDbEntity
  8
BLACK
  6
CONTINUOUS
100
AcDbLine
 10
1.1066752755905511
 20
0.9540579921259842
 30
0
 11
1.1077392913385826
 21
0.9500870078740157
 31
0
  0
LINE
  5
134
330
1A
100
AcDbEntity
  8
BLACK
  6
CONTINUOUS
100
AcDbLine
 10
1.1077392913385826
 20
0.9500870078740157
 30
0
 11
1.1077392913385826
 21
0.9459759842519685
 31
0
  0
LINE
  5
135
330
1A
100
AcDbEntity
  8
BLACK
  6
CONTINUOUS
100
AcDbLine
 10
1.1077392913385826
 20
0.9459759842519685
 30
0
 11
1.1066752755905511
 21
0.942005
 31
0
  0
LINE
  5
136
330
1A
100
AcDbEntity
  8
BLACK
  6
CONTINUOUS
100
AcDbLine
 10
1.1066752755905511
 20
0.942005
 30
0
 11
1.1046197244094489
 21
0.9384446850393701
 31
0
  0
LINE
  5
137
330
1A
100
AcDbEntity
  8
BLACK
  6
CONTINUOUS
100
AcDbLine
 10
1.1046197244094489
 20
0.9384446850393701
 30
0
 11
1.1017127952755905
 21
0.9355377559055118
 31
0
  0
LINE
  5
138
330
1A
100
AcDbEntity
  8
BLACK
  6
CONTINUOUS
100
AcDbLine
 10
1.1017127952755905
 20
0.9355377559055118
 30
0
 11
1.0981524803149607
 21
0.9334822047244095
 31
0
  0
LINE
  5
139
330
1A
100
AcDbEntity
  8
BLACK
  6
CONTINUOUS
100
AcDbLine
 10
1.0981524803149607
 20
0.9334822047244095
 30
0
 11
1.0941814960629921
 21
0.932418188976378
 31
0
  0
LINE
  5
13A
330
1A
100
AcDbEntity
  8
BLACK
  6
CONTINUOUS
100
AcDbLine
 10
1.0941814960629921
 20
0.932418188976378
 30
0
 11
1.0900704724409449
 21
0.932418188976378
 31
0
  0
LINE
  5
13B
330
1A
100
AcDbEntity
  8
BLACK
  6
CONTINUOUS
100
AcDbLine
 10
1.0900704724409449
 20
0.932418188976378
 30
0
 11
1.0860994881889763
 21
0.9334822047244095
 31
0
  0
LINE
  5
13C
330
1A
100
AcDbEntity
  8
BLACK
  6
CONTINUOUS
100
AcDbLine
 10
1.0860994881889763
 20
0.9334822047244095
 30
0
 11
1.0825391732283465
 21
0.9355377559055118
 31
0
  0
LINE
  5
13D
330
1A
100
AcDbEntity
  8
BLACK
  6
CONTINUOUS
100
AcDbLine
 10
1.0825391732283465
 20
0.9355377559055118
 30
0
 11
1.0796322440944881
 21
0.9384446850393701
 31
0
  0
LINE
  5
13E
330
1A
100
AcDbEntity
  8
BLACK
  6
CONTINUOUS
100
AcDbLine
 10
1.0796322440944881
 20
0.9384446850393701
 30
0
 11
1.0792116141732284
 21
0.9391732283464567
 31
0
  0
LINE
  5
13F
330
1A
100
AcDbEntity
  8
BLACK
  6
CONTINUOUS
100
AcDbLine
 10
1.0792116141732284
 20
0.9391732283464567
 30
0
 11
1.0145669291338582
 21
0.9391732283464567
 31
0
  0
LINE
  5
140
330
1A
100
AcDbEntity
  8
BLACK
  6
CONTINUOUS
100
AcDbLine
 10
1.0145669291338582
 20
0.9391732283464567
 30
0
 11
1.0128387795275591
 21
0.9393434251968503
 31
0
  0
LINE
  5
141
330
1A
100
AcDbEntity
  8
BLACK
  6
CONTINUOUS
100
AcDbLine
 10
1.0128387795275591
 20
0.9393434251968503
 30
0
 11
1.0128387401574803
 21
0.9393434251968503
 31
0
  0
LINE
  5
142
330
1A
100
AcDbEntity
  8
BLACK
  6
CONTINUOUS
100
AcDbLine
 10
1.0128387401574803
 20
0.9393434251968503
 30
0
 11
1.0096455118110237
 21
0.9406661023622047
 31
0
  0
LINE
  5
143
330
1A
100
AcDbEntity
  8
BLACK
  6
CONTINUOUS
100
AcDbLine
 10
1.0096455118110237
 20
0.9406661023622047
 30
0
 11
1.0083031889763778
 21
0.9417677559055118
 31
0
  0
LINE
  5
144
330
1A
100
AcDbEntity
  8
BLACK
  6
CONTINUOUS
100
AcDbLine
 10
1.0083031889763778
 20
0.9417677559055118
 30
0
 11
0.9677520078740157
 21
0.982318937007874
 31
0
  0
LINE
  5
145
330
1A
100
AcDbEntity
  8
BLACK
  6
CONTINUOUS
100
AcDbLine
 10
0.9677520078740157
 20
0.982318937007874
 30
0
 11
0.9666503543307087
 21
0.9836612598425196
 31
0
  0
LINE
  5
146
330
1A
100
AcDbEntity
  8
BLACK
  6
CONTINUOUS
100
AcDbLine
 10
0.9666503543307087
 20
0.9836612598425196
 30
0
 11
0.9653276771653543
 21
0.9868544881889764
 31
0
  0
LINE
  5
147
330
1A
100
AcDbEntity
  8
BLACK
  6
CONTINUOUS
100
AcDbLine
 10
0.9653276771653543
 20
0.9868544881889764
 30
0
 11
0.9653276771653543
 21
0.9868545275590551
 31
0
  0
LINE
  5
148
330
1A
100
AcDbEntity
  8
BLACK
  6
CONTINUOUS
100
AcDbLine
 10
0.9653276771653543
 20
0.9868545275590551
 30
0
 11
0.9651574803149606
 21
0.9885826771653543
 31
0
  0
LINE
  5
149
330
1A
100
AcDbEntity
  8
BLACK
  6
CONTINUOUS
100
AcDbLine
 10
0.9651574803149606
 20
0.9885826771653543
 30
0
 11
0.9651574803149606
 21
1.2973218897637795
 31
0
  0
LINE
  5
14A
330
1A
100
AcDbEntity
  8
BLACK
  6
CONTINUOUS
100
AcDbLine
 10
0.9651574803149606
 20
1.2973218897637795
 30
0
 11
0.964428937007874
 21
1.2977424803149606
 31
0
  0
LINE
  5
14B
330
1A
100
AcDbEntity
  8
BLACK
  6
CONTINUOUS
100
AcDbLine
 10
0.964428937007874
 20
1.2977424803149606
 30
0
 11
0.9615220078740158
 21
1.3006494094488188
 31
0
  0
LINE
  5
14C
330
1A
100
AcDbEntity
  8
BLACK
  6
CONTINUOUS
100
AcDbLine
 10
0.9615220078740158
 20
1.3006494094488188
 30
0
 11
0.9594664566929134
 21
1.3042097244094488
 31
0
  0
LINE
  5
14D
330
1A
100
AcDbEntity
  8
BLACK
  6
CONTINUOUS
100
AcDbLine
 10
0.9594664566929134
 20
1.3042097244094488
 30
0
 11
0.9584024409448819
 21
1.3081807086614172
 31
0
  0
LINE
  5
14E
330
1A
100
AcDbEntity
  8
BLACK
  6
CONTINUOUS
100
AcDbLine
 10
0.9584024409448819
 20
1.3081807086614172
 30
0
 11
0.9584024409448819
 21
1.3122917322834646
 31
0
  0
LINE
  5
14F
330
1A
100
AcDbEntity
  8
BLACK
  6
CONTINUOUS
100
AcDbLine
 10
0.9584024409448819
 20
1.3122917322834646
 30
0
 11
0.9594664566929134
 21
1.316262716535433
 31
0
  0
LINE
  5
150
330
1A
100
AcDbEntity
  8
BLACK
  6
CONTINUOUS
100
AcDbLine
 10
0.9594664566929134
 20
1.316262716535433
 30
0
 11
0.9615220078740158
 21
1.3198230314960631
 31
0
  0
LINE
  5
151
330
1A
100
AcDbEntity
  8
BLACK
  6
CONTINUOUS
100
AcDbLine
 10
0.9615220078740158
 20
1.3198230314960631
 30
0
 11
0.964428937007874
 21
1.3227299606299212
 31
0
  0
LINE
  5
152
330
1A
100
AcDbEntity
  8
BLACK
  6
CONTINUOUS
100
AcDbLine
 10
0.964428937007874
 20
1.3227299606299212
 30
0
 11
0.9679892519685039
 21
1.3247855118110237
 31
0
  0
LINE
  5
153
330
1A
100
AcDbEntity
  8
BLACK
  6
CONTINUOUS
100
AcDbLine
 10
0.9679892519685039
 20
1.3247855118110237
 30
0
 11
0.9719602362204725
 21
1.3258495275590552
 31
0
  0
LINE
  5
154
330
1A
100
AcDbEntity
  8
BLACK
  6
CONTINUOUS
100
AcDbLine
 10
0.9719602362204725
 20
1.3258495275590552
 30
0
 11
0.9760712598425196
 21
1.3258495275590552
 31
0
  0
LINE
  5
155
330
1A
100
AcDbEntity
  8
BLACK
  6
CONTINUOUS
100
AcDbLine
 10
0.9760712598425196
 20
1.3258495275590552
 30
0
 11
0.9800422440944881
 21
1.3247855118110237
 31
0
  0
LINE
  5
156
330
1A
100
AcDbEntity
  8
BLACK
  6
CONTINUOUS
100
AcDbLine
 10
0.9800422440944881
 20
1.3247855118110237
 30
0
 11
0.9836025590551181
 21
1.3227299606299212
 31
0
  0
LINE
  5
157
330
1A
100
AcDbEntity
  8
BLACK
  6
CONTINUOUS
100
AcDbLine
 10
0.9836025590551181
 20
1.3227299606299212
 30
0
 11
0.9865094881889763
 21
1.3198230314960631
 31
0
  0
LINE
  5
158
330
1A
100
AcDbEntity
  8
BLACK
  6
CONTINUOUS
100
AcDbLine
 10
0.9865094881889763
 20
1.3198230314960631
 30
0
 11
0.9885650393700787
 21
1.316262716535433
 31
0
  0
LINE
  5
159
330
1A
100
AcDbEntity
  8
BLACK
  6
CONTINUOUS
100
AcDbLine
 10
0.9885650393700787
 20
1.316262716535433
 30
0
 11
0.9896290551181102
 21
1.3122917322834646
 31
0
  0
LINE
  5
15A
330
1A
100
AcDbEntity
  8
BLACK
  6
CONTINUOUS
100
AcDbLine
 10
0.9896290551181102
 20
1.3122917322834646
 30
0
 11
0.9896290551181102
 21
1.3081807086614172
 31
0
  0
LINE
  5
15B
330
1A
100
AcDbEntity
  8
BLACK
  6
CONTINUOUS
100
AcDbLine
 10
0.9896290551181102
 20
1.3081807086614172
 30
0
 11
0.9885650393700787
 21
1.3042097244094488
 31
0
  0
LINE
  5
15C
330
1A
100
AcDbEntity
  8
BLACK
  6
CONTINUOUS
100
AcDbLine
 10
0.9885650393700787
 20
1.3042097244094488
 30
0
 11
0.9865094881889763
 21
1.3006494094488188
 31
0
  0
LINE
  5
15D
330
1A
100
AcDbEntity
  8
BLACK
  6
CONTINUOUS
100
AcDbLine
 10
0.9865094881889763
 20
1.3006494094488188
 30
0
 11
0.9836025590551181
 21
1.2977424803149606
 31
0
  0
LINE
  5
15E
330
1A
100
AcDbEntity
  8
BLACK
  6
CONTINUOUS
100
AcDbLine
 10
0.9836025590551181
 20
1.2977424803149606
 30
0
 11
0.9828740157480315
 21
1.2973218897637795
 31
0
  0
LINE
  5
15F
330
1A
100
AcDbEntity
  8
BLACK
  6
CONTINUOUS
100
AcDbLine
 10
0.9828740157480315
 20
1.2973218897637795
 30
0
 11
0.9828740157480315
 21
0.9922518897637795
 31
0
  0
LINE
  5
160
330
1A
100
AcDbEntity
  8
BLACK
  6
CONTINUOUS
100
AcDbLine
 10
0.9828740157480315
 20
0.9922518897637795
 30
0
 11
1.0182361417322834
 21
0.9568897637795275
 31
0
  0
LINE
  5
161
330
1A
100
AcDbEntity
  8
BLACK
  6
CONTINUOUS
100
AcDbLine
 10
1.0182361417322834
 20
0.9568897637795275
 30
0
 11
1.0792116141732284
 21
0.9568897637795275
 31
0
  0
LINE
  5
162
330
1A
100
AcDbEntity
  8
BLACK
  6
CONTINUOUS
100
AcDbLine
 10
1.0792116141732284
 20
0.9568897637795275
 30
0
 11
1.0796322440944881
 21
0.9576183070866141
 31
0
  0
LINE
  5
163
330
1A
100
AcDbEntity
  8
BLACK
  6
CONTINUOUS
100
AcDbLine
 10
1.0796322440944881
 20
0.9576183070866141
 30
0
 11
1.0825391732283465
 21
0.9605252362204724
 31
0
  0
LINE
  5
164
330
1A
100
AcDbEntity
  8
BLACK
  6
CONTINUOUS
100
AcDbLine
 10
1.0825391732283465
 20
0.9605252362204724
 30
0
 11
1.083267716535433
 21
0.9609458661417323
 31
0
  0
LINE
  5
165
330
1A
100
AcDbEntity
  8
BLACK
  6
CONTINUOUS
100
AcDbLine
 10
1.083267716535433
 20
0.9609458661417323
 30
0
 11
1.083267716535433
 21
1.1803149606299213
 31
0
  0
LINE
  5
166
330
1A
100
AcDbEntity
  8
BLACK
  6
CONTINUOUS
100
AcDbLine
 10
1.083267716535433
 20
1.1803149606299213
 30
0
 11
1.0834379133858267
 21
1.1820431102362206
 31
0
  0
LINE
  5
167
330
1A
100
AcDbEntity
  8
BLACK
  6
CONTINUOUS
100
AcDbLine
 10
1.0834379133858267
 20
1.1820431102362206
 30
0
 11
1.0836674015748031
 21
1.182597125984252
 31
0
  0
LINE
  5
168
330
1A
100
AcDbEntity
  8
BLACK
  6
CONTINUOUS
100
AcDbLine
 10
1.0836674015748031
 20
1.182597125984252
 30
0
 11
1.084760590551181
 21
1.1852363779527559
 31
0
  0
LINE
  5
169
330
1A
100
AcDbEntity
  8
BLACK
  6
CONTINUOUS
100
AcDbLine
 10
1.084760590551181
 20
1.1852363779527559
 30
0
 11
1.0858622440944881
 21
1.1865787007874016
 31
0
  0
LINE
  5
16A
330
1A
100
AcDbEntity
  8
BLACK
  6
CONTINUOUS
100
AcDbLine
 10
1.0858622440944881
 20
1.1865787007874016
 30
0
 11
1.1291693307086614
 21
1.2298857874015747
 31
0
  0
LINE
  5
16B
330
1A
100
AcDbEntity
  8
BLACK
  6
CONTINUOUS
100
AcDbLine
 10
1.1291693307086614
 20
1.2298857874015747
 30
0
 11
1.1305116535433071
 21
1.2309874409448818
 31
0
  0
LINE
  5
16C
330
1A
100
AcDbEntity
  8
BLACK
  6
CONTINUOUS
100
AcDbLine
 10
1.1305116535433071
 20
1.2309874409448818
 30
0
 11
1.1337048818897637
 21
1.2323101181102363
 31
0
  0
LINE
  5
16D
330
1A
100
AcDbEntity
  8
BLACK
  6
CONTINUOUS
100
AcDbLine
 10
1.1337048818897637
 20
1.2323101181102363
 30
0
 11
1.1337049212598425
 21
1.2323101181102363
 31
0
  0
LINE
  5
16E
330
1A
100
AcDbEntity
  8
BLACK
  6
CONTINUOUS
100
AcDbLine
 10
1.1337049212598425
 20
1.2323101181102363
 30
0
 11
1.1354330708661418
 21
1.2324803149606298
 31
0
  0
LINE
  5
16F
330
1A
100
AcDbEntity
  8
BLACK
  6
CONTINUOUS
100
AcDbLine
 10
1.1354330708661418
 20
1.2324803149606298
 30
0
 11
1.4741359055118111
 21
1.2324803149606298
 31
0
  0
LINE
  5
170
330
1A
100
AcDbEntity
  8
BLACK
  6
CONTINUOUS
100
AcDbLine
 10
1.4741359055118111
 20
1.2324803149606298
 30
0
 11
1.5631268503937008
 21
1.3214712598425196
 31
0
  0
LINE
  5
171
330
1A
100
AcDbEntity
  8
BLACK
  6
CONTINUOUS
100
AcDbLine
 10
1.5631268503937008
 20
1.3214712598425196
 30
0
 11
1.5631268503937008
 21
1.3226755905511811
 31
0
  0
LINE
  5
172
330
1A
100
AcDbEntity
  8
BLACK
  6
CONTINUOUS
100
AcDbLine
 10
1.5631268503937008
 20
1.3226755905511811
 30
0
 11
1.5641908661417323
 21
1.3266465748031495
 31
0
  0
LINE
  5
173
330
1A
100
AcDbEntity
  8
BLACK
  6
CONTINUOUS
100
AcDbLine
 10
1.5641908661417323
 20
1.3266465748031495
 30
0
 11
1.5662464173228345
 21
1.3302068897637795
 31
0
  0
LINE
  5
174
330
1A
100
AcDbEntity
  8
BLACK
  6
CONTINUOUS
100
AcDbLine
 10
1.5662464173228345
 20
1.3302068897637795
 30
0
 11
1.5691533464566929
 21
1.3331138188976377
 31
0
  0
LINE
  5
175
330
1A
100
AcDbEntity
  8
BLACK
  6
CONTINUOUS
100
AcDbLine
 10
1.5691533464566929
 20
1.3331138188976377
 30
0
 11
1.5727136614173227
 21
1.3351693700787401
 31
0
  0
LINE
  5
176
330
1A
100
AcDbEntity
  8
BLACK
  6
CONTINUOUS
100
AcDbLine
 10
1.5727136614173227
 20
1.3351693700787401
 30
0
 11
1.5766846456692913
 21
1.3362333858267716
 31
0
  0
LINE
  5
177
330
1A
100
AcDbEntity
  8
BLACK
  6
CONTINUOUS
100
AcDbLine
 10
1.5766846456692913
 20
1.3362333858267716
 30
0
 11
1.5807956692913385
 21
1.3362333858267716
 31
0
  0
LINE
  5
178
330
1A
100
AcDbEntity
  8
BLACK
  6
CONTINUOUS
100
AcDbLine
 10
1.5807956692913385
 20
1.3362333858267716
 30
0
 11
1.5847666535433071
 21
1.3351693700787401
 31
0
  0
LINE
  5
179
330
1A
100
AcDbEntity
  8
BLACK
  6
CONTINUOUS
100
AcDbLine
 10
0.8761052362204724
 20
1.2603662204724408
 30
0
 11
0.8796655511811023
 21
1.2583106692913386
 31
0
  0
LINE
  5
17A
330
1A
100
AcDbEntity
  8
BLACK
  6
CONTINUOUS
100
AcDbLine
 10
0.8796655511811023
 20
1.2583106692913386
 30
0
 11
0.8825724803149606
 21
1.2554037401574802
 31
0
  0
LINE
  5
17B
330
1A
100
AcDbEntity
  8
BLACK
  6
CONTINUOUS
100
AcDbLine
 10
0.8825724803149606
 20
1.2554037401574802
 30
0
 11
0.8840507874015748
 21
1.2528432283464566
 31
0
  0
LINE
  5
17C
330
1A
100
AcDbEntity
  8
BLACK
  6
CONTINUOUS
100
AcDbLine
 10
0.8840507874015748
 20
1.2528432283464566
 30
0
 11
0.8849799212598425
 21
1.2520806692913387
 31
0
  0
LINE
  5
17D
330
1A
100
AcDbEntity
  8
BLACK
  6
CONTINUOUS
100
AcDbLine
 10
0.8849799212598425
 20
1.2520806692913387
 30
0
 11
0.9353975984251969
 21
1.2016629921259843
 31
0
  0
LINE
  5
17E
330
1A
100
AcDbEntity
  8
BLACK
  6
CONTINUOUS
100
AcDbLine
 10
0.9353975984251969
 20
1.2016629921259843
 30
0
 11
0.9364992519685039
 21
1.2003206299212599
 31
0
  0
LINE
  5
17F
330
1A
100
AcDbEntity
  8
BLACK
  6
CONTINUOUS
100
AcDbLine
 10
0.9364992519685039
 20
1.2003206299212599
 30
0
 11
0.9376546062992126
 21
1.1975313385826771
 31
0
  0
LINE
  5
180
330
1A
100
AcDbEntity
  8
BLACK
  6
CONTINUOUS
100
AcDbLine
 10
0.9376546062992126
 20
1.1975313385826771
 30
0
 11
0.9378219291338582
 21
1.197127401574803
 31
0
  0
LINE
  5
181
330
1A
100
AcDbEntity
  8
BLACK
  6
CONTINUOUS
100
AcDbLine
 10
0.9378219291338582
 20
1.197127401574803
 30
0
 11
0.937992125984252
 21
1.1953992519685039
 31
0
  0
LINE
  5
182
330
1A
100
AcDbEntity
  8
BLACK
  6
CONTINUOUS
100
AcDbLine
 10
0.937992125984252
 20
1.1953992519685039
 30
0
 11
0.937992125984252
 21
1.0264478346456694
 31
0
  0
LINE
  5
183
330
1A
100
AcDbEntity
  8
BLACK
  6
CONTINUOUS
100
AcDbLine
 10
0.937992125984252
 20
1.0264478346456694
 30
0
 11
0.9387206692913386
 21
1.0260272047244094
 31
0
  0
LINE
  5
184
330
1A
100
AcDbEntity
  8
BLACK
  6
CONTINUOUS
100
AcDbLine
 10
0.9387206692913386
 20
1.0260272047244094
 30
0
 11
0.9416275984251968
 21
1.0231202755905511
 31
0
  0
LINE
  5
185
330
1A
100
AcDbEntity
  8
BLACK
  6
CONTINUOUS
100
AcDbLine
 10
0.9416275984251968
 20
1.0231202755905511
 30
0
 11
0.9436831496062992
 21
1.0195599606299213
 31
0
  0
LINE
  5
186
330
1A
100
AcDbEntity
  8
BLACK
  6
CONTINUOUS
100
AcDbLine
 10
0.9436831496062992
 20
1.0195599606299213
 30
0
 11
0.9447471653543307
 21
1.0155889763779526
 31
0
  0
LINE
  5
187
330
1A
100
AcDbEntity
  8
BLACK
  6
CONTINUOUS
100
AcDbLine
 10
0.9447471653543307
 20
1.0155889763779526
 30
0
 11
0.9447471653543307
 21
1.0114779527559055
 31
0
  0
LINE
  5
188
330
1A
100
AcDbEntity
  8
BLACK
  6
CONTINUOUS
100
AcDbLine
 10
0.9447471653543307
 20
1.0114779527559055
 30
0
 11
0.9436831496062992
 21
1.0075069685039371
 31
0
  0
LINE
  5
189
330
1A
100
AcDbEntity
  8
BLACK
  6
CONTINUOUS
100
AcDbLine
 10
0.9436831496062992
 20
1.0075069685039371
 30
0
 11
0.9416275984251968
 21
1.003946653543307
 31
0
  0
LINE
  5
18A
330
1A
100
AcDbEntity
  8
BLACK
  6
CONTINUOUS
100
AcDbLine
 10
0.9416275984251968
 20
1.003946653543307
 30
0
 11
0.9387206692913386
 21
1.0010397244094489
 31
0
  0
LINE
  5
18B
330
1A
100
AcDbEntity
  8
BLACK
  6
CONTINUOUS
100
AcDbLine
 10
0.9387206692913386
 20
1.0010397244094489
 30
0
 11
0.9351603543307087
 21
0.9989841732283464
 31
0
  0
LINE
  5
18C
330
1A
100
AcDbEntity
  8
BLACK
  6
CONTINUOUS
100
AcDbLine
 10
0.9351603543307087
 20
0.9989841732283464
 30
0
 11
0.9311893700787401
 21
0.9979201574803149
 31
0
  0
LINE
  5
18D
330
1A
100
AcDbEntity
  8
BLACK
  6
CONTINUOUS
100
AcDbLine
 10
0.9311893700787401
 20
0.9979201574803149
 30
0
 11
0.9270783464566928
 21
0.9979201574803149
 31
0
  0
LINE
  5
18E
330
1A
100
AcDbEntity
  8
BLACK
  6
CONTINUOUS
100
AcDbLine
 10
0.9270783464566928
 20
0.9979201574803149
 30
0
 11
0.9231073622047243
 21
0.9989841732283464
 31
0
  0
LINE
  5
18F
330
1A
100
AcDbEntity
  8
BLACK
  6
CONTINUOUS
100
AcDbLine
 10
0.9231073622047243
 20
0.9989841732283464
 30
0
 11
0.9195470472440944
 21
1.0010397244094489
 31
0
  0
LINE
  5
190
330
1A
100
AcDbEntity
  8
BLACK
  6
CONTINUOUS
100
AcDbLine
 10
0.9195470472440944
 20
1.0010397244094489
 30
0
 11
0.9166401181102362
 21
1.003946653543307
 31
0
  0
LINE
  5
191
330
1A
100
AcDbEntity
  8
BLACK
  6
CONTINUOUS
100
AcDbLine
 10
0.9166401181102362
 20
1.003946653543307
 30
0
 11
0.9145845669291338
 21
1.0075069685039371
 31
0
  0
LINE
  5
192
330
1A
100
AcDbEntity
  8
BLACK
  6
CONTINUOUS
100
AcDbLine
 10
0.9145845669291338
 20
1.0075069685039371
 30
0
 11
0.9135205511811023
 21
1.0114779527559055
 31
0
  0
LINE
  5
193
330
1A
100
AcDbEntity
  8
BLACK
  6
CONTINUOUS
100
AcDbLine
 10
0.9135205511811023
 20
1.0114779527559055
 30
0
 11
0.9135205511811023
 21
1.0155889763779526
 31
0
  0
LINE
  5
194
330
1A
100
AcDbEntity
  8
BLACK
  6
CONTINUOUS
100
AcDbLine
 10
0.9135205511811023
 20
1.0155889763779526
 30
0
 11
0.9145845669291338
 21
1.0195599606299213
 31
0
  0
LINE
  5
195
330
1A
100
AcDbEntity
  8
BLACK
  6
CONTINUOUS
100
AcDbLine
 10
0.9145845669291338
 20
1.0195599606299213
 30
0
 11
0.9166401181102362
 21
1.0231202755905511
 31
0
  0
LINE
  5
196
330
1A
100
AcDbEntity
  8
BLACK
  6
CONTINUOUS
100
AcDbLine
 10
0.9166401181102362
 20
1.0231202755905511
 30
0
 11
0.9195470472440944
 21
1.0260272047244094
 31
0
  0
LINE
  5
197
330
1A
100
AcDbEntity
  8
BLACK
  6
CONTINUOUS
100
AcDbLine
 10
0.9195470472440944
 20
1.0260272047244094
 30
0
 11
0.9202755905511811
 21
1.0264478346456694
 31
0
  0
LINE
  5
198
330
1A
100
AcDbEntity
  8
BLACK
  6
CONTINUOUS
100
AcDbLine
 10
0.9202755905511811
 20
1.0264478346456694
 30
0
 11
0.9202755905511811
 21
1.1917300393700787
 31
0
  0
LINE
  5
199
330
1A
100
AcDbEntity
  8
BLACK
  6
CONTINUOUS
100
AcDbLine
 10
0.9202755905511811
 20
1.1917300393700787
 30
0
 11
0.8790422834645669
 21
1.2329633464566929
 31
0
  0
LINE
  5
19A
330
1A
100
AcDbEntity
  8
BLACK
  6
CONTINUOUS
100
AcDbLine
 10
0.8790422834645669
 20
1.2329633464566929
 30
0
 11
0.8761052362204724
 21
1.2312676377952756
 31
0
  0
LINE
  5
19B
330
1A
100
AcDbEntity
  8
BLACK
  6
CONTINUOUS
100
AcDbLine
 10
0.8761052362204724
 20
1.2312676377952756
 30
0
 11
0.8721342519685039
 21
1.2302036220472441
 31
0
  0
LINE
  5
19C
330
1A
100
AcDbEntity
  8
BLACK
  6
CONTINUOUS
100
AcDbLine
 10
0.8721342519685039
 20
1.2302036220472441
 30
0
 11
0.8680232283464566
 21
1.2302036220472441
 31
0
  0
LINE
  5
19D
330
1A
100
AcDbEntity
  8
BLACK
  6
CONTINUOUS
100
AcDbLine
 10
0.8680232283464566
 20
1.2302036220472441
 30
0
 11
0.8640522440944882
 21
1.2312676377952756
 31
0
  0
LINE
  5
19E
330
1A
100
AcDbEntity
  8
BLACK
  6
CONTINUOUS
100
AcDbLine
 10
0.8640522440944882
 20
1.2312676377952756
 30
0
 11
0.8604919291338583
 21
1.2333231889763778
 31
0
  0
LINE
  5
19F
330
1A
100
AcDbEntity
  8
BLACK
  6
CONTINUOUS
100
AcDbLine
 10
0.8604919291338583
 20
1.2333231889763778
 30
0
 11
0.8575849999999999
 21
1.2362301181102362
 31
0
  0
LINE
  5
1A0
330
1A
100
AcDbEntity
  8
BLACK
  6
CONTINUOUS
100
AcDbLine
 10
0.8575849999999999
 20
1.2362301181102362
 30
0
 11
0.8555294488188976
 21
1.239790433070866
 31
0
  0
LINE
  5
1A1
330
1A
100
AcDbEntity
  8
BLACK
  6
CONTINUOUS
100
AcDbLine
 10
0.8555294488188976
 20
1.239790433070866
 30
0
 11
0.8544654330708661
 21
1.2437614173228346
 31
0
  0
LINE
  5
1A2
330
1A
100
AcDbEntity
  8
BLACK
  6
CONTINUOUS
100
AcDbLine
 10
0.8544654330708661
 20
1.2437614173228346
 30
0
 11
0.8544654330708661
 21
1.2478724409448818
 31
0
  0
LINE
  5
1A3
330
1A
100
AcDbEntity
  8
BLACK
  6
CONTINUOUS
100
AcDbLine
 10
0.8544654330708661
 20
1.2478724409448818
 30
0
 11
0.8555294488188976
 21
1.2518434251968504
 31
0
  0
LINE
  5
1A4
330
1A
100
AcDbEntity
  8
BLACK
  6
CONTINUOUS
100
AcDbLine
 10
0.8555294488188976
 20
1.2518434251968504
 30
0
 11
0.8575849999999999
 21
1.2554037401574802
 31
0
  0
LINE
  5
1A5
330
1A
100
AcDbEntity
  8
BLACK
  6
CONTINUOUS
100
AcDbLine
 10
0.8575849999999999
 20
1.2554037401574802
 30
0
 11
0.8604919291338583
 21
1.2583106692913386
 31
0
  0
LINE
  5
1A6
330
1A
100
AcDbEntity
  8
BLACK
  6
CONTINUOUS
100
AcDbLine
 10
0.8604919291338583
 20
1.2583106692913386
 30
0
 11
0.8640522440944882
 21
1.2603662204724408
 31
0
  0
LINE
  5
1A7
330
1A
100
AcDbEntity
  8
BLACK
  6
CONTINUOUS
100
AcDbLine
 10
0.8640522440944882
 20
1.2603662204724408
 30
0
 11
0.8680232283464566
 21
1.2614302362204723
 31
0
  0
LINE
  5
1A8
330
1A
100
AcDbEntity
  8
BLACK
  6
CONTINUOUS
100
AcDbLine
 10
0.8680232283464566
 20
1.2614302362204723
 30
0
 11
0.8721342519685039
 21
1.2614302362204723
 31
0
  0
LINE
  5
1A9
330
1A
100
AcDbEntity
  8
BLACK
  6
CONTINUOUS
100
AcDbLine
 10
0.8721342519685039
 20
1.2614302362204723
 30
0
 11
0.8761052362204724
 21
1.2603662204724408
 31
0
  0
LINE
  5
1AA
330
1A
100
AcDbEntity
  8
BLACK
  6
CONTINUOUS
100
AcDbLine
 10
1.174727283464567
 20
1.2009666141732283
 30
0
 11
1.1782875984251968
 21
1.198911062992126
 31
0
  0
LINE
  5
1AB
330
1A
100
AcDbEntity
  8
BLACK
  6
CONTINUOUS
100
AcDbLine
 10
1.1782875984251968
 20
1.198911062992126
 30
0
 11
1.1811945275590552
 21
1.1960041338582676
 31
0
  0
LINE
  5
1AC
330
1A
100
AcDbEntity
  8
BLACK
  6
CONTINUOUS
100
AcDbLine
 10
1.1811945275590552
 20
1.1960041338582676
 30
0
 11
1.1832500787401574
 21
1.1924438188976378
 31
0
  0
LINE
  5
1AD
330
1A
100
AcDbEntity
  8
BLACK
  6
CONTINUOUS
100
AcDbLine
 10
1.1832500787401574
 20
1.1924438188976378
 30
0
 11
1.1843140944881889
 21
1.1884728346456692
 31
0
  0
LINE
  5
1AE
330
1A
100
AcDbEntity
  8
BLACK
  6
CONTINUOUS
100
AcDbLine
 10
1.1843140944881889
 20
1.1884728346456692
 30
0
 11
1.1843140944881889
 21
1.184361811023622
 31
0
  0
LINE
  5
1AF
330
1A
100
AcDbEntity
  8
BLACK
  6
CONTINUOUS
100
AcDbLine
 10
1.1843140944881889
 20
1.184361811023622
 30
0
 11
1.1832500787401574
 21
1.1803908267716534
 31
0
  0
LINE
  5
1B0
330
1A
100
AcDbEntity
  8
BLACK
  6
CONTINUOUS
100
AcDbLine
 10
1.1832500787401574
 20
1.1803908267716534
 30
0
 11
1.1811945275590552
 21
1.1768305118110236
 31
0
  0
LINE
  5
1B1
330
1A
100
AcDbEntity
  8
BLACK
  6
CONTINUOUS
100
AcDbLine
 10
1.1811945275590552
 20
1.1768305118110236
 30
0
 11
1.1782875984251968
 21
1.1739235826771652
 31
0
  0
LINE
  5
1B2
330
1A
100
AcDbEntity
  8
BLACK
  6
CONTINUOUS
100
AcDbLine
 10
1.1782875984251968
 20
1.1739235826771652
 30
0
 11
1.174727283464567
 21
1.171868031496063
 31
0
  0
LINE
  5
1B3
330
1A
100
AcDbEntity
  8
BLACK
  6
CONTINUOUS
100
AcDbLine
 10
1.174727283464567
 20
1.171868031496063
 30
0
 11
1.1707562992125984
 21
1.1708040157480315
 31
0
  0
LINE
  5
1B4
330
1A
100
AcDbEntity
  8
BLACK
  6
CONTINUOUS
100
AcDbLine
 10
1.1707562992125984
 20
1.1708040157480315
 30
0
 11
1.1666452755905512
 21
1.1708040157480315
 31
0
  0
LINE
  5
1B5
330
1A
100
AcDbEntity
  8
BLACK
  6
CONTINUOUS
100
AcDbLine
 10
1.1666452755905512
 20
1.1708040157480315
 30
0
 11
1.1626742913385826
 21
1.171868031496063
 31
0
  0
LINE
  5
1B6
330
1A
100
AcDbEntity
  8
BLACK
  6
CONTINUOUS
100
AcDbLine
 10
1.1626742913385826
 20
1.171868031496063
 30
0
 11
1.1591139763779528
 21
1.1739235826771652
 31
0
  0
LINE
  5
1B7
330
1A
100
AcDbEntity
  8
BLACK
  6
CONTINUOUS
100
AcDbLine
 10
1.1591139763779528
 20
1.1739235826771652
 30
0
 11
1.1562070472440944
 21
1.1768305118110236
 31
0
  0
LINE
  5
1B8
330
1A
100
AcDbEntity
  8
BLACK
  6
CONTINUOUS
100
AcDbLine
 10
1.1562070472440944
 20
1.1768305118110236
 30
0
 11
1.1541514960629922
 21
1.1803908267716534
 31
0
  0
LINE
  5
1B9
330
1A
100
AcDbEntity
  8
BLACK
  6
CONTINUOUS
100
AcDbLine
 10
1.1541514960629922
 20
1.1803908267716534
 30
0
 11
1.1530874803149607
 21
1.184361811023622
 31
0
  0
LINE
  5
1BA
330
1A
100
AcDbEntity
  8
BLACK
  6
CONTINUOUS
100
AcDbLine
 10
1.1530874803149607
 20
1.184361811023622
 30
0
 11
1.1530874803149607
 21
1.1884728346456692
 31
0
  0
LINE
  5
1BB
330
1A
100
AcDbEntity
  8
BLACK
  6
CONTINUOUS
100
AcDbLine
 10
1.1530874803149607
 20
1.1884728346456692
 30
0
 11
1.1541514960629922
 21
1.1924438188976378
 31
0
  0
LINE
  5
1BC
330
1A
100
AcDbEntity
  8
BLACK
  6
CONTINUOUS
100
AcDbLine
 10
1.1541514960629922
 20
1.1924438188976378
 30
0
 11
1.1562070472440944
 21
1.1960041338582676
 31
0
  0
LINE
  5
1BD
330
1A
100
AcDbEntity
  8
BLACK
  6
CONTINUOUS
100
AcDbLine
 10
1.1562070472440944
 20
1.1960041338582676
 30
0
 11
1.1591139763779528
 21
1.198911062992126
 31
0
  0
LINE
  5
1BE
330
1A
100
AcDbEntity
  8
BLACK
  6
CONTINUOUS
100
AcDbLine
 10
1.1591139763779528
 20
1.198911062992126
 30
0
 11
1.1626742913385826
 21
1.2009666141732283
 31
0
  0
LINE
  5
1BF
330
1A
100
AcDbEntity
  8
BLACK
  6
CONTINUOUS
100
AcDbLine
 10
1.1626742913385826
 20
1.2009666141732283
 30
0
 11
1.1666452755905512
 21
1.2020306299212598
 31
0
  0
LINE
  5
1C0
330
1A
100
AcDbEntity
  8
BLACK
  6
CONTINUOUS
100
AcDbLine
 10
1.1666452755905512
 20
1.2020306299212598
 30
0
 11
1.1707562992125984
 21
1.2020306299212598
 31
0
  0
LINE
  5
1C1
330
1A
100
AcDbEntity
  8
BLACK
  6
CONTINUOUS
100
AcDbLine
 10
1.1707562992125984
 20
1.2020306299212598
 30
0
 11
1.174727283464567
 21
1.2009666141732283
 31
0
  0
LINE
  5
1C2
330
1A
100
AcDbEntity
  8
BLACK
  6
CONTINUOUS
100
AcDbLine
 10
1.0847666535433071
 20
1.4178465354330709
 30
0
 11
1.088326968503937
 21
1.4157909842519685
 31
0
  0
LINE
  5
1C3
330
1A
100
AcDbEntity
  8
BLACK
  6
CONTINUOUS
100
AcDbLine
 10
1.088326968503937
 20
1.4157909842519685
 30
0
 11
1.0912338976377953
 21
1.4128840551181101
 31
0
  0
LINE
  5
1C4
330
1A
100
AcDbEntity
  8
BLACK
  6
CONTINUOUS
100
AcDbLine
 10
1.0912338976377953
 20
1.4128840551181101
 30
0
 11
1.0932894488188976
 21
1.4093237401574803
 31
0
  0
LINE
  5
1C5
330
1A
100
AcDbEntity
  8
BLACK
  6
CONTINUOUS
100
AcDbLine
 10
1.0932894488188976
 20
1.4093237401574803
 30
0
 11
1.0943534645669291
 21
1.4053527559055117
 31
0
  0
LINE
  5
1C6
330
1A
100
AcDbEntity
  8
BLACK
  6
CONTINUOUS
100
AcDbLine
 10
1.0943534645669291
 20
1.4053527559055117
 30
0
 11
1.0943534645669291
 21
1.4012417322834645
 31
0
  0
LINE
  5
1C7
330
1A
100
AcDbEntity
  8
BLACK
  6
CONTINUOUS
100
AcDbLine
 10
1.0943534645669291
 20
1.4012417322834645
 30
0
 11
1.0941357086614174
 21
1.4004291732283465
 31
0
  0
LINE
  5
1C8
330
1A
100
AcDbEntity
  8
BLACK
  6
CONTINUOUS
100
AcDbLine
 10
1.0941357086614174
 20
1.4004291732283465
 30
0
 11
1.109216496062992
 21
1.3853483858267717
 31
0
  0
LINE
  5
1C9
330
1A
100
AcDbEntity
  8
BLACK
  6
CONTINUOUS
100
AcDbLine
 10
1.109216496062992
 20
1.3853483858267717
 30
0
 11
1.1103181102362205
 21
1.384006062992126
 31
0
  0
LINE
  5
1CA
330
1A
100
AcDbEntity
  8
BLACK
  6
CONTINUOUS
100
AcDbLine
 10
1.1103181102362205
 20
1.384006062992126
 30
0
 11
1.1103181496062993
 21
1.3840060236220473
 31
0
  0
LINE
  5
1CB
330
1A
100
AcDbEntity
  8
BLACK
  6
CONTINUOUS
100
AcDbLine
 10
1.1103181496062993
 20
1.3840060236220473
 30
0
 11
1.1116408267716535
 21
1.3808127952755904
 31
0
  0
LINE
  5
1CC
330
1A
100
AcDbEntity
  8
BLACK
  6
CONTINUOUS
100
AcDbLine
 10
1.1116408267716535
 20
1.3808127952755904
 30
0
 11
1.1118110236220473
 21
1.3790846456692913
 31
0
  0
LINE
  5
1CD
330
1A
100
AcDbEntity
  8
BLACK
  6
CONTINUOUS
100
AcDbLine
 10
1.1118110236220473
 20
1.3790846456692913
 30
0
 11
1.1118110236220473
 21
1.376897559055118
 31
0
  0
LINE
  5
1CE
330
1A
100
AcDbEntity
  8
BLACK
  6
CONTINUOUS
100
AcDbLine
 10
1.1118110236220473
 20
1.376897559055118
 30
0
 11
1.2168581889763779
 21
1.2718503937007875
 31
0
  0
LINE
  5
1CF
330
1A
100
AcDbEntity
  8
BLACK
  6
CONTINUOUS
100
AcDbLine
 10
1.2168581889763779
 20
1.2718503937007875
 30
0
 11
1.4340344488188976
 21
1.2718503937007875
 31
0
  0
LINE
  5
1D0
330
1A
100
AcDbEntity
  8
BLACK
  6
CONTINUOUS
100
AcDbLine
 10
1.4340344488188976
 20
1.2718503937007875
 30
0
 11
1.4344550787401575
 21
1.2725789370078739
 31
0
  0
LINE
  5
1D1
330
1A
100
AcDbEntity
  8
BLACK
  6
CONTINUOUS
100
AcDbLine
 10
1.4344550787401575
 20
1.2725789370078739
 30
0
 11
1.4373620078740157
 21
1.2754858661417323
 31
0
  0
LINE
  5
1D2
330
1A
100
AcDbEntity
  8
BLACK
  6
CONTINUOUS
100
AcDbLine
 10
1.4373620078740157
 20
1.2754858661417323
 30
0
 11
1.4409223228346457
 21
1.2775414173228345
 31
0
  0
LINE
  5
1D3
330
1A
100
AcDbEntity
  8
BLACK
  6
CONTINUOUS
100
AcDbLine
 10
1.4409223228346457
 20
1.2775414173228345
 30
0
 11
1.4448933070866141
 21
1.278605433070866
 31
0
  0
LINE
  5
1D4
330
1A
100
AcDbEntity
  8
BLACK
  6
CONTINUOUS
100
AcDbLine
 10
1.4448933070866141
 20
1.278605433070866
 30
0
 11
1.4490043307086613
 21
1.278605433070866
 31
0
  0
LINE
  5
1D5
330
1A
100
AcDbEntity
  8
BLACK
  6
CONTINUOUS
100
AcDbLine
 10
1.4490043307086613
 20
1.278605433070866
 30
0
 11
1.4529753149606299
 21
1.2775414173228345
 31
0
  0
LINE
  5
1D6
330
1A
100
AcDbEntity
  8
BLACK
  6
CONTINUOUS
100
AcDbLine
 10
1.4529753149606299
 20
1.2775414173228345
 30
0
 11
1.4565356299212597
 21
1.2754858661417323
 31
0
  0
LINE
  5
1D7
330
1A
100
AcDbEntity
  8
BLACK
  6
CONTINUOUS
100
AcDbLine
 10
1.4565356299212597
 20
1.2754858661417323
 30
0
 11
1.4594425590551181
 21
1.2725789370078739
 31
0
  0
LINE
  5
1D8
330
1A
100
AcDbEntity
  8
BLACK
  6
CONTINUOUS
100
AcDbLine
 10
1.4594425590551181
 20
1.2725789370078739
 30
0
 11
1.4614981102362203
 21
1.2690186220472441
 31
0
  0
LINE
  5
1D9
330
1A
100
AcDbEntity
  8
BLACK
  6
CONTINUOUS
100
AcDbLine
 10
1.4614981102362203
 20
1.2690186220472441
 30
0
 11
1.4625621259842518
 21
1.2650476377952755
 31
0
  0
LINE
  5
1DA
330
1A
100
AcDbEntity
  8
BLACK
  6
CONTINUOUS
100
AcDbLine
 10
1.4625621259842518
 20
1.2650476377952755
 30
0
 11
1.4625621259842518
 21
1.2609366141732283
 31
0
  0
LINE
  5
1DB
330
1A
100
AcDbEntity
  8
BLACK
  6
CONTINUOUS
100
AcDbLine
 10
1.4625621259842518
 20
1.2609366141732283
 30
0
 11
1.4614981102362203
 21
1.2569656299212597
 31
0
  0
LINE
  5
1DC
330
1A
100
AcDbEntity
  8
BLACK
  6
CONTINUOUS
100
AcDbLine
 10
1.4614981102362203
 20
1.2569656299212597
 30
0
 11
1.4594425590551181
 21
1.2534053149606299
 31
0
  0
LINE
  5
1DD
330
1A
100
AcDbEntity
  8
BLACK
  6
CONTINUOUS
100
AcDbLine
 10
1.4594425590551181
 20
1.2534053149606299
 30
0
 11
1.4565356299212597
 21
1.2504983858267715
 31
0
  0
LINE
  5
1DE
330
1A
100
AcDbEntity
  8
BLACK
  6
CONTINUOUS
100
AcDbLine
 10
1.4565356299212597
 20
1.2504983858267715
 30
0
 11
1.4529753149606299
 21
1.2484428346456693
 31
0
  0
LINE
  5
1DF
330
1A
100
AcDbEntity
  8
BLACK
  6
CONTINUOUS
100
AcDbLine
 10
1.4529753149606299
 20
1.2484428346456693
 30
0
 11
1.4490043307086613
 21
1.2473788188976378
 31
0
  0
LINE
  5
1E0
330
1A
100
AcDbEntity
  8
BLACK
  6
CONTINUOUS
100
AcDbLine
 10
1.4490043307086613
 20
1.2473788188976378
 30
0
 11
1.4448933070866141
 21
1.2473788188976378
 31
0
  0
LINE
  5
1E1
330
1A
100
AcDbEntity
  8
BLACK
  6
CONTINUOUS
100
AcDbLine
 10
1.4448933070866141
 20
1.2473788188976378
 30
0
 11
1.4409223228346457
 21
1.2484428346456693
 31
0
  0
LINE
  5
1E2
330
1A
100
AcDbEntity
  8
BLACK
  6
CONTINUOUS
100
AcDbLine
 10
1.4409223228346457
 20
1.2484428346456693
 30
0
 11
1.4373620078740157
 21
1.2504983858267715
 31
0
  0
LINE
  5
1E3
330
1A
100
AcDbEntity
  8
BLACK
  6
CONTINUOUS
100
AcDbLine
 10
1.4373620078740157
 20
1.2504983858267715
 30
0
 11
1.4344550787401575
 21
1.2534053149606299
 31
0
  0
LINE
  5
1E4
330
1A
100
AcDbEntity
  8
BLACK
  6
CONTINUOUS
100
AcDbLine
 10
1.4344550787401575
 20
1.2534053149606299
 30
0
 11
1.4340344488188976
 21
1.2541338582677166
 31
0
  0
LINE
  5
1E5
330
1A
100
AcDbEntity
  8
BLACK
  6
CONTINUOUS
100
AcDbLine
 10
1.4340344488188976
 20
1.2541338582677166
 30
0
 11
1.2131889763779526
 21
1.2541338582677166
 31
0
  0
LINE
  5
1E6
330
1A
100
AcDbEntity
  8
BLACK
  6
CONTINUOUS
100
AcDbLine
 10
1.2131889763779526
 20
1.2541338582677166
 30
0
 11
1.2114608267716536
 21
1.2543040551181102
 31
0
  0
LINE
  5
1E7
330
1A
100
AcDbEntity
  8
BLACK
  6
CONTINUOUS
100
AcDbLine
 10
1.2114608267716536
 20
1.2543040551181102
 30
0
 11
1.2114607874015748
 21
1.2543040551181102
 31
0
  0
LINE
  5
1E8
330
1A
100
AcDbEntity
  8
BLACK
  6
CONTINUOUS
100
AcDbLine
 10
1.2114607874015748
 20
1.2543040551181102
 30
0
 11
1.2082675590551182
 21
1.2556267322834644
 31
0
  0
LINE
  5
1E9
330
1A
100
AcDbEntity
  8
BLACK
  6
CONTINUOUS
100
AcDbLine
 10
1.2082675590551182
 20
1.2556267322834644
 30
0
 11
1.2069252362204723
 21
1.2567283858267717
 31
0
  0
LINE
  5
1EA
330
1A
100
AcDbEntity
  8
BLACK
  6
CONTINUOUS
100
AcDbLine
 10
1.2069252362204723
 20
1.2567283858267717
 30
0
 11
1.0966890157480316
 21
1.3669646062992125
 31
0
  0
LINE
  5
1EB
330
1A
100
AcDbEntity
  8
BLACK
  6
CONTINUOUS
100
AcDbLine
 10
1.0966890157480316
 20
1.3669646062992125
 30
0
 11
1.0955873622047243
 21
1.3683069291338583
 31
0
  0
LINE
  5
1EC
330
1A
100
AcDbEntity
  8
BLACK
  6
CONTINUOUS
100
AcDbLine
 10
1.0955873622047243
 20
1.3683069291338583
 30
0
 11
1.09426468503937
 21
1.371500157480315
 31
0
  0
LINE
  5
1ED
330
1A
100
AcDbEntity
  8
BLACK
  6
CONTINUOUS
100
AcDbLine
 10
1.09426468503937
 20
1.371500157480315
 30
0
 11
1.09426468503937
 21
1.3715001968503937
 31
0
  0
LINE
  5
1EE
330
1A
100
AcDbEntity
  8
BLACK
  6
CONTINUOUS
100
AcDbLine
 10
1.09426468503937
 20
1.3715001968503937
 30
0
 11
1.0940944881889763
 21
1.3732283464566928
 31
0
  0
LINE
  5
1EF
330
1A
100
AcDbEntity
  8
BLACK
  6
CONTINUOUS
100
AcDbLine
 10
1.0940944881889763
 20
1.3732283464566928
 30
0
 11
1.0940944881889763
 21
1.3754154330708661
 31
0
  0
LINE
  5
1F0
330
1A
100
AcDbEntity
  8
BLACK
  6
CONTINUOUS
100
AcDbLine
 10
1.0940944881889763
 20
1.3754154330708661
 30
0
 11
1.0816082283464568
 21
1.3879016929133858
 31
0
  0
LINE
  5
1F1
330
1A
100
AcDbEntity
  8
BLACK
  6
CONTINUOUS
100
AcDbLine
 10
1.0816082283464568
 20
1.3879016929133858
 30
0
 11
1.0807956692913385
 21
1.387683937007874
 31
0
  0
LINE
  5
1F2
330
1A
100
AcDbEntity
  8
BLACK
  6
CONTINUOUS
100
AcDbLine
 10
1.0807956692913385
 20
1.387683937007874
 30
0
 11
1.0766846456692913
 21
1.387683937007874
 31
0
  0
LINE
  5
1F3
330
1A
100
AcDbEntity
  8
BLACK
  6
CONTINUOUS
100
AcDbLine
 10
1.0766846456692913
 20
1.387683937007874
 30
0
 11
1.0727136614173227
 21
1.3887479527559055
 31
0
  0
LINE
  5
1F4
330
1A
100
AcDbEntity
  8
BLACK
  6
CONTINUOUS
100
AcDbLine
 10
1.0727136614173227
 20
1.3887479527559055
 30
0
 11
1.0691533464566929
 21
1.3908035039370079
 31
0
  0
LINE
  5
1F5
330
1A
100
AcDbEntity
  8
BLACK
  6
CONTINUOUS
100
AcDbLine
 10
1.0691533464566929
 20
1.3908035039370079
 30
0
 11
1.0662464173228345
 21
1.3937104330708661
 31
0
  0
LINE
  5
1F6
330
1A
100
AcDbEntity
  8
BLACK
  6
CONTINUOUS
100
AcDbLine
 10
1.0662464173228345
 20
1.3937104330708661
 30
0
 11
1.0658257874015749
 21
1.3944389763779528
 31
0
  0
LINE
  5
1F7
330
1A
100
AcDbEntity
  8
BLACK
  6
CONTINUOUS
100
AcDbLine
 10
1.0658257874015749
 20
1.3944389763779528
 30
0
 11
0.9209920472440944
 21
1.3944389763779528
 31
0
  0
LINE
  5
1F8
330
1A
100
AcDbEntity
  8
BLACK
  6
CONTINUOUS
100
AcDbLine
 10
0.9209920472440944
 20
1.3944389763779528
 30
0
 11
0.8238188976377953
 21
1.2972658267716535
 31
0
  0
LINE
  5
1F9
330
1A
100
AcDbEntity
  8
BLACK
  6
CONTINUOUS
100
AcDbLine
 10
0.8238188976377953
 20
1.2972658267716535
 30
0
 11
0.8238188976377953
 21
1.2258640944881889
 31
0
  0
LINE
  5
1FA
330
1A
100
AcDbEntity
  8
BLACK
  6
CONTINUOUS
100
AcDbLine
 10
0.8238188976377953
 20
1.2258640944881889
 30
0
 11
0.834377874015748
 21
1.2153051181102361
 31
0
  0
LINE
  5
1FB
330
1A
100
AcDbEntity
  8
BLACK
  6
CONTINUOUS
100
AcDbLine
 10
0.834377874015748
 20
1.2153051181102361
 30
0
 11
0.8592597244094488
 21
1.2153051181102361
 31
0
  0
LINE
  5
1FC
330
1A
100
AcDbEntity
  8
BLACK
  6
CONTINUOUS
100
AcDbLine
 10
0.8592597244094488
 20
1.2153051181102361
 30
0
 11
0.8596519291338582
 21
1.2159844488188976
 31
0
  0
LINE
  5
1FD
330
1A
100
AcDbEntity
  8
BLACK
  6
CONTINUOUS
100
AcDbLine
 10
0.8596519291338582
 20
1.2159844488188976
 30
0
 11
0.8625588582677165
 21
1.2188913779527559
 31
0
  0
LINE
  5
1FE
330
1A
100
AcDbEntity
  8
BLACK
  6
CONTINUOUS
100
AcDbLine
 10
0.8625588582677165
 20
1.2188913779527559
 30
0
 11
0.8661191732283464
 21
1.2209469291338582
 31
0
  0
LINE
  5
1FF
330
1A
100
AcDbEntity
  8
BLACK
  6
CONTINUOUS
100
AcDbLine
 10
0.8661191732283464
 20
1.2209469291338582
 30
0
 11
0.8700901574803149
 21
1.2220109448818897
 31
0
  0
LINE
  5
200
330
1A
100
AcDbEntity
  8
BLACK
  6
CONTINUOUS
100
AcDbLine
 10
0.8700901574803149
 20
1.2220109448818897
 30
0
 11
0.8742011811023622
 21
1.2220109448818897
 31
0
  0
LINE
  5
201
330
1A
100
AcDbEntity
  8
BLACK
  6
CONTINUOUS
100
AcDbLine
 10
0.8742011811023622
 20
1.2220109448818897
 30
0
 11
0.8781721653543307
 21
1.2209469291338582
 31
0
  0
LINE
  5
202
330
1A
100
AcDbEntity
  8
BLACK
  6
CONTINUOUS
100
AcDbLine
 10
0.8781721653543307
 20
1.2209469291338582
 30
0
 11
0.8817324803149607
 21
1.2188913779527559
 31
0
  0
LINE
  5
203
330
1A
100
AcDbEntity
  8
BLACK
  6
CONTINUOUS
100
AcDbLine
 10
0.8817324803149607
 20
1.2188913779527559
 30
0
 11
0.8846394094488189
 21
1.2159844488188976
 31
0
  0
LINE
  5
204
330
1A
100
AcDbEntity
  8
BLACK
  6
CONTINUOUS
100
AcDbLine
 10
0.8846394094488189
 20
1.2159844488188976
 30
0
 11
0.8866949606299213
 21
1.2124241338582677
 31
0
  0
LINE
  5
205
330
1A
100
AcDbEntity
  8
BLACK
  6
CONTINUOUS
100
AcDbLine
 10
0.8866949606299213
 20
1.2124241338582677
 30
0
 11
0.8877589763779528
 21
1.2084531496062991
 31
0
  0
LINE
  5
206
330
1A
100
AcDbEntity
  8
BLACK
  6
CONTINUOUS
100
AcDbLine
 10
0.8877589763779528
 20
1.2084531496062991
 30
0
 11
0.8877589763779528
 21
1.2043421259842519
 31
0
  0
LINE
  5
207
330
1A
100
AcDbEntity
  8
BLACK
  6
CONTINUOUS
100
AcDbLine
 10
0.8877589763779528
 20
1.2043421259842519
 30
0
 11
0.8866949606299213
 21
1.2003711417322835
 31
0
  0
LINE
  5
208
330
1A
100
AcDbEntity
  8
BLACK
  6
CONTINUOUS
100
AcDbLine
 10
0.8866949606299213
 20
1.2003711417322835
 30
0
 11
0.8846394094488189
 21
1.1968108267716535
 31
0
  0
LINE
  5
209
330
1A
100
AcDbEntity
  8
BLACK
  6
CONTINUOUS
100
AcDbLine
 10
0.8846394094488189
 20
1.1968108267716535
 30
0
 11
0.8817324803149607
 21
1.1939038976377951
 31
0
  0
LINE
  5
20A
330
1A
100
AcDbEntity
  8
BLACK
  6
CONTINUOUS
100
AcDbLine
 10
0.8817324803149607
 20
1.1939038976377951
 30
0
 11
0.8781721653543307
 21
1.1918483464566929
 31
0
  0
LINE
  5
20B
330
1A
100
AcDbEntity
  8
BLACK
  6
CONTINUOUS
100
AcDbLine
 10
0.8781721653543307
 20
1.1918483464566929
 30
0
 11
0.8742011811023622
 21
1.1907843307086614
 31
0
  0
LINE
  5
20C
330
1A
100
AcDbEntity
  8
BLACK
  6
CONTINUOUS
100
AcDbLine
 10
0.8742011811023622
 20
1.1907843307086614
 30
0
 11
0.8700901574803149
 21
1.1907843307086614
 31
0
  0
LINE
  5
20D
330
1A
100
AcDbEntity
  8
BLACK
  6
CONTINUOUS
100
AcDbLine
 10
0.8700901574803149
 20
1.1907843307086614
 30
0
 11
0.8661191732283464
 21
1.1918483464566929
 31
0
  0
LINE
  5
20E
330
1A
100
AcDbEntity
  8
BLACK
  6
CONTINUOUS
100
AcDbLine
 10
0.8661191732283464
 20
1.1918483464566929
 30
0
 11
0.8625588582677165
 21
1.1939038976377951
 31
0
  0
LINE
  5
20F
330
1A
100
AcDbEntity
  8
BLACK
  6
CONTINUOUS
100
AcDbLine
 10
0.8625588582677165
 20
1.1939038976377951
 30
0
 11
0.8596519291338582
 21
1.1968108267716535
 31
0
  0
LINE
  5
210
330
1A
100
AcDbEntity
  8
BLACK
  6
CONTINUOUS
100
AcDbLine
 10
0.8596519291338582
 20
1.1968108267716535
 30
0
 11
0.859202874015748
 21
1.1975885826771653
 31
0
  0
LINE
  5
211
330
1A
100
AcDbEntity
  8
BLACK
  6
CONTINUOUS
100
AcDbLine
 10
0.859202874015748
 20
1.1975885826771653
 30
0
 11
0.8307086614173228
 21
1.1975885826771653
 31
0
  0
LINE
  5
212
330
1A
100
AcDbEntity
  8
BLACK
  6
CONTINUOUS
100
AcDbLine
 10
0.8307086614173228
 20
1.1975885826771653
 30
0
 11
0.8289805118110236
 21
1.197758779527559
 31
0
  0
LINE
  5
213
330
1A
100
AcDbEntity
  8
BLACK
  6
CONTINUOUS
100
AcDbLine
 10
0.8289805118110236
 20
1.197758779527559
 30
0
 11
0.8257872834645669
 21
1.1990814566929133
 31
0
  0
LINE
  5
214
330
1A
100
AcDbEntity
  8
BLACK
  6
CONTINUOUS
100
AcDbLine
 10
0.8257872834645669
 20
1.1990814566929133
 30
0
 11
0.8257872440944881
 21
1.1990814960629921
 31
0
  0
LINE
  5
215
330
1A
100
AcDbEntity
  8
BLACK
  6
CONTINUOUS
100
AcDbLine
 10
0.8257872440944881
 20
1.1990814960629921
 30
0
 11
0.8244449212598425
 21
1.2001831102362204
 31
0
  0
LINE
  5
216
330
1A
100
AcDbEntity
  8
BLACK
  6
CONTINUOUS
100
AcDbLine
 10
0.8244449212598425
 20
1.2001831102362204
 30
0
 11
0.8086968897637795
 21
1.2159311417322833
 31
0
  0
LINE
  5
217
330
1A
100
AcDbEntity
  8
BLACK
  6
CONTINUOUS
100
AcDbLine
 10
0.8086968897637795
 20
1.2159311417322833
 30
0
 11
0.8075952362204725
 21
1.2172734645669292
 31
0
  0
LINE
  5
218
330
1A
100
AcDbEntity
  8
BLACK
  6
CONTINUOUS
100
AcDbLine
 10
0.8075952362204725
 20
1.2172734645669292
 30
0
 11
0.8062725590551181
 21
1.2204666929133858
 31
0
  0
LINE
  5
219
330
1A
100
AcDbEntity
  8
BLACK
  6
CONTINUOUS
100
AcDbLine
 10
0.8062725590551181
 20
1.2204666929133858
 30
0
 11
0.8062725590551181
 21
1.2204667322834646
 31
0
  0
LINE
  5
21A
330
1A
100
AcDbEntity
  8
BLACK
  6
CONTINUOUS
100
AcDbLine
 10
0.8062725590551181
 20
1.2204667322834646
 30
0
 11
0.8061023622047244
 21
1.2221948818897637
 31
0
  0
LINE
  5
21B
330
1A
100
AcDbEntity
  8
BLACK
  6
CONTINUOUS
100
AcDbLine
 10
0.8061023622047244
 20
1.2221948818897637
 30
0
 11
0.8061023622047244
 21
1.3009350393700787
 31
0
  0
LINE
  5
21C
330
1A
100
AcDbEntity
  8
BLACK
  6
CONTINUOUS
100
AcDbLine
 10
0.8061023622047244
 20
1.3009350393700787
 30
0
 11
0.8062725590551181
 21
1.302663188976378
 31
0
  0
LINE
  5
21D
330
1A
100
AcDbEntity
  8
BLACK
  6
CONTINUOUS
100
AcDbLine
 10
0.8062725590551181
 20
1.302663188976378
 30
0
 11
0.8063157086614173
 21
1.3027673228346457
 31
0
  0
LINE
  5
21E
330
1A
100
AcDbEntity
  8
BLACK
  6
CONTINUOUS
100
AcDbLine
 10
0.8063157086614173
 20
1.3027673228346457
 30
0
 11
0.8075952362204725
 21
1.3058564566929134
 31
0
  0
LINE
  5
21F
330
1A
100
AcDbEntity
  8
BLACK
  6
CONTINUOUS
100
AcDbLine
 10
0.8075952362204725
 20
1.3058564566929134
 30
0
 11
0.8086968897637795
 21
1.307198779527559
 31
0
  0
LINE
  5
220
330
1A
100
AcDbEntity
  8
BLACK
  6
CONTINUOUS
100
AcDbLine
 10
0.8086968897637795
 20
1.307198779527559
 30
0
 11
0.911059094488189
 21
1.4095609842519685
 31
0
  0
LINE
  5
221
330
1A
100
AcDbEntity
  8
BLACK
  6
CONTINUOUS
100
AcDbLine
 10
0.911059094488189
 20
1.4095609842519685
 30
0
 11
0.9124014173228346
 21
1.4106625984251968
 31
0
  0
LINE
  5
222
330
1A
100
AcDbEntity
  8
BLACK
  6
CONTINUOUS
100
AcDbLine
 10
0.9124014173228346
 20
1.4106625984251968
 30
0
 11
0.9124014566929134
 21
1.4106626377952756
 31
0
  0
LINE
  5
223
330
1A
100
AcDbEntity
  8
BLACK
  6
CONTINUOUS
100
AcDbLine
 10
0.9124014566929134
 20
1.4106626377952756
 30
0
 11
0.9144159842519685
 21
1.4114970866141732
 31
0
  0
LINE
  5
224
330
1A
100
AcDbEntity
  8
BLACK
  6
CONTINUOUS
100
AcDbLine
 10
0.9144159842519685
 20
1.4114970866141732
 30
0
 11
0.9155946456692913
 21
1.4119853149606298
 31
0
  0
LINE
  5
225
330
1A
100
AcDbEntity
  8
BLACK
  6
CONTINUOUS
100
AcDbLine
 10
0.9155946456692913
 20
1.4119853149606298
 30
0
 11
0.91559468503937
 21
1.4119853149606298
 31
0
  0
LINE
  5
226
330
1A
100
AcDbEntity
  8
BLACK
  6
CONTINUOUS
100
AcDbLine
 10
0.91559468503937
 20
1.4119853149606298
 30
0
 11
0.9173228346456692
 21
1.4121555118110236
 31
0
  0
LINE
  5
227
330
1A
100
AcDbEntity
  8
BLACK
  6
CONTINUOUS
100
AcDbLine
 10
0.9173228346456692
 20
1.4121555118110236
 30
0
 11
1.0658257874015749
 21
1.4121555118110236
 31
0
  0
LINE
  5
228
330
1A
100
AcDbEntity
  8
BLACK
  6
CONTINUOUS
100
AcDbLine
 10
1.0658257874015749
 20
1.4121555118110236
 30
0
 11
1.0662464173228345
 21
1.4128840551181101
 31
0
  0
LINE
  5
229
330
1A
100
AcDbEntity
  8
BLACK
  6
CONTINUOUS
100
AcDbLine
 10
1.0662464173228345
 20
1.4128840551181101
 30
0
 11
1.0691533464566929
 21
1.4157909842519685
 31
0
  0
LINE
  5
22A
330
1A
100
AcDbEntity
  8
BLACK
  6
CONTINUOUS
100
AcDbLine
 10
1.0691533464566929
 20
1.4157909842519685
 30
0
 11
1.0727136614173227
 21
1.4178465354330709
 31
0
  0
LINE
  5
22B
330
1A
100
AcDbEntity
  8
BLACK
  6
CONTINUOUS
100
AcDbLine
 10
1.0727136614173227
 20
1.4178465354330709
 30
0
 11
1.0766846456692913
 21
1.4189105511811024
 31
0
  0
LINE
  5
22C
330
1A
100
AcDbEntity
  8
BLACK
  6
CONTINUOUS
100
AcDbLine
 10
1.0766846456692913
 20
1.4189105511811024
 30
0
 11
1.0807956692913385
 21
1.4189105511811024
 31
0
  0
LINE
  5
22D
330
1A
100
AcDbEntity
  8
BLACK
  6
CONTINUOUS
100
AcDbLine
 10
1.0807956692913385
 20
1.4189105511811024
 30
0
 11
1.0847666535433071
 21
1.4178465354330709
 31
0
  0
LINE
  5
22E
330
1A
100
AcDbEntity
  8
BLACK
  6
CONTINUOUS
100
AcDbLine
 10
1.257995
 20
1.4099725196850392
 30
0
 11
1.26155531496063
 21
1.407916968503937
 31
0
  0
LINE
  5
22F
330
1A
100
AcDbEntity
  8
BLACK
  6
CONTINUOUS
100
AcDbLine
 10
1.26155531496063
 20
1.407916968503937
 30
0
 11
1.2644622440944882
 21
1.4050100393700786
 31
0
  0
LINE
  5
230
330
1A
100
AcDbEntity
  8
BLACK
  6
CONTINUOUS
100
AcDbLine
 10
1.2644622440944882
 20
1.4050100393700786
 30
0
 11
1.2661046062992125
 21
1.4021653543307087
 31
0
  0
LINE
  5
231
330
1A
100
AcDbEntity
  8
BLACK
  6
CONTINUOUS
100
AcDbLine
 10
1.2661046062992125
 20
1.4021653543307087
 30
0
 11
1.2661417322834645
 21
1.4021653543307087
 31
0
  0
LINE
  5
232
330
1A
100
AcDbEntity
  8
BLACK
  6
CONTINUOUS
100
AcDbLine
 10
1.2661417322834645
 20
1.4021653543307087
 30
0
 11
1.3586614173228346
 21
1.4021653543307087
 31
0
  0
LINE
  5
233
330
1A
100
AcDbEntity
  8
BLACK
  6
CONTINUOUS
100
AcDbLine
 10
1.3586614173228346
 20
1.4021653543307087
 30
0
 11
1.3603895669291339
 21
1.4019951574803149
 31
0
  0
LINE
  5
234
330
1A
100
AcDbEntity
  8
BLACK
  6
CONTINUOUS
100
AcDbLine
 10
1.3603895669291339
 20
1.4019951574803149
 30
0
 11
1.3603896062992125
 21
1.4019951574803149
 31
0
  0
LINE
  5
235
330
1A
100
AcDbEntity
  8
BLACK
  6
CONTINUOUS
100
AcDbLine
 10
1.3603896062992125
 20
1.4019951574803149
 30
0
 11
1.3635828346456693
 21
1.4006724803149606
 31
0
  0
LINE
  5
236
330
1A
100
AcDbEntity
  8
BLACK
  6
CONTINUOUS
100
AcDbLine
 10
1.3635828346456693
 20
1.4006724803149606
 30
0
 11
1.364925157480315
 21
1.3995708267716536
 31
0
  0
LINE
  5
237
330
1A
100
AcDbEntity
  8
BLACK
  6
CONTINUOUS
100
AcDbLine
 10
1.364925157480315
 20
1.3995708267716536
 30
0
 11
1.4204369685039371
 21
1.3440590157480314
 31
0
  0
LINE
  5
238
330
1A
100
AcDbEntity
  8
BLACK
  6
CONTINUOUS
100
AcDbLine
 10
1.4204369685039371
 20
1.3440590157480314
 30
0
 11
1.4208306692913386
 21
1.3436653149606299
 31
0
  0
LINE
  5
239
330
1A
100
AcDbEntity
  8
BLACK
  6
CONTINUOUS
100
AcDbLine
 10
1.4208306692913386
 20
1.3436653149606299
 30
0
 11
1.4219323228346457
 21
1.3423229921259843
 31
0
  0
LINE
  5
23A
330
1A
100
AcDbEntity
  8
BLACK
  6
CONTINUOUS
100
AcDbLine
 10
1.4219323228346457
 20
1.3423229921259843
 30
0
 11
1.4230919291338582
 21
1.3395234645669292
 31
0
  0
LINE
  5
23B
330
1A
100
AcDbEntity
  8
BLACK
  6
CONTINUOUS
100
AcDbLine
 10
1.4230919291338582
 20
1.3395234645669292
 30
0
 11
1.4232549999999999
 21
1.3391297244094489
 31
0
  0
LINE
  5
23C
330
1A
100
AcDbEntity
  8
BLACK
  6
CONTINUOUS
100
AcDbLine
 10
1.4232549999999999
 20
1.3391297244094489
 30
0
 11
1.4234251968503937
 21
1.3374015748031496
 31
0
  0
LINE
  5
23D
330
1A
100
AcDbEntity
  8
BLACK
  6
CONTINUOUS
100
AcDbLine
 10
1.4234251968503937
 20
1.3374015748031496
 30
0
 11
1.4234251968503937
 21
1.3177372047244094
 31
0
  0
LINE
  5
23E
330
1A
100
AcDbEntity
  8
BLACK
  6
CONTINUOUS
100
AcDbLine
 10
1.4234251968503937
 20
1.3177372047244094
 30
0
 11
1.4241537401574802
 21
1.3173165748031497
 31
0
  0
LINE
  5
23F
330
1A
100
AcDbEntity
  8
BLACK
  6
CONTINUOUS
100
AcDbLine
 10
1.4241537401574802
 20
1.3173165748031497
 30
0
 11
1.4270606692913386
 21
1.3144096456692913
 31
0
  0
LINE
  5
240
330
1A
100
AcDbEntity
  8
BLACK
  6
CONTINUOUS
100
AcDbLine
 10
1.4270606692913386
 20
1.3144096456692913
 30
0
 11
1.4291162204724408
 21
1.3108493307086615
 31
0
  0
LINE
  5
241
330
1A
100
AcDbEntity
  8
BLACK
  6
CONTINUOUS
100
AcDbLine
 10
1.4291162204724408
 20
1.3108493307086615
 30
0
 11
1.4301802362204723
 21
1.3068783464566929
 31
0
  0
LINE
  5
242
330
1A
100
AcDbEntity
  8
BLACK
  6
CONTINUOUS
100
AcDbLine
 10
1.4301802362204723
 20
1.3068783464566929
 30
0
 11
1.4301802362204723
 21
1.3027673228346457
 31
0
  0
LINE
  5
243
330
1A
100
AcDbEntity
  8
BLACK
  6
CONTINUOUS
100
AcDbLine
 10
1.4301802362204723
 20
1.3027673228346457
 30
0
 11
1.4291162204724408
 21
1.2987963385826771
 31
0
  0
LINE
  5
244
330
1A
100
AcDbEntity
  8
BLACK
  6
CONTINUOUS
100
AcDbLine
 10
1.4291162204724408
 20
1.2987963385826771
 30
0
 11
1.4270606692913386
 21
1.2952360236220473
 31
0
  0
LINE
  5
245
330
1A
100
AcDbEntity
  8
BLACK
  6
CONTINUOUS
100
AcDbLine
 10
1.4270606692913386
 20
1.2952360236220473
 30
0
 11
1.4241537401574802
 21
1.2923290944881889
 31
0
  0
LINE
  5
246
330
1A
100
AcDbEntity
  8
BLACK
  6
CONTINUOUS
100
AcDbLine
 10
1.4241537401574802
 20
1.2923290944881889
 30
0
 11
1.4205934251968504
 21
1.2902735433070867
 31
0
  0
LINE
  5
247
330
1A
100
AcDbEntity
  8
BLACK
  6
CONTINUOUS
100
AcDbLine
 10
1.4205934251968504
 20
1.2902735433070867
 30
0
 11
1.4166224409448818
 21
1.2892095275590552
 31
0
  0
LINE
  5
248
330
1A
100
AcDbEntity
  8
BLACK
  6
CONTINUOUS
100
AcDbLine
 10
1.4166224409448818
 20
1.2892095275590552
 30
0
 11
1.4125114173228346
 21
1.2892095275590552
 31
0
  0
LINE
  5
249
330
1A
100
AcDbEntity
  8
BLACK
  6
CONTINUOUS
100
AcDbLine
 10
1.4125114173228346
 20
1.2892095275590552
 30
0
 11
1.4085404330708662
 21
1.2902735433070867
 31
0
  0
LINE
  5
24A
330
1A
100
AcDbEntity
  8
BLACK
  6
CONTINUOUS
100
AcDbLine
 10
1.4085404330708662
 20
1.2902735433070867
 30
0
 11
1.4049801181102362
 21
1.2923290944881889
 31
0
  0
LINE
  5
24B
330
1A
100
AcDbEntity
  8
BLACK
  6
CONTINUOUS
100
AcDbLine
 10
1.4049801181102362
 20
1.2923290944881889
 30
0
 11
1.402073188976378
 21
1.2952360236220473
 31
0
  0
LINE
  5
24C
330
1A
100
AcDbEntity
  8
BLACK
  6
CONTINUOUS
100
AcDbLine
 10
1.402073188976378
 20
1.2952360236220473
 30
0
 11
1.4000176377952755
 21
1.2987963385826771
 31
0
  0
LINE
  5
24D
330
1A
100
AcDbEntity
  8
BLACK
  6
CONTINUOUS
100
AcDbLine
 10
1.4000176377952755
 20
1.2987963385826771
 30
0
 11
1.398953622047244
 21
1.3027673228346457
 31
0
  0
LINE
  5
24E
330
1A
100
AcDbEntity
  8
BLACK
  6
CONTINUOUS
100
AcDbLine
 10
1.398953622047244
 20
1.3027673228346457
 30
0
 11
1.398953622047244
 21
1.3068783464566929
 31
0
  0
LINE
  5
24F
330
1A
100
AcDbEntity
  8
BLACK
  6
CONTINUOUS
100
AcDbLine
 10
1.398953622047244
 20
1.3068783464566929
 30
0
 11
1.4000176377952755
 21
1.3108493307086615
 31
0
  0
LINE
  5
250
330
1A
100
AcDbEntity
  8
BLACK
  6
CONTINUOUS
100
AcDbLine
 10
1.4000176377952755
 20
1.3108493307086615
 30
0
 11
1.402073188976378
 21
1.3144096456692913
 31
0
  0
LINE
  5
251
330
1A
100
AcDbEntity
  8
BLACK
  6
CONTINUOUS
100
AcDbLine
 10
1.402073188976378
 20
1.3144096456692913
 30
0
 11
1.4049801181102362
 21
1.3173165748031497
 31
0
  0
LINE
  5
252
330
1A
100
AcDbEntity
  8
BLACK
  6
CONTINUOUS
100
AcDbLine
 10
1.4049801181102362
 20
1.3173165748031497
 30
0
 11
1.4057086614173229
 21
1.3177372047244094
 31
0
  0
LINE
  5
253
330
1A
100
AcDbEntity
  8
BLACK
  6
CONTINUOUS
100
AcDbLine
 10
1.4057086614173229
 20
1.3177372047244094
 30
0
 11
1.4057086614173229
 21
1.3337323622047244
 31
0
  0
LINE
  5
254
330
1A
100
AcDbEntity
  8
BLACK
  6
CONTINUOUS
100
AcDbLine
 10
1.4057086614173229
 20
1.3337323622047244
 30
0
 11
1.3549922047244094
 21
1.3844488188976378
 31
0
  0
LINE
  5
255
330
1A
100
AcDbEntity
  8
BLACK
  6
CONTINUOUS
100
AcDbLine
 10
1.3549922047244094
 20
1.3844488188976378
 30
0
 11
1.2661417322834645
 21
1.3844488188976378
 31
0
  0
LINE
  5
256
330
1A
100
AcDbEntity
  8
BLACK
  6
CONTINUOUS
100
AcDbLine
 10
1.2661417322834645
 20
1.3844488188976378
 30
0
 11
1.2630746456692914
 21
1.3844488188976378
 31
0
  0
LINE
  5
257
330
1A
100
AcDbEntity
  8
BLACK
  6
CONTINUOUS
100
AcDbLine
 10
1.2630746456692914
 20
1.3844488188976378
 30
0
 11
1.26155531496063
 21
1.3829294881889764
 31
0
  0
LINE
  5
258
330
1A
100
AcDbEntity
  8
BLACK
  6
CONTINUOUS
100
AcDbLine
 10
1.26155531496063
 20
1.3829294881889764
 30
0
 11
1.257995
 21
1.380873937007874
 31
0
  0
LINE
  5
259
330
1A
100
AcDbEntity
  8
BLACK
  6
CONTINUOUS
100
AcDbLine
 10
1.257995
 20
1.380873937007874
 30
0
 11
1.2540240157480316
 21
1.3798099212598425
 31
0
  0
LINE
  5
25A
330
1A
100
AcDbEntity
  8
BLACK
  6
CONTINUOUS
100
AcDbLine
 10
1.2540240157480316
 20
1.3798099212598425
 30
0
 11
1.2499129921259842
 21
1.3798099212598425
 31
0
  0
LINE
  5
25B
330
1A
100
AcDbEntity
  8
BLACK
  6
CONTINUOUS
100
AcDbLine
 10
1.2499129921259842
 20
1.3798099212598425
 30
0
 11
1.2459420078740158
 21
1.380873937007874
 31
0
  0
LINE
  5
25C
330
1A
100
AcDbEntity
  8
BLACK
  6
CONTINUOUS
100
AcDbLine
 10
1.2459420078740158
 20
1.380873937007874
 30
0
 11
1.2423816929133857
 21
1.3829294881889764
 31
0
  0
LINE
  5
25D
330
1A
100
AcDbEntity
  8
BLACK
  6
CONTINUOUS
100
AcDbLine
 10
1.2423816929133857
 20
1.3829294881889764
 30
0
 11
1.2394747637795276
 21
1.3858364173228346
 31
0
  0
LINE
  5
25E
330
1A
100
AcDbEntity
  8
BLACK
  6
CONTINUOUS
100
AcDbLine
 10
1.2394747637795276
 20
1.3858364173228346
 30
0
 11
1.2374192125984251
 21
1.3893967322834646
 31
0
  0
LINE
  5
25F
330
1A
100
AcDbEntity
  8
BLACK
  6
CONTINUOUS
100
AcDbLine
 10
1.2374192125984251
 20
1.3893967322834646
 30
0
 11
1.2363551968503936
 21
1.393367716535433
 31
0
  0
LINE
  5
260
330
1A
100
AcDbEntity
  8
BLACK
  6
CONTINUOUS
100
AcDbLine
 10
1.2363551968503936
 20
1.393367716535433
 30
0
 11
1.2363551968503936
 21
1.3974787401574802
 31
0
  0
LINE
  5
261
330
1A
100
AcDbEntity
  8
BLACK
  6
CONTINUOUS
100
AcDbLine
 10
1.2363551968503936
 20
1.3974787401574802
 30
0
 11
1.2374192125984251
 21
1.4014497244094488
 31
0
  0
LINE
  5
262
330
1A
100
AcDbEntity
  8
BLACK
  6
CONTINUOUS
100
AcDbLine
 10
1.2374192125984251
 20
1.4014497244094488
 30
0
 11
1.2394747637795276
 21
1.4050100393700786
 31
0
  0
LINE
  5
263
330
1A
100
AcDbEntity
  8
BLACK
  6
CONTINUOUS
100
AcDbLine
 10
1.2394747637795276
 20
1.4050100393700786
 30
0
 11
1.2423816929133857
 21
1.407916968503937
 31
0
  0
LINE
  5
264
330
1A
100
AcDbEntity
  8
BLACK
  6
CONTINUOUS
100
AcDbLine
 10
1.2423816929133857
 20
1.407916968503937
 30
0
 11
1.2459420078740158
 21
1.4099725196850392
 31
0
  0
LINE
  5
265
330
1A
100
AcDbEntity
  8
BLACK
  6
CONTINUOUS
100
AcDbLine
 10
1.2459420078740158
 20
1.4099725196850392
 30
0
 11
1.2499129921259842
 21
1.4110365354330707
 31
0
  0
LINE
  5
266
330
1A
100
AcDbEntity
  8
BLACK
  6
CONTINUOUS
100
AcDbLine
 10
1.2499129921259842
 20
1.4110365354330707
 30
0
 11
1.2540240157480316
 21
1.4110365354330707
 31
0
  0
LINE
  5
267
330
1A
100
AcDbEntity
  8
BLACK
  6
CONTINUOUS
100
AcDbLine
 10
1.2540240157480316
 20
1.4110365354330707
 30
0
 11
1.257995
 21
1.4099725196850392
 31
0
  0
LINE
  5
268
330
1A
100
AcDbEntity
  8
BLACK
  6
CONTINUOUS
100
AcDbLine
 10
2.7229133858267716
 20
0.7999212598425197
 30
0
 11
2.6629133858267715
 21
0.7999212598425197
 31
0
  0
LINE
  5
269
330
1A
100
AcDbEntity
  8
BLACK
  6
CONTINUOUS
100
AcDbLine
 10
2.6629133858267715
 20
0.7999212598425197
 30
0
 11
2.6629133858267715
 21
0.8599212598425197
 31
0
  0
LINE
  5
26A
330
1A
100
AcDbEntity
  8
BLACK
  6
CONTINUOUS
100
AcDbLine
 10
2.6629133858267715
 20
0.8599212598425197
 30
0
 11
2.7229133858267716
 21
0.8599212598425197
 31
0
  0
LINE
  5
26B
330
1A
100
AcDbEntity
  8
BLACK
  6
CONTINUOUS
100
AcDbLine
 10
2.7229133858267716
 20
0.8599212598425197
 30
0
 11
2.7229133858267716
 21
0.7999212598425197
 31
0
  0
LINE
  5
26C
330
1A
100
AcDbEntity
  8
BLACK
  6
CONTINUOUS
100
AcDbLine
 10
2.8229133858267716
 20
0.7999212598425197
 30
0
 11
2.7629133858267716
 21
0.7999212598425197
 31
0
  0
LINE
  5
26D
330
1A
100
AcDbEntity
  8
BLACK
  6
CONTINUOUS
100
AcDbLine
 10
2.7629133858267716
 20
0.7999212598425197
 30
0
 11
2.7629133858267716
 21
0.8599212598425197
 31
0
  0
LINE
  5
26E
330
1A
100
AcDbEntity
  8
BLACK
  6
CONTINUOUS
100
AcDbLine
 10
2.7629133858267716
 20
0.8599212598425197
 30
0
 11
2.8229133858267716
 21
0.8599212598425197
 31
0
  0
LINE
  5
26F
330
1A
100
AcDbEntity
  8
BLACK
  6
CONTINUOUS
100
AcDbLine
 10
2.8229133858267716
 20
0.8599212598425197
 30
0
 11
2.8229133858267716
 21
0.7999212598425197
 31
0
  0
LINE
  5
270
330
1A
100
AcDbEntity
  8
BLACK
  6
CONTINUOUS
100
AcDbLine
 10
1.8131131102362203
 20
1.0398937795275591
 30
0
 11
1.8166734251968504
 21
1.0378382283464567
 31
0
  0
LINE
  5
271
330
1A
100
AcDbEntity
  8
BLACK
  6
CONTINUOUS
100
AcDbLine
 10
1.8166734251968504
 20
1.0378382283464567
 30
0
 11
1.8195803543307085
 21
1.0349312992125983
 31
0
  0
LINE
  5
272
330
1A
100
AcDbEntity
  8
BLACK
  6
CONTINUOUS
100
AcDbLine
 10
1.8195803543307085
 20
1.0349312992125983
 30
0
 11
1.821635905511811
 21
1.0313709842519685
 31
0
  0
LINE
  5
273
330
1A
100
AcDbEntity
  8
BLACK
  6
CONTINUOUS
100
AcDbLine
 10
1.821635905511811
 20
1.0313709842519685
 30
0
 11
1.8226999212598425
 21
1.0273999999999999
 31
0
  0
LINE
  5
274
330
1A
100
AcDbEntity
  8
BLACK
  6
CONTINUOUS
100
AcDbLine
 10
1.8226999212598425
 20
1.0273999999999999
 30
0
 11
1.8226999212598425
 21
1.0232889763779527
 31
0
  0
LINE
  5
275
330
1A
100
AcDbEntity
  8
BLACK
  6
CONTINUOUS
100
AcDbLine
 10
1.8226999212598425
 20
1.0232889763779527
 30
0
 11
1.821635905511811
 21
1.0193179921259843
 31
0
  0
LINE
  5
276
330
1A
100
AcDbEntity
  8
BLACK
  6
CONTINUOUS
100
AcDbLine
 10
1.821635905511811
 20
1.0193179921259843
 30
0
 11
1.8195803543307085
 21
1.0157576771653543
 31
0
  0
LINE
  5
277
330
1A
100
AcDbEntity
  8
BLACK
  6
CONTINUOUS
100
AcDbLine
 10
1.8195803543307085
 20
1.0157576771653543
 30
0
 11
1.8166734251968504
 21
1.0128507480314961
 31
0
  0
LINE
  5
278
330
1A
100
AcDbEntity
  8
BLACK
  6
CONTINUOUS
100
AcDbLine
 10
1.8166734251968504
 20
1.0128507480314961
 30
0
 11
1.8159448818897637
 21
1.012430157480315
 31
0
  0
LINE
  5
279
330
1A
100
AcDbEntity
  8
BLACK
  6
CONTINUOUS
100
AcDbLine
 10
1.8159448818897637
 20
1.012430157480315
 30
0
 11
1.8159448818897637
 21
0.8532194881889763
 31
0
  0
LINE
  5
27A
330
1A
100
AcDbEntity
  8
BLACK
  6
CONTINUOUS
100
AcDbLine
 10
1.8159448818897637
 20
0.8532194881889763
 30
0
 11
1.8166734251968504
 21
0.8527988582677165
 31
0
  0
LINE
  5
27B
330
1A
100
AcDbEntity
  8
BLACK
  6
CONTINUOUS
100
AcDbLine
 10
1.8166734251968504
 20
0.8527988582677165
 30
0
 11
1.8195803543307085
 21
0.8498919291338582
 31
0
  0
LINE
  5
27C
330
1A
100
AcDbEntity
  8
BLACK
  6
CONTINUOUS
100
AcDbLine
 10
1.8195803543307085
 20
0.8498919291338582
 30
0
 11
1.821635905511811
 21
0.8463316141732283
 31
0
  0
LINE
  5
27D
330
1A
100
AcDbEntity
  8
BLACK
  6
CONTINUOUS
100
AcDbLine
 10
1.821635905511811
 20
0.8463316141732283
 30
0
 11
1.8226999212598425
 21
0.8423606299212598
 31
0
  0
LINE
  5
27E
330
1A
100
AcDbEntity
  8
BLACK
  6
CONTINUOUS
100
AcDbLine
 10
1.8226999212598425
 20
0.8423606299212598
 30
0
 11
1.8226999212598425
 21
0.8382496062992125
 31
0
  0
LINE
  5
27F
330
1A
100
AcDbEntity
  8
BLACK
  6
CONTINUOUS
100
AcDbLine
 10
1.8226999212598425
 20
0.8382496062992125
 30
0
 11
1.821635905511811
 21
0.8342786220472441
 31
0
  0
LINE
  5
280
330
1A
100
AcDbEntity
  8
BLACK
  6
CONTINUOUS
100
AcDbLine
 10
1.821635905511811
 20
0.8342786220472441
 30
0
 11
1.8195803543307085
 21
0.8307183070866142
 31
0
  0
LINE
  5
281
330
1A
100
AcDbEntity
  8
BLACK
  6
CONTINUOUS
100
AcDbLine
 10
1.8195803543307085
 20
0.8307183070866142
 30
0
 11
1.8166734251968504
 21
0.8278113779527558
 31
0
  0
LINE
  5
282
330
1A
100
AcDbEntity
  8
BLACK
  6
CONTINUOUS
100
AcDbLine
 10
1.8166734251968504
 20
0.8278113779527558
 30
0
 11
1.8131131102362203
 21
0.8257558267716535
 31
0
  0
LINE
  5
283
330
1A
100
AcDbEntity
  8
BLACK
  6
CONTINUOUS
100
AcDbLine
 10
1.8131131102362203
 20
0.8257558267716535
 30
0
 11
1.8091421259842519
 21
0.824691811023622
 31
0
  0
LINE
  5
284
330
1A
100
AcDbEntity
  8
BLACK
  6
CONTINUOUS
100
AcDbLine
 10
1.8091421259842519
 20
0.824691811023622
 30
0
 11
1.8050311023622048
 21
0.824691811023622
 31
0
  0
LINE
  5
285
330
1A
100
AcDbEntity
  8
BLACK
  6
CONTINUOUS
100
AcDbLine
 10
1.8050311023622048
 20
0.824691811023622
 30
0
 11
1.8010601181102361
 21
0.8257558267716535
 31
0
  0
LINE
  5
286
330
1A
100
AcDbEntity
  8
BLACK
  6
CONTINUOUS
100
AcDbLine
 10
1.8010601181102361
 20
0.8257558267716535
 30
0
 11
1.7974998031496063
 21
0.8278113779527558
 31
0
  0
LINE
  5
287
330
1A
100
AcDbEntity
  8
BLACK
  6
CONTINUOUS
100
AcDbLine
 10
1.7974998031496063
 20
0.8278113779527558
 30
0
 11
1.794592874015748
 21
0.8307183070866142
 31
0
  0
LINE
  5
288
330
1A
100
AcDbEntity
  8
BLACK
  6
CONTINUOUS
100
AcDbLine
 10
1.794592874015748
 20
0.8307183070866142
 30
0
 11
1.7925373228346457
 21
0.8342786220472441
 31
0
  0
LINE
  5
289
330
1A
100
AcDbEntity
  8
BLACK
  6
CONTINUOUS
100
AcDbLine
 10
1.7925373228346457
 20
0.8342786220472441
 30
0
 11
1.7914733070866142
 21
0.8382496062992125
 31
0
  0
LINE
  5
28A
330
1A
100
AcDbEntity
  8
BLACK
  6
CONTINUOUS
100
AcDbLine
 10
1.7914733070866142
 20
0.8382496062992125
 30
0
 11
1.7914733070866142
 21
0.8423606299212598
 31
0
  0
LINE
  5
28B
330
1A
100
AcDbEntity
  8
BLACK
  6
CONTINUOUS
100
AcDbLine
 10
1.7914733070866142
 20
0.8423606299212598
 30
0
 11
1.7925373228346457
 21
0.8463316141732283
 31
0
  0
LINE
  5
28C
330
1A
100
AcDbEntity
  8
BLACK
  6
CONTINUOUS
100
AcDbLine
 10
1.7925373228346457
 20
0.8463316141732283
 30
0
 11
1.794592874015748
 21
0.8498919291338582
 31
0
  0
LINE
  5
28D
330
1A
100
AcDbEntity
  8
BLACK
  6
CONTINUOUS
100
AcDbLine
 10
1.794592874015748
 20
0.8498919291338582
 30
0
 11
1.7974998031496063
 21
0.8527988582677165
 31
0
  0
LINE
  5
28E
330
1A
100
AcDbEntity
  8
BLACK
  6
CONTINUOUS
100
AcDbLine
 10
1.7974998031496063
 20
0.8527988582677165
 30
0
 11
1.7982283464566928
 21
0.8532194881889763
 31
0
  0
LINE
  5
28F
330
1A
100
AcDbEntity
  8
BLACK
  6
CONTINUOUS
100
AcDbLine
 10
1.7982283464566928
 20
0.8532194881889763
 30
0
 11
1.7982283464566928
 21
1.012430157480315
 31
0
  0
LINE
  5
290
330
1A
100
AcDbEntity
  8
BLACK
  6
CONTINUOUS
100
AcDbLine
 10
1.7982283464566928
 20
1.012430157480315
 30
0
 11
1.7974998031496063
 21
1.0128507480314961
 31
0
  0
LINE
  5
291
330
1A
100
AcDbEntity
  8
BLACK
  6
CONTINUOUS
100
AcDbLine
 10
1.7974998031496063
 20
1.0128507480314961
 30
0
 11
1.794592874015748
 21
1.0157576771653543
 31
0
  0
LINE
  5
292
330
1A
100
AcDbEntity
  8
BLACK
  6
CONTINUOUS
100
AcDbLine
 10
1.794592874015748
 20
1.0157576771653543
 30
0
 11
1.7925373228346457
 21
1.0193179921259843
 31
0
  0
LINE
  5
293
330
1A
100
AcDbEntity
  8
BLACK
  6
CONTINUOUS
100
AcDbLine
 10
1.7925373228346457
 20
1.0193179921259843
 30
0
 11
1.7914733070866142
 21
1.0232889763779527
 31
0
  0
LINE
  5
294
330
1A
100
AcDbEntity
  8
BLACK
  6
CONTINUOUS
100
AcDbLine
 10
1.7914733070866142
 20
1.0232889763779527
 30
0
 11
1.7914733070866142
 21
1.0273999999999999
 31
0
  0
LINE
  5
295
330
1A
100
AcDbEntity
  8
BLACK
  6
CONTINUOUS
100
AcDbLine
 10
1.7914733070866142
 20
1.0273999999999999
 30
0
 11
1.7925373228346457
 21
1.0313709842519685
 31
0
  0
LINE
  5
296
330
1A
100
AcDbEntity
  8
BLACK
  6
CONTINUOUS
100
AcDbLine
 10
1.7925373228346457
 20
1.0313709842519685
 30
0
 11
1.794592874015748
 21
1.0349312992125983
 31
0
  0
LINE
  5
297
330
1A
100
AcDbEntity
  8
BLACK
  6
CONTINUOUS
100
AcDbLine
 10
1.794592874015748
 20
1.0349312992125983
 30
0
 11
1.7974998031496063
 21
1.0378382283464567
 31
0
  0
LINE
  5
298
330
1A
100
AcDbEntity
  8
BLACK
  6
CONTINUOUS
100
AcDbLine
 10
1.7974998031496063
 20
1.0378382283464567
 30
0
 11
1.8010601181102361
 21
1.0398937795275591
 31
0
  0
LINE
  5
299
330
1A
100
AcDbEntity
  8
BLACK
  6
CONTINUOUS
100
AcDbLine
 10
1.8010601181102361
 20
1.0398937795275591
 30
0
 11
1.8050311023622048
 21
1.0409577952755906
 31
0
  0
LINE
  5
29A
330
1A
100
AcDbEntity
  8
BLACK
  6
CONTINUOUS
100
AcDbLine
 10
1.8050311023622048
 20
1.0409577952755906
 30
0
 11
1.8091421259842519
 21
1.0409577952755906
 31
0
  0
LINE
  5
29B
330
1A
100
AcDbEntity
  8
BLACK
  6
CONTINUOUS
100
AcDbLine
 10
1.8091421259842519
 20
1.0409577952755906
 30
0
 11
1.8131131102362203
 21
1.0398937795275591
 31
0
  0
LINE
  5
29C
330
1A
100
AcDbEntity
  8
BLACK
  6
CONTINUOUS
100
AcDbLine
 10
1.8696945275590551
 20
1.5528105905511811
 30
0
 11
1.8732548425196851
 21
1.5507550393700786
 31
0
  0
LINE
  5
29D
330
1A
100
AcDbEntity
  8
BLACK
  6
CONTINUOUS
100
AcDbLine
 10
1.8732548425196851
 20
1.5507550393700786
 30
0
 11
1.874059094488189
 21
1.5499507874015748
 31
0
  0
LINE
  5
29E
330
1A
100
AcDbEntity
  8
BLACK
  6
CONTINUOUS
100
AcDbLine
 10
1.874059094488189
 20
1.5499507874015748
 30
0
 11
1.9685039370078741
 21
1.5499507874015748
 31
0
  0
LINE
  5
29F
330
1A
100
AcDbEntity
  8
BLACK
  6
CONTINUOUS
100
AcDbLine
 10
1.9685039370078741
 20
1.5499507874015748
 30
0
 11
1.9702320866141732
 21
1.549780590551181
 31
0
  0
LINE
  5
2A0
330
1A
100
AcDbEntity
  8
BLACK
  6
CONTINUOUS
100
AcDbLine
 10
1.9702320866141732
 20
1.549780590551181
 30
0
 11
1.9702321259842519
 21
1.549780590551181
 31
0
  0
LINE
  5
2A1
330
1A
100
AcDbEntity
  8
BLACK
  6
CONTINUOUS
100
AcDbLine
 10
1.9702321259842519
 20
1.549780590551181
 30
0
 11
1.9734253543307085
 21
1.5484579133858267
 31
0
  0
LINE
  5
2A2
330
1A
100
AcDbEntity
  8
BLACK
  6
CONTINUOUS
100
AcDbLine
 10
1.9734253543307085
 20
1.5484579133858267
 30
0
 11
1.9747676771653544
 21
1.5473562598425197
 31
0
  0
LINE
  5
2A3
330
1A
100
AcDbEntity
  8
BLACK
  6
CONTINUOUS
100
AcDbLine
 10
1.9747676771653544
 20
1.5473562598425197
 30
0
 11
2.0373661023622045
 21
1.4847578346456693
 31
0
  0
LINE
  5
2A4
330
1A
100
AcDbEntity
  8
BLACK
  6
CONTINUOUS
100
AcDbLine
 10
2.0373661023622045
 20
1.4847578346456693
 30
0
 11
2.0384677559055118
 21
1.4834154724409447
 31
0
  0
LINE
  5
2A5
330
1A
100
AcDbEntity
  8
BLACK
  6
CONTINUOUS
100
AcDbLine
 10
2.0384677559055118
 20
1.4834154724409447
 30
0
 11
2.0397904330708663
 21
1.4802222440944881
 31
0
  0
LINE
  5
2A6
330
1A
100
AcDbEntity
  8
BLACK
  6
CONTINUOUS
100
AcDbLine
 10
2.0397904330708663
 20
1.4802222440944881
 30
0
 11
2.0399606299212598
 21
1.478494094488189
 31
0
  0
LINE
  5
2A7
330
1A
100
AcDbEntity
  8
BLACK
  6
CONTINUOUS
100
AcDbLine
 10
2.0399606299212598
 20
1.478494094488189
 30
0
 11
2.0399606299212598
 21
1.2975934251968504
 31
0
  0
LINE
  5
2A8
330
1A
100
AcDbEntity
  8
BLACK
  6
CONTINUOUS
100
AcDbLine
 10
2.0399606299212598
 20
1.2975934251968504
 30
0
 11
2.0397904330708663
 21
1.2958652755905511
 31
0
  0
LINE
  5
2A9
330
1A
100
AcDbEntity
  8
BLACK
  6
CONTINUOUS
100
AcDbLine
 10
2.0397904330708663
 20
1.2958652755905511
 30
0
 11
2.0384677559055118
 21
1.2926720472440945
 31
0
  0
LINE
  5
2AA
330
1A
100
AcDbEntity
  8
BLACK
  6
CONTINUOUS
100
AcDbLine
 10
2.0384677559055118
 20
1.2926720472440945
 30
0
 11
2.038467716535433
 21
1.2926720078740157
 31
0
  0
LINE
  5
2AB
330
1A
100
AcDbEntity
  8
BLACK
  6
CONTINUOUS
100
AcDbLine
 10
2.038467716535433
 20
1.2926720078740157
 30
0
 11
2.0373661023622045
 21
1.2913296850393701
 31
0
  0
LINE
  5
2AC
330
1A
100
AcDbEntity
  8
BLACK
  6
CONTINUOUS
100
AcDbLine
 10
2.0373661023622045
 20
1.2913296850393701
 30
0
 11
2.0232906299212599
 21
1.277254251968504
 31
0
  0
LINE
  5
2AD
330
1A
100
AcDbEntity
  8
BLACK
  6
CONTINUOUS
100
AcDbLine
 10
2.0232906299212599
 20
1.277254251968504
 30
0
 11
2.0235083858267715
 21
1.276441653543307
 31
0
  0
LINE
  5
2AE
330
1A
100
AcDbEntity
  8
BLACK
  6
CONTINUOUS
100
AcDbLine
 10
2.0235083858267715
 20
1.276441653543307
 30
0
 11
2.0235083858267715
 21
1.2723306299212598
 31
0
  0
LINE
  5
2AF
330
1A
100
AcDbEntity
  8
BLACK
  6
CONTINUOUS
100
AcDbLine
 10
2.0235083858267715
 20
1.2723306299212598
 30
0
 11
2.0224443700787402
 21
1.2683596456692914
 31
0
  0
LINE
  5
2B0
330
1A
100
AcDbEntity
  8
BLACK
  6
CONTINUOUS
100
AcDbLine
 10
2.0224443700787402
 20
1.2683596456692914
 30
0
 11
2.0203888188976378
 21
1.2647993307086614
 31
0
  0
LINE
  5
2B1
330
1A
100
AcDbEntity
  8
BLACK
  6
CONTINUOUS
100
AcDbLine
 10
2.0203888188976378
 20
1.2647993307086614
 30
0
 11
2.0174818897637796
 21
1.2618924015748032
 31
0
  0
LINE
  5
2B2
330
1A
100
AcDbEntity
  8
BLACK
  6
CONTINUOUS
100
AcDbLine
 10
2.0174818897637796
 20
1.2618924015748032
 30
0
 11
2.0139215748031494
 21
1.2598368503937007
 31
0
  0
LINE
  5
2B3
330
1A
100
AcDbEntity
  8
BLACK
  6
CONTINUOUS
100
AcDbLine
 10
2.0139215748031494
 20
1.2598368503937007
 30
0
 11
2.0128163385826769
 21
1.2595407086614172
 31
0
  0
LINE
  5
2B4
330
1A
100
AcDbEntity
  8
BLACK
  6
CONTINUOUS
100
AcDbLine
 10
2.0128163385826769
 20
1.2595407086614172
 30
0
 11
2.0128163385826769
 21
0.999898937007874
 31
0
  0
LINE
  5
2B5
330
1A
100
AcDbEntity
  8
BLACK
  6
CONTINUOUS
100
AcDbLine
 10
2.0128163385826769
 20
0.999898937007874
 30
0
 11
2.0135448818897639
 21
0.9994783070866141
 31
0
  0
LINE
  5
2B6
330
1A
100
AcDbEntity
  8
BLACK
  6
CONTINUOUS
100
AcDbLine
 10
2.0135448818897639
 20
0.9994783070866141
 30
0
 11
2.016451811023622
 21
0.9965713779527559
 31
0
  0
LINE
  5
2B7
330
1A
100
AcDbEntity
  8
BLACK
  6
CONTINUOUS
100
AcDbLine
 10
2.016451811023622
 20
0.9965713779527559
 30
0
 11
2.0185073622047245
 21
0.9930110629921259
 31
0
  0
LINE
  5
2B8
330
1A
100
AcDbEntity
  8
BLACK
  6
CONTINUOUS
100
AcDbLine
 10
2.0185073622047245
 20
0.9930110629921259
 30
0
 11
2.0195713779527558
 21
0.9890400787401574
 31
0
  0
LINE
  5
2B9
330
1A
100
AcDbEntity
  8
BLACK
  6
CONTINUOUS
100
AcDbLine
 10
2.0195713779527558
 20
0.9890400787401574
 30
0
 11
2.0195713779527558
 21
0.9849290551181102
 31
0
  0
LINE
  5
2BA
330
1A
100
AcDbEntity
  8
BLACK
  6
CONTINUOUS
100
AcDbLine
 10
2.0195713779527558
 20
0.9849290551181102
 30
0
 11
2.0185073622047245
 21
0.9809580708661417
 31
0
  0
LINE
  5
2BB
330
1A
100
AcDbEntity
  8
BLACK
  6
CONTINUOUS
100
AcDbLine
 10
2.0185073622047245
 20
0.9809580708661417
 30
0
 11
2.016451811023622
 21
0.9773977559055118
 31
0
  0
LINE
  5
2BC
330
1A
100
AcDbEntity
  8
BLACK
  6
CONTINUOUS
100
AcDbLine
 10
2.016451811023622
 20
0.9773977559055118
 30
0
 11
2.0135448818897639
 21
0.9744908267716536
 31
0
  0
LINE
  5
2BD
330
1A
100
AcDbEntity
  8
BLACK
  6
CONTINUOUS
100
AcDbLine
 10
2.0135448818897639
 20
0.9744908267716536
 30
0
 11
2.0099845669291336
 21
0.9724352755905512
 31
0
  0
LINE
  5
2BE
330
1A
100
AcDbEntity
  8
BLACK
  6
CONTINUOUS
100
AcDbLine
 10
2.0099845669291336
 20
0.9724352755905512
 30
0
 11
2.0060135826771655
 21
0.9713712598425197
 31
0
  0
LINE
  5
2BF
330
1A
100
AcDbEntity
  8
BLACK
  6
CONTINUOUS
100
AcDbLine
 10
2.0060135826771655
 20
0.9713712598425197
 30
0
 11
2.001902559055118
 21
0.9713712598425197
 31
0
  0
LINE
  5
2C0
330
1A
100
AcDbEntity
  8
BLACK
  6
CONTINUOUS
100
AcDbLine
 10
2.001902559055118
 20
0.9713712598425197
 30
0
 11
1.9979315748031496
 21
0.9724352755905512
 31
0
  0
LINE
  5
2C1
330
1A
100
AcDbEntity
  8
BLACK
  6
CONTINUOUS
100
AcDbLine
 10
1.9979315748031496
 20
0.9724352755905512
 30
0
 11
1.9943712598425196
 21
0.9744908267716536
 31
0
  0
LINE
  5
2C2
330
1A
100
AcDbEntity
  8
BLACK
  6
CONTINUOUS
100
AcDbLine
 10
1.9943712598425196
 20
0.9744908267716536
 30
0
 11
1.9914643307086615
 21
0.9773977559055118
 31
0
  0
LINE
  5
2C3
330
1A
100
AcDbEntity
  8
BLACK
  6
CONTINUOUS
100
AcDbLine
 10
1.9914643307086615
 20
0.9773977559055118
 30
0
 11
1.989408779527559
 21
0.9809580708661417
 31
0
  0
LINE
  5
2C4
330
1A
100
AcDbEntity
  8
BLACK
  6
CONTINUOUS
100
AcDbLine
 10
1.989408779527559
 20
0.9809580708661417
 30
0
 11
1.9883447637795275
 21
0.9849290551181102
 31
0
  0
LINE
  5
2C5
330
1A
100
AcDbEntity
  8
BLACK
  6
CONTINUOUS
100
AcDbLine
 10
1.9883447637795275
 20
0.9849290551181102
 30
0
 11
1.9883447637795275
 21
0.9890400787401574
 31
0
  0
LINE
  5
2C6
330
1A
100
AcDbEntity
  8
BLACK
  6
CONTINUOUS
100
AcDbLine
 10
1.9883447637795275
 20
0.9890400787401574
 30
0
 11
1.989408779527559
 21
0.9930110629921259
 31
0
  0
LINE
  5
2C7
330
1A
100
AcDbEntity
  8
BLACK
  6
CONTINUOUS
100
AcDbLine
 10
1.989408779527559
 20
0.9930110629921259
 30
0
 11
1.9914643307086615
 21
0.9965713779527559
 31
0
  0
LINE
  5
2C8
330
1A
100
AcDbEntity
  8
BLACK
  6
CONTINUOUS
100
AcDbLine
 10
1.9914643307086615
 20
0.9965713779527559
 30
0
 11
1.9943712598425196
 21
0.9994783070866141
 31
0
  0
LINE
  5
2C9
330
1A
100
AcDbEntity
  8
BLACK
  6
CONTINUOUS
100
AcDbLine
 10
1.9943712598425196
 20
0.9994783070866141
 30
0
 11
1.9950998031496063
 21
0.999898937007874
 31
0
  0
LINE
  5
2CA
330
1A
100
AcDbEntity
  8
BLACK
  6
CONTINUOUS
100
AcDbLine
 10
1.9950998031496063
 20
0.999898937007874
 30
0
 11
1.9950998031496063
 21
1.2653216141732284
 31
0
  0
LINE
  5
2CB
330
1A
100
AcDbEntity
  8
BLACK
  6
CONTINUOUS
100
AcDbLine
 10
1.9950998031496063
 20
1.2653216141732284
 30
0
 11
1.9933457874015748
 21
1.2683596456692914
 31
0
  0
LINE
  5
2CC
330
1A
100
AcDbEntity
  8
BLACK
  6
CONTINUOUS
100
AcDbLine
 10
1.9933457874015748
 20
1.2683596456692914
 30
0
 11
1.9922817716535433
 21
1.2723306299212598
 31
0
  0
LINE
  5
2CD
330
1A
100
AcDbEntity
  8
BLACK
  6
CONTINUOUS
100
AcDbLine
 10
1.9922817716535433
 20
1.2723306299212598
 30
0
 11
1.9922817716535433
 21
1.276441653543307
 31
0
  0
LINE
  5
2CE
330
1A
100
AcDbEntity
  8
BLACK
  6
CONTINUOUS
100
AcDbLine
 10
1.9922817716535433
 20
1.276441653543307
 30
0
 11
1.9933457874015748
 21
1.2804126377952756
 31
0
  0
LINE
  5
2CF
330
1A
100
AcDbEntity
  8
BLACK
  6
CONTINUOUS
100
AcDbLine
 10
1.9933457874015748
 20
1.2804126377952756
 30
0
 11
1.9954013385826772
 21
1.2839729527559054
 31
0
  0
LINE
  5
2D0
330
1A
100
AcDbEntity
  8
BLACK
  6
CONTINUOUS
100
AcDbLine
 10
1.9954013385826772
 20
1.2839729527559054
 30
0
 11
1.9983082677165354
 21
1.2868798818897638
 31
0
  0
LINE
  5
2D1
330
1A
100
AcDbEntity
  8
BLACK
  6
CONTINUOUS
100
AcDbLine
 10
1.9983082677165354
 20
1.2868798818897638
 30
0
 11
2.0018685826771652
 21
1.2889354330708662
 31
0
  0
LINE
  5
2D2
330
1A
100
AcDbEntity
  8
BLACK
  6
CONTINUOUS
100
AcDbLine
 10
2.0018685826771652
 20
1.2889354330708662
 30
0
 11
2.0058395669291338
 21
1.2899994488188975
 31
0
  0
LINE
  5
2D3
330
1A
100
AcDbEntity
  8
BLACK
  6
CONTINUOUS
100
AcDbLine
 10
2.0058395669291338
 20
1.2899994488188975
 30
0
 11
2.0099505905511812
 21
1.2899994488188975
 31
0
  0
LINE
  5
2D4
330
1A
100
AcDbEntity
  8
BLACK
  6
CONTINUOUS
100
AcDbLine
 10
2.0099505905511812
 20
1.2899994488188975
 30
0
 11
2.0107631496062992
 21
1.2897817322834646
 31
0
  0
LINE
  5
2D5
330
1A
100
AcDbEntity
  8
BLACK
  6
CONTINUOUS
100
AcDbLine
 10
2.0107631496062992
 20
1.2897817322834646
 30
0
 11
2.022244094488189
 21
1.3012626377952756
 31
0
  0
LINE
  5
2D6
330
1A
100
AcDbEntity
  8
BLACK
  6
CONTINUOUS
100
AcDbLine
 10
2.022244094488189
 20
1.3012626377952756
 30
0
 11
2.022244094488189
 21
1.4748248818897638
 31
0
  0
LINE
  5
2D7
330
1A
100
AcDbEntity
  8
BLACK
  6
CONTINUOUS
100
AcDbLine
 10
2.022244094488189
 20
1.4748248818897638
 30
0
 11
1.9648347244094488
 21
1.5322342519685039
 31
0
  0
LINE
  5
2D8
330
1A
100
AcDbEntity
  8
BLACK
  6
CONTINUOUS
100
AcDbLine
 10
1.9648347244094488
 20
1.5322342519685039
 30
0
 11
1.8782170078740157
 21
1.5322342519685039
 31
0
  0
LINE
  5
2D9
330
1A
100
AcDbEntity
  8
BLACK
  6
CONTINUOUS
100
AcDbLine
 10
1.8782170078740157
 20
1.5322342519685039
 30
0
 11
1.8761617716535433
 21
1.5286744881889764
 31
0
  0
LINE
  5
2DA
330
1A
100
AcDbEntity
  8
BLACK
  6
CONTINUOUS
100
AcDbLine
 10
1.8761617716535433
 20
1.5286744881889764
 30
0
 11
1.8732548425196851
 21
1.5257675590551181
 31
0
  0
LINE
  5
2DB
330
1A
100
AcDbEntity
  8
BLACK
  6
CONTINUOUS
100
AcDbLine
 10
1.8732548425196851
 20
1.5257675590551181
 30
0
 11
1.8696945275590551
 21
1.5237120078740156
 31
0
  0
LINE
  5
2DC
330
1A
100
AcDbEntity
  8
BLACK
  6
CONTINUOUS
100
AcDbLine
 10
1.8696945275590551
 20
1.5237120078740156
 30
0
 11
1.8657235433070867
 21
1.5226479921259841
 31
0
  0
LINE
  5
2DD
330
1A
100
AcDbEntity
  8
BLACK
  6
CONTINUOUS
100
AcDbLine
 10
1.8657235433070867
 20
1.5226479921259841
 30
0
 11
1.8616125196850393
 21
1.5226479921259841
 31
0
  0
LINE
  5
2DE
330
1A
100
AcDbEntity
  8
BLACK
  6
CONTINUOUS
100
AcDbLine
 10
1.8616125196850393
 20
1.5226479921259841
 30
0
 11
1.8576415354330709
 21
1.5237120078740156
 31
0
  0
LINE
  5
2DF
330
1A
100
AcDbEntity
  8
BLACK
  6
CONTINUOUS
100
AcDbLine
 10
1.8576415354330709
 20
1.5237120078740156
 30
0
 11
1.8540812204724408
 21
1.5257675590551181
 31
0
  0
LINE
  5
2E0
330
1A
100
AcDbEntity
  8
BLACK
  6
CONTINUOUS
100
AcDbLine
 10
1.8540812204724408
 20
1.5257675590551181
 30
0
 11
1.8511742913385827
 21
1.5286744881889764
 31
0
  0
LINE
  5
2E1
330
1A
100
AcDbEntity
  8
BLACK
  6
CONTINUOUS
100
AcDbLine
 10
1.8511742913385827
 20
1.5286744881889764
 30
0
 11
1.8491187401574802
 21
1.5322348031496063
 31
0
  0
LINE
  5
2E2
330
1A
100
AcDbEntity
  8
BLACK
  6
CONTINUOUS
100
AcDbLine
 10
1.8491187401574802
 20
1.5322348031496063
 30
0
 11
1.8480547244094487
 21
1.5362057874015749
 31
0
  0
LINE
  5
2E3
330
1A
100
AcDbEntity
  8
BLACK
  6
CONTINUOUS
100
AcDbLine
 10
1.8480547244094487
 20
1.5362057874015749
 30
0
 11
1.8480547244094487
 21
1.5403168110236221
 31
0
  0
LINE
  5
2E4
330
1A
100
AcDbEntity
  8
BLACK
  6
CONTINUOUS
100
AcDbLine
 10
1.8480547244094487
 20
1.5403168110236221
 30
0
 11
1.8491187401574802
 21
1.5442877952755905
 31
0
  0
LINE
  5
2E5
330
1A
100
AcDbEntity
  8
BLACK
  6
CONTINUOUS
100
AcDbLine
 10
1.8491187401574802
 20
1.5442877952755905
 30
0
 11
1.8511742913385827
 21
1.5478481102362205
 31
0
  0
LINE
  5
2E6
330
1A
100
AcDbEntity
  8
BLACK
  6
CONTINUOUS
100
AcDbLine
 10
1.8511742913385827
 20
1.5478481102362205
 30
0
 11
1.8540812204724408
 21
1.5507550393700786
 31
0
  0
LINE
  5
2E7
330
1A
100
AcDbEntity
  8
BLACK
  6
CONTINUOUS
100
AcDbLine
 10
1.8540812204724408
 20
1.5507550393700786
 30
0
 11
1.8576415354330709
 21
1.5528105905511811
 31
0
  0
LINE
  5
2E8
330
1A
100
AcDbEntity
  8
BLACK
  6
CONTINUOUS
100
AcDbLine
 10
1.8576415354330709
 20
1.5528105905511811
 30
0
 11
1.8616125196850393
 21
1.5538746062992126
 31
0
  0
LINE
  5
2E9
330
1A
100
AcDbEntity
  8
BLACK
  6
CONTINUOUS
100
AcDbLine
 10
1.8616125196850393
 20
1.5538746062992126
 30
0
 11
1.8657235433070867
 21
1.5538746062992126
 31
0
  0
LINE
  5
2EA
330
1A
100
AcDbEntity
  8
BLACK
  6
CONTINUOUS
100
AcDbLine
 10
1.8657235433070867
 20
1.5538746062992126
 30
0
 11
1.8696945275590551
 21
1.5528105905511811
 31
0
  0
LINE
  5
2EB
330
1A
100
AcDbEntity
  8
BLACK
  6
CONTINUOUS
100
AcDbLine
 10
1.9150816141732283
 20
1.1102185826771653
 30
0
 11
1.9186419291338581
 21
1.1081630314960629
 31
0
  0
LINE
  5
2EC
330
1A
100
AcDbEntity
  8
BLACK
  6
CONTINUOUS
100
AcDbLine
 10
1.9186419291338581
 20
1.1081630314960629
 30
0
 11
1.9215488582677165
 21
1.1052561023622047
 31
0
  0
LINE
  5
2ED
330
1A
100
AcDbEntity
  8
BLACK
  6
CONTINUOUS
100
AcDbLine
 10
1.9215488582677165
 20
1.1052561023622047
 30
0
 11
1.9236044094488189
 21
1.1016957874015747
 31
0
  0
LINE
  5
2EE
330
1A
100
AcDbEntity
  8
BLACK
  6
CONTINUOUS
100
AcDbLine
 10
1.9236044094488189
 20
1.1016957874015747
 30
0
 11
1.9246684251968504
 21
1.0977248031496063
 31
0
  0
LINE
  5
2EF
330
1A
100
AcDbEntity
  8
BLACK
  6
CONTINUOUS
100
AcDbLine
 10
1.9246684251968504
 20
1.0977248031496063
 30
0
 11
1.9246684251968504
 21
1.0936137795275591
 31
0
  0
LINE
  5
2F0
330
1A
100
AcDbEntity
  8
BLACK
  6
CONTINUOUS
100
AcDbLine
 10
1.9246684251968504
 20
1.0936137795275591
 30
0
 11
1.9236044094488189
 21
1.0896427952755905
 31
0
  0
LINE
  5
2F1
330
1A
100
AcDbEntity
  8
BLACK
  6
CONTINUOUS
100
AcDbLine
 10
1.9236044094488189
 20
1.0896427952755905
 30
0
 11
1.9215488582677165
 21
1.0860824803149607
 31
0
  0
LINE
  5
2F2
330
1A
100
AcDbEntity
  8
BLACK
  6
CONTINUOUS
100
AcDbLine
 10
1.9215488582677165
 20
1.0860824803149607
 30
0
 11
1.9186419291338581
 21
1.0831755511811023
 31
0
  0
LINE
  5
2F3
330
1A
100
AcDbEntity
  8
BLACK
  6
CONTINUOUS
100
AcDbLine
 10
1.9186419291338581
 20
1.0831755511811023
 30
0
 11
1.9150816141732283
 21
1.0811200000000001
 31
0
  0
LINE
  5
2F4
330
1A
100
AcDbEntity
  8
BLACK
  6
CONTINUOUS
100
AcDbLine
 10
1.9150816141732283
 20
1.0811200000000001
 30
0
 11
1.9111106299212599
 21
1.0800559842519686
 31
0
  0
LINE
  5
2F5
330
1A
100
AcDbEntity
  8
BLACK
  6
CONTINUOUS
100
AcDbLine
 10
1.9111106299212599
 20
1.0800559842519686
 30
0
 11
1.9069996062992125
 21
1.0800559842519686
 31
0
  0
LINE
  5
2F6
330
1A
100
AcDbEntity
  8
BLACK
  6
CONTINUOUS
100
AcDbLine
 10
1.9069996062992125
 20
1.0800559842519686
 30
0
 11
1.9030286220472441
 21
1.0811200000000001
 31
0
  0
LINE
  5
2F7
330
1A
100
AcDbEntity
  8
BLACK
  6
CONTINUOUS
100
AcDbLine
 10
1.9030286220472441
 20
1.0811200000000001
 30
0
 11
1.9011551968503937
 21
1.0822016141732282
 31
0
  0
LINE
  5
2F8
330
1A
100
AcDbEntity
  8
BLACK
  6
CONTINUOUS
100
AcDbLine
 10
1.9011551968503937
 20
1.0822016141732282
 30
0
 11
1.8848212992125983
 21
1.0658676771653544
 31
0
  0
LINE
  5
2F9
330
1A
100
AcDbEntity
  8
BLACK
  6
CONTINUOUS
100
AcDbLine
 10
1.8848212992125983
 20
1.0658676771653544
 30
0
 11
1.88422468503937
 21
1.0653780708661418
 31
0
  0
LINE
  5
2FA
330
1A
100
AcDbEntity
  8
BLACK
  6
CONTINUOUS
100
AcDbLine
 10
1.88422468503937
 20
1.0653780708661418
 30
0
 11
1.8828054724409449
 21
1.0647901968503937
 31
0
  0
LINE
  5
2FB
330
1A
100
AcDbEntity
  8
BLACK
  6
CONTINUOUS
100
AcDbLine
 10
1.8828054724409449
 20
1.0647901968503937
 30
0
 11
1.8820374015748031
 21
1.0647145669291338
 31
0
  0
LINE
  5
2FC
330
1A
100
AcDbEntity
  8
BLACK
  6
CONTINUOUS
100
AcDbLine
 10
1.8820374015748031
 20
1.0647145669291338
 30
0
 11
1.8221957874015748
 21
1.0647145669291338
 31
0
  0
LINE
  5
2FD
330
1A
100
AcDbEntity
  8
BLACK
  6
CONTINUOUS
100
AcDbLine
 10
1.8221957874015748
 20
1.0647145669291338
 30
0
 11
1.821635905511811
 21
1.0626250787401574
 31
0
  0
LINE
  5
2FE
330
1A
100
AcDbEntity
  8
BLACK
  6
CONTINUOUS
100
AcDbLine
 10
1.821635905511811
 20
1.0626250787401574
 30
0
 11
1.8195803543307085
 21
1.0590647637795276
 31
0
  0
LINE
  5
2FF
330
1A
100
AcDbEntity
  8
BLACK
  6
CONTINUOUS
100
AcDbLine
 10
1.8195803543307085
 20
1.0590647637795276
 30
0
 11
1.8166734251968504
 21
1.0561578346456693
 31
0
  0
LINE
  5
300
330
1A
100
AcDbEntity
  8
BLACK
  6
CONTINUOUS
100
AcDbLine
 10
1.8166734251968504
 20
1.0561578346456693
 30
0
 11
1.8131131102362203
 21
1.0541022834645668
 31
0
  0
LINE
  5
301
330
1A
100
AcDbEntity
  8
BLACK
  6
CONTINUOUS
100
AcDbLine
 10
1.8131131102362203
 20
1.0541022834645668
 30
0
 11
1.8091421259842519
 21
1.0530382677165353
 31
0
  0
LINE
  5
302
330
1A
100
AcDbEntity
  8
BLACK
  6
CONTINUOUS
100
AcDbLine
 10
1.8091421259842519
 20
1.0530382677165353
 30
0
 11
1.8050311023622048
 21
1.0530382677165353
 31
0
  0
LINE
  5
303
330
1A
100
AcDbEntity
  8
BLACK
  6
CONTINUOUS
100
AcDbLine
 10
1.8050311023622048
 20
1.0530382677165353
 30
0
 11
1.8010601181102361
 21
1.0541022834645668
 31
0
  0
LINE
  5
304
330
1A
100
AcDbEntity
  8
BLACK
  6
CONTINUOUS
100
AcDbLine
 10
1.8010601181102361
 20
1.0541022834645668
 30
0
 11
1.7974998031496063
 21
1.0561578346456693
 31
0
  0
LINE
  5
305
330
1A
100
AcDbEntity
  8
BLACK
  6
CONTINUOUS
100
AcDbLine
 10
1.7974998031496063
 20
1.0561578346456693
 30
0
 11
1.794592874015748
 21
1.0590647637795276
 31
0
  0
LINE
  5
306
330
1A
100
AcDbEntity
  8
BLACK
  6
CONTINUOUS
100
AcDbLine
 10
1.794592874015748
 20
1.0590647637795276
 30
0
 11
1.7925373228346457
 21
1.0626250787401574
 31
0
  0
LINE
  5
307
330
1A
100
AcDbEntity
  8
BLACK
  6
CONTINUOUS
100
AcDbLine
 10
1.7925373228346457
 20
1.0626250787401574
 30
0
 11
1.7914733070866142
 21
1.0665960629921261
 31
0
  0
LINE
  5
308
330
1A
100
AcDbEntity
  8
BLACK
  6
CONTINUOUS
100
AcDbLine
 10
1.7914733070866142
 20
1.0665960629921261
 30
0
 11
1.7914733070866142
 21
1.0707070866141732
 31
0
  0
LINE
  5
309
330
1A
100
AcDbEntity
  8
BLACK
  6
CONTINUOUS
100
AcDbLine
 10
1.7914733070866142
 20
1.0707070866141732
 30
0
 11
1.7925373228346457
 21
1.0746780708661416
 31
0
  0
LINE
  5
30A
330
1A
100
AcDbEntity
  8
BLACK
  6
CONTINUOUS
100
AcDbLine
 10
1.7925373228346457
 20
1.0746780708661416
 30
0
 11
1.794592874015748
 21
1.0782383858267717
 31
0
  0
LINE
  5
30B
330
1A
100
AcDbEntity
  8
BLACK
  6
CONTINUOUS
100
AcDbLine
 10
1.794592874015748
 20
1.0782383858267717
 30
0
 11
1.7974998031496063
 21
1.0811453149606298
 31
0
  0
LINE
  5
30C
330
1A
100
AcDbEntity
  8
BLACK
  6
CONTINUOUS
100
AcDbLine
 10
1.7974998031496063
 20
1.0811453149606298
 30
0
 11
1.8010601181102361
 21
1.0832008661417323
 31
0
  0
LINE
  5
30D
330
1A
100
AcDbEntity
  8
BLACK
  6
CONTINUOUS
100
AcDbLine
 10
1.8010601181102361
 20
1.0832008661417323
 30
0
 11
1.8050311023622048
 21
1.0842648818897638
 31
0
  0
LINE
  5
30E
330
1A
100
AcDbEntity
  8
BLACK
  6
CONTINUOUS
100
AcDbLine
 10
1.8050311023622048
 20
1.0842648818897638
 30
0
 11
1.8091421259842519
 21
1.0842648818897638
 31
0
  0
LINE
  5
30F
330
1A
100
AcDbEntity
  8
BLACK
  6
CONTINUOUS
100
AcDbLine
 10
1.8091421259842519
 20
1.0842648818897638
 30
0
 11
1.8131131102362203
 21
1.0832008661417323
 31
0
  0
LINE
  5
310
330
1A
100
AcDbEntity
  8
BLACK
  6
CONTINUOUS
100
AcDbLine
 10
1.8131131102362203
 20
1.0832008661417323
 30
0
 11
1.8166734251968504
 21
1.0811453149606298
 31
0
  0
LINE
  5
311
330
1A
100
AcDbEntity
  8
BLACK
  6
CONTINUOUS
100
AcDbLine
 10
1.8166734251968504
 20
1.0811453149606298
 30
0
 11
1.8195803543307085
 21
1.0782383858267717
 31
0
  0
LINE
  5
312
330
1A
100
AcDbEntity
  8
BLACK
  6
CONTINUOUS
100
AcDbLine
 10
1.8195803543307085
 20
1.0782383858267717
 30
0
 11
1.821635905511811
 21
1.0746780708661416
 31
0
  0
LINE
  5
313
330
1A
100
AcDbEntity
  8
BLACK
  6
CONTINUOUS
100
AcDbLine
 10
1.821635905511811
 20
1.0746780708661416
 30
0
 11
1.8221957874015748
 21
1.0725885826771653
 31
0
  0
LINE
  5
314
330
1A
100
AcDbEntity
  8
BLACK
  6
CONTINUOUS
100
AcDbLine
 10
1.8221957874015748
 20
1.0725885826771653
 30
0
 11
1.8804066141732283
 21
1.0725885826771653
 31
0
  0
LINE
  5
315
330
1A
100
AcDbEntity
  8
BLACK
  6
CONTINUOUS
100
AcDbLine
 10
1.8804066141732283
 20
1.0725885826771653
 30
0
 11
1.8955874015748031
 21
1.0877694094488188
 31
0
  0
LINE
  5
316
330
1A
100
AcDbEntity
  8
BLACK
  6
CONTINUOUS
100
AcDbLine
 10
1.8955874015748031
 20
1.0877694094488188
 30
0
 11
1.8945058267716535
 21
1.0896427952755905
 31
0
  0
LINE
  5
317
330
1A
100
AcDbEntity
  8
BLACK
  6
CONTINUOUS
100
AcDbLine
 10
1.8945058267716535
 20
1.0896427952755905
 30
0
 11
1.893441811023622
 21
1.0936137795275591
 31
0
  0
LINE
  5
318
330
1A
100
AcDbEntity
  8
BLACK
  6
CONTINUOUS
100
AcDbLine
 10
1.893441811023622
 20
1.0936137795275591
 30
0
 11
1.893441811023622
 21
1.0977248031496063
 31
0
  0
LINE
  5
319
330
1A
100
AcDbEntity
  8
BLACK
  6
CONTINUOUS
100
AcDbLine
 10
1.893441811023622
 20
1.0977248031496063
 30
0
 11
1.8945058267716535
 21
1.1016957874015747
 31
0
  0
LINE
  5
31A
330
1A
100
AcDbEntity
  8
BLACK
  6
CONTINUOUS
100
AcDbLine
 10
1.8945058267716535
 20
1.1016957874015747
 30
0
 11
1.8965613779527559
 21
1.1052561023622047
 31
0
  0
LINE
  5
31B
330
1A
100
AcDbEntity
  8
BLACK
  6
CONTINUOUS
100
AcDbLine
 10
1.8965613779527559
 20
1.1052561023622047
 30
0
 11
1.8994683070866141
 21
1.1081630314960629
 31
0
  0
LINE
  5
31C
330
1A
100
AcDbEntity
  8
BLACK
  6
CONTINUOUS
100
AcDbLine
 10
1.8994683070866141
 20
1.1081630314960629
 30
0
 11
1.9030286220472441
 21
1.1102185826771653
 31
0
  0
LINE
  5
31D
330
1A
100
AcDbEntity
  8
BLACK
  6
CONTINUOUS
100
AcDbLine
 10
1.9030286220472441
 20
1.1102185826771653
 30
0
 11
1.9069996062992125
 21
1.1112825984251968
 31
0
  0
LINE
  5
31E
330
1A
100
AcDbEntity
  8
BLACK
  6
CONTINUOUS
100
AcDbLine
 10
1.9069996062992125
 20
1.1112825984251968
 30
0
 11
1.9111106299212599
 21
1.1112825984251968
 31
0
  0
LINE
  5
31F
330
1A
100
AcDbEntity
  8
BLACK
  6
CONTINUOUS
100
AcDbLine
 10
1.9111106299212599
 20
1.1112825984251968
 30
0
 11
1.9150816141732283
 21
1.1102185826771653
 31
0
  0
LINE
  5
320
330
1A
100
AcDbEntity
  8
BLACK
  6
CONTINUOUS
100
AcDbLine
 10
1.8379486220472441
 20
1.1678908267716535
 30
0
 11
1.8379486614173228
 21
1.1678908267716535
 31
0
  0
LINE
  5
321
330
1A
100
AcDbEntity
  8
BLACK
  6
CONTINUOUS
100
AcDbLine
 10
1.8379486614173228
 20
1.1678908267716535
 30
0
 11
1.8411418897637795
 21
1.1665681496062992
 31
0
  0
LINE
  5
322
330
1A
100
AcDbEntity
  8
BLACK
  6
CONTINUOUS
100
AcDbLine
 10
1.8411418897637795
 20
1.1665681496062992
 30
0
 11
1.8424842125984251
 21
1.1654664960629921
 31
0
  0
LINE
  5
323
330
1A
100
AcDbEntity
  8
BLACK
  6
CONTINUOUS
100
AcDbLine
 10
1.8424842125984251
 20
1.1654664960629921
 30
0
 11
1.8630684645669291
 21
1.1448822440944881
 31
0
  0
LINE
  5
324
330
1A
100
AcDbEntity
  8
BLACK
  6
CONTINUOUS
100
AcDbLine
 10
1.8630684645669291
 20
1.1448822440944881
 30
0
 11
1.8660207480314961
 21
1.1465866929133859
 31
0
  0
LINE
  5
325
330
1A
100
AcDbEntity
  8
BLACK
  6
CONTINUOUS
100
AcDbLine
 10
1.8660207480314961
 20
1.1465866929133859
 30
0
 11
1.8699917322834645
 21
1.1476507086614174
 31
0
  0
LINE
  5
326
330
1A
100
AcDbEntity
  8
BLACK
  6
CONTINUOUS
100
AcDbLine
 10
1.8699917322834645
 20
1.1476507086614174
 30
0
 11
1.8741027559055117
 21
1.1476507086614174
 31
0
  0
LINE
  5
327
330
1A
100
AcDbEntity
  8
BLACK
  6
CONTINUOUS
100
AcDbLine
 10
1.8741027559055117
 20
1.1476507086614174
 30
0
 11
1.8780737401574803
 21
1.1465866929133859
 31
0
  0
LINE
  5
328
330
1A
100
AcDbEntity
  8
BLACK
  6
CONTINUOUS
100
AcDbLine
 10
1.8780737401574803
 20
1.1465866929133859
 30
0
 11
1.8816340551181101
 21
1.1445311417322834
 31
0
  0
LINE
  5
329
330
1A
100
AcDbEntity
  8
BLACK
  6
CONTINUOUS
100
AcDbLine
 10
1.8816340551181101
 20
1.1445311417322834
 30
0
 11
1.8845409842519685
 21
1.1416242125984253
 31
0
  0
LINE
  5
32A
330
1A
100
AcDbEntity
  8
BLACK
  6
CONTINUOUS
100
AcDbLine
 10
1.8845409842519685
 20
1.1416242125984253
 30
0
 11
1.8865965354330709
 21
1.1380638976377953
 31
0
  0
LINE
  5
32B
330
1A
100
AcDbEntity
  8
BLACK
  6
CONTINUOUS
100
AcDbLine
 10
1.8865965354330709
 20
1.1380638976377953
 30
0
 11
1.8876605511811022
 21
1.1340929133858269
 31
0
  0
LINE
  5
32C
330
1A
100
AcDbEntity
  8
BLACK
  6
CONTINUOUS
100
AcDbLine
 10
1.8876605511811022
 20
1.1340929133858269
 30
0
 11
1.8876605511811022
 21
1.1299818897637794
 31
0
  0
LINE
  5
32D
330
1A
100
AcDbEntity
  8
BLACK
  6
CONTINUOUS
100
AcDbLine
 10
1.8876605511811022
 20
1.1299818897637794
 30
0
 11
1.8865965354330709
 21
1.126010905511811
 31
0
  0
LINE
  5
32E
330
1A
100
AcDbEntity
  8
BLACK
  6
CONTINUOUS
100
AcDbLine
 10
1.8865965354330709
 20
1.126010905511811
 30
0
 11
1.8845409842519685
 21
1.122450590551181
 31
0
  0
LINE
  5
32F
330
1A
100
AcDbEntity
  8
BLACK
  6
CONTINUOUS
100
AcDbLine
 10
1.8845409842519685
 20
1.122450590551181
 30
0
 11
1.8816340551181101
 21
1.1195436614173229
 31
0
  0
LINE
  5
330
330
1A
100
AcDbEntity
  8
BLACK
  6
CONTINUOUS
100
AcDbLine
 10
1.8816340551181101
 20
1.1195436614173229
 30
0
 11
1.8780737401574803
 21
1.1174881102362204
 31
0
  0
LINE
  5
331
330
1A
100
AcDbEntity
  8
BLACK
  6
CONTINUOUS
100
AcDbLine
 10
1.8780737401574803
 20
1.1174881102362204
 30
0
 11
1.8741027559055117
 21
1.1164240944881889
 31
0
  0
LINE
  5
332
330
1A
100
AcDbEntity
  8
BLACK
  6
CONTINUOUS
100
AcDbLine
 10
1.8741027559055117
 20
1.1164240944881889
 30
0
 11
1.8699917322834645
 21
1.1164240944881889
 31
0
  0
LINE
  5
333
330
1A
100
AcDbEntity
  8
BLACK
  6
CONTINUOUS
100
AcDbLine
 10
1.8699917322834645
 20
1.1164240944881889
 30
0
 11
1.8660207480314961
 21
1.1174881102362204
 31
0
  0
LINE
  5
334
330
1A
100
AcDbEntity
  8
BLACK
  6
CONTINUOUS
100
AcDbLine
 10
1.8660207480314961
 20
1.1174881102362204
 30
0
 11
1.8624604330708661
 21
1.1195436614173229
 31
0
  0
LINE
  5
335
330
1A
100
AcDbEntity
  8
BLACK
  6
CONTINUOUS
100
AcDbLine
 10
1.8624604330708661
 20
1.1195436614173229
 30
0
 11
1.8595535039370079
 21
1.122450590551181
 31
0
  0
LINE
  5
336
330
1A
100
AcDbEntity
  8
BLACK
  6
CONTINUOUS
100
AcDbLine
 10
1.8595535039370079
 20
1.122450590551181
 30
0
 11
1.8580966929133858
 21
1.1249738188976377
 31
0
  0
LINE
  5
337
330
1A
100
AcDbEntity
  8
BLACK
  6
CONTINUOUS
100
AcDbLine
 10
1.8580966929133858
 20
1.1249738188976377
 30
0
 11
1.8571220866141731
 21
1.1257736614173228
 31
0
  0
LINE
  5
338
330
1A
100
AcDbEntity
  8
BLACK
  6
CONTINUOUS
100
AcDbLine
 10
1.8571220866141731
 20
1.1257736614173228
 30
0
 11
1.8325512598425195
 21
1.1503444881889764
 31
0
  0
LINE
  5
339
330
1A
100
AcDbEntity
  8
BLACK
  6
CONTINUOUS
100
AcDbLine
 10
1.8325512598425195
 20
1.1503444881889764
 30
0
 11
1.5784723622047243
 21
1.1503444881889764
 31
0
  0
LINE
  5
33A
330
1A
100
AcDbEntity
  8
BLACK
  6
CONTINUOUS
100
AcDbLine
 10
1.5784723622047243
 20
1.1503444881889764
 30
0
 11
1.5769112992125984
 21
1.148783464566929
 31
0
  0
LINE
  5
33B
330
1A
100
AcDbEntity
  8
BLACK
  6
CONTINUOUS
100
AcDbLine
 10
1.5769112992125984
 20
1.148783464566929
 30
0
 11
1.5771290551181103
 21
1.1479708661417323
 31
0
  0
LINE
  5
33C
330
1A
100
AcDbEntity
  8
BLACK
  6
CONTINUOUS
100
AcDbLine
 10
1.5771290551181103
 20
1.1479708661417323
 30
0
 11
1.5771290551181103
 21
1.1438598425196851
 31
0
  0
LINE
  5
33D
330
1A
100
AcDbEntity
  8
BLACK
  6
CONTINUOUS
100
AcDbLine
 10
1.5771290551181103
 20
1.1438598425196851
 30
0
 11
1.5760650393700788
 21
1.1398888582677165
 31
0
  0
LINE
  5
33E
330
1A
100
AcDbEntity
  8
BLACK
  6
CONTINUOUS
100
AcDbLine
 10
1.5760650393700788
 20
1.1398888582677165
 30
0
 11
1.5740094881889763
 21
1.1363285433070867
 31
0
  0
LINE
  5
33F
330
1A
100
AcDbEntity
  8
BLACK
  6
CONTINUOUS
100
AcDbLine
 10
1.5740094881889763
 20
1.1363285433070867
 30
0
 11
1.571102559055118
 21
1.1334216141732283
 31
0
  0
LINE
  5
340
330
1A
100
AcDbEntity
  8
BLACK
  6
CONTINUOUS
100
AcDbLine
 10
1.571102559055118
 20
1.1334216141732283
 30
0
 11
1.5675422440944882
 21
1.1313660629921261
 31
0
  0
LINE
  5
341
330
1A
100
AcDbEntity
  8
BLACK
  6
CONTINUOUS
100
AcDbLine
 10
1.5675422440944882
 20
1.1313660629921261
 30
0
 11
1.5635712598425195
 21
1.1303020472440946
 31
0
  0
LINE
  5
342
330
1A
100
AcDbEntity
  8
BLACK
  6
CONTINUOUS
100
AcDbLine
 10
1.5635712598425195
 20
1.1303020472440946
 30
0
 11
1.5594602362204724
 21
1.1303020472440946
 31
0
  0
LINE
  5
343
330
1A
100
AcDbEntity
  8
BLACK
  6
CONTINUOUS
100
AcDbLine
 10
1.5594602362204724
 20
1.1303020472440946
 30
0
 11
1.555489251968504
 21
1.1313660629921261
 31
0
  0
LINE
  5
344
330
1A
100
AcDbEntity
  8
BLACK
  6
CONTINUOUS
100
AcDbLine
 10
1.555489251968504
 20
1.1313660629921261
 30
0
 11
1.5519289370078739
 21
1.1334216141732283
 31
0
  0
LINE
  5
345
330
1A
100
AcDbEntity
  8
BLACK
  6
CONTINUOUS
100
AcDbLine
 10
1.5519289370078739
 20
1.1334216141732283
 30
0
 11
1.5490220078740158
 21
1.1363285433070867
 31
0
  0
LINE
  5
346
330
1A
100
AcDbEntity
  8
BLACK
  6
CONTINUOUS
100
AcDbLine
 10
1.5490220078740158
 20
1.1363285433070867
 30
0
 11
1.5469664566929133
 21
1.1398888582677165
 31
0
  0
LINE
  5
347
330
1A
100
AcDbEntity
  8
BLACK
  6
CONTINUOUS
100
AcDbLine
 10
1.5469664566929133
 20
1.1398888582677165
 30
0
 11
1.5459024409448818
 21
1.1438598425196851
 31
0
  0
LINE
  5
348
330
1A
100
AcDbEntity
  8
BLACK
  6
CONTINUOUS
100
AcDbLine
 10
1.5459024409448818
 20
1.1438598425196851
 30
0
 11
1.5459024409448818
 21
1.1479708661417323
 31
0
  0
LINE
  5
349
330
1A
100
AcDbEntity
  8
BLACK
  6
CONTINUOUS
100
AcDbLine
 10
1.5459024409448818
 20
1.1479708661417323
 30
0
 11
1.5469664566929133
 21
1.1519418503937007
 31
0
  0
LINE
  5
34A
330
1A
100
AcDbEntity
  8
BLACK
  6
CONTINUOUS
100
AcDbLine
 10
1.5469664566929133
 20
1.1519418503937007
 30
0
 11
1.5490220078740158
 21
1.1555021653543307
 31
0
  0
LINE
  5
34B
330
1A
100
AcDbEntity
  8
BLACK
  6
CONTINUOUS
100
AcDbLine
 10
1.5490220078740158
 20
1.1555021653543307
 30
0
 11
1.5519289370078739
 21
1.1584090944881889
 31
0
  0
LINE
  5
34C
330
1A
100
AcDbEntity
  8
BLACK
  6
CONTINUOUS
100
AcDbLine
 10
1.5519289370078739
 20
1.1584090944881889
 30
0
 11
1.555489251968504
 21
1.1604646456692913
 31
0
  0
LINE
  5
34D
330
1A
100
AcDbEntity
  8
BLACK
  6
CONTINUOUS
100
AcDbLine
 10
1.555489251968504
 20
1.1604646456692913
 30
0
 11
1.5594602362204724
 21
1.1615286614173228
 31
0
  0
LINE
  5
34E
330
1A
100
AcDbEntity
  8
BLACK
  6
CONTINUOUS
100
AcDbLine
 10
1.5594602362204724
 20
1.1615286614173228
 30
0
 11
1.5635712598425195
 21
1.1615286614173228
 31
0
  0
LINE
  5
34F
330
1A
100
AcDbEntity
  8
BLACK
  6
CONTINUOUS
100
AcDbLine
 10
1.5635712598425195
 20
1.1615286614173228
 30
0
 11
1.5643838188976378
 21
1.1613109448818897
 31
0
  0
LINE
  5
350
330
1A
100
AcDbEntity
  8
BLACK
  6
CONTINUOUS
100
AcDbLine
 10
1.5643838188976378
 20
1.1613109448818897
 30
0
 11
1.5685394094488188
 21
1.1654664960629921
 31
0
  0
LINE
  5
351
330
1A
100
AcDbEntity
  8
BLACK
  6
CONTINUOUS
100
AcDbLine
 10
1.5685394094488188
 20
1.1654664960629921
 30
0
 11
1.5698817322834646
 21
1.1665681496062992
 31
0
  0
LINE
  5
352
330
1A
100
AcDbEntity
  8
BLACK
  6
CONTINUOUS
100
AcDbLine
 10
1.5698817322834646
 20
1.1665681496062992
 30
0
 11
1.5730749606299212
 21
1.1678908267716535
 31
0
  0
LINE
  5
353
330
1A
100
AcDbEntity
  8
BLACK
  6
CONTINUOUS
100
AcDbLine
 10
1.5730749606299212
 20
1.1678908267716535
 30
0
 11
1.573075
 21
1.1678908267716535
 31
0
  0
LINE
  5
354
330
1A
100
AcDbEntity
  8
BLACK
  6
CONTINUOUS
100
AcDbLine
 10
1.573075
 20
1.1678908267716535
 30
0
 11
1.5748031496062991
 21
1.1680610236220472
 31
0
  0
LINE
  5
355
330
1A
100
AcDbEntity
  8
BLACK
  6
CONTINUOUS
100
AcDbLine
 10
1.5748031496062991
 20
1.1680610236220472
 30
0
 11
1.8362204724409448
 21
1.1680610236220472
 31
0
  0
LINE
  5
356
330
1A
100
AcDbEntity
  8
BLACK
  6
CONTINUOUS
100
AcDbLine
 10
1.8362204724409448
 20
1.1680610236220472
 30
0
 11
1.8379486220472441
 21
1.1678908267716535
 31
0
  0
LINE
  5
357
330
1A
100
AcDbEntity
  8
BLACK
  6
CONTINUOUS
100
AcDbLine
 10
1.9469713779527558
 20
1.4217835433070867
 30
0
 11
1.9505316929133858
 21
1.4197279921259842
 31
0
  0
LINE
  5
358
330
1A
100
AcDbEntity
  8
BLACK
  6
CONTINUOUS
100
AcDbLine
 10
1.9505316929133858
 20
1.4197279921259842
 30
0
 11
1.9534386220472439
 21
1.4168210629921258
 31
0
  0
LINE
  5
359
330
1A
100
AcDbEntity
  8
BLACK
  6
CONTINUOUS
100
AcDbLine
 10
1.9534386220472439
 20
1.4168210629921258
 30
0
 11
1.9554941732283464
 21
1.413260748031496
 31
0
  0
LINE
  5
35A
330
1A
100
AcDbEntity
  8
BLACK
  6
CONTINUOUS
100
AcDbLine
 10
1.9554941732283464
 20
1.413260748031496
 30
0
 11
1.9565581889763779
 21
1.4092897637795276
 31
0
  0
LINE
  5
35B
330
1A
100
AcDbEntity
  8
BLACK
  6
CONTINUOUS
100
AcDbLine
 10
1.9565581889763779
 20
1.4092897637795276
 30
0
 11
1.9565581889763779
 21
1.4051787401574802
 31
0
  0
LINE
  5
35C
330
1A
100
AcDbEntity
  8
BLACK
  6
CONTINUOUS
100
AcDbLine
 10
1.9565581889763779
 20
1.4051787401574802
 30
0
 11
1.9554941732283464
 21
1.4012077559055118
 31
0
  0
LINE
  5
35D
330
1A
100
AcDbEntity
  8
BLACK
  6
CONTINUOUS
100
AcDbLine
 10
1.9554941732283464
 20
1.4012077559055118
 30
0
 11
1.954412559055118
 21
1.3993343700787402
 31
0
  0
LINE
  5
35E
330
1A
100
AcDbEntity
  8
BLACK
  6
CONTINUOUS
100
AcDbLine
 10
1.954412559055118
 20
1.3993343700787402
 30
0
 11
1.9681092913385827
 21
1.3856376377952755
 31
0
  0
LINE
  5
35F
330
1A
100
AcDbEntity
  8
BLACK
  6
CONTINUOUS
100
AcDbLine
 10
1.9681092913385827
 20
1.3856376377952755
 30
0
 11
1.9685988976377953
 21
1.3850410236220472
 31
0
  0
LINE
  5
360
330
1A
100
AcDbEntity
  8
BLACK
  6
CONTINUOUS
100
AcDbLine
 10
1.9685988976377953
 20
1.3850410236220472
 30
0
 11
1.9691867716535432
 21
1.383621811023622
 31
0
  0
LINE
  5
361
330
1A
100
AcDbEntity
  8
BLACK
  6
CONTINUOUS
100
AcDbLine
 10
1.9691867716535432
 20
1.383621811023622
 30
0
 11
1.969262401574803
 21
1.3828537401574803
 31
0
  0
LINE
  5
362
330
1A
100
AcDbEntity
  8
BLACK
  6
CONTINUOUS
100
AcDbLine
 10
1.969262401574803
 20
1.3828537401574803
 30
0
 11
1.969262401574803
 21
1.1598135826771654
 31
0
  0
LINE
  5
363
330
1A
100
AcDbEntity
  8
BLACK
  6
CONTINUOUS
100
AcDbLine
 10
1.969262401574803
 20
1.1598135826771654
 30
0
 11
1.9691867716535432
 21
1.1590455118110237
 31
0
  0
LINE
  5
364
330
1A
100
AcDbEntity
  8
BLACK
  6
CONTINUOUS
100
AcDbLine
 10
1.9691867716535432
 20
1.1590455118110237
 30
0
 11
1.968970590551181
 21
1.1585236220472441
 31
0
  0
LINE
  5
365
330
1A
100
AcDbEntity
  8
BLACK
  6
CONTINUOUS
100
AcDbLine
 10
1.968970590551181
 20
1.1585236220472441
 30
0
 11
1.9685988976377953
 21
1.1576262598425198
 31
0
  0
LINE
  5
366
330
1A
100
AcDbEntity
  8
BLACK
  6
CONTINUOUS
100
AcDbLine
 10
1.9685988976377953
 20
1.1576262598425198
 30
0
 11
1.9681092519685039
 21
1.15702968503937
 31
0
  0
LINE
  5
367
330
1A
100
AcDbEntity
  8
BLACK
  6
CONTINUOUS
100
AcDbLine
 10
1.9681092519685039
 20
1.15702968503937
 30
0
 11
1.9559873622047244
 21
1.1449077952755906
 31
0
  0
LINE
  5
368
330
1A
100
AcDbEntity
  8
BLACK
  6
CONTINUOUS
100
AcDbLine
 10
1.9559873622047244
 20
1.1449077952755906
 30
0
 11
1.9570689763779527
 21
1.1430343700787402
 31
0
  0
LINE
  5
369
330
1A
100
AcDbEntity
  8
BLACK
  6
CONTINUOUS
100
AcDbLine
 10
1.9570689763779527
 20
1.1430343700787402
 30
0
 11
1.9581329921259842
 21
1.1390633858267716
 31
0
  0
LINE
  5
36A
330
1A
100
AcDbEntity
  8
BLACK
  6
CONTINUOUS
100
AcDbLine
 10
1.9581329921259842
 20
1.1390633858267716
 30
0
 11
1.9581329921259842
 21
1.1349523622047244
 31
0
  0
LINE
  5
36B
330
1A
100
AcDbEntity
  8
BLACK
  6
CONTINUOUS
100
AcDbLine
 10
1.9581329921259842
 20
1.1349523622047244
 30
0
 11
1.9570689763779527
 21
1.1309813779527558
 31
0
  0
LINE
  5
36C
330
1A
100
AcDbEntity
  8
BLACK
  6
CONTINUOUS
100
AcDbLine
 10
1.9570689763779527
 20
1.1309813779527558
 30
0
 11
1.9550134251968503
 21
1.127421062992126
 31
0
  0
LINE
  5
36D
330
1A
100
AcDbEntity
  8
BLACK
  6
CONTINUOUS
100
AcDbLine
 10
1.9550134251968503
 20
1.127421062992126
 30
0
 11
1.9521064960629921
 21
1.1245141338582676
 31
0
  0
LINE
  5
36E
330
1A
100
AcDbEntity
  8
BLACK
  6
CONTINUOUS
100
AcDbLine
 10
1.9521064960629921
 20
1.1245141338582676
 30
0
 11
1.9485461811023621
 21
1.1224585826771654
 31
0
  0
LINE
  5
36F
330
1A
100
AcDbEntity
  8
BLACK
  6
CONTINUOUS
100
AcDbLine
 10
1.9485461811023621
 20
1.1224585826771654
 30
0
 11
1.9445751968503937
 21
1.1213945669291339
 31
0
  0
LINE
  5
370
330
1A
100
AcDbEntity
  8
BLACK
  6
CONTINUOUS
100
AcDbLine
 10
1.9445751968503937
 20
1.1213945669291339
 30
0
 11
1.9404641732283465
 21
1.1213945669291339
 31
0
  0
LINE
  5
371
330
1A
100
AcDbEntity
  8
BLACK
  6
CONTINUOUS
100
AcDbLine
 10
1.9404641732283465
 20
1.1213945669291339
 30
0
 11
1.9364931889763779
 21
1.1224585826771654
 31
0
  0
LINE
  5
372
330
1A
100
AcDbEntity
  8
BLACK
  6
CONTINUOUS
100
AcDbLine
 10
1.9364931889763779
 20
1.1224585826771654
 30
0
 11
1.9329328740157481
 21
1.1245141338582676
 31
0
  0
LINE
  5
373
330
1A
100
AcDbEntity
  8
BLACK
  6
CONTINUOUS
100
AcDbLine
 10
1.9329328740157481
 20
1.1245141338582676
 30
0
 11
1.9300259448818897
 21
1.127421062992126
 31
0
  0
LINE
  5
374
330
1A
100
AcDbEntity
  8
BLACK
  6
CONTINUOUS
100
AcDbLine
 10
1.9300259448818897
 20
1.127421062992126
 30
0
 11
1.9279703937007873
 21
1.1309813779527558
 31
0
  0
LINE
  5
375
330
1A
100
AcDbEntity
  8
BLACK
  6
CONTINUOUS
100
AcDbLine
 10
1.9279703937007873
 20
1.1309813779527558
 30
0
 11
1.9269063779527558
 21
1.1349523622047244
 31
0
  0
LINE
  5
376
330
1A
100
AcDbEntity
  8
BLACK
  6
CONTINUOUS
100
AcDbLine
 10
1.9269063779527558
 20
1.1349523622047244
 30
0
 11
1.9269063779527558
 21
1.1390633858267716
 31
0
  0
LINE
  5
377
330
1A
100
AcDbEntity
  8
BLACK
  6
CONTINUOUS
100
AcDbLine
 10
1.9269063779527558
 20
1.1390633858267716
 30
0
 11
1.9279703937007873
 21
1.1430343700787402
 31
0
  0
LINE
  5
378
330
1A
100
AcDbEntity
  8
BLACK
  6
CONTINUOUS
100
AcDbLine
 10
1.9279703937007873
 20
1.1430343700787402
 30
0
 11
1.9300259448818897
 21
1.14659468503937
 31
0
  0
LINE
  5
379
330
1A
100
AcDbEntity
  8
BLACK
  6
CONTINUOUS
100
AcDbLine
 10
1.9300259448818897
 20
1.14659468503937
 30
0
 11
1.9329328740157481
 21
1.1495016141732284
 31
0
  0
LINE
  5
37A
330
1A
100
AcDbEntity
  8
BLACK
  6
CONTINUOUS
100
AcDbLine
 10
1.9329328740157481
 20
1.1495016141732284
 30
0
 11
1.9364931889763779
 21
1.1515571653543306
 31
0
  0
LINE
  5
37B
330
1A
100
AcDbEntity
  8
BLACK
  6
CONTINUOUS
100
AcDbLine
 10
1.9364931889763779
 20
1.1515571653543306
 30
0
 11
1.9404641732283465
 21
1.1526211811023621
 31
0
  0
LINE
  5
37C
330
1A
100
AcDbEntity
  8
BLACK
  6
CONTINUOUS
100
AcDbLine
 10
1.9404641732283465
 20
1.1526211811023621
 30
0
 11
1.9445751968503937
 21
1.1526211811023621
 31
0
  0
LINE
  5
37D
330
1A
100
AcDbEntity
  8
BLACK
  6
CONTINUOUS
100
AcDbLine
 10
1.9445751968503937
 20
1.1526211811023621
 30
0
 11
1.9485461811023621
 21
1.1515571653543306
 31
0
  0
LINE
  5
37E
330
1A
100
AcDbEntity
  8
BLACK
  6
CONTINUOUS
100
AcDbLine
 10
1.9485461811023621
 20
1.1515571653543306
 30
0
 11
1.9504195669291338
 21
1.150475590551181
 31
0
  0
LINE
  5
37F
330
1A
100
AcDbEntity
  8
BLACK
  6
CONTINUOUS
100
AcDbLine
 10
1.9504195669291338
 20
1.150475590551181
 30
0
 11
1.9613883858267716
 21
1.1614443700787402
 31
0
  0
LINE
  5
380
330
1A
100
AcDbEntity
  8
BLACK
  6
CONTINUOUS
100
AcDbLine
 10
1.9613883858267716
 20
1.1614443700787402
 30
0
 11
1.9613883858267716
 21
1.3812229527559055
 31
0
  0
LINE
  5
381
330
1A
100
AcDbEntity
  8
BLACK
  6
CONTINUOUS
100
AcDbLine
 10
1.9613883858267716
 20
1.3812229527559055
 30
0
 11
1.9488447637795274
 21
1.3937665748031496
 31
0
  0
LINE
  5
382
330
1A
100
AcDbEntity
  8
BLACK
  6
CONTINUOUS
100
AcDbLine
 10
1.9488447637795274
 20
1.3937665748031496
 30
0
 11
1.9469713779527558
 21
1.3926849606299212
 31
0
  0
LINE
  5
383
330
1A
100
AcDbEntity
  8
BLACK
  6
CONTINUOUS
100
AcDbLine
 10
1.9469713779527558
 20
1.3926849606299212
 30
0
 11
1.9430003937007874
 21
1.3916209448818897
 31
0
  0
LINE
  5
384
330
1A
100
AcDbEntity
  8
BLACK
  6
CONTINUOUS
100
AcDbLine
 10
1.9430003937007874
 20
1.3916209448818897
 30
0
 11
1.9388893700787402
 21
1.3916209448818897
 31
0
  0
LINE
  5
385
330
1A
100
AcDbEntity
  8
BLACK
  6
CONTINUOUS
100
AcDbLine
 10
1.9388893700787402
 20
1.3916209448818897
 30
0
 11
1.9349183858267716
 21
1.3926849606299212
 31
0
  0
LINE
  5
386
330
1A
100
AcDbEntity
  8
BLACK
  6
CONTINUOUS
100
AcDbLine
 10
1.9349183858267716
 20
1.3926849606299212
 30
0
 11
1.9313580708661418
 21
1.3947405118110237
 31
0
  0
LINE
  5
387
330
1A
100
AcDbEntity
  8
BLACK
  6
CONTINUOUS
100
AcDbLine
 10
1.9313580708661418
 20
1.3947405118110237
 30
0
 11
1.9284511417322834
 21
1.3976474409448818
 31
0
  0
LINE
  5
388
330
1A
100
AcDbEntity
  8
BLACK
  6
CONTINUOUS
100
AcDbLine
 10
1.9284511417322834
 20
1.3976474409448818
 30
0
 11
1.9263955905511811
 21
1.4012077559055118
 31
0
  0
LINE
  5
389
330
1A
100
AcDbEntity
  8
BLACK
  6
CONTINUOUS
100
AcDbLine
 10
1.9263955905511811
 20
1.4012077559055118
 30
0
 11
1.9253315748031496
 21
1.4051787401574802
 31
0
  0
LINE
  5
38A
330
1A
100
AcDbEntity
  8
BLACK
  6
CONTINUOUS
100
AcDbLine
 10
1.9253315748031496
 20
1.4051787401574802
 30
0
 11
1.9253315748031496
 21
1.4092897637795276
 31
0
  0
LINE
  5
38B
330
1A
100
AcDbEntity
  8
BLACK
  6
CONTINUOUS
100
AcDbLine
 10
1.9253315748031496
 20
1.4092897637795276
 30
0
 11
1.9263955905511811
 21
1.413260748031496
 31
0
  0
LINE
  5
38C
330
1A
100
AcDbEntity
  8
BLACK
  6
CONTINUOUS
100
AcDbLine
 10
1.9263955905511811
 20
1.413260748031496
 30
0
 11
1.9284511417322834
 21
1.4168210629921258
 31
0
  0
LINE
  5
38D
330
1A
100
AcDbEntity
  8
BLACK
  6
CONTINUOUS
100
AcDbLine
 10
1.9284511417322834
 20
1.4168210629921258
 30
0
 11
1.9313580708661418
 21
1.4197279921259842
 31
0
  0
LINE
  5
38E
330
1A
100
AcDbEntity
  8
BLACK
  6
CONTINUOUS
100
AcDbLine
 10
1.9313580708661418
 20
1.4197279921259842
 30
0
 11
1.9349183858267716
 21
1.4217835433070867
 31
0
  0
LINE
  5
38F
330
1A
100
AcDbEntity
  8
BLACK
  6
CONTINUOUS
100
AcDbLine
 10
1.9349183858267716
 20
1.4217835433070867
 30
0
 11
1.9388893700787402
 21
1.4228475590551182
 31
0
  0
LINE
  5
390
330
1A
100
AcDbEntity
  8
BLACK
  6
CONTINUOUS
100
AcDbLine
 10
1.9388893700787402
 20
1.4228475590551182
 30
0
 11
1.9430003937007874
 21
1.4228475590551182
 31
0
  0
LINE
  5
391
330
1A
100
AcDbEntity
  8
BLACK
  6
CONTINUOUS
100
AcDbLine
 10
1.9430003937007874
 20
1.4228475590551182
 30
0
 11
1.9469713779527558
 21
1.4217835433070867
 31
0
  0
LINE
  5
392
330
1A
100
AcDbEntity
  8
BLACK
  6
CONTINUOUS
100
AcDbLine
 10
1.9308296456692913
 20
1.3621870866141732
 30
0
 11
1.9343899606299213
 21
1.3601315354330707
 31
0
  0
LINE
  5
393
330
1A
100
AcDbEntity
  8
BLACK
  6
CONTINUOUS
100
AcDbLine
 10
1.9343899606299213
 20
1.3601315354330707
 30
0
 11
1.9372968897637795
 21
1.3572246062992126
 31
0
  0
LINE
  5
394
330
1A
100
AcDbEntity
  8
BLACK
  6
CONTINUOUS
100
AcDbLine
 10
1.9372968897637795
 20
1.3572246062992126
 30
0
 11
1.9393524409448819
 21
1.3536642913385826
 31
0
  0
LINE
  5
395
330
1A
100
AcDbEntity
  8
BLACK
  6
CONTINUOUS
100
AcDbLine
 10
1.9393524409448819
 20
1.3536642913385826
 30
0
 11
1.9404164566929134
 21
1.3496933070866142
 31
0
  0
LINE
  5
396
330
1A
100
AcDbEntity
  8
BLACK
  6
CONTINUOUS
100
AcDbLine
 10
1.9404164566929134
 20
1.3496933070866142
 30
0
 11
1.9404164566929134
 21
1.345582283464567
 31
0
  0
LINE
  5
397
330
1A
100
AcDbEntity
  8
BLACK
  6
CONTINUOUS
100
AcDbLine
 10
1.9404164566929134
 20
1.345582283464567
 30
0
 11
1.9393524409448819
 21
1.3416112992125984
 31
0
  0
LINE
  5
398
330
1A
100
AcDbEntity
  8
BLACK
  6
CONTINUOUS
100
AcDbLine
 10
1.9393524409448819
 20
1.3416112992125984
 30
0
 11
1.9372968897637795
 21
1.3380509842519686
 31
0
  0
LINE
  5
399
330
1A
100
AcDbEntity
  8
BLACK
  6
CONTINUOUS
100
AcDbLine
 10
1.9372968897637795
 20
1.3380509842519686
 30
0
 11
1.9343899606299213
 21
1.3351440551181102
 31
0
  0
LINE
  5
39A
330
1A
100
AcDbEntity
  8
BLACK
  6
CONTINUOUS
100
AcDbLine
 10
1.9343899606299213
 20
1.3351440551181102
 30
0
 11
1.9308296456692913
 21
1.333088503937008
 31
0
  0
LINE
  5
39B
330
1A
100
AcDbEntity
  8
BLACK
  6
CONTINUOUS
100
AcDbLine
 10
1.9308296456692913
 20
1.333088503937008
 30
0
 11
1.9268586614173229
 21
1.3320244881889765
 31
0
  0
LINE
  5
39C
330
1A
100
AcDbEntity
  8
BLACK
  6
CONTINUOUS
100
AcDbLine
 10
1.9268586614173229
 20
1.3320244881889765
 30
0
 11
1.9227476377952755
 21
1.3320244881889765
 31
0
  0
LINE
  5
39D
330
1A
100
AcDbEntity
  8
BLACK
  6
CONTINUOUS
100
AcDbLine
 10
1.9227476377952755
 20
1.3320244881889765
 30
0
 11
1.9188976377952756
 21
1.3330561023622047
 31
0
  0
LINE
  5
39E
330
1A
100
AcDbEntity
  8
BLACK
  6
CONTINUOUS
100
AcDbLine
 10
1.9188976377952756
 20
1.3330561023622047
 30
0
 11
1.9188976377952756
 21
1.2009677559055119
 31
0
  0
LINE
  5
39F
330
1A
100
AcDbEntity
  8
BLACK
  6
CONTINUOUS
100
AcDbLine
 10
1.9188976377952756
 20
1.2009677559055119
 30
0
 11
1.9298270472440944
 21
1.1900383464566928
 31
0
  0
LINE
  5
3A0
330
1A
100
AcDbEntity
  8
BLACK
  6
CONTINUOUS
100
AcDbLine
 10
1.9298270472440944
 20
1.1900383464566928
 30
0
 11
1.9317004724409448
 21
1.1911199212598425
 31
0
  0
LINE
  5
3A1
330
1A
100
AcDbEntity
  8
BLACK
  6
CONTINUOUS
100
AcDbLine
 10
1.9317004724409448
 20
1.1911199212598425
 30
0
 11
1.9356714566929134
 21
1.192183937007874
 31
0
  0
LINE
  5
3A2
330
1A
100
AcDbEntity
  8
BLACK
  6
CONTINUOUS
100
AcDbLine
 10
1.9356714566929134
 20
1.192183937007874
 30
0
 11
1.9397824803149606
 21
1.192183937007874
 31
0
  0
LINE
  5
3A3
330
1A
100
AcDbEntity
  8
BLACK
  6
CONTINUOUS
100
AcDbLine
 10
1.9397824803149606
 20
1.192183937007874
 30
0
 11
1.943753464566929
 21
1.1911199212598425
 31
0
  0
LINE
  5
3A4
330
1A
100
AcDbEntity
  8
BLACK
  6
CONTINUOUS
100
AcDbLine
 10
1.943753464566929
 20
1.1911199212598425
 30
0
 11
1.947313779527559
 21
1.1890643700787402
 31
0
  0
LINE
  5
3A5
330
1A
100
AcDbEntity
  8
BLACK
  6
CONTINUOUS
100
AcDbLine
 10
1.947313779527559
 20
1.1890643700787402
 30
0
 11
1.9502207086614172
 21
1.1861574409448818
 31
0
  0
LINE
  5
3A6
330
1A
100
AcDbEntity
  8
BLACK
  6
CONTINUOUS
100
AcDbLine
 10
1.9502207086614172
 20
1.1861574409448818
 30
0
 11
1.9522762598425196
 21
1.182597125984252
 31
0
  0
LINE
  5
3A7
330
1A
100
AcDbEntity
  8
BLACK
  6
CONTINUOUS
100
AcDbLine
 10
1.9522762598425196
 20
1.182597125984252
 30
0
 11
1.9533402755905511
 21
1.1786261417322834
 31
0
  0
LINE
  5
3A8
330
1A
100
AcDbEntity
  8
BLACK
  6
CONTINUOUS
100
AcDbLine
 10
1.9533402755905511
 20
1.1786261417322834
 30
0
 11
1.9533402755905511
 21
1.1745151181102362
 31
0
  0
LINE
  5
3A9
330
1A
100
AcDbEntity
  8
BLACK
  6
CONTINUOUS
100
AcDbLine
 10
1.9533402755905511
 20
1.1745151181102362
 30
0
 11
1.9522762598425196
 21
1.1705441338582676
 31
0
  0
LINE
  5
3AA
330
1A
100
AcDbEntity
  8
BLACK
  6
CONTINUOUS
100
AcDbLine
 10
1.9522762598425196
 20
1.1705441338582676
 30
0
 11
1.9502207086614172
 21
1.1669838188976378
 31
0
  0
LINE
  5
3AB
330
1A
100
AcDbEntity
  8
BLACK
  6
CONTINUOUS
100
AcDbLine
 10
1.9502207086614172
 20
1.1669838188976378
 30
0
 11
1.947313779527559
 21
1.1640768897637794
 31
0
  0
LINE
  5
3AC
330
1A
100
AcDbEntity
  8
BLACK
  6
CONTINUOUS
100
AcDbLine
 10
1.947313779527559
 20
1.1640768897637794
 30
0
 11
1.943753464566929
 21
1.1620213385826772
 31
0
  0
LINE
  5
3AD
330
1A
100
AcDbEntity
  8
BLACK
  6
CONTINUOUS
100
AcDbLine
 10
1.943753464566929
 20
1.1620213385826772
 30
0
 11
1.9397824803149606
 21
1.1609573228346457
 31
0
  0
LINE
  5
3AE
330
1A
100
AcDbEntity
  8
BLACK
  6
CONTINUOUS
100
AcDbLine
 10
1.9397824803149606
 20
1.1609573228346457
 30
0
 11
1.9356714566929134
 21
1.1609573228346457
 31
0
  0
LINE
  5
3AF
330
1A
100
AcDbEntity
  8
BLACK
  6
CONTINUOUS
100
AcDbLine
 10
1.9356714566929134
 20
1.1609573228346457
 30
0
 11
1.9317004724409448
 21
1.1620213385826772
 31
0
  0
LINE
  5
3B0
330
1A
100
AcDbEntity
  8
BLACK
  6
CONTINUOUS
100
AcDbLine
 10
1.9317004724409448
 20
1.1620213385826772
 30
0
 11
1.928140157480315
 21
1.1640768897637794
 31
0
  0
LINE
  5
3B1
330
1A
100
AcDbEntity
  8
BLACK
  6
CONTINUOUS
100
AcDbLine
 10
1.928140157480315
 20
1.1640768897637794
 30
0
 11
1.9252332283464566
 21
1.1669838188976378
 31
0
  0
LINE
  5
3B2
330
1A
100
AcDbEntity
  8
BLACK
  6
CONTINUOUS
100
AcDbLine
 10
1.9252332283464566
 20
1.1669838188976378
 30
0
 11
1.9231776771653544
 21
1.1705441338582676
 31
0
  0
LINE
  5
3B3
330
1A
100
AcDbEntity
  8
BLACK
  6
CONTINUOUS
100
AcDbLine
 10
1.9231776771653544
 20
1.1705441338582676
 30
0
 11
1.9221136614173229
 21
1.1745151181102362
 31
0
  0
LINE
  5
3B4
330
1A
100
AcDbEntity
  8
BLACK
  6
CONTINUOUS
100
AcDbLine
 10
1.9221136614173229
 20
1.1745151181102362
 30
0
 11
1.9221136614173229
 21
1.1786261417322834
 31
0
  0
LINE
  5
3B5
330
1A
100
AcDbEntity
  8
BLACK
  6
CONTINUOUS
100
AcDbLine
 10
1.9221136614173229
 20
1.1786261417322834
 30
0
 11
1.9231776771653544
 21
1.182597125984252
 31
0
  0
LINE
  5
3B6
330
1A
100
AcDbEntity
  8
BLACK
  6
CONTINUOUS
100
AcDbLine
 10
1.9231776771653544
 20
1.182597125984252
 30
0
 11
1.924259251968504
 21
1.1844705511811022
 31
0
  0
LINE
  5
3B7
330
1A
100
AcDbEntity
  8
BLACK
  6
CONTINUOUS
100
AcDbLine
 10
1.924259251968504
 20
1.1844705511811022
 30
0
 11
1.9121767322834646
 21
1.1965530708661416
 31
0
  0
LINE
  5
3B8
330
1A
100
AcDbEntity
  8
BLACK
  6
CONTINUOUS
100
AcDbLine
 10
1.9121767322834646
 20
1.1965530708661416
 30
0
 11
1.9116871259842518
 21
1.1971496850393701
 31
0
  0
LINE
  5
3B9
330
1A
100
AcDbEntity
  8
BLACK
  6
CONTINUOUS
100
AcDbLine
 10
1.9116871259842518
 20
1.1971496850393701
 30
0
 11
1.9110992519685039
 21
1.1985688976377953
 31
0
  0
LINE
  5
3BA
330
1A
100
AcDbEntity
  8
BLACK
  6
CONTINUOUS
100
AcDbLine
 10
1.9110992519685039
 20
1.1985688976377953
 30
0
 11
1.9110236220472441
 21
1.199336968503937
 31
0
  0
LINE
  5
3BB
330
1A
100
AcDbEntity
  8
BLACK
  6
CONTINUOUS
100
AcDbLine
 10
1.9110236220472441
 20
1.199336968503937
 30
0
 11
1.9110236220472441
 21
1.3377952755905511
 31
0
  0
LINE
  5
3BC
330
1A
100
AcDbEntity
  8
BLACK
  6
CONTINUOUS
100
AcDbLine
 10
1.9110236220472441
 20
1.3377952755905511
 30
0
 11
1.9110992519685039
 21
1.3385633464566928
 31
0
  0
LINE
  5
3BD
330
1A
100
AcDbEntity
  8
BLACK
  6
CONTINUOUS
100
AcDbLine
 10
1.9110992519685039
 20
1.3385633464566928
 30
0
 11
1.9114811811023622
 21
1.3394854724409448
 31
0
  0
LINE
  5
3BE
330
1A
100
AcDbEntity
  8
BLACK
  6
CONTINUOUS
100
AcDbLine
 10
1.9114811811023622
 20
1.3394854724409448
 30
0
 11
1.9102538582677164
 21
1.3416112992125984
 31
0
  0
LINE
  5
3BF
330
1A
100
AcDbEntity
  8
BLACK
  6
CONTINUOUS
100
AcDbLine
 10
1.9102538582677164
 20
1.3416112992125984
 30
0
 11
1.9091898425196849
 21
1.345582283464567
 31
0
  0
LINE
  5
3C0
330
1A
100
AcDbEntity
  8
BLACK
  6
CONTINUOUS
100
AcDbLine
 10
1.9091898425196849
 20
1.345582283464567
 30
0
 11
1.9091898425196849
 21
1.3496933070866142
 31
0
  0
LINE
  5
3C1
330
1A
100
AcDbEntity
  8
BLACK
  6
CONTINUOUS
100
AcDbLine
 10
1.9091898425196849
 20
1.3496933070866142
 30
0
 11
1.9102538582677164
 21
1.3536642913385826
 31
0
  0
LINE
  5
3C2
330
1A
100
AcDbEntity
  8
BLACK
  6
CONTINUOUS
100
AcDbLine
 10
1.9102538582677164
 20
1.3536642913385826
 30
0
 11
1.9123094094488189
 21
1.3572246062992126
 31
0
  0
LINE
  5
3C3
330
1A
100
AcDbEntity
  8
BLACK
  6
CONTINUOUS
100
AcDbLine
 10
1.9123094094488189
 20
1.3572246062992126
 30
0
 11
1.915216338582677
 21
1.3601315354330707
 31
0
  0
LINE
  5
3C4
330
1A
100
AcDbEntity
  8
BLACK
  6
CONTINUOUS
100
AcDbLine
 10
1.915216338582677
 20
1.3601315354330707
 30
0
 11
1.9187766535433071
 21
1.3621870866141732
 31
0
  0
LINE
  5
3C5
330
1A
100
AcDbEntity
  8
BLACK
  6
CONTINUOUS
100
AcDbLine
 10
1.9187766535433071
 20
1.3621870866141732
 30
0
 11
1.9227476377952755
 21
1.3632511023622047
 31
0
  0
LINE
  5
3C6
330
1A
100
AcDbEntity
  8
BLACK
  6
CONTINUOUS
100
AcDbLine
 10
1.9227476377952755
 20
1.3632511023622047
 30
0
 11
1.9268586614173229
 21
1.3632511023622047
 31
0
  0
LINE
  5
3C7
330
1A
100
AcDbEntity
  8
BLACK
  6
CONTINUOUS
100
AcDbLine
 10
1.9268586614173229
 20
1.3632511023622047
 30
0
 11
1.9308296456692913
 21
1.3621870866141732
 31
0
  0
LINE
  5
3C8
330
1A
100
AcDbEntity
  8
BLACK
  6
CONTINUOUS
100
AcDbLine
 10
2.7229133858267716
 20
0.8999212598425197
 30
0
 11
2.6629133858267715
 21
0.8999212598425197
 31
0
  0
LINE
  5
3C9
330
1A
100
AcDbEntity
  8
BLACK
  6
CONTINUOUS
100
AcDbLine
 10
2.6629133858267715
 20
0.8999212598425197
 30
0
 11
2.6629133858267715
 21
0.9599212598425196
 31
0
  0
LINE
  5
3CA
330
1A
100
AcDbEntity
  8
BLACK
  6
CONTINUOUS
100
AcDbLine
 10
2.6629133858267715
 20
0.9599212598425196
 30
0
 11
2.7229133858267716
 21
0.9599212598425196
 31
0
  0
LINE
  5
3CB
330
1A
100
AcDbEntity
  8
BLACK
  6
CONTINUOUS
100
AcDbLine
 10
2.7229133858267716
 20
0.9599212598425196
 30
0
 11
2.7229133858267716
 21
0.8999212598425197
 31
0
  0
LINE
  5
3CC
330
1A
100
AcDbEntity
  8
BLACK
  6
CONTINUOUS
100
AcDbLine
 10
2.8229133858267716
 20
0.8999212598425197
 30
0
 11
2.7629133858267716
 21
0.8999212598425197
 31
0
  0
LINE
  5
3CD
330
1A
100
AcDbEntity
  8
BLACK
  6
CONTINUOUS
100
AcDbLine
 10
2.7629133858267716
 20
0.8999212598425197
 30
0
 11
2.7629133858267716
 21
0.9599212598425196
 31
0
  0
LINE
  5
3CE
330
1A
100
AcDbEntity
  8
BLACK
  6
CONTINUOUS
100
AcDbLine
 10
2.7629133858267716
 20
0.9599212598425196
 30
0
 11
2.8229133858267716
 21
0.9599212598425196
 31
0
  0
LINE
  5
3CF
330
1A
100
AcDbEntity
  8
BLACK
  6
CONTINUOUS
100
AcDbLine
 10
2.8229133858267716
 20
0.9599212598425196
 30
0
 11
2.8229133858267716
 21
0.8999212598425197
 31
0
  0
LINE
  5
3D0
330
1A
100
AcDbEntity
  8
BLACK
  6
CONTINUOUS
100
AcDbLine
 10
1.3186249212598424
 20
1.037876062992126
 30
0
 11
1.3221852362204725
 21
1.0358205118110235
 31
0
  0
LINE
  5
3D1
330
1A
100
AcDbEntity
  8
BLACK
  6
CONTINUOUS
100
AcDbLine
 10
1.3221852362204725
 20
1.0358205118110235
 30
0
 11
1.3250921653543306
 21
1.0329135826771654
 31
0
  0
LINE
  5
3D2
330
1A
100
AcDbEntity
  8
BLACK
  6
CONTINUOUS
100
AcDbLine
 10
1.3250921653543306
 20
1.0329135826771654
 30
0
 11
1.3271477165354331
 21
1.0293532677165353
 31
0
  0
LINE
  5
3D3
330
1A
100
AcDbEntity
  8
BLACK
  6
CONTINUOUS
100
AcDbLine
 10
1.3271477165354331
 20
1.0293532677165353
 30
0
 11
1.3282117322834646
 21
1.0253822834645669
 31
0
  0
LINE
  5
3D4
330
1A
100
AcDbEntity
  8
BLACK
  6
CONTINUOUS
100
AcDbLine
 10
1.3282117322834646
 20
1.0253822834645669
 30
0
 11
1.3282117322834646
 21
1.0212712598425198
 31
0
  0
LINE
  5
3D5
330
1A
100
AcDbEntity
  8
BLACK
  6
CONTINUOUS
100
AcDbLine
 10
1.3282117322834646
 20
1.0212712598425198
 30
0
 11
1.3279939763779527
 21
1.0204587007874015
 31
0
  0
LINE
  5
3D6
330
1A
100
AcDbEntity
  8
BLACK
  6
CONTINUOUS
100
AcDbLine
 10
1.3279939763779527
 20
1.0204587007874015
 30
0
 11
1.3679408661417323
 21
0.9805118110236221
 31
0
  0
LINE
  5
3D7
330
1A
100
AcDbEntity
  8
BLACK
  6
CONTINUOUS
100
AcDbLine
 10
1.3679408661417323
 20
0.9805118110236221
 30
0
 11
1.5028336614173228
 21
0.9805118110236221
 31
0
  0
LINE
  5
3D8
330
1A
100
AcDbEntity
  8
BLACK
  6
CONTINUOUS
100
AcDbLine
 10
1.5028336614173228
 20
0.9805118110236221
 30
0
 11
1.5032542913385827
 21
0.9812403543307087
 31
0
  0
LINE
  5
3D9
330
1A
100
AcDbEntity
  8
BLACK
  6
CONTINUOUS
100
AcDbLine
 10
1.5032542913385827
 20
0.9812403543307087
 30
0
 11
1.5061612204724408
 21
0.9841472834645669
 31
0
  0
LINE
  5
3DA
330
1A
100
AcDbEntity
  8
BLACK
  6
CONTINUOUS
100
AcDbLine
 10
1.5061612204724408
 20
0.9841472834645669
 30
0
 11
1.5097215354330709
 21
0.9862028346456693
 31
0
  0
LINE
  5
3DB
330
1A
100
AcDbEntity
  8
BLACK
  6
CONTINUOUS
100
AcDbLine
 10
1.5097215354330709
 20
0.9862028346456693
 30
0
 11
1.5136925196850393
 21
0.9872668503937008
 31
0
  0
LINE
  5
3DC
330
1A
100
AcDbEntity
  8
BLACK
  6
CONTINUOUS
100
AcDbLine
 10
1.5136925196850393
 20
0.9872668503937008
 30
0
 11
1.5178035433070867
 21
0.9872668503937008
 31
0
  0
LINE
  5
3DD
330
1A
100
AcDbEntity
  8
BLACK
  6
CONTINUOUS
100
AcDbLine
 10
1.5178035433070867
 20
0.9872668503937008
 30
0
 11
1.5217745275590551
 21
0.9862028346456693
 31
0
  0
LINE
  5
3DE
330
1A
100
AcDbEntity
  8
BLACK
  6
CONTINUOUS
100
AcDbLine
 10
1.5217745275590551
 20
0.9862028346456693
 30
0
 11
1.5253348425196851
 21
0.9841472834645669
 31
0
  0
LINE
  5
3DF
330
1A
100
AcDbEntity
  8
BLACK
  6
CONTINUOUS
100
AcDbLine
 10
1.5253348425196851
 20
0.9841472834645669
 30
0
 11
1.5282417716535432
 21
0.9812403543307087
 31
0
  0
LINE
  5
3E0
330
1A
100
AcDbEntity
  8
BLACK
  6
CONTINUOUS
100
AcDbLine
 10
1.5282417716535432
 20
0.9812403543307087
 30
0
 11
1.5302973228346457
 21
0.9776800393700787
 31
0
  0
LINE
  5
3E1
330
1A
100
AcDbEntity
  8
BLACK
  6
CONTINUOUS
100
AcDbLine
 10
1.5302973228346457
 20
0.9776800393700787
 30
0
 11
1.5313613385826772
 21
0.9737090551181102
 31
0
  0
LINE
  5
3E2
330
1A
100
AcDbEntity
  8
BLACK
  6
CONTINUOUS
100
AcDbLine
 10
1.5313613385826772
 20
0.9737090551181102
 30
0
 11
1.5313613385826772
 21
0.9695980314960629
 31
0
  0
LINE
  5
3E3
330
1A
100
AcDbEntity
  8
BLACK
  6
CONTINUOUS
100
AcDbLine
 10
1.5313613385826772
 20
0.9695980314960629
 30
0
 11
1.5302973228346457
 21
0.9656270472440944
 31
0
  0
LINE
  5
3E4
330
1A
100
AcDbEntity
  8
BLACK
  6
CONTINUOUS
100
AcDbLine
 10
1.5302973228346457
 20
0.9656270472440944
 30
0
 11
1.5282417716535432
 21
0.9620667322834645
 31
0
  0
LINE
  5
3E5
330
1A
100
AcDbEntity
  8
BLACK
  6
CONTINUOUS
100
AcDbLine
 10
1.5282417716535432
 20
0.9620667322834645
 30
0
 11
1.5253348425196851
 21
0.9591598031496062
 31
0
  0
LINE
  5
3E6
330
1A
100
AcDbEntity
  8
BLACK
  6
CONTINUOUS
100
AcDbLine
 10
1.5253348425196851
 20
0.9591598031496062
 30
0
 11
1.5217745275590551
 21
0.9571042519685039
 31
0
  0
LINE
  5
3E7
330
1A
100
AcDbEntity
  8
BLACK
  6
CONTINUOUS
100
AcDbLine
 10
1.5217745275590551
 20
0.9571042519685039
 30
0
 11
1.5178035433070867
 21
0.9560402362204724
 31
0
  0
LINE
  5
3E8
330
1A
100
AcDbEntity
  8
BLACK
  6
CONTINUOUS
100
AcDbLine
 10
1.5178035433070867
 20
0.9560402362204724
 30
0
 11
1.5136925196850393
 21
0.9560402362204724
 31
0
  0
LINE
  5
3E9
330
1A
100
AcDbEntity
  8
BLACK
  6
CONTINUOUS
100
AcDbLine
 10
1.5136925196850393
 20
0.9560402362204724
 30
0
 11
1.5097215354330709
 21
0.9571042519685039
 31
0
  0
LINE
  5
3EA
330
1A
100
AcDbEntity
  8
BLACK
  6
CONTINUOUS
100
AcDbLine
 10
1.5097215354330709
 20
0.9571042519685039
 30
0
 11
1.5061612204724408
 21
0.9591598031496062
 31
0
  0
LINE
  5
3EB
330
1A
100
AcDbEntity
  8
BLACK
  6
CONTINUOUS
100
AcDbLine
 10
1.5061612204724408
 20
0.9591598031496062
 30
0
 11
1.5032542913385827
 21
0.9620667322834645
 31
0
  0
LINE
  5
3EC
330
1A
100
AcDbEntity
  8
BLACK
  6
CONTINUOUS
100
AcDbLine
 10
1.5032542913385827
 20
0.9620667322834645
 30
0
 11
1.5028336614173228
 21
0.9627952755905511
 31
0
  0
LINE
  5
3ED
330
1A
100
AcDbEntity
  8
BLACK
  6
CONTINUOUS
100
AcDbLine
 10
1.5028336614173228
 20
0.9627952755905511
 30
0
 11
1.364271653543307
 21
0.9627952755905511
 31
0
  0
LINE
  5
3EE
330
1A
100
AcDbEntity
  8
BLACK
  6
CONTINUOUS
100
AcDbLine
 10
1.364271653543307
 20
0.9627952755905511
 30
0
 11
1.3625435039370077
 21
0.9629654724409449
 31
0
  0
LINE
  5
3EF
330
1A
100
AcDbEntity
  8
BLACK
  6
CONTINUOUS
100
AcDbLine
 10
1.3625435039370077
 20
0.9629654724409449
 30
0
 11
1.3625434645669292
 21
0.9629654724409449
 31
0
  0
LINE
  5
3F0
330
1A
100
AcDbEntity
  8
BLACK
  6
CONTINUOUS
100
AcDbLine
 10
1.3625434645669292
 20
0.9629654724409449
 30
0
 11
1.3609034645669291
 21
0.9636448031496063
 31
0
  0
LINE
  5
3F1
330
1A
100
AcDbEntity
  8
BLACK
  6
CONTINUOUS
100
AcDbLine
 10
1.3609034645669291
 20
0.9636448031496063
 30
0
 11
1.3593502755905511
 21
0.9642881496062992
 31
0
  0
LINE
  5
3F2
330
1A
100
AcDbEntity
  8
BLACK
  6
CONTINUOUS
100
AcDbLine
 10
1.3593502755905511
 20
0.9642881496062992
 30
0
 11
1.3593502362204724
 21
0.9642881889763779
 31
0
  0
LINE
  5
3F3
330
1A
100
AcDbEntity
  8
BLACK
  6
CONTINUOUS
100
AcDbLine
 10
1.3593502362204724
 20
0.9642881889763779
 30
0
 11
1.3580079133858267
 21
0.9653898031496063
 31
0
  0
LINE
  5
3F4
330
1A
100
AcDbEntity
  8
BLACK
  6
CONTINUOUS
100
AcDbLine
 10
1.3580079133858267
 20
0.9653898031496063
 30
0
 11
1.315466496062992
 21
1.0079312204724409
 31
0
  0
LINE
  5
3F5
330
1A
100
AcDbEntity
  8
BLACK
  6
CONTINUOUS
100
AcDbLine
 10
1.315466496062992
 20
1.0079312204724409
 30
0
 11
1.314653937007874
 21
1.007713464566929
 31
0
  0
LINE
  5
3F6
330
1A
100
AcDbEntity
  8
BLACK
  6
CONTINUOUS
100
AcDbLine
 10
1.314653937007874
 20
1.007713464566929
 30
0
 11
1.3105429133858268
 21
1.007713464566929
 31
0
  0
LINE
  5
3F7
330
1A
100
AcDbEntity
  8
BLACK
  6
CONTINUOUS
100
AcDbLine
 10
1.3105429133858268
 20
1.007713464566929
 30
0
 11
1.3065719291338582
 21
1.0087774803149605
 31
0
  0
LINE
  5
3F8
330
1A
100
AcDbEntity
  8
BLACK
  6
CONTINUOUS
100
AcDbLine
 10
1.3065719291338582
 20
1.0087774803149605
 30
0
 11
1.3030116141732284
 21
1.010833031496063
 31
0
  0
LINE
  5
3F9
330
1A
100
AcDbEntity
  8
BLACK
  6
CONTINUOUS
100
AcDbLine
 10
1.3030116141732284
 20
1.010833031496063
 30
0
 11
1.30010468503937
 21
1.0137399606299213
 31
0
  0
LINE
  5
3FA
330
1A
100
AcDbEntity
  8
BLACK
  6
CONTINUOUS
100
AcDbLine
 10
1.30010468503937
 20
1.0137399606299213
 30
0
 11
1.2980491338582676
 21
1.0173002755905511
 31
0
  0
LINE
  5
3FB
330
1A
100
AcDbEntity
  8
BLACK
  6
CONTINUOUS
100
AcDbLine
 10
1.2980491338582676
 20
1.0173002755905511
 30
0
 11
1.2969851181102361
 21
1.0212712598425198
 31
0
  0
LINE
  5
3FC
330
1A
100
AcDbEntity
  8
BLACK
  6
CONTINUOUS
100
AcDbLine
 10
1.2969851181102361
 20
1.0212712598425198
 30
0
 11
1.2969851181102361
 21
1.0253822834645669
 31
0
  0
LINE
  5
3FD
330
1A
100
AcDbEntity
  8
BLACK
  6
CONTINUOUS
100
AcDbLine
 10
1.2969851181102361
 20
1.0253822834645669
 30
0
 11
1.2980491338582676
 21
1.0293532677165353
 31
0
  0
LINE
  5
3FE
330
1A
100
AcDbEntity
  8
BLACK
  6
CONTINUOUS
100
AcDbLine
 10
1.2980491338582676
 20
1.0293532677165353
 30
0
 11
1.30010468503937
 21
1.0329135826771654
 31
0
  0
LINE
  5
3FF
330
1A
100
AcDbEntity
  8
BLACK
  6
CONTINUOUS
100
AcDbLine
 10
1.30010468503937
 20
1.0329135826771654
 30
0
 11
1.3030116141732284
 21
1.0358205118110235
 31
0
  0
LINE
  5
400
330
1A
100
AcDbEntity
  8
BLACK
  6
CONTINUOUS
100
AcDbLine
 10
1.3030116141732284
 20
1.0358205118110235
 30
0
 11
1.3065719291338582
 21
1.037876062992126
 31
0
  0
LINE
  5
401
330
1A
100
AcDbEntity
  8
BLACK
  6
CONTINUOUS
100
AcDbLine
 10
1.3065719291338582
 20
1.037876062992126
 30
0
 11
1.3105429133858268
 21
1.0389400787401575
 31
0
  0
LINE
  5
402
330
1A
100
AcDbEntity
  8
BLACK
  6
CONTINUOUS
100
AcDbLine
 10
1.3105429133858268
 20
1.0389400787401575
 30
0
 11
1.314653937007874
 21
1.0389400787401575
 31
0
  0
LINE
  5
403
330
1A
100
AcDbEntity
  8
BLACK
  6
CONTINUOUS
100
AcDbLine
 10
1.314653937007874
 20
1.0389400787401575
 30
0
 11
1.3186249212598424
 21
1.037876062992126
 31
0
  0
LINE
  5
404
330
1A
100
AcDbEntity
  8
BLACK
  6
CONTINUOUS
100
AcDbLine
 10
2.7229133858267716
 20
0.9999212598425197
 30
0
 11
2.6629133858267715
 21
0.9999212598425197
 31
0
  0
LINE
  5
405
330
1A
100
AcDbEntity
  8
BLACK
  6
CONTINUOUS
100
AcDbLine
 10
2.6629133858267715
 20
0.9999212598425197
 30
0
 11
2.6629133858267715
 21
1.0599212598425196
 31
0
  0
LINE
  5
406
330
1A
100
AcDbEntity
  8
BLACK
  6
CONTINUOUS
100
AcDbLine
 10
2.6629133858267715
 20
1.0599212598425196
 30
0
 11
2.7229133858267716
 21
1.0599212598425196
 31
0
  0
LINE
  5
407
330
1A
100
AcDbEntity
  8
BLACK
  6
CONTINUOUS
100
AcDbLine
 10
2.7229133858267716
 20
1.0599212598425196
 30
0
 11
2.7229133858267716
 21
0.9999212598425197
 31
0
  0
LINE
  5
408
330
1A
100
AcDbEntity
  8
BLACK
  6
CONTINUOUS
100
AcDbLine
 10
2.8229133858267716
 20
0.9999212598425197
 30
0
 11
2.7629133858267716
 21
0.9999212598425197
 31
0
  0
LINE
  5
409
330
1A
100
AcDbEntity
  8
BLACK
  6
CONTINUOUS
100
AcDbLine
 10
2.7629133858267716
 20
0.9999212598425197
 30
0
 11
2.7629133858267716
 21
1.0599212598425196
 31
0
  0
LINE
  5
40A
330
1A
100
AcDbEntity
  8
BLACK
  6
CONTINUOUS
100
AcDbLine
 10
2.7629133858267716
 20
1.0599212598425196
 30
0
 11
2.8229133858267716
 21
1.0599212598425196
 31
0
  0
LINE
  5
40B
330
1A
100
AcDbEntity
  8
BLACK
  6
CONTINUOUS
100
AcDbLine
 10
2.8229133858267716
 20
1.0599212598425196
 30
0
 11
2.8229133858267716
 21
0.9999212598425197
 31
0
  0
LINE
  5
40C
330
1A
100
AcDbEntity
  8
BLACK
  6
CONTINUOUS
100
AcDbLine
 10
2.8229133858267716
 20
1.0999212598425196
 30
0
 11
2.7754408661417322
 21
1.0999212598425196
 31
0
  0
LINE
  5
40D
330
1A
100
AcDbEntity
  8
BLACK
  6
CONTINUOUS
100
AcDbLine
 10
2.7754408661417322
 20
1.0999212598425196
 30
0
 11
2.7459487795275588
 21
1.0704291732283464
 31
0
  0
LINE
  5
40E
330
1A
100
AcDbEntity
  8
BLACK
  6
CONTINUOUS
100
AcDbLine
 10
2.7459487795275588
 20
1.0704291732283464
 30
0
 11
2.7446064566929134
 21
1.0693275196850394
 31
0
  0
LINE
  5
40F
330
1A
100
AcDbEntity
  8
BLACK
  6
CONTINUOUS
100
AcDbLine
 10
2.7446064566929134
 20
1.0693275196850394
 30
0
 11
2.7414132283464565
 21
1.0680048425196851
 31
0
  0
LINE
  5
410
330
1A
100
AcDbEntity
  8
BLACK
  6
CONTINUOUS
100
AcDbLine
 10
2.7414132283464565
 20
1.0680048425196851
 30
0
 11
2.7414131889763778
 21
1.0680048425196851
 31
0
  0
LINE
  5
411
330
1A
100
AcDbEntity
  8
BLACK
  6
CONTINUOUS
100
AcDbLine
 10
2.7414131889763778
 20
1.0680048425196851
 30
0
 11
2.7379568897637796
 21
1.0680048425196851
 31
0
  0
LINE
  5
412
330
1A
100
AcDbEntity
  8
BLACK
  6
CONTINUOUS
100
AcDbLine
 10
2.7379568897637796
 20
1.0680048425196851
 30
0
 11
2.7379568503937008
 21
1.0680048425196851
 31
0
  0
LINE
  5
413
330
1A
100
AcDbEntity
  8
BLACK
  6
CONTINUOUS
100
AcDbLine
 10
2.7379568503937008
 20
1.0680048425196851
 30
0
 11
2.734763622047244
 21
1.0693275196850394
 31
0
  0
LINE
  5
414
330
1A
100
AcDbEntity
  8
BLACK
  6
CONTINUOUS
100
AcDbLine
 10
2.734763622047244
 20
1.0693275196850394
 30
0
 11
2.7323196456692913
 21
1.071771496062992
 31
0
  0
LINE
  5
415
330
1A
100
AcDbEntity
  8
BLACK
  6
CONTINUOUS
100
AcDbLine
 10
2.7323196456692913
 20
1.071771496062992
 30
0
 11
2.7317977559055118
 21
1.0730314960629921
 31
0
  0
LINE
  5
416
330
1A
100
AcDbEntity
  8
BLACK
  6
CONTINUOUS
100
AcDbLine
 10
2.7317977559055118
 20
1.0730314960629921
 30
0
 11
2.3312625196850392
 21
1.0730314960629921
 31
0
  0
LINE
  5
417
330
1A
100
AcDbEntity
  8
BLACK
  6
CONTINUOUS
100
AcDbLine
 10
2.3312625196850392
 20
1.0730314960629921
 30
0
 11
2.3295343700787403
 21
1.0732016929133859
 31
0
  0
LINE
  5
418
330
1A
100
AcDbEntity
  8
BLACK
  6
CONTINUOUS
100
AcDbLine
 10
2.3295343700787403
 20
1.0732016929133859
 30
0
 11
2.3263411417322835
 21
1.0745243700787401
 31
0
  0
LINE
  5
419
330
1A
100
AcDbEntity
  8
BLACK
  6
CONTINUOUS
100
AcDbLine
 10
2.3263411417322835
 20
1.0745243700787401
 30
0
 11
2.3263411023622047
 21
1.0745244094488189
 31
0
  0
LINE
  5
41A
330
1A
100
AcDbEntity
  8
BLACK
  6
CONTINUOUS
100
AcDbLine
 10
2.3263411023622047
 20
1.0745244094488189
 30
0
 11
2.3249987795275588
 21
1.0756260236220472
 31
0
  0
LINE
  5
41B
330
1A
100
AcDbEntity
  8
BLACK
  6
CONTINUOUS
100
AcDbLine
 10
2.3249987795275588
 20
1.0756260236220472
 30
0
 11
2.3114668897637793
 21
1.0891579133858267
 31
0
  0
LINE
  5
41C
330
1A
100
AcDbEntity
  8
BLACK
  6
CONTINUOUS
100
AcDbLine
 10
2.3114668897637793
 20
1.0891579133858267
 30
0
 11
2.3106543307086613
 21
1.088940157480315
 31
0
  0
LINE
  5
41D
330
1A
100
AcDbEntity
  8
BLACK
  6
CONTINUOUS
100
AcDbLine
 10
2.3106543307086613
 20
1.088940157480315
 30
0
 11
2.3065433070866139
 21
1.088940157480315
 31
0
  0
LINE
  5
41E
330
1A
100
AcDbEntity
  8
BLACK
  6
CONTINUOUS
100
AcDbLine
 10
2.3065433070866139
 20
1.088940157480315
 30
0
 11
2.3025723228346457
 21
1.0900041732283465
 31
0
  0
LINE
  5
41F
330
1A
100
AcDbEntity
  8
BLACK
  6
CONTINUOUS
100
AcDbLine
 10
2.3025723228346457
 20
1.0900041732283465
 30
0
 11
2.2990120078740155
 21
1.0920597244094488
 31
0
  0
LINE
  5
420
330
1A
100
AcDbEntity
  8
BLACK
  6
CONTINUOUS
100
AcDbLine
 10
2.2990120078740155
 20
1.0920597244094488
 30
0
 11
2.2961050787401573
 21
1.0949666535433071
 31
0
  0
LINE
  5
421
330
1A
100
AcDbEntity
  8
BLACK
  6
CONTINUOUS
100
AcDbLine
 10
2.2961050787401573
 20
1.0949666535433071
 30
0
 11
2.2940495275590549
 21
1.0985269685039369
 31
0
  0
LINE
  5
422
330
1A
100
AcDbEntity
  8
BLACK
  6
CONTINUOUS
100
AcDbLine
 10
2.2940495275590549
 20
1.0985269685039369
 30
0
 11
2.2929855118110236
 21
1.1024979527559056
 31
0
  0
LINE
  5
423
330
1A
100
AcDbEntity
  8
BLACK
  6
CONTINUOUS
100
AcDbLine
 10
2.2929855118110236
 20
1.1024979527559056
 30
0
 11
2.2929855118110236
 21
1.1066089763779527
 31
0
  0
LINE
  5
424
330
1A
100
AcDbEntity
  8
BLACK
  6
CONTINUOUS
100
AcDbLine
 10
2.2929855118110236
 20
1.1066089763779527
 30
0
 11
2.2940495275590549
 21
1.1105799606299211
 31
0
  0
LINE
  5
425
330
1A
100
AcDbEntity
  8
BLACK
  6
CONTINUOUS
100
AcDbLine
 10
2.2940495275590549
 20
1.1105799606299211
 30
0
 11
2.2961050787401573
 21
1.1141402755905512
 31
0
  0
LINE
  5
426
330
1A
100
AcDbEntity
  8
BLACK
  6
CONTINUOUS
100
AcDbLine
 10
2.2961050787401573
 20
1.1141402755905512
 30
0
 11
2.2990120078740155
 21
1.1170472047244093
 31
0
  0
LINE
  5
427
330
1A
100
AcDbEntity
  8
BLACK
  6
CONTINUOUS
100
AcDbLine
 10
2.2990120078740155
 20
1.1170472047244093
 30
0
 11
2.3025723228346457
 21
1.1191027559055118
 31
0
  0
LINE
  5
428
330
1A
100
AcDbEntity
  8
BLACK
  6
CONTINUOUS
100
AcDbLine
 10
2.3025723228346457
 20
1.1191027559055118
 30
0
 11
2.3065433070866139
 21
1.1201667716535433
 31
0
  0
LINE
  5
429
330
1A
100
AcDbEntity
  8
BLACK
  6
CONTINUOUS
100
AcDbLine
 10
2.3065433070866139
 20
1.1201667716535433
 30
0
 11
2.3106543307086613
 21
1.1201667716535433
 31
0
  0
LINE
  5
42A
330
1A
100
AcDbEntity
  8
BLACK
  6
CONTINUOUS
100
AcDbLine
 10
2.3106543307086613
 20
1.1201667716535433
 30
0
 11
2.31462531496063
 21
1.1191027559055118
 31
0
  0
LINE
  5
42B
330
1A
100
AcDbEntity
  8
BLACK
  6
CONTINUOUS
100
AcDbLine
 10
2.31462531496063
 20
1.1191027559055118
 30
0
 11
2.3181856299212598
 21
1.1170472047244093
 31
0
  0
LINE
  5
42C
330
1A
100
AcDbEntity
  8
BLACK
  6
CONTINUOUS
100
AcDbLine
 10
2.3181856299212598
 20
1.1170472047244093
 30
0
 11
2.3210925590551179
 21
1.1141402755905512
 31
0
  0
LINE
  5
42D
330
1A
100
AcDbEntity
  8
BLACK
  6
CONTINUOUS
100
AcDbLine
 10
2.3210925590551179
 20
1.1141402755905512
 30
0
 11
2.3231481102362204
 21
1.1105799606299211
 31
0
  0
LINE
  5
42E
330
1A
100
AcDbEntity
  8
BLACK
  6
CONTINUOUS
100
AcDbLine
 10
2.3231481102362204
 20
1.1105799606299211
 30
0
 11
2.3242121259842521
 21
1.1066089763779527
 31
0
  0
LINE
  5
42F
330
1A
100
AcDbEntity
  8
BLACK
  6
CONTINUOUS
100
AcDbLine
 10
2.3242121259842521
 20
1.1066089763779527
 30
0
 11
2.3242121259842521
 21
1.1024979527559056
 31
0
  0
LINE
  5
430
330
1A
100
AcDbEntity
  8
BLACK
  6
CONTINUOUS
100
AcDbLine
 10
2.3242121259842521
 20
1.1024979527559056
 30
0
 11
2.32399437007874
 21
1.1016853937007873
 31
0
  0
LINE
  5
431
330
1A
100
AcDbEntity
  8
BLACK
  6
CONTINUOUS
100
AcDbLine
 10
2.32399437007874
 20
1.1016853937007873
 30
0
 11
2.3349317322834646
 21
1.0907480314960629
 31
0
  0
LINE
  5
432
330
1A
100
AcDbEntity
  8
BLACK
  6
CONTINUOUS
100
AcDbLine
 10
2.3349317322834646
 20
1.0907480314960629
 30
0
 11
2.7396850393700785
 21
1.0907480314960629
 31
0
  0
LINE
  5
433
330
1A
100
AcDbEntity
  8
BLACK
  6
CONTINUOUS
100
AcDbLine
 10
2.7396850393700785
 20
1.0907480314960629
 30
0
 11
2.7410757086614175
 21
1.0906111023622047
 31
0
  0
LINE
  5
434
330
1A
100
AcDbEntity
  8
BLACK
  6
CONTINUOUS
100
AcDbLine
 10
2.7410757086614175
 20
1.0906111023622047
 30
0
 11
2.7629133858267716
 21
1.1124487401574803
 31
0
  0
LINE
  5
435
330
1A
100
AcDbEntity
  8
BLACK
  6
CONTINUOUS
100
AcDbLine
 10
2.7629133858267716
 20
1.1124487401574803
 30
0
 11
2.7629133858267716
 21
1.1599212598425197
 31
0
  0
LINE
  5
436
330
1A
100
AcDbEntity
  8
BLACK
  6
CONTINUOUS
100
AcDbLine
 10
2.7629133858267716
 20
1.1599212598425197
 30
0
 11
2.8229133858267716
 21
1.1599212598425197
 31
0
  0
LINE
  5
437
330
1A
100
AcDbEntity
  8
BLACK
  6
CONTINUOUS
100
AcDbLine
 10
2.8229133858267716
 20
1.1599212598425197
 30
0
 11
2.8229133858267716
 21
1.0999212598425196
 31
0
  0
LINE
  5
438
330
1A
100
AcDbEntity
  8
BLACK
  6
CONTINUOUS
100
AcDbLine
 10
2.7229133858267716
 20
1.0999212598425196
 30
0
 11
2.6629133858267715
 21
1.0999212598425196
 31
0
  0
LINE
  5
439
330
1A
100
AcDbEntity
  8
BLACK
  6
CONTINUOUS
100
AcDbLine
 10
2.6629133858267715
 20
1.0999212598425196
 30
0
 11
2.6629133858267715
 21
1.1599212598425197
 31
0
  0
LINE
  5
43A
330
1A
100
AcDbEntity
  8
BLACK
  6
CONTINUOUS
100
AcDbLine
 10
2.6629133858267715
 20
1.1599212598425197
 30
0
 11
2.7229133858267716
 21
1.1599212598425197
 31
0
  0
LINE
  5
43B
330
1A
100
AcDbEntity
  8
BLACK
  6
CONTINUOUS
100
AcDbLine
 10
2.7229133858267716
 20
1.1599212598425197
 30
0
 11
2.7229133858267716
 21
1.0999212598425196
 31
0
  0
LINE
  5
43C
330
1A
100
AcDbEntity
  8
BLACK
  6
CONTINUOUS
100
AcDbLine
 10
2.7229133858267716
 20
1.1999212598425197
 30
0
 11
2.6629133858267715
 21
1.1999212598425197
 31
0
  0
LINE
  5
43D
330
1A
100
AcDbEntity
  8
BLACK
  6
CONTINUOUS
100
AcDbLine
 10
2.6629133858267715
 20
1.1999212598425197
 30
0
 11
2.6629133858267715
 21
1.2206692913385826
 31
0
  0
LINE
  5
43E
330
1A
100
AcDbEntity
  8
BLACK
  6
CONTINUOUS
100
AcDbLine
 10
2.6629133858267715
 20
1.2206692913385826
 30
0
 11
2.4117793307086615
 21
1.2206692913385826
 31
0
  0
LINE
  5
43F
330
1A
100
AcDbEntity
  8
BLACK
  6
CONTINUOUS
100
AcDbLine
 10
2.4117793307086615
 20
1.2206692913385826
 30
0
 11
2.3416840551181104
 21
1.1505740551181103
 31
0
  0
LINE
  5
440
330
1A
100
AcDbEntity
  8
BLACK
  6
CONTINUOUS
100
AcDbLine
 10
2.3416840551181104
 20
1.1505740551181103
 30
0
 11
2.341901811023622
 21
1.1497614566929133
 31
0
  0
LINE
  5
441
330
1A
100
AcDbEntity
  8
BLACK
  6
CONTINUOUS
100
AcDbLine
 10
2.341901811023622
 20
1.1497614566929133
 30
0
 11
2.341901811023622
 21
1.1456504330708661
 31
0
  0
LINE
  5
442
330
1A
100
AcDbEntity
  8
BLACK
  6
CONTINUOUS
100
AcDbLine
 10
2.341901811023622
 20
1.1456504330708661
 30
0
 11
2.3408377952755903
 21
1.1416794488188977
 31
0
  0
LINE
  5
443
330
1A
100
AcDbEntity
  8
BLACK
  6
CONTINUOUS
100
AcDbLine
 10
2.3408377952755903
 20
1.1416794488188977
 30
0
 11
2.3387822440944883
 21
1.1381191338582677
 31
0
  0
LINE
  5
444
330
1A
100
AcDbEntity
  8
BLACK
  6
CONTINUOUS
100
AcDbLine
 10
2.3387822440944883
 20
1.1381191338582677
 30
0
 11
2.3358753149606297
 21
1.1352122047244093
 31
0
  0
LINE
  5
445
330
1A
100
AcDbEntity
  8
BLACK
  6
CONTINUOUS
100
AcDbLine
 10
2.3358753149606297
 20
1.1352122047244093
 30
0
 11
2.3323149999999999
 21
1.1331566535433071
 31
0
  0
LINE
  5
446
330
1A
100
AcDbEntity
  8
BLACK
  6
CONTINUOUS
100
AcDbLine
 10
2.3323149999999999
 20
1.1331566535433071
 30
0
 11
2.3283440157480313
 21
1.1320926377952756
 31
0
  0
LINE
  5
447
330
1A
100
AcDbEntity
  8
BLACK
  6
CONTINUOUS
100
AcDbLine
 10
2.3283440157480313
 20
1.1320926377952756
 30
0
 11
2.3242329921259843
 21
1.1320926377952756
 31
0
  0
LINE
  5
448
330
1A
100
AcDbEntity
  8
BLACK
  6
CONTINUOUS
100
AcDbLine
 10
2.3242329921259843
 20
1.1320926377952756
 30
0
 11
2.3202620078740157
 21
1.1331566535433071
 31
0
  0
LINE
  5
449
330
1A
100
AcDbEntity
  8
BLACK
  6
CONTINUOUS
100
AcDbLine
 10
2.3202620078740157
 20
1.1331566535433071
 30
0
 11
2.3167016929133859
 21
1.1352122047244093
 31
0
  0
LINE
  5
44A
330
1A
100
AcDbEntity
  8
BLACK
  6
CONTINUOUS
100
AcDbLine
 10
2.3167016929133859
 20
1.1352122047244093
 30
0
 11
2.3137947637795273
 21
1.1381191338582677
 31
0
  0
LINE
  5
44B
330
1A
100
AcDbEntity
  8
BLACK
  6
CONTINUOUS
100
AcDbLine
 10
2.3137947637795273
 20
1.1381191338582677
 30
0
 11
2.3117392125984253
 21
1.1416794488188977
 31
0
  0
LINE
  5
44C
330
1A
100
AcDbEntity
  8
BLACK
  6
CONTINUOUS
100
AcDbLine
 10
2.3117392125984253
 20
1.1416794488188977
 30
0
 11
2.3106751968503936
 21
1.1456504330708661
 31
0
  0
LINE
  5
44D
330
1A
100
AcDbEntity
  8
BLACK
  6
CONTINUOUS
100
AcDbLine
 10
2.3106751968503936
 20
1.1456504330708661
 30
0
 11
2.3106751968503936
 21
1.1497614566929133
 31
0
  0
LINE
  5
44E
330
1A
100
AcDbEntity
  8
BLACK
  6
CONTINUOUS
100
AcDbLine
 10
2.3106751968503936
 20
1.1497614566929133
 30
0
 11
2.3117392125984253
 21
1.1537324409448819
 31
0
  0
LINE
  5
44F
330
1A
100
AcDbEntity
  8
BLACK
  6
CONTINUOUS
100
AcDbLine
 10
2.3117392125984253
 20
1.1537324409448819
 30
0
 11
2.3137947637795273
 21
1.1572927559055117
 31
0
  0
LINE
  5
450
330
1A
100
AcDbEntity
  8
BLACK
  6
CONTINUOUS
100
AcDbLine
 10
2.3137947637795273
 20
1.1572927559055117
 30
0
 11
2.3167016929133859
 21
1.1601996850393701
 31
0
  0
LINE
  5
451
330
1A
100
AcDbEntity
  8
BLACK
  6
CONTINUOUS
100
AcDbLine
 10
2.3167016929133859
 20
1.1601996850393701
 30
0
 11
2.3194409842519685
 21
1.1617812598425197
 31
0
  0
LINE
  5
452
330
1A
100
AcDbEntity
  8
BLACK
  6
CONTINUOUS
100
AcDbLine
 10
2.3194409842519685
 20
1.1617812598425197
 30
0
 11
2.3200247637795277
 21
1.1624925196850393
 31
0
  0
LINE
  5
453
330
1A
100
AcDbEntity
  8
BLACK
  6
CONTINUOUS
100
AcDbLine
 10
2.3200247637795277
 20
1.1624925196850393
 30
0
 11
2.3235949212598426
 21
1.1660626771653544
 31
0
  0
LINE
  5
454
330
1A
100
AcDbEntity
  8
BLACK
  6
CONTINUOUS
100
AcDbLine
 10
2.3235949212598426
 20
1.1660626771653544
 30
0
 11
2.324937244094488
 21
1.1671643307086614
 31
0
  0
LINE
  5
455
330
1A
100
AcDbEntity
  8
BLACK
  6
CONTINUOUS
100
AcDbLine
 10
2.324937244094488
 20
1.1671643307086614
 30
0
 11
2.3281304724409448
 21
1.1684870078740157
 31
0
  0
LINE
  5
456
330
1A
100
AcDbEntity
  8
BLACK
  6
CONTINUOUS
100
AcDbLine
 10
2.3281304724409448
 20
1.1684870078740157
 30
0
 11
2.3315868503937009
 21
1.1684870078740157
 31
0
  0
LINE
  5
457
330
1A
100
AcDbEntity
  8
BLACK
  6
CONTINUOUS
100
AcDbLine
 10
2.3315868503937009
 20
1.1684870078740157
 30
0
 11
2.3336764960629921
 21
1.1676214566929133
 31
0
  0
LINE
  5
458
330
1A
100
AcDbEntity
  8
BLACK
  6
CONTINUOUS
100
AcDbLine
 10
2.3336764960629921
 20
1.1676214566929133
 30
0
 11
2.4018463779527557
 21
1.2357912992125983
 31
0
  0
LINE
  5
459
330
1A
100
AcDbEntity
  8
BLACK
  6
CONTINUOUS
100
AcDbLine
 10
2.4018463779527557
 20
1.2357912992125983
 30
0
 11
2.4031887007874015
 21
1.2368929527559054
 31
0
  0
LINE
  5
45A
330
1A
100
AcDbEntity
  8
BLACK
  6
CONTINUOUS
100
AcDbLine
 10
2.4031887007874015
 20
1.2368929527559054
 30
0
 11
2.4063819291338584
 21
1.2382156299212599
 31
0
  0
LINE
  5
45B
330
1A
100
AcDbEntity
  8
BLACK
  6
CONTINUOUS
100
AcDbLine
 10
2.4063819291338584
 20
1.2382156299212599
 30
0
 11
2.4063819685039372
 21
1.2382156299212599
 31
0
  0
LINE
  5
45C
330
1A
100
AcDbEntity
  8
BLACK
  6
CONTINUOUS
100
AcDbLine
 10
2.4063819685039372
 20
1.2382156299212599
 30
0
 11
2.408110118110236
 21
1.2383858267716534
 31
0
  0
LINE
  5
45D
330
1A
100
AcDbEntity
  8
BLACK
  6
CONTINUOUS
100
AcDbLine
 10
2.408110118110236
 20
1.2383858267716534
 30
0
 11
2.6629133858267715
 21
1.2383858267716534
 31
0
  0
LINE
  5
45E
330
1A
100
AcDbEntity
  8
BLACK
  6
CONTINUOUS
100
AcDbLine
 10
2.6629133858267715
 20
1.2383858267716534
 30
0
 11
2.6629133858267715
 21
1.2599212598425196
 31
0
  0
LINE
  5
45F
330
1A
100
AcDbEntity
  8
BLACK
  6
CONTINUOUS
100
AcDbLine
 10
2.6629133858267715
 20
1.2599212598425196
 30
0
 11
2.7229133858267716
 21
1.2599212598425196
 31
0
  0
LINE
  5
460
330
1A
100
AcDbEntity
  8
BLACK
  6
CONTINUOUS
100
AcDbLine
 10
2.7229133858267716
 20
1.2599212598425196
 30
0
 11
2.7229133858267716
 21
1.1999212598425197
 31
0
  0
LINE
  5
461
330
1A
100
AcDbEntity
  8
BLACK
  6
CONTINUOUS
100
AcDbLine
 10
2.7478698818897636
 20
1.2853809842519686
 30
0
 11
2.7478699212598423
 21
1.2853809842519686
 31
0
  0
LINE
  5
462
330
1A
100
AcDbEntity
  8
BLACK
  6
CONTINUOUS
100
AcDbLine
 10
2.7478699212598423
 20
1.2853809842519686
 30
0
 11
2.7510631496062992
 21
1.2840583070866141
 31
0
  0
LINE
  5
463
330
1A
100
AcDbEntity
  8
BLACK
  6
CONTINUOUS
100
AcDbLine
 10
2.7510631496062992
 20
1.2840583070866141
 30
0
 11
2.752405472440945
 21
1.282956653543307
 31
0
  0
LINE
  5
464
330
1A
100
AcDbEntity
  8
BLACK
  6
CONTINUOUS
100
AcDbLine
 10
2.752405472440945
 20
1.282956653543307
 30
0
 11
2.7754408661417322
 21
1.2599212598425196
 31
0
  0
LINE
  5
465
330
1A
100
AcDbEntity
  8
BLACK
  6
CONTINUOUS
100
AcDbLine
 10
2.7754408661417322
 20
1.2599212598425196
 30
0
 11
2.8229133858267716
 21
1.2599212598425196
 31
0
  0
LINE
  5
466
330
1A
100
AcDbEntity
  8
BLACK
  6
CONTINUOUS
100
AcDbLine
 10
2.8229133858267716
 20
1.2599212598425196
 30
0
 11
2.8229133858267716
 21
1.1999212598425197
 31
0
  0
LINE
  5
467
330
1A
100
AcDbEntity
  8
BLACK
  6
CONTINUOUS
100
AcDbLine
 10
2.8229133858267716
 20
1.1999212598425197
 30
0
 11
2.7629133858267716
 21
1.1999212598425197
 31
0
  0
LINE
  5
468
330
1A
100
AcDbEntity
  8
BLACK
  6
CONTINUOUS
100
AcDbLine
 10
2.7629133858267716
 20
1.1999212598425197
 30
0
 11
2.7629133858267716
 21
1.2473937795275589
 31
0
  0
LINE
  5
469
330
1A
100
AcDbEntity
  8
BLACK
  6
CONTINUOUS
100
AcDbLine
 10
2.7629133858267716
 20
1.2473937795275589
 30
0
 11
2.7424725196850392
 21
1.2678346456692913
 31
0
  0
LINE
  5
46A
330
1A
100
AcDbEntity
  8
BLACK
  6
CONTINUOUS
100
AcDbLine
 10
2.7424725196850392
 20
1.2678346456692913
 30
0
 11
2.395037401574803
 21
1.2678346456692913
 31
0
  0
LINE
  5
46B
330
1A
100
AcDbEntity
  8
BLACK
  6
CONTINUOUS
100
AcDbLine
 10
2.395037401574803
 20
1.2678346456692913
 30
0
 11
2.3098211417322836
 21
1.1826184251968503
 31
0
  0
LINE
  5
46C
330
1A
100
AcDbEntity
  8
BLACK
  6
CONTINUOUS
100
AcDbLine
 10
2.3098211417322836
 20
1.1826184251968503
 30
0
 11
2.3100388976377952
 21
1.1818058267716536
 31
0
  0
LINE
  5
46D
330
1A
100
AcDbEntity
  8
BLACK
  6
CONTINUOUS
100
AcDbLine
 10
2.3100388976377952
 20
1.1818058267716536
 30
0
 11
2.3100388976377952
 21
1.1776948031496062
 31
0
  0
LINE
  5
46E
330
1A
100
AcDbEntity
  8
BLACK
  6
CONTINUOUS
100
AcDbLine
 10
2.3100388976377952
 20
1.1776948031496062
 30
0
 11
2.3089748818897635
 21
1.1737238188976378
 31
0
  0
LINE
  5
46F
330
1A
100
AcDbEntity
  8
BLACK
  6
CONTINUOUS
100
AcDbLine
 10
2.3089748818897635
 20
1.1737238188976378
 30
0
 11
2.3069193307086615
 21
1.1701635039370077
 31
0
  0
LINE
  5
470
330
1A
100
AcDbEntity
  8
BLACK
  6
CONTINUOUS
100
AcDbLine
 10
2.3069193307086615
 20
1.1701635039370077
 30
0
 11
2.3040124015748029
 21
1.1672565748031496
 31
0
  0
LINE
  5
471
330
1A
100
AcDbEntity
  8
BLACK
  6
CONTINUOUS
100
AcDbLine
 10
2.3040124015748029
 20
1.1672565748031496
 30
0
 11
2.3004520866141731
 21
1.1652010236220471
 31
0
  0
LINE
  5
472
330
1A
100
AcDbEntity
  8
BLACK
  6
CONTINUOUS
100
AcDbLine
 10
2.3004520866141731
 20
1.1652010236220471
 30
0
 11
2.2964811023622045
 21
1.1641370078740156
 31
0
  0
LINE
  5
473
330
1A
100
AcDbEntity
  8
BLACK
  6
CONTINUOUS
100
AcDbLine
 10
2.2964811023622045
 20
1.1641370078740156
 30
0
 11
2.2923700787401575
 21
1.1641370078740156
 31
0
  0
LINE
  5
474
330
1A
100
AcDbEntity
  8
BLACK
  6
CONTINUOUS
100
AcDbLine
 10
2.2923700787401575
 20
1.1641370078740156
 30
0
 11
2.2883990944881889
 21
1.1652010236220471
 31
0
  0
LINE
  5
475
330
1A
100
AcDbEntity
  8
BLACK
  6
CONTINUOUS
100
AcDbLine
 10
2.2883990944881889
 20
1.1652010236220471
 30
0
 11
2.2848387795275591
 21
1.1672565748031496
 31
0
  0
LINE
  5
476
330
1A
100
AcDbEntity
  8
BLACK
  6
CONTINUOUS
100
AcDbLine
 10
2.2848387795275591
 20
1.1672565748031496
 30
0
 11
2.2819318503937009
 21
1.1701635039370077
 31
0
  0
LINE
  5
477
330
1A
100
AcDbEntity
  8
BLACK
  6
CONTINUOUS
100
AcDbLine
 10
2.2819318503937009
 20
1.1701635039370077
 30
0
 11
2.2798762992125985
 21
1.1737238188976378
 31
0
  0
LINE
  5
478
330
1A
100
AcDbEntity
  8
BLACK
  6
CONTINUOUS
100
AcDbLine
 10
2.2798762992125985
 20
1.1737238188976378
 30
0
 11
2.2788122834645668
 21
1.1776948031496062
 31
0
  0
LINE
  5
479
330
1A
100
AcDbEntity
  8
BLACK
  6
CONTINUOUS
100
AcDbLine
 10
2.2788122834645668
 20
1.1776948031496062
 30
0
 11
2.2788122834645668
 21
1.1818058267716536
 31
0
  0
LINE
  5
47A
330
1A
100
AcDbEntity
  8
BLACK
  6
CONTINUOUS
100
AcDbLine
 10
2.2788122834645668
 20
1.1818058267716536
 30
0
 11
2.2798762992125985
 21
1.185776811023622
 31
0
  0
LINE
  5
47B
330
1A
100
AcDbEntity
  8
BLACK
  6
CONTINUOUS
100
AcDbLine
 10
2.2798762992125985
 20
1.185776811023622
 30
0
 11
2.2819318503937009
 21
1.189337125984252
 31
0
  0
LINE
  5
47C
330
1A
100
AcDbEntity
  8
BLACK
  6
CONTINUOUS
100
AcDbLine
 10
2.2819318503937009
 20
1.189337125984252
 30
0
 11
2.2848387795275591
 21
1.1922440551181102
 31
0
  0
LINE
  5
47D
330
1A
100
AcDbEntity
  8
BLACK
  6
CONTINUOUS
100
AcDbLine
 10
2.2848387795275591
 20
1.1922440551181102
 30
0
 11
2.2883990944881889
 21
1.1942996062992126
 31
0
  0
LINE
  5
47E
330
1A
100
AcDbEntity
  8
BLACK
  6
CONTINUOUS
100
AcDbLine
 10
2.2883990944881889
 20
1.1942996062992126
 30
0
 11
2.2923700787401575
 21
1.1953636220472441
 31
0
  0
LINE
  5
47F
330
1A
100
AcDbEntity
  8
BLACK
  6
CONTINUOUS
100
AcDbLine
 10
2.2923700787401575
 20
1.1953636220472441
 30
0
 11
2.2964811023622045
 21
1.1953636220472441
 31
0
  0
LINE
  5
480
330
1A
100
AcDbEntity
  8
BLACK
  6
CONTINUOUS
100
AcDbLine
 10
2.2964811023622045
 20
1.1953636220472441
 30
0
 11
2.2972936614173229
 21
1.195145905511811
 31
0
  0
LINE
  5
481
330
1A
100
AcDbEntity
  8
BLACK
  6
CONTINUOUS
100
AcDbLine
 10
2.2972936614173229
 20
1.195145905511811
 30
0
 11
2.3851044488188977
 21
1.282956653543307
 31
0
  0
LINE
  5
482
330
1A
100
AcDbEntity
  8
BLACK
  6
CONTINUOUS
100
AcDbLine
 10
2.3851044488188977
 20
1.282956653543307
 30
0
 11
2.3864467716535431
 21
1.2840582677165353
 31
0
  0
LINE
  5
483
330
1A
100
AcDbEntity
  8
BLACK
  6
CONTINUOUS
100
AcDbLine
 10
2.3864467716535431
 20
1.2840582677165353
 30
0
 11
2.3864468110236219
 21
1.2840583070866141
 31
0
  0
LINE
  5
484
330
1A
100
AcDbEntity
  8
BLACK
  6
CONTINUOUS
100
AcDbLine
 10
2.3864468110236219
 20
1.2840583070866141
 30
0
 11
2.3896400393700787
 21
1.2853809842519686
 31
0
  0
LINE
  5
485
330
1A
100
AcDbEntity
  8
BLACK
  6
CONTINUOUS
100
AcDbLine
 10
2.3896400393700787
 20
1.2853809842519686
 30
0
 11
2.391368188976378
 21
1.2855511811023621
 31
0
  0
LINE
  5
486
330
1A
100
AcDbEntity
  8
BLACK
  6
CONTINUOUS
100
AcDbLine
 10
2.391368188976378
 20
1.2855511811023621
 30
0
 11
2.7461417322834647
 21
1.2855511811023621
 31
0
  0
LINE
  5
487
330
1A
100
AcDbEntity
  8
BLACK
  6
CONTINUOUS
100
AcDbLine
 10
2.7461417322834647
 20
1.2855511811023621
 30
0
 11
2.7478698818897636
 21
1.2853809842519686
 31
0
  0
LINE
  5
488
330
1A
100
AcDbEntity
  8
BLACK
  6
CONTINUOUS
100
AcDbLine
 10
2.0981524803149605
 20
1.3779351181102362
 30
0
 11
2.1017127952755903
 21
1.3758795669291339
 31
0
  0
LINE
  5
489
330
1A
100
AcDbEntity
  8
BLACK
  6
CONTINUOUS
100
AcDbLine
 10
2.1017127952755903
 20
1.3758795669291339
 30
0
 11
2.1046197244094489
 21
1.3729726377952756
 31
0
  0
LINE
  5
48A
330
1A
100
AcDbEntity
  8
BLACK
  6
CONTINUOUS
100
AcDbLine
 10
2.1046197244094489
 20
1.3729726377952756
 30
0
 11
2.1066752755905513
 21
1.3694123228346455
 31
0
  0
LINE
  5
48B
330
1A
100
AcDbEntity
  8
BLACK
  6
CONTINUOUS
100
AcDbLine
 10
2.1066752755905513
 20
1.3694123228346455
 30
0
 11
2.1077392913385826
 21
1.3654413385826771
 31
0
  0
LINE
  5
48C
330
1A
100
AcDbEntity
  8
BLACK
  6
CONTINUOUS
100
AcDbLine
 10
2.1077392913385826
 20
1.3654413385826771
 30
0
 11
2.1077392913385826
 21
1.36133031496063
 31
0
  0
LINE
  5
48D
330
1A
100
AcDbEntity
  8
BLACK
  6
CONTINUOUS
100
AcDbLine
 10
2.1077392913385826
 20
1.36133031496063
 30
0
 11
2.1066752755905513
 21
1.3573593307086613
 31
0
  0
LINE
  5
48E
330
1A
100
AcDbEntity
  8
BLACK
  6
CONTINUOUS
100
AcDbLine
 10
2.1066752755905513
 20
1.3573593307086613
 30
0
 11
2.1046197244094489
 21
1.3537990157480315
 31
0
  0
LINE
  5
48F
330
1A
100
AcDbEntity
  8
BLACK
  6
CONTINUOUS
100
AcDbLine
 10
2.1046197244094489
 20
1.3537990157480315
 30
0
 11
2.1017127952755903
 21
1.3508920866141731
 31
0
  0
LINE
  5
490
330
1A
100
AcDbEntity
  8
BLACK
  6
CONTINUOUS
100
AcDbLine
 10
2.1017127952755903
 20
1.3508920866141731
 30
0
 11
2.1009842519685038
 21
1.350471496062992
 31
0
  0
LINE
  5
491
330
1A
100
AcDbEntity
  8
BLACK
  6
CONTINUOUS
100
AcDbLine
 10
2.1009842519685038
 20
1.350471496062992
 30
0
 11
2.1009842519685038
 21
1.2754822047244094
 31
0
  0
LINE
  5
492
330
1A
100
AcDbEntity
  8
BLACK
  6
CONTINUOUS
100
AcDbLine
 10
2.1009842519685038
 20
1.2754822047244094
 30
0
 11
2.1009216535433071
 21
1.2748466141732284
 31
0
  0
LINE
  5
493
330
1A
100
AcDbEntity
  8
BLACK
  6
CONTINUOUS
100
AcDbLine
 10
2.1009216535433071
 20
1.2748466141732284
 30
0
 11
2.1009216535433071
 21
1.1546793700787401
 31
0
  0
LINE
  5
494
330
1A
100
AcDbEntity
  8
BLACK
  6
CONTINUOUS
100
AcDbLine
 10
2.1009216535433071
 20
1.1546793700787401
 30
0
 11
2.1874648818897637
 21
1.0681361417322834
 31
0
  0
LINE
  5
495
330
1A
100
AcDbEntity
  8
BLACK
  6
CONTINUOUS
100
AcDbLine
 10
2.1874648818897637
 20
1.0681361417322834
 30
0
 11
2.2637169291338584
 21
1.0681361417322834
 31
0
  0
LINE
  5
496
330
1A
100
AcDbEntity
  8
BLACK
  6
CONTINUOUS
100
AcDbLine
 10
2.2637169291338584
 20
1.0681361417322834
 30
0
 11
2.2654450787401572
 21
1.0679659448818897
 31
0
  0
LINE
  5
497
330
1A
100
AcDbEntity
  8
BLACK
  6
CONTINUOUS
100
AcDbLine
 10
2.2654450787401572
 20
1.0679659448818897
 30
0
 11
2.265445118110236
 21
1.0679659448818897
 31
0
  0
LINE
  5
498
330
1A
100
AcDbEntity
  8
BLACK
  6
CONTINUOUS
100
AcDbLine
 10
2.265445118110236
 20
1.0679659448818897
 30
0
 11
2.2686383464566928
 21
1.0666432677165354
 31
0
  0
LINE
  5
499
330
1A
100
AcDbEntity
  8
BLACK
  6
CONTINUOUS
100
AcDbLine
 10
2.2686383464566928
 20
1.0666432677165354
 30
0
 11
2.2699806692913387
 21
1.0655416141732283
 31
0
  0
LINE
  5
49A
330
1A
100
AcDbEntity
  8
BLACK
  6
CONTINUOUS
100
AcDbLine
 10
2.2699806692913387
 20
1.0655416141732283
 30
0
 11
2.2848645669291336
 21
1.0506577165354329
 31
0
  0
LINE
  5
49B
330
1A
100
AcDbEntity
  8
BLACK
  6
CONTINUOUS
100
AcDbLine
 10
2.2848645669291336
 20
1.0506577165354329
 30
0
 11
2.2856771653543309
 21
1.0508754330708661
 31
0
  0
LINE
  5
49C
330
1A
100
AcDbEntity
  8
BLACK
  6
CONTINUOUS
100
AcDbLine
 10
2.2856771653543309
 20
1.0508754330708661
 30
0
 11
2.2897881889763778
 21
1.0508754330708661
 31
0
  0
LINE
  5
49D
330
1A
100
AcDbEntity
  8
BLACK
  6
CONTINUOUS
100
AcDbLine
 10
2.2897881889763778
 20
1.0508754330708661
 30
0
 11
2.2937591732283464
 21
1.0498114173228346
 31
0
  0
LINE
  5
49E
330
1A
100
AcDbEntity
  8
BLACK
  6
CONTINUOUS
100
AcDbLine
 10
2.2937591732283464
 20
1.0498114173228346
 30
0
 11
2.2973194881889762
 21
1.0477558661417323
 31
0
  0
LINE
  5
49F
330
1A
100
AcDbEntity
  8
BLACK
  6
CONTINUOUS
100
AcDbLine
 10
2.2973194881889762
 20
1.0477558661417323
 30
0
 11
2.3002264173228344
 21
1.044848937007874
 31
0
  0
LINE
  5
4A0
330
1A
100
AcDbEntity
  8
BLACK
  6
CONTINUOUS
100
AcDbLine
 10
2.3002264173228344
 20
1.044848937007874
 30
0
 11
2.3022819685039368
 21
1.0412886220472442
 31
0
  0
LINE
  5
4A1
330
1A
100
AcDbEntity
  8
BLACK
  6
CONTINUOUS
100
AcDbLine
 10
2.3022819685039368
 20
1.0412886220472442
 30
0
 11
2.3033459842519686
 21
1.0373176377952755
 31
0
  0
LINE
  5
4A2
330
1A
100
AcDbEntity
  8
BLACK
  6
CONTINUOUS
100
AcDbLine
 10
2.3033459842519686
 20
1.0373176377952755
 30
0
 11
2.3033459842519686
 21
1.0332066141732283
 31
0
  0
LINE
  5
4A3
330
1A
100
AcDbEntity
  8
BLACK
  6
CONTINUOUS
100
AcDbLine
 10
2.3033459842519686
 20
1.0332066141732283
 30
0
 11
2.3022819685039368
 21
1.0292356299212597
 31
0
  0
LINE
  5
4A4
330
1A
100
AcDbEntity
  8
BLACK
  6
CONTINUOUS
100
AcDbLine
 10
2.3022819685039368
 20
1.0292356299212597
 30
0
 11
2.3002264173228344
 21
1.0256753149606299
 31
0
  0
LINE
  5
4A5
330
1A
100
AcDbEntity
  8
BLACK
  6
CONTINUOUS
100
AcDbLine
 10
2.3002264173228344
 20
1.0256753149606299
 30
0
 11
2.2973194881889762
 21
1.0227683858267715
 31
0
  0
LINE
  5
4A6
330
1A
100
AcDbEntity
  8
BLACK
  6
CONTINUOUS
100
AcDbLine
 10
2.2973194881889762
 20
1.0227683858267715
 30
0
 11
2.2937591732283464
 21
1.0207128346456693
 31
0
  0
LINE
  5
4A7
330
1A
100
AcDbEntity
  8
BLACK
  6
CONTINUOUS
100
AcDbLine
 10
2.2937591732283464
 20
1.0207128346456693
 30
0
 11
2.2897881889763778
 21
1.0196488188976378
 31
0
  0
LINE
  5
4A8
330
1A
100
AcDbEntity
  8
BLACK
  6
CONTINUOUS
100
AcDbLine
 10
2.2897881889763778
 20
1.0196488188976378
 30
0
 11
2.2856771653543309
 21
1.0196488188976378
 31
0
  0
LINE
  5
4A9
330
1A
100
AcDbEntity
  8
BLACK
  6
CONTINUOUS
100
AcDbLine
 10
2.2856771653543309
 20
1.0196488188976378
 30
0
 11
2.2817061811023622
 21
1.0207128346456693
 31
0
  0
LINE
  5
4AA
330
1A
100
AcDbEntity
  8
BLACK
  6
CONTINUOUS
100
AcDbLine
 10
2.2817061811023622
 20
1.0207128346456693
 30
0
 11
2.2781458661417324
 21
1.0227683858267715
 31
0
  0
LINE
  5
4AB
330
1A
100
AcDbEntity
  8
BLACK
  6
CONTINUOUS
100
AcDbLine
 10
2.2781458661417324
 20
1.0227683858267715
 30
0
 11
2.2752389370078738
 21
1.0256753149606299
 31
0
  0
LINE
  5
4AC
330
1A
100
AcDbEntity
  8
BLACK
  6
CONTINUOUS
100
AcDbLine
 10
2.2752389370078738
 20
1.0256753149606299
 30
0
 11
2.2731833858267718
 21
1.0292356299212597
 31
0
  0
LINE
  5
4AD
330
1A
100
AcDbEntity
  8
BLACK
  6
CONTINUOUS
100
AcDbLine
 10
2.2731833858267718
 20
1.0292356299212597
 30
0
 11
2.2721193700787401
 21
1.0332066141732283
 31
0
  0
LINE
  5
4AE
330
1A
100
AcDbEntity
  8
BLACK
  6
CONTINUOUS
100
AcDbLine
 10
2.2721193700787401
 20
1.0332066141732283
 30
0
 11
2.2721193700787401
 21
1.0373176377952755
 31
0
  0
LINE
  5
4AF
330
1A
100
AcDbEntity
  8
BLACK
  6
CONTINUOUS
100
AcDbLine
 10
2.2721193700787401
 20
1.0373176377952755
 30
0
 11
2.272337086614173
 21
1.0381302362204725
 31
0
  0
LINE
  5
4B0
330
1A
100
AcDbEntity
  8
BLACK
  6
CONTINUOUS
100
AcDbLine
 10
2.272337086614173
 20
1.0381302362204725
 30
0
 11
2.2600477165354329
 21
1.0504196062992126
 31
0
  0
LINE
  5
4B1
330
1A
100
AcDbEntity
  8
BLACK
  6
CONTINUOUS
100
AcDbLine
 10
2.2600477165354329
 20
1.0504196062992126
 30
0
 11
2.1837956692913387
 21
1.0504196062992126
 31
0
  0
LINE
  5
4B2
330
1A
100
AcDbEntity
  8
BLACK
  6
CONTINUOUS
100
AcDbLine
 10
2.1837956692913387
 20
1.0504196062992126
 30
0
 11
2.1820675196850394
 21
1.0505898031496064
 31
0
  0
LINE
  5
4B3
330
1A
100
AcDbEntity
  8
BLACK
  6
CONTINUOUS
100
AcDbLine
 10
2.1820675196850394
 20
1.0505898031496064
 30
0
 11
2.1788742913385826
 21
1.0519124803149607
 31
0
  0
LINE
  5
4B4
330
1A
100
AcDbEntity
  8
BLACK
  6
CONTINUOUS
100
AcDbLine
 10
2.1788742913385826
 20
1.0519124803149607
 30
0
 11
2.1775319291338584
 21
1.0530141338582677
 31
0
  0
LINE
  5
4B5
330
1A
100
AcDbEntity
  8
BLACK
  6
CONTINUOUS
100
AcDbLine
 10
2.1775319291338584
 20
1.0530141338582677
 30
0
 11
2.0857996456692911
 21
1.1447464173228346
 31
0
  0
LINE
  5
4B6
330
1A
100
AcDbEntity
  8
BLACK
  6
CONTINUOUS
100
AcDbLine
 10
2.0857996456692911
 20
1.1447464173228346
 30
0
 11
2.0846979921259843
 21
1.1460887401574802
 31
0
  0
LINE
  5
4B7
330
1A
100
AcDbEntity
  8
BLACK
  6
CONTINUOUS
100
AcDbLine
 10
2.0846979921259843
 20
1.1460887401574802
 30
0
 11
2.0833753149606298
 21
1.149281968503937
 31
0
  0
LINE
  5
4B8
330
1A
100
AcDbEntity
  8
BLACK
  6
CONTINUOUS
100
AcDbLine
 10
2.0833753149606298
 20
1.149281968503937
 30
0
 11
2.0833753149606298
 21
1.1492820078740158
 31
0
  0
LINE
  5
4B9
330
1A
100
AcDbEntity
  8
BLACK
  6
CONTINUOUS
100
AcDbLine
 10
2.0833753149606298
 20
1.1492820078740158
 30
0
 11
2.0832051181102362
 21
1.1510101574803149
 31
0
  0
LINE
  5
4BA
330
1A
100
AcDbEntity
  8
BLACK
  6
CONTINUOUS
100
AcDbLine
 10
2.0832051181102362
 20
1.1510101574803149
 30
0
 11
2.0832051181102362
 21
1.2754196062992125
 31
0
  0
LINE
  5
4BB
330
1A
100
AcDbEntity
  8
BLACK
  6
CONTINUOUS
100
AcDbLine
 10
2.0832051181102362
 20
1.2754196062992125
 30
0
 11
2.083267716535433
 21
1.2760552362204725
 31
0
  0
LINE
  5
4BC
330
1A
100
AcDbEntity
  8
BLACK
  6
CONTINUOUS
100
AcDbLine
 10
2.083267716535433
 20
1.2760552362204725
 30
0
 11
2.083267716535433
 21
1.350471496062992
 31
0
  0
LINE
  5
4BD
330
1A
100
AcDbEntity
  8
BLACK
  6
CONTINUOUS
100
AcDbLine
 10
2.083267716535433
 20
1.350471496062992
 30
0
 11
2.0825391732283465
 21
1.3508920866141731
 31
0
  0
LINE
  5
4BE
330
1A
100
AcDbEntity
  8
BLACK
  6
CONTINUOUS
100
AcDbLine
 10
2.0825391732283465
 20
1.3508920866141731
 30
0
 11
2.0796322440944883
 21
1.3537990157480315
 31
0
  0
LINE
  5
4BF
330
1A
100
AcDbEntity
  8
BLACK
  6
CONTINUOUS
100
AcDbLine
 10
2.0796322440944883
 20
1.3537990157480315
 30
0
 11
2.0775766929133859
 21
1.3573593307086613
 31
0
  0
LINE
  5
4C0
330
1A
100
AcDbEntity
  8
BLACK
  6
CONTINUOUS
100
AcDbLine
 10
2.0775766929133859
 20
1.3573593307086613
 30
0
 11
2.0765126771653541
 21
1.36133031496063
 31
0
  0
LINE
  5
4C1
330
1A
100
AcDbEntity
  8
BLACK
  6
CONTINUOUS
100
AcDbLine
 10
2.0765126771653541
 20
1.36133031496063
 30
0
 11
2.0765126771653541
 21
1.3654413385826771
 31
0
  0
LINE
  5
4C2
330
1A
100
AcDbEntity
  8
BLACK
  6
CONTINUOUS
100
AcDbLine
 10
2.0765126771653541
 20
1.3654413385826771
 30
0
 11
2.0775766929133859
 21
1.3694123228346455
 31
0
  0
LINE
  5
4C3
330
1A
100
AcDbEntity
  8
BLACK
  6
CONTINUOUS
100
AcDbLine
 10
2.0775766929133859
 20
1.3694123228346455
 30
0
 11
2.0796322440944883
 21
1.3729726377952756
 31
0
  0
LINE
  5
4C4
330
1A
100
AcDbEntity
  8
BLACK
  6
CONTINUOUS
100
AcDbLine
 10
2.0796322440944883
 20
1.3729726377952756
 30
0
 11
2.0825391732283465
 21
1.3758795669291339
 31
0
  0
LINE
  5
4C5
330
1A
100
AcDbEntity
  8
BLACK
  6
CONTINUOUS
100
AcDbLine
 10
2.0825391732283465
 20
1.3758795669291339
 30
0
 11
2.0860994881889763
 21
1.3779351181102362
 31
0
  0
LINE
  5
4C6
330
1A
100
AcDbEntity
  8
BLACK
  6
CONTINUOUS
100
AcDbLine
 10
2.0860994881889763
 20
1.3779351181102362
 30
0
 11
2.0900704724409449
 21
1.3789991338582677
 31
0
  0
LINE
  5
4C7
330
1A
100
AcDbEntity
  8
BLACK
  6
CONTINUOUS
100
AcDbLine
 10
2.0900704724409449
 20
1.3789991338582677
 30
0
 11
2.0941814960629919
 21
1.3789991338582677
 31
0
  0
LINE
  5
4C8
330
1A
100
AcDbEntity
  8
BLACK
  6
CONTINUOUS
100
AcDbLine
 10
2.0941814960629919
 20
1.3789991338582677
 30
0
 11
2.0981524803149605
 21
1.3779351181102362
 31
0
  0
LINE
  5
4C9
330
1A
100
AcDbEntity
  8
BLACK
  6
CONTINUOUS
100
AcDbLine
 10
0.4325803937007874
 20
1.2130261417322834
 30
0
 11
0.4398890551181102
 21
1.2099987795275591
 31
0
  0
LINE
  5
4CA
330
1A
100
AcDbEntity
  8
BLACK
  6
CONTINUOUS
100
AcDbLine
 10
0.4398890551181102
 20
1.2099987795275591
 30
0
 11
0.4464666535433071
 21
1.2056037795275589
 31
0
  0
LINE
  5
4CB
330
1A
100
AcDbEntity
  8
BLACK
  6
CONTINUOUS
100
AcDbLine
 10
0.4464666535433071
 20
1.2056037795275589
 30
0
 11
0.4520604724409449
 21
1.2000099606299213
 31
0
  0
LINE
  5
4CC
330
1A
100
AcDbEntity
  8
BLACK
  6
CONTINUOUS
100
AcDbLine
 10
0.4520604724409449
 20
1.2000099606299213
 30
0
 11
0.4564554724409449
 21
1.1934323622047245
 31
0
  0
LINE
  5
4CD
330
1A
100
AcDbEntity
  8
BLACK
  6
CONTINUOUS
100
AcDbLine
 10
0.4564554724409449
 20
1.1934323622047245
 30
0
 11
0.4594828346456693
 21
1.1861237007874015
 31
0
  0
LINE
  5
4CE
330
1A
100
AcDbEntity
  8
BLACK
  6
CONTINUOUS
100
AcDbLine
 10
0.4594828346456693
 20
1.1861237007874015
 30
0
 11
0.4610261417322835
 21
1.1783648818897638
 31
0
  0
LINE
  5
4CF
330
1A
100
AcDbEntity
  8
BLACK
  6
CONTINUOUS
100
AcDbLine
 10
0.4610261417322835
 20
1.1783648818897638
 30
0
 11
0.4610261417322835
 21
1.1704540157480314
 31
0
  0
LINE
  5
4D0
330
1A
100
AcDbEntity
  8
BLACK
  6
CONTINUOUS
100
AcDbLine
 10
0.4610261417322835
 20
1.1704540157480314
 30
0
 11
0.4594828346456693
 21
1.1626951968503936
 31
0
  0
LINE
  5
4D1
330
1A
100
AcDbEntity
  8
BLACK
  6
CONTINUOUS
100
AcDbLine
 10
0.4594828346456693
 20
1.1626951968503936
 30
0
 11
0.4564554724409449
 21
1.1553865354330708
 31
0
  0
LINE
  5
4D2
330
1A
100
AcDbEntity
  8
BLACK
  6
CONTINUOUS
100
AcDbLine
 10
0.4564554724409449
 20
1.1553865354330708
 30
0
 11
0.4520604724409449
 21
1.148808937007874
 31
0
  0
LINE
  5
4D3
330
1A
100
AcDbEntity
  8
BLACK
  6
CONTINUOUS
100
AcDbLine
 10
0.4520604724409449
 20
1.148808937007874
 30
0
 11
0.4464666535433071
 21
1.1432151181102361
 31
0
  0
LINE
  5
4D4
330
1A
100
AcDbEntity
  8
BLACK
  6
CONTINUOUS
100
AcDbLine
 10
0.4464666535433071
 20
1.1432151181102361
 30
0
 11
0.4398890551181102
 21
1.1388201181102362
 31
0
  0
LINE
  5
4D5
330
1A
100
AcDbEntity
  8
BLACK
  6
CONTINUOUS
100
AcDbLine
 10
0.4398890551181102
 20
1.1388201181102362
 30
0
 11
0.4325803937007874
 21
1.1357927559055119
 31
0
  0
LINE
  5
4D6
330
1A
100
AcDbEntity
  8
BLACK
  6
CONTINUOUS
100
AcDbLine
 10
0.4325803937007874
 20
1.1357927559055119
 30
0
 11
0.4248215748031496
 21
1.1342494488188977
 31
0
  0
LINE
  5
4D7
330
1A
100
AcDbEntity
  8
BLACK
  6
CONTINUOUS
100
AcDbLine
 10
0.4248215748031496
 20
1.1342494488188977
 30
0
 11
0.4169107086614173
 21
1.1342494488188977
 31
0
  0
LINE
  5
4D8
330
1A
100
AcDbEntity
  8
BLACK
  6
CONTINUOUS
100
AcDbLine
 10
0.4169107086614173
 20
1.1342494488188977
 30
0
 11
0.4091518897637795
 21
1.1357927559055119
 31
0
  0
LINE
  5
4D9
330
1A
100
AcDbEntity
  8
BLACK
  6
CONTINUOUS
100
AcDbLine
 10
0.4091518897637795
 20
1.1357927559055119
 30
0
 11
0.4018432283464567
 21
1.1388201181102362
 31
0
  0
LINE
  5
4DA
330
1A
100
AcDbEntity
  8
BLACK
  6
CONTINUOUS
100
AcDbLine
 10
0.4018432283464567
 20
1.1388201181102362
 30
0
 11
0.3952656299212599
 21
1.1432151181102361
 31
0
  0
LINE
  5
4DB
330
1A
100
AcDbEntity
  8
BLACK
  6
CONTINUOUS
100
AcDbLine
 10
0.3952656299212599
 20
1.1432151181102361
 30
0
 11
0.389671811023622
 21
1.148808937007874
 31
0
  0
LINE
  5
4DC
330
1A
100
AcDbEntity
  8
BLACK
  6
CONTINUOUS
100
AcDbLine
 10
0.389671811023622
 20
1.148808937007874
 30
0
 11
0.385276811023622
 21
1.1553865354330708
 31
0
  0
LINE
  5
4DD
330
1A
100
AcDbEntity
  8
BLACK
  6
CONTINUOUS
100
AcDbLine
 10
0.385276811023622
 20
1.1553865354330708
 30
0
 11
0.3822494488188976
 21
1.1626951968503936
 31
0
  0
LINE
  5
4DE
330
1A
100
AcDbEntity
  8
BLACK
  6
CONTINUOUS
100
AcDbLine
 10
0.3822494488188976
 20
1.1626951968503936
 30
0
 11
0.3807061417322835
 21
1.1704540157480314
 31
0
  0
LINE
  5
4DF
330
1A
100
AcDbEntity
  8
BLACK
  6
CONTINUOUS
100
AcDbLine
 10
0.3807061417322835
 20
1.1704540157480314
 30
0
 11
0.3807061417322835
 21
1.1783648818897638
 31
0
  0
LINE
  5
4E0
330
1A
100
AcDbEntity
  8
BLACK
  6
CONTINUOUS
100
AcDbLine
 10
0.3807061417322835
 20
1.1783648818897638
 30
0
 11
0.3822494488188976
 21
1.1861237007874015
 31
0
  0
LINE
  5
4E1
330
1A
100
AcDbEntity
  8
BLACK
  6
CONTINUOUS
100
AcDbLine
 10
0.3822494488188976
 20
1.1861237007874015
 30
0
 11
0.385276811023622
 21
1.1934323622047245
 31
0
  0
LINE
  5
4E2
330
1A
100
AcDbEntity
  8
BLACK
  6
CONTINUOUS
100
AcDbLine
 10
0.385276811023622
 20
1.1934323622047245
 30
0
 11
0.389671811023622
 21
1.2000099606299213
 31
0
  0
LINE
  5
4E3
330
1A
100
AcDbEntity
  8
BLACK
  6
CONTINUOUS
100
AcDbLine
 10
0.389671811023622
 20
1.2000099606299213
 30
0
 11
0.3952656299212599
 21
1.2056037795275589
 31
0
  0
LINE
  5
4E4
330
1A
100
AcDbEntity
  8
BLACK
  6
CONTINUOUS
100
AcDbLine
 10
0.3952656299212599
 20
1.2056037795275589
 30
0
 11
0.4018432283464567
 21
1.2099987795275591
 31
0
  0
LINE
  5
4E5
330
1A
100
AcDbEntity
  8
BLACK
  6
CONTINUOUS
100
AcDbLine
 10
0.4018432283464567
 20
1.2099987795275591
 30
0
 11
0.4091518897637795
 21
1.2130261417322834
 31
0
  0
LINE
  5
4E6
330
1A
100
AcDbEntity
  8
BLACK
  6
CONTINUOUS
100
AcDbLine
 10
0.4091518897637795
 20
1.2130261417322834
 30
0
 11
0.4169107086614173
 21
1.2145694488188976
 31
0
  0
LINE
  5
4E7
330
1A
100
AcDbEntity
  8
BLACK
  6
CONTINUOUS
100
AcDbLine
 10
0.4169107086614173
 20
1.2145694488188976
 30
0
 11
0.4248215748031496
 21
1.2145694488188976
 31
0
  0
LINE
  5
4E8
330
1A
100
AcDbEntity
  8
BLACK
  6
CONTINUOUS
100
AcDbLine
 10
0.4248215748031496
 20
1.2145694488188976
 30
0
 11
0.4325803937007874
 21
1.2130261417322834
 31
0
  0
LINE
  5
4E9
330
1A
100
AcDbEntity
  8
BLACK
  6
CONTINUOUS
100
AcDbLine
 10
1.3259083858267717
 20
1.1777382677165353
 30
0
 11
1.3294687007874015
 21
1.1756827165354331
 31
0
  0
LINE
  5
4EA
330
1A
100
AcDbEntity
  8
BLACK
  6
CONTINUOUS
100
AcDbLine
 10
1.3294687007874015
 20
1.1756827165354331
 30
0
 11
1.3323756299212599
 21
1.1727757874015747
 31
0
  0
LINE
  5
4EB
330
1A
100
AcDbEntity
  8
BLACK
  6
CONTINUOUS
100
AcDbLine
 10
1.3323756299212599
 20
1.1727757874015747
 30
0
 11
1.3344311811023621
 21
1.1692154724409449
 31
0
  0
LINE
  5
4EC
330
1A
100
AcDbEntity
  8
BLACK
  6
CONTINUOUS
100
AcDbLine
 10
1.3344311811023621
 20
1.1692154724409449
 30
0
 11
1.3354951968503936
 21
1.1652444881889763
 31
0
  0
LINE
  5
4ED
330
1A
100
AcDbEntity
  8
BLACK
  6
CONTINUOUS
100
AcDbLine
 10
1.3354951968503936
 20
1.1652444881889763
 30
0
 11
1.3354951968503936
 21
1.1611334645669291
 31
0
  0
LINE
  5
4EE
330
1A
100
AcDbEntity
  8
BLACK
  6
CONTINUOUS
100
AcDbLine
 10
1.3354951968503936
 20
1.1611334645669291
 30
0
 11
1.3344311811023621
 21
1.1571624803149605
 31
0
  0
LINE
  5
4EF
330
1A
100
AcDbEntity
  8
BLACK
  6
CONTINUOUS
100
AcDbLine
 10
1.3344311811023621
 20
1.1571624803149605
 30
0
 11
1.3323756299212599
 21
1.1536021653543307
 31
0
  0
LINE
  5
4F0
330
1A
100
AcDbEntity
  8
BLACK
  6
CONTINUOUS
100
AcDbLine
 10
1.3323756299212599
 20
1.1536021653543307
 30
0
 11
1.3294687007874015
 21
1.1506952362204723
 31
0
  0
LINE
  5
4F1
330
1A
100
AcDbEntity
  8
BLACK
  6
CONTINUOUS
100
AcDbLine
 10
1.3294687007874015
 20
1.1506952362204723
 30
0
 11
1.3259083858267717
 21
1.1486396850393701
 31
0
  0
LINE
  5
4F2
330
1A
100
AcDbEntity
  8
BLACK
  6
CONTINUOUS
100
AcDbLine
 10
1.3259083858267717
 20
1.1486396850393701
 30
0
 11
1.3219374015748031
 21
1.1475756692913386
 31
0
  0
LINE
  5
4F3
330
1A
100
AcDbEntity
  8
BLACK
  6
CONTINUOUS
100
AcDbLine
 10
1.3219374015748031
 20
1.1475756692913386
 30
0
 11
1.3178263779527559
 21
1.1475756692913386
 31
0
  0
LINE
  5
4F4
330
1A
100
AcDbEntity
  8
BLACK
  6
CONTINUOUS
100
AcDbLine
 10
1.3178263779527559
 20
1.1475756692913386
 30
0
 11
1.3138553937007873
 21
1.1486396850393701
 31
0
  0
LINE
  5
4F5
330
1A
100
AcDbEntity
  8
BLACK
  6
CONTINUOUS
100
AcDbLine
 10
1.3138553937007873
 20
1.1486396850393701
 30
0
 11
1.3102950787401575
 21
1.1506952362204723
 31
0
  0
LINE
  5
4F6
330
1A
100
AcDbEntity
  8
BLACK
  6
CONTINUOUS
100
AcDbLine
 10
1.3102950787401575
 20
1.1506952362204723
 30
0
 11
1.3073881496062991
 21
1.1536021653543307
 31
0
  0
LINE
  5
4F7
330
1A
100
AcDbEntity
  8
BLACK
  6
CONTINUOUS
100
AcDbLine
 10
1.3073881496062991
 20
1.1536021653543307
 30
0
 11
1.3053325984251969
 21
1.1571624803149605
 31
0
  0
LINE
  5
4F8
330
1A
100
AcDbEntity
  8
BLACK
  6
CONTINUOUS
100
AcDbLine
 10
1.3053325984251969
 20
1.1571624803149605
 30
0
 11
1.3042685826771654
 21
1.1611334645669291
 31
0
  0
LINE
  5
4F9
330
1A
100
AcDbEntity
  8
BLACK
  6
CONTINUOUS
100
AcDbLine
 10
1.3042685826771654
 20
1.1611334645669291
 30
0
 11
1.3042685826771654
 21
1.1652444881889763
 31
0
  0
LINE
  5
4FA
330
1A
100
AcDbEntity
  8
BLACK
  6
CONTINUOUS
100
AcDbLine
 10
1.3042685826771654
 20
1.1652444881889763
 30
0
 11
1.3053325984251969
 21
1.1692154724409449
 31
0
  0
LINE
  5
4FB
330
1A
100
AcDbEntity
  8
BLACK
  6
CONTINUOUS
100
AcDbLine
 10
1.3053325984251969
 20
1.1692154724409449
 30
0
 11
1.3073881496062991
 21
1.1727757874015747
 31
0
  0
LINE
  5
4FC
330
1A
100
AcDbEntity
  8
BLACK
  6
CONTINUOUS
100
AcDbLine
 10
1.3073881496062991
 20
1.1727757874015747
 30
0
 11
1.3102950787401575
 21
1.1756827165354331
 31
0
  0
LINE
  5
4FD
330
1A
100
AcDbEntity
  8
BLACK
  6
CONTINUOUS
100
AcDbLine
 10
1.3102950787401575
 20
1.1756827165354331
 30
0
 11
1.3138553937007873
 21
1.1777382677165353
 31
0
  0
LINE
  5
4FE
330
1A
100
AcDbEntity
  8
BLACK
  6
CONTINUOUS
100
AcDbLine
 10
1.3138553937007873
 20
1.1777382677165353
 30
0
 11
1.3178263779527559
 21
1.1788022834645668
 31
0
  0
LINE
  5
4FF
330
1A
100
AcDbEntity
  8
BLACK
  6
CONTINUOUS
100
AcDbLine
 10
1.3178263779527559
 20
1.1788022834645668
 30
0
 11
1.3219374015748031
 21
1.1788022834645668
 31
0
  0
LINE
  5
500
330
1A
100
AcDbEntity
  8
BLACK
  6
CONTINUOUS
100
AcDbLine
 10
1.3219374015748031
 20
1.1788022834645668
 30
0
 11
1.3259083858267717
 21
1.1777382677165353
 31
0
  0
LINE
  5
501
330
1A
100
AcDbEntity
  8
BLACK
  6
CONTINUOUS
100
AcDbLine
 10
2.9681740551181104
 20
1.7680904724409447
 30
0
 11
2.9700044881889762
 21
1.7659780314960629
 31
0
  0
LINE
  5
502
330
1A
100
AcDbEntity
  8
BLACK
  6
CONTINUOUS
100
AcDbLine
 10
2.9700044881889762
 20
1.7659780314960629
 30
0
 11
2.9704527559055118
 21
1.7639173228346456
 31
0
  0
LINE
  5
503
330
1A
100
AcDbEntity
  8
BLACK
  6
CONTINUOUS
100
AcDbLine
 10
2.9704527559055118
 20
1.7639173228346456
 30
0
 11
2.9704527559055118
 21
0.2360826771653543
 31
0
  0
LINE
  5
504
330
1A
100
AcDbEntity
  8
BLACK
  6
CONTINUOUS
100
AcDbLine
 10
2.9704527559055118
 20
0.2360826771653543
 30
0
 11
2.9696652755905513
 21
0.233400748031496
 31
0
  0
LINE
  5
505
330
1A
100
AcDbEntity
  8
BLACK
  6
CONTINUOUS
100
AcDbLine
 10
2.9696652755905513
 20
0.233400748031496
 30
0
 11
2.9675528346456694
 21
0.2315703149606299
 31
0
  0
LINE
  5
506
330
1A
100
AcDbEntity
  8
BLACK
  6
CONTINUOUS
100
AcDbLine
 10
2.9675528346456694
 20
0.2315703149606299
 30
0
 11
2.9654921259842517
 21
0.2311220472440945
 31
0
  0
LINE
  5
507
330
1A
100
AcDbEntity
  8
BLACK
  6
CONTINUOUS
100
AcDbLine
 10
2.9654921259842517
 20
0.2311220472440945
 30
0
 11
0.234507874015748
 21
0.2311220472440945
 31
0
  0
LINE
  5
508
330
1A
100
AcDbEntity
  8
BLACK
  6
CONTINUOUS
100
AcDbLine
 10
0.234507874015748
 20
0.2311220472440945
 30
0
 11
0.2318259448818898
 21
0.2319095275590551
 31
0
  0
LINE
  5
509
330
1A
100
AcDbEntity
  8
BLACK
  6
CONTINUOUS
100
AcDbLine
 10
0.2318259448818898
 20
0.2319095275590551
 30
0
 11
0.2299955118110236
 21
0.234021968503937
 31
0
  0
LINE
  5
50A
330
1A
100
AcDbEntity
  8
BLACK
  6
CONTINUOUS
100
AcDbLine
 10
0.2299955118110236
 20
0.234021968503937
 30
0
 11
0.2295472440944882
 21
0.2360826771653543
 31
0
  0
LINE
  5
50B
330
1A
100
AcDbEntity
  8
BLACK
  6
CONTINUOUS
100
AcDbLine
 10
0.2295472440944882
 20
0.2360826771653543
 30
0
 11
0.2295472440944882
 21
0.6116315748031496
 31
0
  0
LINE
  5
50C
330
1A
100
AcDbEntity
  8
BLACK
  6
CONTINUOUS
100
AcDbLine
 10
0.2295472440944882
 20
0.6116315748031496
 30
0
 11
0.2295472440944882
 21
0.7377193307086614
 31
0
  0
LINE
  5
50D
330
1A
100
AcDbEntity
  8
BLACK
  6
CONTINUOUS
100
AcDbLine
 10
0.2295472440944882
 20
0.7377193307086614
 30
0
 11
0.2295472440944882
 21
1.1785412992125983
 31
0
  0
LINE
  5
50E
330
1A
100
AcDbEntity
  8
BLACK
  6
CONTINUOUS
100
AcDbLine
 10
0.2295472440944882
 20
1.1785412992125983
 30
0
 11
0.2295472440944882
 21
1.3037004330708661
 31
0
  0
LINE
  5
50F
330
1A
100
AcDbEntity
  8
BLACK
  6
CONTINUOUS
100
AcDbLine
 10
0.2295472440944882
 20
1.3037004330708661
 30
0
 11
0.2295472440944882
 21
1.7639173228346456
 31
0
  0
LINE
  5
510
330
1A
100
AcDbEntity
  8
BLACK
  6
CONTINUOUS
100
AcDbLine
 10
0.2295472440944882
 20
1.7639173228346456
 30
0
 11
0.2303347244094488
 21
1.7665992519685039
 31
0
  0
LINE
  5
511
330
1A
100
AcDbEntity
  8
BLACK
  6
CONTINUOUS
100
AcDbLine
 10
0.2303347244094488
 20
1.7665992519685039
 30
0
 11
0.2324471653543307
 21
1.7684296850393701
 31
0
  0
LINE
  5
512
330
1A
100
AcDbEntity
  8
BLACK
  6
CONTINUOUS
100
AcDbLine
 10
0.2324471653543307
 20
1.7684296850393701
 30
0
 11
0.234507874015748
 21
1.7688779527559055
 31
0
  0
LINE
  5
513
330
1A
100
AcDbEntity
  8
BLACK
  6
CONTINUOUS
100
AcDbLine
 10
0.234507874015748
 20
1.7688779527559055
 30
0
 11
2.9654921259842517
 21
1.7688779527559055
 31
0
  0
LINE
  5
514
330
1A
100
AcDbEntity
  8
BLACK
  6
CONTINUOUS
100
AcDbLine
 10
2.9654921259842517
 20
1.7688779527559055
 30
0
 11
2.9681740551181104
 21
1.7680904724409447
 31
0
  0
LINE
  5
515
330
1A
100
AcDbEntity
  8
BLACK
  6
CONTINUOUS
100
AcDbLine
 10
2.3018655118110236
 20
0.8164566141732283
 30
0
 11
2.2996751181102359
 21
0.8160209055118111
 31
0
  0
LINE
  5
516
330
1A
100
AcDbEntity
  8
BLACK
  6
CONTINUOUS
100
AcDbLine
 10
2.2996751181102359
 20
0.8160209055118111
 30
0
 11
2.2996750393700789
 21
0.8160209055118111
 31
0
  0
LINE
  5
517
330
1A
100
AcDbEntity
  8
BLACK
  6
CONTINUOUS
100
AcDbLine
 10
2.2996750393700789
 20
0.8160209055118111
 30
0
 11
2.2996748031496064
 21
0.8160208267716536
 31
0
  0
LINE
  5
518
330
1A
100
AcDbEntity
  8
BLACK
  6
CONTINUOUS
100
AcDbLine
 10
2.2996748031496064
 20
0.8160208267716536
 30
0
 11
2.2945989370078741
 21
0.8139183070866142
 31
0
  0
LINE
  5
519
330
1A
100
AcDbEntity
  8
BLACK
  6
CONTINUOUS
100
AcDbLine
 10
2.2945989370078741
 20
0.8139183070866142
 30
0
 11
2.2945987795275591
 21
0.8139182283464567
 31
0
  0
LINE
  5
51A
330
1A
100
AcDbEntity
  8
BLACK
  6
CONTINUOUS
100
AcDbLine
 10
2.2945987795275591
 20
0.8139182283464567
 30
0
 11
2.2900303937007873
 21
0.8108657086614173
 31
0
  0
LINE
  5
51B
330
1A
100
AcDbEntity
  8
BLACK
  6
CONTINUOUS
100
AcDbLine
 10
2.2900303937007873
 20
0.8108657086614173
 30
0
 11
2.290030118110236
 21
0.8108655118110236
 31
0
  0
LINE
  5
51C
330
1A
100
AcDbEntity
  8
BLACK
  6
CONTINUOUS
100
AcDbLine
 10
2.290030118110236
 20
0.8108655118110236
 30
0
 11
2.2861450393700786
 21
0.8069804330708661
 31
0
  0
LINE
  5
51D
330
1A
100
AcDbEntity
  8
BLACK
  6
CONTINUOUS
100
AcDbLine
 10
2.2861450393700786
 20
0.8069804330708661
 30
0
 11
2.2861448425196849
 21
0.8069801574803149
 31
0
  0
LINE
  5
51E
330
1A
100
AcDbEntity
  8
BLACK
  6
CONTINUOUS
100
AcDbLine
 10
2.2861448425196849
 20
0.8069801574803149
 30
0
 11
2.2830923228346456
 21
0.8024117716535433
 31
0
  0
LINE
  5
51F
330
1A
100
AcDbEntity
  8
BLACK
  6
CONTINUOUS
100
AcDbLine
 10
2.2830923228346456
 20
0.8024117716535433
 30
0
 11
2.2830922440944881
 21
0.8024116141732284
 31
0
  0
LINE
  5
520
330
1A
100
AcDbEntity
  8
BLACK
  6
CONTINUOUS
100
AcDbLine
 10
2.2830922440944881
 20
0.8024116141732284
 30
0
 11
2.2809897244094488
 21
0.7973357480314961
 31
0
  0
LINE
  5
521
330
1A
100
AcDbEntity
  8
BLACK
  6
CONTINUOUS
100
AcDbLine
 10
2.2809897244094488
 20
0.7973357480314961
 30
0
 11
2.2809896456692913
 21
0.7973355118110236
 31
0
  0
LINE
  5
522
330
1A
100
AcDbEntity
  8
BLACK
  6
CONTINUOUS
100
AcDbLine
 10
2.2809896456692913
 20
0.7973355118110236
 30
0
 11
2.2809896456692913
 21
0.7973354330708661
 31
0
  0
LINE
  5
523
330
1A
100
AcDbEntity
  8
BLACK
  6
CONTINUOUS
100
AcDbLine
 10
2.2809896456692913
 20
0.7973354330708661
 30
0
 11
2.2809413385826769
 21
0.7970924803149606
 31
0
  0
LINE
  5
524
330
1A
100
AcDbEntity
  8
BLACK
  6
CONTINUOUS
100
AcDbLine
 10
2.2809413385826769
 20
0.7970924803149606
 30
0
 11
2.279917716535433
 21
0.7919465354330708
 31
0
  0
LINE
  5
525
330
1A
100
AcDbEntity
  8
BLACK
  6
CONTINUOUS
100
AcDbLine
 10
2.279917716535433
 20
0.7919465354330708
 30
0
 11
2.279917716535433
 21
0.7864517716535433
 31
0
  0
LINE
  5
526
330
1A
100
AcDbEntity
  8
BLACK
  6
CONTINUOUS
100
AcDbLine
 10
2.279917716535433
 20
0.7864517716535433
 30
0
 11
2.2803418503937007
 21
0.7843194881889763
 31
0
  0
LINE
  5
527
330
1A
100
AcDbEntity
  8
BLACK
  6
CONTINUOUS
100
AcDbLine
 10
2.2803418503937007
 20
0.7843194881889763
 30
0
 11
2.2809896456692913
 21
0.7810628346456693
 31
0
  0
LINE
  5
528
330
1A
100
AcDbEntity
  8
BLACK
  6
CONTINUOUS
100
AcDbLine
 10
2.2809896456692913
 20
0.7810628346456693
 30
0
 11
2.2809896850393701
 21
0.7810627559055118
 31
0
  0
LINE
  5
529
330
1A
100
AcDbEntity
  8
BLACK
  6
CONTINUOUS
100
AcDbLine
 10
2.2809896850393701
 20
0.7810627559055118
 30
0
 11
2.2809897244094488
 21
0.7810625590551181
 31
0
  0
LINE
  5
52A
330
1A
100
AcDbEntity
  8
BLACK
  6
CONTINUOUS
100
AcDbLine
 10
2.2809897244094488
 20
0.7810625590551181
 30
0
 11
2.2830922440944881
 21
0.7759866929133858
 31
0
  0
LINE
  5
52B
330
1A
100
AcDbEntity
  8
BLACK
  6
CONTINUOUS
100
AcDbLine
 10
2.2830922440944881
 20
0.7759866929133858
 30
0
 11
2.2830923228346456
 21
0.7759865354330708
 31
0
  0
LINE
  5
52C
330
1A
100
AcDbEntity
  8
BLACK
  6
CONTINUOUS
100
AcDbLine
 10
2.2830923228346456
 20
0.7759865354330708
 30
0
 11
2.2830923622047243
 21
0.7759864960629921
 31
0
  0
LINE
  5
52D
330
1A
100
AcDbEntity
  8
BLACK
  6
CONTINUOUS
100
AcDbLine
 10
2.2830923622047243
 20
0.7759864960629921
 30
0
 11
2.28579
 21
0.7719491732283464
 31
0
  0
LINE
  5
52E
330
1A
100
AcDbEntity
  8
BLACK
  6
CONTINUOUS
100
AcDbLine
 10
2.28579
 20
0.7719491732283464
 30
0
 11
2.2859714566929132
 21
0.7716776377952755
 31
0
  0
LINE
  5
52F
330
1A
100
AcDbEntity
  8
BLACK
  6
CONTINUOUS
100
AcDbLine
 10
2.2859714566929132
 20
0.7716776377952755
 30
0
 11
2.2868066929133857
 21
0.7690101968503937
 31
0
  0
LINE
  5
530
330
1A
100
AcDbEntity
  8
BLACK
  6
CONTINUOUS
100
AcDbLine
 10
2.2868066929133857
 20
0.7690101968503937
 30
0
 11
2.2868074803149607
 21
0.7689216535433071
 31
0
  0
LINE
  5
531
330
1A
100
AcDbEntity
  8
BLACK
  6
CONTINUOUS
100
AcDbLine
 10
2.2868074803149607
 20
0.7689216535433071
 30
0
 11
2.2868074803149607
 21
0.7653083070866141
 31
0
  0
LINE
  5
532
330
1A
100
AcDbEntity
  8
BLACK
  6
CONTINUOUS
100
AcDbLine
 10
2.2868074803149607
 20
0.7653083070866141
 30
0
 11
2.2860200000000002
 21
0.7626263779527559
 31
0
  0
LINE
  5
533
330
1A
100
AcDbEntity
  8
BLACK
  6
CONTINUOUS
100
AcDbLine
 10
2.2860200000000002
 20
0.7626263779527559
 30
0
 11
2.285354527559055
 21
0.7618006299212599
 31
0
  0
LINE
  5
534
330
1A
100
AcDbEntity
  8
BLACK
  6
CONTINUOUS
100
AcDbLine
 10
2.285354527559055
 20
0.7618006299212599
 30
0
 11
2.2171403149606297
 21
0.6935864566929134
 31
0
  0
LINE
  5
535
330
1A
100
AcDbEntity
  8
BLACK
  6
CONTINUOUS
100
AcDbLine
 10
2.2171403149606297
 20
0.6935864566929134
 30
0
 11
2.2146870866141732
 21
0.6922468503937008
 31
0
  0
LINE
  5
536
330
1A
100
AcDbEntity
  8
BLACK
  6
CONTINUOUS
100
AcDbLine
 10
2.2146870866141732
 20
0.6922468503937008
 30
0
 11
2.2146004724409449
 21
0.6922288188976378
 31
0
  0
LINE
  5
537
330
1A
100
AcDbEntity
  8
BLACK
  6
CONTINUOUS
100
AcDbLine
 10
2.2146004724409449
 20
0.6922288188976378
 30
0
 11
2.2104586614173227
 21
0.6914049606299213
 31
0
  0
LINE
  5
538
330
1A
100
AcDbEntity
  8
BLACK
  6
CONTINUOUS
100
AcDbLine
 10
2.2104586614173227
 20
0.6914049606299213
 30
0
 11
2.2095176377952757
 21
0.6912177559055118
 31
0
  0
LINE
  5
539
330
1A
100
AcDbEntity
  8
BLACK
  6
CONTINUOUS
100
AcDbLine
 10
2.2095176377952757
 20
0.6912177559055118
 30
0
 11
2.2095175984251969
 21
0.6912177559055118
 31
0
  0
LINE
  5
53A
330
1A
100
AcDbEntity
  8
BLACK
  6
CONTINUOUS
100
AcDbLine
 10
2.2095175984251969
 20
0.6912177559055118
 30
0
 11
2.2095172834645669
 21
0.6912176771653543
 31
0
  0
LINE
  5
53B
330
1A
100
AcDbEntity
  8
BLACK
  6
CONTINUOUS
100
AcDbLine
 10
2.2095172834645669
 20
0.6912176771653543
 30
0
 11
2.2044414566929134
 21
0.6891151574803149
 31
0
  0
LINE
  5
53C
330
1A
100
AcDbEntity
  8
BLACK
  6
CONTINUOUS
100
AcDbLine
 10
2.2044414566929134
 20
0.6891151574803149
 30
0
 11
2.2044412992125983
 21
0.6891150787401574
 31
0
  0
LINE
  5
53D
330
1A
100
AcDbEntity
  8
BLACK
  6
CONTINUOUS
100
AcDbLine
 10
2.2044412992125983
 20
0.6891150787401574
 30
0
 11
2.1998729133858266
 21
0.6860625590551181
 31
0
  0
LINE
  5
53E
330
1A
100
AcDbEntity
  8
BLACK
  6
CONTINUOUS
100
AcDbLine
 10
2.1998729133858266
 20
0.6860625590551181
 30
0
 11
2.1998726377952758
 21
0.6860623622047244
 31
0
  0
LINE
  5
53F
330
1A
100
AcDbEntity
  8
BLACK
  6
CONTINUOUS
100
AcDbLine
 10
2.1998726377952758
 20
0.6860623622047244
 30
0
 11
2.1959875590551179
 21
0.682177283464567
 31
0
  0
LINE
  5
540
330
1A
100
AcDbEntity
  8
BLACK
  6
CONTINUOUS
100
AcDbLine
 10
2.1959875590551179
 20
0.682177283464567
 30
0
 11
2.1959873622047246
 21
0.6821770078740157
 31
0
  0
LINE
  5
541
330
1A
100
AcDbEntity
  8
BLACK
  6
CONTINUOUS
100
AcDbLine
 10
2.1959873622047246
 20
0.6821770078740157
 30
0
 11
2.1929348425196848
 21
0.677608622047244
 31
0
  0
LINE
  5
542
330
1A
100
AcDbEntity
  8
BLACK
  6
CONTINUOUS
100
AcDbLine
 10
2.1929348425196848
 20
0.677608622047244
 30
0
 11
2.1929347637795273
 21
0.6776084645669291
 31
0
  0
LINE
  5
543
330
1A
100
AcDbEntity
  8
BLACK
  6
CONTINUOUS
100
AcDbLine
 10
2.1929347637795273
 20
0.6776084645669291
 30
0
 11
2.1908322440944881
 21
0.6725325984251969
 31
0
  0
LINE
  5
544
330
1A
100
AcDbEntity
  8
BLACK
  6
CONTINUOUS
100
AcDbLine
 10
2.1908322440944881
 20
0.6725325984251969
 30
0
 11
2.1897602362204722
 21
0.6671433858267717
 31
0
  0
LINE
  5
545
330
1A
100
AcDbEntity
  8
BLACK
  6
CONTINUOUS
100
AcDbLine
 10
2.1897602362204722
 20
0.6671433858267717
 30
0
 11
2.1897602362204722
 21
0.6671432677165354
 31
0
  0
LINE
  5
546
330
1A
100
AcDbEntity
  8
BLACK
  6
CONTINUOUS
100
AcDbLine
 10
2.1897602362204722
 20
0.6671432677165354
 30
0
 11
2.1897602362204722
 21
0.6616487007874016
 31
0
  0
LINE
  5
547
330
1A
100
AcDbEntity
  8
BLACK
  6
CONTINUOUS
100
AcDbLine
 10
2.1897602362204722
 20
0.6616487007874016
 30
0
 11
2.1908321653543306
 21
0.65625968503937
 31
0
  0
LINE
  5
548
330
1A
100
AcDbEntity
  8
BLACK
  6
CONTINUOUS
100
AcDbLine
 10
2.1908321653543306
 20
0.65625968503937
 30
0
 11
2.1908322047244093
 21
0.6562596062992125
 31
0
  0
LINE
  5
549
330
1A
100
AcDbEntity
  8
BLACK
  6
CONTINUOUS
100
AcDbLine
 10
2.1908322047244093
 20
0.6562596062992125
 30
0
 11
2.1908322440944881
 21
0.6562594094488189
 31
0
  0
LINE
  5
54A
330
1A
100
AcDbEntity
  8
BLACK
  6
CONTINUOUS
100
AcDbLine
 10
2.1908322440944881
 20
0.6562594094488189
 30
0
 11
2.1929347637795273
 21
0.6511835433070866
 31
0
  0
LINE
  5
54B
330
1A
100
AcDbEntity
  8
BLACK
  6
CONTINUOUS
100
AcDbLine
 10
2.1929347637795273
 20
0.6511835433070866
 30
0
 11
2.1929348425196848
 21
0.6511833858267716
 31
0
  0
LINE
  5
54C
330
1A
100
AcDbEntity
  8
BLACK
  6
CONTINUOUS
100
AcDbLine
 10
2.1929348425196848
 20
0.6511833858267716
 30
0
 11
2.1929348818897636
 21
0.6511833464566928
 31
0
  0
LINE
  5
54D
330
1A
100
AcDbEntity
  8
BLACK
  6
CONTINUOUS
100
AcDbLine
 10
2.1929348818897636
 20
0.6511833464566928
 30
0
 11
2.1959874803149604
 21
0.6466148031496063
 31
0
  0
LINE
  5
54E
330
1A
100
AcDbEntity
  8
BLACK
  6
CONTINUOUS
100
AcDbLine
 10
2.1959874803149604
 20
0.6466148031496063
 30
0
 11
2.1998727559055116
 21
0.6427295275590551
 31
0
  0
LINE
  5
54F
330
1A
100
AcDbEntity
  8
BLACK
  6
CONTINUOUS
100
AcDbLine
 10
2.1998727559055116
 20
0.6427295275590551
 30
0
 11
2.1998728740157478
 21
0.6427294488188976
 31
0
  0
LINE
  5
550
330
1A
100
AcDbEntity
  8
BLACK
  6
CONTINUOUS
100
AcDbLine
 10
2.1998728740157478
 20
0.6427294488188976
 30
0
 11
2.2000059842519684
 21
0.6426201968503937
 31
0
  0
LINE
  5
551
330
1A
100
AcDbEntity
  8
BLACK
  6
CONTINUOUS
100
AcDbLine
 10
2.2000059842519684
 20
0.6426201968503937
 30
0
 11
2.2015794488188978
 21
0.6403099606299213
 31
0
  0
LINE
  5
552
330
1A
100
AcDbEntity
  8
BLACK
  6
CONTINUOUS
100
AcDbLine
 10
2.2015794488188978
 20
0.6403099606299213
 30
0
 11
2.2016540944881888
 21
0.6375158267716535
 31
0
  0
LINE
  5
553
330
1A
100
AcDbEntity
  8
BLACK
  6
CONTINUOUS
100
AcDbLine
 10
2.2016540944881888
 20
0.6375158267716535
 30
0
 11
2.2002062992125984
 21
0.6351248818897638
 31
0
  0
LINE
  5
554
330
1A
100
AcDbEntity
  8
BLACK
  6
CONTINUOUS
100
AcDbLine
 10
2.2002062992125984
 20
0.6351248818897638
 30
0
 11
2.1976956692913387
 21
0.633896220472441
 31
0
  0
LINE
  5
555
330
1A
100
AcDbEntity
  8
BLACK
  6
CONTINUOUS
100
AcDbLine
 10
2.1976956692913387
 20
0.633896220472441
 30
0
 11
2.1968587795275591
 21
0.6338251181102362
 31
0
  0
LINE
  5
556
330
1A
100
AcDbEntity
  8
BLACK
  6
CONTINUOUS
100
AcDbLine
 10
2.1968587795275591
 20
0.6338251181102362
 30
0
 11
2.1891125590551179
 21
0.6338251181102362
 31
0
  0
LINE
  5
557
330
1A
100
AcDbEntity
  8
BLACK
  6
CONTINUOUS
100
AcDbLine
 10
2.1891125590551179
 20
0.6338251181102362
 30
0
 11
2.1864306299212597
 21
0.6346125984251968
 31
0
  0
LINE
  5
558
330
1A
100
AcDbEntity
  8
BLACK
  6
CONTINUOUS
100
AcDbLine
 10
2.1864306299212597
 20
0.6346125984251968
 30
0
 11
2.1863566141732282
 21
0.6346611417322835
 31
0
  0
LINE
  5
559
330
1A
100
AcDbEntity
  8
BLACK
  6
CONTINUOUS
100
AcDbLine
 10
2.1863566141732282
 20
0.6346611417322835
 30
0
 11
2.1820478346456693
 21
0.6375401574803149
 31
0
  0
LINE
  5
55A
330
1A
100
AcDbEntity
  8
BLACK
  6
CONTINUOUS
100
AcDbLine
 10
2.1820478346456693
 20
0.6375401574803149
 30
0
 11
2.1820474803149605
 21
0.6375403543307087
 31
0
  0
LINE
  5
55B
330
1A
100
AcDbEntity
  8
BLACK
  6
CONTINUOUS
100
AcDbLine
 10
2.1820474803149605
 20
0.6375403543307087
 30
0
 11
2.1769716141732283
 21
0.639642874015748
 31
0
  0
LINE
  5
55C
330
1A
100
AcDbEntity
  8
BLACK
  6
CONTINUOUS
100
AcDbLine
 10
2.1769716141732283
 20
0.639642874015748
 30
0
 11
2.1769714173228345
 21
0.6396429133858268
 31
0
  0
LINE
  5
55D
330
1A
100
AcDbEntity
  8
BLACK
  6
CONTINUOUS
100
AcDbLine
 10
2.1769714173228345
 20
0.6396429133858268
 30
0
 11
2.176971338582677
 21
0.6396429527559055
 31
0
  0
LINE
  5
55E
330
1A
100
AcDbEntity
  8
BLACK
  6
CONTINUOUS
100
AcDbLine
 10
2.176971338582677
 20
0.6396429527559055
 30
0
 11
2.1736180314960629
 21
0.6403099606299213
 31
0
  0
LINE
  5
55F
330
1A
100
AcDbEntity
  8
BLACK
  6
CONTINUOUS
100
AcDbLine
 10
2.1736180314960629
 20
0.6403099606299213
 30
0
 11
2.1715824015748031
 21
0.6407148818897638
 31
0
  0
LINE
  5
560
330
1A
100
AcDbEntity
  8
BLACK
  6
CONTINUOUS
100
AcDbLine
 10
2.1715824015748031
 20
0.6407148818897638
 30
0
 11
2.1715823228346456
 21
0.6407148818897638
 31
0
  0
LINE
  5
561
330
1A
100
AcDbEntity
  8
BLACK
  6
CONTINUOUS
100
AcDbLine
 10
2.1715823228346456
 20
0.6407148818897638
 30
0
 11
2.1660877559055116
 21
0.6407148818897638
 31
0
  0
LINE
  5
562
330
1A
100
AcDbEntity
  8
BLACK
  6
CONTINUOUS
100
AcDbLine
 10
2.1660877559055116
 20
0.6407148818897638
 30
0
 11
2.1660876377952754
 21
0.6407148818897638
 31
0
  0
LINE
  5
563
330
1A
100
AcDbEntity
  8
BLACK
  6
CONTINUOUS
100
AcDbLine
 10
2.1660876377952754
 20
0.6407148818897638
 30
0
 11
2.1628891338582679
 21
0.6400786614173228
 31
0
  0
LINE
  5
564
330
1A
100
AcDbEntity
  8
BLACK
  6
CONTINUOUS
100
AcDbLine
 10
2.1628891338582679
 20
0.6400786614173228
 30
0
 11
2.1606987401574802
 21
0.6396429527559055
 31
0
  0
LINE
  5
565
330
1A
100
AcDbEntity
  8
BLACK
  6
CONTINUOUS
100
AcDbLine
 10
2.1606987401574802
 20
0.6396429527559055
 30
0
 11
2.1606986614173227
 21
0.6396429527559055
 31
0
  0
LINE
  5
566
330
1A
100
AcDbEntity
  8
BLACK
  6
CONTINUOUS
100
AcDbLine
 10
2.1606986614173227
 20
0.6396429527559055
 30
0
 11
2.1606984251968502
 21
0.639642874015748
 31
0
  0
LINE
  5
567
330
1A
100
AcDbEntity
  8
BLACK
  6
CONTINUOUS
100
AcDbLine
 10
2.1606984251968502
 20
0.639642874015748
 30
0
 11
2.1556225590551179
 21
0.6375403543307087
 31
0
  0
LINE
  5
568
330
1A
100
AcDbEntity
  8
BLACK
  6
CONTINUOUS
100
AcDbLine
 10
2.1556225590551179
 20
0.6375403543307087
 30
0
 11
2.1556224015748029
 21
0.6375402755905512
 31
0
  0
LINE
  5
569
330
1A
100
AcDbEntity
  8
BLACK
  6
CONTINUOUS
100
AcDbLine
 10
2.1556224015748029
 20
0.6375402755905512
 30
0
 11
2.1510540157480316
 21
0.6344877559055118
 31
0
  0
LINE
  5
56A
330
1A
100
AcDbEntity
  8
BLACK
  6
CONTINUOUS
100
AcDbLine
 10
2.1510540157480316
 20
0.6344877559055118
 30
0
 11
2.1510539370078741
 21
0.634487716535433
 31
0
  0
LINE
  5
56B
330
1A
100
AcDbEntity
  8
BLACK
  6
CONTINUOUS
100
AcDbLine
 10
2.1510539370078741
 20
0.634487716535433
 30
0
 11
2.1479072440944882
 21
0.6313410236220472
 31
0
  0
LINE
  5
56C
330
1A
100
AcDbEntity
  8
BLACK
  6
CONTINUOUS
100
AcDbLine
 10
2.1479072440944882
 20
0.6313410236220472
 30
0
 11
2.1454539763779525
 21
0.6300014566929134
 31
0
  0
LINE
  5
56D
330
1A
100
AcDbEntity
  8
BLACK
  6
CONTINUOUS
100
AcDbLine
 10
2.1454539763779525
 20
0.6300014566929134
 30
0
 11
2.1443995669291338
 21
0.6298881102362205
 31
0
  0
LINE
  5
56E
330
1A
100
AcDbEntity
  8
BLACK
  6
CONTINUOUS
100
AcDbLine
 10
2.1443995669291338
 20
0.6298881102362205
 30
0
 11
2.1143094094488188
 21
0.6298881102362205
 31
0
  0
LINE
  5
56F
330
1A
100
AcDbEntity
  8
BLACK
  6
CONTINUOUS
100
AcDbLine
 10
2.1143094094488188
 20
0.6298881102362205
 30
0
 11
2.1116274803149606
 21
0.6306755905511811
 31
0
  0
LINE
  5
570
330
1A
100
AcDbEntity
  8
BLACK
  6
CONTINUOUS
100
AcDbLine
 10
2.1116274803149606
 20
0.6306755905511811
 30
0
 11
2.1115534645669292
 21
0.6307241338582678
 31
0
  0
LINE
  5
571
330
1A
100
AcDbEntity
  8
BLACK
  6
CONTINUOUS
100
AcDbLine
 10
2.1115534645669292
 20
0.6307241338582678
 30
0
 11
2.1072446850393702
 21
0.6336031496062992
 31
0
  0
LINE
  5
572
330
1A
100
AcDbEntity
  8
BLACK
  6
CONTINUOUS
100
AcDbLine
 10
2.1072446850393702
 20
0.6336031496062992
 30
0
 11
2.1072443307086615
 21
0.6336033464566929
 31
0
  0
LINE
  5
573
330
1A
100
AcDbEntity
  8
BLACK
  6
CONTINUOUS
100
AcDbLine
 10
2.1072443307086615
 20
0.6336033464566929
 30
0
 11
2.1021684645669292
 21
0.6357058661417323
 31
0
  0
LINE
  5
574
330
1A
100
AcDbEntity
  8
BLACK
  6
CONTINUOUS
100
AcDbLine
 10
2.1021684645669292
 20
0.6357058661417323
 30
0
 11
2.1021682677165354
 21
0.6357059055118111
 31
0
  0
LINE
  5
575
330
1A
100
AcDbEntity
  8
BLACK
  6
CONTINUOUS
100
AcDbLine
 10
2.1021682677165354
 20
0.6357059055118111
 30
0
 11
2.1021681889763779
 21
0.6357059448818897
 31
0
  0
LINE
  5
576
330
1A
100
AcDbEntity
  8
BLACK
  6
CONTINUOUS
100
AcDbLine
 10
2.1021681889763779
 20
0.6357059448818897
 30
0
 11
2.0981646850393698
 21
0.6365022834645669
 31
0
  0
LINE
  5
577
330
1A
100
AcDbEntity
  8
BLACK
  6
CONTINUOUS
100
AcDbLine
 10
2.0981646850393698
 20
0.6365022834645669
 30
0
 11
2.096779251968504
 21
0.636777874015748
 31
0
  0
LINE
  5
578
330
1A
100
AcDbEntity
  8
BLACK
  6
CONTINUOUS
100
AcDbLine
 10
2.096779251968504
 20
0.636777874015748
 30
0
 11
2.0967791732283465
 21
0.636777874015748
 31
0
  0
LINE
  5
579
330
1A
100
AcDbEntity
  8
BLACK
  6
CONTINUOUS
100
AcDbLine
 10
2.0967791732283465
 20
0.636777874015748
 30
0
 11
2.0912846062992125
 21
0.636777874015748
 31
0
  0
LINE
  5
57A
330
1A
100
AcDbEntity
  8
BLACK
  6
CONTINUOUS
100
AcDbLine
 10
2.0912846062992125
 20
0.636777874015748
 30
0
 11
2.0912844881889763
 21
0.636777874015748
 31
0
  0
LINE
  5
57B
330
1A
100
AcDbEntity
  8
BLACK
  6
CONTINUOUS
100
AcDbLine
 10
2.0912844881889763
 20
0.636777874015748
 30
0
 11
2.0880859842519683
 21
0.6361416535433071
 31
0
  0
LINE
  5
57C
330
1A
100
AcDbEntity
  8
BLACK
  6
CONTINUOUS
100
AcDbLine
 10
2.0880859842519683
 20
0.6361416535433071
 30
0
 11
2.0858955905511811
 21
0.6357059448818897
 31
0
  0
LINE
  5
57D
330
1A
100
AcDbEntity
  8
BLACK
  6
CONTINUOUS
100
AcDbLine
 10
2.0858955905511811
 20
0.6357059448818897
 30
0
 11
2.0858955118110236
 21
0.6357059448818897
 31
0
  0
LINE
  5
57E
330
1A
100
AcDbEntity
  8
BLACK
  6
CONTINUOUS
100
AcDbLine
 10
2.0858955118110236
 20
0.6357059448818897
 30
0
 11
2.0858952755905511
 21
0.6357058661417323
 31
0
  0
LINE
  5
57F
330
1A
100
AcDbEntity
  8
BLACK
  6
CONTINUOUS
100
AcDbLine
 10
2.0858952755905511
 20
0.6357058661417323
 30
0
 11
2.0808194094488188
 21
0.6336033464566929
 31
0
  0
LINE
  5
580
330
1A
100
AcDbEntity
  8
BLACK
  6
CONTINUOUS
100
AcDbLine
 10
2.0808194094488188
 20
0.6336033464566929
 30
0
 11
2.0808192519685038
 21
0.6336032677165354
 31
0
  0
LINE
  5
581
330
1A
100
AcDbEntity
  8
BLACK
  6
CONTINUOUS
100
AcDbLine
 10
2.0808192519685038
 20
0.6336032677165354
 30
0
 11
2.076250866141732
 21
0.630550748031496
 31
0
  0
LINE
  5
582
330
1A
100
AcDbEntity
  8
BLACK
  6
CONTINUOUS
100
AcDbLine
 10
2.076250866141732
 20
0.630550748031496
 30
0
 11
2.0762505905511812
 21
0.6305505511811024
 31
0
  0
LINE
  5
583
330
1A
100
AcDbEntity
  8
BLACK
  6
CONTINUOUS
100
AcDbLine
 10
2.0762505905511812
 20
0.6305505511811024
 30
0
 11
2.0723655118110234
 21
0.6266654724409448
 31
0
  0
LINE
  5
584
330
1A
100
AcDbEntity
  8
BLACK
  6
CONTINUOUS
100
AcDbLine
 10
2.0723655118110234
 20
0.6266654724409448
 30
0
 11
2.07236531496063
 21
0.6266651968503937
 31
0
  0
LINE
  5
585
330
1A
100
AcDbEntity
  8
BLACK
  6
CONTINUOUS
100
AcDbLine
 10
2.07236531496063
 20
0.6266651968503937
 30
0
 11
2.0693127952755903
 21
0.622096811023622
 31
0
  0
LINE
  5
586
330
1A
100
AcDbEntity
  8
BLACK
  6
CONTINUOUS
100
AcDbLine
 10
2.0693127952755903
 20
0.622096811023622
 30
0
 11
2.0693127165354328
 21
0.6220966535433071
 31
0
  0
LINE
  5
587
330
1A
100
AcDbEntity
  8
BLACK
  6
CONTINUOUS
100
AcDbLine
 10
2.0693127165354328
 20
0.6220966535433071
 30
0
 11
2.0672101968503935
 21
0.6170207874015748
 31
0
  0
LINE
  5
588
330
1A
100
AcDbEntity
  8
BLACK
  6
CONTINUOUS
100
AcDbLine
 10
2.0672101968503935
 20
0.6170207874015748
 30
0
 11
2.0661381889763777
 21
0.6116315748031496
 31
0
  0
LINE
  5
589
330
1A
100
AcDbEntity
  8
BLACK
  6
CONTINUOUS
100
AcDbLine
 10
2.0661381889763777
 20
0.6116315748031496
 30
0
 11
2.0661381889763777
 21
0.6116314566929134
 31
0
  0
LINE
  5
58A
330
1A
100
AcDbEntity
  8
BLACK
  6
CONTINUOUS
100
AcDbLine
 10
2.0661381889763777
 20
0.6116314566929134
 30
0
 11
2.0661381889763777
 21
0.6061368897637796
 31
0
  0
LINE
  5
58B
330
1A
100
AcDbEntity
  8
BLACK
  6
CONTINUOUS
100
AcDbLine
 10
2.0661381889763777
 20
0.6061368897637796
 30
0
 11
2.067210118110236
 21
0.600747874015748
 31
0
  0
LINE
  5
58C
330
1A
100
AcDbEntity
  8
BLACK
  6
CONTINUOUS
100
AcDbLine
 10
2.067210118110236
 20
0.600747874015748
 30
0
 11
2.0672101574803148
 21
0.6007477952755905
 31
0
  0
LINE
  5
58D
330
1A
100
AcDbEntity
  8
BLACK
  6
CONTINUOUS
100
AcDbLine
 10
2.0672101574803148
 20
0.6007477952755905
 30
0
 11
2.0672101968503935
 21
0.6007475984251969
 31
0
  0
LINE
  5
58E
330
1A
100
AcDbEntity
  8
BLACK
  6
CONTINUOUS
100
AcDbLine
 10
2.0672101968503935
 20
0.6007475984251969
 30
0
 11
2.0693127165354328
 21
0.5956717322834646
 31
0
  0
LINE
  5
58F
330
1A
100
AcDbEntity
  8
BLACK
  6
CONTINUOUS
100
AcDbLine
 10
2.0693127165354328
 20
0.5956717322834646
 30
0
 11
2.0693127952755903
 21
0.5956715748031496
 31
0
  0
LINE
  5
590
330
1A
100
AcDbEntity
  8
BLACK
  6
CONTINUOUS
100
AcDbLine
 10
2.0693127952755903
 20
0.5956715748031496
 30
0
 11
2.0693128346456691
 21
0.5956715354330708
 31
0
  0
LINE
  5
591
330
1A
100
AcDbEntity
  8
BLACK
  6
CONTINUOUS
100
AcDbLine
 10
2.0693128346456691
 20
0.5956715354330708
 30
0
 11
2.0723654330708663
 21
0.5911029921259843
 31
0
  0
LINE
  5
592
330
1A
100
AcDbEntity
  8
BLACK
  6
CONTINUOUS
100
AcDbLine
 10
2.0723654330708663
 20
0.5911029921259843
 30
0
 11
2.0762507086614175
 21
0.5872177165354331
 31
0
  0
LINE
  5
593
330
1A
100
AcDbEntity
  8
BLACK
  6
CONTINUOUS
100
AcDbLine
 10
2.0762507086614175
 20
0.5872177165354331
 30
0
 11
2.0780739370078738
 21
0.5859994881889764
 31
0
  0
LINE
  5
594
330
1A
100
AcDbEntity
  8
BLACK
  6
CONTINUOUS
100
AcDbLine
 10
2.0780739370078738
 20
0.5859994881889764
 30
0
 11
2.0808192519685038
 21
0.5841651181102362
 31
0
  0
LINE
  5
595
330
1A
100
AcDbEntity
  8
BLACK
  6
CONTINUOUS
100
AcDbLine
 10
2.0808192519685038
 20
0.5841651181102362
 30
0
 11
2.0808194094488188
 21
0.5841650393700787
 31
0
  0
LINE
  5
596
330
1A
100
AcDbEntity
  8
BLACK
  6
CONTINUOUS
100
AcDbLine
 10
2.0808194094488188
 20
0.5841650393700787
 30
0
 11
2.0858952755905511
 21
0.5820625196850393
 31
0
  0
LINE
  5
597
330
1A
100
AcDbEntity
  8
BLACK
  6
CONTINUOUS
100
AcDbLine
 10
2.0858952755905511
 20
0.5820625196850393
 30
0
 11
2.0858953149606299
 21
0.5820625196850393
 31
0
  0
LINE
  5
598
330
1A
100
AcDbEntity
  8
BLACK
  6
CONTINUOUS
100
AcDbLine
 10
2.0858953149606299
 20
0.5820625196850393
 30
0
 11
2.0858955905511811
 21
0.5820624015748032
 31
0
  0
LINE
  5
599
330
1A
100
AcDbEntity
  8
BLACK
  6
CONTINUOUS
100
AcDbLine
 10
2.0858955905511811
 20
0.5820624015748032
 30
0
 11
2.0912846062992125
 21
0.5809904724409448
 31
0
  0
LINE
  5
59A
330
1A
100
AcDbEntity
  8
BLACK
  6
CONTINUOUS
100
AcDbLine
 10
2.0912846062992125
 20
0.5809904724409448
 30
0
 11
2.0912846456692913
 21
0.5809904724409448
 31
0
  0
LINE
  5
59B
330
1A
100
AcDbEntity
  8
BLACK
  6
CONTINUOUS
100
AcDbLine
 10
2.0912846456692913
 20
0.5809904724409448
 30
0
 11
2.0967791338582678
 21
0.5809904724409448
 31
0
  0
LINE
  5
59C
330
1A
100
AcDbEntity
  8
BLACK
  6
CONTINUOUS
100
AcDbLine
 10
2.0967791338582678
 20
0.5809904724409448
 30
0
 11
2.0967791732283465
 21
0.5809904724409448
 31
0
  0
LINE
  5
59D
330
1A
100
AcDbEntity
  8
BLACK
  6
CONTINUOUS
100
AcDbLine
 10
2.0967791732283465
 20
0.5809904724409448
 30
0
 11
2.1021681889763779
 21
0.5820624015748032
 31
0
  0
LINE
  5
59E
330
1A
100
AcDbEntity
  8
BLACK
  6
CONTINUOUS
100
AcDbLine
 10
2.1021681889763779
 20
0.5820624015748032
 30
0
 11
2.1072445275590552
 21
0.5841651181102362
 31
0
  0
LINE
  5
59F
330
1A
100
AcDbEntity
  8
BLACK
  6
CONTINUOUS
100
AcDbLine
 10
2.1072445275590552
 20
0.5841651181102362
 30
0
 11
2.1083855511811023
 21
0.5849275196850393
 31
0
  0
LINE
  5
5A0
330
1A
100
AcDbEntity
  8
BLACK
  6
CONTINUOUS
100
AcDbLine
 10
2.1083855511811023
 20
0.5849275196850393
 30
0
 11
2.1115534645669292
 21
0.5870442125984252
 31
0
  0
LINE
  5
5A1
330
1A
100
AcDbEntity
  8
BLACK
  6
CONTINUOUS
100
AcDbLine
 10
2.1115534645669292
 20
0.5870442125984252
 30
0
 11
2.1142208661417321
 21
0.5878794488188976
 31
0
  0
LINE
  5
5A2
330
1A
100
AcDbEntity
  8
BLACK
  6
CONTINUOUS
100
AcDbLine
 10
2.1142208661417321
 20
0.5878794488188976
 30
0
 11
2.1143094094488188
 21
0.5878802362204725
 31
0
  0
LINE
  5
5A3
330
1A
100
AcDbEntity
  8
BLACK
  6
CONTINUOUS
100
AcDbLine
 10
2.1143094094488188
 20
0.5878802362204725
 30
0
 11
2.1551712598425197
 21
0.5878802362204725
 31
0
  0
LINE
  5
5A4
330
1A
100
AcDbEntity
  8
BLACK
  6
CONTINUOUS
100
AcDbLine
 10
2.1551712598425197
 20
0.5878802362204725
 30
0
 11
2.1570696062992125
 21
0.5875026377952756
 31
0
  0
LINE
  5
5A5
330
1A
100
AcDbEntity
  8
BLACK
  6
CONTINUOUS
100
AcDbLine
 10
2.1570696062992125
 20
0.5875026377952756
 30
0
 11
2.1606985039370077
 21
0.5859994881889764
 31
0
  0
LINE
  5
5A6
330
1A
100
AcDbEntity
  8
BLACK
  6
CONTINUOUS
100
AcDbLine
 10
2.1606985039370077
 20
0.5859994881889764
 30
0
 11
2.1606985826771652
 21
0.5859994881889764
 31
0
  0
LINE
  5
5A7
330
1A
100
AcDbEntity
  8
BLACK
  6
CONTINUOUS
100
AcDbLine
 10
2.1606985826771652
 20
0.5859994881889764
 30
0
 11
2.1606987401574802
 21
0.5859994094488189
 31
0
  0
LINE
  5
5A8
330
1A
100
AcDbEntity
  8
BLACK
  6
CONTINUOUS
100
AcDbLine
 10
2.1606987401574802
 20
0.5859994094488189
 30
0
 11
2.1660877559055116
 21
0.5849274803149607
 31
0
  0
LINE
  5
5A9
330
1A
100
AcDbEntity
  8
BLACK
  6
CONTINUOUS
100
AcDbLine
 10
2.1660877559055116
 20
0.5849274803149607
 30
0
 11
2.1660877952755904
 21
0.5849274803149607
 31
0
  0
LINE
  5
5AA
330
1A
100
AcDbEntity
  8
BLACK
  6
CONTINUOUS
100
AcDbLine
 10
2.1660877952755904
 20
0.5849274803149607
 30
0
 11
2.1715822834645668
 21
0.5849274803149607
 31
0
  0
LINE
  5
5AB
330
1A
100
AcDbEntity
  8
BLACK
  6
CONTINUOUS
100
AcDbLine
 10
2.1715822834645668
 20
0.5849274803149607
 30
0
 11
2.1715823228346456
 21
0.5849274803149607
 31
0
  0
LINE
  5
5AC
330
1A
100
AcDbEntity
  8
BLACK
  6
CONTINUOUS
100
AcDbLine
 10
2.1715823228346456
 20
0.5849274803149607
 30
0
 11
2.176971338582677
 21
0.5859994094488189
 31
0
  0
LINE
  5
5AD
330
1A
100
AcDbEntity
  8
BLACK
  6
CONTINUOUS
100
AcDbLine
 10
2.176971338582677
 20
0.5859994094488189
 30
0
 11
2.1820476771653543
 21
0.5881021259842519
 31
0
  0
LINE
  5
5AE
330
1A
100
AcDbEntity
  8
BLACK
  6
CONTINUOUS
100
AcDbLine
 10
2.1820476771653543
 20
0.5881021259842519
 30
0
 11
2.1830816929133858
 21
0.5887930708661417
 31
0
  0
LINE
  5
5AF
330
1A
100
AcDbEntity
  8
BLACK
  6
CONTINUOUS
100
AcDbLine
 10
2.1830816929133858
 20
0.5887930708661417
 30
0
 11
2.1863566141732282
 21
0.5909812204724409
 31
0
  0
LINE
  5
5B0
330
1A
100
AcDbEntity
  8
BLACK
  6
CONTINUOUS
100
AcDbLine
 10
2.1863566141732282
 20
0.5909812204724409
 30
0
 11
2.1890240157480316
 21
0.5918164566929134
 31
0
  0
LINE
  5
5B1
330
1A
100
AcDbEntity
  8
BLACK
  6
CONTINUOUS
100
AcDbLine
 10
2.1890240157480316
 20
0.5918164566929134
 30
0
 11
2.1891125590551179
 21
0.5918172440944882
 31
0
  0
LINE
  5
5B2
330
1A
100
AcDbEntity
  8
BLACK
  6
CONTINUOUS
100
AcDbLine
 10
2.1891125590551179
 20
0.5918172440944882
 30
0
 11
2.235479094488189
 21
0.5918172440944882
 31
0
  0
LINE
  5
5B3
330
1A
100
AcDbEntity
  8
BLACK
  6
CONTINUOUS
100
AcDbLine
 10
2.235479094488189
 20
0.5918172440944882
 30
0
 11
2.2381610236220473
 21
0.5910297637795275
 31
0
  0
LINE
  5
5B4
330
1A
100
AcDbEntity
  8
BLACK
  6
CONTINUOUS
100
AcDbLine
 10
2.2381610236220473
 20
0.5910297637795275
 30
0
 11
2.2389867716535434
 21
0.5903642913385827
 31
0
  0
LINE
  5
5B5
330
1A
100
AcDbEntity
  8
BLACK
  6
CONTINUOUS
100
AcDbLine
 10
2.2389867716535434
 20
0.5903642913385827
 30
0
 11
2.3850362992125982
 21
0.4443147637795276
 31
0
  0
LINE
  5
5B6
330
1A
100
AcDbEntity
  8
BLACK
  6
CONTINUOUS
100
AcDbLine
 10
2.3850362992125982
 20
0.4443147637795276
 30
0
 11
2.386375905511811
 21
0.4418615354330708
 31
0
  0
LINE
  5
5B7
330
1A
100
AcDbEntity
  8
BLACK
  6
CONTINUOUS
100
AcDbLine
 10
2.386375905511811
 20
0.4418615354330708
 30
0
 11
2.3861764960629919
 21
0.4390735433070866
 31
0
  0
LINE
  5
5B8
330
1A
100
AcDbEntity
  8
BLACK
  6
CONTINUOUS
100
AcDbLine
 10
2.3861764960629919
 20
0.4390735433070866
 30
0
 11
2.3845014173228347
 21
0.436835905511811
 31
0
  0
LINE
  5
5B9
330
1A
100
AcDbEntity
  8
BLACK
  6
CONTINUOUS
100
AcDbLine
 10
2.3845014173228347
 20
0.436835905511811
 30
0
 11
2.3818825196850395
 21
0.435859094488189
 31
0
  0
LINE
  5
5BA
330
1A
100
AcDbEntity
  8
BLACK
  6
CONTINUOUS
100
AcDbLine
 10
2.3818825196850395
 20
0.435859094488189
 30
0
 11
2.3815286220472442
 21
0.4358464566929134
 31
0
  0
LINE
  5
5BB
330
1A
100
AcDbEntity
  8
BLACK
  6
CONTINUOUS
100
AcDbLine
 10
2.3815286220472442
 20
0.4358464566929134
 30
0
 11
2.3811783070866142
 21
0.4358464566929134
 31
0
  0
LINE
  5
5BC
330
1A
100
AcDbEntity
  8
BLACK
  6
CONTINUOUS
100
AcDbLine
 10
2.3811783070866142
 20
0.4358464566929134
 30
0
 11
2.3801633070866139
 21
0.4357287007874016
 31
0
  0
LINE
  5
5BD
330
1A
100
AcDbEntity
  8
BLACK
  6
CONTINUOUS
100
AcDbLine
 10
2.3801633070866139
 20
0.4357287007874016
 30
0
 11
2.3801631102362206
 21
0.4357286614173228
 31
0
  0
LINE
  5
5BE
330
1A
100
AcDbEntity
  8
BLACK
  6
CONTINUOUS
100
AcDbLine
 10
2.3801631102362206
 20
0.4357286614173228
 30
0
 11
2.3760092125984253
 21
0.4338945275590551
 31
0
  0
LINE
  5
5BF
330
1A
100
AcDbEntity
  8
BLACK
  6
CONTINUOUS
100
AcDbLine
 10
2.3760092125984253
 20
0.4338945275590551
 30
0
 11
2.3760091338582678
 21
0.4338944881889764
 31
0
  0
LINE
  5
5C0
330
1A
100
AcDbEntity
  8
BLACK
  6
CONTINUOUS
100
AcDbLine
 10
2.3760091338582678
 20
0.4338944881889764
 30
0
 11
2.3727984251968501
 21
0.430683779527559
 31
0
  0
LINE
  5
5C1
330
1A
100
AcDbEntity
  8
BLACK
  6
CONTINUOUS
100
AcDbLine
 10
2.3727984251968501
 20
0.430683779527559
 30
0
 11
2.3727983858267714
 21
0.4306837007874016
 31
0
  0
LINE
  5
5C2
330
1A
100
AcDbEntity
  8
BLACK
  6
CONTINUOUS
100
AcDbLine
 10
2.3727983858267714
 20
0.4306837007874016
 30
0
 11
2.3709642519685037
 21
0.4265298031496063
 31
0
  0
LINE
  5
5C3
330
1A
100
AcDbEntity
  8
BLACK
  6
CONTINUOUS
100
AcDbLine
 10
2.3709642519685037
 20
0.4265298031496063
 30
0
 11
2.3709642125984249
 21
0.4265296062992126
 31
0
  0
LINE
  5
5C4
330
1A
100
AcDbEntity
  8
BLACK
  6
CONTINUOUS
100
AcDbLine
 10
2.3709642125984249
 20
0.4265296062992126
 30
0
 11
2.3708464566929135
 21
0.4255146062992126
 31
0
  0
LINE
  5
5C5
330
1A
100
AcDbEntity
  8
BLACK
  6
CONTINUOUS
100
AcDbLine
 10
2.3708464566929135
 20
0.4255146062992126
 30
0
 11
2.3708464566929135
 21
0.3618870078740157
 31
0
  0
LINE
  5
5C6
330
1A
100
AcDbEntity
  8
BLACK
  6
CONTINUOUS
100
AcDbLine
 10
2.3708464566929135
 20
0.3618870078740157
 30
0
 11
2.3709642125984249
 21
0.3608720078740157
 31
0
  0
LINE
  5
5C7
330
1A
100
AcDbEntity
  8
BLACK
  6
CONTINUOUS
100
AcDbLine
 10
2.3709642125984249
 20
0.3608720078740157
 30
0
 11
2.3709642519685037
 21
0.360871811023622
 31
0
  0
LINE
  5
5C8
330
1A
100
AcDbEntity
  8
BLACK
  6
CONTINUOUS
100
AcDbLine
 10
2.3709642519685037
 20
0.360871811023622
 30
0
 11
2.3727983858267714
 21
0.3567179133858268
 31
0
  0
LINE
  5
5C9
330
1A
100
AcDbEntity
  8
BLACK
  6
CONTINUOUS
100
AcDbLine
 10
2.3727983858267714
 20
0.3567179133858268
 30
0
 11
2.3727984251968501
 21
0.3567178346456693
 31
0
  0
LINE
  5
5CA
330
1A
100
AcDbEntity
  8
BLACK
  6
CONTINUOUS
100
AcDbLine
 10
2.3727984251968501
 20
0.3567178346456693
 30
0
 11
2.3760091338582678
 21
0.3535071259842519
 31
0
  0
LINE
  5
5CB
330
1A
100
AcDbEntity
  8
BLACK
  6
CONTINUOUS
100
AcDbLine
 10
2.3760091338582678
 20
0.3535071259842519
 30
0
 11
2.3760092125984253
 21
0.3535070866141732
 31
0
  0
LINE
  5
5CC
330
1A
100
AcDbEntity
  8
BLACK
  6
CONTINUOUS
100
AcDbLine
 10
2.3760092125984253
 20
0.3535070866141732
 30
0
 11
2.3760092519685041
 21
0.3535070472440945
 31
0
  0
LINE
  5
5CD
330
1A
100
AcDbEntity
  8
BLACK
  6
CONTINUOUS
100
AcDbLine
 10
2.3760092519685041
 20
0.3535070472440945
 30
0
 11
2.3801631889763777
 21
0.3516729133858268
 31
0
  0
LINE
  5
5CE
330
1A
100
AcDbEntity
  8
BLACK
  6
CONTINUOUS
100
AcDbLine
 10
2.3801631889763777
 20
0.3516729133858268
 30
0
 11
2.3811784251968504
 21
0.351555157480315
 31
0
  0
LINE
  5
5CF
330
1A
100
AcDbEntity
  8
BLACK
  6
CONTINUOUS
100
AcDbLine
 10
2.3811784251968504
 20
0.351555157480315
 30
0
 11
2.3811785433070867
 21
0.3515551181102362
 31
0
  0
LINE
  5
5D0
330
1A
100
AcDbEntity
  8
BLACK
  6
CONTINUOUS
100
AcDbLine
 10
2.3811785433070867
 20
0.3515551181102362
 30
0
 11
2.3811785826771654
 21
0.3515551181102362
 31
0
  0
LINE
  5
5D1
330
1A
100
AcDbEntity
  8
BLACK
  6
CONTINUOUS
100
AcDbLine
 10
2.3811785826771654
 20
0.3515551181102362
 30
0
 11
2.3889960629921259
 21
0.3515551181102362
 31
0
  0
LINE
  5
5D2
330
1A
100
AcDbEntity
  8
BLACK
  6
CONTINUOUS
100
AcDbLine
 10
2.3889960629921259
 20
0.3515551181102362
 30
0
 11
2.3916779921259841
 21
0.3507676377952756
 31
0
  0
LINE
  5
5D3
330
1A
100
AcDbEntity
  8
BLACK
  6
CONTINUOUS
100
AcDbLine
 10
2.3916779921259841
 20
0.3507676377952756
 30
0
 11
2.3935084251968504
 21
0.3486551968503937
 31
0
  0
LINE
  5
5D4
330
1A
100
AcDbEntity
  8
BLACK
  6
CONTINUOUS
100
AcDbLine
 10
2.3935084251968504
 20
0.3486551968503937
 30
0
 11
2.393956692913386
 21
0.3465944881889764
 31
0
  0
LINE
  5
5D5
330
1A
100
AcDbEntity
  8
BLACK
  6
CONTINUOUS
100
AcDbLine
 10
2.393956692913386
 20
0.3465944881889764
 30
0
 11
2.393956692913386
 21
0.3408070866141732
 31
0
  0
LINE
  5
5D6
330
1A
100
AcDbEntity
  8
BLACK
  6
CONTINUOUS
100
AcDbLine
 10
2.393956692913386
 20
0.3408070866141732
 30
0
 11
2.393169212598425
 21
0.338125157480315
 31
0
  0
LINE
  5
5D7
330
1A
100
AcDbEntity
  8
BLACK
  6
CONTINUOUS
100
AcDbLine
 10
2.393169212598425
 20
0.338125157480315
 30
0
 11
2.3910567716535431
 21
0.3362947244094488
 31
0
  0
LINE
  5
5D8
330
1A
100
AcDbEntity
  8
BLACK
  6
CONTINUOUS
100
AcDbLine
 10
2.3910567716535431
 20
0.3362947244094488
 30
0
 11
2.3889960629921259
 21
0.3358464566929134
 31
0
  0
LINE
  5
5D9
330
1A
100
AcDbEntity
  8
BLACK
  6
CONTINUOUS
100
AcDbLine
 10
2.3889960629921259
 20
0.3358464566929134
 30
0
 11
2.3811783070866142
 21
0.3358464566929134
 31
0
  0
LINE
  5
5DA
330
1A
100
AcDbEntity
  8
BLACK
  6
CONTINUOUS
100
AcDbLine
 10
2.3811783070866142
 20
0.3358464566929134
 30
0
 11
2.3801633070866139
 21
0.3357287007874016
 31
0
  0
LINE
  5
5DB
330
1A
100
AcDbEntity
  8
BLACK
  6
CONTINUOUS
100
AcDbLine
 10
2.3801633070866139
 20
0.3357287007874016
 30
0
 11
2.3801631102362206
 21
0.3357286614173228
 31
0
  0
LINE
  5
5DC
330
1A
100
AcDbEntity
  8
BLACK
  6
CONTINUOUS
100
AcDbLine
 10
2.3801631102362206
 20
0.3357286614173228
 30
0
 11
2.3760092125984253
 21
0.3338945275590551
 31
0
  0
LINE
  5
5DD
330
1A
100
AcDbEntity
  8
BLACK
  6
CONTINUOUS
100
AcDbLine
 10
2.3760092125984253
 20
0.3338945275590551
 30
0
 11
2.3760091338582678
 21
0.3338944881889764
 31
0
  0
LINE
  5
5DE
330
1A
100
AcDbEntity
  8
BLACK
  6
CONTINUOUS
100
AcDbLine
 10
2.3760091338582678
 20
0.3338944881889764
 30
0
 11
2.3727984251968501
 21
0.3306837795275591
 31
0
  0
LINE
  5
5DF
330
1A
100
AcDbEntity
  8
BLACK
  6
CONTINUOUS
100
AcDbLine
 10
2.3727984251968501
 20
0.3306837795275591
 30
0
 11
2.3727983858267714
 21
0.3306837007874016
 31
0
  0
LINE
  5
5E0
330
1A
100
AcDbEntity
  8
BLACK
  6
CONTINUOUS
100
AcDbLine
 10
2.3727983858267714
 20
0.3306837007874016
 30
0
 11
2.3709642519685037
 21
0.3265298031496063
 31
0
  0
LINE
  5
5E1
330
1A
100
AcDbEntity
  8
BLACK
  6
CONTINUOUS
100
AcDbLine
 10
2.3709642519685037
 20
0.3265298031496063
 30
0
 11
2.3709642125984249
 21
0.3265296062992126
 31
0
  0
LINE
  5
5E2
330
1A
100
AcDbEntity
  8
BLACK
  6
CONTINUOUS
100
AcDbLine
 10
2.3709642125984249
 20
0.3265296062992126
 30
0
 11
2.3708464566929135
 21
0.3255146062992126
 31
0
  0
LINE
  5
5E3
330
1A
100
AcDbEntity
  8
BLACK
  6
CONTINUOUS
100
AcDbLine
 10
2.3708464566929135
 20
0.3255146062992126
 30
0
 11
2.3708464566929135
 21
0.2618870078740158
 31
0
  0
LINE
  5
5E4
330
1A
100
AcDbEntity
  8
BLACK
  6
CONTINUOUS
100
AcDbLine
 10
2.3708464566929135
 20
0.2618870078740158
 30
0
 11
2.3709642125984249
 21
0.2608720078740158
 31
0
  0
LINE
  5
5E5
330
1A
100
AcDbEntity
  8
BLACK
  6
CONTINUOUS
100
AcDbLine
 10
2.3709642125984249
 20
0.2608720078740158
 30
0
 11
2.3709642519685037
 21
0.2608718110236221
 31
0
  0
LINE
  5
5E6
330
1A
100
AcDbEntity
  8
BLACK
  6
CONTINUOUS
100
AcDbLine
 10
2.3709642519685037
 20
0.2608718110236221
 30
0
 11
2.3727983858267714
 21
0.2567179133858268
 31
0
  0
LINE
  5
5E7
330
1A
100
AcDbEntity
  8
BLACK
  6
CONTINUOUS
100
AcDbLine
 10
2.3727983858267714
 20
0.2567179133858268
 30
0
 11
2.3727984251968501
 21
0.2567178346456693
 31
0
  0
LINE
  5
5E8
330
1A
100
AcDbEntity
  8
BLACK
  6
CONTINUOUS
100
AcDbLine
 10
2.3727984251968501
 20
0.2567178346456693
 30
0
 11
2.3760091338582678
 21
0.253507125984252
 31
0
  0
LINE
  5
5E9
330
1A
100
AcDbEntity
  8
BLACK
  6
CONTINUOUS
100
AcDbLine
 10
2.3760091338582678
 20
0.253507125984252
 30
0
 11
2.3760092125984253
 21
0.2535070866141732
 31
0
  0
LINE
  5
5EA
330
1A
100
AcDbEntity
  8
BLACK
  6
CONTINUOUS
100
AcDbLine
 10
2.3760092125984253
 20
0.2535070866141732
 30
0
 11
2.3760092519685041
 21
0.2535070472440945
 31
0
  0
LINE
  5
5EB
330
1A
100
AcDbEntity
  8
BLACK
  6
CONTINUOUS
100
AcDbLine
 10
2.3760092519685041
 20
0.2535070472440945
 30
0
 11
2.3801631889763777
 21
0.2516729133858268
 31
0
  0
LINE
  5
5EC
330
1A
100
AcDbEntity
  8
BLACK
  6
CONTINUOUS
100
AcDbLine
 10
2.3801631889763777
 20
0.2516729133858268
 30
0
 11
2.3811784251968504
 21
0.2515551574803149
 31
0
  0
LINE
  5
5ED
330
1A
100
AcDbEntity
  8
BLACK
  6
CONTINUOUS
100
AcDbLine
 10
2.3811784251968504
 20
0.2515551574803149
 30
0
 11
2.3811785433070867
 21
0.2515551181102362
 31
0
  0
LINE
  5
5EE
330
1A
100
AcDbEntity
  8
BLACK
  6
CONTINUOUS
100
AcDbLine
 10
2.3811785433070867
 20
0.2515551181102362
 30
0
 11
2.3811785826771654
 21
0.2515551181102362
 31
0
  0
LINE
  5
5EF
330
1A
100
AcDbEntity
  8
BLACK
  6
CONTINUOUS
100
AcDbLine
 10
2.3811785826771654
 20
0.2515551181102362
 30
0
 11
2.4448057086614172
 21
0.2515551181102362
 31
0
  0
LINE
  5
5F0
330
1A
100
AcDbEntity
  8
BLACK
  6
CONTINUOUS
100
AcDbLine
 10
2.4448057086614172
 20
0.2515551181102362
 30
0
 11
2.444805748031496
 21
0.2515551574803149
 31
0
  0
LINE
  5
5F1
330
1A
100
AcDbEntity
  8
BLACK
  6
CONTINUOUS
100
AcDbLine
 10
2.444805748031496
 20
0.2515551574803149
 30
0
 11
2.4458210629921258
 21
0.2516729133858268
 31
0
  0
LINE
  5
5F2
330
1A
100
AcDbEntity
  8
BLACK
  6
CONTINUOUS
100
AcDbLine
 10
2.4458210629921258
 20
0.2516729133858268
 30
0
 11
2.4499749999999998
 21
0.2535070472440945
 31
0
  0
LINE
  5
5F3
330
1A
100
AcDbEntity
  8
BLACK
  6
CONTINUOUS
100
AcDbLine
 10
2.4499749999999998
 20
0.2535070472440945
 30
0
 11
2.4531858661417321
 21
0.2567179133858268
 31
0
  0
LINE
  5
5F4
330
1A
100
AcDbEntity
  8
BLACK
  6
CONTINUOUS
100
AcDbLine
 10
2.4531858661417321
 20
0.2567179133858268
 30
0
 11
2.4550199999999998
 21
0.2608718503937008
 31
0
  0
LINE
  5
5F5
330
1A
100
AcDbEntity
  8
BLACK
  6
CONTINUOUS
100
AcDbLine
 10
2.4550199999999998
 20
0.2608718503937008
 30
0
 11
2.4551377952755904
 21
0.2618872440944882
 31
0
  0
LINE
  5
5F6
330
1A
100
AcDbEntity
  8
BLACK
  6
CONTINUOUS
100
AcDbLine
 10
2.4551377952755904
 20
0.2618872440944882
 30
0
 11
2.4551377952755904
 21
0.3255143307086614
 31
0
  0
LINE
  5
5F7
330
1A
100
AcDbEntity
  8
BLACK
  6
CONTINUOUS
100
AcDbLine
 10
2.4551377952755904
 20
0.3255143307086614
 30
0
 11
2.4550199999999998
 21
0.3265297244094488
 31
0
  0
LINE
  5
5F8
330
1A
100
AcDbEntity
  8
BLACK
  6
CONTINUOUS
100
AcDbLine
 10
2.4550199999999998
 20
0.3265297244094488
 30
0
 11
2.4531858661417321
 21
0.3306836614173228
 31
0
  0
LINE
  5
5F9
330
1A
100
AcDbEntity
  8
BLACK
  6
CONTINUOUS
100
AcDbLine
 10
2.4531858661417321
 20
0.3306836614173228
 30
0
 11
2.4531858267716533
 21
0.3306837007874016
 31
0
  0
LINE
  5
5FA
330
1A
100
AcDbEntity
  8
BLACK
  6
CONTINUOUS
100
AcDbLine
 10
2.4531858267716533
 20
0.3306837007874016
 30
0
 11
2.4531857874015746
 21
0.3306837795275591
 31
0
  0
LINE
  5
5FB
330
1A
100
AcDbEntity
  8
BLACK
  6
CONTINUOUS
100
AcDbLine
 10
2.4531857874015746
 20
0.3306837795275591
 30
0
 11
2.4499750787401573
 21
0.3338944881889764
 31
0
  0
LINE
  5
5FC
330
1A
100
AcDbEntity
  8
BLACK
  6
CONTINUOUS
100
AcDbLine
 10
2.4499750787401573
 20
0.3338944881889764
 30
0
 11
2.4499749999999998
 21
0.3338945275590551
 31
0
  0
LINE
  5
5FD
330
1A
100
AcDbEntity
  8
BLACK
  6
CONTINUOUS
100
AcDbLine
 10
2.4499749999999998
 20
0.3338945275590551
 30
0
 11
2.4458211023622045
 21
0.3357286614173228
 31
0
  0
LINE
  5
5FE
330
1A
100
AcDbEntity
  8
BLACK
  6
CONTINUOUS
100
AcDbLine
 10
2.4458211023622045
 20
0.3357286614173228
 30
0
 11
2.4458209055118107
 21
0.3357287007874016
 31
0
  0
LINE
  5
5FF
330
1A
100
AcDbEntity
  8
BLACK
  6
CONTINUOUS
100
AcDbLine
 10
2.4458209055118107
 20
0.3357287007874016
 30
0
 11
2.444805905511811
 21
0.3358464566929134
 31
0
  0
LINE
  5
600
330
1A
100
AcDbEntity
  8
BLACK
  6
CONTINUOUS
100
AcDbLine
 10
2.444805905511811
 20
0.3358464566929134
 30
0
 11
2.4448056692913385
 21
0.3358464566929134
 31
0
  0
LINE
  5
601
330
1A
100
AcDbEntity
  8
BLACK
  6
CONTINUOUS
100
AcDbLine
 10
2.4448056692913385
 20
0.3358464566929134
 30
0
 11
2.4409251968503938
 21
0.3358464566929134
 31
0
  0
LINE
  5
602
330
1A
100
AcDbEntity
  8
BLACK
  6
CONTINUOUS
100
AcDbLine
 10
2.4409251968503938
 20
0.3358464566929134
 30
0
 11
2.4382432677165355
 21
0.336633937007874
 31
0
  0
LINE
  5
603
330
1A
100
AcDbEntity
  8
BLACK
  6
CONTINUOUS
100
AcDbLine
 10
2.4382432677165355
 20
0.336633937007874
 30
0
 11
2.4364128346456693
 21
0.3387463779527559
 31
0
  0
LINE
  5
604
330
1A
100
AcDbEntity
  8
BLACK
  6
CONTINUOUS
100
AcDbLine
 10
2.4364128346456693
 20
0.3387463779527559
 30
0
 11
2.4359645669291337
 21
0.3408070866141732
 31
0
  0
LINE
  5
605
330
1A
100
AcDbEntity
  8
BLACK
  6
CONTINUOUS
100
AcDbLine
 10
2.4359645669291337
 20
0.3408070866141732
 30
0
 11
2.4359645669291337
 21
0.3465944881889764
 31
0
  0
LINE
  5
606
330
1A
100
AcDbEntity
  8
BLACK
  6
CONTINUOUS
100
AcDbLine
 10
2.4359645669291337
 20
0.3465944881889764
 30
0
 11
2.4367520472440942
 21
0.3492764173228347
 31
0
  0
LINE
  5
607
330
1A
100
AcDbEntity
  8
BLACK
  6
CONTINUOUS
100
AcDbLine
 10
2.4367520472440942
 20
0.3492764173228347
 30
0
 11
2.4388644881889765
 21
0.3511068503937008
 31
0
  0
LINE
  5
608
330
1A
100
AcDbEntity
  8
BLACK
  6
CONTINUOUS
100
AcDbLine
 10
2.4388644881889765
 20
0.3511068503937008
 30
0
 11
2.4409251968503938
 21
0.3515551181102362
 31
0
  0
LINE
  5
609
330
1A
100
AcDbEntity
  8
BLACK
  6
CONTINUOUS
100
AcDbLine
 10
2.4409251968503938
 20
0.3515551181102362
 30
0
 11
2.4448057086614172
 21
0.3515551181102362
 31
0
  0
LINE
  5
60A
330
1A
100
AcDbEntity
  8
BLACK
  6
CONTINUOUS
100
AcDbLine
 10
2.4448057086614172
 20
0.3515551181102362
 30
0
 11
2.444805748031496
 21
0.351555157480315
 31
0
  0
LINE
  5
60B
330
1A
100
AcDbEntity
  8
BLACK
  6
CONTINUOUS
100
AcDbLine
 10
2.444805748031496
 20
0.351555157480315
 30
0
 11
2.4458210629921258
 21
0.3516729133858268
 31
0
  0
LINE
  5
60C
330
1A
100
AcDbEntity
  8
BLACK
  6
CONTINUOUS
100
AcDbLine
 10
2.4458210629921258
 20
0.3516729133858268
 30
0
 11
2.4499749999999998
 21
0.3535070472440945
 31
0
  0
LINE
  5
60D
330
1A
100
AcDbEntity
  8
BLACK
  6
CONTINUOUS
100
AcDbLine
 10
2.4499749999999998
 20
0.3535070472440945
 30
0
 11
2.4531858661417321
 21
0.3567179133858268
 31
0
  0
LINE
  5
60E
330
1A
100
AcDbEntity
  8
BLACK
  6
CONTINUOUS
100
AcDbLine
 10
2.4531858661417321
 20
0.3567179133858268
 30
0
 11
2.4550199999999998
 21
0.3608718503937008
 31
0
  0
LINE
  5
60F
330
1A
100
AcDbEntity
  8
BLACK
  6
CONTINUOUS
100
AcDbLine
 10
2.4550199999999998
 20
0.3608718503937008
 30
0
 11
2.4551377952755904
 21
0.3618872440944882
 31
0
  0
LINE
  5
610
330
1A
100
AcDbEntity
  8
BLACK
  6
CONTINUOUS
100
AcDbLine
 10
2.4551377952755904
 20
0.3618872440944882
 30
0
 11
2.4551377952755904
 21
0.4255143307086614
 31
0
  0
LINE
  5
611
330
1A
100
AcDbEntity
  8
BLACK
  6
CONTINUOUS
100
AcDbLine
 10
2.4551377952755904
 20
0.4255143307086614
 30
0
 11
2.4550199999999998
 21
0.4265297244094488
 31
0
  0
LINE
  5
612
330
1A
100
AcDbEntity
  8
BLACK
  6
CONTINUOUS
100
AcDbLine
 10
2.4550199999999998
 20
0.4265297244094488
 30
0
 11
2.4531858661417321
 21
0.4306836614173228
 31
0
  0
LINE
  5
613
330
1A
100
AcDbEntity
  8
BLACK
  6
CONTINUOUS
100
AcDbLine
 10
2.4531858661417321
 20
0.4306836614173228
 30
0
 11
2.4531858267716533
 21
0.4306837007874016
 31
0
  0
LINE
  5
614
330
1A
100
AcDbEntity
  8
BLACK
  6
CONTINUOUS
100
AcDbLine
 10
2.4531858267716533
 20
0.4306837007874016
 30
0
 11
2.4531857874015746
 21
0.430683779527559
 31
0
  0
LINE
  5
615
330
1A
100
AcDbEntity
  8
BLACK
  6
CONTINUOUS
100
AcDbLine
 10
2.4531857874015746
 20
0.430683779527559
 30
0
 11
2.4499750787401573
 21
0.4338944881889764
 31
0
  0
LINE
  5
616
330
1A
100
AcDbEntity
  8
BLACK
  6
CONTINUOUS
100
AcDbLine
 10
2.4499750787401573
 20
0.4338944881889764
 30
0
 11
2.4499749999999998
 21
0.4338945275590551
 31
0
  0
LINE
  5
617
330
1A
100
AcDbEntity
  8
BLACK
  6
CONTINUOUS
100
AcDbLine
 10
2.4499749999999998
 20
0.4338945275590551
 30
0
 11
2.4458211023622045
 21
0.4357286614173228
 31
0
  0
LINE
  5
618
330
1A
100
AcDbEntity
  8
BLACK
  6
CONTINUOUS
100
AcDbLine
 10
2.4458211023622045
 20
0.4357286614173228
 30
0
 11
2.4458209055118107
 21
0.4357287007874016
 31
0
  0
LINE
  5
619
330
1A
100
AcDbEntity
  8
BLACK
  6
CONTINUOUS
100
AcDbLine
 10
2.4458209055118107
 20
0.4357287007874016
 30
0
 11
2.444805905511811
 21
0.4358464566929134
 31
0
  0
LINE
  5
61A
330
1A
100
AcDbEntity
  8
BLACK
  6
CONTINUOUS
100
AcDbLine
 10
2.444805905511811
 20
0.4358464566929134
 30
0
 11
2.4448056692913385
 21
0.4358464566929134
 31
0
  0
LINE
  5
61B
330
1A
100
AcDbEntity
  8
BLACK
  6
CONTINUOUS
100
AcDbLine
 10
2.4448056692913385
 20
0.4358464566929134
 30
0
 11
2.4409251968503938
 21
0.4358464566929134
 31
0
  0
LINE
  5
61C
330
1A
100
AcDbEntity
  8
BLACK
  6
CONTINUOUS
100
AcDbLine
 10
2.4409251968503938
 20
0.4358464566929134
 30
0
 11
2.4382432677165355
 21
0.436633937007874
 31
0
  0
LINE
  5
61D
330
1A
100
AcDbEntity
  8
BLACK
  6
CONTINUOUS
100
AcDbLine
 10
2.4382432677165355
 20
0.436633937007874
 30
0
 11
2.4364128346456693
 21
0.4387463779527559
 31
0
  0
LINE
  5
61E
330
1A
100
AcDbEntity
  8
BLACK
  6
CONTINUOUS
100
AcDbLine
 10
2.4364128346456693
 20
0.4387463779527559
 30
0
 11
2.4359645669291337
 21
0.4408070866141732
 31
0
  0
LINE
  5
61F
330
1A
100
AcDbEntity
  8
BLACK
  6
CONTINUOUS
100
AcDbLine
 10
2.4359645669291337
 20
0.4408070866141732
 30
0
 11
2.4359645669291337
 21
0.4409291338582677
 31
0
  0
LINE
  5
620
330
1A
100
AcDbEntity
  8
BLACK
  6
CONTINUOUS
100
AcDbLine
 10
2.4359645669291337
 20
0.4409291338582677
 30
0
 11
2.4359646062992124
 21
0.4409296456692913
 31
0
  0
LINE
  5
621
330
1A
100
AcDbEntity
  8
BLACK
  6
CONTINUOUS
100
AcDbLine
 10
2.4359646062992124
 20
0.4409296456692913
 30
0
 11
2.4359646062992124
 21
0.4468597244094488
 31
0
  0
LINE
  5
622
330
1A
100
AcDbEntity
  8
BLACK
  6
CONTINUOUS
100
AcDbLine
 10
2.4359646062992124
 20
0.4468597244094488
 30
0
 11
2.4359645669291337
 21
0.4468598818897638
 31
0
  0
LINE
  5
623
330
1A
100
AcDbEntity
  8
BLACK
  6
CONTINUOUS
100
AcDbLine
 10
2.4359645669291337
 20
0.4468598818897638
 30
0
 11
2.4345331889763777
 21
0.4522016929133858
 31
0
  0
LINE
  5
624
330
1A
100
AcDbEntity
  8
BLACK
  6
CONTINUOUS
100
AcDbLine
 10
2.4345331889763777
 20
0.4522016929133858
 30
0
 11
2.434533149606299
 21
0.4522018110236221
 31
0
  0
LINE
  5
625
330
1A
100
AcDbEntity
  8
BLACK
  6
CONTINUOUS
100
AcDbLine
 10
2.434533149606299
 20
0.4522018110236221
 30
0
 11
2.4317680708661418
 21
0.4569911023622047
 31
0
  0
LINE
  5
626
330
1A
100
AcDbEntity
  8
BLACK
  6
CONTINUOUS
100
AcDbLine
 10
2.4317680708661418
 20
0.4569911023622047
 30
0
 11
2.4317677559055118
 21
0.4569914960629921
 31
0
  0
LINE
  5
627
330
1A
100
AcDbEntity
  8
BLACK
  6
CONTINUOUS
100
AcDbLine
 10
2.4317677559055118
 20
0.4569914960629921
 30
0
 11
2.4276845669291336
 21
0.46107468503937
 31
0
  0
LINE
  5
628
330
1A
100
AcDbEntity
  8
BLACK
  6
CONTINUOUS
100
AcDbLine
 10
2.4276845669291336
 20
0.46107468503937
 30
0
 11
2.4276836614173227
 21
0.4610755118110236
 31
0
  0
LINE
  5
629
330
1A
100
AcDbEntity
  8
BLACK
  6
CONTINUOUS
100
AcDbLine
 10
2.4276836614173227
 20
0.4610755118110236
 30
0
 11
2.2633242913385825
 21
0.6254348818897638
 31
0
  0
LINE
  5
62A
330
1A
100
AcDbEntity
  8
BLACK
  6
CONTINUOUS
100
AcDbLine
 10
2.2633242913385825
 20
0.6254348818897638
 30
0
 11
2.2633238188976379
 21
0.6254354330708661
 31
0
  0
LINE
  5
62B
330
1A
100
AcDbEntity
  8
BLACK
  6
CONTINUOUS
100
AcDbLine
 10
2.2633238188976379
 20
0.6254354330708661
 30
0
 11
2.2591309055118112
 21
0.6296283464566929
 31
0
  0
LINE
  5
62C
330
1A
100
AcDbEntity
  8
BLACK
  6
CONTINUOUS
100
AcDbLine
 10
2.2591309055118112
 20
0.6296283464566929
 30
0
 11
2.2591305118110236
 21
0.6296286614173228
 31
0
  0
LINE
  5
62D
330
1A
100
AcDbEntity
  8
BLACK
  6
CONTINUOUS
100
AcDbLine
 10
2.2591305118110236
 20
0.6296286614173228
 30
0
 11
2.256735866141732
 21
0.6310111811023622
 31
0
  0
LINE
  5
62E
330
1A
100
AcDbEntity
  8
BLACK
  6
CONTINUOUS
100
AcDbLine
 10
2.256735866141732
 20
0.6310111811023622
 30
0
 11
2.2567358267716533
 21
0.6310111811023622
 31
0
  0
LINE
  5
62F
330
1A
100
AcDbEntity
  8
BLACK
  6
CONTINUOUS
100
AcDbLine
 10
2.2567358267716533
 20
0.6310111811023622
 30
0
 11
2.2543410629921259
 21
0.6323938188976378
 31
0
  0
LINE
  5
630
330
1A
100
AcDbEntity
  8
BLACK
  6
CONTINUOUS
100
AcDbLine
 10
2.2543410629921259
 20
0.6323938188976378
 30
0
 11
2.2489992913385826
 21
0.633825157480315
 31
0
  0
LINE
  5
631
330
1A
100
AcDbEntity
  8
BLACK
  6
CONTINUOUS
100
AcDbLine
 10
2.2489992913385826
 20
0.633825157480315
 30
0
 11
2.2489991732283463
 21
0.633825157480315
 31
0
  0
LINE
  5
632
330
1A
100
AcDbEntity
  8
BLACK
  6
CONTINUOUS
100
AcDbLine
 10
2.2489991732283463
 20
0.633825157480315
 30
0
 11
2.2434687007874015
 21
0.633825157480315
 31
0
  0
LINE
  5
633
330
1A
100
AcDbEntity
  8
BLACK
  6
CONTINUOUS
100
AcDbLine
 10
2.2434687007874015
 20
0.633825157480315
 30
0
 11
2.2431648425196848
 21
0.633825157480315
 31
0
  0
LINE
  5
634
330
1A
100
AcDbEntity
  8
BLACK
  6
CONTINUOUS
100
AcDbLine
 10
2.2431648425196848
 20
0.633825157480315
 30
0
 11
2.2431642125984252
 21
0.6338251181102362
 31
0
  0
LINE
  5
635
330
1A
100
AcDbEntity
  8
BLACK
  6
CONTINUOUS
100
AcDbLine
 10
2.2431642125984252
 20
0.6338251181102362
 30
0
 11
2.238449094488189
 21
0.6338251181102362
 31
0
  0
LINE
  5
636
330
1A
100
AcDbEntity
  8
BLACK
  6
CONTINUOUS
100
AcDbLine
 10
2.238449094488189
 20
0.6338251181102362
 30
0
 11
2.2357671653543307
 21
0.6346125984251968
 31
0
  0
LINE
  5
637
330
1A
100
AcDbEntity
  8
BLACK
  6
CONTINUOUS
100
AcDbLine
 10
2.2357671653543307
 20
0.6346125984251968
 30
0
 11
2.2339367322834645
 21
0.6367250393700787
 31
0
  0
LINE
  5
638
330
1A
100
AcDbEntity
  8
BLACK
  6
CONTINUOUS
100
AcDbLine
 10
2.2339367322834645
 20
0.6367250393700787
 30
0
 11
2.2335389370078738
 21
0.6394917322834646
 31
0
  0
LINE
  5
639
330
1A
100
AcDbEntity
  8
BLACK
  6
CONTINUOUS
100
AcDbLine
 10
2.2335389370078738
 20
0.6394917322834646
 30
0
 11
2.2347001181102364
 21
0.6420342519685039
 31
0
  0
LINE
  5
63A
330
1A
100
AcDbEntity
  8
BLACK
  6
CONTINUOUS
100
AcDbLine
 10
2.2347001181102364
 20
0.6420342519685039
 30
0
 11
2.2353018897637793
 21
0.6426201968503937
 31
0
  0
LINE
  5
63B
330
1A
100
AcDbEntity
  8
BLACK
  6
CONTINUOUS
100
AcDbLine
 10
2.2353018897637793
 20
0.6426201968503937
 30
0
 11
2.2354347637795273
 21
0.6427293307086615
 31
0
  0
LINE
  5
63C
330
1A
100
AcDbEntity
  8
BLACK
  6
CONTINUOUS
100
AcDbLine
 10
2.2354347637795273
 20
0.6427293307086615
 30
0
 11
2.2354351181102361
 21
0.6427295275590551
 31
0
  0
LINE
  5
63D
330
1A
100
AcDbEntity
  8
BLACK
  6
CONTINUOUS
100
AcDbLine
 10
2.2354351181102361
 20
0.6427295275590551
 30
0
 11
2.2393203937007873
 21
0.6466148031496063
 31
0
  0
LINE
  5
63E
330
1A
100
AcDbEntity
  8
BLACK
  6
CONTINUOUS
100
AcDbLine
 10
2.2393203937007873
 20
0.6466148031496063
 30
0
 11
2.2423729921259841
 21
0.6511833464566928
 31
0
  0
LINE
  5
63F
330
1A
100
AcDbEntity
  8
BLACK
  6
CONTINUOUS
100
AcDbLine
 10
2.2423729921259841
 20
0.6511833464566928
 30
0
 11
2.2426416929133857
 21
0.651832125984252
 31
0
  0
LINE
  5
640
330
1A
100
AcDbEntity
  8
BLACK
  6
CONTINUOUS
100
AcDbLine
 10
2.2426416929133857
 20
0.651832125984252
 30
0
 11
2.2444756299212596
 21
0.6562594488188976
 31
0
  0
LINE
  5
641
330
1A
100
AcDbEntity
  8
BLACK
  6
CONTINUOUS
100
AcDbLine
 10
2.2444756299212596
 20
0.6562594488188976
 30
0
 11
2.2444756299212596
 21
0.6562595669291339
 31
0
  0
LINE
  5
642
330
1A
100
AcDbEntity
  8
BLACK
  6
CONTINUOUS
100
AcDbLine
 10
2.2444756299212596
 20
0.6562595669291339
 30
0
 11
2.2444757086614171
 21
0.65625968503937
 31
0
  0
LINE
  5
643
330
1A
100
AcDbEntity
  8
BLACK
  6
CONTINUOUS
100
AcDbLine
 10
2.2444757086614171
 20
0.65625968503937
 30
0
 11
2.2454867322834646
 21
0.6613425590551181
 31
0
  0
LINE
  5
644
330
1A
100
AcDbEntity
  8
BLACK
  6
CONTINUOUS
100
AcDbLine
 10
2.2454867322834646
 20
0.6613425590551181
 30
0
 11
2.246782283464567
 21
0.6638192913385826
 31
0
  0
LINE
  5
645
330
1A
100
AcDbEntity
  8
BLACK
  6
CONTINUOUS
100
AcDbLine
 10
2.246782283464567
 20
0.6638192913385826
 30
0
 11
2.2468420866141732
 21
0.6638801574803149
 31
0
  0
LINE
  5
646
330
1A
100
AcDbEntity
  8
BLACK
  6
CONTINUOUS
100
AcDbLine
 10
2.2468420866141732
 20
0.6638801574803149
 30
0
 11
2.3203516141732283
 21
0.7373897244094488
 31
0
  0
LINE
  5
647
330
1A
100
AcDbEntity
  8
BLACK
  6
CONTINUOUS
100
AcDbLine
 10
2.3203516141732283
 20
0.7373897244094488
 30
0
 11
2.3203522440944879
 21
0.7373901968503936
 31
0
  0
LINE
  5
648
330
1A
100
AcDbEntity
  8
BLACK
  6
CONTINUOUS
100
AcDbLine
 10
2.3203522440944879
 20
0.7373901968503936
 30
0
 11
2.3246185039370078
 21
0.7416564566929134
 31
0
  0
LINE
  5
649
330
1A
100
AcDbEntity
  8
BLACK
  6
CONTINUOUS
100
AcDbLine
 10
2.3246185039370078
 20
0.7416564566929134
 30
0
 11
2.324618779527559
 21
0.7416567322834645
 31
0
  0
LINE
  5
64A
330
1A
100
AcDbEntity
  8
BLACK
  6
CONTINUOUS
100
AcDbLine
 10
2.324618779527559
 20
0.7416567322834645
 30
0
 11
2.3266430314960629
 21
0.7451629133858267
 31
0
  0
LINE
  5
64B
330
1A
100
AcDbEntity
  8
BLACK
  6
CONTINUOUS
100
AcDbLine
 10
2.3266430314960629
 20
0.7451629133858267
 30
0
 11
2.3273839763779529
 21
0.7464462204724409
 31
0
  0
LINE
  5
64C
330
1A
100
AcDbEntity
  8
BLACK
  6
CONTINUOUS
100
AcDbLine
 10
2.3273839763779529
 20
0.7464462204724409
 30
0
 11
2.3288153937007872
 21
0.7517882283464566
 31
0
  0
LINE
  5
64D
330
1A
100
AcDbEntity
  8
BLACK
  6
CONTINUOUS
100
AcDbLine
 10
2.3288153937007872
 20
0.7517882283464566
 30
0
 11
2.3288153937007872
 21
0.7573187007874016
 31
0
  0
LINE
  5
64E
330
1A
100
AcDbEntity
  8
BLACK
  6
CONTINUOUS
100
AcDbLine
 10
2.3288153937007872
 20
0.7573187007874016
 30
0
 11
2.3288153937007872
 21
0.7576225196850394
 31
0
  0
LINE
  5
64F
330
1A
100
AcDbEntity
  8
BLACK
  6
CONTINUOUS
100
AcDbLine
 10
2.3288153937007872
 20
0.7576225196850394
 30
0
 11
2.3288153543307084
 21
0.7576232283464567
 31
0
  0
LINE
  5
650
330
1A
100
AcDbEntity
  8
BLACK
  6
CONTINUOUS
100
AcDbLine
 10
2.3288153543307084
 20
0.7576232283464567
 30
0
 11
2.3288153543307084
 21
0.7617350787401574
 31
0
  0
LINE
  5
651
330
1A
100
AcDbEntity
  8
BLACK
  6
CONTINUOUS
100
AcDbLine
 10
2.3288153543307084
 20
0.7617350787401574
 30
0
 11
2.3288153543307084
 21
0.7689216535433071
 31
0
  0
LINE
  5
652
330
1A
100
AcDbEntity
  8
BLACK
  6
CONTINUOUS
100
AcDbLine
 10
2.3288153543307084
 20
0.7689216535433071
 30
0
 11
2.3296028346456694
 21
0.7716035826771653
 31
0
  0
LINE
  5
653
330
1A
100
AcDbEntity
  8
BLACK
  6
CONTINUOUS
100
AcDbLine
 10
2.3296028346456694
 20
0.7716035826771653
 30
0
 11
2.3296513779527559
 21
0.7716776377952755
 31
0
  0
LINE
  5
654
330
1A
100
AcDbEntity
  8
BLACK
  6
CONTINUOUS
100
AcDbLine
 10
2.3296513779527559
 20
0.7716776377952755
 30
0
 11
2.3298327952755904
 21
0.7719491338582677
 31
0
  0
LINE
  5
655
330
1A
100
AcDbEntity
  8
BLACK
  6
CONTINUOUS
100
AcDbLine
 10
2.3298327952755904
 20
0.7719491338582677
 30
0
 11
2.3325304724409448
 21
0.7759864960629921
 31
0
  0
LINE
  5
656
330
1A
100
AcDbEntity
  8
BLACK
  6
CONTINUOUS
100
AcDbLine
 10
2.3325304724409448
 20
0.7759864960629921
 30
0
 11
2.3346331889763778
 21
0.7810628346456693
 31
0
  0
LINE
  5
657
330
1A
100
AcDbEntity
  8
BLACK
  6
CONTINUOUS
100
AcDbLine
 10
2.3346331889763778
 20
0.7810628346456693
 30
0
 11
2.3357051181102362
 21
0.7864518503937008
 31
0
  0
LINE
  5
658
330
1A
100
AcDbEntity
  8
BLACK
  6
CONTINUOUS
100
AcDbLine
 10
2.3357051181102362
 20
0.7864518503937008
 30
0
 11
2.3357051181102362
 21
0.7919464173228347
 31
0
  0
LINE
  5
659
330
1A
100
AcDbEntity
  8
BLACK
  6
CONTINUOUS
100
AcDbLine
 10
2.3357051181102362
 20
0.7919464173228347
 30
0
 11
2.3346331889763778
 21
0.7973354330708661
 31
0
  0
LINE
  5
65A
330
1A
100
AcDbEntity
  8
BLACK
  6
CONTINUOUS
100
AcDbLine
 10
2.3346331889763778
 20
0.7973354330708661
 30
0
 11
2.3343133070866142
 21
0.798107716535433
 31
0
  0
LINE
  5
65B
330
1A
100
AcDbEntity
  8
BLACK
  6
CONTINUOUS
100
AcDbLine
 10
2.3343133070866142
 20
0.798107716535433
 30
0
 11
2.3325305511811023
 21
0.8024116141732284
 31
0
  0
LINE
  5
65C
330
1A
100
AcDbEntity
  8
BLACK
  6
CONTINUOUS
100
AcDbLine
 10
2.3325305511811023
 20
0.8024116141732284
 30
0
 11
2.3325304724409448
 21
0.8024117716535433
 31
0
  0
LINE
  5
65D
330
1A
100
AcDbEntity
  8
BLACK
  6
CONTINUOUS
100
AcDbLine
 10
2.3325304724409448
 20
0.8024117716535433
 30
0
 11
2.3313389370078741
 21
0.8041950393700787
 31
0
  0
LINE
  5
65E
330
1A
100
AcDbEntity
  8
BLACK
  6
CONTINUOUS
100
AcDbLine
 10
2.3313389370078741
 20
0.8041950393700787
 30
0
 11
2.329477874015748
 21
0.8069803149606299
 31
0
  0
LINE
  5
65F
330
1A
100
AcDbEntity
  8
BLACK
  6
CONTINUOUS
100
AcDbLine
 10
2.329477874015748
 20
0.8069803149606299
 30
0
 11
2.3255925984251968
 21
0.8108655905511811
 31
0
  0
LINE
  5
660
330
1A
100
AcDbEntity
  8
BLACK
  6
CONTINUOUS
100
AcDbLine
 10
2.3255925984251968
 20
0.8108655905511811
 30
0
 11
2.3210240551181101
 21
0.8139181889763779
 31
0
  0
LINE
  5
661
330
1A
100
AcDbEntity
  8
BLACK
  6
CONTINUOUS
100
AcDbLine
 10
2.3210240551181101
 20
0.8139181889763779
 30
0
 11
2.3210240944881888
 21
0.8139181889763779
 31
0
  0
LINE
  5
662
330
1A
100
AcDbEntity
  8
BLACK
  6
CONTINUOUS
100
AcDbLine
 10
2.3210240944881888
 20
0.8139181889763779
 30
0
 11
2.3210240157480313
 21
0.8139182283464567
 31
0
  0
LINE
  5
663
330
1A
100
AcDbEntity
  8
BLACK
  6
CONTINUOUS
100
AcDbLine
 10
2.3210240157480313
 20
0.8139182283464567
 30
0
 11
2.3210238582677163
 21
0.8139183070866142
 31
0
  0
LINE
  5
664
330
1A
100
AcDbEntity
  8
BLACK
  6
CONTINUOUS
100
AcDbLine
 10
2.3210238582677163
 20
0.8139183070866142
 30
0
 11
2.315947992125984
 21
0.8160208267716536
 31
0
  0
LINE
  5
665
330
1A
100
AcDbEntity
  8
BLACK
  6
CONTINUOUS
100
AcDbLine
 10
2.315947992125984
 20
0.8160208267716536
 30
0
 11
2.3159477952755907
 21
0.8160208661417323
 31
0
  0
LINE
  5
666
330
1A
100
AcDbEntity
  8
BLACK
  6
CONTINUOUS
100
AcDbLine
 10
2.3159477952755907
 20
0.8160208661417323
 30
0
 11
2.3159477165354332
 21
0.8160209055118111
 31
0
  0
LINE
  5
667
330
1A
100
AcDbEntity
  8
BLACK
  6
CONTINUOUS
100
AcDbLine
 10
2.3159477165354332
 20
0.8160209055118111
 30
0
 11
2.3126910629921258
 21
0.8166687007874015
 31
0
  0
LINE
  5
668
330
1A
100
AcDbEntity
  8
BLACK
  6
CONTINUOUS
100
AcDbLine
 10
2.3126910629921258
 20
0.8166687007874015
 30
0
 11
2.3105587795275588
 21
0.8170928346456693
 31
0
  0
LINE
  5
669
330
1A
100
AcDbEntity
  8
BLACK
  6
CONTINUOUS
100
AcDbLine
 10
2.3105587795275588
 20
0.8170928346456693
 30
0
 11
2.3105587007874013
 21
0.8170928346456693
 31
0
  0
LINE
  5
66A
330
1A
100
AcDbEntity
  8
BLACK
  6
CONTINUOUS
100
AcDbLine
 10
2.3105587007874013
 20
0.8170928346456693
 30
0
 11
2.3050641338582678
 21
0.8170928346456693
 31
0
  0
LINE
  5
66B
330
1A
100
AcDbEntity
  8
BLACK
  6
CONTINUOUS
100
AcDbLine
 10
2.3050641338582678
 20
0.8170928346456693
 30
0
 11
2.3050640157480315
 21
0.8170928346456693
 31
0
  0
LINE
  5
66C
330
1A
100
AcDbEntity
  8
BLACK
  6
CONTINUOUS
100
AcDbLine
 10
2.3050640157480315
 20
0.8170928346456693
 30
0
 11
2.3018655118110236
 21
0.8164566141732283
 31
0
  0
LINE
  5
66D
330
1A
100
AcDbEntity
  8
BLACK
  6
CONTINUOUS
100
AcDbLine
 10
0.3621850393700787
 20
0.6740917322834645
 30
0
 11
0.3623027952755906
 21
0.6730767322834645
 31
0
  0
LINE
  5
66E
330
1A
100
AcDbEntity
  8
BLACK
  6
CONTINUOUS
100
AcDbLine
 10
0.3623027952755906
 20
0.6730767322834645
 30
0
 11
0.3623028346456693
 21
0.6730765354330709
 31
0
  0
LINE
  5
66F
330
1A
100
AcDbEntity
  8
BLACK
  6
CONTINUOUS
100
AcDbLine
 10
0.3623028346456693
 20
0.6730765354330709
 30
0
 11
0.364136968503937
 21
0.6689226377952756
 31
0
  0
LINE
  5
670
330
1A
100
AcDbEntity
  8
BLACK
  6
CONTINUOUS
100
AcDbLine
 10
0.364136968503937
 20
0.6689226377952756
 30
0
 11
0.3641370078740158
 21
0.6689225590551181
 31
0
  0
LINE
  5
671
330
1A
100
AcDbEntity
  8
BLACK
  6
CONTINUOUS
100
AcDbLine
 10
0.3641370078740158
 20
0.6689225590551181
 30
0
 11
0.3673477165354331
 21
0.6657118503937007
 31
0
  0
LINE
  5
672
330
1A
100
AcDbEntity
  8
BLACK
  6
CONTINUOUS
100
AcDbLine
 10
0.3673477165354331
 20
0.6657118503937007
 30
0
 11
0.3673477952755905
 21
0.665711811023622
 31
0
  0
LINE
  5
673
330
1A
100
AcDbEntity
  8
BLACK
  6
CONTINUOUS
100
AcDbLine
 10
0.3673477952755905
 20
0.665711811023622
 30
0
 11
0.3673478346456693
 21
0.6657117716535433
 31
0
  0
LINE
  5
674
330
1A
100
AcDbEntity
  8
BLACK
  6
CONTINUOUS
100
AcDbLine
 10
0.3673478346456693
 20
0.6657117716535433
 30
0
 11
0.3715017716535433
 21
0.6638776377952755
 31
0
  0
LINE
  5
675
330
1A
100
AcDbEntity
  8
BLACK
  6
CONTINUOUS
100
AcDbLine
 10
0.3715017716535433
 20
0.6638776377952755
 30
0
 11
0.3725170078740158
 21
0.6637598818897638
 31
0
  0
LINE
  5
676
330
1A
100
AcDbEntity
  8
BLACK
  6
CONTINUOUS
100
AcDbLine
 10
0.3725170078740158
 20
0.6637598818897638
 30
0
 11
0.372517125984252
 21
0.663759842519685
 31
0
  0
LINE
  5
677
330
1A
100
AcDbEntity
  8
BLACK
  6
CONTINUOUS
100
AcDbLine
 10
0.372517125984252
 20
0.663759842519685
 30
0
 11
0.3725171653543307
 21
0.663759842519685
 31
0
  0
LINE
  5
678
330
1A
100
AcDbEntity
  8
BLACK
  6
CONTINUOUS
100
AcDbLine
 10
0.3725171653543307
 20
0.663759842519685
 30
0
 11
0.4361442913385827
 21
0.663759842519685
 31
0
  0
LINE
  5
679
330
1A
100
AcDbEntity
  8
BLACK
  6
CONTINUOUS
100
AcDbLine
 10
0.4361442913385827
 20
0.663759842519685
 30
0
 11
0.4361443307086614
 21
0.6637598818897638
 31
0
  0
LINE
  5
67A
330
1A
100
AcDbEntity
  8
BLACK
  6
CONTINUOUS
100
AcDbLine
 10
0.4361443307086614
 20
0.6637598818897638
 30
0
 11
0.4371596456692913
 21
0.6638776377952755
 31
0
  0
LINE
  5
67B
330
1A
100
AcDbEntity
  8
BLACK
  6
CONTINUOUS
100
AcDbLine
 10
0.4371596456692913
 20
0.6638776377952755
 30
0
 11
0.4413135826771654
 21
0.6657117716535433
 31
0
  0
LINE
  5
67C
330
1A
100
AcDbEntity
  8
BLACK
  6
CONTINUOUS
100
AcDbLine
 10
0.4413135826771654
 20
0.6657117716535433
 30
0
 11
0.4445244488188976
 21
0.6689226377952756
 31
0
  0
LINE
  5
67D
330
1A
100
AcDbEntity
  8
BLACK
  6
CONTINUOUS
100
AcDbLine
 10
0.4445244488188976
 20
0.6689226377952756
 30
0
 11
0.4463585826771653
 21
0.6730765748031496
 31
0
  0
LINE
  5
67E
330
1A
100
AcDbEntity
  8
BLACK
  6
CONTINUOUS
100
AcDbLine
 10
0.4463585826771653
 20
0.6730765748031496
 30
0
 11
0.4464763779527559
 21
0.674091968503937
 31
0
  0
LINE
  5
67F
330
1A
100
AcDbEntity
  8
BLACK
  6
CONTINUOUS
100
AcDbLine
 10
0.4464763779527559
 20
0.674091968503937
 30
0
 11
0.4464763779527559
 21
0.7377190551181102
 31
0
  0
LINE
  5
680
330
1A
100
AcDbEntity
  8
BLACK
  6
CONTINUOUS
100
AcDbLine
 10
0.4464763779527559
 20
0.7377190551181102
 30
0
 11
0.4464763385826772
 21
0.7377193307086614
 31
0
  0
LINE
  5
681
330
1A
100
AcDbEntity
  8
BLACK
  6
CONTINUOUS
100
AcDbLine
 10
0.4464763385826772
 20
0.7377193307086614
 30
0
 11
0.4463585826771653
 21
0.7387344488188976
 31
0
  0
LINE
  5
682
330
1A
100
AcDbEntity
  8
BLACK
  6
CONTINUOUS
100
AcDbLine
 10
0.4463585826771653
 20
0.7387344488188976
 30
0
 11
0.4445244488188976
 21
0.7428883858267716
 31
0
  0
LINE
  5
683
330
1A
100
AcDbEntity
  8
BLACK
  6
CONTINUOUS
100
AcDbLine
 10
0.4445244488188976
 20
0.7428883858267716
 30
0
 11
0.4445244094488189
 21
0.7428884251968504
 31
0
  0
LINE
  5
684
330
1A
100
AcDbEntity
  8
BLACK
  6
CONTINUOUS
100
AcDbLine
 10
0.4445244094488189
 20
0.7428884251968504
 30
0
 11
0.4445243700787401
 21
0.7428885039370079
 31
0
  0
LINE
  5
685
330
1A
100
AcDbEntity
  8
BLACK
  6
CONTINUOUS
100
AcDbLine
 10
0.4445243700787401
 20
0.7428885039370079
 30
0
 11
0.4413136614173228
 21
0.7460992125984252
 31
0
  0
LINE
  5
686
330
1A
100
AcDbEntity
  8
BLACK
  6
CONTINUOUS
100
AcDbLine
 10
0.4413136614173228
 20
0.7460992125984252
 30
0
 11
0.4413135826771654
 21
0.7460992519685039
 31
0
  0
LINE
  5
687
330
1A
100
AcDbEntity
  8
BLACK
  6
CONTINUOUS
100
AcDbLine
 10
0.4413135826771654
 20
0.7460992519685039
 30
0
 11
0.4371596850393701
 21
0.7479333858267716
 31
0
  0
LINE
  5
688
330
1A
100
AcDbEntity
  8
BLACK
  6
CONTINUOUS
100
AcDbLine
 10
0.4371596850393701
 20
0.7479333858267716
 30
0
 11
0.4371594881889764
 21
0.7479334251968504
 31
0
  0
LINE
  5
689
330
1A
100
AcDbEntity
  8
BLACK
  6
CONTINUOUS
100
AcDbLine
 10
0.4371594881889764
 20
0.7479334251968504
 30
0
 11
0.4361444881889764
 21
0.7480511811023622
 31
0
  0
LINE
  5
68A
330
1A
100
AcDbEntity
  8
BLACK
  6
CONTINUOUS
100
AcDbLine
 10
0.4361444881889764
 20
0.7480511811023622
 30
0
 11
0.4361442519685039
 21
0.7480511811023622
 31
0
  0
LINE
  5
68B
330
1A
100
AcDbEntity
  8
BLACK
  6
CONTINUOUS
100
AcDbLine
 10
0.4361442519685039
 20
0.7480511811023622
 30
0
 11
0.3725171653543307
 21
0.7480511811023622
 31
0
  0
LINE
  5
68C
330
1A
100
AcDbEntity
  8
BLACK
  6
CONTINUOUS
100
AcDbLine
 10
0.3725171653543307
 20
0.7480511811023622
 30
0
 11
0.3725168897637795
 21
0.7480511811023622
 31
0
  0
LINE
  5
68D
330
1A
100
AcDbEntity
  8
BLACK
  6
CONTINUOUS
100
AcDbLine
 10
0.3725168897637795
 20
0.7480511811023622
 30
0
 11
0.3715018897637795
 21
0.7479334251968504
 31
0
  0
LINE
  5
68E
330
1A
100
AcDbEntity
  8
BLACK
  6
CONTINUOUS
100
AcDbLine
 10
0.3715018897637795
 20
0.7479334251968504
 30
0
 11
0.3715016929133858
 21
0.7479333858267716
 31
0
  0
LINE
  5
68F
330
1A
100
AcDbEntity
  8
BLACK
  6
CONTINUOUS
100
AcDbLine
 10
0.3715016929133858
 20
0.7479333858267716
 30
0
 11
0.3673477952755905
 21
0.7460992519685039
 31
0
  0
LINE
  5
690
330
1A
100
AcDbEntity
  8
BLACK
  6
CONTINUOUS
100
AcDbLine
 10
0.3673477952755905
 20
0.7460992519685039
 30
0
 11
0.3673477165354331
 21
0.7460992125984252
 31
0
  0
LINE
  5
691
330
1A
100
AcDbEntity
  8
BLACK
  6
CONTINUOUS
100
AcDbLine
 10
0.3673477165354331
 20
0.7460992125984252
 30
0
 11
0.3641370078740158
 21
0.7428885039370079
 31
0
  0
LINE
  5
692
330
1A
100
AcDbEntity
  8
BLACK
  6
CONTINUOUS
100
AcDbLine
 10
0.3641370078740158
 20
0.7428885039370079
 30
0
 11
0.364136968503937
 21
0.7428884251968504
 31
0
  0
LINE
  5
693
330
1A
100
AcDbEntity
  8
BLACK
  6
CONTINUOUS
100
AcDbLine
 10
0.364136968503937
 20
0.7428884251968504
 30
0
 11
0.3623028346456693
 21
0.7387345275590551
 31
0
  0
LINE
  5
694
330
1A
100
AcDbEntity
  8
BLACK
  6
CONTINUOUS
100
AcDbLine
 10
0.3623028346456693
 20
0.7387345275590551
 30
0
 11
0.3623027952755906
 21
0.7387343307086613
 31
0
  0
LINE
  5
695
330
1A
100
AcDbEntity
  8
BLACK
  6
CONTINUOUS
100
AcDbLine
 10
0.3623027952755906
 20
0.7387343307086613
 30
0
 11
0.3621850393700787
 21
0.7377193307086614
 31
0
  0
LINE
  5
696
330
1A
100
AcDbEntity
  8
BLACK
  6
CONTINUOUS
100
AcDbLine
 10
0.3621850393700787
 20
0.7377193307086614
 30
0
 11
0.3621850393700787
 21
0.6740917322834645
 31
0
  0
LINE
  5
697
330
1A
100
AcDbEntity
  8
BLACK
  6
CONTINUOUS
100
AcDbLine
 10
0.4621850393700787
 20
0.6740917322834645
 30
0
 11
0.4623027952755905
 21
0.6730767322834645
 31
0
  0
LINE
  5
698
330
1A
100
AcDbEntity
  8
BLACK
  6
CONTINUOUS
100
AcDbLine
 10
0.4623027952755905
 20
0.6730767322834645
 30
0
 11
0.4623028346456693
 21
0.6730765354330709
 31
0
  0
LINE
  5
699
330
1A
100
AcDbEntity
  8
BLACK
  6
CONTINUOUS
100
AcDbLine
 10
0.4623028346456693
 20
0.6730765354330709
 30
0
 11
0.464136968503937
 21
0.6689226377952756
 31
0
  0
LINE
  5
69A
330
1A
100
AcDbEntity
  8
BLACK
  6
CONTINUOUS
100
AcDbLine
 10
0.464136968503937
 20
0.6689226377952756
 30
0
 11
0.4641370078740157
 21
0.6689225590551181
 31
0
  0
LINE
  5
69B
330
1A
100
AcDbEntity
  8
BLACK
  6
CONTINUOUS
100
AcDbLine
 10
0.4641370078740157
 20
0.6689225590551181
 30
0
 11
0.4673477165354331
 21
0.6657118503937007
 31
0
  0
LINE
  5
69C
330
1A
100
AcDbEntity
  8
BLACK
  6
CONTINUOUS
100
AcDbLine
 10
0.4673477165354331
 20
0.6657118503937007
 30
0
 11
0.4673477952755906
 21
0.665711811023622
 31
0
  0
LINE
  5
69D
330
1A
100
AcDbEntity
  8
BLACK
  6
CONTINUOUS
100
AcDbLine
 10
0.4673477952755906
 20
0.665711811023622
 30
0
 11
0.4673478346456693
 21
0.6657117716535433
 31
0
  0
LINE
  5
69E
330
1A
100
AcDbEntity
  8
BLACK
  6
CONTINUOUS
100
AcDbLine
 10
0.4673478346456693
 20
0.6657117716535433
 30
0
 11
0.4715017716535433
 21
0.6638776377952755
 31
0
  0
LINE
  5
69F
330
1A
100
AcDbEntity
  8
BLACK
  6
CONTINUOUS
100
AcDbLine
 10
0.4715017716535433
 20
0.6638776377952755
 30
0
 11
0.4725170078740157
 21
0.6637598818897638
 31
0
  0
LINE
  5
6A0
330
1A
100
AcDbEntity
  8
BLACK
  6
CONTINUOUS
100
AcDbLine
 10
0.4725170078740157
 20
0.6637598818897638
 30
0
 11
0.4725171259842519
 21
0.663759842519685
 31
0
  0
LINE
  5
6A1
330
1A
100
AcDbEntity
  8
BLACK
  6
CONTINUOUS
100
AcDbLine
 10
0.4725171259842519
 20
0.663759842519685
 30
0
 11
0.4725171653543307
 21
0.663759842519685
 31
0
  0
LINE
  5
6A2
330
1A
100
AcDbEntity
  8
BLACK
  6
CONTINUOUS
100
AcDbLine
 10
0.4725171653543307
 20
0.663759842519685
 30
0
 11
0.5361442913385827
 21
0.663759842519685
 31
0
  0
LINE
  5
6A3
330
1A
100
AcDbEntity
  8
BLACK
  6
CONTINUOUS
100
AcDbLine
 10
0.5361442913385827
 20
0.663759842519685
 30
0
 11
0.5361443307086614
 21
0.6637598818897638
 31
0
  0
LINE
  5
6A4
330
1A
100
AcDbEntity
  8
BLACK
  6
CONTINUOUS
100
AcDbLine
 10
0.5361443307086614
 20
0.6637598818897638
 30
0
 11
0.5371596456692913
 21
0.6638776377952755
 31
0
  0
LINE
  5
6A5
330
1A
100
AcDbEntity
  8
BLACK
  6
CONTINUOUS
100
AcDbLine
 10
0.5371596456692913
 20
0.6638776377952755
 30
0
 11
0.5413135826771653
 21
0.6657117716535433
 31
0
  0
LINE
  5
6A6
330
1A
100
AcDbEntity
  8
BLACK
  6
CONTINUOUS
100
AcDbLine
 10
0.5413135826771653
 20
0.6657117716535433
 30
0
 11
0.5445244488188976
 21
0.6689226377952756
 31
0
  0
LINE
  5
6A7
330
1A
100
AcDbEntity
  8
BLACK
  6
CONTINUOUS
100
AcDbLine
 10
0.5445244488188976
 20
0.6689226377952756
 30
0
 11
0.5463585826771653
 21
0.6730765748031496
 31
0
  0
LINE
  5
6A8
330
1A
100
AcDbEntity
  8
BLACK
  6
CONTINUOUS
100
AcDbLine
 10
0.5463585826771653
 20
0.6730765748031496
 30
0
 11
0.5464763779527559
 21
0.674091968503937
 31
0
  0
LINE
  5
6A9
330
1A
100
AcDbEntity
  8
BLACK
  6
CONTINUOUS
100
AcDbLine
 10
0.5464763779527559
 20
0.674091968503937
 30
0
 11
0.5464763779527559
 21
0.7338005511811023
 31
0
  0
LINE
  5
6AA
330
1A
100
AcDbEntity
  8
BLACK
  6
CONTINUOUS
100
AcDbLine
 10
0.5464763779527559
 20
0.7338005511811023
 30
0
 11
0.5464763779527559
 21
0.7377190551181102
 31
0
  0
LINE
  5
6AB
330
1A
100
AcDbEntity
  8
BLACK
  6
CONTINUOUS
100
AcDbLine
 10
0.5464763779527559
 20
0.7377190551181102
 30
0
 11
0.5463585826771653
 21
0.7387344488188976
 31
0
  0
LINE
  5
6AC
330
1A
100
AcDbEntity
  8
BLACK
  6
CONTINUOUS
100
AcDbLine
 10
0.5463585826771653
 20
0.7387344488188976
 30
0
 11
0.5445244488188976
 21
0.7428883858267716
 31
0
  0
LINE
  5
6AD
330
1A
100
AcDbEntity
  8
BLACK
  6
CONTINUOUS
100
AcDbLine
 10
0.5445244488188976
 20
0.7428883858267716
 30
0
 11
0.5445244094488189
 21
0.7428884251968504
 31
0
  0
LINE
  5
6AE
330
1A
100
AcDbEntity
  8
BLACK
  6
CONTINUOUS
100
AcDbLine
 10
0.5445244094488189
 20
0.7428884251968504
 30
0
 11
0.5445243700787401
 21
0.7428885039370079
 31
0
  0
LINE
  5
6AF
330
1A
100
AcDbEntity
  8
BLACK
  6
CONTINUOUS
100
AcDbLine
 10
0.5445243700787401
 20
0.7428885039370079
 30
0
 11
0.5413136614173228
 21
0.7460992125984252
 31
0
  0
LINE
  5
6B0
330
1A
100
AcDbEntity
  8
BLACK
  6
CONTINUOUS
100
AcDbLine
 10
0.5413136614173228
 20
0.7460992125984252
 30
0
 11
0.5413135826771653
 21
0.7460992519685039
 31
0
  0
LINE
  5
6B1
330
1A
100
AcDbEntity
  8
BLACK
  6
CONTINUOUS
100
AcDbLine
 10
0.5413135826771653
 20
0.7460992519685039
 30
0
 11
0.5371596850393701
 21
0.7479333858267716
 31
0
  0
LINE
  5
6B2
330
1A
100
AcDbEntity
  8
BLACK
  6
CONTINUOUS
100
AcDbLine
 10
0.5371596850393701
 20
0.7479333858267716
 30
0
 11
0.5371594881889764
 21
0.7479334251968504
 31
0
  0
LINE
  5
6B3
330
1A
100
AcDbEntity
  8
BLACK
  6
CONTINUOUS
100
AcDbLine
 10
0.5371594881889764
 20
0.7479334251968504
 30
0
 11
0.5361444881889764
 21
0.7480511811023622
 31
0
  0
LINE
  5
6B4
330
1A
100
AcDbEntity
  8
BLACK
  6
CONTINUOUS
100
AcDbLine
 10
0.5361444881889764
 20
0.7480511811023622
 30
0
 11
0.5361442519685039
 21
0.7480511811023622
 31
0
  0
LINE
  5
6B5
330
1A
100
AcDbEntity
  8
BLACK
  6
CONTINUOUS
100
AcDbLine
 10
0.5361442519685039
 20
0.7480511811023622
 30
0
 11
0.4725171653543307
 21
0.7480511811023622
 31
0
  0
LINE
  5
6B6
330
1A
100
AcDbEntity
  8
BLACK
  6
CONTINUOUS
100
AcDbLine
 10
0.4725171653543307
 20
0.7480511811023622
 30
0
 11
0.4725168897637795
 21
0.7480511811023622
 31
0
  0
LINE
  5
6B7
330
1A
100
AcDbEntity
  8
BLACK
  6
CONTINUOUS
100
AcDbLine
 10
0.4725168897637795
 20
0.7480511811023622
 30
0
 11
0.4715018897637795
 21
0.7479334251968504
 31
0
  0
LINE
  5
6B8
330
1A
100
AcDbEntity
  8
BLACK
  6
CONTINUOUS
100
AcDbLine
 10
0.4715018897637795
 20
0.7479334251968504
 30
0
 11
0.4715016929133858
 21
0.7479333858267716
 31
0
  0
LINE
  5
6B9
330
1A
100
AcDbEntity
  8
BLACK
  6
CONTINUOUS
100
AcDbLine
 10
0.4715016929133858
 20
0.7479333858267716
 30
0
 11
0.4673477952755906
 21
0.7460992519685039
 31
0
  0
LINE
  5
6BA
330
1A
100
AcDbEntity
  8
BLACK
  6
CONTINUOUS
100
AcDbLine
 10
0.4673477952755906
 20
0.7460992519685039
 30
0
 11
0.4673477165354331
 21
0.7460992125984252
 31
0
  0
LINE
  5
6BB
330
1A
100
AcDbEntity
  8
BLACK
  6
CONTINUOUS
100
AcDbLine
 10
0.4673477165354331
 20
0.7460992125984252
 30
0
 11
0.4641370078740157
 21
0.7428885039370079
 31
0
  0
LINE
  5
6BC
330
1A
100
AcDbEntity
  8
BLACK
  6
CONTINUOUS
100
AcDbLine
 10
0.4641370078740157
 20
0.7428885039370079
 30
0
 11
0.464136968503937
 21
0.7428884251968504
 31
0
  0
LINE
  5
6BD
330
1A
100
AcDbEntity
  8
BLACK
  6
CONTINUOUS
100
AcDbLine
 10
0.464136968503937
 20
0.7428884251968504
 30
0
 11
0.4623028346456693
 21
0.7387345275590551
 31
0
  0
LINE
  5
6BE
330
1A
100
AcDbEntity
  8
BLACK
  6
CONTINUOUS
100
AcDbLine
 10
0.4623028346456693
 20
0.7387345275590551
 30
0
 11
0.4623027952755905
 21
0.7387343307086613
 31
0
  0
LINE
  5
6BF
330
1A
100
AcDbEntity
  8
BLACK
  6
CONTINUOUS
100
AcDbLine
 10
0.4623027952755905
 20
0.7387343307086613
 30
0
 11
0.4621850393700787
 21
0.7377193307086614
 31
0
  0
LINE
  5
6C0
330
1A
100
AcDbEntity
  8
BLACK
  6
CONTINUOUS
100
AcDbLine
 10
0.4621850393700787
 20
0.7377193307086614
 30
0
 11
0.4621850393700787
 21
0.6740917322834645
 31
0
  0
LINE
  5
6C1
330
1A
100
AcDbEntity
  8
BLACK
  6
CONTINUOUS
100
AcDbLine
 10
2.6507677165354329
 20
0.6981074803149606
 30
0
 11
2.6508854724409447
 21
0.6970924803149606
 31
0
  0
LINE
  5
6C2
330
1A
100
AcDbEntity
  8
BLACK
  6
CONTINUOUS
100
AcDbLine
 10
2.6508854724409447
 20
0.6970924803149606
 30
0
 11
2.6508855118110235
 21
0.6970922834645669
 31
0
  0
LINE
  5
6C3
330
1A
100
AcDbEntity
  8
BLACK
  6
CONTINUOUS
100
AcDbLine
 10
2.6508855118110235
 20
0.6970922834645669
 30
0
 11
2.6527196456692912
 21
0.6929383858267716
 31
0
  0
LINE
  5
6C4
330
1A
100
AcDbEntity
  8
BLACK
  6
CONTINUOUS
100
AcDbLine
 10
2.6527196456692912
 20
0.6929383858267716
 30
0
 11
2.6527196850393699
 21
0.6929383070866142
 31
0
  0
LINE
  5
6C5
330
1A
100
AcDbEntity
  8
BLACK
  6
CONTINUOUS
100
AcDbLine
 10
2.6527196850393699
 20
0.6929383070866142
 30
0
 11
2.6559303937007872
 21
0.6897275984251968
 31
0
  0
LINE
  5
6C6
330
1A
100
AcDbEntity
  8
BLACK
  6
CONTINUOUS
100
AcDbLine
 10
2.6559303937007872
 20
0.6897275984251968
 30
0
 11
2.6559304724409447
 21
0.6897275590551181
 31
0
  0
LINE
  5
6C7
330
1A
100
AcDbEntity
  8
BLACK
  6
CONTINUOUS
100
AcDbLine
 10
2.6559304724409447
 20
0.6897275590551181
 30
0
 11
2.6559305118110235
 21
0.6897275196850393
 31
0
  0
LINE
  5
6C8
330
1A
100
AcDbEntity
  8
BLACK
  6
CONTINUOUS
100
AcDbLine
 10
2.6559305118110235
 20
0.6897275196850393
 30
0
 11
2.6600844488188975
 21
0.6878933858267716
 31
0
  0
LINE
  5
6C9
330
1A
100
AcDbEntity
  8
BLACK
  6
CONTINUOUS
100
AcDbLine
 10
2.6600844488188975
 20
0.6878933858267716
 30
0
 11
2.6610996850393702
 21
0.6877756299212598
 31
0
  0
LINE
  5
6CA
330
1A
100
AcDbEntity
  8
BLACK
  6
CONTINUOUS
100
AcDbLine
 10
2.6610996850393702
 20
0.6877756299212598
 30
0
 11
2.661099803149606
 21
0.6877755905511811
 31
0
  0
LINE
  5
6CB
330
1A
100
AcDbEntity
  8
BLACK
  6
CONTINUOUS
100
AcDbLine
 10
2.661099803149606
 20
0.6877755905511811
 30
0
 11
2.6610998425196848
 21
0.6877755905511811
 31
0
  0
LINE
  5
6CC
330
1A
100
AcDbEntity
  8
BLACK
  6
CONTINUOUS
100
AcDbLine
 10
2.6610998425196848
 20
0.6877755905511811
 30
0
 11
2.724726968503937
 21
0.6877755905511811
 31
0
  0
LINE
  5
6CD
330
1A
100
AcDbEntity
  8
BLACK
  6
CONTINUOUS
100
AcDbLine
 10
2.724726968503937
 20
0.6877755905511811
 30
0
 11
2.7247270078740158
 21
0.6877756299212598
 31
0
  0
LINE
  5
6CE
330
1A
100
AcDbEntity
  8
BLACK
  6
CONTINUOUS
100
AcDbLine
 10
2.7247270078740158
 20
0.6877756299212598
 30
0
 11
2.7257423228346456
 21
0.6878933858267716
 31
0
  0
LINE
  5
6CF
330
1A
100
AcDbEntity
  8
BLACK
  6
CONTINUOUS
100
AcDbLine
 10
2.7257423228346456
 20
0.6878933858267716
 30
0
 11
2.7298962598425196
 21
0.6897275196850393
 31
0
  0
LINE
  5
6D0
330
1A
100
AcDbEntity
  8
BLACK
  6
CONTINUOUS
100
AcDbLine
 10
2.7298962598425196
 20
0.6897275196850393
 30
0
 11
2.7331071259842519
 21
0.6929383858267716
 31
0
  0
LINE
  5
6D1
330
1A
100
AcDbEntity
  8
BLACK
  6
CONTINUOUS
100
AcDbLine
 10
2.7331071259842519
 20
0.6929383858267716
 30
0
 11
2.7349412598425196
 21
0.6970923228346456
 31
0
  0
LINE
  5
6D2
330
1A
100
AcDbEntity
  8
BLACK
  6
CONTINUOUS
100
AcDbLine
 10
2.7349412598425196
 20
0.6970923228346456
 30
0
 11
2.7350590551181102
 21
0.698107716535433
 31
0
  0
LINE
  5
6D3
330
1A
100
AcDbEntity
  8
BLACK
  6
CONTINUOUS
100
AcDbLine
 10
2.7350590551181102
 20
0.698107716535433
 30
0
 11
2.7350590551181102
 21
0.7617348031496063
 31
0
  0
LINE
  5
6D4
330
1A
100
AcDbEntity
  8
BLACK
  6
CONTINUOUS
100
AcDbLine
 10
2.7350590551181102
 20
0.7617348031496063
 30
0
 11
2.7350590157480315
 21
0.7617350787401574
 31
0
  0
LINE
  5
6D5
330
1A
100
AcDbEntity
  8
BLACK
  6
CONTINUOUS
100
AcDbLine
 10
2.7350590157480315
 20
0.7617350787401574
 30
0
 11
2.7349412598425196
 21
0.7627501968503937
 31
0
  0
LINE
  5
6D6
330
1A
100
AcDbEntity
  8
BLACK
  6
CONTINUOUS
100
AcDbLine
 10
2.7349412598425196
 20
0.7627501968503937
 30
0
 11
2.7331071259842519
 21
0.7669041338582677
 31
0
  0
LINE
  5
6D7
330
1A
100
AcDbEntity
  8
BLACK
  6
CONTINUOUS
100
AcDbLine
 10
2.7331071259842519
 20
0.7669041338582677
 30
0
 11
2.7331070866141731
 21
0.7669041732283465
 31
0
  0
LINE
  5
6D8
330
1A
100
AcDbEntity
  8
BLACK
  6
CONTINUOUS
100
AcDbLine
 10
2.7331070866141731
 20
0.7669041732283465
 30
0
 11
2.7331070472440944
 21
0.7669042519685039
 31
0
  0
LINE
  5
6D9
330
1A
100
AcDbEntity
  8
BLACK
  6
CONTINUOUS
100
AcDbLine
 10
2.7331070472440944
 20
0.7669042519685039
 30
0
 11
2.7298963385826771
 21
0.7701149606299212
 31
0
  0
LINE
  5
6DA
330
1A
100
AcDbEntity
  8
BLACK
  6
CONTINUOUS
100
AcDbLine
 10
2.7298963385826771
 20
0.7701149606299212
 30
0
 11
2.7298962598425196
 21
0.770115
 31
0
  0
LINE
  5
6DB
330
1A
100
AcDbEntity
  8
BLACK
  6
CONTINUOUS
100
AcDbLine
 10
2.7298962598425196
 20
0.770115
 30
0
 11
2.7257423622047243
 21
0.7719491338582677
 31
0
  0
LINE
  5
6DC
330
1A
100
AcDbEntity
  8
BLACK
  6
CONTINUOUS
100
AcDbLine
 10
2.7257423622047243
 20
0.7719491338582677
 30
0
 11
2.7257421653543306
 21
0.7719491732283464
 31
0
  0
LINE
  5
6DD
330
1A
100
AcDbEntity
  8
BLACK
  6
CONTINUOUS
100
AcDbLine
 10
2.7257421653543306
 20
0.7719491732283464
 30
0
 11
2.7247271653543308
 21
0.7720669291338582
 31
0
  0
LINE
  5
6DE
330
1A
100
AcDbEntity
  8
BLACK
  6
CONTINUOUS
100
AcDbLine
 10
2.7247271653543308
 20
0.7720669291338582
 30
0
 11
2.7247269291338583
 21
0.7720669291338582
 31
0
  0
LINE
  5
6DF
330
1A
100
AcDbEntity
  8
BLACK
  6
CONTINUOUS
100
AcDbLine
 10
2.7247269291338583
 20
0.7720669291338582
 30
0
 11
2.6610998425196848
 21
0.7720669291338582
 31
0
  0
LINE
  5
6E0
330
1A
100
AcDbEntity
  8
BLACK
  6
CONTINUOUS
100
AcDbLine
 10
2.6610998425196848
 20
0.7720669291338582
 30
0
 11
2.661099566929134
 21
0.7720669291338582
 31
0
  0
LINE
  5
6E1
330
1A
100
AcDbEntity
  8
BLACK
  6
CONTINUOUS
100
AcDbLine
 10
2.661099566929134
 20
0.7720669291338582
 30
0
 11
2.6600845669291338
 21
0.7719491732283464
 31
0
  0
LINE
  5
6E2
330
1A
100
AcDbEntity
  8
BLACK
  6
CONTINUOUS
100
AcDbLine
 10
2.6600845669291338
 20
0.7719491732283464
 30
0
 11
2.66008437007874
 21
0.7719491338582677
 31
0
  0
LINE
  5
6E3
330
1A
100
AcDbEntity
  8
BLACK
  6
CONTINUOUS
100
AcDbLine
 10
2.66008437007874
 20
0.7719491338582677
 30
0
 11
2.6559304724409447
 21
0.770115
 31
0
  0
LINE
  5
6E4
330
1A
100
AcDbEntity
  8
BLACK
  6
CONTINUOUS
100
AcDbLine
 10
2.6559304724409447
 20
0.770115
 30
0
 11
2.6559303937007872
 21
0.7701149606299212
 31
0
  0
LINE
  5
6E5
330
1A
100
AcDbEntity
  8
BLACK
  6
CONTINUOUS
100
AcDbLine
 10
2.6559303937007872
 20
0.7701149606299212
 30
0
 11
2.6527196850393699
 21
0.7669042519685039
 31
0
  0
LINE
  5
6E6
330
1A
100
AcDbEntity
  8
BLACK
  6
CONTINUOUS
100
AcDbLine
 10
2.6527196850393699
 20
0.7669042519685039
 30
0
 11
2.6527196456692912
 21
0.7669041732283465
 31
0
  0
LINE
  5
6E7
330
1A
100
AcDbEntity
  8
BLACK
  6
CONTINUOUS
100
AcDbLine
 10
2.6527196456692912
 20
0.7669041732283465
 30
0
 11
2.6508855118110235
 21
0.7627502755905512
 31
0
  0
LINE
  5
6E8
330
1A
100
AcDbEntity
  8
BLACK
  6
CONTINUOUS
100
AcDbLine
 10
2.6508855118110235
 20
0.7627502755905512
 30
0
 11
2.6508854724409447
 21
0.7627500787401574
 31
0
  0
LINE
  5
6E9
330
1A
100
AcDbEntity
  8
BLACK
  6
CONTINUOUS
100
AcDbLine
 10
2.6508854724409447
 20
0.7627500787401574
 30
0
 11
2.6507677165354329
 21
0.7617350787401574
 31
0
  0
LINE
  5
6EA
330
1A
100
AcDbEntity
  8
BLACK
  6
CONTINUOUS
100
AcDbLine
 10
2.6507677165354329
 20
0.7617350787401574
 30
0
 11
2.6507677165354329
 21
0.6981074803149606
 31
0
  0
LINE
  5
6EB
330
1A
100
AcDbEntity
  8
BLACK
  6
CONTINUOUS
100
AcDbLine
 10
2.7507677165354329
 20
0.6981074803149606
 30
0
 11
2.7508854724409448
 21
0.6970924803149606
 31
0
  0
LINE
  5
6EC
330
1A
100
AcDbEntity
  8
BLACK
  6
CONTINUOUS
100
AcDbLine
 10
2.7508854724409448
 20
0.6970924803149606
 30
0
 11
2.7508855118110236
 21
0.6970922834645669
 31
0
  0
LINE
  5
6ED
330
1A
100
AcDbEntity
  8
BLACK
  6
CONTINUOUS
100
AcDbLine
 10
2.7508855118110236
 20
0.6970922834645669
 30
0
 11
2.7527196456692913
 21
0.6929383858267716
 31
0
  0
LINE
  5
6EE
330
1A
100
AcDbEntity
  8
BLACK
  6
CONTINUOUS
100
AcDbLine
 10
2.7527196456692913
 20
0.6929383858267716
 30
0
 11
2.75271968503937
 21
0.6929383070866142
 31
0
  0
LINE
  5
6EF
330
1A
100
AcDbEntity
  8
BLACK
  6
CONTINUOUS
100
AcDbLine
 10
2.75271968503937
 20
0.6929383070866142
 30
0
 11
2.7559303937007873
 21
0.6897275984251968
 31
0
  0
LINE
  5
6F0
330
1A
100
AcDbEntity
  8
BLACK
  6
CONTINUOUS
100
AcDbLine
 10
2.7559303937007873
 20
0.6897275984251968
 30
0
 11
2.7559304724409448
 21
0.6897275590551181
 31
0
  0
LINE
  5
6F1
330
1A
100
AcDbEntity
  8
BLACK
  6
CONTINUOUS
100
AcDbLine
 10
2.7559304724409448
 20
0.6897275590551181
 30
0
 11
2.7559305118110236
 21
0.6897275196850393
 31
0
  0
LINE
  5
6F2
330
1A
100
AcDbEntity
  8
BLACK
  6
CONTINUOUS
100
AcDbLine
 10
2.7559305118110236
 20
0.6897275196850393
 30
0
 11
2.7600844488188976
 21
0.6878933858267716
 31
0
  0
LINE
  5
6F3
330
1A
100
AcDbEntity
  8
BLACK
  6
CONTINUOUS
100
AcDbLine
 10
2.7600844488188976
 20
0.6878933858267716
 30
0
 11
2.7610996850393699
 21
0.6877756299212598
 31
0
  0
LINE
  5
6F4
330
1A
100
AcDbEntity
  8
BLACK
  6
CONTINUOUS
100
AcDbLine
 10
2.7610996850393699
 20
0.6877756299212598
 30
0
 11
2.7610998031496061
 21
0.6877755905511811
 31
0
  0
LINE
  5
6F5
330
1A
100
AcDbEntity
  8
BLACK
  6
CONTINUOUS
100
AcDbLine
 10
2.7610998031496061
 20
0.6877755905511811
 30
0
 11
2.7610998425196849
 21
0.6877755905511811
 31
0
  0
LINE
  5
6F6
330
1A
100
AcDbEntity
  8
BLACK
  6
CONTINUOUS
100
AcDbLine
 10
2.7610998425196849
 20
0.6877755905511811
 30
0
 11
2.8247269685039371
 21
0.6877755905511811
 31
0
  0
LINE
  5
6F7
330
1A
100
AcDbEntity
  8
BLACK
  6
CONTINUOUS
100
AcDbLine
 10
2.8247269685039371
 20
0.6877755905511811
 30
0
 11
2.8247270078740159
 21
0.6877756299212598
 31
0
  0
LINE
  5
6F8
330
1A
100
AcDbEntity
  8
BLACK
  6
CONTINUOUS
100
AcDbLine
 10
2.8247270078740159
 20
0.6877756299212598
 30
0
 11
2.8257423228346457
 21
0.6878933858267716
 31
0
  0
LINE
  5
6F9
330
1A
100
AcDbEntity
  8
BLACK
  6
CONTINUOUS
100
AcDbLine
 10
2.8257423228346457
 20
0.6878933858267716
 30
0
 11
2.8298962598425197
 21
0.6897275196850393
 31
0
  0
LINE
  5
6FA
330
1A
100
AcDbEntity
  8
BLACK
  6
CONTINUOUS
100
AcDbLine
 10
2.8298962598425197
 20
0.6897275196850393
 30
0
 11
2.833107125984252
 21
0.6929383858267716
 31
0
  0
LINE
  5
6FB
330
1A
100
AcDbEntity
  8
BLACK
  6
CONTINUOUS
100
AcDbLine
 10
2.833107125984252
 20
0.6929383858267716
 30
0
 11
2.8349412598425197
 21
0.6970923228346456
 31
0
  0
LINE
  5
6FC
330
1A
100
AcDbEntity
  8
BLACK
  6
CONTINUOUS
100
AcDbLine
 10
2.8349412598425197
 20
0.6970923228346456
 30
0
 11
2.8350590551181103
 21
0.698107716535433
 31
0
  0
LINE
  5
6FD
330
1A
100
AcDbEntity
  8
BLACK
  6
CONTINUOUS
100
AcDbLine
 10
2.8350590551181103
 20
0.698107716535433
 30
0
 11
2.8350590551181103
 21
0.7617348031496063
 31
0
  0
LINE
  5
6FE
330
1A
100
AcDbEntity
  8
BLACK
  6
CONTINUOUS
100
AcDbLine
 10
2.8350590551181103
 20
0.7617348031496063
 30
0
 11
2.8349412598425197
 21
0.7627501968503937
 31
0
  0
LINE
  5
6FF
330
1A
100
AcDbEntity
  8
BLACK
  6
CONTINUOUS
100
AcDbLine
 10
2.8349412598425197
 20
0.7627501968503937
 30
0
 11
2.833107125984252
 21
0.7669041338582677
 31
0
  0
LINE
  5
700
330
1A
100
AcDbEntity
  8
BLACK
  6
CONTINUOUS
100
AcDbLine
 10
2.833107125984252
 20
0.7669041338582677
 30
0
 11
2.8331070866141732
 21
0.7669041732283465
 31
0
  0
LINE
  5
701
330
1A
100
AcDbEntity
  8
BLACK
  6
CONTINUOUS
100
AcDbLine
 10
2.8331070866141732
 20
0.7669041732283465
 30
0
 11
2.8331070472440945
 21
0.7669042519685039
 31
0
  0
LINE
  5
702
330
1A
100
AcDbEntity
  8
BLACK
  6
CONTINUOUS
100
AcDbLine
 10
2.8331070472440945
 20
0.7669042519685039
 30
0
 11
2.8298963385826772
 21
0.7701149606299212
 31
0
  0
LINE
  5
703
330
1A
100
AcDbEntity
  8
BLACK
  6
CONTINUOUS
100
AcDbLine
 10
2.8298963385826772
 20
0.7701149606299212
 30
0
 11
2.8298962598425197
 21
0.770115
 31
0
  0
LINE
  5
704
330
1A
100
AcDbEntity
  8
BLACK
  6
CONTINUOUS
100
AcDbLine
 10
2.8298962598425197
 20
0.770115
 30
0
 11
2.8257423622047244
 21
0.7719491338582677
 31
0
  0
LINE
  5
705
330
1A
100
AcDbEntity
  8
BLACK
  6
CONTINUOUS
100
AcDbLine
 10
2.8257423622047244
 20
0.7719491338582677
 30
0
 11
2.8257421653543306
 21
0.7719491732283464
 31
0
  0
LINE
  5
706
330
1A
100
AcDbEntity
  8
BLACK
  6
CONTINUOUS
100
AcDbLine
 10
2.8257421653543306
 20
0.7719491732283464
 30
0
 11
2.8247271653543304
 21
0.7720669291338582
 31
0
  0
LINE
  5
707
330
1A
100
AcDbEntity
  8
BLACK
  6
CONTINUOUS
100
AcDbLine
 10
2.8247271653543304
 20
0.7720669291338582
 30
0
 11
2.8247269291338584
 21
0.7720669291338582
 31
0
  0
LINE
  5
708
330
1A
100
AcDbEntity
  8
BLACK
  6
CONTINUOUS
100
AcDbLine
 10
2.8247269291338584
 20
0.7720669291338582
 30
0
 11
2.7610998425196849
 21
0.7720669291338582
 31
0
  0
LINE
  5
709
330
1A
100
AcDbEntity
  8
BLACK
  6
CONTINUOUS
100
AcDbLine
 10
2.7610998425196849
 20
0.7720669291338582
 30
0
 11
2.7610995669291336
 21
0.7720669291338582
 31
0
  0
LINE
  5
70A
330
1A
100
AcDbEntity
  8
BLACK
  6
CONTINUOUS
100
AcDbLine
 10
2.7610995669291336
 20
0.7720669291338582
 30
0
 11
2.7600845669291338
 21
0.7719491732283464
 31
0
  0
LINE
  5
70B
330
1A
100
AcDbEntity
  8
BLACK
  6
CONTINUOUS
100
AcDbLine
 10
2.7600845669291338
 20
0.7719491732283464
 30
0
 11
2.7600843700787401
 21
0.7719491338582677
 31
0
  0
LINE
  5
70C
330
1A
100
AcDbEntity
  8
BLACK
  6
CONTINUOUS
100
AcDbLine
 10
2.7600843700787401
 20
0.7719491338582677
 30
0
 11
2.7559304724409448
 21
0.770115
 31
0
  0
LINE
  5
70D
330
1A
100
AcDbEntity
  8
BLACK
  6
CONTINUOUS
100
AcDbLine
 10
2.7559304724409448
 20
0.770115
 30
0
 11
2.7559303937007873
 21
0.7701149606299212
 31
0
  0
LINE
  5
70E
330
1A
100
AcDbEntity
  8
BLACK
  6
CONTINUOUS
100
AcDbLine
 10
2.7559303937007873
 20
0.7701149606299212
 30
0
 11
2.75271968503937
 21
0.7669042519685039
 31
0
  0
LINE
  5
70F
330
1A
100
AcDbEntity
  8
BLACK
  6
CONTINUOUS
100
AcDbLine
 10
2.75271968503937
 20
0.7669042519685039
 30
0
 11
2.7527196456692913
 21
0.7669041732283465
 31
0
  0
LINE
  5
710
330
1A
100
AcDbEntity
  8
BLACK
  6
CONTINUOUS
100
AcDbLine
 10
2.7527196456692913
 20
0.7669041732283465
 30
0
 11
2.7508855118110236
 21
0.7627502755905512
 31
0
  0
LINE
  5
711
330
1A
100
AcDbEntity
  8
BLACK
  6
CONTINUOUS
100
AcDbLine
 10
2.7508855118110236
 20
0.7627502755905512
 30
0
 11
2.7508854724409448
 21
0.7627500787401574
 31
0
  0
LINE
  5
712
330
1A
100
AcDbEntity
  8
BLACK
  6
CONTINUOUS
100
AcDbLine
 10
2.7508854724409448
 20
0.7627500787401574
 30
0
 11
2.7507677165354329
 21
0.7617350787401574
 31
0
  0
LINE
  5
713
330
1A
100
AcDbEntity
  8
BLACK
  6
CONTINUOUS
100
AcDbLine
 10
2.7507677165354329
 20
0.7617350787401574
 30
0
 11
2.7507677165354329
 21
0.6981074803149606
 31
0
  0
LINE
  5
714
330
1A
100
AcDbEntity
  8
BLACK
  6
CONTINUOUS
100
AcDbLine
 10
1.2980413385826772
 20
0.7283057874015748
 30
0
 11
1.2984654724409448
 21
0.7261735039370079
 31
0
  0
LINE
  5
715
330
1A
100
AcDbEntity
  8
BLACK
  6
CONTINUOUS
100
AcDbLine
 10
1.2984654724409448
 20
0.7261735039370079
 30
0
 11
1.2991132677165353
 21
0.7229168503937008
 31
0
  0
LINE
  5
716
330
1A
100
AcDbEntity
  8
BLACK
  6
CONTINUOUS
100
AcDbLine
 10
1.2991132677165353
 20
0.7229168503937008
 30
0
 11
1.2991133070866141
 21
0.7229167716535433
 31
0
  0
LINE
  5
717
330
1A
100
AcDbEntity
  8
BLACK
  6
CONTINUOUS
100
AcDbLine
 10
1.2991133070866141
 20
0.7229167716535433
 30
0
 11
1.2991133464566929
 21
0.7229165748031496
 31
0
  0
LINE
  5
718
330
1A
100
AcDbEntity
  8
BLACK
  6
CONTINUOUS
100
AcDbLine
 10
1.2991133464566929
 20
0.7229165748031496
 30
0
 11
1.3012158661417323
 21
0.7178407086614174
 31
0
  0
LINE
  5
719
330
1A
100
AcDbEntity
  8
BLACK
  6
CONTINUOUS
100
AcDbLine
 10
1.3012158661417323
 20
0.7178407086614174
 30
0
 11
1.3012159448818896
 21
0.7178405511811023
 31
0
  0
LINE
  5
71A
330
1A
100
AcDbEntity
  8
BLACK
  6
CONTINUOUS
100
AcDbLine
 10
1.3012159448818896
 20
0.7178405511811023
 30
0
 11
1.3012159842519684
 21
0.7178405118110236
 31
0
  0
LINE
  5
71B
330
1A
100
AcDbEntity
  8
BLACK
  6
CONTINUOUS
100
AcDbLine
 10
1.3012159842519684
 20
0.7178405118110236
 30
0
 11
1.3042685826771654
 21
0.713271968503937
 31
0
  0
LINE
  5
71C
330
1A
100
AcDbEntity
  8
BLACK
  6
CONTINUOUS
100
AcDbLine
 10
1.3042685826771654
 20
0.713271968503937
 30
0
 11
1.3081538582677166
 21
0.7093866929133859
 31
0
  0
LINE
  5
71D
330
1A
100
AcDbEntity
  8
BLACK
  6
CONTINUOUS
100
AcDbLine
 10
1.3081538582677166
 20
0.7093866929133859
 30
0
 11
1.3127224015748031
 21
0.706334094488189
 31
0
  0
LINE
  5
71E
330
1A
100
AcDbEntity
  8
BLACK
  6
CONTINUOUS
100
AcDbLine
 10
1.3127224015748031
 20
0.706334094488189
 30
0
 11
1.3127225590551181
 21
0.7063340157480315
 31
0
  0
LINE
  5
71F
330
1A
100
AcDbEntity
  8
BLACK
  6
CONTINUOUS
100
AcDbLine
 10
1.3127225590551181
 20
0.7063340157480315
 30
0
 11
1.3177984251968504
 21
0.7042314960629921
 31
0
  0
LINE
  5
720
330
1A
100
AcDbEntity
  8
BLACK
  6
CONTINUOUS
100
AcDbLine
 10
1.3177984251968504
 20
0.7042314960629921
 30
0
 11
1.3177984645669292
 21
0.7042314960629921
 31
0
  0
LINE
  5
721
330
1A
100
AcDbEntity
  8
BLACK
  6
CONTINUOUS
100
AcDbLine
 10
1.3177984645669292
 20
0.7042314960629921
 30
0
 11
1.3177987401574802
 21
0.7042313779527559
 31
0
  0
LINE
  5
722
330
1A
100
AcDbEntity
  8
BLACK
  6
CONTINUOUS
100
AcDbLine
 10
1.3177987401574802
 20
0.7042313779527559
 30
0
 11
1.3231877559055119
 21
0.7031594488188976
 31
0
  0
LINE
  5
723
330
1A
100
AcDbEntity
  8
BLACK
  6
CONTINUOUS
100
AcDbLine
 10
1.3231877559055119
 20
0.7031594488188976
 30
0
 11
1.3231877952755906
 21
0.7031594488188976
 31
0
  0
LINE
  5
724
330
1A
100
AcDbEntity
  8
BLACK
  6
CONTINUOUS
100
AcDbLine
 10
1.3231877952755906
 20
0.7031594488188976
 30
0
 11
1.3286822834645668
 21
0.7031594488188976
 31
0
  0
LINE
  5
725
330
1A
100
AcDbEntity
  8
BLACK
  6
CONTINUOUS
100
AcDbLine
 10
1.3286822834645668
 20
0.7031594488188976
 30
0
 11
1.3286823228346456
 21
0.7031594488188976
 31
0
  0
LINE
  5
726
330
1A
100
AcDbEntity
  8
BLACK
  6
CONTINUOUS
100
AcDbLine
 10
1.3286823228346456
 20
0.7031594488188976
 30
0
 11
1.3340713385826772
 21
0.7042313779527559
 31
0
  0
LINE
  5
727
330
1A
100
AcDbEntity
  8
BLACK
  6
CONTINUOUS
100
AcDbLine
 10
1.3340713385826772
 20
0.7042313779527559
 30
0
 11
1.3391476771653543
 21
0.706334094488189
 31
0
  0
LINE
  5
728
330
1A
100
AcDbEntity
  8
BLACK
  6
CONTINUOUS
100
AcDbLine
 10
1.3391476771653543
 20
0.706334094488189
 30
0
 11
1.3437162204724409
 21
0.7093866929133859
 31
0
  0
LINE
  5
729
330
1A
100
AcDbEntity
  8
BLACK
  6
CONTINUOUS
100
AcDbLine
 10
1.3437162204724409
 20
0.7093866929133859
 30
0
 11
1.3476014960629921
 21
0.713271968503937
 31
0
  0
LINE
  5
72A
330
1A
100
AcDbEntity
  8
BLACK
  6
CONTINUOUS
100
AcDbLine
 10
1.3476014960629921
 20
0.713271968503937
 30
0
 11
1.3506540944881888
 21
0.7178405118110236
 31
0
  0
LINE
  5
72B
330
1A
100
AcDbEntity
  8
BLACK
  6
CONTINUOUS
100
AcDbLine
 10
1.3506540944881888
 20
0.7178405118110236
 30
0
 11
1.3509227952755904
 21
0.7184892913385826
 31
0
  0
LINE
  5
72C
330
1A
100
AcDbEntity
  8
BLACK
  6
CONTINUOUS
100
AcDbLine
 10
1.3509227952755904
 20
0.7184892913385826
 30
0
 11
1.3527567322834646
 21
0.7229166141732283
 31
0
  0
LINE
  5
72D
330
1A
100
AcDbEntity
  8
BLACK
  6
CONTINUOUS
100
AcDbLine
 10
1.3527567322834646
 20
0.7229166141732283
 30
0
 11
1.3527567322834646
 21
0.7229167322834645
 31
0
  0
LINE
  5
72E
330
1A
100
AcDbEntity
  8
BLACK
  6
CONTINUOUS
100
AcDbLine
 10
1.3527567322834646
 20
0.7229167322834645
 30
0
 11
1.3527568110236221
 21
0.7229168503937008
 31
0
  0
LINE
  5
72F
330
1A
100
AcDbEntity
  8
BLACK
  6
CONTINUOUS
100
AcDbLine
 10
1.3527568110236221
 20
0.7229168503937008
 30
0
 11
1.3537677952755904
 21
0.7279996456692913
 31
0
  0
LINE
  5
730
330
1A
100
AcDbEntity
  8
BLACK
  6
CONTINUOUS
100
AcDbLine
 10
1.3537677952755904
 20
0.7279996456692913
 30
0
 11
1.3550633464566928
 21
0.7304763385826771
 31
0
  0
LINE
  5
731
330
1A
100
AcDbEntity
  8
BLACK
  6
CONTINUOUS
100
AcDbLine
 10
1.3550633464566928
 20
0.7304763385826771
 30
0
 11
1.3551232677165355
 21
0.7305373622047244
 31
0
  0
LINE
  5
732
330
1A
100
AcDbEntity
  8
BLACK
  6
CONTINUOUS
100
AcDbLine
 10
1.3551232677165355
 20
0.7305373622047244
 30
0
 11
1.3841417716535434
 21
0.759555905511811
 31
0
  0
LINE
  5
733
330
1A
100
AcDbEntity
  8
BLACK
  6
CONTINUOUS
100
AcDbLine
 10
1.3841417716535434
 20
0.759555905511811
 30
0
 11
1.3841421653543307
 21
0.7595561811023622
 31
0
  0
LINE
  5
734
330
1A
100
AcDbEntity
  8
BLACK
  6
CONTINUOUS
100
AcDbLine
 10
1.3841421653543307
 20
0.7595561811023622
 30
0
 11
1.3884606692913386
 21
0.7638746850393701
 31
0
  0
LINE
  5
735
330
1A
100
AcDbEntity
  8
BLACK
  6
CONTINUOUS
100
AcDbLine
 10
1.3884606692913386
 20
0.7638746850393701
 30
0
 11
1.3884609055118109
 21
0.7638749212598425
 31
0
  0
LINE
  5
736
330
1A
100
AcDbEntity
  8
BLACK
  6
CONTINUOUS
100
AcDbLine
 10
1.3884609055118109
 20
0.7638749212598425
 30
0
 11
1.3912261023622048
 21
0.7686644488188976
 31
0
  0
LINE
  5
737
330
1A
100
AcDbEntity
  8
BLACK
  6
CONTINUOUS
100
AcDbLine
 10
1.3912261023622048
 20
0.7686644488188976
 30
0
 11
1.3926574803149605
 21
0.7740064173228346
 31
0
  0
LINE
  5
738
330
1A
100
AcDbEntity
  8
BLACK
  6
CONTINUOUS
100
AcDbLine
 10
1.3926574803149605
 20
0.7740064173228346
 30
0
 11
1.3926574803149605
 21
0.8194862992125984
 31
0
  0
LINE
  5
739
330
1A
100
AcDbEntity
  8
BLACK
  6
CONTINUOUS
100
AcDbLine
 10
1.3926574803149605
 20
0.8194862992125984
 30
0
 11
1.3934449606299213
 21
0.8221682283464566
 31
0
  0
LINE
  5
73A
330
1A
100
AcDbEntity
  8
BLACK
  6
CONTINUOUS
100
AcDbLine
 10
1.3934449606299213
 20
0.8221682283464566
 30
0
 11
1.3934935039370078
 21
0.822242283464567
 31
0
  0
LINE
  5
73B
330
1A
100
AcDbEntity
  8
BLACK
  6
CONTINUOUS
100
AcDbLine
 10
1.3934935039370078
 20
0.822242283464567
 30
0
 11
1.3936816929133857
 21
0.822523937007874
 31
0
  0
LINE
  5
73C
330
1A
100
AcDbEntity
  8
BLACK
  6
CONTINUOUS
100
AcDbLine
 10
1.3936816929133857
 20
0.822523937007874
 30
0
 11
1.3963725984251969
 21
0.8265511417322835
 31
0
  0
LINE
  5
73D
330
1A
100
AcDbEntity
  8
BLACK
  6
CONTINUOUS
100
AcDbLine
 10
1.3963725984251969
 20
0.8265511417322835
 30
0
 11
1.3984753149606299
 21
0.8316274803149606
 31
0
  0
LINE
  5
73E
330
1A
100
AcDbEntity
  8
BLACK
  6
CONTINUOUS
100
AcDbLine
 10
1.3984753149606299
 20
0.8316274803149606
 30
0
 11
1.3995472440944881
 21
0.8370164960629921
 31
0
  0
LINE
  5
73F
330
1A
100
AcDbEntity
  8
BLACK
  6
CONTINUOUS
100
AcDbLine
 10
1.3995472440944881
 20
0.8370164960629921
 30
0
 11
1.3995472440944881
 21
0.842511062992126
 31
0
  0
LINE
  5
740
330
1A
100
AcDbEntity
  8
BLACK
  6
CONTINUOUS
100
AcDbLine
 10
1.3995472440944881
 20
0.842511062992126
 30
0
 11
1.3984753149606299
 21
0.8479000787401575
 31
0
  0
LINE
  5
741
330
1A
100
AcDbEntity
  8
BLACK
  6
CONTINUOUS
100
AcDbLine
 10
1.3984753149606299
 20
0.8479000787401575
 30
0
 11
1.3984751968503937
 21
0.8479003937007874
 31
0
  0
LINE
  5
742
330
1A
100
AcDbEntity
  8
BLACK
  6
CONTINUOUS
100
AcDbLine
 10
1.3984751968503937
 20
0.8479003937007874
 30
0
 11
1.3963726771653544
 21
0.8529762598425197
 31
0
  0
LINE
  5
743
330
1A
100
AcDbEntity
  8
BLACK
  6
CONTINUOUS
100
AcDbLine
 10
1.3963726771653544
 20
0.8529762598425197
 30
0
 11
1.3963725984251969
 21
0.8529764173228346
 31
0
  0
LINE
  5
744
330
1A
100
AcDbEntity
  8
BLACK
  6
CONTINUOUS
100
AcDbLine
 10
1.3963725984251969
 20
0.8529764173228346
 30
0
 11
1.3960109842519686
 21
0.8535175984251968
 31
0
  0
LINE
  5
745
330
1A
100
AcDbEntity
  8
BLACK
  6
CONTINUOUS
100
AcDbLine
 10
1.3960109842519686
 20
0.8535175984251968
 30
0
 11
1.3933199999999999
 21
0.8575449606299212
 31
0
  0
LINE
  5
746
330
1A
100
AcDbEntity
  8
BLACK
  6
CONTINUOUS
100
AcDbLine
 10
1.3933199999999999
 20
0.8575449606299212
 30
0
 11
1.3894347244094487
 21
0.8614302362204724
 31
0
  0
LINE
  5
747
330
1A
100
AcDbEntity
  8
BLACK
  6
CONTINUOUS
100
AcDbLine
 10
1.3894347244094487
 20
0.8614302362204724
 30
0
 11
1.3848661811023621
 21
0.8644828346456692
 31
0
  0
LINE
  5
748
330
1A
100
AcDbEntity
  8
BLACK
  6
CONTINUOUS
100
AcDbLine
 10
1.3848661811023621
 20
0.8644828346456692
 30
0
 11
1.3848662204724409
 21
0.8644828346456692
 31
0
  0
LINE
  5
749
330
1A
100
AcDbEntity
  8
BLACK
  6
CONTINUOUS
100
AcDbLine
 10
1.3848662204724409
 20
0.8644828346456692
 30
0
 11
1.3848661417322834
 21
0.864482874015748
 31
0
  0
LINE
  5
74A
330
1A
100
AcDbEntity
  8
BLACK
  6
CONTINUOUS
100
AcDbLine
 10
1.3848661417322834
 20
0.864482874015748
 30
0
 11
1.3848659842519684
 21
0.8644829527559055
 31
0
  0
LINE
  5
74B
330
1A
100
AcDbEntity
  8
BLACK
  6
CONTINUOUS
100
AcDbLine
 10
1.3848659842519684
 20
0.8644829527559055
 30
0
 11
1.3797901181102361
 21
0.8665854724409449
 31
0
  0
LINE
  5
74C
330
1A
100
AcDbEntity
  8
BLACK
  6
CONTINUOUS
100
AcDbLine
 10
1.3797901181102361
 20
0.8665854724409449
 30
0
 11
1.3797899212598426
 21
0.8665855118110236
 31
0
  0
LINE
  5
74D
330
1A
100
AcDbEntity
  8
BLACK
  6
CONTINUOUS
100
AcDbLine
 10
1.3797899212598426
 20
0.8665855118110236
 30
0
 11
1.3797898425196851
 21
0.8665855511811024
 31
0
  0
LINE
  5
74E
330
1A
100
AcDbEntity
  8
BLACK
  6
CONTINUOUS
100
AcDbLine
 10
1.3797898425196851
 20
0.8665855511811024
 30
0
 11
1.3765331889763779
 21
0.8672333464566929
 31
0
  0
LINE
  5
74F
330
1A
100
AcDbEntity
  8
BLACK
  6
CONTINUOUS
100
AcDbLine
 10
1.3765331889763779
 20
0.8672333464566929
 30
0
 11
1.3744009055118109
 21
0.8676574803149606
 31
0
  0
LINE
  5
750
330
1A
100
AcDbEntity
  8
BLACK
  6
CONTINUOUS
100
AcDbLine
 10
1.3744009055118109
 20
0.8676574803149606
 30
0
 11
1.3744008267716534
 21
0.8676574803149606
 31
0
  0
LINE
  5
751
330
1A
100
AcDbEntity
  8
BLACK
  6
CONTINUOUS
100
AcDbLine
 10
1.3744008267716534
 20
0.8676574803149606
 30
0
 11
1.3689062598425197
 21
0.8676574803149606
 31
0
  0
LINE
  5
752
330
1A
100
AcDbEntity
  8
BLACK
  6
CONTINUOUS
100
AcDbLine
 10
1.3689062598425197
 20
0.8676574803149606
 30
0
 11
1.3689061417322834
 21
0.8676574803149606
 31
0
  0
LINE
  5
753
330
1A
100
AcDbEntity
  8
BLACK
  6
CONTINUOUS
100
AcDbLine
 10
1.3689061417322834
 20
0.8676574803149606
 30
0
 11
1.3657076377952755
 21
0.8670212598425197
 31
0
  0
LINE
  5
754
330
1A
100
AcDbEntity
  8
BLACK
  6
CONTINUOUS
100
AcDbLine
 10
1.3657076377952755
 20
0.8670212598425197
 30
0
 11
1.3635172440944883
 21
0.8665855511811024
 31
0
  0
LINE
  5
755
330
1A
100
AcDbEntity
  8
BLACK
  6
CONTINUOUS
100
AcDbLine
 10
1.3635172440944883
 20
0.8665855511811024
 30
0
 11
1.3635171653543308
 21
0.8665855511811024
 31
0
  0
LINE
  5
756
330
1A
100
AcDbEntity
  8
BLACK
  6
CONTINUOUS
100
AcDbLine
 10
1.3635171653543308
 20
0.8665855511811024
 30
0
 11
1.3635169291338582
 21
0.8665854724409449
 31
0
  0
LINE
  5
757
330
1A
100
AcDbEntity
  8
BLACK
  6
CONTINUOUS
100
AcDbLine
 10
1.3635169291338582
 20
0.8665854724409449
 30
0
 11
1.358441062992126
 21
0.8644829527559055
 31
0
  0
LINE
  5
758
330
1A
100
AcDbEntity
  8
BLACK
  6
CONTINUOUS
100
AcDbLine
 10
1.358441062992126
 20
0.8644829527559055
 30
0
 11
1.358440905511811
 21
0.864482874015748
 31
0
  0
LINE
  5
759
330
1A
100
AcDbEntity
  8
BLACK
  6
CONTINUOUS
100
AcDbLine
 10
1.358440905511811
 20
0.864482874015748
 30
0
 11
1.3538725196850394
 21
0.8614303543307087
 31
0
  0
LINE
  5
75A
330
1A
100
AcDbEntity
  8
BLACK
  6
CONTINUOUS
100
AcDbLine
 10
1.3538725196850394
 20
0.8614303543307087
 30
0
 11
1.3538722440944881
 21
0.8614301574803149
 31
0
  0
LINE
  5
75B
330
1A
100
AcDbEntity
  8
BLACK
  6
CONTINUOUS
100
AcDbLine
 10
1.3538722440944881
 20
0.8614301574803149
 30
0
 11
1.3499871653543307
 21
0.8575450787401575
 31
0
  0
LINE
  5
75C
330
1A
100
AcDbEntity
  8
BLACK
  6
CONTINUOUS
100
AcDbLine
 10
1.3499871653543307
 20
0.8575450787401575
 30
0
 11
1.349986968503937
 21
0.8575448031496062
 31
0
  0
LINE
  5
75D
330
1A
100
AcDbEntity
  8
BLACK
  6
CONTINUOUS
100
AcDbLine
 10
1.349986968503937
 20
0.8575448031496062
 30
0
 11
1.3469344488188977
 21
0.8529764173228346
 31
0
  0
LINE
  5
75E
330
1A
100
AcDbEntity
  8
BLACK
  6
CONTINUOUS
100
AcDbLine
 10
1.3469344488188977
 20
0.8529764173228346
 30
0
 11
1.3469343700787402
 21
0.8529762598425197
 31
0
  0
LINE
  5
75F
330
1A
100
AcDbEntity
  8
BLACK
  6
CONTINUOUS
100
AcDbLine
 10
1.3469343700787402
 20
0.8529762598425197
 30
0
 11
1.3448318503937007
 21
0.8479003937007874
 31
0
  0
LINE
  5
760
330
1A
100
AcDbEntity
  8
BLACK
  6
CONTINUOUS
100
AcDbLine
 10
1.3448318503937007
 20
0.8479003937007874
 30
0
 11
1.3437598425196851
 21
0.8425111811023622
 31
0
  0
LINE
  5
761
330
1A
100
AcDbEntity
  8
BLACK
  6
CONTINUOUS
100
AcDbLine
 10
1.3437598425196851
 20
0.8425111811023622
 30
0
 11
1.3437598425196851
 21
0.842511062992126
 31
0
  0
LINE
  5
762
330
1A
100
AcDbEntity
  8
BLACK
  6
CONTINUOUS
100
AcDbLine
 10
1.3437598425196851
 20
0.842511062992126
 30
0
 11
1.3437598425196851
 21
0.8370164960629921
 31
0
  0
LINE
  5
763
330
1A
100
AcDbEntity
  8
BLACK
  6
CONTINUOUS
100
AcDbLine
 10
1.3437598425196851
 20
0.8370164960629921
 30
0
 11
1.3448317716535432
 21
0.8316274803149606
 31
0
  0
LINE
  5
764
330
1A
100
AcDbEntity
  8
BLACK
  6
CONTINUOUS
100
AcDbLine
 10
1.3448317716535432
 20
0.8316274803149606
 30
0
 11
1.3448318110236219
 21
0.8316274015748031
 31
0
  0
LINE
  5
765
330
1A
100
AcDbEntity
  8
BLACK
  6
CONTINUOUS
100
AcDbLine
 10
1.3448318110236219
 20
0.8316274015748031
 30
0
 11
1.3448318503937007
 21
0.8316272047244094
 31
0
  0
LINE
  5
766
330
1A
100
AcDbEntity
  8
BLACK
  6
CONTINUOUS
100
AcDbLine
 10
1.3448318503937007
 20
0.8316272047244094
 30
0
 11
1.3469343700787402
 21
0.8265513385826772
 31
0
  0
LINE
  5
767
330
1A
100
AcDbEntity
  8
BLACK
  6
CONTINUOUS
100
AcDbLine
 10
1.3469343700787402
 20
0.8265513385826772
 30
0
 11
1.3469344488188977
 21
0.8265511811023621
 31
0
  0
LINE
  5
768
330
1A
100
AcDbEntity
  8
BLACK
  6
CONTINUOUS
100
AcDbLine
 10
1.3469344488188977
 20
0.8265511811023621
 30
0
 11
1.3498135826771653
 21
0.822242283464567
 31
0
  0
LINE
  5
769
330
1A
100
AcDbEntity
  8
BLACK
  6
CONTINUOUS
100
AcDbLine
 10
1.3498135826771653
 20
0.822242283464567
 30
0
 11
1.3506488188976378
 21
0.819574842519685
 31
0
  0
LINE
  5
76A
330
1A
100
AcDbEntity
  8
BLACK
  6
CONTINUOUS
100
AcDbLine
 10
1.3506488188976378
 20
0.819574842519685
 30
0
 11
1.3506496062992126
 21
0.8194862992125984
 31
0
  0
LINE
  5
76B
330
1A
100
AcDbEntity
  8
BLACK
  6
CONTINUOUS
100
AcDbLine
 10
1.3506496062992126
 20
0.8194862992125984
 30
0
 11
1.3506496062992126
 21
0.7875264960629921
 31
0
  0
LINE
  5
76C
330
1A
100
AcDbEntity
  8
BLACK
  6
CONTINUOUS
100
AcDbLine
 10
1.3506496062992126
 20
0.7875264960629921
 30
0
 11
1.349862125984252
 21
0.7848445669291338
 31
0
  0
LINE
  5
76D
330
1A
100
AcDbEntity
  8
BLACK
  6
CONTINUOUS
100
AcDbLine
 10
1.349862125984252
 20
0.7848445669291338
 30
0
 11
1.3491968110236221
 21
0.7840190157480315
 31
0
  0
LINE
  5
76E
330
1A
100
AcDbEntity
  8
BLACK
  6
CONTINUOUS
100
AcDbLine
 10
1.3491968110236221
 20
0.7840190157480315
 30
0
 11
1.3372447637795275
 21
0.7720669291338582
 31
0
  0
LINE
  5
76F
330
1A
100
AcDbEntity
  8
BLACK
  6
CONTINUOUS
100
AcDbLine
 10
1.3372447637795275
 20
0.7720669291338582
 30
0
 11
1.3254214173228347
 21
0.7602435826771653
 31
0
  0
LINE
  5
770
330
1A
100
AcDbEntity
  8
BLACK
  6
CONTINUOUS
100
AcDbLine
 10
1.3254214173228347
 20
0.7602435826771653
 30
0
 11
1.322968188976378
 21
0.7589040157480315
 31
0
  0
LINE
  5
771
330
1A
100
AcDbEntity
  8
BLACK
  6
CONTINUOUS
100
AcDbLine
 10
1.322968188976378
 20
0.7589040157480315
 30
0
 11
1.3228815748031495
 21
0.7588859842519685
 31
0
  0
LINE
  5
772
330
1A
100
AcDbEntity
  8
BLACK
  6
CONTINUOUS
100
AcDbLine
 10
1.3228815748031495
 20
0.7588859842519685
 30
0
 11
1.3187397637795275
 21
0.7580621259842519
 31
0
  0
LINE
  5
773
330
1A
100
AcDbEntity
  8
BLACK
  6
CONTINUOUS
100
AcDbLine
 10
1.3187397637795275
 20
0.7580621259842519
 30
0
 11
1.3177987401574802
 21
0.7578749212598425
 31
0
  0
LINE
  5
774
330
1A
100
AcDbEntity
  8
BLACK
  6
CONTINUOUS
100
AcDbLine
 10
1.3177987401574802
 20
0.7578749212598425
 30
0
 11
1.3177987007874015
 21
0.7578749212598425
 31
0
  0
LINE
  5
775
330
1A
100
AcDbEntity
  8
BLACK
  6
CONTINUOUS
100
AcDbLine
 10
1.3177987007874015
 20
0.7578749212598425
 30
0
 11
1.3177983858267717
 21
0.7578748425196851
 31
0
  0
LINE
  5
776
330
1A
100
AcDbEntity
  8
BLACK
  6
CONTINUOUS
100
AcDbLine
 10
1.3177983858267717
 20
0.7578748425196851
 30
0
 11
1.3127225590551181
 21
0.7557723228346457
 31
0
  0
LINE
  5
777
330
1A
100
AcDbEntity
  8
BLACK
  6
CONTINUOUS
100
AcDbLine
 10
1.3127225590551181
 20
0.7557723228346457
 30
0
 11
1.3127224015748031
 21
0.7557722440944882
 31
0
  0
LINE
  5
778
330
1A
100
AcDbEntity
  8
BLACK
  6
CONTINUOUS
100
AcDbLine
 10
1.3127224015748031
 20
0.7557722440944882
 30
0
 11
1.3081540157480314
 21
0.7527197244094488
 31
0
  0
LINE
  5
779
330
1A
100
AcDbEntity
  8
BLACK
  6
CONTINUOUS
100
AcDbLine
 10
1.3081540157480314
 20
0.7527197244094488
 30
0
 11
1.3081537401574803
 21
0.7527195275590551
 31
0
  0
LINE
  5
77A
330
1A
100
AcDbEntity
  8
BLACK
  6
CONTINUOUS
100
AcDbLine
 10
1.3081537401574803
 20
0.7527195275590551
 30
0
 11
1.3042686614173229
 21
0.7488344488188976
 31
0
  0
LINE
  5
77B
330
1A
100
AcDbEntity
  8
BLACK
  6
CONTINUOUS
100
AcDbLine
 10
1.3042686614173229
 20
0.7488344488188976
 30
0
 11
1.3042684645669291
 21
0.7488341732283464
 31
0
  0
LINE
  5
77C
330
1A
100
AcDbEntity
  8
BLACK
  6
CONTINUOUS
100
AcDbLine
 10
1.3042684645669291
 20
0.7488341732283464
 30
0
 11
1.3012159448818896
 21
0.7442657874015748
 31
0
  0
LINE
  5
77D
330
1A
100
AcDbEntity
  8
BLACK
  6
CONTINUOUS
100
AcDbLine
 10
1.3012159448818896
 20
0.7442657874015748
 30
0
 11
1.3012158661417323
 21
0.7442656299212598
 31
0
  0
LINE
  5
77E
330
1A
100
AcDbEntity
  8
BLACK
  6
CONTINUOUS
100
AcDbLine
 10
1.3012158661417323
 20
0.7442656299212598
 30
0
 11
1.2991133464566929
 21
0.7391897637795275
 31
0
  0
LINE
  5
77F
330
1A
100
AcDbEntity
  8
BLACK
  6
CONTINUOUS
100
AcDbLine
 10
1.2991133464566929
 20
0.7391897637795275
 30
0
 11
1.2991132677165353
 21
0.7391895275590551
 31
0
  0
LINE
  5
780
330
1A
100
AcDbEntity
  8
BLACK
  6
CONTINUOUS
100
AcDbLine
 10
1.2991132677165353
 20
0.7391895275590551
 30
0
 11
1.2991132677165353
 21
0.7391894488188976
 31
0
  0
LINE
  5
781
330
1A
100
AcDbEntity
  8
BLACK
  6
CONTINUOUS
100
AcDbLine
 10
1.2991132677165353
 20
0.7391894488188976
 30
0
 11
1.2988208661417322
 21
0.7377193307086614
 31
0
  0
LINE
  5
782
330
1A
100
AcDbEntity
  8
BLACK
  6
CONTINUOUS
100
AcDbLine
 10
1.2988208661417322
 20
0.7377193307086614
 30
0
 11
1.2980413385826772
 21
0.7338005511811023
 31
0
  0
LINE
  5
783
330
1A
100
AcDbEntity
  8
BLACK
  6
CONTINUOUS
100
AcDbLine
 10
1.2980413385826772
 20
0.7338005511811023
 30
0
 11
1.2980413385826772
 21
0.7283057874015748
 31
0
  0
LINE
  5
784
330
1A
100
AcDbEntity
  8
BLACK
  6
CONTINUOUS
100
AcDbLine
 10
1.1903672440944881
 20
1.1686361417322835
 30
0
 11
1.1934198425196849
 21
1.17320468503937
 31
0
  0
LINE
  5
785
330
1A
100
AcDbEntity
  8
BLACK
  6
CONTINUOUS
100
AcDbLine
 10
1.1934198425196849
 20
1.17320468503937
 30
0
 11
1.1955225590551182
 21
1.1782810236220471
 31
0
  0
LINE
  5
786
330
1A
100
AcDbEntity
  8
BLACK
  6
CONTINUOUS
100
AcDbLine
 10
1.1955225590551182
 20
1.1782810236220471
 30
0
 11
1.1965944881889763
 21
1.1836700393700788
 31
0
  0
LINE
  5
787
330
1A
100
AcDbEntity
  8
BLACK
  6
CONTINUOUS
100
AcDbLine
 10
1.1965944881889763
 20
1.1836700393700788
 30
0
 11
1.1965944881889763
 21
1.1891646062992125
 31
0
  0
LINE
  5
788
330
1A
100
AcDbEntity
  8
BLACK
  6
CONTINUOUS
100
AcDbLine
 10
1.1965944881889763
 20
1.1891646062992125
 30
0
 11
1.1955225590551182
 21
1.1945536220472441
 31
0
  0
LINE
  5
789
330
1A
100
AcDbEntity
  8
BLACK
  6
CONTINUOUS
100
AcDbLine
 10
1.1955225590551182
 20
1.1945536220472441
 30
0
 11
1.1955189763779528
 21
1.1945622834645668
 31
0
  0
LINE
  5
78A
330
1A
100
AcDbEntity
  8
BLACK
  6
CONTINUOUS
100
AcDbLine
 10
1.1955189763779528
 20
1.1945622834645668
 30
0
 11
1.1950232677165353
 21
1.1957590944881888
 31
0
  0
LINE
  5
78B
330
1A
100
AcDbEntity
  8
BLACK
  6
CONTINUOUS
100
AcDbLine
 10
1.1950232677165353
 20
1.1957590944881888
 30
0
 11
1.1947244488188975
 21
1.1985382283464567
 31
0
  0
LINE
  5
78C
330
1A
100
AcDbEntity
  8
BLACK
  6
CONTINUOUS
100
AcDbLine
 10
1.1947244488188975
 20
1.1985382283464567
 30
0
 11
1.1959755905511811
 21
1.2010377165354331
 31
0
  0
LINE
  5
78D
330
1A
100
AcDbEntity
  8
BLACK
  6
CONTINUOUS
100
AcDbLine
 10
1.1959755905511811
 20
1.2010377165354331
 30
0
 11
1.1983794094488189
 21
1.2024640157480315
 31
0
  0
LINE
  5
78E
330
1A
100
AcDbEntity
  8
BLACK
  6
CONTINUOUS
100
AcDbLine
 10
1.1983794094488189
 20
1.2024640157480315
 30
0
 11
1.1996062598425197
 21
1.2026181102362203
 31
0
  0
LINE
  5
78F
330
1A
100
AcDbEntity
  8
BLACK
  6
CONTINUOUS
100
AcDbLine
 10
1.1996062598425197
 20
1.2026181102362203
 30
0
 11
1.4747353937007874
 21
1.2026181102362203
 31
0
  0
LINE
  5
790
330
1A
100
AcDbEntity
  8
BLACK
  6
CONTINUOUS
100
AcDbLine
 10
1.4747353937007874
 20
1.2026181102362203
 30
0
 11
1.4747360236220473
 21
1.2026180708661418
 31
0
  0
LINE
  5
791
330
1A
100
AcDbEntity
  8
BLACK
  6
CONTINUOUS
100
AcDbLine
 10
1.4747360236220473
 20
1.2026180708661418
 30
0
 11
1.4750398818897636
 21
1.2026180708661418
 31
0
  0
LINE
  5
792
330
1A
100
AcDbEntity
  8
BLACK
  6
CONTINUOUS
100
AcDbLine
 10
1.4750398818897636
 20
1.2026180708661418
 30
0
 11
1.4805703543307087
 21
1.2026180708661418
 31
0
  0
LINE
  5
793
330
1A
100
AcDbEntity
  8
BLACK
  6
CONTINUOUS
100
AcDbLine
 10
1.4805703543307087
 20
1.2026180708661418
 30
0
 11
1.4859123622047243
 21
1.2040494881889763
 31
0
  0
LINE
  5
794
330
1A
100
AcDbEntity
  8
BLACK
  6
CONTINUOUS
100
AcDbLine
 10
1.4859123622047243
 20
1.2040494881889763
 30
0
 11
1.4885020472440944
 21
1.2055446456692913
 31
0
  0
LINE
  5
795
330
1A
100
AcDbEntity
  8
BLACK
  6
CONTINUOUS
100
AcDbLine
 10
1.4885020472440944
 20
1.2055446456692913
 30
0
 11
1.4907018503937008
 21
1.2068146850393699
 31
0
  0
LINE
  5
796
330
1A
100
AcDbEntity
  8
BLACK
  6
CONTINUOUS
100
AcDbLine
 10
1.4907018503937008
 20
1.2068146850393699
 30
0
 11
1.4946124803149605
 21
1.2107253149606299
 31
0
  0
LINE
  5
797
330
1A
100
AcDbEntity
  8
BLACK
  6
CONTINUOUS
100
AcDbLine
 10
1.4946124803149605
 20
1.2107253149606299
 30
0
 11
1.4950206299212598
 21
1.2111334645669292
 31
0
  0
LINE
  5
798
330
1A
100
AcDbEntity
  8
BLACK
  6
CONTINUOUS
100
AcDbLine
 10
1.4950206299212598
 20
1.2111334645669292
 30
0
 11
1.4950209055118109
 21
1.2111338582677165
 31
0
  0
LINE
  5
799
330
1A
100
AcDbEntity
  8
BLACK
  6
CONTINUOUS
100
AcDbLine
 10
1.4950209055118109
 20
1.2111338582677165
 30
0
 11
1.5751605511811024
 21
1.2912734251968503
 31
0
  0
LINE
  5
79A
330
1A
100
AcDbEntity
  8
BLACK
  6
CONTINUOUS
100
AcDbLine
 10
1.5751605511811024
 20
1.2912734251968503
 30
0
 11
1.5776137795275591
 21
1.2926130314960629
 31
0
  0
LINE
  5
79B
330
1A
100
AcDbEntity
  8
BLACK
  6
CONTINUOUS
100
AcDbLine
 10
1.5776137795275591
 20
1.2926130314960629
 30
0
 11
1.5786682283464566
 21
1.2927263779527558
 31
0
  0
LINE
  5
79C
330
1A
100
AcDbEntity
  8
BLACK
  6
CONTINUOUS
100
AcDbLine
 10
1.5786682283464566
 20
1.2927263779527558
 30
0
 11
1.5814874015748031
 21
1.2927263779527558
 31
0
  0
LINE
  5
79D
330
1A
100
AcDbEntity
  8
BLACK
  6
CONTINUOUS
100
AcDbLine
 10
1.5814874015748031
 20
1.2927263779527558
 30
0
 11
1.5814874409448818
 21
1.2927263779527558
 31
0
  0
LINE
  5
79E
330
1A
100
AcDbEntity
  8
BLACK
  6
CONTINUOUS
100
AcDbLine
 10
1.5814874409448818
 20
1.2927263779527558
 30
0
 11
1.5868764566929134
 21
1.2937983070866141
 31
0
  0
LINE
  5
79F
330
1A
100
AcDbEntity
  8
BLACK
  6
CONTINUOUS
100
AcDbLine
 10
1.5868764566929134
 20
1.2937983070866141
 30
0
 11
1.5919527952755905
 21
1.2959010236220472
 31
0
  0
LINE
  5
7A0
330
1A
100
AcDbEntity
  8
BLACK
  6
CONTINUOUS
100
AcDbLine
 10
1.5919527952755905
 20
1.2959010236220472
 30
0
 11
1.5965213385826771
 21
1.298953622047244
 31
0
  0
LINE
  5
7A1
330
1A
100
AcDbEntity
  8
BLACK
  6
CONTINUOUS
100
AcDbLine
 10
1.5965213385826771
 20
1.298953622047244
 30
0
 11
1.6004066141732283
 21
1.3028388976377951
 31
0
  0
LINE
  5
7A2
330
1A
100
AcDbEntity
  8
BLACK
  6
CONTINUOUS
100
AcDbLine
 10
1.6004066141732283
 20
1.3028388976377951
 30
0
 11
1.6034592125984251
 21
1.3074074409448819
 31
0
  0
LINE
  5
7A3
330
1A
100
AcDbEntity
  8
BLACK
  6
CONTINUOUS
100
AcDbLine
 10
1.6034592125984251
 20
1.3074074409448819
 30
0
 11
1.6055619291338583
 21
1.312483779527559
 31
0
  0
LINE
  5
7A4
330
1A
100
AcDbEntity
  8
BLACK
  6
CONTINUOUS
100
AcDbLine
 10
1.6055619291338583
 20
1.312483779527559
 30
0
 11
1.6066338582677164
 21
1.3178727952755904
 31
0
  0
LINE
  5
7A5
330
1A
100
AcDbEntity
  8
BLACK
  6
CONTINUOUS
100
AcDbLine
 10
1.6066338582677164
 20
1.3178727952755904
 30
0
 11
1.6066338582677164
 21
1.3233673622047244
 31
0
  0
LINE
  5
7A6
330
1A
100
AcDbEntity
  8
BLACK
  6
CONTINUOUS
100
AcDbLine
 10
1.6066338582677164
 20
1.3233673622047244
 30
0
 11
1.6055619291338583
 21
1.3287563779527558
 31
0
  0
LINE
  5
7A7
330
1A
100
AcDbEntity
  8
BLACK
  6
CONTINUOUS
100
AcDbLine
 10
1.6055619291338583
 20
1.3287563779527558
 30
0
 11
1.6055618110236221
 21
1.3287566929133858
 31
0
  0
LINE
  5
7A8
330
1A
100
AcDbEntity
  8
BLACK
  6
CONTINUOUS
100
AcDbLine
 10
1.6055618110236221
 20
1.3287566929133858
 30
0
 11
1.6034592913385826
 21
1.3338325590551181
 31
0
  0
LINE
  5
7A9
330
1A
100
AcDbEntity
  8
BLACK
  6
CONTINUOUS
100
AcDbLine
 10
1.6034592913385826
 20
1.3338325590551181
 30
0
 11
1.6034592125984251
 21
1.3338327165354331
 31
0
  0
LINE
  5
7AA
330
1A
100
AcDbEntity
  8
BLACK
  6
CONTINUOUS
100
AcDbLine
 10
1.6034592125984251
 20
1.3338327165354331
 30
0
 11
1.6027091338582677
 21
1.3349552755905512
 31
0
  0
LINE
  5
7AB
330
1A
100
AcDbEntity
  8
BLACK
  6
CONTINUOUS
100
AcDbLine
 10
1.6027091338582677
 20
1.3349552755905512
 30
0
 11
1.6004066141732283
 21
1.3384012598425197
 31
0
  0
LINE
  5
7AC
330
1A
100
AcDbEntity
  8
BLACK
  6
CONTINUOUS
100
AcDbLine
 10
1.6004066141732283
 20
1.3384012598425197
 30
0
 11
1.5965213385826771
 21
1.3422865354330709
 31
0
  0
LINE
  5
7AD
330
1A
100
AcDbEntity
  8
BLACK
  6
CONTINUOUS
100
AcDbLine
 10
1.5965213385826771
 20
1.3422865354330709
 30
0
 11
1.5919527952755905
 21
1.3453391338582676
 31
0
  0
LINE
  5
7AE
330
1A
100
AcDbEntity
  8
BLACK
  6
CONTINUOUS
100
AcDbLine
 10
1.5919527952755905
 20
1.3453391338582676
 30
0
 11
1.5919528346456693
 21
1.3453391338582676
 31
0
  0
LINE
  5
7AF
330
1A
100
AcDbEntity
  8
BLACK
  6
CONTINUOUS
100
AcDbLine
 10
1.5919528346456693
 20
1.3453391338582676
 30
0
 11
1.5919527559055118
 21
1.3453391732283464
 31
0
  0
LINE
  5
7B0
330
1A
100
AcDbEntity
  8
BLACK
  6
CONTINUOUS
100
AcDbLine
 10
1.5919527559055118
 20
1.3453391732283464
 30
0
 11
1.5919525984251968
 21
1.3453392519685039
 31
0
  0
LINE
  5
7B1
330
1A
100
AcDbEntity
  8
BLACK
  6
CONTINUOUS
100
AcDbLine
 10
1.5919525984251968
 20
1.3453392519685039
 30
0
 11
1.5868767322834645
 21
1.3474417716535432
 31
0
  0
LINE
  5
7B2
330
1A
100
AcDbEntity
  8
BLACK
  6
CONTINUOUS
100
AcDbLine
 10
1.5868767322834645
 20
1.3474417716535432
 30
0
 11
1.5868765354330707
 21
1.3474418110236219
 31
0
  0
LINE
  5
7B3
330
1A
100
AcDbEntity
  8
BLACK
  6
CONTINUOUS
100
AcDbLine
 10
1.5868765354330707
 20
1.3474418110236219
 30
0
 11
1.5868764566929134
 21
1.3474418503937007
 31
0
  0
LINE
  5
7B4
330
1A
100
AcDbEntity
  8
BLACK
  6
CONTINUOUS
100
AcDbLine
 10
1.5868764566929134
 20
1.3474418503937007
 30
0
 11
1.5836198031496063
 21
1.3480896456692912
 31
0
  0
LINE
  5
7B5
330
1A
100
AcDbEntity
  8
BLACK
  6
CONTINUOUS
100
AcDbLine
 10
1.5836198031496063
 20
1.3480896456692912
 30
0
 11
1.5814875196850393
 21
1.348513779527559
 31
0
  0
LINE
  5
7B6
330
1A
100
AcDbEntity
  8
BLACK
  6
CONTINUOUS
100
AcDbLine
 10
1.5814875196850393
 20
1.348513779527559
 30
0
 11
1.5814874409448818
 21
1.348513779527559
 31
0
  0
LINE
  5
7B7
330
1A
100
AcDbEntity
  8
BLACK
  6
CONTINUOUS
100
AcDbLine
 10
1.5814874409448818
 20
1.348513779527559
 30
0
 11
1.5759928740157481
 21
1.348513779527559
 31
0
  0
LINE
  5
7B8
330
1A
100
AcDbEntity
  8
BLACK
  6
CONTINUOUS
100
AcDbLine
 10
1.5759928740157481
 20
1.348513779527559
 30
0
 11
1.5759927559055118
 21
1.348513779527559
 31
0
  0
LINE
  5
7B9
330
1A
100
AcDbEntity
  8
BLACK
  6
CONTINUOUS
100
AcDbLine
 10
1.5759927559055118
 20
1.348513779527559
 30
0
 11
1.5727942519685039
 21
1.347877559055118
 31
0
  0
LINE
  5
7BA
330
1A
100
AcDbEntity
  8
BLACK
  6
CONTINUOUS
100
AcDbLine
 10
1.5727942519685039
 20
1.347877559055118
 30
0
 11
1.5706038582677164
 21
1.3474418503937007
 31
0
  0
LINE
  5
7BB
330
1A
100
AcDbEntity
  8
BLACK
  6
CONTINUOUS
100
AcDbLine
 10
1.5706038582677164
 20
1.3474418503937007
 30
0
 11
1.5706037795275589
 21
1.3474418503937007
 31
0
  0
LINE
  5
7BC
330
1A
100
AcDbEntity
  8
BLACK
  6
CONTINUOUS
100
AcDbLine
 10
1.5706037795275589
 20
1.3474418503937007
 30
0
 11
1.5706035433070866
 21
1.3474417716535432
 31
0
  0
LINE
  5
7BD
330
1A
100
AcDbEntity
  8
BLACK
  6
CONTINUOUS
100
AcDbLine
 10
1.5706035433070866
 20
1.3474417716535432
 30
0
 11
1.5655276771653543
 21
1.3453392519685039
 31
0
  0
LINE
  5
7BE
330
1A
100
AcDbEntity
  8
BLACK
  6
CONTINUOUS
100
AcDbLine
 10
1.5655276771653543
 20
1.3453392519685039
 30
0
 11
1.5655275196850393
 21
1.3453391732283464
 31
0
  0
LINE
  5
7BF
330
1A
100
AcDbEntity
  8
BLACK
  6
CONTINUOUS
100
AcDbLine
 10
1.5655275196850393
 20
1.3453391732283464
 30
0
 11
1.5609591338582678
 21
1.3422866535433071
 31
0
  0
LINE
  5
7C0
330
1A
100
AcDbEntity
  8
BLACK
  6
CONTINUOUS
100
AcDbLine
 10
1.5609591338582678
 20
1.3422866535433071
 30
0
 11
1.5609588582677165
 21
1.3422864566929134
 31
0
  0
LINE
  5
7C1
330
1A
100
AcDbEntity
  8
BLACK
  6
CONTINUOUS
100
AcDbLine
 10
1.5609588582677165
 20
1.3422864566929134
 30
0
 11
1.5570737795275591
 21
1.3384013779527559
 31
0
  0
LINE
  5
7C2
330
1A
100
AcDbEntity
  8
BLACK
  6
CONTINUOUS
100
AcDbLine
 10
1.5570737795275591
 20
1.3384013779527559
 30
0
 11
1.5570735826771653
 21
1.3384011023622047
 31
0
  0
LINE
  5
7C3
330
1A
100
AcDbEntity
  8
BLACK
  6
CONTINUOUS
100
AcDbLine
 10
1.5570735826771653
 20
1.3384011023622047
 30
0
 11
1.5540211023622046
 21
1.3338327165354331
 31
0
  0
LINE
  5
7C4
330
1A
100
AcDbEntity
  8
BLACK
  6
CONTINUOUS
100
AcDbLine
 10
1.5540211023622046
 20
1.3338327165354331
 30
0
 11
1.5519183464566928
 21
1.3287562992125983
 31
0
  0
LINE
  5
7C5
330
1A
100
AcDbEntity
  8
BLACK
  6
CONTINUOUS
100
AcDbLine
 10
1.5519183464566928
 20
1.3287562992125983
 30
0
 11
1.5519182677165353
 21
1.3287560236220473
 31
0
  0
LINE
  5
7C6
330
1A
100
AcDbEntity
  8
BLACK
  6
CONTINUOUS
100
AcDbLine
 10
1.5519182677165353
 20
1.3287560236220473
 30
0
 11
1.5518848425196849
 21
1.3285879527559055
 31
0
  0
LINE
  5
7C7
330
1A
100
AcDbEntity
  8
BLACK
  6
CONTINUOUS
100
AcDbLine
 10
1.5518848425196849
 20
1.3285879527559055
 30
0
 11
1.5505891338582676
 21
1.3261112992125983
 31
0
  0
LINE
  5
7C8
330
1A
100
AcDbEntity
  8
BLACK
  6
CONTINUOUS
100
AcDbLine
 10
1.5505891338582676
 20
1.3261112992125983
 30
0
 11
1.5505272834645669
 21
1.3260483464566928
 31
0
  0
LINE
  5
7C9
330
1A
100
AcDbEntity
  8
BLACK
  6
CONTINUOUS
100
AcDbLine
 10
1.5505272834645669
 20
1.3260483464566928
 30
0
 11
1.4833108267716535
 21
1.2588318503937008
 31
0
  0
LINE
  5
7CA
330
1A
100
AcDbEntity
  8
BLACK
  6
CONTINUOUS
100
AcDbLine
 10
1.4833108267716535
 20
1.2588318503937008
 30
0
 11
1.4808575984251968
 21
1.257492283464567
 31
0
  0
LINE
  5
7CB
330
1A
100
AcDbEntity
  8
BLACK
  6
CONTINUOUS
100
AcDbLine
 10
1.4808575984251968
 20
1.257492283464567
 30
0
 11
1.4780696062992125
 21
1.2576916535433071
 31
0
  0
LINE
  5
7CC
330
1A
100
AcDbEntity
  8
BLACK
  6
CONTINUOUS
100
AcDbLine
 10
1.4780696062992125
 20
1.2576916535433071
 30
0
 11
1.4758319685039369
 21
1.2593667322834645
 31
0
  0
LINE
  5
7CD
330
1A
100
AcDbEntity
  8
BLACK
  6
CONTINUOUS
100
AcDbLine
 10
1.4758319685039369
 20
1.2593667322834645
 30
0
 11
1.474855157480315
 21
1.2619856299212597
 31
0
  0
LINE
  5
7CE
330
1A
100
AcDbEntity
  8
BLACK
  6
CONTINUOUS
100
AcDbLine
 10
1.474855157480315
 20
1.2619856299212597
 30
0
 11
1.4748425196850394
 21
1.262339527559055
 31
0
  0
LINE
  5
7CF
330
1A
100
AcDbEntity
  8
BLACK
  6
CONTINUOUS
100
AcDbLine
 10
1.4748425196850394
 20
1.262339527559055
 30
0
 11
1.4748425196850394
 21
1.26573937007874
 31
0
  0
LINE
  5
7D0
330
1A
100
AcDbEntity
  8
BLACK
  6
CONTINUOUS
100
AcDbLine
 10
1.4748425196850394
 20
1.26573937007874
 30
0
 11
1.4748424803149607
 21
1.2657395275590551
 31
0
  0
LINE
  5
7D1
330
1A
100
AcDbEntity
  8
BLACK
  6
CONTINUOUS
100
AcDbLine
 10
1.4748424803149607
 20
1.2657395275590551
 30
0
 11
1.4746108267716536
 21
1.2669041732283464
 31
0
  0
LINE
  5
7D2
330
1A
100
AcDbEntity
  8
BLACK
  6
CONTINUOUS
100
AcDbLine
 10
1.4746108267716536
 20
1.2669041732283464
 30
0
 11
1.4737705905511811
 21
1.2711284251968504
 31
0
  0
LINE
  5
7D3
330
1A
100
AcDbEntity
  8
BLACK
  6
CONTINUOUS
100
AcDbLine
 10
1.4737705905511811
 20
1.2711284251968504
 30
0
 11
1.4737704724409448
 21
1.2711287401574802
 31
0
  0
LINE
  5
7D4
330
1A
100
AcDbEntity
  8
BLACK
  6
CONTINUOUS
100
AcDbLine
 10
1.4737704724409448
 20
1.2711287401574802
 30
0
 11
1.4716679527559056
 21
1.2762046062992125
 31
0
  0
LINE
  5
7D5
330
1A
100
AcDbEntity
  8
BLACK
  6
CONTINUOUS
100
AcDbLine
 10
1.4716679527559056
 20
1.2762046062992125
 30
0
 11
1.4716678740157481
 21
1.2762047637795275
 31
0
  0
LINE
  5
7D6
330
1A
100
AcDbEntity
  8
BLACK
  6
CONTINUOUS
100
AcDbLine
 10
1.4716678740157481
 20
1.2762047637795275
 30
0
 11
1.470344842519685
 21
1.2781848031496064
 31
0
  0
LINE
  5
7D7
330
1A
100
AcDbEntity
  8
BLACK
  6
CONTINUOUS
100
AcDbLine
 10
1.470344842519685
 20
1.2781848031496064
 30
0
 11
1.4686152755905511
 21
1.2807733070866141
 31
0
  0
LINE
  5
7D8
330
1A
100
AcDbEntity
  8
BLACK
  6
CONTINUOUS
100
AcDbLine
 10
1.4686152755905511
 20
1.2807733070866141
 30
0
 11
1.4647299999999999
 21
1.2846585826771653
 31
0
  0
LINE
  5
7D9
330
1A
100
AcDbEntity
  8
BLACK
  6
CONTINUOUS
100
AcDbLine
 10
1.4647299999999999
 20
1.2846585826771653
 30
0
 11
1.4621987795275591
 21
1.2863498818897638
 31
0
  0
LINE
  5
7DA
330
1A
100
AcDbEntity
  8
BLACK
  6
CONTINUOUS
100
AcDbLine
 10
1.4621987795275591
 20
1.2863498818897638
 30
0
 11
1.4601614173228346
 21
1.287711220472441
 31
0
  0
LINE
  5
7DB
330
1A
100
AcDbEntity
  8
BLACK
  6
CONTINUOUS
100
AcDbLine
 10
1.4601614173228346
 20
1.287711220472441
 30
0
 11
1.4601612598425195
 21
1.2877112992125983
 31
0
  0
LINE
  5
7DC
330
1A
100
AcDbEntity
  8
BLACK
  6
CONTINUOUS
100
AcDbLine
 10
1.4601612598425195
 20
1.2877112992125983
 30
0
 11
1.4550853937007873
 21
1.2898138188976378
 31
0
  0
LINE
  5
7DD
330
1A
100
AcDbEntity
  8
BLACK
  6
CONTINUOUS
100
AcDbLine
 10
1.4550853937007873
 20
1.2898138188976378
 30
0
 11
1.4550851968503937
 21
1.2898138582677166
 31
0
  0
LINE
  5
7DE
330
1A
100
AcDbEntity
  8
BLACK
  6
CONTINUOUS
100
AcDbLine
 10
1.4550851968503937
 20
1.2898138582677166
 30
0
 11
1.4550851181102362
 21
1.2898138976377953
 31
0
  0
LINE
  5
7DF
330
1A
100
AcDbEntity
  8
BLACK
  6
CONTINUOUS
100
AcDbLine
 10
1.4550851181102362
 20
1.2898138976377953
 30
0
 11
1.451828464566929
 21
1.2904616929133859
 31
0
  0
LINE
  5
7E0
330
1A
100
AcDbEntity
  8
BLACK
  6
CONTINUOUS
100
AcDbLine
 10
1.451828464566929
 20
1.2904616929133859
 30
0
 11
1.4496961811023621
 21
1.2908858267716534
 31
0
  0
LINE
  5
7E1
330
1A
100
AcDbEntity
  8
BLACK
  6
CONTINUOUS
100
AcDbLine
 10
1.4496961811023621
 20
1.2908858267716534
 30
0
 11
1.4496961023622046
 21
1.2908858267716534
 31
0
  0
LINE
  5
7E2
330
1A
100
AcDbEntity
  8
BLACK
  6
CONTINUOUS
100
AcDbLine
 10
1.4496961023622046
 20
1.2908858267716534
 30
0
 11
1.4462794094488189
 21
1.2908858267716534
 31
0
  0
LINE
  5
7E3
330
1A
100
AcDbEntity
  8
BLACK
  6
CONTINUOUS
100
AcDbLine
 10
1.4462794094488189
 20
1.2908858267716534
 30
0
 11
1.4435974803149605
 21
1.2916733070866142
 31
0
  0
LINE
  5
7E4
330
1A
100
AcDbEntity
  8
BLACK
  6
CONTINUOUS
100
AcDbLine
 10
1.4435974803149605
 20
1.2916733070866142
 30
0
 11
1.4417670472440944
 21
1.293785748031496
 31
0
  0
LINE
  5
7E5
330
1A
100
AcDbEntity
  8
BLACK
  6
CONTINUOUS
100
AcDbLine
 10
1.4417670472440944
 20
1.293785748031496
 30
0
 11
1.441369251968504
 21
1.2965524409448819
 31
0
  0
LINE
  5
7E6
330
1A
100
AcDbEntity
  8
BLACK
  6
CONTINUOUS
100
AcDbLine
 10
1.441369251968504
 20
1.2965524409448819
 30
0
 11
1.441414094488189
 21
1.296814251968504
 31
0
  0
LINE
  5
7E7
330
1A
100
AcDbEntity
  8
BLACK
  6
CONTINUOUS
100
AcDbLine
 10
1.441414094488189
 20
1.296814251968504
 30
0
 11
1.4415896456692914
 21
1.2976968503937008
 31
0
  0
LINE
  5
7E8
330
1A
100
AcDbEntity
  8
BLACK
  6
CONTINUOUS
100
AcDbLine
 10
1.4415896456692914
 20
1.2976968503937008
 30
0
 11
1.4424606299212599
 21
1.3020755511811024
 31
0
  0
LINE
  5
7E9
330
1A
100
AcDbEntity
  8
BLACK
  6
CONTINUOUS
100
AcDbLine
 10
1.4424606299212599
 20
1.3020755511811024
 30
0
 11
1.4424606299212599
 21
1.3075701181102362
 31
0
  0
LINE
  5
7EA
330
1A
100
AcDbEntity
  8
BLACK
  6
CONTINUOUS
100
AcDbLine
 10
1.4424606299212599
 20
1.3075701181102362
 30
0
 11
1.4413887007874016
 21
1.3129591338582678
 31
0
  0
LINE
  5
7EB
330
1A
100
AcDbEntity
  8
BLACK
  6
CONTINUOUS
100
AcDbLine
 10
1.4413887007874016
 20
1.3129591338582678
 30
0
 11
1.441378622047244
 21
1.3129835039370079
 31
0
  0
LINE
  5
7EC
330
1A
100
AcDbEntity
  8
BLACK
  6
CONTINUOUS
100
AcDbLine
 10
1.441378622047244
 20
1.3129835039370079
 30
0
 11
1.439286062992126
 21
1.3180353149606299
 31
0
  0
LINE
  5
7ED
330
1A
100
AcDbEntity
  8
BLACK
  6
CONTINUOUS
100
AcDbLine
 10
1.439286062992126
 20
1.3180353149606299
 30
0
 11
1.4392858661417323
 21
1.3180356692913386
 31
0
  0
LINE
  5
7EE
330
1A
100
AcDbEntity
  8
BLACK
  6
CONTINUOUS
100
AcDbLine
 10
1.4392858661417323
 20
1.3180356692913386
 30
0
 11
1.4364068897637794
 21
1.3223444094488188
 31
0
  0
LINE
  5
7EF
330
1A
100
AcDbEntity
  8
BLACK
  6
CONTINUOUS
100
AcDbLine
 10
1.4364068897637794
 20
1.3223444094488188
 30
0
 11
1.435571653543307
 21
1.325011811023622
 31
0
  0
LINE
  5
7F0
330
1A
100
AcDbEntity
  8
BLACK
  6
CONTINUOUS
100
AcDbLine
 10
1.435571653543307
 20
1.325011811023622
 30
0
 11
1.4355708661417323
 21
1.3251003543307087
 31
0
  0
LINE
  5
7F1
330
1A
100
AcDbEntity
  8
BLACK
  6
CONTINUOUS
100
AcDbLine
 10
1.4355708661417323
 20
1.3251003543307087
 30
0
 11
1.4355708661417323
 21
1.3342362204724409
 31
0
  0
LINE
  5
7F2
330
1A
100
AcDbEntity
  8
BLACK
  6
CONTINUOUS
100
AcDbLine
 10
1.4355708661417323
 20
1.3342362204724409
 30
0
 11
1.4355709055118111
 21
1.3342367322834645
 31
0
  0
LINE
  5
7F3
330
1A
100
AcDbEntity
  8
BLACK
  6
CONTINUOUS
100
AcDbLine
 10
1.4355709055118111
 20
1.3342367322834645
 30
0
 11
1.4355709055118111
 21
1.340166811023622
 31
0
  0
LINE
  5
7F4
330
1A
100
AcDbEntity
  8
BLACK
  6
CONTINUOUS
100
AcDbLine
 10
1.4355709055118111
 20
1.340166811023622
 30
0
 11
1.4355708661417323
 21
1.340166968503937
 31
0
  0
LINE
  5
7F5
330
1A
100
AcDbEntity
  8
BLACK
  6
CONTINUOUS
100
AcDbLine
 10
1.4355708661417323
 20
1.340166968503937
 30
0
 11
1.4341395275590552
 21
1.3455087401574803
 31
0
  0
LINE
  5
7F6
330
1A
100
AcDbEntity
  8
BLACK
  6
CONTINUOUS
100
AcDbLine
 10
1.4341395275590552
 20
1.3455087401574803
 30
0
 11
1.433976968503937
 21
1.3457902755905511
 31
0
  0
LINE
  5
7F7
330
1A
100
AcDbEntity
  8
BLACK
  6
CONTINUOUS
100
AcDbLine
 10
1.433976968503937
 20
1.3457902755905511
 30
0
 11
1.4324045669291339
 21
1.348513779527559
 31
0
  0
LINE
  5
7F8
330
1A
100
AcDbEntity
  8
BLACK
  6
CONTINUOUS
100
AcDbLine
 10
1.4324045669291339
 20
1.348513779527559
 30
0
 11
1.4313742913385827
 21
1.3502983070866141
 31
0
  0
LINE
  5
7F9
330
1A
100
AcDbEntity
  8
BLACK
  6
CONTINUOUS
100
AcDbLine
 10
1.4313742913385827
 20
1.3502983070866141
 30
0
 11
1.431374094488189
 21
1.3502985039370079
 31
0
  0
LINE
  5
7FA
330
1A
100
AcDbEntity
  8
BLACK
  6
CONTINUOUS
100
AcDbLine
 10
1.431374094488189
 20
1.3502985039370079
 30
0
 11
1.4313740157480315
 21
1.3502986220472442
 31
0
  0
LINE
  5
7FB
330
1A
100
AcDbEntity
  8
BLACK
  6
CONTINUOUS
100
AcDbLine
 10
1.4313740157480315
 20
1.3502986220472442
 30
0
 11
1.4272908661417323
 21
1.3543817716535433
 31
0
  0
LINE
  5
7FC
330
1A
100
AcDbEntity
  8
BLACK
  6
CONTINUOUS
100
AcDbLine
 10
1.4272908661417323
 20
1.3543817716535433
 30
0
 11
1.4272899606299212
 21
1.3543825984251969
 31
0
  0
LINE
  5
7FD
330
1A
100
AcDbEntity
  8
BLACK
  6
CONTINUOUS
100
AcDbLine
 10
1.4272899606299212
 20
1.3543825984251969
 30
0
 11
1.3757517716535432
 21
1.4059207874015747
 31
0
  0
LINE
  5
7FE
330
1A
100
AcDbEntity
  8
BLACK
  6
CONTINUOUS
100
AcDbLine
 10
1.3757517716535432
 20
1.4059207874015747
 30
0
 11
1.3757512992125984
 21
1.4059213385826772
 31
0
  0
LINE
  5
7FF
330
1A
100
AcDbEntity
  8
BLACK
  6
CONTINUOUS
100
AcDbLine
 10
1.3757512992125984
 20
1.4059213385826772
 30
0
 11
1.3715583858267717
 21
1.4101142519685039
 31
0
  0
LINE
  5
800
330
1A
100
AcDbEntity
  8
BLACK
  6
CONTINUOUS
100
AcDbLine
 10
1.3715583858267717
 20
1.4101142519685039
 30
0
 11
1.3715579921259842
 21
1.4101145669291337
 31
0
  0
LINE
  5
801
330
1A
100
AcDbEntity
  8
BLACK
  6
CONTINUOUS
100
AcDbLine
 10
1.3715579921259842
 20
1.4101145669291337
 30
0
 11
1.3691633464566928
 21
1.4114970866141732
 31
0
  0
LINE
  5
802
330
1A
100
AcDbEntity
  8
BLACK
  6
CONTINUOUS
100
AcDbLine
 10
1.3691633464566928
 20
1.4114970866141732
 30
0
 11
1.369163307086614
 21
1.4114970866141732
 31
0
  0
LINE
  5
803
330
1A
100
AcDbEntity
  8
BLACK
  6
CONTINUOUS
100
AcDbLine
 10
1.369163307086614
 20
1.4114970866141732
 30
0
 11
1.3667685433070866
 21
1.4128797244094489
 31
0
  0
LINE
  5
804
330
1A
100
AcDbEntity
  8
BLACK
  6
CONTINUOUS
100
AcDbLine
 10
1.3667685433070866
 20
1.4128797244094489
 30
0
 11
1.3614267716535433
 21
1.4143110629921261
 31
0
  0
LINE
  5
805
330
1A
100
AcDbEntity
  8
BLACK
  6
CONTINUOUS
100
AcDbLine
 10
1.3614267716535433
 20
1.4143110629921261
 30
0
 11
1.3614266535433071
 21
1.4143110629921261
 31
0
  0
LINE
  5
806
330
1A
100
AcDbEntity
  8
BLACK
  6
CONTINUOUS
100
AcDbLine
 10
1.3614266535433071
 20
1.4143110629921261
 30
0
 11
1.3558961811023622
 21
1.4143110629921261
 31
0
  0
LINE
  5
807
330
1A
100
AcDbEntity
  8
BLACK
  6
CONTINUOUS
100
AcDbLine
 10
1.3558961811023622
 20
1.4143110629921261
 30
0
 11
1.3555923228346456
 21
1.4143110629921261
 31
0
  0
LINE
  5
808
330
1A
100
AcDbEntity
  8
BLACK
  6
CONTINUOUS
100
AcDbLine
 10
1.3555923228346456
 20
1.4143110629921261
 30
0
 11
1.3555916929133858
 21
1.4143110236220473
 31
0
  0
LINE
  5
809
330
1A
100
AcDbEntity
  8
BLACK
  6
CONTINUOUS
100
AcDbLine
 10
1.3555916929133858
 20
1.4143110236220473
 30
0
 11
1.2745830708661416
 21
1.4143110236220473
 31
0
  0
LINE
  5
80A
330
1A
100
AcDbEntity
  8
BLACK
  6
CONTINUOUS
100
AcDbLine
 10
1.2745830708661416
 20
1.4143110236220473
 30
0
 11
1.2719011417322834
 21
1.4150985039370079
 31
0
  0
LINE
  5
80B
330
1A
100
AcDbEntity
  8
BLACK
  6
CONTINUOUS
100
AcDbLine
 10
1.2719011417322834
 20
1.4150985039370079
 30
0
 11
1.2710753937007875
 21
1.4157639763779528
 31
0
  0
LINE
  5
80C
330
1A
100
AcDbEntity
  8
BLACK
  6
CONTINUOUS
100
AcDbLine
 10
1.2710753937007875
 20
1.4157639763779528
 30
0
 11
1.2697497637795276
 21
1.4170896062992127
 31
0
  0
LINE
  5
80D
330
1A
100
AcDbEntity
  8
BLACK
  6
CONTINUOUS
100
AcDbLine
 10
1.2697497637795276
 20
1.4170896062992127
 30
0
 11
1.2697496850393701
 21
1.4170896850393699
 31
0
  0
LINE
  5
80E
330
1A
100
AcDbEntity
  8
BLACK
  6
CONTINUOUS
100
AcDbLine
 10
1.2697496850393701
 20
1.4170896850393699
 30
0
 11
1.2652375984251969
 21
1.4201045669291339
 31
0
  0
LINE
  5
80F
330
1A
100
AcDbEntity
  8
BLACK
  6
CONTINUOUS
100
AcDbLine
 10
1.2652375984251969
 20
1.4201045669291339
 30
0
 11
1.2651811023622046
 21
1.4201423228346457
 31
0
  0
LINE
  5
810
330
1A
100
AcDbEntity
  8
BLACK
  6
CONTINUOUS
100
AcDbLine
 10
1.2651811023622046
 20
1.4201423228346457
 30
0
 11
1.2651809448818898
 21
1.4201424015748032
 31
0
  0
LINE
  5
811
330
1A
100
AcDbEntity
  8
BLACK
  6
CONTINUOUS
100
AcDbLine
 10
1.2651809448818898
 20
1.4201424015748032
 30
0
 11
1.2601050787401575
 21
1.4222449212598425
 31
0
  0
LINE
  5
812
330
1A
100
AcDbEntity
  8
BLACK
  6
CONTINUOUS
100
AcDbLine
 10
1.2601050787401575
 20
1.4222449212598425
 30
0
 11
1.2601048818897638
 21
1.4222449606299212
 31
0
  0
LINE
  5
813
330
1A
100
AcDbEntity
  8
BLACK
  6
CONTINUOUS
100
AcDbLine
 10
1.2601048818897638
 20
1.4222449606299212
 30
0
 11
1.2601048031496063
 21
1.422245
 31
0
  0
LINE
  5
814
330
1A
100
AcDbEntity
  8
BLACK
  6
CONTINUOUS
100
AcDbLine
 10
1.2601048031496063
 20
1.422245
 30
0
 11
1.2568481496062991
 21
1.4228927952755905
 31
0
  0
LINE
  5
815
330
1A
100
AcDbEntity
  8
BLACK
  6
CONTINUOUS
100
AcDbLine
 10
1.2568481496062991
 20
1.4228927952755905
 30
0
 11
1.2547158661417324
 21
1.4233169291338583
 31
0
  0
LINE
  5
816
330
1A
100
AcDbEntity
  8
BLACK
  6
CONTINUOUS
100
AcDbLine
 10
1.2547158661417324
 20
1.4233169291338583
 30
0
 11
1.2547157874015749
 21
1.4233169291338583
 31
0
  0
LINE
  5
817
330
1A
100
AcDbEntity
  8
BLACK
  6
CONTINUOUS
100
AcDbLine
 10
1.2547157874015749
 20
1.4233169291338583
 30
0
 11
1.2492212204724409
 21
1.4233169291338583
 31
0
  0
LINE
  5
818
330
1A
100
AcDbEntity
  8
BLACK
  6
CONTINUOUS
100
AcDbLine
 10
1.2492212204724409
 20
1.4233169291338583
 30
0
 11
1.2492211023622046
 21
1.4233169291338583
 31
0
  0
LINE
  5
819
330
1A
100
AcDbEntity
  8
BLACK
  6
CONTINUOUS
100
AcDbLine
 10
1.2492211023622046
 20
1.4233169291338583
 30
0
 11
1.2460225984251969
 21
1.4226807086614173
 31
0
  0
LINE
  5
81A
330
1A
100
AcDbEntity
  8
BLACK
  6
CONTINUOUS
100
AcDbLine
 10
1.2460225984251969
 20
1.4226807086614173
 30
0
 11
1.2438322047244095
 21
1.422245
 31
0
  0
LINE
  5
81B
330
1A
100
AcDbEntity
  8
BLACK
  6
CONTINUOUS
100
AcDbLine
 10
1.2438322047244095
 20
1.422245
 30
0
 11
1.243832125984252
 21
1.422245
 31
0
  0
LINE
  5
81C
330
1A
100
AcDbEntity
  8
BLACK
  6
CONTINUOUS
100
AcDbLine
 10
1.243832125984252
 20
1.422245
 30
0
 11
1.2438318897637795
 21
1.4222449212598425
 31
0
  0
LINE
  5
81D
330
1A
100
AcDbEntity
  8
BLACK
  6
CONTINUOUS
100
AcDbLine
 10
1.2438318897637795
 20
1.4222449212598425
 30
0
 11
1.2387560236220472
 21
1.4201424015748032
 31
0
  0
LINE
  5
81E
330
1A
100
AcDbEntity
  8
BLACK
  6
CONTINUOUS
100
AcDbLine
 10
1.2387560236220472
 20
1.4201424015748032
 30
0
 11
1.2387558661417322
 21
1.4201423228346457
 31
0
  0
LINE
  5
81F
330
1A
100
AcDbEntity
  8
BLACK
  6
CONTINUOUS
100
AcDbLine
 10
1.2387558661417322
 20
1.4201423228346457
 30
0
 11
1.2341874803149606
 21
1.4170898031496062
 31
0
  0
LINE
  5
820
330
1A
100
AcDbEntity
  8
BLACK
  6
CONTINUOUS
100
AcDbLine
 10
1.2341874803149606
 20
1.4170898031496062
 30
0
 11
1.2341872047244093
 21
1.4170896062992127
 31
0
  0
LINE
  5
821
330
1A
100
AcDbEntity
  8
BLACK
  6
CONTINUOUS
100
AcDbLine
 10
1.2341872047244093
 20
1.4170896062992127
 30
0
 11
1.2303021259842519
 21
1.413204527559055
 31
0
  0
LINE
  5
822
330
1A
100
AcDbEntity
  8
BLACK
  6
CONTINUOUS
100
AcDbLine
 10
1.2303021259842519
 20
1.413204527559055
 30
0
 11
1.2303019291338582
 21
1.413204251968504
 31
0
  0
LINE
  5
823
330
1A
100
AcDbEntity
  8
BLACK
  6
CONTINUOUS
100
AcDbLine
 10
1.2303019291338582
 20
1.413204251968504
 30
0
 11
1.2272494094488189
 21
1.4086358661417322
 31
0
  0
LINE
  5
824
330
1A
100
AcDbEntity
  8
BLACK
  6
CONTINUOUS
100
AcDbLine
 10
1.2272494094488189
 20
1.4086358661417322
 30
0
 11
1.2272493307086614
 21
1.4086357086614172
 31
0
  0
LINE
  5
825
330
1A
100
AcDbEntity
  8
BLACK
  6
CONTINUOUS
100
AcDbLine
 10
1.2272493307086614
 20
1.4086357086614172
 30
0
 11
1.2251468110236221
 21
1.4035598425196849
 31
0
  0
LINE
  5
826
330
1A
100
AcDbEntity
  8
BLACK
  6
CONTINUOUS
100
AcDbLine
 10
1.2251468110236221
 20
1.4035598425196849
 30
0
 11
1.2251467322834646
 21
1.4035596062992126
 31
0
  0
LINE
  5
827
330
1A
100
AcDbEntity
  8
BLACK
  6
CONTINUOUS
100
AcDbLine
 10
1.2251467322834646
 20
1.4035596062992126
 30
0
 11
1.2251467322834646
 21
1.4035595275590551
 31
0
  0
LINE
  5
828
330
1A
100
AcDbEntity
  8
BLACK
  6
CONTINUOUS
100
AcDbLine
 10
1.2251467322834646
 20
1.4035595275590551
 30
0
 11
1.2249326771653544
 21
1.4024834251968503
 31
0
  0
LINE
  5
829
330
1A
100
AcDbEntity
  8
BLACK
  6
CONTINUOUS
100
AcDbLine
 10
1.2249326771653544
 20
1.4024834251968503
 30
0
 11
1.2240748031496063
 21
1.3981706299212597
 31
0
  0
LINE
  5
82A
330
1A
100
AcDbEntity
  8
BLACK
  6
CONTINUOUS
100
AcDbLine
 10
1.2240748031496063
 20
1.3981706299212597
 30
0
 11
1.2240748031496063
 21
1.3981705118110237
 31
0
  0
LINE
  5
82B
330
1A
100
AcDbEntity
  8
BLACK
  6
CONTINUOUS
100
AcDbLine
 10
1.2240748031496063
 20
1.3981705118110237
 30
0
 11
1.2240748031496063
 21
1.3926759448818897
 31
0
  0
LINE
  5
82C
330
1A
100
AcDbEntity
  8
BLACK
  6
CONTINUOUS
100
AcDbLine
 10
1.2240748031496063
 20
1.3926759448818897
 30
0
 11
1.2251467322834646
 21
1.3872869291338583
 31
0
  0
LINE
  5
82D
330
1A
100
AcDbEntity
  8
BLACK
  6
CONTINUOUS
100
AcDbLine
 10
1.2251467322834646
 20
1.3872869291338583
 30
0
 11
1.2251467716535434
 21
1.3872868503937008
 31
0
  0
LINE
  5
82E
330
1A
100
AcDbEntity
  8
BLACK
  6
CONTINUOUS
100
AcDbLine
 10
1.2251467716535434
 20
1.3872868503937008
 30
0
 11
1.2251468110236221
 21
1.387286653543307
 31
0
  0
LINE
  5
82F
330
1A
100
AcDbEntity
  8
BLACK
  6
CONTINUOUS
100
AcDbLine
 10
1.2251468110236221
 20
1.387286653543307
 30
0
 11
1.2272493307086614
 21
1.3822107874015748
 31
0
  0
LINE
  5
830
330
1A
100
AcDbEntity
  8
BLACK
  6
CONTINUOUS
100
AcDbLine
 10
1.2272493307086614
 20
1.3822107874015748
 30
0
 11
1.2272494094488189
 21
1.3822106299212598
 31
0
  0
LINE
  5
831
330
1A
100
AcDbEntity
  8
BLACK
  6
CONTINUOUS
100
AcDbLine
 10
1.2272494094488189
 20
1.3822106299212598
 30
0
 11
1.2272494488188976
 21
1.382210590551181
 31
0
  0
LINE
  5
832
330
1A
100
AcDbEntity
  8
BLACK
  6
CONTINUOUS
100
AcDbLine
 10
1.2272494488188976
 20
1.382210590551181
 30
0
 11
1.2303020472440944
 21
1.3776420472440944
 31
0
  0
LINE
  5
833
330
1A
100
AcDbEntity
  8
BLACK
  6
CONTINUOUS
100
AcDbLine
 10
1.2303020472440944
 20
1.3776420472440944
 30
0
 11
1.2341873228346456
 21
1.3737567716535433
 31
0
  0
LINE
  5
834
330
1A
100
AcDbEntity
  8
BLACK
  6
CONTINUOUS
100
AcDbLine
 10
1.2341873228346456
 20
1.3737567716535433
 30
0
 11
1.237541377952756
 21
1.3715156692913386
 31
0
  0
LINE
  5
835
330
1A
100
AcDbEntity
  8
BLACK
  6
CONTINUOUS
100
AcDbLine
 10
1.237541377952756
 20
1.3715156692913386
 30
0
 11
1.2387558661417322
 21
1.3707041732283465
 31
0
  0
LINE
  5
836
330
1A
100
AcDbEntity
  8
BLACK
  6
CONTINUOUS
100
AcDbLine
 10
1.2387558661417322
 20
1.3707041732283465
 30
0
 11
1.2387560236220472
 21
1.370704094488189
 31
0
  0
LINE
  5
837
330
1A
100
AcDbEntity
  8
BLACK
  6
CONTINUOUS
100
AcDbLine
 10
1.2387560236220472
 20
1.370704094488189
 30
0
 11
1.2438318897637795
 21
1.3686015748031495
 31
0
  0
LINE
  5
838
330
1A
100
AcDbEntity
  8
BLACK
  6
CONTINUOUS
100
AcDbLine
 10
1.2438318897637795
 20
1.3686015748031495
 30
0
 11
1.2438319291338582
 21
1.3686015748031495
 31
0
  0
LINE
  5
839
330
1A
100
AcDbEntity
  8
BLACK
  6
CONTINUOUS
100
AcDbLine
 10
1.2438319291338582
 20
1.3686015748031495
 30
0
 11
1.2438322047244095
 21
1.3686014566929134
 31
0
  0
LINE
  5
83A
330
1A
100
AcDbEntity
  8
BLACK
  6
CONTINUOUS
100
AcDbLine
 10
1.2438322047244095
 20
1.3686014566929134
 30
0
 11
1.2492212204724409
 21
1.3675295275590551
 31
0
  0
LINE
  5
83B
330
1A
100
AcDbEntity
  8
BLACK
  6
CONTINUOUS
100
AcDbLine
 10
1.2492212204724409
 20
1.3675295275590551
 30
0
 11
1.2492212598425196
 21
1.3675295275590551
 31
0
  0
LINE
  5
83C
330
1A
100
AcDbEntity
  8
BLACK
  6
CONTINUOUS
100
AcDbLine
 10
1.2492212598425196
 20
1.3675295275590551
 30
0
 11
1.2547157480314961
 21
1.3675295275590551
 31
0
  0
LINE
  5
83D
330
1A
100
AcDbEntity
  8
BLACK
  6
CONTINUOUS
100
AcDbLine
 10
1.2547157480314961
 20
1.3675295275590551
 30
0
 11
1.2547157874015749
 21
1.3675295275590551
 31
0
  0
LINE
  5
83E
330
1A
100
AcDbEntity
  8
BLACK
  6
CONTINUOUS
100
AcDbLine
 10
1.2547157874015749
 20
1.3675295275590551
 30
0
 11
1.2601048031496063
 21
1.3686014566929134
 31
0
  0
LINE
  5
83F
330
1A
100
AcDbEntity
  8
BLACK
  6
CONTINUOUS
100
AcDbLine
 10
1.2601048031496063
 20
1.3686014566929134
 30
0
 11
1.2651811417322834
 21
1.3707041732283465
 31
0
  0
LINE
  5
840
330
1A
100
AcDbEntity
  8
BLACK
  6
CONTINUOUS
100
AcDbLine
 10
1.2651811417322834
 20
1.3707041732283465
 30
0
 11
1.266323031496063
 21
1.3714672047244094
 31
0
  0
LINE
  5
841
330
1A
100
AcDbEntity
  8
BLACK
  6
CONTINUOUS
100
AcDbLine
 10
1.266323031496063
 20
1.3714672047244094
 30
0
 11
1.2689904724409449
 21
1.3723023622047243
 31
0
  0
LINE
  5
842
330
1A
100
AcDbEntity
  8
BLACK
  6
CONTINUOUS
100
AcDbLine
 10
1.2689904724409449
 20
1.3723023622047243
 30
0
 11
1.2690789763779526
 21
1.3723031496062992
 31
0
  0
LINE
  5
843
330
1A
100
AcDbEntity
  8
BLACK
  6
CONTINUOUS
100
AcDbLine
 10
1.2690789763779526
 20
1.3723031496062992
 30
0
 11
1.3479065748031496
 21
1.3723031496062992
 31
0
  0
LINE
  5
844
330
1A
100
AcDbEntity
  8
BLACK
  6
CONTINUOUS
100
AcDbLine
 10
1.3479065748031496
 20
1.3723031496062992
 30
0
 11
1.3505885039370078
 21
1.3715156692913386
 31
0
  0
LINE
  5
845
330
1A
100
AcDbEntity
  8
BLACK
  6
CONTINUOUS
100
AcDbLine
 10
1.3505885039370078
 20
1.3715156692913386
 30
0
 11
1.351414251968504
 21
1.3708501968503937
 31
0
  0
LINE
  5
846
330
1A
100
AcDbEntity
  8
BLACK
  6
CONTINUOUS
100
AcDbLine
 10
1.351414251968504
 20
1.3708501968503937
 30
0
 11
1.3921100393700787
 21
1.3301544094488189
 31
0
  0
LINE
  5
847
330
1A
100
AcDbEntity
  8
BLACK
  6
CONTINUOUS
100
AcDbLine
 10
1.3921100393700787
 20
1.3301544094488189
 30
0
 11
1.3934496456692913
 21
1.3277011811023622
 31
0
  0
LINE
  5
848
330
1A
100
AcDbEntity
  8
BLACK
  6
CONTINUOUS
100
AcDbLine
 10
1.3934496456692913
 20
1.3277011811023622
 30
0
 11
1.3935629921259842
 21
1.3266467322834645
 31
0
  0
LINE
  5
849
330
1A
100
AcDbEntity
  8
BLACK
  6
CONTINUOUS
100
AcDbLine
 10
1.3935629921259842
 20
1.3266467322834645
 30
0
 11
1.3935629921259842
 21
1.3251003543307087
 31
0
  0
LINE
  5
84A
330
1A
100
AcDbEntity
  8
BLACK
  6
CONTINUOUS
100
AcDbLine
 10
1.3935629921259842
 20
1.3251003543307087
 30
0
 11
1.3927755118110237
 21
1.3224184251968503
 31
0
  0
LINE
  5
84B
330
1A
100
AcDbEntity
  8
BLACK
  6
CONTINUOUS
100
AcDbLine
 10
1.3927755118110237
 20
1.3224184251968503
 30
0
 11
1.392726968503937
 21
1.3223444094488188
 31
0
  0
LINE
  5
84C
330
1A
100
AcDbEntity
  8
BLACK
  6
CONTINUOUS
100
AcDbLine
 10
1.392726968503937
 20
1.3223444094488188
 30
0
 11
1.3898479527559056
 21
1.3180356692913386
 31
0
  0
LINE
  5
84D
330
1A
100
AcDbEntity
  8
BLACK
  6
CONTINUOUS
100
AcDbLine
 10
1.3898479527559056
 20
1.3180356692913386
 30
0
 11
1.3898477559055118
 21
1.3180353149606299
 31
0
  0
LINE
  5
84E
330
1A
100
AcDbEntity
  8
BLACK
  6
CONTINUOUS
100
AcDbLine
 10
1.3898477559055118
 20
1.3180353149606299
 30
0
 11
1.3877452362204723
 21
1.3129594488188976
 31
0
  0
LINE
  5
84F
330
1A
100
AcDbEntity
  8
BLACK
  6
CONTINUOUS
100
AcDbLine
 10
1.3877452362204723
 20
1.3129594488188976
 30
0
 11
1.387745157480315
 21
1.3129592125984251
 31
0
  0
LINE
  5
850
330
1A
100
AcDbEntity
  8
BLACK
  6
CONTINUOUS
100
AcDbLine
 10
1.387745157480315
 20
1.3129592125984251
 30
0
 11
1.387745157480315
 21
1.3129591338582678
 31
0
  0
LINE
  5
851
330
1A
100
AcDbEntity
  8
BLACK
  6
CONTINUOUS
100
AcDbLine
 10
1.387745157480315
 20
1.3129591338582678
 30
0
 11
1.3876505511811024
 21
1.3124835039370077
 31
0
  0
LINE
  5
852
330
1A
100
AcDbEntity
  8
BLACK
  6
CONTINUOUS
100
AcDbLine
 10
1.3876505511811024
 20
1.3124835039370077
 30
0
 11
1.3866732283464567
 21
1.3075702362204724
 31
0
  0
LINE
  5
853
330
1A
100
AcDbEntity
  8
BLACK
  6
CONTINUOUS
100
AcDbLine
 10
1.3866732283464567
 20
1.3075702362204724
 30
0
 11
1.3866732283464567
 21
1.3020754724409449
 31
0
  0
LINE
  5
854
330
1A
100
AcDbEntity
  8
BLACK
  6
CONTINUOUS
100
AcDbLine
 10
1.3866732283464567
 20
1.3020754724409449
 30
0
 11
1.3868458267716535
 21
1.3012078346456692
 31
0
  0
LINE
  5
855
330
1A
100
AcDbEntity
  8
BLACK
  6
CONTINUOUS
100
AcDbLine
 10
1.3868458267716535
 20
1.3012078346456692
 30
0
 11
1.387745157480315
 21
1.2966865354330708
 31
0
  0
LINE
  5
856
330
1A
100
AcDbEntity
  8
BLACK
  6
CONTINUOUS
100
AcDbLine
 10
1.387745157480315
 20
1.2966865354330708
 30
0
 11
1.3877451968503938
 21
1.2966864566929133
 31
0
  0
LINE
  5
857
330
1A
100
AcDbEntity
  8
BLACK
  6
CONTINUOUS
100
AcDbLine
 10
1.3877451968503938
 20
1.2966864566929133
 30
0
 11
1.3877452362204723
 21
1.2966862598425197
 31
0
  0
LINE
  5
858
330
1A
100
AcDbEntity
  8
BLACK
  6
CONTINUOUS
100
AcDbLine
 10
1.3877452362204723
 20
1.2966862598425197
 30
0
 11
1.3898477559055118
 21
1.2916103937007875
 31
0
  0
LINE
  5
859
330
1A
100
AcDbEntity
  8
BLACK
  6
CONTINUOUS
100
AcDbLine
 10
1.3898477559055118
 20
1.2916103937007875
 30
0
 11
1.3899627165354331
 21
1.2913953543307086
 31
0
  0
LINE
  5
85A
330
1A
100
AcDbEntity
  8
BLACK
  6
CONTINUOUS
100
AcDbLine
 10
1.3899627165354331
 20
1.2913953543307086
 30
0
 11
1.3898907480314959
 21
1.2913569291338582
 31
0
  0
LINE
  5
85B
330
1A
100
AcDbEntity
  8
BLACK
  6
CONTINUOUS
100
AcDbLine
 10
1.3898907480314959
 20
1.2913569291338582
 30
0
 11
1.3906146456692914
 21
1.2890454330708661
 31
0
  0
LINE
  5
85C
330
1A
100
AcDbEntity
  8
BLACK
  6
CONTINUOUS
100
AcDbLine
 10
1.3906146456692914
 20
1.2890454330708661
 30
0
 11
1.3898752755905512
 21
1.2863498818897638
 31
0
  0
LINE
  5
85D
330
1A
100
AcDbEntity
  8
BLACK
  6
CONTINUOUS
100
AcDbLine
 10
1.3898752755905512
 20
1.2863498818897638
 30
0
 11
1.387795905511811
 21
1.2844819291338583
 31
0
  0
LINE
  5
85E
330
1A
100
AcDbEntity
  8
BLACK
  6
CONTINUOUS
100
AcDbLine
 10
1.387795905511811
 20
1.2844819291338583
 30
0
 11
1.3856548031496063
 21
1.2839960629921259
 31
0
  0
LINE
  5
85F
330
1A
100
AcDbEntity
  8
BLACK
  6
CONTINUOUS
100
AcDbLine
 10
1.3856548031496063
 20
1.2839960629921259
 30
0
 11
1.2239438188976377
 21
1.2839960629921259
 31
0
  0
LINE
  5
860
330
1A
100
AcDbEntity
  8
BLACK
  6
CONTINUOUS
100
AcDbLine
 10
1.2239438188976377
 20
1.2839960629921259
 30
0
 11
1.2212618897637795
 21
1.2847835433070867
 31
0
  0
LINE
  5
861
330
1A
100
AcDbEntity
  8
BLACK
  6
CONTINUOUS
100
AcDbLine
 10
1.2212618897637795
 20
1.2847835433070867
 30
0
 11
1.2204361417322835
 21
1.2854490157480314
 31
0
  0
LINE
  5
862
330
1A
100
AcDbEntity
  8
BLACK
  6
CONTINUOUS
100
AcDbLine
 10
1.2204361417322835
 20
1.2854490157480314
 30
0
 11
1.1248677952755906
 21
1.3810173622047244
 31
0
  0
LINE
  5
863
330
1A
100
AcDbEntity
  8
BLACK
  6
CONTINUOUS
100
AcDbLine
 10
1.1248677952755906
 20
1.3810173622047244
 30
0
 11
1.123583937007874
 21
1.3832409842519684
 31
0
  0
LINE
  5
864
330
1A
100
AcDbEntity
  8
BLACK
  6
CONTINUOUS
100
AcDbLine
 10
1.123583937007874
 20
1.3832409842519684
 30
0
 11
1.1229604724409448
 21
1.3855677952755905
 31
0
  0
LINE
  5
865
330
1A
100
AcDbEntity
  8
BLACK
  6
CONTINUOUS
100
AcDbLine
 10
1.1229604724409448
 20
1.3855677952755905
 30
0
 11
1.122960433070866
 21
1.3855679527559055
 31
0
  0
LINE
  5
866
330
1A
100
AcDbEntity
  8
BLACK
  6
CONTINUOUS
100
AcDbLine
 10
1.122960433070866
 20
1.3855679527559055
 30
0
 11
1.122960433070866
 21
1.385568031496063
 31
0
  0
LINE
  5
867
330
1A
100
AcDbEntity
  8
BLACK
  6
CONTINUOUS
100
AcDbLine
 10
1.122960433070866
 20
1.385568031496063
 30
0
 11
1.1225253149606298
 21
1.3871918110236221
 31
0
  0
LINE
  5
868
330
1A
100
AcDbEntity
  8
BLACK
  6
CONTINUOUS
100
AcDbLine
 10
1.1225253149606298
 20
1.3871918110236221
 30
0
 11
1.1225253149606298
 21
1.3871918503937009
 31
0
  0
LINE
  5
869
330
1A
100
AcDbEntity
  8
BLACK
  6
CONTINUOUS
100
AcDbLine
 10
1.1225253149606298
 20
1.3871918503937009
 30
0
 11
1.1197601181102361
 21
1.3919813779527559
 31
0
  0
LINE
  5
86A
330
1A
100
AcDbEntity
  8
BLACK
  6
CONTINUOUS
100
AcDbLine
 10
1.1197601181102361
 20
1.3919813779527559
 30
0
 11
1.1197599999999999
 21
1.3919814960629922
 31
0
  0
LINE
  5
86B
330
1A
100
AcDbEntity
  8
BLACK
  6
CONTINUOUS
100
AcDbLine
 10
1.1197599999999999
 20
1.3919814960629922
 30
0
 11
1.1197598818897638
 21
1.3919816535433072
 31
0
  0
LINE
  5
86C
330
1A
100
AcDbEntity
  8
BLACK
  6
CONTINUOUS
100
AcDbLine
 10
1.1197598818897638
 20
1.3919816535433072
 30
0
 11
1.1156766929133859
 21
1.3960648425196851
 31
0
  0
LINE
  5
86D
330
1A
100
AcDbEntity
  8
BLACK
  6
CONTINUOUS
100
AcDbLine
 10
1.1156766929133859
 20
1.3960648425196851
 30
0
 11
1.1156757874015748
 21
1.3960656692913385
 31
0
  0
LINE
  5
86E
330
1A
100
AcDbEntity
  8
BLACK
  6
CONTINUOUS
100
AcDbLine
 10
1.1156757874015748
 20
1.3960656692913385
 30
0
 11
1.1079305905511811
 21
1.4038108661417323
 31
0
  0
LINE
  5
86F
330
1A
100
AcDbEntity
  8
BLACK
  6
CONTINUOUS
100
AcDbLine
 10
1.1079305905511811
 20
1.4038108661417323
 30
0
 11
1.1065909842519686
 21
1.406264094488189
 31
0
  0
LINE
  5
870
330
1A
100
AcDbEntity
  8
BLACK
  6
CONTINUOUS
100
AcDbLine
 10
1.1065909842519686
 20
1.406264094488189
 30
0
 11
1.1065729527559054
 21
1.4063507480314961
 31
0
  0
LINE
  5
871
330
1A
100
AcDbEntity
  8
BLACK
  6
CONTINUOUS
100
AcDbLine
 10
1.1065729527559054
 20
1.4063507480314961
 30
0
 11
1.1064923622047245
 21
1.4067559055118111
 31
0
  0
LINE
  5
872
330
1A
100
AcDbEntity
  8
BLACK
  6
CONTINUOUS
100
AcDbLine
 10
1.1064923622047245
 20
1.4067559055118111
 30
0
 11
1.1055619291338583
 21
1.4114335433070866
 31
0
  0
LINE
  5
873
330
1A
100
AcDbEntity
  8
BLACK
  6
CONTINUOUS
100
AcDbLine
 10
1.1055619291338583
 20
1.4114335433070866
 30
0
 11
1.1055356299212598
 21
1.4114970472440944
 31
0
  0
LINE
  5
874
330
1A
100
AcDbEntity
  8
BLACK
  6
CONTINUOUS
100
AcDbLine
 10
1.1055356299212598
 20
1.4114970472440944
 30
0
 11
1.1034592913385826
 21
1.4165097244094489
 31
0
  0
LINE
  5
875
330
1A
100
AcDbEntity
  8
BLACK
  6
CONTINUOUS
100
AcDbLine
 10
1.1034592913385826
 20
1.4165097244094489
 30
0
 11
1.1034592125984253
 21
1.4165098818897637
 31
0
  0
LINE
  5
876
330
1A
100
AcDbEntity
  8
BLACK
  6
CONTINUOUS
100
AcDbLine
 10
1.1034592125984253
 20
1.4165098818897637
 30
0
 11
1.1010572047244094
 21
1.4201047244094487
 31
0
  0
LINE
  5
877
330
1A
100
AcDbEntity
  8
BLACK
  6
CONTINUOUS
100
AcDbLine
 10
1.1010572047244094
 20
1.4201047244094487
 30
0
 11
1.1004066141732283
 21
1.4210784251968505
 31
0
  0
LINE
  5
878
330
1A
100
AcDbEntity
  8
BLACK
  6
CONTINUOUS
100
AcDbLine
 10
1.1004066141732283
 20
1.4210784251968505
 30
0
 11
1.0965213385826771
 21
1.4249637007874016
 31
0
  0
LINE
  5
879
330
1A
100
AcDbEntity
  8
BLACK
  6
CONTINUOUS
100
AcDbLine
 10
1.0965213385826771
 20
1.4249637007874016
 30
0
 11
1.0919527952755905
 21
1.4280162992125984
 31
0
  0
LINE
  5
87A
330
1A
100
AcDbEntity
  8
BLACK
  6
CONTINUOUS
100
AcDbLine
 10
1.0919527952755905
 20
1.4280162992125984
 30
0
 11
1.0919528346456693
 21
1.4280162992125984
 31
0
  0
LINE
  5
87B
330
1A
100
AcDbEntity
  8
BLACK
  6
CONTINUOUS
100
AcDbLine
 10
1.0919528346456693
 20
1.4280162992125984
 30
0
 11
1.0919527559055118
 21
1.4280163385826772
 31
0
  0
LINE
  5
87C
330
1A
100
AcDbEntity
  8
BLACK
  6
CONTINUOUS
100
AcDbLine
 10
1.0919527559055118
 20
1.4280163385826772
 30
0
 11
1.0919525984251968
 21
1.4280164173228347
 31
0
  0
LINE
  5
87D
330
1A
100
AcDbEntity
  8
BLACK
  6
CONTINUOUS
100
AcDbLine
 10
1.0919525984251968
 20
1.4280164173228347
 30
0
 11
1.0868767322834645
 21
1.430118937007874
 31
0
  0
LINE
  5
87E
330
1A
100
AcDbEntity
  8
BLACK
  6
CONTINUOUS
100
AcDbLine
 10
1.0868767322834645
 20
1.430118937007874
 30
0
 11
1.0868765354330709
 21
1.4301189763779527
 31
0
  0
LINE
  5
87F
330
1A
100
AcDbEntity
  8
BLACK
  6
CONTINUOUS
100
AcDbLine
 10
1.0868765354330709
 20
1.4301189763779527
 30
0
 11
1.0868764566929134
 21
1.4301190157480315
 31
0
  0
LINE
  5
880
330
1A
100
AcDbEntity
  8
BLACK
  6
CONTINUOUS
100
AcDbLine
 10
1.0868764566929134
 20
1.4301190157480315
 30
0
 11
1.0836198031496063
 21
1.430766811023622
 31
0
  0
LINE
  5
881
330
1A
100
AcDbEntity
  8
BLACK
  6
CONTINUOUS
100
AcDbLine
 10
1.0836198031496063
 20
1.430766811023622
 30
0
 11
1.0814875196850393
 21
1.4311909448818898
 31
0
  0
LINE
  5
882
330
1A
100
AcDbEntity
  8
BLACK
  6
CONTINUOUS
100
AcDbLine
 10
1.0814875196850393
 20
1.4311909448818898
 30
0
 11
1.0814874409448818
 21
1.4311909448818898
 31
0
  0
LINE
  5
883
330
1A
100
AcDbEntity
  8
BLACK
  6
CONTINUOUS
100
AcDbLine
 10
1.0814874409448818
 20
1.4311909448818898
 30
0
 11
1.0759928740157481
 21
1.4311909448818898
 31
0
  0
LINE
  5
884
330
1A
100
AcDbEntity
  8
BLACK
  6
CONTINUOUS
100
AcDbLine
 10
1.0759928740157481
 20
1.4311909448818898
 30
0
 11
1.0759927559055118
 21
1.4311909448818898
 31
0
  0
LINE
  5
885
330
1A
100
AcDbEntity
  8
BLACK
  6
CONTINUOUS
100
AcDbLine
 10
1.0759927559055118
 20
1.4311909448818898
 30
0
 11
1.0727942519685039
 21
1.4305547244094488
 31
0
  0
LINE
  5
886
330
1A
100
AcDbEntity
  8
BLACK
  6
CONTINUOUS
100
AcDbLine
 10
1.0727942519685039
 20
1.4305547244094488
 30
0
 11
1.0706038582677164
 21
1.4301190157480315
 31
0
  0
LINE
  5
887
330
1A
100
AcDbEntity
  8
BLACK
  6
CONTINUOUS
100
AcDbLine
 10
1.0706038582677164
 20
1.4301190157480315
 30
0
 11
1.0706037795275591
 21
1.4301190157480315
 31
0
  0
LINE
  5
888
330
1A
100
AcDbEntity
  8
BLACK
  6
CONTINUOUS
100
AcDbLine
 10
1.0706037795275591
 20
1.4301190157480315
 30
0
 11
1.0706035433070866
 21
1.430118937007874
 31
0
  0
LINE
  5
889
330
1A
100
AcDbEntity
  8
BLACK
  6
CONTINUOUS
100
AcDbLine
 10
1.0706035433070866
 20
1.430118937007874
 30
0
 11
1.0655276771653543
 21
1.4280164173228347
 31
0
  0
LINE
  5
88A
330
1A
100
AcDbEntity
  8
BLACK
  6
CONTINUOUS
100
AcDbLine
 10
1.0655276771653543
 20
1.4280164173228347
 30
0
 11
1.0655273228346456
 21
1.4280162204724409
 31
0
  0
LINE
  5
88B
330
1A
100
AcDbEntity
  8
BLACK
  6
CONTINUOUS
100
AcDbLine
 10
1.0655273228346456
 20
1.4280162204724409
 30
0
 11
1.0612185826771654
 21
1.4251372047244095
 31
0
  0
LINE
  5
88C
330
1A
100
AcDbEntity
  8
BLACK
  6
CONTINUOUS
100
AcDbLine
 10
1.0612185826771654
 20
1.4251372047244095
 30
0
 11
1.0585511811023622
 21
1.4243019685039369
 31
0
  0
LINE
  5
88D
330
1A
100
AcDbEntity
  8
BLACK
  6
CONTINUOUS
100
AcDbLine
 10
1.0585511811023622
 20
1.4243019685039369
 30
0
 11
1.0584626377952755
 21
1.4243011811023623
 31
0
  0
LINE
  5
88E
330
1A
100
AcDbEntity
  8
BLACK
  6
CONTINUOUS
100
AcDbLine
 10
1.0584626377952755
 20
1.4243011811023623
 30
0
 11
0.9203925590551181
 21
1.4243011811023623
 31
0
  0
LINE
  5
88F
330
1A
100
AcDbEntity
  8
BLACK
  6
CONTINUOUS
100
AcDbLine
 10
0.9203925590551181
 20
1.4243011811023623
 30
0
 11
0.9203919291338583
 21
1.424301220472441
 31
0
  0
LINE
  5
890
330
1A
100
AcDbEntity
  8
BLACK
  6
CONTINUOUS
100
AcDbLine
 10
0.9203919291338583
 20
1.424301220472441
 30
0
 11
0.9200880708661417
 21
1.424301220472441
 31
0
  0
LINE
  5
891
330
1A
100
AcDbEntity
  8
BLACK
  6
CONTINUOUS
100
AcDbLine
 10
0.9200880708661417
 20
1.424301220472441
 30
0
 11
0.9145575984251968
 21
1.424301220472441
 31
0
  0
LINE
  5
892
330
1A
100
AcDbEntity
  8
BLACK
  6
CONTINUOUS
100
AcDbLine
 10
0.9145575984251968
 20
1.424301220472441
 30
0
 11
0.9145574409448819
 21
1.424301220472441
 31
0
  0
LINE
  5
893
330
1A
100
AcDbEntity
  8
BLACK
  6
CONTINUOUS
100
AcDbLine
 10
0.9145574409448819
 20
1.424301220472441
 30
0
 11
0.9092156299212598
 21
1.4228698425196851
 31
0
  0
LINE
  5
894
330
1A
100
AcDbEntity
  8
BLACK
  6
CONTINUOUS
100
AcDbLine
 10
0.9092156299212598
 20
1.4228698425196851
 30
0
 11
0.90847468503937
 21
1.4224420472440944
 31
0
  0
LINE
  5
895
330
1A
100
AcDbEntity
  8
BLACK
  6
CONTINUOUS
100
AcDbLine
 10
0.90847468503937
 20
1.4224420472440944
 30
0
 11
0.9074625196850393
 21
1.4218576771653544
 31
0
  0
LINE
  5
896
330
1A
100
AcDbEntity
  8
BLACK
  6
CONTINUOUS
100
AcDbLine
 10
0.9074625196850393
 20
1.4218576771653544
 30
0
 11
0.9044262204724409
 21
1.4201047244094487
 31
0
  0
LINE
  5
897
330
1A
100
AcDbEntity
  8
BLACK
  6
CONTINUOUS
100
AcDbLine
 10
0.9044262204724409
 20
1.4201047244094487
 30
0
 11
0.9044260236220473
 21
1.4201045669291339
 31
0
  0
LINE
  5
898
330
1A
100
AcDbEntity
  8
BLACK
  6
CONTINUOUS
100
AcDbLine
 10
0.9044260236220473
 20
1.4201045669291339
 30
0
 11
0.9024707480314961
 21
1.4181492913385827
 31
0
  0
LINE
  5
899
330
1A
100
AcDbEntity
  8
BLACK
  6
CONTINUOUS
100
AcDbLine
 10
0.9024707480314961
 20
1.4181492913385827
 30
0
 11
0.9005154724409449
 21
1.4161939763779527
 31
0
  0
LINE
  5
89A
330
1A
100
AcDbEntity
  8
BLACK
  6
CONTINUOUS
100
AcDbLine
 10
0.9005154724409449
 20
1.4161939763779527
 30
0
 11
0.9005153937007874
 21
1.4161938976377952
 31
0
  0
LINE
  5
89B
330
1A
100
AcDbEntity
  8
BLACK
  6
CONTINUOUS
100
AcDbLine
 10
0.9005153937007874
 20
1.4161938976377952
 30
0
 11
0.8020639763779528
 21
1.3177424803149607
 31
0
  0
LINE
  5
89C
330
1A
100
AcDbEntity
  8
BLACK
  6
CONTINUOUS
100
AcDbLine
 10
0.8020639763779528
 20
1.3177424803149607
 30
0
 11
0.8020638976377953
 21
1.3177424015748032
 31
0
  0
LINE
  5
89D
330
1A
100
AcDbEntity
  8
BLACK
  6
CONTINUOUS
100
AcDbLine
 10
0.8020638976377953
 20
1.3177424015748032
 30
0
 11
0.8010375590551181
 21
1.316716062992126
 31
0
  0
LINE
  5
89E
330
1A
100
AcDbEntity
  8
BLACK
  6
CONTINUOUS
100
AcDbLine
 10
0.8010375590551181
 20
1.316716062992126
 30
0
 11
0.7981533070866141
 21
1.3138318503937008
 31
0
  0
LINE
  5
89F
330
1A
100
AcDbEntity
  8
BLACK
  6
CONTINUOUS
100
AcDbLine
 10
0.7981533070866141
 20
1.3138318503937008
 30
0
 11
0.7981532283464566
 21
1.3138317322834645
 31
0
  0
LINE
  5
8A0
330
1A
100
AcDbEntity
  8
BLACK
  6
CONTINUOUS
100
AcDbLine
 10
0.7981532283464566
 20
1.3138317322834645
 30
0
 11
0.7967707086614173
 21
1.3114370472440944
 31
0
  0
LINE
  5
8A1
330
1A
100
AcDbEntity
  8
BLACK
  6
CONTINUOUS
100
AcDbLine
 10
0.7967707086614173
 20
1.3114370472440944
 30
0
 11
0.7967706692913386
 21
1.3114370078740156
 31
0
  0
LINE
  5
8A2
330
1A
100
AcDbEntity
  8
BLACK
  6
CONTINUOUS
100
AcDbLine
 10
0.7967706692913386
 20
1.3114370078740156
 30
0
 11
0.7953879921259842
 21
1.3090422047244095
 31
0
  0
LINE
  5
8A3
330
1A
100
AcDbEntity
  8
BLACK
  6
CONTINUOUS
100
AcDbLine
 10
0.7953879921259842
 20
1.3090422047244095
 30
0
 11
0.793956653543307
 21
1.3037004330708661
 31
0
  0
LINE
  5
8A4
330
1A
100
AcDbEntity
  8
BLACK
  6
CONTINUOUS
100
AcDbLine
 10
0.793956653543307
 20
1.3037004330708661
 30
0
 11
0.793956653543307
 21
1.2977701968503936
 31
0
  0
LINE
  5
8A5
330
1A
100
AcDbEntity
  8
BLACK
  6
CONTINUOUS
100
AcDbLine
 10
0.793956653543307
 20
1.2977701968503936
 30
0
 11
0.7939566929133858
 21
1.2977696850393701
 31
0
  0
LINE
  5
8A6
330
1A
100
AcDbEntity
  8
BLACK
  6
CONTINUOUS
100
AcDbLine
 10
0.7939566929133858
 20
1.2977696850393701
 30
0
 11
0.7939566929133858
 21
1.2252646456692913
 31
0
  0
LINE
  5
8A7
330
1A
100
AcDbEntity
  8
BLACK
  6
CONTINUOUS
100
AcDbLine
 10
0.7939566929133858
 20
1.2252646456692913
 30
0
 11
0.793956653543307
 21
1.2252639370078739
 31
0
  0
LINE
  5
8A8
330
1A
100
AcDbEntity
  8
BLACK
  6
CONTINUOUS
100
AcDbLine
 10
0.793956653543307
 20
1.2252639370078739
 30
0
 11
0.793956653543307
 21
1.219429527559055
 31
0
  0
LINE
  5
8A9
330
1A
100
AcDbEntity
  8
BLACK
  6
CONTINUOUS
100
AcDbLine
 10
0.793956653543307
 20
1.219429527559055
 30
0
 11
0.7953879527559055
 21
1.2140879133858267
 31
0
  0
LINE
  5
8AA
330
1A
100
AcDbEntity
  8
BLACK
  6
CONTINUOUS
100
AcDbLine
 10
0.7953879527559055
 20
1.2140879133858267
 30
0
 11
0.795388031496063
 21
1.2140877559055119
 31
0
  0
LINE
  5
8AB
330
1A
100
AcDbEntity
  8
BLACK
  6
CONTINUOUS
100
AcDbLine
 10
0.795388031496063
 20
1.2140877559055119
 30
0
 11
0.7953880708661417
 21
1.2140876377952756
 31
0
  0
LINE
  5
8AC
330
1A
100
AcDbEntity
  8
BLACK
  6
CONTINUOUS
100
AcDbLine
 10
0.7953880708661417
 20
1.2140876377952756
 30
0
 11
0.7958779133858268
 21
1.2132392125984253
 31
0
  0
LINE
  5
8AD
330
1A
100
AcDbEntity
  8
BLACK
  6
CONTINUOUS
100
AcDbLine
 10
0.7958779133858268
 20
1.2132392125984253
 30
0
 11
0.7958779527559054
 21
1.2132391338582678
 31
0
  0
LINE
  5
8AE
330
1A
100
AcDbEntity
  8
BLACK
  6
CONTINUOUS
100
AcDbLine
 10
0.7958779527559054
 20
1.2132391338582678
 30
0
 11
0.7981531496062992
 21
1.2092983070866141
 31
0
  0
LINE
  5
8AF
330
1A
100
AcDbEntity
  8
BLACK
  6
CONTINUOUS
100
AcDbLine
 10
0.7981531496062992
 20
1.2092983070866141
 30
0
 11
0.7981534645669291
 21
1.2092979133858268
 31
0
  0
LINE
  5
8B0
330
1A
100
AcDbEntity
  8
BLACK
  6
CONTINUOUS
100
AcDbLine
 10
0.7981534645669291
 20
1.2092979133858268
 30
0
 11
0.8023463779527559
 21
1.2051049999999999
 31
0
  0
LINE
  5
8B1
330
1A
100
AcDbEntity
  8
BLACK
  6
CONTINUOUS
100
AcDbLine
 10
0.8023463779527559
 20
1.2051049999999999
 30
0
 11
0.8023469291338583
 21
1.2051045275590551
 31
0
  0
LINE
  5
8B2
330
1A
100
AcDbEntity
  8
BLACK
  6
CONTINUOUS
100
AcDbLine
 10
0.8023469291338583
 20
1.2051045275590551
 30
0
 11
0.8137276377952756
 21
1.1937238188976378
 31
0
  0
LINE
  5
8B3
330
1A
100
AcDbEntity
  8
BLACK
  6
CONTINUOUS
100
AcDbLine
 10
0.8137276377952756
 20
1.1937238188976378
 30
0
 11
0.8137284645669292
 21
1.1937229133858267
 31
0
  0
LINE
  5
8B4
330
1A
100
AcDbEntity
  8
BLACK
  6
CONTINUOUS
100
AcDbLine
 10
0.8137284645669292
 20
1.1937229133858267
 30
0
 11
0.8178116535433071
 21
1.1896397244094488
 31
0
  0
LINE
  5
8B5
330
1A
100
AcDbEntity
  8
BLACK
  6
CONTINUOUS
100
AcDbLine
 10
0.8178116535433071
 20
1.1896397244094488
 30
0
 11
0.817811811023622
 21
1.1896396062992125
 31
0
  0
LINE
  5
8B6
330
1A
100
AcDbEntity
  8
BLACK
  6
CONTINUOUS
100
AcDbLine
 10
0.817811811023622
 20
1.1896396062992125
 30
0
 11
0.8178119291338583
 21
1.1896394881889762
 31
0
  0
LINE
  5
8B7
330
1A
100
AcDbEntity
  8
BLACK
  6
CONTINUOUS
100
AcDbLine
 10
0.8178119291338583
 20
1.1896394881889762
 30
0
 11
0.8226014566929134
 21
1.1868742913385826
 31
0
  0
LINE
  5
8B8
330
1A
100
AcDbEntity
  8
BLACK
  6
CONTINUOUS
100
AcDbLine
 10
0.8226014566929134
 20
1.1868742913385826
 30
0
 11
0.8279434251968504
 21
1.1854429133858266
 31
0
  0
LINE
  5
8B9
330
1A
100
AcDbEntity
  8
BLACK
  6
CONTINUOUS
100
AcDbLine
 10
0.8279434251968504
 20
1.1854429133858266
 30
0
 11
0.851794527559055
 21
1.1854429133858266
 31
0
  0
LINE
  5
8BA
330
1A
100
AcDbEntity
  8
BLACK
  6
CONTINUOUS
100
AcDbLine
 10
0.851794527559055
 20
1.1854429133858266
 30
0
 11
0.8544764566929134
 21
1.1846554330708661
 31
0
  0
LINE
  5
8BB
330
1A
100
AcDbEntity
  8
BLACK
  6
CONTINUOUS
100
AcDbLine
 10
0.8544764566929134
 20
1.1846554330708661
 30
0
 11
0.8545505118110236
 21
1.1846068897637796
 31
0
  0
LINE
  5
8BC
330
1A
100
AcDbEntity
  8
BLACK
  6
CONTINUOUS
100
AcDbLine
 10
0.8545505118110236
 20
1.1846068897637796
 30
0
 11
0.8589330314960629
 21
1.1816785826771654
 31
0
  0
LINE
  5
8BD
330
1A
100
AcDbEntity
  8
BLACK
  6
CONTINUOUS
100
AcDbLine
 10
0.8589330314960629
 20
1.1816785826771654
 30
0
 11
0.8589331889763779
 21
1.1816785039370079
 31
0
  0
LINE
  5
8BE
330
1A
100
AcDbEntity
  8
BLACK
  6
CONTINUOUS
100
AcDbLine
 10
0.8589331889763779
 20
1.1816785039370079
 30
0
 11
0.8640090551181102
 21
1.1795759842519684
 31
0
  0
LINE
  5
8BF
330
1A
100
AcDbEntity
  8
BLACK
  6
CONTINUOUS
100
AcDbLine
 10
0.8640090551181102
 20
1.1795759842519684
 30
0
 11
0.864009094488189
 21
1.1795759842519684
 31
0
  0
LINE
  5
8C0
330
1A
100
AcDbEntity
  8
BLACK
  6
CONTINUOUS
100
AcDbLine
 10
0.864009094488189
 20
1.1795759842519684
 30
0
 11
0.8640093700787401
 21
1.1795758661417322
 31
0
  0
LINE
  5
8C1
330
1A
100
AcDbEntity
  8
BLACK
  6
CONTINUOUS
100
AcDbLine
 10
0.8640093700787401
 20
1.1795758661417322
 30
0
 11
0.8693983858267716
 21
1.178503937007874
 31
0
  0
LINE
  5
8C2
330
1A
100
AcDbEntity
  8
BLACK
  6
CONTINUOUS
100
AcDbLine
 10
0.8693983858267716
 20
1.178503937007874
 30
0
 11
0.8693984251968504
 21
1.178503937007874
 31
0
  0
LINE
  5
8C3
330
1A
100
AcDbEntity
  8
BLACK
  6
CONTINUOUS
100
AcDbLine
 10
0.8693984251968504
 20
1.178503937007874
 30
0
 11
0.8748929133858268
 21
1.178503937007874
 31
0
  0
LINE
  5
8C4
330
1A
100
AcDbEntity
  8
BLACK
  6
CONTINUOUS
100
AcDbLine
 10
0.8748929133858268
 20
1.178503937007874
 30
0
 11
0.8748929527559055
 21
1.178503937007874
 31
0
  0
LINE
  5
8C5
330
1A
100
AcDbEntity
  8
BLACK
  6
CONTINUOUS
100
AcDbLine
 10
0.8748929527559055
 20
1.178503937007874
 30
0
 11
0.880281968503937
 21
1.1795758661417322
 31
0
  0
LINE
  5
8C6
330
1A
100
AcDbEntity
  8
BLACK
  6
CONTINUOUS
100
AcDbLine
 10
0.880281968503937
 20
1.1795758661417322
 30
0
 11
0.8853583070866141
 21
1.1816785826771654
 31
0
  0
LINE
  5
8C7
330
1A
100
AcDbEntity
  8
BLACK
  6
CONTINUOUS
100
AcDbLine
 10
0.8853583070866141
 20
1.1816785826771654
 30
0
 11
0.8899268503937008
 21
1.1847311811023622
 31
0
  0
LINE
  5
8C8
330
1A
100
AcDbEntity
  8
BLACK
  6
CONTINUOUS
100
AcDbLine
 10
0.8899268503937008
 20
1.1847311811023622
 30
0
 11
0.893812125984252
 21
1.1886164566929134
 31
0
  0
LINE
  5
8C9
330
1A
100
AcDbEntity
  8
BLACK
  6
CONTINUOUS
100
AcDbLine
 10
0.893812125984252
 20
1.1886164566929134
 30
0
 11
0.895420905511811
 21
1.1910242125984252
 31
0
  0
LINE
  5
8CA
330
1A
100
AcDbEntity
  8
BLACK
  6
CONTINUOUS
100
AcDbLine
 10
0.895420905511811
 20
1.1910242125984252
 30
0
 11
0.8975656299212598
 21
1.1928166141732284
 31
0
  0
LINE
  5
8CB
330
1A
100
AcDbEntity
  8
BLACK
  6
CONTINUOUS
100
AcDbLine
 10
0.8975656299212598
 20
1.1928166141732284
 30
0
 11
0.9003390157480314
 21
1.1931649606299213
 31
0
  0
LINE
  5
8CC
330
1A
100
AcDbEntity
  8
BLACK
  6
CONTINUOUS
100
AcDbLine
 10
0.9003390157480314
 20
1.1931649606299213
 30
0
 11
0.9028604330708662
 21
1.191958622047244
 31
0
  0
LINE
  5
8CD
330
1A
100
AcDbEntity
  8
BLACK
  6
CONTINUOUS
100
AcDbLine
 10
0.9028604330708662
 20
1.191958622047244
 30
0
 11
0.903053188976378
 21
1.1917758661417324
 31
0
  0
LINE
  5
8CE
330
1A
100
AcDbEntity
  8
BLACK
  6
CONTINUOUS
100
AcDbLine
 10
0.903053188976378
 20
1.1917758661417324
 30
0
 11
0.906676968503937
 21
1.1881520866141733
 31
0
  0
LINE
  5
8CF
330
1A
100
AcDbEntity
  8
BLACK
  6
CONTINUOUS
100
AcDbLine
 10
0.906676968503937
 20
1.1881520866141733
 30
0
 11
0.9080165748031496
 21
1.1856988582677166
 31
0
  0
LINE
  5
8D0
330
1A
100
AcDbEntity
  8
BLACK
  6
CONTINUOUS
100
AcDbLine
 10
0.9080165748031496
 20
1.1856988582677166
 30
0
 11
0.9081299212598425
 21
1.1846444094488189
 31
0
  0
LINE
  5
8D1
330
1A
100
AcDbEntity
  8
BLACK
  6
CONTINUOUS
100
AcDbLine
 10
0.9081299212598425
 20
1.1846444094488189
 30
0
 11
0.9081299212598425
 21
1.0338109842519685
 31
0
  0
LINE
  5
8D2
330
1A
100
AcDbEntity
  8
BLACK
  6
CONTINUOUS
100
AcDbLine
 10
0.9081299212598425
 20
1.0338109842519685
 30
0
 11
0.9073424409448819
 21
1.0311290551181103
 31
0
  0
LINE
  5
8D3
330
1A
100
AcDbEntity
  8
BLACK
  6
CONTINUOUS
100
AcDbLine
 10
0.9073424409448819
 20
1.0311290551181103
 30
0
 11
0.9072938976377952
 21
1.0310550393700788
 31
0
  0
LINE
  5
8D4
330
1A
100
AcDbEntity
  8
BLACK
  6
CONTINUOUS
100
AcDbLine
 10
0.9072938976377952
 20
1.0310550393700788
 30
0
 11
0.9044148818897637
 21
1.0267462992125984
 31
0
  0
LINE
  5
8D5
330
1A
100
AcDbEntity
  8
BLACK
  6
CONTINUOUS
100
AcDbLine
 10
0.9044148818897637
 20
1.0267462992125984
 30
0
 11
0.9044146850393701
 21
1.0267459448818896
 31
0
  0
LINE
  5
8D6
330
1A
100
AcDbEntity
  8
BLACK
  6
CONTINUOUS
100
AcDbLine
 10
0.9044146850393701
 20
1.0267459448818896
 30
0
 11
0.9023121653543307
 21
1.0216700787401574
 31
0
  0
LINE
  5
8D7
330
1A
100
AcDbEntity
  8
BLACK
  6
CONTINUOUS
100
AcDbLine
 10
0.9023121653543307
 20
1.0216700787401574
 30
0
 11
0.9012401574803149
 21
1.0162808661417322
 31
0
  0
LINE
  5
8D8
330
1A
100
AcDbEntity
  8
BLACK
  6
CONTINUOUS
100
AcDbLine
 10
0.9012401574803149
 20
1.0162808661417322
 30
0
 11
0.9012401574803149
 21
1.0107861023622047
 31
0
  0
LINE
  5
8D9
330
1A
100
AcDbEntity
  8
BLACK
  6
CONTINUOUS
100
AcDbLine
 10
0.9012401574803149
 20
1.0107861023622047
 30
0
 11
0.901373779527559
 21
1.0101143307086613
 31
0
  0
LINE
  5
8DA
330
1A
100
AcDbEntity
  8
BLACK
  6
CONTINUOUS
100
AcDbLine
 10
0.901373779527559
 20
1.0101143307086613
 30
0
 11
0.9023120866141732
 21
1.0053971653543308
 31
0
  0
LINE
  5
8DB
330
1A
100
AcDbEntity
  8
BLACK
  6
CONTINUOUS
100
AcDbLine
 10
0.9023120866141732
 20
1.0053971653543308
 30
0
 11
0.9023121259842519
 21
1.0053970866141733
 31
0
  0
LINE
  5
8DC
330
1A
100
AcDbEntity
  8
BLACK
  6
CONTINUOUS
100
AcDbLine
 10
0.9023121259842519
 20
1.0053970866141733
 30
0
 11
0.9023121653543307
 21
1.0053968897637795
 31
0
  0
LINE
  5
8DD
330
1A
100
AcDbEntity
  8
BLACK
  6
CONTINUOUS
100
AcDbLine
 10
0.9023121653543307
 20
1.0053968897637795
 30
0
 11
0.9044146850393701
 21
1.0003210236220472
 31
0
  0
LINE
  5
8DE
330
1A
100
AcDbEntity
  8
BLACK
  6
CONTINUOUS
100
AcDbLine
 10
0.9044146850393701
 20
1.0003210236220472
 30
0
 11
0.9044147637795276
 21
1.0003208661417322
 31
0
  0
LINE
  5
8DF
330
1A
100
AcDbEntity
  8
BLACK
  6
CONTINUOUS
100
AcDbLine
 10
0.9044147637795276
 20
1.0003208661417322
 30
0
 11
0.9055594488188976
 21
0.998607716535433
 31
0
  0
LINE
  5
8E0
330
1A
100
AcDbEntity
  8
BLACK
  6
CONTINUOUS
100
AcDbLine
 10
0.9055594488188976
 20
0.998607716535433
 30
0
 11
0.9074674015748031
 21
0.9957522834645669
 31
0
  0
LINE
  5
8E1
330
1A
100
AcDbEntity
  8
BLACK
  6
CONTINUOUS
100
AcDbLine
 10
0.9074674015748031
 20
0.9957522834645669
 30
0
 11
0.9113526771653543
 21
0.9918670078740157
 31
0
  0
LINE
  5
8E2
330
1A
100
AcDbEntity
  8
BLACK
  6
CONTINUOUS
100
AcDbLine
 10
0.9113526771653543
 20
0.9918670078740157
 30
0
 11
0.915921220472441
 21
0.9888144094488188
 31
0
  0
LINE
  5
8E3
330
1A
100
AcDbEntity
  8
BLACK
  6
CONTINUOUS
100
AcDbLine
 10
0.915921220472441
 20
0.9888144094488188
 30
0
 11
0.9159213779527559
 21
0.9888143307086614
 31
0
  0
LINE
  5
8E4
330
1A
100
AcDbEntity
  8
BLACK
  6
CONTINUOUS
100
AcDbLine
 10
0.9159213779527559
 20
0.9888143307086614
 30
0
 11
0.9209972440944881
 21
0.986711811023622
 31
0
  0
LINE
  5
8E5
330
1A
100
AcDbEntity
  8
BLACK
  6
CONTINUOUS
100
AcDbLine
 10
0.9209972440944881
 20
0.986711811023622
 30
0
 11
0.9209972834645669
 21
0.986711811023622
 31
0
  0
LINE
  5
8E6
330
1A
100
AcDbEntity
  8
BLACK
  6
CONTINUOUS
100
AcDbLine
 10
0.9209972834645669
 20
0.986711811023622
 30
0
 11
0.920997559055118
 21
0.9867116929133858
 31
0
  0
LINE
  5
8E7
330
1A
100
AcDbEntity
  8
BLACK
  6
CONTINUOUS
100
AcDbLine
 10
0.920997559055118
 20
0.9867116929133858
 30
0
 11
0.9263865748031496
 21
0.9856397637795276
 31
0
  0
LINE
  5
8E8
330
1A
100
AcDbEntity
  8
BLACK
  6
CONTINUOUS
100
AcDbLine
 10
0.9263865748031496
 20
0.9856397637795276
 30
0
 11
0.9263866141732283
 21
0.9856397637795276
 31
0
  0
LINE
  5
8E9
330
1A
100
AcDbEntity
  8
BLACK
  6
CONTINUOUS
100
AcDbLine
 10
0.9263866141732283
 20
0.9856397637795276
 30
0
 11
0.9318811023622047
 21
0.9856397637795276
 31
0
  0
LINE
  5
8EA
330
1A
100
AcDbEntity
  8
BLACK
  6
CONTINUOUS
100
AcDbLine
 10
0.9318811023622047
 20
0.9856397637795276
 30
0
 11
0.9318811417322834
 21
0.9856397637795276
 31
0
  0
LINE
  5
8EB
330
1A
100
AcDbEntity
  8
BLACK
  6
CONTINUOUS
100
AcDbLine
 10
0.9318811417322834
 20
0.9856397637795276
 30
0
 11
0.9372701574803149
 21
0.9867116929133858
 31
0
  0
LINE
  5
8EC
330
1A
100
AcDbEntity
  8
BLACK
  6
CONTINUOUS
100
AcDbLine
 10
0.9372701574803149
 20
0.9867116929133858
 30
0
 11
0.9423464960629921
 21
0.9888144094488188
 31
0
  0
LINE
  5
8ED
330
1A
100
AcDbEntity
  8
BLACK
  6
CONTINUOUS
100
AcDbLine
 10
0.9423464960629921
 20
0.9888144094488188
 30
0
 11
0.9452951574803149
 21
0.99078468503937
 31
0
  0
LINE
  5
8EE
330
1A
100
AcDbEntity
  8
BLACK
  6
CONTINUOUS
100
AcDbLine
 10
0.9452951574803149
 20
0.99078468503937
 30
0
 11
0.9479625984251968
 21
0.9916198818897638
 31
0
  0
LINE
  5
8EF
330
1A
100
AcDbEntity
  8
BLACK
  6
CONTINUOUS
100
AcDbLine
 10
0.9479625984251968
 20
0.9916198818897638
 30
0
 11
0.9506581496062992
 21
0.9908803937007874
 31
0
  0
LINE
  5
8F0
330
1A
100
AcDbEntity
  8
BLACK
  6
CONTINUOUS
100
AcDbLine
 10
0.9506581496062992
 20
0.9908803937007874
 30
0
 11
0.9525259842519684
 21
0.9888009842519685
 31
0
  0
LINE
  5
8F1
330
1A
100
AcDbEntity
  8
BLACK
  6
CONTINUOUS
100
AcDbLine
 10
0.9525259842519684
 20
0.9888009842519685
 30
0
 11
0.9530117716535433
 21
0.9866600393700787
 31
0
  0
LINE
  5
8F2
330
1A
100
AcDbEntity
  8
BLACK
  6
CONTINUOUS
100
AcDbLine
 10
0.9530117716535433
 20
0.9866600393700787
 30
0
 11
0.9530117716535433
 21
0.9858173228346456
 31
0
  0
LINE
  5
8F3
330
1A
100
AcDbEntity
  8
BLACK
  6
CONTINUOUS
100
AcDbLine
 10
0.9530117716535433
 20
0.9858173228346456
 30
0
 11
0.9544430708661417
 21
0.9804757086614173
 31
0
  0
LINE
  5
8F4
330
1A
100
AcDbEntity
  8
BLACK
  6
CONTINUOUS
100
AcDbLine
 10
0.9544430708661417
 20
0.9804757086614173
 30
0
 11
0.9544432677165354
 21
0.9804752362204724
 31
0
  0
LINE
  5
8F5
330
1A
100
AcDbEntity
  8
BLACK
  6
CONTINUOUS
100
AcDbLine
 10
0.9544432677165354
 20
0.9804752362204724
 30
0
 11
0.9551875984251968
 21
0.979186062992126
 31
0
  0
LINE
  5
8F6
330
1A
100
AcDbEntity
  8
BLACK
  6
CONTINUOUS
100
AcDbLine
 10
0.9551875984251968
 20
0.979186062992126
 30
0
 11
0.9572082677165354
 21
0.9756861023622047
 31
0
  0
LINE
  5
8F7
330
1A
100
AcDbEntity
  8
BLACK
  6
CONTINUOUS
100
AcDbLine
 10
0.9572082677165354
 20
0.9756861023622047
 30
0
 11
0.9572085826771654
 21
0.9756857086614174
 31
0
  0
LINE
  5
8F8
330
1A
100
AcDbEntity
  8
BLACK
  6
CONTINUOUS
100
AcDbLine
 10
0.9572085826771654
 20
0.9756857086614174
 30
0
 11
0.9614014960629921
 21
0.9714927952755905
 31
0
  0
LINE
  5
8F9
330
1A
100
AcDbEntity
  8
BLACK
  6
CONTINUOUS
100
AcDbLine
 10
0.9614014960629921
 20
0.9714927952755905
 30
0
 11
0.9614020472440945
 21
0.9714923228346456
 31
0
  0
LINE
  5
8FA
330
1A
100
AcDbEntity
  8
BLACK
  6
CONTINUOUS
100
AcDbLine
 10
0.9614020472440945
 20
0.9714923228346456
 30
0
 11
0.997585905511811
 21
0.9353084645669291
 31
0
  0
LINE
  5
8FB
330
1A
100
AcDbEntity
  8
BLACK
  6
CONTINUOUS
100
AcDbLine
 10
0.997585905511811
 20
0.9353084645669291
 30
0
 11
0.9975867322834645
 21
0.9353075590551181
 31
0
  0
LINE
  5
8FC
330
1A
100
AcDbEntity
  8
BLACK
  6
CONTINUOUS
100
AcDbLine
 10
0.9975867322834645
 20
0.9353075590551181
 30
0
 11
1.0016698818897638
 21
0.9312244094488189
 31
0
  0
LINE
  5
8FD
330
1A
100
AcDbEntity
  8
BLACK
  6
CONTINUOUS
100
AcDbLine
 10
1.0016698818897638
 20
0.9312244094488189
 30
0
 11
1.0016700000000001
 21
0.9312243307086614
 31
0
  0
LINE
  5
8FE
330
1A
100
AcDbEntity
  8
BLACK
  6
CONTINUOUS
100
AcDbLine
 10
1.0016700000000001
 20
0.9312243307086614
 30
0
 11
1.0016701968503936
 21
0.9312241338582677
 31
0
  0
LINE
  5
8FF
330
1A
100
AcDbEntity
  8
BLACK
  6
CONTINUOUS
100
AcDbLine
 10
1.0016701968503936
 20
0.9312241338582677
 30
0
 11
1.0033569291338582
 21
0.9302503149606299
 31
0
  0
LINE
  5
900
330
1A
100
AcDbEntity
  8
BLACK
  6
CONTINUOUS
100
AcDbLine
 10
1.0033569291338582
 20
0.9302503149606299
 30
0
 11
1.0064596850393701
 21
0.928458937007874
 31
0
  0
LINE
  5
901
330
1A
100
AcDbEntity
  8
BLACK
  6
CONTINUOUS
100
AcDbLine
 10
1.0064596850393701
 20
0.928458937007874
 30
0
 11
1.0064597637795276
 21
0.9284588976377952
 31
0
  0
LINE
  5
902
330
1A
100
AcDbEntity
  8
BLACK
  6
CONTINUOUS
100
AcDbLine
 10
1.0064597637795276
 20
0.9284588976377952
 30
0
 11
1.0118015354330709
 21
0.9270275590551181
 31
0
  0
LINE
  5
903
330
1A
100
AcDbEntity
  8
BLACK
  6
CONTINUOUS
100
AcDbLine
 10
1.0118015354330709
 20
0.9270275590551181
 30
0
 11
1.0118016929133857
 21
0.9270275196850394
 31
0
  0
LINE
  5
904
330
1A
100
AcDbEntity
  8
BLACK
  6
CONTINUOUS
100
AcDbLine
 10
1.0118016929133857
 20
0.9270275196850394
 30
0
 11
1.0176360236220472
 21
0.9270275196850394
 31
0
  0
LINE
  5
905
330
1A
100
AcDbEntity
  8
BLACK
  6
CONTINUOUS
100
AcDbLine
 10
1.0176360236220472
 20
0.9270275196850394
 30
0
 11
1.017636653543307
 21
0.9270275590551181
 31
0
  0
LINE
  5
906
330
1A
100
AcDbEntity
  8
BLACK
  6
CONTINUOUS
100
AcDbLine
 10
1.017636653543307
 20
0.9270275590551181
 30
0
 11
1.0718484645669291
 21
0.9270275590551181
 31
0
  0
LINE
  5
907
330
1A
100
AcDbEntity
  8
BLACK
  6
CONTINUOUS
100
AcDbLine
 10
1.0718484645669291
 20
0.9270275590551181
 30
0
 11
1.0745303937007873
 21
0.9262400787401575
 31
0
  0
LINE
  5
908
330
1A
100
AcDbEntity
  8
BLACK
  6
CONTINUOUS
100
AcDbLine
 10
1.0745303937007873
 20
0.9262400787401575
 30
0
 11
1.074604409448819
 21
0.9261915354330709
 31
0
  0
LINE
  5
909
330
1A
100
AcDbEntity
  8
BLACK
  6
CONTINUOUS
100
AcDbLine
 10
1.074604409448819
 20
0.9261915354330709
 30
0
 11
1.0789131496062991
 21
0.9233125590551181
 31
0
  0
LINE
  5
90A
330
1A
100
AcDbEntity
  8
BLACK
  6
CONTINUOUS
100
AcDbLine
 10
1.0789131496062991
 20
0.9233125590551181
 30
0
 11
1.0789135039370079
 21
0.9233123622047243
 31
0
  0
LINE
  5
90B
330
1A
100
AcDbEntity
  8
BLACK
  6
CONTINUOUS
100
AcDbLine
 10
1.0789135039370079
 20
0.9233123622047243
 30
0
 11
1.0839894094488189
 21
0.9212098031496063
 31
0
  0
LINE
  5
90C
330
1A
100
AcDbEntity
  8
BLACK
  6
CONTINUOUS
100
AcDbLine
 10
1.0839894094488189
 20
0.9212098031496063
 30
0
 11
1.0839895669291337
 21
0.9212098031496063
 31
0
  0
LINE
  5
90D
330
1A
100
AcDbEntity
  8
BLACK
  6
CONTINUOUS
100
AcDbLine
 10
1.0839895669291337
 20
0.9212098031496063
 30
0
 11
1.08398968503937
 21
0.9212097244094488
 31
0
  0
LINE
  5
90E
330
1A
100
AcDbEntity
  8
BLACK
  6
CONTINUOUS
100
AcDbLine
 10
1.08398968503937
 20
0.9212097244094488
 30
0
 11
1.0869440157480315
 21
0.9206220866141732
 31
0
  0
LINE
  5
90F
330
1A
100
AcDbEntity
  8
BLACK
  6
CONTINUOUS
100
AcDbLine
 10
1.0869440157480315
 20
0.9206220866141732
 30
0
 11
1.0894207874015749
 21
0.9193265354330709
 31
0
  0
LINE
  5
910
330
1A
100
AcDbEntity
  8
BLACK
  6
CONTINUOUS
100
AcDbLine
 10
1.0894207874015749
 20
0.9193265354330709
 30
0
 11
1.0908039370078739
 21
0.9168975984251968
 31
0
  0
LINE
  5
911
330
1A
100
AcDbEntity
  8
BLACK
  6
CONTINUOUS
100
AcDbLine
 10
1.0908039370078739
 20
0.9168975984251968
 30
0
 11
1.0906543307086614
 21
0.9141064566929133
 31
0
  0
LINE
  5
912
330
1A
100
AcDbEntity
  8
BLACK
  6
CONTINUOUS
100
AcDbLine
 10
1.0906543307086614
 20
0.9141064566929133
 30
0
 11
1.0894839370078739
 21
0.9122490944881889
 31
0
  0
LINE
  5
913
330
1A
100
AcDbEntity
  8
BLACK
  6
CONTINUOUS
100
AcDbLine
 10
1.0894839370078739
 20
0.9122490944881889
 30
0
 11
1.0193429921259842
 21
0.8421081496062992
 31
0
  0
LINE
  5
914
330
1A
100
AcDbEntity
  8
BLACK
  6
CONTINUOUS
100
AcDbLine
 10
1.0193429921259842
 20
0.8421081496062992
 30
0
 11
1.0168897637795276
 21
0.8407685433070866
 31
0
  0
LINE
  5
915
330
1A
100
AcDbEntity
  8
BLACK
  6
CONTINUOUS
100
AcDbLine
 10
1.0168897637795276
 20
0.8407685433070866
 30
0
 11
1.0141017716535432
 21
0.8409679527559055
 31
0
  0
LINE
  5
916
330
1A
100
AcDbEntity
  8
BLACK
  6
CONTINUOUS
100
AcDbLine
 10
1.0141017716535432
 20
0.8409679527559055
 30
0
 11
1.0134382283464567
 21
0.8413074409448819
 31
0
  0
LINE
  5
917
330
1A
100
AcDbEntity
  8
BLACK
  6
CONTINUOUS
100
AcDbLine
 10
1.0134382283464567
 20
0.8413074409448819
 30
0
 11
1.0134274803149605
 21
0.8412872834645669
 31
0
  0
LINE
  5
918
330
1A
100
AcDbEntity
  8
BLACK
  6
CONTINUOUS
100
AcDbLine
 10
1.0134274803149605
 20
0.8412872834645669
 30
0
 11
1.0132124409448819
 21
0.8414022440944882
 31
0
  0
LINE
  5
919
330
1A
100
AcDbEntity
  8
BLACK
  6
CONTINUOUS
100
AcDbLine
 10
1.0132124409448819
 20
0.8414022440944882
 30
0
 11
1.0081365748031497
 21
0.8435047637795275
 31
0
  0
LINE
  5
91A
330
1A
100
AcDbEntity
  8
BLACK
  6
CONTINUOUS
100
AcDbLine
 10
1.0081365748031497
 20
0.8435047637795275
 30
0
 11
1.0081363779527559
 21
0.8435048031496063
 31
0
  0
LINE
  5
91B
330
1A
100
AcDbEntity
  8
BLACK
  6
CONTINUOUS
100
AcDbLine
 10
1.0081363779527559
 20
0.8435048031496063
 30
0
 11
1.0081362992125984
 21
0.843504842519685
 31
0
  0
LINE
  5
91C
330
1A
100
AcDbEntity
  8
BLACK
  6
CONTINUOUS
100
AcDbLine
 10
1.0081362992125984
 20
0.843504842519685
 30
0
 11
1.0048796456692912
 21
0.8441526377952756
 31
0
  0
LINE
  5
91D
330
1A
100
AcDbEntity
  8
BLACK
  6
CONTINUOUS
100
AcDbLine
 10
1.0048796456692912
 20
0.8441526377952756
 30
0
 11
1.0027473622047245
 21
0.8445767716535433
 31
0
  0
LINE
  5
91E
330
1A
100
AcDbEntity
  8
BLACK
  6
CONTINUOUS
100
AcDbLine
 10
1.0027473622047245
 20
0.8445767716535433
 30
0
 11
1.002747283464567
 21
0.8445767716535433
 31
0
  0
LINE
  5
91F
330
1A
100
AcDbEntity
  8
BLACK
  6
CONTINUOUS
100
AcDbLine
 10
1.002747283464567
 20
0.8445767716535433
 30
0
 11
0.997252716535433
 21
0.8445767716535433
 31
0
  0
LINE
  5
920
330
1A
100
AcDbEntity
  8
BLACK
  6
CONTINUOUS
100
AcDbLine
 10
0.997252716535433
 20
0.8445767716535433
 30
0
 11
0.9972525984251969
 21
0.8445767716535433
 31
0
  0
LINE
  5
921
330
1A
100
AcDbEntity
  8
BLACK
  6
CONTINUOUS
100
AcDbLine
 10
0.9972525984251969
 20
0.8445767716535433
 30
0
 11
0.9940540944881889
 21
0.8439405511811023
 31
0
  0
LINE
  5
922
330
1A
100
AcDbEntity
  8
BLACK
  6
CONTINUOUS
100
AcDbLine
 10
0.9940540944881889
 20
0.8439405511811023
 30
0
 11
0.9918637007874016
 21
0.843504842519685
 31
0
  0
LINE
  5
923
330
1A
100
AcDbEntity
  8
BLACK
  6
CONTINUOUS
100
AcDbLine
 10
0.9918637007874016
 20
0.843504842519685
 30
0
 11
0.9918636220472441
 21
0.843504842519685
 31
0
  0
LINE
  5
924
330
1A
100
AcDbEntity
  8
BLACK
  6
CONTINUOUS
100
AcDbLine
 10
0.9918636220472441
 20
0.843504842519685
 30
0
 11
0.9918633858267716
 21
0.8435047637795275
 31
0
  0
LINE
  5
925
330
1A
100
AcDbEntity
  8
BLACK
  6
CONTINUOUS
100
AcDbLine
 10
0.9918633858267716
 20
0.8435047637795275
 30
0
 11
0.9867875196850393
 21
0.8414022440944882
 31
0
  0
LINE
  5
926
330
1A
100
AcDbEntity
  8
BLACK
  6
CONTINUOUS
100
AcDbLine
 10
0.9867875196850393
 20
0.8414022440944882
 30
0
 11
0.9867873622047244
 21
0.8414021653543307
 31
0
  0
LINE
  5
927
330
1A
100
AcDbEntity
  8
BLACK
  6
CONTINUOUS
100
AcDbLine
 10
0.9867873622047244
 20
0.8414021653543307
 30
0
 11
0.9822189763779527
 21
0.8383496456692913
 31
0
  0
LINE
  5
928
330
1A
100
AcDbEntity
  8
BLACK
  6
CONTINUOUS
100
AcDbLine
 10
0.9822189763779527
 20
0.8383496456692913
 30
0
 11
0.9822187007874016
 21
0.8383494488188976
 31
0
  0
LINE
  5
929
330
1A
100
AcDbEntity
  8
BLACK
  6
CONTINUOUS
100
AcDbLine
 10
0.9822187007874016
 20
0.8383494488188976
 30
0
 11
0.9783336220472441
 21
0.8344643700787402
 31
0
  0
LINE
  5
92A
330
1A
100
AcDbEntity
  8
BLACK
  6
CONTINUOUS
100
AcDbLine
 10
0.9783336220472441
 20
0.8344643700787402
 30
0
 11
0.9783334251968504
 21
0.8344640944881889
 31
0
  0
LINE
  5
92B
330
1A
100
AcDbEntity
  8
BLACK
  6
CONTINUOUS
100
AcDbLine
 10
0.9783334251968504
 20
0.8344640944881889
 30
0
 11
0.975280905511811
 21
0.8298957086614173
 31
0
  0
LINE
  5
92C
330
1A
100
AcDbEntity
  8
BLACK
  6
CONTINUOUS
100
AcDbLine
 10
0.975280905511811
 20
0.8298957086614173
 30
0
 11
0.9752808267716535
 21
0.8298955511811024
 31
0
  0
LINE
  5
92D
330
1A
100
AcDbEntity
  8
BLACK
  6
CONTINUOUS
100
AcDbLine
 10
0.9752808267716535
 20
0.8298955511811024
 30
0
 11
0.9731783070866141
 21
0.8248196850393701
 31
0
  0
LINE
  5
92E
330
1A
100
AcDbEntity
  8
BLACK
  6
CONTINUOUS
100
AcDbLine
 10
0.9731783070866141
 20
0.8248196850393701
 30
0
 11
0.9721062992125984
 21
0.8194304724409449
 31
0
  0
LINE
  5
92F
330
1A
100
AcDbEntity
  8
BLACK
  6
CONTINUOUS
100
AcDbLine
 10
0.9721062992125984
 20
0.8194304724409449
 30
0
 11
0.9721062992125984
 21
0.8139357086614173
 31
0
  0
LINE
  5
930
330
1A
100
AcDbEntity
  8
BLACK
  6
CONTINUOUS
100
AcDbLine
 10
0.9721062992125984
 20
0.8139357086614173
 30
0
 11
0.9725304330708662
 21
0.8118034251968503
 31
0
  0
LINE
  5
931
330
1A
100
AcDbEntity
  8
BLACK
  6
CONTINUOUS
100
AcDbLine
 10
0.9725304330708662
 20
0.8118034251968503
 30
0
 11
0.9731782283464566
 21
0.8085467716535433
 31
0
  0
LINE
  5
932
330
1A
100
AcDbEntity
  8
BLACK
  6
CONTINUOUS
100
AcDbLine
 10
0.9731782283464566
 20
0.8085467716535433
 30
0
 11
0.9731782677165354
 21
0.8085466929133858
 31
0
  0
LINE
  5
933
330
1A
100
AcDbEntity
  8
BLACK
  6
CONTINUOUS
100
AcDbLine
 10
0.9731782677165354
 20
0.8085466929133858
 30
0
 11
0.9731783070866141
 21
0.8085464960629921
 31
0
  0
LINE
  5
934
330
1A
100
AcDbEntity
  8
BLACK
  6
CONTINUOUS
100
AcDbLine
 10
0.9731783070866141
 20
0.8085464960629921
 30
0
 11
0.9752808267716535
 21
0.8034706299212598
 31
0
  0
LINE
  5
935
330
1A
100
AcDbEntity
  8
BLACK
  6
CONTINUOUS
100
AcDbLine
 10
0.9752808267716535
 20
0.8034706299212598
 30
0
 11
0.975280905511811
 21
0.8034704724409448
 31
0
  0
LINE
  5
936
330
1A
100
AcDbEntity
  8
BLACK
  6
CONTINUOUS
100
AcDbLine
 10
0.975280905511811
 20
0.8034704724409448
 30
0
 11
0.9752809448818898
 21
0.8034704330708661
 31
0
  0
LINE
  5
937
330
1A
100
AcDbEntity
  8
BLACK
  6
CONTINUOUS
100
AcDbLine
 10
0.9752809448818898
 20
0.8034704330708661
 30
0
 11
0.9783335433070866
 21
0.7989018897637795
 31
0
  0
LINE
  5
938
330
1A
100
AcDbEntity
  8
BLACK
  6
CONTINUOUS
100
AcDbLine
 10
0.9783335433070866
 20
0.7989018897637795
 30
0
 11
0.9822188188976377
 21
0.7950166141732283
 31
0
  0
LINE
  5
939
330
1A
100
AcDbEntity
  8
BLACK
  6
CONTINUOUS
100
AcDbLine
 10
0.9822188188976377
 20
0.7950166141732283
 30
0
 11
0.9867872047244094
 21
0.7919641338582677
 31
0
  0
LINE
  5
93A
330
1A
100
AcDbEntity
  8
BLACK
  6
CONTINUOUS
100
AcDbLine
 10
0.9867872047244094
 20
0.7919641338582677
 30
0
 11
0.9867873622047244
 21
0.7919640157480314
 31
0
  0
LINE
  5
93B
330
1A
100
AcDbEntity
  8
BLACK
  6
CONTINUOUS
100
AcDbLine
 10
0.9867873622047244
 20
0.7919640157480314
 30
0
 11
0.9867875196850393
 21
0.791963937007874
 31
0
  0
LINE
  5
93C
330
1A
100
AcDbEntity
  8
BLACK
  6
CONTINUOUS
100
AcDbLine
 10
0.9867875196850393
 20
0.791963937007874
 30
0
 11
0.9918633858267716
 21
0.7898614173228347
 31
0
  0
LINE
  5
93D
330
1A
100
AcDbEntity
  8
BLACK
  6
CONTINUOUS
100
AcDbLine
 10
0.9918633858267716
 20
0.7898614173228347
 30
0
 11
0.9918634251968503
 21
0.7898614173228347
 31
0
  0
LINE
  5
93E
330
1A
100
AcDbEntity
  8
BLACK
  6
CONTINUOUS
100
AcDbLine
 10
0.9918634251968503
 20
0.7898614173228347
 30
0
 11
0.9918637007874016
 21
0.7898612992125984
 31
0
  0
LINE
  5
93F
330
1A
100
AcDbEntity
  8
BLACK
  6
CONTINUOUS
100
AcDbLine
 10
0.9918637007874016
 20
0.7898612992125984
 30
0
 11
0.997252716535433
 21
0.7887893700787402
 31
0
  0
LINE
  5
940
330
1A
100
AcDbEntity
  8
BLACK
  6
CONTINUOUS
100
AcDbLine
 10
0.997252716535433
 20
0.7887893700787402
 30
0
 11
0.9972527559055118
 21
0.7887893700787402
 31
0
  0
LINE
  5
941
330
1A
100
AcDbEntity
  8
BLACK
  6
CONTINUOUS
100
AcDbLine
 10
0.9972527559055118
 20
0.7887893700787402
 30
0
 11
1.0027472440944882
 21
0.7887893700787402
 31
0
  0
LINE
  5
942
330
1A
100
AcDbEntity
  8
BLACK
  6
CONTINUOUS
100
AcDbLine
 10
1.0027472440944882
 20
0.7887893700787402
 30
0
 11
1.002747283464567
 21
0.7887893700787402
 31
0
  0
LINE
  5
943
330
1A
100
AcDbEntity
  8
BLACK
  6
CONTINUOUS
100
AcDbLine
 10
1.002747283464567
 20
0.7887893700787402
 30
0
 11
1.0081362992125984
 21
0.7898612992125984
 31
0
  0
LINE
  5
944
330
1A
100
AcDbEntity
  8
BLACK
  6
CONTINUOUS
100
AcDbLine
 10
1.0081362992125984
 20
0.7898612992125984
 30
0
 11
1.0132126377952755
 21
0.7919640157480314
 31
0
  0
LINE
  5
945
330
1A
100
AcDbEntity
  8
BLACK
  6
CONTINUOUS
100
AcDbLine
 10
1.0132126377952755
 20
0.7919640157480314
 30
0
 11
1.014670905511811
 21
0.7929383858267717
 31
0
  0
LINE
  5
946
330
1A
100
AcDbEntity
  8
BLACK
  6
CONTINUOUS
100
AcDbLine
 10
1.014670905511811
 20
0.7929383858267717
 30
0
 11
1.0175215748031496
 21
0.7948431102362205
 31
0
  0
LINE
  5
947
330
1A
100
AcDbEntity
  8
BLACK
  6
CONTINUOUS
100
AcDbLine
 10
1.0175215748031496
 20
0.7948431102362205
 30
0
 11
1.0201889763779528
 21
0.7956783464566929
 31
0
  0
LINE
  5
948
330
1A
100
AcDbEntity
  8
BLACK
  6
CONTINUOUS
100
AcDbLine
 10
1.0201889763779528
 20
0.7956783464566929
 30
0
 11
1.0202775196850393
 21
0.7956791338582677
 31
0
  0
LINE
  5
949
330
1A
100
AcDbEntity
  8
BLACK
  6
CONTINUOUS
100
AcDbLine
 10
1.0202775196850393
 20
0.7956791338582677
 30
0
 11
1.0205523228346456
 21
0.7956791338582677
 31
0
  0
LINE
  5
94A
330
1A
100
AcDbEntity
  8
BLACK
  6
CONTINUOUS
100
AcDbLine
 10
1.0205523228346456
 20
0.7956791338582677
 30
0
 11
1.0205529527559054
 21
0.795679094488189
 31
0
  0
LINE
  5
94B
330
1A
100
AcDbEntity
  8
BLACK
  6
CONTINUOUS
100
AcDbLine
 10
1.0205529527559054
 20
0.795679094488189
 30
0
 11
1.020856811023622
 21
0.795679094488189
 31
0
  0
LINE
  5
94C
330
1A
100
AcDbEntity
  8
BLACK
  6
CONTINUOUS
100
AcDbLine
 10
1.020856811023622
 20
0.795679094488189
 30
0
 11
1.0263872834645669
 21
0.795679094488189
 31
0
  0
LINE
  5
94D
330
1A
100
AcDbEntity
  8
BLACK
  6
CONTINUOUS
100
AcDbLine
 10
1.0263872834645669
 20
0.795679094488189
 30
0
 11
1.0317292913385827
 21
0.7971105118110237
 31
0
  0
LINE
  5
94E
330
1A
100
AcDbEntity
  8
BLACK
  6
CONTINUOUS
100
AcDbLine
 10
1.0317292913385827
 20
0.7971105118110237
 30
0
 11
1.0348320472440944
 21
0.7989018897637795
 31
0
  0
LINE
  5
94F
330
1A
100
AcDbEntity
  8
BLACK
  6
CONTINUOUS
100
AcDbLine
 10
1.0348320472440944
 20
0.7989018897637795
 30
0
 11
1.036518779527559
 21
0.7998757086614173
 31
0
  0
LINE
  5
950
330
1A
100
AcDbEntity
  8
BLACK
  6
CONTINUOUS
100
AcDbLine
 10
1.036518779527559
 20
0.7998757086614173
 30
0
 11
1.0404294094488189
 21
0.8037863385826771
 31
0
  0
LINE
  5
951
330
1A
100
AcDbEntity
  8
BLACK
  6
CONTINUOUS
100
AcDbLine
 10
1.0404294094488189
 20
0.8037863385826771
 30
0
 11
1.040837559055118
 21
0.8041944881889763
 31
0
  0
LINE
  5
952
330
1A
100
AcDbEntity
  8
BLACK
  6
CONTINUOUS
100
AcDbLine
 10
1.040837559055118
 20
0.8041944881889763
 30
0
 11
1.0408378346456693
 21
0.8041948818897637
 31
0
  0
LINE
  5
953
330
1A
100
AcDbEntity
  8
BLACK
  6
CONTINUOUS
100
AcDbLine
 10
1.0408378346456693
 20
0.8041948818897637
 30
0
 11
1.1857165354330708
 21
0.9490735826771654
 31
0
  0
LINE
  5
954
330
1A
100
AcDbEntity
  8
BLACK
  6
CONTINUOUS
100
AcDbLine
 10
1.1857165354330708
 20
0.9490735826771654
 30
0
 11
1.1857169291338583
 21
0.9490738582677165
 31
0
  0
LINE
  5
955
330
1A
100
AcDbEntity
  8
BLACK
  6
CONTINUOUS
100
AcDbLine
 10
1.1857169291338583
 20
0.9490738582677165
 30
0
 11
1.1900354724409448
 21
0.9533924015748031
 31
0
  0
LINE
  5
956
330
1A
100
AcDbEntity
  8
BLACK
  6
CONTINUOUS
100
AcDbLine
 10
1.1900354724409448
 20
0.9533924015748031
 30
0
 11
1.1900357086614173
 21
0.9533926377952756
 31
0
  0
LINE
  5
957
330
1A
100
AcDbEntity
  8
BLACK
  6
CONTINUOUS
100
AcDbLine
 10
1.1900357086614173
 20
0.9533926377952756
 30
0
 11
1.1928009055118109
 21
0.9581821653543307
 31
0
  0
LINE
  5
958
330
1A
100
AcDbEntity
  8
BLACK
  6
CONTINUOUS
100
AcDbLine
 10
1.1928009055118109
 20
0.9581821653543307
 30
0
 11
1.1930444094488188
 21
0.9590908661417322
 31
0
  0
LINE
  5
959
330
1A
100
AcDbEntity
  8
BLACK
  6
CONTINUOUS
100
AcDbLine
 10
1.1930444094488188
 20
0.9590908661417322
 30
0
 11
1.1930444488188976
 21
0.959090905511811
 31
0
  0
LINE
  5
95A
330
1A
100
AcDbEntity
  8
BLACK
  6
CONTINUOUS
100
AcDbLine
 10
1.1930444488188976
 20
0.959090905511811
 30
0
 11
1.1940249212598424
 21
0.9627500787401575
 31
0
  0
LINE
  5
95B
330
1A
100
AcDbEntity
  8
BLACK
  6
CONTINUOUS
100
AcDbLine
 10
1.1940249212598424
 20
0.9627500787401575
 30
0
 11
1.1942323228346456
 21
0.9635241338582677
 31
0
  0
LINE
  5
95C
330
1A
100
AcDbEntity
  8
BLACK
  6
CONTINUOUS
100
AcDbLine
 10
1.1942323228346456
 20
0.9635241338582677
 30
0
 11
1.1942323228346456
 21
0.9690546062992126
 31
0
  0
LINE
  5
95D
330
1A
100
AcDbEntity
  8
BLACK
  6
CONTINUOUS
100
AcDbLine
 10
1.1942323228346456
 20
0.9690546062992126
 30
0
 11
1.1942323228346456
 21
0.9693584251968503
 31
0
  0
LINE
  5
95E
330
1A
100
AcDbEntity
  8
BLACK
  6
CONTINUOUS
100
AcDbLine
 10
1.1942323228346456
 20
0.9693584251968503
 30
0
 11
1.1942322834645669
 21
0.9693591338582677
 31
0
  0
LINE
  5
95F
330
1A
100
AcDbEntity
  8
BLACK
  6
CONTINUOUS
100
AcDbLine
 10
1.1942322834645669
 20
0.9693591338582677
 30
0
 11
1.1942322834645669
 21
1.0260741732283465
 31
0
  0
LINE
  5
960
330
1A
100
AcDbEntity
  8
BLACK
  6
CONTINUOUS
100
AcDbLine
 10
1.1942322834645669
 20
1.0260741732283465
 30
0
 11
1.1942322834645669
 21
1.050022716535433
 31
0
  0
LINE
  5
961
330
1A
100
AcDbEntity
  8
BLACK
  6
CONTINUOUS
100
AcDbLine
 10
1.1942322834645669
 20
1.050022716535433
 30
0
 11
1.1950197637795275
 21
1.0527046456692912
 31
0
  0
LINE
  5
962
330
1A
100
AcDbEntity
  8
BLACK
  6
CONTINUOUS
100
AcDbLine
 10
1.1950197637795275
 20
1.0527046456692912
 30
0
 11
1.1956849999999999
 21
1.0535301968503936
 31
0
  0
LINE
  5
963
330
1A
100
AcDbEntity
  8
BLACK
  6
CONTINUOUS
100
AcDbLine
 10
1.1956849999999999
 20
1.0535301968503936
 30
0
 11
1.2170491338582676
 21
1.0748943307086614
 31
0
  0
LINE
  5
964
330
1A
100
AcDbEntity
  8
BLACK
  6
CONTINUOUS
100
AcDbLine
 10
1.2170491338582676
 20
1.0748943307086614
 30
0
 11
1.2195022440944883
 21
1.0762337795275589
 31
0
  0
LINE
  5
965
330
1A
100
AcDbEntity
  8
BLACK
  6
CONTINUOUS
100
AcDbLine
 10
1.2195022440944883
 20
1.0762337795275589
 30
0
 11
1.2195888976377953
 21
1.0762518503937009
 31
0
  0
LINE
  5
966
330
1A
100
AcDbEntity
  8
BLACK
  6
CONTINUOUS
100
AcDbLine
 10
1.2195888976377953
 20
1.0762518503937009
 30
0
 11
1.2246717322834646
 21
1.0772628740157479
 31
0
  0
LINE
  5
967
330
1A
100
AcDbEntity
  8
BLACK
  6
CONTINUOUS
100
AcDbLine
 10
1.2246717322834646
 20
1.0772628740157479
 30
0
 11
1.2297480708661417
 21
1.079365590551181
 31
0
  0
LINE
  5
968
330
1A
100
AcDbEntity
  8
BLACK
  6
CONTINUOUS
100
AcDbLine
 10
1.2297480708661417
 20
1.079365590551181
 30
0
 11
1.2343166141732282
 21
1.082418188976378
 31
0
  0
LINE
  5
969
330
1A
100
AcDbEntity
  8
BLACK
  6
CONTINUOUS
100
AcDbLine
 10
1.2343166141732282
 20
1.082418188976378
 30
0
 11
1.2382018897637794
 21
1.0863034645669292
 31
0
  0
LINE
  5
96A
330
1A
100
AcDbEntity
  8
BLACK
  6
CONTINUOUS
100
AcDbLine
 10
1.2382018897637794
 20
1.0863034645669292
 30
0
 11
1.2412544881889764
 21
1.0908720078740157
 31
0
  0
LINE
  5
96B
330
1A
100
AcDbEntity
  8
BLACK
  6
CONTINUOUS
100
AcDbLine
 10
1.2412544881889764
 20
1.0908720078740157
 30
0
 11
1.2433572047244095
 21
1.0959483464566928
 31
0
  0
LINE
  5
96C
330
1A
100
AcDbEntity
  8
BLACK
  6
CONTINUOUS
100
AcDbLine
 10
1.2433572047244095
 20
1.0959483464566928
 30
0
 11
1.2444291338582676
 21
1.1013373622047244
 31
0
  0
LINE
  5
96D
330
1A
100
AcDbEntity
  8
BLACK
  6
CONTINUOUS
100
AcDbLine
 10
1.2444291338582676
 20
1.1013373622047244
 30
0
 11
1.2444291338582676
 21
1.1068319291338582
 31
0
  0
LINE
  5
96E
330
1A
100
AcDbEntity
  8
BLACK
  6
CONTINUOUS
100
AcDbLine
 10
1.2444291338582676
 20
1.1068319291338582
 30
0
 11
1.2433572047244095
 21
1.1122209448818898
 31
0
  0
LINE
  5
96F
330
1A
100
AcDbEntity
  8
BLACK
  6
CONTINUOUS
100
AcDbLine
 10
1.2433572047244095
 20
1.1122209448818898
 30
0
 11
1.243329094488189
 21
1.1122888188976379
 31
0
  0
LINE
  5
970
330
1A
100
AcDbEntity
  8
BLACK
  6
CONTINUOUS
100
AcDbLine
 10
1.243329094488189
 20
1.1122888188976379
 30
0
 11
1.2412545669291339
 21
1.1172971259842519
 31
0
  0
LINE
  5
971
330
1A
100
AcDbEntity
  8
BLACK
  6
CONTINUOUS
100
AcDbLine
 10
1.2412545669291339
 20
1.1172971259842519
 30
0
 11
1.2412544881889764
 21
1.1172972834645669
 31
0
  0
LINE
  5
972
330
1A
100
AcDbEntity
  8
BLACK
  6
CONTINUOUS
100
AcDbLine
 10
1.2412544881889764
 20
1.1172972834645669
 30
0
 11
1.240770472440945
 21
1.118021653543307
 31
0
  0
LINE
  5
973
330
1A
100
AcDbEntity
  8
BLACK
  6
CONTINUOUS
100
AcDbLine
 10
1.240770472440945
 20
1.118021653543307
 30
0
 11
1.2382018897637794
 21
1.1218658267716535
 31
0
  0
LINE
  5
974
330
1A
100
AcDbEntity
  8
BLACK
  6
CONTINUOUS
100
AcDbLine
 10
1.2382018897637794
 20
1.1218658267716535
 30
0
 11
1.2343166141732282
 21
1.1257511023622047
 31
0
  0
LINE
  5
975
330
1A
100
AcDbEntity
  8
BLACK
  6
CONTINUOUS
100
AcDbLine
 10
1.2343166141732282
 20
1.1257511023622047
 30
0
 11
1.2308658267716535
 21
1.1280568503937007
 31
0
  0
LINE
  5
976
330
1A
100
AcDbEntity
  8
BLACK
  6
CONTINUOUS
100
AcDbLine
 10
1.2308658267716535
 20
1.1280568503937007
 30
0
 11
1.2297480314960629
 21
1.1288037401574802
 31
0
  0
LINE
  5
977
330
1A
100
AcDbEntity
  8
BLACK
  6
CONTINUOUS
100
AcDbLine
 10
1.2297480314960629
 20
1.1288037401574802
 30
0
 11
1.2297478740157479
 21
1.1288038188976377
 31
0
  0
LINE
  5
978
330
1A
100
AcDbEntity
  8
BLACK
  6
CONTINUOUS
100
AcDbLine
 10
1.2297478740157479
 20
1.1288038188976377
 30
0
 11
1.2246720078740156
 21
1.1309063385826772
 31
0
  0
LINE
  5
979
330
1A
100
AcDbEntity
  8
BLACK
  6
CONTINUOUS
100
AcDbLine
 10
1.2246720078740156
 20
1.1309063385826772
 30
0
 11
1.2246718110236221
 21
1.1309063779527559
 31
0
  0
LINE
  5
97A
330
1A
100
AcDbEntity
  8
BLACK
  6
CONTINUOUS
100
AcDbLine
 10
1.2246718110236221
 20
1.1309063779527559
 30
0
 11
1.2246717322834646
 21
1.1309064173228347
 31
0
  0
LINE
  5
97B
330
1A
100
AcDbEntity
  8
BLACK
  6
CONTINUOUS
100
AcDbLine
 10
1.2246717322834646
 20
1.1309064173228347
 30
0
 11
1.2214150787401574
 21
1.1315542125984253
 31
0
  0
LINE
  5
97C
330
1A
100
AcDbEntity
  8
BLACK
  6
CONTINUOUS
100
AcDbLine
 10
1.2214150787401574
 20
1.1315542125984253
 30
0
 11
1.2192827952755905
 21
1.1319783464566928
 31
0
  0
LINE
  5
97D
330
1A
100
AcDbEntity
  8
BLACK
  6
CONTINUOUS
100
AcDbLine
 10
1.2192827952755905
 20
1.1319783464566928
 30
0
 11
1.219282716535433
 21
1.1319783464566928
 31
0
  0
LINE
  5
97E
330
1A
100
AcDbEntity
  8
BLACK
  6
CONTINUOUS
100
AcDbLine
 10
1.219282716535433
 20
1.1319783464566928
 30
0
 11
1.2137881496062992
 21
1.1319783464566928
 31
0
  0
LINE
  5
97F
330
1A
100
AcDbEntity
  8
BLACK
  6
CONTINUOUS
100
AcDbLine
 10
1.2137881496062992
 20
1.1319783464566928
 30
0
 11
1.213788031496063
 21
1.1319783464566928
 31
0
  0
LINE
  5
980
330
1A
100
AcDbEntity
  8
BLACK
  6
CONTINUOUS
100
AcDbLine
 10
1.213788031496063
 20
1.1319783464566928
 30
0
 11
1.2107560629921259
 21
1.1313752362204723
 31
0
  0
LINE
  5
981
330
1A
100
AcDbEntity
  8
BLACK
  6
CONTINUOUS
100
AcDbLine
 10
1.2107560629921259
 20
1.1313752362204723
 30
0
 11
1.2083991338582676
 21
1.1309064173228347
 31
0
  0
LINE
  5
982
330
1A
100
AcDbEntity
  8
BLACK
  6
CONTINUOUS
100
AcDbLine
 10
1.2083991338582676
 20
1.1309064173228347
 30
0
 11
1.2083990551181103
 21
1.1309064173228347
 31
0
  0
LINE
  5
983
330
1A
100
AcDbEntity
  8
BLACK
  6
CONTINUOUS
100
AcDbLine
 10
1.2083990551181103
 20
1.1309064173228347
 30
0
 11
1.2083988188976378
 21
1.1309063385826772
 31
0
  0
LINE
  5
984
330
1A
100
AcDbEntity
  8
BLACK
  6
CONTINUOUS
100
AcDbLine
 10
1.2083988188976378
 20
1.1309063385826772
 30
0
 11
1.2033229527559055
 21
1.1288038188976377
 31
0
  0
LINE
  5
985
330
1A
100
AcDbEntity
  8
BLACK
  6
CONTINUOUS
100
AcDbLine
 10
1.2033229527559055
 20
1.1288038188976377
 30
0
 11
1.2033227952755905
 21
1.1288037401574802
 31
0
  0
LINE
  5
986
330
1A
100
AcDbEntity
  8
BLACK
  6
CONTINUOUS
100
AcDbLine
 10
1.2033227952755905
 20
1.1288037401574802
 30
0
 11
1.1987544094488189
 21
1.1257512204724409
 31
0
  0
LINE
  5
987
330
1A
100
AcDbEntity
  8
BLACK
  6
CONTINUOUS
100
AcDbLine
 10
1.1987544094488189
 20
1.1257512204724409
 30
0
 11
1.1987541338582677
 21
1.1257510236220472
 31
0
  0
LINE
  5
988
330
1A
100
AcDbEntity
  8
BLACK
  6
CONTINUOUS
100
AcDbLine
 10
1.1987541338582677
 20
1.1257510236220472
 30
0
 11
1.1948690551181103
 21
1.1218659448818897
 31
0
  0
LINE
  5
989
330
1A
100
AcDbEntity
  8
BLACK
  6
CONTINUOUS
100
AcDbLine
 10
1.1948690551181103
 20
1.1218659448818897
 30
0
 11
1.1948688582677165
 21
1.1218656692913385
 31
0
  0
LINE
  5
98A
330
1A
100
AcDbEntity
  8
BLACK
  6
CONTINUOUS
100
AcDbLine
 10
1.1948688582677165
 20
1.1218656692913385
 30
0
 11
1.1918163385826772
 21
1.1172972834645669
 31
0
  0
LINE
  5
98B
330
1A
100
AcDbEntity
  8
BLACK
  6
CONTINUOUS
100
AcDbLine
 10
1.1918163385826772
 20
1.1172972834645669
 30
0
 11
1.1918162598425197
 21
1.1172971259842519
 31
0
  0
LINE
  5
98C
330
1A
100
AcDbEntity
  8
BLACK
  6
CONTINUOUS
100
AcDbLine
 10
1.1918162598425197
 20
1.1172971259842519
 30
0
 11
1.1897137401574802
 21
1.1122212598425196
 31
0
  0
LINE
  5
98D
330
1A
100
AcDbEntity
  8
BLACK
  6
CONTINUOUS
100
AcDbLine
 10
1.1897137401574802
 20
1.1122212598425196
 30
0
 11
1.1897136614173227
 21
1.1122210236220471
 31
0
  0
LINE
  5
98E
330
1A
100
AcDbEntity
  8
BLACK
  6
CONTINUOUS
100
AcDbLine
 10
1.1897136614173227
 20
1.1122210236220471
 30
0
 11
1.1897136614173227
 21
1.1122209448818898
 31
0
  0
LINE
  5
98F
330
1A
100
AcDbEntity
  8
BLACK
  6
CONTINUOUS
100
AcDbLine
 10
1.1897136614173227
 20
1.1122209448818898
 30
0
 11
1.1893457086614172
 21
1.110371062992126
 31
0
  0
LINE
  5
990
330
1A
100
AcDbEntity
  8
BLACK
  6
CONTINUOUS
100
AcDbLine
 10
1.1893457086614172
 20
1.110371062992126
 30
0
 11
1.1887026377952756
 21
1.1071382283464566
 31
0
  0
LINE
  5
991
330
1A
100
AcDbEntity
  8
BLACK
  6
CONTINUOUS
100
AcDbLine
 10
1.1887026377952756
 20
1.1071382283464566
 30
0
 11
1.1874070472440945
 21
1.1046614566929134
 31
0
  0
LINE
  5
992
330
1A
100
AcDbEntity
  8
BLACK
  6
CONTINUOUS
100
AcDbLine
 10
1.1874070472440945
 20
1.1046614566929134
 30
0
 11
1.1873450393700786
 21
1.1045983464566929
 31
0
  0
LINE
  5
993
330
1A
100
AcDbEntity
  8
BLACK
  6
CONTINUOUS
100
AcDbLine
 10
1.1873450393700786
 20
1.1045983464566929
 30
0
 11
1.1741549212598426
 21
1.0914082677165353
 31
0
  0
LINE
  5
994
330
1A
100
AcDbEntity
  8
BLACK
  6
CONTINUOUS
100
AcDbLine
 10
1.1741549212598426
 20
1.0914082677165353
 30
0
 11
1.1603316929133858
 21
1.077585
 31
0
  0
LINE
  5
995
330
1A
100
AcDbEntity
  8
BLACK
  6
CONTINUOUS
100
AcDbLine
 10
1.1603316929133858
 20
1.077585
 30
0
 11
1.1603316141732283
 21
1.0775849212598425
 31
0
  0
LINE
  5
996
330
1A
100
AcDbEntity
  8
BLACK
  6
CONTINUOUS
100
AcDbLine
 10
1.1603316141732283
 20
1.0775849212598425
 30
0
 11
1.1589985433070866
 21
1.0762518503937009
 31
0
  0
LINE
  5
997
330
1A
100
AcDbEntity
  8
BLACK
  6
CONTINUOUS
100
AcDbLine
 10
1.1589985433070866
 20
1.0762518503937009
 30
0
 11
1.1564210236220471
 21
1.0736743700787401
 31
0
  0
LINE
  5
998
330
1A
100
AcDbEntity
  8
BLACK
  6
CONTINUOUS
100
AcDbLine
 10
1.1564210236220471
 20
1.0736743700787401
 30
0
 11
1.1564209842519684
 21
1.0736742913385826
 31
0
  0
LINE
  5
999
330
1A
100
AcDbEntity
  8
BLACK
  6
CONTINUOUS
100
AcDbLine
 10
1.1564209842519684
 20
1.0736742913385826
 30
0
 11
1.1553917716535433
 21
1.0718915748031497
 31
0
  0
LINE
  5
99A
330
1A
100
AcDbEntity
  8
BLACK
  6
CONTINUOUS
100
AcDbLine
 10
1.1553917716535433
 20
1.0718915748031497
 30
0
 11
1.1551073228346456
 21
1.0713988976377953
 31
0
  0
LINE
  5
99B
330
1A
100
AcDbEntity
  8
BLACK
  6
CONTINUOUS
100
AcDbLine
 10
1.1551073228346456
 20
1.0713988976377953
 30
0
 11
1.1551072834645668
 21
1.0713988582677165
 31
0
  0
LINE
  5
99C
330
1A
100
AcDbEntity
  8
BLACK
  6
CONTINUOUS
100
AcDbLine
 10
1.1551072834645668
 20
1.0713988582677165
 30
0
 11
1.1536557086614172
 21
1.0688847244094488
 31
0
  0
LINE
  5
99D
330
1A
100
AcDbEntity
  8
BLACK
  6
CONTINUOUS
100
AcDbLine
 10
1.1536557086614172
 20
1.0688847244094488
 30
0
 11
1.1522243700787402
 21
1.0635429527559055
 31
0
  0
LINE
  5
99E
330
1A
100
AcDbEntity
  8
BLACK
  6
CONTINUOUS
100
AcDbLine
 10
1.1522243700787402
 20
1.0635429527559055
 30
0
 11
1.1522243700787402
 21
1.057612716535433
 31
0
  0
LINE
  5
99F
330
1A
100
AcDbEntity
  8
BLACK
  6
CONTINUOUS
100
AcDbLine
 10
1.1522243700787402
 20
1.057612716535433
 30
0
 11
1.1522244094488188
 21
1.0576122047244094
 31
0
  0
LINE
  5
9A0
330
1A
100
AcDbEntity
  8
BLACK
  6
CONTINUOUS
100
AcDbLine
 10
1.1522244094488188
 20
1.0576122047244094
 30
0
 11
1.1522244094488188
 21
0.9770442913385826
 31
0
  0
LINE
  5
9A1
330
1A
100
AcDbEntity
  8
BLACK
  6
CONTINUOUS
100
AcDbLine
 10
1.1522244094488188
 20
0.9770442913385826
 30
0
 11
1.1514369291338582
 21
0.9743623622047244
 31
0
  0
LINE
  5
9A2
330
1A
100
AcDbEntity
  8
BLACK
  6
CONTINUOUS
100
AcDbLine
 10
1.1514369291338582
 20
0.9743623622047244
 30
0
 11
1.1507714566929133
 21
0.9735366141732283
 31
0
  0
LINE
  5
9A3
330
1A
100
AcDbEntity
  8
BLACK
  6
CONTINUOUS
100
AcDbLine
 10
1.1507714566929133
 20
0.9735366141732283
 30
0
 11
1.1279083858267716
 21
0.9506735433070866
 31
0
  0
LINE
  5
9A4
330
1A
100
AcDbEntity
  8
BLACK
  6
CONTINUOUS
100
AcDbLine
 10
1.1279083858267716
 20
0.9506735433070866
 30
0
 11
1.1254551574803149
 21
0.9493339370078739
 31
0
  0
LINE
  5
9A5
330
1A
100
AcDbEntity
  8
BLACK
  6
CONTINUOUS
100
AcDbLine
 10
1.1254551574803149
 20
0.9493339370078739
 30
0
 11
1.1226671653543308
 21
0.9495333464566929
 31
0
  0
LINE
  5
9A6
330
1A
100
AcDbEntity
  8
BLACK
  6
CONTINUOUS
100
AcDbLine
 10
1.1226671653543308
 20
0.9495333464566929
 30
0
 11
1.120429527559055
 21
0.9512084251968503
 31
0
  0
LINE
  5
9A7
330
1A
100
AcDbEntity
  8
BLACK
  6
CONTINUOUS
100
AcDbLine
 10
1.120429527559055
 20
0.9512084251968503
 30
0
 11
1.1195353937007875
 21
0.9532134645669291
 31
0
  0
LINE
  5
9A8
330
1A
100
AcDbEntity
  8
BLACK
  6
CONTINUOUS
100
AcDbLine
 10
1.1195353937007875
 20
0.9532134645669291
 30
0
 11
1.1194997637795274
 21
0.9533926377952756
 31
0
  0
LINE
  5
9A9
330
1A
100
AcDbEntity
  8
BLACK
  6
CONTINUOUS
100
AcDbLine
 10
1.1194997637795274
 20
0.9533926377952756
 30
0
 11
1.1189477559055119
 21
0.9561677952755905
 31
0
  0
LINE
  5
9AA
330
1A
100
AcDbEntity
  8
BLACK
  6
CONTINUOUS
100
AcDbLine
 10
1.1189477559055119
 20
0.9561677952755905
 30
0
 11
1.1189476771653544
 21
0.9561679133858267
 31
0
  0
LINE
  5
9AB
330
1A
100
AcDbEntity
  8
BLACK
  6
CONTINUOUS
100
AcDbLine
 10
1.1189476771653544
 20
0.9561679133858267
 30
0
 11
1.1189476771653544
 21
0.9561680708661418
 31
0
  0
LINE
  5
9AC
330
1A
100
AcDbEntity
  8
BLACK
  6
CONTINUOUS
100
AcDbLine
 10
1.1189476771653544
 20
0.9561680708661418
 30
0
 11
1.1168451181102361
 21
0.9612439763779528
 31
0
  0
LINE
  5
9AD
330
1A
100
AcDbEntity
  8
BLACK
  6
CONTINUOUS
100
AcDbLine
 10
1.1168451181102361
 20
0.9612439763779528
 30
0
 11
1.1168449212598426
 21
0.9612443307086614
 31
0
  0
LINE
  5
9AE
330
1A
100
AcDbEntity
  8
BLACK
  6
CONTINUOUS
100
AcDbLine
 10
1.1168449212598426
 20
0.9612443307086614
 30
0
 11
1.1139659448818897
 21
0.9655530708661417
 31
0
  0
LINE
  5
9AF
330
1A
100
AcDbEntity
  8
BLACK
  6
CONTINUOUS
100
AcDbLine
 10
1.1139659448818897
 20
0.9655530708661417
 30
0
 11
1.1131307086614173
 21
0.9682204724409449
 31
0
  0
LINE
  5
9B0
330
1A
100
AcDbEntity
  8
BLACK
  6
CONTINUOUS
100
AcDbLine
 10
1.1131307086614173
 20
0.9682204724409449
 30
0
 11
1.1131299212598424
 21
0.9683090157480315
 31
0
  0
LINE
  5
9B1
330
1A
100
AcDbEntity
  8
BLACK
  6
CONTINUOUS
100
AcDbLine
 10
1.1131299212598424
 20
0.9683090157480315
 30
0
 11
1.1131299212598424
 21
1.1695601181102362
 31
0
  0
LINE
  5
9B2
330
1A
100
AcDbEntity
  8
BLACK
  6
CONTINUOUS
100
AcDbLine
 10
1.1131299212598424
 20
1.1695601181102362
 30
0
 11
1.1139174015748032
 21
1.1722420472440944
 31
0
  0
LINE
  5
9B3
330
1A
100
AcDbEntity
  8
BLACK
  6
CONTINUOUS
100
AcDbLine
 10
1.1139174015748032
 20
1.1722420472440944
 30
0
 11
1.114582874015748
 21
1.1730677952755906
 31
0
  0
LINE
  5
9B4
330
1A
100
AcDbEntity
  8
BLACK
  6
CONTINUOUS
100
AcDbLine
 10
1.114582874015748
 20
1.1730677952755906
 30
0
 11
1.132338779527559
 21
1.1908237007874016
 31
0
  0
LINE
  5
9B5
330
1A
100
AcDbEntity
  8
BLACK
  6
CONTINUOUS
100
AcDbLine
 10
1.132338779527559
 20
1.1908237007874016
 30
0
 11
1.1347920078740157
 21
1.1921633070866142
 31
0
  0
LINE
  5
9B6
330
1A
100
AcDbEntity
  8
BLACK
  6
CONTINUOUS
100
AcDbLine
 10
1.1347920078740157
 20
1.1921633070866142
 30
0
 11
1.13758
 21
1.1919638976377953
 31
0
  0
LINE
  5
9B7
330
1A
100
AcDbEntity
  8
BLACK
  6
CONTINUOUS
100
AcDbLine
 10
1.13758
 20
1.1919638976377953
 30
0
 11
1.1398176377952756
 21
1.1902888188976377
 31
0
  0
LINE
  5
9B8
330
1A
100
AcDbEntity
  8
BLACK
  6
CONTINUOUS
100
AcDbLine
 10
1.1398176377952756
 20
1.1902888188976377
 30
0
 11
1.1407944488188977
 21
1.1876699212598425
 31
0
  0
LINE
  5
9B9
330
1A
100
AcDbEntity
  8
BLACK
  6
CONTINUOUS
100
AcDbLine
 10
1.1407944488188977
 20
1.1876699212598425
 30
0
 11
1.1408070866141733
 21
1.1873160236220472
 31
0
  0
LINE
  5
9BA
330
1A
100
AcDbEntity
  8
BLACK
  6
CONTINUOUS
100
AcDbLine
 10
1.1408070866141733
 20
1.1873160236220472
 30
0
 11
1.1408070866141733
 21
1.1836699606299212
 31
0
  0
LINE
  5
9BB
330
1A
100
AcDbEntity
  8
BLACK
  6
CONTINUOUS
100
AcDbLine
 10
1.1408070866141733
 20
1.1836699606299212
 30
0
 11
1.1412031889763778
 21
1.1816785826771654
 31
0
  0
LINE
  5
9BC
330
1A
100
AcDbEntity
  8
BLACK
  6
CONTINUOUS
100
AcDbLine
 10
1.1412031889763778
 20
1.1816785826771654
 30
0
 11
1.1418790157480314
 21
1.1782810236220471
 31
0
  0
LINE
  5
9BD
330
1A
100
AcDbEntity
  8
BLACK
  6
CONTINUOUS
100
AcDbLine
 10
1.1418790157480314
 20
1.1782810236220471
 30
0
 11
1.1418790551181102
 21
1.1782809448818898
 31
0
  0
LINE
  5
9BE
330
1A
100
AcDbEntity
  8
BLACK
  6
CONTINUOUS
100
AcDbLine
 10
1.1418790551181102
 20
1.1782809448818898
 30
0
 11
1.1418790944881889
 21
1.1782807480314961
 31
0
  0
LINE
  5
9BF
330
1A
100
AcDbEntity
  8
BLACK
  6
CONTINUOUS
100
AcDbLine
 10
1.1418790944881889
 20
1.1782807480314961
 30
0
 11
1.1439816141732284
 21
1.1732048818897638
 31
0
  0
LINE
  5
9C0
330
1A
100
AcDbEntity
  8
BLACK
  6
CONTINUOUS
100
AcDbLine
 10
1.1439816141732284
 20
1.1732048818897638
 30
0
 11
1.1439816929133857
 21
1.1732047244094488
 31
0
  0
LINE
  5
9C1
330
1A
100
AcDbEntity
  8
BLACK
  6
CONTINUOUS
100
AcDbLine
 10
1.1439816929133857
 20
1.1732047244094488
 30
0
 11
1.1450440157480315
 21
1.1716148425196851
 31
0
  0
LINE
  5
9C2
330
1A
100
AcDbEntity
  8
BLACK
  6
CONTINUOUS
100
AcDbLine
 10
1.1450440157480315
 20
1.1716148425196851
 30
0
 11
1.1470343307086615
 21
1.1686361417322835
 31
0
  0
LINE
  5
9C3
330
1A
100
AcDbEntity
  8
BLACK
  6
CONTINUOUS
100
AcDbLine
 10
1.1470343307086615
 20
1.1686361417322835
 30
0
 11
1.1509196062992126
 21
1.1647508661417323
 31
0
  0
LINE
  5
9C4
330
1A
100
AcDbEntity
  8
BLACK
  6
CONTINUOUS
100
AcDbLine
 10
1.1509196062992126
 20
1.1647508661417323
 30
0
 11
1.1539137007874016
 21
1.1627502755905512
 31
0
  0
LINE
  5
9C5
330
1A
100
AcDbEntity
  8
BLACK
  6
CONTINUOUS
100
AcDbLine
 10
1.1539137007874016
 20
1.1627502755905512
 30
0
 11
1.1554881496062992
 21
1.1616982677165355
 31
0
  0
LINE
  5
9C6
330
1A
100
AcDbEntity
  8
BLACK
  6
CONTINUOUS
100
AcDbLine
 10
1.1554881496062992
 20
1.1616982677165355
 30
0
 11
1.1554883070866142
 21
1.161698188976378
 31
0
  0
LINE
  5
9C7
330
1A
100
AcDbEntity
  8
BLACK
  6
CONTINUOUS
100
AcDbLine
 10
1.1554883070866142
 20
1.161698188976378
 30
0
 11
1.1605641732283465
 21
1.1595956692913385
 31
0
  0
LINE
  5
9C8
330
1A
100
AcDbEntity
  8
BLACK
  6
CONTINUOUS
100
AcDbLine
 10
1.1605641732283465
 20
1.1595956692913385
 30
0
 11
1.1605642125984252
 21
1.1595956692913385
 31
0
  0
LINE
  5
9C9
330
1A
100
AcDbEntity
  8
BLACK
  6
CONTINUOUS
100
AcDbLine
 10
1.1605642125984252
 20
1.1595956692913385
 30
0
 11
1.1605644881889763
 21
1.1595955511811022
 31
0
  0
LINE
  5
9CA
330
1A
100
AcDbEntity
  8
BLACK
  6
CONTINUOUS
100
AcDbLine
 10
1.1605644881889763
 20
1.1595955511811022
 30
0
 11
1.1659535039370079
 21
1.1585236220472441
 31
0
  0
LINE
  5
9CB
330
1A
100
AcDbEntity
  8
BLACK
  6
CONTINUOUS
100
AcDbLine
 10
1.1659535039370079
 20
1.1585236220472441
 30
0
 11
1.1659535433070867
 21
1.1585236220472441
 31
0
  0
LINE
  5
9CC
330
1A
100
AcDbEntity
  8
BLACK
  6
CONTINUOUS
100
AcDbLine
 10
1.1659535433070867
 20
1.1585236220472441
 30
0
 11
1.1714480314960629
 21
1.1585236220472441
 31
0
  0
LINE
  5
9CD
330
1A
100
AcDbEntity
  8
BLACK
  6
CONTINUOUS
100
AcDbLine
 10
1.1714480314960629
 20
1.1585236220472441
 30
0
 11
1.1714480708661417
 21
1.1585236220472441
 31
0
  0
LINE
  5
9CE
330
1A
100
AcDbEntity
  8
BLACK
  6
CONTINUOUS
100
AcDbLine
 10
1.1714480708661417
 20
1.1585236220472441
 30
0
 11
1.1768370866141733
 21
1.1595955511811022
 31
0
  0
LINE
  5
9CF
330
1A
100
AcDbEntity
  8
BLACK
  6
CONTINUOUS
100
AcDbLine
 10
1.1768370866141733
 20
1.1595955511811022
 30
0
 11
1.1819134251968504
 21
1.1616982677165355
 31
0
  0
LINE
  5
9D0
330
1A
100
AcDbEntity
  8
BLACK
  6
CONTINUOUS
100
AcDbLine
 10
1.1819134251968504
 20
1.1616982677165355
 30
0
 11
1.1864819685039369
 21
1.1647508661417323
 31
0
  0
LINE
  5
9D1
330
1A
100
AcDbEntity
  8
BLACK
  6
CONTINUOUS
100
AcDbLine
 10
1.1864819685039369
 20
1.1647508661417323
 30
0
 11
1.1876674803149605
 21
1.1659363779527558
 31
0
  0
LINE
  5
9D2
330
1A
100
AcDbEntity
  8
BLACK
  6
CONTINUOUS
100
AcDbLine
 10
1.1876674803149605
 20
1.1659363779527558
 30
0
 11
1.1903672440944881
 21
1.1686361417322835
 31
0
  0
LINE
  5
9D3
330
1A
100
AcDbEntity
  8
BLACK
  6
CONTINUOUS
100
AcDbLine
 10
2.6507677165354329
 20
0.7981074803149606
 30
0
 11
2.6508854724409447
 21
0.7970924803149606
 31
0
  0
LINE
  5
9D4
330
1A
100
AcDbEntity
  8
BLACK
  6
CONTINUOUS
100
AcDbLine
 10
2.6508854724409447
 20
0.7970924803149606
 30
0
 11
2.6508855118110235
 21
0.797092283464567
 31
0
  0
LINE
  5
9D5
330
1A
100
AcDbEntity
  8
BLACK
  6
CONTINUOUS
100
AcDbLine
 10
2.6508855118110235
 20
0.797092283464567
 30
0
 11
2.6527196456692912
 21
0.7929383858267717
 31
0
  0
LINE
  5
9D6
330
1A
100
AcDbEntity
  8
BLACK
  6
CONTINUOUS
100
AcDbLine
 10
2.6527196456692912
 20
0.7929383858267717
 30
0
 11
2.6527196850393699
 21
0.7929383070866142
 31
0
  0
LINE
  5
9D7
330
1A
100
AcDbEntity
  8
BLACK
  6
CONTINUOUS
100
AcDbLine
 10
2.6527196850393699
 20
0.7929383070866142
 30
0
 11
2.6559303937007872
 21
0.7897275984251968
 31
0
  0
LINE
  5
9D8
330
1A
100
AcDbEntity
  8
BLACK
  6
CONTINUOUS
100
AcDbLine
 10
2.6559303937007872
 20
0.7897275984251968
 30
0
 11
2.6559304724409447
 21
0.789727559055118
 31
0
  0
LINE
  5
9D9
330
1A
100
AcDbEntity
  8
BLACK
  6
CONTINUOUS
100
AcDbLine
 10
2.6559304724409447
 20
0.789727559055118
 30
0
 11
2.6559305118110235
 21
0.7897275196850394
 31
0
  0
LINE
  5
9DA
330
1A
100
AcDbEntity
  8
BLACK
  6
CONTINUOUS
100
AcDbLine
 10
2.6559305118110235
 20
0.7897275196850394
 30
0
 11
2.6600844488188975
 21
0.7878933858267716
 31
0
  0
LINE
  5
9DB
330
1A
100
AcDbEntity
  8
BLACK
  6
CONTINUOUS
100
AcDbLine
 10
2.6600844488188975
 20
0.7878933858267716
 30
0
 11
2.6610996850393702
 21
0.7877756299212598
 31
0
  0
LINE
  5
9DC
330
1A
100
AcDbEntity
  8
BLACK
  6
CONTINUOUS
100
AcDbLine
 10
2.6610996850393702
 20
0.7877756299212598
 30
0
 11
2.661099803149606
 21
0.7877755905511811
 31
0
  0
LINE
  5
9DD
330
1A
100
AcDbEntity
  8
BLACK
  6
CONTINUOUS
100
AcDbLine
 10
2.661099803149606
 20
0.7877755905511811
 30
0
 11
2.6610998425196848
 21
0.7877755905511811
 31
0
  0
LINE
  5
9DE
330
1A
100
AcDbEntity
  8
BLACK
  6
CONTINUOUS
100
AcDbLine
 10
2.6610998425196848
 20
0.7877755905511811
 30
0
 11
2.724726968503937
 21
0.7877755905511811
 31
0
  0
LINE
  5
9DF
330
1A
100
AcDbEntity
  8
BLACK
  6
CONTINUOUS
100
AcDbLine
 10
2.724726968503937
 20
0.7877755905511811
 30
0
 11
2.7247270078740158
 21
0.7877756299212598
 31
0
  0
LINE
  5
9E0
330
1A
100
AcDbEntity
  8
BLACK
  6
CONTINUOUS
100
AcDbLine
 10
2.7247270078740158
 20
0.7877756299212598
 30
0
 11
2.7257423228346456
 21
0.7878933858267716
 31
0
  0
LINE
  5
9E1
330
1A
100
AcDbEntity
  8
BLACK
  6
CONTINUOUS
100
AcDbLine
 10
2.7257423228346456
 20
0.7878933858267716
 30
0
 11
2.7298962598425196
 21
0.7897275196850394
 31
0
  0
LINE
  5
9E2
330
1A
100
AcDbEntity
  8
BLACK
  6
CONTINUOUS
100
AcDbLine
 10
2.7298962598425196
 20
0.7897275196850394
 30
0
 11
2.7331071259842519
 21
0.7929383858267717
 31
0
  0
LINE
  5
9E3
330
1A
100
AcDbEntity
  8
BLACK
  6
CONTINUOUS
100
AcDbLine
 10
2.7331071259842519
 20
0.7929383858267717
 30
0
 11
2.7349412598425196
 21
0.7970923228346457
 31
0
  0
LINE
  5
9E4
330
1A
100
AcDbEntity
  8
BLACK
  6
CONTINUOUS
100
AcDbLine
 10
2.7349412598425196
 20
0.7970923228346457
 30
0
 11
2.7350590551181102
 21
0.798107716535433
 31
0
  0
LINE
  5
9E5
330
1A
100
AcDbEntity
  8
BLACK
  6
CONTINUOUS
100
AcDbLine
 10
2.7350590551181102
 20
0.798107716535433
 30
0
 11
2.7350590551181102
 21
0.8617348031496063
 31
0
  0
LINE
  5
9E6
330
1A
100
AcDbEntity
  8
BLACK
  6
CONTINUOUS
100
AcDbLine
 10
2.7350590551181102
 20
0.8617348031496063
 30
0
 11
2.7350590157480315
 21
0.8617350787401574
 31
0
  0
LINE
  5
9E7
330
1A
100
AcDbEntity
  8
BLACK
  6
CONTINUOUS
100
AcDbLine
 10
2.7350590157480315
 20
0.8617350787401574
 30
0
 11
2.7349412598425196
 21
0.8627501968503937
 31
0
  0
LINE
  5
9E8
330
1A
100
AcDbEntity
  8
BLACK
  6
CONTINUOUS
100
AcDbLine
 10
2.7349412598425196
 20
0.8627501968503937
 30
0
 11
2.7331071259842519
 21
0.8669041338582677
 31
0
  0
LINE
  5
9E9
330
1A
100
AcDbEntity
  8
BLACK
  6
CONTINUOUS
100
AcDbLine
 10
2.7331071259842519
 20
0.8669041338582677
 30
0
 11
2.7331070866141731
 21
0.8669041732283465
 31
0
  0
LINE
  5
9EA
330
1A
100
AcDbEntity
  8
BLACK
  6
CONTINUOUS
100
AcDbLine
 10
2.7331070866141731
 20
0.8669041732283465
 30
0
 11
2.7331070472440944
 21
0.866904251968504
 31
0
  0
LINE
  5
9EB
330
1A
100
AcDbEntity
  8
BLACK
  6
CONTINUOUS
100
AcDbLine
 10
2.7331070472440944
 20
0.866904251968504
 30
0
 11
2.7298963385826771
 21
0.8701149606299212
 31
0
  0
LINE
  5
9EC
330
1A
100
AcDbEntity
  8
BLACK
  6
CONTINUOUS
100
AcDbLine
 10
2.7298963385826771
 20
0.8701149606299212
 30
0
 11
2.7298962598425196
 21
0.870115
 31
0
  0
LINE
  5
9ED
330
1A
100
AcDbEntity
  8
BLACK
  6
CONTINUOUS
100
AcDbLine
 10
2.7298962598425196
 20
0.870115
 30
0
 11
2.7257423622047243
 21
0.8719491338582677
 31
0
  0
LINE
  5
9EE
330
1A
100
AcDbEntity
  8
BLACK
  6
CONTINUOUS
100
AcDbLine
 10
2.7257423622047243
 20
0.8719491338582677
 30
0
 11
2.7257421653543306
 21
0.8719491732283464
 31
0
  0
LINE
  5
9EF
330
1A
100
AcDbEntity
  8
BLACK
  6
CONTINUOUS
100
AcDbLine
 10
2.7257421653543306
 20
0.8719491732283464
 30
0
 11
2.7247271653543308
 21
0.8720669291338582
 31
0
  0
LINE
  5
9F0
330
1A
100
AcDbEntity
  8
BLACK
  6
CONTINUOUS
100
AcDbLine
 10
2.7247271653543308
 20
0.8720669291338582
 30
0
 11
2.7247269291338583
 21
0.8720669291338582
 31
0
  0
LINE
  5
9F1
330
1A
100
AcDbEntity
  8
BLACK
  6
CONTINUOUS
100
AcDbLine
 10
2.7247269291338583
 20
0.8720669291338582
 30
0
 11
2.6610998425196848
 21
0.8720669291338582
 31
0
  0
LINE
  5
9F2
330
1A
100
AcDbEntity
  8
BLACK
  6
CONTINUOUS
100
AcDbLine
 10
2.6610998425196848
 20
0.8720669291338582
 30
0
 11
2.661099566929134
 21
0.8720669291338582
 31
0
  0
LINE
  5
9F3
330
1A
100
AcDbEntity
  8
BLACK
  6
CONTINUOUS
100
AcDbLine
 10
2.661099566929134
 20
0.8720669291338582
 30
0
 11
2.6600845669291338
 21
0.8719491732283464
 31
0
  0
LINE
  5
9F4
330
1A
100
AcDbEntity
  8
BLACK
  6
CONTINUOUS
100
AcDbLine
 10
2.6600845669291338
 20
0.8719491732283464
 30
0
 11
2.66008437007874
 21
0.8719491338582677
 31
0
  0
LINE
  5
9F5
330
1A
100
AcDbEntity
  8
BLACK
  6
CONTINUOUS
100
AcDbLine
 10
2.66008437007874
 20
0.8719491338582677
 30
0
 11
2.6559304724409447
 21
0.870115
 31
0
  0
LINE
  5
9F6
330
1A
100
AcDbEntity
  8
BLACK
  6
CONTINUOUS
100
AcDbLine
 10
2.6559304724409447
 20
0.870115
 30
0
 11
2.6559303937007872
 21
0.8701149606299212
 31
0
  0
LINE
  5
9F7
330
1A
100
AcDbEntity
  8
BLACK
  6
CONTINUOUS
100
AcDbLine
 10
2.6559303937007872
 20
0.8701149606299212
 30
0
 11
2.6527196850393699
 21
0.866904251968504
 31
0
  0
LINE
  5
9F8
330
1A
100
AcDbEntity
  8
BLACK
  6
CONTINUOUS
100
AcDbLine
 10
2.6527196850393699
 20
0.866904251968504
 30
0
 11
2.6527196456692912
 21
0.8669041732283465
 31
0
  0
LINE
  5
9F9
330
1A
100
AcDbEntity
  8
BLACK
  6
CONTINUOUS
100
AcDbLine
 10
2.6527196456692912
 20
0.8669041732283465
 30
0
 11
2.6508855118110235
 21
0.8627502755905512
 31
0
  0
LINE
  5
9FA
330
1A
100
AcDbEntity
  8
BLACK
  6
CONTINUOUS
100
AcDbLine
 10
2.6508855118110235
 20
0.8627502755905512
 30
0
 11
2.6508854724409447
 21
0.8627500787401574
 31
0
  0
LINE
  5
9FB
330
1A
100
AcDbEntity
  8
BLACK
  6
CONTINUOUS
100
AcDbLine
 10
2.6508854724409447
 20
0.8627500787401574
 30
0
 11
2.6507677165354329
 21
0.8617350787401574
 31
0
  0
LINE
  5
9FC
330
1A
100
AcDbEntity
  8
BLACK
  6
CONTINUOUS
100
AcDbLine
 10
2.6507677165354329
 20
0.8617350787401574
 30
0
 11
2.6507677165354329
 21
0.7981074803149606
 31
0
  0
LINE
  5
9FD
330
1A
100
AcDbEntity
  8
BLACK
  6
CONTINUOUS
100
AcDbLine
 10
2.7507677165354329
 20
0.7981074803149606
 30
0
 11
2.7508854724409448
 21
0.7970924803149606
 31
0
  0
LINE
  5
9FE
330
1A
100
AcDbEntity
  8
BLACK
  6
CONTINUOUS
100
AcDbLine
 10
2.7508854724409448
 20
0.7970924803149606
 30
0
 11
2.7508855118110236
 21
0.797092283464567
 31
0
  0
LINE
  5
9FF
330
1A
100
AcDbEntity
  8
BLACK
  6
CONTINUOUS
100
AcDbLine
 10
2.7508855118110236
 20
0.797092283464567
 30
0
 11
2.7527196456692913
 21
0.7929383858267717
 31
0
  0
LINE
  5
A00
330
1A
100
AcDbEntity
  8
BLACK
  6
CONTINUOUS
100
AcDbLine
 10
2.7527196456692913
 20
0.7929383858267717
 30
0
 11
2.75271968503937
 21
0.7929383070866142
 31
0
  0
LINE
  5
A01
330
1A
100
AcDbEntity
  8
BLACK
  6
CONTINUOUS
100
AcDbLine
 10
2.75271968503937
 20
0.7929383070866142
 30
0
 11
2.7559303937007873
 21
0.7897275984251968
 31
0
  0
LINE
  5
A02
330
1A
100
AcDbEntity
  8
BLACK
  6
CONTINUOUS
100
AcDbLine
 10
2.7559303937007873
 20
0.7897275984251968
 30
0
 11
2.7559304724409448
 21
0.789727559055118
 31
0
  0
LINE
  5
A03
330
1A
100
AcDbEntity
  8
BLACK
  6
CONTINUOUS
100
AcDbLine
 10
2.7559304724409448
 20
0.789727559055118
 30
0
 11
2.7559305118110236
 21
0.7897275196850394
 31
0
  0
LINE
  5
A04
330
1A
100
AcDbEntity
  8
BLACK
  6
CONTINUOUS
100
AcDbLine
 10
2.7559305118110236
 20
0.7897275196850394
 30
0
 11
2.7600844488188976
 21
0.7878933858267716
 31
0
  0
LINE
  5
A05
330
1A
100
AcDbEntity
  8
BLACK
  6
CONTINUOUS
100
AcDbLine
 10
2.7600844488188976
 20
0.7878933858267716
 30
0
 11
2.7610996850393699
 21
0.7877756299212598
 31
0
  0
LINE
  5
A06
330
1A
100
AcDbEntity
  8
BLACK
  6
CONTINUOUS
100
AcDbLine
 10
2.7610996850393699
 20
0.7877756299212598
 30
0
 11
2.7610998031496061
 21
0.7877755905511811
 31
0
  0
LINE
  5
A07
330
1A
100
AcDbEntity
  8
BLACK
  6
CONTINUOUS
100
AcDbLine
 10
2.7610998031496061
 20
0.7877755905511811
 30
0
 11
2.7610998425196849
 21
0.7877755905511811
 31
0
  0
LINE
  5
A08
330
1A
100
AcDbEntity
  8
BLACK
  6
CONTINUOUS
100
AcDbLine
 10
2.7610998425196849
 20
0.7877755905511811
 30
0
 11
2.8247269685039371
 21
0.7877755905511811
 31
0
  0
LINE
  5
A09
330
1A
100
AcDbEntity
  8
BLACK
  6
CONTINUOUS
100
AcDbLine
 10
2.8247269685039371
 20
0.7877755905511811
 30
0
 11
2.8247270078740159
 21
0.7877756299212598
 31
0
  0
LINE
  5
A0A
330
1A
100
AcDbEntity
  8
BLACK
  6
CONTINUOUS
100
AcDbLine
 10
2.8247270078740159
 20
0.7877756299212598
 30
0
 11
2.8257423228346457
 21
0.7878933858267716
 31
0
  0
LINE
  5
A0B
330
1A
100
AcDbEntity
  8
BLACK
  6
CONTINUOUS
100
AcDbLine
 10
2.8257423228346457
 20
0.7878933858267716
 30
0
 11
2.8298962598425197
 21
0.7897275196850394
 31
0
  0
LINE
  5
A0C
330
1A
100
AcDbEntity
  8
BLACK
  6
CONTINUOUS
100
AcDbLine
 10
2.8298962598425197
 20
0.7897275196850394
 30
0
 11
2.833107125984252
 21
0.7929383858267717
 31
0
  0
LINE
  5
A0D
330
1A
100
AcDbEntity
  8
BLACK
  6
CONTINUOUS
100
AcDbLine
 10
2.833107125984252
 20
0.7929383858267717
 30
0
 11
2.8349412598425197
 21
0.7970923228346457
 31
0
  0
LINE
  5
A0E
330
1A
100
AcDbEntity
  8
BLACK
  6
CONTINUOUS
100
AcDbLine
 10
2.8349412598425197
 20
0.7970923228346457
 30
0
 11
2.8350590551181103
 21
0.798107716535433
 31
0
  0
LINE
  5
A0F
330
1A
100
AcDbEntity
  8
BLACK
  6
CONTINUOUS
100
AcDbLine
 10
2.8350590551181103
 20
0.798107716535433
 30
0
 11
2.8350590551181103
 21
0.8617348031496063
 31
0
  0
LINE
  5
A10
330
1A
100
AcDbEntity
  8
BLACK
  6
CONTINUOUS
100
AcDbLine
 10
2.8350590551181103
 20
0.8617348031496063
 30
0
 11
2.8349412598425197
 21
0.8627501968503937
 31
0
  0
LINE
  5
A11
330
1A
100
AcDbEntity
  8
BLACK
  6
CONTINUOUS
100
AcDbLine
 10
2.8349412598425197
 20
0.8627501968503937
 30
0
 11
2.833107125984252
 21
0.8669041338582677
 31
0
  0
LINE
  5
A12
330
1A
100
AcDbEntity
  8
BLACK
  6
CONTINUOUS
100
AcDbLine
 10
2.833107125984252
 20
0.8669041338582677
 30
0
 11
2.8331070866141732
 21
0.8669041732283465
 31
0
  0
LINE
  5
A13
330
1A
100
AcDbEntity
  8
BLACK
  6
CONTINUOUS
100
AcDbLine
 10
2.8331070866141732
 20
0.8669041732283465
 30
0
 11
2.8331070472440945
 21
0.866904251968504
 31
0
  0
LINE
  5
A14
330
1A
100
AcDbEntity
  8
BLACK
  6
CONTINUOUS
100
AcDbLine
 10
2.8331070472440945
 20
0.866904251968504
 30
0
 11
2.8298963385826772
 21
0.8701149606299212
 31
0
  0
LINE
  5
A15
330
1A
100
AcDbEntity
  8
BLACK
  6
CONTINUOUS
100
AcDbLine
 10
2.8298963385826772
 20
0.8701149606299212
 30
0
 11
2.8298962598425197
 21
0.870115
 31
0
  0
LINE
  5
A16
330
1A
100
AcDbEntity
  8
BLACK
  6
CONTINUOUS
100
AcDbLine
 10
2.8298962598425197
 20
0.870115
 30
0
 11
2.8257423622047244
 21
0.8719491338582677
 31
0
  0
LINE
  5
A17
330
1A
100
AcDbEntity
  8
BLACK
  6
CONTINUOUS
100
AcDbLine
 10
2.8257423622047244
 20
0.8719491338582677
 30
0
 11
2.8257421653543306
 21
0.8719491732283464
 31
0
  0
LINE
  5
A18
330
1A
100
AcDbEntity
  8
BLACK
  6
CONTINUOUS
100
AcDbLine
 10
2.8257421653543306
 20
0.8719491732283464
 30
0
 11
2.8247271653543304
 21
0.8720669291338582
 31
0
  0
LINE
  5
A19
330
1A
100
AcDbEntity
  8
BLACK
  6
CONTINUOUS
100
AcDbLine
 10
2.8247271653543304
 20
0.8720669291338582
 30
0
 11
2.8247269291338584
 21
0.8720669291338582
 31
0
  0
LINE
  5
A1A
330
1A
100
AcDbEntity
  8
BLACK
  6
CONTINUOUS
100
AcDbLine
 10
2.8247269291338584
 20
0.8720669291338582
 30
0
 11
2.7610998425196849
 21
0.8720669291338582
 31
0
  0
LINE
  5
A1B
330
1A
100
AcDbEntity
  8
BLACK
  6
CONTINUOUS
100
AcDbLine
 10
2.7610998425196849
 20
0.8720669291338582
 30
0
 11
2.7610995669291336
 21
0.8720669291338582
 31
0
  0
LINE
  5
A1C
330
1A
100
AcDbEntity
  8
BLACK
  6
CONTINUOUS
100
AcDbLine
 10
2.7610995669291336
 20
0.8720669291338582
 30
0
 11
2.7600845669291338
 21
0.8719491732283464
 31
0
  0
LINE
  5
A1D
330
1A
100
AcDbEntity
  8
BLACK
  6
CONTINUOUS
100
AcDbLine
 10
2.7600845669291338
 20
0.8719491732283464
 30
0
 11
2.7600843700787401
 21
0.8719491338582677
 31
0
  0
LINE
  5
A1E
330
1A
100
AcDbEntity
  8
BLACK
  6
CONTINUOUS
100
AcDbLine
 10
2.7600843700787401
 20
0.8719491338582677
 30
0
 11
2.7559304724409448
 21
0.870115
 31
0
  0
LINE
  5
A1F
330
1A
100
AcDbEntity
  8
BLACK
  6
CONTINUOUS
100
AcDbLine
 10
2.7559304724409448
 20
0.870115
 30
0
 11
2.7559303937007873
 21
0.8701149606299212
 31
0
  0
LINE
  5
A20
330
1A
100
AcDbEntity
  8
BLACK
  6
CONTINUOUS
100
AcDbLine
 10
2.7559303937007873
 20
0.8701149606299212
 30
0
 11
2.75271968503937
 21
0.866904251968504
 31
0
  0
LINE
  5
A21
330
1A
100
AcDbEntity
  8
BLACK
  6
CONTINUOUS
100
AcDbLine
 10
2.75271968503937
 20
0.866904251968504
 30
0
 11
2.7527196456692913
 21
0.8669041732283465
 31
0
  0
LINE
  5
A22
330
1A
100
AcDbEntity
  8
BLACK
  6
CONTINUOUS
100
AcDbLine
 10
2.7527196456692913
 20
0.8669041732283465
 30
0
 11
2.7508855118110236
 21
0.8627502755905512
 31
0
  0
LINE
  5
A23
330
1A
100
AcDbEntity
  8
BLACK
  6
CONTINUOUS
100
AcDbLine
 10
2.7508855118110236
 20
0.8627502755905512
 30
0
 11
2.7508854724409448
 21
0.8627500787401574
 31
0
  0
LINE
  5
A24
330
1A
100
AcDbEntity
  8
BLACK
  6
CONTINUOUS
100
AcDbLine
 10
2.7508854724409448
 20
0.8627500787401574
 30
0
 11
2.7507677165354329
 21
0.8617350787401574
 31
0
  0
LINE
  5
A25
330
1A
100
AcDbEntity
  8
BLACK
  6
CONTINUOUS
100
AcDbLine
 10
2.7507677165354329
 20
0.8617350787401574
 30
0
 11
2.7507677165354329
 21
0.7981074803149606
 31
0
  0
LINE
  5
A26
330
1A
100
AcDbEntity
  8
BLACK
  6
CONTINUOUS
100
AcDbLine
 10
1.5336220472440945
 20
1.1431679921259843
 30
0
 11
1.5337840944881889
 21
1.1423533464566928
 31
0
  0
LINE
  5
A27
330
1A
100
AcDbEntity
  8
BLACK
  6
CONTINUOUS
100
AcDbLine
 10
1.5337840944881889
 20
1.1423533464566928
 30
0
 11
1.5346939763779528
 21
1.1377790551181102
 31
0
  0
LINE
  5
A28
330
1A
100
AcDbEntity
  8
BLACK
  6
CONTINUOUS
100
AcDbLine
 10
1.5346939763779528
 20
1.1377790551181102
 30
0
 11
1.5346940157480315
 21
1.1377789763779527
 31
0
  0
LINE
  5
A29
330
1A
100
AcDbEntity
  8
BLACK
  6
CONTINUOUS
100
AcDbLine
 10
1.5346940157480315
 20
1.1377789763779527
 30
0
 11
1.5346940551181103
 21
1.1377787795275591
 31
0
  0
LINE
  5
A2A
330
1A
100
AcDbEntity
  8
BLACK
  6
CONTINUOUS
100
AcDbLine
 10
1.5346940551181103
 20
1.1377787795275591
 30
0
 11
1.5367965748031496
 21
1.1327029133858268
 31
0
  0
LINE
  5
A2B
330
1A
100
AcDbEntity
  8
BLACK
  6
CONTINUOUS
100
AcDbLine
 10
1.5367965748031496
 20
1.1327029133858268
 30
0
 11
1.5367966535433071
 21
1.1327027559055118
 31
0
  0
LINE
  5
A2C
330
1A
100
AcDbEntity
  8
BLACK
  6
CONTINUOUS
100
AcDbLine
 10
1.5367966535433071
 20
1.1327027559055118
 30
0
 11
1.5379969291338582
 21
1.1309064173228347
 31
0
  0
LINE
  5
A2D
330
1A
100
AcDbEntity
  8
BLACK
  6
CONTINUOUS
100
AcDbLine
 10
1.5379969291338582
 20
1.1309064173228347
 30
0
 11
1.5398492913385826
 21
1.1281341732283465
 31
0
  0
LINE
  5
A2E
330
1A
100
AcDbEntity
  8
BLACK
  6
CONTINUOUS
100
AcDbLine
 10
1.5398492913385826
 20
1.1281341732283465
 30
0
 11
1.5437345669291338
 21
1.1242488976377953
 31
0
  0
LINE
  5
A2F
330
1A
100
AcDbEntity
  8
BLACK
  6
CONTINUOUS
100
AcDbLine
 10
1.5437345669291338
 20
1.1242488976377953
 30
0
 11
1.5483031102362204
 21
1.1211962992125983
 31
0
  0
LINE
  5
A30
330
1A
100
AcDbEntity
  8
BLACK
  6
CONTINUOUS
100
AcDbLine
 10
1.5483031102362204
 20
1.1211962992125983
 30
0
 11
1.5483032677165354
 21
1.1211962204724408
 31
0
  0
LINE
  5
A31
330
1A
100
AcDbEntity
  8
BLACK
  6
CONTINUOUS
100
AcDbLine
 10
1.5483032677165354
 20
1.1211962204724408
 30
0
 11
1.5533791338582676
 21
1.1190937007874016
 31
0
  0
LINE
  5
A32
330
1A
100
AcDbEntity
  8
BLACK
  6
CONTINUOUS
100
AcDbLine
 10
1.5533791338582676
 20
1.1190937007874016
 30
0
 11
1.5533791732283464
 21
1.1190937007874016
 31
0
  0
LINE
  5
A33
330
1A
100
AcDbEntity
  8
BLACK
  6
CONTINUOUS
100
AcDbLine
 10
1.5533791732283464
 20
1.1190937007874016
 30
0
 11
1.5533794488188977
 21
1.1190935826771653
 31
0
  0
LINE
  5
A34
330
1A
100
AcDbEntity
  8
BLACK
  6
CONTINUOUS
100
AcDbLine
 10
1.5533794488188977
 20
1.1190935826771653
 30
0
 11
1.5587684645669291
 21
1.118021653543307
 31
0
  0
LINE
  5
A35
330
1A
100
AcDbEntity
  8
BLACK
  6
CONTINUOUS
100
AcDbLine
 10
1.5587684645669291
 20
1.118021653543307
 30
0
 11
1.5587685039370078
 21
1.118021653543307
 31
0
  0
LINE
  5
A36
330
1A
100
AcDbEntity
  8
BLACK
  6
CONTINUOUS
100
AcDbLine
 10
1.5587685039370078
 20
1.118021653543307
 30
0
 11
1.5642629921259843
 21
1.118021653543307
 31
0
  0
LINE
  5
A37
330
1A
100
AcDbEntity
  8
BLACK
  6
CONTINUOUS
100
AcDbLine
 10
1.5642629921259843
 20
1.118021653543307
 30
0
 11
1.564263031496063
 21
1.118021653543307
 31
0
  0
LINE
  5
A38
330
1A
100
AcDbEntity
  8
BLACK
  6
CONTINUOUS
100
AcDbLine
 10
1.564263031496063
 20
1.118021653543307
 30
0
 11
1.5696520472440945
 21
1.1190935826771653
 31
0
  0
LINE
  5
A39
330
1A
100
AcDbEntity
  8
BLACK
  6
CONTINUOUS
100
AcDbLine
 10
1.5696520472440945
 20
1.1190935826771653
 30
0
 11
1.5747283858267715
 21
1.1211962992125983
 31
0
  0
LINE
  5
A3A
330
1A
100
AcDbEntity
  8
BLACK
  6
CONTINUOUS
100
AcDbLine
 10
1.5747283858267715
 20
1.1211962992125983
 30
0
 11
1.5792969291338583
 21
1.1242488976377953
 31
0
  0
LINE
  5
A3B
330
1A
100
AcDbEntity
  8
BLACK
  6
CONTINUOUS
100
AcDbLine
 10
1.5792969291338583
 20
1.1242488976377953
 30
0
 11
1.5831822047244095
 21
1.1281341732283465
 31
0
  0
LINE
  5
A3C
330
1A
100
AcDbEntity
  8
BLACK
  6
CONTINUOUS
100
AcDbLine
 10
1.5831822047244095
 20
1.1281341732283465
 30
0
 11
1.5862348031496063
 21
1.1327027165354331
 31
0
  0
LINE
  5
A3D
330
1A
100
AcDbEntity
  8
BLACK
  6
CONTINUOUS
100
AcDbLine
 10
1.5862348031496063
 20
1.1327027165354331
 30
0
 11
1.5872429527559055
 21
1.1351366141732284
 31
0
  0
LINE
  5
A3E
330
1A
100
AcDbEntity
  8
BLACK
  6
CONTINUOUS
100
AcDbLine
 10
1.5872429527559055
 20
1.1351366141732284
 30
0
 11
1.5889967716535434
 21
1.1373129527559054
 31
0
  0
LINE
  5
A3F
330
1A
100
AcDbEntity
  8
BLACK
  6
CONTINUOUS
100
AcDbLine
 10
1.5889967716535434
 20
1.1373129527559054
 30
0
 11
1.5916488976377952
 21
1.1381956692913386
 31
0
  0
LINE
  5
A40
330
1A
100
AcDbEntity
  8
BLACK
  6
CONTINUOUS
100
AcDbLine
 10
1.5916488976377952
 20
1.1381956692913386
 30
0
 11
1.5918259448818897
 21
1.1381988188976377
 31
0
  0
LINE
  5
A41
330
1A
100
AcDbEntity
  8
BLACK
  6
CONTINUOUS
100
AcDbLine
 10
1.5918259448818897
 20
1.1381988188976377
 30
0
 11
1.8254656299212597
 21
1.1381988188976377
 31
0
  0
LINE
  5
A42
330
1A
100
AcDbEntity
  8
BLACK
  6
CONTINUOUS
100
AcDbLine
 10
1.8254656299212597
 20
1.1381988188976377
 30
0
 11
1.8281475590551182
 21
1.1374113385826772
 31
0
  0
LINE
  5
A43
330
1A
100
AcDbEntity
  8
BLACK
  6
CONTINUOUS
100
AcDbLine
 10
1.8281475590551182
 20
1.1374113385826772
 30
0
 11
1.8289733070866141
 21
1.1367458661417322
 31
0
  0
LINE
  5
A44
330
1A
100
AcDbEntity
  8
BLACK
  6
CONTINUOUS
100
AcDbLine
 10
1.8289733070866141
 20
1.1367458661417322
 30
0
 11
1.8464048031496063
 21
1.1193143700787402
 31
0
  0
LINE
  5
A45
330
1A
100
AcDbEntity
  8
BLACK
  6
CONTINUOUS
100
AcDbLine
 10
1.8464048031496063
 20
1.1193143700787402
 30
0
 11
1.8464051574803149
 21
1.1193139763779527
 31
0
  0
LINE
  5
A46
330
1A
100
AcDbEntity
  8
BLACK
  6
CONTINUOUS
100
AcDbLine
 10
1.8464051574803149
 20
1.1193139763779527
 30
0
 11
1.8465784251968504
 21
1.1191407086614173
 31
0
  0
LINE
  5
A47
330
1A
100
AcDbEntity
  8
BLACK
  6
CONTINUOUS
100
AcDbLine
 10
1.8465784251968504
 20
1.1191407086614173
 30
0
 11
1.8465784645669292
 21
1.1191406692913386
 31
0
  0
LINE
  5
A48
330
1A
100
AcDbEntity
  8
BLACK
  6
CONTINUOUS
100
AcDbLine
 10
1.8465784645669292
 20
1.1191406692913386
 30
0
 11
1.8478562992125984
 21
1.1178628346456692
 31
0
  0
LINE
  5
A49
330
1A
100
AcDbEntity
  8
BLACK
  6
CONTINUOUS
100
AcDbLine
 10
1.8478562992125984
 20
1.1178628346456692
 30
0
 11
1.8484730708661417
 21
1.1171112992125984
 31
0
  0
LINE
  5
A4A
330
1A
100
AcDbEntity
  8
BLACK
  6
CONTINUOUS
100
AcDbLine
 10
1.8484730708661417
 20
1.1171112992125984
 30
0
 11
1.8503807874015747
 21
1.1142562204724409
 31
0
  0
LINE
  5
A4B
330
1A
100
AcDbEntity
  8
BLACK
  6
CONTINUOUS
100
AcDbLine
 10
1.8503807874015747
 20
1.1142562204724409
 30
0
 11
1.8542660629921259
 21
1.1103709448818897
 31
0
  0
LINE
  5
A4C
330
1A
100
AcDbEntity
  8
BLACK
  6
CONTINUOUS
100
AcDbLine
 10
1.8542660629921259
 20
1.1103709448818897
 30
0
 11
1.8575492913385827
 21
1.1081771653543306
 31
0
  0
LINE
  5
A4D
330
1A
100
AcDbEntity
  8
BLACK
  6
CONTINUOUS
100
AcDbLine
 10
1.8575492913385827
 20
1.1081771653543306
 30
0
 11
1.8588346062992125
 21
1.1073183464566929
 31
0
  0
LINE
  5
A4E
330
1A
100
AcDbEntity
  8
BLACK
  6
CONTINUOUS
100
AcDbLine
 10
1.8588346062992125
 20
1.1073183464566929
 30
0
 11
1.8588347637795275
 21
1.1073182677165354
 31
0
  0
LINE
  5
A4F
330
1A
100
AcDbEntity
  8
BLACK
  6
CONTINUOUS
100
AcDbLine
 10
1.8588347637795275
 20
1.1073182677165354
 30
0
 11
1.8639106299212598
 21
1.1052157480314961
 31
0
  0
LINE
  5
A50
330
1A
100
AcDbEntity
  8
BLACK
  6
CONTINUOUS
100
AcDbLine
 10
1.8639106299212598
 20
1.1052157480314961
 30
0
 11
1.8639106692913385
 21
1.1052157480314961
 31
0
  0
LINE
  5
A51
330
1A
100
AcDbEntity
  8
BLACK
  6
CONTINUOUS
100
AcDbLine
 10
1.8639106692913385
 20
1.1052157480314961
 30
0
 11
1.8639109448818898
 21
1.1052156299212599
 31
0
  0
LINE
  5
A52
330
1A
100
AcDbEntity
  8
BLACK
  6
CONTINUOUS
100
AcDbLine
 10
1.8639109448818898
 20
1.1052156299212599
 30
0
 11
1.8692999606299212
 21
1.1041437007874015
 31
0
  0
LINE
  5
A53
330
1A
100
AcDbEntity
  8
BLACK
  6
CONTINUOUS
100
AcDbLine
 10
1.8692999606299212
 20
1.1041437007874015
 30
0
 11
1.8693
 21
1.1041437007874015
 31
0
  0
LINE
  5
A54
330
1A
100
AcDbEntity
  8
BLACK
  6
CONTINUOUS
100
AcDbLine
 10
1.8693
 20
1.1041437007874015
 30
0
 11
1.8747944488188977
 21
1.1041437007874015
 31
0
  0
LINE
  5
A55
330
1A
100
AcDbEntity
  8
BLACK
  6
CONTINUOUS
100
AcDbLine
 10
1.8747944488188977
 20
1.1041437007874015
 30
0
 11
1.8747945275590552
 21
1.1041437007874015
 31
0
  0
LINE
  5
A56
330
1A
100
AcDbEntity
  8
BLACK
  6
CONTINUOUS
100
AcDbLine
 10
1.8747945275590552
 20
1.1041437007874015
 30
0
 11
1.8753282677165355
 21
1.1042498818897637
 31
0
  0
LINE
  5
A57
330
1A
100
AcDbEntity
  8
BLACK
  6
CONTINUOUS
100
AcDbLine
 10
1.8753282677165355
 20
1.1042498818897637
 30
0
 11
1.8781122834645669
 21
1.1040007874015747
 31
0
  0
LINE
  5
A58
330
1A
100
AcDbEntity
  8
BLACK
  6
CONTINUOUS
100
AcDbLine
 10
1.8781122834645669
 20
1.1040007874015747
 30
0
 11
1.88031968503937
 21
1.1022860629921261
 31
0
  0
LINE
  5
A59
330
1A
100
AcDbEntity
  8
BLACK
  6
CONTINUOUS
100
AcDbLine
 10
1.88031968503937
 20
1.1022860629921261
 30
0
 11
1.8812496062992126
 21
1.099650157480315
 31
0
  0
LINE
  5
A5A
330
1A
100
AcDbEntity
  8
BLACK
  6
CONTINUOUS
100
AcDbLine
 10
1.8812496062992126
 20
1.099650157480315
 30
0
 11
1.8811788582677165
 21
1.0986599212598425
 31
0
  0
LINE
  5
A5B
330
1A
100
AcDbEntity
  8
BLACK
  6
CONTINUOUS
100
AcDbLine
 10
1.8811788582677165
 20
1.0986599212598425
 30
0
 11
1.8811853149606299
 21
1.0986592519685039
 31
0
  0
LINE
  5
A5C
330
1A
100
AcDbEntity
  8
BLACK
  6
CONTINUOUS
100
AcDbLine
 10
1.8811853149606299
 20
1.0986592519685039
 30
0
 11
1.8811616141732284
 21
1.0984186220472441
 31
0
  0
LINE
  5
A5D
330
1A
100
AcDbEntity
  8
BLACK
  6
CONTINUOUS
100
AcDbLine
 10
1.8811616141732284
 20
1.0984186220472441
 30
0
 11
1.8811615354330709
 21
1.0984174015748032
 31
0
  0
LINE
  5
A5E
330
1A
100
AcDbEntity
  8
BLACK
  6
CONTINUOUS
100
AcDbLine
 10
1.8811615354330709
 20
1.0984174015748032
 30
0
 11
1.8811614566929133
 21
1.0984170866141731
 31
0
  0
LINE
  5
A5F
330
1A
100
AcDbEntity
  8
BLACK
  6
CONTINUOUS
100
AcDbLine
 10
1.8811614566929133
 20
1.0984170866141731
 30
0
 11
1.8811614173228346
 21
1.0984165354330708
 31
0
  0
LINE
  5
A60
330
1A
100
AcDbEntity
  8
BLACK
  6
CONTINUOUS
100
AcDbLine
 10
1.8811614173228346
 20
1.0984165354330708
 30
0
 11
1.8811614173228346
 21
1.0926783070866142
 31
0
  0
LINE
  5
A61
330
1A
100
AcDbEntity
  8
BLACK
  6
CONTINUOUS
100
AcDbLine
 10
1.8811614173228346
 20
1.0926783070866142
 30
0
 11
1.8810728346456693
 21
1.0926783070866142
 31
0
  0
LINE
  5
A62
330
1A
100
AcDbEntity
  8
BLACK
  6
CONTINUOUS
100
AcDbLine
 10
1.8810728346456693
 20
1.0926783070866142
 30
0
 11
1.8806251181102362
 21
1.090322440944882
 31
0
  0
LINE
  5
A63
330
1A
100
AcDbEntity
  8
BLACK
  6
CONTINUOUS
100
AcDbLine
 10
1.8806251181102362
 20
1.090322440944882
 30
0
 11
1.8797177952755906
 21
1.0890763779527559
 31
0
  0
LINE
  5
A64
330
1A
100
AcDbEntity
  8
BLACK
  6
CONTINUOUS
100
AcDbLine
 10
1.8797177952755906
 20
1.0890763779527559
 30
0
 11
1.8768287401574804
 21
1.0861872440944882
 31
0
  0
LINE
  5
A65
330
1A
100
AcDbEntity
  8
BLACK
  6
CONTINUOUS
100
AcDbLine
 10
1.8768287401574804
 20
1.0861872440944882
 30
0
 11
1.8743755118110237
 21
1.0848476377952756
 31
0
  0
LINE
  5
A66
330
1A
100
AcDbEntity
  8
BLACK
  6
CONTINUOUS
100
AcDbLine
 10
1.8743755118110237
 20
1.0848476377952756
 30
0
 11
1.8733209842519685
 21
1.0847342519685039
 31
0
  0
LINE
  5
A67
330
1A
100
AcDbEntity
  8
BLACK
  6
CONTINUOUS
100
AcDbLine
 10
1.8733209842519685
 20
1.0847342519685039
 30
0
 11
1.8324931889763778
 21
1.0847342519685039
 31
0
  0
LINE
  5
A68
330
1A
100
AcDbEntity
  8
BLACK
  6
CONTINUOUS
100
AcDbLine
 10
1.8324931889763778
 20
1.0847342519685039
 30
0
 11
1.8298112598425196
 21
1.0855217322834645
 31
0
  0
LINE
  5
A69
330
1A
100
AcDbEntity
  8
BLACK
  6
CONTINUOUS
100
AcDbLine
 10
1.8298112598425196
 20
1.0855217322834645
 30
0
 11
1.828951811023622
 21
1.0862868897637794
 31
0
  0
LINE
  5
A6A
330
1A
100
AcDbEntity
  8
BLACK
  6
CONTINUOUS
100
AcDbLine
 10
1.828951811023622
 20
1.0862868897637794
 30
0
 11
1.8289253937007874
 21
1.0862604330708661
 31
0
  0
LINE
  5
A6B
330
1A
100
AcDbEntity
  8
BLACK
  6
CONTINUOUS
100
AcDbLine
 10
1.8289253937007874
 20
1.0862604330708661
 30
0
 11
1.8272924015748031
 21
1.0878934251968504
 31
0
  0
LINE
  5
A6C
330
1A
100
AcDbEntity
  8
BLACK
  6
CONTINUOUS
100
AcDbLine
 10
1.8272924015748031
 20
1.0878934251968504
 30
0
 11
1.8248677952755905
 21
1.090318031496063
 31
0
  0
LINE
  5
A6D
330
1A
100
AcDbEntity
  8
BLACK
  6
CONTINUOUS
100
AcDbLine
 10
1.8248677952755905
 20
1.090318031496063
 30
0
 11
1.8209705511811023
 21
1.0929220866141731
 31
0
  0
LINE
  5
A6E
330
1A
100
AcDbEntity
  8
BLACK
  6
CONTINUOUS
100
AcDbLine
 10
1.8209705511811023
 20
1.0929220866141731
 30
0
 11
1.8202992125984252
 21
1.0933706692913385
 31
0
  0
LINE
  5
A6F
330
1A
100
AcDbEntity
  8
BLACK
  6
CONTINUOUS
100
AcDbLine
 10
1.8202992125984252
 20
1.0933706692913385
 30
0
 11
1.8202990551181102
 21
1.093370748031496
 31
0
  0
LINE
  5
A70
330
1A
100
AcDbEntity
  8
BLACK
  6
CONTINUOUS
100
AcDbLine
 10
1.8202990551181102
 20
1.093370748031496
 30
0
 11
1.8152231889763779
 21
1.0954732677165353
 31
0
  0
LINE
  5
A71
330
1A
100
AcDbEntity
  8
BLACK
  6
CONTINUOUS
100
AcDbLine
 10
1.8152231889763779
 20
1.0954732677165353
 30
0
 11
1.8152229921259841
 21
1.0954733070866141
 31
0
  0
LINE
  5
A72
330
1A
100
AcDbEntity
  8
BLACK
  6
CONTINUOUS
100
AcDbLine
 10
1.8152229921259841
 20
1.0954733070866141
 30
0
 11
1.8152229133858266
 21
1.0954733464566928
 31
0
  0
LINE
  5
A73
330
1A
100
AcDbEntity
  8
BLACK
  6
CONTINUOUS
100
AcDbLine
 10
1.8152229133858266
 20
1.0954733464566928
 30
0
 11
1.8119662598425197
 21
1.0961211417322834
 31
0
  0
LINE
  5
A74
330
1A
100
AcDbEntity
  8
BLACK
  6
CONTINUOUS
100
AcDbLine
 10
1.8119662598425197
 20
1.0961211417322834
 30
0
 11
1.8098339763779527
 21
1.0965452755905511
 31
0
  0
LINE
  5
A75
330
1A
100
AcDbEntity
  8
BLACK
  6
CONTINUOUS
100
AcDbLine
 10
1.8098339763779527
 20
1.0965452755905511
 30
0
 11
1.8098338976377952
 21
1.0965452755905511
 31
0
  0
LINE
  5
A76
330
1A
100
AcDbEntity
  8
BLACK
  6
CONTINUOUS
100
AcDbLine
 10
1.8098338976377952
 20
1.0965452755905511
 30
0
 11
1.8043393307086615
 21
1.0965452755905511
 31
0
  0
LINE
  5
A77
330
1A
100
AcDbEntity
  8
BLACK
  6
CONTINUOUS
100
AcDbLine
 10
1.8043393307086615
 20
1.0965452755905511
 30
0
 11
1.8043392125984252
 21
1.0965452755905511
 31
0
  0
LINE
  5
A78
330
1A
100
AcDbEntity
  8
BLACK
  6
CONTINUOUS
100
AcDbLine
 10
1.8043392125984252
 20
1.0965452755905511
 30
0
 11
1.8013369291338581
 21
1.0959480708661418
 31
0
  0
LINE
  5
A79
330
1A
100
AcDbEntity
  8
BLACK
  6
CONTINUOUS
100
AcDbLine
 10
1.8013369291338581
 20
1.0959480708661418
 30
0
 11
1.7989503149606298
 21
1.0954733464566928
 31
0
  0
LINE
  5
A7A
330
1A
100
AcDbEntity
  8
BLACK
  6
CONTINUOUS
100
AcDbLine
 10
1.7989503149606298
 20
1.0954733464566928
 30
0
 11
1.7989502362204723
 21
1.0954733464566928
 31
0
  0
LINE
  5
A7B
330
1A
100
AcDbEntity
  8
BLACK
  6
CONTINUOUS
100
AcDbLine
 10
1.7989502362204723
 20
1.0954733464566928
 30
0
 11
1.79895
 21
1.0954732677165353
 31
0
  0
LINE
  5
A7C
330
1A
100
AcDbEntity
  8
BLACK
  6
CONTINUOUS
100
AcDbLine
 10
1.79895
 20
1.0954732677165353
 30
0
 11
1.7938741338582678
 21
1.093370748031496
 31
0
  0
LINE
  5
A7D
330
1A
100
AcDbEntity
  8
BLACK
  6
CONTINUOUS
100
AcDbLine
 10
1.7938741338582678
 20
1.093370748031496
 30
0
 11
1.7938739763779528
 21
1.0933706692913385
 31
0
  0
LINE
  5
A7E
330
1A
100
AcDbEntity
  8
BLACK
  6
CONTINUOUS
100
AcDbLine
 10
1.7938739763779528
 20
1.0933706692913385
 30
0
 11
1.789305590551181
 21
1.0903181496062992
 31
0
  0
LINE
  5
A7F
330
1A
100
AcDbEntity
  8
BLACK
  6
CONTINUOUS
100
AcDbLine
 10
1.789305590551181
 20
1.0903181496062992
 30
0
 11
1.7893053149606299
 21
1.0903179527559055
 31
0
  0
LINE
  5
A80
330
1A
100
AcDbEntity
  8
BLACK
  6
CONTINUOUS
100
AcDbLine
 10
1.7893053149606299
 20
1.0903179527559055
 30
0
 11
1.7854202362204723
 21
1.0864328740157481
 31
0
  0
LINE
  5
A81
330
1A
100
AcDbEntity
  8
BLACK
  6
CONTINUOUS
100
AcDbLine
 10
1.7854202362204723
 20
1.0864328740157481
 30
0
 11
1.7854200393700788
 21
1.0864325984251968
 31
0
  0
LINE
  5
A82
330
1A
100
AcDbEntity
  8
BLACK
  6
CONTINUOUS
100
AcDbLine
 10
1.7854200393700788
 20
1.0864325984251968
 30
0
 11
1.7823675196850393
 21
1.0818642125984252
 31
0
  0
LINE
  5
A83
330
1A
100
AcDbEntity
  8
BLACK
  6
CONTINUOUS
100
AcDbLine
 10
1.7823675196850393
 20
1.0818642125984252
 30
0
 11
1.7823674409448818
 21
1.0818640551181102
 31
0
  0
LINE
  5
A84
330
1A
100
AcDbEntity
  8
BLACK
  6
CONTINUOUS
100
AcDbLine
 10
1.7823674409448818
 20
1.0818640551181102
 30
0
 11
1.7802649212598425
 21
1.076788188976378
 31
0
  0
LINE
  5
A85
330
1A
100
AcDbEntity
  8
BLACK
  6
CONTINUOUS
100
AcDbLine
 10
1.7802649212598425
 20
1.076788188976378
 30
0
 11
1.780264842519685
 21
1.0767879527559054
 31
0
  0
LINE
  5
A86
330
1A
100
AcDbEntity
  8
BLACK
  6
CONTINUOUS
100
AcDbLine
 10
1.780264842519685
 20
1.0767879527559054
 30
0
 11
1.780264842519685
 21
1.0767878740157479
 31
0
  0
LINE
  5
A87
330
1A
100
AcDbEntity
  8
BLACK
  6
CONTINUOUS
100
AcDbLine
 10
1.780264842519685
 20
1.0767878740157479
 30
0
 11
1.7802393700787402
 21
1.0766597637795274
 31
0
  0
LINE
  5
A88
330
1A
100
AcDbEntity
  8
BLACK
  6
CONTINUOUS
100
AcDbLine
 10
1.7802393700787402
 20
1.0766597637795274
 30
0
 11
1.7791929133858266
 21
1.0713989763779528
 31
0
  0
LINE
  5
A89
330
1A
100
AcDbEntity
  8
BLACK
  6
CONTINUOUS
100
AcDbLine
 10
1.7791929133858266
 20
1.0713989763779528
 30
0
 11
1.7791929133858266
 21
1.0713988976377953
 31
0
  0
LINE
  5
A8A
330
1A
100
AcDbEntity
  8
BLACK
  6
CONTINUOUS
100
AcDbLine
 10
1.7791929133858266
 20
1.0713988976377953
 30
0
 11
1.7791929133858266
 21
1.0713988582677165
 31
0
  0
LINE
  5
A8B
330
1A
100
AcDbEntity
  8
BLACK
  6
CONTINUOUS
100
AcDbLine
 10
1.7791929133858266
 20
1.0713988582677165
 30
0
 11
1.7791929133858266
 21
1.0659042913385826
 31
0
  0
LINE
  5
A8C
330
1A
100
AcDbEntity
  8
BLACK
  6
CONTINUOUS
100
AcDbLine
 10
1.7791929133858266
 20
1.0659042913385826
 30
0
 11
1.780264842519685
 21
1.0605152755905511
 31
0
  0
LINE
  5
A8D
330
1A
100
AcDbEntity
  8
BLACK
  6
CONTINUOUS
100
AcDbLine
 10
1.780264842519685
 20
1.0605152755905511
 30
0
 11
1.7802648818897637
 21
1.0605151968503936
 31
0
  0
LINE
  5
A8E
330
1A
100
AcDbEntity
  8
BLACK
  6
CONTINUOUS
100
AcDbLine
 10
1.7802648818897637
 20
1.0605151968503936
 30
0
 11
1.7802649212598425
 21
1.0605149999999999
 31
0
  0
LINE
  5
A8F
330
1A
100
AcDbEntity
  8
BLACK
  6
CONTINUOUS
100
AcDbLine
 10
1.7802649212598425
 20
1.0605149999999999
 30
0
 11
1.7823674409448818
 21
1.0554391338582676
 31
0
  0
LINE
  5
A90
330
1A
100
AcDbEntity
  8
BLACK
  6
CONTINUOUS
100
AcDbLine
 10
1.7823674409448818
 20
1.0554391338582676
 30
0
 11
1.7823675196850393
 21
1.0554389763779528
 31
0
  0
LINE
  5
A91
330
1A
100
AcDbEntity
  8
BLACK
  6
CONTINUOUS
100
AcDbLine
 10
1.7823675196850393
 20
1.0554389763779528
 30
0
 11
1.7838731889763779
 21
1.0531855905511811
 31
0
  0
LINE
  5
A92
330
1A
100
AcDbEntity
  8
BLACK
  6
CONTINUOUS
100
AcDbLine
 10
1.7838731889763779
 20
1.0531855905511811
 30
0
 11
1.785420157480315
 21
1.0508703937007873
 31
0
  0
LINE
  5
A93
330
1A
100
AcDbEntity
  8
BLACK
  6
CONTINUOUS
100
AcDbLine
 10
1.785420157480315
 20
1.0508703937007873
 30
0
 11
1.7854202362204723
 21
1.05087031496063
 31
0
  0
LINE
  5
A94
330
1A
100
AcDbEntity
  8
BLACK
  6
CONTINUOUS
100
AcDbLine
 10
1.7854202362204723
 20
1.05087031496063
 30
0
 11
1.7857848425196849
 21
1.0505057086614173
 31
0
  0
LINE
  5
A95
330
1A
100
AcDbEntity
  8
BLACK
  6
CONTINUOUS
100
AcDbLine
 10
1.7857848425196849
 20
1.0505057086614173
 30
0
 11
1.7871244488188975
 21
1.0480524803149607
 31
0
  0
LINE
  5
A96
330
1A
100
AcDbEntity
  8
BLACK
  6
CONTINUOUS
100
AcDbLine
 10
1.7871244488188975
 20
1.0480524803149607
 30
0
 11
1.7869250393700786
 21
1.0452644881889763
 31
0
  0
LINE
  5
A97
330
1A
100
AcDbEntity
  8
BLACK
  6
CONTINUOUS
100
AcDbLine
 10
1.7869250393700786
 20
1.0452644881889763
 30
0
 11
1.7857848425196849
 21
1.0434903543307086
 31
0
  0
LINE
  5
A98
330
1A
100
AcDbEntity
  8
BLACK
  6
CONTINUOUS
100
AcDbLine
 10
1.7857848425196849
 20
1.0434903543307086
 30
0
 11
1.7854202362204723
 21
1.0431257874015747
 31
0
  0
LINE
  5
A99
330
1A
100
AcDbEntity
  8
BLACK
  6
CONTINUOUS
100
AcDbLine
 10
1.7854202362204723
 20
1.0431257874015747
 30
0
 11
1.7854200393700788
 21
1.0431255118110236
 31
0
  0
LINE
  5
A9A
330
1A
100
AcDbEntity
  8
BLACK
  6
CONTINUOUS
100
AcDbLine
 10
1.7854200393700788
 20
1.0431255118110236
 30
0
 11
1.7823675196850393
 21
1.0385571259842519
 31
0
  0
LINE
  5
A9B
330
1A
100
AcDbEntity
  8
BLACK
  6
CONTINUOUS
100
AcDbLine
 10
1.7823675196850393
 20
1.0385571259842519
 30
0
 11
1.7823674409448818
 21
1.0385569685039371
 31
0
  0
LINE
  5
A9C
330
1A
100
AcDbEntity
  8
BLACK
  6
CONTINUOUS
100
AcDbLine
 10
1.7823674409448818
 20
1.0385569685039371
 30
0
 11
1.7802649212598425
 21
1.0334811023622048
 31
0
  0
LINE
  5
A9D
330
1A
100
AcDbEntity
  8
BLACK
  6
CONTINUOUS
100
AcDbLine
 10
1.7802649212598425
 20
1.0334811023622048
 30
0
 11
1.780264842519685
 21
1.0334808661417323
 31
0
  0
LINE
  5
A9E
330
1A
100
AcDbEntity
  8
BLACK
  6
CONTINUOUS
100
AcDbLine
 10
1.780264842519685
 20
1.0334808661417323
 30
0
 11
1.780264842519685
 21
1.0334807874015748
 31
0
  0
LINE
  5
A9F
330
1A
100
AcDbEntity
  8
BLACK
  6
CONTINUOUS
100
AcDbLine
 10
1.780264842519685
 20
1.0334807874015748
 30
0
 11
1.7800290551181102
 21
1.03229531496063
 31
0
  0
LINE
  5
AA0
330
1A
100
AcDbEntity
  8
BLACK
  6
CONTINUOUS
100
AcDbLine
 10
1.7800290551181102
 20
1.03229531496063
 30
0
 11
1.7791929133858266
 21
1.0280918897637794
 31
0
  0
LINE
  5
AA1
330
1A
100
AcDbEntity
  8
BLACK
  6
CONTINUOUS
100
AcDbLine
 10
1.7791929133858266
 20
1.0280918897637794
 30
0
 11
1.7791929133858266
 21
1.0225971259842519
 31
0
  0
LINE
  5
AA2
330
1A
100
AcDbEntity
  8
BLACK
  6
CONTINUOUS
100
AcDbLine
 10
1.7791929133858266
 20
1.0225971259842519
 30
0
 11
1.779594251968504
 21
1.0205794881889763
 31
0
  0
LINE
  5
AA3
330
1A
100
AcDbEntity
  8
BLACK
  6
CONTINUOUS
100
AcDbLine
 10
1.779594251968504
 20
1.0205794881889763
 30
0
 11
1.780264842519685
 21
1.017208188976378
 31
0
  0
LINE
  5
AA4
330
1A
100
AcDbEntity
  8
BLACK
  6
CONTINUOUS
100
AcDbLine
 10
1.780264842519685
 20
1.017208188976378
 30
0
 11
1.7802648818897637
 21
1.0172081102362205
 31
0
  0
LINE
  5
AA5
330
1A
100
AcDbEntity
  8
BLACK
  6
CONTINUOUS
100
AcDbLine
 10
1.7802648818897637
 20
1.0172081102362205
 30
0
 11
1.7802649212598425
 21
1.0172079133858267
 31
0
  0
LINE
  5
AA6
330
1A
100
AcDbEntity
  8
BLACK
  6
CONTINUOUS
100
AcDbLine
 10
1.7802649212598425
 20
1.0172079133858267
 30
0
 11
1.7823674409448818
 21
1.0121320472440944
 31
0
  0
LINE
  5
AA7
330
1A
100
AcDbEntity
  8
BLACK
  6
CONTINUOUS
100
AcDbLine
 10
1.7823674409448818
 20
1.0121320472440944
 30
0
 11
1.7823675196850393
 21
1.0121318897637794
 31
0
  0
LINE
  5
AA8
330
1A
100
AcDbEntity
  8
BLACK
  6
CONTINUOUS
100
AcDbLine
 10
1.7823675196850393
 20
1.0121318897637794
 30
0
 11
1.7852466535433071
 21
1.0078229921259843
 31
0
  0
LINE
  5
AA9
330
1A
100
AcDbEntity
  8
BLACK
  6
CONTINUOUS
100
AcDbLine
 10
1.7852466535433071
 20
1.0078229921259843
 30
0
 11
1.7860818897637796
 21
1.0051555511811023
 31
0
  0
LINE
  5
AAA
330
1A
100
AcDbEntity
  8
BLACK
  6
CONTINUOUS
100
AcDbLine
 10
1.7860818897637796
 20
1.0051555511811023
 30
0
 11
1.7860826771653542
 21
1.0050670078740158
 31
0
  0
LINE
  5
AAB
330
1A
100
AcDbEntity
  8
BLACK
  6
CONTINUOUS
100
AcDbLine
 10
1.7860826771653542
 20
1.0050670078740158
 30
0
 11
1.7860826771653542
 21
0.8605826377952756
 31
0
  0
LINE
  5
AAC
330
1A
100
AcDbEntity
  8
BLACK
  6
CONTINUOUS
100
AcDbLine
 10
1.7860826771653542
 20
0.8605826377952756
 30
0
 11
1.7852951968503936
 21
0.8579007086614173
 31
0
  0
LINE
  5
AAD
330
1A
100
AcDbEntity
  8
BLACK
  6
CONTINUOUS
100
AcDbLine
 10
1.7852951968503936
 20
0.8579007086614173
 30
0
 11
1.7852466535433071
 21
0.8578266929133858
 31
0
  0
LINE
  5
AAE
330
1A
100
AcDbEntity
  8
BLACK
  6
CONTINUOUS
100
AcDbLine
 10
1.7852466535433071
 20
0.8578266929133858
 30
0
 11
1.7823676377952755
 21
0.8535179527559055
 31
0
  0
LINE
  5
AAF
330
1A
100
AcDbEntity
  8
BLACK
  6
CONTINUOUS
100
AcDbLine
 10
1.7823676377952755
 20
0.8535179527559055
 30
0
 11
1.7823674409448818
 21
0.8535175984251968
 31
0
  0
LINE
  5
AB0
330
1A
100
AcDbEntity
  8
BLACK
  6
CONTINUOUS
100
AcDbLine
 10
1.7823674409448818
 20
0.8535175984251968
 30
0
 11
1.7802649212598425
 21
0.8484417322834645
 31
0
  0
LINE
  5
AB1
330
1A
100
AcDbEntity
  8
BLACK
  6
CONTINUOUS
100
AcDbLine
 10
1.7802649212598425
 20
0.8484417322834645
 30
0
 11
1.7791929133858266
 21
0.8430525196850394
 31
0
  0
LINE
  5
AB2
330
1A
100
AcDbEntity
  8
BLACK
  6
CONTINUOUS
100
AcDbLine
 10
1.7791929133858266
 20
0.8430525196850394
 30
0
 11
1.7791929133858266
 21
0.8375577559055118
 31
0
  0
LINE
  5
AB3
330
1A
100
AcDbEntity
  8
BLACK
  6
CONTINUOUS
100
AcDbLine
 10
1.7791929133858266
 20
0.8375577559055118
 30
0
 11
1.7793005905511812
 21
0.8370164960629921
 31
0
  0
LINE
  5
AB4
330
1A
100
AcDbEntity
  8
BLACK
  6
CONTINUOUS
100
AcDbLine
 10
1.7793005905511812
 20
0.8370164960629921
 30
0
 11
1.780264842519685
 21
0.8321688188976378
 31
0
  0
LINE
  5
AB5
330
1A
100
AcDbEntity
  8
BLACK
  6
CONTINUOUS
100
AcDbLine
 10
1.780264842519685
 20
0.8321688188976378
 30
0
 11
1.7802648818897637
 21
0.8321687401574803
 31
0
  0
LINE
  5
AB6
330
1A
100
AcDbEntity
  8
BLACK
  6
CONTINUOUS
100
AcDbLine
 10
1.7802648818897637
 20
0.8321687401574803
 30
0
 11
1.7802649212598425
 21
0.8321685433070866
 31
0
  0
LINE
  5
AB7
330
1A
100
AcDbEntity
  8
BLACK
  6
CONTINUOUS
100
AcDbLine
 10
1.7802649212598425
 20
0.8321685433070866
 30
0
 11
1.7823674409448818
 21
0.8270926771653543
 31
0
  0
LINE
  5
AB8
330
1A
100
AcDbEntity
  8
BLACK
  6
CONTINUOUS
100
AcDbLine
 10
1.7823674409448818
 20
0.8270926771653543
 30
0
 11
1.7823675196850393
 21
0.8270925196850394
 31
0
  0
LINE
  5
AB9
330
1A
100
AcDbEntity
  8
BLACK
  6
CONTINUOUS
100
AcDbLine
 10
1.7823675196850393
 20
0.8270925196850394
 30
0
 11
1.782367559055118
 21
0.8270924803149606
 31
0
  0
LINE
  5
ABA
330
1A
100
AcDbEntity
  8
BLACK
  6
CONTINUOUS
100
AcDbLine
 10
1.782367559055118
 20
0.8270924803149606
 30
0
 11
1.785420157480315
 21
0.822523937007874
 31
0
  0
LINE
  5
ABB
330
1A
100
AcDbEntity
  8
BLACK
  6
CONTINUOUS
100
AcDbLine
 10
1.785420157480315
 20
0.822523937007874
 30
0
 11
1.7893054330708662
 21
0.8186386614173228
 31
0
  0
LINE
  5
ABC
330
1A
100
AcDbEntity
  8
BLACK
  6
CONTINUOUS
100
AcDbLine
 10
1.7893054330708662
 20
0.8186386614173228
 30
0
 11
1.7916189370078739
 21
0.8170928346456693
 31
0
  0
LINE
  5
ABD
330
1A
100
AcDbEntity
  8
BLACK
  6
CONTINUOUS
100
AcDbLine
 10
1.7916189370078739
 20
0.8170928346456693
 30
0
 11
1.7938739763779528
 21
0.815586062992126
 31
0
  0
LINE
  5
ABE
330
1A
100
AcDbEntity
  8
BLACK
  6
CONTINUOUS
100
AcDbLine
 10
1.7938739763779528
 20
0.815586062992126
 30
0
 11
1.7938741338582678
 21
0.8155859842519685
 31
0
  0
LINE
  5
ABF
330
1A
100
AcDbEntity
  8
BLACK
  6
CONTINUOUS
100
AcDbLine
 10
1.7938741338582678
 20
0.8155859842519685
 30
0
 11
1.79895
 21
0.8134834645669291
 31
0
  0
LINE
  5
AC0
330
1A
100
AcDbEntity
  8
BLACK
  6
CONTINUOUS
100
AcDbLine
 10
1.79895
 20
0.8134834645669291
 30
0
 11
1.7989500393700788
 21
0.8134834645669291
 31
0
  0
LINE
  5
AC1
330
1A
100
AcDbEntity
  8
BLACK
  6
CONTINUOUS
100
AcDbLine
 10
1.7989500393700788
 20
0.8134834645669291
 30
0
 11
1.7989503149606298
 21
0.8134833464566928
 31
0
  0
LINE
  5
AC2
330
1A
100
AcDbEntity
  8
BLACK
  6
CONTINUOUS
100
AcDbLine
 10
1.7989503149606298
 20
0.8134833464566928
 30
0
 11
1.8043393307086615
 21
0.8124114173228346
 31
0
  0
LINE
  5
AC3
330
1A
100
AcDbEntity
  8
BLACK
  6
CONTINUOUS
100
AcDbLine
 10
1.8043393307086615
 20
0.8124114173228346
 30
0
 11
1.80433937007874
 21
0.8124114173228346
 31
0
  0
LINE
  5
AC4
330
1A
100
AcDbEntity
  8
BLACK
  6
CONTINUOUS
100
AcDbLine
 10
1.80433937007874
 20
0.8124114173228346
 30
0
 11
1.8098338582677165
 21
0.8124114173228346
 31
0
  0
LINE
  5
AC5
330
1A
100
AcDbEntity
  8
BLACK
  6
CONTINUOUS
100
AcDbLine
 10
1.8098338582677165
 20
0.8124114173228346
 30
0
 11
1.8098338976377952
 21
0.8124114173228346
 31
0
  0
LINE
  5
AC6
330
1A
100
AcDbEntity
  8
BLACK
  6
CONTINUOUS
100
AcDbLine
 10
1.8098338976377952
 20
0.8124114173228346
 30
0
 11
1.8152229133858266
 21
0.8134833464566928
 31
0
  0
LINE
  5
AC7
330
1A
100
AcDbEntity
  8
BLACK
  6
CONTINUOUS
100
AcDbLine
 10
1.8152229133858266
 20
0.8134833464566928
 30
0
 11
1.820299251968504
 21
0.815586062992126
 31
0
  0
LINE
  5
AC8
330
1A
100
AcDbEntity
  8
BLACK
  6
CONTINUOUS
100
AcDbLine
 10
1.820299251968504
 20
0.815586062992126
 30
0
 11
1.8248677952755905
 21
0.8186386614173228
 31
0
  0
LINE
  5
AC9
330
1A
100
AcDbEntity
  8
BLACK
  6
CONTINUOUS
100
AcDbLine
 10
1.8248677952755905
 20
0.8186386614173228
 30
0
 11
1.8287530708661417
 21
0.822523937007874
 31
0
  0
LINE
  5
ACA
330
1A
100
AcDbEntity
  8
BLACK
  6
CONTINUOUS
100
AcDbLine
 10
1.8287530708661417
 20
0.822523937007874
 30
0
 11
1.8318056692913385
 21
0.8270924803149606
 31
0
  0
LINE
  5
ACB
330
1A
100
AcDbEntity
  8
BLACK
  6
CONTINUOUS
100
AcDbLine
 10
1.8318056692913385
 20
0.8270924803149606
 30
0
 11
1.8339083858267715
 21
0.8321688188976378
 31
0
  0
LINE
  5
ACC
330
1A
100
AcDbEntity
  8
BLACK
  6
CONTINUOUS
100
AcDbLine
 10
1.8339083858267715
 20
0.8321688188976378
 30
0
 11
1.8349803149606299
 21
0.8375578346456692
 31
0
  0
LINE
  5
ACD
330
1A
100
AcDbEntity
  8
BLACK
  6
CONTINUOUS
100
AcDbLine
 10
1.8349803149606299
 20
0.8375578346456692
 30
0
 11
1.8349803149606299
 21
0.8430524015748031
 31
0
  0
LINE
  5
ACE
330
1A
100
AcDbEntity
  8
BLACK
  6
CONTINUOUS
100
AcDbLine
 10
1.8349803149606299
 20
0.8430524015748031
 30
0
 11
1.8339083858267715
 21
0.8484414173228346
 31
0
  0
LINE
  5
ACF
330
1A
100
AcDbEntity
  8
BLACK
  6
CONTINUOUS
100
AcDbLine
 10
1.8339083858267715
 20
0.8484414173228346
 30
0
 11
1.8339082677165355
 21
0.8484417322834645
 31
0
  0
LINE
  5
AD0
330
1A
100
AcDbEntity
  8
BLACK
  6
CONTINUOUS
100
AcDbLine
 10
1.8339082677165355
 20
0.8484417322834645
 30
0
 11
1.831805748031496
 21
0.8535175984251968
 31
0
  0
LINE
  5
AD1
330
1A
100
AcDbEntity
  8
BLACK
  6
CONTINUOUS
100
AcDbLine
 10
1.831805748031496
 20
0.8535175984251968
 30
0
 11
1.8318055511811022
 21
0.8535179527559055
 31
0
  0
LINE
  5
AD2
330
1A
100
AcDbEntity
  8
BLACK
  6
CONTINUOUS
100
AcDbLine
 10
1.8318055511811022
 20
0.8535179527559055
 30
0
 11
1.8289265748031496
 21
0.8578266929133858
 31
0
  0
LINE
  5
AD3
330
1A
100
AcDbEntity
  8
BLACK
  6
CONTINUOUS
100
AcDbLine
 10
1.8289265748031496
 20
0.8578266929133858
 30
0
 11
1.8280913385826771
 21
0.8604940944881889
 31
0
  0
LINE
  5
AD4
330
1A
100
AcDbEntity
  8
BLACK
  6
CONTINUOUS
100
AcDbLine
 10
1.8280913385826771
 20
0.8604940944881889
 30
0
 11
1.8280905511811023
 21
0.8605826377952756
 31
0
  0
LINE
  5
AD5
330
1A
100
AcDbEntity
  8
BLACK
  6
CONTINUOUS
100
AcDbLine
 10
1.8280905511811023
 20
0.8605826377952756
 30
0
 11
1.8280905511811023
 21
0.8617350787401574
 31
0
  0
LINE
  5
AD6
330
1A
100
AcDbEntity
  8
BLACK
  6
CONTINUOUS
100
AcDbLine
 10
1.8280905511811023
 20
0.8617350787401574
 30
0
 11
1.8280905511811023
 21
1.0050670078740158
 31
0
  0
LINE
  5
AD7
330
1A
100
AcDbEntity
  8
BLACK
  6
CONTINUOUS
100
AcDbLine
 10
1.8280905511811023
 20
1.0050670078740158
 30
0
 11
1.8288780314960629
 21
1.007748937007874
 31
0
  0
LINE
  5
AD8
330
1A
100
AcDbEntity
  8
BLACK
  6
CONTINUOUS
100
AcDbLine
 10
1.8288780314960629
 20
1.007748937007874
 30
0
 11
1.8289265748031496
 21
1.0078229921259843
 31
0
  0
LINE
  5
AD9
330
1A
100
AcDbEntity
  8
BLACK
  6
CONTINUOUS
100
AcDbLine
 10
1.8289265748031496
 20
1.0078229921259843
 30
0
 11
1.8293391732283464
 21
1.0084404724409448
 31
0
  0
LINE
  5
ADA
330
1A
100
AcDbEntity
  8
BLACK
  6
CONTINUOUS
100
AcDbLine
 10
1.8293391732283464
 20
1.0084404724409448
 30
0
 11
1.8318056692913385
 21
1.0121318503937007
 31
0
  0
LINE
  5
ADB
330
1A
100
AcDbEntity
  8
BLACK
  6
CONTINUOUS
100
AcDbLine
 10
1.8318056692913385
 20
1.0121318503937007
 30
0
 11
1.8339083858267715
 21
1.017208188976378
 31
0
  0
LINE
  5
ADC
330
1A
100
AcDbEntity
  8
BLACK
  6
CONTINUOUS
100
AcDbLine
 10
1.8339083858267715
 20
1.017208188976378
 30
0
 11
1.8349803149606299
 21
1.0225972047244094
 31
0
  0
LINE
  5
ADD
330
1A
100
AcDbEntity
  8
BLACK
  6
CONTINUOUS
100
AcDbLine
 10
1.8349803149606299
 20
1.0225972047244094
 30
0
 11
1.8349803149606299
 21
1.0280917716535434
 31
0
  0
LINE
  5
ADE
330
1A
100
AcDbEntity
  8
BLACK
  6
CONTINUOUS
100
AcDbLine
 10
1.8349803149606299
 20
1.0280917716535434
 30
0
 11
1.8339083858267715
 21
1.0334807874015748
 31
0
  0
LINE
  5
ADF
330
1A
100
AcDbEntity
  8
BLACK
  6
CONTINUOUS
100
AcDbLine
 10
1.8339083858267715
 20
1.0334807874015748
 30
0
 11
1.8333832677165354
 21
1.0347485433070867
 31
0
  0
LINE
  5
AE0
330
1A
100
AcDbEntity
  8
BLACK
  6
CONTINUOUS
100
AcDbLine
 10
1.8333832677165354
 20
1.0347485433070867
 30
0
 11
1.831805748031496
 21
1.0385569685039371
 31
0
  0
LINE
  5
AE1
330
1A
100
AcDbEntity
  8
BLACK
  6
CONTINUOUS
100
AcDbLine
 10
1.831805748031496
 20
1.0385569685039371
 30
0
 11
1.8318056692913385
 21
1.0385571259842519
 31
0
  0
LINE
  5
AE2
330
1A
100
AcDbEntity
  8
BLACK
  6
CONTINUOUS
100
AcDbLine
 10
1.8318056692913385
 20
1.0385571259842519
 30
0
 11
1.8310384645669291
 21
1.0397053149606299
 31
0
  0
LINE
  5
AE3
330
1A
100
AcDbEntity
  8
BLACK
  6
CONTINUOUS
100
AcDbLine
 10
1.8310384645669291
 20
1.0397053149606299
 30
0
 11
1.8287530708661417
 21
1.0431256692913387
 31
0
  0
LINE
  5
AE4
330
1A
100
AcDbEntity
  8
BLACK
  6
CONTINUOUS
100
AcDbLine
 10
1.8287530708661417
 20
1.0431256692913387
 30
0
 11
1.8283883858267715
 21
1.0434903543307086
 31
0
  0
LINE
  5
AE5
330
1A
100
AcDbEntity
  8
BLACK
  6
CONTINUOUS
100
AcDbLine
 10
1.8283883858267715
 20
1.0434903543307086
 30
0
 11
1.827048779527559
 21
1.0459435826771653
 31
0
  0
LINE
  5
AE6
330
1A
100
AcDbEntity
  8
BLACK
  6
CONTINUOUS
100
AcDbLine
 10
1.827048779527559
 20
1.0459435826771653
 30
0
 11
1.8272481889763779
 21
1.0487315748031496
 31
0
  0
LINE
  5
AE7
330
1A
100
AcDbEntity
  8
BLACK
  6
CONTINUOUS
100
AcDbLine
 10
1.8272481889763779
 20
1.0487315748031496
 30
0
 11
1.8283884251968503
 21
1.0505057874015749
 31
0
  0
LINE
  5
AE8
330
1A
100
AcDbEntity
  8
BLACK
  6
CONTINUOUS
100
AcDbLine
 10
1.8283884251968503
 20
1.0505057874015749
 30
0
 11
1.8287530708661417
 21
1.0508703937007873
 31
0
  0
LINE
  5
AE9
330
1A
100
AcDbEntity
  8
BLACK
  6
CONTINUOUS
100
AcDbLine
 10
1.8287530708661417
 20
1.0508703937007873
 30
0
 11
1.8287530708661417
 21
1.050870433070866
 31
0
  0
LINE
  5
AEA
330
1A
100
AcDbEntity
  8
BLACK
  6
CONTINUOUS
100
AcDbLine
 10
1.8287530708661417
 20
1.050870433070866
 30
0
 11
1.8289255118110235
 21
1.0510428346456693
 31
0
  0
LINE
  5
AEB
330
1A
100
AcDbEntity
  8
BLACK
  6
CONTINUOUS
100
AcDbLine
 10
1.8289255118110235
 20
1.0510428346456693
 30
0
 11
1.8289884251968505
 21
1.0509798818897638
 31
0
  0
LINE
  5
AEC
330
1A
100
AcDbEntity
  8
BLACK
  6
CONTINUOUS
100
AcDbLine
 10
1.8289884251968505
 20
1.0509798818897638
 30
0
 11
1.8309682677165353
 21
1.0523287007874016
 31
0
  0
LINE
  5
AED
330
1A
100
AcDbEntity
  8
BLACK
  6
CONTINUOUS
100
AcDbLine
 10
1.8309682677165353
 20
1.0523287007874016
 30
0
 11
1.8324931889763778
 21
1.0525688976377952
 31
0
  0
LINE
  5
AEE
330
1A
100
AcDbEntity
  8
BLACK
  6
CONTINUOUS
100
AcDbLine
 10
1.8324931889763778
 20
1.0525688976377952
 30
0
 11
1.8841546456692913
 21
1.0525688976377952
 31
0
  0
LINE
  5
AEF
330
1A
100
AcDbEntity
  8
BLACK
  6
CONTINUOUS
100
AcDbLine
 10
1.8841546456692913
 20
1.0525688976377952
 30
0
 11
1.8841547244094488
 21
1.0525688976377952
 31
0
  0
LINE
  5
AF0
330
1A
100
AcDbEntity
  8
BLACK
  6
CONTINUOUS
100
AcDbLine
 10
1.8841547244094488
 20
1.0525688976377952
 30
0
 11
1.8882450787401575
 21
1.0536649212598426
 31
0
  0
LINE
  5
AF1
330
1A
100
AcDbEntity
  8
BLACK
  6
CONTINUOUS
100
AcDbLine
 10
1.8882450787401575
 20
1.0536649212598426
 30
0
 11
1.891912401574803
 21
1.0557822440944882
 31
0
  0
LINE
  5
AF2
330
1A
100
AcDbEntity
  8
BLACK
  6
CONTINUOUS
100
AcDbLine
 10
1.891912401574803
 20
1.0557822440944882
 30
0
 11
1.9024620472440945
 21
1.066331968503937
 31
0
  0
LINE
  5
AF3
330
1A
100
AcDbEntity
  8
BLACK
  6
CONTINUOUS
100
AcDbLine
 10
1.9024620472440945
 20
1.066331968503937
 30
0
 11
1.9049153149606299
 21
1.0676714960629921
 31
0
  0
LINE
  5
AF4
330
1A
100
AcDbEntity
  8
BLACK
  6
CONTINUOUS
100
AcDbLine
 10
1.9049153149606299
 20
1.0676714960629921
 30
0
 11
1.9060641338582678
 21
1.0677382677165355
 31
0
  0
LINE
  5
AF5
330
1A
100
AcDbEntity
  8
BLACK
  6
CONTINUOUS
100
AcDbLine
 10
1.9060641338582678
 20
1.0677382677165355
 30
0
 11
1.9060641338582678
 21
1.067775590551181
 31
0
  0
LINE
  5
AF6
330
1A
100
AcDbEntity
  8
BLACK
  6
CONTINUOUS
100
AcDbLine
 10
1.9060641338582678
 20
1.067775590551181
 30
0
 11
1.9118023622047244
 21
1.067775590551181
 31
0
  0
LINE
  5
AF7
330
1A
100
AcDbEntity
  8
BLACK
  6
CONTINUOUS
100
AcDbLine
 10
1.9118023622047244
 20
1.067775590551181
 30
0
 11
1.9118024015748032
 21
1.067775590551181
 31
0
  0
LINE
  5
AF8
330
1A
100
AcDbEntity
  8
BLACK
  6
CONTINUOUS
100
AcDbLine
 10
1.9118024015748032
 20
1.067775590551181
 30
0
 11
1.9171914173228346
 21
1.0688475196850393
 31
0
  0
LINE
  5
AF9
330
1A
100
AcDbEntity
  8
BLACK
  6
CONTINUOUS
100
AcDbLine
 10
1.9171914173228346
 20
1.0688475196850393
 30
0
 11
1.9222677559055117
 21
1.0709502362204724
 31
0
  0
LINE
  5
AFA
330
1A
100
AcDbEntity
  8
BLACK
  6
CONTINUOUS
100
AcDbLine
 10
1.9222677559055117
 20
1.0709502362204724
 30
0
 11
1.9268362992125985
 21
1.0740028346456694
 31
0
  0
LINE
  5
AFB
330
1A
100
AcDbEntity
  8
BLACK
  6
CONTINUOUS
100
AcDbLine
 10
1.9268362992125985
 20
1.0740028346456694
 30
0
 11
1.9307215748031497
 21
1.0778881102362206
 31
0
  0
LINE
  5
AFC
330
1A
100
AcDbEntity
  8
BLACK
  6
CONTINUOUS
100
AcDbLine
 10
1.9307215748031497
 20
1.0778881102362206
 30
0
 11
1.9337741732283464
 21
1.0824566535433071
 31
0
  0
LINE
  5
AFD
330
1A
100
AcDbEntity
  8
BLACK
  6
CONTINUOUS
100
AcDbLine
 10
1.9337741732283464
 20
1.0824566535433071
 30
0
 11
1.9358768897637795
 21
1.0875329921259842
 31
0
  0
LINE
  5
AFE
330
1A
100
AcDbEntity
  8
BLACK
  6
CONTINUOUS
100
AcDbLine
 10
1.9358768897637795
 20
1.0875329921259842
 30
0
 11
1.9369488188976378
 21
1.0929220078740158
 31
0
  0
LINE
  5
AFF
330
1A
100
AcDbEntity
  8
BLACK
  6
CONTINUOUS
100
AcDbLine
 10
1.9369488188976378
 20
1.0929220078740158
 30
0
 11
1.9369488188976378
 21
1.0984165748031496
 31
0
  0
LINE
  5
B00
330
1A
100
AcDbEntity
  8
BLACK
  6
CONTINUOUS
100
AcDbLine
 10
1.9369488188976378
 20
1.0984165748031496
 30
0
 11
1.936000157480315
 21
1.1031858661417322
 31
0
  0
LINE
  5
B01
330
1A
100
AcDbEntity
  8
BLACK
  6
CONTINUOUS
100
AcDbLine
 10
1.936000157480315
 20
1.1031858661417322
 30
0
 11
1.9362492913385827
 21
1.1059697637795276
 31
0
  0
LINE
  5
B02
330
1A
100
AcDbEntity
  8
BLACK
  6
CONTINUOUS
100
AcDbLine
 10
1.9362492913385827
 20
1.1059697637795276
 30
0
 11
1.9379640157480313
 21
1.1081771653543306
 31
0
  0
LINE
  5
B03
330
1A
100
AcDbEntity
  8
BLACK
  6
CONTINUOUS
100
AcDbLine
 10
1.9379640157480313
 20
1.1081771653543306
 30
0
 11
1.9405999212598424
 21
1.1091070472440945
 31
0
  0
LINE
  5
B04
330
1A
100
AcDbEntity
  8
BLACK
  6
CONTINUOUS
100
AcDbLine
 10
1.9405999212598424
 20
1.1091070472440945
 30
0
 11
1.9408654724409449
 21
1.1091141732283465
 31
0
  0
LINE
  5
B05
330
1A
100
AcDbEntity
  8
BLACK
  6
CONTINUOUS
100
AcDbLine
 10
1.9408654724409449
 20
1.1091141732283465
 30
0
 11
1.9452669291338582
 21
1.1091141732283465
 31
0
  0
LINE
  5
B06
330
1A
100
AcDbEntity
  8
BLACK
  6
CONTINUOUS
100
AcDbLine
 10
1.9452669291338582
 20
1.1091141732283465
 30
0
 11
1.945266968503937
 21
1.1091141732283465
 31
0
  0
LINE
  5
B07
330
1A
100
AcDbEntity
  8
BLACK
  6
CONTINUOUS
100
AcDbLine
 10
1.945266968503937
 20
1.1091141732283465
 30
0
 11
1.9506559842519684
 21
1.1101861023622046
 31
0
  0
LINE
  5
B08
330
1A
100
AcDbEntity
  8
BLACK
  6
CONTINUOUS
100
AcDbLine
 10
1.9506559842519684
 20
1.1101861023622046
 30
0
 11
1.9557323228346457
 21
1.1122888188976379
 31
0
  0
LINE
  5
B09
330
1A
100
AcDbEntity
  8
BLACK
  6
CONTINUOUS
100
AcDbLine
 10
1.9557323228346457
 20
1.1122888188976379
 30
0
 11
1.9603008661417323
 21
1.1153414173228346
 31
0
  0
LINE
  5
B0A
330
1A
100
AcDbEntity
  8
BLACK
  6
CONTINUOUS
100
AcDbLine
 10
1.9603008661417323
 20
1.1153414173228346
 30
0
 11
1.9641861417322835
 21
1.1192266929133858
 31
0
  0
LINE
  5
B0B
330
1A
100
AcDbEntity
  8
BLACK
  6
CONTINUOUS
100
AcDbLine
 10
1.9641861417322835
 20
1.1192266929133858
 30
0
 11
1.9672387401574802
 21
1.1237952362204724
 31
0
  0
LINE
  5
B0C
330
1A
100
AcDbEntity
  8
BLACK
  6
CONTINUOUS
100
AcDbLine
 10
1.9672387401574802
 20
1.1237952362204724
 30
0
 11
1.9693414566929133
 21
1.1288715748031495
 31
0
  0
LINE
  5
B0D
330
1A
100
AcDbEntity
  8
BLACK
  6
CONTINUOUS
100
AcDbLine
 10
1.9693414566929133
 20
1.1288715748031495
 30
0
 11
1.9704133858267716
 21
1.1342605905511811
 31
0
  0
LINE
  5
B0E
330
1A
100
AcDbEntity
  8
BLACK
  6
CONTINUOUS
100
AcDbLine
 10
1.9704133858267716
 20
1.1342605905511811
 30
0
 11
1.9704133858267716
 21
1.1397551574803149
 31
0
  0
LINE
  5
B0F
330
1A
100
AcDbEntity
  8
BLACK
  6
CONTINUOUS
100
AcDbLine
 10
1.9704133858267716
 20
1.1397551574803149
 30
0
 11
1.9704133858267716
 21
1.1399988582677165
 31
0
  0
LINE
  5
B10
330
1A
100
AcDbEntity
  8
BLACK
  6
CONTINUOUS
100
AcDbLine
 10
1.9704133858267716
 20
1.1399988582677165
 30
0
 11
1.9705022440944882
 21
1.1399988582677165
 31
0
  0
LINE
  5
B11
330
1A
100
AcDbEntity
  8
BLACK
  6
CONTINUOUS
100
AcDbLine
 10
1.9705022440944882
 20
1.1399988582677165
 30
0
 11
1.9709488582677166
 21
1.1423533464566928
 31
0
  0
LINE
  5
B12
330
1A
100
AcDbEntity
  8
BLACK
  6
CONTINUOUS
100
AcDbLine
 10
1.9709488582677166
 20
1.1423533464566928
 30
0
 11
1.9718570472440944
 21
1.143600905511811
 31
0
  0
LINE
  5
B13
330
1A
100
AcDbEntity
  8
BLACK
  6
CONTINUOUS
100
AcDbLine
 10
1.9718570472440944
 20
1.143600905511811
 30
0
 11
1.9744858267716534
 21
1.1462296850393701
 31
0
  0
LINE
  5
B14
330
1A
100
AcDbEntity
  8
BLACK
  6
CONTINUOUS
100
AcDbLine
 10
1.9744858267716534
 20
1.1462296850393701
 30
0
 11
1.9769390551181103
 21
1.1475692913385827
 31
0
  0
LINE
  5
B15
330
1A
100
AcDbEntity
  8
BLACK
  6
CONTINUOUS
100
AcDbLine
 10
1.9769390551181103
 20
1.1475692913385827
 30
0
 11
1.9797270472440944
 21
1.1473698818897637
 31
0
  0
LINE
  5
B16
330
1A
100
AcDbEntity
  8
BLACK
  6
CONTINUOUS
100
AcDbLine
 10
1.9797270472440944
 20
1.1473698818897637
 30
0
 11
1.98196468503937
 21
1.1456948031496064
 31
0
  0
LINE
  5
B17
330
1A
100
AcDbEntity
  8
BLACK
  6
CONTINUOUS
100
AcDbLine
 10
1.98196468503937
 20
1.1456948031496064
 30
0
 11
1.9829414960629921
 21
1.1430759055118109
 31
0
  0
LINE
  5
B18
330
1A
100
AcDbEntity
  8
BLACK
  6
CONTINUOUS
100
AcDbLine
 10
1.9829414960629921
 20
1.1430759055118109
 30
0
 11
1.9829541338582677
 21
1.1427220078740157
 31
0
  0
LINE
  5
B19
330
1A
100
AcDbEntity
  8
BLACK
  6
CONTINUOUS
100
AcDbLine
 10
1.9829541338582677
 20
1.1427220078740157
 30
0
 11
1.9829541338582677
 21
1.0072620866141733
 31
0
  0
LINE
  5
B1A
330
1A
100
AcDbEntity
  8
BLACK
  6
CONTINUOUS
100
AcDbLine
 10
1.9829541338582677
 20
1.0072620866141733
 30
0
 11
1.9821666535433071
 21
1.004580157480315
 31
0
  0
LINE
  5
B1B
330
1A
100
AcDbEntity
  8
BLACK
  6
CONTINUOUS
100
AcDbLine
 10
1.9821666535433071
 20
1.004580157480315
 30
0
 11
1.9821181102362204
 21
1.0045061417322834
 31
0
  0
LINE
  5
B1C
330
1A
100
AcDbEntity
  8
BLACK
  6
CONTINUOUS
100
AcDbLine
 10
1.9821181102362204
 20
1.0045061417322834
 30
0
 11
1.979239094488189
 21
1.0001974015748032
 31
0
  0
LINE
  5
B1D
330
1A
100
AcDbEntity
  8
BLACK
  6
CONTINUOUS
100
AcDbLine
 10
1.979239094488189
 20
1.0001974015748032
 30
0
 11
1.9792388976377953
 21
1.0001970472440944
 31
0
  0
LINE
  5
B1E
330
1A
100
AcDbEntity
  8
BLACK
  6
CONTINUOUS
100
AcDbLine
 10
1.9792388976377953
 20
1.0001970472440944
 30
0
 11
1.9771363779527558
 21
0.9951211811023621
 31
0
  0
LINE
  5
B1F
330
1A
100
AcDbEntity
  8
BLACK
  6
CONTINUOUS
100
AcDbLine
 10
1.9771363779527558
 20
0.9951211811023621
 30
0
 11
1.9771362992125985
 21
0.9951209448818897
 31
0
  0
LINE
  5
B20
330
1A
100
AcDbEntity
  8
BLACK
  6
CONTINUOUS
100
AcDbLine
 10
1.9771362992125985
 20
0.9951209448818897
 30
0
 11
1.9771362992125985
 21
0.9951208661417322
 31
0
  0
LINE
  5
B21
330
1A
100
AcDbEntity
  8
BLACK
  6
CONTINUOUS
100
AcDbLine
 10
1.9771362992125985
 20
0.9951208661417322
 30
0
 11
1.9767780708661418
 21
0.9933199212598425
 31
0
  0
LINE
  5
B22
330
1A
100
AcDbEntity
  8
BLACK
  6
CONTINUOUS
100
AcDbLine
 10
1.9767780708661418
 20
0.9933199212598425
 30
0
 11
1.9760643700787401
 21
0.989731968503937
 31
0
  0
LINE
  5
B23
330
1A
100
AcDbEntity
  8
BLACK
  6
CONTINUOUS
100
AcDbLine
 10
1.9760643700787401
 20
0.989731968503937
 30
0
 11
1.9760643700787401
 21
0.9897318503937008
 31
0
  0
LINE
  5
B24
330
1A
100
AcDbEntity
  8
BLACK
  6
CONTINUOUS
100
AcDbLine
 10
1.9760643700787401
 20
0.9897318503937008
 30
0
 11
1.9760643700787401
 21
0.984237283464567
 31
0
  0
LINE
  5
B25
330
1A
100
AcDbEntity
  8
BLACK
  6
CONTINUOUS
100
AcDbLine
 10
1.9760643700787401
 20
0.984237283464567
 30
0
 11
1.9771362992125985
 21
0.9788482677165354
 31
0
  0
LINE
  5
B26
330
1A
100
AcDbEntity
  8
BLACK
  6
CONTINUOUS
100
AcDbLine
 10
1.9771362992125985
 20
0.9788482677165354
 30
0
 11
1.977136338582677
 21
0.9788481889763779
 31
0
  0
LINE
  5
B27
330
1A
100
AcDbEntity
  8
BLACK
  6
CONTINUOUS
100
AcDbLine
 10
1.977136338582677
 20
0.9788481889763779
 30
0
 11
1.9771363779527558
 21
0.9788479921259843
 31
0
  0
LINE
  5
B28
330
1A
100
AcDbEntity
  8
BLACK
  6
CONTINUOUS
100
AcDbLine
 10
1.9771363779527558
 20
0.9788479921259843
 30
0
 11
1.9792388976377953
 21
0.973772125984252
 31
0
  0
LINE
  5
B29
330
1A
100
AcDbEntity
  8
BLACK
  6
CONTINUOUS
100
AcDbLine
 10
1.9792388976377953
 20
0.973772125984252
 30
0
 11
1.9792389763779528
 21
0.973771968503937
 31
0
  0
LINE
  5
B2A
330
1A
100
AcDbEntity
  8
BLACK
  6
CONTINUOUS
100
AcDbLine
 10
1.9792389763779528
 20
0.973771968503937
 30
0
 11
1.9803782677165354
 21
0.9720669291338583
 31
0
  0
LINE
  5
B2B
330
1A
100
AcDbEntity
  8
BLACK
  6
CONTINUOUS
100
AcDbLine
 10
1.9803782677165354
 20
0.9720669291338583
 30
0
 11
1.9822916141732283
 21
0.9692033858267717
 31
0
  0
LINE
  5
B2C
330
1A
100
AcDbEntity
  8
BLACK
  6
CONTINUOUS
100
AcDbLine
 10
1.9822916141732283
 20
0.9692033858267717
 30
0
 11
1.9861768897637795
 21
0.9653181102362205
 31
0
  0
LINE
  5
B2D
330
1A
100
AcDbEntity
  8
BLACK
  6
CONTINUOUS
100
AcDbLine
 10
1.9861768897637795
 20
0.9653181102362205
 30
0
 11
1.9900199212598424
 21
0.9627502755905512
 31
0
  0
LINE
  5
B2E
330
1A
100
AcDbEntity
  8
BLACK
  6
CONTINUOUS
100
AcDbLine
 10
1.9900199212598424
 20
0.9627502755905512
 30
0
 11
1.990745433070866
 21
0.9622655118110236
 31
0
  0
LINE
  5
B2F
330
1A
100
AcDbEntity
  8
BLACK
  6
CONTINUOUS
100
AcDbLine
 10
1.990745433070866
 20
0.9622655118110236
 30
0
 11
1.9907455905511811
 21
0.9622654330708661
 31
0
  0
LINE
  5
B30
330
1A
100
AcDbEntity
  8
BLACK
  6
CONTINUOUS
100
AcDbLine
 10
1.9907455905511811
 20
0.9622654330708661
 30
0
 11
1.9958214566929133
 21
0.9601629133858267
 31
0
  0
LINE
  5
B31
330
1A
100
AcDbEntity
  8
BLACK
  6
CONTINUOUS
100
AcDbLine
 10
1.9958214566929133
 20
0.9601629133858267
 30
0
 11
1.9958214960629921
 21
0.9601629133858267
 31
0
  0
LINE
  5
B32
330
1A
100
AcDbEntity
  8
BLACK
  6
CONTINUOUS
100
AcDbLine
 10
1.9958214960629921
 20
0.9601629133858267
 30
0
 11
1.9958217716535434
 21
0.9601627952755906
 31
0
  0
LINE
  5
B33
330
1A
100
AcDbEntity
  8
BLACK
  6
CONTINUOUS
100
AcDbLine
 10
1.9958217716535434
 20
0.9601627952755906
 30
0
 11
2.0012107874015745
 21
0.9590908661417322
 31
0
  0
LINE
  5
B34
330
1A
100
AcDbEntity
  8
BLACK
  6
CONTINUOUS
100
AcDbLine
 10
2.0012107874015745
 20
0.9590908661417322
 30
0
 11
2.0012108267716533
 21
0.9590908661417322
 31
0
  0
LINE
  5
B35
330
1A
100
AcDbEntity
  8
BLACK
  6
CONTINUOUS
100
AcDbLine
 10
2.0012108267716533
 20
0.9590908661417322
 30
0
 11
2.0067053149606298
 21
0.9590908661417322
 31
0
  0
LINE
  5
B36
330
1A
100
AcDbEntity
  8
BLACK
  6
CONTINUOUS
100
AcDbLine
 10
2.0067053149606298
 20
0.9590908661417322
 30
0
 11
2.0067053543307085
 21
0.9590908661417322
 31
0
  0
LINE
  5
B37
330
1A
100
AcDbEntity
  8
BLACK
  6
CONTINUOUS
100
AcDbLine
 10
2.0067053543307085
 20
0.9590908661417322
 30
0
 11
2.0120943700787399
 21
0.9601627952755906
 31
0
  0
LINE
  5
B38
330
1A
100
AcDbEntity
  8
BLACK
  6
CONTINUOUS
100
AcDbLine
 10
2.0120943700787399
 20
0.9601627952755906
 30
0
 11
2.0158901574803147
 21
0.9617350787401575
 31
0
  0
LINE
  5
B39
330
1A
100
AcDbEntity
  8
BLACK
  6
CONTINUOUS
100
AcDbLine
 10
2.0158901574803147
 20
0.9617350787401575
 30
0
 11
2.0171707086614172
 21
0.9622655118110236
 31
0
  0
LINE
  5
B3A
330
1A
100
AcDbEntity
  8
BLACK
  6
CONTINUOUS
100
AcDbLine
 10
2.0171707086614172
 20
0.9622655118110236
 30
0
 11
2.021739251968504
 21
0.9653181102362205
 31
0
  0
LINE
  5
B3B
330
1A
100
AcDbEntity
  8
BLACK
  6
CONTINUOUS
100
AcDbLine
 10
2.021739251968504
 20
0.9653181102362205
 30
0
 11
2.0256245275590552
 21
0.9692033858267717
 31
0
  0
LINE
  5
B3C
330
1A
100
AcDbEntity
  8
BLACK
  6
CONTINUOUS
100
AcDbLine
 10
2.0256245275590552
 20
0.9692033858267717
 30
0
 11
2.028677125984252
 21
0.9737719291338582
 31
0
  0
LINE
  5
B3D
330
1A
100
AcDbEntity
  8
BLACK
  6
CONTINUOUS
100
AcDbLine
 10
2.028677125984252
 20
0.9737719291338582
 30
0
 11
2.030779842519685
 21
0.9788482677165354
 31
0
  0
LINE
  5
B3E
330
1A
100
AcDbEntity
  8
BLACK
  6
CONTINUOUS
100
AcDbLine
 10
2.030779842519685
 20
0.9788482677165354
 30
0
 11
2.0318517716535434
 21
0.984237283464567
 31
0
  0
LINE
  5
B3F
330
1A
100
AcDbEntity
  8
BLACK
  6
CONTINUOUS
100
AcDbLine
 10
2.0318517716535434
 20
0.984237283464567
 30
0
 11
2.0318517716535434
 21
0.9897318503937008
 31
0
  0
LINE
  5
B40
330
1A
100
AcDbEntity
  8
BLACK
  6
CONTINUOUS
100
AcDbLine
 10
2.0318517716535434
 20
0.9897318503937008
 30
0
 11
2.030779842519685
 21
0.9951208661417322
 31
0
  0
LINE
  5
B41
330
1A
100
AcDbEntity
  8
BLACK
  6
CONTINUOUS
100
AcDbLine
 10
2.030779842519685
 20
0.9951208661417322
 30
0
 11
2.0307797244094488
 21
0.9951211811023621
 31
0
  0
LINE
  5
B42
330
1A
100
AcDbEntity
  8
BLACK
  6
CONTINUOUS
100
AcDbLine
 10
2.0307797244094488
 20
0.9951211811023621
 30
0
 11
2.0286772047244095
 21
1.0001970472440944
 31
0
  0
LINE
  5
B43
330
1A
100
AcDbEntity
  8
BLACK
  6
CONTINUOUS
100
AcDbLine
 10
2.0286772047244095
 20
1.0001970472440944
 30
0
 11
2.0286770078740157
 21
1.0001974015748032
 31
0
  0
LINE
  5
B44
330
1A
100
AcDbEntity
  8
BLACK
  6
CONTINUOUS
100
AcDbLine
 10
2.0286770078740157
 20
1.0001974015748032
 30
0
 11
2.0257980314960631
 21
1.0045061417322834
 31
0
  0
LINE
  5
B45
330
1A
100
AcDbEntity
  8
BLACK
  6
CONTINUOUS
100
AcDbLine
 10
2.0257980314960631
 20
1.0045061417322834
 30
0
 11
2.0249627952755906
 21
1.0071735433070865
 31
0
  0
LINE
  5
B46
330
1A
100
AcDbEntity
  8
BLACK
  6
CONTINUOUS
100
AcDbLine
 10
2.0249627952755906
 20
1.0071735433070865
 30
0
 11
2.0249620078740156
 21
1.0072620866141733
 31
0
  0
LINE
  5
B47
330
1A
100
AcDbEntity
  8
BLACK
  6
CONTINUOUS
100
AcDbLine
 10
2.0249620078740156
 20
1.0072620866141733
 30
0
 11
2.0249620078740156
 21
1.2499507086614172
 31
0
  0
LINE
  5
B48
330
1A
100
AcDbEntity
  8
BLACK
  6
CONTINUOUS
100
AcDbLine
 10
2.0249620078740156
 20
1.2499507086614172
 30
0
 11
2.0257494881889762
 21
1.2526326377952757
 31
0
  0
LINE
  5
B49
330
1A
100
AcDbEntity
  8
BLACK
  6
CONTINUOUS
100
AcDbLine
 10
2.0257494881889762
 20
1.2526326377952757
 30
0
 11
2.0264149606299213
 21
1.2534583858267716
 31
0
  0
LINE
  5
B4A
330
1A
100
AcDbEntity
  8
BLACK
  6
CONTINUOUS
100
AcDbLine
 10
2.0264149606299213
 20
1.2534583858267716
 30
0
 11
2.0278124015748031
 21
1.2548558267716534
 31
0
  0
LINE
  5
B4B
330
1A
100
AcDbEntity
  8
BLACK
  6
CONTINUOUS
100
AcDbLine
 10
2.0278124015748031
 20
1.2548558267716534
 30
0
 11
2.0295615354330709
 21
1.2566049606299212
 31
0
  0
LINE
  5
B4C
330
1A
100
AcDbEntity
  8
BLACK
  6
CONTINUOUS
100
AcDbLine
 10
2.0295615354330709
 20
1.2566049606299212
 30
0
 11
2.0326141338582677
 21
1.2611735039370078
 31
0
  0
LINE
  5
B4D
330
1A
100
AcDbEntity
  8
BLACK
  6
CONTINUOUS
100
AcDbLine
 10
2.0326141338582677
 20
1.2611735039370078
 30
0
 11
2.0330971259842521
 21
1.262339527559055
 31
0
  0
LINE
  5
B4E
330
1A
100
AcDbEntity
  8
BLACK
  6
CONTINUOUS
100
AcDbLine
 10
2.0330971259842521
 20
1.262339527559055
 30
0
 11
2.0347167716535433
 21
1.2662496062992126
 31
0
  0
LINE
  5
B4F
330
1A
100
AcDbEntity
  8
BLACK
  6
CONTINUOUS
100
AcDbLine
 10
2.0347167716535433
 20
1.2662496062992126
 30
0
 11
2.0347167716535433
 21
1.2662497244094488
 31
0
  0
LINE
  5
B50
330
1A
100
AcDbEntity
  8
BLACK
  6
CONTINUOUS
100
AcDbLine
 10
2.0347167716535433
 20
1.2662497244094488
 30
0
 11
2.0347168503937008
 21
1.2662498425196851
 31
0
  0
LINE
  5
B51
330
1A
100
AcDbEntity
  8
BLACK
  6
CONTINUOUS
100
AcDbLine
 10
2.0347168503937008
 20
1.2662498425196851
 30
0
 11
2.0357278346456691
 21
1.2713326377952756
 31
0
  0
LINE
  5
B52
330
1A
100
AcDbEntity
  8
BLACK
  6
CONTINUOUS
100
AcDbLine
 10
2.0357278346456691
 20
1.2713326377952756
 30
0
 11
2.0370233858267714
 21
1.2738093307086613
 31
0
  0
LINE
  5
B53
330
1A
100
AcDbEntity
  8
BLACK
  6
CONTINUOUS
100
AcDbLine
 10
2.0370233858267714
 20
1.2738093307086613
 30
0
 11
2.0370835433070864
 21
1.2738705905511811
 31
0
  0
LINE
  5
B54
330
1A
100
AcDbEntity
  8
BLACK
  6
CONTINUOUS
100
AcDbLine
 10
2.0370835433070864
 20
1.2738705905511811
 30
0
 11
2.0435905905511809
 21
1.2803776771653543
 31
0
  0
LINE
  5
B55
330
1A
100
AcDbEntity
  8
BLACK
  6
CONTINUOUS
100
AcDbLine
 10
2.0435905905511809
 20
1.2803776771653543
 30
0
 11
2.0435909842519684
 21
1.2803779527559054
 31
0
  0
LINE
  5
B56
330
1A
100
AcDbEntity
  8
BLACK
  6
CONTINUOUS
100
AcDbLine
 10
2.0435909842519684
 20
1.2803779527559054
 30
0
 11
2.0479094881889761
 21
1.2846964566929133
 31
0
  0
LINE
  5
B57
330
1A
100
AcDbEntity
  8
BLACK
  6
CONTINUOUS
100
AcDbLine
 10
2.0479094881889761
 20
1.2846964566929133
 30
0
 11
2.0479097244094486
 21
1.2846966929133858
 31
0
  0
LINE
  5
B58
330
1A
100
AcDbEntity
  8
BLACK
  6
CONTINUOUS
100
AcDbLine
 10
2.0479097244094486
 20
1.2846966929133858
 30
0
 11
2.0506749212598425
 21
1.2894862204724409
 31
0
  0
LINE
  5
B59
330
1A
100
AcDbEntity
  8
BLACK
  6
CONTINUOUS
100
AcDbLine
 10
2.0506749212598425
 20
1.2894862204724409
 30
0
 11
2.0521062992125985
 21
1.294828188976378
 31
0
  0
LINE
  5
B5A
330
1A
100
AcDbEntity
  8
BLACK
  6
CONTINUOUS
100
AcDbLine
 10
2.0521062992125985
 20
1.294828188976378
 30
0
 11
2.0521062992125985
 21
1.3661332283464567
 31
0
  0
LINE
  5
B5B
330
1A
100
AcDbEntity
  8
BLACK
  6
CONTINUOUS
100
AcDbLine
 10
2.0521062992125985
 20
1.3661332283464567
 30
0
 11
2.0521062992125985
 21
1.4753287401574804
 31
0
  0
LINE
  5
B5C
330
1A
100
AcDbEntity
  8
BLACK
  6
CONTINUOUS
100
AcDbLine
 10
2.0521062992125985
 20
1.4753287401574804
 30
0
 11
2.0521063385826772
 21
1.475329251968504
 31
0
  0
LINE
  5
B5D
330
1A
100
AcDbEntity
  8
BLACK
  6
CONTINUOUS
100
AcDbLine
 10
2.0521063385826772
 20
1.475329251968504
 30
0
 11
2.0521063385826772
 21
1.4812593307086614
 31
0
  0
LINE
  5
B5E
330
1A
100
AcDbEntity
  8
BLACK
  6
CONTINUOUS
100
AcDbLine
 10
2.0521063385826772
 20
1.4812593307086614
 30
0
 11
2.0521062992125985
 21
1.4812594881889762
 31
0
  0
LINE
  5
B5F
330
1A
100
AcDbEntity
  8
BLACK
  6
CONTINUOUS
100
AcDbLine
 10
2.0521062992125985
 20
1.4812594881889762
 30
0
 11
2.0506749212598425
 21
1.4866012992125983
 31
0
  0
LINE
  5
B60
330
1A
100
AcDbEntity
  8
BLACK
  6
CONTINUOUS
100
AcDbLine
 10
2.0506749212598425
 20
1.4866012992125983
 30
0
 11
2.0506748818897638
 21
1.4866014173228346
 31
0
  0
LINE
  5
B61
330
1A
100
AcDbEntity
  8
BLACK
  6
CONTINUOUS
100
AcDbLine
 10
2.0506748818897638
 20
1.4866014173228346
 30
0
 11
2.0479098031496061
 21
1.4913907086614173
 31
0
  0
LINE
  5
B62
330
1A
100
AcDbEntity
  8
BLACK
  6
CONTINUOUS
100
AcDbLine
 10
2.0479098031496061
 20
1.4913907086614173
 30
0
 11
2.0479094881889761
 21
1.4913911023622046
 31
0
  0
LINE
  5
B63
330
1A
100
AcDbEntity
  8
BLACK
  6
CONTINUOUS
100
AcDbLine
 10
2.0479094881889761
 20
1.4913911023622046
 30
0
 11
2.0438262992125984
 21
1.4954742913385826
 31
0
  0
LINE
  5
B64
330
1A
100
AcDbEntity
  8
BLACK
  6
CONTINUOUS
100
AcDbLine
 10
2.0438262992125984
 20
1.4954742913385826
 30
0
 11
2.0438253937007875
 21
1.4954751181102361
 31
0
  0
LINE
  5
B65
330
1A
100
AcDbEntity
  8
BLACK
  6
CONTINUOUS
100
AcDbLine
 10
2.0438253937007875
 20
1.4954751181102361
 30
0
 11
1.9855942913385827
 21
1.553706220472441
 31
0
  0
LINE
  5
B66
330
1A
100
AcDbEntity
  8
BLACK
  6
CONTINUOUS
100
AcDbLine
 10
1.9855942913385827
 20
1.553706220472441
 30
0
 11
1.9855938188976376
 21
1.5537067716535433
 31
0
  0
LINE
  5
B67
330
1A
100
AcDbEntity
  8
BLACK
  6
CONTINUOUS
100
AcDbLine
 10
1.9855938188976376
 20
1.5537067716535433
 30
0
 11
1.9814009055118109
 21
1.55789968503937
 31
0
  0
LINE
  5
B68
330
1A
100
AcDbEntity
  8
BLACK
  6
CONTINUOUS
100
AcDbLine
 10
1.9814009055118109
 20
1.55789968503937
 30
0
 11
1.9814005118110236
 21
1.5579000000000001
 31
0
  0
LINE
  5
B69
330
1A
100
AcDbEntity
  8
BLACK
  6
CONTINUOUS
100
AcDbLine
 10
1.9814005118110236
 20
1.5579000000000001
 30
0
 11
1.9790058661417322
 21
1.5592825196850393
 31
0
  0
LINE
  5
B6A
330
1A
100
AcDbEntity
  8
BLACK
  6
CONTINUOUS
100
AcDbLine
 10
1.9790058661417322
 20
1.5592825196850393
 30
0
 11
1.9790058267716535
 21
1.5592825196850393
 31
0
  0
LINE
  5
B6B
330
1A
100
AcDbEntity
  8
BLACK
  6
CONTINUOUS
100
AcDbLine
 10
1.9790058267716535
 20
1.5592825196850393
 30
0
 11
1.9766110629921259
 21
1.560665157480315
 31
0
  0
LINE
  5
B6C
330
1A
100
AcDbEntity
  8
BLACK
  6
CONTINUOUS
100
AcDbLine
 10
1.9766110629921259
 20
1.560665157480315
 30
0
 11
1.9712692913385825
 21
1.5620964960629922
 31
0
  0
LINE
  5
B6D
330
1A
100
AcDbEntity
  8
BLACK
  6
CONTINUOUS
100
AcDbLine
 10
1.9712692913385825
 20
1.5620964960629922
 30
0
 11
1.9712691732283465
 21
1.5620964960629922
 31
0
  0
LINE
  5
B6E
330
1A
100
AcDbEntity
  8
BLACK
  6
CONTINUOUS
100
AcDbLine
 10
1.9712691732283465
 20
1.5620964960629922
 30
0
 11
1.9657387007874014
 21
1.5620964960629922
 31
0
  0
LINE
  5
B6F
330
1A
100
AcDbEntity
  8
BLACK
  6
CONTINUOUS
100
AcDbLine
 10
1.9657387007874014
 20
1.5620964960629922
 30
0
 11
1.965434842519685
 21
1.5620964960629922
 31
0
  0
LINE
  5
B70
330
1A
100
AcDbEntity
  8
BLACK
  6
CONTINUOUS
100
AcDbLine
 10
1.965434842519685
 20
1.5620964960629922
 30
0
 11
1.9654342125984252
 21
1.5620964566929134
 31
0
  0
LINE
  5
B71
330
1A
100
AcDbEntity
  8
BLACK
  6
CONTINUOUS
100
AcDbLine
 10
1.9654342125984252
 20
1.5620964566929134
 30
0
 11
1.8797083070866141
 21
1.5620964566929134
 31
0
  0
LINE
  5
B72
330
1A
100
AcDbEntity
  8
BLACK
  6
CONTINUOUS
100
AcDbLine
 10
1.8797083070866141
 20
1.5620964566929134
 30
0
 11
1.8770263779527558
 21
1.562883937007874
 31
0
  0
LINE
  5
B73
330
1A
100
AcDbEntity
  8
BLACK
  6
CONTINUOUS
100
AcDbLine
 10
1.8770263779527558
 20
1.562883937007874
 30
0
 11
1.8769521259842519
 21
1.5629325984251967
 31
0
  0
LINE
  5
B74
330
1A
100
AcDbEntity
  8
BLACK
  6
CONTINUOUS
100
AcDbLine
 10
1.8769521259842519
 20
1.5629325984251967
 30
0
 11
1.8768805511811024
 21
1.5629804330708661
 31
0
  0
LINE
  5
B75
330
1A
100
AcDbEntity
  8
BLACK
  6
CONTINUOUS
100
AcDbLine
 10
1.8768805511811024
 20
1.5629804330708661
 30
0
 11
1.8718046062992126
 21
1.5650829921259841
 31
0
  0
LINE
  5
B76
330
1A
100
AcDbEntity
  8
BLACK
  6
CONTINUOUS
100
AcDbLine
 10
1.8718046062992126
 20
1.5650829921259841
 30
0
 11
1.8718044094488189
 21
1.5650830314960629
 31
0
  0
LINE
  5
B77
330
1A
100
AcDbEntity
  8
BLACK
  6
CONTINUOUS
100
AcDbLine
 10
1.8718044094488189
 20
1.5650830314960629
 30
0
 11
1.8718043307086614
 21
1.5650830708661416
 31
0
  0
LINE
  5
B78
330
1A
100
AcDbEntity
  8
BLACK
  6
CONTINUOUS
100
AcDbLine
 10
1.8718043307086614
 20
1.5650830708661416
 30
0
 11
1.8685476771653542
 21
1.5657308661417322
 31
0
  0
LINE
  5
B79
330
1A
100
AcDbEntity
  8
BLACK
  6
CONTINUOUS
100
AcDbLine
 10
1.8685476771653542
 20
1.5657308661417322
 30
0
 11
1.8664153937007875
 21
1.566155
 31
0
  0
LINE
  5
B7A
330
1A
100
AcDbEntity
  8
BLACK
  6
CONTINUOUS
100
AcDbLine
 10
1.8664153937007875
 20
1.566155
 30
0
 11
1.86641531496063
 21
1.566155
 31
0
  0
LINE
  5
B7B
330
1A
100
AcDbEntity
  8
BLACK
  6
CONTINUOUS
100
AcDbLine
 10
1.86641531496063
 20
1.566155
 30
0
 11
1.860920748031496
 21
1.566155
 31
0
  0
LINE
  5
B7C
330
1A
100
AcDbEntity
  8
BLACK
  6
CONTINUOUS
100
AcDbLine
 10
1.860920748031496
 20
1.566155
 30
0
 11
1.8609206299212597
 21
1.566155
 31
0
  0
LINE
  5
B7D
330
1A
100
AcDbEntity
  8
BLACK
  6
CONTINUOUS
100
AcDbLine
 10
1.8609206299212597
 20
1.566155
 30
0
 11
1.857722125984252
 21
1.5655187795275589
 31
0
  0
LINE
  5
B7E
330
1A
100
AcDbEntity
  8
BLACK
  6
CONTINUOUS
100
AcDbLine
 10
1.857722125984252
 20
1.5655187795275589
 30
0
 11
1.8555317322834646
 21
1.5650830708661416
 31
0
  0
LINE
  5
B7F
330
1A
100
AcDbEntity
  8
BLACK
  6
CONTINUOUS
100
AcDbLine
 10
1.8555317322834646
 20
1.5650830708661416
 30
0
 11
1.8555316535433071
 21
1.5650830708661416
 31
0
  0
LINE
  5
B80
330
1A
100
AcDbEntity
  8
BLACK
  6
CONTINUOUS
100
AcDbLine
 10
1.8555316535433071
 20
1.5650830708661416
 30
0
 11
1.8555314173228346
 21
1.5650829921259841
 31
0
  0
LINE
  5
B81
330
1A
100
AcDbEntity
  8
BLACK
  6
CONTINUOUS
100
AcDbLine
 10
1.8555314173228346
 20
1.5650829921259841
 30
0
 11
1.8504555511811023
 21
1.5629804724409448
 31
0
  0
LINE
  5
B82
330
1A
100
AcDbEntity
  8
BLACK
  6
CONTINUOUS
100
AcDbLine
 10
1.8504555511811023
 20
1.5629804724409448
 30
0
 11
1.8504553937007873
 21
1.5629803937007873
 31
0
  0
LINE
  5
B83
330
1A
100
AcDbEntity
  8
BLACK
  6
CONTINUOUS
100
AcDbLine
 10
1.8504553937007873
 20
1.5629803937007873
 30
0
 11
1.8458870078740157
 21
1.5599278740157481
 31
0
  0
LINE
  5
B84
330
1A
100
AcDbEntity
  8
BLACK
  6
CONTINUOUS
100
AcDbLine
 10
1.8458870078740157
 20
1.5599278740157481
 30
0
 11
1.8458867322834644
 21
1.5599276771653543
 31
0
  0
LINE
  5
B85
330
1A
100
AcDbEntity
  8
BLACK
  6
CONTINUOUS
100
AcDbLine
 10
1.8458867322834644
 20
1.5599276771653543
 30
0
 11
1.842001653543307
 21
1.5560425984251969
 31
0
  0
LINE
  5
B86
330
1A
100
AcDbEntity
  8
BLACK
  6
CONTINUOUS
100
AcDbLine
 10
1.842001653543307
 20
1.5560425984251969
 30
0
 11
1.8420014566929133
 21
1.5560423228346456
 31
0
  0
LINE
  5
B87
330
1A
100
AcDbEntity
  8
BLACK
  6
CONTINUOUS
100
AcDbLine
 10
1.8420014566929133
 20
1.5560423228346456
 30
0
 11
1.838948937007874
 21
1.5514739370078741
 31
0
  0
LINE
  5
B88
330
1A
100
AcDbEntity
  8
BLACK
  6
CONTINUOUS
100
AcDbLine
 10
1.838948937007874
 20
1.5514739370078741
 30
0
 11
1.8389488582677165
 21
1.551473779527559
 31
0
  0
LINE
  5
B89
330
1A
100
AcDbEntity
  8
BLACK
  6
CONTINUOUS
100
AcDbLine
 10
1.8389488582677165
 20
1.551473779527559
 30
0
 11
1.8368463385826772
 21
1.5463979133858268
 31
0
  0
LINE
  5
B8A
330
1A
100
AcDbEntity
  8
BLACK
  6
CONTINUOUS
100
AcDbLine
 10
1.8368463385826772
 20
1.5463979133858268
 30
0
 11
1.8357743307086614
 21
1.5410087007874016
 31
0
  0
LINE
  5
B8B
330
1A
100
AcDbEntity
  8
BLACK
  6
CONTINUOUS
100
AcDbLine
 10
1.8357743307086614
 20
1.5410087007874016
 30
0
 11
1.8357743307086614
 21
1.5410085826771653
 31
0
  0
LINE
  5
B8C
330
1A
100
AcDbEntity
  8
BLACK
  6
CONTINUOUS
100
AcDbLine
 10
1.8357743307086614
 20
1.5410085826771653
 30
0
 11
1.8357743307086614
 21
1.5355140157480314
 31
0
  0
LINE
  5
B8D
330
1A
100
AcDbEntity
  8
BLACK
  6
CONTINUOUS
100
AcDbLine
 10
1.8357743307086614
 20
1.5355140157480314
 30
0
 11
1.8368462598425197
 21
1.530125
 31
0
  0
LINE
  5
B8E
330
1A
100
AcDbEntity
  8
BLACK
  6
CONTINUOUS
100
AcDbLine
 10
1.8368462598425197
 20
1.530125
 30
0
 11
1.8368462992125985
 21
1.5301249212598425
 31
0
  0
LINE
  5
B8F
330
1A
100
AcDbEntity
  8
BLACK
  6
CONTINUOUS
100
AcDbLine
 10
1.8368462992125985
 20
1.5301249212598425
 30
0
 11
1.8368463385826772
 21
1.5301247244094487
 31
0
  0
LINE
  5
B90
330
1A
100
AcDbEntity
  8
BLACK
  6
CONTINUOUS
100
AcDbLine
 10
1.8368463385826772
 20
1.5301247244094487
 30
0
 11
1.8389488582677165
 21
1.5250488582677164
 31
0
  0
LINE
  5
B91
330
1A
100
AcDbEntity
  8
BLACK
  6
CONTINUOUS
100
AcDbLine
 10
1.8389488582677165
 20
1.5250488582677164
 30
0
 11
1.838948937007874
 21
1.5250487007874016
 31
0
  0
LINE
  5
B92
330
1A
100
AcDbEntity
  8
BLACK
  6
CONTINUOUS
100
AcDbLine
 10
1.838948937007874
 20
1.5250487007874016
 30
0
 11
1.8389489763779527
 21
1.5250486614173229
 31
0
  0
LINE
  5
B93
330
1A
100
AcDbEntity
  8
BLACK
  6
CONTINUOUS
100
AcDbLine
 10
1.8389489763779527
 20
1.5250486614173229
 30
0
 11
1.8420015748031495
 21
1.5204801181102361
 31
0
  0
LINE
  5
B94
330
1A
100
AcDbEntity
  8
BLACK
  6
CONTINUOUS
100
AcDbLine
 10
1.8420015748031495
 20
1.5204801181102361
 30
0
 11
1.8458868503937007
 21
1.5165948425196849
 31
0
  0
LINE
  5
B95
330
1A
100
AcDbEntity
  8
BLACK
  6
CONTINUOUS
100
AcDbLine
 10
1.8458868503937007
 20
1.5165948425196849
 30
0
 11
1.8504553937007873
 21
1.5135422440944881
 31
0
  0
LINE
  5
B96
330
1A
100
AcDbEntity
  8
BLACK
  6
CONTINUOUS
100
AcDbLine
 10
1.8504553937007873
 20
1.5135422440944881
 30
0
 11
1.8504555511811023
 21
1.5135421653543306
 31
0
  0
LINE
  5
B97
330
1A
100
AcDbEntity
  8
BLACK
  6
CONTINUOUS
100
AcDbLine
 10
1.8504555511811023
 20
1.5135421653543306
 30
0
 11
1.8555314173228346
 21
1.5114396456692913
 31
0
  0
LINE
  5
B98
330
1A
100
AcDbEntity
  8
BLACK
  6
CONTINUOUS
100
AcDbLine
 10
1.8555314173228346
 20
1.5114396456692913
 30
0
 11
1.8555314566929133
 21
1.5114396456692913
 31
0
  0
LINE
  5
B99
330
1A
100
AcDbEntity
  8
BLACK
  6
CONTINUOUS
100
AcDbLine
 10
1.8555314566929133
 20
1.5114396456692913
 30
0
 11
1.8555317322834646
 21
1.5114395275590551
 31
0
  0
LINE
  5
B9A
330
1A
100
AcDbEntity
  8
BLACK
  6
CONTINUOUS
100
AcDbLine
 10
1.8555317322834646
 20
1.5114395275590551
 30
0
 11
1.860920748031496
 21
1.5103675984251967
 31
0
  0
LINE
  5
B9B
330
1A
100
AcDbEntity
  8
BLACK
  6
CONTINUOUS
100
AcDbLine
 10
1.860920748031496
 20
1.5103675984251967
 30
0
 11
1.8609207874015747
 21
1.5103675984251967
 31
0
  0
LINE
  5
B9C
330
1A
100
AcDbEntity
  8
BLACK
  6
CONTINUOUS
100
AcDbLine
 10
1.8609207874015747
 20
1.5103675984251967
 30
0
 11
1.8664152755905512
 21
1.5103675984251967
 31
0
  0
LINE
  5
B9D
330
1A
100
AcDbEntity
  8
BLACK
  6
CONTINUOUS
100
AcDbLine
 10
1.8664152755905512
 20
1.5103675984251967
 30
0
 11
1.86641531496063
 21
1.5103675984251967
 31
0
  0
LINE
  5
B9E
330
1A
100
AcDbEntity
  8
BLACK
  6
CONTINUOUS
100
AcDbLine
 10
1.86641531496063
 20
1.5103675984251967
 30
0
 11
1.8718043307086614
 21
1.5114395275590551
 31
0
  0
LINE
  5
B9F
330
1A
100
AcDbEntity
  8
BLACK
  6
CONTINUOUS
100
AcDbLine
 10
1.8718043307086614
 20
1.5114395275590551
 30
0
 11
1.8768806692913385
 21
1.5135422440944881
 31
0
  0
LINE
  5
BA0
330
1A
100
AcDbEntity
  8
BLACK
  6
CONTINUOUS
100
AcDbLine
 10
1.8768806692913385
 20
1.5135422440944881
 30
0
 11
1.8814492125984252
 21
1.5165948425196849
 31
0
  0
LINE
  5
BA1
330
1A
100
AcDbEntity
  8
BLACK
  6
CONTINUOUS
100
AcDbLine
 10
1.8814492125984252
 20
1.5165948425196849
 30
0
 11
1.8834899999999999
 21
1.5186356299212598
 31
0
  0
LINE
  5
BA2
330
1A
100
AcDbEntity
  8
BLACK
  6
CONTINUOUS
100
AcDbLine
 10
1.8834899999999999
 20
1.5186356299212598
 30
0
 11
1.8859432283464566
 21
1.5199752362204724
 31
0
  0
LINE
  5
BA3
330
1A
100
AcDbEntity
  8
BLACK
  6
CONTINUOUS
100
AcDbLine
 10
1.8859432283464566
 20
1.5199752362204724
 30
0
 11
1.8869976771653543
 21
1.5200885826771653
 31
0
  0
LINE
  5
BA4
330
1A
100
AcDbEntity
  8
BLACK
  6
CONTINUOUS
100
AcDbLine
 10
1.8869976771653543
 20
1.5200885826771653
 30
0
 11
1.957749094488189
 21
1.5200885826771653
 31
0
  0
LINE
  5
BA5
330
1A
100
AcDbEntity
  8
BLACK
  6
CONTINUOUS
100
AcDbLine
 10
1.957749094488189
 20
1.5200885826771653
 30
0
 11
1.9604310236220472
 21
1.5193011023622047
 31
0
  0
LINE
  5
BA6
330
1A
100
AcDbEntity
  8
BLACK
  6
CONTINUOUS
100
AcDbLine
 10
1.9604310236220472
 20
1.5193011023622047
 30
0
 11
1.9612567716535432
 21
1.5186356299212598
 31
0
  0
LINE
  5
BA7
330
1A
100
AcDbEntity
  8
BLACK
  6
CONTINUOUS
100
AcDbLine
 10
1.9612567716535432
 20
1.5186356299212598
 30
0
 11
2.008645472440945
 21
1.4712469291338581
 31
0
  0
LINE
  5
BA8
330
1A
100
AcDbEntity
  8
BLACK
  6
CONTINUOUS
100
AcDbLine
 10
2.008645472440945
 20
1.4712469291338581
 30
0
 11
2.0099850787401574
 21
1.4687937007874015
 31
0
  0
LINE
  5
BA9
330
1A
100
AcDbEntity
  8
BLACK
  6
CONTINUOUS
100
AcDbLine
 10
2.0099850787401574
 20
1.4687937007874015
 30
0
 11
2.0100984251968503
 21
1.467739251968504
 31
0
  0
LINE
  5
BAA
330
1A
100
AcDbEntity
  8
BLACK
  6
CONTINUOUS
100
AcDbLine
 10
2.0100984251968503
 20
1.467739251968504
 30
0
 11
2.0100984251968503
 21
1.3474151968503936
 31
0
  0
LINE
  5
BAB
330
1A
100
AcDbEntity
  8
BLACK
  6
CONTINUOUS
100
AcDbLine
 10
2.0100984251968503
 20
1.3474151968503936
 30
0
 11
2.0101315354330707
 21
1.3473820866141732
 31
0
  0
LINE
  5
BAC
330
1A
100
AcDbEntity
  8
BLACK
  6
CONTINUOUS
100
AcDbLine
 10
2.0101315354330707
 20
1.3473820866141732
 30
0
 11
2.0121870866141731
 21
1.3438217716535432
 31
0
  0
LINE
  5
BAD
330
1A
100
AcDbEntity
  8
BLACK
  6
CONTINUOUS
100
AcDbLine
 10
2.0121870866141731
 20
1.3438217716535432
 30
0
 11
2.0132511023622048
 21
1.3398507874015748
 31
0
  0
LINE
  5
BAE
330
1A
100
AcDbEntity
  8
BLACK
  6
CONTINUOUS
100
AcDbLine
 10
2.0132511023622048
 20
1.3398507874015748
 30
0
 11
2.0132511023622048
 21
1.3357397637795276
 31
0
  0
LINE
  5
BAF
330
1A
100
AcDbEntity
  8
BLACK
  6
CONTINUOUS
100
AcDbLine
 10
2.0132511023622048
 20
1.3357397637795276
 30
0
 11
2.0121870866141731
 21
1.331768779527559
 31
0
  0
LINE
  5
BB0
330
1A
100
AcDbEntity
  8
BLACK
  6
CONTINUOUS
100
AcDbLine
 10
2.0121870866141731
 20
1.331768779527559
 30
0
 11
2.0101315354330707
 21
1.3282084645669292
 31
0
  0
LINE
  5
BB1
330
1A
100
AcDbEntity
  8
BLACK
  6
CONTINUOUS
100
AcDbLine
 10
2.0101315354330707
 20
1.3282084645669292
 30
0
 11
2.0100984251968503
 21
1.3281753543307087
 31
0
  0
LINE
  5
BB2
330
1A
100
AcDbEntity
  8
BLACK
  6
CONTINUOUS
100
AcDbLine
 10
2.0100984251968503
 20
1.3281753543307087
 30
0
 11
2.0100984251968503
 21
1.3083482677165355
 31
0
  0
LINE
  5
BB3
330
1A
100
AcDbEntity
  8
BLACK
  6
CONTINUOUS
100
AcDbLine
 10
2.0100984251968503
 20
1.3083482677165355
 30
0
 11
2.0093109448818898
 21
1.3056663385826772
 31
0
  0
LINE
  5
BB4
330
1A
100
AcDbEntity
  8
BLACK
  6
CONTINUOUS
100
AcDbLine
 10
2.0093109448818898
 20
1.3056663385826772
 30
0
 11
2.0086455905511809
 21
1.3048407480314961
 31
0
  0
LINE
  5
BB5
330
1A
100
AcDbEntity
  8
BLACK
  6
CONTINUOUS
100
AcDbLine
 10
2.0086455905511809
 20
1.3048407480314961
 30
0
 11
2.0075053149606297
 21
1.3037004330708661
 31
0
  0
LINE
  5
BB6
330
1A
100
AcDbEntity
  8
BLACK
  6
CONTINUOUS
100
AcDbLine
 10
2.0075053149606297
 20
1.3037004330708661
 30
0
 11
2.0073814173228346
 21
1.3035765354330708
 31
0
  0
LINE
  5
BB7
330
1A
100
AcDbEntity
  8
BLACK
  6
CONTINUOUS
100
AcDbLine
 10
2.0073814173228346
 20
1.3035765354330708
 30
0
 11
2.0049281496062989
 21
1.3022370078740158
 31
0
  0
LINE
  5
BB8
330
1A
100
AcDbEntity
  8
BLACK
  6
CONTINUOUS
100
AcDbLine
 10
2.0049281496062989
 20
1.3022370078740158
 30
0
 11
2.0048416141732281
 21
1.3022189763779528
 31
0
  0
LINE
  5
BB9
330
1A
100
AcDbEntity
  8
BLACK
  6
CONTINUOUS
100
AcDbLine
 10
2.0048416141732281
 20
1.3022189763779528
 30
0
 11
2.0006998031496064
 21
1.3013951181102361
 31
0
  0
LINE
  5
BBA
330
1A
100
AcDbEntity
  8
BLACK
  6
CONTINUOUS
100
AcDbLine
 10
2.0006998031496064
 20
1.3013951181102361
 30
0
 11
1.9997587795275591
 21
1.3012079133858268
 31
0
  0
LINE
  5
BBB
330
1A
100
AcDbEntity
  8
BLACK
  6
CONTINUOUS
100
AcDbLine
 10
1.9997587795275591
 20
1.3012079133858268
 30
0
 11
1.9997587401574803
 21
1.3012079133858268
 31
0
  0
LINE
  5
BBC
330
1A
100
AcDbEntity
  8
BLACK
  6
CONTINUOUS
100
AcDbLine
 10
1.9997587401574803
 20
1.3012079133858268
 30
0
 11
1.9997584251968503
 21
1.3012078346456692
 31
0
  0
LINE
  5
BBD
330
1A
100
AcDbEntity
  8
BLACK
  6
CONTINUOUS
100
AcDbLine
 10
1.9997584251968503
 20
1.3012078346456692
 30
0
 11
1.9946825984251968
 21
1.29910531496063
 31
0
  0
LINE
  5
BBE
330
1A
100
AcDbEntity
  8
BLACK
  6
CONTINUOUS
100
AcDbLine
 10
1.9946825984251968
 20
1.29910531496063
 30
0
 11
1.9946824409448818
 21
1.2991052362204725
 31
0
  0
LINE
  5
BBF
330
1A
100
AcDbEntity
  8
BLACK
  6
CONTINUOUS
100
AcDbLine
 10
1.9946824409448818
 20
1.2991052362204725
 30
0
 11
1.9901140551181102
 21
1.296052716535433
 31
0
  0
LINE
  5
BC0
330
1A
100
AcDbEntity
  8
BLACK
  6
CONTINUOUS
100
AcDbLine
 10
1.9901140551181102
 20
1.296052716535433
 30
0
 11
1.990113779527559
 21
1.2960525196850394
 31
0
  0
LINE
  5
BC1
330
1A
100
AcDbEntity
  8
BLACK
  6
CONTINUOUS
100
AcDbLine
 10
1.990113779527559
 20
1.2960525196850394
 30
0
 11
1.989876377952756
 21
1.2958150787401574
 31
0
  0
LINE
  5
BC2
330
1A
100
AcDbEntity
  8
BLACK
  6
CONTINUOUS
100
AcDbLine
 10
1.989876377952756
 20
1.2958150787401574
 30
0
 11
1.9874231496062991
 21
1.2944754724409449
 31
0
  0
LINE
  5
BC3
330
1A
100
AcDbEntity
  8
BLACK
  6
CONTINUOUS
100
AcDbLine
 10
1.9874231496062991
 20
1.2944754724409449
 30
0
 11
1.9846351574803149
 21
1.2946748818897638
 31
0
  0
LINE
  5
BC4
330
1A
100
AcDbEntity
  8
BLACK
  6
CONTINUOUS
100
AcDbLine
 10
1.9846351574803149
 20
1.2946748818897638
 30
0
 11
1.9823975196850394
 21
1.2963499606299211
 31
0
  0
LINE
  5
BC5
330
1A
100
AcDbEntity
  8
BLACK
  6
CONTINUOUS
100
AcDbLine
 10
1.9823975196850394
 20
1.2963499606299211
 30
0
 11
1.9814207086614173
 21
1.2989688582677166
 31
0
  0
LINE
  5
BC6
330
1A
100
AcDbEntity
  8
BLACK
  6
CONTINUOUS
100
AcDbLine
 10
1.9814207086614173
 20
1.2989688582677166
 30
0
 11
1.9814080708661417
 21
1.2993227559055118
 31
0
  0
LINE
  5
BC7
330
1A
100
AcDbEntity
  8
BLACK
  6
CONTINUOUS
100
AcDbLine
 10
1.9814080708661417
 20
1.2993227559055118
 30
0
 11
1.9814080708661417
 21
1.3849710236220472
 31
0
  0
LINE
  5
BC8
330
1A
100
AcDbEntity
  8
BLACK
  6
CONTINUOUS
100
AcDbLine
 10
1.9814080708661417
 20
1.3849710236220472
 30
0
 11
1.9814080708661417
 21
1.3849710629921259
 31
0
  0
LINE
  5
BC9
330
1A
100
AcDbEntity
  8
BLACK
  6
CONTINUOUS
100
AcDbLine
 10
1.9814080708661417
 20
1.3849710629921259
 30
0
 11
1.9803120472440945
 21
1.3890614173228346
 31
0
  0
LINE
  5
BCA
330
1A
100
AcDbEntity
  8
BLACK
  6
CONTINUOUS
100
AcDbLine
 10
1.9803120472440945
 20
1.3890614173228346
 30
0
 11
1.9790162598425196
 21
1.3913057874015748
 31
0
  0
LINE
  5
BCB
330
1A
100
AcDbEntity
  8
BLACK
  6
CONTINUOUS
100
AcDbLine
 10
1.9790162598425196
 20
1.3913057874015748
 30
0
 11
1.9781948031496062
 21
1.3927286220472441
 31
0
  0
LINE
  5
BCC
330
1A
100
AcDbEntity
  8
BLACK
  6
CONTINUOUS
100
AcDbLine
 10
1.9781948031496062
 20
1.3927286220472441
 30
0
 11
1.9781946456692914
 21
1.3927288188976377
 31
0
  0
LINE
  5
BCD
330
1A
100
AcDbEntity
  8
BLACK
  6
CONTINUOUS
100
AcDbLine
 10
1.9781946456692914
 20
1.3927288188976377
 30
0
 11
1.976901653543307
 21
1.394021811023622
 31
0
  0
LINE
  5
BCE
330
1A
100
AcDbEntity
  8
BLACK
  6
CONTINUOUS
100
AcDbLine
 10
1.976901653543307
 20
1.394021811023622
 30
0
 11
1.9752003937007874
 21
1.3957230708661417
 31
0
  0
LINE
  5
BCF
330
1A
100
AcDbEntity
  8
BLACK
  6
CONTINUOUS
100
AcDbLine
 10
1.9752003937007874
 20
1.3957230708661417
 30
0
 11
1.9702822047244095
 21
1.4006412598425197
 31
0
  0
LINE
  5
BD0
330
1A
100
AcDbEntity
  8
BLACK
  6
CONTINUOUS
100
AcDbLine
 10
1.9702822047244095
 20
1.4006412598425197
 30
0
 11
1.9689425984251967
 21
1.4030944881889764
 31
0
  0
LINE
  5
BD1
330
1A
100
AcDbEntity
  8
BLACK
  6
CONTINUOUS
100
AcDbLine
 10
1.9689425984251967
 20
1.4030944881889764
 30
0
 11
1.9688761417322833
 21
1.4042432677165353
 31
0
  0
LINE
  5
BD2
330
1A
100
AcDbEntity
  8
BLACK
  6
CONTINUOUS
100
AcDbLine
 10
1.9688761417322833
 20
1.4042432677165353
 30
0
 11
1.9688385826771653
 21
1.4042432677165353
 31
0
  0
LINE
  5
BD3
330
1A
100
AcDbEntity
  8
BLACK
  6
CONTINUOUS
100
AcDbLine
 10
1.9688385826771653
 20
1.4042432677165353
 30
0
 11
1.9688385826771653
 21
1.4099814960629922
 31
0
  0
LINE
  5
BD4
330
1A
100
AcDbEntity
  8
BLACK
  6
CONTINUOUS
100
AcDbLine
 10
1.9688385826771653
 20
1.4099814960629922
 30
0
 11
1.9688385433070865
 21
1.409981653543307
 31
0
  0
LINE
  5
BD5
330
1A
100
AcDbEntity
  8
BLACK
  6
CONTINUOUS
100
AcDbLine
 10
1.9688385433070865
 20
1.409981653543307
 30
0
 11
1.9688121259842519
 21
1.4101144488188977
 31
0
  0
LINE
  5
BD6
330
1A
100
AcDbEntity
  8
BLACK
  6
CONTINUOUS
100
AcDbLine
 10
1.9688121259842519
 20
1.4101144488188977
 30
0
 11
1.9677666535433069
 21
1.4153705511811023
 31
0
  0
LINE
  5
BD7
330
1A
100
AcDbEntity
  8
BLACK
  6
CONTINUOUS
100
AcDbLine
 10
1.9677666535433069
 20
1.4153705511811023
 30
0
 11
1.9676037007874014
 21
1.4157639763779528
 31
0
  0
LINE
  5
BD8
330
1A
100
AcDbEntity
  8
BLACK
  6
CONTINUOUS
100
AcDbLine
 10
1.9676037007874014
 20
1.4157639763779528
 30
0
 11
1.9656640157480314
 21
1.4204467322834646
 31
0
  0
LINE
  5
BD9
330
1A
100
AcDbEntity
  8
BLACK
  6
CONTINUOUS
100
AcDbLine
 10
1.9656640157480314
 20
1.4204467322834646
 30
0
 11
1.9656639370078739
 21
1.4204468897637794
 31
0
  0
LINE
  5
BDA
330
1A
100
AcDbEntity
  8
BLACK
  6
CONTINUOUS
100
AcDbLine
 10
1.9656639370078739
 20
1.4204468897637794
 30
0
 11
1.9652418897637796
 21
1.4210785433070865
 31
0
  0
LINE
  5
BDB
330
1A
100
AcDbEntity
  8
BLACK
  6
CONTINUOUS
100
AcDbLine
 10
1.9652418897637796
 20
1.4210785433070865
 30
0
 11
1.9626113385826771
 21
1.4250154330708662
 31
0
  0
LINE
  5
BDC
330
1A
100
AcDbEntity
  8
BLACK
  6
CONTINUOUS
100
AcDbLine
 10
1.9626113385826771
 20
1.4250154330708662
 30
0
 11
1.9587260629921259
 21
1.4289007086614174
 31
0
  0
LINE
  5
BDD
330
1A
100
AcDbEntity
  8
BLACK
  6
CONTINUOUS
100
AcDbLine
 10
1.9587260629921259
 20
1.4289007086614174
 30
0
 11
1.9564108661417323
 21
1.4304476771653543
 31
0
  0
LINE
  5
BDE
330
1A
100
AcDbEntity
  8
BLACK
  6
CONTINUOUS
100
AcDbLine
 10
1.9564108661417323
 20
1.4304476771653543
 30
0
 11
1.9541574803149606
 21
1.4319533464566929
 31
0
  0
LINE
  5
BDF
330
1A
100
AcDbEntity
  8
BLACK
  6
CONTINUOUS
100
AcDbLine
 10
1.9541574803149606
 20
1.4319533464566929
 30
0
 11
1.9541573228346456
 21
1.4319534251968504
 31
0
  0
LINE
  5
BE0
330
1A
100
AcDbEntity
  8
BLACK
  6
CONTINUOUS
100
AcDbLine
 10
1.9541573228346456
 20
1.4319534251968504
 30
0
 11
1.9490814566929133
 21
1.4340559448818897
 31
0
  0
LINE
  5
BE1
330
1A
100
AcDbEntity
  8
BLACK
  6
CONTINUOUS
100
AcDbLine
 10
1.9490814566929133
 20
1.4340559448818897
 30
0
 11
1.9490812598425196
 21
1.4340559842519685
 31
0
  0
LINE
  5
BE2
330
1A
100
AcDbEntity
  8
BLACK
  6
CONTINUOUS
100
AcDbLine
 10
1.9490812598425196
 20
1.4340559842519685
 30
0
 11
1.9490811811023621
 21
1.4340560236220472
 31
0
  0
LINE
  5
BE3
330
1A
100
AcDbEntity
  8
BLACK
  6
CONTINUOUS
100
AcDbLine
 10
1.9490811811023621
 20
1.4340560236220472
 30
0
 11
1.9458245275590551
 21
1.4347038188976378
 31
0
  0
LINE
  5
BE4
330
1A
100
AcDbEntity
  8
BLACK
  6
CONTINUOUS
100
AcDbLine
 10
1.9458245275590551
 20
1.4347038188976378
 30
0
 11
1.9436922440944882
 21
1.4351279527559055
 31
0
  0
LINE
  5
BE5
330
1A
100
AcDbEntity
  8
BLACK
  6
CONTINUOUS
100
AcDbLine
 10
1.9436922440944882
 20
1.4351279527559055
 30
0
 11
1.9436921653543306
 21
1.4351279527559055
 31
0
  0
LINE
  5
BE6
330
1A
100
AcDbEntity
  8
BLACK
  6
CONTINUOUS
100
AcDbLine
 10
1.9436921653543306
 20
1.4351279527559055
 30
0
 11
1.9381975984251969
 21
1.4351279527559055
 31
0
  0
LINE
  5
BE7
330
1A
100
AcDbEntity
  8
BLACK
  6
CONTINUOUS
100
AcDbLine
 10
1.9381975984251969
 20
1.4351279527559055
 30
0
 11
1.9381974803149606
 21
1.4351279527559055
 31
0
  0
LINE
  5
BE8
330
1A
100
AcDbEntity
  8
BLACK
  6
CONTINUOUS
100
AcDbLine
 10
1.9381974803149606
 20
1.4351279527559055
 30
0
 11
1.9349989763779527
 21
1.4344917322834645
 31
0
  0
LINE
  5
BE9
330
1A
100
AcDbEntity
  8
BLACK
  6
CONTINUOUS
100
AcDbLine
 10
1.9349989763779527
 20
1.4344917322834645
 30
0
 11
1.9328085826771653
 21
1.4340560236220472
 31
0
  0
LINE
  5
BEA
330
1A
100
AcDbEntity
  8
BLACK
  6
CONTINUOUS
100
AcDbLine
 10
1.9328085826771653
 20
1.4340560236220472
 30
0
 11
1.9328085039370078
 21
1.4340560236220472
 31
0
  0
LINE
  5
BEB
330
1A
100
AcDbEntity
  8
BLACK
  6
CONTINUOUS
100
AcDbLine
 10
1.9328085039370078
 20
1.4340560236220472
 30
0
 11
1.9328082677165355
 21
1.4340559448818897
 31
0
  0
LINE
  5
BEC
330
1A
100
AcDbEntity
  8
BLACK
  6
CONTINUOUS
100
AcDbLine
 10
1.9328082677165355
 20
1.4340559448818897
 30
0
 11
1.9277324015748032
 21
1.4319534251968504
 31
0
  0
LINE
  5
BED
330
1A
100
AcDbEntity
  8
BLACK
  6
CONTINUOUS
100
AcDbLine
 10
1.9277324015748032
 20
1.4319534251968504
 30
0
 11
1.9277322440944882
 21
1.4319533464566929
 31
0
  0
LINE
  5
BEE
330
1A
100
AcDbEntity
  8
BLACK
  6
CONTINUOUS
100
AcDbLine
 10
1.9277322440944882
 20
1.4319533464566929
 30
0
 11
1.9231638582677164
 21
1.4289008267716534
 31
0
  0
LINE
  5
BEF
330
1A
100
AcDbEntity
  8
BLACK
  6
CONTINUOUS
100
AcDbLine
 10
1.9231638582677164
 20
1.4289008267716534
 30
0
 11
1.9231635826771654
 21
1.4289006299212599
 31
0
  0
LINE
  5
BF0
330
1A
100
AcDbEntity
  8
BLACK
  6
CONTINUOUS
100
AcDbLine
 10
1.9231635826771654
 20
1.4289006299212599
 30
0
 11
1.9192785039370079
 21
1.4250155511811022
 31
0
  0
LINE
  5
BF1
330
1A
100
AcDbEntity
  8
BLACK
  6
CONTINUOUS
100
AcDbLine
 10
1.9192785039370079
 20
1.4250155511811022
 30
0
 11
1.9192783070866142
 21
1.4250152755905512
 31
0
  0
LINE
  5
BF2
330
1A
100
AcDbEntity
  8
BLACK
  6
CONTINUOUS
100
AcDbLine
 10
1.9192783070866142
 20
1.4250152755905512
 30
0
 11
1.9162257874015747
 21
1.4204468897637794
 31
0
  0
LINE
  5
BF3
330
1A
100
AcDbEntity
  8
BLACK
  6
CONTINUOUS
100
AcDbLine
 10
1.9162257874015747
 20
1.4204468897637794
 30
0
 11
1.9162257086614172
 21
1.4204467322834646
 31
0
  0
LINE
  5
BF4
330
1A
100
AcDbEntity
  8
BLACK
  6
CONTINUOUS
100
AcDbLine
 10
1.9162257086614172
 20
1.4204467322834646
 30
0
 11
1.9141231889763779
 21
1.4153708661417324
 31
0
  0
LINE
  5
BF5
330
1A
100
AcDbEntity
  8
BLACK
  6
CONTINUOUS
100
AcDbLine
 10
1.9141231889763779
 20
1.4153708661417324
 30
0
 11
1.9130511811023621
 21
1.409981653543307
 31
0
  0
LINE
  5
BF6
330
1A
100
AcDbEntity
  8
BLACK
  6
CONTINUOUS
100
AcDbLine
 10
1.9130511811023621
 20
1.409981653543307
 30
0
 11
1.9130511811023621
 21
1.4044868897637794
 31
0
  0
LINE
  5
BF7
330
1A
100
AcDbEntity
  8
BLACK
  6
CONTINUOUS
100
AcDbLine
 10
1.9130511811023621
 20
1.4044868897637794
 30
0
 11
1.9133281496062993
 21
1.4030944881889764
 31
0
  0
LINE
  5
BF8
330
1A
100
AcDbEntity
  8
BLACK
  6
CONTINUOUS
100
AcDbLine
 10
1.9133281496062993
 20
1.4030944881889764
 30
0
 11
1.9141231102362204
 21
1.3990979527559055
 31
0
  0
LINE
  5
BF9
330
1A
100
AcDbEntity
  8
BLACK
  6
CONTINUOUS
100
AcDbLine
 10
1.9141231102362204
 20
1.3990979527559055
 30
0
 11
1.9141231496062991
 21
1.399097874015748
 31
0
  0
LINE
  5
BFA
330
1A
100
AcDbEntity
  8
BLACK
  6
CONTINUOUS
100
AcDbLine
 10
1.9141231496062991
 20
1.399097874015748
 30
0
 11
1.9141231889763779
 21
1.3990976771653543
 31
0
  0
LINE
  5
BFB
330
1A
100
AcDbEntity
  8
BLACK
  6
CONTINUOUS
100
AcDbLine
 10
1.9141231889763779
 20
1.3990976771653543
 30
0
 11
1.9162257086614172
 21
1.394021811023622
 31
0
  0
LINE
  5
BFC
330
1A
100
AcDbEntity
  8
BLACK
  6
CONTINUOUS
100
AcDbLine
 10
1.9162257086614172
 20
1.394021811023622
 30
0
 11
1.9162257874015747
 21
1.394021653543307
 31
0
  0
LINE
  5
BFD
330
1A
100
AcDbEntity
  8
BLACK
  6
CONTINUOUS
100
AcDbLine
 10
1.9162257874015747
 20
1.394021653543307
 30
0
 11
1.9162258267716534
 21
1.3940216141732282
 31
0
  0
LINE
  5
BFE
330
1A
100
AcDbEntity
  8
BLACK
  6
CONTINUOUS
100
AcDbLine
 10
1.9162258267716534
 20
1.3940216141732282
 30
0
 11
1.9192784251968504
 21
1.3894530708661417
 31
0
  0
LINE
  5
BFF
330
1A
100
AcDbEntity
  8
BLACK
  6
CONTINUOUS
100
AcDbLine
 10
1.9192784251968504
 20
1.3894530708661417
 30
0
 11
1.9231637007874016
 21
1.3855677952755905
 31
0
  0
LINE
  5
C00
330
1A
100
AcDbEntity
  8
BLACK
  6
CONTINUOUS
100
AcDbLine
 10
1.9231637007874016
 20
1.3855677952755905
 30
0
 11
1.9245870866141732
 21
1.3846167322834646
 31
0
  0
LINE
  5
C01
330
1A
100
AcDbEntity
  8
BLACK
  6
CONTINUOUS
100
AcDbLine
 10
1.9245870866141732
 20
1.3846167322834646
 30
0
 11
1.9263794881889764
 21
1.3824720078740158
 31
0
  0
LINE
  5
C02
330
1A
100
AcDbEntity
  8
BLACK
  6
CONTINUOUS
100
AcDbLine
 10
1.9263794881889764
 20
1.3824720078740158
 30
0
 11
1.9267278740157481
 21
1.3796986614173228
 31
0
  0
LINE
  5
C03
330
1A
100
AcDbEntity
  8
BLACK
  6
CONTINUOUS
100
AcDbLine
 10
1.9267278740157481
 20
1.3796986614173228
 30
0
 11
1.9255215354330708
 21
1.3771772440944881
 31
0
  0
LINE
  5
C04
330
1A
100
AcDbEntity
  8
BLACK
  6
CONTINUOUS
100
AcDbLine
 10
1.9255215354330708
 20
1.3771772440944881
 30
0
 11
1.9231435433070865
 21
1.3757082677165353
 31
0
  0
LINE
  5
C05
330
1A
100
AcDbEntity
  8
BLACK
  6
CONTINUOUS
100
AcDbLine
 10
1.9231435433070865
 20
1.3757082677165353
 30
0
 11
1.9222944094488188
 21
1.375593937007874
 31
0
  0
LINE
  5
C06
330
1A
100
AcDbEntity
  8
BLACK
  6
CONTINUOUS
100
AcDbLine
 10
1.9222944094488188
 20
1.375593937007874
 30
0
 11
1.9222982283464567
 21
1.3755553543307086
 31
0
  0
LINE
  5
C07
330
1A
100
AcDbEntity
  8
BLACK
  6
CONTINUOUS
100
AcDbLine
 10
1.9222982283464567
 20
1.3755553543307086
 30
0
 11
1.9220557480314959
 21
1.3755314960629921
 31
0
  0
LINE
  5
C08
330
1A
100
AcDbEntity
  8
BLACK
  6
CONTINUOUS
100
AcDbLine
 10
1.9220557480314959
 20
1.3755314960629921
 30
0
 11
1.9188572440944882
 21
1.3748952755905512
 31
0
  0
LINE
  5
C09
330
1A
100
AcDbEntity
  8
BLACK
  6
CONTINUOUS
100
AcDbLine
 10
1.9188572440944882
 20
1.3748952755905512
 30
0
 11
1.9166668503937008
 21
1.3744595669291337
 31
0
  0
LINE
  5
C0A
330
1A
100
AcDbEntity
  8
BLACK
  6
CONTINUOUS
100
AcDbLine
 10
1.9166668503937008
 20
1.3744595669291337
 30
0
 11
1.9166667716535433
 21
1.3744595669291337
 31
0
  0
LINE
  5
C0B
330
1A
100
AcDbEntity
  8
BLACK
  6
CONTINUOUS
100
AcDbLine
 10
1.9166667716535433
 20
1.3744595669291337
 30
0
 11
1.9166665354330708
 21
1.3744594881889765
 31
0
  0
LINE
  5
C0C
330
1A
100
AcDbEntity
  8
BLACK
  6
CONTINUOUS
100
AcDbLine
 10
1.9166665354330708
 20
1.3744594881889765
 30
0
 11
1.9115906692913385
 21
1.372356968503937
 31
0
  0
LINE
  5
C0D
330
1A
100
AcDbEntity
  8
BLACK
  6
CONTINUOUS
100
AcDbLine
 10
1.9115906692913385
 20
1.372356968503937
 30
0
 11
1.9115905118110237
 21
1.3723568897637795
 31
0
  0
LINE
  5
C0E
330
1A
100
AcDbEntity
  8
BLACK
  6
CONTINUOUS
100
AcDbLine
 10
1.9115905118110237
 20
1.3723568897637795
 30
0
 11
1.9070221259842519
 21
1.3693043700787402
 31
0
  0
LINE
  5
C0F
330
1A
100
AcDbEntity
  8
BLACK
  6
CONTINUOUS
100
AcDbLine
 10
1.9070221259842519
 20
1.3693043700787402
 30
0
 11
1.9070218503937006
 21
1.3693041732283464
 31
0
  0
LINE
  5
C10
330
1A
100
AcDbEntity
  8
BLACK
  6
CONTINUOUS
100
AcDbLine
 10
1.9070218503937006
 20
1.3693041732283464
 30
0
 11
1.9031367716535432
 21
1.365419094488189
 31
0
  0
LINE
  5
C11
330
1A
100
AcDbEntity
  8
BLACK
  6
CONTINUOUS
100
AcDbLine
 10
1.9031367716535432
 20
1.365419094488189
 30
0
 11
1.9031365748031495
 21
1.3654188188976377
 31
0
  0
LINE
  5
C12
330
1A
100
AcDbEntity
  8
BLACK
  6
CONTINUOUS
100
AcDbLine
 10
1.9031365748031495
 20
1.3654188188976377
 30
0
 11
1.9000840551181102
 21
1.3608504330708662
 31
0
  0
LINE
  5
C13
330
1A
100
AcDbEntity
  8
BLACK
  6
CONTINUOUS
100
AcDbLine
 10
1.9000840551181102
 20
1.3608504330708662
 30
0
 11
1.9000839763779527
 21
1.3608502755905512
 31
0
  0
LINE
  5
C14
330
1A
100
AcDbEntity
  8
BLACK
  6
CONTINUOUS
100
AcDbLine
 10
1.9000839763779527
 20
1.3608502755905512
 30
0
 11
1.8979814566929134
 21
1.3557744094488189
 31
0
  0
LINE
  5
C15
330
1A
100
AcDbEntity
  8
BLACK
  6
CONTINUOUS
100
AcDbLine
 10
1.8979814566929134
 20
1.3557744094488189
 30
0
 11
1.8979813779527559
 21
1.3557741732283464
 31
0
  0
LINE
  5
C16
330
1A
100
AcDbEntity
  8
BLACK
  6
CONTINUOUS
100
AcDbLine
 10
1.8979813779527559
 20
1.3557741732283464
 30
0
 11
1.8979813779527559
 21
1.3557740944881889
 31
0
  0
LINE
  5
C17
330
1A
100
AcDbEntity
  8
BLACK
  6
CONTINUOUS
100
AcDbLine
 10
1.8979813779527559
 20
1.3557740944881889
 30
0
 11
1.8977046062992124
 21
1.3543825984251969
 31
0
  0
LINE
  5
C18
330
1A
100
AcDbEntity
  8
BLACK
  6
CONTINUOUS
100
AcDbLine
 10
1.8977046062992124
 20
1.3543825984251969
 30
0
 11
1.8969094488188976
 21
1.3503851968503937
 31
0
  0
LINE
  5
C19
330
1A
100
AcDbEntity
  8
BLACK
  6
CONTINUOUS
100
AcDbLine
 10
1.8969094488188976
 20
1.3503851968503937
 30
0
 11
1.8969094488188976
 21
1.3448904330708662
 31
0
  0
LINE
  5
C1A
330
1A
100
AcDbEntity
  8
BLACK
  6
CONTINUOUS
100
AcDbLine
 10
1.8969094488188976
 20
1.3448904330708662
 30
0
 11
1.8974453937007874
 21
1.3421960236220472
 31
0
  0
LINE
  5
C1B
330
1A
100
AcDbEntity
  8
BLACK
  6
CONTINUOUS
100
AcDbLine
 10
1.8974453937007874
 20
1.3421960236220472
 30
0
 11
1.8979813779527559
 21
1.3395014960629921
 31
0
  0
LINE
  5
C1C
330
1A
100
AcDbEntity
  8
BLACK
  6
CONTINUOUS
100
AcDbLine
 10
1.8979813779527559
 20
1.3395014960629921
 30
0
 11
1.8984371653543306
 21
1.3384011023622047
 31
0
  0
LINE
  5
C1D
330
1A
100
AcDbEntity
  8
BLACK
  6
CONTINUOUS
100
AcDbLine
 10
1.8984371653543306
 20
1.3384011023622047
 30
0
 11
1.8985003543307086
 21
1.338248622047244
 31
0
  0
LINE
  5
C1E
330
1A
100
AcDbEntity
  8
BLACK
  6
CONTINUOUS
100
AcDbLine
 10
1.8985003543307086
 20
1.338248622047244
 30
0
 11
1.8988779527559054
 21
1.3363502755905512
 31
0
  0
LINE
  5
C1F
330
1A
100
AcDbEntity
  8
BLACK
  6
CONTINUOUS
100
AcDbLine
 10
1.8988779527559054
 20
1.3363502755905512
 30
0
 11
1.8988779527559054
 21
1.1972197244094487
 31
0
  0
LINE
  5
C20
330
1A
100
AcDbEntity
  8
BLACK
  6
CONTINUOUS
100
AcDbLine
 10
1.8988779527559054
 20
1.1972197244094487
 30
0
 11
1.8988779133858267
 21
1.1972197244094487
 31
0
  0
LINE
  5
C21
330
1A
100
AcDbEntity
  8
BLACK
  6
CONTINUOUS
100
AcDbLine
 10
1.8988779133858267
 20
1.1972197244094487
 30
0
 11
1.8999739763779526
 21
1.1931292913385827
 31
0
  0
LINE
  5
C22
330
1A
100
AcDbEntity
  8
BLACK
  6
CONTINUOUS
100
AcDbLine
 10
1.8999739763779526
 20
1.1931292913385827
 30
0
 11
1.9020911811023622
 21
1.1894621259842519
 31
0
  0
LINE
  5
C23
330
1A
100
AcDbEntity
  8
BLACK
  6
CONTINUOUS
100
AcDbLine
 10
1.9020911811023622
 20
1.1894621259842519
 30
0
 11
1.9020912204724409
 21
1.1894620866141732
 31
0
  0
LINE
  5
C24
330
1A
100
AcDbEntity
  8
BLACK
  6
CONTINUOUS
100
AcDbLine
 10
1.9020912204724409
 20
1.1894620866141732
 30
0
 11
1.9020912992125985
 21
1.1894619685039369
 31
0
  0
LINE
  5
C25
330
1A
100
AcDbEntity
  8
BLACK
  6
CONTINUOUS
100
AcDbLine
 10
1.9020912992125985
 20
1.1894619685039369
 30
0
 11
1.9083896456692913
 21
1.1831636220472441
 31
0
  0
LINE
  5
C26
330
1A
100
AcDbEntity
  8
BLACK
  6
CONTINUOUS
100
AcDbLine
 10
1.9083896456692913
 20
1.1831636220472441
 30
0
 11
1.9097291732283463
 21
1.180710472440945
 31
0
  0
LINE
  5
C27
330
1A
100
AcDbEntity
  8
BLACK
  6
CONTINUOUS
100
AcDbLine
 10
1.9097291732283463
 20
1.180710472440945
 30
0
 11
1.9097959448818898
 21
1.1795615748031496
 31
0
  0
LINE
  5
C28
330
1A
100
AcDbEntity
  8
BLACK
  6
CONTINUOUS
100
AcDbLine
 10
1.9097959448818898
 20
1.1795615748031496
 30
0
 11
1.9098332677165355
 21
1.1795615748031496
 31
0
  0
LINE
  5
C29
330
1A
100
AcDbEntity
  8
BLACK
  6
CONTINUOUS
100
AcDbLine
 10
1.9098332677165355
 20
1.1795615748031496
 30
0
 11
1.9098332677165355
 21
1.1738232677165354
 31
0
  0
LINE
  5
C2A
330
1A
100
AcDbEntity
  8
BLACK
  6
CONTINUOUS
100
AcDbLine
 10
1.9098332677165355
 20
1.1738232677165354
 30
0
 11
1.9099835433070866
 21
1.1730677952755906
 31
0
  0
LINE
  5
C2B
330
1A
100
AcDbEntity
  8
BLACK
  6
CONTINUOUS
100
AcDbLine
 10
1.9099835433070866
 20
1.1730677952755906
 30
0
 11
1.9109051968503936
 21
1.1684343307086613
 31
0
  0
LINE
  5
C2C
330
1A
100
AcDbEntity
  8
BLACK
  6
CONTINUOUS
100
AcDbLine
 10
1.9109051968503936
 20
1.1684343307086613
 30
0
 11
1.9109052362204724
 21
1.1684342519685038
 31
0
  0
LINE
  5
C2D
330
1A
100
AcDbEntity
  8
BLACK
  6
CONTINUOUS
100
AcDbLine
 10
1.9109052362204724
 20
1.1684342519685038
 30
0
 11
1.9109052755905511
 21
1.1684340551181103
 31
0
  0
LINE
  5
C2E
330
1A
100
AcDbEntity
  8
BLACK
  6
CONTINUOUS
100
AcDbLine
 10
1.9109052755905511
 20
1.1684340551181103
 30
0
 11
1.9130077952755906
 21
1.163358188976378
 31
0
  0
LINE
  5
C2F
330
1A
100
AcDbEntity
  8
BLACK
  6
CONTINUOUS
100
AcDbLine
 10
1.9130077952755906
 20
1.163358188976378
 30
0
 11
1.9130078740157479
 21
1.163358031496063
 31
0
  0
LINE
  5
C30
330
1A
100
AcDbEntity
  8
BLACK
  6
CONTINUOUS
100
AcDbLine
 10
1.9130078740157479
 20
1.163358031496063
 30
0
 11
1.9130079133858267
 21
1.1633579921259842
 31
0
  0
LINE
  5
C31
330
1A
100
AcDbEntity
  8
BLACK
  6
CONTINUOUS
100
AcDbLine
 10
1.9130079133858267
 20
1.1633579921259842
 30
0
 11
1.9160605118110237
 21
1.1587894488188977
 31
0
  0
LINE
  5
C32
330
1A
100
AcDbEntity
  8
BLACK
  6
CONTINUOUS
100
AcDbLine
 10
1.9160605118110237
 20
1.1587894488188977
 30
0
 11
1.9160605905511812
 21
1.1587893700787402
 31
0
  0
LINE
  5
C33
330
1A
100
AcDbEntity
  8
BLACK
  6
CONTINUOUS
100
AcDbLine
 10
1.9160605905511812
 20
1.1587893700787402
 30
0
 11
1.9176571653543306
 21
1.1571927952755905
 31
0
  0
LINE
  5
C34
330
1A
100
AcDbEntity
  8
BLACK
  6
CONTINUOUS
100
AcDbLine
 10
1.9176571653543306
 20
1.1571927952755905
 30
0
 11
1.9189967716535432
 21
1.1547395669291338
 31
0
  0
LINE
  5
C35
330
1A
100
AcDbEntity
  8
BLACK
  6
CONTINUOUS
100
AcDbLine
 10
1.9189967716535432
 20
1.1547395669291338
 30
0
 11
1.9187973622047243
 21
1.1519515748031495
 31
0
  0
LINE
  5
C36
330
1A
100
AcDbEntity
  8
BLACK
  6
CONTINUOUS
100
AcDbLine
 10
1.9187973622047243
 20
1.1519515748031495
 30
0
 11
1.9182741732283464
 21
1.1509292125984252
 31
0
  0
LINE
  5
C37
330
1A
100
AcDbEntity
  8
BLACK
  6
CONTINUOUS
100
AcDbLine
 10
1.9182741732283464
 20
1.1509292125984252
 30
0
 11
1.9178005118110235
 21
1.1502203543307086
 31
0
  0
LINE
  5
C38
330
1A
100
AcDbEntity
  8
BLACK
  6
CONTINUOUS
100
AcDbLine
 10
1.9178005118110235
 20
1.1502203543307086
 30
0
 11
1.9156979921259842
 21
1.1451444881889763
 31
0
  0
LINE
  5
C39
330
1A
100
AcDbEntity
  8
BLACK
  6
CONTINUOUS
100
AcDbLine
 10
1.9156979921259842
 20
1.1451444881889763
 30
0
 11
1.9156979133858267
 21
1.145144251968504
 31
0
  0
LINE
  5
C3A
330
1A
100
AcDbEntity
  8
BLACK
  6
CONTINUOUS
100
AcDbLine
 10
1.9156979133858267
 20
1.145144251968504
 30
0
 11
1.9156979133858267
 21
1.1451441732283465
 31
0
  0
LINE
  5
C3B
330
1A
100
AcDbEntity
  8
BLACK
  6
CONTINUOUS
100
AcDbLine
 10
1.9156979133858267
 20
1.1451441732283465
 30
0
 11
1.9156001181102362
 21
1.1446524803149607
 31
0
  0
LINE
  5
C3C
330
1A
100
AcDbEntity
  8
BLACK
  6
CONTINUOUS
100
AcDbLine
 10
1.9156001181102362
 20
1.1446524803149607
 30
0
 11
1.9146259842519684
 21
1.1397552755905511
 31
0
  0
LINE
  5
C3D
330
1A
100
AcDbEntity
  8
BLACK
  6
CONTINUOUS
100
AcDbLine
 10
1.9146259842519684
 20
1.1397552755905511
 30
0
 11
1.9146259842519684
 21
1.1342605118110236
 31
0
  0
LINE
  5
C3E
330
1A
100
AcDbEntity
  8
BLACK
  6
CONTINUOUS
100
AcDbLine
 10
1.9146259842519684
 20
1.1342605118110236
 30
0
 11
1.9149358267716534
 21
1.1327029133858268
 31
0
  0
LINE
  5
C3F
330
1A
100
AcDbEntity
  8
BLACK
  6
CONTINUOUS
100
AcDbLine
 10
1.9149358267716534
 20
1.1327029133858268
 30
0
 11
1.9155746062992125
 21
1.129491338582677
 31
0
  0
LINE
  5
C40
330
1A
100
AcDbEntity
  8
BLACK
  6
CONTINUOUS
100
AcDbLine
 10
1.9155746062992125
 20
1.129491338582677
 30
0
 11
1.9153255118110235
 21
1.1267074015748031
 31
0
  0
LINE
  5
C41
330
1A
100
AcDbEntity
  8
BLACK
  6
CONTINUOUS
100
AcDbLine
 10
1.9153255118110235
 20
1.1267074015748031
 30
0
 11
1.9136107874015749
 21
1.1245000000000001
 31
0
  0
LINE
  5
C42
330
1A
100
AcDbEntity
  8
BLACK
  6
CONTINUOUS
100
AcDbLine
 10
1.9136107874015749
 20
1.1245000000000001
 30
0
 11
1.9109748818897638
 21
1.1235701181102362
 31
0
  0
LINE
  5
C43
330
1A
100
AcDbEntity
  8
BLACK
  6
CONTINUOUS
100
AcDbLine
 10
1.9109748818897638
 20
1.1235701181102362
 30
0
 11
1.9107093307086613
 21
1.1235629921259842
 31
0
  0
LINE
  5
C44
330
1A
100
AcDbEntity
  8
BLACK
  6
CONTINUOUS
100
AcDbLine
 10
1.9107093307086613
 20
1.1235629921259842
 30
0
 11
1.9063075196850394
 21
1.1235629921259842
 31
0
  0
LINE
  5
C45
330
1A
100
AcDbEntity
  8
BLACK
  6
CONTINUOUS
100
AcDbLine
 10
1.9063075196850394
 20
1.1235629921259842
 30
0
 11
1.9057737795275591
 21
1.123456811023622
 31
0
  0
LINE
  5
C46
330
1A
100
AcDbEntity
  8
BLACK
  6
CONTINUOUS
100
AcDbLine
 10
1.9057737795275591
 20
1.123456811023622
 30
0
 11
1.9029897637795274
 21
1.1237060629921261
 31
0
  0
LINE
  5
C47
330
1A
100
AcDbEntity
  8
BLACK
  6
CONTINUOUS
100
AcDbLine
 10
1.9029897637795274
 20
1.1237060629921261
 30
0
 11
1.9007824803149607
 21
1.125420905511811
 31
0
  0
LINE
  5
C48
330
1A
100
AcDbEntity
  8
BLACK
  6
CONTINUOUS
100
AcDbLine
 10
1.9007824803149607
 20
1.125420905511811
 30
0
 11
1.8998526771653543
 21
1.1280568503937007
 31
0
  0
LINE
  5
C49
330
1A
100
AcDbEntity
  8
BLACK
  6
CONTINUOUS
100
AcDbLine
 10
1.8998526771653543
 20
1.1280568503937007
 30
0
 11
1.8999235433070867
 21
1.129046811023622
 31
0
  0
LINE
  5
C4A
330
1A
100
AcDbEntity
  8
BLACK
  6
CONTINUOUS
100
AcDbLine
 10
1.8999235433070867
 20
1.129046811023622
 30
0
 11
1.8999170472440945
 21
1.1290474409448819
 31
0
  0
LINE
  5
C4B
330
1A
100
AcDbEntity
  8
BLACK
  6
CONTINUOUS
100
AcDbLine
 10
1.8999170472440945
 20
1.1290474409448819
 30
0
 11
1.8999409448818898
 21
1.1292902362204724
 31
0
  0
LINE
  5
C4C
330
1A
100
AcDbEntity
  8
BLACK
  6
CONTINUOUS
100
AcDbLine
 10
1.8999409448818898
 20
1.1292902362204724
 30
0
 11
1.8999409448818898
 21
1.1347846456692914
 31
0
  0
LINE
  5
C4D
330
1A
100
AcDbEntity
  8
BLACK
  6
CONTINUOUS
100
AcDbLine
 10
1.8999409448818898
 20
1.1347846456692914
 30
0
 11
1.8999409055118111
 21
1.1347848031496062
 31
0
  0
LINE
  5
C4E
330
1A
100
AcDbEntity
  8
BLACK
  6
CONTINUOUS
100
AcDbLine
 10
1.8999409055118111
 20
1.1347848031496062
 30
0
 11
1.8998393700787402
 21
1.13529531496063
 31
0
  0
LINE
  5
C4F
330
1A
100
AcDbEntity
  8
BLACK
  6
CONTINUOUS
100
AcDbLine
 10
1.8998393700787402
 20
1.13529531496063
 30
0
 11
1.8988690157480315
 21
1.1401737007874015
 31
0
  0
LINE
  5
C50
330
1A
100
AcDbEntity
  8
BLACK
  6
CONTINUOUS
100
AcDbLine
 10
1.8988690157480315
 20
1.1401737007874015
 30
0
 11
1.8988688976377952
 21
1.1401740157480316
 31
0
  0
LINE
  5
C51
330
1A
100
AcDbEntity
  8
BLACK
  6
CONTINUOUS
100
AcDbLine
 10
1.8988688976377952
 20
1.1401740157480316
 30
0
 11
1.8967663779527559
 21
1.1452498818897638
 31
0
  0
LINE
  5
C52
330
1A
100
AcDbEntity
  8
BLACK
  6
CONTINUOUS
100
AcDbLine
 10
1.8967663779527559
 20
1.1452498818897638
 30
0
 11
1.8967662992125984
 21
1.1452500393700786
 31
0
  0
LINE
  5
C53
330
1A
100
AcDbEntity
  8
BLACK
  6
CONTINUOUS
100
AcDbLine
 10
1.8967662992125984
 20
1.1452500393700786
 30
0
 11
1.8954684645669291
 21
1.1471923622047244
 31
0
  0
LINE
  5
C54
330
1A
100
AcDbEntity
  8
BLACK
  6
CONTINUOUS
100
AcDbLine
 10
1.8954684645669291
 20
1.1471923622047244
 30
0
 11
1.8937137007874014
 21
1.1498185826771654
 31
0
  0
LINE
  5
C55
330
1A
100
AcDbEntity
  8
BLACK
  6
CONTINUOUS
100
AcDbLine
 10
1.8937137007874014
 20
1.1498185826771654
 30
0
 11
1.8898284251968505
 21
1.1537038582677166
 31
0
  0
LINE
  5
C56
330
1A
100
AcDbEntity
  8
BLACK
  6
CONTINUOUS
100
AcDbLine
 10
1.8898284251968505
 20
1.1537038582677166
 30
0
 11
1.8852598818897637
 21
1.1567564566929134
 31
0
  0
LINE
  5
C57
330
1A
100
AcDbEntity
  8
BLACK
  6
CONTINUOUS
100
AcDbLine
 10
1.8852598818897637
 20
1.1567564566929134
 30
0
 11
1.8852599212598424
 21
1.1567564566929134
 31
0
  0
LINE
  5
C58
330
1A
100
AcDbEntity
  8
BLACK
  6
CONTINUOUS
100
AcDbLine
 10
1.8852599212598424
 20
1.1567564566929134
 30
0
 11
1.8852598425196849
 21
1.1567564960629921
 31
0
  0
LINE
  5
C59
330
1A
100
AcDbEntity
  8
BLACK
  6
CONTINUOUS
100
AcDbLine
 10
1.8852598425196849
 20
1.1567564960629921
 30
0
 11
1.8852596850393701
 21
1.1567565748031496
 31
0
  0
LINE
  5
C5A
330
1A
100
AcDbEntity
  8
BLACK
  6
CONTINUOUS
100
AcDbLine
 10
1.8852596850393701
 20
1.1567565748031496
 30
0
 11
1.8801838188976379
 21
1.1588590944881889
 31
0
  0
LINE
  5
C5B
330
1A
100
AcDbEntity
  8
BLACK
  6
CONTINUOUS
100
AcDbLine
 10
1.8801838188976379
 20
1.1588590944881889
 30
0
 11
1.8801836220472441
 21
1.1588591338582677
 31
0
  0
LINE
  5
C5C
330
1A
100
AcDbEntity
  8
BLACK
  6
CONTINUOUS
100
AcDbLine
 10
1.8801836220472441
 20
1.1588591338582677
 30
0
 11
1.8801835433070866
 21
1.1588591732283464
 31
0
  0
LINE
  5
C5D
330
1A
100
AcDbEntity
  8
BLACK
  6
CONTINUOUS
100
AcDbLine
 10
1.8801835433070866
 20
1.1588591732283464
 30
0
 11
1.8764814960629921
 21
1.1595955511811022
 31
0
  0
LINE
  5
C5E
330
1A
100
AcDbEntity
  8
BLACK
  6
CONTINUOUS
100
AcDbLine
 10
1.8764814960629921
 20
1.1595955511811022
 30
0
 11
1.8747946062992125
 21
1.1599311023622048
 31
0
  0
LINE
  5
C5F
330
1A
100
AcDbEntity
  8
BLACK
  6
CONTINUOUS
100
AcDbLine
 10
1.8747946062992125
 20
1.1599311023622048
 30
0
 11
1.8747945275590552
 21
1.1599311023622048
 31
0
  0
LINE
  5
C60
330
1A
100
AcDbEntity
  8
BLACK
  6
CONTINUOUS
100
AcDbLine
 10
1.8747945275590552
 20
1.1599311023622048
 30
0
 11
1.8692999606299212
 21
1.1599311023622048
 31
0
  0
LINE
  5
C61
330
1A
100
AcDbEntity
  8
BLACK
  6
CONTINUOUS
100
AcDbLine
 10
1.8692999606299212
 20
1.1599311023622048
 30
0
 11
1.8692997637795274
 21
1.1599311023622048
 31
0
  0
LINE
  5
C62
330
1A
100
AcDbEntity
  8
BLACK
  6
CONTINUOUS
100
AcDbLine
 10
1.8692997637795274
 20
1.1599311023622048
 30
0
 11
1.8684773622047244
 21
1.1597675196850394
 31
0
  0
LINE
  5
C63
330
1A
100
AcDbEntity
  8
BLACK
  6
CONTINUOUS
100
AcDbLine
 10
1.8684773622047244
 20
1.1597675196850394
 30
0
 11
1.8656933464566929
 21
1.1600167716535432
 31
0
  0
LINE
  5
C64
330
1A
100
AcDbEntity
  8
BLACK
  6
CONTINUOUS
100
AcDbLine
 10
1.8656933464566929
 20
1.1600167716535432
 30
0
 11
1.8640020866141731
 21
1.1611251968503937
 31
0
  0
LINE
  5
C65
330
1A
100
AcDbEntity
  8
BLACK
  6
CONTINUOUS
100
AcDbLine
 10
1.8640020866141731
 20
1.1611251968503937
 30
0
 11
1.8533108267716536
 21
1.1718164566929135
 31
0
  0
LINE
  5
C66
330
1A
100
AcDbEntity
  8
BLACK
  6
CONTINUOUS
100
AcDbLine
 10
1.8533108267716536
 20
1.1718164566929135
 30
0
 11
1.8533103543307086
 21
1.1718170078740158
 31
0
  0
LINE
  5
C67
330
1A
100
AcDbEntity
  8
BLACK
  6
CONTINUOUS
100
AcDbLine
 10
1.8533103543307086
 20
1.1718170078740158
 30
0
 11
1.8491174409448818
 21
1.1760099212598425
 31
0
  0
LINE
  5
C68
330
1A
100
AcDbEntity
  8
BLACK
  6
CONTINUOUS
100
AcDbLine
 10
1.8491174409448818
 20
1.1760099212598425
 30
0
 11
1.8491170472440945
 21
1.1760102362204725
 31
0
  0
LINE
  5
C69
330
1A
100
AcDbEntity
  8
BLACK
  6
CONTINUOUS
100
AcDbLine
 10
1.8491170472440945
 20
1.1760102362204725
 30
0
 11
1.8467224015748032
 21
1.1773927559055117
 31
0
  0
LINE
  5
C6A
330
1A
100
AcDbEntity
  8
BLACK
  6
CONTINUOUS
100
AcDbLine
 10
1.8467224015748032
 20
1.1773927559055117
 30
0
 11
1.8467223622047244
 21
1.1773927559055117
 31
0
  0
LINE
  5
C6B
330
1A
100
AcDbEntity
  8
BLACK
  6
CONTINUOUS
100
AcDbLine
 10
1.8467223622047244
 20
1.1773927559055117
 30
0
 11
1.8464504724409447
 21
1.1775497244094488
 31
0
  0
LINE
  5
C6C
330
1A
100
AcDbEntity
  8
BLACK
  6
CONTINUOUS
100
AcDbLine
 10
1.8464504724409447
 20
1.1775497244094488
 30
0
 11
1.8447977559055118
 21
1.178503937007874
 31
0
  0
LINE
  5
C6D
330
1A
100
AcDbEntity
  8
BLACK
  6
CONTINUOUS
100
AcDbLine
 10
1.8447977559055118
 20
1.178503937007874
 30
0
 11
1.8443275984251968
 21
1.1787753937007874
 31
0
  0
LINE
  5
C6E
330
1A
100
AcDbEntity
  8
BLACK
  6
CONTINUOUS
100
AcDbLine
 10
1.8443275984251968
 20
1.1787753937007874
 30
0
 11
1.8389858267716535
 21
1.1802067322834646
 31
0
  0
LINE
  5
C6F
330
1A
100
AcDbEntity
  8
BLACK
  6
CONTINUOUS
100
AcDbLine
 10
1.8389858267716535
 20
1.1802067322834646
 30
0
 11
1.8389857086614172
 21
1.1802067322834646
 31
0
  0
LINE
  5
C70
330
1A
100
AcDbEntity
  8
BLACK
  6
CONTINUOUS
100
AcDbLine
 10
1.8389857086614172
 20
1.1802067322834646
 30
0
 11
1.8334552362204724
 21
1.1802067322834646
 31
0
  0
LINE
  5
C71
330
1A
100
AcDbEntity
  8
BLACK
  6
CONTINUOUS
100
AcDbLine
 10
1.8334552362204724
 20
1.1802067322834646
 30
0
 11
1.833151377952756
 21
1.1802067322834646
 31
0
  0
LINE
  5
C72
330
1A
100
AcDbEntity
  8
BLACK
  6
CONTINUOUS
100
AcDbLine
 10
1.833151377952756
 20
1.1802067322834646
 30
0
 11
1.8331507480314959
 21
1.1802066929133859
 31
0
  0
LINE
  5
C73
330
1A
100
AcDbEntity
  8
BLACK
  6
CONTINUOUS
100
AcDbLine
 10
1.8331507480314959
 20
1.1802066929133859
 30
0
 11
1.5778728740157479
 21
1.1802066929133859
 31
0
  0
LINE
  5
C74
330
1A
100
AcDbEntity
  8
BLACK
  6
CONTINUOUS
100
AcDbLine
 10
1.5778728740157479
 20
1.1802066929133859
 30
0
 11
1.5778722440944881
 21
1.1802067322834646
 31
0
  0
LINE
  5
C75
330
1A
100
AcDbEntity
  8
BLACK
  6
CONTINUOUS
100
AcDbLine
 10
1.5778722440944881
 20
1.1802067322834646
 30
0
 11
1.5775683858267717
 21
1.1802067322834646
 31
0
  0
LINE
  5
C76
330
1A
100
AcDbEntity
  8
BLACK
  6
CONTINUOUS
100
AcDbLine
 10
1.5775683858267717
 20
1.1802067322834646
 30
0
 11
1.5720379133858267
 21
1.1802067322834646
 31
0
  0
LINE
  5
C77
330
1A
100
AcDbEntity
  8
BLACK
  6
CONTINUOUS
100
AcDbLine
 10
1.5720379133858267
 20
1.1802067322834646
 30
0
 11
1.5720377559055119
 21
1.1802067322834646
 31
0
  0
LINE
  5
C78
330
1A
100
AcDbEntity
  8
BLACK
  6
CONTINUOUS
100
AcDbLine
 10
1.5720377559055119
 20
1.1802067322834646
 30
0
 11
1.566696062992126
 21
1.1787753937007874
 31
0
  0
LINE
  5
C79
330
1A
100
AcDbEntity
  8
BLACK
  6
CONTINUOUS
100
AcDbLine
 10
1.566696062992126
 20
1.1787753937007874
 30
0
 11
1.5666958661417323
 21
1.1787753149606299
 31
0
  0
LINE
  5
C7A
330
1A
100
AcDbEntity
  8
BLACK
  6
CONTINUOUS
100
AcDbLine
 10
1.5666958661417323
 20
1.1787753149606299
 30
0
 11
1.5654125984251968
 21
1.1780344881889764
 31
0
  0
LINE
  5
C7B
330
1A
100
AcDbEntity
  8
BLACK
  6
CONTINUOUS
100
AcDbLine
 10
1.5654125984251968
 20
1.1780344881889764
 30
0
 11
1.5654126377952755
 21
1.1780344488188976
 31
0
  0
LINE
  5
C7C
330
1A
100
AcDbEntity
  8
BLACK
  6
CONTINUOUS
100
AcDbLine
 10
1.5654126377952755
 20
1.1780344488188976
 30
0
 11
1.5619064173228345
 21
1.176010157480315
 31
0
  0
LINE
  5
C7D
330
1A
100
AcDbEntity
  8
BLACK
  6
CONTINUOUS
100
AcDbLine
 10
1.5619064173228345
 20
1.176010157480315
 30
0
 11
1.5619061417322835
 21
1.1760099212598425
 31
0
  0
LINE
  5
C7E
330
1A
100
AcDbEntity
  8
BLACK
  6
CONTINUOUS
100
AcDbLine
 10
1.5619061417322835
 20
1.1760099212598425
 30
0
 11
1.5610020472440944
 21
1.1751057874015747
 31
0
  0
LINE
  5
C7F
330
1A
100
AcDbEntity
  8
BLACK
  6
CONTINUOUS
100
AcDbLine
 10
1.5610020472440944
 20
1.1751057874015747
 30
0
 11
1.5585488188976377
 21
1.1737661811023621
 31
0
  0
LINE
  5
C80
330
1A
100
AcDbEntity
  8
BLACK
  6
CONTINUOUS
100
AcDbLine
 10
1.5585488188976377
 20
1.1737661811023621
 30
0
 11
1.5584621653543307
 21
1.1737481496062991
 31
0
  0
LINE
  5
C81
330
1A
100
AcDbEntity
  8
BLACK
  6
CONTINUOUS
100
AcDbLine
 10
1.5584621653543307
 20
1.1737481496062991
 30
0
 11
1.5557302362204724
 21
1.1732047244094488
 31
0
  0
LINE
  5
C82
330
1A
100
AcDbEntity
  8
BLACK
  6
CONTINUOUS
100
AcDbLine
 10
1.5557302362204724
 20
1.1732047244094488
 30
0
 11
1.5533794488188977
 21
1.1727371259842518
 31
0
  0
LINE
  5
C83
330
1A
100
AcDbEntity
  8
BLACK
  6
CONTINUOUS
100
AcDbLine
 10
1.5533794488188977
 20
1.1727371259842518
 30
0
 11
1.5533793700787402
 21
1.1727371259842518
 31
0
  0
LINE
  5
C84
330
1A
100
AcDbEntity
  8
BLACK
  6
CONTINUOUS
100
AcDbLine
 10
1.5533793700787402
 20
1.1727371259842518
 30
0
 11
1.5533791338582676
 21
1.1727370472440946
 31
0
  0
LINE
  5
C85
330
1A
100
AcDbEntity
  8
BLACK
  6
CONTINUOUS
100
AcDbLine
 10
1.5533791338582676
 20
1.1727370472440946
 30
0
 11
1.5483032677165354
 21
1.1706345275590551
 31
0
  0
LINE
  5
C86
330
1A
100
AcDbEntity
  8
BLACK
  6
CONTINUOUS
100
AcDbLine
 10
1.5483032677165354
 20
1.1706345275590551
 30
0
 11
1.5483031102362204
 21
1.1706344488188976
 31
0
  0
LINE
  5
C87
330
1A
100
AcDbEntity
  8
BLACK
  6
CONTINUOUS
100
AcDbLine
 10
1.5483031102362204
 20
1.1706344488188976
 30
0
 11
1.5437347244094488
 21
1.1675819291338583
 31
0
  0
LINE
  5
C88
330
1A
100
AcDbEntity
  8
BLACK
  6
CONTINUOUS
100
AcDbLine
 10
1.5437347244094488
 20
1.1675819291338583
 30
0
 11
1.5437344488188975
 21
1.1675817322834645
 31
0
  0
LINE
  5
C89
330
1A
100
AcDbEntity
  8
BLACK
  6
CONTINUOUS
100
AcDbLine
 10
1.5437344488188975
 20
1.1675817322834645
 30
0
 11
1.5398493700787401
 21
1.1636966535433071
 31
0
  0
LINE
  5
C8A
330
1A
100
AcDbEntity
  8
BLACK
  6
CONTINUOUS
100
AcDbLine
 10
1.5398493700787401
 20
1.1636966535433071
 30
0
 11
1.5398491732283464
 21
1.1636963779527558
 31
0
  0
LINE
  5
C8B
330
1A
100
AcDbEntity
  8
BLACK
  6
CONTINUOUS
100
AcDbLine
 10
1.5398491732283464
 20
1.1636963779527558
 30
0
 11
1.5367966535433071
 21
1.1591279921259843
 31
0
  0
LINE
  5
C8C
330
1A
100
AcDbEntity
  8
BLACK
  6
CONTINUOUS
100
AcDbLine
 10
1.5367966535433071
 20
1.1591279921259843
 30
0
 11
1.5367965748031496
 21
1.1591278346456693
 31
0
  0
LINE
  5
C8D
330
1A
100
AcDbEntity
  8
BLACK
  6
CONTINUOUS
100
AcDbLine
 10
1.5367965748031496
 20
1.1591278346456693
 30
0
 11
1.5346940551181103
 21
1.154051968503937
 31
0
  0
LINE
  5
C8E
330
1A
100
AcDbEntity
  8
BLACK
  6
CONTINUOUS
100
AcDbLine
 10
1.5346940551181103
 20
1.154051968503937
 30
0
 11
1.5346939763779528
 21
1.1540517322834645
 31
0
  0
LINE
  5
C8F
330
1A
100
AcDbEntity
  8
BLACK
  6
CONTINUOUS
100
AcDbLine
 10
1.5346939763779528
 20
1.1540517322834645
 30
0
 11
1.5346939763779528
 21
1.154051653543307
 31
0
  0
LINE
  5
C90
330
1A
100
AcDbEntity
  8
BLACK
  6
CONTINUOUS
100
AcDbLine
 10
1.5346939763779528
 20
1.154051653543307
 30
0
 11
1.5346053149606298
 21
1.1536059055118111
 31
0
  0
LINE
  5
C91
330
1A
100
AcDbEntity
  8
BLACK
  6
CONTINUOUS
100
AcDbLine
 10
1.5346053149606298
 20
1.1536059055118111
 30
0
 11
1.5336220472440945
 21
1.1486627559055118
 31
0
  0
LINE
  5
C92
330
1A
100
AcDbEntity
  8
BLACK
  6
CONTINUOUS
100
AcDbLine
 10
1.5336220472440945
 20
1.1486627559055118
 30
0
 11
1.5336220472440945
 21
1.1431679921259843
 31
0
  0
LINE
  5
C93
330
1A
100
AcDbEntity
  8
BLACK
  6
CONTINUOUS
100
AcDbLine
 10
2.6507677165354329
 20
0.8981074803149606
 30
0
 11
2.6508854724409447
 21
0.8970924803149606
 31
0
  0
LINE
  5
C94
330
1A
100
AcDbEntity
  8
BLACK
  6
CONTINUOUS
100
AcDbLine
 10
2.6508854724409447
 20
0.8970924803149606
 30
0
 11
2.6508855118110235
 21
0.8970922834645669
 31
0
  0
LINE
  5
C95
330
1A
100
AcDbEntity
  8
BLACK
  6
CONTINUOUS
100
AcDbLine
 10
2.6508855118110235
 20
0.8970922834645669
 30
0
 11
2.6527196456692912
 21
0.8929383858267717
 31
0
  0
LINE
  5
C96
330
1A
100
AcDbEntity
  8
BLACK
  6
CONTINUOUS
100
AcDbLine
 10
2.6527196456692912
 20
0.8929383858267717
 30
0
 11
2.6527196850393699
 21
0.8929383070866141
 31
0
  0
LINE
  5
C97
330
1A
100
AcDbEntity
  8
BLACK
  6
CONTINUOUS
100
AcDbLine
 10
2.6527196850393699
 20
0.8929383070866141
 30
0
 11
2.6559303937007872
 21
0.8897275984251968
 31
0
  0
LINE
  5
C98
330
1A
100
AcDbEntity
  8
BLACK
  6
CONTINUOUS
100
AcDbLine
 10
2.6559303937007872
 20
0.8897275984251968
 30
0
 11
2.6559304724409447
 21
0.8897275590551181
 31
0
  0
LINE
  5
C99
330
1A
100
AcDbEntity
  8
BLACK
  6
CONTINUOUS
100
AcDbLine
 10
2.6559304724409447
 20
0.8897275590551181
 30
0
 11
2.6559305118110235
 21
0.8897275196850394
 31
0
  0
LINE
  5
C9A
330
1A
100
AcDbEntity
  8
BLACK
  6
CONTINUOUS
100
AcDbLine
 10
2.6559305118110235
 20
0.8897275196850394
 30
0
 11
2.6600844488188975
 21
0.8878933858267717
 31
0
  0
LINE
  5
C9B
330
1A
100
AcDbEntity
  8
BLACK
  6
CONTINUOUS
100
AcDbLine
 10
2.6600844488188975
 20
0.8878933858267717
 30
0
 11
2.6610996850393702
 21
0.8877756299212598
 31
0
  0
LINE
  5
C9C
330
1A
100
AcDbEntity
  8
BLACK
  6
CONTINUOUS
100
AcDbLine
 10
2.6610996850393702
 20
0.8877756299212598
 30
0
 11
2.661099803149606
 21
0.887775590551181
 31
0
  0
LINE
  5
C9D
330
1A
100
AcDbEntity
  8
BLACK
  6
CONTINUOUS
100
AcDbLine
 10
2.661099803149606
 20
0.887775590551181
 30
0
 11
2.6610998425196848
 21
0.887775590551181
 31
0
  0
LINE
  5
C9E
330
1A
100
AcDbEntity
  8
BLACK
  6
CONTINUOUS
100
AcDbLine
 10
2.6610998425196848
 20
0.887775590551181
 30
0
 11
2.724726968503937
 21
0.887775590551181
 31
0
  0
LINE
  5
C9F
330
1A
100
AcDbEntity
  8
BLACK
  6
CONTINUOUS
100
AcDbLine
 10
2.724726968503937
 20
0.887775590551181
 30
0
 11
2.7247270078740158
 21
0.8877756299212598
 31
0
  0
LINE
  5
CA0
330
1A
100
AcDbEntity
  8
BLACK
  6
CONTINUOUS
100
AcDbLine
 10
2.7247270078740158
 20
0.8877756299212598
 30
0
 11
2.7257423228346456
 21
0.8878933858267717
 31
0
  0
LINE
  5
CA1
330
1A
100
AcDbEntity
  8
BLACK
  6
CONTINUOUS
100
AcDbLine
 10
2.7257423228346456
 20
0.8878933858267717
 30
0
 11
2.7298962598425196
 21
0.8897275196850394
 31
0
  0
LINE
  5
CA2
330
1A
100
AcDbEntity
  8
BLACK
  6
CONTINUOUS
100
AcDbLine
 10
2.7298962598425196
 20
0.8897275196850394
 30
0
 11
2.7331071259842519
 21
0.8929383858267717
 31
0
  0
LINE
  5
CA3
330
1A
100
AcDbEntity
  8
BLACK
  6
CONTINUOUS
100
AcDbLine
 10
2.7331071259842519
 20
0.8929383858267717
 30
0
 11
2.7349412598425196
 21
0.8970923228346457
 31
0
  0
LINE
  5
CA4
330
1A
100
AcDbEntity
  8
BLACK
  6
CONTINUOUS
100
AcDbLine
 10
2.7349412598425196
 20
0.8970923228346457
 30
0
 11
2.7350590551181102
 21
0.8981077165354331
 31
0
  0
LINE
  5
CA5
330
1A
100
AcDbEntity
  8
BLACK
  6
CONTINUOUS
100
AcDbLine
 10
2.7350590551181102
 20
0.8981077165354331
 30
0
 11
2.7350590551181102
 21
0.9617348031496062
 31
0
  0
LINE
  5
CA6
330
1A
100
AcDbEntity
  8
BLACK
  6
CONTINUOUS
100
AcDbLine
 10
2.7350590551181102
 20
0.9617348031496062
 30
0
 11
2.7350590157480315
 21
0.9617350787401575
 31
0
  0
LINE
  5
CA7
330
1A
100
AcDbEntity
  8
BLACK
  6
CONTINUOUS
100
AcDbLine
 10
2.7350590157480315
 20
0.9617350787401575
 30
0
 11
2.7349412598425196
 21
0.9627501968503936
 31
0
  0
LINE
  5
CA8
330
1A
100
AcDbEntity
  8
BLACK
  6
CONTINUOUS
100
AcDbLine
 10
2.7349412598425196
 20
0.9627501968503936
 30
0
 11
2.7331071259842519
 21
0.9669041338582677
 31
0
  0
LINE
  5
CA9
330
1A
100
AcDbEntity
  8
BLACK
  6
CONTINUOUS
100
AcDbLine
 10
2.7331071259842519
 20
0.9669041338582677
 30
0
 11
2.7331070866141731
 21
0.9669041732283464
 31
0
  0
LINE
  5
CAA
330
1A
100
AcDbEntity
  8
BLACK
  6
CONTINUOUS
100
AcDbLine
 10
2.7331070866141731
 20
0.9669041732283464
 30
0
 11
2.7331070472440944
 21
0.9669042519685039
 31
0
  0
LINE
  5
CAB
330
1A
100
AcDbEntity
  8
BLACK
  6
CONTINUOUS
100
AcDbLine
 10
2.7331070472440944
 20
0.9669042519685039
 30
0
 11
2.7298963385826771
 21
0.9701149606299212
 31
0
  0
LINE
  5
CAC
330
1A
100
AcDbEntity
  8
BLACK
  6
CONTINUOUS
100
AcDbLine
 10
2.7298963385826771
 20
0.9701149606299212
 30
0
 11
2.7298962598425196
 21
0.9701149999999999
 31
0
  0
LINE
  5
CAD
330
1A
100
AcDbEntity
  8
BLACK
  6
CONTINUOUS
100
AcDbLine
 10
2.7298962598425196
 20
0.9701149999999999
 30
0
 11
2.7257423622047243
 21
0.9719491338582676
 31
0
  0
LINE
  5
CAE
330
1A
100
AcDbEntity
  8
BLACK
  6
CONTINUOUS
100
AcDbLine
 10
2.7257423622047243
 20
0.9719491338582676
 30
0
 11
2.7257421653543306
 21
0.9719491732283464
 31
0
  0
LINE
  5
CAF
330
1A
100
AcDbEntity
  8
BLACK
  6
CONTINUOUS
100
AcDbLine
 10
2.7257421653543306
 20
0.9719491732283464
 30
0
 11
2.7247271653543308
 21
0.9720669291338583
 31
0
  0
LINE
  5
CB0
330
1A
100
AcDbEntity
  8
BLACK
  6
CONTINUOUS
100
AcDbLine
 10
2.7247271653543308
 20
0.9720669291338583
 30
0
 11
2.7247269291338583
 21
0.9720669291338583
 31
0
  0
LINE
  5
CB1
330
1A
100
AcDbEntity
  8
BLACK
  6
CONTINUOUS
100
AcDbLine
 10
2.7247269291338583
 20
0.9720669291338583
 30
0
 11
2.6610998425196848
 21
0.9720669291338583
 31
0
  0
LINE
  5
CB2
330
1A
100
AcDbEntity
  8
BLACK
  6
CONTINUOUS
100
AcDbLine
 10
2.6610998425196848
 20
0.9720669291338583
 30
0
 11
2.661099566929134
 21
0.9720669291338583
 31
0
  0
LINE
  5
CB3
330
1A
100
AcDbEntity
  8
BLACK
  6
CONTINUOUS
100
AcDbLine
 10
2.661099566929134
 20
0.9720669291338583
 30
0
 11
2.6600845669291338
 21
0.9719491732283464
 31
0
  0
LINE
  5
CB4
330
1A
100
AcDbEntity
  8
BLACK
  6
CONTINUOUS
100
AcDbLine
 10
2.6600845669291338
 20
0.9719491732283464
 30
0
 11
2.66008437007874
 21
0.9719491338582676
 31
0
  0
LINE
  5
CB5
330
1A
100
AcDbEntity
  8
BLACK
  6
CONTINUOUS
100
AcDbLine
 10
2.66008437007874
 20
0.9719491338582676
 30
0
 11
2.6559304724409447
 21
0.9701149999999999
 31
0
  0
LINE
  5
CB6
330
1A
100
AcDbEntity
  8
BLACK
  6
CONTINUOUS
100
AcDbLine
 10
2.6559304724409447
 20
0.9701149999999999
 30
0
 11
2.6559303937007872
 21
0.9701149606299212
 31
0
  0
LINE
  5
CB7
330
1A
100
AcDbEntity
  8
BLACK
  6
CONTINUOUS
100
AcDbLine
 10
2.6559303937007872
 20
0.9701149606299212
 30
0
 11
2.6527196850393699
 21
0.9669042519685039
 31
0
  0
LINE
  5
CB8
330
1A
100
AcDbEntity
  8
BLACK
  6
CONTINUOUS
100
AcDbLine
 10
2.6527196850393699
 20
0.9669042519685039
 30
0
 11
2.6527196456692912
 21
0.9669041732283464
 31
0
  0
LINE
  5
CB9
330
1A
100
AcDbEntity
  8
BLACK
  6
CONTINUOUS
100
AcDbLine
 10
2.6527196456692912
 20
0.9669041732283464
 30
0
 11
2.6508855118110235
 21
0.9627502755905512
 31
0
  0
LINE
  5
CBA
330
1A
100
AcDbEntity
  8
BLACK
  6
CONTINUOUS
100
AcDbLine
 10
2.6508855118110235
 20
0.9627502755905512
 30
0
 11
2.6508854724409447
 21
0.9627500787401575
 31
0
  0
LINE
  5
CBB
330
1A
100
AcDbEntity
  8
BLACK
  6
CONTINUOUS
100
AcDbLine
 10
2.6508854724409447
 20
0.9627500787401575
 30
0
 11
2.6507677165354329
 21
0.9617350787401575
 31
0
  0
LINE
  5
CBC
330
1A
100
AcDbEntity
  8
BLACK
  6
CONTINUOUS
100
AcDbLine
 10
2.6507677165354329
 20
0.9617350787401575
 30
0
 11
2.6507677165354329
 21
0.8981074803149606
 31
0
  0
LINE
  5
CBD
330
1A
100
AcDbEntity
  8
BLACK
  6
CONTINUOUS
100
AcDbLine
 10
2.7507677165354329
 20
0.8981074803149606
 30
0
 11
2.7508854724409448
 21
0.8970924803149606
 31
0
  0
LINE
  5
CBE
330
1A
100
AcDbEntity
  8
BLACK
  6
CONTINUOUS
100
AcDbLine
 10
2.7508854724409448
 20
0.8970924803149606
 30
0
 11
2.7508855118110236
 21
0.8970922834645669
 31
0
  0
LINE
  5
CBF
330
1A
100
AcDbEntity
  8
BLACK
  6
CONTINUOUS
100
AcDbLine
 10
2.7508855118110236
 20
0.8970922834645669
 30
0
 11
2.7527196456692913
 21
0.8929383858267717
 31
0
  0
LINE
  5
CC0
330
1A
100
AcDbEntity
  8
BLACK
  6
CONTINUOUS
100
AcDbLine
 10
2.7527196456692913
 20
0.8929383858267717
 30
0
 11
2.75271968503937
 21
0.8929383070866141
 31
0
  0
LINE
  5
CC1
330
1A
100
AcDbEntity
  8
BLACK
  6
CONTINUOUS
100
AcDbLine
 10
2.75271968503937
 20
0.8929383070866141
 30
0
 11
2.7559303937007873
 21
0.8897275984251968
 31
0
  0
LINE
  5
CC2
330
1A
100
AcDbEntity
  8
BLACK
  6
CONTINUOUS
100
AcDbLine
 10
2.7559303937007873
 20
0.8897275984251968
 30
0
 11
2.7559304724409448
 21
0.8897275590551181
 31
0
  0
LINE
  5
CC3
330
1A
100
AcDbEntity
  8
BLACK
  6
CONTINUOUS
100
AcDbLine
 10
2.7559304724409448
 20
0.8897275590551181
 30
0
 11
2.7559305118110236
 21
0.8897275196850394
 31
0
  0
LINE
  5
CC4
330
1A
100
AcDbEntity
  8
BLACK
  6
CONTINUOUS
100
AcDbLine
 10
2.7559305118110236
 20
0.8897275196850394
 30
0
 11
2.7600844488188976
 21
0.8878933858267717
 31
0
  0
LINE
  5
CC5
330
1A
100
AcDbEntity
  8
BLACK
  6
CONTINUOUS
100
AcDbLine
 10
2.7600844488188976
 20
0.8878933858267717
 30
0
 11
2.7610996850393699
 21
0.8877756299212598
 31
0
  0
LINE
  5
CC6
330
1A
100
AcDbEntity
  8
BLACK
  6
CONTINUOUS
100
AcDbLine
 10
2.7610996850393699
 20
0.8877756299212598
 30
0
 11
2.7610998031496061
 21
0.887775590551181
 31
0
  0
LINE
  5
CC7
330
1A
100
AcDbEntity
  8
BLACK
  6
CONTINUOUS
100
AcDbLine
 10
2.7610998031496061
 20
0.887775590551181
 30
0
 11
2.7610998425196849
 21
0.887775590551181
 31
0
  0
LINE
  5
CC8
330
1A
100
AcDbEntity
  8
BLACK
  6
CONTINUOUS
100
AcDbLine
 10
2.7610998425196849
 20
0.887775590551181
 30
0
 11
2.8247269685039371
 21
0.887775590551181
 31
0
  0
LINE
  5
CC9
330
1A
100
AcDbEntity
  8
BLACK
  6
CONTINUOUS
100
AcDbLine
 10
2.8247269685039371
 20
0.887775590551181
 30
0
 11
2.8247270078740159
 21
0.8877756299212598
 31
0
  0
LINE
  5
CCA
330
1A
100
AcDbEntity
  8
BLACK
  6
CONTINUOUS
100
AcDbLine
 10
2.8247270078740159
 20
0.8877756299212598
 30
0
 11
2.8257423228346457
 21
0.8878933858267717
 31
0
  0
LINE
  5
CCB
330
1A
100
AcDbEntity
  8
BLACK
  6
CONTINUOUS
100
AcDbLine
 10
2.8257423228346457
 20
0.8878933858267717
 30
0
 11
2.8298962598425197
 21
0.8897275196850394
 31
0
  0
LINE
  5
CCC
330
1A
100
AcDbEntity
  8
BLACK
  6
CONTINUOUS
100
AcDbLine
 10
2.8298962598425197
 20
0.8897275196850394
 30
0
 11
2.833107125984252
 21
0.8929383858267717
 31
0
  0
LINE
  5
CCD
330
1A
100
AcDbEntity
  8
BLACK
  6
CONTINUOUS
100
AcDbLine
 10
2.833107125984252
 20
0.8929383858267717
 30
0
 11
2.8349412598425197
 21
0.8970923228346457
 31
0
  0
LINE
  5
CCE
330
1A
100
AcDbEntity
  8
BLACK
  6
CONTINUOUS
100
AcDbLine
 10
2.8349412598425197
 20
0.8970923228346457
 30
0
 11
2.8350590551181103
 21
0.8981077165354331
 31
0
  0
LINE
  5
CCF
330
1A
100
AcDbEntity
  8
BLACK
  6
CONTINUOUS
100
AcDbLine
 10
2.8350590551181103
 20
0.8981077165354331
 30
0
 11
2.8350590551181103
 21
0.9617348031496062
 31
0
  0
LINE
  5
CD0
330
1A
100
AcDbEntity
  8
BLACK
  6
CONTINUOUS
100
AcDbLine
 10
2.8350590551181103
 20
0.9617348031496062
 30
0
 11
2.8349412598425197
 21
0.9627501968503936
 31
0
  0
LINE
  5
CD1
330
1A
100
AcDbEntity
  8
BLACK
  6
CONTINUOUS
100
AcDbLine
 10
2.8349412598425197
 20
0.9627501968503936
 30
0
 11
2.833107125984252
 21
0.9669041338582677
 31
0
  0
LINE
  5
CD2
330
1A
100
AcDbEntity
  8
BLACK
  6
CONTINUOUS
100
AcDbLine
 10
2.833107125984252
 20
0.9669041338582677
 30
0
 11
2.8331070866141732
 21
0.9669041732283464
 31
0
  0
LINE
  5
CD3
330
1A
100
AcDbEntity
  8
BLACK
  6
CONTINUOUS
100
AcDbLine
 10
2.8331070866141732
 20
0.9669041732283464
 30
0
 11
2.8331070472440945
 21
0.9669042519685039
 31
0
  0
LINE
  5
CD4
330
1A
100
AcDbEntity
  8
BLACK
  6
CONTINUOUS
100
AcDbLine
 10
2.8331070472440945
 20
0.9669042519685039
 30
0
 11
2.8298963385826772
 21
0.9701149606299212
 31
0
  0
LINE
  5
CD5
330
1A
100
AcDbEntity
  8
BLACK
  6
CONTINUOUS
100
AcDbLine
 10
2.8298963385826772
 20
0.9701149606299212
 30
0
 11
2.8298962598425197
 21
0.9701149999999999
 31
0
  0
LINE
  5
CD6
330
1A
100
AcDbEntity
  8
BLACK
  6
CONTINUOUS
100
AcDbLine
 10
2.8298962598425197
 20
0.9701149999999999
 30
0
 11
2.8257423622047244
 21
0.9719491338582676
 31
0
  0
LINE
  5
CD7
330
1A
100
AcDbEntity
  8
BLACK
  6
CONTINUOUS
100
AcDbLine
 10
2.8257423622047244
 20
0.9719491338582676
 30
0
 11
2.8257421653543306
 21
0.9719491732283464
 31
0
  0
LINE
  5
CD8
330
1A
100
AcDbEntity
  8
BLACK
  6
CONTINUOUS
100
AcDbLine
 10
2.8257421653543306
 20
0.9719491732283464
 30
0
 11
2.8247271653543304
 21
0.9720669291338583
 31
0
  0
LINE
  5
CD9
330
1A
100
AcDbEntity
  8
BLACK
  6
CONTINUOUS
100
AcDbLine
 10
2.8247271653543304
 20
0.9720669291338583
 30
0
 11
2.8247269291338584
 21
0.9720669291338583
 31
0
  0
LINE
  5
CDA
330
1A
100
AcDbEntity
  8
BLACK
  6
CONTINUOUS
100
AcDbLine
 10
2.8247269291338584
 20
0.9720669291338583
 30
0
 11
2.7610998425196849
 21
0.9720669291338583
 31
0
  0
LINE
  5
CDB
330
1A
100
AcDbEntity
  8
BLACK
  6
CONTINUOUS
100
AcDbLine
 10
2.7610998425196849
 20
0.9720669291338583
 30
0
 11
2.7610995669291336
 21
0.9720669291338583
 31
0
  0
LINE
  5
CDC
330
1A
100
AcDbEntity
  8
BLACK
  6
CONTINUOUS
100
AcDbLine
 10
2.7610995669291336
 20
0.9720669291338583
 30
0
 11
2.7600845669291338
 21
0.9719491732283464
 31
0
  0
LINE
  5
CDD
330
1A
100
AcDbEntity
  8
BLACK
  6
CONTINUOUS
100
AcDbLine
 10
2.7600845669291338
 20
0.9719491732283464
 30
0
 11
2.7600843700787401
 21
0.9719491338582676
 31
0
  0
LINE
  5
CDE
330
1A
100
AcDbEntity
  8
BLACK
  6
CONTINUOUS
100
AcDbLine
 10
2.7600843700787401
 20
0.9719491338582676
 30
0
 11
2.7559304724409448
 21
0.9701149999999999
 31
0
  0
LINE
  5
CDF
330
1A
100
AcDbEntity
  8
BLACK
  6
CONTINUOUS
100
AcDbLine
 10
2.7559304724409448
 20
0.9701149999999999
 30
0
 11
2.7559303937007873
 21
0.9701149606299212
 31
0
  0
LINE
  5
CE0
330
1A
100
AcDbEntity
  8
BLACK
  6
CONTINUOUS
100
AcDbLine
 10
2.7559303937007873
 20
0.9701149606299212
 30
0
 11
2.75271968503937
 21
0.9669042519685039
 31
0
  0
LINE
  5
CE1
330
1A
100
AcDbEntity
  8
BLACK
  6
CONTINUOUS
100
AcDbLine
 10
2.75271968503937
 20
0.9669042519685039
 30
0
 11
2.7527196456692913
 21
0.9669041732283464
 31
0
  0
LINE
  5
CE2
330
1A
100
AcDbEntity
  8
BLACK
  6
CONTINUOUS
100
AcDbLine
 10
2.7527196456692913
 20
0.9669041732283464
 30
0
 11
2.7508855118110236
 21
0.9627502755905512
 31
0
  0
LINE
  5
CE3
330
1A
100
AcDbEntity
  8
BLACK
  6
CONTINUOUS
100
AcDbLine
 10
2.7508855118110236
 20
0.9627502755905512
 30
0
 11
2.7508854724409448
 21
0.9627500787401575
 31
0
  0
LINE
  5
CE4
330
1A
100
AcDbEntity
  8
BLACK
  6
CONTINUOUS
100
AcDbLine
 10
2.7508854724409448
 20
0.9627500787401575
 30
0
 11
2.7507677165354329
 21
0.9617350787401575
 31
0
  0
LINE
  5
CE5
330
1A
100
AcDbEntity
  8
BLACK
  6
CONTINUOUS
100
AcDbLine
 10
2.7507677165354329
 20
0.9617350787401575
 30
0
 11
2.7507677165354329
 21
0.8981074803149606
 31
0
  0
LINE
  5
CE6
330
1A
100
AcDbEntity
  8
BLACK
  6
CONTINUOUS
100
AcDbLine
 10
1.2847047244094487
 20
1.0260740551181102
 30
0
 11
1.2847047244094487
 21
1.0205794881889763
 31
0
  0
LINE
  5
CE7
330
1A
100
AcDbEntity
  8
BLACK
  6
CONTINUOUS
100
AcDbLine
 10
1.2847047244094487
 20
1.0205794881889763
 30
0
 11
1.2857766535433071
 21
1.0151904724409448
 31
0
  0
LINE
  5
CE8
330
1A
100
AcDbEntity
  8
BLACK
  6
CONTINUOUS
100
AcDbLine
 10
1.2857766535433071
 20
1.0151904724409448
 30
0
 11
1.2857766929133858
 21
1.0151903937007873
 31
0
  0
LINE
  5
CE9
330
1A
100
AcDbEntity
  8
BLACK
  6
CONTINUOUS
100
AcDbLine
 10
1.2857766929133858
 20
1.0151903937007873
 30
0
 11
1.2857767322834646
 21
1.0151901968503936
 31
0
  0
LINE
  5
CEA
330
1A
100
AcDbEntity
  8
BLACK
  6
CONTINUOUS
100
AcDbLine
 10
1.2857767322834646
 20
1.0151901968503936
 30
0
 11
1.2878792519685038
 21
1.0101143307086613
 31
0
  0
LINE
  5
CEB
330
1A
100
AcDbEntity
  8
BLACK
  6
CONTINUOUS
100
AcDbLine
 10
1.2878792519685038
 20
1.0101143307086613
 30
0
 11
1.2878793307086613
 21
1.0101141732283465
 31
0
  0
LINE
  5
CEC
330
1A
100
AcDbEntity
  8
BLACK
  6
CONTINUOUS
100
AcDbLine
 10
1.2878793307086613
 20
1.0101141732283465
 30
0
 11
1.2878793700787401
 21
1.0101141338582678
 31
0
  0
LINE
  5
CED
330
1A
100
AcDbEntity
  8
BLACK
  6
CONTINUOUS
100
AcDbLine
 10
1.2878793700787401
 20
1.0101141338582678
 30
0
 11
1.2909319685039369
 21
1.005545590551181
 31
0
  0
LINE
  5
CEE
330
1A
100
AcDbEntity
  8
BLACK
  6
CONTINUOUS
100
AcDbLine
 10
1.2909319685039369
 20
1.005545590551181
 30
0
 11
1.2948172440944881
 21
1.0016603149606298
 31
0
  0
LINE
  5
CEF
330
1A
100
AcDbEntity
  8
BLACK
  6
CONTINUOUS
100
AcDbLine
 10
1.2948172440944881
 20
1.0016603149606298
 30
0
 11
1.2987058267716536
 21
0.9990620472440944
 31
0
  0
LINE
  5
CF0
330
1A
100
AcDbEntity
  8
BLACK
  6
CONTINUOUS
100
AcDbLine
 10
1.2987058267716536
 20
0.9990620472440944
 30
0
 11
1.2993857874015748
 21
0.998607716535433
 31
0
  0
LINE
  5
CF1
330
1A
100
AcDbEntity
  8
BLACK
  6
CONTINUOUS
100
AcDbLine
 10
1.2993857874015748
 20
0.998607716535433
 30
0
 11
1.2993859448818896
 21
0.9986076377952756
 31
0
  0
LINE
  5
CF2
330
1A
100
AcDbEntity
  8
BLACK
  6
CONTINUOUS
100
AcDbLine
 10
1.2993859448818896
 20
0.9986076377952756
 30
0
 11
1.3044618110236219
 21
0.9965051181102362
 31
0
  0
LINE
  5
CF3
330
1A
100
AcDbEntity
  8
BLACK
  6
CONTINUOUS
100
AcDbLine
 10
1.3044618110236219
 20
0.9965051181102362
 30
0
 11
1.3044618503937007
 21
0.9965051181102362
 31
0
  0
LINE
  5
CF4
330
1A
100
AcDbEntity
  8
BLACK
  6
CONTINUOUS
100
AcDbLine
 10
1.3044618503937007
 20
0.9965051181102362
 30
0
 11
1.3044621259842519
 21
0.996505
 31
0
  0
LINE
  5
CF5
330
1A
100
AcDbEntity
  8
BLACK
  6
CONTINUOUS
100
AcDbLine
 10
1.3044621259842519
 20
0.996505
 30
0
 11
1.3091397637795275
 21
0.9955745669291338
 31
0
  0
LINE
  5
CF6
330
1A
100
AcDbEntity
  8
BLACK
  6
CONTINUOUS
100
AcDbLine
 10
1.3091397637795275
 20
0.9955745669291338
 30
0
 11
1.3095449212598425
 21
0.9954939763779528
 31
0
  0
LINE
  5
CF7
330
1A
100
AcDbEntity
  8
BLACK
  6
CONTINUOUS
100
AcDbLine
 10
1.3095449212598425
 20
0.9954939763779528
 30
0
 11
1.3120216535433071
 21
0.9941983858267717
 31
0
  0
LINE
  5
CF8
330
1A
100
AcDbEntity
  8
BLACK
  6
CONTINUOUS
100
AcDbLine
 10
1.3120216535433071
 20
0.9941983858267717
 30
0
 11
1.3120848031496062
 21
0.9941363385826771
 31
0
  0
LINE
  5
CF9
330
1A
100
AcDbEntity
  8
BLACK
  6
CONTINUOUS
100
AcDbLine
 10
1.3120848031496062
 20
0.9941363385826771
 30
0
 11
1.3472906299212599
 21
0.9589305118110236
 31
0
  0
LINE
  5
CFA
330
1A
100
AcDbEntity
  8
BLACK
  6
CONTINUOUS
100
AcDbLine
 10
1.3472906299212599
 20
0.9589305118110236
 30
0
 11
1.3472914566929133
 21
0.9589296062992125
 31
0
  0
LINE
  5
CFB
330
1A
100
AcDbEntity
  8
BLACK
  6
CONTINUOUS
100
AcDbLine
 10
1.3472914566929133
 20
0.9589296062992125
 30
0
 11
1.3513746456692912
 21
0.9548464173228346
 31
0
  0
LINE
  5
CFC
330
1A
100
AcDbEntity
  8
BLACK
  6
CONTINUOUS
100
AcDbLine
 10
1.3513746456692912
 20
0.9548464173228346
 30
0
 11
1.351374842519685
 21
0.9548462598425197
 31
0
  0
LINE
  5
CFD
330
1A
100
AcDbEntity
  8
BLACK
  6
CONTINUOUS
100
AcDbLine
 10
1.351374842519685
 20
0.9548462598425197
 30
0
 11
1.3513749212598425
 21
0.9548461811023622
 31
0
  0
LINE
  5
CFE
330
1A
100
AcDbEntity
  8
BLACK
  6
CONTINUOUS
100
AcDbLine
 10
1.3513749212598425
 20
0.9548461811023622
 30
0
 11
1.3538925590551181
 21
0.9533926377952756
 31
0
  0
LINE
  5
CFF
330
1A
100
AcDbEntity
  8
BLACK
  6
CONTINUOUS
100
AcDbLine
 10
1.3538925590551181
 20
0.9533926377952756
 30
0
 11
1.3561644881889763
 21
0.9520809448818898
 31
0
  0
LINE
  5
D00
330
1A
100
AcDbEntity
  8
BLACK
  6
CONTINUOUS
100
AcDbLine
 10
1.3561644881889763
 20
0.9520809448818898
 30
0
 11
1.3614169291338583
 21
0.9506735433070866
 31
0
  0
LINE
  5
D01
330
1A
100
AcDbEntity
  8
BLACK
  6
CONTINUOUS
100
AcDbLine
 10
1.3614169291338583
 20
0.9506735433070866
 30
0
 11
1.3615064173228346
 21
0.9506495669291338
 31
0
  0
LINE
  5
D02
330
1A
100
AcDbEntity
  8
BLACK
  6
CONTINUOUS
100
AcDbLine
 10
1.3615064173228346
 20
0.9506495669291338
 30
0
 11
1.3673407480314961
 21
0.9506495669291338
 31
0
  0
LINE
  5
D03
330
1A
100
AcDbEntity
  8
BLACK
  6
CONTINUOUS
100
AcDbLine
 10
1.3673407480314961
 20
0.9506495669291338
 30
0
 11
1.3673413779527559
 21
0.9506496062992126
 31
0
  0
LINE
  5
D04
330
1A
100
AcDbEntity
  8
BLACK
  6
CONTINUOUS
100
AcDbLine
 10
1.3673413779527559
 20
0.9506496062992126
 30
0
 11
1.4954705118110236
 21
0.9506496062992126
 31
0
  0
LINE
  5
D05
330
1A
100
AcDbEntity
  8
BLACK
  6
CONTINUOUS
100
AcDbLine
 10
1.4954705118110236
 20
0.9506496062992126
 30
0
 11
1.4981524409448819
 21
0.9498621259842519
 31
0
  0
LINE
  5
D06
330
1A
100
AcDbEntity
  8
BLACK
  6
CONTINUOUS
100
AcDbLine
 10
1.4981524409448819
 20
0.9498621259842519
 30
0
 11
1.4982264566929133
 21
0.9498135826771653
 31
0
  0
LINE
  5
D07
330
1A
100
AcDbEntity
  8
BLACK
  6
CONTINUOUS
100
AcDbLine
 10
1.4982264566929133
 20
0.9498135826771653
 30
0
 11
1.5025351968503937
 21
0.9469346062992126
 31
0
  0
LINE
  5
D08
330
1A
100
AcDbEntity
  8
BLACK
  6
CONTINUOUS
100
AcDbLine
 10
1.5025351968503937
 20
0.9469346062992126
 30
0
 11
1.5025355511811023
 21
0.9469344094488189
 31
0
  0
LINE
  5
D09
330
1A
100
AcDbEntity
  8
BLACK
  6
CONTINUOUS
100
AcDbLine
 10
1.5025355511811023
 20
0.9469344094488189
 30
0
 11
1.5076114173228345
 21
0.9448318897637795
 31
0
  0
LINE
  5
D0A
330
1A
100
AcDbEntity
  8
BLACK
  6
CONTINUOUS
100
AcDbLine
 10
1.5076114173228345
 20
0.9448318897637795
 30
0
 11
1.5076114566929133
 21
0.9448318897637795
 31
0
  0
LINE
  5
D0B
330
1A
100
AcDbEntity
  8
BLACK
  6
CONTINUOUS
100
AcDbLine
 10
1.5076114566929133
 20
0.9448318897637795
 30
0
 11
1.5076117322834646
 21
0.9448317716535433
 31
0
  0
LINE
  5
D0C
330
1A
100
AcDbEntity
  8
BLACK
  6
CONTINUOUS
100
AcDbLine
 10
1.5076117322834646
 20
0.9448317716535433
 30
0
 11
1.513000748031496
 21
0.943759842519685
 31
0
  0
LINE
  5
D0D
330
1A
100
AcDbEntity
  8
BLACK
  6
CONTINUOUS
100
AcDbLine
 10
1.513000748031496
 20
0.943759842519685
 30
0
 11
1.5130007874015747
 21
0.943759842519685
 31
0
  0
LINE
  5
D0E
330
1A
100
AcDbEntity
  8
BLACK
  6
CONTINUOUS
100
AcDbLine
 10
1.5130007874015747
 20
0.943759842519685
 30
0
 11
1.5184952755905512
 21
0.943759842519685
 31
0
  0
LINE
  5
D0F
330
1A
100
AcDbEntity
  8
BLACK
  6
CONTINUOUS
100
AcDbLine
 10
1.5184952755905512
 20
0.943759842519685
 30
0
 11
1.5184953149606299
 21
0.943759842519685
 31
0
  0
LINE
  5
D10
330
1A
100
AcDbEntity
  8
BLACK
  6
CONTINUOUS
100
AcDbLine
 10
1.5184953149606299
 20
0.943759842519685
 30
0
 11
1.5238843307086614
 21
0.9448317716535433
 31
0
  0
LINE
  5
D11
330
1A
100
AcDbEntity
  8
BLACK
  6
CONTINUOUS
100
AcDbLine
 10
1.5238843307086614
 20
0.9448317716535433
 30
0
 11
1.5289606692913384
 21
0.9469344881889764
 31
0
  0
LINE
  5
D12
330
1A
100
AcDbEntity
  8
BLACK
  6
CONTINUOUS
100
AcDbLine
 10
1.5289606692913384
 20
0.9469344881889764
 30
0
 11
1.5335292125984252
 21
0.9499870866141732
 31
0
  0
LINE
  5
D13
330
1A
100
AcDbEntity
  8
BLACK
  6
CONTINUOUS
100
AcDbLine
 10
1.5335292125984252
 20
0.9499870866141732
 30
0
 11
1.5374144881889764
 21
0.9538723622047244
 31
0
  0
LINE
  5
D14
330
1A
100
AcDbEntity
  8
BLACK
  6
CONTINUOUS
100
AcDbLine
 10
1.5374144881889764
 20
0.9538723622047244
 30
0
 11
1.5404670866141732
 21
0.958440905511811
 31
0
  0
LINE
  5
D15
330
1A
100
AcDbEntity
  8
BLACK
  6
CONTINUOUS
100
AcDbLine
 10
1.5404670866141732
 20
0.958440905511811
 30
0
 11
1.5425698031496062
 21
0.9635172440944881
 31
0
  0
LINE
  5
D16
330
1A
100
AcDbEntity
  8
BLACK
  6
CONTINUOUS
100
AcDbLine
 10
1.5425698031496062
 20
0.9635172440944881
 30
0
 11
1.5436417322834646
 21
0.9689062598425197
 31
0
  0
LINE
  5
D17
330
1A
100
AcDbEntity
  8
BLACK
  6
CONTINUOUS
100
AcDbLine
 10
1.5436417322834646
 20
0.9689062598425197
 30
0
 11
1.5436417322834646
 21
0.9744008267716535
 31
0
  0
LINE
  5
D18
330
1A
100
AcDbEntity
  8
BLACK
  6
CONTINUOUS
100
AcDbLine
 10
1.5436417322834646
 20
0.9744008267716535
 30
0
 11
1.5425698031496062
 21
0.979789842519685
 31
0
  0
LINE
  5
D19
330
1A
100
AcDbEntity
  8
BLACK
  6
CONTINUOUS
100
AcDbLine
 10
1.5425698031496062
 20
0.979789842519685
 30
0
 11
1.5404670866141732
 21
0.9848661811023622
 31
0
  0
LINE
  5
D1A
330
1A
100
AcDbEntity
  8
BLACK
  6
CONTINUOUS
100
AcDbLine
 10
1.5404670866141732
 20
0.9848661811023622
 30
0
 11
1.5374144881889764
 21
0.9894347244094488
 31
0
  0
LINE
  5
D1B
330
1A
100
AcDbEntity
  8
BLACK
  6
CONTINUOUS
100
AcDbLine
 10
1.5374144881889764
 20
0.9894347244094488
 30
0
 11
1.5335292125984252
 21
0.99332
 31
0
  0
LINE
  5
D1C
330
1A
100
AcDbEntity
  8
BLACK
  6
CONTINUOUS
100
AcDbLine
 10
1.5335292125984252
 20
0.99332
 30
0
 11
1.5298887401574803
 21
0.9957524803149606
 31
0
  0
LINE
  5
D1D
330
1A
100
AcDbEntity
  8
BLACK
  6
CONTINUOUS
100
AcDbLine
 10
1.5298887401574803
 20
0.9957524803149606
 30
0
 11
1.5289606299212599
 21
0.9963726377952755
 31
0
  0
LINE
  5
D1E
330
1A
100
AcDbEntity
  8
BLACK
  6
CONTINUOUS
100
AcDbLine
 10
1.5289606299212599
 20
0.9963726377952755
 30
0
 11
1.5289604724409449
 21
0.996372716535433
 31
0
  0
LINE
  5
D1F
330
1A
100
AcDbEntity
  8
BLACK
  6
CONTINUOUS
100
AcDbLine
 10
1.5289604724409449
 20
0.996372716535433
 30
0
 11
1.5238846062992126
 21
0.9984752362204724
 31
0
  0
LINE
  5
D20
330
1A
100
AcDbEntity
  8
BLACK
  6
CONTINUOUS
100
AcDbLine
 10
1.5238846062992126
 20
0.9984752362204724
 30
0
 11
1.5238844094488189
 21
0.9984752755905512
 31
0
  0
LINE
  5
D21
330
1A
100
AcDbEntity
  8
BLACK
  6
CONTINUOUS
100
AcDbLine
 10
1.5238844094488189
 20
0.9984752755905512
 30
0
 11
1.5238843307086614
 21
0.9984753149606299
 31
0
  0
LINE
  5
D22
330
1A
100
AcDbEntity
  8
BLACK
  6
CONTINUOUS
100
AcDbLine
 10
1.5238843307086614
 20
0.9984753149606299
 30
0
 11
1.5206276771653542
 21
0.9991231102362205
 31
0
  0
LINE
  5
D23
330
1A
100
AcDbEntity
  8
BLACK
  6
CONTINUOUS
100
AcDbLine
 10
1.5206276771653542
 20
0.9991231102362205
 30
0
 11
1.5184953937007875
 21
0.9995472440944881
 31
0
  0
LINE
  5
D24
330
1A
100
AcDbEntity
  8
BLACK
  6
CONTINUOUS
100
AcDbLine
 10
1.5184953937007875
 20
0.9995472440944881
 30
0
 11
1.5184953149606299
 21
0.9995472440944881
 31
0
  0
LINE
  5
D25
330
1A
100
AcDbEntity
  8
BLACK
  6
CONTINUOUS
100
AcDbLine
 10
1.5184953149606299
 20
0.9995472440944881
 30
0
 11
1.513000748031496
 21
0.9995472440944881
 31
0
  0
LINE
  5
D26
330
1A
100
AcDbEntity
  8
BLACK
  6
CONTINUOUS
100
AcDbLine
 10
1.513000748031496
 20
0.9995472440944881
 30
0
 11
1.5130006299212597
 21
0.9995472440944881
 31
0
  0
LINE
  5
D27
330
1A
100
AcDbEntity
  8
BLACK
  6
CONTINUOUS
100
AcDbLine
 10
1.5130006299212597
 20
0.9995472440944881
 30
0
 11
1.5105614566929133
 21
0.9990620472440944
 31
0
  0
LINE
  5
D28
330
1A
100
AcDbEntity
  8
BLACK
  6
CONTINUOUS
100
AcDbLine
 10
1.5105614566929133
 20
0.9990620472440944
 30
0
 11
1.5076117322834646
 21
0.9984753149606299
 31
0
  0
LINE
  5
D29
330
1A
100
AcDbEntity
  8
BLACK
  6
CONTINUOUS
100
AcDbLine
 10
1.5076117322834646
 20
0.9984753149606299
 30
0
 11
1.5076116535433071
 21
0.9984753149606299
 31
0
  0
LINE
  5
D2A
330
1A
100
AcDbEntity
  8
BLACK
  6
CONTINUOUS
100
AcDbLine
 10
1.5076116535433071
 20
0.9984753149606299
 30
0
 11
1.5076114173228345
 21
0.9984752362204724
 31
0
  0
LINE
  5
D2B
330
1A
100
AcDbEntity
  8
BLACK
  6
CONTINUOUS
100
AcDbLine
 10
1.5076114173228345
 20
0.9984752362204724
 30
0
 11
1.5025355511811023
 21
0.996372716535433
 31
0
  0
LINE
  5
D2C
330
1A
100
AcDbEntity
  8
BLACK
  6
CONTINUOUS
100
AcDbLine
 10
1.5025355511811023
 20
0.996372716535433
 30
0
 11
1.5025351968503937
 21
0.9963725196850394
 31
0
  0
LINE
  5
D2D
330
1A
100
AcDbEntity
  8
BLACK
  6
CONTINUOUS
100
AcDbLine
 10
1.5025351968503937
 20
0.9963725196850394
 30
0
 11
1.4982264566929133
 21
0.9934935039370079
 31
0
  0
LINE
  5
D2E
330
1A
100
AcDbEntity
  8
BLACK
  6
CONTINUOUS
100
AcDbLine
 10
1.4982264566929133
 20
0.9934935039370079
 30
0
 11
1.4955590551181102
 21
0.9926582677165354
 31
0
  0
LINE
  5
D2F
330
1A
100
AcDbEntity
  8
BLACK
  6
CONTINUOUS
100
AcDbLine
 10
1.4955590551181102
 20
0.9926582677165354
 30
0
 11
1.4954705118110236
 21
0.9926574803149606
 31
0
  0
LINE
  5
D30
330
1A
100
AcDbEntity
  8
BLACK
  6
CONTINUOUS
100
AcDbLine
 10
1.4954705118110236
 20
0.9926574803149606
 30
0
 11
1.3750264960629921
 21
0.9926574803149606
 31
0
  0
LINE
  5
D31
330
1A
100
AcDbEntity
  8
BLACK
  6
CONTINUOUS
100
AcDbLine
 10
1.3750264960629921
 20
0.9926574803149606
 30
0
 11
1.3723445669291339
 21
0.9934449606299213
 31
0
  0
LINE
  5
D32
330
1A
100
AcDbEntity
  8
BLACK
  6
CONTINUOUS
100
AcDbLine
 10
1.3723445669291339
 20
0.9934449606299213
 30
0
 11
1.3715188188976377
 21
0.9941104330708661
 31
0
  0
LINE
  5
D33
330
1A
100
AcDbEntity
  8
BLACK
  6
CONTINUOUS
100
AcDbLine
 10
1.3715188188976377
 20
0.9941104330708661
 30
0
 11
1.3417888582677164
 21
1.0238403937007874
 31
0
  0
LINE
  5
D34
330
1A
100
AcDbEntity
  8
BLACK
  6
CONTINUOUS
100
AcDbLine
 10
1.3417888582677164
 20
1.0238403937007874
 30
0
 11
1.3404492519685038
 21
1.0262936220472441
 31
0
  0
LINE
  5
D35
330
1A
100
AcDbEntity
  8
BLACK
  6
CONTINUOUS
100
AcDbLine
 10
1.3404492519685038
 20
1.0262936220472441
 30
0
 11
1.3404312204724409
 21
1.0263802755905511
 31
0
  0
LINE
  5
D36
330
1A
100
AcDbEntity
  8
BLACK
  6
CONTINUOUS
100
AcDbLine
 10
1.3404312204724409
 20
1.0263802755905511
 30
0
 11
1.3403506299212598
 21
1.0267854330708661
 31
0
  0
LINE
  5
D37
330
1A
100
AcDbEntity
  8
BLACK
  6
CONTINUOUS
100
AcDbLine
 10
1.3403506299212598
 20
1.0267854330708661
 30
0
 11
1.3394201968503936
 21
1.0314630708661416
 31
0
  0
LINE
  5
D38
330
1A
100
AcDbEntity
  8
BLACK
  6
CONTINUOUS
100
AcDbLine
 10
1.3394201968503936
 20
1.0314630708661416
 30
0
 11
1.3389845275590551
 21
1.0325148425196851
 31
0
  0
LINE
  5
D39
330
1A
100
AcDbEntity
  8
BLACK
  6
CONTINUOUS
100
AcDbLine
 10
1.3389845275590551
 20
1.0325148425196851
 30
0
 11
1.3373175590551181
 21
1.0365392519685039
 31
0
  0
LINE
  5
D3A
330
1A
100
AcDbEntity
  8
BLACK
  6
CONTINUOUS
100
AcDbLine
 10
1.3373175590551181
 20
1.0365392519685039
 30
0
 11
1.3373174803149606
 21
1.0365394094488189
 31
0
  0
LINE
  5
D3B
330
1A
100
AcDbEntity
  8
BLACK
  6
CONTINUOUS
100
AcDbLine
 10
1.3373174803149606
 20
1.0365394094488189
 30
0
 11
1.3363352755905511
 21
1.0380093700787401
 31
0
  0
LINE
  5
D3C
330
1A
100
AcDbEntity
  8
BLACK
  6
CONTINUOUS
100
AcDbLine
 10
1.3363352755905511
 20
1.0380093700787401
 30
0
 11
1.3342648818897638
 21
1.0411079527559055
 31
0
  0
LINE
  5
D3D
330
1A
100
AcDbEntity
  8
BLACK
  6
CONTINUOUS
100
AcDbLine
 10
1.3342648818897638
 20
1.0411079527559055
 30
0
 11
1.3303796062992126
 21
1.0449932283464567
 31
0
  0
LINE
  5
D3E
330
1A
100
AcDbEntity
  8
BLACK
  6
CONTINUOUS
100
AcDbLine
 10
1.3303796062992126
 20
1.0449932283464567
 30
0
 11
1.325811062992126
 21
1.0480458267716535
 31
0
  0
LINE
  5
D3F
330
1A
100
AcDbEntity
  8
BLACK
  6
CONTINUOUS
100
AcDbLine
 10
1.325811062992126
 20
1.0480458267716535
 30
0
 11
1.3258111023622048
 21
1.0480458267716535
 31
0
  0
LINE
  5
D40
330
1A
100
AcDbEntity
  8
BLACK
  6
CONTINUOUS
100
AcDbLine
 10
1.3258111023622048
 20
1.0480458267716535
 30
0
 11
1.3258110236220473
 21
1.0480458661417322
 31
0
  0
LINE
  5
D41
330
1A
100
AcDbEntity
  8
BLACK
  6
CONTINUOUS
100
AcDbLine
 10
1.3258110236220473
 20
1.0480458661417322
 30
0
 11
1.3258108661417323
 21
1.0480459448818897
 31
0
  0
LINE
  5
D42
330
1A
100
AcDbEntity
  8
BLACK
  6
CONTINUOUS
100
AcDbLine
 10
1.3258108661417323
 20
1.0480459448818897
 30
0
 11
1.320735
 21
1.050148464566929
 31
0
  0
LINE
  5
D43
330
1A
100
AcDbEntity
  8
BLACK
  6
CONTINUOUS
100
AcDbLine
 10
1.320735
 20
1.050148464566929
 30
0
 11
1.3207348031496062
 21
1.0501485039370078
 31
0
  0
LINE
  5
D44
330
1A
100
AcDbEntity
  8
BLACK
  6
CONTINUOUS
100
AcDbLine
 10
1.3207348031496062
 20
1.0501485039370078
 30
0
 11
1.3207347244094487
 21
1.0501485433070865
 31
0
  0
LINE
  5
D45
330
1A
100
AcDbEntity
  8
BLACK
  6
CONTINUOUS
100
AcDbLine
 10
1.3207347244094487
 20
1.0501485433070865
 30
0
 11
1.3171057086614173
 21
1.0508703937007873
 31
0
  0
LINE
  5
D46
330
1A
100
AcDbEntity
  8
BLACK
  6
CONTINUOUS
100
AcDbLine
 10
1.3171057086614173
 20
1.0508703937007873
 30
0
 11
1.3153457874015748
 21
1.0512204724409449
 31
0
  0
LINE
  5
D47
330
1A
100
AcDbEntity
  8
BLACK
  6
CONTINUOUS
100
AcDbLine
 10
1.3153457874015748
 20
1.0512204724409449
 30
0
 11
1.3153457086614173
 21
1.0512204724409449
 31
0
  0
LINE
  5
D48
330
1A
100
AcDbEntity
  8
BLACK
  6
CONTINUOUS
100
AcDbLine
 10
1.3153457086614173
 20
1.0512204724409449
 30
0
 11
1.3098511417322833
 21
1.0512204724409449
 31
0
  0
LINE
  5
D49
330
1A
100
AcDbEntity
  8
BLACK
  6
CONTINUOUS
100
AcDbLine
 10
1.3098511417322833
 20
1.0512204724409449
 30
0
 11
1.3098510236220473
 21
1.0512204724409449
 31
0
  0
LINE
  5
D4A
330
1A
100
AcDbEntity
  8
BLACK
  6
CONTINUOUS
100
AcDbLine
 10
1.3098510236220473
 20
1.0512204724409449
 30
0
 11
1.3073768110236219
 21
1.0507283070866142
 31
0
  0
LINE
  5
D4B
330
1A
100
AcDbEntity
  8
BLACK
  6
CONTINUOUS
100
AcDbLine
 10
1.3073768110236219
 20
1.0507283070866142
 30
0
 11
1.3044621259842519
 21
1.0501485433070865
 31
0
  0
LINE
  5
D4C
330
1A
100
AcDbEntity
  8
BLACK
  6
CONTINUOUS
100
AcDbLine
 10
1.3044621259842519
 20
1.0501485433070865
 30
0
 11
1.3044620472440944
 21
1.0501485433070865
 31
0
  0
LINE
  5
D4D
330
1A
100
AcDbEntity
  8
BLACK
  6
CONTINUOUS
100
AcDbLine
 10
1.3044620472440944
 20
1.0501485433070865
 30
0
 11
1.3044618110236219
 21
1.050148464566929
 31
0
  0
LINE
  5
D4E
330
1A
100
AcDbEntity
  8
BLACK
  6
CONTINUOUS
100
AcDbLine
 10
1.3044618110236219
 20
1.050148464566929
 30
0
 11
1.2993859448818896
 21
1.0480459448818897
 31
0
  0
LINE
  5
D4F
330
1A
100
AcDbEntity
  8
BLACK
  6
CONTINUOUS
100
AcDbLine
 10
1.2993859448818896
 20
1.0480459448818897
 30
0
 11
1.2993857874015748
 21
1.0480458661417322
 31
0
  0
LINE
  5
D50
330
1A
100
AcDbEntity
  8
BLACK
  6
CONTINUOUS
100
AcDbLine
 10
1.2993857874015748
 20
1.0480458661417322
 30
0
 11
1.2948174015748031
 21
1.044993346456693
 31
0
  0
LINE
  5
D51
330
1A
100
AcDbEntity
  8
BLACK
  6
CONTINUOUS
100
AcDbLine
 10
1.2948174015748031
 20
1.044993346456693
 30
0
 11
1.294817125984252
 21
1.0449931496062992
 31
0
  0
LINE
  5
D52
330
1A
100
AcDbEntity
  8
BLACK
  6
CONTINUOUS
100
AcDbLine
 10
1.294817125984252
 20
1.0449931496062992
 30
0
 11
1.2909320472440944
 21
1.0411080708661418
 31
0
  0
LINE
  5
D53
330
1A
100
AcDbEntity
  8
BLACK
  6
CONTINUOUS
100
AcDbLine
 10
1.2909320472440944
 20
1.0411080708661418
 30
0
 11
1.2909318503937008
 21
1.0411077952755905
 31
0
  0
LINE
  5
D54
330
1A
100
AcDbEntity
  8
BLACK
  6
CONTINUOUS
100
AcDbLine
 10
1.2909318503937008
 20
1.0411077952755905
 30
0
 11
1.2878793307086613
 21
1.0365394094488189
 31
0
  0
LINE
  5
D55
330
1A
100
AcDbEntity
  8
BLACK
  6
CONTINUOUS
100
AcDbLine
 10
1.2878793307086613
 20
1.0365394094488189
 30
0
 11
1.2878792519685038
 21
1.0365392519685039
 31
0
  0
LINE
  5
D56
330
1A
100
AcDbEntity
  8
BLACK
  6
CONTINUOUS
100
AcDbLine
 10
1.2878792519685038
 20
1.0365392519685039
 30
0
 11
1.2857767322834646
 21
1.0314633858267717
 31
0
  0
LINE
  5
D57
330
1A
100
AcDbEntity
  8
BLACK
  6
CONTINUOUS
100
AcDbLine
 10
1.2857767322834646
 20
1.0314633858267717
 30
0
 11
1.2857766535433071
 21
1.0314631496062991
 31
0
  0
LINE
  5
D58
330
1A
100
AcDbEntity
  8
BLACK
  6
CONTINUOUS
100
AcDbLine
 10
1.2857766535433071
 20
1.0314631496062991
 30
0
 11
1.2857766535433071
 21
1.0314630708661416
 31
0
  0
LINE
  5
D59
330
1A
100
AcDbEntity
  8
BLACK
  6
CONTINUOUS
100
AcDbLine
 10
1.2857766535433071
 20
1.0314630708661416
 30
0
 11
1.2853409448818898
 21
1.0292726771653542
 31
0
  0
LINE
  5
D5A
330
1A
100
AcDbEntity
  8
BLACK
  6
CONTINUOUS
100
AcDbLine
 10
1.2853409448818898
 20
1.0292726771653542
 30
0
 11
1.2847047244094487
 21
1.0260741732283465
 31
0
  0
LINE
  5
D5B
330
1A
100
AcDbEntity
  8
BLACK
  6
CONTINUOUS
100
AcDbLine
 10
1.2847047244094487
 20
1.0260741732283465
 30
0
 11
1.2847047244094487
 21
1.0260740551181102
 31
0
  0
LINE
  5
D5C
330
1A
100
AcDbEntity
  8
BLACK
  6
CONTINUOUS
100
AcDbLine
 10
2.2665318897637796
 20
1.1770029527559054
 30
0
 11
2.2669092519685039
 21
1.1751057874015747
 31
0
  0
LINE
  5
D5D
330
1A
100
AcDbEntity
  8
BLACK
  6
CONTINUOUS
100
AcDbLine
 10
2.2669092519685039
 20
1.1751057874015747
 30
0
 11
2.267603818897638
 21
1.1716140157480315
 31
0
  0
LINE
  5
D5E
330
1A
100
AcDbEntity
  8
BLACK
  6
CONTINUOUS
100
AcDbLine
 10
2.267603818897638
 20
1.1716140157480315
 30
0
 11
2.2676038582677163
 21
1.171613937007874
 31
0
  0
LINE
  5
D5F
330
1A
100
AcDbEntity
  8
BLACK
  6
CONTINUOUS
100
AcDbLine
 10
2.2676038582677163
 20
1.171613937007874
 30
0
 11
2.267603897637795
 21
1.1716137401574802
 31
0
  0
LINE
  5
D60
330
1A
100
AcDbEntity
  8
BLACK
  6
CONTINUOUS
100
AcDbLine
 10
2.267603897637795
 20
1.1716137401574802
 30
0
 11
2.2697064173228347
 21
1.1665378740157479
 31
0
  0
LINE
  5
D61
330
1A
100
AcDbEntity
  8
BLACK
  6
CONTINUOUS
100
AcDbLine
 10
2.2697064173228347
 20
1.1665378740157479
 30
0
 11
2.2697064960629922
 21
1.1665377165354331
 31
0
  0
LINE
  5
D62
330
1A
100
AcDbEntity
  8
BLACK
  6
CONTINUOUS
100
AcDbLine
 10
2.2697064960629922
 20
1.1665377165354331
 30
0
 11
2.269706535433071
 21
1.1665376771653544
 31
0
  0
LINE
  5
D63
330
1A
100
AcDbEntity
  8
BLACK
  6
CONTINUOUS
100
AcDbLine
 10
2.269706535433071
 20
1.1665376771653544
 30
0
 11
2.2727591338582678
 21
1.1619691338582676
 31
0
  0
LINE
  5
D64
330
1A
100
AcDbEntity
  8
BLACK
  6
CONTINUOUS
100
AcDbLine
 10
2.2727591338582678
 20
1.1619691338582676
 30
0
 11
2.276644409448819
 21
1.1580838582677164
 31
0
  0
LINE
  5
D65
330
1A
100
AcDbEntity
  8
BLACK
  6
CONTINUOUS
100
AcDbLine
 10
2.276644409448819
 20
1.1580838582677164
 30
0
 11
2.2786310236220473
 21
1.1567564566929134
 31
0
  0
LINE
  5
D66
330
1A
100
AcDbEntity
  8
BLACK
  6
CONTINUOUS
100
AcDbLine
 10
2.2786310236220473
 20
1.1567564566929134
 30
0
 11
2.2812129527559053
 21
1.1550312598425196
 31
0
  0
LINE
  5
D67
330
1A
100
AcDbEntity
  8
BLACK
  6
CONTINUOUS
100
AcDbLine
 10
2.2812129527559053
 20
1.1550312598425196
 30
0
 11
2.2812131102362203
 21
1.1550311811023621
 31
0
  0
LINE
  5
D68
330
1A
100
AcDbEntity
  8
BLACK
  6
CONTINUOUS
100
AcDbLine
 10
2.2812131102362203
 20
1.1550311811023621
 30
0
 11
2.2862889763779526
 21
1.1529286614173229
 31
0
  0
LINE
  5
D69
330
1A
100
AcDbEntity
  8
BLACK
  6
CONTINUOUS
100
AcDbLine
 10
2.2862889763779526
 20
1.1529286614173229
 30
0
 11
2.2862890157480313
 21
1.1529286614173229
 31
0
  0
LINE
  5
D6A
330
1A
100
AcDbEntity
  8
BLACK
  6
CONTINUOUS
100
AcDbLine
 10
2.2862890157480313
 20
1.1529286614173229
 30
0
 11
2.2862892913385826
 21
1.1529285433070866
 31
0
  0
LINE
  5
D6B
330
1A
100
AcDbEntity
  8
BLACK
  6
CONTINUOUS
100
AcDbLine
 10
2.2862892913385826
 20
1.1529285433070866
 30
0
 11
2.291678307086614
 21
1.1518566141732283
 31
0
  0
LINE
  5
D6C
330
1A
100
AcDbEntity
  8
BLACK
  6
CONTINUOUS
100
AcDbLine
 10
2.291678307086614
 20
1.1518566141732283
 30
0
 11
2.2916783464566928
 21
1.1518566141732283
 31
0
  0
LINE
  5
D6D
330
1A
100
AcDbEntity
  8
BLACK
  6
CONTINUOUS
100
AcDbLine
 10
2.2916783464566928
 20
1.1518566141732283
 30
0
 11
2.2934341732283463
 21
1.1518566141732283
 31
0
  0
LINE
  5
D6E
330
1A
100
AcDbEntity
  8
BLACK
  6
CONTINUOUS
100
AcDbLine
 10
2.2934341732283463
 20
1.1518566141732283
 30
0
 11
2.2961161023622045
 21
1.1510691338582677
 31
0
  0
LINE
  5
D6F
330
1A
100
AcDbEntity
  8
BLACK
  6
CONTINUOUS
100
AcDbLine
 10
2.2961161023622045
 20
1.1510691338582677
 30
0
 11
2.2979465354330708
 21
1.1489566929133859
 31
0
  0
LINE
  5
D70
330
1A
100
AcDbEntity
  8
BLACK
  6
CONTINUOUS
100
AcDbLine
 10
2.2979465354330708
 20
1.1489566929133859
 30
0
 11
2.2983948031496064
 21
1.1468959842519684
 31
0
  0
LINE
  5
D71
330
1A
100
AcDbEntity
  8
BLACK
  6
CONTINUOUS
100
AcDbLine
 10
2.2983948031496064
 20
1.1468959842519684
 30
0
 11
2.2983948031496064
 21
1.1449585826771653
 31
0
  0
LINE
  5
D72
330
1A
100
AcDbEntity
  8
BLACK
  6
CONTINUOUS
100
AcDbLine
 10
2.2983948031496064
 20
1.1449585826771653
 30
0
 11
2.2987509842519684
 21
1.1431679921259843
 31
0
  0
LINE
  5
D73
330
1A
100
AcDbEntity
  8
BLACK
  6
CONTINUOUS
100
AcDbLine
 10
2.2987509842519684
 20
1.1431679921259843
 30
0
 11
2.2994298031496063
 21
1.1397552755905511
 31
0
  0
LINE
  5
D74
330
1A
100
AcDbEntity
  8
BLACK
  6
CONTINUOUS
100
AcDbLine
 10
2.2994298031496063
 20
1.1397552755905511
 30
0
 11
2.2994667716535431
 21
1.1395695275590552
 31
0
  0
LINE
  5
D75
330
1A
100
AcDbEntity
  8
BLACK
  6
CONTINUOUS
100
AcDbLine
 10
2.2994667716535431
 20
1.1395695275590552
 30
0
 11
2.3006113779527557
 21
1.1368062598425197
 31
0
  0
LINE
  5
D76
330
1A
100
AcDbEntity
  8
BLACK
  6
CONTINUOUS
100
AcDbLine
 10
2.3006113779527557
 20
1.1368062598425197
 30
0
 11
2.300910157480315
 21
1.134027125984252
 31
0
  0
LINE
  5
D77
330
1A
100
AcDbEntity
  8
BLACK
  6
CONTINUOUS
100
AcDbLine
 10
2.300910157480315
 20
1.134027125984252
 30
0
 11
2.2996590157480314
 21
1.1315276377952757
 31
0
  0
LINE
  5
D78
330
1A
100
AcDbEntity
  8
BLACK
  6
CONTINUOUS
100
AcDbLine
 10
2.2996590157480314
 20
1.1315276377952757
 30
0
 11
2.297926811023622
 21
1.1303249212598425
 31
0
  0
LINE
  5
D79
330
1A
100
AcDbEntity
  8
BLACK
  6
CONTINUOUS
100
AcDbLine
 10
2.297926811023622
 20
1.1303249212598425
 30
0
 11
2.2953861811023621
 21
1.1292725196850393
 31
0
  0
LINE
  5
D7A
330
1A
100
AcDbEntity
  8
BLACK
  6
CONTINUOUS
100
AcDbLine
 10
2.2953861811023621
 20
1.1292725196850393
 30
0
 11
2.2953861023622046
 21
1.1292724803149605
 31
0
  0
LINE
  5
D7B
330
1A
100
AcDbEntity
  8
BLACK
  6
CONTINUOUS
100
AcDbLine
 10
2.2953861023622046
 20
1.1292724803149605
 30
0
 11
2.2908177952755904
 21
1.1262200393700788
 31
0
  0
LINE
  5
D7C
330
1A
100
AcDbEntity
  8
BLACK
  6
CONTINUOUS
100
AcDbLine
 10
2.2908177952755904
 20
1.1262200393700788
 30
0
 11
2.2908175196850391
 21
1.126219842519685
 31
0
  0
LINE
  5
D7D
330
1A
100
AcDbEntity
  8
BLACK
  6
CONTINUOUS
100
AcDbLine
 10
2.2908175196850391
 20
1.126219842519685
 30
0
 11
2.2869324409448817
 21
1.1223347637795276
 31
0
  0
LINE
  5
D7E
330
1A
100
AcDbEntity
  8
BLACK
  6
CONTINUOUS
100
AcDbLine
 10
2.2869324409448817
 20
1.1223347637795276
 30
0
 11
2.2869322440944879
 21
1.1223344881889763
 31
0
  0
LINE
  5
D7F
330
1A
100
AcDbEntity
  8
BLACK
  6
CONTINUOUS
100
AcDbLine
 10
2.2869322440944879
 20
1.1223344881889763
 30
0
 11
2.2838797244094486
 21
1.1177661023622047
 31
0
  0
LINE
  5
D80
330
1A
100
AcDbEntity
  8
BLACK
  6
CONTINUOUS
100
AcDbLine
 10
2.2838797244094486
 20
1.1177661023622047
 30
0
 11
2.2838796456692911
 21
1.1177659448818897
 31
0
  0
LINE
  5
D81
330
1A
100
AcDbEntity
  8
BLACK
  6
CONTINUOUS
100
AcDbLine
 10
2.2838796456692911
 20
1.1177659448818897
 30
0
 11
2.2817771259842519
 21
1.1126900787401575
 31
0
  0
LINE
  5
D82
330
1A
100
AcDbEntity
  8
BLACK
  6
CONTINUOUS
100
AcDbLine
 10
2.2817771259842519
 20
1.1126900787401575
 30
0
 11
2.2817771259842519
 21
1.11269
 31
0
  0
LINE
  5
D83
330
1A
100
AcDbEntity
  8
BLACK
  6
CONTINUOUS
100
AcDbLine
 10
2.2817771259842519
 20
1.11269
 30
0
 11
2.2817770472440944
 21
1.1126897637795274
 31
0
  0
LINE
  5
D84
330
1A
100
AcDbEntity
  8
BLACK
  6
CONTINUOUS
100
AcDbLine
 10
2.2817770472440944
 20
1.1126897637795274
 30
0
 11
2.2814477165354332
 21
1.1110341338582677
 31
0
  0
LINE
  5
D85
330
1A
100
AcDbEntity
  8
BLACK
  6
CONTINUOUS
100
AcDbLine
 10
2.2814477165354332
 20
1.1110341338582677
 30
0
 11
2.280705118110236
 21
1.1073008661417323
 31
0
  0
LINE
  5
D86
330
1A
100
AcDbEntity
  8
BLACK
  6
CONTINUOUS
100
AcDbLine
 10
2.280705118110236
 20
1.1073008661417323
 30
0
 11
2.280705118110236
 21
1.1018061023622048
 31
0
  0
LINE
  5
D87
330
1A
100
AcDbEntity
  8
BLACK
  6
CONTINUOUS
100
AcDbLine
 10
2.280705118110236
 20
1.1018061023622048
 30
0
 11
2.2807983858267717
 21
1.1013372834645669
 31
0
  0
LINE
  5
D88
330
1A
100
AcDbEntity
  8
BLACK
  6
CONTINUOUS
100
AcDbLine
 10
2.2807983858267717
 20
1.1013372834645669
 30
0
 11
2.2817770472440944
 21
1.0964171653543306
 31
0
  0
LINE
  5
D89
330
1A
100
AcDbEntity
  8
BLACK
  6
CONTINUOUS
100
AcDbLine
 10
2.2817770472440944
 20
1.0964171653543306
 30
0
 11
2.2817770866141731
 21
1.0964170866141731
 31
0
  0
LINE
  5
D8A
330
1A
100
AcDbEntity
  8
BLACK
  6
CONTINUOUS
100
AcDbLine
 10
2.2817770866141731
 20
1.0964170866141731
 30
0
 11
2.2817771259842519
 21
1.0964168897637796
 31
0
  0
LINE
  5
D8B
330
1A
100
AcDbEntity
  8
BLACK
  6
CONTINUOUS
100
AcDbLine
 10
2.2817771259842519
 20
1.0964168897637796
 30
0
 11
2.2838796456692911
 21
1.0913410236220473
 31
0
  0
LINE
  5
D8C
330
1A
100
AcDbEntity
  8
BLACK
  6
CONTINUOUS
100
AcDbLine
 10
2.2838796456692911
 20
1.0913410236220473
 30
0
 11
2.2838797244094486
 21
1.0913408661417323
 31
0
  0
LINE
  5
D8D
330
1A
100
AcDbEntity
  8
BLACK
  6
CONTINUOUS
100
AcDbLine
 10
2.2838797244094486
 20
1.0913408661417323
 30
0
 11
2.2853853937007873
 21
1.0890874803149606
 31
0
  0
LINE
  5
D8E
330
1A
100
AcDbEntity
  8
BLACK
  6
CONTINUOUS
100
AcDbLine
 10
2.2853853937007873
 20
1.0890874803149606
 30
0
 11
2.2869323622047242
 21
1.086772283464567
 31
0
  0
LINE
  5
D8F
330
1A
100
AcDbEntity
  8
BLACK
  6
CONTINUOUS
100
AcDbLine
 10
2.2869323622047242
 20
1.086772283464567
 30
0
 11
2.2908176377952754
 21
1.0828870078740158
 31
0
  0
LINE
  5
D90
330
1A
100
AcDbEntity
  8
BLACK
  6
CONTINUOUS
100
AcDbLine
 10
2.2908176377952754
 20
1.0828870078740158
 30
0
 11
2.2943373228346458
 21
1.0805352362204723
 31
0
  0
LINE
  5
D91
330
1A
100
AcDbEntity
  8
BLACK
  6
CONTINUOUS
100
AcDbLine
 10
2.2943373228346458
 20
1.0805352362204723
 30
0
 11
2.2953861811023621
 21
1.0798344094488188
 31
0
  0
LINE
  5
D92
330
1A
100
AcDbEntity
  8
BLACK
  6
CONTINUOUS
100
AcDbLine
 10
2.2953861811023621
 20
1.0798344094488188
 30
0
 11
2.2953863385826772
 21
1.0798343307086613
 31
0
  0
LINE
  5
D93
330
1A
100
AcDbEntity
  8
BLACK
  6
CONTINUOUS
100
AcDbLine
 10
2.2953863385826772
 20
1.0798343307086613
 30
0
 11
2.3004622047244094
 21
1.077731811023622
 31
0
  0
LINE
  5
D94
330
1A
100
AcDbEntity
  8
BLACK
  6
CONTINUOUS
100
AcDbLine
 10
2.3004622047244094
 20
1.077731811023622
 30
0
 11
2.3004622440944882
 21
1.077731811023622
 31
0
  0
LINE
  5
D95
330
1A
100
AcDbEntity
  8
BLACK
  6
CONTINUOUS
100
AcDbLine
 10
2.3004622440944882
 20
1.077731811023622
 30
0
 11
2.3004625196850395
 21
1.0777316929133858
 31
0
  0
LINE
  5
D96
330
1A
100
AcDbEntity
  8
BLACK
  6
CONTINUOUS
100
AcDbLine
 10
2.3004625196850395
 20
1.0777316929133858
 30
0
 11
2.3051401574803148
 21
1.0768012598425196
 31
0
  0
LINE
  5
D97
330
1A
100
AcDbEntity
  8
BLACK
  6
CONTINUOUS
100
AcDbLine
 10
2.3051401574803148
 20
1.0768012598425196
 30
0
 11
2.30554531496063
 21
1.0767206692913385
 31
0
  0
LINE
  5
D98
330
1A
100
AcDbEntity
  8
BLACK
  6
CONTINUOUS
100
AcDbLine
 10
2.30554531496063
 20
1.0767206692913385
 30
0
 11
2.3080220472440947
 21
1.0754250787401574
 31
0
  0
LINE
  5
D99
330
1A
100
AcDbEntity
  8
BLACK
  6
CONTINUOUS
100
AcDbLine
 10
2.3080220472440947
 20
1.0754250787401574
 30
0
 11
2.3080851968503935
 21
1.0753630314960629
 31
0
  0
LINE
  5
D9A
330
1A
100
AcDbEntity
  8
BLACK
  6
CONTINUOUS
100
AcDbLine
 10
2.3080851968503935
 20
1.0753630314960629
 30
0
 11
2.3142814960629923
 21
1.0691667322834646
 31
0
  0
LINE
  5
D9B
330
1A
100
AcDbEntity
  8
BLACK
  6
CONTINUOUS
100
AcDbLine
 10
2.3142814960629923
 20
1.0691667322834646
 30
0
 11
2.3142823228346456
 21
1.0691658267716535
 31
0
  0
LINE
  5
D9C
330
1A
100
AcDbEntity
  8
BLACK
  6
CONTINUOUS
100
AcDbLine
 10
2.3142823228346456
 20
1.0691658267716535
 30
0
 11
2.3183655118110233
 21
1.0650826377952756
 31
0
  0
LINE
  5
D9D
330
1A
100
AcDbEntity
  8
BLACK
  6
CONTINUOUS
100
AcDbLine
 10
2.3183655118110233
 20
1.0650826377952756
 30
0
 11
2.3183656692913384
 21
1.0650825196850393
 31
0
  0
LINE
  5
D9E
330
1A
100
AcDbEntity
  8
BLACK
  6
CONTINUOUS
100
AcDbLine
 10
2.3183656692913384
 20
1.0650825196850393
 30
0
 11
2.3183657874015746
 21
1.0650824015748031
 31
0
  0
LINE
  5
D9F
330
1A
100
AcDbEntity
  8
BLACK
  6
CONTINUOUS
100
AcDbLine
 10
2.3183657874015746
 20
1.0650824015748031
 30
0
 11
2.3231553149606299
 21
1.0623172047244094
 31
0
  0
LINE
  5
DA0
330
1A
100
AcDbEntity
  8
BLACK
  6
CONTINUOUS
100
AcDbLine
 10
2.3231553149606299
 20
1.0623172047244094
 30
0
 11
2.3253288582677163
 21
1.0617348031496063
 31
0
  0
LINE
  5
DA1
330
1A
100
AcDbEntity
  8
BLACK
  6
CONTINUOUS
100
AcDbLine
 10
2.3253288582677163
 20
1.0617348031496063
 30
0
 11
2.328497283464567
 21
1.0608857874015747
 31
0
  0
LINE
  5
DA2
330
1A
100
AcDbEntity
  8
BLACK
  6
CONTINUOUS
100
AcDbLine
 10
2.328497283464567
 20
1.0608857874015747
 30
0
 11
2.3343316141732284
 21
1.0608857874015747
 31
0
  0
LINE
  5
DA3
330
1A
100
AcDbEntity
  8
BLACK
  6
CONTINUOUS
100
AcDbLine
 10
2.3343316141732284
 20
1.0608857874015747
 30
0
 11
2.334332244094488
 21
1.0608858267716534
 31
0
  0
LINE
  5
DA4
330
1A
100
AcDbEntity
  8
BLACK
  6
CONTINUOUS
100
AcDbLine
 10
2.334332244094488
 20
1.0608858267716534
 30
0
 11
2.6458070866141732
 21
1.0608858267716534
 31
0
  0
LINE
  5
DA5
330
1A
100
AcDbEntity
  8
BLACK
  6
CONTINUOUS
100
AcDbLine
 10
2.6458070866141732
 20
1.0608858267716534
 30
0
 11
2.6484890157480314
 21
1.0600983464566929
 31
0
  0
LINE
  5
DA6
330
1A
100
AcDbEntity
  8
BLACK
  6
CONTINUOUS
100
AcDbLine
 10
2.6484890157480314
 20
1.0600983464566929
 30
0
 11
2.6503194488188977
 21
1.057985905511811
 31
0
  0
LINE
  5
DA7
330
1A
100
AcDbEntity
  8
BLACK
  6
CONTINUOUS
100
AcDbLine
 10
2.6503194488188977
 20
1.057985905511811
 30
0
 11
2.6507677165354329
 21
1.0559251968503938
 31
0
  0
LINE
  5
DA8
330
1A
100
AcDbEntity
  8
BLACK
  6
CONTINUOUS
100
AcDbLine
 10
2.6507677165354329
 20
1.0559251968503938
 30
0
 11
2.6507677165354329
 21
0.9981074803149607
 31
0
  0
LINE
  5
DA9
330
1A
100
AcDbEntity
  8
BLACK
  6
CONTINUOUS
100
AcDbLine
 10
2.6507677165354329
 20
0.9981074803149607
 30
0
 11
2.6508854724409447
 21
0.9970924803149606
 31
0
  0
LINE
  5
DAA
330
1A
100
AcDbEntity
  8
BLACK
  6
CONTINUOUS
100
AcDbLine
 10
2.6508854724409447
 20
0.9970924803149606
 30
0
 11
2.6508855118110235
 21
0.9970922834645669
 31
0
  0
LINE
  5
DAB
330
1A
100
AcDbEntity
  8
BLACK
  6
CONTINUOUS
100
AcDbLine
 10
2.6508855118110235
 20
0.9970922834645669
 30
0
 11
2.6527196456692912
 21
0.9929383858267716
 31
0
  0
LINE
  5
DAC
330
1A
100
AcDbEntity
  8
BLACK
  6
CONTINUOUS
100
AcDbLine
 10
2.6527196456692912
 20
0.9929383858267716
 30
0
 11
2.6527196850393699
 21
0.9929383070866141
 31
0
  0
LINE
  5
DAD
330
1A
100
AcDbEntity
  8
BLACK
  6
CONTINUOUS
100
AcDbLine
 10
2.6527196850393699
 20
0.9929383070866141
 30
0
 11
2.6559303937007872
 21
0.9897275984251969
 31
0
  0
LINE
  5
DAE
330
1A
100
AcDbEntity
  8
BLACK
  6
CONTINUOUS
100
AcDbLine
 10
2.6559303937007872
 20
0.9897275984251969
 30
0
 11
2.6559304724409447
 21
0.9897275590551181
 31
0
  0
LINE
  5
DAF
330
1A
100
AcDbEntity
  8
BLACK
  6
CONTINUOUS
100
AcDbLine
 10
2.6559304724409447
 20
0.9897275590551181
 30
0
 11
2.6559305118110235
 21
0.9897275196850394
 31
0
  0
LINE
  5
DB0
330
1A
100
AcDbEntity
  8
BLACK
  6
CONTINUOUS
100
AcDbLine
 10
2.6559305118110235
 20
0.9897275196850394
 30
0
 11
2.6600844488188975
 21
0.9878933858267717
 31
0
  0
LINE
  5
DB1
330
1A
100
AcDbEntity
  8
BLACK
  6
CONTINUOUS
100
AcDbLine
 10
2.6600844488188975
 20
0.9878933858267717
 30
0
 11
2.6610996850393702
 21
0.9877756299212598
 31
0
  0
LINE
  5
DB2
330
1A
100
AcDbEntity
  8
BLACK
  6
CONTINUOUS
100
AcDbLine
 10
2.6610996850393702
 20
0.9877756299212598
 30
0
 11
2.661099803149606
 21
0.987775590551181
 31
0
  0
LINE
  5
DB3
330
1A
100
AcDbEntity
  8
BLACK
  6
CONTINUOUS
100
AcDbLine
 10
2.661099803149606
 20
0.987775590551181
 30
0
 11
2.6610998425196848
 21
0.987775590551181
 31
0
  0
LINE
  5
DB4
330
1A
100
AcDbEntity
  8
BLACK
  6
CONTINUOUS
100
AcDbLine
 10
2.6610998425196848
 20
0.987775590551181
 30
0
 11
2.724726968503937
 21
0.987775590551181
 31
0
  0
LINE
  5
DB5
330
1A
100
AcDbEntity
  8
BLACK
  6
CONTINUOUS
100
AcDbLine
 10
2.724726968503937
 20
0.987775590551181
 30
0
 11
2.7247270078740158
 21
0.9877756299212598
 31
0
  0
LINE
  5
DB6
330
1A
100
AcDbEntity
  8
BLACK
  6
CONTINUOUS
100
AcDbLine
 10
2.7247270078740158
 20
0.9877756299212598
 30
0
 11
2.7257423228346456
 21
0.9878933858267717
 31
0
  0
LINE
  5
DB7
330
1A
100
AcDbEntity
  8
BLACK
  6
CONTINUOUS
100
AcDbLine
 10
2.7257423228346456
 20
0.9878933858267717
 30
0
 11
2.7298962598425196
 21
0.9897275196850394
 31
0
  0
LINE
  5
DB8
330
1A
100
AcDbEntity
  8
BLACK
  6
CONTINUOUS
100
AcDbLine
 10
2.7298962598425196
 20
0.9897275196850394
 30
0
 11
2.7331071259842519
 21
0.9929383858267716
 31
0
  0
LINE
  5
DB9
330
1A
100
AcDbEntity
  8
BLACK
  6
CONTINUOUS
100
AcDbLine
 10
2.7331071259842519
 20
0.9929383858267716
 30
0
 11
2.7349412598425196
 21
0.9970923228346457
 31
0
  0
LINE
  5
DBA
330
1A
100
AcDbEntity
  8
BLACK
  6
CONTINUOUS
100
AcDbLine
 10
2.7349412598425196
 20
0.9970923228346457
 30
0
 11
2.7350590551181102
 21
0.9981077165354331
 31
0
  0
LINE
  5
DBB
330
1A
100
AcDbEntity
  8
BLACK
  6
CONTINUOUS
100
AcDbLine
 10
2.7350590551181102
 20
0.9981077165354331
 30
0
 11
2.7350590551181102
 21
1.0507283070866142
 31
0
  0
LINE
  5
DBC
330
1A
100
AcDbEntity
  8
BLACK
  6
CONTINUOUS
100
AcDbLine
 10
2.7350590551181102
 20
1.0507283070866142
 30
0
 11
2.7358465354330708
 21
1.0534102362204725
 31
0
  0
LINE
  5
DBD
330
1A
100
AcDbEntity
  8
BLACK
  6
CONTINUOUS
100
AcDbLine
 10
2.7358465354330708
 20
1.0534102362204725
 30
0
 11
2.7379589763779526
 21
1.0552406692913385
 31
0
  0
LINE
  5
DBE
330
1A
100
AcDbEntity
  8
BLACK
  6
CONTINUOUS
100
AcDbLine
 10
2.7379589763779526
 20
1.0552406692913385
 30
0
 11
2.7400196850393699
 21
1.0556889370078739
 31
0
  0
LINE
  5
DBF
330
1A
100
AcDbEntity
  8
BLACK
  6
CONTINUOUS
100
AcDbLine
 10
2.7400196850393699
 20
1.0556889370078739
 30
0
 11
2.7424502755905511
 21
1.0556889370078739
 31
0
  0
LINE
  5
DC0
330
1A
100
AcDbEntity
  8
BLACK
  6
CONTINUOUS
100
AcDbLine
 10
2.7424502755905511
 20
1.0556889370078739
 30
0
 11
2.7445231102362202
 21
1.0562443700787401
 31
0
  0
LINE
  5
DC1
330
1A
100
AcDbEntity
  8
BLACK
  6
CONTINUOUS
100
AcDbLine
 10
2.7445231102362202
 20
1.0562443700787401
 30
0
 11
2.7473174803149605
 21
1.0561779133858267
 31
0
  0
LINE
  5
DC2
330
1A
100
AcDbEntity
  8
BLACK
  6
CONTINUOUS
100
AcDbLine
 10
2.7473174803149605
 20
1.0561779133858267
 30
0
 11
2.749632283464567
 21
1.0546112204724409
 31
0
  0
LINE
  5
DC3
330
1A
100
AcDbEntity
  8
BLACK
  6
CONTINUOUS
100
AcDbLine
 10
2.749632283464567
 20
1.0546112204724409
 30
0
 11
2.7507326377952754
 21
1.0520417716535433
 31
0
  0
LINE
  5
DC4
330
1A
100
AcDbEntity
  8
BLACK
  6
CONTINUOUS
100
AcDbLine
 10
2.7507326377952754
 20
1.0520417716535433
 30
0
 11
2.7507677165354329
 21
1.0514527952755905
 31
0
  0
LINE
  5
DC5
330
1A
100
AcDbEntity
  8
BLACK
  6
CONTINUOUS
100
AcDbLine
 10
2.7507677165354329
 20
1.0514527952755905
 30
0
 11
2.7507677165354329
 21
0.9981074803149607
 31
0
  0
LINE
  5
DC6
330
1A
100
AcDbEntity
  8
BLACK
  6
CONTINUOUS
100
AcDbLine
 10
2.7507677165354329
 20
0.9981074803149607
 30
0
 11
2.7508854724409448
 21
0.9970924803149606
 31
0
  0
LINE
  5
DC7
330
1A
100
AcDbEntity
  8
BLACK
  6
CONTINUOUS
100
AcDbLine
 10
2.7508854724409448
 20
0.9970924803149606
 30
0
 11
2.7508855118110236
 21
0.9970922834645669
 31
0
  0
LINE
  5
DC8
330
1A
100
AcDbEntity
  8
BLACK
  6
CONTINUOUS
100
AcDbLine
 10
2.7508855118110236
 20
0.9970922834645669
 30
0
 11
2.7527196456692913
 21
0.9929383858267716
 31
0
  0
LINE
  5
DC9
330
1A
100
AcDbEntity
  8
BLACK
  6
CONTINUOUS
100
AcDbLine
 10
2.7527196456692913
 20
0.9929383858267716
 30
0
 11
2.75271968503937
 21
0.9929383070866141
 31
0
  0
LINE
  5
DCA
330
1A
100
AcDbEntity
  8
BLACK
  6
CONTINUOUS
100
AcDbLine
 10
2.75271968503937
 20
0.9929383070866141
 30
0
 11
2.7559303937007873
 21
0.9897275984251969
 31
0
  0
LINE
  5
DCB
330
1A
100
AcDbEntity
  8
BLACK
  6
CONTINUOUS
100
AcDbLine
 10
2.7559303937007873
 20
0.9897275984251969
 30
0
 11
2.7559304724409448
 21
0.9897275590551181
 31
0
  0
LINE
  5
DCC
330
1A
100
AcDbEntity
  8
BLACK
  6
CONTINUOUS
100
AcDbLine
 10
2.7559304724409448
 20
0.9897275590551181
 30
0
 11
2.7559305118110236
 21
0.9897275196850394
 31
0
  0
LINE
  5
DCD
330
1A
100
AcDbEntity
  8
BLACK
  6
CONTINUOUS
100
AcDbLine
 10
2.7559305118110236
 20
0.9897275196850394
 30
0
 11
2.7600844488188976
 21
0.9878933858267717
 31
0
  0
LINE
  5
DCE
330
1A
100
AcDbEntity
  8
BLACK
  6
CONTINUOUS
100
AcDbLine
 10
2.7600844488188976
 20
0.9878933858267717
 30
0
 11
2.7610996850393699
 21
0.9877756299212598
 31
0
  0
LINE
  5
DCF
330
1A
100
AcDbEntity
  8
BLACK
  6
CONTINUOUS
100
AcDbLine
 10
2.7610996850393699
 20
0.9877756299212598
 30
0
 11
2.7610998031496061
 21
0.987775590551181
 31
0
  0
LINE
  5
DD0
330
1A
100
AcDbEntity
  8
BLACK
  6
CONTINUOUS
100
AcDbLine
 10
2.7610998031496061
 20
0.987775590551181
 30
0
 11
2.7610998425196849
 21
0.987775590551181
 31
0
  0
LINE
  5
DD1
330
1A
100
AcDbEntity
  8
BLACK
  6
CONTINUOUS
100
AcDbLine
 10
2.7610998425196849
 20
0.987775590551181
 30
0
 11
2.8247269685039371
 21
0.987775590551181
 31
0
  0
LINE
  5
DD2
330
1A
100
AcDbEntity
  8
BLACK
  6
CONTINUOUS
100
AcDbLine
 10
2.8247269685039371
 20
0.987775590551181
 30
0
 11
2.8247270078740159
 21
0.9877756299212598
 31
0
  0
LINE
  5
DD3
330
1A
100
AcDbEntity
  8
BLACK
  6
CONTINUOUS
100
AcDbLine
 10
2.8247270078740159
 20
0.9877756299212598
 30
0
 11
2.8257423228346457
 21
0.9878933858267717
 31
0
  0
LINE
  5
DD4
330
1A
100
AcDbEntity
  8
BLACK
  6
CONTINUOUS
100
AcDbLine
 10
2.8257423228346457
 20
0.9878933858267717
 30
0
 11
2.8298962598425197
 21
0.9897275196850394
 31
0
  0
LINE
  5
DD5
330
1A
100
AcDbEntity
  8
BLACK
  6
CONTINUOUS
100
AcDbLine
 10
2.8298962598425197
 20
0.9897275196850394
 30
0
 11
2.833107125984252
 21
0.9929383858267716
 31
0
  0
LINE
  5
DD6
330
1A
100
AcDbEntity
  8
BLACK
  6
CONTINUOUS
100
AcDbLine
 10
2.833107125984252
 20
0.9929383858267716
 30
0
 11
2.8349412598425197
 21
0.9970923228346457
 31
0
  0
LINE
  5
DD7
330
1A
100
AcDbEntity
  8
BLACK
  6
CONTINUOUS
100
AcDbLine
 10
2.8349412598425197
 20
0.9970923228346457
 30
0
 11
2.8350590551181103
 21
0.9981077165354331
 31
0
  0
LINE
  5
DD8
330
1A
100
AcDbEntity
  8
BLACK
  6
CONTINUOUS
100
AcDbLine
 10
2.8350590551181103
 20
0.9981077165354331
 30
0
 11
2.8350590551181103
 21
1.0617348031496063
 31
0
  0
LINE
  5
DD9
330
1A
100
AcDbEntity
  8
BLACK
  6
CONTINUOUS
100
AcDbLine
 10
2.8350590551181103
 20
1.0617348031496063
 30
0
 11
2.8349412598425197
 21
1.0627501968503936
 31
0
  0
LINE
  5
DDA
330
1A
100
AcDbEntity
  8
BLACK
  6
CONTINUOUS
100
AcDbLine
 10
2.8349412598425197
 20
1.0627501968503936
 30
0
 11
2.833107125984252
 21
1.0669041338582677
 31
0
  0
LINE
  5
DDB
330
1A
100
AcDbEntity
  8
BLACK
  6
CONTINUOUS
100
AcDbLine
 10
2.833107125984252
 20
1.0669041338582677
 30
0
 11
2.8331070866141732
 21
1.0669041732283464
 31
0
  0
LINE
  5
DDC
330
1A
100
AcDbEntity
  8
BLACK
  6
CONTINUOUS
100
AcDbLine
 10
2.8331070866141732
 20
1.0669041732283464
 30
0
 11
2.8331070472440945
 21
1.0669042519685039
 31
0
  0
LINE
  5
DDD
330
1A
100
AcDbEntity
  8
BLACK
  6
CONTINUOUS
100
AcDbLine
 10
2.8331070472440945
 20
1.0669042519685039
 30
0
 11
2.8298963385826772
 21
1.0701149606299212
 31
0
  0
LINE
  5
DDE
330
1A
100
AcDbEntity
  8
BLACK
  6
CONTINUOUS
100
AcDbLine
 10
2.8298963385826772
 20
1.0701149606299212
 30
0
 11
2.8298962598425197
 21
1.0701149999999999
 31
0
  0
LINE
  5
DDF
330
1A
100
AcDbEntity
  8
BLACK
  6
CONTINUOUS
100
AcDbLine
 10
2.8298962598425197
 20
1.0701149999999999
 30
0
 11
2.8257423622047244
 21
1.0719491338582676
 31
0
  0
LINE
  5
DE0
330
1A
100
AcDbEntity
  8
BLACK
  6
CONTINUOUS
100
AcDbLine
 10
2.8257423622047244
 20
1.0719491338582676
 30
0
 11
2.8257421653543306
 21
1.0719491732283464
 31
0
  0
LINE
  5
DE1
330
1A
100
AcDbEntity
  8
BLACK
  6
CONTINUOUS
100
AcDbLine
 10
2.8257421653543306
 20
1.0719491732283464
 30
0
 11
2.8247271653543304
 21
1.0720669291338583
 31
0
  0
LINE
  5
DE2
330
1A
100
AcDbEntity
  8
BLACK
  6
CONTINUOUS
100
AcDbLine
 10
2.8247271653543304
 20
1.0720669291338583
 30
0
 11
2.8247269291338584
 21
1.0720669291338583
 31
0
  0
LINE
  5
DE3
330
1A
100
AcDbEntity
  8
BLACK
  6
CONTINUOUS
100
AcDbLine
 10
2.8247269291338584
 20
1.0720669291338583
 30
0
 11
2.7767390944881889
 21
1.0720669291338583
 31
0
  0
LINE
  5
DE4
330
1A
100
AcDbEntity
  8
BLACK
  6
CONTINUOUS
100
AcDbLine
 10
2.7767390944881889
 20
1.0720669291338583
 30
0
 11
2.7740571653543307
 21
1.0728544094488188
 31
0
  0
LINE
  5
DE5
330
1A
100
AcDbEntity
  8
BLACK
  6
CONTINUOUS
100
AcDbLine
 10
2.7740571653543307
 20
1.0728544094488188
 30
0
 11
2.7722267322834644
 21
1.0749668503937007
 31
0
  0
LINE
  5
DE6
330
1A
100
AcDbEntity
  8
BLACK
  6
CONTINUOUS
100
AcDbLine
 10
2.7722267322834644
 20
1.0749668503937007
 30
0
 11
2.7718289370078741
 21
1.0777335433070865
 31
0
  0
LINE
  5
DE7
330
1A
100
AcDbEntity
  8
BLACK
  6
CONTINUOUS
100
AcDbLine
 10
2.7718289370078741
 20
1.0777335433070865
 30
0
 11
2.7729901181102363
 21
1.080276062992126
 31
0
  0
LINE
  5
DE8
330
1A
100
AcDbEntity
  8
BLACK
  6
CONTINUOUS
100
AcDbLine
 10
2.7729901181102363
 20
1.080276062992126
 30
0
 11
2.7732314173228345
 21
1.0805352362204723
 31
0
  0
LINE
  5
DE9
330
1A
100
AcDbEntity
  8
BLACK
  6
CONTINUOUS
100
AcDbLine
 10
2.7732314173228345
 20
1.0805352362204723
 30
0
 11
2.7790188188976379
 21
1.0863226377952755
 31
0
  0
LINE
  5
DEA
330
1A
100
AcDbEntity
  8
BLACK
  6
CONTINUOUS
100
AcDbLine
 10
2.7790188188976379
 20
1.0863226377952755
 30
0
 11
2.7814720472440944
 21
1.0876622440944881
 31
0
  0
LINE
  5
DEB
330
1A
100
AcDbEntity
  8
BLACK
  6
CONTINUOUS
100
AcDbLine
 10
2.7814720472440944
 20
1.0876622440944881
 30
0
 11
2.7825264960629918
 21
1.087775590551181
 31
0
  0
LINE
  5
DEC
330
1A
100
AcDbEntity
  8
BLACK
  6
CONTINUOUS
100
AcDbLine
 10
2.7825264960629918
 20
1.087775590551181
 30
0
 11
2.8247269685039371
 21
1.087775590551181
 31
0
  0
LINE
  5
DED
330
1A
100
AcDbEntity
  8
BLACK
  6
CONTINUOUS
100
AcDbLine
 10
2.8247269685039371
 20
1.087775590551181
 30
0
 11
2.8247270078740159
 21
1.0877756299212598
 31
0
  0
LINE
  5
DEE
330
1A
100
AcDbEntity
  8
BLACK
  6
CONTINUOUS
100
AcDbLine
 10
2.8247270078740159
 20
1.0877756299212598
 30
0
 11
2.8257423228346457
 21
1.0878933858267716
 31
0
  0
LINE
  5
DEF
330
1A
100
AcDbEntity
  8
BLACK
  6
CONTINUOUS
100
AcDbLine
 10
2.8257423228346457
 20
1.0878933858267716
 30
0
 11
2.8298962598425197
 21
1.0897275196850393
 31
0
  0
LINE
  5
DF0
330
1A
100
AcDbEntity
  8
BLACK
  6
CONTINUOUS
100
AcDbLine
 10
2.8298962598425197
 20
1.0897275196850393
 30
0
 11
2.833107125984252
 21
1.0929383858267716
 31
0
  0
LINE
  5
DF1
330
1A
100
AcDbEntity
  8
BLACK
  6
CONTINUOUS
100
AcDbLine
 10
2.833107125984252
 20
1.0929383858267716
 30
0
 11
2.8349412598425197
 21
1.0970923228346456
 31
0
  0
LINE
  5
DF2
330
1A
100
AcDbEntity
  8
BLACK
  6
CONTINUOUS
100
AcDbLine
 10
2.8349412598425197
 20
1.0970923228346456
 30
0
 11
2.8350590551181103
 21
1.0981077165354332
 31
0
  0
LINE
  5
DF3
330
1A
100
AcDbEntity
  8
BLACK
  6
CONTINUOUS
100
AcDbLine
 10
2.8350590551181103
 20
1.0981077165354332
 30
0
 11
2.8350590551181103
 21
1.1617348031496062
 31
0
  0
LINE
  5
DF4
330
1A
100
AcDbEntity
  8
BLACK
  6
CONTINUOUS
100
AcDbLine
 10
2.8350590551181103
 20
1.1617348031496062
 30
0
 11
2.8349412598425197
 21
1.1627501968503937
 31
0
  0
LINE
  5
DF5
330
1A
100
AcDbEntity
  8
BLACK
  6
CONTINUOUS
100
AcDbLine
 10
2.8349412598425197
 20
1.1627501968503937
 30
0
 11
2.833107125984252
 21
1.1669041338582677
 31
0
  0
LINE
  5
DF6
330
1A
100
AcDbEntity
  8
BLACK
  6
CONTINUOUS
100
AcDbLine
 10
2.833107125984252
 20
1.1669041338582677
 30
0
 11
2.8331070866141732
 21
1.1669041732283465
 31
0
  0
LINE
  5
DF7
330
1A
100
AcDbEntity
  8
BLACK
  6
CONTINUOUS
100
AcDbLine
 10
2.8331070866141732
 20
1.1669041732283465
 30
0
 11
2.8331070472440945
 21
1.166904251968504
 31
0
  0
LINE
  5
DF8
330
1A
100
AcDbEntity
  8
BLACK
  6
CONTINUOUS
100
AcDbLine
 10
2.8331070472440945
 20
1.166904251968504
 30
0
 11
2.8298963385826772
 21
1.1701149606299213
 31
0
  0
LINE
  5
DF9
330
1A
100
AcDbEntity
  8
BLACK
  6
CONTINUOUS
100
AcDbLine
 10
2.8298963385826772
 20
1.1701149606299213
 30
0
 11
2.8298962598425197
 21
1.170115
 31
0
  0
LINE
  5
DFA
330
1A
100
AcDbEntity
  8
BLACK
  6
CONTINUOUS
100
AcDbLine
 10
2.8298962598425197
 20
1.170115
 30
0
 11
2.8257423622047244
 21
1.1719491338582677
 31
0
  0
LINE
  5
DFB
330
1A
100
AcDbEntity
  8
BLACK
  6
CONTINUOUS
100
AcDbLine
 10
2.8257423622047244
 20
1.1719491338582677
 30
0
 11
2.8257421653543306
 21
1.1719491732283465
 31
0
  0
LINE
  5
DFC
330
1A
100
AcDbEntity
  8
BLACK
  6
CONTINUOUS
100
AcDbLine
 10
2.8257421653543306
 20
1.1719491732283465
 30
0
 11
2.8247271653543304
 21
1.1720669291338583
 31
0
  0
LINE
  5
DFD
330
1A
100
AcDbEntity
  8
BLACK
  6
CONTINUOUS
100
AcDbLine
 10
2.8247271653543304
 20
1.1720669291338583
 30
0
 11
2.8247269291338584
 21
1.1720669291338583
 31
0
  0
LINE
  5
DFE
330
1A
100
AcDbEntity
  8
BLACK
  6
CONTINUOUS
100
AcDbLine
 10
2.8247269291338584
 20
1.1720669291338583
 30
0
 11
2.7610998425196849
 21
1.1720669291338583
 31
0
  0
LINE
  5
DFF
330
1A
100
AcDbEntity
  8
BLACK
  6
CONTINUOUS
100
AcDbLine
 10
2.7610998425196849
 20
1.1720669291338583
 30
0
 11
2.7610995669291336
 21
1.1720669291338583
 31
0
  0
LINE
  5
E00
330
1A
100
AcDbEntity
  8
BLACK
  6
CONTINUOUS
100
AcDbLine
 10
2.7610995669291336
 20
1.1720669291338583
 30
0
 11
2.7600845669291338
 21
1.1719491732283465
 31
0
  0
LINE
  5
E01
330
1A
100
AcDbEntity
  8
BLACK
  6
CONTINUOUS
100
AcDbLine
 10
2.7600845669291338
 20
1.1719491732283465
 30
0
 11
2.7600843700787401
 21
1.1719491338582677
 31
0
  0
LINE
  5
E02
330
1A
100
AcDbEntity
  8
BLACK
  6
CONTINUOUS
100
AcDbLine
 10
2.7600843700787401
 20
1.1719491338582677
 30
0
 11
2.7559304724409448
 21
1.170115
 31
0
  0
LINE
  5
E03
330
1A
100
AcDbEntity
  8
BLACK
  6
CONTINUOUS
100
AcDbLine
 10
2.7559304724409448
 20
1.170115
 30
0
 11
2.7559303937007873
 21
1.1701149606299213
 31
0
  0
LINE
  5
E04
330
1A
100
AcDbEntity
  8
BLACK
  6
CONTINUOUS
100
AcDbLine
 10
2.7559303937007873
 20
1.1701149606299213
 30
0
 11
2.75271968503937
 21
1.166904251968504
 31
0
  0
LINE
  5
E05
330
1A
100
AcDbEntity
  8
BLACK
  6
CONTINUOUS
100
AcDbLine
 10
2.75271968503937
 20
1.166904251968504
 30
0
 11
2.7527196456692913
 21
1.1669041732283465
 31
0
  0
LINE
  5
E06
330
1A
100
AcDbEntity
  8
BLACK
  6
CONTINUOUS
100
AcDbLine
 10
2.7527196456692913
 20
1.1669041732283465
 30
0
 11
2.7508855118110236
 21
1.1627502755905512
 31
0
  0
LINE
  5
E07
330
1A
100
AcDbEntity
  8
BLACK
  6
CONTINUOUS
100
AcDbLine
 10
2.7508855118110236
 20
1.1627502755905512
 30
0
 11
2.7508854724409448
 21
1.1627500787401575
 31
0
  0
LINE
  5
E08
330
1A
100
AcDbEntity
  8
BLACK
  6
CONTINUOUS
100
AcDbLine
 10
2.7508854724409448
 20
1.1627500787401575
 30
0
 11
2.7507677165354329
 21
1.1617350787401575
 31
0
  0
LINE
  5
E09
330
1A
100
AcDbEntity
  8
BLACK
  6
CONTINUOUS
100
AcDbLine
 10
2.7507677165354329
 20
1.1617350787401575
 30
0
 11
2.7507677165354329
 21
1.1195343700787401
 31
0
  0
LINE
  5
E0A
330
1A
100
AcDbEntity
  8
BLACK
  6
CONTINUOUS
100
AcDbLine
 10
2.7507677165354329
 20
1.1195343700787401
 30
0
 11
2.7499802362204724
 21
1.1168524409448819
 31
0
  0
LINE
  5
E0B
330
1A
100
AcDbEntity
  8
BLACK
  6
CONTINUOUS
100
AcDbLine
 10
2.7499802362204724
 20
1.1168524409448819
 30
0
 11
2.7493147637795277
 21
1.1160266929133857
 31
0
  0
LINE
  5
E0C
330
1A
100
AcDbEntity
  8
BLACK
  6
CONTINUOUS
100
AcDbLine
 10
2.7493147637795277
 20
1.1160266929133857
 30
0
 11
2.7435273622047243
 21
1.1102392913385826
 31
0
  0
LINE
  5
E0D
330
1A
100
AcDbEntity
  8
BLACK
  6
CONTINUOUS
100
AcDbLine
 10
2.7435273622047243
 20
1.1102392913385826
 30
0
 11
2.7410741338582678
 21
1.10889968503937
 31
0
  0
LINE
  5
E0E
330
1A
100
AcDbEntity
  8
BLACK
  6
CONTINUOUS
100
AcDbLine
 10
2.7410741338582678
 20
1.10889968503937
 30
0
 11
2.7382861417322832
 21
1.1090990944881889
 31
0
  0
LINE
  5
E0F
330
1A
100
AcDbEntity
  8
BLACK
  6
CONTINUOUS
100
AcDbLine
 10
2.7382861417322832
 20
1.1090990944881889
 30
0
 11
2.7360485039370079
 21
1.1107741732283465
 31
0
  0
LINE
  5
E10
330
1A
100
AcDbEntity
  8
BLACK
  6
CONTINUOUS
100
AcDbLine
 10
2.7360485039370079
 20
1.1107741732283465
 30
0
 11
2.7350716929133858
 21
1.1133930708661417
 31
0
  0
LINE
  5
E11
330
1A
100
AcDbEntity
  8
BLACK
  6
CONTINUOUS
100
AcDbLine
 10
2.7350716929133858
 20
1.1133930708661417
 30
0
 11
2.7350590551181102
 21
1.113746968503937
 31
0
  0
LINE
  5
E12
330
1A
100
AcDbEntity
  8
BLACK
  6
CONTINUOUS
100
AcDbLine
 10
2.7350590551181102
 20
1.113746968503937
 30
0
 11
2.7350590551181102
 21
1.161734842519685
 31
0
  0
LINE
  5
E13
330
1A
100
AcDbEntity
  8
BLACK
  6
CONTINUOUS
100
AcDbLine
 10
2.7350590551181102
 20
1.161734842519685
 30
0
 11
2.7350590157480315
 21
1.1617350787401575
 31
0
  0
LINE
  5
E14
330
1A
100
AcDbEntity
  8
BLACK
  6
CONTINUOUS
100
AcDbLine
 10
2.7350590157480315
 20
1.1617350787401575
 30
0
 11
2.7350318897637793
 21
1.1619690551181101
 31
0
  0
LINE
  5
E15
330
1A
100
AcDbEntity
  8
BLACK
  6
CONTINUOUS
100
AcDbLine
 10
2.7350318897637793
 20
1.1619690551181101
 30
0
 11
2.7349412598425196
 21
1.1627501968503937
 31
0
  0
LINE
  5
E16
330
1A
100
AcDbEntity
  8
BLACK
  6
CONTINUOUS
100
AcDbLine
 10
2.7349412598425196
 20
1.1627501968503937
 30
0
 11
2.7331071259842519
 21
1.1669041338582677
 31
0
  0
LINE
  5
E17
330
1A
100
AcDbEntity
  8
BLACK
  6
CONTINUOUS
100
AcDbLine
 10
2.7331071259842519
 20
1.1669041338582677
 30
0
 11
2.7331070866141731
 21
1.1669041732283465
 31
0
  0
LINE
  5
E18
330
1A
100
AcDbEntity
  8
BLACK
  6
CONTINUOUS
100
AcDbLine
 10
2.7331070866141731
 20
1.1669041732283465
 30
0
 11
2.7331070472440944
 21
1.166904251968504
 31
0
  0
LINE
  5
E19
330
1A
100
AcDbEntity
  8
BLACK
  6
CONTINUOUS
100
AcDbLine
 10
2.7331070472440944
 20
1.166904251968504
 30
0
 11
2.7298963385826771
 21
1.1701149606299213
 31
0
  0
LINE
  5
E1A
330
1A
100
AcDbEntity
  8
BLACK
  6
CONTINUOUS
100
AcDbLine
 10
2.7298963385826771
 20
1.1701149606299213
 30
0
 11
2.7298962598425196
 21
1.170115
 31
0
  0
LINE
  5
E1B
330
1A
100
AcDbEntity
  8
BLACK
  6
CONTINUOUS
100
AcDbLine
 10
2.7298962598425196
 20
1.170115
 30
0
 11
2.7257423622047243
 21
1.1719491338582677
 31
0
  0
LINE
  5
E1C
330
1A
100
AcDbEntity
  8
BLACK
  6
CONTINUOUS
100
AcDbLine
 10
2.7257423622047243
 20
1.1719491338582677
 30
0
 11
2.7257421653543306
 21
1.1719491732283465
 31
0
  0
LINE
  5
E1D
330
1A
100
AcDbEntity
  8
BLACK
  6
CONTINUOUS
100
AcDbLine
 10
2.7257421653543306
 20
1.1719491732283465
 30
0
 11
2.7247271653543308
 21
1.1720669291338583
 31
0
  0
LINE
  5
E1E
330
1A
100
AcDbEntity
  8
BLACK
  6
CONTINUOUS
100
AcDbLine
 10
2.7247271653543308
 20
1.1720669291338583
 30
0
 11
2.7247269291338583
 21
1.1720669291338583
 31
0
  0
LINE
  5
E1F
330
1A
100
AcDbEntity
  8
BLACK
  6
CONTINUOUS
100
AcDbLine
 10
2.7247269291338583
 20
1.1720669291338583
 30
0
 11
2.6610998425196848
 21
1.1720669291338583
 31
0
  0
LINE
  5
E20
330
1A
100
AcDbEntity
  8
BLACK
  6
CONTINUOUS
100
AcDbLine
 10
2.6610998425196848
 20
1.1720669291338583
 30
0
 11
2.661099566929134
 21
1.1720669291338583
 31
0
  0
LINE
  5
E21
330
1A
100
AcDbEntity
  8
BLACK
  6
CONTINUOUS
100
AcDbLine
 10
2.661099566929134
 20
1.1720669291338583
 30
0
 11
2.6600845669291338
 21
1.1719491732283465
 31
0
  0
LINE
  5
E22
330
1A
100
AcDbEntity
  8
BLACK
  6
CONTINUOUS
100
AcDbLine
 10
2.6600845669291338
 20
1.1719491732283465
 30
0
 11
2.66008437007874
 21
1.1719491338582677
 31
0
  0
LINE
  5
E23
330
1A
100
AcDbEntity
  8
BLACK
  6
CONTINUOUS
100
AcDbLine
 10
2.66008437007874
 20
1.1719491338582677
 30
0
 11
2.6559304724409447
 21
1.170115
 31
0
  0
LINE
  5
E24
330
1A
100
AcDbEntity
  8
BLACK
  6
CONTINUOUS
100
AcDbLine
 10
2.6559304724409447
 20
1.170115
 30
0
 11
2.6559303937007872
 21
1.1701149606299213
 31
0
  0
LINE
  5
E25
330
1A
100
AcDbEntity
  8
BLACK
  6
CONTINUOUS
100
AcDbLine
 10
2.6559303937007872
 20
1.1701149606299213
 30
0
 11
2.6527196850393699
 21
1.166904251968504
 31
0
  0
LINE
  5
E26
330
1A
100
AcDbEntity
  8
BLACK
  6
CONTINUOUS
100
AcDbLine
 10
2.6527196850393699
 20
1.166904251968504
 30
0
 11
2.6527196456692912
 21
1.1669041732283465
 31
0
  0
LINE
  5
E27
330
1A
100
AcDbEntity
  8
BLACK
  6
CONTINUOUS
100
AcDbLine
 10
2.6527196456692912
 20
1.1669041732283465
 30
0
 11
2.6508855118110235
 21
1.1627502755905512
 31
0
  0
LINE
  5
E28
330
1A
100
AcDbEntity
  8
BLACK
  6
CONTINUOUS
100
AcDbLine
 10
2.6508855118110235
 20
1.1627502755905512
 30
0
 11
2.6508854724409447
 21
1.1627500787401575
 31
0
  0
LINE
  5
E29
330
1A
100
AcDbEntity
  8
BLACK
  6
CONTINUOUS
100
AcDbLine
 10
2.6508854724409447
 20
1.1627500787401575
 30
0
 11
2.6507677165354329
 21
1.1617350787401575
 31
0
  0
LINE
  5
E2A
330
1A
100
AcDbEntity
  8
BLACK
  6
CONTINUOUS
100
AcDbLine
 10
2.6507677165354329
 20
1.1617350787401575
 30
0
 11
2.6507677165354329
 21
1.1078543307086615
 31
0
  0
LINE
  5
E2B
330
1A
100
AcDbEntity
  8
BLACK
  6
CONTINUOUS
100
AcDbLine
 10
2.6507677165354329
 20
1.1078543307086615
 30
0
 11
2.6499802362204723
 21
1.1051724015748032
 31
0
  0
LINE
  5
E2C
330
1A
100
AcDbEntity
  8
BLACK
  6
CONTINUOUS
100
AcDbLine
 10
2.6499802362204723
 20
1.1051724015748032
 30
0
 11
2.6478677952755905
 21
1.103341968503937
 31
0
  0
LINE
  5
E2D
330
1A
100
AcDbEntity
  8
BLACK
  6
CONTINUOUS
100
AcDbLine
 10
2.6478677952755905
 20
1.103341968503937
 30
0
 11
2.6458070866141732
 21
1.1028937007874016
 31
0
  0
LINE
  5
E2E
330
1A
100
AcDbEntity
  8
BLACK
  6
CONTINUOUS
100
AcDbLine
 10
2.6458070866141732
 20
1.1028937007874016
 30
0
 11
2.3420173622047242
 21
1.1028937007874016
 31
0
  0
LINE
  5
E2F
330
1A
100
AcDbEntity
  8
BLACK
  6
CONTINUOUS
100
AcDbLine
 10
2.3420173622047242
 20
1.1028937007874016
 30
0
 11
2.339335433070866
 21
1.1036811811023621
 31
0
  0
LINE
  5
E30
330
1A
100
AcDbEntity
  8
BLACK
  6
CONTINUOUS
100
AcDbLine
 10
2.339335433070866
 20
1.1036811811023621
 30
0
 11
2.3385096850393698
 21
1.1043466535433071
 31
0
  0
LINE
  5
E31
330
1A
100
AcDbEntity
  8
BLACK
  6
CONTINUOUS
100
AcDbLine
 10
2.3385096850393698
 20
1.1043466535433071
 30
0
 11
2.3377892519685037
 21
1.1050670866141732
 31
0
  0
LINE
  5
E32
330
1A
100
AcDbEntity
  8
BLACK
  6
CONTINUOUS
100
AcDbLine
 10
2.3377892519685037
 20
1.1050670866141732
 30
0
 11
2.3364496456692914
 21
1.1075203149606299
 31
0
  0
LINE
  5
E33
330
1A
100
AcDbEntity
  8
BLACK
  6
CONTINUOUS
100
AcDbLine
 10
2.3364496456692914
 20
1.1075203149606299
 30
0
 11
2.3364316141732284
 21
1.1076069685039369
 31
0
  0
LINE
  5
E34
330
1A
100
AcDbEntity
  8
BLACK
  6
CONTINUOUS
100
AcDbLine
 10
2.3364316141732284
 20
1.1076069685039369
 30
0
 11
2.3359185826771651
 21
1.1101861023622046
 31
0
  0
LINE
  5
E35
330
1A
100
AcDbEntity
  8
BLACK
  6
CONTINUOUS
100
AcDbLine
 10
2.3359185826771651
 20
1.1101861023622046
 30
0
 11
2.3354205905511809
 21
1.1126897637795274
 31
0
  0
LINE
  5
E36
330
1A
100
AcDbEntity
  8
BLACK
  6
CONTINUOUS
100
AcDbLine
 10
2.3354205905511809
 20
1.1126897637795274
 30
0
 11
2.3351292519685041
 21
1.1133930708661417
 31
0
  0
LINE
  5
E37
330
1A
100
AcDbEntity
  8
BLACK
  6
CONTINUOUS
100
AcDbLine
 10
2.3351292519685041
 20
1.1133930708661417
 30
0
 11
2.334322244094488
 21
1.1153413385826771
 31
0
  0
LINE
  5
E38
330
1A
100
AcDbEntity
  8
BLACK
  6
CONTINUOUS
100
AcDbLine
 10
2.334322244094488
 20
1.1153413385826771
 30
0
 11
2.3342759055118112
 21
1.1154531889763779
 31
0
  0
LINE
  5
E39
330
1A
100
AcDbEntity
  8
BLACK
  6
CONTINUOUS
100
AcDbLine
 10
2.3342759055118112
 20
1.1154531889763779
 30
0
 11
2.3339771259842519
 21
1.1182322440944881
 31
0
  0
LINE
  5
E3A
330
1A
100
AcDbEntity
  8
BLACK
  6
CONTINUOUS
100
AcDbLine
 10
2.3339771259842519
 20
1.1182322440944881
 30
0
 11
2.3352282283464567
 21
1.1207317322834645
 31
0
  0
LINE
  5
E3B
330
1A
100
AcDbEntity
  8
BLACK
  6
CONTINUOUS
100
AcDbLine
 10
2.3352282283464567
 20
1.1207317322834645
 30
0
 11
2.336960472440945
 21
1.1219345275590551
 31
0
  0
LINE
  5
E3C
330
1A
100
AcDbEntity
  8
BLACK
  6
CONTINUOUS
100
AcDbLine
 10
2.336960472440945
 20
1.1219345275590551
 30
0
 11
2.3395011417322835
 21
1.1229868897637796
 31
0
  0
LINE
  5
E3D
330
1A
100
AcDbEntity
  8
BLACK
  6
CONTINUOUS
100
AcDbLine
 10
2.3395011417322835
 20
1.1229868897637796
 30
0
 11
2.3440696850393699
 21
1.1260394881889764
 31
0
  0
LINE
  5
E3E
330
1A
100
AcDbEntity
  8
BLACK
  6
CONTINUOUS
100
AcDbLine
 10
2.3440696850393699
 20
1.1260394881889764
 30
0
 11
2.347954960629921
 21
1.1299247637795276
 31
0
  0
LINE
  5
E3F
330
1A
100
AcDbEntity
  8
BLACK
  6
CONTINUOUS
100
AcDbLine
 10
2.347954960629921
 20
1.1299247637795276
 30
0
 11
2.3510075590551183
 21
1.1344933070866141
 31
0
  0
LINE
  5
E40
330
1A
100
AcDbEntity
  8
BLACK
  6
CONTINUOUS
100
AcDbLine
 10
2.3510075590551183
 20
1.1344933070866141
 30
0
 11
2.3531102755905513
 21
1.1395696456692914
 31
0
  0
LINE
  5
E41
330
1A
100
AcDbEntity
  8
BLACK
  6
CONTINUOUS
100
AcDbLine
 10
2.3531102755905513
 20
1.1395696456692914
 30
0
 11
2.3541212992125984
 21
1.1446525196850394
 31
0
  0
LINE
  5
E42
330
1A
100
AcDbEntity
  8
BLACK
  6
CONTINUOUS
100
AcDbLine
 10
2.3541212992125984
 20
1.1446525196850394
 30
0
 11
2.3554168897637795
 21
1.1471292125984252
 31
0
  0
LINE
  5
E43
330
1A
100
AcDbEntity
  8
BLACK
  6
CONTINUOUS
100
AcDbLine
 10
2.3554168897637795
 20
1.1471292125984252
 30
0
 11
2.3554766929133857
 21
1.1471901181102362
 31
0
  0
LINE
  5
E44
330
1A
100
AcDbEntity
  8
BLACK
  6
CONTINUOUS
100
AcDbLine
 10
2.3554766929133857
 20
1.1471901181102362
 30
0
 11
2.4153572834645667
 21
1.2070706692913387
 31
0
  0
LINE
  5
E45
330
1A
100
AcDbEntity
  8
BLACK
  6
CONTINUOUS
100
AcDbLine
 10
2.4153572834645667
 20
1.2070706692913387
 30
0
 11
2.4178105118110236
 21
1.2084102755905513
 31
0
  0
LINE
  5
E46
330
1A
100
AcDbEntity
  8
BLACK
  6
CONTINUOUS
100
AcDbLine
 10
2.4178105118110236
 20
1.2084102755905513
 30
0
 11
2.4188649606299211
 21
1.2085236220472442
 31
0
  0
LINE
  5
E47
330
1A
100
AcDbEntity
  8
BLACK
  6
CONTINUOUS
100
AcDbLine
 10
2.4188649606299211
 20
1.2085236220472442
 30
0
 11
2.6458070866141732
 21
1.2085236220472442
 31
0
  0
LINE
  5
E48
330
1A
100
AcDbEntity
  8
BLACK
  6
CONTINUOUS
100
AcDbLine
 10
2.6458070866141732
 20
1.2085236220472442
 30
0
 11
2.6484890157480314
 21
1.2077361417322834
 31
0
  0
LINE
  5
E49
330
1A
100
AcDbEntity
  8
BLACK
  6
CONTINUOUS
100
AcDbLine
 10
2.6484890157480314
 20
1.2077361417322834
 30
0
 11
2.6503194488188977
 21
1.2056237007874016
 31
0
  0
LINE
  5
E4A
330
1A
100
AcDbEntity
  8
BLACK
  6
CONTINUOUS
100
AcDbLine
 10
2.6503194488188977
 20
1.2056237007874016
 30
0
 11
2.6507677165354329
 21
1.2035629921259843
 31
0
  0
LINE
  5
E4B
330
1A
100
AcDbEntity
  8
BLACK
  6
CONTINUOUS
100
AcDbLine
 10
2.6507677165354329
 20
1.2035629921259843
 30
0
 11
2.6507677165354329
 21
1.1981074803149605
 31
0
  0
LINE
  5
E4C
330
1A
100
AcDbEntity
  8
BLACK
  6
CONTINUOUS
100
AcDbLine
 10
2.6507677165354329
 20
1.1981074803149605
 30
0
 11
2.6508854724409447
 21
1.1970924803149605
 31
0
  0
LINE
  5
E4D
330
1A
100
AcDbEntity
  8
BLACK
  6
CONTINUOUS
100
AcDbLine
 10
2.6508854724409447
 20
1.1970924803149605
 30
0
 11
2.6508855118110235
 21
1.197092283464567
 31
0
  0
LINE
  5
E4E
330
1A
100
AcDbEntity
  8
BLACK
  6
CONTINUOUS
100
AcDbLine
 10
2.6508855118110235
 20
1.197092283464567
 30
0
 11
2.6527196456692912
 21
1.1929383858267717
 31
0
  0
LINE
  5
E4F
330
1A
100
AcDbEntity
  8
BLACK
  6
CONTINUOUS
100
AcDbLine
 10
2.6527196456692912
 20
1.1929383858267717
 30
0
 11
2.6527196850393699
 21
1.1929383070866142
 31
0
  0
LINE
  5
E50
330
1A
100
AcDbEntity
  8
BLACK
  6
CONTINUOUS
100
AcDbLine
 10
2.6527196850393699
 20
1.1929383070866142
 30
0
 11
2.6559303937007872
 21
1.1897275984251969
 31
0
  0
LINE
  5
E51
330
1A
100
AcDbEntity
  8
BLACK
  6
CONTINUOUS
100
AcDbLine
 10
2.6559303937007872
 20
1.1897275984251969
 30
0
 11
2.6559304724409447
 21
1.1897275590551182
 31
0
  0
LINE
  5
E52
330
1A
100
AcDbEntity
  8
BLACK
  6
CONTINUOUS
100
AcDbLine
 10
2.6559304724409447
 20
1.1897275590551182
 30
0
 11
2.6559305118110235
 21
1.1897275196850394
 31
0
  0
LINE
  5
E53
330
1A
100
AcDbEntity
  8
BLACK
  6
CONTINUOUS
100
AcDbLine
 10
2.6559305118110235
 20
1.1897275196850394
 30
0
 11
2.6600844488188975
 21
1.1878933858267717
 31
0
  0
LINE
  5
E54
330
1A
100
AcDbEntity
  8
BLACK
  6
CONTINUOUS
100
AcDbLine
 10
2.6600844488188975
 20
1.1878933858267717
 30
0
 11
2.6610996850393702
 21
1.1877756299212598
 31
0
  0
LINE
  5
E55
330
1A
100
AcDbEntity
  8
BLACK
  6
CONTINUOUS
100
AcDbLine
 10
2.6610996850393702
 20
1.1877756299212598
 30
0
 11
2.661099803149606
 21
1.1877755905511811
 31
0
  0
LINE
  5
E56
330
1A
100
AcDbEntity
  8
BLACK
  6
CONTINUOUS
100
AcDbLine
 10
2.661099803149606
 20
1.1877755905511811
 30
0
 11
2.6610998425196848
 21
1.1877755905511811
 31
0
  0
LINE
  5
E57
330
1A
100
AcDbEntity
  8
BLACK
  6
CONTINUOUS
100
AcDbLine
 10
2.6610998425196848
 20
1.1877755905511811
 30
0
 11
2.724726968503937
 21
1.1877755905511811
 31
0
  0
LINE
  5
E58
330
1A
100
AcDbEntity
  8
BLACK
  6
CONTINUOUS
100
AcDbLine
 10
2.724726968503937
 20
1.1877755905511811
 30
0
 11
2.7247270078740158
 21
1.1877756299212598
 31
0
  0
LINE
  5
E59
330
1A
100
AcDbEntity
  8
BLACK
  6
CONTINUOUS
100
AcDbLine
 10
2.7247270078740158
 20
1.1877756299212598
 30
0
 11
2.7257423228346456
 21
1.1878933858267717
 31
0
  0
LINE
  5
E5A
330
1A
100
AcDbEntity
  8
BLACK
  6
CONTINUOUS
100
AcDbLine
 10
2.7257423228346456
 20
1.1878933858267717
 30
0
 11
2.7298962598425196
 21
1.1897275196850394
 31
0
  0
LINE
  5
E5B
330
1A
100
AcDbEntity
  8
BLACK
  6
CONTINUOUS
100
AcDbLine
 10
2.7298962598425196
 20
1.1897275196850394
 30
0
 11
2.7331071259842519
 21
1.1929383858267717
 31
0
  0
LINE
  5
E5C
330
1A
100
AcDbEntity
  8
BLACK
  6
CONTINUOUS
100
AcDbLine
 10
2.7331071259842519
 20
1.1929383858267717
 30
0
 11
2.7349412598425196
 21
1.1970923228346457
 31
0
  0
LINE
  5
E5D
330
1A
100
AcDbEntity
  8
BLACK
  6
CONTINUOUS
100
AcDbLine
 10
2.7349412598425196
 20
1.1970923228346457
 30
0
 11
2.7350590551181102
 21
1.198107716535433
 31
0
  0
LINE
  5
E5E
330
1A
100
AcDbEntity
  8
BLACK
  6
CONTINUOUS
100
AcDbLine
 10
2.7350590551181102
 20
1.198107716535433
 30
0
 11
2.7350590551181102
 21
1.2460955511811023
 31
0
  0
LINE
  5
E5F
330
1A
100
AcDbEntity
  8
BLACK
  6
CONTINUOUS
100
AcDbLine
 10
2.7350590551181102
 20
1.2460955511811023
 30
0
 11
2.7358465354330708
 21
1.2487774803149605
 31
0
  0
LINE
  5
E60
330
1A
100
AcDbEntity
  8
BLACK
  6
CONTINUOUS
100
AcDbLine
 10
2.7358465354330708
 20
1.2487774803149605
 30
0
 11
2.7379589763779526
 21
1.2506079133858268
 31
0
  0
LINE
  5
E61
330
1A
100
AcDbEntity
  8
BLACK
  6
CONTINUOUS
100
AcDbLine
 10
2.7379589763779526
 20
1.2506079133858268
 30
0
 11
2.7407256692913387
 21
1.2510057086614172
 31
0
  0
LINE
  5
E62
330
1A
100
AcDbEntity
  8
BLACK
  6
CONTINUOUS
100
AcDbLine
 10
2.7407256692913387
 20
1.2510057086614172
 30
0
 11
2.7432681889763777
 21
1.2498445275590551
 31
0
  0
LINE
  5
E63
330
1A
100
AcDbEntity
  8
BLACK
  6
CONTINUOUS
100
AcDbLine
 10
2.7432681889763777
 20
1.2498445275590551
 30
0
 11
2.7435273622047243
 21
1.2496032283464567
 31
0
  0
LINE
  5
E64
330
1A
100
AcDbEntity
  8
BLACK
  6
CONTINUOUS
100
AcDbLine
 10
2.7435273622047243
 20
1.2496032283464567
 30
0
 11
2.7493147637795277
 21
1.2438158267716535
 31
0
  0
LINE
  5
E65
330
1A
100
AcDbEntity
  8
BLACK
  6
CONTINUOUS
100
AcDbLine
 10
2.7493147637795277
 20
1.2438158267716535
 30
0
 11
2.75065437007874
 21
1.2413625984251968
 31
0
  0
LINE
  5
E66
330
1A
100
AcDbEntity
  8
BLACK
  6
CONTINUOUS
100
AcDbLine
 10
2.75065437007874
 20
1.2413625984251968
 30
0
 11
2.7507677165354329
 21
1.2403081496062991
 31
0
  0
LINE
  5
E67
330
1A
100
AcDbEntity
  8
BLACK
  6
CONTINUOUS
100
AcDbLine
 10
2.7507677165354329
 20
1.2403081496062991
 30
0
 11
2.7507677165354329
 21
1.1981074803149605
 31
0
  0
LINE
  5
E68
330
1A
100
AcDbEntity
  8
BLACK
  6
CONTINUOUS
100
AcDbLine
 10
2.7507677165354329
 20
1.1981074803149605
 30
0
 11
2.7508854724409448
 21
1.1970924803149605
 31
0
  0
LINE
  5
E69
330
1A
100
AcDbEntity
  8
BLACK
  6
CONTINUOUS
100
AcDbLine
 10
2.7508854724409448
 20
1.1970924803149605
 30
0
 11
2.7508855118110236
 21
1.197092283464567
 31
0
  0
LINE
  5
E6A
330
1A
100
AcDbEntity
  8
BLACK
  6
CONTINUOUS
100
AcDbLine
 10
2.7508855118110236
 20
1.197092283464567
 30
0
 11
2.7527196456692913
 21
1.1929383858267717
 31
0
  0
LINE
  5
E6B
330
1A
100
AcDbEntity
  8
BLACK
  6
CONTINUOUS
100
AcDbLine
 10
2.7527196456692913
 20
1.1929383858267717
 30
0
 11
2.75271968503937
 21
1.1929383070866142
 31
0
  0
LINE
  5
E6C
330
1A
100
AcDbEntity
  8
BLACK
  6
CONTINUOUS
100
AcDbLine
 10
2.75271968503937
 20
1.1929383070866142
 30
0
 11
2.7559303937007873
 21
1.1897275984251969
 31
0
  0
LINE
  5
E6D
330
1A
100
AcDbEntity
  8
BLACK
  6
CONTINUOUS
100
AcDbLine
 10
2.7559303937007873
 20
1.1897275984251969
 30
0
 11
2.7559304724409448
 21
1.1897275590551182
 31
0
  0
LINE
  5
E6E
330
1A
100
AcDbEntity
  8
BLACK
  6
CONTINUOUS
100
AcDbLine
 10
2.7559304724409448
 20
1.1897275590551182
 30
0
 11
2.7559305118110236
 21
1.1897275196850394
 31
0
  0
LINE
  5
E6F
330
1A
100
AcDbEntity
  8
BLACK
  6
CONTINUOUS
100
AcDbLine
 10
2.7559305118110236
 20
1.1897275196850394
 30
0
 11
2.7600844488188976
 21
1.1878933858267717
 31
0
  0
LINE
  5
E70
330
1A
100
AcDbEntity
  8
BLACK
  6
CONTINUOUS
100
AcDbLine
 10
2.7600844488188976
 20
1.1878933858267717
 30
0
 11
2.7610996850393699
 21
1.1877756299212598
 31
0
  0
LINE
  5
E71
330
1A
100
AcDbEntity
  8
BLACK
  6
CONTINUOUS
100
AcDbLine
 10
2.7610996850393699
 20
1.1877756299212598
 30
0
 11
2.7610998031496061
 21
1.1877755905511811
 31
0
  0
LINE
  5
E72
330
1A
100
AcDbEntity
  8
BLACK
  6
CONTINUOUS
100
AcDbLine
 10
2.7610998031496061
 20
1.1877755905511811
 30
0
 11
2.7610998425196849
 21
1.1877755905511811
 31
0
  0
LINE
  5
E73
330
1A
100
AcDbEntity
  8
BLACK
  6
CONTINUOUS
100
AcDbLine
 10
2.7610998425196849
 20
1.1877755905511811
 30
0
 11
2.8247269685039371
 21
1.1877755905511811
 31
0
  0
LINE
  5
E74
330
1A
100
AcDbEntity
  8
BLACK
  6
CONTINUOUS
100
AcDbLine
 10
2.8247269685039371
 20
1.1877755905511811
 30
0
 11
2.8247270078740159
 21
1.1877756299212598
 31
0
  0
LINE
  5
E75
330
1A
100
AcDbEntity
  8
BLACK
  6
CONTINUOUS
100
AcDbLine
 10
2.8247270078740159
 20
1.1877756299212598
 30
0
 11
2.8257423228346457
 21
1.1878933858267717
 31
0
  0
LINE
  5
E76
330
1A
100
AcDbEntity
  8
BLACK
  6
CONTINUOUS
100
AcDbLine
 10
2.8257423228346457
 20
1.1878933858267717
 30
0
 11
2.8298962598425197
 21
1.1897275196850394
 31
0
  0
LINE
  5
E77
330
1A
100
AcDbEntity
  8
BLACK
  6
CONTINUOUS
100
AcDbLine
 10
2.8298962598425197
 20
1.1897275196850394
 30
0
 11
2.833107125984252
 21
1.1929383858267717
 31
0
  0
LINE
  5
E78
330
1A
100
AcDbEntity
  8
BLACK
  6
CONTINUOUS
100
AcDbLine
 10
2.833107125984252
 20
1.1929383858267717
 30
0
 11
2.8349412598425197
 21
1.1970923228346457
 31
0
  0
LINE
  5
E79
330
1A
100
AcDbEntity
  8
BLACK
  6
CONTINUOUS
100
AcDbLine
 10
2.8349412598425197
 20
1.1970923228346457
 30
0
 11
2.8350590551181103
 21
1.198107716535433
 31
0
  0
LINE
  5
E7A
330
1A
100
AcDbEntity
  8
BLACK
  6
CONTINUOUS
100
AcDbLine
 10
2.8350590551181103
 20
1.198107716535433
 30
0
 11
2.8350590551181103
 21
1.2617348031496063
 31
0
  0
LINE
  5
E7B
330
1A
100
AcDbEntity
  8
BLACK
  6
CONTINUOUS
100
AcDbLine
 10
2.8350590551181103
 20
1.2617348031496063
 30
0
 11
2.8349412598425197
 21
1.2627501968503936
 31
0
  0
LINE
  5
E7C
330
1A
100
AcDbEntity
  8
BLACK
  6
CONTINUOUS
100
AcDbLine
 10
2.8349412598425197
 20
1.2627501968503936
 30
0
 11
2.833107125984252
 21
1.2669041338582676
 31
0
  0
LINE
  5
E7D
330
1A
100
AcDbEntity
  8
BLACK
  6
CONTINUOUS
100
AcDbLine
 10
2.833107125984252
 20
1.2669041338582676
 30
0
 11
2.8331070866141732
 21
1.2669041732283464
 31
0
  0
LINE
  5
E7E
330
1A
100
AcDbEntity
  8
BLACK
  6
CONTINUOUS
100
AcDbLine
 10
2.8331070866141732
 20
1.2669041732283464
 30
0
 11
2.8331070472440945
 21
1.2669042519685039
 31
0
  0
LINE
  5
E7F
330
1A
100
AcDbEntity
  8
BLACK
  6
CONTINUOUS
100
AcDbLine
 10
2.8331070472440945
 20
1.2669042519685039
 30
0
 11
2.8298963385826772
 21
1.2701149606299211
 31
0
  0
LINE
  5
E80
330
1A
100
AcDbEntity
  8
BLACK
  6
CONTINUOUS
100
AcDbLine
 10
2.8298963385826772
 20
1.2701149606299211
 30
0
 11
2.8298962598425197
 21
1.2701149999999999
 31
0
  0
LINE
  5
E81
330
1A
100
AcDbEntity
  8
BLACK
  6
CONTINUOUS
100
AcDbLine
 10
2.8298962598425197
 20
1.2701149999999999
 30
0
 11
2.8257423622047244
 21
1.2719491338582676
 31
0
  0
LINE
  5
E82
330
1A
100
AcDbEntity
  8
BLACK
  6
CONTINUOUS
100
AcDbLine
 10
2.8257423622047244
 20
1.2719491338582676
 30
0
 11
2.8257421653543306
 21
1.2719491732283463
 31
0
  0
LINE
  5
E83
330
1A
100
AcDbEntity
  8
BLACK
  6
CONTINUOUS
100
AcDbLine
 10
2.8257421653543306
 20
1.2719491732283463
 30
0
 11
2.8247271653543304
 21
1.2720669291338582
 31
0
  0
LINE
  5
E84
330
1A
100
AcDbEntity
  8
BLACK
  6
CONTINUOUS
100
AcDbLine
 10
2.8247271653543304
 20
1.2720669291338582
 30
0
 11
2.8247269291338584
 21
1.2720669291338582
 31
0
  0
LINE
  5
E85
330
1A
100
AcDbEntity
  8
BLACK
  6
CONTINUOUS
100
AcDbLine
 10
2.8247269291338584
 20
1.2720669291338582
 30
0
 11
2.7825264960629918
 21
1.2720669291338582
 31
0
  0
LINE
  5
E86
330
1A
100
AcDbEntity
  8
BLACK
  6
CONTINUOUS
100
AcDbLine
 10
2.7825264960629918
 20
1.2720669291338582
 30
0
 11
2.7798445669291336
 21
1.2728544094488188
 31
0
  0
LINE
  5
E87
330
1A
100
AcDbEntity
  8
BLACK
  6
CONTINUOUS
100
AcDbLine
 10
2.7798445669291336
 20
1.2728544094488188
 30
0
 11
2.7790188188976379
 21
1.2735198818897637
 31
0
  0
LINE
  5
E88
330
1A
100
AcDbEntity
  8
BLACK
  6
CONTINUOUS
100
AcDbLine
 10
2.7790188188976379
 20
1.2735198818897637
 30
0
 11
2.7632320866141731
 21
1.2893066141732283
 31
0
  0
LINE
  5
E89
330
1A
100
AcDbEntity
  8
BLACK
  6
CONTINUOUS
100
AcDbLine
 10
2.7632320866141731
 20
1.2893066141732283
 30
0
 11
2.7632316141732285
 21
1.2893071653543307
 31
0
  0
LINE
  5
E8A
330
1A
100
AcDbEntity
  8
BLACK
  6
CONTINUOUS
100
AcDbLine
 10
2.7632316141732285
 20
1.2893071653543307
 30
0
 11
2.7590387007874013
 21
1.2935000787401574
 31
0
  0
LINE
  5
E8B
330
1A
100
AcDbEntity
  8
BLACK
  6
CONTINUOUS
100
AcDbLine
 10
2.7590387007874013
 20
1.2935000787401574
 30
0
 11
2.7590383070866142
 21
1.2935003937007874
 31
0
  0
LINE
  5
E8C
330
1A
100
AcDbEntity
  8
BLACK
  6
CONTINUOUS
100
AcDbLine
 10
2.7590383070866142
 20
1.2935003937007874
 30
0
 11
2.7557651181102361
 21
1.2953901574803148
 31
0
  0
LINE
  5
E8D
330
1A
100
AcDbEntity
  8
BLACK
  6
CONTINUOUS
100
AcDbLine
 10
2.7557651181102361
 20
1.2953901574803148
 30
0
 11
2.7557651181102361
 21
1.2953901181102363
 31
0
  0
LINE
  5
E8E
330
1A
100
AcDbEntity
  8
BLACK
  6
CONTINUOUS
100
AcDbLine
 10
2.7557651181102361
 20
1.2953901181102363
 30
0
 11
2.7542489763779527
 21
1.2962654724409448
 31
0
  0
LINE
  5
E8F
330
1A
100
AcDbEntity
  8
BLACK
  6
CONTINUOUS
100
AcDbLine
 10
2.7542489763779527
 20
1.2962654724409448
 30
0
 11
2.7542488976377952
 21
1.2962655118110236
 31
0
  0
LINE
  5
E90
330
1A
100
AcDbEntity
  8
BLACK
  6
CONTINUOUS
100
AcDbLine
 10
2.7542488976377952
 20
1.2962655118110236
 30
0
 11
2.7542488188976377
 21
1.2962655511811023
 31
0
  0
LINE
  5
E91
330
1A
100
AcDbEntity
  8
BLACK
  6
CONTINUOUS
100
AcDbLine
 10
2.7542488188976377
 20
1.2962655511811023
 30
0
 11
2.7489070866141732
 21
1.2976968897637795
 31
0
  0
LINE
  5
E92
330
1A
100
AcDbEntity
  8
BLACK
  6
CONTINUOUS
100
AcDbLine
 10
2.7489070866141732
 20
1.2976968897637795
 30
0
 11
2.7489069685039369
 21
1.2976968897637795
 31
0
  0
LINE
  5
E93
330
1A
100
AcDbEntity
  8
BLACK
  6
CONTINUOUS
100
AcDbLine
 10
2.7489069685039369
 20
1.2976968897637795
 30
0
 11
2.7433764960629921
 21
1.2976968897637795
 31
0
  0
LINE
  5
E94
330
1A
100
AcDbEntity
  8
BLACK
  6
CONTINUOUS
100
AcDbLine
 10
2.7433764960629921
 20
1.2976968897637795
 30
0
 11
2.7430726377952754
 21
1.2976968897637795
 31
0
  0
LINE
  5
E95
330
1A
100
AcDbEntity
  8
BLACK
  6
CONTINUOUS
100
AcDbLine
 10
2.7430726377952754
 20
1.2976968897637795
 30
0
 11
2.7430720078740158
 21
1.2976968503937008
 31
0
  0
LINE
  5
E96
330
1A
100
AcDbEntity
  8
BLACK
  6
CONTINUOUS
100
AcDbLine
 10
2.7430720078740158
 20
1.2976968503937008
 30
0
 11
2.3886029527559054
 21
1.2976968503937008
 31
0
  0
LINE
  5
E97
330
1A
100
AcDbEntity
  8
BLACK
  6
CONTINUOUS
100
AcDbLine
 10
2.3886029527559054
 20
1.2976968503937008
 30
0
 11
2.3860910236220474
 21
1.297023779527559
 31
0
  0
LINE
  5
E98
330
1A
100
AcDbEntity
  8
BLACK
  6
CONTINUOUS
100
AcDbLine
 10
2.3860910236220474
 20
1.297023779527559
 30
0
 11
2.3832609055118108
 21
1.2962654724409448
 31
0
  0
LINE
  5
E99
330
1A
100
AcDbEntity
  8
BLACK
  6
CONTINUOUS
100
AcDbLine
 10
2.3832609055118108
 20
1.2962654724409448
 30
0
 11
2.3784714960629922
 21
1.2935003149606299
 31
0
  0
LINE
  5
E9A
330
1A
100
AcDbEntity
  8
BLACK
  6
CONTINUOUS
100
AcDbLine
 10
2.3784714960629922
 20
1.2935003149606299
 30
0
 11
2.378471377952756
 21
1.2935002362204724
 31
0
  0
LINE
  5
E9B
330
1A
100
AcDbEntity
  8
BLACK
  6
CONTINUOUS
100
AcDbLine
 10
2.378471377952756
 20
1.2935002362204724
 30
0
 11
2.377426220472441
 21
1.2924550393700787
 31
0
  0
LINE
  5
E9C
330
1A
100
AcDbEntity
  8
BLACK
  6
CONTINUOUS
100
AcDbLine
 10
2.377426220472441
 20
1.2924550393700787
 30
0
 11
2.3745608267716536
 21
1.2895896456692912
 31
0
  0
LINE
  5
E9D
330
1A
100
AcDbEntity
  8
BLACK
  6
CONTINUOUS
100
AcDbLine
 10
2.3745608267716536
 20
1.2895896456692912
 30
0
 11
2.2939119685039371
 21
1.2089407874015747
 31
0
  0
LINE
  5
E9E
330
1A
100
AcDbEntity
  8
BLACK
  6
CONTINUOUS
100
AcDbLine
 10
2.2939119685039371
 20
1.2089407874015747
 30
0
 11
2.2914587401574802
 21
1.2076011811023621
 31
0
  0
LINE
  5
E9F
330
1A
100
AcDbEntity
  8
BLACK
  6
CONTINUOUS
100
AcDbLine
 10
2.2914587401574802
 20
1.2076011811023621
 30
0
 11
2.2913721259842519
 21
1.2075831496062992
 31
0
  0
LINE
  5
EA0
330
1A
100
AcDbEntity
  8
BLACK
  6
CONTINUOUS
100
AcDbLine
 10
2.2913721259842519
 20
1.2075831496062992
 30
0
 11
2.2872303149606297
 21
1.2067592913385827
 31
0
  0
LINE
  5
EA1
330
1A
100
AcDbEntity
  8
BLACK
  6
CONTINUOUS
100
AcDbLine
 10
2.2872303149606297
 20
1.2067592913385827
 30
0
 11
2.2862892913385826
 21
1.2065720866141731
 31
0
  0
LINE
  5
EA2
330
1A
100
AcDbEntity
  8
BLACK
  6
CONTINUOUS
100
AcDbLine
 10
2.2862892913385826
 20
1.2065720866141731
 30
0
 11
2.2862892519685039
 21
1.2065720866141731
 31
0
  0
LINE
  5
EA3
330
1A
100
AcDbEntity
  8
BLACK
  6
CONTINUOUS
100
AcDbLine
 10
2.2862892519685039
 20
1.2065720866141731
 30
0
 11
2.2862889370078738
 21
1.2065720078740156
 31
0
  0
LINE
  5
EA4
330
1A
100
AcDbEntity
  8
BLACK
  6
CONTINUOUS
100
AcDbLine
 10
2.2862889370078738
 20
1.2065720078740156
 30
0
 11
2.2812131102362203
 21
1.2044694881889764
 31
0
  0
LINE
  5
EA5
330
1A
100
AcDbEntity
  8
BLACK
  6
CONTINUOUS
100
AcDbLine
 10
2.2812131102362203
 20
1.2044694881889764
 30
0
 11
2.2812129527559053
 21
1.2044694094488189
 31
0
  0
LINE
  5
EA6
330
1A
100
AcDbEntity
  8
BLACK
  6
CONTINUOUS
100
AcDbLine
 10
2.2812129527559053
 20
1.2044694094488189
 30
0
 11
2.276644566929134
 21
1.2014168897637796
 31
0
  0
LINE
  5
EA7
330
1A
100
AcDbEntity
  8
BLACK
  6
CONTINUOUS
100
AcDbLine
 10
2.276644566929134
 20
1.2014168897637796
 30
0
 11
2.2766442913385827
 21
1.2014166929133858
 31
0
  0
LINE
  5
EA8
330
1A
100
AcDbEntity
  8
BLACK
  6
CONTINUOUS
100
AcDbLine
 10
2.2766442913385827
 20
1.2014166929133858
 30
0
 11
2.2727592125984253
 21
1.1975316141732284
 31
0
  0
LINE
  5
EA9
330
1A
100
AcDbEntity
  8
BLACK
  6
CONTINUOUS
100
AcDbLine
 10
2.2727592125984253
 20
1.1975316141732284
 30
0
 11
2.2727590157480315
 21
1.1975313385826771
 31
0
  0
LINE
  5
EAA
330
1A
100
AcDbEntity
  8
BLACK
  6
CONTINUOUS
100
AcDbLine
 10
2.2727590157480315
 20
1.1975313385826771
 30
0
 11
2.2697064960629922
 21
1.1929629527559056
 31
0
  0
LINE
  5
EAB
330
1A
100
AcDbEntity
  8
BLACK
  6
CONTINUOUS
100
AcDbLine
 10
2.2697064960629922
 20
1.1929629527559056
 30
0
 11
2.2697064173228347
 21
1.1929627952755906
 31
0
  0
LINE
  5
EAC
330
1A
100
AcDbEntity
  8
BLACK
  6
CONTINUOUS
100
AcDbLine
 10
2.2697064173228347
 20
1.1929627952755906
 30
0
 11
2.267603897637795
 21
1.1878869291338583
 31
0
  0
LINE
  5
EAD
330
1A
100
AcDbEntity
  8
BLACK
  6
CONTINUOUS
100
AcDbLine
 10
2.267603897637795
 20
1.1878869291338583
 30
0
 11
2.267603818897638
 21
1.1878866929133858
 31
0
  0
LINE
  5
EAE
330
1A
100
AcDbEntity
  8
BLACK
  6
CONTINUOUS
100
AcDbLine
 10
2.267603818897638
 20
1.1878866929133858
 30
0
 11
2.267603818897638
 21
1.1878866141732283
 31
0
  0
LINE
  5
EAF
330
1A
100
AcDbEntity
  8
BLACK
  6
CONTINUOUS
100
AcDbLine
 10
2.267603818897638
 20
1.1878866141732283
 30
0
 11
2.267168661417323
 21
1.1856988582677166
 31
0
  0
LINE
  5
EB0
330
1A
100
AcDbEntity
  8
BLACK
  6
CONTINUOUS
100
AcDbLine
 10
2.267168661417323
 20
1.1856988582677166
 30
0
 11
2.2665318897637796
 21
1.1824977165354331
 31
0
  0
LINE
  5
EB1
330
1A
100
AcDbEntity
  8
BLACK
  6
CONTINUOUS
100
AcDbLine
 10
2.2665318897637796
 20
1.1824977165354331
 30
0
 11
2.2665318897637796
 21
1.1770029527559054
 31
0
  0
LINE
  5
EB2
330
1A
100
AcDbEntity
  8
BLACK
  6
CONTINUOUS
100
AcDbLine
 10
2.064232283464567
 20
1.3606384645669292
 30
0
 11
2.0642933858267716
 21
1.3603313779527559
 31
0
  0
LINE
  5
EB3
330
1A
100
AcDbEntity
  8
BLACK
  6
CONTINUOUS
100
AcDbLine
 10
2.0642933858267716
 20
1.3603313779527559
 30
0
 11
2.0653042125984253
 21
1.355249527559055
 31
0
  0
LINE
  5
EB4
330
1A
100
AcDbEntity
  8
BLACK
  6
CONTINUOUS
100
AcDbLine
 10
2.0653042125984253
 20
1.355249527559055
 30
0
 11
2.0653042519685041
 21
1.3552494488188975
 31
0
  0
LINE
  5
EB5
330
1A
100
AcDbEntity
  8
BLACK
  6
CONTINUOUS
100
AcDbLine
 10
2.0653042519685041
 20
1.3552494488188975
 30
0
 11
2.0653042913385828
 21
1.355249251968504
 31
0
  0
LINE
  5
EB6
330
1A
100
AcDbEntity
  8
BLACK
  6
CONTINUOUS
100
AcDbLine
 10
2.0653042913385828
 20
1.355249251968504
 30
0
 11
2.0674068110236221
 21
1.3501733858267717
 31
0
  0
LINE
  5
EB7
330
1A
100
AcDbEntity
  8
BLACK
  6
CONTINUOUS
100
AcDbLine
 10
2.0674068110236221
 20
1.3501733858267717
 30
0
 11
2.0674068897637796
 21
1.3501732283464567
 31
0
  0
LINE
  5
EB8
330
1A
100
AcDbEntity
  8
BLACK
  6
CONTINUOUS
100
AcDbLine
 10
2.0674068897637796
 20
1.3501732283464567
 30
0
 11
2.0674069291338584
 21
1.3501731889763779
 31
0
  0
LINE
  5
EB9
330
1A
100
AcDbEntity
  8
BLACK
  6
CONTINUOUS
100
AcDbLine
 10
2.0674069291338584
 20
1.3501731889763779
 30
0
 11
2.0692319291338581
 21
1.3474418503937007
 31
0
  0
LINE
  5
EBA
330
1A
100
AcDbEntity
  8
BLACK
  6
CONTINUOUS
100
AcDbLine
 10
2.0692319291338581
 20
1.3474418503937007
 30
0
 11
2.0702860236220473
 21
1.3458643307086613
 31
0
  0
LINE
  5
EBB
330
1A
100
AcDbEntity
  8
BLACK
  6
CONTINUOUS
100
AcDbLine
 10
2.0702860236220473
 20
1.3458643307086613
 30
0
 11
2.0711212598425197
 21
1.3431968897637796
 31
0
  0
LINE
  5
EBC
330
1A
100
AcDbEntity
  8
BLACK
  6
CONTINUOUS
100
AcDbLine
 10
2.0711212598425197
 20
1.3431968897637796
 30
0
 11
2.0711220472440943
 21
1.3431083464566929
 31
0
  0
LINE
  5
EBD
330
1A
100
AcDbEntity
  8
BLACK
  6
CONTINUOUS
100
AcDbLine
 10
2.0711220472440943
 20
1.3431083464566929
 30
0
 11
2.0711220472440943
 21
1.2789857086614174
 31
0
  0
LINE
  5
EBE
330
1A
100
AcDbEntity
  8
BLACK
  6
CONTINUOUS
100
AcDbLine
 10
2.0711220472440943
 20
1.2789857086614174
 30
0
 11
2.0710796062992127
 21
1.2783381889763779
 31
0
  0
LINE
  5
EBF
330
1A
100
AcDbEntity
  8
BLACK
  6
CONTINUOUS
100
AcDbLine
 10
2.0710796062992127
 20
1.2783381889763779
 30
0
 11
2.0710594094488188
 21
1.2781848031496064
 31
0
  0
LINE
  5
EC0
330
1A
100
AcDbEntity
  8
BLACK
  6
CONTINUOUS
100
AcDbLine
 10
2.0710594094488188
 20
1.2781848031496064
 30
0
 11
2.0710594094488188
 21
1.2722547637795276
 31
0
  0
LINE
  5
EC1
330
1A
100
AcDbEntity
  8
BLACK
  6
CONTINUOUS
100
AcDbLine
 10
2.0710594094488188
 20
1.2722547637795276
 30
0
 11
2.0710594488188976
 21
1.2722542519685038
 31
0
  0
LINE
  5
EC2
330
1A
100
AcDbEntity
  8
BLACK
  6
CONTINUOUS
100
AcDbLine
 10
2.0710594488188976
 20
1.2722542519685038
 30
0
 11
2.0710594488188976
 21
1.1540799212598425
 31
0
  0
LINE
  5
EC3
330
1A
100
AcDbEntity
  8
BLACK
  6
CONTINUOUS
100
AcDbLine
 10
2.0710594488188976
 20
1.1540799212598425
 30
0
 11
2.0710594094488188
 21
1.1540792125984252
 31
0
  0
LINE
  5
EC4
330
1A
100
AcDbEntity
  8
BLACK
  6
CONTINUOUS
100
AcDbLine
 10
2.0710594094488188
 20
1.1540792125984252
 30
0
 11
2.0710594094488188
 21
1.1482448031496062
 31
0
  0
LINE
  5
EC5
330
1A
100
AcDbEntity
  8
BLACK
  6
CONTINUOUS
100
AcDbLine
 10
2.0710594094488188
 20
1.1482448031496062
 30
0
 11
2.0724907874015748
 21
1.1429029527559056
 31
0
  0
LINE
  5
EC6
330
1A
100
AcDbEntity
  8
BLACK
  6
CONTINUOUS
100
AcDbLine
 10
2.0724907874015748
 20
1.1429029527559056
 30
0
 11
2.0732877559055116
 21
1.1415225196850394
 31
0
  0
LINE
  5
EC7
330
1A
100
AcDbEntity
  8
BLACK
  6
CONTINUOUS
100
AcDbLine
 10
2.0732877559055116
 20
1.1415225196850394
 30
0
 11
2.0732877952755904
 21
1.1415225196850394
 31
0
  0
LINE
  5
EC8
330
1A
100
AcDbEntity
  8
BLACK
  6
CONTINUOUS
100
AcDbLine
 10
2.0732877952755904
 20
1.1415225196850394
 30
0
 11
2.0752559055118112
 21
1.1381135826771653
 31
0
  0
LINE
  5
EC9
330
1A
100
AcDbEntity
  8
BLACK
  6
CONTINUOUS
100
AcDbLine
 10
2.0752559055118112
 20
1.1381135826771653
 30
0
 11
2.0752562204724407
 21
1.138113188976378
 31
0
  0
LINE
  5
ECA
330
1A
100
AcDbEntity
  8
BLACK
  6
CONTINUOUS
100
AcDbLine
 10
2.0752562204724407
 20
1.138113188976378
 30
0
 11
2.0794491338582675
 21
1.1339202755905511
 31
0
  0
LINE
  5
ECB
330
1A
100
AcDbEntity
  8
BLACK
  6
CONTINUOUS
100
AcDbLine
 10
2.0794491338582675
 20
1.1339202755905511
 30
0
 11
2.07944968503937
 21
1.1339198031496063
 31
0
  0
LINE
  5
ECC
330
1A
100
AcDbEntity
  8
BLACK
  6
CONTINUOUS
100
AcDbLine
 10
2.07944968503937
 20
1.1339198031496063
 30
0
 11
2.1668146456692914
 21
1.0465548425196851
 31
0
  0
LINE
  5
ECD
330
1A
100
AcDbEntity
  8
BLACK
  6
CONTINUOUS
100
AcDbLine
 10
2.1668146456692914
 20
1.0465548425196851
 30
0
 11
2.1668154724409447
 21
1.046553937007874
 31
0
  0
LINE
  5
ECE
330
1A
100
AcDbEntity
  8
BLACK
  6
CONTINUOUS
100
AcDbLine
 10
2.1668154724409447
 20
1.046553937007874
 30
0
 11
2.1708986614173229
 21
1.0424707480314961
 31
0
  0
LINE
  5
ECF
330
1A
100
AcDbEntity
  8
BLACK
  6
CONTINUOUS
100
AcDbLine
 10
2.1708986614173229
 20
1.0424707480314961
 30
0
 11
2.1708988582677167
 21
1.0424705905511811
 31
0
  0
LINE
  5
ED0
330
1A
100
AcDbEntity
  8
BLACK
  6
CONTINUOUS
100
AcDbLine
 10
2.1708988582677167
 20
1.0424705905511811
 30
0
 11
2.1708989370078742
 21
1.0424705118110236
 31
0
  0
LINE
  5
ED1
330
1A
100
AcDbEntity
  8
BLACK
  6
CONTINUOUS
100
AcDbLine
 10
2.1708989370078742
 20
1.0424705118110236
 30
0
 11
2.1708989763779529
 21
1.0424704724409448
 31
0
  0
LINE
  5
ED2
330
1A
100
AcDbEntity
  8
BLACK
  6
CONTINUOUS
100
AcDbLine
 10
2.1708989763779529
 20
1.0424704724409448
 30
0
 11
2.17089905511811
 21
1.0424704330708661
 31
0
  0
LINE
  5
ED3
330
1A
100
AcDbEntity
  8
BLACK
  6
CONTINUOUS
100
AcDbLine
 10
2.17089905511811
 20
1.0424704330708661
 30
0
 11
2.1738653937007872
 21
1.0407578346456692
 31
0
  0
LINE
  5
ED4
330
1A
100
AcDbEntity
  8
BLACK
  6
CONTINUOUS
100
AcDbLine
 10
2.1738653937007872
 20
1.0407578346456692
 30
0
 11
2.1756883464566927
 21
1.0397053543307087
 31
0
  0
LINE
  5
ED5
330
1A
100
AcDbEntity
  8
BLACK
  6
CONTINUOUS
100
AcDbLine
 10
2.1756883464566927
 20
1.0397053543307087
 30
0
 11
2.175688464566929
 21
1.0397053149606299
 31
0
  0
LINE
  5
ED6
330
1A
100
AcDbEntity
  8
BLACK
  6
CONTINUOUS
100
AcDbLine
 10
2.175688464566929
 20
1.0397053149606299
 30
0
 11
2.1810304330708661
 21
1.0382738976377952
 31
0
  0
LINE
  5
ED7
330
1A
100
AcDbEntity
  8
BLACK
  6
CONTINUOUS
100
AcDbLine
 10
2.1810304330708661
 20
1.0382738976377952
 30
0
 11
2.1868647637795275
 21
1.0382738976377952
 31
0
  0
LINE
  5
ED8
330
1A
100
AcDbEntity
  8
BLACK
  6
CONTINUOUS
100
AcDbLine
 10
2.1868647637795275
 20
1.0382738976377952
 30
0
 11
2.1868653937007871
 21
1.038273937007874
 31
0
  0
LINE
  5
ED9
330
1A
100
AcDbEntity
  8
BLACK
  6
CONTINUOUS
100
AcDbLine
 10
2.1868653937007871
 20
1.038273937007874
 30
0
 11
2.2529620866141733
 21
1.038273937007874
 31
0
  0
LINE
  5
EDA
330
1A
100
AcDbEntity
  8
BLACK
  6
CONTINUOUS
100
AcDbLine
 10
2.2529620866141733
 20
1.038273937007874
 30
0
 11
2.2556440157480315
 21
1.0374864566929134
 31
0
  0
LINE
  5
EDB
330
1A
100
AcDbEntity
  8
BLACK
  6
CONTINUOUS
100
AcDbLine
 10
2.2556440157480315
 20
1.0374864566929134
 30
0
 11
2.2564697637795277
 21
1.0368209842519684
 31
0
  0
LINE
  5
EDC
330
1A
100
AcDbEntity
  8
BLACK
  6
CONTINUOUS
100
AcDbLine
 10
2.2564697637795277
 20
1.0368209842519684
 30
0
 11
2.2585422047244093
 21
1.0347485433070867
 31
0
  0
LINE
  5
EDD
330
1A
100
AcDbEntity
  8
BLACK
  6
CONTINUOUS
100
AcDbLine
 10
2.2585422047244093
 20
1.0347485433070867
 30
0
 11
2.2598818110236221
 21
1.03229531496063
 31
0
  0
LINE
  5
EDE
330
1A
100
AcDbEntity
  8
BLACK
  6
CONTINUOUS
100
AcDbLine
 10
2.2598818110236221
 20
1.03229531496063
 30
0
 11
2.259899842519685
 21
1.0322086614173227
 31
0
  0
LINE
  5
EDF
330
1A
100
AcDbEntity
  8
BLACK
  6
CONTINUOUS
100
AcDbLine
 10
2.259899842519685
 20
1.0322086614173227
 30
0
 11
2.2601146062992123
 21
1.0311290551181103
 31
0
  0
LINE
  5
EE0
330
1A
100
AcDbEntity
  8
BLACK
  6
CONTINUOUS
100
AcDbLine
 10
2.2601146062992123
 20
1.0311290551181103
 30
0
 11
2.2609109055118108
 21
1.0271258267716534
 31
0
  0
LINE
  5
EE1
330
1A
100
AcDbEntity
  8
BLACK
  6
CONTINUOUS
100
AcDbLine
 10
2.2609109055118108
 20
1.0271258267716534
 30
0
 11
2.2609109448818896
 21
1.0271257480314961
 31
0
  0
LINE
  5
EE2
330
1A
100
AcDbEntity
  8
BLACK
  6
CONTINUOUS
100
AcDbLine
 10
2.2609109448818896
 20
1.0271257480314961
 30
0
 11
2.2609109842519683
 21
1.0271255511811024
 31
0
  0
LINE
  5
EE3
330
1A
100
AcDbEntity
  8
BLACK
  6
CONTINUOUS
100
AcDbLine
 10
2.2609109842519683
 20
1.0271255511811024
 30
0
 11
2.2630135039370076
 21
1.0220496850393701
 31
0
  0
LINE
  5
EE4
330
1A
100
AcDbEntity
  8
BLACK
  6
CONTINUOUS
100
AcDbLine
 10
2.2630135039370076
 20
1.0220496850393701
 30
0
 11
2.2630135826771651
 21
1.0220495275590551
 31
0
  0
LINE
  5
EE5
330
1A
100
AcDbEntity
  8
BLACK
  6
CONTINUOUS
100
AcDbLine
 10
2.2630135826771651
 20
1.0220495275590551
 30
0
 11
2.2639958267716533
 21
1.0205794881889763
 31
0
  0
LINE
  5
EE6
330
1A
100
AcDbEntity
  8
BLACK
  6
CONTINUOUS
100
AcDbLine
 10
2.2639958267716533
 20
1.0205794881889763
 30
0
 11
2.2660662204724411
 21
1.0174809448818898
 31
0
  0
LINE
  5
EE7
330
1A
100
AcDbEntity
  8
BLACK
  6
CONTINUOUS
100
AcDbLine
 10
2.2660662204724411
 20
1.0174809448818898
 30
0
 11
2.2699514960629923
 21
1.0135956692913386
 31
0
  0
LINE
  5
EE8
330
1A
100
AcDbEntity
  8
BLACK
  6
CONTINUOUS
100
AcDbLine
 10
2.2699514960629923
 20
1.0135956692913386
 30
0
 11
2.2745200393700786
 21
1.0105430708661418
 31
0
  0
LINE
  5
EE9
330
1A
100
AcDbEntity
  8
BLACK
  6
CONTINUOUS
100
AcDbLine
 10
2.2745200393700786
 20
1.0105430708661418
 30
0
 11
2.2745201968503936
 21
1.0105429921259843
 31
0
  0
LINE
  5
EEA
330
1A
100
AcDbEntity
  8
BLACK
  6
CONTINUOUS
100
AcDbLine
 10
2.2745201968503936
 20
1.0105429921259843
 30
0
 11
2.2795960629921259
 21
1.0084404724409448
 31
0
  0
LINE
  5
EEB
330
1A
100
AcDbEntity
  8
BLACK
  6
CONTINUOUS
100
AcDbLine
 10
2.2795960629921259
 20
1.0084404724409448
 30
0
 11
2.2795961023622047
 21
1.0084404724409448
 31
0
  0
LINE
  5
EEC
330
1A
100
AcDbEntity
  8
BLACK
  6
CONTINUOUS
100
AcDbLine
 10
2.2795961023622047
 20
1.0084404724409448
 30
0
 11
2.2795963779527559
 21
1.0084403543307086
 31
0
  0
LINE
  5
EED
330
1A
100
AcDbEntity
  8
BLACK
  6
CONTINUOUS
100
AcDbLine
 10
2.2795963779527559
 20
1.0084403543307086
 30
0
 11
2.2849853937007873
 21
1.0073684251968504
 31
0
  0
LINE
  5
EEE
330
1A
100
AcDbEntity
  8
BLACK
  6
CONTINUOUS
100
AcDbLine
 10
2.2849853937007873
 20
1.0073684251968504
 30
0
 11
2.2849854330708661
 21
1.0073684251968504
 31
0
  0
LINE
  5
EEF
330
1A
100
AcDbEntity
  8
BLACK
  6
CONTINUOUS
100
AcDbLine
 10
2.2849854330708661
 20
1.0073684251968504
 30
0
 11
2.2904799212598426
 21
1.0073684251968504
 31
0
  0
LINE
  5
EF0
330
1A
100
AcDbEntity
  8
BLACK
  6
CONTINUOUS
100
AcDbLine
 10
2.2904799212598426
 20
1.0073684251968504
 30
0
 11
2.2904799606299213
 21
1.0073684251968504
 31
0
  0
LINE
  5
EF1
330
1A
100
AcDbEntity
  8
BLACK
  6
CONTINUOUS
100
AcDbLine
 10
2.2904799606299213
 20
1.0073684251968504
 30
0
 11
2.2958689763779527
 21
1.0084403543307086
 31
0
  0
LINE
  5
EF2
330
1A
100
AcDbEntity
  8
BLACK
  6
CONTINUOUS
100
AcDbLine
 10
2.2958689763779527
 20
1.0084403543307086
 30
0
 11
2.30094531496063
 21
1.0105430708661418
 31
0
  0
LINE
  5
EF3
330
1A
100
AcDbEntity
  8
BLACK
  6
CONTINUOUS
100
AcDbLine
 10
2.30094531496063
 20
1.0105430708661418
 30
0
 11
2.3055138582677164
 21
1.0135956692913386
 31
0
  0
LINE
  5
EF4
330
1A
100
AcDbEntity
  8
BLACK
  6
CONTINUOUS
100
AcDbLine
 10
2.3055138582677164
 20
1.0135956692913386
 30
0
 11
2.3093991338582676
 21
1.0174809448818898
 31
0
  0
LINE
  5
EF5
330
1A
100
AcDbEntity
  8
BLACK
  6
CONTINUOUS
100
AcDbLine
 10
2.3093991338582676
 20
1.0174809448818898
 30
0
 11
2.3124517322834643
 21
1.0220494881889763
 31
0
  0
LINE
  5
EF6
330
1A
100
AcDbEntity
  8
BLACK
  6
CONTINUOUS
100
AcDbLine
 10
2.3124517322834643
 20
1.0220494881889763
 30
0
 11
2.3145544488188974
 21
1.0271258267716534
 31
0
  0
LINE
  5
EF7
330
1A
100
AcDbEntity
  8
BLACK
  6
CONTINUOUS
100
AcDbLine
 10
2.3145544488188974
 20
1.0271258267716534
 30
0
 11
2.3156263779527557
 21
1.0325148425196851
 31
0
  0
LINE
  5
EF8
330
1A
100
AcDbEntity
  8
BLACK
  6
CONTINUOUS
100
AcDbLine
 10
2.3156263779527557
 20
1.0325148425196851
 30
0
 11
2.3156263779527557
 21
1.0380094094488188
 31
0
  0
LINE
  5
EF9
330
1A
100
AcDbEntity
  8
BLACK
  6
CONTINUOUS
100
AcDbLine
 10
2.3156263779527557
 20
1.0380094094488188
 30
0
 11
2.3145544488188974
 21
1.0433984251968504
 31
0
  0
LINE
  5
EFA
330
1A
100
AcDbEntity
  8
BLACK
  6
CONTINUOUS
100
AcDbLine
 10
2.3145544488188974
 20
1.0433984251968504
 30
0
 11
2.3135001968503937
 21
1.0459435826771653
 31
0
  0
LINE
  5
EFB
330
1A
100
AcDbEntity
  8
BLACK
  6
CONTINUOUS
100
AcDbLine
 10
2.3135001968503937
 20
1.0459435826771653
 30
0
 11
2.3124518110236219
 21
1.0484746062992125
 31
0
  0
LINE
  5
EFC
330
1A
100
AcDbEntity
  8
BLACK
  6
CONTINUOUS
100
AcDbLine
 10
2.3124518110236219
 20
1.0484746062992125
 30
0
 11
2.3124517322834643
 21
1.0484747637795275
 31
0
  0
LINE
  5
EFD
330
1A
100
AcDbEntity
  8
BLACK
  6
CONTINUOUS
100
AcDbLine
 10
2.3124517322834643
 20
1.0484747637795275
 30
0
 11
2.3122801181102361
 21
1.0487315748031496
 31
0
  0
LINE
  5
EFE
330
1A
100
AcDbEntity
  8
BLACK
  6
CONTINUOUS
100
AcDbLine
 10
2.3122801181102361
 20
1.0487315748031496
 30
0
 11
2.3093991338582676
 21
1.0530433070866141
 31
0
  0
LINE
  5
EFF
330
1A
100
AcDbEntity
  8
BLACK
  6
CONTINUOUS
100
AcDbLine
 10
2.3093991338582676
 20
1.0530433070866141
 30
0
 11
2.3055138582677164
 21
1.0569285826771653
 31
0
  0
LINE
  5
F00
330
1A
100
AcDbEntity
  8
BLACK
  6
CONTINUOUS
100
AcDbLine
 10
2.3055138582677164
 20
1.0569285826771653
 30
0
 11
2.30094531496063
 21
1.0599811811023623
 31
0
  0
LINE
  5
F01
330
1A
100
AcDbEntity
  8
BLACK
  6
CONTINUOUS
100
AcDbLine
 10
2.30094531496063
 20
1.0599811811023623
 30
0
 11
2.3009453543307088
 21
1.0599811811023623
 31
0
  0
LINE
  5
F02
330
1A
100
AcDbEntity
  8
BLACK
  6
CONTINUOUS
100
AcDbLine
 10
2.3009453543307088
 20
1.0599811811023623
 30
0
 11
2.3009452755905513
 21
1.0599812204724408
 31
0
  0
LINE
  5
F03
330
1A
100
AcDbEntity
  8
BLACK
  6
CONTINUOUS
100
AcDbLine
 10
2.3009452755905513
 20
1.0599812204724408
 30
0
 11
2.3009451181102363
 21
1.0599812992125983
 31
0
  0
LINE
  5
F04
330
1A
100
AcDbEntity
  8
BLACK
  6
CONTINUOUS
100
AcDbLine
 10
2.3009451181102363
 20
1.0599812992125983
 30
0
 11
2.295869251968504
 21
1.0620838188976378
 31
0
  0
LINE
  5
F05
330
1A
100
AcDbEntity
  8
BLACK
  6
CONTINUOUS
100
AcDbLine
 10
2.295869251968504
 20
1.0620838188976378
 30
0
 11
2.2958690551181102
 21
1.0620838582677166
 31
0
  0
LINE
  5
F06
330
1A
100
AcDbEntity
  8
BLACK
  6
CONTINUOUS
100
AcDbLine
 10
2.2958690551181102
 20
1.0620838582677166
 30
0
 11
2.2958689763779527
 21
1.0620838976377953
 31
0
  0
LINE
  5
F07
330
1A
100
AcDbEntity
  8
BLACK
  6
CONTINUOUS
100
AcDbLine
 10
2.2958689763779527
 20
1.0620838976377953
 30
0
 11
2.2938514566929133
 21
1.0624852362204724
 31
0
  0
LINE
  5
F08
330
1A
100
AcDbEntity
  8
BLACK
  6
CONTINUOUS
100
AcDbLine
 10
2.2938514566929133
 20
1.0624852362204724
 30
0
 11
2.2907861417322835
 21
1.0630949606299211
 31
0
  0
LINE
  5
F09
330
1A
100
AcDbEntity
  8
BLACK
  6
CONTINUOUS
100
AcDbLine
 10
2.2907861417322835
 20
1.0630949606299211
 30
0
 11
2.28830937007874
 21
1.0643905511811023
 31
0
  0
LINE
  5
F0A
330
1A
100
AcDbEntity
  8
BLACK
  6
CONTINUOUS
100
AcDbLine
 10
2.28830937007874
 20
1.0643905511811023
 30
0
 11
2.2882462598425195
 21
1.0644525984251969
 31
0
  0
LINE
  5
F0B
330
1A
100
AcDbEntity
  8
BLACK
  6
CONTINUOUS
100
AcDbLine
 10
2.2882462598425195
 20
1.0644525984251969
 30
0
 11
2.2808072834645667
 21
1.0718915748031497
 31
0
  0
LINE
  5
F0C
330
1A
100
AcDbEntity
  8
BLACK
  6
CONTINUOUS
100
AcDbLine
 10
2.2808072834645667
 20
1.0718915748031497
 30
0
 11
2.2808068110236221
 21
1.071892125984252
 31
0
  0
LINE
  5
F0D
330
1A
100
AcDbEntity
  8
BLACK
  6
CONTINUOUS
100
AcDbLine
 10
2.2808068110236221
 20
1.071892125984252
 30
0
 11
2.2766138976377954
 21
1.0760850393700787
 31
0
  0
LINE
  5
F0E
330
1A
100
AcDbEntity
  8
BLACK
  6
CONTINUOUS
100
AcDbLine
 10
2.2766138976377954
 20
1.0760850393700787
 30
0
 11
2.2766135039370079
 21
1.0760853543307087
 31
0
  0
LINE
  5
F0F
330
1A
100
AcDbEntity
  8
BLACK
  6
CONTINUOUS
100
AcDbLine
 10
2.2766135039370079
 20
1.0760853543307087
 30
0
 11
2.2734909055118111
 21
1.0778881496062991
 31
0
  0
LINE
  5
F10
330
1A
100
AcDbEntity
  8
BLACK
  6
CONTINUOUS
100
AcDbLine
 10
2.2734909055118111
 20
1.0778881496062991
 30
0
 11
2.2718243700787402
 21
1.0788503543307086
 31
0
  0
LINE
  5
F11
330
1A
100
AcDbEntity
  8
BLACK
  6
CONTINUOUS
100
AcDbLine
 10
2.2718243700787402
 20
1.0788503543307086
 30
0
 11
2.2718238976377951
 21
1.0788505511811024
 31
0
  0
LINE
  5
F12
330
1A
100
AcDbEntity
  8
BLACK
  6
CONTINUOUS
100
AcDbLine
 10
2.2718238976377951
 20
1.0788505511811024
 30
0
 11
2.2664822834645668
 21
1.0802818503937008
 31
0
  0
LINE
  5
F13
330
1A
100
AcDbEntity
  8
BLACK
  6
CONTINUOUS
100
AcDbLine
 10
2.2664822834645668
 20
1.0802818503937008
 30
0
 11
2.2664821653543306
 21
1.0802818503937008
 31
0
  0
LINE
  5
F14
330
1A
100
AcDbEntity
  8
BLACK
  6
CONTINUOUS
100
AcDbLine
 10
2.2664821653543306
 20
1.0802818503937008
 30
0
 11
2.2609516929133857
 21
1.0802818503937008
 31
0
  0
LINE
  5
F15
330
1A
100
AcDbEntity
  8
BLACK
  6
CONTINUOUS
100
AcDbLine
 10
2.2609516929133857
 20
1.0802818503937008
 30
0
 11
2.2606478346456691
 21
1.0802818503937008
 31
0
  0
LINE
  5
F16
330
1A
100
AcDbEntity
  8
BLACK
  6
CONTINUOUS
100
AcDbLine
 10
2.2606478346456691
 20
1.0802818503937008
 30
0
 11
2.2606472047244095
 21
1.0802818110236221
 31
0
  0
LINE
  5
F17
330
1A
100
AcDbEntity
  8
BLACK
  6
CONTINUOUS
100
AcDbLine
 10
2.2606472047244095
 20
1.0802818110236221
 30
0
 11
2.1945505118110238
 21
1.0802818110236221
 31
0
  0
LINE
  5
F18
330
1A
100
AcDbEntity
  8
BLACK
  6
CONTINUOUS
100
AcDbLine
 10
2.1945505118110238
 20
1.0802818110236221
 30
0
 11
2.1918685826771651
 21
1.0810692913385826
 31
0
  0
LINE
  5
F19
330
1A
100
AcDbEntity
  8
BLACK
  6
CONTINUOUS
100
AcDbLine
 10
2.1918685826771651
 20
1.0810692913385826
 30
0
 11
2.1910428346456694
 21
1.0817347637795276
 31
0
  0
LINE
  5
F1A
330
1A
100
AcDbEntity
  8
BLACK
  6
CONTINUOUS
100
AcDbLine
 10
2.1910428346456694
 20
1.0817347637795276
 30
0
 11
2.114520275590551
 21
1.1582573228346456
 31
0
  0
LINE
  5
F1B
330
1A
100
AcDbEntity
  8
BLACK
  6
CONTINUOUS
100
AcDbLine
 10
2.114520275590551
 20
1.1582573228346456
 30
0
 11
2.1131806692913386
 21
1.1607105511811024
 31
0
  0
LINE
  5
F1C
330
1A
100
AcDbEntity
  8
BLACK
  6
CONTINUOUS
100
AcDbLine
 10
2.1131806692913386
 20
1.1607105511811024
 30
0
 11
2.1130673228346457
 21
1.1617649999999999
 31
0
  0
LINE
  5
F1D
330
1A
100
AcDbEntity
  8
BLACK
  6
CONTINUOUS
100
AcDbLine
 10
2.1130673228346457
 20
1.1617649999999999
 30
0
 11
2.1130673228346457
 21
1.1824977165354331
 31
0
  0
LINE
  5
F1E
330
1A
100
AcDbEntity
  8
BLACK
  6
CONTINUOUS
100
AcDbLine
 10
2.1130673228346457
 20
1.1824977165354331
 30
0
 11
2.1130673228346457
 21
1.2719160236220473
 31
0
  0
LINE
  5
F1F
330
1A
100
AcDbEntity
  8
BLACK
  6
CONTINUOUS
100
AcDbLine
 10
2.1130673228346457
 20
1.2719160236220473
 30
0
 11
2.1131097637795273
 21
1.2725635039370078
 31
0
  0
LINE
  5
F20
330
1A
100
AcDbEntity
  8
BLACK
  6
CONTINUOUS
100
AcDbLine
 10
2.1131097637795273
 20
1.2725635039370078
 30
0
 11
2.1131299606299212
 21
1.2727169291338583
 31
0
  0
LINE
  5
F21
330
1A
100
AcDbEntity
  8
BLACK
  6
CONTINUOUS
100
AcDbLine
 10
2.1131299606299212
 20
1.2727169291338583
 30
0
 11
2.1131299606299212
 21
1.2785512598425197
 31
0
  0
LINE
  5
F22
330
1A
100
AcDbEntity
  8
BLACK
  6
CONTINUOUS
100
AcDbLine
 10
2.1131299606299212
 20
1.2785512598425197
 30
0
 11
2.1131299212598424
 21
1.278551968503937
 31
0
  0
LINE
  5
F23
330
1A
100
AcDbEntity
  8
BLACK
  6
CONTINUOUS
100
AcDbLine
 10
2.1131299212598424
 20
1.278551968503937
 30
0
 11
2.1131299212598424
 21
1.3431083464566929
 31
0
  0
LINE
  5
F24
330
1A
100
AcDbEntity
  8
BLACK
  6
CONTINUOUS
100
AcDbLine
 10
2.1131299212598424
 20
1.3431083464566929
 30
0
 11
2.113917401574803
 21
1.3457902755905511
 31
0
  0
LINE
  5
F25
330
1A
100
AcDbEntity
  8
BLACK
  6
CONTINUOUS
100
AcDbLine
 10
2.113917401574803
 20
1.3457902755905511
 30
0
 11
2.1139659448818899
 21
1.3458643307086613
 31
0
  0
LINE
  5
F26
330
1A
100
AcDbEntity
  8
BLACK
  6
CONTINUOUS
100
AcDbLine
 10
2.1139659448818899
 20
1.3458643307086613
 30
0
 11
2.1150199606299211
 21
1.3474417716535432
 31
0
  0
LINE
  5
F27
330
1A
100
AcDbEntity
  8
BLACK
  6
CONTINUOUS
100
AcDbLine
 10
2.1150199606299211
 20
1.3474417716535432
 30
0
 11
2.1168450393700788
 21
1.3501731889763779
 31
0
  0
LINE
  5
F28
330
1A
100
AcDbEntity
  8
BLACK
  6
CONTINUOUS
100
AcDbLine
 10
2.1168450393700788
 20
1.3501731889763779
 30
0
 11
2.1189477559055119
 21
1.355249527559055
 31
0
  0
LINE
  5
F29
330
1A
100
AcDbEntity
  8
BLACK
  6
CONTINUOUS
100
AcDbLine
 10
2.1189477559055119
 20
1.355249527559055
 30
0
 11
2.1200196850393702
 21
1.3606385433070867
 31
0
  0
LINE
  5
F2A
330
1A
100
AcDbEntity
  8
BLACK
  6
CONTINUOUS
100
AcDbLine
 10
2.1200196850393702
 20
1.3606385433070867
 30
0
 11
2.1200196850393702
 21
1.3661331102362204
 31
0
  0
LINE
  5
F2B
330
1A
100
AcDbEntity
  8
BLACK
  6
CONTINUOUS
100
AcDbLine
 10
2.1200196850393702
 20
1.3661331102362204
 30
0
 11
2.1189477559055119
 21
1.3715221259842518
 31
0
  0
LINE
  5
F2C
330
1A
100
AcDbEntity
  8
BLACK
  6
CONTINUOUS
100
AcDbLine
 10
2.1189477559055119
 20
1.3715221259842518
 30
0
 11
2.1186020078740158
 21
1.3723568503937007
 31
0
  0
LINE
  5
F2D
330
1A
100
AcDbEntity
  8
BLACK
  6
CONTINUOUS
100
AcDbLine
 10
2.1186020078740158
 20
1.3723568503937007
 30
0
 11
2.1168451181102363
 21
1.3765983070866141
 31
0
  0
LINE
  5
F2E
330
1A
100
AcDbEntity
  8
BLACK
  6
CONTINUOUS
100
AcDbLine
 10
2.1168451181102363
 20
1.3765983070866141
 30
0
 11
2.1168450393700788
 21
1.3765984645669291
 31
0
  0
LINE
  5
F2F
330
1A
100
AcDbEntity
  8
BLACK
  6
CONTINUOUS
100
AcDbLine
 10
2.1168450393700788
 20
1.3765984645669291
 30
0
 11
2.1161477952755905
 21
1.3776419685039369
 31
0
  0
LINE
  5
F30
330
1A
100
AcDbEntity
  8
BLACK
  6
CONTINUOUS
100
AcDbLine
 10
2.1161477952755905
 20
1.3776419685039369
 30
0
 11
2.1137924409448821
 21
1.3811670078740157
 31
0
  0
LINE
  5
F31
330
1A
100
AcDbEntity
  8
BLACK
  6
CONTINUOUS
100
AcDbLine
 10
2.1137924409448821
 20
1.3811670078740157
 30
0
 11
2.1099071653543309
 21
1.3850522834645669
 31
0
  0
LINE
  5
F32
330
1A
100
AcDbEntity
  8
BLACK
  6
CONTINUOUS
100
AcDbLine
 10
2.1099071653543309
 20
1.3850522834645669
 30
0
 11
2.1075919685039368
 21
1.386599251968504
 31
0
  0
LINE
  5
F33
330
1A
100
AcDbEntity
  8
BLACK
  6
CONTINUOUS
100
AcDbLine
 10
2.1075919685039368
 20
1.386599251968504
 30
0
 11
2.1053385826771653
 21
1.3881049212598424
 31
0
  0
LINE
  5
F34
330
1A
100
AcDbEntity
  8
BLACK
  6
CONTINUOUS
100
AcDbLine
 10
2.1053385826771653
 20
1.3881049212598424
 30
0
 11
2.1053384251968503
 21
1.3881049999999999
 31
0
  0
LINE
  5
F35
330
1A
100
AcDbEntity
  8
BLACK
  6
CONTINUOUS
100
AcDbLine
 10
2.1053384251968503
 20
1.3881049999999999
 30
0
 11
2.1002625590551181
 21
1.3902075196850394
 31
0
  0
LINE
  5
F36
330
1A
100
AcDbEntity
  8
BLACK
  6
CONTINUOUS
100
AcDbLine
 10
2.1002625590551181
 20
1.3902075196850394
 30
0
 11
2.1002623622047243
 21
1.3902075590551182
 31
0
  0
LINE
  5
F37
330
1A
100
AcDbEntity
  8
BLACK
  6
CONTINUOUS
100
AcDbLine
 10
2.1002623622047243
 20
1.3902075590551182
 30
0
 11
2.1002622834645668
 21
1.3902075984251969
 31
0
  0
LINE
  5
F38
330
1A
100
AcDbEntity
  8
BLACK
  6
CONTINUOUS
100
AcDbLine
 10
2.1002622834645668
 20
1.3902075984251969
 30
0
 11
2.0970056299212598
 21
1.3908553937007875
 31
0
  0
LINE
  5
F39
330
1A
100
AcDbEntity
  8
BLACK
  6
CONTINUOUS
100
AcDbLine
 10
2.0970056299212598
 20
1.3908553937007875
 30
0
 11
2.0948733464566929
 21
1.391279527559055
 31
0
  0
LINE
  5
F3A
330
1A
100
AcDbEntity
  8
BLACK
  6
CONTINUOUS
100
AcDbLine
 10
2.0948733464566929
 20
1.391279527559055
 30
0
 11
2.0948732677165354
 21
1.391279527559055
 31
0
  0
LINE
  5
F3B
330
1A
100
AcDbEntity
  8
BLACK
  6
CONTINUOUS
100
AcDbLine
 10
2.0948732677165354
 20
1.391279527559055
 30
0
 11
2.0893787007874014
 21
1.391279527559055
 31
0
  0
LINE
  5
F3C
330
1A
100
AcDbEntity
  8
BLACK
  6
CONTINUOUS
100
AcDbLine
 10
2.0893787007874014
 20
1.391279527559055
 30
0
 11
2.0893785826771651
 21
1.391279527559055
 31
0
  0
LINE
  5
F3D
330
1A
100
AcDbEntity
  8
BLACK
  6
CONTINUOUS
100
AcDbLine
 10
2.0893785826771651
 20
1.391279527559055
 30
0
 11
2.0861800787401577
 21
1.3906433070866142
 31
0
  0
LINE
  5
F3E
330
1A
100
AcDbEntity
  8
BLACK
  6
CONTINUOUS
100
AcDbLine
 10
2.0861800787401577
 20
1.3906433070866142
 30
0
 11
2.08398968503937
 21
1.3902075984251969
 31
0
  0
LINE
  5
F3F
330
1A
100
AcDbEntity
  8
BLACK
  6
CONTINUOUS
100
AcDbLine
 10
2.08398968503937
 20
1.3902075984251969
 30
0
 11
2.0839896062992125
 21
1.3902075984251969
 31
0
  0
LINE
  5
F40
330
1A
100
AcDbEntity
  8
BLACK
  6
CONTINUOUS
100
AcDbLine
 10
2.0839896062992125
 20
1.3902075984251969
 30
0
 11
2.08398937007874
 21
1.3902075196850394
 31
0
  0
LINE
  5
F41
330
1A
100
AcDbEntity
  8
BLACK
  6
CONTINUOUS
100
AcDbLine
 10
2.08398937007874
 20
1.3902075196850394
 30
0
 11
2.0789135039370077
 21
1.3881049999999999
 31
0
  0
LINE
  5
F42
330
1A
100
AcDbEntity
  8
BLACK
  6
CONTINUOUS
100
AcDbLine
 10
2.0789135039370077
 20
1.3881049999999999
 30
0
 11
2.0789133464566927
 21
1.3881049212598424
 31
0
  0
LINE
  5
F43
330
1A
100
AcDbEntity
  8
BLACK
  6
CONTINUOUS
100
AcDbLine
 10
2.0789133464566927
 20
1.3881049212598424
 30
0
 11
2.0743449606299214
 21
1.3850524015748031
 31
0
  0
LINE
  5
F44
330
1A
100
AcDbEntity
  8
BLACK
  6
CONTINUOUS
100
AcDbLine
 10
2.0743449606299214
 20
1.3850524015748031
 30
0
 11
2.0743446850393701
 21
1.3850522047244094
 31
0
  0
LINE
  5
F45
330
1A
100
AcDbEntity
  8
BLACK
  6
CONTINUOUS
100
AcDbLine
 10
2.0743446850393701
 20
1.3850522047244094
 30
0
 11
2.0704596062992127
 21
1.381167125984252
 31
0
  0
LINE
  5
F46
330
1A
100
AcDbEntity
  8
BLACK
  6
CONTINUOUS
100
AcDbLine
 10
2.0704596062992127
 20
1.381167125984252
 30
0
 11
2.0704594094488189
 21
1.3811668503937007
 31
0
  0
LINE
  5
F47
330
1A
100
AcDbEntity
  8
BLACK
  6
CONTINUOUS
100
AcDbLine
 10
2.0704594094488189
 20
1.3811668503937007
 30
0
 11
2.0674068897637796
 21
1.3765984645669291
 31
0
  0
LINE
  5
F48
330
1A
100
AcDbEntity
  8
BLACK
  6
CONTINUOUS
100
AcDbLine
 10
2.0674068897637796
 20
1.3765984645669291
 30
0
 11
2.0674068110236221
 21
1.3765983070866141
 31
0
  0
LINE
  5
F49
330
1A
100
AcDbEntity
  8
BLACK
  6
CONTINUOUS
100
AcDbLine
 10
2.0674068110236221
 20
1.3765983070866141
 30
0
 11
2.0653042913385828
 21
1.3715224409448818
 31
0
  0
LINE
  5
F4A
330
1A
100
AcDbEntity
  8
BLACK
  6
CONTINUOUS
100
AcDbLine
 10
2.0653042913385828
 20
1.3715224409448818
 30
0
 11
2.0653042125984253
 21
1.3715222047244093
 31
0
  0
LINE
  5
F4B
330
1A
100
AcDbEntity
  8
BLACK
  6
CONTINUOUS
100
AcDbLine
 10
2.0653042125984253
 20
1.3715222047244093
 30
0
 11
2.0653042125984253
 21
1.3715221259842518
 31
0
  0
LINE
  5
F4C
330
1A
100
AcDbEntity
  8
BLACK
  6
CONTINUOUS
100
AcDbLine
 10
2.0653042125984253
 20
1.3715221259842518
 30
0
 11
2.0648685039370078
 21
1.3693317322834646
 31
0
  0
LINE
  5
F4D
330
1A
100
AcDbEntity
  8
BLACK
  6
CONTINUOUS
100
AcDbLine
 10
2.0648685039370078
 20
1.3693317322834646
 30
0
 11
2.064232283464567
 21
1.3661332283464567
 31
0
  0
LINE
  5
F4E
330
1A
100
AcDbEntity
  8
BLACK
  6
CONTINUOUS
100
AcDbLine
 10
2.064232283464567
 20
1.3661332283464567
 30
0
 11
2.064232283464567
 21
1.3606384645669292
 31
0
  0
LINE
  5
F4F
330
1A
100
AcDbEntity
  8
BLACK
  6
CONTINUOUS
100
AcDbLine
 10
0.3683661417322834
 20
1.1702775984251967
 30
0
 11
0.3695584251968504
 21
1.1627500787401575
 31
0
  0
LINE
  5
F50
330
1A
100
AcDbEntity
  8
BLACK
  6
CONTINUOUS
100
AcDbLine
 10
0.3695584251968504
 20
1.1627500787401575
 30
0
 11
0.369658937007874
 21
1.1621155118110236
 31
0
  0
LINE
  5
F51
330
1A
100
AcDbEntity
  8
BLACK
  6
CONTINUOUS
100
AcDbLine
 10
0.369658937007874
 20
1.1621155118110236
 30
0
 11
0.3719607086614173
 21
1.1550312598425196
 31
0
  0
LINE
  5
F52
330
1A
100
AcDbEntity
  8
BLACK
  6
CONTINUOUS
100
AcDbLine
 10
0.3719607086614173
 20
1.1550312598425196
 30
0
 11
0.3722124803149606
 21
1.1542564566929134
 31
0
  0
LINE
  5
F53
330
1A
100
AcDbEntity
  8
BLACK
  6
CONTINUOUS
100
AcDbLine
 10
0.3722124803149606
 20
1.1542564566929134
 30
0
 11
0.3759641338582677
 21
1.1468934645669291
 31
0
  0
LINE
  5
F54
330
1A
100
AcDbEntity
  8
BLACK
  6
CONTINUOUS
100
AcDbLine
 10
0.3759641338582677
 20
1.1468934645669291
 30
0
 11
0.3808213779527559
 21
1.1402079921259842
 31
0
  0
LINE
  5
F55
330
1A
100
AcDbEntity
  8
BLACK
  6
CONTINUOUS
100
AcDbLine
 10
0.3808213779527559
 20
1.1402079921259842
 30
0
 11
0.3808214566929134
 21
1.1402079133858267
 31
0
  0
LINE
  5
F56
330
1A
100
AcDbEntity
  8
BLACK
  6
CONTINUOUS
100
AcDbLine
 10
0.3808214566929134
 20
1.1402079133858267
 30
0
 11
0.3808215354330708
 21
1.1402077952755905
 31
0
  0
LINE
  5
F57
330
1A
100
AcDbEntity
  8
BLACK
  6
CONTINUOUS
100
AcDbLine
 10
0.3808215354330708
 20
1.1402077952755905
 30
0
 11
0.3866644488188976
 21
1.1343648818897638
 31
0
  0
LINE
  5
F58
330
1A
100
AcDbEntity
  8
BLACK
  6
CONTINUOUS
100
AcDbLine
 10
0.3866644488188976
 20
1.1343648818897638
 30
0
 11
0.3866645669291339
 21
1.1343648031496063
 31
0
  0
LINE
  5
F59
330
1A
100
AcDbEntity
  8
BLACK
  6
CONTINUOUS
100
AcDbLine
 10
0.3866645669291339
 20
1.1343648031496063
 30
0
 11
0.3866646850393701
 21
1.13436468503937
 31
0
  0
LINE
  5
F5A
330
1A
100
AcDbEntity
  8
BLACK
  6
CONTINUOUS
100
AcDbLine
 10
0.3866646850393701
 20
1.13436468503937
 30
0
 11
0.3933501574803149
 21
1.1295074409448818
 31
0
  0
LINE
  5
F5B
330
1A
100
AcDbEntity
  8
BLACK
  6
CONTINUOUS
100
AcDbLine
 10
0.3933501574803149
 20
1.1295074409448818
 30
0
 11
0.4007131496062992
 21
1.1257557874015747
 31
0
  0
LINE
  5
F5C
330
1A
100
AcDbEntity
  8
BLACK
  6
CONTINUOUS
100
AcDbLine
 10
0.4007131496062992
 20
1.1257557874015747
 30
0
 11
0.4085723622047244
 21
1.1232022047244095
 31
0
  0
LINE
  5
F5D
330
1A
100
AcDbEntity
  8
BLACK
  6
CONTINUOUS
100
AcDbLine
 10
0.4085723622047244
 20
1.1232022047244095
 30
0
 11
0.4167342913385826
 21
1.1219094488188976
 31
0
  0
LINE
  5
F5E
330
1A
100
AcDbEntity
  8
BLACK
  6
CONTINUOUS
100
AcDbLine
 10
0.4167342913385826
 20
1.1219094488188976
 30
0
 11
0.4167343700787401
 21
1.1219094488188976
 31
0
  0
LINE
  5
F5F
330
1A
100
AcDbEntity
  8
BLACK
  6
CONTINUOUS
100
AcDbLine
 10
0.4167343700787401
 20
1.1219094488188976
 30
0
 11
0.4249979133858268
 21
1.1219094488188976
 31
0
  0
LINE
  5
F60
330
1A
100
AcDbEntity
  8
BLACK
  6
CONTINUOUS
100
AcDbLine
 10
0.4249979133858268
 20
1.1219094488188976
 30
0
 11
0.4249979921259843
 21
1.1219094488188976
 31
0
  0
LINE
  5
F61
330
1A
100
AcDbEntity
  8
BLACK
  6
CONTINUOUS
100
AcDbLine
 10
0.4249979921259843
 20
1.1219094488188976
 30
0
 11
0.4331599212598425
 21
1.1232022047244095
 31
0
  0
LINE
  5
F62
330
1A
100
AcDbEntity
  8
BLACK
  6
CONTINUOUS
100
AcDbLine
 10
0.4331599212598425
 20
1.1232022047244095
 30
0
 11
0.4410191338582677
 21
1.1257557874015747
 31
0
  0
LINE
  5
F63
330
1A
100
AcDbEntity
  8
BLACK
  6
CONTINUOUS
100
AcDbLine
 10
0.4410191338582677
 20
1.1257557874015747
 30
0
 11
0.448382125984252
 21
1.1295074409448818
 31
0
  0
LINE
  5
F64
330
1A
100
AcDbEntity
  8
BLACK
  6
CONTINUOUS
100
AcDbLine
 10
0.448382125984252
 20
1.1295074409448818
 30
0
 11
0.4550675984251968
 21
1.13436468503937
 31
0
  0
LINE
  5
F65
330
1A
100
AcDbEntity
  8
BLACK
  6
CONTINUOUS
100
AcDbLine
 10
0.4550675984251968
 20
1.13436468503937
 30
0
 11
0.460910905511811
 21
1.1402079921259842
 31
0
  0
LINE
  5
F66
330
1A
100
AcDbEntity
  8
BLACK
  6
CONTINUOUS
100
AcDbLine
 10
0.460910905511811
 20
1.1402079921259842
 30
0
 11
0.4657681496062992
 21
1.1468934645669291
 31
0
  0
LINE
  5
F67
330
1A
100
AcDbEntity
  8
BLACK
  6
CONTINUOUS
100
AcDbLine
 10
0.4657681496062992
 20
1.1468934645669291
 30
0
 11
0.4695198031496063
 21
1.1542564566929134
 31
0
  0
LINE
  5
F68
330
1A
100
AcDbEntity
  8
BLACK
  6
CONTINUOUS
100
AcDbLine
 10
0.4695198031496063
 20
1.1542564566929134
 30
0
 11
0.4720733858267717
 21
1.1621156692913386
 31
0
  0
LINE
  5
F69
330
1A
100
AcDbEntity
  8
BLACK
  6
CONTINUOUS
100
AcDbLine
 10
0.4720733858267717
 20
1.1621156692913386
 30
0
 11
0.4733661417322835
 21
1.1702775984251967
 31
0
  0
LINE
  5
F6A
330
1A
100
AcDbEntity
  8
BLACK
  6
CONTINUOUS
100
AcDbLine
 10
0.4733661417322835
 20
1.1702775984251967
 30
0
 11
0.4733661417322835
 21
1.1785412992125983
 31
0
  0
LINE
  5
F6B
330
1A
100
AcDbEntity
  8
BLACK
  6
CONTINUOUS
100
AcDbLine
 10
0.4733661417322835
 20
1.1785412992125983
 30
0
 11
0.4720733858267717
 21
1.1867032283464567
 31
0
  0
LINE
  5
F6C
330
1A
100
AcDbEntity
  8
BLACK
  6
CONTINUOUS
100
AcDbLine
 10
0.4720733858267717
 20
1.1867032283464567
 30
0
 11
0.4695198031496063
 21
1.1945624409448818
 31
0
  0
LINE
  5
F6D
330
1A
100
AcDbEntity
  8
BLACK
  6
CONTINUOUS
100
AcDbLine
 10
0.4695198031496063
 20
1.1945624409448818
 30
0
 11
0.4657681496062992
 21
1.2019254330708662
 31
0
  0
LINE
  5
F6E
330
1A
100
AcDbEntity
  8
BLACK
  6
CONTINUOUS
100
AcDbLine
 10
0.4657681496062992
 20
1.2019254330708662
 30
0
 11
0.460910905511811
 21
1.2086109055118111
 31
0
  0
LINE
  5
F6F
330
1A
100
AcDbEntity
  8
BLACK
  6
CONTINUOUS
100
AcDbLine
 10
0.460910905511811
 20
1.2086109055118111
 30
0
 11
0.4609107874015748
 21
1.2086110236220473
 31
0
  0
LINE
  5
F70
330
1A
100
AcDbEntity
  8
BLACK
  6
CONTINUOUS
100
AcDbLine
 10
0.4609107874015748
 20
1.2086110236220473
 30
0
 11
0.4609107086614173
 21
1.2086111417322833
 31
0
  0
LINE
  5
F71
330
1A
100
AcDbEntity
  8
BLACK
  6
CONTINUOUS
100
AcDbLine
 10
0.4609107086614173
 20
1.2086111417322833
 30
0
 11
0.4550677952755905
 21
1.2144540551181102
 31
0
  0
LINE
  5
F72
330
1A
100
AcDbEntity
  8
BLACK
  6
CONTINUOUS
100
AcDbLine
 10
0.4550677952755905
 20
1.2144540551181102
 30
0
 11
0.4550676771653543
 21
1.2144541338582677
 31
0
  0
LINE
  5
F73
330
1A
100
AcDbEntity
  8
BLACK
  6
CONTINUOUS
100
AcDbLine
 10
0.4550676771653543
 20
1.2144541338582677
 30
0
 11
0.4550675984251968
 21
1.2144542125984252
 31
0
  0
LINE
  5
F74
330
1A
100
AcDbEntity
  8
BLACK
  6
CONTINUOUS
100
AcDbLine
 10
0.4550675984251968
 20
1.2144542125984252
 30
0
 11
0.448382125984252
 21
1.2193114566929133
 31
0
  0
LINE
  5
F75
330
1A
100
AcDbEntity
  8
BLACK
  6
CONTINUOUS
100
AcDbLine
 10
0.448382125984252
 20
1.2193114566929133
 30
0
 11
0.4410191338582677
 21
1.2230631102362204
 31
0
  0
LINE
  5
F76
330
1A
100
AcDbEntity
  8
BLACK
  6
CONTINUOUS
100
AcDbLine
 10
0.4410191338582677
 20
1.2230631102362204
 30
0
 11
0.4410190157480315
 21
1.2230631496062991
 31
0
  0
LINE
  5
F77
330
1A
100
AcDbEntity
  8
BLACK
  6
CONTINUOUS
100
AcDbLine
 10
0.4410190157480315
 20
1.2230631496062991
 30
0
 11
0.441018937007874
 21
1.2230631889763779
 31
0
  0
LINE
  5
F78
330
1A
100
AcDbEntity
  8
BLACK
  6
CONTINUOUS
100
AcDbLine
 10
0.441018937007874
 20
1.2230631889763779
 30
0
 11
0.4331600787401575
 21
1.2256166535433071
 31
0
  0
LINE
  5
F79
330
1A
100
AcDbEntity
  8
BLACK
  6
CONTINUOUS
100
AcDbLine
 10
0.4331600787401575
 20
1.2256166535433071
 30
0
 11
0.43316
 21
1.2256166929133858
 31
0
  0
LINE
  5
F7A
330
1A
100
AcDbEntity
  8
BLACK
  6
CONTINUOUS
100
AcDbLine
 10
0.43316
 20
1.2256166929133858
 30
0
 11
0.4331599212598425
 21
1.2256166929133858
 31
0
  0
LINE
  5
F7B
330
1A
100
AcDbEntity
  8
BLACK
  6
CONTINUOUS
100
AcDbLine
 10
0.4331599212598425
 20
1.2256166929133858
 30
0
 11
0.4249979921259843
 21
1.2269094488188976
 31
0
  0
LINE
  5
F7C
330
1A
100
AcDbEntity
  8
BLACK
  6
CONTINUOUS
100
AcDbLine
 10
0.4249979921259843
 20
1.2269094488188976
 30
0
 11
0.4167342913385826
 21
1.2269094488188976
 31
0
  0
LINE
  5
F7D
330
1A
100
AcDbEntity
  8
BLACK
  6
CONTINUOUS
100
AcDbLine
 10
0.4167342913385826
 20
1.2269094488188976
 30
0
 11
0.4085723622047244
 21
1.2256166929133858
 31
0
  0
LINE
  5
F7E
330
1A
100
AcDbEntity
  8
BLACK
  6
CONTINUOUS
100
AcDbLine
 10
0.4085723622047244
 20
1.2256166929133858
 30
0
 11
0.4085722834645669
 21
1.2256166929133858
 31
0
  0
LINE
  5
F7F
330
1A
100
AcDbEntity
  8
BLACK
  6
CONTINUOUS
100
AcDbLine
 10
0.4085722834645669
 20
1.2256166929133858
 30
0
 11
0.4085721653543307
 21
1.2256166535433071
 31
0
  0
LINE
  5
F80
330
1A
100
AcDbEntity
  8
BLACK
  6
CONTINUOUS
100
AcDbLine
 10
0.4085721653543307
 20
1.2256166535433071
 30
0
 11
0.4007133070866142
 21
1.2230631889763779
 31
0
  0
LINE
  5
F81
330
1A
100
AcDbEntity
  8
BLACK
  6
CONTINUOUS
100
AcDbLine
 10
0.4007133070866142
 20
1.2230631889763779
 30
0
 11
0.4007130708661417
 21
1.2230630708661416
 31
0
  0
LINE
  5
F82
330
1A
100
AcDbEntity
  8
BLACK
  6
CONTINUOUS
100
AcDbLine
 10
0.4007130708661417
 20
1.2230630708661416
 30
0
 11
0.39335
 21
1.2193113779527558
 31
0
  0
LINE
  5
F83
330
1A
100
AcDbEntity
  8
BLACK
  6
CONTINUOUS
100
AcDbLine
 10
0.39335
 20
1.2193113779527558
 30
0
 11
0.3866645669291339
 21
1.2144541338582677
 31
0
  0
LINE
  5
F84
330
1A
100
AcDbEntity
  8
BLACK
  6
CONTINUOUS
100
AcDbLine
 10
0.3866645669291339
 20
1.2144541338582677
 30
0
 11
0.3866644488188976
 21
1.2144540551181102
 31
0
  0
LINE
  5
F85
330
1A
100
AcDbEntity
  8
BLACK
  6
CONTINUOUS
100
AcDbLine
 10
0.3866644488188976
 20
1.2144540551181102
 30
0
 11
0.3808215354330708
 21
1.2086111417322833
 31
0
  0
LINE
  5
F86
330
1A
100
AcDbEntity
  8
BLACK
  6
CONTINUOUS
100
AcDbLine
 10
0.3808215354330708
 20
1.2086111417322833
 30
0
 11
0.3808214566929134
 21
1.2086110236220473
 31
0
  0
LINE
  5
F87
330
1A
100
AcDbEntity
  8
BLACK
  6
CONTINUOUS
100
AcDbLine
 10
0.3808214566929134
 20
1.2086110236220473
 30
0
 11
0.3759642125984252
 21
1.201925590551181
 31
0
  0
LINE
  5
F88
330
1A
100
AcDbEntity
  8
BLACK
  6
CONTINUOUS
100
AcDbLine
 10
0.3759642125984252
 20
1.201925590551181
 30
0
 11
0.3722125196850394
 21
1.1945625196850393
 31
0
  0
LINE
  5
F89
330
1A
100
AcDbEntity
  8
BLACK
  6
CONTINUOUS
100
AcDbLine
 10
0.3722125196850394
 20
1.1945625196850393
 30
0
 11
0.3722124015748031
 21
1.1945622834645668
 31
0
  0
LINE
  5
F8A
330
1A
100
AcDbEntity
  8
BLACK
  6
CONTINUOUS
100
AcDbLine
 10
0.3722124015748031
 20
1.1945622834645668
 30
0
 11
0.369658937007874
 21
1.1867034251968505
 31
0
  0
LINE
  5
F8B
330
1A
100
AcDbEntity
  8
BLACK
  6
CONTINUOUS
100
AcDbLine
 10
0.369658937007874
 20
1.1867034251968505
 30
0
 11
0.3696588976377952
 21
1.1867033070866142
 31
0
  0
LINE
  5
F8C
330
1A
100
AcDbEntity
  8
BLACK
  6
CONTINUOUS
100
AcDbLine
 10
0.3696588976377952
 20
1.1867033070866142
 30
0
 11
0.3696588976377952
 21
1.1867032283464567
 31
0
  0
LINE
  5
F8D
330
1A
100
AcDbEntity
  8
BLACK
  6
CONTINUOUS
100
AcDbLine
 10
0.3696588976377952
 20
1.1867032283464567
 30
0
 11
0.3683661417322834
 21
1.1785412992125983
 31
0
  0
LINE
  5
F8E
330
1A
100
AcDbEntity
  8
BLACK
  6
CONTINUOUS
100
AcDbLine
 10
0.3683661417322834
 20
1.1785412992125983
 30
0
 11
0.3683661417322834
 21
1.1702775984251967
 31
0
  0
LINE
  5
F8F
330
1A
100
AcDbEntity
  8
BLACK
  6
CONTINUOUS
100
AcDbLine
 10
1.291988188976378
 20
1.1604416141732283
 30
0
 11
1.2921222834645669
 21
1.1597675196850394
 31
0
  0
LINE
  5
F90
330
1A
100
AcDbEntity
  8
BLACK
  6
CONTINUOUS
100
AcDbLine
 10
1.2921222834645669
 20
1.1597675196850394
 30
0
 11
1.2930601181102361
 21
1.1550526771653542
 31
0
  0
LINE
  5
F91
330
1A
100
AcDbEntity
  8
BLACK
  6
CONTINUOUS
100
AcDbLine
 10
1.2930601181102361
 20
1.1550526771653542
 30
0
 11
1.2930601574803149
 21
1.1550525984251969
 31
0
  0
LINE
  5
F92
330
1A
100
AcDbEntity
  8
BLACK
  6
CONTINUOUS
100
AcDbLine
 10
1.2930601574803149
 20
1.1550525984251969
 30
0
 11
1.2930601968503936
 21
1.1550524015748032
 31
0
  0
LINE
  5
F93
330
1A
100
AcDbEntity
  8
BLACK
  6
CONTINUOUS
100
AcDbLine
 10
1.2930601968503936
 20
1.1550524015748032
 30
0
 11
1.2951627165354331
 21
1.1499765354330709
 31
0
  0
LINE
  5
F94
330
1A
100
AcDbEntity
  8
BLACK
  6
CONTINUOUS
100
AcDbLine
 10
1.2951627165354331
 20
1.1499765354330709
 30
0
 11
1.2951627952755904
 21
1.1499763779527559
 31
0
  0
LINE
  5
F95
330
1A
100
AcDbEntity
  8
BLACK
  6
CONTINUOUS
100
AcDbLine
 10
1.2951627952755904
 20
1.1499763779527559
 30
0
 11
1.2952681496062992
 21
1.1498187007874014
 31
0
  0
LINE
  5
F96
330
1A
100
AcDbEntity
  8
BLACK
  6
CONTINUOUS
100
AcDbLine
 10
1.2952681496062992
 20
1.1498187007874014
 30
0
 11
1.2982154330708662
 21
1.1454077952755906
 31
0
  0
LINE
  5
F97
330
1A
100
AcDbEntity
  8
BLACK
  6
CONTINUOUS
100
AcDbLine
 10
1.2982154330708662
 20
1.1454077952755906
 30
0
 11
1.3021007086614174
 21
1.1415225196850394
 31
0
  0
LINE
  5
F98
330
1A
100
AcDbEntity
  8
BLACK
  6
CONTINUOUS
100
AcDbLine
 10
1.3021007086614174
 20
1.1415225196850394
 30
0
 11
1.3050235826771652
 21
1.1395695275590552
 31
0
  0
LINE
  5
F99
330
1A
100
AcDbEntity
  8
BLACK
  6
CONTINUOUS
100
AcDbLine
 10
1.3050235826771652
 20
1.1395695275590552
 30
0
 11
1.3066692519685039
 21
1.1384699212598426
 31
0
  0
LINE
  5
F9A
330
1A
100
AcDbEntity
  8
BLACK
  6
CONTINUOUS
100
AcDbLine
 10
1.3066692519685039
 20
1.1384699212598426
 30
0
 11
1.3066694094488189
 21
1.1384698425196851
 31
0
  0
LINE
  5
F9B
330
1A
100
AcDbEntity
  8
BLACK
  6
CONTINUOUS
100
AcDbLine
 10
1.3066694094488189
 20
1.1384698425196851
 30
0
 11
1.3117452755905512
 21
1.1363673228346456
 31
0
  0
LINE
  5
F9C
330
1A
100
AcDbEntity
  8
BLACK
  6
CONTINUOUS
100
AcDbLine
 10
1.3117452755905512
 20
1.1363673228346456
 30
0
 11
1.31174531496063
 21
1.1363673228346456
 31
0
  0
LINE
  5
F9D
330
1A
100
AcDbEntity
  8
BLACK
  6
CONTINUOUS
100
AcDbLine
 10
1.31174531496063
 20
1.1363673228346456
 30
0
 11
1.311745590551181
 21
1.1363672047244093
 31
0
  0
LINE
  5
F9E
330
1A
100
AcDbEntity
  8
BLACK
  6
CONTINUOUS
100
AcDbLine
 10
1.311745590551181
 20
1.1363672047244093
 30
0
 11
1.3171346062992126
 21
1.1352952755905512
 31
0
  0
LINE
  5
F9F
330
1A
100
AcDbEntity
  8
BLACK
  6
CONTINUOUS
100
AcDbLine
 10
1.3171346062992126
 20
1.1352952755905512
 30
0
 11
1.3171346456692914
 21
1.1352952755905512
 31
0
  0
LINE
  5
FA0
330
1A
100
AcDbEntity
  8
BLACK
  6
CONTINUOUS
100
AcDbLine
 10
1.3171346456692914
 20
1.1352952755905512
 30
0
 11
1.3226291338582676
 21
1.1352952755905512
 31
0
  0
LINE
  5
FA1
330
1A
100
AcDbEntity
  8
BLACK
  6
CONTINUOUS
100
AcDbLine
 10
1.3226291338582676
 20
1.1352952755905512
 30
0
 11
1.3226291732283464
 21
1.1352952755905512
 31
0
  0
LINE
  5
FA2
330
1A
100
AcDbEntity
  8
BLACK
  6
CONTINUOUS
100
AcDbLine
 10
1.3226291732283464
 20
1.1352952755905512
 30
0
 11
1.328018188976378
 21
1.1363672047244093
 31
0
  0
LINE
  5
FA3
330
1A
100
AcDbEntity
  8
BLACK
  6
CONTINUOUS
100
AcDbLine
 10
1.328018188976378
 20
1.1363672047244093
 30
0
 11
1.3330945275590551
 21
1.1384699212598426
 31
0
  0
LINE
  5
FA4
330
1A
100
AcDbEntity
  8
BLACK
  6
CONTINUOUS
100
AcDbLine
 10
1.3330945275590551
 20
1.1384699212598426
 30
0
 11
1.3376630708661417
 21
1.1415225196850394
 31
0
  0
LINE
  5
FA5
330
1A
100
AcDbEntity
  8
BLACK
  6
CONTINUOUS
100
AcDbLine
 10
1.3376630708661417
 20
1.1415225196850394
 30
0
 11
1.3415483464566929
 21
1.1454077952755906
 31
0
  0
LINE
  5
FA6
330
1A
100
AcDbEntity
  8
BLACK
  6
CONTINUOUS
100
AcDbLine
 10
1.3415483464566929
 20
1.1454077952755906
 30
0
 11
1.3437232283464566
 21
1.1486627559055118
 31
0
  0
LINE
  5
FA7
330
1A
100
AcDbEntity
  8
BLACK
  6
CONTINUOUS
100
AcDbLine
 10
1.3437232283464566
 20
1.1486627559055118
 30
0
 11
1.3446009448818896
 21
1.1499763385826771
 31
0
  0
LINE
  5
FA8
330
1A
100
AcDbEntity
  8
BLACK
  6
CONTINUOUS
100
AcDbLine
 10
1.3446009448818896
 20
1.1499763385826771
 30
0
 11
1.3467036614173229
 21
1.1550526771653542
 31
0
  0
LINE
  5
FA9
330
1A
100
AcDbEntity
  8
BLACK
  6
CONTINUOUS
100
AcDbLine
 10
1.3467036614173229
 20
1.1550526771653542
 30
0
 11
1.347775590551181
 21
1.1604416929133858
 31
0
  0
LINE
  5
FAA
330
1A
100
AcDbEntity
  8
BLACK
  6
CONTINUOUS
100
AcDbLine
 10
1.347775590551181
 20
1.1604416929133858
 30
0
 11
1.347775590551181
 21
1.1659362598425196
 31
0
  0
LINE
  5
FAB
330
1A
100
AcDbEntity
  8
BLACK
  6
CONTINUOUS
100
AcDbLine
 10
1.347775590551181
 20
1.1659362598425196
 30
0
 11
1.3467036614173229
 21
1.1713252755905512
 31
0
  0
LINE
  5
FAC
330
1A
100
AcDbEntity
  8
BLACK
  6
CONTINUOUS
100
AcDbLine
 10
1.3467036614173229
 20
1.1713252755905512
 30
0
 11
1.3465840551181103
 21
1.1716140157480315
 31
0
  0
LINE
  5
FAD
330
1A
100
AcDbEntity
  8
BLACK
  6
CONTINUOUS
100
AcDbLine
 10
1.3465840551181103
 20
1.1716140157480315
 30
0
 11
1.3446010236220471
 21
1.1764014566929133
 31
0
  0
LINE
  5
FAE
330
1A
100
AcDbEntity
  8
BLACK
  6
CONTINUOUS
100
AcDbLine
 10
1.3446010236220471
 20
1.1764014566929133
 30
0
 11
1.3446009448818896
 21
1.1764016141732283
 31
0
  0
LINE
  5
FAF
330
1A
100
AcDbEntity
  8
BLACK
  6
CONTINUOUS
100
AcDbLine
 10
1.3446009448818896
 20
1.1764016141732283
 30
0
 11
1.3441011417322835
 21
1.1771496062992126
 31
0
  0
LINE
  5
FB0
330
1A
100
AcDbEntity
  8
BLACK
  6
CONTINUOUS
100
AcDbLine
 10
1.3441011417322835
 20
1.1771496062992126
 30
0
 11
1.3415483464566929
 21
1.1809701574803149
 31
0
  0
LINE
  5
FB1
330
1A
100
AcDbEntity
  8
BLACK
  6
CONTINUOUS
100
AcDbLine
 10
1.3415483464566929
 20
1.1809701574803149
 30
0
 11
1.3376630708661417
 21
1.184855433070866
 31
0
  0
LINE
  5
FB2
330
1A
100
AcDbEntity
  8
BLACK
  6
CONTINUOUS
100
AcDbLine
 10
1.3376630708661417
 20
1.184855433070866
 30
0
 11
1.3348973622047244
 21
1.1867034251968505
 31
0
  0
LINE
  5
FB3
330
1A
100
AcDbEntity
  8
BLACK
  6
CONTINUOUS
100
AcDbLine
 10
1.3348973622047244
 20
1.1867034251968505
 30
0
 11
1.3330944881889764
 21
1.1879080708661418
 31
0
  0
LINE
  5
FB4
330
1A
100
AcDbEntity
  8
BLACK
  6
CONTINUOUS
100
AcDbLine
 10
1.3330944881889764
 20
1.1879080708661418
 30
0
 11
1.3330943307086613
 21
1.1879081496062991
 31
0
  0
LINE
  5
FB5
330
1A
100
AcDbEntity
  8
BLACK
  6
CONTINUOUS
100
AcDbLine
 10
1.3330943307086613
 20
1.1879081496062991
 30
0
 11
1.3280184645669291
 21
1.1900106692913386
 31
0
  0
LINE
  5
FB6
330
1A
100
AcDbEntity
  8
BLACK
  6
CONTINUOUS
100
AcDbLine
 10
1.3280184645669291
 20
1.1900106692913386
 30
0
 11
1.3280182677165353
 21
1.1900107086614173
 31
0
  0
LINE
  5
FB7
330
1A
100
AcDbEntity
  8
BLACK
  6
CONTINUOUS
100
AcDbLine
 10
1.3280182677165353
 20
1.1900107086614173
 30
0
 11
1.328018188976378
 21
1.1900107480314961
 31
0
  0
LINE
  5
FB8
330
1A
100
AcDbEntity
  8
BLACK
  6
CONTINUOUS
100
AcDbLine
 10
1.328018188976378
 20
1.1900107480314961
 30
0
 11
1.3247615354330708
 21
1.1906585433070866
 31
0
  0
LINE
  5
FB9
330
1A
100
AcDbEntity
  8
BLACK
  6
CONTINUOUS
100
AcDbLine
 10
1.3247615354330708
 20
1.1906585433070866
 30
0
 11
1.3226292519685039
 21
1.1910826771653542
 31
0
  0
LINE
  5
FBA
330
1A
100
AcDbEntity
  8
BLACK
  6
CONTINUOUS
100
AcDbLine
 10
1.3226292519685039
 20
1.1910826771653542
 30
0
 11
1.3226291732283464
 21
1.1910826771653542
 31
0
  0
LINE
  5
FBB
330
1A
100
AcDbEntity
  8
BLACK
  6
CONTINUOUS
100
AcDbLine
 10
1.3226291732283464
 20
1.1910826771653542
 30
0
 11
1.3171346062992126
 21
1.1910826771653542
 31
0
  0
LINE
  5
FBC
330
1A
100
AcDbEntity
  8
BLACK
  6
CONTINUOUS
100
AcDbLine
 10
1.3171346062992126
 20
1.1910826771653542
 30
0
 11
1.3171344881889764
 21
1.1910826771653542
 31
0
  0
LINE
  5
FBD
330
1A
100
AcDbEntity
  8
BLACK
  6
CONTINUOUS
100
AcDbLine
 10
1.3171344881889764
 20
1.1910826771653542
 30
0
 11
1.3139359842519684
 21
1.1904464566929134
 31
0
  0
LINE
  5
FBE
330
1A
100
AcDbEntity
  8
BLACK
  6
CONTINUOUS
100
AcDbLine
 10
1.3139359842519684
 20
1.1904464566929134
 30
0
 11
1.311745590551181
 21
1.1900107480314961
 31
0
  0
LINE
  5
FBF
330
1A
100
AcDbEntity
  8
BLACK
  6
CONTINUOUS
100
AcDbLine
 10
1.311745590551181
 20
1.1900107480314961
 30
0
 11
1.3117455118110235
 21
1.1900107480314961
 31
0
  0
LINE
  5
FC0
330
1A
100
AcDbEntity
  8
BLACK
  6
CONTINUOUS
100
AcDbLine
 10
1.3117455118110235
 20
1.1900107480314961
 30
0
 11
1.3117452755905512
 21
1.1900106692913386
 31
0
  0
LINE
  5
FC1
330
1A
100
AcDbEntity
  8
BLACK
  6
CONTINUOUS
100
AcDbLine
 10
1.3117452755905512
 20
1.1900106692913386
 30
0
 11
1.3066694094488189
 21
1.1879081496062991
 31
0
  0
LINE
  5
FC2
330
1A
100
AcDbEntity
  8
BLACK
  6
CONTINUOUS
100
AcDbLine
 10
1.3066694094488189
 20
1.1879081496062991
 30
0
 11
1.3066692519685039
 21
1.1879080708661418
 31
0
  0
LINE
  5
FC3
330
1A
100
AcDbEntity
  8
BLACK
  6
CONTINUOUS
100
AcDbLine
 10
1.3066692519685039
 20
1.1879080708661418
 30
0
 11
1.3021008661417321
 21
1.1848555511811023
 31
0
  0
LINE
  5
FC4
330
1A
100
AcDbEntity
  8
BLACK
  6
CONTINUOUS
100
AcDbLine
 10
1.3021008661417321
 20
1.1848555511811023
 30
0
 11
1.3021005905511811
 21
1.1848553543307085
 31
0
  0
LINE
  5
FC5
330
1A
100
AcDbEntity
  8
BLACK
  6
CONTINUOUS
100
AcDbLine
 10
1.3021005905511811
 20
1.1848553543307085
 30
0
 11
1.2982155118110237
 21
1.1809702755905511
 31
0
  0
LINE
  5
FC6
330
1A
100
AcDbEntity
  8
BLACK
  6
CONTINUOUS
100
AcDbLine
 10
1.2982155118110237
 20
1.1809702755905511
 30
0
 11
1.2982153149606299
 21
1.1809700000000001
 31
0
  0
LINE
  5
FC7
330
1A
100
AcDbEntity
  8
BLACK
  6
CONTINUOUS
100
AcDbLine
 10
1.2982153149606299
 20
1.1809700000000001
 30
0
 11
1.2951627952755904
 21
1.1764016141732283
 31
0
  0
LINE
  5
FC8
330
1A
100
AcDbEntity
  8
BLACK
  6
CONTINUOUS
100
AcDbLine
 10
1.2951627952755904
 20
1.1764016141732283
 30
0
 11
1.2951627165354331
 21
1.1764014566929133
 31
0
  0
LINE
  5
FC9
330
1A
100
AcDbEntity
  8
BLACK
  6
CONTINUOUS
100
AcDbLine
 10
1.2951627165354331
 20
1.1764014566929133
 30
0
 11
1.2930601968503936
 21
1.171325590551181
 31
0
  0
LINE
  5
FCA
330
1A
100
AcDbEntity
  8
BLACK
  6
CONTINUOUS
100
AcDbLine
 10
1.2930601968503936
 20
1.171325590551181
 30
0
 11
1.2930601181102361
 21
1.1713253543307087
 31
0
  0
LINE
  5
FCB
330
1A
100
AcDbEntity
  8
BLACK
  6
CONTINUOUS
100
AcDbLine
 10
1.2930601181102361
 20
1.1713253543307087
 30
0
 11
1.2930601181102361
 21
1.1713252755905512
 31
0
  0
LINE
  5
FCC
330
1A
100
AcDbEntity
  8
BLACK
  6
CONTINUOUS
100
AcDbLine
 10
1.2930601181102361
 20
1.1713252755905512
 30
0
 11
1.2928517322834645
 21
1.1702775984251967
 31
0
  0
LINE
  5
FCD
330
1A
100
AcDbEntity
  8
BLACK
  6
CONTINUOUS
100
AcDbLine
 10
1.2928517322834645
 20
1.1702775984251967
 30
0
 11
1.291988188976378
 21
1.1659363779527558
 31
0
  0
LINE
  5
FCE
330
1A
100
AcDbEntity
  8
BLACK
  6
CONTINUOUS
100
AcDbLine
 10
1.291988188976378
 20
1.1659363779527558
 30
0
 11
1.291988188976378
 21
1.1604416141732283
 31
0
  0
CIRCLE
  5
FCF
330
1A
100
AcDbEntity
  8
BLACK
100
AcDbCircle
 10
0.4
 20
0.4
 30
0
 40
0.0068897637795276
  0
CIRCLE
  5
FD0
330
1A
100
AcDbEntity
  8
BLACK
100
AcDbCircle
 10
2.7897637795275592
 20
1.5999999999999999
 30
0
 40
0.0068897637795276
  0
CIRCLE
  5
FD1
330
1A
100
AcDbEntity
  8
BLACK
100
AcDbCircle
 10
0.4
 20
1.5999999999999999
 30
0
 40
0.0068897637795276
  0
CIRCLE
  5
FD2
330
1A
100
AcDbEntity
  8
BLACK
100
AcDbCircle
 10
2.512992125984252
 20
0.3937007874015748
 30
0
 40
0.0068897637795276
  0
CIRCLE
  5
FD3
330
1A
100
AcDbEntity
  8
BLACK
100
AcDbCircle
 10
2.512992125984252
 20
0.2937007874015748
 30
0
 40
0.0068897637795276
  0
CIRCLE
  5
FD4
330
1A
100
AcDbEntity
  8
BLACK
100
AcDbCircle
 10
2.4129921259842519
 20
0.3937007874015748
 30
0
 40
0.0068897637795276
  0
CIRCLE
  5
FD5
330
1A
100
AcDbEntity
  8
BLACK
100
AcDbCircle
 10
2.4129921259842519
 20
0.2937007874015748
 30
0
 40
0.0068897637795276
  0
CIRCLE
  5
FD6
330
1A
100
AcDbEntity
  8
BLACK
100
AcDbCircle
 10
2.3129921259842519
 20
0.3937007874015748
 30
0
 40
0.0068897637795276
  0
CIRCLE
  5
FD7
330
1A
100
AcDbEntity
  8
BLACK
100
AcDbCircle
 10
2.3129921259842519
 20
0.2937007874015748
 30
0
 40
0.0068897637795276
  0
CIRCLE
  5
FD8
330
1A
100
AcDbEntity
  8
BLACK
100
AcDbCircle
 10
0.4208661417322834
 20
1.1744094488188976
 30
0
 40
0.0068897637795276
  0
CIRCLE
  5
FD9
330
1A
100
AcDbEntity
  8
BLACK
100
AcDbCircle
 10
0.3208661417322834
 20
1.2744094488188975
 30
0
 40
0.0068897637795276
  0
CIRCLE
  5
FDA
330
1A
100
AcDbEntity
  8
BLACK
100
AcDbCircle
 10
0.3208661417322834
 20
1.0744094488188976
 30
0
 40
0.0068897637795276
  0
CIRCLE
  5
FDB
330
1A
100
AcDbEntity
  8
BLACK
100
AcDbCircle
 10
0.5208661417322834
 20
1.2744094488188975
 30
0
 40
0.0068897637795276
  0
CIRCLE
  5
FDC
330
1A
100
AcDbEntity
  8
BLACK
100
AcDbCircle
 10
0.5208661417322834
 20
1.0744094488188976
 30
0
 40
0.0068897637795276
  0
CIRCLE
  5
FDD
330
1A
100
AcDbEntity
  8
BLACK
100
AcDbCircle
 10
2.7897637795275592
 20
0.4
 30
0
 40
0.0068897637795276
  0
CIRCLE
  5
FDE
330
1A
100
AcDbEntity
  8
BLACK
100
AcDbCircle
 10
2.6929133858267718
 20
0.6299212598425197
 30
0
 40
0.0068897637795276
  0
CIRCLE
  5
FDF
330
1A
100
AcDbEntity
  8
BLACK
100
AcDbCircle
 10
2.7929133858267714
 20
0.6299212598425197
 30
0
 40
0.0068897637795276
  0
CIRCLE
  5
FE0
330
1A
100
AcDbEntity
  8
BLACK
100
AcDbCircle
 10
2.6929133858267718
 20
0.7299212598425197
 30
0
 40
0.0068897637795276
  0
CIRCLE
  5
FE1
330
1A
100
AcDbEntity
  8
BLACK
100
AcDbCircle
 10
2.7929133858267714
 20
0.7299212598425197
 30
0
 40
0.0068897637795276
  0
CIRCLE
  5
FE2
330
1A
100
AcDbEntity
  8
BLACK
100
AcDbCircle
 10
2.6929133858267718
 20
0.8299212598425196
 30
0
 40
0.0068897637795276
  0
CIRCLE
  5
FE3
330
1A
100
AcDbEntity
  8
BLACK
100
AcDbCircle
 10
2.7929133858267714
 20
0.8299212598425196
 30
0
 40
0.0068897637795276
  0
CIRCLE
  5
FE4
330
1A
100
AcDbEntity
  8
BLACK
100
AcDbCircle
 10
2.6929133858267718
 20
0.9299212598425196
 30
0
 40
0.0068897637795276
  0
CIRCLE
  5
FE5
330
1A
100
AcDbEntity
  8
BLACK
100
AcDbCircle
 10
2.7929133858267714
 20
0.9299212598425196
 30
0
 40
0.0068897637795276
  0
CIRCLE
  5
FE6
330
1A
100
AcDbEntity
  8
BLACK
100
AcDbCircle
 10
2.6929133858267718
 20
1.0299212598425196
 30
0
 40
0.0068897637795276
  0
CIRCLE
  5
FE7
330
1A
100
AcDbEntity
  8
BLACK
100
AcDbCircle
 10
2.7929133858267714
 20
1.0299212598425196
 30
0
 40
0.0068897637795276
  0
CIRCLE
  5
FE8
330
1A
100
AcDbEntity
  8
BLACK
100
AcDbCircle
 10
2.6929133858267718
 20
1.1299212598425197
 30
0
 40
0.0068897637795276
  0
CIRCLE
  5
FE9
330
1A
100
AcDbEntity
  8
BLACK
100
AcDbCircle
 10
2.7929133858267714
 20
1.1299212598425197
 30
0
 40
0.0068897637795276
  0
CIRCLE
  5
FEA
330
1A
100
AcDbEntity
  8
BLACK
100
AcDbCircle
 10
2.6929133858267718
 20
1.2299212598425198
 30
0
 40
0.0068897637795276
  0
CIRCLE
  5
FEB
330
1A
100
AcDbEntity
  8
BLACK
100
AcDbCircle
 10
2.7929133858267714
 20
1.2299212598425198
 30
0
 40
0.0068897637795276
  0
CIRCLE
  5
FEC
330
1A
100
AcDbEntity
  8
BLACK
100
AcDbCircle
 10
2.6929133858267718
 20
1.3299212598425196
 30
0
 40
0.0068897637795276
  0
CIRCLE
  5
FED
330
1A
100
AcDbEntity
  8
BLACK
100
AcDbCircle
 10
2.7929133858267714
 20
1.3299212598425196
 30
0
 40
0.0068897637795276
  0
CIRCLE
  5
FEE
330
1A
100
AcDbEntity
  8
BLACK
100
AcDbCircle
 10
0.4043307086614173
 20
0.7059055118110236
 30
0
 40
0.0068897637795276
  0
CIRCLE
  5
FEF
330
1A
100
AcDbEntity
  8
BLACK
100
AcDbCircle
 10
0.5043307086614173
 20
0.7059055118110236
 30
0
 40
0.0068897637795276
  0
CIRCLE
  5
FF0
330
1A
100
AcDbEntity
  8
BLACK
100
AcDbCircle
 10
1.771259842519685
 20
1.6330708661417321
 30
0
 40
0.0078740157480315
  0
CIRCLE
  5
FF1
330
1A
100
AcDbEntity
  8
BLACK
100
AcDbCircle
 10
0.8657480314960629
 20
0.6271653543307086
 30
0
 40
0.0078740157480315
  0
CIRCLE
  5
FF2
330
1A
100
AcDbEntity
  8
BLACK
100
AcDbCircle
 10
0.2673228346456693
 20
0.8417322834645669
 30
0
 40
0.0078740157480315
  0
CIRCLE
  5
FF3
330
1A
100
AcDbEntity
  8
BLACK
100
AcDbCircle
 10
0.5271653543307087
 20
1.3909448818897638
 30
0
 40
0.0078740157480315
  0
CIRCLE
  5
FF4
330
1A
100
AcDbEntity
  8
BLACK
100
AcDbCircle
 10
1.7614173228346457
 20
0.6035433070866142
 30
0
 40
0.0078740157480315
  0
CIRCLE
  5
FF5
330
1A
100
AcDbEntity
  8
BLACK
100
AcDbCircle
 10
2.5153543307086612
 20
1.184251968503937
 30
0
 40
0.0078740157480315
  0
CIRCLE
  5
FF6
330
1A
100
AcDbEntity
  8
BLACK
100
AcDbCircle
 10
2.9208661417322834
 20
0.9303149606299213
 30
0
 40
0.0078740157480315
  0
CIRCLE
  5
FF7
330
1A
100
AcDbEntity
  8
BLACK
100
AcDbCircle
 10
2.5448818897637793
 20
0.5641732283464567
 30
0
 40
0.0078740157480315
  0
CIRCLE
  5
FF8
330
1A
100
AcDbEntity
  8
BLACK
100
AcDbCircle
 10
1.0586614173228346
 20
1.6448818897637796
 30
0
 40
0.0078740157480315
  0
CIRCLE
  5
FF9
330
1A
100
AcDbEntity
  8
BLACK
100
AcDbCircle
 10
2.2555118110236219
 20
1.6212598425196849
 30
0
 40
0.0078740157480315
  0
CIRCLE
  5
FFA
330
1A
100
AcDbEntity
  8
BLACK
100
AcDbCircle
 10
0.9937007874015747
 20
0.3377952755905512
 30
0
 40
0.0078740157480315
  0
CIRCLE
  5
FFB
330
1A
100
AcDbEntity
  8
BLACK
100
AcDbCircle
 10
1.9976377952755906
 20
1.3377952755905511
 30
0
 40
0.0078740157480315
  0
CIRCLE
  5
FFC
330
1A
100
AcDbEntity
  8
BLACK
100
AcDbCircle
 10
0.521259842519685
 20
0.5759842519685039
 30
0
 40
0.0078740157480315
  0
CIRCLE
  5
FFD
330
1A
100
AcDbEntity
  8
BLACK
100
AcDbCircle
 10
2.5606299212598427
 20
1.4460629921259842
 30
0
 40
0.0078740157480315
  0
CIRCLE
  5
FFE
330
1A
100
AcDbEntity
  8
BLACK
100
AcDbCircle
 10
1.8519685039370077
 20
0.3259842519685039
 30
0
 40
0.0078740157480315
  0
CIRCLE
  5
FFF
330
1A
100
AcDbEntity
  8
BLACK
100
AcDbCircle
 10
0.5507874015748031
 20
1.7059055118110236
 30
0
 40
0.0078740157480315
  0
CIRCLE
  5
1000
330
1A
100
AcDbEntity
  8
BLACK
100
AcDbCircle
 10
1.9562992125984251
 20
1.012992125984252
 30
0
 40
0.0078740157480315
  0
CIRCLE
  5
1001
330
1A
100
AcDbEntity
  8
BLACK
100
AcDbCircle
 10
2.926771653543307
 20
1.3043307086614173
 30
0
 40
0.0078740157480315
  0
CIRCLE
  5
1002
330
1A
100
AcDbEntity
  8
BLACK
100
AcDbCircle
 10
1.3716535433070867
 20
0.839763779527559
 30
0
 40
0.0078740157480315
  0
CIRCLE
  5
1003
330
1A
100
AcDbEntity
  8
BLACK
100
AcDbCircle
 10
1.2165354330708662
 20
1.1040846456692912
 30
0
 40
0.0078740157480315
  0
CIRCLE
  5
1004
330
1A
100
AcDbEntity
  8
BLACK
100
AcDbCircle
 10
1.
 20
0.8166830708661417
 30
0
 40
0.0078740157480315
  0
CIRCLE
  5
1005
330
1A
100
AcDbEntity
  8
BLACK
100
AcDbCircle
 10
1.3259350393700786
 20
0.7310531496062992
 30
0
 40
0.0078740157480315
  0
CIRCLE
  5
1006
330
1A
100
AcDbEntity
  8
BLACK
100
AcDbCircle
 10
1.515748031496063
 20
0.9716535433070866
 30
0
 40
0.0078740157480315
  0
CIRCLE
  5
1007
330
1A
100
AcDbEntity
  8
BLACK
100
AcDbCircle
 10
1.3125984251968503
 20
1.0233267716535432
 30
0
 40
0.0078740157480315
  0
CIRCLE
  5
1008
330
1A
100
AcDbEntity
  8
BLACK
100
AcDbCircle
 10
2.326288503937008
 20
1.1477059448818898
 30
0
 40
0.0078740157480315
  0
CIRCLE
  5
1009
330
1A
100
AcDbEntity
  8
BLACK
100
AcDbCircle
 10
2.2944255905511812
 20
1.1797503149606299
 30
0
 40
0.0078740157480315
  0
CIRCLE
  5
100A
330
1A
100
AcDbEntity
  8
BLACK
100
AcDbCircle
 10
1.863668031496063
 20
1.5382612992125984
 30
0
 40
0.0078740157480315
  0
CIRCLE
  5
100B
330
1A
100
AcDbEntity
  8
BLACK
100
AcDbCircle
 10
2.3078114173228346
 20
0.7891991338582677
 30
0
 40
0.0078740157480315
  0
CIRCLE
  5
100C
330
1A
100
AcDbEntity
  8
BLACK
100
AcDbCircle
 10
2.0039580708661417
 20
0.9869845669291338
 30
0
 40
0.0078740157480315
  0
CIRCLE
  5
100D
330
1A
100
AcDbEntity
  8
BLACK
100
AcDbCircle
 10
2.2176539370078738
 20
0.6643959842519684
 30
0
 40
0.0078740157480315
  0
CIRCLE
  5
100E
330
1A
100
AcDbEntity
  8
BLACK
100
AcDbCircle
 10
2.0078950787401575
 20
1.2743861417322835
 30
0
 40
0.0078740157480315
  0
CIRCLE
  5
100F
330
1A
100
AcDbEntity
  8
BLACK
100
AcDbCircle
 10
1.8070866141732282
 20
0.8403051181102362
 30
0
 40
0.0078740157480315
  0
CIRCLE
  5
1010
330
1A
100
AcDbEntity
  8
BLACK
100
AcDbCircle
 10
2.0940318897637793
 20
0.6088841732283464
 30
0
 40
0.0078740157480315
  0
CIRCLE
  5
1011
330
1A
100
AcDbEntity
  8
BLACK
100
AcDbCircle
 10
2.1688350393700788
 20
0.6128211811023622
 30
0
 40
0.0078740157480315
  0
CIRCLE
  5
1012
330
1A
100
AcDbEntity
  8
BLACK
100
AcDbCircle
 10
1.8070866141732282
 20
1.0253444881889764
 30
0
 40
0.0078740157480315
  0
CIRCLE
  5
1013
330
1A
100
AcDbEntity
  8
BLACK
100
AcDbCircle
 10
1.4145669291338583
 20
1.3048228346456692
 30
0
 40
0.0078740157480315
  0
CIRCLE
  5
1014
330
1A
100
AcDbEntity
  8
BLACK
100
AcDbCircle
 10
1.2519685039370079
 20
1.3954232283464567
 30
0
 40
0.0078740157480315
  0
CIRCLE
  5
1015
330
1A
100
AcDbEntity
  8
BLACK
100
AcDbCircle
 10
1.8720472440944882
 20
1.1320374015748031
 30
0
 40
0.0078740157480315
  0
CIRCLE
  5
1016
330
1A
100
AcDbEntity
  8
BLACK
100
AcDbCircle
 10
1.5615157480314961
 20
1.1459153543307086
 30
0
 40
0.0078740157480315
  0
CIRCLE
  5
1017
330
1A
100
AcDbEntity
  8
BLACK
100
AcDbCircle
 10
1.8070866141732282
 20
1.0686515748031495
 30
0
 40
0.0078740157480315
  0
CIRCLE
  5
1018
330
1A
100
AcDbEntity
  8
BLACK
100
AcDbCircle
 10
1.9090551181102362
 20
1.0956692913385826
 30
0
 40
0.0078740157480315
  0
CIRCLE
  5
1019
330
1A
100
AcDbEntity
  8
BLACK
100
AcDbCircle
 10
1.0921259842519684
 20
0.9480314960629921
 30
0
 40
0.0078740157480315
  0
CIRCLE
  5
101A
330
1A
100
AcDbEntity
  8
BLACK
100
AcDbCircle
 10
1.5787401574803148
 20
1.3206200787401574
 30
0
 40
0.0078740157480315
  0
CIRCLE
  5
101B
330
1A
100
AcDbEntity
  8
BLACK
100
AcDbCircle
 10
0.974015748031496
 20
1.3102362204724409
 30
0
 40
0.0078740157480315
  0
CIRCLE
  5
101C
330
1A
100
AcDbEntity
  8
BLACK
100
AcDbCircle
 10
2.3085988188976376
 20
1.104553464566929
 30
0
 40
0.0078740157480315
  0
CIRCLE
  5
101D
330
1A
100
AcDbEntity
  8
BLACK
100
AcDbCircle
 10
2.0921259842519686
 20
1.3633858267716534
 30
0
 40
0.0078740157480315
  0
CIRCLE
  5
101E
330
1A
100
AcDbEntity
  8
BLACK
100
AcDbCircle
 10
2.2877326771653541
 20
1.035262125984252
 30
0
 40
0.0078740157480315
  0
CIRCLE
  5
101F
330
1A
100
AcDbEntity
  8
BLACK
100
AcDbCircle
 10
1.9377269685039369
 20
1.1765706299212597
 30
0
 40
0.0078740157480315
  0
CIRCLE
  5
1020
330
1A
100
AcDbEntity
  8
BLACK
100
AcDbCircle
 10
1.9248031496062992
 20
1.3476377952755905
 30
0
 40
0.0078740157480315
  0
CIRCLE
  5
1021
330
1A
100
AcDbEntity
  8
BLACK
100
AcDbCircle
 10
1.94251968503937
 20
1.1370078740157481
 30
0
 40
0.0078740157480315
  0
CIRCLE
  5
1022
330
1A
100
AcDbEntity
  8
BLACK
100
AcDbCircle
 10
1.9409448818897637
 20
1.4072342519685039
 30
0
 40
0.0078740157480315
  0
CIRCLE
  5
1023
330
1A
100
AcDbEntity
  8
BLACK
100
AcDbCircle
 10
1.078740157480315
 20
1.4032972440944882
 30
0
 40
0.0078740157480315
  0
CIRCLE
  5
1024
330
1A
100
AcDbEntity
  8
BLACK
100
AcDbCircle
 10
0.8721456692913385
 20
1.2063976377952756
 30
0
 40
0.0078740157480315
  0
CIRCLE
  5
1025
330
1A
100
AcDbEntity
  8
BLACK
100
AcDbCircle
 10
1.4469488188976378
 20
1.262992125984252
 30
0
 40
0.0078740157480315
  0
CIRCLE
  5
1026
330
1A
100
AcDbEntity
  8
BLACK
100
AcDbCircle
 10
1.3198818897637794
 20
1.1631889763779528
 30
0
 40
0.0078740157480315
  0
CIRCLE
  5
1027
330
1A
100
AcDbEntity
  8
BLACK
100
AcDbCircle
 10
0.9291338582677166
 20
1.0135334645669292
 30
0
 40
0.0078740157480315
  0
CIRCLE
  5
1028
330
1A
100
AcDbEntity
  8
BLACK
100
AcDbCircle
 10
1.1687007874015747
 20
1.1864173228346457
 30
0
 40
0.0078740157480315
  0
CIRCLE
  5
1029
330
1A
100
AcDbEntity
  8
BLACK
100
AcDbCircle
 10
0.8700787401574803
 20
1.2458169291338583
 30
0
 40
0.0078740157480315
  0
CIRCLE
  5
102A
330
1A
100
AcDbEntity
  8
WHITE
100
AcDbCircle
 10
1.771259842519685
 20
1.6330708661417321
 30
0
 40
0.0068897637795276
  0
CIRCLE
  5
102B
330
1A
100
AcDbEntity
  8
WHITE
100
AcDbCircle
 10
0.8657480314960629
 20
0.6271653543307086
 30
0
 40
0.0068897637795276
  0
CIRCLE
  5
102C
330
1A
100
AcDbEntity
  8
WHITE
100
AcDbCircle
 10
0.2673228346456693
 20
0.8417322834645669
 30
0
 40
0.0068897637795276
  0
CIRCLE
  5
102D
330
1A
100
AcDbEntity
  8
WHITE
100
AcDbCircle
 10
0.5271653543307087
 20
1.3909448818897638
 30
0
 40
0.0068897637795276
  0
CIRCLE
  5
102E
330
1A
100
AcDbEntity
  8
WHITE
100
AcDbCircle
 10
1.7614173228346457
 20
0.6035433070866142
 30
0
 40
0.0068897637795276
  0
CIRCLE
  5
102F
330
1A
100
AcDbEntity
  8
WHITE
100
AcDbCircle
 10
2.5153543307086612
 20
1.184251968503937
 30
0
 40
0.0068897637795276
  0
CIRCLE
  5
1030
330
1A
100
AcDbEntity
  8
WHITE
100
AcDbCircle
 10
2.9208661417322834
 20
0.9303149606299213
 30
0
 40
0.0068897637795276
  0
CIRCLE
  5
1031
330
1A
100
AcDbEntity
  8
WHITE
100
AcDbCircle
 10
2.5448818897637793
 20
0.5641732283464567
 30
0
 40
0.0068897637795276
  0
CIRCLE
  5
1032
330
1A
100
AcDbEntity
  8
WHITE
100
AcDbCircle
 10
1.0586614173228346
 20
1.6448818897637796
 30
0
 40
0.0068897637795276
  0
CIRCLE
  5
1033
330
1A
100
AcDbEntity
  8
WHITE
100
AcDbCircle
 10
2.2555118110236219
 20
1.6212598425196849
 30
0
 40
0.0068897637795276
  0
CIRCLE
  5
1034
330
1A
100
AcDbEntity
  8
WHITE
100
AcDbCircle
 10
0.9937007874015747
 20
0.3377952755905512
 30
0
 40
0.0068897637795276
  0
CIRCLE
  5
1035
330
1A
100
AcDbEntity
  8
WHITE
100
AcDbCircle
 10
1.9976377952755906
 20
1.3377952755905511
 30
0
 40
0.0068897637795276
  0
CIRCLE
  5
1036
330
1A
100
AcDbEntity
  8
WHITE
100
AcDbCircle
 10
0.521259842519685
 20
0.5759842519685039
 30
0
 40
0.0068897637795276
  0
CIRCLE
  5
1037
330
1A
100
AcDbEntity
  8
WHITE
100
AcDbCircle
 10
2.5606299212598427
 20
1.4460629921259842
 30
0
 40
0.0068897637795276
  0
CIRCLE
  5
1038
330
1A
100
AcDbEntity
  8
WHITE
100
AcDbCircle
 10
1.8519685039370077
 20
0.3259842519685039
 30
0
 40
0.0068897637795276
  0
CIRCLE
  5
1039
330
1A
100
AcDbEntity
  8
WHITE
100
AcDbCircle
 10
0.5507874015748031
 20
1.7059055118110236
 30
0
 40
0.0068897637795276
  0
CIRCLE
  5
103A
330
1A
100
AcDbEntity
  8
WHITE
100
AcDbCircle
 10
1.9562992125984251
 20
1.012992125984252
 30
0
 40
0.0068897637795276
  0
CIRCLE
  5
103B
330
1A
100
AcDbEntity
  8
WHITE
100
AcDbCircle
 10
2.926771653543307
 20
1.3043307086614173
 30
0
 40
0.0068897637795276
  0
CIRCLE
  5
103C
330
1A
100
AcDbEntity
  8
WHITE
100
AcDbCircle
 10
1.3716535433070867
 20
0.839763779527559
 30
0
 40
0.0068897637795276
  0
CIRCLE
  5
103D
330
1A
100
AcDbEntity
  8
WHITE
100
AcDbCircle
 10
1.2165354330708662
 20
1.1040846456692912
 30
0
 40
0.0068897637795276
  0
CIRCLE
  5
103E
330
1A
100
AcDbEntity
  8
WHITE
100
AcDbCircle
 10
1.
 20
0.8166830708661417
 30
0
 40
0.0068897637795276
  0
CIRCLE
  5
103F
330
1A
100
AcDbEntity
  8
WHITE
100
AcDbCircle
 10
1.3259350393700786
 20
0.7310531496062992
 30
0
 40
0.0068897637795276
  0
CIRCLE
  5
1040
330
1A
100
AcDbEntity
  8
WHITE
100
AcDbCircle
 10
1.515748031496063
 20
0.9716535433070866
 30
0
 40
0.0068897637795276
  0
CIRCLE
  5
1041
330
1A
100
AcDbEntity
  8
WHITE
100
AcDbCircle
 10
1.3125984251968503
 20
1.0233267716535432
 30
0
 40
0.0068897637795276
  0
CIRCLE
  5
1042
330
1A
100
AcDbEntity
  8
WHITE
100
AcDbCircle
 10
2.326288503937008
 20
1.1477059448818898
 30
0
 40
0.0068897637795276
  0
CIRCLE
  5
1043
330
1A
100
AcDbEntity
  8
WHITE
100
AcDbCircle
 10
2.2944255905511812
 20
1.1797503149606299
 30
0
 40
0.0068897637795276
  0
CIRCLE
  5
1044
330
1A
100
AcDbEntity
  8
WHITE
100
AcDbCircle
 10
1.863668031496063
 20
1.5382612992125984
 30
0
 40
0.0068897637795276
  0
CIRCLE
  5
1045
330
1A
100
AcDbEntity
  8
WHITE
100
AcDbCircle
 10
2.3078114173228346
 20
0.7891991338582677
 30
0
 40
0.0068897637795276
  0
CIRCLE
  5
1046
330
1A
100
AcDbEntity
  8
WHITE
100
AcDbCircle
 10
2.0039580708661417
 20
0.9869845669291338
 30
0
 40
0.0068897637795276
  0
CIRCLE
  5
1047
330
1A
100
AcDbEntity
  8
WHITE
100
AcDbCircle
 10
2.2176539370078738
 20
0.6643959842519684
 30
0
 40
0.0068897637795276
  0
CIRCLE
  5
1048
330
1A
100
AcDbEntity
  8
WHITE
100
AcDbCircle
 10
2.0078950787401575
 20
1.2743861417322835
 30
0
 40
0.0068897637795276
  0
CIRCLE
  5
1049
330
1A
100
AcDbEntity
  8
WHITE
100
AcDbCircle
 10
1.8070866141732282
 20
0.8403051181102362
 30
0
 40
0.0068897637795276
  0
CIRCLE
  5
104A
330
1A
100
AcDbEntity
  8
WHITE
100
AcDbCircle
 10
2.0940318897637793
 20
0.6088841732283464
 30
0
 40
0.0068897637795276
  0
CIRCLE
  5
104B
330
1A
100
AcDbEntity
  8
WHITE
100
AcDbCircle
 10
2.1688350393700788
 20
0.6128211811023622
 30
0
 40
0.0068897637795276
  0
CIRCLE
  5
104C
330
1A
100
AcDbEntity
  8
WHITE
100
AcDbCircle
 10
1.8070866141732282
 20
1.0253444881889764
 30
0
 40
0.0068897637795276
  0
CIRCLE
  5
104D
330
1A
100
AcDbEntity
  8
WHITE
100
AcDbCircle
 10
1.4145669291338583
 20
1.3048228346456692
 30
0
 40
0.0068897637795276
  0
CIRCLE
  5
104E
330
1A
100
AcDbEntity
  8
WHITE
100
AcDbCircle
 10
1.2519685039370079
 20
1.3954232283464567
 30
0
 40
0.0068897637795276
  0
CIRCLE
  5
104F
330
1A
100
AcDbEntity
  8
WHITE
100
AcDbCircle
 10
1.8720472440944882
 20
1.1320374015748031
 30
0
 40
0.0068897637795276
  0
CIRCLE
  5
1050
330
1A
100
AcDbEntity
  8
WHITE
100
AcDbCircle
 10
1.5615157480314961
 20
1.1459153543307086
 30
0
 40
0.0068897637795276
  0
CIRCLE
  5
1051
330
1A
100
AcDbEntity
  8
WHITE
100
AcDbCircle
 10
1.8070866141732282
 20
1.0686515748031495
 30
0
 40
0.0068897637795276
  0
CIRCLE
  5
1052
330
1A
100
AcDbEntity
  8
WHITE
100
AcDbCircle
 10
1.9090551181102362
 20
1.0956692913385826
 30
0
 40
0.0068897637795276
  0
CIRCLE
  5
1053
330
1A
100
AcDbEntity
  8
WHITE
100
AcDbCircle
 10
1.0921259842519684
 20
0.9480314960629921
 30
0
 40
0.0068897637795276
  0
CIRCLE
  5
1054
330
1A
100
AcDbEntity
  8
WHITE
100
AcDbCircle
 10
1.5787401574803148
 20
1.3206200787401574
 30
0
 40
0.0068897637795276
  0
CIRCLE
  5
1055
330
1A
100
AcDbEntity
  8
WHITE
100
AcDbCircle
 10
0.974015748031496
 20
1.3102362204724409
 30
0
 40
0.0068897637795276
  0
CIRCLE
  5
1056
330
1A
100
AcDbEntity
  8
WHITE
100
AcDbCircle
 10
2.3085988188976376
 20
1.104553464566929
 30
0
 40
0.0068897637795276
  0
CIRCLE
  5
1057
330
1A
100
AcDbEntity
  8
WHITE
100
AcDbCircle
 10
2.0921259842519686
 20
1.3633858267716534
 30
0
 40
0.0068897637795276
  0
CIRCLE
  5
1058
330
1A
100
AcDbEntity
  8
WHITE
100
AcDbCircle
 10
2.2877326771653541
 20
1.035262125984252
 30
0
 40
0.0068897637795276
  0
CIRCLE
  5
1059
330
1A
100
AcDbEntity
  8
WHITE
100
AcDbCircle
 10
1.9377269685039369
 20
1.1765706299212597
 30
0
 40
0.0068897637795276
  0
CIRCLE
  5
105A
330
1A
100
AcDbEntity
  8
WHITE
100
AcDbCircle
 10
1.9248031496062992
 20
1.3476377952755905
 30
0
 40
0.0068897637795276
  0
CIRCLE
  5
105B
330
1A
100
AcDbEntity
  8
WHITE
100
AcDbCircle
 10
1.94251968503937
 20
1.1370078740157481
 30
0
 40
0.0068897637795276
  0
CIRCLE
  5
105C
330
1A
100
AcDbEntity
  8
WHITE
100
AcDbCircle
 10
1.9409448818897637
 20
1.4072342519685039
 30
0
 40
0.0068897637795276
  0
CIRCLE
  5
105D
330
1A
100
AcDbEntity
  8
WHITE
100
AcDbCircle
 10
1.078740157480315
 20
1.4032972440944882
 30
0
 40
0.0068897637795276
  0
CIRCLE
  5
105E
330
1A
100
AcDbEntity
  8
WHITE
100
AcDbCircle
 10
0.8721456692913385
 20
1.2063976377952756
 30
0
 40
0.0068897637795276
  0
CIRCLE
  5
105F
330
1A
100
AcDbEntity
  8
WHITE
100
AcDbCircle
 10
1.4469488188976378
 20
1.262992125984252
 30
0
 40
0.0068897637795276
  0
CIRCLE
  5
1060
330
1A
100
AcDbEntity
  8
WHITE
100
AcDbCircle
 10
1.3198818897637794
 20
1.1631889763779528
 30
0
 40
0.0068897637795276
  0
CIRCLE
  5
1061
330
1A
100
AcDbEntity
  8
WHITE
100
AcDbCircle
 10
0.9291338582677166
 20
1.0135334645669292
 30
0
 40
0.0068897637795276
  0
CIRCLE
  5
1062
330
1A
100
AcDbEntity
  8
WHITE
100
AcDbCircle
 10
1.1687007874015747
 20
1.1864173228346457
 30
0
 40
0.0068897637795276
  0
CIRCLE
  5
1063
330
1A
100
AcDbEntity
  8
WHITE
100
AcDbCircle
 10
0.8700787401574803
 20
1.2458169291338583
 30
0
 40
0.0068897637795276
  0
CIRCLE
  5
1064
330
1A
100
AcDbEntity
  8
WHITE
100
AcDbCircle
 10
0.4
 20
0.4
 30
0
 40
0.0068897637795276
  0
CIRCLE
  5
1065
330
1A
100
AcDbEntity
  8
WHITE
100
AcDbCircle
 10
2.7897637795275592
 20
1.5999999999999999
 30
0
 40
0.0068897637795276
  0
CIRCLE
  5
1066
330
1A
100
AcDbEntity
  8
WHITE
100
AcDbCircle
 10
0.4
 20
1.5999999999999999
 30
0
 40
0.0068897637795276
  0
CIRCLE
  5
1067
330
1A
100
AcDbEntity
  8
WHITE
100
AcDbCircle
 10
2.512992125984252
 20
0.3937007874015748
 30
0
 40
0.0068897637795276
  0
CIRCLE
  5
1068
330
1A
100
AcDbEntity
  8
WHITE
100
AcDbCircle
 10
2.512992125984252
 20
0.2937007874015748
 30
0
 40
0.0068897637795276
  0
CIRCLE
  5
1069
330
1A
100
AcDbEntity
  8
WHITE
100
AcDbCircle
 10
2.4129921259842519
 20
0.3937007874015748
 30
0
 40
0.0068897637795276
  0
CIRCLE
  5
106A
330
1A
100
AcDbEntity
  8
WHITE
100
AcDbCircle
 10
2.4129921259842519
 20
0.2937007874015748
 30
0
 40
0.0068897637795276
  0
CIRCLE
  5
106B
330
1A
100
AcDbEntity
  8
WHITE
100
AcDbCircle
 10
2.3129921259842519
 20
0.3937007874015748
 30
0
 40
0.0068897637795276
  0
CIRCLE
  5
106C
330
1A
100
AcDbEntity
  8
WHITE
100
AcDbCircle
 10
2.3129921259842519
 20
0.2937007874015748
 30
0
 40
0.0068897637795276
  0
CIRCLE
  5
106D
330
1A
100
AcDbEntity
  8
WHITE
100
AcDbCircle
 10
0.4208661417322834
 20
1.1744094488188976
 30
0
 40
0.0068897637795276
  0
CIRCLE
  5
106E
330
1A
100
AcDbEntity
  8
WHITE
100
AcDbCircle
 10
0.3208661417322834
 20
1.2744094488188975
 30
0
 40
0.0068897637795276
  0
CIRCLE
  5
106F
330
1A
100
AcDbEntity
  8
WHITE
100
AcDbCircle
 10
0.3208661417322834
 20
1.0744094488188976
 30
0
 40
0.0068897637795276
  0
CIRCLE
  5
1070
330
1A
100
AcDbEntity
  8
WHITE
100
AcDbCircle
 10
0.5208661417322834
 20
1.2744094488188975
 30
0
 40
0.0068897637795276
  0
CIRCLE
  5
1071
330
1A
100
AcDbEntity
  8
WHITE
100
AcDbCircle
 10
0.5208661417322834
 20
1.0744094488188976
 30
0
 40
0.0068897637795276
  0
CIRCLE
  5
1072
330
1A
100
AcDbEntity
  8
WHITE
100
AcDbCircle
 10
2.7897637795275592
 20
0.4
 30
0
 40
0.0068897637795276
  0
CIRCLE
  5
1073
330
1A
100
AcDbEntity
  8
WHITE
100
AcDbCircle
 10
2.6929133858267718
 20
0.6299212598425197
 30
0
 40
0.0068897637795276
  0
CIRCLE
  5
1074
330
1A
100
AcDbEntity
  8
WHITE
100
AcDbCircle
 10
2.7929133858267714
 20
0.6299212598425197
 30
0
 40
0.0068897637795276
  0
CIRCLE
  5
1075
330
1A
100
AcDbEntity
  8
WHITE
100
AcDbCircle
 10
2.6929133858267718
 20
0.7299212598425197
 30
0
 40
0.0068897637795276
  0
CIRCLE
  5
1076
330
1A
100
AcDbEntity
  8
WHITE
100
AcDbCircle
 10
2.7929133858267714
 20
0.7299212598425197
 30
0
 40
0.0068897637795276
  0
CIRCLE
  5
1077
330
1A
100
AcDbEntity
  8
WHITE
100
AcDbCircle
 10
2.6929133858267718
 20
0.8299212598425196
 30
0
 40
0.0068897637795276
  0
CIRCLE
  5
1078
330
1A
100
AcDbEntity
  8
WHITE
100
AcDbCircle
 10
2.7929133858267714
 20
0.8299212598425196
 30
0
 40
0.0068897637795276
  0
CIRCLE
  5
1079
330
1A
100
AcDbEntity
  8
WHITE
100
AcDbCircle
 10
2.6929133858267718
 20
0.9299212598425196
 30
0
 40
0.0068897637795276
  0
CIRCLE
  5
107A
330
1A
100
AcDbEntity
  8
WHITE
100
AcDbCircle
 10
2.7929133858267714
 20
0.9299212598425196
 30
0
 40
0.0068897637795276
  0
CIRCLE
  5
107B
330
1A
100
AcDbEntity
  8
WHITE
100
AcDbCircle
 10
2.6929133858267718
 20
1.0299212598425196
 30
0
 40
0.0068897637795276
  0
CIRCLE
  5
107C
330
1A
100
AcDbEntity
  8
WHITE
100
AcDbCircle
 10
2.7929133858267714
 20
1.0299212598425196
 30
0
 40
0.0068897637795276
  0
CIRCLE
  5
107D
330
1A
100
AcDbEntity
  8
WHITE
100
AcDbCircle
 10
2.6929133858267718
 20
1.1299212598425197
 30
0
 40
0.0068897637795276
  0
CIRCLE
  5
107E
330
1A
100
AcDbEntity
  8
WHITE
100
AcDbCircle
 10
2.7929133858267714
 20
1.1299212598425197
 30
0
 40
0.0068897637795276
  0
CIRCLE
  5
107F
330
1A
100
AcDbEntity
  8
WHITE
100
AcDbCircle
 10
2.6929133858267718
 20
1.2299212598425198
 30
0
 40
0.0068897637795276
  0
CIRCLE
  5
1080
330
1A
100
AcDbEntity
  8
WHITE
100
AcDbCircle
 10
2.7929133858267714
 20
1.2299212598425198
 30
0
 40
0.0068897637795276
  0
CIRCLE
  5
1081
330
1A
100
AcDbEntity
  8
WHITE
100
AcDbCircle
 10
2.6929133858267718
 20
1.3299212598425196
 30
0
 40
0.0068897637795276
  0
CIRCLE
  5
1082
330
1A
100
AcDbEntity
  8
WHITE
100
AcDbCircle
 10
2.7929133858267714
 20
1.3299212598425196
 30
0
 40
0.0068897637795276
  0
CIRCLE
  5
1083
330
1A
100
AcDbEntity
  8
WHITE
100
AcDbCircle
 10
0.4043307086614173
 20
0.7059055118110236
 30
0
 40
0.0068897637795276
  0
CIRCLE
  5
1084
330
1A
100
AcDbEntity
  8
WHITE
100
AcDbCircle
 10
0.5043307086614173
 20
0.7059055118110236
 30
0
 40
0.0068897637795276
  0
ENDSEC
  0
SECTION
  2
OBJECTS
  0
DICTIONARY
  5
20
330
0
100
AcDbDictionary
281
1
  3
ACAD_GROUP
350
1085
  3
ACAD_LAYOUT
350
21
  3
ACAD_PLOTSTYLENAME
350
11
  0
DICTIONARY
  5
1085
330
20
100
AcDbDictionary
281
1
  0
ACDBDICTIONARYWDFLT
  5
11
330
20
100
AcDbDictionary
281
1
  3
Normal
350
10
100
AcDbDictionaryWithDefault
340
10
  0
ACDBPLACEHOLDER
  5
10
330
11
  0
DICTIONARY
  5
21
330
20
100
AcDbDictionary
281
1
  3
Model
350
1D
  3
Layout1
350
1E
  3
Layout2
350
1F
  0
LAYOUT
  5
1D
330
21
100
AcDbPlotSettings
  1

  2
none_device
  4
A3
  6

 40
0.0
 41
0.0
 42
0.0
 43
0.0
 44
420.0
 45
297.0
 46
0.0
 47
0.0
 48
0.0
 49
0.0
140
0.0
141
0.0
142
1.0
143
1.0
 70
1024
 72
1
 73
0
 74
5
  7

 75
16
 76
0
 77
2
 78
300
147
1.0
148
0.0
149
0.0
100
AcDbLayout
  1
Model
 70
1
 71
0
 10
0.0
 20
0.0
 11
420.0
 21
297.0
 12
0.0
 22
0.0
 32
0.0
 14
1e+20
 24
1e+20
 34
1e+20
 15
-1e+20
 25
-1e+20
 35
-1e+20
146
0.0
 13
0.0
 23
0.0
 33
0.0
 16
1.0
 26
0.0
 36
0.0
 17
0.0
 27
1.0
 37
0.0
 76
0
330
1A
  0
LAYOUT
  5
1E
330
21
100
AcDbPlotSettings
  1

  2
none_device
  4
A3
  6

 40
0.0
 41
0.0
 42
0.0
 43
0.0
 44
420.0
 45
297.0
 46
0.0
 47
0.0
 48
0.0
 49
0.0
140
0.0
141
0.0
142
1.0
143
1.0
 70
0
 72
1
 73
0
 74
5
  7

 75
16
 76
0
 77
2
 78
300
147
1.0
148
0.0
149
0.0
100
AcDbLayout
  1
Layout1
 70
1
 71
1
 10
0.0
 20
0.0
 11
420.0
 21
297.0
 12
0.0
 22
0.0
 32
0.0
 14
1e+20
 24
1e+20
 34
1e+20
 15
-1e+20
 25
-1e+20
 35
-1e+20
146
0.0
 13
0.0
 23
0.0
 33
0.0
 16
1.0
 26
0.0
 36
0.0
 17
0.0
 27
1.0
 37
0.0
 76
0
330
1B
  0
LAYOUT
  5
1F
330
21
100
AcDbPlotSettings
  1

  2
none_device
  4
A3
  6

 40
0.0
 41
0.0
 42
0.0
 43
0.0
 44
420.0
 45
297.0
 46
0.0
 47
0.0
 48
0.0
 49
0.0
140
0.0
141
0.0
142
1.0
143
1.0
 70
0
 72
1
 73
0
 74
5
  7

 75
16
 76
0
 77
2
 78
300
147
1.0
148
0.0
149
0.0
100
AcDbLayout
  1
Layout2
 70
1
 71
2
 10
0.0
 20
0.0
 11
420.0
 21
297.0
 12
0.0
 22
0.0
 32
0.0
 14
1e+20
 24
1e+20
 34
1e+20
 15
-1e+20
 25
-1e+20
 35
-1e+20
146
0.0
 13
0.0
 23
0.0
 33
0.0
 16
1.0
 26
0.0
 36
0.0
 17
0.0
 27
1.0
 37
0.0
 76
0
330
1C
  0
ENDSEC
  0
EOF
