  0
SECTION
  2
HEADER
  9
$ACADVER
  1
AC1018
  9
$HANDSEED
  5
FFFFFFFF
  9
$ANGBASE
  50
0.0
  9
$ANGDIR
  70
1
  9
$MEASUREMENT
  70
0
  9
$INSUNITS
  70
1
  0
ENDSEC
  0
SECTION
  2
TABLES
  0
TABLE
  2
APPID
  5
1
330
0
100
AcDbSymbolTable
 70
1
  0
APPID
  5
2
330
1
100
AcDbSymbolTableRecord
100
AcDbRegAppTableRecord
  2
ACAD
 70
0
  0
ENDTAB
  0
TABLE
  2
LTYPE
  5
3
330
0
100
AcDbSymbolTable
 70
6
  0
LTYPE
  5
4
330
3
100
AcDbSymbolTableRecord
100
AcDbLinetypeTableRecord
  2
ByBlock
 70
0
  3

 72
65
 73
0
 40
0
  0
LTYPE
  5
5
330
3
100
AcDbSymbolTableRecord
100
AcDbLinetypeTableRecord
  2
ByLayer
 70
0
  3

 72
65
 73
0
 40
0
  0
LTYPE
  5
6
330
3
100
AcDbSymbolTableRecord
100
AcDbLinetypeTableRecord
  2
CONTINUOUS
 70
0
  3
Solid line
 72
65
 73
0
 40
0
  0
LTYPE
  5
7
330
3
100
AcDbSymbolTableRecord
100
AcDbLinetypeTableRecord
  2
DASHDOT
 70
0
  3
Dash Dot ____ _ ____ _
 72
65
 73
4
 40
2
 49
1.25
 74
0
 49
-0.25
 74
0
 49
0.25
 74
0
 49
-0.25
 74
0
  0
LTYPE
  5
8
330
3
100
AcDbSymbolTableRecord
100
AcDbLinetypeTableRecord
  2
DASHED
 70
0
  3
Dashed __ __ __ __ __
 72
65
 73
2
 40
0.75
 49
0.5
 74
0
 49
-0.25
 74
0
  0
LTYPE
  5
9
330
3
100
AcDbSymbolTableRecord
100
AcDbLinetypeTableRecord
  2
DOTTED
 70
0
  3
Dotted .  .  .  .
 72
65
 73
2
 40
0.2
 49
0.0
 74
0
 49
-0.2
 74
0
  0
ENDTAB
  0
TABLE
  2
STYLE
  5
A
330
0
100
AcDbSymbolTable
 70
4
  0
STYLE
  5
B
330
A
100
AcDbSymbolTableRecord
100
AcDbTextStyleTableRecord
  2
KICAD
 70
0
 40
0
 41
1
 42
1
 50
0
 71
0
  3
isocp.shx
  0
STYLE
  5
C
330
A
100
AcDbSymbolTableRecord
100
AcDbTextStyleTableRecord
  2
KICADB
 70
0
 40
0
 41
1
 42
1
 50
0
 71
0
  3
isocp.shx
  0
STYLE
  5
D
330
A
100
AcDbSymbolTableRecord
100
AcDbTextStyleTableRecord
  2
KICADI
 70
0
 40
0
 41
1
 42
1
 50
15
 71
0
  3
isocp.shx
  0
STYLE
  5
E
330
A
100
AcDbSymbolTableRecord
100
AcDbTextStyleTableRecord
  2
KICADBI
 70
0
 40
0
 41
1
 42
1
 50
15
 71
0
  3
isocp.shx
  0
ENDTAB
  0
TABLE
  2
LAYER
  5
F
330
0
100
AcDbSymbolTable
 70
2
  0
LAYER
  5
12
330
F
100
AcDbSymbolTableRecord
100
AcDbLayerTableRecord
  2
0
 70
0
 62
7
  6
CONTINUOUS
390
10
  0
LAYER
  5
13
330
F
100
AcDbSymbolTableRecord
100
AcDbLayerTableRecord
  2
BLACK
 70
0
 62
250
  6
CONTINUOUS
390
10
  0
ENDTAB
  0
TABLE
  2
VPORT
  5
14
330
0
100
AcDbSymbolTable
 70
0
  0
ENDTAB
  0
TABLE
  2
VIEW
  5
15
330
0
100
AcDbSymbolTable
 70
0
  0
ENDTAB
  0
TABLE
  2
UCS
  5
16
330
0
100
AcDbSymbolTable
 70
0
  0
ENDTAB
  0
TABLE
  2
DIMSTYLE
  5
17
330
0
100
AcDbSymbolTable
 70
1
100
AcDbDimStyleTable
 71
0
  0
DIMSTYLE
105
18
330
17
100
AcDbSymbolTableRecord
100
AcDbDimStyleTableRecord
  2
Standard
 70
0
  0
ENDTAB
  0
TABLE
  2
BLOCK_RECORD
  5
19
330
0
100
AcDbSymbolTable
 70
3
  0
BLOCK_RECORD
  5
1A
330
19
100
AcDbSymbolTableRecord
100
AcDbBlockTableRecord
  2
*Model_Space
340
1D
 70
0
280
1
281
0
  0
BLOCK_RECORD
  5
1B
330
19
100
AcDbSymbolTableRecord
100
AcDbBlockTableRecord
  2
*Paper_Space
340
1E
 70
0
280
1
281
0
  0
BLOCK_RECORD
  5
1C
330
19
100
AcDbSymbolTableRecord
100
AcDbBlockTableRecord
  2
*Paper_Space0
340
1F
 70
0
280
1
281
0
  0
ENDTAB
  0
ENDSEC
  0
SECTION
  2
BLOCKS
  0
BLOCK
  5
23
330
1A
100
AcDbEntity
  8
0
100
AcDbBlockBegin
  2
*Model_Space
 70
0
 10
0.0
 20
0.0
 30
0.0
  3
*Model_Space
  1

  0
ENDBLK
  5
22
330
1A
100
AcDbEntity
  8
0
100
AcDbBlockEnd
  0
BLOCK
  5
25
330
1B
100
AcDbEntity
 67
1
  8
0
100
AcDbBlockBegin
  2
*Paper_Space
 70
0
 10
0.0
 20
0.0
 30
0.0
  3
*Paper_Space
  1

  0
ENDBLK
  5
24
330
1B
100
AcDbEntity
 67
1
  8
0
100
AcDbBlockEnd
  0
BLOCK
  5
27
330
1C
100
AcDbEntity
 67
1
  8
0
100
AcDbBlockBegin
  2
*Paper_Space0
 70
0
 10
0.0
 20
0.0
 30
0.0
  3
*Paper_Space0
  1

  0
ENDBLK
  5
26
330
1C
100
AcDbEntity
 67
1
  8
0
100
AcDbBlockEnd
  0
ENDSEC
  0
SECTION
  2
ENTITIES
  0
LINE
  5
28
330
1A
100
AcDbEntity
  8
BLACK
  6
CONTINUOUS
100
AcDbLine
 10
-0.156063937007874
 20
-2.8380629133858268
 30
0
 11
-0.1559861811023622
 21
-2.8380574015748032
 31
0
  0
LINE
  5
29
330
1A
100
AcDbEntity
  8
BLACK
  6
CONTINUOUS
100
AcDbLine
 10
-0.1559861811023622
 20
-2.8380574015748032
 30
0
 11
-0.155883937007874
 21
-2.8380806299212598
 31
0
  0
LINE
  5
2A
330
1A
100
AcDbEntity
  8
BLACK
  6
CONTINUOUS
100
AcDbLine
 10
-0.155883937007874
 20
-2.8380806299212598
 30
0
 11
-0.1557794094488189
 21
-2.8380909448818898
 31
0
  0
LINE
  5
2B
330
1A
100
AcDbEntity
  8
BLACK
  6
CONTINUOUS
100
AcDbLine
 10
-0.1557794094488189
 20
-2.8380909448818898
 30
0
 11
-0.1557073228346457
 21
-2.8381207874015746
 31
0
  0
LINE
  5
2C
330
1A
100
AcDbEntity
  8
BLACK
  6
CONTINUOUS
100
AcDbLine
 10
-0.1557073228346457
 20
-2.8381207874015746
 30
0
 11
-0.1554217322834646
 21
-2.838185748031496
 31
0
  0
LINE
  5
2D
330
1A
100
AcDbEntity
  8
BLACK
  6
CONTINUOUS
100
AcDbLine
 10
-0.1554217322834646
 20
-2.838185748031496
 30
0
 11
-0.1497974409448819
 21
-2.8400605118110236
 31
0
  0
LINE
  5
2E
330
1A
100
AcDbEntity
  8
BLACK
  6
CONTINUOUS
100
AcDbLine
 10
-0.1497974409448819
 20
-2.8400605118110236
 30
0
 11
-0.1492688976377953
 21
-2.8402964960629919
 31
0
  0
LINE
  5
2F
330
1A
100
AcDbEntity
  8
BLACK
  6
CONTINUOUS
100
AcDbLine
 10
-0.1492688976377953
 20
-2.8402964960629919
 30
0
 11
-0.1483985433070866
 21
-2.841051377952756
 31
0
  0
LINE
  5
30
330
1A
100
AcDbEntity
  8
BLACK
  6
CONTINUOUS
100
AcDbLine
 10
-0.1483985433070866
 20
-2.841051377952756
 30
0
 11
-0.1478833070866142
 21
-2.8420818110236219
 31
0
  0
LINE
  5
31
330
1A
100
AcDbEntity
  8
BLACK
  6
CONTINUOUS
100
AcDbLine
 10
-0.1478833070866142
 20
-2.8420818110236219
 30
0
 11
-0.1478016141732283
 21
-2.8432310236220473
 31
0
  0
LINE
  5
32
330
1A
100
AcDbEntity
  8
BLACK
  6
CONTINUOUS
100
AcDbLine
 10
-0.1478016141732283
 20
-2.8432310236220473
 30
0
 11
-0.1481659448818897
 21
-2.8443240157480316
 31
0
  0
LINE
  5
33
330
1A
100
AcDbEntity
  8
BLACK
  6
CONTINUOUS
100
AcDbLine
 10
-0.1481659448818897
 20
-2.8443240157480316
 30
0
 11
-0.1489208267716536
 21
-2.8451944094488186
 31
0
  0
LINE
  5
34
330
1A
100
AcDbEntity
  8
BLACK
  6
CONTINUOUS
100
AcDbLine
 10
-0.1489208267716536
 20
-2.8451944094488186
 30
0
 11
-0.1499512992125984
 21
-2.8457096062992124
 31
0
  0
LINE
  5
35
330
1A
100
AcDbEntity
  8
BLACK
  6
CONTINUOUS
100
AcDbLine
 10
-0.1499512992125984
 20
-2.8457096062992124
 30
0
 11
-0.1511005118110236
 21
-2.8457912992125984
 31
0
  0
LINE
  5
36
330
1A
100
AcDbEntity
  8
BLACK
  6
CONTINUOUS
100
AcDbLine
 10
-0.1511005118110236
 20
-2.8457912992125984
 30
0
 11
-0.1516649606299213
 21
-2.8456629527559056
 31
0
  0
LINE
  5
37
330
1A
100
AcDbEntity
  8
BLACK
  6
CONTINUOUS
100
AcDbLine
 10
-0.1516649606299213
 20
-2.8456629527559056
 30
0
 11
-0.1568346062992126
 21
-2.8439397244094486
 31
0
  0
LINE
  5
38
330
1A
100
AcDbEntity
  8
BLACK
  6
CONTINUOUS
100
AcDbLine
 10
-0.1568346062992126
 20
-2.8439397244094486
 30
0
 11
-0.1650322440944882
 21
-2.8439397244094486
 31
0
  0
LINE
  5
39
330
1A
100
AcDbEntity
  8
BLACK
  6
CONTINUOUS
100
AcDbLine
 10
-0.1650322440944882
 20
-2.8439397244094486
 30
0
 11
-0.1677297244094488
 21
-2.845288464566929
 31
0
  0
LINE
  5
3A
330
1A
100
AcDbEntity
  8
BLACK
  6
CONTINUOUS
100
AcDbLine
 10
-0.1677297244094488
 20
-2.845288464566929
 30
0
 11
-0.1689268503937008
 21
-2.8464855905511812
 31
0
  0
LINE
  5
3B
330
1A
100
AcDbEntity
  8
BLACK
  6
CONTINUOUS
100
AcDbLine
 10
-0.1689268503937008
 20
-2.8464855905511812
 30
0
 11
-0.1702755905511811
 21
-2.8491830708661419
 31
0
  0
LINE
  5
3C
330
1A
100
AcDbEntity
  8
BLACK
  6
CONTINUOUS
100
AcDbLine
 10
-0.1702755905511811
 20
-2.8491830708661419
 30
0
 11
-0.1702755905511811
 21
-2.8515385039370078
 31
0
  0
LINE
  5
3D
330
1A
100
AcDbEntity
  8
BLACK
  6
CONTINUOUS
100
AcDbLine
 10
-0.1702755905511811
 20
-2.8515385039370078
 30
0
 11
-0.1689268503937008
 21
-2.8542359842519684
 31
0
  0
LINE
  5
3E
330
1A
100
AcDbEntity
  8
BLACK
  6
CONTINUOUS
100
AcDbLine
 10
-0.1689268503937008
 20
-2.8542359842519684
 30
0
 11
-0.1677297244094488
 21
-2.8554331102362203
 31
0
  0
LINE
  5
3F
330
1A
100
AcDbEntity
  8
BLACK
  6
CONTINUOUS
100
AcDbLine
 10
-0.1677297244094488
 20
-2.8554331102362203
 30
0
 11
-0.1646987401574803
 21
-2.8569485826771652
 31
0
  0
LINE
  5
40
330
1A
100
AcDbEntity
  8
BLACK
  6
CONTINUOUS
100
AcDbLine
 10
-0.1646987401574803
 20
-2.8569485826771652
 30
0
 11
-0.157514094488189
 21
-2.8587447637795274
 31
0
  0
LINE
  5
41
330
1A
100
AcDbEntity
  8
BLACK
  6
CONTINUOUS
100
AcDbLine
 10
-0.157514094488189
 20
-2.8587447637795274
 30
0
 11
-0.1574716141732283
 21
-2.8587599212598422
 31
0
  0
LINE
  5
42
330
1A
100
AcDbEntity
  8
BLACK
  6
CONTINUOUS
100
AcDbLine
 10
-0.1574716141732283
 20
-2.8587599212598422
 30
0
 11
-0.1574503543307087
 21
-2.8587614566929131
 31
0
  0
LINE
  5
43
330
1A
100
AcDbEntity
  8
BLACK
  6
CONTINUOUS
100
AcDbLine
 10
-0.1574503543307087
 20
-2.8587614566929131
 30
0
 11
-0.1572109448818897
 21
-2.8588530708661417
 31
0
  0
LINE
  5
44
330
1A
100
AcDbEntity
  8
BLACK
  6
CONTINUOUS
100
AcDbLine
 10
-0.1572109448818897
 20
-2.8588530708661417
 30
0
 11
-0.1569689763779528
 21
-2.858939527559055
 31
0
  0
LINE
  5
45
330
1A
100
AcDbEntity
  8
BLACK
  6
CONTINUOUS
100
AcDbLine
 10
-0.1569689763779528
 20
-2.858939527559055
 30
0
 11
-0.1569518503937008
 21
-2.8589522047244094
 31
0
  0
LINE
  5
46
330
1A
100
AcDbEntity
  8
BLACK
  6
CONTINUOUS
100
AcDbLine
 10
-0.1569518503937008
 20
-2.8589522047244094
 30
0
 11
-0.1569097244094488
 21
-2.8589683464566931
 31
0
  0
LINE
  5
47
330
1A
100
AcDbEntity
  8
BLACK
  6
CONTINUOUS
100
AcDbLine
 10
-0.1569097244094488
 20
-2.8589683464566931
 30
0
 11
-0.1531601968503937
 21
-2.8608431102362206
 31
0
  0
LINE
  5
48
330
1A
100
AcDbEntity
  8
BLACK
  6
CONTINUOUS
100
AcDbLine
 10
-0.1531601968503937
 20
-2.8608431102362206
 30
0
 11
-0.1529122047244094
 21
-2.8609991732283464
 31
0
  0
LINE
  5
49
330
1A
100
AcDbEntity
  8
BLACK
  6
CONTINUOUS
100
AcDbLine
 10
-0.1529122047244094
 20
-2.8609991732283464
 30
0
 11
-0.1528402362204724
 21
-2.8610290157480316
 31
0
  0
LINE
  5
4A
330
1A
100
AcDbEntity
  8
BLACK
  6
CONTINUOUS
100
AcDbLine
 10
-0.1528402362204724
 20
-2.8610290157480316
 30
0
 11
-0.1527592913385827
 21
-2.8610954724409448
 31
0
  0
LINE
  5
4B
330
1A
100
AcDbEntity
  8
BLACK
  6
CONTINUOUS
100
AcDbLine
 10
-0.1527592913385827
 20
-2.8610954724409448
 30
0
 11
-0.1526703149606299
 21
-2.8611514566929133
 31
0
  0
LINE
  5
4C
330
1A
100
AcDbEntity
  8
BLACK
  6
CONTINUOUS
100
AcDbLine
 10
-0.1526703149606299
 20
-2.8611514566929133
 30
0
 11
-0.1526191732283464
 21
-2.8612104330708661
 31
0
  0
LINE
  5
4D
330
1A
100
AcDbEntity
  8
BLACK
  6
CONTINUOUS
100
AcDbLine
 10
-0.1526191732283464
 20
-2.8612104330708661
 30
0
 11
-0.1523927952755905
 21
-2.8613962204724408
 31
0
  0
LINE
  5
4E
330
1A
100
AcDbEntity
  8
BLACK
  6
CONTINUOUS
100
AcDbLine
 10
-0.1523927952755905
 20
-2.8613962204724408
 30
0
 11
-0.150518031496063
 21
-2.8632709842519684
 31
0
  0
LINE
  5
4F
330
1A
100
AcDbEntity
  8
BLACK
  6
CONTINUOUS
100
AcDbLine
 10
-0.150518031496063
 20
-2.8632709842519684
 30
0
 11
-0.1503322834645669
 21
-2.8634973228346454
 31
0
  0
LINE
  5
50
330
1A
100
AcDbEntity
  8
BLACK
  6
CONTINUOUS
100
AcDbLine
 10
-0.1503322834645669
 20
-2.8634973228346454
 30
0
 11
-0.1502732677165354
 21
-2.8635485039370079
 31
0
  0
LINE
  5
51
330
1A
100
AcDbEntity
  8
BLACK
  6
CONTINUOUS
100
AcDbLine
 10
-0.1502732677165354
 20
-2.8635485039370079
 30
0
 11
-0.1502173228346457
 21
-2.8636374409448817
 31
0
  0
LINE
  5
52
330
1A
100
AcDbEntity
  8
BLACK
  6
CONTINUOUS
100
AcDbLine
 10
-0.1502173228346457
 20
-2.8636374409448817
 30
0
 11
-0.1501508267716535
 21
-2.8637184251968502
 31
0
  0
LINE
  5
53
330
1A
100
AcDbEntity
  8
BLACK
  6
CONTINUOUS
100
AcDbLine
 10
-0.1501508267716535
 20
-2.8637184251968502
 30
0
 11
-0.1501210236220472
 21
-2.8637903543307086
 31
0
  0
LINE
  5
54
330
1A
100
AcDbEntity
  8
BLACK
  6
CONTINUOUS
100
AcDbLine
 10
-0.1501210236220472
 20
-2.8637903543307086
 30
0
 11
-0.1499649212598425
 21
-2.8640383858267717
 31
0
  0
LINE
  5
55
330
1A
100
AcDbEntity
  8
BLACK
  6
CONTINUOUS
100
AcDbLine
 10
-0.1499649212598425
 20
-2.8640383858267717
 30
0
 11
-0.148090157480315
 21
-2.8677879133858268
 31
0
  0
LINE
  5
56
330
1A
100
AcDbEntity
  8
BLACK
  6
CONTINUOUS
100
AcDbLine
 10
-0.148090157480315
 20
-2.8677879133858268
 30
0
 11
-0.1478832677165354
 21
-2.8683285039370077
 31
0
  0
LINE
  5
57
330
1A
100
AcDbEntity
  8
BLACK
  6
CONTINUOUS
100
AcDbLine
 10
-0.1478832677165354
 20
-2.8683285039370077
 30
0
 11
-0.1478757480314961
 21
-2.8684343700787402
 31
0
  0
LINE
  5
58
330
1A
100
AcDbEntity
  8
BLACK
  6
CONTINUOUS
100
AcDbLine
 10
-0.1478757480314961
 20
-2.8684343700787402
 30
0
 11
-0.1478351574803149
 21
-2.8685323622047245
 31
0
  0
LINE
  5
59
330
1A
100
AcDbEntity
  8
BLACK
  6
CONTINUOUS
100
AcDbLine
 10
-0.1478351574803149
 20
-2.8685323622047245
 30
0
 11
-0.1477784251968504
 21
-2.8691084251968504
 31
0
  0
LINE
  5
5A
330
1A
100
AcDbEntity
  8
BLACK
  6
CONTINUOUS
100
AcDbLine
 10
-0.1477784251968504
 20
-2.8691084251968504
 30
0
 11
-0.1477784251968504
 21
-2.8728579527559055
 31
0
  0
LINE
  5
5B
330
1A
100
AcDbEntity
  8
BLACK
  6
CONTINUOUS
100
AcDbLine
 10
-0.1477784251968504
 20
-2.8728579527559055
 30
0
 11
-0.1478351574803149
 21
-2.8734340157480314
 31
0
  0
LINE
  5
5C
330
1A
100
AcDbEntity
  8
BLACK
  6
CONTINUOUS
100
AcDbLine
 10
-0.1478351574803149
 20
-2.8734340157480314
 30
0
 11
-0.1478757480314961
 21
-2.8735319685039369
 31
0
  0
LINE
  5
5D
330
1A
100
AcDbEntity
  8
BLACK
  6
CONTINUOUS
100
AcDbLine
 10
-0.1478757480314961
 20
-2.8735319685039369
 30
0
 11
-0.1478832677165354
 21
-2.8736378740157478
 31
0
  0
LINE
  5
5E
330
1A
100
AcDbEntity
  8
BLACK
  6
CONTINUOUS
100
AcDbLine
 10
-0.1478832677165354
 20
-2.8736378740157478
 30
0
 11
-0.148090157480315
 21
-2.874178464566929
 31
0
  0
LINE
  5
5F
330
1A
100
AcDbEntity
  8
BLACK
  6
CONTINUOUS
100
AcDbLine
 10
-0.148090157480315
 20
-2.874178464566929
 30
0
 11
-0.1499649212598425
 21
-2.8779279921259842
 31
0
  0
LINE
  5
60
330
1A
100
AcDbEntity
  8
BLACK
  6
CONTINUOUS
100
AcDbLine
 10
-0.1499649212598425
 20
-2.8779279921259842
 30
0
 11
-0.1501209842519685
 21
-2.8781758661417323
 31
0
  0
LINE
  5
61
330
1A
100
AcDbEntity
  8
BLACK
  6
CONTINUOUS
100
AcDbLine
 10
-0.1501209842519685
 20
-2.8781758661417323
 30
0
 11
-0.1501507874015748
 21
-2.8782479133858265
 31
0
  0
LINE
  5
62
330
1A
100
AcDbEntity
  8
BLACK
  6
CONTINUOUS
100
AcDbLine
 10
-0.1501507874015748
 20
-2.8782479133858265
 30
0
 11
-0.1502173228346457
 21
-2.8783289370078737
 31
0
  0
LINE
  5
63
330
1A
100
AcDbEntity
  8
BLACK
  6
CONTINUOUS
100
AcDbLine
 10
-0.1502173228346457
 20
-2.8783289370078737
 30
0
 11
-0.1502732677165354
 21
-2.878417874015748
 31
0
  0
LINE
  5
64
330
1A
100
AcDbEntity
  8
BLACK
  6
CONTINUOUS
100
AcDbLine
 10
-0.1502732677165354
 20
-2.878417874015748
 30
0
 11
-0.1503322834645669
 21
-2.8784690157480313
 31
0
  0
LINE
  5
65
330
1A
100
AcDbEntity
  8
BLACK
  6
CONTINUOUS
100
AcDbLine
 10
-0.1503322834645669
 20
-2.8784690157480313
 30
0
 11
-0.150518031496063
 21
-2.8786953937007875
 31
0
  0
LINE
  5
66
330
1A
100
AcDbEntity
  8
BLACK
  6
CONTINUOUS
100
AcDbLine
 10
-0.150518031496063
 20
-2.8786953937007875
 30
0
 11
-0.1523927559055118
 21
-2.8805701574803151
 31
0
  0
LINE
  5
67
330
1A
100
AcDbEntity
  8
BLACK
  6
CONTINUOUS
100
AcDbLine
 10
-0.1523927559055118
 20
-2.8805701574803151
 30
0
 11
-0.1526191338582677
 21
-2.880755905511811
 31
0
  0
LINE
  5
68
330
1A
100
AcDbEntity
  8
BLACK
  6
CONTINUOUS
100
AcDbLine
 10
-0.1526191338582677
 20
-2.880755905511811
 30
0
 11
-0.1526703149606299
 21
-2.8808149606299214
 31
0
  0
LINE
  5
69
330
1A
100
AcDbEntity
  8
BLACK
  6
CONTINUOUS
100
AcDbLine
 10
-0.1526703149606299
 20
-2.8808149606299214
 30
0
 11
-0.1527592913385827
 21
-2.8808709448818899
 31
0
  0
LINE
  5
6A
330
1A
100
AcDbEntity
  8
BLACK
  6
CONTINUOUS
100
AcDbLine
 10
-0.1527592913385827
 20
-2.8808709448818899
 30
0
 11
-0.1528402362204724
 21
-2.880937401574803
 31
0
  0
LINE
  5
6B
330
1A
100
AcDbEntity
  8
BLACK
  6
CONTINUOUS
100
AcDbLine
 10
-0.1528402362204724
 20
-2.880937401574803
 30
0
 11
-0.1529122047244094
 21
-2.8809672047244095
 31
0
  0
LINE
  5
6C
330
1A
100
AcDbEntity
  8
BLACK
  6
CONTINUOUS
100
AcDbLine
 10
-0.1529122047244094
 20
-2.8809672047244095
 30
0
 11
-0.1531601968503937
 21
-2.881123307086614
 31
0
  0
LINE
  5
6D
330
1A
100
AcDbEntity
  8
BLACK
  6
CONTINUOUS
100
AcDbLine
 10
-0.1531601968503937
 20
-2.881123307086614
 30
0
 11
-0.1569097244094488
 21
-2.8829980708661416
 31
0
  0
LINE
  5
6E
330
1A
100
AcDbEntity
  8
BLACK
  6
CONTINUOUS
100
AcDbLine
 10
-0.1569097244094488
 20
-2.8829980708661416
 30
0
 11
-0.1574503543307087
 21
-2.883204960629921
 31
0
  0
LINE
  5
6F
330
1A
100
AcDbEntity
  8
BLACK
  6
CONTINUOUS
100
AcDbLine
 10
-0.1574503543307087
 20
-2.883204960629921
 30
0
 11
-0.1575561811023622
 21
-2.8832124409448818
 31
0
  0
LINE
  5
70
330
1A
100
AcDbEntity
  8
BLACK
  6
CONTINUOUS
100
AcDbLine
 10
-0.1575561811023622
 20
-2.8832124409448818
 30
0
 11
-0.1576541732283465
 21
-2.8832530708661417
 31
0
  0
LINE
  5
71
330
1A
100
AcDbEntity
  8
BLACK
  6
CONTINUOUS
100
AcDbLine
 10
-0.1576541732283465
 20
-2.8832530708661417
 30
0
 11
-0.1582302362204724
 21
-2.8833098031496061
 31
0
  0
LINE
  5
72
330
1A
100
AcDbEntity
  8
BLACK
  6
CONTINUOUS
100
AcDbLine
 10
-0.1582302362204724
 20
-2.8833098031496061
 30
0
 11
-0.1676040551181102
 21
-2.8833098031496061
 31
0
  0
LINE
  5
73
330
1A
100
AcDbEntity
  8
BLACK
  6
CONTINUOUS
100
AcDbLine
 10
-0.1676040551181102
 20
-2.8833098031496061
 30
0
 11
-0.1678956692913386
 21
-2.8832810629921259
 31
0
  0
LINE
  5
74
330
1A
100
AcDbEntity
  8
BLACK
  6
CONTINUOUS
100
AcDbLine
 10
-0.1678956692913386
 20
-2.8832810629921259
 30
0
 11
-0.1679733858267717
 21
-2.8832866141732283
 31
0
  0
LINE
  5
75
330
1A
100
AcDbEntity
  8
BLACK
  6
CONTINUOUS
100
AcDbLine
 10
-0.1679733858267717
 20
-2.8832866141732283
 30
0
 11
-0.1680756692913386
 21
-2.883263346456693
 31
0
  0
LINE
  5
76
330
1A
100
AcDbEntity
  8
BLACK
  6
CONTINUOUS
100
AcDbLine
 10
-0.1680756692913386
 20
-2.883263346456693
 30
0
 11
-0.1681801181102362
 21
-2.8832530708661417
 31
0
  0
LINE
  5
77
330
1A
100
AcDbEntity
  8
BLACK
  6
CONTINUOUS
100
AcDbLine
 10
-0.1681801181102362
 20
-2.8832530708661417
 30
0
 11
-0.1682522047244094
 21
-2.8832231889763777
 31
0
  0
LINE
  5
78
330
1A
100
AcDbEntity
  8
BLACK
  6
CONTINUOUS
100
AcDbLine
 10
-0.1682522047244094
 20
-2.8832231889763777
 30
0
 11
-0.1685378346456693
 21
-2.8831582677165355
 31
0
  0
LINE
  5
79
330
1A
100
AcDbEntity
  8
BLACK
  6
CONTINUOUS
100
AcDbLine
 10
-0.1685378346456693
 20
-2.8831582677165355
 30
0
 11
-0.1741620866141732
 21
-2.8812835039370079
 31
0
  0
LINE
  5
7A
330
1A
100
AcDbEntity
  8
BLACK
  6
CONTINUOUS
100
AcDbLine
 10
-0.1741620866141732
 20
-2.8812835039370079
 30
0
 11
-0.1746906692913386
 21
-2.8810475196850391
 31
0
  0
LINE
  5
7B
330
1A
100
AcDbEntity
  8
BLACK
  6
CONTINUOUS
100
AcDbLine
 10
-0.1746906692913386
 20
-2.8810475196850391
 30
0
 11
-0.1755610236220472
 21
-2.8802926377952756
 31
0
  0
LINE
  5
7C
330
1A
100
AcDbEntity
  8
BLACK
  6
CONTINUOUS
100
AcDbLine
 10
-0.1755610236220472
 20
-2.8802926377952756
 30
0
 11
-0.176076220472441
 21
-2.8792622047244092
 31
0
  0
LINE
  5
7D
330
1A
100
AcDbEntity
  8
BLACK
  6
CONTINUOUS
100
AcDbLine
 10
-0.176076220472441
 20
-2.8792622047244092
 30
0
 11
-0.1761579133858268
 21
-2.8781129921259843
 31
0
  0
LINE
  5
7E
330
1A
100
AcDbEntity
  8
BLACK
  6
CONTINUOUS
100
AcDbLine
 10
-0.1761579133858268
 20
-2.8781129921259843
 30
0
 11
-0.1757935826771654
 21
-2.8770199606299212
 31
0
  0
LINE
  5
7F
330
1A
100
AcDbEntity
  8
BLACK
  6
CONTINUOUS
100
AcDbLine
 10
-0.1757935826771654
 20
-2.8770199606299212
 30
0
 11
-0.1750387007874016
 21
-2.8761496062992125
 31
0
  0
LINE
  5
80
330
1A
100
AcDbEntity
  8
BLACK
  6
CONTINUOUS
100
AcDbLine
 10
-0.1750387007874016
 20
-2.8761496062992125
 30
0
 11
-0.1740082677165354
 21
-2.8756344094488187
 31
0
  0
LINE
  5
81
330
1A
100
AcDbEntity
  8
BLACK
  6
CONTINUOUS
100
AcDbLine
 10
-0.1740082677165354
 20
-2.8756344094488187
 30
0
 11
-0.1728590551181102
 21
-2.8755527165354331
 31
0
  0
LINE
  5
82
330
1A
100
AcDbEntity
  8
BLACK
  6
CONTINUOUS
100
AcDbLine
 10
-0.1728590551181102
 20
-2.8755527165354331
 30
0
 11
-0.1722946062992126
 21
-2.8756810629921259
 31
0
  0
LINE
  5
83
330
1A
100
AcDbEntity
  8
BLACK
  6
CONTINUOUS
100
AcDbLine
 10
-0.1722946062992126
 20
-2.8756810629921259
 30
0
 11
-0.1671249212598425
 21
-2.8774042913385824
 31
0
  0
LINE
  5
84
330
1A
100
AcDbEntity
  8
BLACK
  6
CONTINUOUS
100
AcDbLine
 10
-0.1671249212598425
 20
-2.8774042913385824
 30
0
 11
-0.1589272834645669
 21
-2.8774042913385824
 31
0
  0
LINE
  5
85
330
1A
100
AcDbEntity
  8
BLACK
  6
CONTINUOUS
100
AcDbLine
 10
-0.1589272834645669
 20
-2.8774042913385824
 30
0
 11
-0.156229842519685
 21
-2.8760555511811021
 31
0
  0
LINE
  5
86
330
1A
100
AcDbEntity
  8
BLACK
  6
CONTINUOUS
100
AcDbLine
 10
-0.156229842519685
 20
-2.8760555511811021
 30
0
 11
-0.1550327165354331
 21
-2.8748583858267716
 31
0
  0
LINE
  5
87
330
1A
100
AcDbEntity
  8
BLACK
  6
CONTINUOUS
100
AcDbLine
 10
-0.1550327165354331
 20
-2.8748583858267716
 30
0
 11
-0.153683937007874
 21
-2.8721609055118109
 31
0
  0
LINE
  5
88
330
1A
100
AcDbEntity
  8
BLACK
  6
CONTINUOUS
100
AcDbLine
 10
-0.153683937007874
 20
-2.8721609055118109
 30
0
 11
-0.153683937007874
 21
-2.869805472440945
 31
0
  0
LINE
  5
89
330
1A
100
AcDbEntity
  8
BLACK
  6
CONTINUOUS
100
AcDbLine
 10
-0.153683937007874
 20
-2.869805472440945
 30
0
 11
-0.1550326771653543
 21
-2.8671079921259843
 31
0
  0
LINE
  5
8A
330
1A
100
AcDbEntity
  8
BLACK
  6
CONTINUOUS
100
AcDbLine
 10
-0.1550326771653543
 20
-2.8671079921259843
 30
0
 11
-0.1562298031496063
 21
-2.8659108661417321
 31
0
  0
LINE
  5
8B
330
1A
100
AcDbEntity
  8
BLACK
  6
CONTINUOUS
100
AcDbLine
 10
-0.1562298031496063
 20
-2.8659108661417321
 30
0
 11
-0.1592607874015748
 21
-2.8643953543307088
 31
0
  0
LINE
  5
8C
330
1A
100
AcDbEntity
  8
BLACK
  6
CONTINUOUS
100
AcDbLine
 10
-0.1592607874015748
 20
-2.8643953543307088
 30
0
 11
-0.1664454330708662
 21
-2.862599212598425
 31
0
  0
LINE
  5
8D
330
1A
100
AcDbEntity
  8
BLACK
  6
CONTINUOUS
100
AcDbLine
 10
-0.1664454330708662
 20
-2.862599212598425
 30
0
 11
-0.1664879527559055
 21
-2.8625840157480313
 31
0
  0
LINE
  5
8E
330
1A
100
AcDbEntity
  8
BLACK
  6
CONTINUOUS
100
AcDbLine
 10
-0.1664879527559055
 20
-2.8625840157480313
 30
0
 11
-0.1665092125984252
 21
-2.8625825196850392
 31
0
  0
LINE
  5
8F
330
1A
100
AcDbEntity
  8
BLACK
  6
CONTINUOUS
100
AcDbLine
 10
-0.1665092125984252
 20
-2.8625825196850392
 30
0
 11
-0.1667489763779527
 21
-2.8624907480314961
 31
0
  0
LINE
  5
90
330
1A
100
AcDbEntity
  8
BLACK
  6
CONTINUOUS
100
AcDbLine
 10
-0.1667489763779527
 20
-2.8624907480314961
 30
0
 11
-0.1669905511811024
 21
-2.8624044488188978
 31
0
  0
LINE
  5
91
330
1A
100
AcDbEntity
  8
BLACK
  6
CONTINUOUS
100
AcDbLine
 10
-0.1669905511811024
 20
-2.8624044488188978
 30
0
 11
-0.1670077165354331
 21
-2.8623917322834647
 31
0
  0
LINE
  5
92
330
1A
100
AcDbEntity
  8
BLACK
  6
CONTINUOUS
100
AcDbLine
 10
-0.1670077165354331
 20
-2.8623917322834647
 30
0
 11
-0.1670498031496063
 21
-2.8623756299212597
 31
0
  0
LINE
  5
93
330
1A
100
AcDbEntity
  8
BLACK
  6
CONTINUOUS
100
AcDbLine
 10
-0.1670498031496063
 20
-2.8623756299212597
 30
0
 11
-0.1707993307086614
 21
-2.8605008661417322
 31
0
  0
LINE
  5
94
330
1A
100
AcDbEntity
  8
BLACK
  6
CONTINUOUS
100
AcDbLine
 10
-0.1707993307086614
 20
-2.8605008661417322
 30
0
 11
-0.1710473622047244
 21
-2.8603447637795276
 31
0
  0
LINE
  5
95
330
1A
100
AcDbEntity
  8
BLACK
  6
CONTINUOUS
100
AcDbLine
 10
-0.1710473622047244
 20
-2.8603447637795276
 30
0
 11
-0.1711192913385827
 21
-2.8603149606299212
 31
0
  0
LINE
  5
96
330
1A
100
AcDbEntity
  8
BLACK
  6
CONTINUOUS
100
AcDbLine
 10
-0.1711192913385827
 20
-2.8603149606299212
 30
0
 11
-0.1712002755905512
 21
-2.8602484645669293
 31
0
  0
LINE
  5
97
330
1A
100
AcDbEntity
  8
BLACK
  6
CONTINUOUS
100
AcDbLine
 10
-0.1712002755905512
 20
-2.8602484645669293
 30
0
 11
-0.1712892125984252
 21
-2.8601925196850395
 31
0
  0
LINE
  5
98
330
1A
100
AcDbEntity
  8
BLACK
  6
CONTINUOUS
100
AcDbLine
 10
-0.1712892125984252
 20
-2.8601925196850395
 30
0
 11
-0.1713403937007874
 21
-2.8601335039370079
 31
0
  0
LINE
  5
99
330
1A
100
AcDbEntity
  8
BLACK
  6
CONTINUOUS
100
AcDbLine
 10
-0.1713403937007874
 20
-2.8601335039370079
 30
0
 11
-0.1715667322834646
 21
-2.8599477559055115
 31
0
  0
LINE
  5
9A
330
1A
100
AcDbEntity
  8
BLACK
  6
CONTINUOUS
100
AcDbLine
 10
-0.1715667322834646
 20
-2.8599477559055115
 30
0
 11
-0.1734414960629921
 21
-2.858072992125984
 31
0
  0
LINE
  5
9B
330
1A
100
AcDbEntity
  8
BLACK
  6
CONTINUOUS
100
AcDbLine
 10
-0.1734414960629921
 20
-2.858072992125984
 30
0
 11
-0.1736272834645669
 21
-2.8578466141732282
 31
0
  0
LINE
  5
9C
330
1A
100
AcDbEntity
  8
BLACK
  6
CONTINUOUS
100
AcDbLine
 10
-0.1736272834645669
 20
-2.8578466141732282
 30
0
 11
-0.1736862598425197
 21
-2.8577954724409449
 31
0
  0
LINE
  5
9D
330
1A
100
AcDbEntity
  8
BLACK
  6
CONTINUOUS
100
AcDbLine
 10
-0.1736862598425197
 20
-2.8577954724409449
 30
0
 11
-0.1737422440944882
 21
-2.8577064960629919
 31
0
  0
LINE
  5
9E
330
1A
100
AcDbEntity
  8
BLACK
  6
CONTINUOUS
100
AcDbLine
 10
-0.1737422440944882
 20
-2.8577064960629919
 30
0
 11
-0.1738087007874016
 21
-2.8576255511811022
 31
0
  0
LINE
  5
9F
330
1A
100
AcDbEntity
  8
BLACK
  6
CONTINUOUS
100
AcDbLine
 10
-0.1738087007874016
 20
-2.8576255511811022
 30
0
 11
-0.1738385433070866
 21
-2.8575535826771654
 31
0
  0
LINE
  5
A0
330
1A
100
AcDbEntity
  8
BLACK
  6
CONTINUOUS
100
AcDbLine
 10
-0.1738385433070866
 20
-2.8575535826771654
 30
0
 11
-0.1739946062992126
 21
-2.8573055905511811
 31
0
  0
LINE
  5
A1
330
1A
100
AcDbEntity
  8
BLACK
  6
CONTINUOUS
100
AcDbLine
 10
-0.1739946062992126
 20
-2.8573055905511811
 30
0
 11
-0.1758693700787402
 21
-2.8535560629921259
 31
0
  0
LINE
  5
A2
330
1A
100
AcDbEntity
  8
BLACK
  6
CONTINUOUS
100
AcDbLine
 10
-0.1758693700787402
 20
-2.8535560629921259
 30
0
 11
-0.1760762598425197
 21
-2.8530154330708659
 31
0
  0
LINE
  5
A3
330
1A
100
AcDbEntity
  8
BLACK
  6
CONTINUOUS
100
AcDbLine
 10
-0.1760762598425197
 20
-2.8530154330708659
 30
0
 11
-0.176083779527559
 21
-2.8529096062992125
 31
0
  0
LINE
  5
A4
330
1A
100
AcDbEntity
  8
BLACK
  6
CONTINUOUS
100
AcDbLine
 10
-0.176083779527559
 20
-2.8529096062992125
 30
0
 11
-0.1761243700787402
 21
-2.8528116141732283
 31
0
  0
LINE
  5
A5
330
1A
100
AcDbEntity
  8
BLACK
  6
CONTINUOUS
100
AcDbLine
 10
-0.1761243700787402
 20
-2.8528116141732283
 30
0
 11
-0.1761811023622047
 21
-2.8522355511811024
 31
0
  0
LINE
  5
A6
330
1A
100
AcDbEntity
  8
BLACK
  6
CONTINUOUS
100
AcDbLine
 10
-0.1761811023622047
 20
-2.8522355511811024
 30
0
 11
-0.1761811023622047
 21
-2.8484860236220473
 31
0
  0
LINE
  5
A7
330
1A
100
AcDbEntity
  8
BLACK
  6
CONTINUOUS
100
AcDbLine
 10
-0.1761811023622047
 20
-2.8484860236220473
 30
0
 11
-0.1761243700787402
 21
-2.8479099606299214
 31
0
  0
LINE
  5
A8
330
1A
100
AcDbEntity
  8
BLACK
  6
CONTINUOUS
100
AcDbLine
 10
-0.1761243700787402
 20
-2.8479099606299214
 30
0
 11
-0.176083779527559
 21
-2.8478119291338584
 31
0
  0
LINE
  5
A9
330
1A
100
AcDbEntity
  8
BLACK
  6
CONTINUOUS
100
AcDbLine
 10
-0.176083779527559
 20
-2.8478119291338584
 30
0
 11
-0.1760762598425197
 21
-2.8477061417322833
 31
0
  0
LINE
  5
AA
330
1A
100
AcDbEntity
  8
BLACK
  6
CONTINUOUS
100
AcDbLine
 10
-0.1760762598425197
 20
-2.8477061417322833
 30
0
 11
-0.1758693700787402
 21
-2.8471655118110237
 31
0
  0
LINE
  5
AB
330
1A
100
AcDbEntity
  8
BLACK
  6
CONTINUOUS
100
AcDbLine
 10
-0.1758693700787402
 20
-2.8471655118110237
 30
0
 11
-0.1739946062992126
 21
-2.8434159842519686
 31
0
  0
LINE
  5
AC
330
1A
100
AcDbEntity
  8
BLACK
  6
CONTINUOUS
100
AcDbLine
 10
-0.1739946062992126
 20
-2.8434159842519686
 30
0
 11
-0.1738385433070866
 21
-2.8431679527559055
 31
0
  0
LINE
  5
AD
330
1A
100
AcDbEntity
  8
BLACK
  6
CONTINUOUS
100
AcDbLine
 10
-0.1738385433070866
 20
-2.8431679527559055
 30
0
 11
-0.1738087007874016
 21
-2.8430960236220471
 31
0
  0
LINE
  5
AE
330
1A
100
AcDbEntity
  8
BLACK
  6
CONTINUOUS
100
AcDbLine
 10
-0.1738087007874016
 20
-2.8430960236220471
 30
0
 11
-0.1737422440944882
 21
-2.8430150393700786
 31
0
  0
LINE
  5
AF
330
1A
100
AcDbEntity
  8
BLACK
  6
CONTINUOUS
100
AcDbLine
 10
-0.1737422440944882
 20
-2.8430150393700786
 30
0
 11
-0.1736862598425197
 21
-2.8429261023622048
 31
0
  0
LINE
  5
B0
330
1A
100
AcDbEntity
  8
BLACK
  6
CONTINUOUS
100
AcDbLine
 10
-0.1736862598425197
 20
-2.8429261023622048
 30
0
 11
-0.1736272834645669
 21
-2.8428749212598423
 31
0
  0
LINE
  5
B1
330
1A
100
AcDbEntity
  8
BLACK
  6
CONTINUOUS
100
AcDbLine
 10
-0.1736272834645669
 20
-2.8428749212598423
 30
0
 11
-0.1734414960629921
 21
-2.8426485826771652
 31
0
  0
LINE
  5
B2
330
1A
100
AcDbEntity
  8
BLACK
  6
CONTINUOUS
100
AcDbLine
 10
-0.1734414960629921
 20
-2.8426485826771652
 30
0
 11
-0.1715667322834646
 21
-2.8407738188976377
 31
0
  0
LINE
  5
B3
330
1A
100
AcDbEntity
  8
BLACK
  6
CONTINUOUS
100
AcDbLine
 10
-0.1715667322834646
 20
-2.8407738188976377
 30
0
 11
-0.1713403937007874
 21
-2.840588031496063
 31
0
  0
LINE
  5
B4
330
1A
100
AcDbEntity
  8
BLACK
  6
CONTINUOUS
100
AcDbLine
 10
-0.1713403937007874
 20
-2.840588031496063
 30
0
 11
-0.1712892125984252
 21
-2.8405290551181102
 31
0
  0
LINE
  5
B5
330
1A
100
AcDbEntity
  8
BLACK
  6
CONTINUOUS
100
AcDbLine
 10
-0.1712892125984252
 20
-2.8405290551181102
 30
0
 11
-0.1712002755905512
 21
-2.8404730708661416
 31
0
  0
LINE
  5
B6
330
1A
100
AcDbEntity
  8
BLACK
  6
CONTINUOUS
100
AcDbLine
 10
-0.1712002755905512
 20
-2.8404730708661416
 30
0
 11
-0.1711192913385827
 21
-2.8404066141732285
 31
0
  0
LINE
  5
B7
330
1A
100
AcDbEntity
  8
BLACK
  6
CONTINUOUS
100
AcDbLine
 10
-0.1711192913385827
 20
-2.8404066141732285
 30
0
 11
-0.1710473622047244
 21
-2.8403767716535433
 31
0
  0
LINE
  5
B8
330
1A
100
AcDbEntity
  8
BLACK
  6
CONTINUOUS
100
AcDbLine
 10
-0.1710473622047244
 20
-2.8403767716535433
 30
0
 11
-0.1707993307086614
 21
-2.8402207086614171
 31
0
  0
LINE
  5
B9
330
1A
100
AcDbEntity
  8
BLACK
  6
CONTINUOUS
100
AcDbLine
 10
-0.1707993307086614
 20
-2.8402207086614171
 30
0
 11
-0.1670498031496063
 21
-2.8383459448818895
 31
0
  0
LINE
  5
BA
330
1A
100
AcDbEntity
  8
BLACK
  6
CONTINUOUS
100
AcDbLine
 10
-0.1670498031496063
 20
-2.8383459448818895
 30
0
 11
-0.1665092125984252
 21
-2.83813905511811
 31
0
  0
LINE
  5
BB
330
1A
100
AcDbEntity
  8
BLACK
  6
CONTINUOUS
100
AcDbLine
 10
-0.1665092125984252
 20
-2.83813905511811
 30
0
 11
-0.1664033464566929
 21
-2.8381314960629922
 31
0
  0
LINE
  5
BC
330
1A
100
AcDbEntity
  8
BLACK
  6
CONTINUOUS
100
AcDbLine
 10
-0.1664033464566929
 20
-2.8381314960629922
 30
0
 11
-0.1663053543307087
 21
-2.8380909448818898
 31
0
  0
LINE
  5
BD
330
1A
100
AcDbEntity
  8
BLACK
  6
CONTINUOUS
100
AcDbLine
 10
-0.1663053543307087
 20
-2.8380909448818898
 30
0
 11
-0.1657292913385827
 21
-2.838034212598425
 31
0
  0
LINE
  5
BE
330
1A
100
AcDbEntity
  8
BLACK
  6
CONTINUOUS
100
AcDbLine
 10
-0.1657292913385827
 20
-2.838034212598425
 30
0
 11
-0.1563554724409449
 21
-2.838034212598425
 31
0
  0
LINE
  5
BF
330
1A
100
AcDbEntity
  8
BLACK
  6
CONTINUOUS
100
AcDbLine
 10
-0.1563554724409449
 20
-2.838034212598425
 30
0
 11
-0.156063937007874
 21
-2.8380629133858268
 31
0
  0
LINE
  5
C0
330
1A
100
AcDbEntity
  8
BLACK
  6
CONTINUOUS
100
AcDbLine
 10
-0.1322177952755905
 20
-2.8385318503937009
 30
0
 11
-0.1314031496062992
 21
-2.8393464960629919
 31
0
  0
LINE
  5
C1
330
1A
100
AcDbEntity
  8
BLACK
  6
CONTINUOUS
100
AcDbLine
 10
-0.1314031496062992
 20
-2.8393464960629919
 30
0
 11
-0.1309622440944882
 21
-2.8404109055118107
 31
0
  0
LINE
  5
C2
330
1A
100
AcDbEntity
  8
BLACK
  6
CONTINUOUS
100
AcDbLine
 10
-0.1309622440944882
 20
-2.8404109055118107
 30
0
 11
-0.1309055118110236
 21
-2.8409869685039371
 31
0
  0
LINE
  5
C3
330
1A
100
AcDbEntity
  8
BLACK
  6
CONTINUOUS
100
AcDbLine
 10
-0.1309055118110236
 20
-2.8409869685039371
 30
0
 11
-0.1309055118110236
 21
-2.8774042913385824
 31
0
  0
LINE
  5
C4
330
1A
100
AcDbEntity
  8
BLACK
  6
CONTINUOUS
100
AcDbLine
 10
-0.1309055118110236
 20
-2.8774042913385824
 30
0
 11
-0.1151106299212598
 21
-2.8774042913385824
 31
0
  0
LINE
  5
C5
330
1A
100
AcDbEntity
  8
BLACK
  6
CONTINUOUS
100
AcDbLine
 10
-0.1151106299212598
 20
-2.8774042913385824
 30
0
 11
-0.1145345669291339
 21
-2.8774610236220473
 31
0
  0
LINE
  5
C6
330
1A
100
AcDbEntity
  8
BLACK
  6
CONTINUOUS
100
AcDbLine
 10
-0.1145345669291339
 20
-2.8774610236220473
 30
0
 11
-0.113470157480315
 21
-2.8779019291338583
 31
0
  0
LINE
  5
C7
330
1A
100
AcDbEntity
  8
BLACK
  6
CONTINUOUS
100
AcDbLine
 10
-0.113470157480315
 20
-2.8779019291338583
 30
0
 11
-0.1126555118110236
 21
-2.8787165748031494
 31
0
  0
LINE
  5
C8
330
1A
100
AcDbEntity
  8
BLACK
  6
CONTINUOUS
100
AcDbLine
 10
-0.1126555118110236
 20
-2.8787165748031494
 30
0
 11
-0.1122146062992126
 21
-2.8797809842519686
 31
0
  0
LINE
  5
C9
330
1A
100
AcDbEntity
  8
BLACK
  6
CONTINUOUS
100
AcDbLine
 10
-0.1122146062992126
 20
-2.8797809842519686
 30
0
 11
-0.1122146062992126
 21
-2.8809331102362203
 31
0
  0
LINE
  5
CA
330
1A
100
AcDbEntity
  8
BLACK
  6
CONTINUOUS
100
AcDbLine
 10
-0.1122146062992126
 20
-2.8809331102362203
 30
0
 11
-0.1126555118110236
 21
-2.8819975196850391
 31
0
  0
LINE
  5
CB
330
1A
100
AcDbEntity
  8
BLACK
  6
CONTINUOUS
100
AcDbLine
 10
-0.1126555118110236
 20
-2.8819975196850391
 30
0
 11
-0.113470157480315
 21
-2.8828121653543306
 31
0
  0
LINE
  5
CC
330
1A
100
AcDbEntity
  8
BLACK
  6
CONTINUOUS
100
AcDbLine
 10
-0.113470157480315
 20
-2.8828121653543306
 30
0
 11
-0.1145345669291339
 21
-2.8832530708661417
 31
0
  0
LINE
  5
CD
330
1A
100
AcDbEntity
  8
BLACK
  6
CONTINUOUS
100
AcDbLine
 10
-0.1145345669291339
 20
-2.8832530708661417
 30
0
 11
-0.1151106299212598
 21
-2.8833098031496061
 31
0
  0
LINE
  5
CE
330
1A
100
AcDbEntity
  8
BLACK
  6
CONTINUOUS
100
AcDbLine
 10
-0.1151106299212598
 20
-2.8833098031496061
 30
0
 11
-0.1338582677165354
 21
-2.8833098031496061
 31
0
  0
LINE
  5
CF
330
1A
100
AcDbEntity
  8
BLACK
  6
CONTINUOUS
100
AcDbLine
 10
-0.1338582677165354
 20
-2.8833098031496061
 30
0
 11
-0.1344343307086614
 21
-2.8832530708661417
 31
0
  0
LINE
  5
D0
330
1A
100
AcDbEntity
  8
BLACK
  6
CONTINUOUS
100
AcDbLine
 10
-0.1344343307086614
 20
-2.8832530708661417
 30
0
 11
-0.1354987401574803
 21
-2.8828121653543306
 31
0
  0
LINE
  5
D1
330
1A
100
AcDbEntity
  8
BLACK
  6
CONTINUOUS
100
AcDbLine
 10
-0.1354987401574803
 20
-2.8828121653543306
 30
0
 11
-0.1363133858267717
 21
-2.8819975196850391
 31
0
  0
LINE
  5
D2
330
1A
100
AcDbEntity
  8
BLACK
  6
CONTINUOUS
100
AcDbLine
 10
-0.1363133858267717
 20
-2.8819975196850391
 30
0
 11
-0.1367542913385827
 21
-2.8809331102362203
 31
0
  0
LINE
  5
D3
330
1A
100
AcDbEntity
  8
BLACK
  6
CONTINUOUS
100
AcDbLine
 10
-0.1367542913385827
 20
-2.8809331102362203
 30
0
 11
-0.1368110236220473
 21
-2.8803570472440945
 31
0
  0
LINE
  5
D4
330
1A
100
AcDbEntity
  8
BLACK
  6
CONTINUOUS
100
AcDbLine
 10
-0.1368110236220473
 20
-2.8803570472440945
 30
0
 11
-0.1368110236220473
 21
-2.8409869685039371
 31
0
  0
LINE
  5
D5
330
1A
100
AcDbEntity
  8
BLACK
  6
CONTINUOUS
100
AcDbLine
 10
-0.1368110236220473
 20
-2.8409869685039371
 30
0
 11
-0.1367542913385827
 21
-2.8404109055118107
 31
0
  0
LINE
  5
D6
330
1A
100
AcDbEntity
  8
BLACK
  6
CONTINUOUS
100
AcDbLine
 10
-0.1367542913385827
 20
-2.8404109055118107
 30
0
 11
-0.1363133858267717
 21
-2.8393464960629919
 31
0
  0
LINE
  5
D7
330
1A
100
AcDbEntity
  8
BLACK
  6
CONTINUOUS
100
AcDbLine
 10
-0.1363133858267717
 20
-2.8393464960629919
 30
0
 11
-0.1354987401574803
 21
-2.8385318503937009
 31
0
  0
LINE
  5
D8
330
1A
100
AcDbEntity
  8
BLACK
  6
CONTINUOUS
100
AcDbLine
 10
-0.1354987401574803
 20
-2.8385318503937009
 30
0
 11
-0.1344343307086614
 21
-2.8380909448818898
 31
0
  0
LINE
  5
D9
330
1A
100
AcDbEntity
  8
BLACK
  6
CONTINUOUS
100
AcDbLine
 10
-0.1344343307086614
 20
-2.8380909448818898
 30
0
 11
-0.1332822047244094
 21
-2.8380909448818898
 31
0
  0
LINE
  5
DA
330
1A
100
AcDbEntity
  8
BLACK
  6
CONTINUOUS
100
AcDbLine
 10
-0.1332822047244094
 20
-2.8380909448818898
 30
0
 11
-0.1322177952755905
 21
-2.8385318503937009
 31
0
  0
LINE
  5
DB
330
1A
100
AcDbEntity
  8
BLACK
  6
CONTINUOUS
100
AcDbLine
 10
-0.0882878346456693
 20
-2.8380909448818898
 30
0
 11
-0.088189842519685
 21
-2.838131535433071
 31
0
  0
LINE
  5
DC
330
1A
100
AcDbEntity
  8
BLACK
  6
CONTINUOUS
100
AcDbLine
 10
-0.088189842519685
 20
-2.838131535433071
 30
0
 11
-0.0880840157480315
 21
-2.83813905511811
 31
0
  0
LINE
  5
DD
330
1A
100
AcDbEntity
  8
BLACK
  6
CONTINUOUS
100
AcDbLine
 10
-0.0880840157480315
 20
-2.83813905511811
 30
0
 11
-0.0875433858267717
 21
-2.8383459448818895
 31
0
  0
LINE
  5
DE
330
1A
100
AcDbEntity
  8
BLACK
  6
CONTINUOUS
100
AcDbLine
 10
-0.0875433858267717
 20
-2.8383459448818895
 30
0
 11
-0.0837938582677165
 21
-2.8402207086614171
 31
0
  0
LINE
  5
DF
330
1A
100
AcDbEntity
  8
BLACK
  6
CONTINUOUS
100
AcDbLine
 10
-0.0837938582677165
 20
-2.8402207086614171
 30
0
 11
-0.0835458661417323
 21
-2.8403767716535433
 31
0
  0
LINE
  5
E0
330
1A
100
AcDbEntity
  8
BLACK
  6
CONTINUOUS
100
AcDbLine
 10
-0.0835458661417323
 20
-2.8403767716535433
 30
0
 11
-0.0834738976377953
 21
-2.8404066141732285
 31
0
  0
LINE
  5
E1
330
1A
100
AcDbEntity
  8
BLACK
  6
CONTINUOUS
100
AcDbLine
 10
-0.0834738976377953
 20
-2.8404066141732285
 30
0
 11
-0.0833929527559055
 21
-2.8404730708661416
 31
0
  0
LINE
  5
E2
330
1A
100
AcDbEntity
  8
BLACK
  6
CONTINUOUS
100
AcDbLine
 10
-0.0833929527559055
 20
-2.8404730708661416
 30
0
 11
-0.0833039763779528
 21
-2.8405290551181102
 31
0
  0
LINE
  5
E3
330
1A
100
AcDbEntity
  8
BLACK
  6
CONTINUOUS
100
AcDbLine
 10
-0.0833039763779528
 20
-2.8405290551181102
 30
0
 11
-0.0832528346456693
 21
-2.840588031496063
 31
0
  0
LINE
  5
E4
330
1A
100
AcDbEntity
  8
BLACK
  6
CONTINUOUS
100
AcDbLine
 10
-0.0832528346456693
 20
-2.840588031496063
 30
0
 11
-0.0830264566929134
 21
-2.8407738188976377
 31
0
  0
LINE
  5
E5
330
1A
100
AcDbEntity
  8
BLACK
  6
CONTINUOUS
100
AcDbLine
 10
-0.0830264566929134
 20
-2.8407738188976377
 30
0
 11
-0.0811516929133858
 21
-2.8426485826771652
 31
0
  0
LINE
  5
E6
330
1A
100
AcDbEntity
  8
BLACK
  6
CONTINUOUS
100
AcDbLine
 10
-0.0811516929133858
 20
-2.8426485826771652
 30
0
 11
-0.0809659448818898
 21
-2.8428749212598423
 31
0
  0
LINE
  5
E7
330
1A
100
AcDbEntity
  8
BLACK
  6
CONTINUOUS
100
AcDbLine
 10
-0.0809659448818898
 20
-2.8428749212598423
 30
0
 11
-0.0809069291338583
 21
-2.8429261023622048
 31
0
  0
LINE
  5
E8
330
1A
100
AcDbEntity
  8
BLACK
  6
CONTINUOUS
100
AcDbLine
 10
-0.0809069291338583
 20
-2.8429261023622048
 30
0
 11
-0.0808509842519685
 21
-2.8430150393700786
 31
0
  0
LINE
  5
E9
330
1A
100
AcDbEntity
  8
BLACK
  6
CONTINUOUS
100
AcDbLine
 10
-0.0808509842519685
 20
-2.8430150393700786
 30
0
 11
-0.0807844881889764
 21
-2.8430960236220471
 31
0
  0
LINE
  5
EA
330
1A
100
AcDbEntity
  8
BLACK
  6
CONTINUOUS
100
AcDbLine
 10
-0.0807844881889764
 20
-2.8430960236220471
 30
0
 11
-0.0807546850393701
 21
-2.8431679527559055
 31
0
  0
LINE
  5
EB
330
1A
100
AcDbEntity
  8
BLACK
  6
CONTINUOUS
100
AcDbLine
 10
-0.0807546850393701
 20
-2.8431679527559055
 30
0
 11
-0.0805985826771654
 21
-2.8434159842519686
 31
0
  0
LINE
  5
EC
330
1A
100
AcDbEntity
  8
BLACK
  6
CONTINUOUS
100
AcDbLine
 10
-0.0805985826771654
 20
-2.8434159842519686
 30
0
 11
-0.0787238188976378
 21
-2.8471655118110237
 31
0
  0
LINE
  5
ED
330
1A
100
AcDbEntity
  8
BLACK
  6
CONTINUOUS
100
AcDbLine
 10
-0.0787238188976378
 20
-2.8471655118110237
 30
0
 11
-0.0785169291338583
 21
-2.8477061023622046
 31
0
  0
LINE
  5
EE
330
1A
100
AcDbEntity
  8
BLACK
  6
CONTINUOUS
100
AcDbLine
 10
-0.0785169291338583
 20
-2.8477061023622046
 30
0
 11
-0.0785094094488189
 21
-2.8478119685039371
 31
0
  0
LINE
  5
EF
330
1A
100
AcDbEntity
  8
BLACK
  6
CONTINUOUS
100
AcDbLine
 10
-0.0785094094488189
 20
-2.8478119685039371
 30
0
 11
-0.0784688188976378
 21
-2.8479099606299214
 31
0
  0
LINE
  5
F0
330
1A
100
AcDbEntity
  8
BLACK
  6
CONTINUOUS
100
AcDbLine
 10
-0.0784688188976378
 20
-2.8479099606299214
 30
0
 11
-0.0784120866141732
 21
-2.8484860236220473
 31
0
  0
LINE
  5
F1
330
1A
100
AcDbEntity
  8
BLACK
  6
CONTINUOUS
100
AcDbLine
 10
-0.0784120866141732
 20
-2.8484860236220473
 30
0
 11
-0.0784120866141732
 21
-2.8522355511811024
 31
0
  0
LINE
  5
F2
330
1A
100
AcDbEntity
  8
BLACK
  6
CONTINUOUS
100
AcDbLine
 10
-0.0784120866141732
 20
-2.8522355511811024
 30
0
 11
-0.0784408267716535
 21
-2.8525271259842517
 31
0
  0
LINE
  5
F3
330
1A
100
AcDbEntity
  8
BLACK
  6
CONTINUOUS
100
AcDbLine
 10
-0.0784408267716535
 20
-2.8525271259842517
 30
0
 11
-0.0784352755905512
 21
-2.8526048818897638
 31
0
  0
LINE
  5
F4
330
1A
100
AcDbEntity
  8
BLACK
  6
CONTINUOUS
100
AcDbLine
 10
-0.0784352755905512
 20
-2.8526048818897638
 30
0
 11
-0.0784585433070866
 21
-2.852707125984252
 31
0
  0
LINE
  5
F5
330
1A
100
AcDbEntity
  8
BLACK
  6
CONTINUOUS
100
AcDbLine
 10
-0.0784585433070866
 20
-2.852707125984252
 30
0
 11
-0.0784688188976378
 21
-2.8528116141732283
 31
0
  0
LINE
  5
F6
330
1A
100
AcDbEntity
  8
BLACK
  6
CONTINUOUS
100
AcDbLine
 10
-0.0784688188976378
 20
-2.8528116141732283
 30
0
 11
-0.0784987007874016
 21
-2.852883661417323
 31
0
  0
LINE
  5
F7
330
1A
100
AcDbEntity
  8
BLACK
  6
CONTINUOUS
100
AcDbLine
 10
-0.0784987007874016
 20
-2.852883661417323
 30
0
 11
-0.0785636220472441
 21
-2.8531693307086612
 31
0
  0
LINE
  5
F8
330
1A
100
AcDbEntity
  8
BLACK
  6
CONTINUOUS
100
AcDbLine
 10
-0.0785636220472441
 20
-2.8531693307086612
 30
0
 11
-0.0804383858267717
 21
-2.8587935826771651
 31
0
  0
LINE
  5
F9
330
1A
100
AcDbEntity
  8
BLACK
  6
CONTINUOUS
100
AcDbLine
 10
-0.0804383858267717
 20
-2.8587935826771651
 30
0
 11
-0.0806743700787402
 21
-2.8593221653543308
 31
0
  0
LINE
  5
FA
330
1A
100
AcDbEntity
  8
BLACK
  6
CONTINUOUS
100
AcDbLine
 10
-0.0806743700787402
 20
-2.8593221653543308
 30
0
 11
-0.0807438582677165
 21
-2.859402244094488
 31
0
  0
LINE
  5
FB
330
1A
100
AcDbEntity
  8
BLACK
  6
CONTINUOUS
100
AcDbLine
 10
-0.0807438582677165
 20
-2.859402244094488
 30
0
 11
-0.0807844488188976
 21
-2.8595003149606297
 31
0
  0
LINE
  5
FC
330
1A
100
AcDbEntity
  8
BLACK
  6
CONTINUOUS
100
AcDbLine
 10
-0.0807844488188976
 20
-2.8595003149606297
 30
0
 11
-0.0811516929133858
 21
-2.8599477559055115
 31
0
  0
LINE
  5
FD
330
1A
100
AcDbEntity
  8
BLACK
  6
CONTINUOUS
100
AcDbLine
 10
-0.0811516929133858
 20
-2.8599477559055115
 30
0
 11
-0.098608188976378
 21
-2.8774042913385824
 31
0
  0
LINE
  5
FE
330
1A
100
AcDbEntity
  8
BLACK
  6
CONTINUOUS
100
AcDbLine
 10
-0.098608188976378
 20
-2.8774042913385824
 30
0
 11
-0.081364842519685
 21
-2.8774042913385824
 31
0
  0
LINE
  5
FF
330
1A
100
AcDbEntity
  8
BLACK
  6
CONTINUOUS
100
AcDbLine
 10
-0.081364842519685
 20
-2.8774042913385824
 30
0
 11
-0.0807887795275591
 21
-2.8774610236220473
 31
0
  0
LINE
  5
100
330
1A
100
AcDbEntity
  8
BLACK
  6
CONTINUOUS
100
AcDbLine
 10
-0.0807887795275591
 20
-2.8774610236220473
 30
0
 11
-0.0797243700787402
 21
-2.8779019291338583
 31
0
  0
LINE
  5
101
330
1A
100
AcDbEntity
  8
BLACK
  6
CONTINUOUS
100
AcDbLine
 10
-0.0797243700787402
 20
-2.8779019291338583
 30
0
 11
-0.0789097244094488
 21
-2.8787165748031494
 31
0
  0
LINE
  5
102
330
1A
100
AcDbEntity
  8
BLACK
  6
CONTINUOUS
100
AcDbLine
 10
-0.0789097244094488
 20
-2.8787165748031494
 30
0
 11
-0.0784688188976378
 21
-2.8797809842519686
 31
0
  0
LINE
  5
103
330
1A
100
AcDbEntity
  8
BLACK
  6
CONTINUOUS
100
AcDbLine
 10
-0.0784688188976378
 20
-2.8797809842519686
 30
0
 11
-0.0784688188976378
 21
-2.8809331102362203
 31
0
  0
LINE
  5
104
330
1A
100
AcDbEntity
  8
BLACK
  6
CONTINUOUS
100
AcDbLine
 10
-0.0784688188976378
 20
-2.8809331102362203
 30
0
 11
-0.0789097244094488
 21
-2.8819975196850391
 31
0
  0
LINE
  5
105
330
1A
100
AcDbEntity
  8
BLACK
  6
CONTINUOUS
100
AcDbLine
 10
-0.0789097244094488
 20
-2.8819975196850391
 30
0
 11
-0.0797243700787402
 21
-2.8828121653543306
 31
0
  0
LINE
  5
106
330
1A
100
AcDbEntity
  8
BLACK
  6
CONTINUOUS
100
AcDbLine
 10
-0.0797243700787402
 20
-2.8828121653543306
 30
0
 11
-0.0807887795275591
 21
-2.8832530708661417
 31
0
  0
LINE
  5
107
330
1A
100
AcDbEntity
  8
BLACK
  6
CONTINUOUS
100
AcDbLine
 10
-0.0807887795275591
 20
-2.8832530708661417
 30
0
 11
-0.081364842519685
 21
-2.8833098031496061
 31
0
  0
LINE
  5
108
330
1A
100
AcDbEntity
  8
BLACK
  6
CONTINUOUS
100
AcDbLine
 10
-0.081364842519685
 20
-2.8833098031496061
 30
0
 11
-0.1057367716535433
 21
-2.8833098031496061
 31
0
  0
LINE
  5
109
330
1A
100
AcDbEntity
  8
BLACK
  6
CONTINUOUS
100
AcDbLine
 10
-0.1057367716535433
 20
-2.8833098031496061
 30
0
 11
-0.1063128346456693
 21
-2.8832530708661417
 31
0
  0
LINE
  5
10A
330
1A
100
AcDbEntity
  8
BLACK
  6
CONTINUOUS
100
AcDbLine
 10
-0.1063128346456693
 20
-2.8832530708661417
 30
0
 11
-0.1073772440944882
 21
-2.8828121653543306
 31
0
  0
LINE
  5
10B
330
1A
100
AcDbEntity
  8
BLACK
  6
CONTINUOUS
100
AcDbLine
 10
-0.1073772440944882
 20
-2.8828121653543306
 30
0
 11
-0.1081918897637795
 21
-2.8819975196850391
 31
0
  0
LINE
  5
10C
330
1A
100
AcDbEntity
  8
BLACK
  6
CONTINUOUS
100
AcDbLine
 10
-0.1081918897637795
 20
-2.8819975196850391
 30
0
 11
-0.1086327952755906
 21
-2.8809331102362203
 31
0
  0
LINE
  5
10D
330
1A
100
AcDbEntity
  8
BLACK
  6
CONTINUOUS
100
AcDbLine
 10
-0.1086327952755906
 20
-2.8809331102362203
 30
0
 11
-0.1086327952755906
 21
-2.8797809842519686
 31
0
  0
LINE
  5
10E
330
1A
100
AcDbEntity
  8
BLACK
  6
CONTINUOUS
100
AcDbLine
 10
-0.1086327952755906
 20
-2.8797809842519686
 30
0
 11
-0.1081918897637795
 21
-2.8787165748031494
 31
0
  0
LINE
  5
10F
330
1A
100
AcDbEntity
  8
BLACK
  6
CONTINUOUS
100
AcDbLine
 10
-0.1081918897637795
 20
-2.8787165748031494
 30
0
 11
-0.1078246850393701
 21
-2.8782691338582675
 31
0
  0
LINE
  5
110
330
1A
100
AcDbEntity
  8
BLACK
  6
CONTINUOUS
100
AcDbLine
 10
-0.1078246850393701
 20
-2.8782691338582675
 30
0
 11
-0.0858204330708661
 21
-2.8562648031496063
 31
0
  0
LINE
  5
111
330
1A
100
AcDbEntity
  8
BLACK
  6
CONTINUOUS
100
AcDbLine
 10
-0.0858204330708661
 20
-2.8562648031496063
 30
0
 11
-0.0843175984251968
 21
-2.8517564173228345
 31
0
  0
LINE
  5
112
330
1A
100
AcDbEntity
  8
BLACK
  6
CONTINUOUS
100
AcDbLine
 10
-0.0843175984251968
 20
-2.8517564173228345
 30
0
 11
-0.0843175984251968
 21
-2.8491830708661419
 31
0
  0
LINE
  5
113
330
1A
100
AcDbEntity
  8
BLACK
  6
CONTINUOUS
100
AcDbLine
 10
-0.0843175984251968
 20
-2.8491830708661419
 30
0
 11
-0.0856663385826772
 21
-2.8464855905511812
 31
0
  0
LINE
  5
114
330
1A
100
AcDbEntity
  8
BLACK
  6
CONTINUOUS
100
AcDbLine
 10
-0.0856663385826772
 20
-2.8464855905511812
 30
0
 11
-0.0868634645669291
 21
-2.845288464566929
 31
0
  0
LINE
  5
115
330
1A
100
AcDbEntity
  8
BLACK
  6
CONTINUOUS
100
AcDbLine
 10
-0.0868634645669291
 20
-2.845288464566929
 30
0
 11
-0.0895609448818898
 21
-2.8439397244094486
 31
0
  0
LINE
  5
116
330
1A
100
AcDbEntity
  8
BLACK
  6
CONTINUOUS
100
AcDbLine
 10
-0.0895609448818898
 20
-2.8439397244094486
 30
0
 11
-0.0975406692913386
 21
-2.8439397244094486
 31
0
  0
LINE
  5
117
330
1A
100
AcDbEntity
  8
BLACK
  6
CONTINUOUS
100
AcDbLine
 10
-0.0975406692913386
 20
-2.8439397244094486
 30
0
 11
-0.1002381496062992
 21
-2.845288464566929
 31
0
  0
LINE
  5
118
330
1A
100
AcDbEntity
  8
BLACK
  6
CONTINUOUS
100
AcDbLine
 10
-0.1002381496062992
 20
-2.845288464566929
 30
0
 11
-0.101774094488189
 21
-2.8468244094488186
 31
0
  0
LINE
  5
119
330
1A
100
AcDbEntity
  8
BLACK
  6
CONTINUOUS
100
AcDbLine
 10
-0.101774094488189
 20
-2.8468244094488186
 30
0
 11
-0.1022215354330709
 21
-2.8471916141732283
 31
0
  0
LINE
  5
11A
330
1A
100
AcDbEntity
  8
BLACK
  6
CONTINUOUS
100
AcDbLine
 10
-0.1022215354330709
 20
-2.8471916141732283
 30
0
 11
-0.1032859842519685
 21
-2.8476325196850394
 31
0
  0
LINE
  5
11B
330
1A
100
AcDbEntity
  8
BLACK
  6
CONTINUOUS
100
AcDbLine
 10
-0.1032859842519685
 20
-2.8476325196850394
 30
0
 11
-0.104438031496063
 21
-2.8476325196850394
 31
0
  0
LINE
  5
11C
330
1A
100
AcDbEntity
  8
BLACK
  6
CONTINUOUS
100
AcDbLine
 10
-0.104438031496063
 20
-2.8476325196850394
 30
0
 11
-0.1055024803149606
 21
-2.8471916141732283
 31
0
  0
LINE
  5
11D
330
1A
100
AcDbEntity
  8
BLACK
  6
CONTINUOUS
100
AcDbLine
 10
-0.1055024803149606
 20
-2.8471916141732283
 30
0
 11
-0.106317125984252
 21
-2.8463769685039368
 31
0
  0
LINE
  5
11E
330
1A
100
AcDbEntity
  8
BLACK
  6
CONTINUOUS
100
AcDbLine
 10
-0.106317125984252
 20
-2.8463769685039368
 30
0
 11
-0.106758031496063
 21
-2.8453125196850393
 31
0
  0
LINE
  5
11F
330
1A
100
AcDbEntity
  8
BLACK
  6
CONTINUOUS
100
AcDbLine
 10
-0.106758031496063
 20
-2.8453125196850393
 30
0
 11
-0.106758031496063
 21
-2.8441604724409446
 31
0
  0
LINE
  5
120
330
1A
100
AcDbEntity
  8
BLACK
  6
CONTINUOUS
100
AcDbLine
 10
-0.106758031496063
 20
-2.8441604724409446
 30
0
 11
-0.106317125984252
 21
-2.8430960236220471
 31
0
  0
LINE
  5
121
330
1A
100
AcDbEntity
  8
BLACK
  6
CONTINUOUS
100
AcDbLine
 10
-0.106317125984252
 20
-2.8430960236220471
 30
0
 11
-0.1059499212598425
 21
-2.8426485826771652
 31
0
  0
LINE
  5
122
330
1A
100
AcDbEntity
  8
BLACK
  6
CONTINUOUS
100
AcDbLine
 10
-0.1059499212598425
 20
-2.8426485826771652
 30
0
 11
-0.104075157480315
 21
-2.8407738188976377
 31
0
  0
LINE
  5
123
330
1A
100
AcDbEntity
  8
BLACK
  6
CONTINUOUS
100
AcDbLine
 10
-0.104075157480315
 20
-2.8407738188976377
 30
0
 11
-0.1038488188976378
 21
-2.840588031496063
 31
0
  0
LINE
  5
124
330
1A
100
AcDbEntity
  8
BLACK
  6
CONTINUOUS
100
AcDbLine
 10
-0.1038488188976378
 20
-2.840588031496063
 30
0
 11
-0.1037976377952756
 21
-2.8405290551181102
 31
0
  0
LINE
  5
125
330
1A
100
AcDbEntity
  8
BLACK
  6
CONTINUOUS
100
AcDbLine
 10
-0.1037976377952756
 20
-2.8405290551181102
 30
0
 11
-0.1037087007874016
 21
-2.8404730708661416
 31
0
  0
LINE
  5
126
330
1A
100
AcDbEntity
  8
BLACK
  6
CONTINUOUS
100
AcDbLine
 10
-0.1037087007874016
 20
-2.8404730708661416
 30
0
 11
-0.1036277165354331
 21
-2.8404066141732285
 31
0
  0
LINE
  5
127
330
1A
100
AcDbEntity
  8
BLACK
  6
CONTINUOUS
100
AcDbLine
 10
-0.1036277165354331
 20
-2.8404066141732285
 30
0
 11
-0.1035557874015748
 21
-2.8403767716535433
 31
0
  0
LINE
  5
128
330
1A
100
AcDbEntity
  8
BLACK
  6
CONTINUOUS
100
AcDbLine
 10
-0.1035557874015748
 20
-2.8403767716535433
 30
0
 11
-0.1033077559055118
 21
-2.8402207086614171
 31
0
  0
LINE
  5
129
330
1A
100
AcDbEntity
  8
BLACK
  6
CONTINUOUS
100
AcDbLine
 10
-0.1033077559055118
 20
-2.8402207086614171
 30
0
 11
-0.0995582283464567
 21
-2.8383459448818895
 31
0
  0
LINE
  5
12A
330
1A
100
AcDbEntity
  8
BLACK
  6
CONTINUOUS
100
AcDbLine
 10
-0.0995582283464567
 20
-2.8383459448818895
 30
0
 11
-0.0990176377952756
 21
-2.83813905511811
 31
0
  0
LINE
  5
12B
330
1A
100
AcDbEntity
  8
BLACK
  6
CONTINUOUS
100
AcDbLine
 10
-0.0990176377952756
 20
-2.83813905511811
 30
0
 11
-0.0989117716535433
 21
-2.8381314960629922
 31
0
  0
LINE
  5
12C
330
1A
100
AcDbEntity
  8
BLACK
  6
CONTINUOUS
100
AcDbLine
 10
-0.0989117716535433
 20
-2.8381314960629922
 30
0
 11
-0.0988137795275591
 21
-2.8380909448818898
 31
0
  0
LINE
  5
12D
330
1A
100
AcDbEntity
  8
BLACK
  6
CONTINUOUS
100
AcDbLine
 10
-0.0988137795275591
 20
-2.8380909448818898
 30
0
 11
-0.0982377165354331
 21
-2.838034212598425
 31
0
  0
LINE
  5
12E
330
1A
100
AcDbEntity
  8
BLACK
  6
CONTINUOUS
100
AcDbLine
 10
-0.0982377165354331
 20
-2.838034212598425
 30
0
 11
-0.0888638976377953
 21
-2.838034212598425
 31
0
  0
LINE
  5
12F
330
1A
100
AcDbEntity
  8
BLACK
  6
CONTINUOUS
100
AcDbLine
 10
-0.0888638976377953
 20
-2.838034212598425
 30
0
 11
-0.0882878346456693
 21
-2.8380909448818898
 31
0
  0
LINE
  5
130
330
1A
100
AcDbEntity
  8
BLACK
  6
CONTINUOUS
100
AcDbLine
 10
-0.0548344488188976
 20
-2.8380909448818898
 30
0
 11
-0.0545420472440945
 21
-2.8380909448818898
 31
0
  0
LINE
  5
131
330
1A
100
AcDbEntity
  8
BLACK
  6
CONTINUOUS
100
AcDbLine
 10
-0.0545420472440945
 20
-2.8380909448818898
 30
0
 11
-0.0542748031496063
 21
-2.8382016535433072
 31
0
  0
LINE
  5
132
330
1A
100
AcDbEntity
  8
BLACK
  6
CONTINUOUS
100
AcDbLine
 10
-0.0542748031496063
 20
-2.8382016535433072
 30
0
 11
-0.0539909842519685
 21
-2.8382577952755903
 31
0
  0
LINE
  5
133
330
1A
100
AcDbEntity
  8
BLACK
  6
CONTINUOUS
100
AcDbLine
 10
-0.0539909842519685
 20
-2.8382577952755903
 30
0
 11
-0.0537477165354331
 21
-2.8384199606299214
 31
0
  0
LINE
  5
134
330
1A
100
AcDbEntity
  8
BLACK
  6
CONTINUOUS
100
AcDbLine
 10
-0.0537477165354331
 20
-2.8384199606299214
 30
0
 11
-0.0534776377952756
 21
-2.8385318503937009
 31
0
  0
LINE
  5
135
330
1A
100
AcDbEntity
  8
BLACK
  6
CONTINUOUS
100
AcDbLine
 10
-0.0534776377952756
 20
-2.8385318503937009
 30
0
 11
-0.0532731889763779
 21
-2.8387362992125982
 31
0
  0
LINE
  5
136
330
1A
100
AcDbEntity
  8
BLACK
  6
CONTINUOUS
100
AcDbLine
 10
-0.0532731889763779
 20
-2.8387362992125982
 30
0
 11
-0.0530323622047244
 21
-2.8388968503937009
 31
0
  0
LINE
  5
137
330
1A
100
AcDbEntity
  8
BLACK
  6
CONTINUOUS
100
AcDbLine
 10
-0.0530323622047244
 20
-2.8388968503937009
 30
0
 11
-0.0528696456692913
 21
-2.839139842519685
 31
0
  0
LINE
  5
138
330
1A
100
AcDbEntity
  8
BLACK
  6
CONTINUOUS
100
AcDbLine
 10
-0.0528696456692913
 20
-2.839139842519685
 30
0
 11
-0.0526629921259842
 21
-2.8393464960629919
 31
0
  0
LINE
  5
139
330
1A
100
AcDbEntity
  8
BLACK
  6
CONTINUOUS
100
AcDbLine
 10
-0.0526629921259842
 20
-2.8393464960629919
 30
0
 11
-0.0525523228346457
 21
-2.8396137007874014
 31
0
  0
LINE
  5
13A
330
1A
100
AcDbEntity
  8
BLACK
  6
CONTINUOUS
100
AcDbLine
 10
-0.0525523228346457
 20
-2.8396137007874014
 30
0
 11
-0.0523912992125984
 21
-2.8398541338582675
 31
0
  0
LINE
  5
13B
330
1A
100
AcDbEntity
  8
BLACK
  6
CONTINUOUS
100
AcDbLine
 10
-0.0523912992125984
 20
-2.8398541338582675
 30
0
 11
-0.0523339763779528
 21
-2.8401407874015749
 31
0
  0
LINE
  5
13C
330
1A
100
AcDbEntity
  8
BLACK
  6
CONTINUOUS
100
AcDbLine
 10
-0.0523339763779528
 20
-2.8401407874015749
 30
0
 11
-0.0522220866141732
 21
-2.8404109055118107
 31
0
  0
LINE
  5
13D
330
1A
100
AcDbEntity
  8
BLACK
  6
CONTINUOUS
100
AcDbLine
 10
-0.0522220866141732
 20
-2.8404109055118107
 30
0
 11
-0.0521659842519685
 21
-2.8409808267716534
 31
0
  0
LINE
  5
13E
330
1A
100
AcDbEntity
  8
BLACK
  6
CONTINUOUS
100
AcDbLine
 10
-0.0521659842519685
 20
-2.8409808267716534
 30
0
 11
-0.0521653543307087
 21
-2.8409838582677165
 31
0
  0
LINE
  5
13F
330
1A
100
AcDbEntity
  8
BLACK
  6
CONTINUOUS
100
AcDbLine
 10
-0.0521653543307087
 20
-2.8409838582677165
 30
0
 11
-0.0521655905511811
 21
-2.8409848818897636
 31
0
  0
LINE
  5
140
330
1A
100
AcDbEntity
  8
BLACK
  6
CONTINUOUS
100
AcDbLine
 10
-0.0521655905511811
 20
-2.8409848818897636
 30
0
 11
-0.0521653543307087
 21
-2.8409869685039371
 31
0
  0
LINE
  5
141
330
1A
100
AcDbEntity
  8
BLACK
  6
CONTINUOUS
100
AcDbLine
 10
-0.0521653543307087
 20
-2.8409869685039371
 30
0
 11
-0.0521653543307087
 21
-2.8774042913385824
 31
0
  0
LINE
  5
142
330
1A
100
AcDbEntity
  8
BLACK
  6
CONTINUOUS
100
AcDbLine
 10
-0.0521653543307087
 20
-2.8774042913385824
 30
0
 11
-0.0438695275590551
 21
-2.8774042913385824
 31
0
  0
LINE
  5
143
330
1A
100
AcDbEntity
  8
BLACK
  6
CONTINUOUS
100
AcDbLine
 10
-0.0438695275590551
 20
-2.8774042913385824
 30
0
 11
-0.0432934645669291
 21
-2.8774610236220473
 31
0
  0
LINE
  5
144
330
1A
100
AcDbEntity
  8
BLACK
  6
CONTINUOUS
100
AcDbLine
 10
-0.0432934645669291
 20
-2.8774610236220473
 30
0
 11
-0.0422290551181102
 21
-2.8779019291338583
 31
0
  0
LINE
  5
145
330
1A
100
AcDbEntity
  8
BLACK
  6
CONTINUOUS
100
AcDbLine
 10
-0.0422290551181102
 20
-2.8779019291338583
 30
0
 11
-0.0414144094488189
 21
-2.8787165748031494
 31
0
  0
LINE
  5
146
330
1A
100
AcDbEntity
  8
BLACK
  6
CONTINUOUS
100
AcDbLine
 10
-0.0414144094488189
 20
-2.8787165748031494
 30
0
 11
-0.0409735039370079
 21
-2.8797809842519686
 31
0
  0
LINE
  5
147
330
1A
100
AcDbEntity
  8
BLACK
  6
CONTINUOUS
100
AcDbLine
 10
-0.0409735039370079
 20
-2.8797809842519686
 30
0
 11
-0.0409735039370079
 21
-2.8809331102362203
 31
0
  0
LINE
  5
148
330
1A
100
AcDbEntity
  8
BLACK
  6
CONTINUOUS
100
AcDbLine
 10
-0.0409735039370079
 20
-2.8809331102362203
 30
0
 11
-0.0414144094488189
 21
-2.8819975196850391
 31
0
  0
LINE
  5
149
330
1A
100
AcDbEntity
  8
BLACK
  6
CONTINUOUS
100
AcDbLine
 10
-0.0414144094488189
 20
-2.8819975196850391
 30
0
 11
-0.0422290551181102
 21
-2.8828121653543306
 31
0
  0
LINE
  5
14A
330
1A
100
AcDbEntity
  8
BLACK
  6
CONTINUOUS
100
AcDbLine
 10
-0.0422290551181102
 20
-2.8828121653543306
 30
0
 11
-0.0432934645669291
 21
-2.8832530708661417
 31
0
  0
LINE
  5
14B
330
1A
100
AcDbEntity
  8
BLACK
  6
CONTINUOUS
100
AcDbLine
 10
-0.0432934645669291
 20
-2.8832530708661417
 30
0
 11
-0.0438695275590551
 21
-2.8833098031496061
 31
0
  0
LINE
  5
14C
330
1A
100
AcDbEntity
  8
BLACK
  6
CONTINUOUS
100
AcDbLine
 10
-0.0438695275590551
 20
-2.8833098031496061
 30
0
 11
-0.0663666929133858
 21
-2.8833098031496061
 31
0
  0
LINE
  5
14D
330
1A
100
AcDbEntity
  8
BLACK
  6
CONTINUOUS
100
AcDbLine
 10
-0.0663666929133858
 20
-2.8833098031496061
 30
0
 11
-0.0669427559055118
 21
-2.8832530708661417
 31
0
  0
LINE
  5
14E
330
1A
100
AcDbEntity
  8
BLACK
  6
CONTINUOUS
100
AcDbLine
 10
-0.0669427559055118
 20
-2.8832530708661417
 30
0
 11
-0.0680071653543307
 21
-2.8828121653543306
 31
0
  0
LINE
  5
14F
330
1A
100
AcDbEntity
  8
BLACK
  6
CONTINUOUS
100
AcDbLine
 10
-0.0680071653543307
 20
-2.8828121653543306
 30
0
 11
-0.068821811023622
 21
-2.8819975196850391
 31
0
  0
LINE
  5
150
330
1A
100
AcDbEntity
  8
BLACK
  6
CONTINUOUS
100
AcDbLine
 10
-0.068821811023622
 20
-2.8819975196850391
 30
0
 11
-0.0692627165354331
 21
-2.8809331102362203
 31
0
  0
LINE
  5
151
330
1A
100
AcDbEntity
  8
BLACK
  6
CONTINUOUS
100
AcDbLine
 10
-0.0692627165354331
 20
-2.8809331102362203
 30
0
 11
-0.0692627165354331
 21
-2.8797809842519686
 31
0
  0
LINE
  5
152
330
1A
100
AcDbEntity
  8
BLACK
  6
CONTINUOUS
100
AcDbLine
 10
-0.0692627165354331
 20
-2.8797809842519686
 30
0
 11
-0.068821811023622
 21
-2.8787165748031494
 31
0
  0
LINE
  5
153
330
1A
100
AcDbEntity
  8
BLACK
  6
CONTINUOUS
100
AcDbLine
 10
-0.068821811023622
 20
-2.8787165748031494
 30
0
 11
-0.0680071653543307
 21
-2.8779019291338583
 31
0
  0
LINE
  5
154
330
1A
100
AcDbEntity
  8
BLACK
  6
CONTINUOUS
100
AcDbLine
 10
-0.0680071653543307
 20
-2.8779019291338583
 30
0
 11
-0.0669427559055118
 21
-2.8774610236220473
 31
0
  0
LINE
  5
155
330
1A
100
AcDbEntity
  8
BLACK
  6
CONTINUOUS
100
AcDbLine
 10
-0.0669427559055118
 20
-2.8774610236220473
 30
0
 11
-0.0663666929133858
 21
-2.8774042913385824
 31
0
  0
LINE
  5
156
330
1A
100
AcDbEntity
  8
BLACK
  6
CONTINUOUS
100
AcDbLine
 10
-0.0663666929133858
 20
-2.8774042913385824
 30
0
 11
-0.0580708661417323
 21
-2.8774042913385824
 31
0
  0
LINE
  5
157
330
1A
100
AcDbEntity
  8
BLACK
  6
CONTINUOUS
100
AcDbLine
 10
-0.0580708661417323
 20
-2.8774042913385824
 30
0
 11
-0.0580708661417323
 21
-2.84999031496063
 31
0
  0
LINE
  5
158
330
1A
100
AcDbEntity
  8
BLACK
  6
CONTINUOUS
100
AcDbLine
 10
-0.0580708661417323
 20
-2.84999031496063
 30
0
 11
-0.0605292519685039
 21
-2.8524487007874013
 31
0
  0
LINE
  5
159
330
1A
100
AcDbEntity
  8
BLACK
  6
CONTINUOUS
100
AcDbLine
 10
-0.0605292519685039
 20
-2.8524487007874013
 30
0
 11
-0.0607556299212598
 21
-2.8526344488188977
 31
0
  0
LINE
  5
15A
330
1A
100
AcDbEntity
  8
BLACK
  6
CONTINUOUS
100
AcDbLine
 10
-0.0607556299212598
 20
-2.8526344488188977
 30
0
 11
-0.0608067716535433
 21
-2.8526934645669288
 31
0
  0
LINE
  5
15B
330
1A
100
AcDbEntity
  8
BLACK
  6
CONTINUOUS
100
AcDbLine
 10
-0.0608067716535433
 20
-2.8526934645669288
 30
0
 11
-0.0608957480314961
 21
-2.8527494094488191
 31
0
  0
LINE
  5
15C
330
1A
100
AcDbEntity
  8
BLACK
  6
CONTINUOUS
100
AcDbLine
 10
-0.0608957480314961
 20
-2.8527494094488191
 30
0
 11
-0.0609766929133858
 21
-2.852815905511811
 31
0
  0
LINE
  5
15D
330
1A
100
AcDbEntity
  8
BLACK
  6
CONTINUOUS
100
AcDbLine
 10
-0.0609766929133858
 20
-2.852815905511811
 30
0
 11
-0.0610486614173228
 21
-2.8528457086614174
 31
0
  0
LINE
  5
15E
330
1A
100
AcDbEntity
  8
BLACK
  6
CONTINUOUS
100
AcDbLine
 10
-0.0610486614173228
 20
-2.8528457086614174
 30
0
 11
-0.0612966535433071
 21
-2.8530018110236219
 31
0
  0
LINE
  5
15F
330
1A
100
AcDbEntity
  8
BLACK
  6
CONTINUOUS
100
AcDbLine
 10
-0.0612966535433071
 20
-2.8530018110236219
 30
0
 11
-0.0650461811023622
 21
-2.8548765748031495
 31
0
  0
LINE
  5
160
330
1A
100
AcDbEntity
  8
BLACK
  6
CONTINUOUS
100
AcDbLine
 10
-0.0650461811023622
 20
-2.8548765748031495
 30
0
 11
-0.065586811023622
 21
-2.855083464566929
 31
0
  0
LINE
  5
161
330
1A
100
AcDbEntity
  8
BLACK
  6
CONTINUOUS
100
AcDbLine
 10
-0.065586811023622
 20
-2.855083464566929
 30
0
 11
-0.0667360236220472
 21
-2.8551651181102362
 31
0
  0
LINE
  5
162
330
1A
100
AcDbEntity
  8
BLACK
  6
CONTINUOUS
100
AcDbLine
 10
-0.0667360236220472
 20
-2.8551651181102362
 30
0
 11
-0.0678289763779528
 21
-2.8548007874015746
 31
0
  0
LINE
  5
163
330
1A
100
AcDbEntity
  8
BLACK
  6
CONTINUOUS
100
AcDbLine
 10
-0.0678289763779528
 20
-2.8548007874015746
 30
0
 11
-0.0686993700787401
 21
-2.8540459448818898
 31
0
  0
LINE
  5
164
330
1A
100
AcDbEntity
  8
BLACK
  6
CONTINUOUS
100
AcDbLine
 10
-0.0686993700787401
 20
-2.8540459448818898
 30
0
 11
-0.0692146062992126
 21
-2.8530154330708659
 31
0
  0
LINE
  5
165
330
1A
100
AcDbEntity
  8
BLACK
  6
CONTINUOUS
100
AcDbLine
 10
-0.0692146062992126
 20
-2.8530154330708659
 30
0
 11
-0.0692962598425197
 21
-2.851866220472441
 31
0
  0
LINE
  5
166
330
1A
100
AcDbEntity
  8
BLACK
  6
CONTINUOUS
100
AcDbLine
 10
-0.0692962598425197
 20
-2.851866220472441
 30
0
 11
-0.0689319291338583
 21
-2.8507732677165354
 31
0
  0
LINE
  5
167
330
1A
100
AcDbEntity
  8
BLACK
  6
CONTINUOUS
100
AcDbLine
 10
-0.0689319291338583
 20
-2.8507732677165354
 30
0
 11
-0.0681770866141732
 21
-2.8499028740157479
 31
0
  0
LINE
  5
168
330
1A
100
AcDbEntity
  8
BLACK
  6
CONTINUOUS
100
AcDbLine
 10
-0.0681770866141732
 20
-2.8499028740157479
 30
0
 11
-0.0676872047244094
 21
-2.8495945275590548
 31
0
  0
LINE
  5
169
330
1A
100
AcDbEntity
  8
BLACK
  6
CONTINUOUS
100
AcDbLine
 10
-0.0676872047244094
 20
-2.8495945275590548
 30
0
 11
-0.0643662598425197
 21
-2.84793405511811
 31
0
  0
LINE
  5
16A
330
1A
100
AcDbEntity
  8
BLACK
  6
CONTINUOUS
100
AcDbLine
 10
-0.0643662598425197
 20
-2.84793405511811
 30
0
 11
-0.0611623622047244
 21
-2.8447301574803148
 31
0
  0
LINE
  5
16B
330
1A
100
AcDbEntity
  8
BLACK
  6
CONTINUOUS
100
AcDbLine
 10
-0.0611623622047244
 20
-2.8447301574803148
 30
0
 11
-0.0575749606299213
 21
-2.83934905511811
 31
0
  0
LINE
  5
16C
330
1A
100
AcDbEntity
  8
BLACK
  6
CONTINUOUS
100
AcDbLine
 10
-0.0575749606299213
 20
-2.83934905511811
 30
0
 11
-0.0575736220472441
 21
-2.8393473622047245
 31
0
  0
LINE
  5
16D
330
1A
100
AcDbEntity
  8
BLACK
  6
CONTINUOUS
100
AcDbLine
 10
-0.0575736220472441
 20
-2.8393473622047245
 30
0
 11
-0.0575732283464567
 21
-2.8393464960629919
 31
0
  0
LINE
  5
16E
330
1A
100
AcDbEntity
  8
BLACK
  6
CONTINUOUS
100
AcDbLine
 10
-0.0575732283464567
 20
-2.8393464960629919
 30
0
 11
-0.0575712204724409
 21
-2.8393444488188977
 31
0
  0
LINE
  5
16F
330
1A
100
AcDbEntity
  8
BLACK
  6
CONTINUOUS
100
AcDbLine
 10
-0.0575712204724409
 20
-2.8393444488188977
 30
0
 11
-0.057208188976378
 21
-2.8389012204724411
 31
0
  0
LINE
  5
170
330
1A
100
AcDbEntity
  8
BLACK
  6
CONTINUOUS
100
AcDbLine
 10
-0.057208188976378
 20
-2.8389012204724411
 30
0
 11
-0.0569653149606299
 21
-2.8387385433070866
 31
0
  0
LINE
  5
171
330
1A
100
AcDbEntity
  8
BLACK
  6
CONTINUOUS
100
AcDbLine
 10
-0.0569653149606299
 20
-2.8387385433070866
 30
0
 11
-0.0567585826771654
 21
-2.8385318503937009
 31
0
  0
LINE
  5
172
330
1A
100
AcDbEntity
  8
BLACK
  6
CONTINUOUS
100
AcDbLine
 10
-0.0567585826771654
 20
-2.8385318503937009
 30
0
 11
-0.0564912992125984
 21
-2.8384211023622048
 31
0
  0
LINE
  5
173
330
1A
100
AcDbEntity
  8
BLACK
  6
CONTINUOUS
100
AcDbLine
 10
-0.0564912992125984
 20
-2.8384211023622048
 30
0
 11
-0.056250905511811
 21
-2.838260157480315
 31
0
  0
LINE
  5
174
330
1A
100
AcDbEntity
  8
BLACK
  6
CONTINUOUS
100
AcDbLine
 10
-0.056250905511811
 20
-2.838260157480315
 30
0
 11
-0.0559642913385827
 21
-2.8382027952755906
 31
0
  0
LINE
  5
175
330
1A
100
AcDbEntity
  8
BLACK
  6
CONTINUOUS
100
AcDbLine
 10
-0.0559642913385827
 20
-2.8382027952755906
 30
0
 11
-0.0556941732283465
 21
-2.8380909448818898
 31
0
  0
LINE
  5
176
330
1A
100
AcDbEntity
  8
BLACK
  6
CONTINUOUS
100
AcDbLine
 10
-0.0556941732283465
 20
-2.8380909448818898
 30
0
 11
-0.0554048818897638
 21
-2.8380909448818898
 31
0
  0
LINE
  5
177
330
1A
100
AcDbEntity
  8
BLACK
  6
CONTINUOUS
100
AcDbLine
 10
-0.0554048818897638
 20
-2.8380909448818898
 30
0
 11
-0.0551212204724409
 21
-2.838034212598425
 31
0
  0
LINE
  5
178
330
1A
100
AcDbEntity
  8
BLACK
  6
CONTINUOUS
100
AcDbLine
 10
-0.0551212204724409
 20
-2.838034212598425
 30
0
 11
-0.0548344488188976
 21
-2.8380909448818898
 31
0
  0
LINE
  5
179
330
1A
100
AcDbEntity
  8
BLACK
  6
CONTINUOUS
100
AcDbLine
 10
-0.015171968503937
 20
-2.8380909448818898
 30
0
 11
-0.0150739763779528
 21
-2.838131535433071
 31
0
  0
LINE
  5
17A
330
1A
100
AcDbEntity
  8
BLACK
  6
CONTINUOUS
100
AcDbLine
 10
-0.0150739763779528
 20
-2.838131535433071
 30
0
 11
-0.0149681496062992
 21
-2.83813905511811
 31
0
  0
LINE
  5
17B
330
1A
100
AcDbEntity
  8
BLACK
  6
CONTINUOUS
100
AcDbLine
 10
-0.0149681496062992
 20
-2.83813905511811
 30
0
 11
-0.0144275196850394
 21
-2.8383459448818895
 31
0
  0
LINE
  5
17C
330
1A
100
AcDbEntity
  8
BLACK
  6
CONTINUOUS
100
AcDbLine
 10
-0.0144275196850394
 20
-2.8383459448818895
 30
0
 11
-0.0106779921259843
 21
-2.8402207086614171
 31
0
  0
LINE
  5
17D
330
1A
100
AcDbEntity
  8
BLACK
  6
CONTINUOUS
100
AcDbLine
 10
-0.0106779921259843
 20
-2.8402207086614171
 30
0
 11
-0.01043
 21
-2.8403767716535433
 31
0
  0
LINE
  5
17E
330
1A
100
AcDbEntity
  8
BLACK
  6
CONTINUOUS
100
AcDbLine
 10
-0.01043
 20
-2.8403767716535433
 30
0
 11
-0.010358031496063
 21
-2.8404066141732285
 31
0
  0
LINE
  5
17F
330
1A
100
AcDbEntity
  8
BLACK
  6
CONTINUOUS
100
AcDbLine
 10
-0.010358031496063
 20
-2.8404066141732285
 30
0
 11
-0.0102770866141732
 21
-2.8404730708661416
 31
0
  0
LINE
  5
180
330
1A
100
AcDbEntity
  8
BLACK
  6
CONTINUOUS
100
AcDbLine
 10
-0.0102770866141732
 20
-2.8404730708661416
 30
0
 11
-0.0101881102362205
 21
-2.8405290551181102
 31
0
  0
LINE
  5
181
330
1A
100
AcDbEntity
  8
BLACK
  6
CONTINUOUS
100
AcDbLine
 10
-0.0101881102362205
 20
-2.8405290551181102
 30
0
 11
-0.010136968503937
 21
-2.840588031496063
 31
0
  0
LINE
  5
182
330
1A
100
AcDbEntity
  8
BLACK
  6
CONTINUOUS
100
AcDbLine
 10
-0.010136968503937
 20
-2.840588031496063
 30
0
 11
-0.0099105905511811
 21
-2.8407738188976377
 31
0
  0
LINE
  5
183
330
1A
100
AcDbEntity
  8
BLACK
  6
CONTINUOUS
100
AcDbLine
 10
-0.0099105905511811
 20
-2.8407738188976377
 30
0
 11
-0.0080358267716535
 21
-2.8426485826771652
 31
0
  0
LINE
  5
184
330
1A
100
AcDbEntity
  8
BLACK
  6
CONTINUOUS
100
AcDbLine
 10
-0.0080358267716535
 20
-2.8426485826771652
 30
0
 11
-0.0078500787401575
 21
-2.8428749212598423
 31
0
  0
LINE
  5
185
330
1A
100
AcDbEntity
  8
BLACK
  6
CONTINUOUS
100
AcDbLine
 10
-0.0078500787401575
 20
-2.8428749212598423
 30
0
 11
-0.007791062992126
 21
-2.8429261023622048
 31
0
  0
LINE
  5
186
330
1A
100
AcDbEntity
  8
BLACK
  6
CONTINUOUS
100
AcDbLine
 10
-0.007791062992126
 20
-2.8429261023622048
 30
0
 11
-0.0077351181102362
 21
-2.8430150393700786
 31
0
  0
LINE
  5
187
330
1A
100
AcDbEntity
  8
BLACK
  6
CONTINUOUS
100
AcDbLine
 10
-0.0077351181102362
 20
-2.8430150393700786
 30
0
 11
-0.0076686220472441
 21
-2.8430960236220471
 31
0
  0
LINE
  5
188
330
1A
100
AcDbEntity
  8
BLACK
  6
CONTINUOUS
100
AcDbLine
 10
-0.0076686220472441
 20
-2.8430960236220471
 30
0
 11
-0.0076388188976378
 21
-2.8431679527559055
 31
0
  0
LINE
  5
189
330
1A
100
AcDbEntity
  8
BLACK
  6
CONTINUOUS
100
AcDbLine
 10
-0.0076388188976378
 20
-2.8431679527559055
 30
0
 11
-0.0074827165354331
 21
-2.8434159842519686
 31
0
  0
LINE
  5
18A
330
1A
100
AcDbEntity
  8
BLACK
  6
CONTINUOUS
100
AcDbLine
 10
-0.0074827165354331
 20
-2.8434159842519686
 30
0
 11
-0.0056079527559055
 21
-2.8471655118110237
 31
0
  0
LINE
  5
18B
330
1A
100
AcDbEntity
  8
BLACK
  6
CONTINUOUS
100
AcDbLine
 10
-0.0056079527559055
 20
-2.8471655118110237
 30
0
 11
-0.0055918503937008
 21
-2.847207598425197
 31
0
  0
LINE
  5
18C
330
1A
100
AcDbEntity
  8
BLACK
  6
CONTINUOUS
100
AcDbLine
 10
-0.0055918503937008
 20
-2.847207598425197
 30
0
 11
-0.0055791338582677
 21
-2.8472247637795274
 31
0
  0
LINE
  5
18D
330
1A
100
AcDbEntity
  8
BLACK
  6
CONTINUOUS
100
AcDbLine
 10
-0.0055791338582677
 20
-2.8472247637795274
 30
0
 11
-0.0054928346456693
 21
-2.8474663385826773
 31
0
  0
LINE
  5
18E
330
1A
100
AcDbEntity
  8
BLACK
  6
CONTINUOUS
100
AcDbLine
 10
-0.0054928346456693
 20
-2.8474663385826773
 30
0
 11
-0.005401062992126
 21
-2.8477061023622046
 31
0
  0
LINE
  5
18F
330
1A
100
AcDbEntity
  8
BLACK
  6
CONTINUOUS
100
AcDbLine
 10
-0.005401062992126
 20
-2.8477061023622046
 30
0
 11
-0.0053995669291339
 21
-2.8477273622047243
 31
0
  0
LINE
  5
190
330
1A
100
AcDbEntity
  8
BLACK
  6
CONTINUOUS
100
AcDbLine
 10
-0.0053995669291339
 20
-2.8477273622047243
 30
0
 11
-0.0053843700787402
 21
-2.8477698818897639
 31
0
  0
LINE
  5
191
330
1A
100
AcDbEntity
  8
BLACK
  6
CONTINUOUS
100
AcDbLine
 10
-0.0053843700787402
 20
-2.8477698818897639
 30
0
 11
-0.0035096062992126
 21
-2.8552689370078741
 31
0
  0
LINE
  5
192
330
1A
100
AcDbEntity
  8
BLACK
  6
CONTINUOUS
100
AcDbLine
 10
-0.0035096062992126
 20
-2.8552689370078741
 30
0
 11
-0.003494842519685
 21
-2.8553687795275589
 31
0
  0
LINE
  5
193
330
1A
100
AcDbEntity
  8
BLACK
  6
CONTINUOUS
100
AcDbLine
 10
-0.003494842519685
 20
-2.8553687795275589
 30
0
 11
-0.003478188976378
 21
-2.8554090157480316
 31
0
  0
LINE
  5
194
330
1A
100
AcDbEntity
  8
BLACK
  6
CONTINUOUS
100
AcDbLine
 10
-0.003478188976378
 20
-2.8554090157480316
 30
0
 11
-0.0034568503937008
 21
-2.855626023622047
 31
0
  0
LINE
  5
195
330
1A
100
AcDbEntity
  8
BLACK
  6
CONTINUOUS
100
AcDbLine
 10
-0.0034568503937008
 20
-2.855626023622047
 30
0
 11
-0.0034249606299213
 21
-2.8558415354330706
 31
0
  0
LINE
  5
196
330
1A
100
AcDbEntity
  8
BLACK
  6
CONTINUOUS
100
AcDbLine
 10
-0.0034249606299213
 20
-2.8558415354330706
 30
0
 11
-0.0034313779527559
 21
-2.8558845275590552
 31
0
  0
LINE
  5
197
330
1A
100
AcDbEntity
  8
BLACK
  6
CONTINUOUS
100
AcDbLine
 10
-0.0034313779527559
 20
-2.8558845275590552
 30
0
 11
-0.0034214566929134
 21
-2.8559850787401575
 31
0
  0
LINE
  5
198
330
1A
100
AcDbEntity
  8
BLACK
  6
CONTINUOUS
100
AcDbLine
 10
-0.0034214566929134
 20
-2.8559850787401575
 30
0
 11
-0.0034214566929134
 21
-2.8653588976377953
 31
0
  0
LINE
  5
199
330
1A
100
AcDbEntity
  8
BLACK
  6
CONTINUOUS
100
AcDbLine
 10
-0.0034214566929134
 20
-2.8653588976377953
 30
0
 11
-0.0034313779527559
 21
-2.8654594094488188
 31
0
  0
LINE
  5
19A
330
1A
100
AcDbEntity
  8
BLACK
  6
CONTINUOUS
100
AcDbLine
 10
-0.0034313779527559
 20
-2.8654594094488188
 30
0
 11
-0.0034249606299213
 21
-2.8655024409448817
 31
0
  0
LINE
  5
19B
330
1A
100
AcDbEntity
  8
BLACK
  6
CONTINUOUS
100
AcDbLine
 10
-0.0034249606299213
 20
-2.8655024409448817
 30
0
 11
-0.0034568503937008
 21
-2.8657179133858266
 31
0
  0
LINE
  5
19C
330
1A
100
AcDbEntity
  8
BLACK
  6
CONTINUOUS
100
AcDbLine
 10
-0.0034568503937008
 20
-2.8657179133858266
 30
0
 11
-0.003478188976378
 21
-2.8659349606299211
 31
0
  0
LINE
  5
19D
330
1A
100
AcDbEntity
  8
BLACK
  6
CONTINUOUS
100
AcDbLine
 10
-0.003478188976378
 20
-2.8659349606299211
 30
0
 11
-0.003494842519685
 21
-2.8659751574803147
 31
0
  0
LINE
  5
19E
330
1A
100
AcDbEntity
  8
BLACK
  6
CONTINUOUS
100
AcDbLine
 10
-0.003494842519685
 20
-2.8659751574803147
 30
0
 11
-0.0035096062992126
 21
-2.8660750393700787
 31
0
  0
LINE
  5
19F
330
1A
100
AcDbEntity
  8
BLACK
  6
CONTINUOUS
100
AcDbLine
 10
-0.0035096062992126
 20
-2.8660750393700787
 30
0
 11
-0.0053843700787402
 21
-2.8735740944881889
 31
0
  0
LINE
  5
1A0
330
1A
100
AcDbEntity
  8
BLACK
  6
CONTINUOUS
100
AcDbLine
 10
-0.0053843700787402
 20
-2.8735740944881889
 30
0
 11
-0.0053995669291339
 21
-2.8736165748031497
 31
0
  0
LINE
  5
1A1
330
1A
100
AcDbEntity
  8
BLACK
  6
CONTINUOUS
100
AcDbLine
 10
-0.0053995669291339
 20
-2.8736165748031497
 30
0
 11
-0.005401062992126
 21
-2.8736378740157478
 31
0
  0
LINE
  5
1A2
330
1A
100
AcDbEntity
  8
BLACK
  6
CONTINUOUS
100
AcDbLine
 10
-0.005401062992126
 20
-2.8736378740157478
 30
0
 11
-0.0054928346456693
 21
-2.8738775984251967
 31
0
  0
LINE
  5
1A3
330
1A
100
AcDbEntity
  8
BLACK
  6
CONTINUOUS
100
AcDbLine
 10
-0.0054928346456693
 20
-2.8738775984251967
 30
0
 11
-0.0055791338582677
 21
-2.874119212598425
 31
0
  0
LINE
  5
1A4
330
1A
100
AcDbEntity
  8
BLACK
  6
CONTINUOUS
100
AcDbLine
 10
-0.0055791338582677
 20
-2.874119212598425
 30
0
 11
-0.0055918503937008
 21
-2.874136338582677
 31
0
  0
LINE
  5
1A5
330
1A
100
AcDbEntity
  8
BLACK
  6
CONTINUOUS
100
AcDbLine
 10
-0.0055918503937008
 20
-2.874136338582677
 30
0
 11
-0.0056079527559055
 21
-2.874178464566929
 31
0
  0
LINE
  5
1A6
330
1A
100
AcDbEntity
  8
BLACK
  6
CONTINUOUS
100
AcDbLine
 10
-0.0056079527559055
 20
-2.874178464566929
 30
0
 11
-0.0074827165354331
 21
-2.8779279921259842
 31
0
  0
LINE
  5
1A7
330
1A
100
AcDbEntity
  8
BLACK
  6
CONTINUOUS
100
AcDbLine
 10
-0.0074827165354331
 20
-2.8779279921259842
 30
0
 11
-0.0076387795275591
 21
-2.8781758661417323
 31
0
  0
LINE
  5
1A8
330
1A
100
AcDbEntity
  8
BLACK
  6
CONTINUOUS
100
AcDbLine
 10
-0.0076387795275591
 20
-2.8781758661417323
 30
0
 11
-0.0076685826771654
 21
-2.8782479133858265
 31
0
  0
LINE
  5
1A9
330
1A
100
AcDbEntity
  8
BLACK
  6
CONTINUOUS
100
AcDbLine
 10
-0.0076685826771654
 20
-2.8782479133858265
 30
0
 11
-0.0077351181102362
 21
-2.8783289370078737
 31
0
  0
LINE
  5
1AA
330
1A
100
AcDbEntity
  8
BLACK
  6
CONTINUOUS
100
AcDbLine
 10
-0.0077351181102362
 20
-2.8783289370078737
 30
0
 11
-0.007791062992126
 21
-2.878417874015748
 31
0
  0
LINE
  5
1AB
330
1A
100
AcDbEntity
  8
BLACK
  6
CONTINUOUS
100
AcDbLine
 10
-0.007791062992126
 20
-2.878417874015748
 30
0
 11
-0.0078500787401575
 21
-2.8784690157480313
 31
0
  0
LINE
  5
1AC
330
1A
100
AcDbEntity
  8
BLACK
  6
CONTINUOUS
100
AcDbLine
 10
-0.0078500787401575
 20
-2.8784690157480313
 30
0
 11
-0.0080358267716535
 21
-2.8786953937007875
 31
0
  0
LINE
  5
1AD
330
1A
100
AcDbEntity
  8
BLACK
  6
CONTINUOUS
100
AcDbLine
 10
-0.0080358267716535
 20
-2.8786953937007875
 30
0
 11
-0.0099105511811024
 21
-2.8805701574803151
 31
0
  0
LINE
  5
1AE
330
1A
100
AcDbEntity
  8
BLACK
  6
CONTINUOUS
100
AcDbLine
 10
-0.0099105511811024
 20
-2.8805701574803151
 30
0
 11
-0.0101369291338583
 21
-2.880755905511811
 31
0
  0
LINE
  5
1AF
330
1A
100
AcDbEntity
  8
BLACK
  6
CONTINUOUS
100
AcDbLine
 10
-0.0101369291338583
 20
-2.880755905511811
 30
0
 11
-0.0101881102362205
 21
-2.8808149606299214
 31
0
  0
LINE
  5
1B0
330
1A
100
AcDbEntity
  8
BLACK
  6
CONTINUOUS
100
AcDbLine
 10
-0.0101881102362205
 20
-2.8808149606299214
 30
0
 11
-0.0102770866141732
 21
-2.8808709448818899
 31
0
  0
LINE
  5
1B1
330
1A
100
AcDbEntity
  8
BLACK
  6
CONTINUOUS
100
AcDbLine
 10
-0.0102770866141732
 20
-2.8808709448818899
 30
0
 11
-0.010358031496063
 21
-2.880937401574803
 31
0
  0
LINE
  5
1B2
330
1A
100
AcDbEntity
  8
BLACK
  6
CONTINUOUS
100
AcDbLine
 10
-0.010358031496063
 20
-2.880937401574803
 30
0
 11
-0.01043
 21
-2.8809672047244095
 31
0
  0
LINE
  5
1B3
330
1A
100
AcDbEntity
  8
BLACK
  6
CONTINUOUS
100
AcDbLine
 10
-0.01043
 20
-2.8809672047244095
 30
0
 11
-0.0106779921259843
 21
-2.881123307086614
 31
0
  0
LINE
  5
1B4
330
1A
100
AcDbEntity
  8
BLACK
  6
CONTINUOUS
100
AcDbLine
 10
-0.0106779921259843
 20
-2.881123307086614
 30
0
 11
-0.0144275196850394
 21
-2.8829980708661416
 31
0
  0
LINE
  5
1B5
330
1A
100
AcDbEntity
  8
BLACK
  6
CONTINUOUS
100
AcDbLine
 10
-0.0144275196850394
 20
-2.8829980708661416
 30
0
 11
-0.0149681496062992
 21
-2.883204960629921
 31
0
  0
LINE
  5
1B6
330
1A
100
AcDbEntity
  8
BLACK
  6
CONTINUOUS
100
AcDbLine
 10
-0.0149681496062992
 20
-2.883204960629921
 30
0
 11
-0.0150739763779528
 21
-2.8832124409448818
 31
0
  0
LINE
  5
1B7
330
1A
100
AcDbEntity
  8
BLACK
  6
CONTINUOUS
100
AcDbLine
 10
-0.0150739763779528
 20
-2.8832124409448818
 30
0
 11
-0.015171968503937
 21
-2.8832530708661417
 31
0
  0
LINE
  5
1B8
330
1A
100
AcDbEntity
  8
BLACK
  6
CONTINUOUS
100
AcDbLine
 10
-0.015171968503937
 20
-2.8832530708661417
 30
0
 11
-0.015748031496063
 21
-2.8833098031496061
 31
0
  0
LINE
  5
1B9
330
1A
100
AcDbEntity
  8
BLACK
  6
CONTINUOUS
100
AcDbLine
 10
-0.015748031496063
 20
-2.8833098031496061
 30
0
 11
-0.0194975590551181
 21
-2.8833098031496061
 31
0
  0
LINE
  5
1BA
330
1A
100
AcDbEntity
  8
BLACK
  6
CONTINUOUS
100
AcDbLine
 10
-0.0194975590551181
 20
-2.8833098031496061
 30
0
 11
-0.0200736220472441
 21
-2.8832530708661417
 31
0
  0
LINE
  5
1BB
330
1A
100
AcDbEntity
  8
BLACK
  6
CONTINUOUS
100
AcDbLine
 10
-0.0200736220472441
 20
-2.8832530708661417
 30
0
 11
-0.0201716141732283
 21
-2.8832124803149606
 31
0
  0
LINE
  5
1BC
330
1A
100
AcDbEntity
  8
BLACK
  6
CONTINUOUS
100
AcDbLine
 10
-0.0201716141732283
 20
-2.8832124803149606
 30
0
 11
-0.0202774803149606
 21
-2.883204960629921
 31
0
  0
LINE
  5
1BD
330
1A
100
AcDbEntity
  8
BLACK
  6
CONTINUOUS
100
AcDbLine
 10
-0.0202774803149606
 20
-2.883204960629921
 30
0
 11
-0.0208180708661417
 21
-2.8829980708661416
 31
0
  0
LINE
  5
1BE
330
1A
100
AcDbEntity
  8
BLACK
  6
CONTINUOUS
100
AcDbLine
 10
-0.0208180708661417
 20
-2.8829980708661416
 30
0
 11
-0.0245675984251968
 21
-2.881123307086614
 31
0
  0
LINE
  5
1BF
330
1A
100
AcDbEntity
  8
BLACK
  6
CONTINUOUS
100
AcDbLine
 10
-0.0245675984251968
 20
-2.881123307086614
 30
0
 11
-0.0248156299212598
 21
-2.8809672047244095
 31
0
  0
LINE
  5
1C0
330
1A
100
AcDbEntity
  8
BLACK
  6
CONTINUOUS
100
AcDbLine
 10
-0.0248156299212598
 20
-2.8809672047244095
 30
0
 11
-0.0248875590551181
 21
-2.880937401574803
 31
0
  0
LINE
  5
1C1
330
1A
100
AcDbEntity
  8
BLACK
  6
CONTINUOUS
100
AcDbLine
 10
-0.0248875590551181
 20
-2.880937401574803
 30
0
 11
-0.0249685433070866
 21
-2.8808709448818899
 31
0
  0
LINE
  5
1C2
330
1A
100
AcDbEntity
  8
BLACK
  6
CONTINUOUS
100
AcDbLine
 10
-0.0249685433070866
 20
-2.8808709448818899
 30
0
 11
-0.0250574803149606
 21
-2.8808149606299214
 31
0
  0
LINE
  5
1C3
330
1A
100
AcDbEntity
  8
BLACK
  6
CONTINUOUS
100
AcDbLine
 10
-0.0250574803149606
 20
-2.8808149606299214
 30
0
 11
-0.0251087007874016
 21
-2.880755905511811
 31
0
  0
LINE
  5
1C4
330
1A
100
AcDbEntity
  8
BLACK
  6
CONTINUOUS
100
AcDbLine
 10
-0.0251087007874016
 20
-2.880755905511811
 30
0
 11
-0.0253350393700787
 21
-2.8805701574803151
 31
0
  0
LINE
  5
1C5
330
1A
100
AcDbEntity
  8
BLACK
  6
CONTINUOUS
100
AcDbLine
 10
-0.0253350393700787
 20
-2.8805701574803151
 30
0
 11
-0.0272098031496063
 21
-2.8786953543307088
 31
0
  0
LINE
  5
1C6
330
1A
100
AcDbEntity
  8
BLACK
  6
CONTINUOUS
100
AcDbLine
 10
-0.0272098031496063
 20
-2.8786953543307088
 30
0
 11
-0.0273955511811024
 21
-2.8784690157480313
 31
0
  0
LINE
  5
1C7
330
1A
100
AcDbEntity
  8
BLACK
  6
CONTINUOUS
100
AcDbLine
 10
-0.0273955511811024
 20
-2.8784690157480313
 30
0
 11
-0.0274545275590551
 21
-2.878417874015748
 31
0
  0
LINE
  5
1C8
330
1A
100
AcDbEntity
  8
BLACK
  6
CONTINUOUS
100
AcDbLine
 10
-0.0274545275590551
 20
-2.878417874015748
 30
0
 11
-0.0275105118110236
 21
-2.8783289370078737
 31
0
  0
LINE
  5
1C9
330
1A
100
AcDbEntity
  8
BLACK
  6
CONTINUOUS
100
AcDbLine
 10
-0.0275105118110236
 20
-2.8783289370078737
 30
0
 11
-0.0275770078740157
 21
-2.8782479133858265
 31
0
  0
LINE
  5
1CA
330
1A
100
AcDbEntity
  8
BLACK
  6
CONTINUOUS
100
AcDbLine
 10
-0.0275770078740157
 20
-2.8782479133858265
 30
0
 11
-0.0276068503937008
 21
-2.8781758661417323
 31
0
  0
LINE
  5
1CB
330
1A
100
AcDbEntity
  8
BLACK
  6
CONTINUOUS
100
AcDbLine
 10
-0.0276068503937008
 20
-2.8781758661417323
 30
0
 11
-0.027762874015748
 21
-2.8779279921259842
 31
0
  0
LINE
  5
1CC
330
1A
100
AcDbEntity
  8
BLACK
  6
CONTINUOUS
100
AcDbLine
 10
-0.027762874015748
 20
-2.8779279921259842
 30
0
 11
-0.0296376377952756
 21
-2.874178464566929
 31
0
  0
LINE
  5
1CD
330
1A
100
AcDbEntity
  8
BLACK
  6
CONTINUOUS
100
AcDbLine
 10
-0.0296376377952756
 20
-2.874178464566929
 30
0
 11
-0.0296537795275591
 21
-2.874136338582677
 31
0
  0
LINE
  5
1CE
330
1A
100
AcDbEntity
  8
BLACK
  6
CONTINUOUS
100
AcDbLine
 10
-0.0296537795275591
 20
-2.874136338582677
 30
0
 11
-0.0296664566929134
 21
-2.874119212598425
 31
0
  0
LINE
  5
1CF
330
1A
100
AcDbEntity
  8
BLACK
  6
CONTINUOUS
100
AcDbLine
 10
-0.0296664566929134
 20
-2.874119212598425
 30
0
 11
-0.0297529133858268
 21
-2.873877244094488
 31
0
  0
LINE
  5
1D0
330
1A
100
AcDbEntity
  8
BLACK
  6
CONTINUOUS
100
AcDbLine
 10
-0.0297529133858268
 20
-2.873877244094488
 30
0
 11
-0.0298445275590551
 21
-2.873637834645669
 31
0
  0
LINE
  5
1D1
330
1A
100
AcDbEntity
  8
BLACK
  6
CONTINUOUS
100
AcDbLine
 10
-0.0298445275590551
 20
-2.873637834645669
 30
0
 11
-0.029846062992126
 21
-2.8736165748031497
 31
0
  0
LINE
  5
1D2
330
1A
100
AcDbEntity
  8
BLACK
  6
CONTINUOUS
100
AcDbLine
 10
-0.029846062992126
 20
-2.8736165748031497
 30
0
 11
-0.0298612204724409
 21
-2.8735740944881889
 31
0
  0
LINE
  5
1D3
330
1A
100
AcDbEntity
  8
BLACK
  6
CONTINUOUS
100
AcDbLine
 10
-0.0298612204724409
 20
-2.8735740944881889
 30
0
 11
-0.0317359842519685
 21
-2.8660750393700787
 31
0
  0
LINE
  5
1D4
330
1A
100
AcDbEntity
  8
BLACK
  6
CONTINUOUS
100
AcDbLine
 10
-0.0317359842519685
 20
-2.8660750393700787
 30
0
 11
-0.0317507874015748
 21
-2.8659751574803147
 31
0
  0
LINE
  5
1D5
330
1A
100
AcDbEntity
  8
BLACK
  6
CONTINUOUS
100
AcDbLine
 10
-0.0317507874015748
 20
-2.8659751574803147
 30
0
 11
-0.0317674015748032
 21
-2.8659349606299211
 31
0
  0
LINE
  5
1D6
330
1A
100
AcDbEntity
  8
BLACK
  6
CONTINUOUS
100
AcDbLine
 10
-0.0317674015748032
 20
-2.8659349606299211
 30
0
 11
-0.0317887795275591
 21
-2.8657179133858266
 31
0
  0
LINE
  5
1D7
330
1A
100
AcDbEntity
  8
BLACK
  6
CONTINUOUS
100
AcDbLine
 10
-0.0317887795275591
 20
-2.8657179133858266
 30
0
 11
-0.0318206299212598
 21
-2.8655024409448817
 31
0
  0
LINE
  5
1D8
330
1A
100
AcDbEntity
  8
BLACK
  6
CONTINUOUS
100
AcDbLine
 10
-0.0318206299212598
 20
-2.8655024409448817
 30
0
 11
-0.0318142519685039
 21
-2.8654594094488188
 31
0
  0
LINE
  5
1D9
330
1A
100
AcDbEntity
  8
BLACK
  6
CONTINUOUS
100
AcDbLine
 10
-0.0318142519685039
 20
-2.8654594094488188
 30
0
 11
-0.0318241338582677
 21
-2.8653588976377953
 31
0
  0
LINE
  5
1DA
330
1A
100
AcDbEntity
  8
BLACK
  6
CONTINUOUS
100
AcDbLine
 10
-0.0318241338582677
 20
-2.8653588976377953
 30
0
 11
-0.0318241338582677
 21
-2.8559850787401575
 31
0
  0
LINE
  5
1DB
330
1A
100
AcDbEntity
  8
BLACK
  6
CONTINUOUS
100
AcDbLine
 10
-0.0318241338582677
 20
-2.8559850787401575
 30
0
 11
-0.0318142519685039
 21
-2.8558845275590552
 31
0
  0
LINE
  5
1DC
330
1A
100
AcDbEntity
  8
BLACK
  6
CONTINUOUS
100
AcDbLine
 10
-0.0318142519685039
 20
-2.8558845275590552
 30
0
 11
-0.0318206299212598
 21
-2.8558415354330706
 31
0
  0
LINE
  5
1DD
330
1A
100
AcDbEntity
  8
BLACK
  6
CONTINUOUS
100
AcDbLine
 10
-0.0318206299212598
 20
-2.8558415354330706
 30
0
 11
-0.0317887795275591
 21
-2.855626023622047
 31
0
  0
LINE
  5
1DE
330
1A
100
AcDbEntity
  8
BLACK
  6
CONTINUOUS
100
AcDbLine
 10
-0.0317887795275591
 20
-2.855626023622047
 30
0
 11
-0.0317674015748032
 21
-2.8554090157480316
 31
0
  0
LINE
  5
1DF
330
1A
100
AcDbEntity
  8
BLACK
  6
CONTINUOUS
100
AcDbLine
 10
-0.0317674015748032
 20
-2.8554090157480316
 30
0
 11
-0.0317507874015748
 21
-2.8553687795275589
 31
0
  0
LINE
  5
1E0
330
1A
100
AcDbEntity
  8
BLACK
  6
CONTINUOUS
100
AcDbLine
 10
-0.0317507874015748
 20
-2.8553687795275589
 30
0
 11
-0.0317359842519685
 21
-2.8552689370078741
 31
0
  0
LINE
  5
1E1
330
1A
100
AcDbEntity
  8
BLACK
  6
CONTINUOUS
100
AcDbLine
 10
-0.0317359842519685
 20
-2.8552689370078741
 30
0
 11
-0.0298612204724409
 21
-2.8477698818897639
 31
0
  0
LINE
  5
1E2
330
1A
100
AcDbEntity
  8
BLACK
  6
CONTINUOUS
100
AcDbLine
 10
-0.0298612204724409
 20
-2.8477698818897639
 30
0
 11
-0.029846062992126
 21
-2.8477273622047243
 31
0
  0
LINE
  5
1E3
330
1A
100
AcDbEntity
  8
BLACK
  6
CONTINUOUS
100
AcDbLine
 10
-0.029846062992126
 20
-2.8477273622047243
 30
0
 11
-0.0298445275590551
 21
-2.8477061417322833
 31
0
  0
LINE
  5
1E4
330
1A
100
AcDbEntity
  8
BLACK
  6
CONTINUOUS
100
AcDbLine
 10
-0.0298445275590551
 20
-2.8477061417322833
 30
0
 11
-0.0297529133858268
 21
-2.8474666929133856
 31
0
  0
LINE
  5
1E5
330
1A
100
AcDbEntity
  8
BLACK
  6
CONTINUOUS
100
AcDbLine
 10
-0.0297529133858268
 20
-2.8474666929133856
 30
0
 11
-0.0296664566929134
 21
-2.8472247637795274
 31
0
  0
LINE
  5
1E6
330
1A
100
AcDbEntity
  8
BLACK
  6
CONTINUOUS
100
AcDbLine
 10
-0.0296664566929134
 20
-2.8472247637795274
 30
0
 11
-0.0296537795275591
 21
-2.847207598425197
 31
0
  0
LINE
  5
1E7
330
1A
100
AcDbEntity
  8
BLACK
  6
CONTINUOUS
100
AcDbLine
 10
-0.0296537795275591
 20
-2.847207598425197
 30
0
 11
-0.0296376377952756
 21
-2.8471655118110237
 31
0
  0
LINE
  5
1E8
330
1A
100
AcDbEntity
  8
BLACK
  6
CONTINUOUS
100
AcDbLine
 10
-0.0296376377952756
 20
-2.8471655118110237
 30
0
 11
-0.027762874015748
 21
-2.8434159842519686
 31
0
  0
LINE
  5
1E9
330
1A
100
AcDbEntity
  8
BLACK
  6
CONTINUOUS
100
AcDbLine
 10
-0.027762874015748
 20
-2.8434159842519686
 30
0
 11
-0.027606811023622
 21
-2.8431679527559055
 31
0
  0
LINE
  5
1EA
330
1A
100
AcDbEntity
  8
BLACK
  6
CONTINUOUS
100
AcDbLine
 10
-0.027606811023622
 20
-2.8431679527559055
 30
0
 11
-0.027576968503937
 21
-2.8430960236220471
 31
0
  0
LINE
  5
1EB
330
1A
100
AcDbEntity
  8
BLACK
  6
CONTINUOUS
100
AcDbLine
 10
-0.027576968503937
 20
-2.8430960236220471
 30
0
 11
-0.0275105118110236
 21
-2.8430150393700786
 31
0
  0
LINE
  5
1EC
330
1A
100
AcDbEntity
  8
BLACK
  6
CONTINUOUS
100
AcDbLine
 10
-0.0275105118110236
 20
-2.8430150393700786
 30
0
 11
-0.0274545275590551
 21
-2.8429261023622048
 31
0
  0
LINE
  5
1ED
330
1A
100
AcDbEntity
  8
BLACK
  6
CONTINUOUS
100
AcDbLine
 10
-0.0274545275590551
 20
-2.8429261023622048
 30
0
 11
-0.0273955511811024
 21
-2.8428749212598423
 31
0
  0
LINE
  5
1EE
330
1A
100
AcDbEntity
  8
BLACK
  6
CONTINUOUS
100
AcDbLine
 10
-0.0273955511811024
 20
-2.8428749212598423
 30
0
 11
-0.0272097637795276
 21
-2.8426485826771652
 31
0
  0
LINE
  5
1EF
330
1A
100
AcDbEntity
  8
BLACK
  6
CONTINUOUS
100
AcDbLine
 10
-0.0272097637795276
 20
-2.8426485826771652
 30
0
 11
-0.025335
 21
-2.8407738188976377
 31
0
  0
LINE
  5
1F0
330
1A
100
AcDbEntity
  8
BLACK
  6
CONTINUOUS
100
AcDbLine
 10
-0.025335
 20
-2.8407738188976377
 30
0
 11
-0.0251086614173228
 21
-2.840588031496063
 31
0
  0
LINE
  5
1F1
330
1A
100
AcDbEntity
  8
BLACK
  6
CONTINUOUS
100
AcDbLine
 10
-0.0251086614173228
 20
-2.840588031496063
 30
0
 11
-0.0250574803149606
 21
-2.8405290551181102
 31
0
  0
LINE
  5
1F2
330
1A
100
AcDbEntity
  8
BLACK
  6
CONTINUOUS
100
AcDbLine
 10
-0.0250574803149606
 20
-2.8405290551181102
 30
0
 11
-0.0249685433070866
 21
-2.8404730708661416
 31
0
  0
LINE
  5
1F3
330
1A
100
AcDbEntity
  8
BLACK
  6
CONTINUOUS
100
AcDbLine
 10
-0.0249685433070866
 20
-2.8404730708661416
 30
0
 11
-0.0248875590551181
 21
-2.8404066141732285
 31
0
  0
LINE
  5
1F4
330
1A
100
AcDbEntity
  8
BLACK
  6
CONTINUOUS
100
AcDbLine
 10
-0.0248875590551181
 20
-2.8404066141732285
 30
0
 11
-0.0248156299212598
 21
-2.8403767716535433
 31
0
  0
LINE
  5
1F5
330
1A
100
AcDbEntity
  8
BLACK
  6
CONTINUOUS
100
AcDbLine
 10
-0.0248156299212598
 20
-2.8403767716535433
 30
0
 11
-0.0245675984251968
 21
-2.8402207086614171
 31
0
  0
LINE
  5
1F6
330
1A
100
AcDbEntity
  8
BLACK
  6
CONTINUOUS
100
AcDbLine
 10
-0.0245675984251968
 20
-2.8402207086614171
 30
0
 11
-0.0208180708661417
 21
-2.8383459448818895
 31
0
  0
LINE
  5
1F7
330
1A
100
AcDbEntity
  8
BLACK
  6
CONTINUOUS
100
AcDbLine
 10
-0.0208180708661417
 20
-2.8383459448818895
 30
0
 11
-0.0202774803149606
 21
-2.83813905511811
 31
0
  0
LINE
  5
1F8
330
1A
100
AcDbEntity
  8
BLACK
  6
CONTINUOUS
100
AcDbLine
 10
-0.0202774803149606
 20
-2.83813905511811
 30
0
 11
-0.0201716141732283
 21
-2.8381314960629922
 31
0
  0
LINE
  5
1F9
330
1A
100
AcDbEntity
  8
BLACK
  6
CONTINUOUS
100
AcDbLine
 10
-0.0201716141732283
 20
-2.8381314960629922
 30
0
 11
-0.0200736220472441
 21
-2.8380909448818898
 31
0
  0
LINE
  5
1FA
330
1A
100
AcDbEntity
  8
BLACK
  6
CONTINUOUS
100
AcDbLine
 10
-0.0200736220472441
 20
-2.8380909448818898
 30
0
 11
-0.0194975590551181
 21
-2.838034212598425
 31
0
  0
LINE
  5
1FB
330
1A
100
AcDbEntity
  8
BLACK
  6
CONTINUOUS
100
AcDbLine
 10
-0.0194975590551181
 20
-2.838034212598425
 30
0
 11
-0.015748031496063
 21
-2.838034212598425
 31
0
  0
LINE
  5
1FC
330
1A
100
AcDbEntity
  8
BLACK
  6
CONTINUOUS
100
AcDbLine
 10
-0.015748031496063
 20
-2.838034212598425
 30
0
 11
-0.015171968503937
 21
-2.8380909448818898
 31
0
  0
LINE
  5
1FD
330
1A
100
AcDbEntity
  8
BLACK
  6
CONTINUOUS
100
AcDbLine
 10
-0.0214979921259843
 20
-2.845288464566929
 30
0
 11
-0.0226951181102362
 21
-2.8464855905511812
 31
0
  0
LINE
  5
1FE
330
1A
100
AcDbEntity
  8
BLACK
  6
CONTINUOUS
100
AcDbLine
 10
-0.0226951181102362
 20
-2.8464855905511812
 30
0
 11
-0.0242106299212598
 21
-2.8495165748031495
 31
0
  0
LINE
  5
1FF
330
1A
100
AcDbEntity
  8
BLACK
  6
CONTINUOUS
100
AcDbLine
 10
-0.0242106299212598
 20
-2.8495165748031495
 30
0
 11
-0.0259186220472441
 21
-2.856348622047244
 31
0
  0
LINE
  5
200
330
1A
100
AcDbEntity
  8
BLACK
  6
CONTINUOUS
100
AcDbLine
 10
-0.0259186220472441
 20
-2.856348622047244
 30
0
 11
-0.0259186220472441
 21
-2.8649953543307087
 31
0
  0
LINE
  5
201
330
1A
100
AcDbEntity
  8
BLACK
  6
CONTINUOUS
100
AcDbLine
 10
-0.0259186220472441
 20
-2.8649953543307087
 30
0
 11
-0.0242106299212598
 21
-2.8718274015748029
 31
0
  0
LINE
  5
202
330
1A
100
AcDbEntity
  8
BLACK
  6
CONTINUOUS
100
AcDbLine
 10
-0.0242106299212598
 20
-2.8718274015748029
 30
0
 11
-0.0226951181102362
 21
-2.8748583858267716
 31
0
  0
LINE
  5
203
330
1A
100
AcDbEntity
  8
BLACK
  6
CONTINUOUS
100
AcDbLine
 10
-0.0226951181102362
 20
-2.8748583858267716
 30
0
 11
-0.0214979921259843
 21
-2.8760555511811021
 31
0
  0
LINE
  5
204
330
1A
100
AcDbEntity
  8
BLACK
  6
CONTINUOUS
100
AcDbLine
 10
-0.0214979921259843
 20
-2.8760555511811021
 30
0
 11
-0.0188005118110236
 21
-2.8774042913385824
 31
0
  0
LINE
  5
205
330
1A
100
AcDbEntity
  8
BLACK
  6
CONTINUOUS
100
AcDbLine
 10
-0.0188005118110236
 20
-2.8774042913385824
 30
0
 11
-0.0164450787401575
 21
-2.8774042913385824
 31
0
  0
LINE
  5
206
330
1A
100
AcDbEntity
  8
BLACK
  6
CONTINUOUS
100
AcDbLine
 10
-0.0164450787401575
 20
-2.8774042913385824
 30
0
 11
-0.0137476377952756
 21
-2.8760555511811021
 31
0
  0
LINE
  5
207
330
1A
100
AcDbEntity
  8
BLACK
  6
CONTINUOUS
100
AcDbLine
 10
-0.0137476377952756
 20
-2.8760555511811021
 30
0
 11
-0.0125505118110236
 21
-2.8748583858267716
 31
0
  0
LINE
  5
208
330
1A
100
AcDbEntity
  8
BLACK
  6
CONTINUOUS
100
AcDbLine
 10
-0.0125505118110236
 20
-2.8748583858267716
 30
0
 11
-0.011035
 21
-2.8718274015748029
 31
0
  0
LINE
  5
209
330
1A
100
AcDbEntity
  8
BLACK
  6
CONTINUOUS
100
AcDbLine
 10
-0.011035
 20
-2.8718274015748029
 30
0
 11
-0.009326968503937
 21
-2.8649953543307087
 31
0
  0
LINE
  5
20A
330
1A
100
AcDbEntity
  8
BLACK
  6
CONTINUOUS
100
AcDbLine
 10
-0.009326968503937
 20
-2.8649953543307087
 30
0
 11
-0.009326968503937
 21
-2.856348622047244
 31
0
  0
LINE
  5
20B
330
1A
100
AcDbEntity
  8
BLACK
  6
CONTINUOUS
100
AcDbLine
 10
-0.009326968503937
 20
-2.856348622047244
 30
0
 11
-0.011035
 21
-2.8495165748031495
 31
0
  0
LINE
  5
20C
330
1A
100
AcDbEntity
  8
BLACK
  6
CONTINUOUS
100
AcDbLine
 10
-0.011035
 20
-2.8495165748031495
 30
0
 11
-0.0125504724409449
 21
-2.8464855905511812
 31
0
  0
LINE
  5
20D
330
1A
100
AcDbEntity
  8
BLACK
  6
CONTINUOUS
100
AcDbLine
 10
-0.0125504724409449
 20
-2.8464855905511812
 30
0
 11
-0.0137475984251968
 21
-2.845288464566929
 31
0
  0
LINE
  5
20E
330
1A
100
AcDbEntity
  8
BLACK
  6
CONTINUOUS
100
AcDbLine
 10
-0.0137475984251968
 20
-2.845288464566929
 30
0
 11
-0.0164450787401575
 21
-2.8439397244094486
 31
0
  0
LINE
  5
20F
330
1A
100
AcDbEntity
  8
BLACK
  6
CONTINUOUS
100
AcDbLine
 10
-0.0164450787401575
 20
-2.8439397244094486
 30
0
 11
-0.0188005118110236
 21
-2.8439397244094486
 31
0
  0
LINE
  5
210
330
1A
100
AcDbEntity
  8
BLACK
  6
CONTINUOUS
100
AcDbLine
 10
-0.0188005118110236
 20
-2.8439397244094486
 30
0
 11
-0.0214979921259843
 21
-2.845288464566929
 31
0
  0
LINE
  5
211
330
1A
100
AcDbEntity
  8
BLACK
  6
CONTINUOUS
100
AcDbLine
 10
0.0241981102362205
 20
-2.8380909448818898
 30
0
 11
0.0242961023622047
 21
-2.838131535433071
 31
0
  0
LINE
  5
212
330
1A
100
AcDbEntity
  8
BLACK
  6
CONTINUOUS
100
AcDbLine
 10
0.0242961023622047
 20
-2.838131535433071
 30
0
 11
0.0244019291338583
 21
-2.83813905511811
 31
0
  0
LINE
  5
213
330
1A
100
AcDbEntity
  8
BLACK
  6
CONTINUOUS
100
AcDbLine
 10
0.0244019291338583
 20
-2.83813905511811
 30
0
 11
0.0249425590551181
 21
-2.8383459448818895
 31
0
  0
LINE
  5
214
330
1A
100
AcDbEntity
  8
BLACK
  6
CONTINUOUS
100
AcDbLine
 10
0.0249425590551181
 20
-2.8383459448818895
 30
0
 11
0.0286920866141732
 21
-2.8402207086614171
 31
0
  0
LINE
  5
215
330
1A
100
AcDbEntity
  8
BLACK
  6
CONTINUOUS
100
AcDbLine
 10
0.0286920866141732
 20
-2.8402207086614171
 30
0
 11
0.0289400787401575
 21
-2.8403767716535433
 31
0
  0
LINE
  5
216
330
1A
100
AcDbEntity
  8
BLACK
  6
CONTINUOUS
100
AcDbLine
 10
0.0289400787401575
 20
-2.8403767716535433
 30
0
 11
0.0290120472440945
 21
-2.8404066141732285
 31
0
  0
LINE
  5
217
330
1A
100
AcDbEntity
  8
BLACK
  6
CONTINUOUS
100
AcDbLine
 10
0.0290120472440945
 20
-2.8404066141732285
 30
0
 11
0.0290929921259843
 21
-2.8404730708661416
 31
0
  0
LINE
  5
218
330
1A
100
AcDbEntity
  8
BLACK
  6
CONTINUOUS
100
AcDbLine
 10
0.0290929921259843
 20
-2.8404730708661416
 30
0
 11
0.029181968503937
 21
-2.8405290551181102
 31
0
  0
LINE
  5
219
330
1A
100
AcDbEntity
  8
BLACK
  6
CONTINUOUS
100
AcDbLine
 10
0.029181968503937
 20
-2.8405290551181102
 30
0
 11
0.0292331102362205
 21
-2.840588031496063
 31
0
  0
LINE
  5
21A
330
1A
100
AcDbEntity
  8
BLACK
  6
CONTINUOUS
100
AcDbLine
 10
0.0292331102362205
 20
-2.840588031496063
 30
0
 11
0.0294594881889764
 21
-2.8407738188976377
 31
0
  0
LINE
  5
21B
330
1A
100
AcDbEntity
  8
BLACK
  6
CONTINUOUS
100
AcDbLine
 10
0.0294594881889764
 20
-2.8407738188976377
 30
0
 11
0.0313342519685039
 21
-2.8426485826771652
 31
0
  0
LINE
  5
21C
330
1A
100
AcDbEntity
  8
BLACK
  6
CONTINUOUS
100
AcDbLine
 10
0.0313342519685039
 20
-2.8426485826771652
 30
0
 11
0.03152
 21
-2.8428749212598423
 31
0
  0
LINE
  5
21D
330
1A
100
AcDbEntity
  8
BLACK
  6
CONTINUOUS
100
AcDbLine
 10
0.03152
 20
-2.8428749212598423
 30
0
 11
0.0315790157480315
 21
-2.8429261023622048
 31
0
  0
LINE
  5
21E
330
1A
100
AcDbEntity
  8
BLACK
  6
CONTINUOUS
100
AcDbLine
 10
0.0315790157480315
 20
-2.8429261023622048
 30
0
 11
0.0316349606299213
 21
-2.8430150393700786
 31
0
  0
LINE
  5
21F
330
1A
100
AcDbEntity
  8
BLACK
  6
CONTINUOUS
100
AcDbLine
 10
0.0316349606299213
 20
-2.8430150393700786
 30
0
 11
0.0317014566929134
 21
-2.8430960236220471
 31
0
  0
LINE
  5
220
330
1A
100
AcDbEntity
  8
BLACK
  6
CONTINUOUS
100
AcDbLine
 10
0.0317014566929134
 20
-2.8430960236220471
 30
0
 11
0.0317312598425197
 21
-2.8431679527559055
 31
0
  0
LINE
  5
221
330
1A
100
AcDbEntity
  8
BLACK
  6
CONTINUOUS
100
AcDbLine
 10
0.0317312598425197
 20
-2.8431679527559055
 30
0
 11
0.0318873622047244
 21
-2.8434159842519686
 31
0
  0
LINE
  5
222
330
1A
100
AcDbEntity
  8
BLACK
  6
CONTINUOUS
100
AcDbLine
 10
0.0318873622047244
 20
-2.8434159842519686
 30
0
 11
0.033762125984252
 21
-2.8471655118110237
 31
0
  0
LINE
  5
223
330
1A
100
AcDbEntity
  8
BLACK
  6
CONTINUOUS
100
AcDbLine
 10
0.033762125984252
 20
-2.8471655118110237
 30
0
 11
0.0339690157480315
 21
-2.8477061023622046
 31
0
  0
LINE
  5
224
330
1A
100
AcDbEntity
  8
BLACK
  6
CONTINUOUS
100
AcDbLine
 10
0.0339690157480315
 20
-2.8477061023622046
 30
0
 11
0.0339765354330709
 21
-2.8478119685039371
 31
0
  0
LINE
  5
225
330
1A
100
AcDbEntity
  8
BLACK
  6
CONTINUOUS
100
AcDbLine
 10
0.0339765354330709
 20
-2.8478119685039371
 30
0
 11
0.034017125984252
 21
-2.8479099606299214
 31
0
  0
LINE
  5
226
330
1A
100
AcDbEntity
  8
BLACK
  6
CONTINUOUS
100
AcDbLine
 10
0.034017125984252
 20
-2.8479099606299214
 30
0
 11
0.0340738582677165
 21
-2.8484860236220473
 31
0
  0
LINE
  5
227
330
1A
100
AcDbEntity
  8
BLACK
  6
CONTINUOUS
100
AcDbLine
 10
0.0340738582677165
 20
-2.8484860236220473
 30
0
 11
0.0340738582677165
 21
-2.8503607874015748
 31
0
  0
LINE
  5
228
330
1A
100
AcDbEntity
  8
BLACK
  6
CONTINUOUS
100
AcDbLine
 10
0.0340738582677165
 20
-2.8503607874015748
 30
0
 11
0.034017125984252
 21
-2.8509368503937007
 31
0
  0
LINE
  5
229
330
1A
100
AcDbEntity
  8
BLACK
  6
CONTINUOUS
100
AcDbLine
 10
0.034017125984252
 20
-2.8509368503937007
 30
0
 11
0.0339765354330709
 21
-2.8510348031496062
 31
0
  0
LINE
  5
22A
330
1A
100
AcDbEntity
  8
BLACK
  6
CONTINUOUS
100
AcDbLine
 10
0.0339765354330709
 20
-2.8510348031496062
 30
0
 11
0.0339690157480315
 21
-2.8511407086614171
 31
0
  0
LINE
  5
22B
330
1A
100
AcDbEntity
  8
BLACK
  6
CONTINUOUS
100
AcDbLine
 10
0.0339690157480315
 20
-2.8511407086614171
 30
0
 11
0.033762125984252
 21
-2.8516812992125984
 31
0
  0
LINE
  5
22C
330
1A
100
AcDbEntity
  8
BLACK
  6
CONTINUOUS
100
AcDbLine
 10
0.033762125984252
 20
-2.8516812992125984
 30
0
 11
0.0318873622047244
 21
-2.8554308267716535
 31
0
  0
LINE
  5
22D
330
1A
100
AcDbEntity
  8
BLACK
  6
CONTINUOUS
100
AcDbLine
 10
0.0318873622047244
 20
-2.8554308267716535
 30
0
 11
0.0317312598425197
 21
-2.8556788188976379
 31
0
  0
LINE
  5
22E
330
1A
100
AcDbEntity
  8
BLACK
  6
CONTINUOUS
100
AcDbLine
 10
0.0317312598425197
 20
-2.8556788188976379
 30
0
 11
0.0317014566929134
 21
-2.8557507874015746
 31
0
  0
LINE
  5
22F
330
1A
100
AcDbEntity
  8
BLACK
  6
CONTINUOUS
100
AcDbLine
 10
0.0317014566929134
 20
-2.8557507874015746
 30
0
 11
0.0316349606299213
 21
-2.8558317322834643
 31
0
  0
LINE
  5
230
330
1A
100
AcDbEntity
  8
BLACK
  6
CONTINUOUS
100
AcDbLine
 10
0.0316349606299213
 20
-2.8558317322834643
 30
0
 11
0.0315790157480315
 21
-2.8559207086614173
 31
0
  0
LINE
  5
231
330
1A
100
AcDbEntity
  8
BLACK
  6
CONTINUOUS
100
AcDbLine
 10
0.0315790157480315
 20
-2.8559207086614173
 30
0
 11
0.03152
 21
-2.8559718503937006
 31
0
  0
LINE
  5
232
330
1A
100
AcDbEntity
  8
BLACK
  6
CONTINUOUS
100
AcDbLine
 10
0.03152
 20
-2.8559718503937006
 30
0
 11
0.0313342519685039
 21
-2.8561982283464564
 31
0
  0
LINE
  5
233
330
1A
100
AcDbEntity
  8
BLACK
  6
CONTINUOUS
100
AcDbLine
 10
0.0313342519685039
 20
-2.8561982283464564
 30
0
 11
0.0296726377952756
 21
-2.8578598425196851
 31
0
  0
LINE
  5
234
330
1A
100
AcDbEntity
  8
BLACK
  6
CONTINUOUS
100
AcDbLine
 10
0.0296726377952756
 20
-2.8578598425196851
 30
0
 11
0.0313342519685039
 21
-2.8595214566929132
 31
0
  0
LINE
  5
235
330
1A
100
AcDbEntity
  8
BLACK
  6
CONTINUOUS
100
AcDbLine
 10
0.0313342519685039
 20
-2.8595214566929132
 30
0
 11
0.03152
 21
-2.8597477952755903
 31
0
  0
LINE
  5
236
330
1A
100
AcDbEntity
  8
BLACK
  6
CONTINUOUS
100
AcDbLine
 10
0.03152
 20
-2.8597477952755903
 30
0
 11
0.0315790157480315
 21
-2.8597989763779528
 31
0
  0
LINE
  5
237
330
1A
100
AcDbEntity
  8
BLACK
  6
CONTINUOUS
100
AcDbLine
 10
0.0315790157480315
 20
-2.8597989763779528
 30
0
 11
0.0316349606299213
 21
-2.8598879133858266
 31
0
  0
LINE
  5
238
330
1A
100
AcDbEntity
  8
BLACK
  6
CONTINUOUS
100
AcDbLine
 10
0.0316349606299213
 20
-2.8598879133858266
 30
0
 11
0.0317014566929134
 21
-2.859968897637795
 31
0
  0
LINE
  5
239
330
1A
100
AcDbEntity
  8
BLACK
  6
CONTINUOUS
100
AcDbLine
 10
0.0317014566929134
 20
-2.859968897637795
 30
0
 11
0.0317312598425197
 21
-2.8600408267716535
 31
0
  0
LINE
  5
23A
330
1A
100
AcDbEntity
  8
BLACK
  6
CONTINUOUS
100
AcDbLine
 10
0.0317312598425197
 20
-2.8600408267716535
 30
0
 11
0.0318873622047244
 21
-2.8602888582677166
 31
0
  0
LINE
  5
23B
330
1A
100
AcDbEntity
  8
BLACK
  6
CONTINUOUS
100
AcDbLine
 10
0.0318873622047244
 20
-2.8602888582677166
 30
0
 11
0.033762125984252
 21
-2.8640383858267717
 31
0
  0
LINE
  5
23C
330
1A
100
AcDbEntity
  8
BLACK
  6
CONTINUOUS
100
AcDbLine
 10
0.033762125984252
 20
-2.8640383858267717
 30
0
 11
0.0339690157480315
 21
-2.8645789763779526
 31
0
  0
LINE
  5
23D
330
1A
100
AcDbEntity
  8
BLACK
  6
CONTINUOUS
100
AcDbLine
 10
0.0339690157480315
 20
-2.8645789763779526
 30
0
 11
0.0339765354330709
 21
-2.8646848425196851
 31
0
  0
LINE
  5
23E
330
1A
100
AcDbEntity
  8
BLACK
  6
CONTINUOUS
100
AcDbLine
 10
0.0339765354330709
 20
-2.8646848425196851
 30
0
 11
0.034017125984252
 21
-2.8647828346456694
 31
0
  0
LINE
  5
23F
330
1A
100
AcDbEntity
  8
BLACK
  6
CONTINUOUS
100
AcDbLine
 10
0.034017125984252
 20
-2.8647828346456694
 30
0
 11
0.0340738582677165
 21
-2.8653588976377953
 31
0
  0
LINE
  5
240
330
1A
100
AcDbEntity
  8
BLACK
  6
CONTINUOUS
100
AcDbLine
 10
0.0340738582677165
 20
-2.8653588976377953
 30
0
 11
0.0340738582677165
 21
-2.8728579527559055
 31
0
  0
LINE
  5
241
330
1A
100
AcDbEntity
  8
BLACK
  6
CONTINUOUS
100
AcDbLine
 10
0.0340738582677165
 20
-2.8728579527559055
 30
0
 11
0.034017125984252
 21
-2.8734340157480314
 31
0
  0
LINE
  5
242
330
1A
100
AcDbEntity
  8
BLACK
  6
CONTINUOUS
100
AcDbLine
 10
0.034017125984252
 20
-2.8734340157480314
 30
0
 11
0.0339765354330709
 21
-2.8735319685039369
 31
0
  0
LINE
  5
243
330
1A
100
AcDbEntity
  8
BLACK
  6
CONTINUOUS
100
AcDbLine
 10
0.0339765354330709
 20
-2.8735319685039369
 30
0
 11
0.0339690157480315
 21
-2.8736378740157478
 31
0
  0
LINE
  5
244
330
1A
100
AcDbEntity
  8
BLACK
  6
CONTINUOUS
100
AcDbLine
 10
0.0339690157480315
 20
-2.8736378740157478
 30
0
 11
0.033762125984252
 21
-2.874178464566929
 31
0
  0
LINE
  5
245
330
1A
100
AcDbEntity
  8
BLACK
  6
CONTINUOUS
100
AcDbLine
 10
0.033762125984252
 20
-2.874178464566929
 30
0
 11
0.0318873622047244
 21
-2.8779279921259842
 31
0
  0
LINE
  5
246
330
1A
100
AcDbEntity
  8
BLACK
  6
CONTINUOUS
100
AcDbLine
 10
0.0318873622047244
 20
-2.8779279921259842
 30
0
 11
0.0317312992125984
 21
-2.8781758661417323
 31
0
  0
LINE
  5
247
330
1A
100
AcDbEntity
  8
BLACK
  6
CONTINUOUS
100
AcDbLine
 10
0.0317312992125984
 20
-2.8781758661417323
 30
0
 11
0.0317014960629921
 21
-2.8782479133858265
 31
0
  0
LINE
  5
248
330
1A
100
AcDbEntity
  8
BLACK
  6
CONTINUOUS
100
AcDbLine
 10
0.0317014960629921
 20
-2.8782479133858265
 30
0
 11
0.0316349606299213
 21
-2.8783289370078737
 31
0
  0
LINE
  5
249
330
1A
100
AcDbEntity
  8
BLACK
  6
CONTINUOUS
100
AcDbLine
 10
0.0316349606299213
 20
-2.8783289370078737
 30
0
 11
0.0315790157480315
 21
-2.878417874015748
 31
0
  0
LINE
  5
24A
330
1A
100
AcDbEntity
  8
BLACK
  6
CONTINUOUS
100
AcDbLine
 10
0.0315790157480315
 20
-2.878417874015748
 30
0
 11
0.03152
 21
-2.8784690157480313
 31
0
  0
LINE
  5
24B
330
1A
100
AcDbEntity
  8
BLACK
  6
CONTINUOUS
100
AcDbLine
 10
0.03152
 20
-2.8784690157480313
 30
0
 11
0.0313342519685039
 21
-2.8786953937007875
 31
0
  0
LINE
  5
24C
330
1A
100
AcDbEntity
  8
BLACK
  6
CONTINUOUS
100
AcDbLine
 10
0.0313342519685039
 20
-2.8786953937007875
 30
0
 11
0.0294595275590551
 21
-2.8805701574803151
 31
0
  0
LINE
  5
24D
330
1A
100
AcDbEntity
  8
BLACK
  6
CONTINUOUS
100
AcDbLine
 10
0.0294595275590551
 20
-2.8805701574803151
 30
0
 11
0.0292331496062992
 21
-2.880755905511811
 31
0
  0
LINE
  5
24E
330
1A
100
AcDbEntity
  8
BLACK
  6
CONTINUOUS
100
AcDbLine
 10
0.0292331496062992
 20
-2.880755905511811
 30
0
 11
0.029181968503937
 21
-2.8808149606299214
 31
0
  0
LINE
  5
24F
330
1A
100
AcDbEntity
  8
BLACK
  6
CONTINUOUS
100
AcDbLine
 10
0.029181968503937
 20
-2.8808149606299214
 30
0
 11
0.0290929921259843
 21
-2.8808709448818899
 31
0
  0
LINE
  5
250
330
1A
100
AcDbEntity
  8
BLACK
  6
CONTINUOUS
100
AcDbLine
 10
0.0290929921259843
 20
-2.8808709448818899
 30
0
 11
0.0290120472440945
 21
-2.880937401574803
 31
0
  0
LINE
  5
251
330
1A
100
AcDbEntity
  8
BLACK
  6
CONTINUOUS
100
AcDbLine
 10
0.0290120472440945
 20
-2.880937401574803
 30
0
 11
0.0289400787401575
 21
-2.8809672047244095
 31
0
  0
LINE
  5
252
330
1A
100
AcDbEntity
  8
BLACK
  6
CONTINUOUS
100
AcDbLine
 10
0.0289400787401575
 20
-2.8809672047244095
 30
0
 11
0.0286920866141732
 21
-2.881123307086614
 31
0
  0
LINE
  5
253
330
1A
100
AcDbEntity
  8
BLACK
  6
CONTINUOUS
100
AcDbLine
 10
0.0286920866141732
 20
-2.881123307086614
 30
0
 11
0.0249425590551181
 21
-2.8829980708661416
 31
0
  0
LINE
  5
254
330
1A
100
AcDbEntity
  8
BLACK
  6
CONTINUOUS
100
AcDbLine
 10
0.0249425590551181
 20
-2.8829980708661416
 30
0
 11
0.0244019291338583
 21
-2.883204960629921
 31
0
  0
LINE
  5
255
330
1A
100
AcDbEntity
  8
BLACK
  6
CONTINUOUS
100
AcDbLine
 10
0.0244019291338583
 20
-2.883204960629921
 30
0
 11
0.0242961023622047
 21
-2.8832124409448818
 31
0
  0
LINE
  5
256
330
1A
100
AcDbEntity
  8
BLACK
  6
CONTINUOUS
100
AcDbLine
 10
0.0242961023622047
 20
-2.8832124409448818
 30
0
 11
0.0241981102362205
 21
-2.8832530708661417
 31
0
  0
LINE
  5
257
330
1A
100
AcDbEntity
  8
BLACK
  6
CONTINUOUS
100
AcDbLine
 10
0.0241981102362205
 20
-2.8832530708661417
 30
0
 11
0.0236220472440945
 21
-2.8833098031496061
 31
0
  0
LINE
  5
258
330
1A
100
AcDbEntity
  8
BLACK
  6
CONTINUOUS
100
AcDbLine
 10
0.0236220472440945
 20
-2.8833098031496061
 30
0
 11
0.0161229921259842
 21
-2.8833098031496061
 31
0
  0
LINE
  5
259
330
1A
100
AcDbEntity
  8
BLACK
  6
CONTINUOUS
100
AcDbLine
 10
0.0161229921259842
 20
-2.8833098031496061
 30
0
 11
0.0155469291338583
 21
-2.8832530708661417
 31
0
  0
LINE
  5
25A
330
1A
100
AcDbEntity
  8
BLACK
  6
CONTINUOUS
100
AcDbLine
 10
0.0155469291338583
 20
-2.8832530708661417
 30
0
 11
0.015448937007874
 21
-2.8832124803149606
 31
0
  0
LINE
  5
25B
330
1A
100
AcDbEntity
  8
BLACK
  6
CONTINUOUS
100
AcDbLine
 10
0.015448937007874
 20
-2.8832124803149606
 30
0
 11
0.0153430708661417
 21
-2.883204960629921
 31
0
  0
LINE
  5
25C
330
1A
100
AcDbEntity
  8
BLACK
  6
CONTINUOUS
100
AcDbLine
 10
0.0153430708661417
 20
-2.883204960629921
 30
0
 11
0.0148024803149606
 21
-2.8829980708661416
 31
0
  0
LINE
  5
25D
330
1A
100
AcDbEntity
  8
BLACK
  6
CONTINUOUS
100
AcDbLine
 10
0.0148024803149606
 20
-2.8829980708661416
 30
0
 11
0.0110529527559055
 21
-2.881123307086614
 31
0
  0
LINE
  5
25E
330
1A
100
AcDbEntity
  8
BLACK
  6
CONTINUOUS
100
AcDbLine
 10
0.0110529527559055
 20
-2.881123307086614
 30
0
 11
0.0108049212598425
 21
-2.8809672047244095
 31
0
  0
LINE
  5
25F
330
1A
100
AcDbEntity
  8
BLACK
  6
CONTINUOUS
100
AcDbLine
 10
0.0108049212598425
 20
-2.8809672047244095
 30
0
 11
0.0107329921259843
 21
-2.880937401574803
 31
0
  0
LINE
  5
260
330
1A
100
AcDbEntity
  8
BLACK
  6
CONTINUOUS
100
AcDbLine
 10
0.0107329921259843
 20
-2.880937401574803
 30
0
 11
0.0106520078740157
 21
-2.8808709448818899
 31
0
  0
LINE
  5
261
330
1A
100
AcDbEntity
  8
BLACK
  6
CONTINUOUS
100
AcDbLine
 10
0.0106520078740157
 20
-2.8808709448818899
 30
0
 11
0.0105630708661417
 21
-2.8808149606299214
 31
0
  0
LINE
  5
262
330
1A
100
AcDbEntity
  8
BLACK
  6
CONTINUOUS
100
AcDbLine
 10
0.0105630708661417
 20
-2.8808149606299214
 30
0
 11
0.0105118503937008
 21
-2.880755905511811
 31
0
  0
LINE
  5
263
330
1A
100
AcDbEntity
  8
BLACK
  6
CONTINUOUS
100
AcDbLine
 10
0.0105118503937008
 20
-2.880755905511811
 30
0
 11
0.0102855118110236
 21
-2.8805701574803151
 31
0
  0
LINE
  5
264
330
1A
100
AcDbEntity
  8
BLACK
  6
CONTINUOUS
100
AcDbLine
 10
0.0102855118110236
 20
-2.8805701574803151
 30
0
 11
0.0084107480314961
 21
-2.8786953543307088
 31
0
  0
LINE
  5
265
330
1A
100
AcDbEntity
  8
BLACK
  6
CONTINUOUS
100
AcDbLine
 10
0.0084107480314961
 20
-2.8786953543307088
 30
0
 11
0.008225
 21
-2.8784690157480313
 31
0
  0
LINE
  5
266
330
1A
100
AcDbEntity
  8
BLACK
  6
CONTINUOUS
100
AcDbLine
 10
0.008225
 20
-2.8784690157480313
 30
0
 11
0.0081660236220472
 21
-2.878417874015748
 31
0
  0
LINE
  5
267
330
1A
100
AcDbEntity
  8
BLACK
  6
CONTINUOUS
100
AcDbLine
 10
0.0081660236220472
 20
-2.878417874015748
 30
0
 11
0.0081100393700787
 21
-2.8783289370078737
 31
0
  0
LINE
  5
268
330
1A
100
AcDbEntity
  8
BLACK
  6
CONTINUOUS
100
AcDbLine
 10
0.0081100393700787
 20
-2.8783289370078737
 30
0
 11
0.0080435433070866
 21
-2.8782479133858265
 31
0
  0
LINE
  5
269
330
1A
100
AcDbEntity
  8
BLACK
  6
CONTINUOUS
100
AcDbLine
 10
0.0080435433070866
 20
-2.8782479133858265
 30
0
 11
0.0080137007874016
 21
-2.8781758661417323
 31
0
  0
LINE
  5
26A
330
1A
100
AcDbEntity
  8
BLACK
  6
CONTINUOUS
100
AcDbLine
 10
0.0080137007874016
 20
-2.8781758661417323
 30
0
 11
0.0078576771653543
 21
-2.8779279921259842
 31
0
  0
LINE
  5
26B
330
1A
100
AcDbEntity
  8
BLACK
  6
CONTINUOUS
100
AcDbLine
 10
0.0078576771653543
 20
-2.8779279921259842
 30
0
 11
0.0059829133858268
 21
-2.874178464566929
 31
0
  0
LINE
  5
26C
330
1A
100
AcDbEntity
  8
BLACK
  6
CONTINUOUS
100
AcDbLine
 10
0.0059829133858268
 20
-2.874178464566929
 30
0
 11
0.0057760236220472
 21
-2.873637834645669
 31
0
  0
LINE
  5
26D
330
1A
100
AcDbEntity
  8
BLACK
  6
CONTINUOUS
100
AcDbLine
 10
0.0057760236220472
 20
-2.873637834645669
 30
0
 11
0.0057685039370079
 21
-2.8735320078740156
 31
0
  0
LINE
  5
26E
330
1A
100
AcDbEntity
  8
BLACK
  6
CONTINUOUS
100
AcDbLine
 10
0.0057685039370079
 20
-2.8735320078740156
 30
0
 11
0.0057279133858268
 21
-2.8734340157480314
 31
0
  0
LINE
  5
26F
330
1A
100
AcDbEntity
  8
BLACK
  6
CONTINUOUS
100
AcDbLine
 10
0.0057279133858268
 20
-2.8734340157480314
 30
0
 11
0.0056711811023622
 21
-2.8728579527559055
 31
0
  0
LINE
  5
270
330
1A
100
AcDbEntity
  8
BLACK
  6
CONTINUOUS
100
AcDbLine
 10
0.0056711811023622
 20
-2.8728579527559055
 30
0
 11
0.0056711811023622
 21
-2.8653588976377953
 31
0
  0
LINE
  5
271
330
1A
100
AcDbEntity
  8
BLACK
  6
CONTINUOUS
100
AcDbLine
 10
0.0056711811023622
 20
-2.8653588976377953
 30
0
 11
0.0057279133858268
 21
-2.8647828346456694
 31
0
  0
LINE
  5
272
330
1A
100
AcDbEntity
  8
BLACK
  6
CONTINUOUS
100
AcDbLine
 10
0.0057279133858268
 20
-2.8647828346456694
 30
0
 11
0.0057685039370079
 21
-2.8646848031496064
 31
0
  0
LINE
  5
273
330
1A
100
AcDbEntity
  8
BLACK
  6
CONTINUOUS
100
AcDbLine
 10
0.0057685039370079
 20
-2.8646848031496064
 30
0
 11
0.0057760236220472
 21
-2.8645790157480313
 31
0
  0
LINE
  5
274
330
1A
100
AcDbEntity
  8
BLACK
  6
CONTINUOUS
100
AcDbLine
 10
0.0057760236220472
 20
-2.8645790157480313
 30
0
 11
0.0059829133858268
 21
-2.8640383858267717
 31
0
  0
LINE
  5
275
330
1A
100
AcDbEntity
  8
BLACK
  6
CONTINUOUS
100
AcDbLine
 10
0.0059829133858268
 20
-2.8640383858267717
 30
0
 11
0.0078576771653543
 21
-2.8602888582677166
 31
0
  0
LINE
  5
276
330
1A
100
AcDbEntity
  8
BLACK
  6
CONTINUOUS
100
AcDbLine
 10
0.0078576771653543
 20
-2.8602888582677166
 30
0
 11
0.0080137401574803
 21
-2.8600408267716535
 31
0
  0
LINE
  5
277
330
1A
100
AcDbEntity
  8
BLACK
  6
CONTINUOUS
100
AcDbLine
 10
0.0080137401574803
 20
-2.8600408267716535
 30
0
 11
0.0080435826771654
 21
-2.859968897637795
 31
0
  0
LINE
  5
278
330
1A
100
AcDbEntity
  8
BLACK
  6
CONTINUOUS
100
AcDbLine
 10
0.0080435826771654
 20
-2.859968897637795
 30
0
 11
0.0081100393700787
 21
-2.8598879133858266
 31
0
  0
LINE
  5
279
330
1A
100
AcDbEntity
  8
BLACK
  6
CONTINUOUS
100
AcDbLine
 10
0.0081100393700787
 20
-2.8598879133858266
 30
0
 11
0.0081660236220472
 21
-2.8597989763779528
 31
0
  0
LINE
  5
27A
330
1A
100
AcDbEntity
  8
BLACK
  6
CONTINUOUS
100
AcDbLine
 10
0.0081660236220472
 20
-2.8597989763779528
 30
0
 11
0.008225
 21
-2.8597477952755903
 31
0
  0
LINE
  5
27B
330
1A
100
AcDbEntity
  8
BLACK
  6
CONTINUOUS
100
AcDbLine
 10
0.008225
 20
-2.8597477952755903
 30
0
 11
0.0084107874015748
 21
-2.8595214566929132
 31
0
  0
LINE
  5
27C
330
1A
100
AcDbEntity
  8
BLACK
  6
CONTINUOUS
100
AcDbLine
 10
0.0084107874015748
 20
-2.8595214566929132
 30
0
 11
0.0100724015748031
 21
-2.8578598425196851
 31
0
  0
LINE
  5
27D
330
1A
100
AcDbEntity
  8
BLACK
  6
CONTINUOUS
100
AcDbLine
 10
0.0100724015748031
 20
-2.8578598425196851
 30
0
 11
0.0084107874015748
 21
-2.8561982283464564
 31
0
  0
LINE
  5
27E
330
1A
100
AcDbEntity
  8
BLACK
  6
CONTINUOUS
100
AcDbLine
 10
0.0084107874015748
 20
-2.8561982283464564
 30
0
 11
0.008225
 21
-2.8559718503937006
 31
0
  0
LINE
  5
27F
330
1A
100
AcDbEntity
  8
BLACK
  6
CONTINUOUS
100
AcDbLine
 10
0.008225
 20
-2.8559718503937006
 30
0
 11
0.0081660236220472
 21
-2.8559207086614173
 31
0
  0
LINE
  5
280
330
1A
100
AcDbEntity
  8
BLACK
  6
CONTINUOUS
100
AcDbLine
 10
0.0081660236220472
 20
-2.8559207086614173
 30
0
 11
0.0081100393700787
 21
-2.8558317322834643
 31
0
  0
LINE
  5
281
330
1A
100
AcDbEntity
  8
BLACK
  6
CONTINUOUS
100
AcDbLine
 10
0.0081100393700787
 20
-2.8558317322834643
 30
0
 11
0.0080435826771654
 21
-2.8557507874015746
 31
0
  0
LINE
  5
282
330
1A
100
AcDbEntity
  8
BLACK
  6
CONTINUOUS
100
AcDbLine
 10
0.0080435826771654
 20
-2.8557507874015746
 30
0
 11
0.0080137401574803
 21
-2.8556788188976379
 31
0
  0
LINE
  5
283
330
1A
100
AcDbEntity
  8
BLACK
  6
CONTINUOUS
100
AcDbLine
 10
0.0080137401574803
 20
-2.8556788188976379
 30
0
 11
0.0078576771653543
 21
-2.8554308267716535
 31
0
  0
LINE
  5
284
330
1A
100
AcDbEntity
  8
BLACK
  6
CONTINUOUS
100
AcDbLine
 10
0.0078576771653543
 20
-2.8554308267716535
 30
0
 11
0.0059829133858268
 21
-2.8516812992125984
 31
0
  0
LINE
  5
285
330
1A
100
AcDbEntity
  8
BLACK
  6
CONTINUOUS
100
AcDbLine
 10
0.0059829133858268
 20
-2.8516812992125984
 30
0
 11
0.0057760236220472
 21
-2.8511406692913384
 31
0
  0
LINE
  5
286
330
1A
100
AcDbEntity
  8
BLACK
  6
CONTINUOUS
100
AcDbLine
 10
0.0057760236220472
 20
-2.8511406692913384
 30
0
 11
0.0057685039370079
 21
-2.851034842519685
 31
0
  0
LINE
  5
287
330
1A
100
AcDbEntity
  8
BLACK
  6
CONTINUOUS
100
AcDbLine
 10
0.0057685039370079
 20
-2.851034842519685
 30
0
 11
0.0057279133858268
 21
-2.8509368503937007
 31
0
  0
LINE
  5
288
330
1A
100
AcDbEntity
  8
BLACK
  6
CONTINUOUS
100
AcDbLine
 10
0.0057279133858268
 20
-2.8509368503937007
 30
0
 11
0.0056711811023622
 21
-2.8503607874015748
 31
0
  0
LINE
  5
289
330
1A
100
AcDbEntity
  8
BLACK
  6
CONTINUOUS
100
AcDbLine
 10
0.0056711811023622
 20
-2.8503607874015748
 30
0
 11
0.0056711811023622
 21
-2.8484860236220473
 31
0
  0
LINE
  5
28A
330
1A
100
AcDbEntity
  8
BLACK
  6
CONTINUOUS
100
AcDbLine
 10
0.0056711811023622
 20
-2.8484860236220473
 30
0
 11
0.0057279133858268
 21
-2.8479099606299214
 31
0
  0
LINE
  5
28B
330
1A
100
AcDbEntity
  8
BLACK
  6
CONTINUOUS
100
AcDbLine
 10
0.0057279133858268
 20
-2.8479099606299214
 30
0
 11
0.0057685039370079
 21
-2.8478119291338584
 31
0
  0
LINE
  5
28C
330
1A
100
AcDbEntity
  8
BLACK
  6
CONTINUOUS
100
AcDbLine
 10
0.0057685039370079
 20
-2.8478119291338584
 30
0
 11
0.0057760236220472
 21
-2.8477061417322833
 31
0
  0
LINE
  5
28D
330
1A
100
AcDbEntity
  8
BLACK
  6
CONTINUOUS
100
AcDbLine
 10
0.0057760236220472
 20
-2.8477061417322833
 30
0
 11
0.0059829133858268
 21
-2.8471655118110237
 31
0
  0
LINE
  5
28E
330
1A
100
AcDbEntity
  8
BLACK
  6
CONTINUOUS
100
AcDbLine
 10
0.0059829133858268
 20
-2.8471655118110237
 30
0
 11
0.0078576771653543
 21
-2.8434159842519686
 31
0
  0
LINE
  5
28F
330
1A
100
AcDbEntity
  8
BLACK
  6
CONTINUOUS
100
AcDbLine
 10
0.0078576771653543
 20
-2.8434159842519686
 30
0
 11
0.0080137401574803
 21
-2.8431679527559055
 31
0
  0
LINE
  5
290
330
1A
100
AcDbEntity
  8
BLACK
  6
CONTINUOUS
100
AcDbLine
 10
0.0080137401574803
 20
-2.8431679527559055
 30
0
 11
0.0080435826771654
 21
-2.8430960236220471
 31
0
  0
LINE
  5
291
330
1A
100
AcDbEntity
  8
BLACK
  6
CONTINUOUS
100
AcDbLine
 10
0.0080435826771654
 20
-2.8430960236220471
 30
0
 11
0.0081100393700787
 21
-2.8430150393700786
 31
0
  0
LINE
  5
292
330
1A
100
AcDbEntity
  8
BLACK
  6
CONTINUOUS
100
AcDbLine
 10
0.0081100393700787
 20
-2.8430150393700786
 30
0
 11
0.0081660236220472
 21
-2.8429261023622048
 31
0
  0
LINE
  5
293
330
1A
100
AcDbEntity
  8
BLACK
  6
CONTINUOUS
100
AcDbLine
 10
0.0081660236220472
 20
-2.8429261023622048
 30
0
 11
0.008225
 21
-2.8428749212598423
 31
0
  0
LINE
  5
294
330
1A
100
AcDbEntity
  8
BLACK
  6
CONTINUOUS
100
AcDbLine
 10
0.008225
 20
-2.8428749212598423
 30
0
 11
0.0084107874015748
 21
-2.8426485826771652
 31
0
  0
LINE
  5
295
330
1A
100
AcDbEntity
  8
BLACK
  6
CONTINUOUS
100
AcDbLine
 10
0.0084107874015748
 20
-2.8426485826771652
 30
0
 11
0.0102855511811024
 21
-2.8407738188976377
 31
0
  0
LINE
  5
296
330
1A
100
AcDbEntity
  8
BLACK
  6
CONTINUOUS
100
AcDbLine
 10
0.0102855511811024
 20
-2.8407738188976377
 30
0
 11
0.0105118897637795
 21
-2.840588031496063
 31
0
  0
LINE
  5
297
330
1A
100
AcDbEntity
  8
BLACK
  6
CONTINUOUS
100
AcDbLine
 10
0.0105118897637795
 20
-2.840588031496063
 30
0
 11
0.0105630708661417
 21
-2.8405290551181102
 31
0
  0
LINE
  5
298
330
1A
100
AcDbEntity
  8
BLACK
  6
CONTINUOUS
100
AcDbLine
 10
0.0105630708661417
 20
-2.8405290551181102
 30
0
 11
0.0106520078740157
 21
-2.8404730708661416
 31
0
  0
LINE
  5
299
330
1A
100
AcDbEntity
  8
BLACK
  6
CONTINUOUS
100
AcDbLine
 10
0.0106520078740157
 20
-2.8404730708661416
 30
0
 11
0.0107329921259843
 21
-2.8404066141732285
 31
0
  0
LINE
  5
29A
330
1A
100
AcDbEntity
  8
BLACK
  6
CONTINUOUS
100
AcDbLine
 10
0.0107329921259843
 20
-2.8404066141732285
 30
0
 11
0.0108049212598425
 21
-2.8403767716535433
 31
0
  0
LINE
  5
29B
330
1A
100
AcDbEntity
  8
BLACK
  6
CONTINUOUS
100
AcDbLine
 10
0.0108049212598425
 20
-2.8403767716535433
 30
0
 11
0.0110529527559055
 21
-2.8402207086614171
 31
0
  0
LINE
  5
29C
330
1A
100
AcDbEntity
  8
BLACK
  6
CONTINUOUS
100
AcDbLine
 10
0.0110529527559055
 20
-2.8402207086614171
 30
0
 11
0.0148024803149606
 21
-2.8383459448818895
 31
0
  0
LINE
  5
29D
330
1A
100
AcDbEntity
  8
BLACK
  6
CONTINUOUS
100
AcDbLine
 10
0.0148024803149606
 20
-2.8383459448818895
 30
0
 11
0.0153430708661417
 21
-2.83813905511811
 31
0
  0
LINE
  5
29E
330
1A
100
AcDbEntity
  8
BLACK
  6
CONTINUOUS
100
AcDbLine
 10
0.0153430708661417
 20
-2.83813905511811
 30
0
 11
0.015448937007874
 21
-2.8381314960629922
 31
0
  0
LINE
  5
29F
330
1A
100
AcDbEntity
  8
BLACK
  6
CONTINUOUS
100
AcDbLine
 10
0.015448937007874
 20
-2.8381314960629922
 30
0
 11
0.0155469291338583
 21
-2.8380909448818898
 31
0
  0
LINE
  5
2A0
330
1A
100
AcDbEntity
  8
BLACK
  6
CONTINUOUS
100
AcDbLine
 10
0.0155469291338583
 20
-2.8380909448818898
 30
0
 11
0.0161229921259842
 21
-2.838034212598425
 31
0
  0
LINE
  5
2A1
330
1A
100
AcDbEntity
  8
BLACK
  6
CONTINUOUS
100
AcDbLine
 10
0.0161229921259842
 20
-2.838034212598425
 30
0
 11
0.0236220472440945
 21
-2.838034212598425
 31
0
  0
LINE
  5
2A2
330
1A
100
AcDbEntity
  8
BLACK
  6
CONTINUOUS
100
AcDbLine
 10
0.0236220472440945
 20
-2.838034212598425
 30
0
 11
0.0241981102362205
 21
-2.8380909448818898
 31
0
  0
LINE
  5
2A3
330
1A
100
AcDbEntity
  8
BLACK
  6
CONTINUOUS
100
AcDbLine
 10
0.0141225590551181
 20
-2.862161338582677
 30
0
 11
0.0129254330708661
 21
-2.8633584645669292
 31
0
  0
LINE
  5
2A4
330
1A
100
AcDbEntity
  8
BLACK
  6
CONTINUOUS
100
AcDbLine
 10
0.0129254330708661
 20
-2.8633584645669292
 30
0
 11
0.0115766929133858
 21
-2.8660559448818899
 31
0
  0
LINE
  5
2A5
330
1A
100
AcDbEntity
  8
BLACK
  6
CONTINUOUS
100
AcDbLine
 10
0.0115766929133858
 20
-2.8660559448818899
 30
0
 11
0.0115766929133858
 21
-2.8721609055118109
 31
0
  0
LINE
  5
2A6
330
1A
100
AcDbEntity
  8
BLACK
  6
CONTINUOUS
100
AcDbLine
 10
0.0115766929133858
 20
-2.8721609055118109
 30
0
 11
0.0129254330708661
 21
-2.8748583858267716
 31
0
  0
LINE
  5
2A7
330
1A
100
AcDbEntity
  8
BLACK
  6
CONTINUOUS
100
AcDbLine
 10
0.0129254330708661
 20
-2.8748583858267716
 30
0
 11
0.0141225590551181
 21
-2.8760555511811021
 31
0
  0
LINE
  5
2A8
330
1A
100
AcDbEntity
  8
BLACK
  6
CONTINUOUS
100
AcDbLine
 10
0.0141225590551181
 20
-2.8760555511811021
 30
0
 11
0.0168200393700787
 21
-2.8774042913385824
 31
0
  0
LINE
  5
2A9
330
1A
100
AcDbEntity
  8
BLACK
  6
CONTINUOUS
100
AcDbLine
 10
0.0168200393700787
 20
-2.8774042913385824
 30
0
 11
0.022925
 21
-2.8774042913385824
 31
0
  0
LINE
  5
2AA
330
1A
100
AcDbEntity
  8
BLACK
  6
CONTINUOUS
100
AcDbLine
 10
0.022925
 20
-2.8774042913385824
 30
0
 11
0.0256224409448819
 21
-2.8760555511811021
 31
0
  0
LINE
  5
2AB
330
1A
100
AcDbEntity
  8
BLACK
  6
CONTINUOUS
100
AcDbLine
 10
0.0256224409448819
 20
-2.8760555511811021
 30
0
 11
0.0268195669291339
 21
-2.8748583858267716
 31
0
  0
LINE
  5
2AC
330
1A
100
AcDbEntity
  8
BLACK
  6
CONTINUOUS
100
AcDbLine
 10
0.0268195669291339
 20
-2.8748583858267716
 30
0
 11
0.0281683464566929
 21
-2.8721609055118109
 31
0
  0
LINE
  5
2AD
330
1A
100
AcDbEntity
  8
BLACK
  6
CONTINUOUS
100
AcDbLine
 10
0.0281683464566929
 20
-2.8721609055118109
 30
0
 11
0.0281683464566929
 21
-2.8660559448818899
 31
0
  0
LINE
  5
2AE
330
1A
100
AcDbEntity
  8
BLACK
  6
CONTINUOUS
100
AcDbLine
 10
0.0281683464566929
 20
-2.8660559448818899
 30
0
 11
0.0268196062992126
 21
-2.8633584645669292
 31
0
  0
LINE
  5
2AF
330
1A
100
AcDbEntity
  8
BLACK
  6
CONTINUOUS
100
AcDbLine
 10
0.0268196062992126
 20
-2.8633584645669292
 30
0
 11
0.0256224803149606
 21
-2.862161338582677
 31
0
  0
LINE
  5
2B0
330
1A
100
AcDbEntity
  8
BLACK
  6
CONTINUOUS
100
AcDbLine
 10
0.0256224803149606
 20
-2.862161338582677
 30
0
 11
0.022925
 21
-2.8608125984251966
 31
0
  0
LINE
  5
2B1
330
1A
100
AcDbEntity
  8
BLACK
  6
CONTINUOUS
100
AcDbLine
 10
0.022925
 20
-2.8608125984251966
 30
0
 11
0.0168200393700787
 21
-2.8608125984251966
 31
0
  0
LINE
  5
2B2
330
1A
100
AcDbEntity
  8
BLACK
  6
CONTINUOUS
100
AcDbLine
 10
0.0168200393700787
 20
-2.8608125984251966
 30
0
 11
0.0141225590551181
 21
-2.862161338582677
 31
0
  0
LINE
  5
2B3
330
1A
100
AcDbEntity
  8
BLACK
  6
CONTINUOUS
100
AcDbLine
 10
0.0141225590551181
 20
-2.845288464566929
 30
0
 11
0.0129254330708661
 21
-2.8464855905511812
 31
0
  0
LINE
  5
2B4
330
1A
100
AcDbEntity
  8
BLACK
  6
CONTINUOUS
100
AcDbLine
 10
0.0129254330708661
 20
-2.8464855905511812
 30
0
 11
0.0115766929133858
 21
-2.8491830708661419
 31
0
  0
LINE
  5
2B5
330
1A
100
AcDbEntity
  8
BLACK
  6
CONTINUOUS
100
AcDbLine
 10
0.0115766929133858
 20
-2.8491830708661419
 30
0
 11
0.0115766929133858
 21
-2.8496637401574803
 31
0
  0
LINE
  5
2B6
330
1A
100
AcDbEntity
  8
BLACK
  6
CONTINUOUS
100
AcDbLine
 10
0.0115766929133858
 20
-2.8496637401574803
 30
0
 11
0.0129254330708661
 21
-2.8523612204724409
 31
0
  0
LINE
  5
2B7
330
1A
100
AcDbEntity
  8
BLACK
  6
CONTINUOUS
100
AcDbLine
 10
0.0129254330708661
 20
-2.8523612204724409
 30
0
 11
0.0141225590551181
 21
-2.8535583464566927
 31
0
  0
LINE
  5
2B8
330
1A
100
AcDbEntity
  8
BLACK
  6
CONTINUOUS
100
AcDbLine
 10
0.0141225590551181
 20
-2.8535583464566927
 30
0
 11
0.0168200393700787
 21
-2.854907086614173
 31
0
  0
LINE
  5
2B9
330
1A
100
AcDbEntity
  8
BLACK
  6
CONTINUOUS
100
AcDbLine
 10
0.0168200393700787
 20
-2.854907086614173
 30
0
 11
0.022925
 21
-2.854907086614173
 31
0
  0
LINE
  5
2BA
330
1A
100
AcDbEntity
  8
BLACK
  6
CONTINUOUS
100
AcDbLine
 10
0.022925
 20
-2.854907086614173
 30
0
 11
0.0256224803149606
 21
-2.8535583464566927
 31
0
  0
LINE
  5
2BB
330
1A
100
AcDbEntity
  8
BLACK
  6
CONTINUOUS
100
AcDbLine
 10
0.0256224803149606
 20
-2.8535583464566927
 30
0
 11
0.0268196062992126
 21
-2.8523612204724409
 31
0
  0
LINE
  5
2BC
330
1A
100
AcDbEntity
  8
BLACK
  6
CONTINUOUS
100
AcDbLine
 10
0.0268196062992126
 20
-2.8523612204724409
 30
0
 11
0.0281683464566929
 21
-2.8496637401574803
 31
0
  0
LINE
  5
2BD
330
1A
100
AcDbEntity
  8
BLACK
  6
CONTINUOUS
100
AcDbLine
 10
0.0281683464566929
 20
-2.8496637401574803
 30
0
 11
0.0281683464566929
 21
-2.8491830708661419
 31
0
  0
LINE
  5
2BE
330
1A
100
AcDbEntity
  8
BLACK
  6
CONTINUOUS
100
AcDbLine
 10
0.0281683464566929
 20
-2.8491830708661419
 30
0
 11
0.0268196062992126
 21
-2.8464855905511812
 31
0
  0
LINE
  5
2BF
330
1A
100
AcDbEntity
  8
BLACK
  6
CONTINUOUS
100
AcDbLine
 10
0.0268196062992126
 20
-2.8464855905511812
 30
0
 11
0.0256224803149606
 21
-2.845288464566929
 31
0
  0
LINE
  5
2C0
330
1A
100
AcDbEntity
  8
BLACK
  6
CONTINUOUS
100
AcDbLine
 10
0.0256224803149606
 20
-2.845288464566929
 30
0
 11
0.022925
 21
-2.8439397244094486
 31
0
  0
LINE
  5
2C1
330
1A
100
AcDbEntity
  8
BLACK
  6
CONTINUOUS
100
AcDbLine
 10
0.022925
 20
-2.8439397244094486
 30
0
 11
0.0168200393700787
 21
-2.8439397244094486
 31
0
  0
LINE
  5
2C2
330
1A
100
AcDbEntity
  8
BLACK
  6
CONTINUOUS
100
AcDbLine
 10
0.0168200393700787
 20
-2.8439397244094486
 30
0
 11
0.0141225590551181
 21
-2.845288464566929
 31
0
  0
LINE
  5
2C3
330
1A
100
AcDbEntity
  8
BLACK
  6
CONTINUOUS
100
AcDbLine
 10
0.0598186614173228
 20
-2.8380909448818898
 30
0
 11
0.0599166535433071
 21
-2.838131535433071
 31
0
  0
LINE
  5
2C4
330
1A
100
AcDbEntity
  8
BLACK
  6
CONTINUOUS
100
AcDbLine
 10
0.0599166535433071
 20
-2.838131535433071
 30
0
 11
0.0600224803149606
 21
-2.83813905511811
 31
0
  0
LINE
  5
2C5
330
1A
100
AcDbEntity
  8
BLACK
  6
CONTINUOUS
100
AcDbLine
 10
0.0600224803149606
 20
-2.83813905511811
 30
0
 11
0.0605631102362205
 21
-2.8383459448818895
 31
0
  0
LINE
  5
2C6
330
1A
100
AcDbEntity
  8
BLACK
  6
CONTINUOUS
100
AcDbLine
 10
0.0605631102362205
 20
-2.8383459448818895
 30
0
 11
0.0643126377952756
 21
-2.8402207086614171
 31
0
  0
LINE
  5
2C7
330
1A
100
AcDbEntity
  8
BLACK
  6
CONTINUOUS
100
AcDbLine
 10
0.0643126377952756
 20
-2.8402207086614171
 30
0
 11
0.0645606299212598
 21
-2.8403767716535433
 31
0
  0
LINE
  5
2C8
330
1A
100
AcDbEntity
  8
BLACK
  6
CONTINUOUS
100
AcDbLine
 10
0.0645606299212598
 20
-2.8403767716535433
 30
0
 11
0.0646325984251968
 21
-2.8404066141732285
 31
0
  0
LINE
  5
2C9
330
1A
100
AcDbEntity
  8
BLACK
  6
CONTINUOUS
100
AcDbLine
 10
0.0646325984251968
 20
-2.8404066141732285
 30
0
 11
0.0647135433070866
 21
-2.8404730708661416
 31
0
  0
LINE
  5
2CA
330
1A
100
AcDbEntity
  8
BLACK
  6
CONTINUOUS
100
AcDbLine
 10
0.0647135433070866
 20
-2.8404730708661416
 30
0
 11
0.0648025196850394
 21
-2.8405290551181102
 31
0
  0
LINE
  5
2CB
330
1A
100
AcDbEntity
  8
BLACK
  6
CONTINUOUS
100
AcDbLine
 10
0.0648025196850394
 20
-2.8405290551181102
 30
0
 11
0.0648536614173228
 21
-2.840588031496063
 31
0
  0
LINE
  5
2CC
330
1A
100
AcDbEntity
  8
BLACK
  6
CONTINUOUS
100
AcDbLine
 10
0.0648536614173228
 20
-2.840588031496063
 30
0
 11
0.0650800393700787
 21
-2.8407738188976377
 31
0
  0
LINE
  5
2CD
330
1A
100
AcDbEntity
  8
BLACK
  6
CONTINUOUS
100
AcDbLine
 10
0.0650800393700787
 20
-2.8407738188976377
 30
0
 11
0.0669548031496063
 21
-2.8426485826771652
 31
0
  0
LINE
  5
2CE
330
1A
100
AcDbEntity
  8
BLACK
  6
CONTINUOUS
100
AcDbLine
 10
0.0669548031496063
 20
-2.8426485826771652
 30
0
 11
0.0671405511811024
 21
-2.8428749212598423
 31
0
  0
LINE
  5
2CF
330
1A
100
AcDbEntity
  8
BLACK
  6
CONTINUOUS
100
AcDbLine
 10
0.0671405511811024
 20
-2.8428749212598423
 30
0
 11
0.0671995669291339
 21
-2.8429261023622048
 31
0
  0
LINE
  5
2D0
330
1A
100
AcDbEntity
  8
BLACK
  6
CONTINUOUS
100
AcDbLine
 10
0.0671995669291339
 20
-2.8429261023622048
 30
0
 11
0.0672555118110236
 21
-2.8430150393700786
 31
0
  0
LINE
  5
2D1
330
1A
100
AcDbEntity
  8
BLACK
  6
CONTINUOUS
100
AcDbLine
 10
0.0672555118110236
 20
-2.8430150393700786
 30
0
 11
0.0673220078740158
 21
-2.8430960236220471
 31
0
  0
LINE
  5
2D2
330
1A
100
AcDbEntity
  8
BLACK
  6
CONTINUOUS
100
AcDbLine
 10
0.0673220078740158
 20
-2.8430960236220471
 30
0
 11
0.067351811023622
 21
-2.8431679527559055
 31
0
  0
LINE
  5
2D3
330
1A
100
AcDbEntity
  8
BLACK
  6
CONTINUOUS
100
AcDbLine
 10
0.067351811023622
 20
-2.8431679527559055
 30
0
 11
0.0675079133858268
 21
-2.8434159842519686
 31
0
  0
LINE
  5
2D4
330
1A
100
AcDbEntity
  8
BLACK
  6
CONTINUOUS
100
AcDbLine
 10
0.0675079133858268
 20
-2.8434159842519686
 30
0
 11
0.0693826771653543
 21
-2.8471655118110237
 31
0
  0
LINE
  5
2D5
330
1A
100
AcDbEntity
  8
BLACK
  6
CONTINUOUS
100
AcDbLine
 10
0.0693826771653543
 20
-2.8471655118110237
 30
0
 11
0.0693987795275591
 21
-2.847207598425197
 31
0
  0
LINE
  5
2D6
330
1A
100
AcDbEntity
  8
BLACK
  6
CONTINUOUS
100
AcDbLine
 10
0.0693987795275591
 20
-2.847207598425197
 30
0
 11
0.0694114960629921
 21
-2.8472247637795274
 31
0
  0
LINE
  5
2D7
330
1A
100
AcDbEntity
  8
BLACK
  6
CONTINUOUS
100
AcDbLine
 10
0.0694114960629921
 20
-2.8472247637795274
 30
0
 11
0.0694977952755906
 21
-2.8474663385826773
 31
0
  0
LINE
  5
2D8
330
1A
100
AcDbEntity
  8
BLACK
  6
CONTINUOUS
100
AcDbLine
 10
0.0694977952755906
 20
-2.8474663385826773
 30
0
 11
0.0695895669291339
 21
-2.8477061023622046
 31
0
  0
LINE
  5
2D9
330
1A
100
AcDbEntity
  8
BLACK
  6
CONTINUOUS
100
AcDbLine
 10
0.0695895669291339
 20
-2.8477061023622046
 30
0
 11
0.069591062992126
 21
-2.8477273622047243
 31
0
  0
LINE
  5
2DA
330
1A
100
AcDbEntity
  8
BLACK
  6
CONTINUOUS
100
AcDbLine
 10
0.069591062992126
 20
-2.8477273622047243
 30
0
 11
0.0696062598425197
 21
-2.8477698818897639
 31
0
  0
LINE
  5
2DB
330
1A
100
AcDbEntity
  8
BLACK
  6
CONTINUOUS
100
AcDbLine
 10
0.0696062598425197
 20
-2.8477698818897639
 30
0
 11
0.0714810236220472
 21
-2.8552689370078741
 31
0
  0
LINE
  5
2DC
330
1A
100
AcDbEntity
  8
BLACK
  6
CONTINUOUS
100
AcDbLine
 10
0.0714810236220472
 20
-2.8552689370078741
 30
0
 11
0.0714957874015748
 21
-2.8553687795275589
 31
0
  0
LINE
  5
2DD
330
1A
100
AcDbEntity
  8
BLACK
  6
CONTINUOUS
100
AcDbLine
 10
0.0714957874015748
 20
-2.8553687795275589
 30
0
 11
0.0715124409448819
 21
-2.8554090157480316
 31
0
  0
LINE
  5
2DE
330
1A
100
AcDbEntity
  8
BLACK
  6
CONTINUOUS
100
AcDbLine
 10
0.0715124409448819
 20
-2.8554090157480316
 30
0
 11
0.0715337795275591
 21
-2.855626023622047
 31
0
  0
LINE
  5
2DF
330
1A
100
AcDbEntity
  8
BLACK
  6
CONTINUOUS
100
AcDbLine
 10
0.0715337795275591
 20
-2.855626023622047
 30
0
 11
0.0715656692913386
 21
-2.8558415354330706
 31
0
  0
LINE
  5
2E0
330
1A
100
AcDbEntity
  8
BLACK
  6
CONTINUOUS
100
AcDbLine
 10
0.0715656692913386
 20
-2.8558415354330706
 30
0
 11
0.0715592519685039
 21
-2.8558845275590552
 31
0
  0
LINE
  5
2E1
330
1A
100
AcDbEntity
  8
BLACK
  6
CONTINUOUS
100
AcDbLine
 10
0.0715592519685039
 20
-2.8558845275590552
 30
0
 11
0.0715691732283465
 21
-2.8559850787401575
 31
0
  0
LINE
  5
2E2
330
1A
100
AcDbEntity
  8
BLACK
  6
CONTINUOUS
100
AcDbLine
 10
0.0715691732283465
 20
-2.8559850787401575
 30
0
 11
0.0715691732283465
 21
-2.8653588976377953
 31
0
  0
LINE
  5
2E3
330
1A
100
AcDbEntity
  8
BLACK
  6
CONTINUOUS
100
AcDbLine
 10
0.0715691732283465
 20
-2.8653588976377953
 30
0
 11
0.0715592519685039
 21
-2.8654594094488188
 31
0
  0
LINE
  5
2E4
330
1A
100
AcDbEntity
  8
BLACK
  6
CONTINUOUS
100
AcDbLine
 10
0.0715592519685039
 20
-2.8654594094488188
 30
0
 11
0.0715656692913386
 21
-2.8655024409448817
 31
0
  0
LINE
  5
2E5
330
1A
100
AcDbEntity
  8
BLACK
  6
CONTINUOUS
100
AcDbLine
 10
0.0715656692913386
 20
-2.8655024409448817
 30
0
 11
0.0715337795275591
 21
-2.8657179133858266
 31
0
  0
LINE
  5
2E6
330
1A
100
AcDbEntity
  8
BLACK
  6
CONTINUOUS
100
AcDbLine
 10
0.0715337795275591
 20
-2.8657179133858266
 30
0
 11
0.0715124409448819
 21
-2.8659349606299211
 31
0
  0
LINE
  5
2E7
330
1A
100
AcDbEntity
  8
BLACK
  6
CONTINUOUS
100
AcDbLine
 10
0.0715124409448819
 20
-2.8659349606299211
 30
0
 11
0.0714957874015748
 21
-2.8659751574803147
 31
0
  0
LINE
  5
2E8
330
1A
100
AcDbEntity
  8
BLACK
  6
CONTINUOUS
100
AcDbLine
 10
0.0714957874015748
 20
-2.8659751574803147
 30
0
 11
0.0714810236220472
 21
-2.8660750393700787
 31
0
  0
LINE
  5
2E9
330
1A
100
AcDbEntity
  8
BLACK
  6
CONTINUOUS
100
AcDbLine
 10
0.0714810236220472
 20
-2.8660750393700787
 30
0
 11
0.0696062598425197
 21
-2.8735740944881889
 31
0
  0
LINE
  5
2EA
330
1A
100
AcDbEntity
  8
BLACK
  6
CONTINUOUS
100
AcDbLine
 10
0.0696062598425197
 20
-2.8735740944881889
 30
0
 11
0.069591062992126
 21
-2.8736165748031497
 31
0
  0
LINE
  5
2EB
330
1A
100
AcDbEntity
  8
BLACK
  6
CONTINUOUS
100
AcDbLine
 10
0.069591062992126
 20
-2.8736165748031497
 30
0
 11
0.0695895669291339
 21
-2.8736378740157478
 31
0
  0
LINE
  5
2EC
330
1A
100
AcDbEntity
  8
BLACK
  6
CONTINUOUS
100
AcDbLine
 10
0.0695895669291339
 20
-2.8736378740157478
 30
0
 11
0.0694977952755906
 21
-2.8738775984251967
 31
0
  0
LINE
  5
2ED
330
1A
100
AcDbEntity
  8
BLACK
  6
CONTINUOUS
100
AcDbLine
 10
0.0694977952755906
 20
-2.8738775984251967
 30
0
 11
0.0694114960629921
 21
-2.874119212598425
 31
0
  0
LINE
  5
2EE
330
1A
100
AcDbEntity
  8
BLACK
  6
CONTINUOUS
100
AcDbLine
 10
0.0694114960629921
 20
-2.874119212598425
 30
0
 11
0.0693987795275591
 21
-2.874136338582677
 31
0
  0
LINE
  5
2EF
330
1A
100
AcDbEntity
  8
BLACK
  6
CONTINUOUS
100
AcDbLine
 10
0.0693987795275591
 20
-2.874136338582677
 30
0
 11
0.0693826771653543
 21
-2.874178464566929
 31
0
  0
LINE
  5
2F0
330
1A
100
AcDbEntity
  8
BLACK
  6
CONTINUOUS
100
AcDbLine
 10
0.0693826771653543
 20
-2.874178464566929
 30
0
 11
0.0675079133858268
 21
-2.8779279921259842
 31
0
  0
LINE
  5
2F1
330
1A
100
AcDbEntity
  8
BLACK
  6
CONTINUOUS
100
AcDbLine
 10
0.0675079133858268
 20
-2.8779279921259842
 30
0
 11
0.0673518503937008
 21
-2.8781758661417323
 31
0
  0
LINE
  5
2F2
330
1A
100
AcDbEntity
  8
BLACK
  6
CONTINUOUS
100
AcDbLine
 10
0.0673518503937008
 20
-2.8781758661417323
 30
0
 11
0.0673220472440945
 21
-2.8782479133858265
 31
0
  0
LINE
  5
2F3
330
1A
100
AcDbEntity
  8
BLACK
  6
CONTINUOUS
100
AcDbLine
 10
0.0673220472440945
 20
-2.8782479133858265
 30
0
 11
0.0672555118110236
 21
-2.8783289370078737
 31
0
  0
LINE
  5
2F4
330
1A
100
AcDbEntity
  8
BLACK
  6
CONTINUOUS
100
AcDbLine
 10
0.0672555118110236
 20
-2.8783289370078737
 30
0
 11
0.0671995669291339
 21
-2.878417874015748
 31
0
  0
LINE
  5
2F5
330
1A
100
AcDbEntity
  8
BLACK
  6
CONTINUOUS
100
AcDbLine
 10
0.0671995669291339
 20
-2.878417874015748
 30
0
 11
0.0671405511811024
 21
-2.8784690157480313
 31
0
  0
LINE
  5
2F6
330
1A
100
AcDbEntity
  8
BLACK
  6
CONTINUOUS
100
AcDbLine
 10
0.0671405511811024
 20
-2.8784690157480313
 30
0
 11
0.0669548031496063
 21
-2.8786953937007875
 31
0
  0
LINE
  5
2F7
330
1A
100
AcDbEntity
  8
BLACK
  6
CONTINUOUS
100
AcDbLine
 10
0.0669548031496063
 20
-2.8786953937007875
 30
0
 11
0.0650800787401575
 21
-2.8805701574803151
 31
0
  0
LINE
  5
2F8
330
1A
100
AcDbEntity
  8
BLACK
  6
CONTINUOUS
100
AcDbLine
 10
0.0650800787401575
 20
-2.8805701574803151
 30
0
 11
0.0648537007874016
 21
-2.880755905511811
 31
0
  0
LINE
  5
2F9
330
1A
100
AcDbEntity
  8
BLACK
  6
CONTINUOUS
100
AcDbLine
 10
0.0648537007874016
 20
-2.880755905511811
 30
0
 11
0.0648025196850394
 21
-2.8808149606299214
 31
0
  0
LINE
  5
2FA
330
1A
100
AcDbEntity
  8
BLACK
  6
CONTINUOUS
100
AcDbLine
 10
0.0648025196850394
 20
-2.8808149606299214
 30
0
 11
0.0647135433070866
 21
-2.8808709448818899
 31
0
  0
LINE
  5
2FB
330
1A
100
AcDbEntity
  8
BLACK
  6
CONTINUOUS
100
AcDbLine
 10
0.0647135433070866
 20
-2.8808709448818899
 30
0
 11
0.0646325984251968
 21
-2.880937401574803
 31
0
  0
LINE
  5
2FC
330
1A
100
AcDbEntity
  8
BLACK
  6
CONTINUOUS
100
AcDbLine
 10
0.0646325984251968
 20
-2.880937401574803
 30
0
 11
0.0645606299212598
 21
-2.8809672047244095
 31
0
  0
LINE
  5
2FD
330
1A
100
AcDbEntity
  8
BLACK
  6
CONTINUOUS
100
AcDbLine
 10
0.0645606299212598
 20
-2.8809672047244095
 30
0
 11
0.0643126377952756
 21
-2.881123307086614
 31
0
  0
LINE
  5
2FE
330
1A
100
AcDbEntity
  8
BLACK
  6
CONTINUOUS
100
AcDbLine
 10
0.0643126377952756
 20
-2.881123307086614
 30
0
 11
0.0605631102362205
 21
-2.8829980708661416
 31
0
  0
LINE
  5
2FF
330
1A
100
AcDbEntity
  8
BLACK
  6
CONTINUOUS
100
AcDbLine
 10
0.0605631102362205
 20
-2.8829980708661416
 30
0
 11
0.0600224803149606
 21
-2.883204960629921
 31
0
  0
LINE
  5
300
330
1A
100
AcDbEntity
  8
BLACK
  6
CONTINUOUS
100
AcDbLine
 10
0.0600224803149606
 20
-2.883204960629921
 30
0
 11
0.0599166535433071
 21
-2.8832124409448818
 31
0
  0
LINE
  5
301
330
1A
100
AcDbEntity
  8
BLACK
  6
CONTINUOUS
100
AcDbLine
 10
0.0599166535433071
 20
-2.8832124409448818
 30
0
 11
0.0598186614173228
 21
-2.8832530708661417
 31
0
  0
LINE
  5
302
330
1A
100
AcDbEntity
  8
BLACK
  6
CONTINUOUS
100
AcDbLine
 10
0.0598186614173228
 20
-2.8832530708661417
 30
0
 11
0.0592425984251969
 21
-2.8833098031496061
 31
0
  0
LINE
  5
303
330
1A
100
AcDbEntity
  8
BLACK
  6
CONTINUOUS
100
AcDbLine
 10
0.0592425984251969
 20
-2.8833098031496061
 30
0
 11
0.0554930708661417
 21
-2.8833098031496061
 31
0
  0
LINE
  5
304
330
1A
100
AcDbEntity
  8
BLACK
  6
CONTINUOUS
100
AcDbLine
 10
0.0554930708661417
 20
-2.8833098031496061
 30
0
 11
0.0549170078740157
 21
-2.8832530708661417
 31
0
  0
LINE
  5
305
330
1A
100
AcDbEntity
  8
BLACK
  6
CONTINUOUS
100
AcDbLine
 10
0.0549170078740157
 20
-2.8832530708661417
 30
0
 11
0.0548190157480315
 21
-2.8832124803149606
 31
0
  0
LINE
  5
306
330
1A
100
AcDbEntity
  8
BLACK
  6
CONTINUOUS
100
AcDbLine
 10
0.0548190157480315
 20
-2.8832124803149606
 30
0
 11
0.0547131496062992
 21
-2.883204960629921
 31
0
  0
LINE
  5
307
330
1A
100
AcDbEntity
  8
BLACK
  6
CONTINUOUS
100
AcDbLine
 10
0.0547131496062992
 20
-2.883204960629921
 30
0
 11
0.0541725590551181
 21
-2.8829980708661416
 31
0
  0
LINE
  5
308
330
1A
100
AcDbEntity
  8
BLACK
  6
CONTINUOUS
100
AcDbLine
 10
0.0541725590551181
 20
-2.8829980708661416
 30
0
 11
0.050423031496063
 21
-2.881123307086614
 31
0
  0
LINE
  5
309
330
1A
100
AcDbEntity
  8
BLACK
  6
CONTINUOUS
100
AcDbLine
 10
0.050423031496063
 20
-2.881123307086614
 30
0
 11
0.050175
 21
-2.8809672047244095
 31
0
  0
LINE
  5
30A
330
1A
100
AcDbEntity
  8
BLACK
  6
CONTINUOUS
100
AcDbLine
 10
0.050175
 20
-2.8809672047244095
 30
0
 11
0.0501030708661417
 21
-2.880937401574803
 31
0
  0
LINE
  5
30B
330
1A
100
AcDbEntity
  8
BLACK
  6
CONTINUOUS
100
AcDbLine
 10
0.0501030708661417
 20
-2.880937401574803
 30
0
 11
0.0500220866141732
 21
-2.8808709448818899
 31
0
  0
LINE
  5
30C
330
1A
100
AcDbEntity
  8
BLACK
  6
CONTINUOUS
100
AcDbLine
 10
0.0500220866141732
 20
-2.8808709448818899
 30
0
 11
0.0499331496062992
 21
-2.8808149606299214
 31
0
  0
LINE
  5
30D
330
1A
100
AcDbEntity
  8
BLACK
  6
CONTINUOUS
100
AcDbLine
 10
0.0499331496062992
 20
-2.8808149606299214
 30
0
 11
0.0498819291338583
 21
-2.880755905511811
 31
0
  0
LINE
  5
30E
330
1A
100
AcDbEntity
  8
BLACK
  6
CONTINUOUS
100
AcDbLine
 10
0.0498819291338583
 20
-2.880755905511811
 30
0
 11
0.0496555905511811
 21
-2.8805701574803151
 31
0
  0
LINE
  5
30F
330
1A
100
AcDbEntity
  8
BLACK
  6
CONTINUOUS
100
AcDbLine
 10
0.0496555905511811
 20
-2.8805701574803151
 30
0
 11
0.0477808267716535
 21
-2.8786953543307088
 31
0
  0
LINE
  5
310
330
1A
100
AcDbEntity
  8
BLACK
  6
CONTINUOUS
100
AcDbLine
 10
0.0477808267716535
 20
-2.8786953543307088
 30
0
 11
0.0475950787401575
 21
-2.8784690157480313
 31
0
  0
LINE
  5
311
330
1A
100
AcDbEntity
  8
BLACK
  6
CONTINUOUS
100
AcDbLine
 10
0.0475950787401575
 20
-2.8784690157480313
 30
0
 11
0.0475361023622047
 21
-2.878417874015748
 31
0
  0
LINE
  5
312
330
1A
100
AcDbEntity
  8
BLACK
  6
CONTINUOUS
100
AcDbLine
 10
0.0475361023622047
 20
-2.878417874015748
 30
0
 11
0.0474801181102362
 21
-2.8783289370078737
 31
0
  0
LINE
  5
313
330
1A
100
AcDbEntity
  8
BLACK
  6
CONTINUOUS
100
AcDbLine
 10
0.0474801181102362
 20
-2.8783289370078737
 30
0
 11
0.0474136220472441
 21
-2.8782479133858265
 31
0
  0
LINE
  5
314
330
1A
100
AcDbEntity
  8
BLACK
  6
CONTINUOUS
100
AcDbLine
 10
0.0474136220472441
 20
-2.8782479133858265
 30
0
 11
0.0473837795275591
 21
-2.8781758661417323
 31
0
  0
LINE
  5
315
330
1A
100
AcDbEntity
  8
BLACK
  6
CONTINUOUS
100
AcDbLine
 10
0.0473837795275591
 20
-2.8781758661417323
 30
0
 11
0.0472277559055118
 21
-2.8779279921259842
 31
0
  0
LINE
  5
316
330
1A
100
AcDbEntity
  8
BLACK
  6
CONTINUOUS
100
AcDbLine
 10
0.0472277559055118
 20
-2.8779279921259842
 30
0
 11
0.0453529921259843
 21
-2.874178464566929
 31
0
  0
LINE
  5
317
330
1A
100
AcDbEntity
  8
BLACK
  6
CONTINUOUS
100
AcDbLine
 10
0.0453529921259843
 20
-2.874178464566929
 30
0
 11
0.0453368503937008
 21
-2.874136338582677
 31
0
  0
LINE
  5
318
330
1A
100
AcDbEntity
  8
BLACK
  6
CONTINUOUS
100
AcDbLine
 10
0.0453368503937008
 20
-2.874136338582677
 30
0
 11
0.0453241732283465
 21
-2.874119212598425
 31
0
  0
LINE
  5
319
330
1A
100
AcDbEntity
  8
BLACK
  6
CONTINUOUS
100
AcDbLine
 10
0.0453241732283465
 20
-2.874119212598425
 30
0
 11
0.0452377165354331
 21
-2.873877244094488
 31
0
  0
LINE
  5
31A
330
1A
100
AcDbEntity
  8
BLACK
  6
CONTINUOUS
100
AcDbLine
 10
0.0452377165354331
 20
-2.873877244094488
 30
0
 11
0.0451461023622047
 21
-2.873637834645669
 31
0
  0
LINE
  5
31B
330
1A
100
AcDbEntity
  8
BLACK
  6
CONTINUOUS
100
AcDbLine
 10
0.0451461023622047
 20
-2.873637834645669
 30
0
 11
0.0451445669291339
 21
-2.8736165748031497
 31
0
  0
LINE
  5
31C
330
1A
100
AcDbEntity
  8
BLACK
  6
CONTINUOUS
100
AcDbLine
 10
0.0451445669291339
 20
-2.8736165748031497
 30
0
 11
0.0451294094488189
 21
-2.8735740944881889
 31
0
  0
LINE
  5
31D
330
1A
100
AcDbEntity
  8
BLACK
  6
CONTINUOUS
100
AcDbLine
 10
0.0451294094488189
 20
-2.8735740944881889
 30
0
 11
0.0432546456692913
 21
-2.8660750393700787
 31
0
  0
LINE
  5
31E
330
1A
100
AcDbEntity
  8
BLACK
  6
CONTINUOUS
100
AcDbLine
 10
0.0432546456692913
 20
-2.8660750393700787
 30
0
 11
0.043239842519685
 21
-2.8659751574803147
 31
0
  0
LINE
  5
31F
330
1A
100
AcDbEntity
  8
BLACK
  6
CONTINUOUS
100
AcDbLine
 10
0.043239842519685
 20
-2.8659751574803147
 30
0
 11
0.0432232283464567
 21
-2.8659349606299211
 31
0
  0
LINE
  5
320
330
1A
100
AcDbEntity
  8
BLACK
  6
CONTINUOUS
100
AcDbLine
 10
0.0432232283464567
 20
-2.8659349606299211
 30
0
 11
0.0432018503937008
 21
-2.8657179133858266
 31
0
  0
LINE
  5
321
330
1A
100
AcDbEntity
  8
BLACK
  6
CONTINUOUS
100
AcDbLine
 10
0.0432018503937008
 20
-2.8657179133858266
 30
0
 11
0.04317
 21
-2.8655024409448817
 31
0
  0
LINE
  5
322
330
1A
100
AcDbEntity
  8
BLACK
  6
CONTINUOUS
100
AcDbLine
 10
0.04317
 20
-2.8655024409448817
 30
0
 11
0.0431763779527559
 21
-2.8654594094488188
 31
0
  0
LINE
  5
323
330
1A
100
AcDbEntity
  8
BLACK
  6
CONTINUOUS
100
AcDbLine
 10
0.0431763779527559
 20
-2.8654594094488188
 30
0
 11
0.0431664960629921
 21
-2.8653588976377953
 31
0
  0
LINE
  5
324
330
1A
100
AcDbEntity
  8
BLACK
  6
CONTINUOUS
100
AcDbLine
 10
0.0431664960629921
 20
-2.8653588976377953
 30
0
 11
0.0431664960629921
 21
-2.8559850787401575
 31
0
  0
LINE
  5
325
330
1A
100
AcDbEntity
  8
BLACK
  6
CONTINUOUS
100
AcDbLine
 10
0.0431664960629921
 20
-2.8559850787401575
 30
0
 11
0.0431763779527559
 21
-2.8558845275590552
 31
0
  0
LINE
  5
326
330
1A
100
AcDbEntity
  8
BLACK
  6
CONTINUOUS
100
AcDbLine
 10
0.0431763779527559
 20
-2.8558845275590552
 30
0
 11
0.04317
 21
-2.8558415354330706
 31
0
  0
LINE
  5
327
330
1A
100
AcDbEntity
  8
BLACK
  6
CONTINUOUS
100
AcDbLine
 10
0.04317
 20
-2.8558415354330706
 30
0
 11
0.0432018503937008
 21
-2.855626023622047
 31
0
  0
LINE
  5
328
330
1A
100
AcDbEntity
  8
BLACK
  6
CONTINUOUS
100
AcDbLine
 10
0.0432018503937008
 20
-2.855626023622047
 30
0
 11
0.0432232283464567
 21
-2.8554090157480316
 31
0
  0
LINE
  5
329
330
1A
100
AcDbEntity
  8
BLACK
  6
CONTINUOUS
100
AcDbLine
 10
0.0432232283464567
 20
-2.8554090157480316
 30
0
 11
0.043239842519685
 21
-2.8553687795275589
 31
0
  0
LINE
  5
32A
330
1A
100
AcDbEntity
  8
BLACK
  6
CONTINUOUS
100
AcDbLine
 10
0.043239842519685
 20
-2.8553687795275589
 30
0
 11
0.0432546456692913
 21
-2.8552689370078741
 31
0
  0
LINE
  5
32B
330
1A
100
AcDbEntity
  8
BLACK
  6
CONTINUOUS
100
AcDbLine
 10
0.0432546456692913
 20
-2.8552689370078741
 30
0
 11
0.0451294094488189
 21
-2.8477698818897639
 31
0
  0
LINE
  5
32C
330
1A
100
AcDbEntity
  8
BLACK
  6
CONTINUOUS
100
AcDbLine
 10
0.0451294094488189
 20
-2.8477698818897639
 30
0
 11
0.0451445669291339
 21
-2.8477273622047243
 31
0
  0
LINE
  5
32D
330
1A
100
AcDbEntity
  8
BLACK
  6
CONTINUOUS
100
AcDbLine
 10
0.0451445669291339
 20
-2.8477273622047243
 30
0
 11
0.0451461023622047
 21
-2.8477061417322833
 31
0
  0
LINE
  5
32E
330
1A
100
AcDbEntity
  8
BLACK
  6
CONTINUOUS
100
AcDbLine
 10
0.0451461023622047
 20
-2.8477061417322833
 30
0
 11
0.0452377165354331
 21
-2.8474666929133856
 31
0
  0
LINE
  5
32F
330
1A
100
AcDbEntity
  8
BLACK
  6
CONTINUOUS
100
AcDbLine
 10
0.0452377165354331
 20
-2.8474666929133856
 30
0
 11
0.0453241732283465
 21
-2.8472247637795274
 31
0
  0
LINE
  5
330
330
1A
100
AcDbEntity
  8
BLACK
  6
CONTINUOUS
100
AcDbLine
 10
0.0453241732283465
 20
-2.8472247637795274
 30
0
 11
0.0453368503937008
 21
-2.847207598425197
 31
0
  0
LINE
  5
331
330
1A
100
AcDbEntity
  8
BLACK
  6
CONTINUOUS
100
AcDbLine
 10
0.0453368503937008
 20
-2.847207598425197
 30
0
 11
0.0453529921259843
 21
-2.8471655118110237
 31
0
  0
LINE
  5
332
330
1A
100
AcDbEntity
  8
BLACK
  6
CONTINUOUS
100
AcDbLine
 10
0.0453529921259843
 20
-2.8471655118110237
 30
0
 11
0.0472277559055118
 21
-2.8434159842519686
 31
0
  0
LINE
  5
333
330
1A
100
AcDbEntity
  8
BLACK
  6
CONTINUOUS
100
AcDbLine
 10
0.0472277559055118
 20
-2.8434159842519686
 30
0
 11
0.0473838188976378
 21
-2.8431679527559055
 31
0
  0
LINE
  5
334
330
1A
100
AcDbEntity
  8
BLACK
  6
CONTINUOUS
100
AcDbLine
 10
0.0473838188976378
 20
-2.8431679527559055
 30
0
 11
0.0474136614173228
 21
-2.8430960236220471
 31
0
  0
LINE
  5
335
330
1A
100
AcDbEntity
  8
BLACK
  6
CONTINUOUS
100
AcDbLine
 10
0.0474136614173228
 20
-2.8430960236220471
 30
0
 11
0.0474801181102362
 21
-2.8430150393700786
 31
0
  0
LINE
  5
336
330
1A
100
AcDbEntity
  8
BLACK
  6
CONTINUOUS
100
AcDbLine
 10
0.0474801181102362
 20
-2.8430150393700786
 30
0
 11
0.0475361023622047
 21
-2.8429261023622048
 31
0
  0
LINE
  5
337
330
1A
100
AcDbEntity
  8
BLACK
  6
CONTINUOUS
100
AcDbLine
 10
0.0475361023622047
 20
-2.8429261023622048
 30
0
 11
0.0475950787401575
 21
-2.8428749212598423
 31
0
  0
LINE
  5
338
330
1A
100
AcDbEntity
  8
BLACK
  6
CONTINUOUS
100
AcDbLine
 10
0.0475950787401575
 20
-2.8428749212598423
 30
0
 11
0.0477808661417323
 21
-2.8426485826771652
 31
0
  0
LINE
  5
339
330
1A
100
AcDbEntity
  8
BLACK
  6
CONTINUOUS
100
AcDbLine
 10
0.0477808661417323
 20
-2.8426485826771652
 30
0
 11
0.0496556299212598
 21
-2.8407738188976377
 31
0
  0
LINE
  5
33A
330
1A
100
AcDbEntity
  8
BLACK
  6
CONTINUOUS
100
AcDbLine
 10
0.0496556299212598
 20
-2.8407738188976377
 30
0
 11
0.049881968503937
 21
-2.840588031496063
 31
0
  0
LINE
  5
33B
330
1A
100
AcDbEntity
  8
BLACK
  6
CONTINUOUS
100
AcDbLine
 10
0.049881968503937
 20
-2.840588031496063
 30
0
 11
0.0499331496062992
 21
-2.8405290551181102
 31
0
  0
LINE
  5
33C
330
1A
100
AcDbEntity
  8
BLACK
  6
CONTINUOUS
100
AcDbLine
 10
0.0499331496062992
 20
-2.8405290551181102
 30
0
 11
0.0500220866141732
 21
-2.8404730708661416
 31
0
  0
LINE
  5
33D
330
1A
100
AcDbEntity
  8
BLACK
  6
CONTINUOUS
100
AcDbLine
 10
0.0500220866141732
 20
-2.8404730708661416
 30
0
 11
0.0501030708661417
 21
-2.8404066141732285
 31
0
  0
LINE
  5
33E
330
1A
100
AcDbEntity
  8
BLACK
  6
CONTINUOUS
100
AcDbLine
 10
0.0501030708661417
 20
-2.8404066141732285
 30
0
 11
0.050175
 21
-2.8403767716535433
 31
0
  0
LINE
  5
33F
330
1A
100
AcDbEntity
  8
BLACK
  6
CONTINUOUS
100
AcDbLine
 10
0.050175
 20
-2.8403767716535433
 30
0
 11
0.050423031496063
 21
-2.8402207086614171
 31
0
  0
LINE
  5
340
330
1A
100
AcDbEntity
  8
BLACK
  6
CONTINUOUS
100
AcDbLine
 10
0.050423031496063
 20
-2.8402207086614171
 30
0
 11
0.0541725590551181
 21
-2.8383459448818895
 31
0
  0
LINE
  5
341
330
1A
100
AcDbEntity
  8
BLACK
  6
CONTINUOUS
100
AcDbLine
 10
0.0541725590551181
 20
-2.8383459448818895
 30
0
 11
0.0547131496062992
 21
-2.83813905511811
 31
0
  0
LINE
  5
342
330
1A
100
AcDbEntity
  8
BLACK
  6
CONTINUOUS
100
AcDbLine
 10
0.0547131496062992
 20
-2.83813905511811
 30
0
 11
0.0548190157480315
 21
-2.8381314960629922
 31
0
  0
LINE
  5
343
330
1A
100
AcDbEntity
  8
BLACK
  6
CONTINUOUS
100
AcDbLine
 10
0.0548190157480315
 20
-2.8381314960629922
 30
0
 11
0.0549170078740157
 21
-2.8380909448818898
 31
0
  0
LINE
  5
344
330
1A
100
AcDbEntity
  8
BLACK
  6
CONTINUOUS
100
AcDbLine
 10
0.0549170078740157
 20
-2.8380909448818898
 30
0
 11
0.0554930708661417
 21
-2.838034212598425
 31
0
  0
LINE
  5
345
330
1A
100
AcDbEntity
  8
BLACK
  6
CONTINUOUS
100
AcDbLine
 10
0.0554930708661417
 20
-2.838034212598425
 30
0
 11
0.0592425984251969
 21
-2.838034212598425
 31
0
  0
LINE
  5
346
330
1A
100
AcDbEntity
  8
BLACK
  6
CONTINUOUS
100
AcDbLine
 10
0.0592425984251969
 20
-2.838034212598425
 30
0
 11
0.0598186614173228
 21
-2.8380909448818898
 31
0
  0
LINE
  5
347
330
1A
100
AcDbEntity
  8
BLACK
  6
CONTINUOUS
100
AcDbLine
 10
0.0534926377952756
 20
-2.845288464566929
 30
0
 11
0.0522955118110236
 21
-2.8464855905511812
 31
0
  0
LINE
  5
348
330
1A
100
AcDbEntity
  8
BLACK
  6
CONTINUOUS
100
AcDbLine
 10
0.0522955118110236
 20
-2.8464855905511812
 30
0
 11
0.05078
 21
-2.8495165748031495
 31
0
  0
LINE
  5
349
330
1A
100
AcDbEntity
  8
BLACK
  6
CONTINUOUS
100
AcDbLine
 10
0.05078
 20
-2.8495165748031495
 30
0
 11
0.0490720078740157
 21
-2.856348622047244
 31
0
  0
LINE
  5
34A
330
1A
100
AcDbEntity
  8
BLACK
  6
CONTINUOUS
100
AcDbLine
 10
0.0490720078740157
 20
-2.856348622047244
 30
0
 11
0.0490720078740157
 21
-2.8649953543307087
 31
0
  0
LINE
  5
34B
330
1A
100
AcDbEntity
  8
BLACK
  6
CONTINUOUS
100
AcDbLine
 10
0.0490720078740157
 20
-2.8649953543307087
 30
0
 11
0.05078
 21
-2.8718274015748029
 31
0
  0
LINE
  5
34C
330
1A
100
AcDbEntity
  8
BLACK
  6
CONTINUOUS
100
AcDbLine
 10
0.05078
 20
-2.8718274015748029
 30
0
 11
0.0522955118110236
 21
-2.8748583858267716
 31
0
  0
LINE
  5
34D
330
1A
100
AcDbEntity
  8
BLACK
  6
CONTINUOUS
100
AcDbLine
 10
0.0522955118110236
 20
-2.8748583858267716
 30
0
 11
0.0534926377952756
 21
-2.8760555511811021
 31
0
  0
LINE
  5
34E
330
1A
100
AcDbEntity
  8
BLACK
  6
CONTINUOUS
100
AcDbLine
 10
0.0534926377952756
 20
-2.8760555511811021
 30
0
 11
0.0561901181102362
 21
-2.8774042913385824
 31
0
  0
LINE
  5
34F
330
1A
100
AcDbEntity
  8
BLACK
  6
CONTINUOUS
100
AcDbLine
 10
0.0561901181102362
 20
-2.8774042913385824
 30
0
 11
0.0585455511811024
 21
-2.8774042913385824
 31
0
  0
LINE
  5
350
330
1A
100
AcDbEntity
  8
BLACK
  6
CONTINUOUS
100
AcDbLine
 10
0.0585455511811024
 20
-2.8774042913385824
 30
0
 11
0.0612429921259843
 21
-2.8760555511811021
 31
0
  0
LINE
  5
351
330
1A
100
AcDbEntity
  8
BLACK
  6
CONTINUOUS
100
AcDbLine
 10
0.0612429921259843
 20
-2.8760555511811021
 30
0
 11
0.0624401181102362
 21
-2.8748583858267716
 31
0
  0
LINE
  5
352
330
1A
100
AcDbEntity
  8
BLACK
  6
CONTINUOUS
100
AcDbLine
 10
0.0624401181102362
 20
-2.8748583858267716
 30
0
 11
0.0639556299212598
 21
-2.8718274015748029
 31
0
  0
LINE
  5
353
330
1A
100
AcDbEntity
  8
BLACK
  6
CONTINUOUS
100
AcDbLine
 10
0.0639556299212598
 20
-2.8718274015748029
 30
0
 11
0.0656636614173228
 21
-2.8649953543307087
 31
0
  0
LINE
  5
354
330
1A
100
AcDbEntity
  8
BLACK
  6
CONTINUOUS
100
AcDbLine
 10
0.0656636614173228
 20
-2.8649953543307087
 30
0
 11
0.0656636614173228
 21
-2.856348622047244
 31
0
  0
LINE
  5
355
330
1A
100
AcDbEntity
  8
BLACK
  6
CONTINUOUS
100
AcDbLine
 10
0.0656636614173228
 20
-2.856348622047244
 30
0
 11
0.0639556299212598
 21
-2.8495165748031495
 31
0
  0
LINE
  5
356
330
1A
100
AcDbEntity
  8
BLACK
  6
CONTINUOUS
100
AcDbLine
 10
0.0639556299212598
 20
-2.8495165748031495
 30
0
 11
0.062440157480315
 21
-2.8464855905511812
 31
0
  0
LINE
  5
357
330
1A
100
AcDbEntity
  8
BLACK
  6
CONTINUOUS
100
AcDbLine
 10
0.062440157480315
 20
-2.8464855905511812
 30
0
 11
0.061243031496063
 21
-2.845288464566929
 31
0
  0
LINE
  5
358
330
1A
100
AcDbEntity
  8
BLACK
  6
CONTINUOUS
100
AcDbLine
 10
0.061243031496063
 20
-2.845288464566929
 30
0
 11
0.0585455511811024
 21
-2.8439397244094486
 31
0
  0
LINE
  5
359
330
1A
100
AcDbEntity
  8
BLACK
  6
CONTINUOUS
100
AcDbLine
 10
0.0585455511811024
 20
-2.8439397244094486
 30
0
 11
0.0561901181102362
 21
-2.8439397244094486
 31
0
  0
LINE
  5
35A
330
1A
100
AcDbEntity
  8
BLACK
  6
CONTINUOUS
100
AcDbLine
 10
0.0561901181102362
 20
-2.8439397244094486
 30
0
 11
0.0534926377952756
 21
-2.845288464566929
 31
0
  0
LINE
  5
35B
330
1A
100
AcDbEntity
  8
BLACK
  6
CONTINUOUS
100
AcDbLine
 10
0.1007789763779528
 20
-2.8380629133858268
 30
0
 11
0.1008567322834646
 21
-2.8380574015748032
 31
0
  0
LINE
  5
35C
330
1A
100
AcDbEntity
  8
BLACK
  6
CONTINUOUS
100
AcDbLine
 10
0.1008567322834646
 20
-2.8380574015748032
 30
0
 11
0.1009589763779528
 21
-2.8380806299212598
 31
0
  0
LINE
  5
35D
330
1A
100
AcDbEntity
  8
BLACK
  6
CONTINUOUS
100
AcDbLine
 10
0.1009589763779528
 20
-2.8380806299212598
 30
0
 11
0.1010635039370079
 21
-2.8380909448818898
 31
0
  0
LINE
  5
35E
330
1A
100
AcDbEntity
  8
BLACK
  6
CONTINUOUS
100
AcDbLine
 10
0.1010635039370079
 20
-2.8380909448818898
 30
0
 11
0.1011355905511811
 21
-2.8381207874015746
 31
0
  0
LINE
  5
35F
330
1A
100
AcDbEntity
  8
BLACK
  6
CONTINUOUS
100
AcDbLine
 10
0.1011355905511811
 20
-2.8381207874015746
 30
0
 11
0.1014211811023622
 21
-2.838185748031496
 31
0
  0
LINE
  5
360
330
1A
100
AcDbEntity
  8
BLACK
  6
CONTINUOUS
100
AcDbLine
 10
0.1014211811023622
 20
-2.838185748031496
 30
0
 11
0.1070454724409449
 21
-2.8400605118110236
 31
0
  0
LINE
  5
361
330
1A
100
AcDbEntity
  8
BLACK
  6
CONTINUOUS
100
AcDbLine
 10
0.1070454724409449
 20
-2.8400605118110236
 30
0
 11
0.1075740157480315
 21
-2.8402964960629919
 31
0
  0
LINE
  5
362
330
1A
100
AcDbEntity
  8
BLACK
  6
CONTINUOUS
100
AcDbLine
 10
0.1075740157480315
 20
-2.8402964960629919
 30
0
 11
0.1076541338582677
 21
-2.8403659842519686
 31
0
  0
LINE
  5
363
330
1A
100
AcDbEntity
  8
BLACK
  6
CONTINUOUS
100
AcDbLine
 10
0.1076541338582677
 20
-2.8403659842519686
 30
0
 11
0.1077522047244095
 21
-2.8404066141732285
 31
0
  0
LINE
  5
364
330
1A
100
AcDbEntity
  8
BLACK
  6
CONTINUOUS
100
AcDbLine
 10
0.1077522047244095
 20
-2.8404066141732285
 30
0
 11
0.1081996456692913
 21
-2.8407738188976377
 31
0
  0
LINE
  5
365
330
1A
100
AcDbEntity
  8
BLACK
  6
CONTINUOUS
100
AcDbLine
 10
0.1081996456692913
 20
-2.8407738188976377
 30
0
 11
0.1100744094488189
 21
-2.8426485826771652
 31
0
  0
LINE
  5
366
330
1A
100
AcDbEntity
  8
BLACK
  6
CONTINUOUS
100
AcDbLine
 10
0.1100744094488189
 20
-2.8426485826771652
 30
0
 11
0.1104416141732283
 21
-2.8430960236220471
 31
0
  0
LINE
  5
367
330
1A
100
AcDbEntity
  8
BLACK
  6
CONTINUOUS
100
AcDbLine
 10
0.1104416141732283
 20
-2.8430960236220471
 30
0
 11
0.1108825196850394
 21
-2.8441604330708659
 31
0
  0
LINE
  5
368
330
1A
100
AcDbEntity
  8
BLACK
  6
CONTINUOUS
100
AcDbLine
 10
0.1108825196850394
 20
-2.8441604330708659
 30
0
 11
0.1108825196850394
 21
-2.8453125196850393
 31
0
  0
LINE
  5
369
330
1A
100
AcDbEntity
  8
BLACK
  6
CONTINUOUS
100
AcDbLine
 10
0.1108825196850394
 20
-2.8453125196850393
 30
0
 11
0.1104416141732283
 21
-2.8463769291338581
 31
0
  0
LINE
  5
36A
330
1A
100
AcDbEntity
  8
BLACK
  6
CONTINUOUS
100
AcDbLine
 10
0.1104416141732283
 20
-2.8463769291338581
 30
0
 11
0.1096269291338583
 21
-2.8471916141732283
 31
0
  0
LINE
  5
36B
330
1A
100
AcDbEntity
  8
BLACK
  6
CONTINUOUS
100
AcDbLine
 10
0.1096269291338583
 20
-2.8471916141732283
 30
0
 11
0.1085625196850394
 21
-2.8476325196850394
 31
0
  0
LINE
  5
36C
330
1A
100
AcDbEntity
  8
BLACK
  6
CONTINUOUS
100
AcDbLine
 10
0.1085625196850394
 20
-2.8476325196850394
 30
0
 11
0.1074104330708661
 21
-2.8476325196850394
 31
0
  0
LINE
  5
36D
330
1A
100
AcDbEntity
  8
BLACK
  6
CONTINUOUS
100
AcDbLine
 10
0.1074104330708661
 20
-2.8476325196850394
 30
0
 11
0.1063460236220472
 21
-2.8471916141732283
 31
0
  0
LINE
  5
36E
330
1A
100
AcDbEntity
  8
BLACK
  6
CONTINUOUS
100
AcDbLine
 10
0.1063460236220472
 20
-2.8471916141732283
 30
0
 11
0.1058985826771654
 21
-2.8468244094488186
 31
0
  0
LINE
  5
36F
330
1A
100
AcDbEntity
  8
BLACK
  6
CONTINUOUS
100
AcDbLine
 10
0.1058985826771654
 20
-2.8468244094488186
 30
0
 11
0.1045166929133858
 21
-2.8454425196850393
 31
0
  0
LINE
  5
370
330
1A
100
AcDbEntity
  8
BLACK
  6
CONTINUOUS
100
AcDbLine
 10
0.1045166929133858
 20
-2.8454425196850393
 30
0
 11
0.1000083070866142
 21
-2.8439397244094486
 31
0
  0
LINE
  5
371
330
1A
100
AcDbEntity
  8
BLACK
  6
CONTINUOUS
100
AcDbLine
 10
0.1000083070866142
 20
-2.8439397244094486
 30
0
 11
0.0972170472440945
 21
-2.8439397244094486
 31
0
  0
LINE
  5
372
330
1A
100
AcDbEntity
  8
BLACK
  6
CONTINUOUS
100
AcDbLine
 10
0.0972170472440945
 20
-2.8439397244094486
 30
0
 11
0.0927086614173228
 21
-2.8454425196850393
 31
0
  0
LINE
  5
373
330
1A
100
AcDbEntity
  8
BLACK
  6
CONTINUOUS
100
AcDbLine
 10
0.0927086614173228
 20
-2.8454425196850393
 30
0
 11
0.0897908267716535
 21
-2.8483603543307088
 31
0
  0
LINE
  5
374
330
1A
100
AcDbEntity
  8
BLACK
  6
CONTINUOUS
100
AcDbLine
 10
0.0897908267716535
 20
-2.8483603543307088
 30
0
 11
0.0882753149606299
 21
-2.851391338582677
 31
0
  0
LINE
  5
375
330
1A
100
AcDbEntity
  8
BLACK
  6
CONTINUOUS
100
AcDbLine
 10
0.0882753149606299
 20
-2.851391338582677
 30
0
 11
0.0865673228346457
 21
-2.8582233858267716
 31
0
  0
LINE
  5
376
330
1A
100
AcDbEntity
  8
BLACK
  6
CONTINUOUS
100
AcDbLine
 10
0.0865673228346457
 20
-2.8582233858267716
 30
0
 11
0.0865673228346457
 21
-2.8631205905511812
 31
0
  0
LINE
  5
377
330
1A
100
AcDbEntity
  8
BLACK
  6
CONTINUOUS
100
AcDbLine
 10
0.0865673228346457
 20
-2.8631205905511812
 30
0
 11
0.0882753149606299
 21
-2.8699526377952753
 31
0
  0
LINE
  5
378
330
1A
100
AcDbEntity
  8
BLACK
  6
CONTINUOUS
100
AcDbLine
 10
0.0882753149606299
 20
-2.8699526377952753
 30
0
 11
0.0897908267716535
 21
-2.872983622047244
 31
0
  0
LINE
  5
379
330
1A
100
AcDbEntity
  8
BLACK
  6
CONTINUOUS
100
AcDbLine
 10
0.0897908267716535
 20
-2.872983622047244
 30
0
 11
0.0927086614173228
 21
-2.8759014960629923
 31
0
  0
LINE
  5
37A
330
1A
100
AcDbEntity
  8
BLACK
  6
CONTINUOUS
100
AcDbLine
 10
0.0927086614173228
 20
-2.8759014960629923
 30
0
 11
0.0972170472440945
 21
-2.8774042913385824
 31
0
  0
LINE
  5
37B
330
1A
100
AcDbEntity
  8
BLACK
  6
CONTINUOUS
100
AcDbLine
 10
0.0972170472440945
 20
-2.8774042913385824
 30
0
 11
0.1000083070866142
 21
-2.8774042913385824
 31
0
  0
LINE
  5
37C
330
1A
100
AcDbEntity
  8
BLACK
  6
CONTINUOUS
100
AcDbLine
 10
0.1000083070866142
 20
-2.8774042913385824
 30
0
 11
0.1045166929133858
 21
-2.8759014566929135
 31
0
  0
LINE
  5
37D
330
1A
100
AcDbEntity
  8
BLACK
  6
CONTINUOUS
100
AcDbLine
 10
0.1045166929133858
 20
-2.8759014566929135
 30
0
 11
0.1058985433070866
 21
-2.8745196062992124
 31
0
  0
LINE
  5
37E
330
1A
100
AcDbEntity
  8
BLACK
  6
CONTINUOUS
100
AcDbLine
 10
0.1058985433070866
 20
-2.8745196062992124
 30
0
 11
0.1063460236220472
 21
-2.8741523622047245
 31
0
  0
LINE
  5
37F
330
1A
100
AcDbEntity
  8
BLACK
  6
CONTINUOUS
100
AcDbLine
 10
0.1063460236220472
 20
-2.8741523622047245
 30
0
 11
0.1074104330708661
 21
-2.8737114566929134
 31
0
  0
LINE
  5
380
330
1A
100
AcDbEntity
  8
BLACK
  6
CONTINUOUS
100
AcDbLine
 10
0.1074104330708661
 20
-2.8737114566929134
 30
0
 11
0.1085625196850394
 21
-2.8737114566929134
 31
0
  0
LINE
  5
381
330
1A
100
AcDbEntity
  8
BLACK
  6
CONTINUOUS
100
AcDbLine
 10
0.1085625196850394
 20
-2.8737114566929134
 30
0
 11
0.1096269291338583
 21
-2.8741523228346457
 31
0
  0
LINE
  5
382
330
1A
100
AcDbEntity
  8
BLACK
  6
CONTINUOUS
100
AcDbLine
 10
0.1096269291338583
 20
-2.8741523228346457
 30
0
 11
0.1104416141732283
 21
-2.8749670078740155
 31
0
  0
LINE
  5
383
330
1A
100
AcDbEntity
  8
BLACK
  6
CONTINUOUS
100
AcDbLine
 10
0.1104416141732283
 20
-2.8749670078740155
 30
0
 11
0.1108825196850394
 21
-2.8760314173228347
 31
0
  0
LINE
  5
384
330
1A
100
AcDbEntity
  8
BLACK
  6
CONTINUOUS
100
AcDbLine
 10
0.1108825196850394
 20
-2.8760314173228347
 30
0
 11
0.1108825196850394
 21
-2.8771835039370077
 31
0
  0
LINE
  5
385
330
1A
100
AcDbEntity
  8
BLACK
  6
CONTINUOUS
100
AcDbLine
 10
0.1108825196850394
 20
-2.8771835039370077
 30
0
 11
0.1104416535433071
 21
-2.8782479133858265
 31
0
  0
LINE
  5
386
330
1A
100
AcDbEntity
  8
BLACK
  6
CONTINUOUS
100
AcDbLine
 10
0.1104416535433071
 20
-2.8782479133858265
 30
0
 11
0.1100744094488189
 21
-2.8786953937007875
 31
0
  0
LINE
  5
387
330
1A
100
AcDbEntity
  8
BLACK
  6
CONTINUOUS
100
AcDbLine
 10
0.1100744094488189
 20
-2.8786953937007875
 30
0
 11
0.1081996850393701
 21
-2.8805701574803151
 31
0
  0
LINE
  5
388
330
1A
100
AcDbEntity
  8
BLACK
  6
CONTINUOUS
100
AcDbLine
 10
0.1081996850393701
 20
-2.8805701574803151
 30
0
 11
0.1077522047244095
 21
-2.880937401574803
 31
0
  0
LINE
  5
389
330
1A
100
AcDbEntity
  8
BLACK
  6
CONTINUOUS
100
AcDbLine
 10
0.1077522047244095
 20
-2.880937401574803
 30
0
 11
0.1076541338582677
 21
-2.8809779921259842
 31
0
  0
LINE
  5
38A
330
1A
100
AcDbEntity
  8
BLACK
  6
CONTINUOUS
100
AcDbLine
 10
0.1076541338582677
 20
-2.8809779921259842
 30
0
 11
0.1075740157480315
 21
-2.8810475196850391
 31
0
  0
LINE
  5
38B
330
1A
100
AcDbEntity
  8
BLACK
  6
CONTINUOUS
100
AcDbLine
 10
0.1075740157480315
 20
-2.8810475196850391
 30
0
 11
0.1070454724409449
 21
-2.8812835039370079
 31
0
  0
LINE
  5
38C
330
1A
100
AcDbEntity
  8
BLACK
  6
CONTINUOUS
100
AcDbLine
 10
0.1070454724409449
 20
-2.8812835039370079
 30
0
 11
0.1014211811023622
 21
-2.8831582677165355
 31
0
  0
LINE
  5
38D
330
1A
100
AcDbEntity
  8
BLACK
  6
CONTINUOUS
100
AcDbLine
 10
0.1014211811023622
 20
-2.8831582677165355
 30
0
 11
0.1011355905511811
 21
-2.8832231889763777
 31
0
  0
LINE
  5
38E
330
1A
100
AcDbEntity
  8
BLACK
  6
CONTINUOUS
100
AcDbLine
 10
0.1011355905511811
 20
-2.8832231889763777
 30
0
 11
0.1010635039370079
 21
-2.8832530708661417
 31
0
  0
LINE
  5
38F
330
1A
100
AcDbEntity
  8
BLACK
  6
CONTINUOUS
100
AcDbLine
 10
0.1010635039370079
 20
-2.8832530708661417
 30
0
 11
0.1009589763779528
 21
-2.883263346456693
 31
0
  0
LINE
  5
390
330
1A
100
AcDbEntity
  8
BLACK
  6
CONTINUOUS
100
AcDbLine
 10
0.1009589763779528
 20
-2.883263346456693
 30
0
 11
0.1008567322834646
 21
-2.8832866141732283
 31
0
  0
LINE
  5
391
330
1A
100
AcDbEntity
  8
BLACK
  6
CONTINUOUS
100
AcDbLine
 10
0.1008567322834646
 20
-2.8832866141732283
 30
0
 11
0.1007789763779528
 21
-2.8832810629921259
 31
0
  0
LINE
  5
392
330
1A
100
AcDbEntity
  8
BLACK
  6
CONTINUOUS
100
AcDbLine
 10
0.1007789763779528
 20
-2.8832810629921259
 30
0
 11
0.1004874409448819
 21
-2.8833098031496061
 31
0
  0
LINE
  5
393
330
1A
100
AcDbEntity
  8
BLACK
  6
CONTINUOUS
100
AcDbLine
 10
0.1004874409448819
 20
-2.8833098031496061
 30
0
 11
0.0967379133858268
 21
-2.8833098031496061
 31
0
  0
LINE
  5
394
330
1A
100
AcDbEntity
  8
BLACK
  6
CONTINUOUS
100
AcDbLine
 10
0.0967379133858268
 20
-2.8833098031496061
 30
0
 11
0.0964462992125984
 21
-2.8832810629921259
 31
0
  0
LINE
  5
395
330
1A
100
AcDbEntity
  8
BLACK
  6
CONTINUOUS
100
AcDbLine
 10
0.0964462992125984
 20
-2.8832810629921259
 30
0
 11
0.0963685826771653
 21
-2.8832866141732283
 31
0
  0
LINE
  5
396
330
1A
100
AcDbEntity
  8
BLACK
  6
CONTINUOUS
100
AcDbLine
 10
0.0963685826771653
 20
-2.8832866141732283
 30
0
 11
0.0962662992125984
 21
-2.883263346456693
 31
0
  0
LINE
  5
397
330
1A
100
AcDbEntity
  8
BLACK
  6
CONTINUOUS
100
AcDbLine
 10
0.0962662992125984
 20
-2.883263346456693
 30
0
 11
0.0961618503937008
 21
-2.8832530708661417
 31
0
  0
LINE
  5
398
330
1A
100
AcDbEntity
  8
BLACK
  6
CONTINUOUS
100
AcDbLine
 10
0.0961618503937008
 20
-2.8832530708661417
 30
0
 11
0.0960897637795276
 21
-2.8832231889763777
 31
0
  0
LINE
  5
399
330
1A
100
AcDbEntity
  8
BLACK
  6
CONTINUOUS
100
AcDbLine
 10
0.0960897637795276
 20
-2.8832231889763777
 30
0
 11
0.0958041338582677
 21
-2.8831582677165355
 31
0
  0
LINE
  5
39A
330
1A
100
AcDbEntity
  8
BLACK
  6
CONTINUOUS
100
AcDbLine
 10
0.0958041338582677
 20
-2.8831582677165355
 30
0
 11
0.0901798818897638
 21
-2.8812835039370079
 31
0
  0
LINE
  5
39B
330
1A
100
AcDbEntity
  8
BLACK
  6
CONTINUOUS
100
AcDbLine
 10
0.0901798818897638
 20
-2.8812835039370079
 30
0
 11
0.0896512992125984
 21
-2.8810475196850391
 31
0
  0
LINE
  5
39C
330
1A
100
AcDbEntity
  8
BLACK
  6
CONTINUOUS
100
AcDbLine
 10
0.0896512992125984
 20
-2.8810475196850391
 30
0
 11
0.0895711811023622
 21
-2.8809780314960629
 31
0
  0
LINE
  5
39D
330
1A
100
AcDbEntity
  8
BLACK
  6
CONTINUOUS
100
AcDbLine
 10
0.0895711811023622
 20
-2.8809780314960629
 30
0
 11
0.0894731496062992
 21
-2.8809374409448818
 31
0
  0
LINE
  5
39E
330
1A
100
AcDbEntity
  8
BLACK
  6
CONTINUOUS
100
AcDbLine
 10
0.0894731496062992
 20
-2.8809374409448818
 30
0
 11
0.0890257086614173
 21
-2.8805701968503938
 31
0
  0
LINE
  5
39F
330
1A
100
AcDbEntity
  8
BLACK
  6
CONTINUOUS
100
AcDbLine
 10
0.0890257086614173
 20
-2.8805701968503938
 30
0
 11
0.0852761811023622
 21
-2.87682062992126
 31
0
  0
LINE
  5
3A0
330
1A
100
AcDbEntity
  8
BLACK
  6
CONTINUOUS
100
AcDbLine
 10
0.0852761811023622
 20
-2.87682062992126
 30
0
 11
0.0850903937007874
 21
-2.8765942519685037
 31
0
  0
LINE
  5
3A1
330
1A
100
AcDbEntity
  8
BLACK
  6
CONTINUOUS
100
AcDbLine
 10
0.0850903937007874
 20
-2.8765942519685037
 30
0
 11
0.0850314173228346
 21
-2.8765431102362204
 31
0
  0
LINE
  5
3A2
330
1A
100
AcDbEntity
  8
BLACK
  6
CONTINUOUS
100
AcDbLine
 10
0.0850314173228346
 20
-2.8765431102362204
 30
0
 11
0.0849754330708661
 21
-2.8764541732283462
 31
0
  0
LINE
  5
3A3
330
1A
100
AcDbEntity
  8
BLACK
  6
CONTINUOUS
100
AcDbLine
 10
0.0849754330708661
 20
-2.8764541732283462
 30
0
 11
0.084908937007874
 21
-2.876373149606299
 31
0
  0
LINE
  5
3A4
330
1A
100
AcDbEntity
  8
BLACK
  6
CONTINUOUS
100
AcDbLine
 10
0.084908937007874
 20
-2.876373149606299
 30
0
 11
0.084879094488189
 21
-2.8763011023622047
 31
0
  0
LINE
  5
3A5
330
1A
100
AcDbEntity
  8
BLACK
  6
CONTINUOUS
100
AcDbLine
 10
0.084879094488189
 20
-2.8763011023622047
 30
0
 11
0.0847230708661417
 21
-2.8760532283464566
 31
0
  0
LINE
  5
3A6
330
1A
100
AcDbEntity
  8
BLACK
  6
CONTINUOUS
100
AcDbLine
 10
0.0847230708661417
 20
-2.8760532283464566
 30
0
 11
0.0828483070866142
 21
-2.8723037007874015
 31
0
  0
LINE
  5
3A7
330
1A
100
AcDbEntity
  8
BLACK
  6
CONTINUOUS
100
AcDbLine
 10
0.0828483070866142
 20
-2.8723037007874015
 30
0
 11
0.0828321653543307
 21
-2.8722615748031495
 31
0
  0
LINE
  5
3A8
330
1A
100
AcDbEntity
  8
BLACK
  6
CONTINUOUS
100
AcDbLine
 10
0.0828321653543307
 20
-2.8722615748031495
 30
0
 11
0.0828194881889764
 21
-2.8722444488188974
 31
0
  0
LINE
  5
3A9
330
1A
100
AcDbEntity
  8
BLACK
  6
CONTINUOUS
100
AcDbLine
 10
0.0828194881889764
 20
-2.8722444488188974
 30
0
 11
0.082733031496063
 21
-2.8720024803149604
 31
0
  0
LINE
  5
3AA
330
1A
100
AcDbEntity
  8
BLACK
  6
CONTINUOUS
100
AcDbLine
 10
0.082733031496063
 20
-2.8720024803149604
 30
0
 11
0.0826414173228346
 21
-2.8717630708661415
 31
0
  0
LINE
  5
3AB
330
1A
100
AcDbEntity
  8
BLACK
  6
CONTINUOUS
100
AcDbLine
 10
0.0826414173228346
 20
-2.8717630708661415
 30
0
 11
0.0826398818897638
 21
-2.8717418110236221
 31
0
  0
LINE
  5
3AC
330
1A
100
AcDbEntity
  8
BLACK
  6
CONTINUOUS
100
AcDbLine
 10
0.0826398818897638
 20
-2.8717418110236221
 30
0
 11
0.0826247244094488
 21
-2.8716993307086613
 31
0
  0
LINE
  5
3AD
330
1A
100
AcDbEntity
  8
BLACK
  6
CONTINUOUS
100
AcDbLine
 10
0.0826247244094488
 20
-2.8716993307086613
 30
0
 11
0.0807499606299213
 21
-2.8642002755905511
 31
0
  0
LINE
  5
3AE
330
1A
100
AcDbEntity
  8
BLACK
  6
CONTINUOUS
100
AcDbLine
 10
0.0807499606299213
 20
-2.8642002755905511
 30
0
 11
0.080735157480315
 21
-2.8641003937007872
 31
0
  0
LINE
  5
3AF
330
1A
100
AcDbEntity
  8
BLACK
  6
CONTINUOUS
100
AcDbLine
 10
0.080735157480315
 20
-2.8641003937007872
 30
0
 11
0.0807185433070866
 21
-2.8640601968503936
 31
0
  0
LINE
  5
3B0
330
1A
100
AcDbEntity
  8
BLACK
  6
CONTINUOUS
100
AcDbLine
 10
0.0807185433070866
 20
-2.8640601968503936
 30
0
 11
0.0806971653543307
 21
-2.863843149606299
 31
0
  0
LINE
  5
3B1
330
1A
100
AcDbEntity
  8
BLACK
  6
CONTINUOUS
100
AcDbLine
 10
0.0806971653543307
 20
-2.863843149606299
 30
0
 11
0.0806653149606299
 21
-2.8636276771653542
 31
0
  0
LINE
  5
3B2
330
1A
100
AcDbEntity
  8
BLACK
  6
CONTINUOUS
100
AcDbLine
 10
0.0806653149606299
 20
-2.8636276771653542
 30
0
 11
0.0806716929133858
 21
-2.8635846456692913
 31
0
  0
LINE
  5
3B3
330
1A
100
AcDbEntity
  8
BLACK
  6
CONTINUOUS
100
AcDbLine
 10
0.0806716929133858
 20
-2.8635846456692913
 30
0
 11
0.080661811023622
 21
-2.8634841338582677
 31
0
  0
LINE
  5
3B4
330
1A
100
AcDbEntity
  8
BLACK
  6
CONTINUOUS
100
AcDbLine
 10
0.080661811023622
 20
-2.8634841338582677
 30
0
 11
0.080661811023622
 21
-2.8578598425196851
 31
0
  0
LINE
  5
3B5
330
1A
100
AcDbEntity
  8
BLACK
  6
CONTINUOUS
100
AcDbLine
 10
0.080661811023622
 20
-2.8578598425196851
 30
0
 11
0.0806716929133858
 21
-2.8577592913385828
 31
0
  0
LINE
  5
3B6
330
1A
100
AcDbEntity
  8
BLACK
  6
CONTINUOUS
100
AcDbLine
 10
0.0806716929133858
 20
-2.8577592913385828
 30
0
 11
0.0806653149606299
 21
-2.8577162992125982
 31
0
  0
LINE
  5
3B7
330
1A
100
AcDbEntity
  8
BLACK
  6
CONTINUOUS
100
AcDbLine
 10
0.0806653149606299
 20
-2.8577162992125982
 30
0
 11
0.0806971653543307
 21
-2.8575007874015745
 31
0
  0
LINE
  5
3B8
330
1A
100
AcDbEntity
  8
BLACK
  6
CONTINUOUS
100
AcDbLine
 10
0.0806971653543307
 20
-2.8575007874015745
 30
0
 11
0.0807185433070866
 21
-2.8572837795275592
 31
0
  0
LINE
  5
3B9
330
1A
100
AcDbEntity
  8
BLACK
  6
CONTINUOUS
100
AcDbLine
 10
0.0807185433070866
 20
-2.8572837795275592
 30
0
 11
0.080735157480315
 21
-2.8572435433070864
 31
0
  0
LINE
  5
3BA
330
1A
100
AcDbEntity
  8
BLACK
  6
CONTINUOUS
100
AcDbLine
 10
0.080735157480315
 20
-2.8572435433070864
 30
0
 11
0.0807499606299213
 21
-2.8571437007874017
 31
0
  0
LINE
  5
3BB
330
1A
100
AcDbEntity
  8
BLACK
  6
CONTINUOUS
100
AcDbLine
 10
0.0807499606299213
 20
-2.8571437007874017
 30
0
 11
0.0826247244094488
 21
-2.8496446456692914
 31
0
  0
LINE
  5
3BC
330
1A
100
AcDbEntity
  8
BLACK
  6
CONTINUOUS
100
AcDbLine
 10
0.0826247244094488
 20
-2.8496446456692914
 30
0
 11
0.0826398818897638
 21
-2.8496021259842519
 31
0
  0
LINE
  5
3BD
330
1A
100
AcDbEntity
  8
BLACK
  6
CONTINUOUS
100
AcDbLine
 10
0.0826398818897638
 20
-2.8496021259842519
 30
0
 11
0.0826414173228346
 21
-2.8495809055118109
 31
0
  0
LINE
  5
3BE
330
1A
100
AcDbEntity
  8
BLACK
  6
CONTINUOUS
100
AcDbLine
 10
0.0826414173228346
 20
-2.8495809055118109
 30
0
 11
0.0827334251968504
 21
-2.849340433070866
 31
0
  0
LINE
  5
3BF
330
1A
100
AcDbEntity
  8
BLACK
  6
CONTINUOUS
100
AcDbLine
 10
0.0827334251968504
 20
-2.849340433070866
 30
0
 11
0.0828194881889764
 21
-2.8490995275590549
 31
0
  0
LINE
  5
3C0
330
1A
100
AcDbEntity
  8
BLACK
  6
CONTINUOUS
100
AcDbLine
 10
0.0828194881889764
 20
-2.8490995275590549
 30
0
 11
0.0828321653543307
 21
-2.8490823622047246
 31
0
  0
LINE
  5
3C1
330
1A
100
AcDbEntity
  8
BLACK
  6
CONTINUOUS
100
AcDbLine
 10
0.0828321653543307
 20
-2.8490823622047246
 30
0
 11
0.0828483070866142
 21
-2.8490402755905513
 31
0
  0
LINE
  5
3C2
330
1A
100
AcDbEntity
  8
BLACK
  6
CONTINUOUS
100
AcDbLine
 10
0.0828483070866142
 20
-2.8490402755905513
 30
0
 11
0.0847230708661417
 21
-2.8452907480314962
 31
0
  0
LINE
  5
3C3
330
1A
100
AcDbEntity
  8
BLACK
  6
CONTINUOUS
100
AcDbLine
 10
0.0847230708661417
 20
-2.8452907480314962
 30
0
 11
0.0848791338582677
 21
-2.8450427165354331
 31
0
  0
LINE
  5
3C4
330
1A
100
AcDbEntity
  8
BLACK
  6
CONTINUOUS
100
AcDbLine
 10
0.0848791338582677
 20
-2.8450427165354331
 30
0
 11
0.0849089763779527
 21
-2.8449707874015746
 31
0
  0
LINE
  5
3C5
330
1A
100
AcDbEntity
  8
BLACK
  6
CONTINUOUS
100
AcDbLine
 10
0.0849089763779527
 20
-2.8449707874015746
 30
0
 11
0.0849754330708661
 21
-2.8448898031496062
 31
0
  0
LINE
  5
3C6
330
1A
100
AcDbEntity
  8
BLACK
  6
CONTINUOUS
100
AcDbLine
 10
0.0849754330708661
 20
-2.8448898031496062
 30
0
 11
0.0850314173228346
 21
-2.8448008661417323
 31
0
  0
LINE
  5
3C7
330
1A
100
AcDbEntity
  8
BLACK
  6
CONTINUOUS
100
AcDbLine
 10
0.0850314173228346
 20
-2.8448008661417323
 30
0
 11
0.0850903937007874
 21
-2.8447496850393699
 31
0
  0
LINE
  5
3C8
330
1A
100
AcDbEntity
  8
BLACK
  6
CONTINUOUS
100
AcDbLine
 10
0.0850903937007874
 20
-2.8447496850393699
 30
0
 11
0.0852761811023622
 21
-2.8445233464566928
 31
0
  0
LINE
  5
3C9
330
1A
100
AcDbEntity
  8
BLACK
  6
CONTINUOUS
100
AcDbLine
 10
0.0852761811023622
 20
-2.8445233464566928
 30
0
 11
0.0890257086614173
 21
-2.8407738188976377
 31
0
  0
LINE
  5
3CA
330
1A
100
AcDbEntity
  8
BLACK
  6
CONTINUOUS
100
AcDbLine
 10
0.0890257086614173
 20
-2.8407738188976377
 30
0
 11
0.0894731496062992
 21
-2.8404065748031497
 31
0
  0
LINE
  5
3CB
330
1A
100
AcDbEntity
  8
BLACK
  6
CONTINUOUS
100
AcDbLine
 10
0.0894731496062992
 20
-2.8404065748031497
 30
0
 11
0.0895711811023622
 21
-2.8403659448818899
 31
0
  0
LINE
  5
3CC
330
1A
100
AcDbEntity
  8
BLACK
  6
CONTINUOUS
100
AcDbLine
 10
0.0895711811023622
 20
-2.8403659448818899
 30
0
 11
0.0896512992125984
 21
-2.8402964960629919
 31
0
  0
LINE
  5
3CD
330
1A
100
AcDbEntity
  8
BLACK
  6
CONTINUOUS
100
AcDbLine
 10
0.0896512992125984
 20
-2.8402964960629919
 30
0
 11
0.0901798818897638
 21
-2.8400605118110236
 31
0
  0
LINE
  5
3CE
330
1A
100
AcDbEntity
  8
BLACK
  6
CONTINUOUS
100
AcDbLine
 10
0.0901798818897638
 20
-2.8400605118110236
 30
0
 11
0.0958041338582677
 21
-2.838185748031496
 31
0
  0
LINE
  5
3CF
330
1A
100
AcDbEntity
  8
BLACK
  6
CONTINUOUS
100
AcDbLine
 10
0.0958041338582677
 20
-2.838185748031496
 30
0
 11
0.0960897637795276
 21
-2.8381207874015746
 31
0
  0
LINE
  5
3D0
330
1A
100
AcDbEntity
  8
BLACK
  6
CONTINUOUS
100
AcDbLine
 10
0.0960897637795276
 20
-2.8381207874015746
 30
0
 11
0.0961618503937008
 21
-2.8380909448818898
 31
0
  0
LINE
  5
3D1
330
1A
100
AcDbEntity
  8
BLACK
  6
CONTINUOUS
100
AcDbLine
 10
0.0961618503937008
 20
-2.8380909448818898
 30
0
 11
0.0962662992125984
 21
-2.8380806299212598
 31
0
  0
LINE
  5
3D2
330
1A
100
AcDbEntity
  8
BLACK
  6
CONTINUOUS
100
AcDbLine
 10
0.0962662992125984
 20
-2.8380806299212598
 30
0
 11
0.0963685826771653
 21
-2.8380574015748032
 31
0
  0
LINE
  5
3D3
330
1A
100
AcDbEntity
  8
BLACK
  6
CONTINUOUS
100
AcDbLine
 10
0.0963685826771653
 20
-2.8380574015748032
 30
0
 11
0.0964462992125984
 21
-2.8380629133858268
 31
0
  0
LINE
  5
3D4
330
1A
100
AcDbEntity
  8
BLACK
  6
CONTINUOUS
100
AcDbLine
 10
0.0964462992125984
 20
-2.8380629133858268
 30
0
 11
0.0967379133858268
 21
-2.838034212598425
 31
0
  0
LINE
  5
3D5
330
1A
100
AcDbEntity
  8
BLACK
  6
CONTINUOUS
100
AcDbLine
 10
0.0967379133858268
 20
-2.838034212598425
 30
0
 11
0.1004874409448819
 21
-2.838034212598425
 31
0
  0
LINE
  5
3D6
330
1A
100
AcDbEntity
  8
BLACK
  6
CONTINUOUS
100
AcDbLine
 10
0.1004874409448819
 20
-2.838034212598425
 30
0
 11
0.1007789763779528
 21
-2.8380629133858268
 31
0
  0
LINE
  5
3D7
330
1A
100
AcDbEntity
  8
BLACK
  6
CONTINUOUS
100
AcDbLine
 10
0.205778937007874
 20
-2.8380642125984252
 30
0
 11
0.2058564173228346
 21
-2.83805905511811
 31
0
  0
LINE
  5
3D8
330
1A
100
AcDbEntity
  8
BLACK
  6
CONTINUOUS
100
AcDbLine
 10
0.2058564173228346
 20
-2.83805905511811
 30
0
 11
0.2059097637795275
 21
-2.8380770866141733
 31
0
  0
LINE
  5
3D9
330
1A
100
AcDbEntity
  8
BLACK
  6
CONTINUOUS
100
AcDbLine
 10
0.2059097637795275
 20
-2.8380770866141733
 30
0
 11
0.2060503543307086
 21
-2.8380909448818898
 31
0
  0
LINE
  5
3DA
330
1A
100
AcDbEntity
  8
BLACK
  6
CONTINUOUS
100
AcDbLine
 10
0.2060503543307086
 20
-2.8380909448818898
 30
0
 11
0.2064935433070866
 21
-2.8382745275590548
 31
0
  0
LINE
  5
3DB
330
1A
100
AcDbEntity
  8
BLACK
  6
CONTINUOUS
100
AcDbLine
 10
0.2064935433070866
 20
-2.8382745275590548
 30
0
 11
0.2069477952755905
 21
-2.8384281496062993
 31
0
  0
LINE
  5
3DC
330
1A
100
AcDbEntity
  8
BLACK
  6
CONTINUOUS
100
AcDbLine
 10
0.2069477952755905
 20
-2.8384281496062993
 30
0
 11
0.2070227559055118
 21
-2.8384937007874016
 31
0
  0
LINE
  5
3DD
330
1A
100
AcDbEntity
  8
BLACK
  6
CONTINUOUS
100
AcDbLine
 10
0.2070227559055118
 20
-2.8384937007874016
 30
0
 11
0.2071147637795276
 21
-2.8385318503937009
 31
0
  0
LINE
  5
3DE
330
1A
100
AcDbEntity
  8
BLACK
  6
CONTINUOUS
100
AcDbLine
 10
0.2071147637795276
 20
-2.8385318503937009
 30
0
 11
0.2074537401574803
 21
-2.8388708267716534
 31
0
  0
LINE
  5
3DF
330
1A
100
AcDbEntity
  8
BLACK
  6
CONTINUOUS
100
AcDbLine
 10
0.2074537401574803
 20
-2.8388708267716534
 30
0
 11
0.2078148818897638
 21
-2.8391868110236218
 31
0
  0
LINE
  5
3E0
330
1A
100
AcDbEntity
  8
BLACK
  6
CONTINUOUS
100
AcDbLine
 10
0.2078148818897638
 20
-2.8391868110236218
 30
0
 11
0.2078590551181102
 21
-2.8392761417322836
 31
0
  0
LINE
  5
3E1
330
1A
100
AcDbEntity
  8
BLACK
  6
CONTINUOUS
100
AcDbLine
 10
0.2078590551181102
 20
-2.8392761417322836
 30
0
 11
0.2079294094488189
 21
-2.8393464960629919
 31
0
  0
LINE
  5
3E2
330
1A
100
AcDbEntity
  8
BLACK
  6
CONTINUOUS
100
AcDbLine
 10
0.2079294094488189
 20
-2.8393464960629919
 30
0
 11
0.208112874015748
 21
-2.839789409448819
 31
0
  0
LINE
  5
3E3
330
1A
100
AcDbEntity
  8
BLACK
  6
CONTINUOUS
100
AcDbLine
 10
0.208112874015748
 20
-2.839789409448819
 30
0
 11
0.2083255905511811
 21
-2.8402195669291337
 31
0
  0
LINE
  5
3E4
330
1A
100
AcDbEntity
  8
BLACK
  6
CONTINUOUS
100
AcDbLine
 10
0.2083255905511811
 20
-2.8402195669291337
 30
0
 11
0.2083322047244094
 21
-2.8403188976377951
 31
0
  0
LINE
  5
3E5
330
1A
100
AcDbEntity
  8
BLACK
  6
CONTINUOUS
100
AcDbLine
 10
0.2083322047244094
 20
-2.8403188976377951
 30
0
 11
0.2083703149606299
 21
-2.8404109055118107
 31
0
  0
LINE
  5
3E6
330
1A
100
AcDbEntity
  8
BLACK
  6
CONTINUOUS
100
AcDbLine
 10
0.2083703149606299
 20
-2.8404109055118107
 30
0
 11
0.2083703149606299
 21
-2.8408905905511812
 31
0
  0
LINE
  5
3E7
330
1A
100
AcDbEntity
  8
BLACK
  6
CONTINUOUS
100
AcDbLine
 10
0.2083703149606299
 20
-2.8408905905511812
 30
0
 11
0.2084022047244095
 21
-2.8413690944881891
 31
0
  0
LINE
  5
3E8
330
1A
100
AcDbEntity
  8
BLACK
  6
CONTINUOUS
100
AcDbLine
 10
0.2084022047244095
 20
-2.8413690944881891
 30
0
 11
0.2083703149606299
 21
-2.8414633858267715
 31
0
  0
LINE
  5
3E9
330
1A
100
AcDbEntity
  8
BLACK
  6
CONTINUOUS
100
AcDbLine
 10
0.2083703149606299
 20
-2.8414633858267715
 30
0
 11
0.2083703149606299
 21
-2.8415630314960629
 31
0
  0
LINE
  5
3EA
330
1A
100
AcDbEntity
  8
BLACK
  6
CONTINUOUS
100
AcDbLine
 10
0.2083703149606299
 20
-2.8415630314960629
 30
0
 11
0.2081866929133858
 21
-2.8420062204724408
 31
0
  0
LINE
  5
3EB
330
1A
100
AcDbEntity
  8
BLACK
  6
CONTINUOUS
100
AcDbLine
 10
0.2081866929133858
 20
-2.8420062204724408
 30
0
 11
0.2080331102362205
 21
-2.842460472440945
 31
0
  0
LINE
  5
3EC
330
1A
100
AcDbEntity
  8
BLACK
  6
CONTINUOUS
100
AcDbLine
 10
0.2080331102362205
 20
-2.842460472440945
 30
0
 11
0.2079509842519685
 21
-2.8425753149606297
 31
0
  0
LINE
  5
3ED
330
1A
100
AcDbEntity
  8
BLACK
  6
CONTINUOUS
100
AcDbLine
 10
0.2079509842519685
 20
-2.8425753149606297
 30
0
 11
0.2079294094488189
 21
-2.8426274409448817
 31
0
  0
LINE
  5
3EE
330
1A
100
AcDbEntity
  8
BLACK
  6
CONTINUOUS
100
AcDbLine
 10
0.2079294094488189
 20
-2.8426274409448817
 30
0
 11
0.2078744488188976
 21
-2.8426823622047244
 31
0
  0
LINE
  5
3EF
330
1A
100
AcDbEntity
  8
BLACK
  6
CONTINUOUS
100
AcDbLine
 10
0.2078744488188976
 20
-2.8426823622047244
 30
0
 11
0.2076964566929134
 21
-2.8429313779527559
 31
0
  0
LINE
  5
3F0
330
1A
100
AcDbEntity
  8
BLACK
  6
CONTINUOUS
100
AcDbLine
 10
0.2076964566929134
 20
-2.8429313779527559
 30
0
 11
0.1987635433070866
 21
-2.8531403937007873
 31
0
  0
LINE
  5
3F1
330
1A
100
AcDbEntity
  8
BLACK
  6
CONTINUOUS
100
AcDbLine
 10
0.1987635433070866
 20
-2.8531403937007873
 30
0
 11
0.1992957480314961
 21
-2.85334405511811
 31
0
  0
LINE
  5
3F2
330
1A
100
AcDbEntity
  8
BLACK
  6
CONTINUOUS
100
AcDbLine
 10
0.1992957480314961
 20
-2.85334405511811
 30
0
 11
0.2030452755905512
 21
-2.8552188188976375
 31
0
  0
LINE
  5
3F3
330
1A
100
AcDbEntity
  8
BLACK
  6
CONTINUOUS
100
AcDbLine
 10
0.2030452755905512
 20
-2.8552188188976375
 30
0
 11
0.2032932677165354
 21
-2.8553748818897637
 31
0
  0
LINE
  5
3F4
330
1A
100
AcDbEntity
  8
BLACK
  6
CONTINUOUS
100
AcDbLine
 10
0.2032932677165354
 20
-2.8553748818897637
 30
0
 11
0.2033652362204724
 21
-2.8554047244094489
 31
0
  0
LINE
  5
3F5
330
1A
100
AcDbEntity
  8
BLACK
  6
CONTINUOUS
100
AcDbLine
 10
0.2033652362204724
 20
-2.8554047244094489
 30
0
 11
0.2034461811023622
 21
-2.8554711811023621
 31
0
  0
LINE
  5
3F6
330
1A
100
AcDbEntity
  8
BLACK
  6
CONTINUOUS
100
AcDbLine
 10
0.2034461811023622
 20
-2.8554711811023621
 30
0
 11
0.2035351574803149
 21
-2.8555271653543306
 31
0
  0
LINE
  5
3F7
330
1A
100
AcDbEntity
  8
BLACK
  6
CONTINUOUS
100
AcDbLine
 10
0.2035351574803149
 20
-2.8555271653543306
 30
0
 11
0.2035862992125984
 21
-2.8555861417322834
 31
0
  0
LINE
  5
3F8
330
1A
100
AcDbEntity
  8
BLACK
  6
CONTINUOUS
100
AcDbLine
 10
0.2035862992125984
 20
-2.8555861417322834
 30
0
 11
0.2038126771653543
 21
-2.8557719291338581
 31
0
  0
LINE
  5
3F9
330
1A
100
AcDbEntity
  8
BLACK
  6
CONTINUOUS
100
AcDbLine
 10
0.2038126771653543
 20
-2.8557719291338581
 30
0
 11
0.2056874409448819
 21
-2.8576466929133857
 31
0
  0
LINE
  5
3FA
330
1A
100
AcDbEntity
  8
BLACK
  6
CONTINUOUS
100
AcDbLine
 10
0.2056874409448819
 20
-2.8576466929133857
 30
0
 11
0.2058731889763779
 21
-2.8578730314960628
 31
0
  0
LINE
  5
3FB
330
1A
100
AcDbEntity
  8
BLACK
  6
CONTINUOUS
100
AcDbLine
 10
0.2058731889763779
 20
-2.8578730314960628
 30
0
 11
0.2059322047244095
 21
-2.8579242125984252
 31
0
  0
LINE
  5
3FC
330
1A
100
AcDbEntity
  8
BLACK
  6
CONTINUOUS
100
AcDbLine
 10
0.2059322047244095
 20
-2.8579242125984252
 30
0
 11
0.2059881496062992
 21
-2.858013149606299
 31
0
  0
LINE
  5
3FD
330
1A
100
AcDbEntity
  8
BLACK
  6
CONTINUOUS
100
AcDbLine
 10
0.2059881496062992
 20
-2.858013149606299
 30
0
 11
0.2060546456692913
 21
-2.8580941338582675
 31
0
  0
LINE
  5
3FE
330
1A
100
AcDbEntity
  8
BLACK
  6
CONTINUOUS
100
AcDbLine
 10
0.2060546456692913
 20
-2.8580941338582675
 30
0
 11
0.2060844488188976
 21
-2.8581660629921259
 31
0
  0
LINE
  5
3FF
330
1A
100
AcDbEntity
  8
BLACK
  6
CONTINUOUS
100
AcDbLine
 10
0.2060844488188976
 20
-2.8581660629921259
 30
0
 11
0.2062405511811023
 21
-2.8584140944881891
 31
0
  0
LINE
  5
400
330
1A
100
AcDbEntity
  8
BLACK
  6
CONTINUOUS
100
AcDbLine
 10
0.2062405511811023
 20
-2.8584140944881891
 30
0
 11
0.2081153149606299
 21
-2.8621636220472442
 31
0
  0
LINE
  5
401
330
1A
100
AcDbEntity
  8
BLACK
  6
CONTINUOUS
100
AcDbLine
 10
0.2081153149606299
 20
-2.8621636220472442
 30
0
 11
0.2083222047244094
 21
-2.862704212598425
 31
0
  0
LINE
  5
402
330
1A
100
AcDbEntity
  8
BLACK
  6
CONTINUOUS
100
AcDbLine
 10
0.2083222047244094
 20
-2.862704212598425
 30
0
 11
0.2083297244094488
 21
-2.8628100787401576
 31
0
  0
LINE
  5
403
330
1A
100
AcDbEntity
  8
BLACK
  6
CONTINUOUS
100
AcDbLine
 10
0.2083297244094488
 20
-2.8628100787401576
 30
0
 11
0.2083703149606299
 21
-2.8629080708661419
 31
0
  0
LINE
  5
404
330
1A
100
AcDbEntity
  8
BLACK
  6
CONTINUOUS
100
AcDbLine
 10
0.2083703149606299
 20
-2.8629080708661419
 30
0
 11
0.2084270472440945
 21
-2.8634841338582677
 31
0
  0
LINE
  5
405
330
1A
100
AcDbEntity
  8
BLACK
  6
CONTINUOUS
100
AcDbLine
 10
0.2084270472440945
 20
-2.8634841338582677
 30
0
 11
0.2084270472440945
 21
-2.8728579527559055
 31
0
  0
LINE
  5
406
330
1A
100
AcDbEntity
  8
BLACK
  6
CONTINUOUS
100
AcDbLine
 10
0.2084270472440945
 20
-2.8728579527559055
 30
0
 11
0.2083703149606299
 21
-2.8734340157480314
 31
0
  0
LINE
  5
407
330
1A
100
AcDbEntity
  8
BLACK
  6
CONTINUOUS
100
AcDbLine
 10
0.2083703149606299
 20
-2.8734340157480314
 30
0
 11
0.2083297244094488
 21
-2.8735319685039369
 31
0
  0
LINE
  5
408
330
1A
100
AcDbEntity
  8
BLACK
  6
CONTINUOUS
100
AcDbLine
 10
0.2083297244094488
 20
-2.8735319685039369
 30
0
 11
0.2083222047244094
 21
-2.8736378740157478
 31
0
  0
LINE
  5
409
330
1A
100
AcDbEntity
  8
BLACK
  6
CONTINUOUS
100
AcDbLine
 10
0.2083222047244094
 20
-2.8736378740157478
 30
0
 11
0.2081153149606299
 21
-2.874178464566929
 31
0
  0
LINE
  5
40A
330
1A
100
AcDbEntity
  8
BLACK
  6
CONTINUOUS
100
AcDbLine
 10
0.2081153149606299
 20
-2.874178464566929
 30
0
 11
0.2062405511811023
 21
-2.8779279921259842
 31
0
  0
LINE
  5
40B
330
1A
100
AcDbEntity
  8
BLACK
  6
CONTINUOUS
100
AcDbLine
 10
0.2062405511811023
 20
-2.8779279921259842
 30
0
 11
0.2060844881889764
 21
-2.8781758661417323
 31
0
  0
LINE
  5
40C
330
1A
100
AcDbEntity
  8
BLACK
  6
CONTINUOUS
100
AcDbLine
 10
0.2060844881889764
 20
-2.8781758661417323
 30
0
 11
0.2060546850393701
 21
-2.8782479133858265
 31
0
  0
LINE
  5
40D
330
1A
100
AcDbEntity
  8
BLACK
  6
CONTINUOUS
100
AcDbLine
 10
0.2060546850393701
 20
-2.8782479133858265
 30
0
 11
0.2059881496062992
 21
-2.8783289370078737
 31
0
  0
LINE
  5
40E
330
1A
100
AcDbEntity
  8
BLACK
  6
CONTINUOUS
100
AcDbLine
 10
0.2059881496062992
 20
-2.8783289370078737
 30
0
 11
0.2059322047244095
 21
-2.878417874015748
 31
0
  0
LINE
  5
40F
330
1A
100
AcDbEntity
  8
BLACK
  6
CONTINUOUS
100
AcDbLine
 10
0.2059322047244095
 20
-2.878417874015748
 30
0
 11
0.2058731889763779
 21
-2.8784690157480313
 31
0
  0
LINE
  5
410
330
1A
100
AcDbEntity
  8
BLACK
  6
CONTINUOUS
100
AcDbLine
 10
0.2058731889763779
 20
-2.8784690157480313
 30
0
 11
0.2056874409448819
 21
-2.8786953937007875
 31
0
  0
LINE
  5
411
330
1A
100
AcDbEntity
  8
BLACK
  6
CONTINUOUS
100
AcDbLine
 10
0.2056874409448819
 20
-2.8786953937007875
 30
0
 11
0.2038127165354331
 21
-2.8805701574803151
 31
0
  0
LINE
  5
412
330
1A
100
AcDbEntity
  8
BLACK
  6
CONTINUOUS
100
AcDbLine
 10
0.2038127165354331
 20
-2.8805701574803151
 30
0
 11
0.2035863385826772
 21
-2.880755905511811
 31
0
  0
LINE
  5
413
330
1A
100
AcDbEntity
  8
BLACK
  6
CONTINUOUS
100
AcDbLine
 10
0.2035863385826772
 20
-2.880755905511811
 30
0
 11
0.2035351574803149
 21
-2.8808149606299214
 31
0
  0
LINE
  5
414
330
1A
100
AcDbEntity
  8
BLACK
  6
CONTINUOUS
100
AcDbLine
 10
0.2035351574803149
 20
-2.8808149606299214
 30
0
 11
0.2034461811023622
 21
-2.8808709448818899
 31
0
  0
LINE
  5
415
330
1A
100
AcDbEntity
  8
BLACK
  6
CONTINUOUS
100
AcDbLine
 10
0.2034461811023622
 20
-2.8808709448818899
 30
0
 11
0.2033652362204724
 21
-2.880937401574803
 31
0
  0
LINE
  5
416
330
1A
100
AcDbEntity
  8
BLACK
  6
CONTINUOUS
100
AcDbLine
 10
0.2033652362204724
 20
-2.880937401574803
 30
0
 11
0.2032932677165354
 21
-2.8809672047244095
 31
0
  0
LINE
  5
417
330
1A
100
AcDbEntity
  8
BLACK
  6
CONTINUOUS
100
AcDbLine
 10
0.2032932677165354
 20
-2.8809672047244095
 30
0
 11
0.2030452755905512
 21
-2.881123307086614
 31
0
  0
LINE
  5
418
330
1A
100
AcDbEntity
  8
BLACK
  6
CONTINUOUS
100
AcDbLine
 10
0.2030452755905512
 20
-2.881123307086614
 30
0
 11
0.1992957480314961
 21
-2.8829980708661416
 31
0
  0
LINE
  5
419
330
1A
100
AcDbEntity
  8
BLACK
  6
CONTINUOUS
100
AcDbLine
 10
0.1992957480314961
 20
-2.8829980708661416
 30
0
 11
0.1987551181102362
 21
-2.883204960629921
 31
0
  0
LINE
  5
41A
330
1A
100
AcDbEntity
  8
BLACK
  6
CONTINUOUS
100
AcDbLine
 10
0.1987551181102362
 20
-2.883204960629921
 30
0
 11
0.1986492913385827
 21
-2.8832124409448818
 31
0
  0
LINE
  5
41B
330
1A
100
AcDbEntity
  8
BLACK
  6
CONTINUOUS
100
AcDbLine
 10
0.1986492913385827
 20
-2.8832124409448818
 30
0
 11
0.1985512992125984
 21
-2.8832530708661417
 31
0
  0
LINE
  5
41C
330
1A
100
AcDbEntity
  8
BLACK
  6
CONTINUOUS
100
AcDbLine
 10
0.1985512992125984
 20
-2.8832530708661417
 30
0
 11
0.1979752362204724
 21
-2.8833098031496061
 31
0
  0
LINE
  5
41D
330
1A
100
AcDbEntity
  8
BLACK
  6
CONTINUOUS
100
AcDbLine
 10
0.1979752362204724
 20
-2.8833098031496061
 30
0
 11
0.1867266535433071
 21
-2.8833098031496061
 31
0
  0
LINE
  5
41E
330
1A
100
AcDbEntity
  8
BLACK
  6
CONTINUOUS
100
AcDbLine
 10
0.1867266535433071
 20
-2.8833098031496061
 30
0
 11
0.1861505905511811
 21
-2.8832530708661417
 31
0
  0
LINE
  5
41F
330
1A
100
AcDbEntity
  8
BLACK
  6
CONTINUOUS
100
AcDbLine
 10
0.1861505905511811
 20
-2.8832530708661417
 30
0
 11
0.1860525984251968
 21
-2.8832124803149606
 31
0
  0
LINE
  5
420
330
1A
100
AcDbEntity
  8
BLACK
  6
CONTINUOUS
100
AcDbLine
 10
0.1860525984251968
 20
-2.8832124803149606
 30
0
 11
0.1859467322834646
 21
-2.883204960629921
 31
0
  0
LINE
  5
421
330
1A
100
AcDbEntity
  8
BLACK
  6
CONTINUOUS
100
AcDbLine
 10
0.1859467322834646
 20
-2.883204960629921
 30
0
 11
0.1854061417322835
 21
-2.8829980708661416
 31
0
  0
LINE
  5
422
330
1A
100
AcDbEntity
  8
BLACK
  6
CONTINUOUS
100
AcDbLine
 10
0.1854061417322835
 20
-2.8829980708661416
 30
0
 11
0.1816566141732283
 21
-2.881123307086614
 31
0
  0
LINE
  5
423
330
1A
100
AcDbEntity
  8
BLACK
  6
CONTINUOUS
100
AcDbLine
 10
0.1816566141732283
 20
-2.881123307086614
 30
0
 11
0.1814085826771653
 21
-2.8809672047244095
 31
0
  0
LINE
  5
424
330
1A
100
AcDbEntity
  8
BLACK
  6
CONTINUOUS
100
AcDbLine
 10
0.1814085826771653
 20
-2.8809672047244095
 30
0
 11
0.1813366535433071
 21
-2.880937401574803
 31
0
  0
LINE
  5
425
330
1A
100
AcDbEntity
  8
BLACK
  6
CONTINUOUS
100
AcDbLine
 10
0.1813366535433071
 20
-2.880937401574803
 30
0
 11
0.1812556692913386
 21
-2.8808709448818899
 31
0
  0
LINE
  5
426
330
1A
100
AcDbEntity
  8
BLACK
  6
CONTINUOUS
100
AcDbLine
 10
0.1812556692913386
 20
-2.8808709448818899
 30
0
 11
0.1811667322834646
 21
-2.8808149606299214
 31
0
  0
LINE
  5
427
330
1A
100
AcDbEntity
  8
BLACK
  6
CONTINUOUS
100
AcDbLine
 10
0.1811667322834646
 20
-2.8808149606299214
 30
0
 11
0.1811155118110236
 21
-2.880755905511811
 31
0
  0
LINE
  5
428
330
1A
100
AcDbEntity
  8
BLACK
  6
CONTINUOUS
100
AcDbLine
 10
0.1811155118110236
 20
-2.880755905511811
 30
0
 11
0.1808891732283464
 21
-2.8805701574803151
 31
0
  0
LINE
  5
429
330
1A
100
AcDbEntity
  8
BLACK
  6
CONTINUOUS
100
AcDbLine
 10
0.1808891732283464
 20
-2.8805701574803151
 30
0
 11
0.1790144094488189
 21
-2.8786953543307088
 31
0
  0
LINE
  5
42A
330
1A
100
AcDbEntity
  8
BLACK
  6
CONTINUOUS
100
AcDbLine
 10
0.1790144094488189
 20
-2.8786953543307088
 30
0
 11
0.1786472047244095
 21
-2.8782479133858265
 31
0
  0
LINE
  5
42B
330
1A
100
AcDbEntity
  8
BLACK
  6
CONTINUOUS
100
AcDbLine
 10
0.1786472047244095
 20
-2.8782479133858265
 30
0
 11
0.1782063385826771
 21
-2.8771835039370077
 31
0
  0
LINE
  5
42C
330
1A
100
AcDbEntity
  8
BLACK
  6
CONTINUOUS
100
AcDbLine
 10
0.1782063385826771
 20
-2.8771835039370077
 30
0
 11
0.1782063385826771
 21
-2.8760314173228347
 31
0
  0
LINE
  5
42D
330
1A
100
AcDbEntity
  8
BLACK
  6
CONTINUOUS
100
AcDbLine
 10
0.1782063385826771
 20
-2.8760314173228347
 30
0
 11
0.1786472440944882
 21
-2.8749670078740155
 31
0
  0
LINE
  5
42E
330
1A
100
AcDbEntity
  8
BLACK
  6
CONTINUOUS
100
AcDbLine
 10
0.1786472440944882
 20
-2.8749670078740155
 30
0
 11
0.1794619291338583
 21
-2.8741523228346457
 31
0
  0
LINE
  5
42F
330
1A
100
AcDbEntity
  8
BLACK
  6
CONTINUOUS
100
AcDbLine
 10
0.1794619291338583
 20
-2.8741523228346457
 30
0
 11
0.1805263385826772
 21
-2.8737114566929134
 31
0
  0
LINE
  5
430
330
1A
100
AcDbEntity
  8
BLACK
  6
CONTINUOUS
100
AcDbLine
 10
0.1805263385826772
 20
-2.8737114566929134
 30
0
 11
0.1816784251968504
 21
-2.8737114566929134
 31
0
  0
LINE
  5
431
330
1A
100
AcDbEntity
  8
BLACK
  6
CONTINUOUS
100
AcDbLine
 10
0.1816784251968504
 20
-2.8737114566929134
 30
0
 11
0.1827428346456693
 21
-2.8741523622047245
 31
0
  0
LINE
  5
432
330
1A
100
AcDbEntity
  8
BLACK
  6
CONTINUOUS
100
AcDbLine
 10
0.1827428346456693
 20
-2.8741523622047245
 30
0
 11
0.1831903149606299
 21
-2.8745196062992124
 31
0
  0
LINE
  5
433
330
1A
100
AcDbEntity
  8
BLACK
  6
CONTINUOUS
100
AcDbLine
 10
0.1831903149606299
 20
-2.8745196062992124
 30
0
 11
0.1847262204724409
 21
-2.8760555511811021
 31
0
  0
LINE
  5
434
330
1A
100
AcDbEntity
  8
BLACK
  6
CONTINUOUS
100
AcDbLine
 10
0.1847262204724409
 20
-2.8760555511811021
 30
0
 11
0.1874237007874016
 21
-2.8774042913385824
 31
0
  0
LINE
  5
435
330
1A
100
AcDbEntity
  8
BLACK
  6
CONTINUOUS
100
AcDbLine
 10
0.1874237007874016
 20
-2.8774042913385824
 30
0
 11
0.1972781889763779
 21
-2.8774042913385824
 31
0
  0
LINE
  5
436
330
1A
100
AcDbEntity
  8
BLACK
  6
CONTINUOUS
100
AcDbLine
 10
0.1972781889763779
 20
-2.8774042913385824
 30
0
 11
0.1999756299212598
 21
-2.8760555511811021
 31
0
  0
LINE
  5
437
330
1A
100
AcDbEntity
  8
BLACK
  6
CONTINUOUS
100
AcDbLine
 10
0.1999756299212598
 20
-2.8760555511811021
 30
0
 11
0.2011727559055118
 21
-2.8748583858267716
 31
0
  0
LINE
  5
438
330
1A
100
AcDbEntity
  8
BLACK
  6
CONTINUOUS
100
AcDbLine
 10
0.2011727559055118
 20
-2.8748583858267716
 30
0
 11
0.2025215354330709
 21
-2.8721609055118109
 31
0
  0
LINE
  5
439
330
1A
100
AcDbEntity
  8
BLACK
  6
CONTINUOUS
100
AcDbLine
 10
0.2025215354330709
 20
-2.8721609055118109
 30
0
 11
0.2025215354330709
 21
-2.8641811811023623
 31
0
  0
LINE
  5
43A
330
1A
100
AcDbEntity
  8
BLACK
  6
CONTINUOUS
100
AcDbLine
 10
0.2025215354330709
 20
-2.8641811811023623
 30
0
 11
0.2011727952755905
 21
-2.8614837007874017
 31
0
  0
LINE
  5
43B
330
1A
100
AcDbEntity
  8
BLACK
  6
CONTINUOUS
100
AcDbLine
 10
0.2011727952755905
 20
-2.8614837007874017
 30
0
 11
0.1999756692913386
 21
-2.8602865748031494
 31
0
  0
LINE
  5
43C
330
1A
100
AcDbEntity
  8
BLACK
  6
CONTINUOUS
100
AcDbLine
 10
0.1999756692913386
 20
-2.8602865748031494
 30
0
 11
0.1972781889763779
 21
-2.8589378346456691
 31
0
  0
LINE
  5
43D
330
1A
100
AcDbEntity
  8
BLACK
  6
CONTINUOUS
100
AcDbLine
 10
0.1972781889763779
 20
-2.8589378346456691
 30
0
 11
0.1923509448818898
 21
-2.8589378346456691
 31
0
  0
LINE
  5
43E
330
1A
100
AcDbEntity
  8
BLACK
  6
CONTINUOUS
100
AcDbLine
 10
0.1923509448818898
 20
-2.8589378346456691
 30
0
 11
0.1920462598425197
 21
-2.8589077952755906
 31
0
  0
LINE
  5
43F
330
1A
100
AcDbEntity
  8
BLACK
  6
CONTINUOUS
100
AcDbLine
 10
0.1920462598425197
 20
-2.8589077952755906
 30
0
 11
0.1919688188976378
 21
-2.8589129921259842
 31
0
  0
LINE
  5
440
330
1A
100
AcDbEntity
  8
BLACK
  6
CONTINUOUS
100
AcDbLine
 10
0.1919688188976378
 20
-2.8589129921259842
 30
0
 11
0.1919154330708661
 21
-2.8588949212598425
 31
0
  0
LINE
  5
441
330
1A
100
AcDbEntity
  8
BLACK
  6
CONTINUOUS
100
AcDbLine
 10
0.1919154330708661
 20
-2.8588949212598425
 30
0
 11
0.1917748818897638
 21
-2.8588811023622047
 31
0
  0
LINE
  5
442
330
1A
100
AcDbEntity
  8
BLACK
  6
CONTINUOUS
100
AcDbLine
 10
0.1917748818897638
 20
-2.8588811023622047
 30
0
 11
0.1913316535433071
 21
-2.8586974803149605
 31
0
  0
LINE
  5
443
330
1A
100
AcDbEntity
  8
BLACK
  6
CONTINUOUS
100
AcDbLine
 10
0.1913316535433071
 20
-2.8586974803149605
 30
0
 11
0.1908774409448819
 21
-2.8585438976377953
 31
0
  0
LINE
  5
444
330
1A
100
AcDbEntity
  8
BLACK
  6
CONTINUOUS
100
AcDbLine
 10
0.1908774409448819
 20
-2.8585438976377953
 30
0
 11
0.1908024409448819
 21
-2.8584783070866142
 31
0
  0
LINE
  5
445
330
1A
100
AcDbEntity
  8
BLACK
  6
CONTINUOUS
100
AcDbLine
 10
0.1908024409448819
 20
-2.8584783070866142
 30
0
 11
0.1907104724409449
 21
-2.8584401968503936
 31
0
  0
LINE
  5
446
330
1A
100
AcDbEntity
  8
BLACK
  6
CONTINUOUS
100
AcDbLine
 10
0.1907104724409449
 20
-2.8584401968503936
 30
0
 11
0.1903714566929134
 21
-2.858101181102362
 31
0
  0
LINE
  5
447
330
1A
100
AcDbEntity
  8
BLACK
  6
CONTINUOUS
100
AcDbLine
 10
0.1903714566929134
 20
-2.858101181102362
 30
0
 11
0.1900103543307086
 21
-2.8577852362204723
 31
0
  0
LINE
  5
448
330
1A
100
AcDbEntity
  8
BLACK
  6
CONTINUOUS
100
AcDbLine
 10
0.1900103543307086
 20
-2.8577852362204723
 30
0
 11
0.1899661417322835
 21
-2.8576958661417322
 31
0
  0
LINE
  5
449
330
1A
100
AcDbEntity
  8
BLACK
  6
CONTINUOUS
100
AcDbLine
 10
0.1899661417322835
 20
-2.8576958661417322
 30
0
 11
0.1898958267716535
 21
-2.8576255511811022
 31
0
  0
LINE
  5
44A
330
1A
100
AcDbEntity
  8
BLACK
  6
CONTINUOUS
100
AcDbLine
 10
0.1898958267716535
 20
-2.8576255511811022
 30
0
 11
0.1897123228346457
 21
-2.8571825984251968
 31
0
  0
LINE
  5
44B
330
1A
100
AcDbEntity
  8
BLACK
  6
CONTINUOUS
100
AcDbLine
 10
0.1897123228346457
 20
-2.8571825984251968
 30
0
 11
0.1894996456692913
 21
-2.8567524803149604
 31
0
  0
LINE
  5
44C
330
1A
100
AcDbEntity
  8
BLACK
  6
CONTINUOUS
100
AcDbLine
 10
0.1894996456692913
 20
-2.8567524803149604
 30
0
 11
0.1894929921259842
 21
-2.8566531102362203
 31
0
  0
LINE
  5
44D
330
1A
100
AcDbEntity
  8
BLACK
  6
CONTINUOUS
100
AcDbLine
 10
0.1894929921259842
 20
-2.8566531102362203
 30
0
 11
0.1894549212598425
 21
-2.8565611417322834
 31
0
  0
LINE
  5
44E
330
1A
100
AcDbEntity
  8
BLACK
  6
CONTINUOUS
100
AcDbLine
 10
0.1894549212598425
 20
-2.8565611417322834
 30
0
 11
0.1894549212598425
 21
-2.8560814173228346
 31
0
  0
LINE
  5
44F
330
1A
100
AcDbEntity
  8
BLACK
  6
CONTINUOUS
100
AcDbLine
 10
0.1894549212598425
 20
-2.8560814173228346
 30
0
 11
0.189423031496063
 21
-2.8556029527559055
 31
0
  0
LINE
  5
450
330
1A
100
AcDbEntity
  8
BLACK
  6
CONTINUOUS
100
AcDbLine
 10
0.189423031496063
 20
-2.8556029527559055
 30
0
 11
0.1894549212598425
 21
-2.8555086220472439
 31
0
  0
LINE
  5
451
330
1A
100
AcDbEntity
  8
BLACK
  6
CONTINUOUS
100
AcDbLine
 10
0.1894549212598425
 20
-2.8555086220472439
 30
0
 11
0.1894549212598425
 21
-2.8554090157480316
 31
0
  0
LINE
  5
452
330
1A
100
AcDbEntity
  8
BLACK
  6
CONTINUOUS
100
AcDbLine
 10
0.1894549212598425
 20
-2.8554090157480316
 30
0
 11
0.1896385039370079
 21
-2.8549657874015746
 31
0
  0
LINE
  5
453
330
1A
100
AcDbEntity
  8
BLACK
  6
CONTINUOUS
100
AcDbLine
 10
0.1896385039370079
 20
-2.8549657874015746
 30
0
 11
0.189792125984252
 21
-2.8545115748031495
 31
0
  0
LINE
  5
454
330
1A
100
AcDbEntity
  8
BLACK
  6
CONTINUOUS
100
AcDbLine
 10
0.189792125984252
 20
-2.8545115748031495
 30
0
 11
0.1898742125984252
 21
-2.8543966929133857
 31
0
  0
LINE
  5
455
330
1A
100
AcDbEntity
  8
BLACK
  6
CONTINUOUS
100
AcDbLine
 10
0.1898742125984252
 20
-2.8543966929133857
 30
0
 11
0.1898958267716535
 21
-2.8543446062992124
 31
0
  0
LINE
  5
456
330
1A
100
AcDbEntity
  8
BLACK
  6
CONTINUOUS
100
AcDbLine
 10
0.1898958267716535
 20
-2.8543446062992124
 30
0
 11
0.1899507480314961
 21
-2.8542896456692914
 31
0
  0
LINE
  5
457
330
1A
100
AcDbEntity
  8
BLACK
  6
CONTINUOUS
100
AcDbLine
 10
0.1899507480314961
 20
-2.8542896456692914
 30
0
 11
0.190128779527559
 21
-2.8540406692913387
 31
0
  0
LINE
  5
458
330
1A
100
AcDbEntity
  8
BLACK
  6
CONTINUOUS
100
AcDbLine
 10
0.190128779527559
 20
-2.8540406692913387
 30
0
 11
0.198967125984252
 21
-2.8439397244094486
 31
0
  0
LINE
  5
459
330
1A
100
AcDbEntity
  8
BLACK
  6
CONTINUOUS
100
AcDbLine
 10
0.198967125984252
 20
-2.8439397244094486
 30
0
 11
0.1811023622047244
 21
-2.8439397244094486
 31
0
  0
LINE
  5
45A
330
1A
100
AcDbEntity
  8
BLACK
  6
CONTINUOUS
100
AcDbLine
 10
0.1811023622047244
 20
-2.8439397244094486
 30
0
 11
0.1805262992125984
 21
-2.8438829921259843
 31
0
  0
LINE
  5
45B
330
1A
100
AcDbEntity
  8
BLACK
  6
CONTINUOUS
100
AcDbLine
 10
0.1805262992125984
 20
-2.8438829921259843
 30
0
 11
0.1794618897637795
 21
-2.8434420866141732
 31
0
  0
LINE
  5
45C
330
1A
100
AcDbEntity
  8
BLACK
  6
CONTINUOUS
100
AcDbLine
 10
0.1794618897637795
 20
-2.8434420866141732
 30
0
 11
0.1786472440944882
 21
-2.8426274409448817
 31
0
  0
LINE
  5
45D
330
1A
100
AcDbEntity
  8
BLACK
  6
CONTINUOUS
100
AcDbLine
 10
0.1786472440944882
 20
-2.8426274409448817
 30
0
 11
0.1782063385826771
 21
-2.8415630314960629
 31
0
  0
LINE
  5
45E
330
1A
100
AcDbEntity
  8
BLACK
  6
CONTINUOUS
100
AcDbLine
 10
0.1782063385826771
 20
-2.8415630314960629
 30
0
 11
0.1782063385826771
 21
-2.8404109055118107
 31
0
  0
LINE
  5
45F
330
1A
100
AcDbEntity
  8
BLACK
  6
CONTINUOUS
100
AcDbLine
 10
0.1782063385826771
 20
-2.8404109055118107
 30
0
 11
0.1786472440944882
 21
-2.8393464960629919
 31
0
  0
LINE
  5
460
330
1A
100
AcDbEntity
  8
BLACK
  6
CONTINUOUS
100
AcDbLine
 10
0.1786472440944882
 20
-2.8393464960629919
 30
0
 11
0.1794618897637795
 21
-2.8385318503937009
 31
0
  0
LINE
  5
461
330
1A
100
AcDbEntity
  8
BLACK
  6
CONTINUOUS
100
AcDbLine
 10
0.1794618897637795
 20
-2.8385318503937009
 30
0
 11
0.1805262992125984
 21
-2.8380909448818898
 31
0
  0
LINE
  5
462
330
1A
100
AcDbEntity
  8
BLACK
  6
CONTINUOUS
100
AcDbLine
 10
0.1805262992125984
 20
-2.8380909448818898
 30
0
 11
0.1811023622047244
 21
-2.838034212598425
 31
0
  0
LINE
  5
463
330
1A
100
AcDbEntity
  8
BLACK
  6
CONTINUOUS
100
AcDbLine
 10
0.1811023622047244
 20
-2.838034212598425
 30
0
 11
0.2054742913385827
 21
-2.838034212598425
 31
0
  0
LINE
  5
464
330
1A
100
AcDbEntity
  8
BLACK
  6
CONTINUOUS
100
AcDbLine
 10
0.2054742913385827
 20
-2.838034212598425
 30
0
 11
0.205778937007874
 21
-2.8380642125984252
 31
0
  0
LINE
  5
465
330
1A
100
AcDbEntity
  8
BLACK
  6
CONTINUOUS
100
AcDbLine
 10
0.2695
 20
-2.8380909448818898
 30
0
 11
0.2697924015748032
 21
-2.8380909448818898
 31
0
  0
LINE
  5
466
330
1A
100
AcDbEntity
  8
BLACK
  6
CONTINUOUS
100
AcDbLine
 10
0.2697924015748032
 20
-2.8380909448818898
 30
0
 11
0.2700596456692914
 21
-2.8382016535433072
 31
0
  0
LINE
  5
467
330
1A
100
AcDbEntity
  8
BLACK
  6
CONTINUOUS
100
AcDbLine
 10
0.2700596456692914
 20
-2.8382016535433072
 30
0
 11
0.2703434645669291
 21
-2.8382577952755903
 31
0
  0
LINE
  5
468
330
1A
100
AcDbEntity
  8
BLACK
  6
CONTINUOUS
100
AcDbLine
 10
0.2703434645669291
 20
-2.8382577952755903
 30
0
 11
0.2705867322834646
 21
-2.8384199606299214
 31
0
  0
LINE
  5
469
330
1A
100
AcDbEntity
  8
BLACK
  6
CONTINUOUS
100
AcDbLine
 10
0.2705867322834646
 20
-2.8384199606299214
 30
0
 11
0.270856811023622
 21
-2.8385318503937009
 31
0
  0
LINE
  5
46A
330
1A
100
AcDbEntity
  8
BLACK
  6
CONTINUOUS
100
AcDbLine
 10
0.270856811023622
 20
-2.8385318503937009
 30
0
 11
0.2710612598425197
 21
-2.8387362992125982
 31
0
  0
LINE
  5
46B
330
1A
100
AcDbEntity
  8
BLACK
  6
CONTINUOUS
100
AcDbLine
 10
0.2710612598425197
 20
-2.8387362992125982
 30
0
 11
0.2713020866141732
 21
-2.8388968503937009
 31
0
  0
LINE
  5
46C
330
1A
100
AcDbEntity
  8
BLACK
  6
CONTINUOUS
100
AcDbLine
 10
0.2713020866141732
 20
-2.8388968503937009
 30
0
 11
0.2714648031496063
 21
-2.839139842519685
 31
0
  0
LINE
  5
46D
330
1A
100
AcDbEntity
  8
BLACK
  6
CONTINUOUS
100
AcDbLine
 10
0.2714648031496063
 20
-2.839139842519685
 30
0
 11
0.2716714566929134
 21
-2.8393464960629919
 31
0
  0
LINE
  5
46E
330
1A
100
AcDbEntity
  8
BLACK
  6
CONTINUOUS
100
AcDbLine
 10
0.2716714566929134
 20
-2.8393464960629919
 30
0
 11
0.2717821259842519
 21
-2.8396137007874014
 31
0
  0
LINE
  5
46F
330
1A
100
AcDbEntity
  8
BLACK
  6
CONTINUOUS
100
AcDbLine
 10
0.2717821259842519
 20
-2.8396137007874014
 30
0
 11
0.2719431496062992
 21
-2.8398541338582675
 31
0
  0
LINE
  5
470
330
1A
100
AcDbEntity
  8
BLACK
  6
CONTINUOUS
100
AcDbLine
 10
0.2719431496062992
 20
-2.8398541338582675
 30
0
 11
0.2720004724409449
 21
-2.8401407874015749
 31
0
  0
LINE
  5
471
330
1A
100
AcDbEntity
  8
BLACK
  6
CONTINUOUS
100
AcDbLine
 10
0.2720004724409449
 20
-2.8401407874015749
 30
0
 11
0.2721123622047244
 21
-2.8404109055118107
 31
0
  0
LINE
  5
472
330
1A
100
AcDbEntity
  8
BLACK
  6
CONTINUOUS
100
AcDbLine
 10
0.2721123622047244
 20
-2.8404109055118107
 30
0
 11
0.2721684645669291
 21
-2.8409808267716534
 31
0
  0
LINE
  5
473
330
1A
100
AcDbEntity
  8
BLACK
  6
CONTINUOUS
100
AcDbLine
 10
0.2721684645669291
 20
-2.8409808267716534
 30
0
 11
0.272169094488189
 21
-2.8409838582677165
 31
0
  0
LINE
  5
474
330
1A
100
AcDbEntity
  8
BLACK
  6
CONTINUOUS
100
AcDbLine
 10
0.272169094488189
 20
-2.8409838582677165
 30
0
 11
0.2721688582677165
 21
-2.8409848818897636
 31
0
  0
LINE
  5
475
330
1A
100
AcDbEntity
  8
BLACK
  6
CONTINUOUS
100
AcDbLine
 10
0.2721688582677165
 20
-2.8409848818897636
 30
0
 11
0.272169094488189
 21
-2.8409869685039371
 31
0
  0
LINE
  5
476
330
1A
100
AcDbEntity
  8
BLACK
  6
CONTINUOUS
100
AcDbLine
 10
0.272169094488189
 20
-2.8409869685039371
 30
0
 11
0.272169094488189
 21
-2.8774042913385824
 31
0
  0
LINE
  5
477
330
1A
100
AcDbEntity
  8
BLACK
  6
CONTINUOUS
100
AcDbLine
 10
0.272169094488189
 20
-2.8774042913385824
 30
0
 11
0.2804649212598425
 21
-2.8774042913385824
 31
0
  0
LINE
  5
478
330
1A
100
AcDbEntity
  8
BLACK
  6
CONTINUOUS
100
AcDbLine
 10
0.2804649212598425
 20
-2.8774042913385824
 30
0
 11
0.2810409842519685
 21
-2.8774610236220473
 31
0
  0
LINE
  5
479
330
1A
100
AcDbEntity
  8
BLACK
  6
CONTINUOUS
100
AcDbLine
 10
0.2810409842519685
 20
-2.8774610236220473
 30
0
 11
0.2821053937007874
 21
-2.8779019291338583
 31
0
  0
LINE
  5
47A
330
1A
100
AcDbEntity
  8
BLACK
  6
CONTINUOUS
100
AcDbLine
 10
0.2821053937007874
 20
-2.8779019291338583
 30
0
 11
0.2829200393700788
 21
-2.8787165748031494
 31
0
  0
LINE
  5
47B
330
1A
100
AcDbEntity
  8
BLACK
  6
CONTINUOUS
100
AcDbLine
 10
0.2829200393700788
 20
-2.8787165748031494
 30
0
 11
0.2833609448818897
 21
-2.8797809842519686
 31
0
  0
LINE
  5
47C
330
1A
100
AcDbEntity
  8
BLACK
  6
CONTINUOUS
100
AcDbLine
 10
0.2833609448818897
 20
-2.8797809842519686
 30
0
 11
0.2833609448818897
 21
-2.8809331102362203
 31
0
  0
LINE
  5
47D
330
1A
100
AcDbEntity
  8
BLACK
  6
CONTINUOUS
100
AcDbLine
 10
0.2833609448818897
 20
-2.8809331102362203
 30
0
 11
0.2829200393700788
 21
-2.8819975196850391
 31
0
  0
LINE
  5
47E
330
1A
100
AcDbEntity
  8
BLACK
  6
CONTINUOUS
100
AcDbLine
 10
0.2829200393700788
 20
-2.8819975196850391
 30
0
 11
0.2821053937007874
 21
-2.8828121653543306
 31
0
  0
LINE
  5
47F
330
1A
100
AcDbEntity
  8
BLACK
  6
CONTINUOUS
100
AcDbLine
 10
0.2821053937007874
 20
-2.8828121653543306
 30
0
 11
0.2810409842519685
 21
-2.8832530708661417
 31
0
  0
LINE
  5
480
330
1A
100
AcDbEntity
  8
BLACK
  6
CONTINUOUS
100
AcDbLine
 10
0.2810409842519685
 20
-2.8832530708661417
 30
0
 11
0.2804649212598425
 21
-2.8833098031496061
 31
0
  0
LINE
  5
481
330
1A
100
AcDbEntity
  8
BLACK
  6
CONTINUOUS
100
AcDbLine
 10
0.2804649212598425
 20
-2.8833098031496061
 30
0
 11
0.2579677559055118
 21
-2.8833098031496061
 31
0
  0
LINE
  5
482
330
1A
100
AcDbEntity
  8
BLACK
  6
CONTINUOUS
100
AcDbLine
 10
0.2579677559055118
 20
-2.8833098031496061
 30
0
 11
0.2573916929133858
 21
-2.8832530708661417
 31
0
  0
LINE
  5
483
330
1A
100
AcDbEntity
  8
BLACK
  6
CONTINUOUS
100
AcDbLine
 10
0.2573916929133858
 20
-2.8832530708661417
 30
0
 11
0.2563272834645669
 21
-2.8828121653543306
 31
0
  0
LINE
  5
484
330
1A
100
AcDbEntity
  8
BLACK
  6
CONTINUOUS
100
AcDbLine
 10
0.2563272834645669
 20
-2.8828121653543306
 30
0
 11
0.2555126377952756
 21
-2.8819975196850391
 31
0
  0
LINE
  5
485
330
1A
100
AcDbEntity
  8
BLACK
  6
CONTINUOUS
100
AcDbLine
 10
0.2555126377952756
 20
-2.8819975196850391
 30
0
 11
0.2550717322834646
 21
-2.8809331102362203
 31
0
  0
LINE
  5
486
330
1A
100
AcDbEntity
  8
BLACK
  6
CONTINUOUS
100
AcDbLine
 10
0.2550717322834646
 20
-2.8809331102362203
 30
0
 11
0.2550717322834646
 21
-2.8797809842519686
 31
0
  0
LINE
  5
487
330
1A
100
AcDbEntity
  8
BLACK
  6
CONTINUOUS
100
AcDbLine
 10
0.2550717322834646
 20
-2.8797809842519686
 30
0
 11
0.2555126377952756
 21
-2.8787165748031494
 31
0
  0
LINE
  5
488
330
1A
100
AcDbEntity
  8
BLACK
  6
CONTINUOUS
100
AcDbLine
 10
0.2555126377952756
 20
-2.8787165748031494
 30
0
 11
0.2563272834645669
 21
-2.8779019291338583
 31
0
  0
LINE
  5
489
330
1A
100
AcDbEntity
  8
BLACK
  6
CONTINUOUS
100
AcDbLine
 10
0.2563272834645669
 20
-2.8779019291338583
 30
0
 11
0.2573916929133858
 21
-2.8774610236220473
 31
0
  0
LINE
  5
48A
330
1A
100
AcDbEntity
  8
BLACK
  6
CONTINUOUS
100
AcDbLine
 10
0.2573916929133858
 20
-2.8774610236220473
 30
0
 11
0.2579677559055118
 21
-2.8774042913385824
 31
0
  0
LINE
  5
48B
330
1A
100
AcDbEntity
  8
BLACK
  6
CONTINUOUS
100
AcDbLine
 10
0.2579677559055118
 20
-2.8774042913385824
 30
0
 11
0.2662635826771653
 21
-2.8774042913385824
 31
0
  0
LINE
  5
48C
330
1A
100
AcDbEntity
  8
BLACK
  6
CONTINUOUS
100
AcDbLine
 10
0.2662635826771653
 20
-2.8774042913385824
 30
0
 11
0.2662635826771653
 21
-2.84999031496063
 31
0
  0
LINE
  5
48D
330
1A
100
AcDbEntity
  8
BLACK
  6
CONTINUOUS
100
AcDbLine
 10
0.2662635826771653
 20
-2.84999031496063
 30
0
 11
0.2638051968503937
 21
-2.8524487007874013
 31
0
  0
LINE
  5
48E
330
1A
100
AcDbEntity
  8
BLACK
  6
CONTINUOUS
100
AcDbLine
 10
0.2638051968503937
 20
-2.8524487007874013
 30
0
 11
0.2635788188976378
 21
-2.8526344488188977
 31
0
  0
LINE
  5
48F
330
1A
100
AcDbEntity
  8
BLACK
  6
CONTINUOUS
100
AcDbLine
 10
0.2635788188976378
 20
-2.8526344488188977
 30
0
 11
0.2635276771653543
 21
-2.8526934645669288
 31
0
  0
LINE
  5
490
330
1A
100
AcDbEntity
  8
BLACK
  6
CONTINUOUS
100
AcDbLine
 10
0.2635276771653543
 20
-2.8526934645669288
 30
0
 11
0.2634387007874016
 21
-2.8527494094488191
 31
0
  0
LINE
  5
491
330
1A
100
AcDbEntity
  8
BLACK
  6
CONTINUOUS
100
AcDbLine
 10
0.2634387007874016
 20
-2.8527494094488191
 30
0
 11
0.2633577559055118
 21
-2.852815905511811
 31
0
  0
LINE
  5
492
330
1A
100
AcDbEntity
  8
BLACK
  6
CONTINUOUS
100
AcDbLine
 10
0.2633577559055118
 20
-2.852815905511811
 30
0
 11
0.2632857874015748
 21
-2.8528457086614174
 31
0
  0
LINE
  5
493
330
1A
100
AcDbEntity
  8
BLACK
  6
CONTINUOUS
100
AcDbLine
 10
0.2632857874015748
 20
-2.8528457086614174
 30
0
 11
0.2630377952755906
 21
-2.8530018110236219
 31
0
  0
LINE
  5
494
330
1A
100
AcDbEntity
  8
BLACK
  6
CONTINUOUS
100
AcDbLine
 10
0.2630377952755906
 20
-2.8530018110236219
 30
0
 11
0.2592882677165354
 21
-2.8548765748031495
 31
0
  0
LINE
  5
495
330
1A
100
AcDbEntity
  8
BLACK
  6
CONTINUOUS
100
AcDbLine
 10
0.2592882677165354
 20
-2.8548765748031495
 30
0
 11
0.2587476377952756
 21
-2.855083464566929
 31
0
  0
LINE
  5
496
330
1A
100
AcDbEntity
  8
BLACK
  6
CONTINUOUS
100
AcDbLine
 10
0.2587476377952756
 20
-2.855083464566929
 30
0
 11
0.2575984251968504
 21
-2.8551651181102362
 31
0
  0
LINE
  5
497
330
1A
100
AcDbEntity
  8
BLACK
  6
CONTINUOUS
100
AcDbLine
 10
0.2575984251968504
 20
-2.8551651181102362
 30
0
 11
0.2565054724409448
 21
-2.8548007874015746
 31
0
  0
LINE
  5
498
330
1A
100
AcDbEntity
  8
BLACK
  6
CONTINUOUS
100
AcDbLine
 10
0.2565054724409448
 20
-2.8548007874015746
 30
0
 11
0.2556350787401575
 21
-2.8540459448818898
 31
0
  0
LINE
  5
499
330
1A
100
AcDbEntity
  8
BLACK
  6
CONTINUOUS
100
AcDbLine
 10
0.2556350787401575
 20
-2.8540459448818898
 30
0
 11
0.2551198425196851
 21
-2.8530154330708659
 31
0
  0
LINE
  5
49A
330
1A
100
AcDbEntity
  8
BLACK
  6
CONTINUOUS
100
AcDbLine
 10
0.2551198425196851
 20
-2.8530154330708659
 30
0
 11
0.2550381889763779
 21
-2.851866220472441
 31
0
  0
LINE
  5
49B
330
1A
100
AcDbEntity
  8
BLACK
  6
CONTINUOUS
100
AcDbLine
 10
0.2550381889763779
 20
-2.851866220472441
 30
0
 11
0.2554025196850394
 21
-2.8507732677165354
 31
0
  0
LINE
  5
49C
330
1A
100
AcDbEntity
  8
BLACK
  6
CONTINUOUS
100
AcDbLine
 10
0.2554025196850394
 20
-2.8507732677165354
 30
0
 11
0.2561573622047244
 21
-2.8499028740157479
 31
0
  0
LINE
  5
49D
330
1A
100
AcDbEntity
  8
BLACK
  6
CONTINUOUS
100
AcDbLine
 10
0.2561573622047244
 20
-2.8499028740157479
 30
0
 11
0.2566472440944882
 21
-2.8495945275590548
 31
0
  0
LINE
  5
49E
330
1A
100
AcDbEntity
  8
BLACK
  6
CONTINUOUS
100
AcDbLine
 10
0.2566472440944882
 20
-2.8495945275590548
 30
0
 11
0.259968188976378
 21
-2.84793405511811
 31
0
  0
LINE
  5
49F
330
1A
100
AcDbEntity
  8
BLACK
  6
CONTINUOUS
100
AcDbLine
 10
0.259968188976378
 20
-2.84793405511811
 30
0
 11
0.2631720866141732
 21
-2.8447301574803148
 31
0
  0
LINE
  5
4A0
330
1A
100
AcDbEntity
  8
BLACK
  6
CONTINUOUS
100
AcDbLine
 10
0.2631720866141732
 20
-2.8447301574803148
 30
0
 11
0.2667594881889764
 21
-2.83934905511811
 31
0
  0
LINE
  5
4A1
330
1A
100
AcDbEntity
  8
BLACK
  6
CONTINUOUS
100
AcDbLine
 10
0.2667594881889764
 20
-2.83934905511811
 30
0
 11
0.2667608267716535
 21
-2.8393473622047245
 31
0
  0
LINE
  5
4A2
330
1A
100
AcDbEntity
  8
BLACK
  6
CONTINUOUS
100
AcDbLine
 10
0.2667608267716535
 20
-2.8393473622047245
 30
0
 11
0.2667612204724409
 21
-2.8393464960629919
 31
0
  0
LINE
  5
4A3
330
1A
100
AcDbEntity
  8
BLACK
  6
CONTINUOUS
100
AcDbLine
 10
0.2667612204724409
 20
-2.8393464960629919
 30
0
 11
0.2667632283464567
 21
-2.8393444488188977
 31
0
  0
LINE
  5
4A4
330
1A
100
AcDbEntity
  8
BLACK
  6
CONTINUOUS
100
AcDbLine
 10
0.2667632283464567
 20
-2.8393444488188977
 30
0
 11
0.2671262598425197
 21
-2.8389012204724411
 31
0
  0
LINE
  5
4A5
330
1A
100
AcDbEntity
  8
BLACK
  6
CONTINUOUS
100
AcDbLine
 10
0.2671262598425197
 20
-2.8389012204724411
 30
0
 11
0.2673691338582677
 21
-2.8387385433070866
 31
0
  0
LINE
  5
4A6
330
1A
100
AcDbEntity
  8
BLACK
  6
CONTINUOUS
100
AcDbLine
 10
0.2673691338582677
 20
-2.8387385433070866
 30
0
 11
0.2675758661417323
 21
-2.8385318503937009
 31
0
  0
LINE
  5
4A7
330
1A
100
AcDbEntity
  8
BLACK
  6
CONTINUOUS
100
AcDbLine
 10
0.2675758661417323
 20
-2.8385318503937009
 30
0
 11
0.2678431496062992
 21
-2.8384211023622048
 31
0
  0
LINE
  5
4A8
330
1A
100
AcDbEntity
  8
BLACK
  6
CONTINUOUS
100
AcDbLine
 10
0.2678431496062992
 20
-2.8384211023622048
 30
0
 11
0.2680835433070866
 21
-2.838260157480315
 31
0
  0
LINE
  5
4A9
330
1A
100
AcDbEntity
  8
BLACK
  6
CONTINUOUS
100
AcDbLine
 10
0.2680835433070866
 20
-2.838260157480315
 30
0
 11
0.268370157480315
 21
-2.8382027952755906
 31
0
  0
LINE
  5
4AA
330
1A
100
AcDbEntity
  8
BLACK
  6
CONTINUOUS
100
AcDbLine
 10
0.268370157480315
 20
-2.8382027952755906
 30
0
 11
0.2686402755905511
 21
-2.8380909448818898
 31
0
  0
LINE
  5
4AB
330
1A
100
AcDbEntity
  8
BLACK
  6
CONTINUOUS
100
AcDbLine
 10
0.2686402755905511
 20
-2.8380909448818898
 30
0
 11
0.2689295669291338
 21
-2.8380909448818898
 31
0
  0
LINE
  5
4AC
330
1A
100
AcDbEntity
  8
BLACK
  6
CONTINUOUS
100
AcDbLine
 10
0.2689295669291338
 20
-2.8380909448818898
 30
0
 11
0.2692132283464567
 21
-2.838034212598425
 31
0
  0
LINE
  5
4AD
330
1A
100
AcDbEntity
  8
BLACK
  6
CONTINUOUS
100
AcDbLine
 10
0.2692132283464567
 20
-2.838034212598425
 30
0
 11
0.2695
 21
-2.8380909448818898
 31
0
  0
LINE
  5
4AE
330
1A
100
AcDbEntity
  8
BLACK
  6
CONTINUOUS
100
AcDbLine
 10
0.320411062992126
 20
-2.8380909448818898
 30
0
 11
0.3206783070866142
 21
-2.8382016535433072
 31
0
  0
LINE
  5
4AF
330
1A
100
AcDbEntity
  8
BLACK
  6
CONTINUOUS
100
AcDbLine
 10
0.3206783070866142
 20
-2.8382016535433072
 30
0
 11
0.3209621259842519
 21
-2.8382577952755903
 31
0
  0
LINE
  5
4B0
330
1A
100
AcDbEntity
  8
BLACK
  6
CONTINUOUS
100
AcDbLine
 10
0.3209621259842519
 20
-2.8382577952755903
 30
0
 11
0.3212053543307087
 21
-2.8384199606299214
 31
0
  0
LINE
  5
4B1
330
1A
100
AcDbEntity
  8
BLACK
  6
CONTINUOUS
100
AcDbLine
 10
0.3212053543307087
 20
-2.8384199606299214
 30
0
 11
0.3214754724409449
 21
-2.8385318503937009
 31
0
  0
LINE
  5
4B2
330
1A
100
AcDbEntity
  8
BLACK
  6
CONTINUOUS
100
AcDbLine
 10
0.3214754724409449
 20
-2.8385318503937009
 30
0
 11
0.32168
 21
-2.8387363779527557
 31
0
  0
LINE
  5
4B3
330
1A
100
AcDbEntity
  8
BLACK
  6
CONTINUOUS
100
AcDbLine
 10
0.32168
 20
-2.8387363779527557
 30
0
 11
0.3219207480314961
 21
-2.8388968897637796
 31
0
  0
LINE
  5
4B4
330
1A
100
AcDbEntity
  8
BLACK
  6
CONTINUOUS
100
AcDbLine
 10
0.3219207480314961
 20
-2.8388968897637796
 30
0
 11
0.3220833858267717
 21
-2.8391397637795275
 31
0
  0
LINE
  5
4B5
330
1A
100
AcDbEntity
  8
BLACK
  6
CONTINUOUS
100
AcDbLine
 10
0.3220833858267717
 20
-2.8391397637795275
 30
0
 11
0.3222901181102362
 21
-2.8393464960629919
 31
0
  0
LINE
  5
4B6
330
1A
100
AcDbEntity
  8
BLACK
  6
CONTINUOUS
100
AcDbLine
 10
0.3222901181102362
 20
-2.8393464960629919
 30
0
 11
0.3224008267716535
 21
-2.8396137795275589
 31
0
  0
LINE
  5
4B7
330
1A
100
AcDbEntity
  8
BLACK
  6
CONTINUOUS
100
AcDbLine
 10
0.3224008267716535
 20
-2.8396137795275589
 30
0
 11
0.322561811023622
 21
-2.8398541732283462
 31
0
  0
LINE
  5
4B8
330
1A
100
AcDbEntity
  8
BLACK
  6
CONTINUOUS
100
AcDbLine
 10
0.322561811023622
 20
-2.8398541732283462
 30
0
 11
0.3226191338582677
 21
-2.8401407874015749
 31
0
  0
LINE
  5
4B9
330
1A
100
AcDbEntity
  8
BLACK
  6
CONTINUOUS
100
AcDbLine
 10
0.3226191338582677
 20
-2.8401407874015749
 30
0
 11
0.3227310236220473
 21
-2.8404109055118107
 31
0
  0
LINE
  5
4BA
330
1A
100
AcDbEntity
  8
BLACK
  6
CONTINUOUS
100
AcDbLine
 10
0.3227310236220473
 20
-2.8404109055118107
 30
0
 11
0.3227310236220473
 21
-2.8407001968503938
 31
0
  0
LINE
  5
4BB
330
1A
100
AcDbEntity
  8
BLACK
  6
CONTINUOUS
100
AcDbLine
 10
0.3227310236220473
 20
-2.8407001968503938
 30
0
 11
0.3227877559055118
 21
-2.8409838582677165
 31
0
  0
LINE
  5
4BC
330
1A
100
AcDbEntity
  8
BLACK
  6
CONTINUOUS
100
AcDbLine
 10
0.3227877559055118
 20
-2.8409838582677165
 30
0
 11
0.3227310236220473
 21
-2.8412706299212598
 31
0
  0
LINE
  5
4BD
330
1A
100
AcDbEntity
  8
BLACK
  6
CONTINUOUS
100
AcDbLine
 10
0.3227310236220473
 20
-2.8412706299212598
 30
0
 11
0.3227310236220473
 21
-2.8415630314960629
 31
0
  0
LINE
  5
4BE
330
1A
100
AcDbEntity
  8
BLACK
  6
CONTINUOUS
100
AcDbLine
 10
0.3227310236220473
 20
-2.8415630314960629
 30
0
 11
0.3226202755905512
 21
-2.8418302755905511
 31
0
  0
LINE
  5
4BF
330
1A
100
AcDbEntity
  8
BLACK
  6
CONTINUOUS
100
AcDbLine
 10
0.3226202755905512
 20
-2.8418302755905511
 30
0
 11
0.3225641732283465
 21
-2.8421140944881889
 31
0
  0
LINE
  5
4C0
330
1A
100
AcDbEntity
  8
BLACK
  6
CONTINUOUS
100
AcDbLine
 10
0.3225641732283465
 20
-2.8421140944881889
 30
0
 11
0.3222918503937008
 21
-2.8426248818897637
 31
0
  0
LINE
  5
4C1
330
1A
100
AcDbEntity
  8
BLACK
  6
CONTINUOUS
100
AcDbLine
 10
0.3222918503937008
 20
-2.8426248818897637
 30
0
 11
0.2991055905511811
 21
-2.8774042913385824
 31
0
  0
LINE
  5
4C2
330
1A
100
AcDbEntity
  8
BLACK
  6
CONTINUOUS
100
AcDbLine
 10
0.2991055905511811
 20
-2.8774042913385824
 30
0
 11
0.319835
 21
-2.8774042913385824
 31
0
  0
LINE
  5
4C3
330
1A
100
AcDbEntity
  8
BLACK
  6
CONTINUOUS
100
AcDbLine
 10
0.319835
 20
-2.8774042913385824
 30
0
 11
0.320411062992126
 21
-2.8774610236220473
 31
0
  0
LINE
  5
4C4
330
1A
100
AcDbEntity
  8
BLACK
  6
CONTINUOUS
100
AcDbLine
 10
0.320411062992126
 20
-2.8774610236220473
 30
0
 11
0.3214754724409449
 21
-2.8779019291338583
 31
0
  0
LINE
  5
4C5
330
1A
100
AcDbEntity
  8
BLACK
  6
CONTINUOUS
100
AcDbLine
 10
0.3214754724409449
 20
-2.8779019291338583
 30
0
 11
0.3222901181102362
 21
-2.8787165748031494
 31
0
  0
LINE
  5
4C6
330
1A
100
AcDbEntity
  8
BLACK
  6
CONTINUOUS
100
AcDbLine
 10
0.3222901181102362
 20
-2.8787165748031494
 30
0
 11
0.3227310236220473
 21
-2.8797809842519686
 31
0
  0
LINE
  5
4C7
330
1A
100
AcDbEntity
  8
BLACK
  6
CONTINUOUS
100
AcDbLine
 10
0.3227310236220473
 20
-2.8797809842519686
 30
0
 11
0.3227310236220473
 21
-2.8809331102362203
 31
0
  0
LINE
  5
4C8
330
1A
100
AcDbEntity
  8
BLACK
  6
CONTINUOUS
100
AcDbLine
 10
0.3227310236220473
 20
-2.8809331102362203
 30
0
 11
0.3222901181102362
 21
-2.8819975196850391
 31
0
  0
LINE
  5
4C9
330
1A
100
AcDbEntity
  8
BLACK
  6
CONTINUOUS
100
AcDbLine
 10
0.3222901181102362
 20
-2.8819975196850391
 30
0
 11
0.3214754724409449
 21
-2.8828121653543306
 31
0
  0
LINE
  5
4CA
330
1A
100
AcDbEntity
  8
BLACK
  6
CONTINUOUS
100
AcDbLine
 10
0.3214754724409449
 20
-2.8828121653543306
 30
0
 11
0.320411062992126
 21
-2.8832530708661417
 31
0
  0
LINE
  5
4CB
330
1A
100
AcDbEntity
  8
BLACK
  6
CONTINUOUS
100
AcDbLine
 10
0.320411062992126
 20
-2.8832530708661417
 30
0
 11
0.319835
 21
-2.8833098031496061
 31
0
  0
LINE
  5
4CC
330
1A
100
AcDbEntity
  8
BLACK
  6
CONTINUOUS
100
AcDbLine
 10
0.319835
 20
-2.8833098031496061
 30
0
 11
0.2935914173228346
 21
-2.8833098031496061
 31
0
  0
LINE
  5
4CD
330
1A
100
AcDbEntity
  8
BLACK
  6
CONTINUOUS
100
AcDbLine
 10
0.2935914173228346
 20
-2.8833098031496061
 30
0
 11
0.2935883070866142
 21
-2.8833098031496061
 31
0
  0
LINE
  5
4CE
330
1A
100
AcDbEntity
  8
BLACK
  6
CONTINUOUS
100
AcDbLine
 10
0.2935883070866142
 20
-2.8833098031496061
 30
0
 11
0.2930122440944882
 21
-2.8832530708661417
 31
0
  0
LINE
  5
4CF
330
1A
100
AcDbEntity
  8
BLACK
  6
CONTINUOUS
100
AcDbLine
 10
0.2930122440944882
 20
-2.8832530708661417
 30
0
 11
0.2927449606299213
 21
-2.8831423228346456
 31
0
  0
LINE
  5
4D0
330
1A
100
AcDbEntity
  8
BLACK
  6
CONTINUOUS
100
AcDbLine
 10
0.2927449606299213
 20
-2.8831423228346456
 30
0
 11
0.2924611811023622
 21
-2.8830862204724408
 31
0
  0
LINE
  5
4D1
330
1A
100
AcDbEntity
  8
BLACK
  6
CONTINUOUS
100
AcDbLine
 10
0.2924611811023622
 20
-2.8830862204724408
 30
0
 11
0.2922179133858268
 21
-2.8829240157480314
 31
0
  0
LINE
  5
4D2
330
1A
100
AcDbEntity
  8
BLACK
  6
CONTINUOUS
100
AcDbLine
 10
0.2922179133858268
 20
-2.8829240157480314
 30
0
 11
0.2919478346456693
 21
-2.8828121653543306
 31
0
  0
LINE
  5
4D3
330
1A
100
AcDbEntity
  8
BLACK
  6
CONTINUOUS
100
AcDbLine
 10
0.2919478346456693
 20
-2.8828121653543306
 30
0
 11
0.2917432677165354
 21
-2.8826075984251966
 31
0
  0
LINE
  5
4D4
330
1A
100
AcDbEntity
  8
BLACK
  6
CONTINUOUS
100
AcDbLine
 10
0.2917432677165354
 20
-2.8826075984251966
 30
0
 11
0.2915025590551181
 21
-2.8824471259842519
 31
0
  0
LINE
  5
4D5
330
1A
100
AcDbEntity
  8
BLACK
  6
CONTINUOUS
100
AcDbLine
 10
0.2915025590551181
 20
-2.8824471259842519
 30
0
 11
0.2913398818897638
 21
-2.8822042125984253
 31
0
  0
LINE
  5
4D6
330
1A
100
AcDbEntity
  8
BLACK
  6
CONTINUOUS
100
AcDbLine
 10
0.2913398818897638
 20
-2.8822042125984253
 30
0
 11
0.291133188976378
 21
-2.8819975196850391
 31
0
  0
LINE
  5
4D7
330
1A
100
AcDbEntity
  8
BLACK
  6
CONTINUOUS
100
AcDbLine
 10
0.291133188976378
 20
-2.8819975196850391
 30
0
 11
0.2910224409448819
 21
-2.8817301968503934
 31
0
  0
LINE
  5
4D8
330
1A
100
AcDbEntity
  8
BLACK
  6
CONTINUOUS
100
AcDbLine
 10
0.2910224409448819
 20
-2.8817301968503934
 30
0
 11
0.2908614960629921
 21
-2.8814898425196849
 31
0
  0
LINE
  5
4D9
330
1A
100
AcDbEntity
  8
BLACK
  6
CONTINUOUS
100
AcDbLine
 10
0.2908614960629921
 20
-2.8814898425196849
 30
0
 11
0.2908041338582677
 21
-2.8812031889763778
 31
0
  0
LINE
  5
4DA
330
1A
100
AcDbEntity
  8
BLACK
  6
CONTINUOUS
100
AcDbLine
 10
0.2908041338582677
 20
-2.8812031889763778
 30
0
 11
0.2906922834645669
 21
-2.8809331102362203
 31
0
  0
LINE
  5
4DB
330
1A
100
AcDbEntity
  8
BLACK
  6
CONTINUOUS
100
AcDbLine
 10
0.2906922834645669
 20
-2.8809331102362203
 30
0
 11
0.2906922834645669
 21
-2.880643779527559
 31
0
  0
LINE
  5
4DC
330
1A
100
AcDbEntity
  8
BLACK
  6
CONTINUOUS
100
AcDbLine
 10
0.2906922834645669
 20
-2.880643779527559
 30
0
 11
0.2906355511811023
 21
-2.880360157480315
 31
0
  0
LINE
  5
4DD
330
1A
100
AcDbEntity
  8
BLACK
  6
CONTINUOUS
100
AcDbLine
 10
0.2906355511811023
 20
-2.880360157480315
 30
0
 11
0.2906922834645669
 21
-2.880073346456693
 31
0
  0
LINE
  5
4DE
330
1A
100
AcDbEntity
  8
BLACK
  6
CONTINUOUS
100
AcDbLine
 10
0.2906922834645669
 20
-2.880073346456693
 30
0
 11
0.2906922834645669
 21
-2.8797809842519686
 31
0
  0
LINE
  5
4DF
330
1A
100
AcDbEntity
  8
BLACK
  6
CONTINUOUS
100
AcDbLine
 10
0.2906922834645669
 20
-2.8797809842519686
 30
0
 11
0.2908029921259843
 21
-2.8795137007874017
 31
0
  0
LINE
  5
4E0
330
1A
100
AcDbEntity
  8
BLACK
  6
CONTINUOUS
100
AcDbLine
 10
0.2908029921259843
 20
-2.8795137007874017
 30
0
 11
0.2908591338582677
 21
-2.8792299212598427
 31
0
  0
LINE
  5
4E1
330
1A
100
AcDbEntity
  8
BLACK
  6
CONTINUOUS
100
AcDbLine
 10
0.2908591338582677
 20
-2.8792299212598427
 30
0
 11
0.2911314566929134
 21
-2.8787191732283466
 31
0
  0
LINE
  5
4E2
330
1A
100
AcDbEntity
  8
BLACK
  6
CONTINUOUS
100
AcDbLine
 10
0.2911314566929134
 20
-2.8787191732283466
 30
0
 11
0.3143177165354331
 21
-2.8439397244094486
 31
0
  0
LINE
  5
4E3
330
1A
100
AcDbEntity
  8
BLACK
  6
CONTINUOUS
100
AcDbLine
 10
0.3143177165354331
 20
-2.8439397244094486
 30
0
 11
0.2935883070866142
 21
-2.8439397244094486
 31
0
  0
LINE
  5
4E4
330
1A
100
AcDbEntity
  8
BLACK
  6
CONTINUOUS
100
AcDbLine
 10
0.2935883070866142
 20
-2.8439397244094486
 30
0
 11
0.2930122440944882
 21
-2.8438829921259843
 31
0
  0
LINE
  5
4E5
330
1A
100
AcDbEntity
  8
BLACK
  6
CONTINUOUS
100
AcDbLine
 10
0.2930122440944882
 20
-2.8438829921259843
 30
0
 11
0.2919478346456693
 21
-2.8434420866141732
 31
0
  0
LINE
  5
4E6
330
1A
100
AcDbEntity
  8
BLACK
  6
CONTINUOUS
100
AcDbLine
 10
0.2919478346456693
 20
-2.8434420866141732
 30
0
 11
0.291133188976378
 21
-2.8426274409448817
 31
0
  0
LINE
  5
4E7
330
1A
100
AcDbEntity
  8
BLACK
  6
CONTINUOUS
100
AcDbLine
 10
0.291133188976378
 20
-2.8426274409448817
 30
0
 11
0.2906922834645669
 21
-2.8415630314960629
 31
0
  0
LINE
  5
4E8
330
1A
100
AcDbEntity
  8
BLACK
  6
CONTINUOUS
100
AcDbLine
 10
0.2906922834645669
 20
-2.8415630314960629
 30
0
 11
0.2906922834645669
 21
-2.8404109055118107
 31
0
  0
LINE
  5
4E9
330
1A
100
AcDbEntity
  8
BLACK
  6
CONTINUOUS
100
AcDbLine
 10
0.2906922834645669
 20
-2.8404109055118107
 30
0
 11
0.291133188976378
 21
-2.8393464960629919
 31
0
  0
LINE
  5
4EA
330
1A
100
AcDbEntity
  8
BLACK
  6
CONTINUOUS
100
AcDbLine
 10
0.291133188976378
 20
-2.8393464960629919
 30
0
 11
0.2919478346456693
 21
-2.8385318503937009
 31
0
  0
LINE
  5
4EB
330
1A
100
AcDbEntity
  8
BLACK
  6
CONTINUOUS
100
AcDbLine
 10
0.2919478346456693
 20
-2.8385318503937009
 30
0
 11
0.2930122440944882
 21
-2.8380909448818898
 31
0
  0
LINE
  5
4EC
330
1A
100
AcDbEntity
  8
BLACK
  6
CONTINUOUS
100
AcDbLine
 10
0.2930122440944882
 20
-2.8380909448818898
 30
0
 11
0.2935883070866142
 21
-2.838034212598425
 31
0
  0
LINE
  5
4ED
330
1A
100
AcDbEntity
  8
BLACK
  6
CONTINUOUS
100
AcDbLine
 10
0.2935883070866142
 20
-2.838034212598425
 30
0
 11
0.319835
 21
-2.838034212598425
 31
0
  0
LINE
  5
4EE
330
1A
100
AcDbEntity
  8
BLACK
  6
CONTINUOUS
100
AcDbLine
 10
0.319835
 20
-2.838034212598425
 30
0
 11
0.320411062992126
 21
-2.8380909448818898
 31
0
  0
LINE
  5
4EF
330
1A
100
AcDbEntity
  8
BLACK
  6
CONTINUOUS
100
AcDbLine
 10
0.4152137795275591
 20
-2.8385318503937009
 30
0
 11
0.4160284251968504
 21
-2.8393464960629919
 31
0
  0
LINE
  5
4F0
330
1A
100
AcDbEntity
  8
BLACK
  6
CONTINUOUS
100
AcDbLine
 10
0.4160284251968504
 20
-2.8393464960629919
 30
0
 11
0.4164693307086614
 21
-2.8404109055118107
 31
0
  0
LINE
  5
4F1
330
1A
100
AcDbEntity
  8
BLACK
  6
CONTINUOUS
100
AcDbLine
 10
0.4164693307086614
 20
-2.8404109055118107
 30
0
 11
0.416526062992126
 21
-2.8409869685039371
 31
0
  0
LINE
  5
4F2
330
1A
100
AcDbEntity
  8
BLACK
  6
CONTINUOUS
100
AcDbLine
 10
0.416526062992126
 20
-2.8409869685039371
 30
0
 11
0.416526062992126
 21
-2.8563555511811023
 31
0
  0
LINE
  5
4F3
330
1A
100
AcDbEntity
  8
BLACK
  6
CONTINUOUS
100
AcDbLine
 10
0.416526062992126
 20
-2.8563555511811023
 30
0
 11
0.4339825590551181
 21
-2.8388990551181101
 31
0
  0
LINE
  5
4F4
330
1A
100
AcDbEntity
  8
BLACK
  6
CONTINUOUS
100
AcDbLine
 10
0.4339825590551181
 20
-2.8388990551181101
 30
0
 11
0.43443
 21
-2.8385318503937009
 31
0
  0
LINE
  5
4F5
330
1A
100
AcDbEntity
  8
BLACK
  6
CONTINUOUS
100
AcDbLine
 10
0.43443
 20
-2.8385318503937009
 30
0
 11
0.4354944094488189
 21
-2.8380909448818898
 31
0
  0
LINE
  5
4F6
330
1A
100
AcDbEntity
  8
BLACK
  6
CONTINUOUS
100
AcDbLine
 10
0.4354944094488189
 20
-2.8380909448818898
 30
0
 11
0.4366464960629921
 21
-2.8380909448818898
 31
0
  0
LINE
  5
4F7
330
1A
100
AcDbEntity
  8
BLACK
  6
CONTINUOUS
100
AcDbLine
 10
0.4366464960629921
 20
-2.8380909448818898
 30
0
 11
0.4377109448818898
 21
-2.8385318503937009
 31
0
  0
LINE
  5
4F8
330
1A
100
AcDbEntity
  8
BLACK
  6
CONTINUOUS
100
AcDbLine
 10
0.4377109448818898
 20
-2.8385318503937009
 30
0
 11
0.4385255905511811
 21
-2.8393464960629919
 31
0
  0
LINE
  5
4F9
330
1A
100
AcDbEntity
  8
BLACK
  6
CONTINUOUS
100
AcDbLine
 10
0.4385255905511811
 20
-2.8393464960629919
 30
0
 11
0.4389664960629921
 21
-2.8404109448818895
 31
0
  0
LINE
  5
4FA
330
1A
100
AcDbEntity
  8
BLACK
  6
CONTINUOUS
100
AcDbLine
 10
0.4389664960629921
 20
-2.8404109448818895
 30
0
 11
0.4389664960629921
 21
-2.8415630314960629
 31
0
  0
LINE
  5
4FB
330
1A
100
AcDbEntity
  8
BLACK
  6
CONTINUOUS
100
AcDbLine
 10
0.4389664960629921
 20
-2.8415630314960629
 30
0
 11
0.4385255905511811
 21
-2.8426274409448817
 31
0
  0
LINE
  5
4FC
330
1A
100
AcDbEntity
  8
BLACK
  6
CONTINUOUS
100
AcDbLine
 10
0.4385255905511811
 20
-2.8426274409448817
 30
0
 11
0.4381583858267716
 21
-2.8430748818897635
 31
0
  0
LINE
  5
4FD
330
1A
100
AcDbEntity
  8
BLACK
  6
CONTINUOUS
100
AcDbLine
 10
0.4381583858267716
 20
-2.8430748818897635
 30
0
 11
0.4230963385826771
 21
-2.8581368897637796
 31
0
  0
LINE
  5
4FE
330
1A
100
AcDbEntity
  8
BLACK
  6
CONTINUOUS
100
AcDbLine
 10
0.4230963385826771
 20
-2.8581368897637796
 30
0
 11
0.4384326771653543
 21
-2.8785853937007873
 31
0
  0
LINE
  5
4FF
330
1A
100
AcDbEntity
  8
BLACK
  6
CONTINUOUS
100
AcDbLine
 10
0.4384326771653543
 20
-2.8785853937007873
 30
0
 11
0.4387329527559055
 21
-2.8790802755905509
 31
0
  0
LINE
  5
500
330
1A
100
AcDbEntity
  8
BLACK
  6
CONTINUOUS
100
AcDbLine
 10
0.4387329527559055
 20
-2.8790802755905509
 30
0
 11
0.4390188582677165
 21
-2.880196377952756
 31
0
  0
LINE
  5
501
330
1A
100
AcDbEntity
  8
BLACK
  6
CONTINUOUS
100
AcDbLine
 10
0.4390188582677165
 20
-2.880196377952756
 30
0
 11
0.438855905511811
 21
-2.8813368503937009
 31
0
  0
LINE
  5
502
330
1A
100
AcDbEntity
  8
BLACK
  6
CONTINUOUS
100
AcDbLine
 10
0.438855905511811
 20
-2.8813368503937009
 30
0
 11
0.438268937007874
 21
-2.8823282283464566
 31
0
  0
LINE
  5
503
330
1A
100
AcDbEntity
  8
BLACK
  6
CONTINUOUS
100
AcDbLine
 10
0.438268937007874
 20
-2.8823282283464566
 30
0
 11
0.4373472440944882
 21
-2.8830195275590551
 31
0
  0
LINE
  5
504
330
1A
100
AcDbEntity
  8
BLACK
  6
CONTINUOUS
100
AcDbLine
 10
0.4373472440944882
 20
-2.8830195275590551
 30
0
 11
0.4362311811023622
 21
-2.8833054330708663
 31
0
  0
LINE
  5
505
330
1A
100
AcDbEntity
  8
BLACK
  6
CONTINUOUS
100
AcDbLine
 10
0.4362311811023622
 20
-2.8833054330708663
 30
0
 11
0.4350906692913385
 21
-2.8831425196850393
 31
0
  0
LINE
  5
506
330
1A
100
AcDbEntity
  8
BLACK
  6
CONTINUOUS
100
AcDbLine
 10
0.4350906692913385
 20
-2.8831425196850393
 30
0
 11
0.4340992913385827
 21
-2.8825555118110238
 31
0
  0
LINE
  5
507
330
1A
100
AcDbEntity
  8
BLACK
  6
CONTINUOUS
100
AcDbLine
 10
0.4340992913385827
 20
-2.8825555118110238
 30
0
 11
0.4337082677165354
 21
-2.8821287007874017
 31
0
  0
LINE
  5
508
330
1A
100
AcDbEntity
  8
BLACK
  6
CONTINUOUS
100
AcDbLine
 10
0.4337082677165354
 20
-2.8821287007874017
 30
0
 11
0.4188781102362205
 21
-2.8623551181102362
 31
0
  0
LINE
  5
509
330
1A
100
AcDbEntity
  8
BLACK
  6
CONTINUOUS
100
AcDbLine
 10
0.4188781102362205
 20
-2.8623551181102362
 30
0
 11
0.416526062992126
 21
-2.8647072047244095
 31
0
  0
LINE
  5
50A
330
1A
100
AcDbEntity
  8
BLACK
  6
CONTINUOUS
100
AcDbLine
 10
0.416526062992126
 20
-2.8647072047244095
 30
0
 11
0.416526062992126
 21
-2.8803570472440945
 31
0
  0
LINE
  5
50B
330
1A
100
AcDbEntity
  8
BLACK
  6
CONTINUOUS
100
AcDbLine
 10
0.416526062992126
 20
-2.8803570472440945
 30
0
 11
0.4164693307086614
 21
-2.8809331102362203
 31
0
  0
LINE
  5
50C
330
1A
100
AcDbEntity
  8
BLACK
  6
CONTINUOUS
100
AcDbLine
 10
0.4164693307086614
 20
-2.8809331102362203
 30
0
 11
0.4160284251968504
 21
-2.8819975196850391
 31
0
  0
LINE
  5
50D
330
1A
100
AcDbEntity
  8
BLACK
  6
CONTINUOUS
100
AcDbLine
 10
0.4160284251968504
 20
-2.8819975196850391
 30
0
 11
0.4152137795275591
 21
-2.8828121653543306
 31
0
  0
LINE
  5
50E
330
1A
100
AcDbEntity
  8
BLACK
  6
CONTINUOUS
100
AcDbLine
 10
0.4152137795275591
 20
-2.8828121653543306
 30
0
 11
0.4141493700787401
 21
-2.8832530708661417
 31
0
  0
LINE
  5
50F
330
1A
100
AcDbEntity
  8
BLACK
  6
CONTINUOUS
100
AcDbLine
 10
0.4141493700787401
 20
-2.8832530708661417
 30
0
 11
0.4129972440944882
 21
-2.8832530708661417
 31
0
  0
LINE
  5
510
330
1A
100
AcDbEntity
  8
BLACK
  6
CONTINUOUS
100
AcDbLine
 10
0.4129972440944882
 20
-2.8832530708661417
 30
0
 11
0.4119328346456693
 21
-2.8828121653543306
 31
0
  0
LINE
  5
511
330
1A
100
AcDbEntity
  8
BLACK
  6
CONTINUOUS
100
AcDbLine
 10
0.4119328346456693
 20
-2.8828121653543306
 30
0
 11
0.4111181889763779
 21
-2.8819975196850391
 31
0
  0
LINE
  5
512
330
1A
100
AcDbEntity
  8
BLACK
  6
CONTINUOUS
100
AcDbLine
 10
0.4111181889763779
 20
-2.8819975196850391
 30
0
 11
0.4106772834645669
 21
-2.8809331102362203
 31
0
  0
LINE
  5
513
330
1A
100
AcDbEntity
  8
BLACK
  6
CONTINUOUS
100
AcDbLine
 10
0.4106772834645669
 20
-2.8809331102362203
 30
0
 11
0.4106205511811024
 21
-2.8803570472440945
 31
0
  0
LINE
  5
514
330
1A
100
AcDbEntity
  8
BLACK
  6
CONTINUOUS
100
AcDbLine
 10
0.4106205511811024
 20
-2.8803570472440945
 30
0
 11
0.4106205511811024
 21
-2.8409869685039371
 31
0
  0
LINE
  5
515
330
1A
100
AcDbEntity
  8
BLACK
  6
CONTINUOUS
100
AcDbLine
 10
0.4106205511811024
 20
-2.8409869685039371
 30
0
 11
0.4106772834645669
 21
-2.8404109055118107
 31
0
  0
LINE
  5
516
330
1A
100
AcDbEntity
  8
BLACK
  6
CONTINUOUS
100
AcDbLine
 10
0.4106772834645669
 20
-2.8404109055118107
 30
0
 11
0.4111181889763779
 21
-2.8393464960629919
 31
0
  0
LINE
  5
517
330
1A
100
AcDbEntity
  8
BLACK
  6
CONTINUOUS
100
AcDbLine
 10
0.4111181889763779
 20
-2.8393464960629919
 30
0
 11
0.4119328346456693
 21
-2.8385318503937009
 31
0
  0
LINE
  5
518
330
1A
100
AcDbEntity
  8
BLACK
  6
CONTINUOUS
100
AcDbLine
 10
0.4119328346456693
 20
-2.8385318503937009
 30
0
 11
0.4129972440944882
 21
-2.8380909448818898
 31
0
  0
LINE
  5
519
330
1A
100
AcDbEntity
  8
BLACK
  6
CONTINUOUS
100
AcDbLine
 10
0.4129972440944882
 20
-2.8380909448818898
 30
0
 11
0.4141493700787401
 21
-2.8380909448818898
 31
0
  0
LINE
  5
51A
330
1A
100
AcDbEntity
  8
BLACK
  6
CONTINUOUS
100
AcDbLine
 10
0.4141493700787401
 20
-2.8380909448818898
 30
0
 11
0.4152137795275591
 21
-2.8385318503937009
 31
0
  0
LINE
  5
51B
330
1A
100
AcDbEntity
  8
BLACK
  6
CONTINUOUS
100
AcDbLine
 10
-0.1884607480314961
 20
-2.8385318503937009
 30
0
 11
-0.1876461023622047
 21
-2.8393464960629919
 31
0
  0
LINE
  5
51C
330
1A
100
AcDbEntity
  8
BLACK
  6
CONTINUOUS
100
AcDbLine
 10
-0.1876461023622047
 20
-2.8393464960629919
 30
0
 11
-0.1872051968503937
 21
-2.8404109055118107
 31
0
  0
LINE
  5
51D
330
1A
100
AcDbEntity
  8
BLACK
  6
CONTINUOUS
100
AcDbLine
 10
-0.1872051968503937
 20
-2.8404109055118107
 30
0
 11
-0.1871484645669291
 21
-2.8409869685039371
 31
0
  0
LINE
  5
51E
330
1A
100
AcDbEntity
  8
BLACK
  6
CONTINUOUS
100
AcDbLine
 10
-0.1871484645669291
 20
-2.8409869685039371
 30
0
 11
-0.1871484645669291
 21
-2.8803570472440945
 31
0
  0
LINE
  5
51F
330
1A
100
AcDbEntity
  8
BLACK
  6
CONTINUOUS
100
AcDbLine
 10
-0.1871484645669291
 20
-2.8803570472440945
 30
0
 11
-0.1872051968503937
 21
-2.8809331102362203
 31
0
  0
LINE
  5
520
330
1A
100
AcDbEntity
  8
BLACK
  6
CONTINUOUS
100
AcDbLine
 10
-0.1872051968503937
 20
-2.8809331102362203
 30
0
 11
-0.1876461023622047
 21
-2.8819975196850391
 31
0
  0
LINE
  5
521
330
1A
100
AcDbEntity
  8
BLACK
  6
CONTINUOUS
100
AcDbLine
 10
-0.1876461023622047
 20
-2.8819975196850391
 30
0
 11
-0.1884607480314961
 21
-2.8828121653543306
 31
0
  0
LINE
  5
522
330
1A
100
AcDbEntity
  8
BLACK
  6
CONTINUOUS
100
AcDbLine
 10
-0.1884607480314961
 20
-2.8828121653543306
 30
0
 11
-0.189525157480315
 21
-2.8832530708661417
 31
0
  0
LINE
  5
523
330
1A
100
AcDbEntity
  8
BLACK
  6
CONTINUOUS
100
AcDbLine
 10
-0.189525157480315
 20
-2.8832530708661417
 30
0
 11
-0.1906772834645669
 21
-2.8832530708661417
 31
0
  0
LINE
  5
524
330
1A
100
AcDbEntity
  8
BLACK
  6
CONTINUOUS
100
AcDbLine
 10
-0.1906772834645669
 20
-2.8832530708661417
 30
0
 11
-0.1917416929133858
 21
-2.8828121653543306
 31
0
  0
LINE
  5
525
330
1A
100
AcDbEntity
  8
BLACK
  6
CONTINUOUS
100
AcDbLine
 10
-0.1917416929133858
 20
-2.8828121653543306
 30
0
 11
-0.1925563385826772
 21
-2.8819975196850391
 31
0
  0
LINE
  5
526
330
1A
100
AcDbEntity
  8
BLACK
  6
CONTINUOUS
100
AcDbLine
 10
-0.1925563385826772
 20
-2.8819975196850391
 30
0
 11
-0.1929972440944882
 21
-2.8809331102362203
 31
0
  0
LINE
  5
527
330
1A
100
AcDbEntity
  8
BLACK
  6
CONTINUOUS
100
AcDbLine
 10
-0.1929972440944882
 20
-2.8809331102362203
 30
0
 11
-0.1930539763779527
 21
-2.8803570472440945
 31
0
  0
LINE
  5
528
330
1A
100
AcDbEntity
  8
BLACK
  6
CONTINUOUS
100
AcDbLine
 10
-0.1930539763779527
 20
-2.8803570472440945
 30
0
 11
-0.1930539763779527
 21
-2.8409869685039371
 31
0
  0
LINE
  5
529
330
1A
100
AcDbEntity
  8
BLACK
  6
CONTINUOUS
100
AcDbLine
 10
-0.1930539763779527
 20
-2.8409869685039371
 30
0
 11
-0.1929972440944882
 21
-2.8404109055118107
 31
0
  0
LINE
  5
52A
330
1A
100
AcDbEntity
  8
BLACK
  6
CONTINUOUS
100
AcDbLine
 10
-0.1929972440944882
 20
-2.8404109055118107
 30
0
 11
-0.1925563385826772
 21
-2.8393464960629919
 31
0
  0
LINE
  5
52B
330
1A
100
AcDbEntity
  8
BLACK
  6
CONTINUOUS
100
AcDbLine
 10
-0.1925563385826772
 20
-2.8393464960629919
 30
0
 11
-0.1917416929133858
 21
-2.8385318503937009
 31
0
  0
LINE
  5
52C
330
1A
100
AcDbEntity
  8
BLACK
  6
CONTINUOUS
100
AcDbLine
 10
-0.1917416929133858
 20
-2.8385318503937009
 30
0
 11
-0.1906772834645669
 21
-2.8380909448818898
 31
0
  0
LINE
  5
52D
330
1A
100
AcDbEntity
  8
BLACK
  6
CONTINUOUS
100
AcDbLine
 10
-0.1906772834645669
 20
-2.8380909448818898
 30
0
 11
-0.189525157480315
 21
-2.8380909448818898
 31
0
  0
LINE
  5
52E
330
1A
100
AcDbEntity
  8
BLACK
  6
CONTINUOUS
100
AcDbLine
 10
-0.189525157480315
 20
-2.8380909448818898
 30
0
 11
-0.1884607480314961
 21
-2.8385318503937009
 31
0
  0
LINE
  5
52F
330
1A
100
AcDbEntity
  8
BLACK
  6
CONTINUOUS
100
AcDbLine
 10
0.1264998818897638
 20
-2.8385318503937009
 30
0
 11
0.1273145275590551
 21
-2.8393464960629919
 31
0
  0
LINE
  5
530
330
1A
100
AcDbEntity
  8
BLACK
  6
CONTINUOUS
100
AcDbLine
 10
0.1273145275590551
 20
-2.8393464960629919
 30
0
 11
0.1277554330708661
 21
-2.8404109055118107
 31
0
  0
LINE
  5
531
330
1A
100
AcDbEntity
  8
BLACK
  6
CONTINUOUS
100
AcDbLine
 10
0.1277554330708661
 20
-2.8404109055118107
 30
0
 11
0.1278121653543307
 21
-2.8409869685039371
 31
0
  0
LINE
  5
532
330
1A
100
AcDbEntity
  8
BLACK
  6
CONTINUOUS
100
AcDbLine
 10
0.1278121653543307
 20
-2.8409869685039371
 30
0
 11
0.1278121653543307
 21
-2.8803570472440945
 31
0
  0
LINE
  5
533
330
1A
100
AcDbEntity
  8
BLACK
  6
CONTINUOUS
100
AcDbLine
 10
0.1278121653543307
 20
-2.8803570472440945
 30
0
 11
0.1277554330708661
 21
-2.8809331102362203
 31
0
  0
LINE
  5
534
330
1A
100
AcDbEntity
  8
BLACK
  6
CONTINUOUS
100
AcDbLine
 10
0.1277554330708661
 20
-2.8809331102362203
 30
0
 11
0.1273145275590551
 21
-2.8819975196850391
 31
0
  0
LINE
  5
535
330
1A
100
AcDbEntity
  8
BLACK
  6
CONTINUOUS
100
AcDbLine
 10
0.1273145275590551
 20
-2.8819975196850391
 30
0
 11
0.1264998818897638
 21
-2.8828121653543306
 31
0
  0
LINE
  5
536
330
1A
100
AcDbEntity
  8
BLACK
  6
CONTINUOUS
100
AcDbLine
 10
0.1264998818897638
 20
-2.8828121653543306
 30
0
 11
0.1254354724409449
 21
-2.8832530708661417
 31
0
  0
LINE
  5
537
330
1A
100
AcDbEntity
  8
BLACK
  6
CONTINUOUS
100
AcDbLine
 10
0.1254354724409449
 20
-2.8832530708661417
 30
0
 11
0.1242833464566929
 21
-2.8832530708661417
 31
0
  0
LINE
  5
538
330
1A
100
AcDbEntity
  8
BLACK
  6
CONTINUOUS
100
AcDbLine
 10
0.1242833464566929
 20
-2.8832530708661417
 30
0
 11
0.123218937007874
 21
-2.8828121653543306
 31
0
  0
LINE
  5
539
330
1A
100
AcDbEntity
  8
BLACK
  6
CONTINUOUS
100
AcDbLine
 10
0.123218937007874
 20
-2.8828121653543306
 30
0
 11
0.1224042913385827
 21
-2.8819975196850391
 31
0
  0
LINE
  5
53A
330
1A
100
AcDbEntity
  8
BLACK
  6
CONTINUOUS
100
AcDbLine
 10
0.1224042913385827
 20
-2.8819975196850391
 30
0
 11
0.1219633858267716
 21
-2.8809331102362203
 31
0
  0
LINE
  5
53B
330
1A
100
AcDbEntity
  8
BLACK
  6
CONTINUOUS
100
AcDbLine
 10
0.1219633858267716
 20
-2.8809331102362203
 30
0
 11
0.1219066535433071
 21
-2.8803570472440945
 31
0
  0
LINE
  5
53C
330
1A
100
AcDbEntity
  8
BLACK
  6
CONTINUOUS
100
AcDbLine
 10
0.1219066535433071
 20
-2.8803570472440945
 30
0
 11
0.1219066535433071
 21
-2.8409869685039371
 31
0
  0
LINE
  5
53D
330
1A
100
AcDbEntity
  8
BLACK
  6
CONTINUOUS
100
AcDbLine
 10
0.1219066535433071
 20
-2.8409869685039371
 30
0
 11
0.1219633858267716
 21
-2.8404109055118107
 31
0
  0
LINE
  5
53E
330
1A
100
AcDbEntity
  8
BLACK
  6
CONTINUOUS
100
AcDbLine
 10
0.1219633858267716
 20
-2.8404109055118107
 30
0
 11
0.1224042913385827
 21
-2.8393464960629919
 31
0
  0
LINE
  5
53F
330
1A
100
AcDbEntity
  8
BLACK
  6
CONTINUOUS
100
AcDbLine
 10
0.1224042913385827
 20
-2.8393464960629919
 30
0
 11
0.123218937007874
 21
-2.8385318503937009
 31
0
  0
LINE
  5
540
330
1A
100
AcDbEntity
  8
BLACK
  6
CONTINUOUS
100
AcDbLine
 10
0.123218937007874
 20
-2.8385318503937009
 30
0
 11
0.1242833464566929
 21
-2.8380909448818898
 31
0
  0
LINE
  5
541
330
1A
100
AcDbEntity
  8
BLACK
  6
CONTINUOUS
100
AcDbLine
 10
0.1242833464566929
 20
-2.8380909448818898
 30
0
 11
0.1254354724409449
 21
-2.8380909448818898
 31
0
  0
LINE
  5
542
330
1A
100
AcDbEntity
  8
BLACK
  6
CONTINUOUS
100
AcDbLine
 10
0.1254354724409449
 20
-2.8380909448818898
 30
0
 11
0.1264998818897638
 21
-2.8385318503937009
 31
0
  0
LINE
  5
543
330
1A
100
AcDbEntity
  8
BLACK
  6
CONTINUOUS
100
AcDbLine
 10
0.1452475196850394
 20
-2.8385318503937009
 30
0
 11
0.1460621653543307
 21
-2.8393464960629919
 31
0
  0
LINE
  5
544
330
1A
100
AcDbEntity
  8
BLACK
  6
CONTINUOUS
100
AcDbLine
 10
0.1460621653543307
 20
-2.8393464960629919
 30
0
 11
0.1465030708661417
 21
-2.8404109055118107
 31
0
  0
LINE
  5
545
330
1A
100
AcDbEntity
  8
BLACK
  6
CONTINUOUS
100
AcDbLine
 10
0.1465030708661417
 20
-2.8404109055118107
 30
0
 11
0.1465598031496063
 21
-2.8409869685039371
 31
0
  0
LINE
  5
546
330
1A
100
AcDbEntity
  8
BLACK
  6
CONTINUOUS
100
AcDbLine
 10
0.1465598031496063
 20
-2.8409869685039371
 30
0
 11
0.1465598031496063
 21
-2.8567818503937006
 31
0
  0
LINE
  5
547
330
1A
100
AcDbEntity
  8
BLACK
  6
CONTINUOUS
100
AcDbLine
 10
0.1465598031496063
 20
-2.8567818503937006
 30
0
 11
0.1631514566929134
 21
-2.8567818503937006
 31
0
  0
LINE
  5
548
330
1A
100
AcDbEntity
  8
BLACK
  6
CONTINUOUS
100
AcDbLine
 10
0.1631514566929134
 20
-2.8567818503937006
 30
0
 11
0.1631514566929134
 21
-2.8409869685039371
 31
0
  0
LINE
  5
549
330
1A
100
AcDbEntity
  8
BLACK
  6
CONTINUOUS
100
AcDbLine
 10
0.1631514566929134
 20
-2.8409869685039371
 30
0
 11
0.163208188976378
 21
-2.8404109055118107
 31
0
  0
LINE
  5
54A
330
1A
100
AcDbEntity
  8
BLACK
  6
CONTINUOUS
100
AcDbLine
 10
0.163208188976378
 20
-2.8404109055118107
 30
0
 11
0.163649094488189
 21
-2.8393464960629919
 31
0
  0
LINE
  5
54B
330
1A
100
AcDbEntity
  8
BLACK
  6
CONTINUOUS
100
AcDbLine
 10
0.163649094488189
 20
-2.8393464960629919
 30
0
 11
0.1644637401574803
 21
-2.8385318503937009
 31
0
  0
LINE
  5
54C
330
1A
100
AcDbEntity
  8
BLACK
  6
CONTINUOUS
100
AcDbLine
 10
0.1644637401574803
 20
-2.8385318503937009
 30
0
 11
0.1655281496062992
 21
-2.8380909448818898
 31
0
  0
LINE
  5
54D
330
1A
100
AcDbEntity
  8
BLACK
  6
CONTINUOUS
100
AcDbLine
 10
0.1655281496062992
 20
-2.8380909448818898
 30
0
 11
0.1666802755905512
 21
-2.8380909448818898
 31
0
  0
LINE
  5
54E
330
1A
100
AcDbEntity
  8
BLACK
  6
CONTINUOUS
100
AcDbLine
 10
0.1666802755905512
 20
-2.8380909448818898
 30
0
 11
0.1677446850393701
 21
-2.8385318503937009
 31
0
  0
LINE
  5
54F
330
1A
100
AcDbEntity
  8
BLACK
  6
CONTINUOUS
100
AcDbLine
 10
0.1677446850393701
 20
-2.8385318503937009
 30
0
 11
0.1685593307086614
 21
-2.8393464960629919
 31
0
  0
LINE
  5
550
330
1A
100
AcDbEntity
  8
BLACK
  6
CONTINUOUS
100
AcDbLine
 10
0.1685593307086614
 20
-2.8393464960629919
 30
0
 11
0.1690002362204724
 21
-2.8404109055118107
 31
0
  0
LINE
  5
551
330
1A
100
AcDbEntity
  8
BLACK
  6
CONTINUOUS
100
AcDbLine
 10
0.1690002362204724
 20
-2.8404109055118107
 30
0
 11
0.169056968503937
 21
-2.8409869685039371
 31
0
  0
LINE
  5
552
330
1A
100
AcDbEntity
  8
BLACK
  6
CONTINUOUS
100
AcDbLine
 10
0.169056968503937
 20
-2.8409869685039371
 30
0
 11
0.169056968503937
 21
-2.8803570472440945
 31
0
  0
LINE
  5
553
330
1A
100
AcDbEntity
  8
BLACK
  6
CONTINUOUS
100
AcDbLine
 10
0.169056968503937
 20
-2.8803570472440945
 30
0
 11
0.1690002362204724
 21
-2.8809331102362203
 31
0
  0
LINE
  5
554
330
1A
100
AcDbEntity
  8
BLACK
  6
CONTINUOUS
100
AcDbLine
 10
0.1690002362204724
 20
-2.8809331102362203
 30
0
 11
0.1685593307086614
 21
-2.8819975196850391
 31
0
  0
LINE
  5
555
330
1A
100
AcDbEntity
  8
BLACK
  6
CONTINUOUS
100
AcDbLine
 10
0.1685593307086614
 20
-2.8819975196850391
 30
0
 11
0.1677446850393701
 21
-2.8828121653543306
 31
0
  0
LINE
  5
556
330
1A
100
AcDbEntity
  8
BLACK
  6
CONTINUOUS
100
AcDbLine
 10
0.1677446850393701
 20
-2.8828121653543306
 30
0
 11
0.1666802755905512
 21
-2.8832530708661417
 31
0
  0
LINE
  5
557
330
1A
100
AcDbEntity
  8
BLACK
  6
CONTINUOUS
100
AcDbLine
 10
0.1666802755905512
 20
-2.8832530708661417
 30
0
 11
0.1655281496062992
 21
-2.8832530708661417
 31
0
  0
LINE
  5
558
330
1A
100
AcDbEntity
  8
BLACK
  6
CONTINUOUS
100
AcDbLine
 10
0.1655281496062992
 20
-2.8832530708661417
 30
0
 11
0.1644637401574803
 21
-2.8828121653543306
 31
0
  0
LINE
  5
559
330
1A
100
AcDbEntity
  8
BLACK
  6
CONTINUOUS
100
AcDbLine
 10
0.1644637401574803
 20
-2.8828121653543306
 30
0
 11
0.163649094488189
 21
-2.8819975196850391
 31
0
  0
LINE
  5
55A
330
1A
100
AcDbEntity
  8
BLACK
  6
CONTINUOUS
100
AcDbLine
 10
0.163649094488189
 20
-2.8819975196850391
 30
0
 11
0.163208188976378
 21
-2.8809331102362203
 31
0
  0
LINE
  5
55B
330
1A
100
AcDbEntity
  8
BLACK
  6
CONTINUOUS
100
AcDbLine
 10
0.163208188976378
 20
-2.8809331102362203
 30
0
 11
0.1631514566929134
 21
-2.8803570472440945
 31
0
  0
LINE
  5
55C
330
1A
100
AcDbEntity
  8
BLACK
  6
CONTINUOUS
100
AcDbLine
 10
0.1631514566929134
 20
-2.8803570472440945
 30
0
 11
0.1631514566929134
 21
-2.8626873622047242
 31
0
  0
LINE
  5
55D
330
1A
100
AcDbEntity
  8
BLACK
  6
CONTINUOUS
100
AcDbLine
 10
0.1631514566929134
 20
-2.8626873622047242
 30
0
 11
0.1465598031496063
 21
-2.8626873622047242
 31
0
  0
LINE
  5
55E
330
1A
100
AcDbEntity
  8
BLACK
  6
CONTINUOUS
100
AcDbLine
 10
0.1465598031496063
 20
-2.8626873622047242
 30
0
 11
0.1465598031496063
 21
-2.8803570472440945
 31
0
  0
LINE
  5
55F
330
1A
100
AcDbEntity
  8
BLACK
  6
CONTINUOUS
100
AcDbLine
 10
0.1465598031496063
 20
-2.8803570472440945
 30
0
 11
0.1465030708661417
 21
-2.8809331102362203
 31
0
  0
LINE
  5
560
330
1A
100
AcDbEntity
  8
BLACK
  6
CONTINUOUS
100
AcDbLine
 10
0.1465030708661417
 20
-2.8809331102362203
 30
0
 11
0.1460621653543307
 21
-2.8819975196850391
 31
0
  0
LINE
  5
561
330
1A
100
AcDbEntity
  8
BLACK
  6
CONTINUOUS
100
AcDbLine
 10
0.1460621653543307
 20
-2.8819975196850391
 30
0
 11
0.1452475196850394
 21
-2.8828121653543306
 31
0
  0
LINE
  5
562
330
1A
100
AcDbEntity
  8
BLACK
  6
CONTINUOUS
100
AcDbLine
 10
0.1452475196850394
 20
-2.8828121653543306
 30
0
 11
0.1441831102362205
 21
-2.8832530708661417
 31
0
  0
LINE
  5
563
330
1A
100
AcDbEntity
  8
BLACK
  6
CONTINUOUS
100
AcDbLine
 10
0.1441831102362205
 20
-2.8832530708661417
 30
0
 11
0.1430309842519685
 21
-2.8832530708661417
 31
0
  0
LINE
  5
564
330
1A
100
AcDbEntity
  8
BLACK
  6
CONTINUOUS
100
AcDbLine
 10
0.1430309842519685
 20
-2.8832530708661417
 30
0
 11
0.1419665748031496
 21
-2.8828121653543306
 31
0
  0
LINE
  5
565
330
1A
100
AcDbEntity
  8
BLACK
  6
CONTINUOUS
100
AcDbLine
 10
0.1419665748031496
 20
-2.8828121653543306
 30
0
 11
0.1411519291338583
 21
-2.8819975196850391
 31
0
  0
LINE
  5
566
330
1A
100
AcDbEntity
  8
BLACK
  6
CONTINUOUS
100
AcDbLine
 10
0.1411519291338583
 20
-2.8819975196850391
 30
0
 11
0.1407110236220472
 21
-2.8809331102362203
 31
0
  0
LINE
  5
567
330
1A
100
AcDbEntity
  8
BLACK
  6
CONTINUOUS
100
AcDbLine
 10
0.1407110236220472
 20
-2.8809331102362203
 30
0
 11
0.1406542913385827
 21
-2.8803570472440945
 31
0
  0
LINE
  5
568
330
1A
100
AcDbEntity
  8
BLACK
  6
CONTINUOUS
100
AcDbLine
 10
0.1406542913385827
 20
-2.8803570472440945
 30
0
 11
0.1406542913385827
 21
-2.8409869685039371
 31
0
  0
LINE
  5
569
330
1A
100
AcDbEntity
  8
BLACK
  6
CONTINUOUS
100
AcDbLine
 10
0.1406542913385827
 20
-2.8409869685039371
 30
0
 11
0.1407110236220472
 21
-2.8404109055118107
 31
0
  0
LINE
  5
56A
330
1A
100
AcDbEntity
  8
BLACK
  6
CONTINUOUS
100
AcDbLine
 10
0.1407110236220472
 20
-2.8404109055118107
 30
0
 11
0.1411519291338583
 21
-2.8393464960629919
 31
0
  0
LINE
  5
56B
330
1A
100
AcDbEntity
  8
BLACK
  6
CONTINUOUS
100
AcDbLine
 10
0.1411519291338583
 20
-2.8393464960629919
 30
0
 11
0.1419665748031496
 21
-2.8385318503937009
 31
0
  0
LINE
  5
56C
330
1A
100
AcDbEntity
  8
BLACK
  6
CONTINUOUS
100
AcDbLine
 10
0.1419665748031496
 20
-2.8385318503937009
 30
0
 11
0.1430309842519685
 21
-2.8380909448818898
 31
0
  0
LINE
  5
56D
330
1A
100
AcDbEntity
  8
BLACK
  6
CONTINUOUS
100
AcDbLine
 10
0.1430309842519685
 20
-2.8380909448818898
 30
0
 11
0.1441831102362205
 21
-2.8380909448818898
 31
0
  0
LINE
  5
56E
330
1A
100
AcDbEntity
  8
BLACK
  6
CONTINUOUS
100
AcDbLine
 10
0.1441831102362205
 20
-2.8380909448818898
 30
0
 11
0.1452475196850394
 21
-2.8385318503937009
 31
0
  0
LINE
  5
56F
330
1A
100
AcDbEntity
  8
BLACK
  6
CONTINUOUS
100
AcDbLine
 10
0.2313085433070866
 20
-2.8365469685039368
 30
0
 11
0.232178937007874
 21
-2.8373018503937009
 31
0
  0
LINE
  5
570
330
1A
100
AcDbEntity
  8
BLACK
  6
CONTINUOUS
100
AcDbLine
 10
0.232178937007874
 20
-2.8373018503937009
 30
0
 11
0.2326941338582677
 21
-2.8383323228346455
 31
0
  0
LINE
  5
571
330
1A
100
AcDbEntity
  8
BLACK
  6
CONTINUOUS
100
AcDbLine
 10
0.2326941338582677
 20
-2.8383323228346455
 30
0
 11
0.2327758267716535
 21
-2.8394815354330709
 31
0
  0
LINE
  5
572
330
1A
100
AcDbEntity
  8
BLACK
  6
CONTINUOUS
100
AcDbLine
 10
0.2327758267716535
 20
-2.8394815354330709
 30
0
 11
0.2326474803149606
 21
-2.8400459842519683
 31
0
  0
LINE
  5
573
330
1A
100
AcDbEntity
  8
BLACK
  6
CONTINUOUS
100
AcDbLine
 10
0.2326474803149606
 20
-2.8400459842519683
 30
0
 11
0.2245691732283465
 21
-2.8642809055118108
 31
0
  0
LINE
  5
574
330
1A
100
AcDbEntity
  8
BLACK
  6
CONTINUOUS
100
AcDbLine
 10
0.2245691732283465
 20
-2.8642809055118108
 30
0
 11
0.2362673228346457
 21
-2.8642809055118108
 31
0
  0
LINE
  5
575
330
1A
100
AcDbEntity
  8
BLACK
  6
CONTINUOUS
100
AcDbLine
 10
0.2362673228346457
 20
-2.8642809055118108
 30
0
 11
0.2362673228346457
 21
-2.8541103149606299
 31
0
  0
LINE
  5
576
330
1A
100
AcDbEntity
  8
BLACK
  6
CONTINUOUS
100
AcDbLine
 10
0.2362673228346457
 20
-2.8541103149606299
 30
0
 11
0.2363240551181102
 21
-2.8535342519685041
 31
0
  0
LINE
  5
577
330
1A
100
AcDbEntity
  8
BLACK
  6
CONTINUOUS
100
AcDbLine
 10
0.2363240551181102
 20
-2.8535342519685041
 30
0
 11
0.2367649606299213
 21
-2.8524698425196848
 31
0
  0
LINE
  5
578
330
1A
100
AcDbEntity
  8
BLACK
  6
CONTINUOUS
100
AcDbLine
 10
0.2367649606299213
 20
-2.8524698425196848
 30
0
 11
0.2375796062992126
 21
-2.8516551968503938
 31
0
  0
LINE
  5
579
330
1A
100
AcDbEntity
  8
BLACK
  6
CONTINUOUS
100
AcDbLine
 10
0.2375796062992126
 20
-2.8516551968503938
 30
0
 11
0.2386440157480315
 21
-2.8512142913385827
 31
0
  0
LINE
  5
57A
330
1A
100
AcDbEntity
  8
BLACK
  6
CONTINUOUS
100
AcDbLine
 10
0.2386440157480315
 20
-2.8512142913385827
 30
0
 11
0.2397961417322834
 21
-2.8512142913385827
 31
0
  0
LINE
  5
57B
330
1A
100
AcDbEntity
  8
BLACK
  6
CONTINUOUS
100
AcDbLine
 10
0.2397961417322834
 20
-2.8512142913385827
 30
0
 11
0.2408605511811024
 21
-2.8516551968503938
 31
0
  0
LINE
  5
57C
330
1A
100
AcDbEntity
  8
BLACK
  6
CONTINUOUS
100
AcDbLine
 10
0.2408605511811024
 20
-2.8516551968503938
 30
0
 11
0.2416751968503937
 21
-2.8524698425196848
 31
0
  0
LINE
  5
57D
330
1A
100
AcDbEntity
  8
BLACK
  6
CONTINUOUS
100
AcDbLine
 10
0.2416751968503937
 20
-2.8524698425196848
 30
0
 11
0.2421161023622047
 21
-2.8535342519685041
 31
0
  0
LINE
  5
57E
330
1A
100
AcDbEntity
  8
BLACK
  6
CONTINUOUS
100
AcDbLine
 10
0.2421161023622047
 20
-2.8535342519685041
 30
0
 11
0.2421728346456693
 21
-2.8541103149606299
 31
0
  0
LINE
  5
57F
330
1A
100
AcDbEntity
  8
BLACK
  6
CONTINUOUS
100
AcDbLine
 10
0.2421728346456693
 20
-2.8541103149606299
 30
0
 11
0.2421728346456693
 21
-2.8642809055118108
 31
0
  0
LINE
  5
580
330
1A
100
AcDbEntity
  8
BLACK
  6
CONTINUOUS
100
AcDbLine
 10
0.2421728346456693
 20
-2.8642809055118108
 30
0
 11
0.2448443700787402
 21
-2.8642809055118108
 31
0
  0
LINE
  5
581
330
1A
100
AcDbEntity
  8
BLACK
  6
CONTINUOUS
100
AcDbLine
 10
0.2448443700787402
 20
-2.8642809055118108
 30
0
 11
0.2454204330708661
 21
-2.8643376377952756
 31
0
  0
LINE
  5
582
330
1A
100
AcDbEntity
  8
BLACK
  6
CONTINUOUS
100
AcDbLine
 10
0.2454204330708661
 20
-2.8643376377952756
 30
0
 11
0.246484842519685
 21
-2.8647785433070867
 31
0
  0
LINE
  5
583
330
1A
100
AcDbEntity
  8
BLACK
  6
CONTINUOUS
100
AcDbLine
 10
0.246484842519685
 20
-2.8647785433070867
 30
0
 11
0.2472994881889764
 21
-2.8655931889763777
 31
0
  0
LINE
  5
584
330
1A
100
AcDbEntity
  8
BLACK
  6
CONTINUOUS
100
AcDbLine
 10
0.2472994881889764
 20
-2.8655931889763777
 30
0
 11
0.2477403937007874
 21
-2.866657598425197
 31
0
  0
LINE
  5
585
330
1A
100
AcDbEntity
  8
BLACK
  6
CONTINUOUS
100
AcDbLine
 10
0.2477403937007874
 20
-2.866657598425197
 30
0
 11
0.2477403937007874
 21
-2.8678097244094487
 31
0
  0
LINE
  5
586
330
1A
100
AcDbEntity
  8
BLACK
  6
CONTINUOUS
100
AcDbLine
 10
0.2477403937007874
 20
-2.8678097244094487
 30
0
 11
0.2472994881889764
 21
-2.8688741338582675
 31
0
  0
LINE
  5
587
330
1A
100
AcDbEntity
  8
BLACK
  6
CONTINUOUS
100
AcDbLine
 10
0.2472994881889764
 20
-2.8688741338582675
 30
0
 11
0.246484842519685
 21
-2.869688779527559
 31
0
  0
LINE
  5
588
330
1A
100
AcDbEntity
  8
BLACK
  6
CONTINUOUS
100
AcDbLine
 10
0.246484842519685
 20
-2.869688779527559
 30
0
 11
0.2454204330708661
 21
-2.87012968503937
 31
0
  0
LINE
  5
589
330
1A
100
AcDbEntity
  8
BLACK
  6
CONTINUOUS
100
AcDbLine
 10
0.2454204330708661
 20
-2.87012968503937
 30
0
 11
0.2448443700787402
 21
-2.8701864173228344
 31
0
  0
LINE
  5
58A
330
1A
100
AcDbEntity
  8
BLACK
  6
CONTINUOUS
100
AcDbLine
 10
0.2448443700787402
 20
-2.8701864173228344
 30
0
 11
0.2421728346456693
 21
-2.8701864173228344
 31
0
  0
LINE
  5
58B
330
1A
100
AcDbEntity
  8
BLACK
  6
CONTINUOUS
100
AcDbLine
 10
0.2421728346456693
 20
-2.8701864173228344
 30
0
 11
0.2421728346456693
 21
-2.8803570472440945
 31
0
  0
LINE
  5
58C
330
1A
100
AcDbEntity
  8
BLACK
  6
CONTINUOUS
100
AcDbLine
 10
0.2421728346456693
 20
-2.8803570472440945
 30
0
 11
0.2421161023622047
 21
-2.8809331102362203
 31
0
  0
LINE
  5
58D
330
1A
100
AcDbEntity
  8
BLACK
  6
CONTINUOUS
100
AcDbLine
 10
0.2421161023622047
 20
-2.8809331102362203
 30
0
 11
0.2416751968503937
 21
-2.8819975196850391
 31
0
  0
LINE
  5
58E
330
1A
100
AcDbEntity
  8
BLACK
  6
CONTINUOUS
100
AcDbLine
 10
0.2416751968503937
 20
-2.8819975196850391
 30
0
 11
0.2408605511811024
 21
-2.8828121653543306
 31
0
  0
LINE
  5
58F
330
1A
100
AcDbEntity
  8
BLACK
  6
CONTINUOUS
100
AcDbLine
 10
0.2408605511811024
 20
-2.8828121653543306
 30
0
 11
0.2397961417322834
 21
-2.8832530708661417
 31
0
  0
LINE
  5
590
330
1A
100
AcDbEntity
  8
BLACK
  6
CONTINUOUS
100
AcDbLine
 10
0.2397961417322834
 20
-2.8832530708661417
 30
0
 11
0.2386440157480315
 21
-2.8832530708661417
 31
0
  0
LINE
  5
591
330
1A
100
AcDbEntity
  8
BLACK
  6
CONTINUOUS
100
AcDbLine
 10
0.2386440157480315
 20
-2.8832530708661417
 30
0
 11
0.2375796062992126
 21
-2.8828121653543306
 31
0
  0
LINE
  5
592
330
1A
100
AcDbEntity
  8
BLACK
  6
CONTINUOUS
100
AcDbLine
 10
0.2375796062992126
 20
-2.8828121653543306
 30
0
 11
0.2367649606299213
 21
-2.8819975196850391
 31
0
  0
LINE
  5
593
330
1A
100
AcDbEntity
  8
BLACK
  6
CONTINUOUS
100
AcDbLine
 10
0.2367649606299213
 20
-2.8819975196850391
 30
0
 11
0.2363240551181102
 21
-2.8809331102362203
 31
0
  0
LINE
  5
594
330
1A
100
AcDbEntity
  8
BLACK
  6
CONTINUOUS
100
AcDbLine
 10
0.2363240551181102
 20
-2.8809331102362203
 30
0
 11
0.2362673228346457
 21
-2.8803570472440945
 31
0
  0
LINE
  5
595
330
1A
100
AcDbEntity
  8
BLACK
  6
CONTINUOUS
100
AcDbLine
 10
0.2362673228346457
 20
-2.8803570472440945
 30
0
 11
0.2362673228346457
 21
-2.8701864173228344
 31
0
  0
LINE
  5
596
330
1A
100
AcDbEntity
  8
BLACK
  6
CONTINUOUS
100
AcDbLine
 10
0.2362673228346457
 20
-2.8701864173228344
 30
0
 11
0.2204724409448819
 21
-2.8701864173228344
 31
0
  0
LINE
  5
597
330
1A
100
AcDbEntity
  8
BLACK
  6
CONTINUOUS
100
AcDbLine
 10
0.2204724409448819
 20
-2.8701864173228344
 30
0
 11
0.2201808661417323
 21
-2.8701576771653543
 31
0
  0
LINE
  5
598
330
1A
100
AcDbEntity
  8
BLACK
  6
CONTINUOUS
100
AcDbLine
 10
0.2201808661417323
 20
-2.8701576771653543
 30
0
 11
0.2201031496062992
 21
-2.8701632283464567
 31
0
  0
LINE
  5
599
330
1A
100
AcDbEntity
  8
BLACK
  6
CONTINUOUS
100
AcDbLine
 10
0.2201031496062992
 20
-2.8701632283464567
 30
0
 11
0.2200470078740157
 21
-2.8701444881889762
 31
0
  0
LINE
  5
59A
330
1A
100
AcDbEntity
  8
BLACK
  6
CONTINUOUS
100
AcDbLine
 10
0.2200470078740157
 20
-2.8701444881889762
 30
0
 11
0.2198963779527559
 21
-2.87012968503937
 31
0
  0
LINE
  5
59B
330
1A
100
AcDbEntity
  8
BLACK
  6
CONTINUOUS
100
AcDbLine
 10
0.2198963779527559
 20
-2.87012968503937
 30
0
 11
0.2194590551181102
 21
-2.8699485433070864
 31
0
  0
LINE
  5
59C
330
1A
100
AcDbEntity
  8
BLACK
  6
CONTINUOUS
100
AcDbLine
 10
0.2194590551181102
 20
-2.8699485433070864
 30
0
 11
0.2190101181102362
 21
-2.8697988976377951
 31
0
  0
LINE
  5
59D
330
1A
100
AcDbEntity
  8
BLACK
  6
CONTINUOUS
100
AcDbLine
 10
0.2190101181102362
 20
-2.8697988976377951
 30
0
 11
0.2189299212598425
 21
-2.8697293307086613
 31
0
  0
LINE
  5
59E
330
1A
100
AcDbEntity
  8
BLACK
  6
CONTINUOUS
100
AcDbLine
 10
0.2189299212598425
 20
-2.8697293307086613
 30
0
 11
0.218831968503937
 21
-2.869688779527559
 31
0
  0
LINE
  5
59F
330
1A
100
AcDbEntity
  8
BLACK
  6
CONTINUOUS
100
AcDbLine
 10
0.218831968503937
 20
-2.869688779527559
 30
0
 11
0.2184973228346457
 21
-2.8693541338582675
 31
0
  0
LINE
  5
5A0
330
1A
100
AcDbEntity
  8
BLACK
  6
CONTINUOUS
100
AcDbLine
 10
0.2184973228346457
 20
-2.8693541338582675
 30
0
 11
0.2181397637795276
 21
-2.8690440157480315
 31
0
  0
LINE
  5
5A1
330
1A
100
AcDbEntity
  8
BLACK
  6
CONTINUOUS
100
AcDbLine
 10
0.2181397637795276
 20
-2.8690440157480315
 30
0
 11
0.2180923228346457
 21
-2.8689491338582678
 31
0
  0
LINE
  5
5A2
330
1A
100
AcDbEntity
  8
BLACK
  6
CONTINUOUS
100
AcDbLine
 10
0.2180923228346457
 20
-2.8689491338582678
 30
0
 11
0.2180173228346457
 21
-2.8688741338582675
 31
0
  0
LINE
  5
5A3
330
1A
100
AcDbEntity
  8
BLACK
  6
CONTINUOUS
100
AcDbLine
 10
0.2180173228346457
 20
-2.8688741338582675
 30
0
 11
0.2178361417322835
 21
-2.8684367716535433
 31
0
  0
LINE
  5
5A4
330
1A
100
AcDbEntity
  8
BLACK
  6
CONTINUOUS
100
AcDbLine
 10
0.2178361417322835
 20
-2.8684367716535433
 30
0
 11
0.2176245669291338
 21
-2.8680135826771651
 31
0
  0
LINE
  5
5A5
330
1A
100
AcDbEntity
  8
BLACK
  6
CONTINUOUS
100
AcDbLine
 10
0.2176245669291338
 20
-2.8680135826771651
 30
0
 11
0.2176170472440945
 21
-2.8679077952755905
 31
0
  0
LINE
  5
5A6
330
1A
100
AcDbEntity
  8
BLACK
  6
CONTINUOUS
100
AcDbLine
 10
0.2176170472440945
 20
-2.8679077952755905
 30
0
 11
0.2175764173228346
 21
-2.8678097244094487
 31
0
  0
LINE
  5
5A7
330
1A
100
AcDbEntity
  8
BLACK
  6
CONTINUOUS
100
AcDbLine
 10
0.2175764173228346
 20
-2.8678097244094487
 30
0
 11
0.2175764173228346
 21
-2.8673362204724411
 31
0
  0
LINE
  5
5A8
330
1A
100
AcDbEntity
  8
BLACK
  6
CONTINUOUS
100
AcDbLine
 10
0.2175764173228346
 20
-2.8673362204724411
 30
0
 11
0.217542874015748
 21
-2.8668643700787402
 31
0
  0
LINE
  5
5A9
330
1A
100
AcDbEntity
  8
BLACK
  6
CONTINUOUS
100
AcDbLine
 10
0.217542874015748
 20
-2.8668643700787402
 30
0
 11
0.2175764173228346
 21
-2.8667168503937006
 31
0
  0
LINE
  5
5AA
330
1A
100
AcDbEntity
  8
BLACK
  6
CONTINUOUS
100
AcDbLine
 10
0.2175764173228346
 20
-2.8667168503937006
 30
0
 11
0.2175764173228346
 21
-2.866657598425197
 31
0
  0
LINE
  5
5AB
330
1A
100
AcDbEntity
  8
BLACK
  6
CONTINUOUS
100
AcDbLine
 10
0.2175764173228346
 20
-2.866657598425197
 30
0
 11
0.2176062598425197
 21
-2.8665854724409447
 31
0
  0
LINE
  5
5AC
330
1A
100
AcDbEntity
  8
BLACK
  6
CONTINUOUS
100
AcDbLine
 10
0.2176062598425197
 20
-2.8665854724409447
 30
0
 11
0.2176712204724409
 21
-2.8662999212598423
 31
0
  0
LINE
  5
5AD
330
1A
100
AcDbEntity
  8
BLACK
  6
CONTINUOUS
100
AcDbLine
 10
0.2176712204724409
 20
-2.8662999212598423
 30
0
 11
0.2270450393700787
 21
-2.838178464566929
 31
0
  0
LINE
  5
5AE
330
1A
100
AcDbEntity
  8
BLACK
  6
CONTINUOUS
100
AcDbLine
 10
0.2270450393700787
 20
-2.838178464566929
 30
0
 11
0.2272810236220472
 21
-2.8376499212598425
 31
0
  0
LINE
  5
5AF
330
1A
100
AcDbEntity
  8
BLACK
  6
CONTINUOUS
100
AcDbLine
 10
0.2272810236220472
 20
-2.8376499212598425
 30
0
 11
0.228035905511811
 21
-2.8367795669291338
 31
0
  0
LINE
  5
5B0
330
1A
100
AcDbEntity
  8
BLACK
  6
CONTINUOUS
100
AcDbLine
 10
0.228035905511811
 20
-2.8367795669291338
 30
0
 11
0.2290663385826772
 21
-2.8362643307086612
 31
0
  0
LINE
  5
5B1
330
1A
100
AcDbEntity
  8
BLACK
  6
CONTINUOUS
100
AcDbLine
 10
0.2290663385826772
 20
-2.8362643307086612
 30
0
 11
0.2302155511811023
 21
-2.8361826377952757
 31
0
  0
LINE
  5
5B2
330
1A
100
AcDbEntity
  8
BLACK
  6
CONTINUOUS
100
AcDbLine
 10
0.2302155511811023
 20
-2.8361826377952757
 30
0
 11
0.2313085433070866
 21
-2.8365469685039368
 31
0
  0
LINE
  5
5B3
330
1A
100
AcDbEntity
  8
BLACK
  6
CONTINUOUS
100
AcDbLine
 10
0.4010259842519685
 20
-2.8380909448818898
 30
0
 11
0.4020903937007874
 21
-2.8385318503937009
 31
0
  0
LINE
  5
5B4
330
1A
100
AcDbEntity
  8
BLACK
  6
CONTINUOUS
100
AcDbLine
 10
0.4020903937007874
 20
-2.8385318503937009
 30
0
 11
0.4029050393700787
 21
-2.8393464960629919
 31
0
  0
LINE
  5
5B5
330
1A
100
AcDbEntity
  8
BLACK
  6
CONTINUOUS
100
AcDbLine
 10
0.4029050393700787
 20
-2.8393464960629919
 30
0
 11
0.4033459448818897
 21
-2.8404109055118107
 31
0
  0
LINE
  5
5B6
330
1A
100
AcDbEntity
  8
BLACK
  6
CONTINUOUS
100
AcDbLine
 10
0.4033459448818897
 20
-2.8404109055118107
 30
0
 11
0.4033459448818897
 21
-2.8415630314960629
 31
0
  0
LINE
  5
5B7
330
1A
100
AcDbEntity
  8
BLACK
  6
CONTINUOUS
100
AcDbLine
 10
0.4033459448818897
 20
-2.8415630314960629
 30
0
 11
0.4029050393700787
 21
-2.8426274409448817
 31
0
  0
LINE
  5
5B8
330
1A
100
AcDbEntity
  8
BLACK
  6
CONTINUOUS
100
AcDbLine
 10
0.4029050393700787
 20
-2.8426274409448817
 30
0
 11
0.4020903937007874
 21
-2.8434420866141732
 31
0
  0
LINE
  5
5B9
330
1A
100
AcDbEntity
  8
BLACK
  6
CONTINUOUS
100
AcDbLine
 10
0.4020903937007874
 20
-2.8434420866141732
 30
0
 11
0.4010259842519685
 21
-2.8438829921259843
 31
0
  0
LINE
  5
5BA
330
1A
100
AcDbEntity
  8
BLACK
  6
CONTINUOUS
100
AcDbLine
 10
0.4010259842519685
 20
-2.8438829921259843
 30
0
 11
0.4004499212598425
 21
-2.8439397244094486
 31
0
  0
LINE
  5
5BB
330
1A
100
AcDbEntity
  8
BLACK
  6
CONTINUOUS
100
AcDbLine
 10
0.4004499212598425
 20
-2.8439397244094486
 30
0
 11
0.3921540944881889
 21
-2.8439397244094486
 31
0
  0
LINE
  5
5BC
330
1A
100
AcDbEntity
  8
BLACK
  6
CONTINUOUS
100
AcDbLine
 10
0.3921540944881889
 20
-2.8439397244094486
 30
0
 11
0.3921540944881889
 21
-2.8803570472440945
 31
0
  0
LINE
  5
5BD
330
1A
100
AcDbEntity
  8
BLACK
  6
CONTINUOUS
100
AcDbLine
 10
0.3921540944881889
 20
-2.8803570472440945
 30
0
 11
0.3920973622047244
 21
-2.8809331102362203
 31
0
  0
LINE
  5
5BE
330
1A
100
AcDbEntity
  8
BLACK
  6
CONTINUOUS
100
AcDbLine
 10
0.3920973622047244
 20
-2.8809331102362203
 30
0
 11
0.3916564566929134
 21
-2.8819975196850391
 31
0
  0
LINE
  5
5BF
330
1A
100
AcDbEntity
  8
BLACK
  6
CONTINUOUS
100
AcDbLine
 10
0.3916564566929134
 20
-2.8819975196850391
 30
0
 11
0.390841811023622
 21
-2.8828121653543306
 31
0
  0
LINE
  5
5C0
330
1A
100
AcDbEntity
  8
BLACK
  6
CONTINUOUS
100
AcDbLine
 10
0.390841811023622
 20
-2.8828121653543306
 30
0
 11
0.3897774015748031
 21
-2.8832530708661417
 31
0
  0
LINE
  5
5C1
330
1A
100
AcDbEntity
  8
BLACK
  6
CONTINUOUS
100
AcDbLine
 10
0.3897774015748031
 20
-2.8832530708661417
 30
0
 11
0.3886252755905512
 21
-2.8832530708661417
 31
0
  0
LINE
  5
5C2
330
1A
100
AcDbEntity
  8
BLACK
  6
CONTINUOUS
100
AcDbLine
 10
0.3886252755905512
 20
-2.8832530708661417
 30
0
 11
0.3875608661417323
 21
-2.8828121653543306
 31
0
  0
LINE
  5
5C3
330
1A
100
AcDbEntity
  8
BLACK
  6
CONTINUOUS
100
AcDbLine
 10
0.3875608661417323
 20
-2.8828121653543306
 30
0
 11
0.3867462204724409
 21
-2.8819975196850391
 31
0
  0
LINE
  5
5C4
330
1A
100
AcDbEntity
  8
BLACK
  6
CONTINUOUS
100
AcDbLine
 10
0.3867462204724409
 20
-2.8819975196850391
 30
0
 11
0.3863053149606299
 21
-2.8809331102362203
 31
0
  0
LINE
  5
5C5
330
1A
100
AcDbEntity
  8
BLACK
  6
CONTINUOUS
100
AcDbLine
 10
0.3863053149606299
 20
-2.8809331102362203
 30
0
 11
0.3862485826771653
 21
-2.8803570472440945
 31
0
  0
LINE
  5
5C6
330
1A
100
AcDbEntity
  8
BLACK
  6
CONTINUOUS
100
AcDbLine
 10
0.3862485826771653
 20
-2.8803570472440945
 30
0
 11
0.3862485826771653
 21
-2.8439397244094486
 31
0
  0
LINE
  5
5C7
330
1A
100
AcDbEntity
  8
BLACK
  6
CONTINUOUS
100
AcDbLine
 10
0.3862485826771653
 20
-2.8439397244094486
 30
0
 11
0.3779527559055118
 21
-2.8439397244094486
 31
0
  0
LINE
  5
5C8
330
1A
100
AcDbEntity
  8
BLACK
  6
CONTINUOUS
100
AcDbLine
 10
0.3779527559055118
 20
-2.8439397244094486
 30
0
 11
0.3773766929133858
 21
-2.8438829921259843
 31
0
  0
LINE
  5
5C9
330
1A
100
AcDbEntity
  8
BLACK
  6
CONTINUOUS
100
AcDbLine
 10
0.3773766929133858
 20
-2.8438829921259843
 30
0
 11
0.3763122834645669
 21
-2.8434420866141732
 31
0
  0
LINE
  5
5CA
330
1A
100
AcDbEntity
  8
BLACK
  6
CONTINUOUS
100
AcDbLine
 10
0.3763122834645669
 20
-2.8434420866141732
 30
0
 11
0.3754976377952756
 21
-2.8426274409448817
 31
0
  0
LINE
  5
5CB
330
1A
100
AcDbEntity
  8
BLACK
  6
CONTINUOUS
100
AcDbLine
 10
0.3754976377952756
 20
-2.8426274409448817
 30
0
 11
0.3750567322834645
 21
-2.8415630314960629
 31
0
  0
LINE
  5
5CC
330
1A
100
AcDbEntity
  8
BLACK
  6
CONTINUOUS
100
AcDbLine
 10
0.3750567322834645
 20
-2.8415630314960629
 30
0
 11
0.3750567322834645
 21
-2.8404109055118107
 31
0
  0
LINE
  5
5CD
330
1A
100
AcDbEntity
  8
BLACK
  6
CONTINUOUS
100
AcDbLine
 10
0.3750567322834645
 20
-2.8404109055118107
 30
0
 11
0.3754976377952756
 21
-2.8393464960629919
 31
0
  0
LINE
  5
5CE
330
1A
100
AcDbEntity
  8
BLACK
  6
CONTINUOUS
100
AcDbLine
 10
0.3754976377952756
 20
-2.8393464960629919
 30
0
 11
0.3763122834645669
 21
-2.8385318503937009
 31
0
  0
LINE
  5
5CF
330
1A
100
AcDbEntity
  8
BLACK
  6
CONTINUOUS
100
AcDbLine
 10
0.3763122834645669
 20
-2.8385318503937009
 30
0
 11
0.3773766929133858
 21
-2.8380909448818898
 31
0
  0
LINE
  5
5D0
330
1A
100
AcDbEntity
  8
BLACK
  6
CONTINUOUS
100
AcDbLine
 10
0.3773766929133858
 20
-2.8380909448818898
 30
0
 11
0.3779527559055118
 21
-2.838034212598425
 31
0
  0
LINE
  5
5D1
330
1A
100
AcDbEntity
  8
BLACK
  6
CONTINUOUS
100
AcDbLine
 10
0.3779527559055118
 20
-2.838034212598425
 30
0
 11
0.4004499212598425
 21
-2.838034212598425
 31
0
  0
LINE
  5
5D2
330
1A
100
AcDbEntity
  8
BLACK
  6
CONTINUOUS
100
AcDbLine
 10
0.4004499212598425
 20
-2.838034212598425
 30
0
 11
0.4010259842519685
 21
-2.8380909448818898
 31
0
  0
LINE
  5
5D3
330
1A
100
AcDbEntity
  8
BLACK
  6
CONTINUOUS
100
AcDbLine
 10
0.3654054724409449
 20
-2.8624628740157481
 30
0
 11
0.3664698818897638
 21
-2.8629037795275591
 31
0
  0
LINE
  5
5D4
330
1A
100
AcDbEntity
  8
BLACK
  6
CONTINUOUS
100
AcDbLine
 10
0.3664698818897638
 20
-2.8629037795275591
 30
0
 11
0.3672845275590551
 21
-2.8637184251968502
 31
0
  0
LINE
  5
5D5
330
1A
100
AcDbEntity
  8
BLACK
  6
CONTINUOUS
100
AcDbLine
 10
0.3672845275590551
 20
-2.8637184251968502
 30
0
 11
0.3677254330708661
 21
-2.8647828346456694
 31
0
  0
LINE
  5
5D6
330
1A
100
AcDbEntity
  8
BLACK
  6
CONTINUOUS
100
AcDbLine
 10
0.3677254330708661
 20
-2.8647828346456694
 30
0
 11
0.3677254330708661
 21
-2.8659349606299211
 31
0
  0
LINE
  5
5D7
330
1A
100
AcDbEntity
  8
BLACK
  6
CONTINUOUS
100
AcDbLine
 10
0.3677254330708661
 20
-2.8659349606299211
 30
0
 11
0.3672845275590551
 21
-2.86699937007874
 31
0
  0
LINE
  5
5D8
330
1A
100
AcDbEntity
  8
BLACK
  6
CONTINUOUS
100
AcDbLine
 10
0.3672845275590551
 20
-2.86699937007874
 30
0
 11
0.3664698818897638
 21
-2.8678140157480314
 31
0
  0
LINE
  5
5D9
330
1A
100
AcDbEntity
  8
BLACK
  6
CONTINUOUS
100
AcDbLine
 10
0.3664698818897638
 20
-2.8678140157480314
 30
0
 11
0.3654054724409449
 21
-2.8682549212598425
 31
0
  0
LINE
  5
5DA
330
1A
100
AcDbEntity
  8
BLACK
  6
CONTINUOUS
100
AcDbLine
 10
0.3654054724409449
 20
-2.8682549212598425
 30
0
 11
0.3648294094488189
 21
-2.8683116535433069
 31
0
  0
LINE
  5
5DB
330
1A
100
AcDbEntity
  8
BLACK
  6
CONTINUOUS
100
AcDbLine
 10
0.3648294094488189
 20
-2.8683116535433069
 30
0
 11
0.3348331496062992
 21
-2.8683116535433069
 31
0
  0
LINE
  5
5DC
330
1A
100
AcDbEntity
  8
BLACK
  6
CONTINUOUS
100
AcDbLine
 10
0.3348331496062992
 20
-2.8683116535433069
 30
0
 11
0.3342570866141732
 21
-2.8682549212598425
 31
0
  0
LINE
  5
5DD
330
1A
100
AcDbEntity
  8
BLACK
  6
CONTINUOUS
100
AcDbLine
 10
0.3342570866141732
 20
-2.8682549212598425
 30
0
 11
0.3331926771653543
 21
-2.8678140157480314
 31
0
  0
LINE
  5
5DE
330
1A
100
AcDbEntity
  8
BLACK
  6
CONTINUOUS
100
AcDbLine
 10
0.3331926771653543
 20
-2.8678140157480314
 30
0
 11
0.332378031496063
 21
-2.86699937007874
 31
0
  0
LINE
  5
5DF
330
1A
100
AcDbEntity
  8
BLACK
  6
CONTINUOUS
100
AcDbLine
 10
0.332378031496063
 20
-2.86699937007874
 30
0
 11
0.331937125984252
 21
-2.8659349606299211
 31
0
  0
LINE
  5
5E0
330
1A
100
AcDbEntity
  8
BLACK
  6
CONTINUOUS
100
AcDbLine
 10
0.331937125984252
 20
-2.8659349606299211
 30
0
 11
0.331937125984252
 21
-2.8647828346456694
 31
0
  0
LINE
  5
5E1
330
1A
100
AcDbEntity
  8
BLACK
  6
CONTINUOUS
100
AcDbLine
 10
0.331937125984252
 20
-2.8647828346456694
 30
0
 11
0.332378031496063
 21
-2.8637184251968502
 31
0
  0
LINE
  5
5E2
330
1A
100
AcDbEntity
  8
BLACK
  6
CONTINUOUS
100
AcDbLine
 10
0.332378031496063
 20
-2.8637184251968502
 30
0
 11
0.3331926771653543
 21
-2.8629037795275591
 31
0
  0
LINE
  5
5E3
330
1A
100
AcDbEntity
  8
BLACK
  6
CONTINUOUS
100
AcDbLine
 10
0.3331926771653543
 20
-2.8629037795275591
 30
0
 11
0.3342570866141732
 21
-2.8624628740157481
 31
0
  0
LINE
  5
5E4
330
1A
100
AcDbEntity
  8
BLACK
  6
CONTINUOUS
100
AcDbLine
 10
0.3342570866141732
 20
-2.8624628740157481
 30
0
 11
0.3348331496062992
 21
-2.8624061417322832
 31
0
  0
LINE
  5
5E5
330
1A
100
AcDbEntity
  8
BLACK
  6
CONTINUOUS
100
AcDbLine
 10
0.3348331496062992
 20
-2.8624061417322832
 30
0
 11
0.3648294094488189
 21
-2.8624061417322832
 31
0
  0
LINE
  5
5E6
330
1A
100
AcDbEntity
  8
BLACK
  6
CONTINUOUS
100
AcDbLine
 10
0.3648294094488189
 20
-2.8624061417322832
 30
0
 11
0.3654054724409449
 21
-2.8624628740157481
 31
0
  0
LINE
  5
5E7
330
1A
100
AcDbEntity
  8
BLACK
  6
CONTINUOUS
100
AcDbLine
 10
2.5635681889763777
 20
0.446596811023622
 30
0
 11
2.564632598425197
 21
0.446155905511811
 31
0
  0
LINE
  5
5E8
330
1A
100
AcDbEntity
  8
BLACK
  6
CONTINUOUS
100
AcDbLine
 10
2.564632598425197
 20
0.446155905511811
 30
0
 11
2.565447244094488
 21
0.4453412598425197
 31
0
  0
LINE
  5
5E9
330
1A
100
AcDbEntity
  8
BLACK
  6
CONTINUOUS
100
AcDbLine
 10
2.565447244094488
 20
0.4453412598425197
 30
0
 11
2.5658881496062991
 21
0.4442768503937008
 31
0
  0
LINE
  5
5EA
330
1A
100
AcDbEntity
  8
BLACK
  6
CONTINUOUS
100
AcDbLine
 10
2.5658881496062991
 20
0.4442768503937008
 30
0
 11
2.5659448818897639
 21
0.4437007874015748
 31
0
  0
LINE
  5
5EB
330
1A
100
AcDbEntity
  8
BLACK
  6
CONTINUOUS
100
AcDbLine
 10
2.5659448818897639
 20
0.4437007874015748
 30
0
 11
2.5659448818897639
 21
0.2437007874015748
 31
0
  0
LINE
  5
5EC
330
1A
100
AcDbEntity
  8
BLACK
  6
CONTINUOUS
100
AcDbLine
 10
2.5659448818897639
 20
0.2437007874015748
 30
0
 11
2.5658881496062991
 21
0.2431247244094488
 31
0
  0
LINE
  5
5ED
330
1A
100
AcDbEntity
  8
BLACK
  6
CONTINUOUS
100
AcDbLine
 10
2.5658881496062991
 20
0.2431247244094488
 30
0
 11
2.565447244094488
 21
0.2420603149606299
 31
0
  0
LINE
  5
5EE
330
1A
100
AcDbEntity
  8
BLACK
  6
CONTINUOUS
100
AcDbLine
 10
2.565447244094488
 20
0.2420603149606299
 30
0
 11
2.564632598425197
 21
0.2412456692913386
 31
0
  0
LINE
  5
5EF
330
1A
100
AcDbEntity
  8
BLACK
  6
CONTINUOUS
100
AcDbLine
 10
2.564632598425197
 20
0.2412456692913386
 30
0
 11
2.5635681889763777
 21
0.2408047637795276
 31
0
  0
LINE
  5
5F0
330
1A
100
AcDbEntity
  8
BLACK
  6
CONTINUOUS
100
AcDbLine
 10
2.5635681889763777
 20
0.2408047637795276
 30
0
 11
2.5629921259842519
 21
0.240748031496063
 31
0
  0
LINE
  5
5F1
330
1A
100
AcDbEntity
  8
BLACK
  6
CONTINUOUS
100
AcDbLine
 10
2.5629921259842519
 20
0.240748031496063
 30
0
 11
2.262992125984252
 21
0.240748031496063
 31
0
  0
LINE
  5
5F2
330
1A
100
AcDbEntity
  8
BLACK
  6
CONTINUOUS
100
AcDbLine
 10
2.262992125984252
 20
0.240748031496063
 30
0
 11
2.2624160629921257
 21
0.2408047637795276
 31
0
  0
LINE
  5
5F3
330
1A
100
AcDbEntity
  8
BLACK
  6
CONTINUOUS
100
AcDbLine
 10
2.2624160629921257
 20
0.2408047637795276
 30
0
 11
2.2613516535433069
 21
0.2412456692913386
 31
0
  0
LINE
  5
5F4
330
1A
100
AcDbEntity
  8
BLACK
  6
CONTINUOUS
100
AcDbLine
 10
2.2613516535433069
 20
0.2412456692913386
 30
0
 11
2.2605370078740159
 21
0.2420603149606299
 31
0
  0
LINE
  5
5F5
330
1A
100
AcDbEntity
  8
BLACK
  6
CONTINUOUS
100
AcDbLine
 10
2.2605370078740159
 20
0.2420603149606299
 30
0
 11
2.2600961023622048
 21
0.2431247244094488
 31
0
  0
LINE
  5
5F6
330
1A
100
AcDbEntity
  8
BLACK
  6
CONTINUOUS
100
AcDbLine
 10
2.2600961023622048
 20
0.2431247244094488
 30
0
 11
2.26003937007874
 21
0.2437007874015748
 31
0
  0
LINE
  5
5F7
330
1A
100
AcDbEntity
  8
BLACK
  6
CONTINUOUS
100
AcDbLine
 10
2.26003937007874
 20
0.2437007874015748
 30
0
 11
2.26003937007874
 21
0.4437007874015748
 31
0
  0
LINE
  5
5F8
330
1A
100
AcDbEntity
  8
BLACK
  6
CONTINUOUS
100
AcDbLine
 10
2.26003937007874
 20
0.4437007874015748
 30
0
 11
2.2600961023622048
 21
0.4442768503937008
 31
0
  0
LINE
  5
5F9
330
1A
100
AcDbEntity
  8
BLACK
  6
CONTINUOUS
100
AcDbLine
 10
2.2600961023622048
 20
0.4442768503937008
 30
0
 11
2.2605370078740159
 21
0.4453412598425197
 31
0
  0
LINE
  5
5FA
330
1A
100
AcDbEntity
  8
BLACK
  6
CONTINUOUS
100
AcDbLine
 10
2.2605370078740159
 20
0.4453412598425197
 30
0
 11
2.2613516535433069
 21
0.446155905511811
 31
0
  0
LINE
  5
5FB
330
1A
100
AcDbEntity
  8
BLACK
  6
CONTINUOUS
100
AcDbLine
 10
2.2613516535433069
 20
0.446155905511811
 30
0
 11
2.2624160629921257
 21
0.446596811023622
 31
0
  0
LINE
  5
5FC
330
1A
100
AcDbEntity
  8
BLACK
  6
CONTINUOUS
100
AcDbLine
 10
2.2624160629921257
 20
0.446596811023622
 30
0
 11
2.262992125984252
 21
0.4466535433070866
 31
0
  0
LINE
  5
5FD
330
1A
100
AcDbEntity
  8
BLACK
  6
CONTINUOUS
100
AcDbLine
 10
2.262992125984252
 20
0.4466535433070866
 30
0
 11
2.5629921259842519
 21
0.4466535433070866
 31
0
  0
LINE
  5
5FE
330
1A
100
AcDbEntity
  8
BLACK
  6
CONTINUOUS
100
AcDbLine
 10
2.5629921259842519
 20
0.4466535433070866
 30
0
 11
2.5635681889763777
 21
0.446596811023622
 31
0
  0
LINE
  5
5FF
330
1A
100
AcDbEntity
  8
BLACK
  6
CONTINUOUS
100
AcDbLine
 10
2.2659448818897636
 20
0.440748031496063
 30
0
 11
2.2659448818897636
 21
0.2466535433070866
 31
0
  0
LINE
  5
600
330
1A
100
AcDbEntity
  8
BLACK
  6
CONTINUOUS
100
AcDbLine
 10
2.2659448818897636
 20
0.2466535433070866
 30
0
 11
2.5600393700787403
 21
0.2466535433070866
 31
0
  0
LINE
  5
601
330
1A
100
AcDbEntity
  8
BLACK
  6
CONTINUOUS
100
AcDbLine
 10
2.5600393700787403
 20
0.2466535433070866
 30
0
 11
2.5600393700787403
 21
0.440748031496063
 31
0
  0
LINE
  5
602
330
1A
100
AcDbEntity
  8
BLACK
  6
CONTINUOUS
100
AcDbLine
 10
2.5600393700787403
 20
0.440748031496063
 30
0
 11
2.2659448818897636
 21
0.440748031496063
 31
0
  0
LINE
  5
603
330
1A
100
AcDbEntity
  8
BLACK
  6
CONTINUOUS
100
AcDbLine
 10
0.421038779527559
 20
0.5238253937007874
 30
0
 11
0.4347705511811024
 21
0.520691220472441
 31
0
  0
LINE
  5
604
330
1A
100
AcDbEntity
  8
BLACK
  6
CONTINUOUS
100
AcDbLine
 10
0.4347705511811024
 20
0.520691220472441
 30
0
 11
0.4480650393700787
 21
0.516039251968504
 31
0
  0
LINE
  5
605
330
1A
100
AcDbEntity
  8
BLACK
  6
CONTINUOUS
100
AcDbLine
 10
0.4480650393700787
 20
0.516039251968504
 30
0
 11
0.4607550787401575
 21
0.5099280708661417
 31
0
  0
LINE
  5
606
330
1A
100
AcDbEntity
  8
BLACK
  6
CONTINUOUS
100
AcDbLine
 10
0.4607550787401575
 20
0.5099280708661417
 30
0
 11
0.4726811023622047
 21
0.5024344488188976
 31
0
  0
LINE
  5
607
330
1A
100
AcDbEntity
  8
BLACK
  6
CONTINUOUS
100
AcDbLine
 10
0.4726811023622047
 20
0.5024344488188976
 30
0
 11
0.4836931496062992
 21
0.4936526377952756
 31
0
  0
LINE
  5
608
330
1A
100
AcDbEntity
  8
BLACK
  6
CONTINUOUS
100
AcDbLine
 10
0.4836931496062992
 20
0.4936526377952756
 30
0
 11
0.4936526377952756
 21
0.4836931496062992
 31
0
  0
LINE
  5
609
330
1A
100
AcDbEntity
  8
BLACK
  6
CONTINUOUS
100
AcDbLine
 10
0.4936526377952756
 20
0.4836931496062992
 30
0
 11
0.5024344488188976
 21
0.4726811023622047
 31
0
  0
LINE
  5
60A
330
1A
100
AcDbEntity
  8
BLACK
  6
CONTINUOUS
100
AcDbLine
 10
0.5024344488188976
 20
0.4726811023622047
 30
0
 11
0.5099280708661417
 21
0.4607550787401575
 31
0
  0
LINE
  5
60B
330
1A
100
AcDbEntity
  8
BLACK
  6
CONTINUOUS
100
AcDbLine
 10
0.5099280708661417
 20
0.4607550787401575
 30
0
 11
0.516039251968504
 21
0.4480650393700787
 31
0
  0
LINE
  5
60C
330
1A
100
AcDbEntity
  8
BLACK
  6
CONTINUOUS
100
AcDbLine
 10
0.516039251968504
 20
0.4480650393700787
 30
0
 11
0.520691220472441
 21
0.4347705511811024
 31
0
  0
LINE
  5
60D
330
1A
100
AcDbEntity
  8
BLACK
  6
CONTINUOUS
100
AcDbLine
 10
0.520691220472441
 20
0.4347705511811024
 30
0
 11
0.5238253937007874
 21
0.421038779527559
 31
0
  0
LINE
  5
60E
330
1A
100
AcDbEntity
  8
BLACK
  6
CONTINUOUS
100
AcDbLine
 10
0.5238253937007874
 20
0.421038779527559
 30
0
 11
0.5254024015748031
 21
0.4070424409448819
 31
0
  0
LINE
  5
60F
330
1A
100
AcDbEntity
  8
BLACK
  6
CONTINUOUS
100
AcDbLine
 10
0.5254024015748031
 20
0.4070424409448819
 30
0
 11
0.5254024015748031
 21
0.3929575590551181
 31
0
  0
LINE
  5
610
330
1A
100
AcDbEntity
  8
BLACK
  6
CONTINUOUS
100
AcDbLine
 10
0.5254024015748031
 20
0.3929575590551181
 30
0
 11
0.5238253937007874
 21
0.378961220472441
 31
0
  0
LINE
  5
611
330
1A
100
AcDbEntity
  8
BLACK
  6
CONTINUOUS
100
AcDbLine
 10
0.5238253937007874
 20
0.378961220472441
 30
0
 11
0.520691220472441
 21
0.3652294488188976
 31
0
  0
LINE
  5
612
330
1A
100
AcDbEntity
  8
BLACK
  6
CONTINUOUS
100
AcDbLine
 10
0.520691220472441
 20
0.3652294488188976
 30
0
 11
0.516039251968504
 21
0.3519349606299212
 31
0
  0
LINE
  5
613
330
1A
100
AcDbEntity
  8
BLACK
  6
CONTINUOUS
100
AcDbLine
 10
0.516039251968504
 20
0.3519349606299212
 30
0
 11
0.5099280708661417
 21
0.3392449212598425
 31
0
  0
LINE
  5
614
330
1A
100
AcDbEntity
  8
BLACK
  6
CONTINUOUS
100
AcDbLine
 10
0.5099280708661417
 20
0.3392449212598425
 30
0
 11
0.5024344488188976
 21
0.3273188976377953
 31
0
  0
LINE
  5
615
330
1A
100
AcDbEntity
  8
BLACK
  6
CONTINUOUS
100
AcDbLine
 10
0.5024344488188976
 20
0.3273188976377953
 30
0
 11
0.4936526377952756
 21
0.3163068503937008
 31
0
  0
LINE
  5
616
330
1A
100
AcDbEntity
  8
BLACK
  6
CONTINUOUS
100
AcDbLine
 10
0.4936526377952756
 20
0.3163068503937008
 30
0
 11
0.4836931496062992
 21
0.3063473622047244
 31
0
  0
LINE
  5
617
330
1A
100
AcDbEntity
  8
BLACK
  6
CONTINUOUS
100
AcDbLine
 10
0.4836931496062992
 20
0.3063473622047244
 30
0
 11
0.4726811023622047
 21
0.2975655511811023
 31
0
  0
LINE
  5
618
330
1A
100
AcDbEntity
  8
BLACK
  6
CONTINUOUS
100
AcDbLine
 10
0.4726811023622047
 20
0.2975655511811023
 30
0
 11
0.4607550787401575
 21
0.2900719291338583
 31
0
  0
LINE
  5
619
330
1A
100
AcDbEntity
  8
BLACK
  6
CONTINUOUS
100
AcDbLine
 10
0.4607550787401575
 20
0.2900719291338583
 30
0
 11
0.4480650393700787
 21
0.2839607480314961
 31
0
  0
LINE
  5
61A
330
1A
100
AcDbEntity
  8
BLACK
  6
CONTINUOUS
100
AcDbLine
 10
0.4480650393700787
 20
0.2839607480314961
 30
0
 11
0.4347705511811024
 21
0.2793087795275591
 31
0
  0
LINE
  5
61B
330
1A
100
AcDbEntity
  8
BLACK
  6
CONTINUOUS
100
AcDbLine
 10
0.4347705511811024
 20
0.2793087795275591
 30
0
 11
0.421038779527559
 21
0.2761746062992126
 31
0
  0
LINE
  5
61C
330
1A
100
AcDbEntity
  8
BLACK
  6
CONTINUOUS
100
AcDbLine
 10
0.421038779527559
 20
0.2761746062992126
 30
0
 11
0.4070424409448819
 21
0.2745975984251968
 31
0
  0
LINE
  5
61D
330
1A
100
AcDbEntity
  8
BLACK
  6
CONTINUOUS
100
AcDbLine
 10
0.4070424409448819
 20
0.2745975984251968
 30
0
 11
0.3929575590551181
 21
0.2745975984251968
 31
0
  0
LINE
  5
61E
330
1A
100
AcDbEntity
  8
BLACK
  6
CONTINUOUS
100
AcDbLine
 10
0.3929575590551181
 20
0.2745975984251968
 30
0
 11
0.378961220472441
 21
0.2761746062992126
 31
0
  0
LINE
  5
61F
330
1A
100
AcDbEntity
  8
BLACK
  6
CONTINUOUS
100
AcDbLine
 10
0.378961220472441
 20
0.2761746062992126
 30
0
 11
0.3652294488188976
 21
0.2793087795275591
 31
0
  0
LINE
  5
620
330
1A
100
AcDbEntity
  8
BLACK
  6
CONTINUOUS
100
AcDbLine
 10
0.3652294488188976
 20
0.2793087795275591
 30
0
 11
0.3519349606299212
 21
0.2839607480314961
 31
0
  0
LINE
  5
621
330
1A
100
AcDbEntity
  8
BLACK
  6
CONTINUOUS
100
AcDbLine
 10
0.3519349606299212
 20
0.2839607480314961
 30
0
 11
0.3392449212598425
 21
0.2900719291338583
 31
0
  0
LINE
  5
622
330
1A
100
AcDbEntity
  8
BLACK
  6
CONTINUOUS
100
AcDbLine
 10
0.3392449212598425
 20
0.2900719291338583
 30
0
 11
0.3273188976377953
 21
0.2975655511811023
 31
0
  0
LINE
  5
623
330
1A
100
AcDbEntity
  8
BLACK
  6
CONTINUOUS
100
AcDbLine
 10
0.3273188976377953
 20
0.2975655511811023
 30
0
 11
0.3163068503937008
 21
0.3063473622047244
 31
0
  0
LINE
  5
624
330
1A
100
AcDbEntity
  8
BLACK
  6
CONTINUOUS
100
AcDbLine
 10
0.3163068503937008
 20
0.3063473622047244
 30
0
 11
0.3063473622047244
 21
0.3163068503937008
 31
0
  0
LINE
  5
625
330
1A
100
AcDbEntity
  8
BLACK
  6
CONTINUOUS
100
AcDbLine
 10
0.3063473622047244
 20
0.3163068503937008
 30
0
 11
0.2975655511811023
 21
0.3273188976377953
 31
0
  0
LINE
  5
626
330
1A
100
AcDbEntity
  8
BLACK
  6
CONTINUOUS
100
AcDbLine
 10
0.2975655511811023
 20
0.3273188976377953
 30
0
 11
0.2900719291338583
 21
0.3392449212598425
 31
0
  0
LINE
  5
627
330
1A
100
AcDbEntity
  8
BLACK
  6
CONTINUOUS
100
AcDbLine
 10
0.2900719291338583
 20
0.3392449212598425
 30
0
 11
0.2839607480314961
 21
0.3519349606299212
 31
0
  0
LINE
  5
628
330
1A
100
AcDbEntity
  8
BLACK
  6
CONTINUOUS
100
AcDbLine
 10
0.2839607480314961
 20
0.3519349606299212
 30
0
 11
0.2793087795275591
 21
0.3652294488188976
 31
0
  0
LINE
  5
629
330
1A
100
AcDbEntity
  8
BLACK
  6
CONTINUOUS
100
AcDbLine
 10
0.2793087795275591
 20
0.3652294488188976
 30
0
 11
0.2761746062992126
 21
0.378961220472441
 31
0
  0
LINE
  5
62A
330
1A
100
AcDbEntity
  8
BLACK
  6
CONTINUOUS
100
AcDbLine
 10
0.2761746062992126
 20
0.378961220472441
 30
0
 11
0.2745975984251968
 21
0.3929575590551181
 31
0
  0
LINE
  5
62B
330
1A
100
AcDbEntity
  8
BLACK
  6
CONTINUOUS
100
AcDbLine
 10
0.2745975984251968
 20
0.3929575590551181
 30
0
 11
0.2745975984251968
 21
0.4062111811023622
 31
0
  0
LINE
  5
62C
330
1A
100
AcDbEntity
  8
BLACK
  6
CONTINUOUS
100
AcDbLine
 10
0.2745975984251968
 20
0.4062111811023622
 30
0
 11
0.2745975984251968
 21
0.4070424409448819
 31
0
  0
LINE
  5
62D
330
1A
100
AcDbEntity
  8
BLACK
  6
CONTINUOUS
100
AcDbLine
 10
0.2745975984251968
 20
0.4070424409448819
 30
0
 11
0.2761746062992126
 21
0.421038779527559
 31
0
  0
LINE
  5
62E
330
1A
100
AcDbEntity
  8
BLACK
  6
CONTINUOUS
100
AcDbLine
 10
0.2761746062992126
 20
0.421038779527559
 30
0
 11
0.2793087795275591
 21
0.4347705511811024
 31
0
  0
LINE
  5
62F
330
1A
100
AcDbEntity
  8
BLACK
  6
CONTINUOUS
100
AcDbLine
 10
0.2793087795275591
 20
0.4347705511811024
 30
0
 11
0.2839607480314961
 21
0.4480650393700787
 31
0
  0
LINE
  5
630
330
1A
100
AcDbEntity
  8
BLACK
  6
CONTINUOUS
100
AcDbLine
 10
0.2839607480314961
 20
0.4480650393700787
 30
0
 11
0.2900719291338583
 21
0.4607550787401575
 31
0
  0
LINE
  5
631
330
1A
100
AcDbEntity
  8
BLACK
  6
CONTINUOUS
100
AcDbLine
 10
0.2900719291338583
 20
0.4607550787401575
 30
0
 11
0.2975655511811023
 21
0.4726811023622047
 31
0
  0
LINE
  5
632
330
1A
100
AcDbEntity
  8
BLACK
  6
CONTINUOUS
100
AcDbLine
 10
0.2975655511811023
 20
0.4726811023622047
 30
0
 11
0.3063473622047244
 21
0.4836931496062992
 31
0
  0
LINE
  5
633
330
1A
100
AcDbEntity
  8
BLACK
  6
CONTINUOUS
100
AcDbLine
 10
0.3063473622047244
 20
0.4836931496062992
 30
0
 11
0.3163068503937008
 21
0.4936526377952756
 31
0
  0
LINE
  5
634
330
1A
100
AcDbEntity
  8
BLACK
  6
CONTINUOUS
100
AcDbLine
 10
0.3163068503937008
 20
0.4936526377952756
 30
0
 11
0.3273188976377953
 21
0.5024344488188976
 31
0
  0
LINE
  5
635
330
1A
100
AcDbEntity
  8
BLACK
  6
CONTINUOUS
100
AcDbLine
 10
0.3273188976377953
 20
0.5024344488188976
 30
0
 11
0.3392449212598425
 21
0.5099280708661417
 31
0
  0
LINE
  5
636
330
1A
100
AcDbEntity
  8
BLACK
  6
CONTINUOUS
100
AcDbLine
 10
0.3392449212598425
 20
0.5099280708661417
 30
0
 11
0.3519349606299212
 21
0.516039251968504
 31
0
  0
LINE
  5
637
330
1A
100
AcDbEntity
  8
BLACK
  6
CONTINUOUS
100
AcDbLine
 10
0.3519349606299212
 20
0.516039251968504
 30
0
 11
0.3652294488188976
 21
0.520691220472441
 31
0
  0
LINE
  5
638
330
1A
100
AcDbEntity
  8
BLACK
  6
CONTINUOUS
100
AcDbLine
 10
0.3652294488188976
 20
0.520691220472441
 30
0
 11
0.378961220472441
 21
0.5238253937007874
 31
0
  0
LINE
  5
639
330
1A
100
AcDbEntity
  8
BLACK
  6
CONTINUOUS
100
AcDbLine
 10
0.378961220472441
 20
0.5238253937007874
 30
0
 11
0.3929575590551181
 21
0.5254024015748031
 31
0
  0
LINE
  5
63A
330
1A
100
AcDbEntity
  8
BLACK
  6
CONTINUOUS
100
AcDbLine
 10
0.3929575590551181
 20
0.5254024015748031
 30
0
 11
0.4070424409448819
 21
0.5254024015748031
 31
0
  0
LINE
  5
63B
330
1A
100
AcDbEntity
  8
BLACK
  6
CONTINUOUS
100
AcDbLine
 10
0.4070424409448819
 20
0.5254024015748031
 30
0
 11
0.421038779527559
 21
0.5238253937007874
 31
0
  0
LINE
  5
63C
330
1A
100
AcDbEntity
  8
BLACK
  6
CONTINUOUS
100
AcDbLine
 10
0.2894
 20
0.3937888188976378
 30
0
 11
0.2907908661417323
 21
0.3814446062992126
 31
0
  0
LINE
  5
63D
330
1A
100
AcDbEntity
  8
BLACK
  6
CONTINUOUS
100
AcDbLine
 10
0.2907908661417323
 20
0.3814446062992126
 30
0
 11
0.2935551181102362
 21
0.3693337401574803
 31
0
  0
LINE
  5
63E
330
1A
100
AcDbEntity
  8
BLACK
  6
CONTINUOUS
100
AcDbLine
 10
0.2935551181102362
 20
0.3693337401574803
 30
0
 11
0.2976579527559055
 21
0.3576085433070866
 31
0
  0
LINE
  5
63F
330
1A
100
AcDbEntity
  8
BLACK
  6
CONTINUOUS
100
AcDbLine
 10
0.2976579527559055
 20
0.3576085433070866
 30
0
 11
0.3030477952755906
 21
0.3464164173228346
 31
0
  0
LINE
  5
640
330
1A
100
AcDbEntity
  8
BLACK
  6
CONTINUOUS
100
AcDbLine
 10
0.3030477952755906
 20
0.3464164173228346
 30
0
 11
0.3096568503937008
 21
0.3358981102362205
 31
0
  0
LINE
  5
641
330
1A
100
AcDbEntity
  8
BLACK
  6
CONTINUOUS
100
AcDbLine
 10
0.3096568503937008
 20
0.3358981102362205
 30
0
 11
0.3174020472440945
 21
0.3261859448818897
 31
0
  0
LINE
  5
642
330
1A
100
AcDbEntity
  8
BLACK
  6
CONTINUOUS
100
AcDbLine
 10
0.3174020472440945
 20
0.3261859448818897
 30
0
 11
0.3261859448818897
 21
0.3174020472440945
 31
0
  0
LINE
  5
643
330
1A
100
AcDbEntity
  8
BLACK
  6
CONTINUOUS
100
AcDbLine
 10
0.3261859448818897
 20
0.3174020472440945
 30
0
 11
0.3358981102362205
 21
0.3096568503937008
 31
0
  0
LINE
  5
644
330
1A
100
AcDbEntity
  8
BLACK
  6
CONTINUOUS
100
AcDbLine
 10
0.3358981102362205
 20
0.3096568503937008
 30
0
 11
0.3464164173228346
 21
0.3030477952755906
 31
0
  0
LINE
  5
645
330
1A
100
AcDbEntity
  8
BLACK
  6
CONTINUOUS
100
AcDbLine
 10
0.3464164173228346
 20
0.3030477952755906
 30
0
 11
0.3576085433070866
 21
0.2976579527559055
 31
0
  0
LINE
  5
646
330
1A
100
AcDbEntity
  8
BLACK
  6
CONTINUOUS
100
AcDbLine
 10
0.3576085433070866
 20
0.2976579527559055
 30
0
 11
0.3693337401574803
 21
0.2935551181102362
 31
0
  0
LINE
  5
647
330
1A
100
AcDbEntity
  8
BLACK
  6
CONTINUOUS
100
AcDbLine
 10
0.3693337401574803
 20
0.2935551181102362
 30
0
 11
0.3814446062992126
 21
0.2907908661417323
 31
0
  0
LINE
  5
648
330
1A
100
AcDbEntity
  8
BLACK
  6
CONTINUOUS
100
AcDbLine
 10
0.3814446062992126
 20
0.2907908661417323
 30
0
 11
0.3937888188976378
 21
0.2894
 31
0
  0
LINE
  5
649
330
1A
100
AcDbEntity
  8
BLACK
  6
CONTINUOUS
100
AcDbLine
 10
0.3937888188976378
 20
0.2894
 30
0
 11
0.4062111811023622
 21
0.2894
 31
0
  0
LINE
  5
64A
330
1A
100
AcDbEntity
  8
BLACK
  6
CONTINUOUS
100
AcDbLine
 10
0.4062111811023622
 20
0.2894
 30
0
 11
0.4185553937007874
 21
0.2907908661417323
 31
0
  0
LINE
  5
64B
330
1A
100
AcDbEntity
  8
BLACK
  6
CONTINUOUS
100
AcDbLine
 10
0.4185553937007874
 20
0.2907908661417323
 30
0
 11
0.4306662598425197
 21
0.2935551181102362
 31
0
  0
LINE
  5
64C
330
1A
100
AcDbEntity
  8
BLACK
  6
CONTINUOUS
100
AcDbLine
 10
0.4306662598425197
 20
0.2935551181102362
 30
0
 11
0.4423914566929134
 21
0.2976579527559055
 31
0
  0
LINE
  5
64D
330
1A
100
AcDbEntity
  8
BLACK
  6
CONTINUOUS
100
AcDbLine
 10
0.4423914566929134
 20
0.2976579527559055
 30
0
 11
0.4535835826771654
 21
0.3030477952755906
 31
0
  0
LINE
  5
64E
330
1A
100
AcDbEntity
  8
BLACK
  6
CONTINUOUS
100
AcDbLine
 10
0.4535835826771654
 20
0.3030477952755906
 30
0
 11
0.4641018897637795
 21
0.3096568503937008
 31
0
  0
LINE
  5
64F
330
1A
100
AcDbEntity
  8
BLACK
  6
CONTINUOUS
100
AcDbLine
 10
0.4641018897637795
 20
0.3096568503937008
 30
0
 11
0.4738140551181102
 21
0.3174020472440945
 31
0
  0
LINE
  5
650
330
1A
100
AcDbEntity
  8
BLACK
  6
CONTINUOUS
100
AcDbLine
 10
0.4738140551181102
 20
0.3174020472440945
 30
0
 11
0.4825979527559055
 21
0.3261859448818897
 31
0
  0
LINE
  5
651
330
1A
100
AcDbEntity
  8
BLACK
  6
CONTINUOUS
100
AcDbLine
 10
0.4825979527559055
 20
0.3261859448818897
 30
0
 11
0.4903431496062992
 21
0.3358981102362205
 31
0
  0
LINE
  5
652
330
1A
100
AcDbEntity
  8
BLACK
  6
CONTINUOUS
100
AcDbLine
 10
0.4903431496062992
 20
0.3358981102362205
 30
0
 11
0.4969522047244094
 21
0.3464164173228346
 31
0
  0
LINE
  5
653
330
1A
100
AcDbEntity
  8
BLACK
  6
CONTINUOUS
100
AcDbLine
 10
0.4969522047244094
 20
0.3464164173228346
 30
0
 11
0.5023420472440945
 21
0.3576085433070866
 31
0
  0
LINE
  5
654
330
1A
100
AcDbEntity
  8
BLACK
  6
CONTINUOUS
100
AcDbLine
 10
0.5023420472440945
 20
0.3576085433070866
 30
0
 11
0.5064448818897638
 21
0.3693337401574803
 31
0
  0
LINE
  5
655
330
1A
100
AcDbEntity
  8
BLACK
  6
CONTINUOUS
100
AcDbLine
 10
0.5064448818897638
 20
0.3693337401574803
 30
0
 11
0.5092091338582677
 21
0.3814446062992126
 31
0
  0
LINE
  5
656
330
1A
100
AcDbEntity
  8
BLACK
  6
CONTINUOUS
100
AcDbLine
 10
0.5092091338582677
 20
0.3814446062992126
 30
0
 11
0.5105999999999999
 21
0.3937888188976378
 31
0
  0
LINE
  5
657
330
1A
100
AcDbEntity
  8
BLACK
  6
CONTINUOUS
100
AcDbLine
 10
0.5105999999999999
 20
0.3937888188976378
 30
0
 11
0.5105999999999999
 21
0.4062111811023622
 31
0
  0
LINE
  5
658
330
1A
100
AcDbEntity
  8
BLACK
  6
CONTINUOUS
100
AcDbLine
 10
0.5105999999999999
 20
0.4062111811023622
 30
0
 11
0.5092091338582677
 21
0.4185553937007874
 31
0
  0
LINE
  5
659
330
1A
100
AcDbEntity
  8
BLACK
  6
CONTINUOUS
100
AcDbLine
 10
0.5092091338582677
 20
0.4185553937007874
 30
0
 11
0.5064448818897638
 21
0.4306662598425197
 31
0
  0
LINE
  5
65A
330
1A
100
AcDbEntity
  8
BLACK
  6
CONTINUOUS
100
AcDbLine
 10
0.5064448818897638
 20
0.4306662598425197
 30
0
 11
0.5023420472440945
 21
0.4423914566929134
 31
0
  0
LINE
  5
65B
330
1A
100
AcDbEntity
  8
BLACK
  6
CONTINUOUS
100
AcDbLine
 10
0.5023420472440945
 20
0.4423914566929134
 30
0
 11
0.4969522047244094
 21
0.4535835826771654
 31
0
  0
LINE
  5
65C
330
1A
100
AcDbEntity
  8
BLACK
  6
CONTINUOUS
100
AcDbLine
 10
0.4969522047244094
 20
0.4535835826771654
 30
0
 11
0.4903431496062992
 21
0.4641018897637795
 31
0
  0
LINE
  5
65D
330
1A
100
AcDbEntity
  8
BLACK
  6
CONTINUOUS
100
AcDbLine
 10
0.4903431496062992
 20
0.4641018897637795
 30
0
 11
0.4825979527559055
 21
0.4738140551181102
 31
0
  0
LINE
  5
65E
330
1A
100
AcDbEntity
  8
BLACK
  6
CONTINUOUS
100
AcDbLine
 10
0.4825979527559055
 20
0.4738140551181102
 30
0
 11
0.4738140551181102
 21
0.4825979527559055
 31
0
  0
LINE
  5
65F
330
1A
100
AcDbEntity
  8
BLACK
  6
CONTINUOUS
100
AcDbLine
 10
0.4738140551181102
 20
0.4825979527559055
 30
0
 11
0.4641018897637795
 21
0.4903431496062992
 31
0
  0
LINE
  5
660
330
1A
100
AcDbEntity
  8
BLACK
  6
CONTINUOUS
100
AcDbLine
 10
0.4641018897637795
 20
0.4903431496062992
 30
0
 11
0.4535835826771654
 21
0.4969522047244094
 31
0
  0
LINE
  5
661
330
1A
100
AcDbEntity
  8
BLACK
  6
CONTINUOUS
100
AcDbLine
 10
0.4535835826771654
 20
0.4969522047244094
 30
0
 11
0.4423914566929134
 21
0.5023420472440945
 31
0
  0
LINE
  5
662
330
1A
100
AcDbEntity
  8
BLACK
  6
CONTINUOUS
100
AcDbLine
 10
0.4423914566929134
 20
0.5023420472440945
 30
0
 11
0.4306662598425197
 21
0.5064448818897638
 31
0
  0
LINE
  5
663
330
1A
100
AcDbEntity
  8
BLACK
  6
CONTINUOUS
100
AcDbLine
 10
0.4306662598425197
 20
0.5064448818897638
 30
0
 11
0.4185553937007874
 21
0.5092091338582677
 31
0
  0
LINE
  5
664
330
1A
100
AcDbEntity
  8
BLACK
  6
CONTINUOUS
100
AcDbLine
 10
0.4185553937007874
 20
0.5092091338582677
 30
0
 11
0.4062111811023622
 21
0.5105999999999999
 31
0
  0
LINE
  5
665
330
1A
100
AcDbEntity
  8
BLACK
  6
CONTINUOUS
100
AcDbLine
 10
0.4062111811023622
 20
0.5105999999999999
 30
0
 11
0.3937888188976378
 21
0.5105999999999999
 31
0
  0
LINE
  5
666
330
1A
100
AcDbEntity
  8
BLACK
  6
CONTINUOUS
100
AcDbLine
 10
0.3937888188976378
 20
0.5105999999999999
 30
0
 11
0.3814446062992126
 21
0.5092091338582677
 31
0
  0
LINE
  5
667
330
1A
100
AcDbEntity
  8
BLACK
  6
CONTINUOUS
100
AcDbLine
 10
0.3814446062992126
 20
0.5092091338582677
 30
0
 11
0.3693337401574803
 21
0.5064448818897638
 31
0
  0
LINE
  5
668
330
1A
100
AcDbEntity
  8
BLACK
  6
CONTINUOUS
100
AcDbLine
 10
0.3693337401574803
 20
0.5064448818897638
 30
0
 11
0.3576085433070866
 21
0.5023420472440945
 31
0
  0
LINE
  5
669
330
1A
100
AcDbEntity
  8
BLACK
  6
CONTINUOUS
100
AcDbLine
 10
0.3576085433070866
 20
0.5023420472440945
 30
0
 11
0.3464164173228346
 21
0.4969522047244094
 31
0
  0
LINE
  5
66A
330
1A
100
AcDbEntity
  8
BLACK
  6
CONTINUOUS
100
AcDbLine
 10
0.3464164173228346
 20
0.4969522047244094
 30
0
 11
0.3358981102362205
 21
0.4903431496062992
 31
0
  0
LINE
  5
66B
330
1A
100
AcDbEntity
  8
BLACK
  6
CONTINUOUS
100
AcDbLine
 10
0.3358981102362205
 20
0.4903431496062992
 30
0
 11
0.3261859448818897
 21
0.4825979527559055
 31
0
  0
LINE
  5
66C
330
1A
100
AcDbEntity
  8
BLACK
  6
CONTINUOUS
100
AcDbLine
 10
0.3261859448818897
 20
0.4825979527559055
 30
0
 11
0.3174020472440945
 21
0.4738140551181102
 31
0
  0
LINE
  5
66D
330
1A
100
AcDbEntity
  8
BLACK
  6
CONTINUOUS
100
AcDbLine
 10
0.3174020472440945
 20
0.4738140551181102
 30
0
 11
0.3096568503937008
 21
0.4641018897637795
 31
0
  0
LINE
  5
66E
330
1A
100
AcDbEntity
  8
BLACK
  6
CONTINUOUS
100
AcDbLine
 10
0.3096568503937008
 20
0.4641018897637795
 30
0
 11
0.3030477952755906
 21
0.4535835826771654
 31
0
  0
LINE
  5
66F
330
1A
100
AcDbEntity
  8
BLACK
  6
CONTINUOUS
100
AcDbLine
 10
0.3030477952755906
 20
0.4535835826771654
 30
0
 11
0.2976579527559055
 21
0.4423914566929134
 31
0
  0
LINE
  5
670
330
1A
100
AcDbEntity
  8
BLACK
  6
CONTINUOUS
100
AcDbLine
 10
0.2976579527559055
 20
0.4423914566929134
 30
0
 11
0.2935551181102362
 21
0.4306662598425197
 31
0
  0
LINE
  5
671
330
1A
100
AcDbEntity
  8
BLACK
  6
CONTINUOUS
100
AcDbLine
 10
0.2935551181102362
 20
0.4306662598425197
 30
0
 11
0.2907908661417323
 21
0.4185553937007874
 31
0
  0
LINE
  5
672
330
1A
100
AcDbEntity
  8
BLACK
  6
CONTINUOUS
100
AcDbLine
 10
0.2907908661417323
 20
0.4185553937007874
 30
0
 11
0.2894
 21
0.4062111811023622
 31
0
  0
LINE
  5
673
330
1A
100
AcDbEntity
  8
BLACK
  6
CONTINUOUS
100
AcDbLine
 10
0.2894
 20
0.4062111811023622
 30
0
 11
0.2894
 21
0.3937888188976378
 31
0
  0
LINE
  5
674
330
1A
100
AcDbEntity
  8
BLACK
  6
CONTINUOUS
100
AcDbLine
 10
1.2747627559055117
 20
0.8175168503937008
 30
0
 11
1.274860748031496
 21
0.8174762598425197
 31
0
  0
LINE
  5
675
330
1A
100
AcDbEntity
  8
BLACK
  6
CONTINUOUS
100
AcDbLine
 10
1.274860748031496
 20
0.8174762598425197
 30
0
 11
1.2749665748031496
 21
0.8174687401574803
 31
0
  0
LINE
  5
676
330
1A
100
AcDbEntity
  8
BLACK
  6
CONTINUOUS
100
AcDbLine
 10
1.2749665748031496
 20
0.8174687401574803
 30
0
 11
1.2755072047244094
 21
0.8172618503937008
 31
0
  0
LINE
  5
677
330
1A
100
AcDbEntity
  8
BLACK
  6
CONTINUOUS
100
AcDbLine
 10
1.2755072047244094
 20
0.8172618503937008
 30
0
 11
1.2792567322834645
 21
0.8153870866141733
 31
0
  0
LINE
  5
678
330
1A
100
AcDbEntity
  8
BLACK
  6
CONTINUOUS
100
AcDbLine
 10
1.2792567322834645
 20
0.8153870866141733
 30
0
 11
1.2795046062992126
 21
0.815231062992126
 31
0
  0
LINE
  5
679
330
1A
100
AcDbEntity
  8
BLACK
  6
CONTINUOUS
100
AcDbLine
 10
1.2795046062992126
 20
0.815231062992126
 30
0
 11
1.2795766535433071
 21
0.8152012204724409
 31
0
  0
LINE
  5
67A
330
1A
100
AcDbEntity
  8
BLACK
  6
CONTINUOUS
100
AcDbLine
 10
1.2795766535433071
 20
0.8152012204724409
 30
0
 11
1.2796576771653543
 21
0.8151347244094488
 31
0
  0
LINE
  5
67B
330
1A
100
AcDbEntity
  8
BLACK
  6
CONTINUOUS
100
AcDbLine
 10
1.2796576771653543
 20
0.8151347244094488
 30
0
 11
1.2797466141732283
 21
0.8150787401574803
 31
0
  0
LINE
  5
67C
330
1A
100
AcDbEntity
  8
BLACK
  6
CONTINUOUS
100
AcDbLine
 10
1.2797466141732283
 20
0.8150787401574803
 30
0
 11
1.2797977559055118
 21
0.8150197637795276
 31
0
  0
LINE
  5
67D
330
1A
100
AcDbEntity
  8
BLACK
  6
CONTINUOUS
100
AcDbLine
 10
1.2797977559055118
 20
0.8150197637795276
 30
0
 11
1.2800240944881889
 21
0.8148340157480315
 31
0
  0
LINE
  5
67E
330
1A
100
AcDbEntity
  8
BLACK
  6
CONTINUOUS
100
AcDbLine
 10
1.2800240944881889
 20
0.8148340157480315
 30
0
 11
1.2818988976377952
 21
0.8129592519685039
 31
0
  0
LINE
  5
67F
330
1A
100
AcDbEntity
  8
BLACK
  6
CONTINUOUS
100
AcDbLine
 10
1.2818988976377952
 20
0.8129592519685039
 30
0
 11
1.2820846456692914
 21
0.8127329133858268
 31
0
  0
LINE
  5
680
330
1A
100
AcDbEntity
  8
BLACK
  6
CONTINUOUS
100
AcDbLine
 10
1.2820846456692914
 20
0.8127329133858268
 30
0
 11
1.2821437007874015
 21
0.8126816929133858
 31
0
  0
LINE
  5
681
330
1A
100
AcDbEntity
  8
BLACK
  6
CONTINUOUS
100
AcDbLine
 10
1.2821437007874015
 20
0.8126816929133858
 30
0
 11
1.28219968503937
 21
0.8125927559055118
 31
0
  0
LINE
  5
682
330
1A
100
AcDbEntity
  8
BLACK
  6
CONTINUOUS
100
AcDbLine
 10
1.28219968503937
 20
0.8125927559055118
 30
0
 11
1.2822661417322834
 21
0.8125117716535433
 31
0
  0
LINE
  5
683
330
1A
100
AcDbEntity
  8
BLACK
  6
CONTINUOUS
100
AcDbLine
 10
1.2822661417322834
 20
0.8125117716535433
 30
0
 11
1.2822959448818898
 21
0.812439842519685
 31
0
  0
LINE
  5
684
330
1A
100
AcDbEntity
  8
BLACK
  6
CONTINUOUS
100
AcDbLine
 10
1.2822959448818898
 20
0.812439842519685
 30
0
 11
1.2824520472440946
 21
0.812191811023622
 31
0
  0
LINE
  5
685
330
1A
100
AcDbEntity
  8
BLACK
  6
CONTINUOUS
100
AcDbLine
 10
1.2824520472440946
 20
0.812191811023622
 30
0
 11
1.2843268110236221
 21
0.8084422834645669
 31
0
  0
LINE
  5
686
330
1A
100
AcDbEntity
  8
BLACK
  6
CONTINUOUS
100
AcDbLine
 10
1.2843268110236221
 20
0.8084422834645669
 30
0
 11
1.2845337007874016
 21
0.8079016929133858
 31
0
  0
LINE
  5
687
330
1A
100
AcDbEntity
  8
BLACK
  6
CONTINUOUS
100
AcDbLine
 10
1.2845337007874016
 20
0.8079016929133858
 30
0
 11
1.2845412204724409
 21
0.8077958267716535
 31
0
  0
LINE
  5
688
330
1A
100
AcDbEntity
  8
BLACK
  6
CONTINUOUS
100
AcDbLine
 10
1.2845412204724409
 20
0.8077958267716535
 30
0
 11
1.284581811023622
 21
0.8076978346456692
 31
0
  0
LINE
  5
689
330
1A
100
AcDbEntity
  8
BLACK
  6
CONTINUOUS
100
AcDbLine
 10
1.284581811023622
 20
0.8076978346456692
 30
0
 11
1.2846385433070866
 21
0.8071217716535433
 31
0
  0
LINE
  5
68A
330
1A
100
AcDbEntity
  8
BLACK
  6
CONTINUOUS
100
AcDbLine
 10
1.2846385433070866
 20
0.8071217716535433
 30
0
 11
1.2846385433070866
 21
0.7977479527559055
 31
0
  0
LINE
  5
68B
330
1A
100
AcDbEntity
  8
BLACK
  6
CONTINUOUS
100
AcDbLine
 10
1.2846385433070866
 20
0.7977479527559055
 30
0
 11
1.2846098031496063
 21
0.7974563779527559
 31
0
  0
LINE
  5
68C
330
1A
100
AcDbEntity
  8
BLACK
  6
CONTINUOUS
100
AcDbLine
 10
1.2846098031496063
 20
0.7974563779527559
 30
0
 11
1.2846153543307086
 21
0.7973786220472441
 31
0
  0
LINE
  5
68D
330
1A
100
AcDbEntity
  8
BLACK
  6
CONTINUOUS
100
AcDbLine
 10
1.2846153543307086
 20
0.7973786220472441
 30
0
 11
1.2845920866141731
 21
0.7972763779527559
 31
0
  0
LINE
  5
68E
330
1A
100
AcDbEntity
  8
BLACK
  6
CONTINUOUS
100
AcDbLine
 10
1.2845920866141731
 20
0.7972763779527559
 30
0
 11
1.284581811023622
 21
0.7971718897637795
 31
0
  0
LINE
  5
68F
330
1A
100
AcDbEntity
  8
BLACK
  6
CONTINUOUS
100
AcDbLine
 10
1.284581811023622
 20
0.7971718897637795
 30
0
 11
1.2845519291338583
 21
0.797099842519685
 31
0
  0
LINE
  5
690
330
1A
100
AcDbEntity
  8
BLACK
  6
CONTINUOUS
100
AcDbLine
 10
1.2845519291338583
 20
0.797099842519685
 30
0
 11
1.2844870078740158
 21
0.7968141732283465
 31
0
  0
LINE
  5
691
330
1A
100
AcDbEntity
  8
BLACK
  6
CONTINUOUS
100
AcDbLine
 10
1.2844870078740158
 20
0.7968141732283465
 30
0
 11
1.2826122440944883
 21
0.7911899212598426
 31
0
  0
LINE
  5
692
330
1A
100
AcDbEntity
  8
BLACK
  6
CONTINUOUS
100
AcDbLine
 10
1.2826122440944883
 20
0.7911899212598426
 30
0
 11
1.2823762598425197
 21
0.7906613385826772
 31
0
  0
LINE
  5
693
330
1A
100
AcDbEntity
  8
BLACK
  6
CONTINUOUS
100
AcDbLine
 10
1.2823762598425197
 20
0.7906613385826772
 30
0
 11
1.2816213779527559
 21
0.7897909842519685
 31
0
  0
LINE
  5
694
330
1A
100
AcDbEntity
  8
BLACK
  6
CONTINUOUS
100
AcDbLine
 10
1.2816213779527559
 20
0.7897909842519685
 30
0
 11
1.2805909448818897
 21
0.7892757874015748
 31
0
  0
LINE
  5
695
330
1A
100
AcDbEntity
  8
BLACK
  6
CONTINUOUS
100
AcDbLine
 10
1.2805909448818897
 20
0.7892757874015748
 30
0
 11
1.2794417322834646
 21
0.789194094488189
 31
0
  0
LINE
  5
696
330
1A
100
AcDbEntity
  8
BLACK
  6
CONTINUOUS
100
AcDbLine
 10
1.2794417322834646
 20
0.789194094488189
 30
0
 11
1.2783487007874015
 21
0.7895584251968504
 31
0
  0
LINE
  5
697
330
1A
100
AcDbEntity
  8
BLACK
  6
CONTINUOUS
100
AcDbLine
 10
1.2783487007874015
 20
0.7895584251968504
 30
0
 11
1.2774783464566928
 21
0.7903133070866142
 31
0
  0
LINE
  5
698
330
1A
100
AcDbEntity
  8
BLACK
  6
CONTINUOUS
100
AcDbLine
 10
1.2774783464566928
 20
0.7903133070866142
 30
0
 11
1.2769631496062992
 21
0.7913437401574803
 31
0
  0
LINE
  5
699
330
1A
100
AcDbEntity
  8
BLACK
  6
CONTINUOUS
100
AcDbLine
 10
1.2769631496062992
 20
0.7913437401574803
 30
0
 11
1.2768814566929134
 21
0.7924929527559055
 31
0
  0
LINE
  5
69A
330
1A
100
AcDbEntity
  8
BLACK
  6
CONTINUOUS
100
AcDbLine
 10
1.2768814566929134
 20
0.7924929527559055
 30
0
 11
1.2770098031496062
 21
0.7930574015748031
 31
0
  0
LINE
  5
69B
330
1A
100
AcDbEntity
  8
BLACK
  6
CONTINUOUS
100
AcDbLine
 10
1.2770098031496062
 20
0.7930574015748031
 30
0
 11
1.278733031496063
 21
0.7982270866141732
 31
0
  0
LINE
  5
69C
330
1A
100
AcDbEntity
  8
BLACK
  6
CONTINUOUS
100
AcDbLine
 10
1.278733031496063
 20
0.7982270866141732
 30
0
 11
1.278733031496063
 21
0.8064247244094488
 31
0
  0
LINE
  5
69D
330
1A
100
AcDbEntity
  8
BLACK
  6
CONTINUOUS
100
AcDbLine
 10
1.278733031496063
 20
0.8064247244094488
 30
0
 11
1.2773842913385827
 21
0.8091222047244094
 31
0
  0
LINE
  5
69E
330
1A
100
AcDbEntity
  8
BLACK
  6
CONTINUOUS
100
AcDbLine
 10
1.2773842913385827
 20
0.8091222047244094
 30
0
 11
1.2761871259842519
 21
0.8103193307086614
 31
0
  0
LINE
  5
69F
330
1A
100
AcDbEntity
  8
BLACK
  6
CONTINUOUS
100
AcDbLine
 10
1.2761871259842519
 20
0.8103193307086614
 30
0
 11
1.2734896456692912
 21
0.8116680708661417
 31
0
  0
LINE
  5
6A0
330
1A
100
AcDbEntity
  8
BLACK
  6
CONTINUOUS
100
AcDbLine
 10
1.2734896456692912
 20
0.8116680708661417
 30
0
 11
1.2711342125984251
 21
0.8116680708661417
 31
0
  0
LINE
  5
6A1
330
1A
100
AcDbEntity
  8
BLACK
  6
CONTINUOUS
100
AcDbLine
 10
1.2711342125984251
 20
0.8116680708661417
 30
0
 11
1.2684367322834644
 21
0.8103193307086614
 31
0
  0
LINE
  5
6A2
330
1A
100
AcDbEntity
  8
BLACK
  6
CONTINUOUS
100
AcDbLine
 10
1.2684367322834644
 20
0.8103193307086614
 30
0
 11
1.2672396062992126
 21
0.8091222047244094
 31
0
  0
LINE
  5
6A3
330
1A
100
AcDbEntity
  8
BLACK
  6
CONTINUOUS
100
AcDbLine
 10
1.2672396062992126
 20
0.8091222047244094
 30
0
 11
1.2657240944881889
 21
0.806091220472441
 31
0
  0
LINE
  5
6A4
330
1A
100
AcDbEntity
  8
BLACK
  6
CONTINUOUS
100
AcDbLine
 10
1.2657240944881889
 20
0.806091220472441
 30
0
 11
1.2639279527559055
 21
0.7989065748031496
 31
0
  0
LINE
  5
6A5
330
1A
100
AcDbEntity
  8
BLACK
  6
CONTINUOUS
100
AcDbLine
 10
1.2639279527559055
 20
0.7989065748031496
 30
0
 11
1.2639127559055119
 21
0.798864094488189
 31
0
  0
LINE
  5
6A6
330
1A
100
AcDbEntity
  8
BLACK
  6
CONTINUOUS
100
AcDbLine
 10
1.2639127559055119
 20
0.798864094488189
 30
0
 11
1.2639112598425197
 21
0.7988427952755905
 31
0
  0
LINE
  5
6A7
330
1A
100
AcDbEntity
  8
BLACK
  6
CONTINUOUS
100
AcDbLine
 10
1.2639112598425197
 20
0.7988427952755905
 30
0
 11
1.2638194881889764
 21
0.7986030708661417
 31
0
  0
LINE
  5
6A8
330
1A
100
AcDbEntity
  8
BLACK
  6
CONTINUOUS
100
AcDbLine
 10
1.2638194881889764
 20
0.7986030708661417
 30
0
 11
1.2637331889763779
 21
0.7983614566929134
 31
0
  0
LINE
  5
6A9
330
1A
100
AcDbEntity
  8
BLACK
  6
CONTINUOUS
100
AcDbLine
 10
1.2637331889763779
 20
0.7983614566929134
 30
0
 11
1.2637204724409448
 21
0.7983443307086614
 31
0
  0
LINE
  5
6AA
330
1A
100
AcDbEntity
  8
BLACK
  6
CONTINUOUS
100
AcDbLine
 10
1.2637204724409448
 20
0.7983443307086614
 30
0
 11
1.26370437007874
 21
0.7983022047244094
 31
0
  0
LINE
  5
6AB
330
1A
100
AcDbEntity
  8
BLACK
  6
CONTINUOUS
100
AcDbLine
 10
1.26370437007874
 20
0.7983022047244094
 30
0
 11
1.2618296062992125
 21
0.7945526771653543
 31
0
  0
LINE
  5
6AC
330
1A
100
AcDbEntity
  8
BLACK
  6
CONTINUOUS
100
AcDbLine
 10
1.2618296062992125
 20
0.7945526771653543
 30
0
 11
1.2616735039370079
 21
0.79430468503937
 31
0
  0
LINE
  5
6AD
330
1A
100
AcDbEntity
  8
BLACK
  6
CONTINUOUS
100
AcDbLine
 10
1.2616735039370079
 20
0.79430468503937
 30
0
 11
1.2616437007874015
 21
0.794232716535433
 31
0
  0
LINE
  5
6AE
330
1A
100
AcDbEntity
  8
BLACK
  6
CONTINUOUS
100
AcDbLine
 10
1.2616437007874015
 20
0.794232716535433
 30
0
 11
1.2615772047244094
 21
0.7941517716535433
 31
0
  0
LINE
  5
6AF
330
1A
100
AcDbEntity
  8
BLACK
  6
CONTINUOUS
100
AcDbLine
 10
1.2615772047244094
 20
0.7941517716535433
 30
0
 11
1.2615212598425196
 21
0.7940627952755905
 31
0
  0
LINE
  5
6B0
330
1A
100
AcDbEntity
  8
BLACK
  6
CONTINUOUS
100
AcDbLine
 10
1.2615212598425196
 20
0.7940627952755905
 30
0
 11
1.2614622440944883
 21
0.794011653543307
 31
0
  0
LINE
  5
6B1
330
1A
100
AcDbEntity
  8
BLACK
  6
CONTINUOUS
100
AcDbLine
 10
1.2614622440944883
 20
0.794011653543307
 30
0
 11
1.2612764960629921
 21
0.7937852755905511
 31
0
  0
LINE
  5
6B2
330
1A
100
AcDbEntity
  8
BLACK
  6
CONTINUOUS
100
AcDbLine
 10
1.2612764960629921
 20
0.7937852755905511
 30
0
 11
1.2594017322834645
 21
0.7919105118110236
 31
0
  0
LINE
  5
6B3
330
1A
100
AcDbEntity
  8
BLACK
  6
CONTINUOUS
100
AcDbLine
 10
1.2594017322834645
 20
0.7919105118110236
 30
0
 11
1.2591753543307087
 21
0.7917247637795275
 31
0
  0
LINE
  5
6B4
330
1A
100
AcDbEntity
  8
BLACK
  6
CONTINUOUS
100
AcDbLine
 10
1.2591753543307087
 20
0.7917247637795275
 30
0
 11
1.2591242125984252
 21
0.791665748031496
 31
0
  0
LINE
  5
6B5
330
1A
100
AcDbEntity
  8
BLACK
  6
CONTINUOUS
100
AcDbLine
 10
1.2591242125984252
 20
0.791665748031496
 30
0
 11
1.2590352362204724
 21
0.7916098031496063
 31
0
  0
LINE
  5
6B6
330
1A
100
AcDbEntity
  8
BLACK
  6
CONTINUOUS
100
AcDbLine
 10
1.2590352362204724
 20
0.7916098031496063
 30
0
 11
1.2589542913385827
 21
0.7915433070866141
 31
0
  0
LINE
  5
6B7
330
1A
100
AcDbEntity
  8
BLACK
  6
CONTINUOUS
100
AcDbLine
 10
1.2589542913385827
 20
0.7915433070866141
 30
0
 11
1.2588823228346457
 21
0.7915135039370078
 31
0
  0
LINE
  5
6B8
330
1A
100
AcDbEntity
  8
BLACK
  6
CONTINUOUS
100
AcDbLine
 10
1.2588823228346457
 20
0.7915135039370078
 30
0
 11
1.2586343307086614
 21
0.7913574015748032
 31
0
  0
LINE
  5
6B9
330
1A
100
AcDbEntity
  8
BLACK
  6
CONTINUOUS
100
AcDbLine
 10
1.2586343307086614
 20
0.7913574015748032
 30
0
 11
1.2548848031496063
 21
0.7894826377952756
 31
0
  0
LINE
  5
6BA
330
1A
100
AcDbEntity
  8
BLACK
  6
CONTINUOUS
100
AcDbLine
 10
1.2548848031496063
 20
0.7894826377952756
 30
0
 11
1.2543441732283465
 21
0.789275748031496
 31
0
  0
LINE
  5
6BB
330
1A
100
AcDbEntity
  8
BLACK
  6
CONTINUOUS
100
AcDbLine
 10
1.2543441732283465
 20
0.789275748031496
 30
0
 11
1.2542383464566929
 21
0.7892682677165355
 31
0
  0
LINE
  5
6BC
330
1A
100
AcDbEntity
  8
BLACK
  6
CONTINUOUS
100
AcDbLine
 10
1.2542383464566929
 20
0.7892682677165355
 30
0
 11
1.2541403543307086
 21
0.7892276377952756
 31
0
  0
LINE
  5
6BD
330
1A
100
AcDbEntity
  8
BLACK
  6
CONTINUOUS
100
AcDbLine
 10
1.2541403543307086
 20
0.7892276377952756
 30
0
 11
1.2535642913385827
 21
0.789170905511811
 31
0
  0
LINE
  5
6BE
330
1A
100
AcDbEntity
  8
BLACK
  6
CONTINUOUS
100
AcDbLine
 10
1.2535642913385827
 20
0.789170905511811
 30
0
 11
1.2498147637795276
 21
0.789170905511811
 31
0
  0
LINE
  5
6BF
330
1A
100
AcDbEntity
  8
BLACK
  6
CONTINUOUS
100
AcDbLine
 10
1.2498147637795276
 20
0.789170905511811
 30
0
 11
1.2492387007874015
 21
0.7892276377952756
 31
0
  0
LINE
  5
6C0
330
1A
100
AcDbEntity
  8
BLACK
  6
CONTINUOUS
100
AcDbLine
 10
1.2492387007874015
 20
0.7892276377952756
 30
0
 11
1.2491407086614172
 21
0.7892682283464567
 31
0
  0
LINE
  5
6C1
330
1A
100
AcDbEntity
  8
BLACK
  6
CONTINUOUS
100
AcDbLine
 10
1.2491407086614172
 20
0.7892682283464567
 30
0
 11
1.2490348425196851
 21
0.789275748031496
 31
0
  0
LINE
  5
6C2
330
1A
100
AcDbEntity
  8
BLACK
  6
CONTINUOUS
100
AcDbLine
 10
1.2490348425196851
 20
0.789275748031496
 30
0
 11
1.2484942519685038
 21
0.7894826377952756
 31
0
  0
LINE
  5
6C3
330
1A
100
AcDbEntity
  8
BLACK
  6
CONTINUOUS
100
AcDbLine
 10
1.2484942519685038
 20
0.7894826377952756
 30
0
 11
1.2447447244094487
 21
0.7913574015748032
 31
0
  0
LINE
  5
6C4
330
1A
100
AcDbEntity
  8
BLACK
  6
CONTINUOUS
100
AcDbLine
 10
1.2447447244094487
 20
0.7913574015748032
 30
0
 11
1.2444966929133858
 21
0.7915135039370078
 31
0
  0
LINE
  5
6C5
330
1A
100
AcDbEntity
  8
BLACK
  6
CONTINUOUS
100
AcDbLine
 10
1.2444966929133858
 20
0.7915135039370078
 30
0
 11
1.2444247637795276
 21
0.7915433070866141
 31
0
  0
LINE
  5
6C6
330
1A
100
AcDbEntity
  8
BLACK
  6
CONTINUOUS
100
AcDbLine
 10
1.2444247637795276
 20
0.7915433070866141
 30
0
 11
1.2443437795275589
 21
0.7916098031496063
 31
0
  0
LINE
  5
6C7
330
1A
100
AcDbEntity
  8
BLACK
  6
CONTINUOUS
100
AcDbLine
 10
1.2443437795275589
 20
0.7916098031496063
 30
0
 11
1.2442548425196851
 21
0.791665748031496
 31
0
  0
LINE
  5
6C8
330
1A
100
AcDbEntity
  8
BLACK
  6
CONTINUOUS
100
AcDbLine
 10
1.2442548425196851
 20
0.791665748031496
 30
0
 11
1.2442036614173229
 21
0.7917247637795275
 31
0
  0
LINE
  5
6C9
330
1A
100
AcDbEntity
  8
BLACK
  6
CONTINUOUS
100
AcDbLine
 10
1.2442036614173229
 20
0.7917247637795275
 30
0
 11
1.2439773228346456
 21
0.7919105118110236
 31
0
  0
LINE
  5
6CA
330
1A
100
AcDbEntity
  8
BLACK
  6
CONTINUOUS
100
AcDbLine
 10
1.2439773228346456
 20
0.7919105118110236
 30
0
 11
1.242102559055118
 21
0.7937852755905511
 31
0
  0
LINE
  5
6CB
330
1A
100
AcDbEntity
  8
BLACK
  6
CONTINUOUS
100
AcDbLine
 10
1.242102559055118
 20
0.7937852755905511
 30
0
 11
1.2419167716535433
 21
0.794011653543307
 31
0
  0
LINE
  5
6CC
330
1A
100
AcDbEntity
  8
BLACK
  6
CONTINUOUS
100
AcDbLine
 10
1.2419167716535433
 20
0.794011653543307
 30
0
 11
1.2418577952755905
 21
0.7940627952755905
 31
0
  0
LINE
  5
6CD
330
1A
100
AcDbEntity
  8
BLACK
  6
CONTINUOUS
100
AcDbLine
 10
1.2418577952755905
 20
0.7940627952755905
 30
0
 11
1.241801811023622
 21
0.7941517716535433
 31
0
  0
LINE
  5
6CE
330
1A
100
AcDbEntity
  8
BLACK
  6
CONTINUOUS
100
AcDbLine
 10
1.241801811023622
 20
0.7941517716535433
 30
0
 11
1.2417353543307086
 21
0.794232716535433
 31
0
  0
LINE
  5
6CF
330
1A
100
AcDbEntity
  8
BLACK
  6
CONTINUOUS
100
AcDbLine
 10
1.2417353543307086
 20
0.794232716535433
 30
0
 11
1.2417055118110236
 21
0.79430468503937
 31
0
  0
LINE
  5
6D0
330
1A
100
AcDbEntity
  8
BLACK
  6
CONTINUOUS
100
AcDbLine
 10
1.2417055118110236
 20
0.79430468503937
 30
0
 11
1.2415494488188976
 21
0.7945526771653543
 31
0
  0
LINE
  5
6D1
330
1A
100
AcDbEntity
  8
BLACK
  6
CONTINUOUS
100
AcDbLine
 10
1.2415494488188976
 20
0.7945526771653543
 30
0
 11
1.2396746850393701
 21
0.7983022047244094
 31
0
  0
LINE
  5
6D2
330
1A
100
AcDbEntity
  8
BLACK
  6
CONTINUOUS
100
AcDbLine
 10
1.2396746850393701
 20
0.7983022047244094
 30
0
 11
1.2394677952755906
 21
0.7988428346456693
 31
0
  0
LINE
  5
6D3
330
1A
100
AcDbEntity
  8
BLACK
  6
CONTINUOUS
100
AcDbLine
 10
1.2394677952755906
 20
0.7988428346456693
 30
0
 11
1.2394602755905511
 21
0.7989486614173228
 31
0
  0
LINE
  5
6D4
330
1A
100
AcDbEntity
  8
BLACK
  6
CONTINUOUS
100
AcDbLine
 10
1.2394602755905511
 20
0.7989486614173228
 30
0
 11
1.2394196850393699
 21
0.7990466535433071
 31
0
  0
LINE
  5
6D5
330
1A
100
AcDbEntity
  8
BLACK
  6
CONTINUOUS
100
AcDbLine
 10
1.2394196850393699
 20
0.7990466535433071
 30
0
 11
1.2393629527559056
 21
0.799622716535433
 31
0
  0
LINE
  5
6D6
330
1A
100
AcDbEntity
  8
BLACK
  6
CONTINUOUS
100
AcDbLine
 10
1.2393629527559056
 20
0.799622716535433
 30
0
 11
1.2393629527559056
 21
0.8089965354330708
 31
0
  0
LINE
  5
6D7
330
1A
100
AcDbEntity
  8
BLACK
  6
CONTINUOUS
100
AcDbLine
 10
1.2393629527559056
 20
0.8089965354330708
 30
0
 11
1.2393916535433072
 21
0.8092881102362205
 31
0
  0
LINE
  5
6D8
330
1A
100
AcDbEntity
  8
BLACK
  6
CONTINUOUS
100
AcDbLine
 10
1.2393916535433072
 20
0.8092881102362205
 30
0
 11
1.2393861417322833
 21
0.8093658267716535
 31
0
  0
LINE
  5
6D9
330
1A
100
AcDbEntity
  8
BLACK
  6
CONTINUOUS
100
AcDbLine
 10
1.2393861417322833
 20
0.8093658267716535
 30
0
 11
1.2394093700787401
 21
0.8094681102362205
 31
0
  0
LINE
  5
6DA
330
1A
100
AcDbEntity
  8
BLACK
  6
CONTINUOUS
100
AcDbLine
 10
1.2394093700787401
 20
0.8094681102362205
 30
0
 11
1.2394196850393699
 21
0.8095725984251968
 31
0
  0
LINE
  5
6DB
330
1A
100
AcDbEntity
  8
BLACK
  6
CONTINUOUS
100
AcDbLine
 10
1.2394196850393699
 20
0.8095725984251968
 30
0
 11
1.2394495275590551
 21
0.8096447244094488
 31
0
  0
LINE
  5
6DC
330
1A
100
AcDbEntity
  8
BLACK
  6
CONTINUOUS
100
AcDbLine
 10
1.2394495275590551
 20
0.8096447244094488
 30
0
 11
1.2395144881889764
 21
0.8099302755905512
 31
0
  0
LINE
  5
6DD
330
1A
100
AcDbEntity
  8
BLACK
  6
CONTINUOUS
100
AcDbLine
 10
1.2395144881889764
 20
0.8099302755905512
 30
0
 11
1.2413892519685039
 21
0.8155545669291339
 31
0
  0
LINE
  5
6DE
330
1A
100
AcDbEntity
  8
BLACK
  6
CONTINUOUS
100
AcDbLine
 10
1.2413892519685039
 20
0.8155545669291339
 30
0
 11
1.2416252362204725
 21
0.8160831102362205
 31
0
  0
LINE
  5
6DF
330
1A
100
AcDbEntity
  8
BLACK
  6
CONTINUOUS
100
AcDbLine
 10
1.2416252362204725
 20
0.8160831102362205
 30
0
 11
1.2423801181102363
 21
0.8169534645669291
 31
0
  0
LINE
  5
6E0
330
1A
100
AcDbEntity
  8
BLACK
  6
CONTINUOUS
100
AcDbLine
 10
1.2423801181102363
 20
0.8169534645669291
 30
0
 11
1.2434105511811024
 21
0.8174687007874015
 31
0
  0
LINE
  5
6E1
330
1A
100
AcDbEntity
  8
BLACK
  6
CONTINUOUS
100
AcDbLine
 10
1.2434105511811024
 20
0.8174687007874015
 30
0
 11
1.2445597637795276
 21
0.8175503937007874
 31
0
  0
LINE
  5
6E2
330
1A
100
AcDbEntity
  8
BLACK
  6
CONTINUOUS
100
AcDbLine
 10
1.2445597637795276
 20
0.8175503937007874
 30
0
 11
1.2456527559055117
 21
0.8171860629921259
 31
0
  0
LINE
  5
6E3
330
1A
100
AcDbEntity
  8
BLACK
  6
CONTINUOUS
100
AcDbLine
 10
1.2456527559055117
 20
0.8171860629921259
 30
0
 11
1.2465231496062992
 21
0.8164311811023622
 31
0
  0
LINE
  5
6E4
330
1A
100
AcDbEntity
  8
BLACK
  6
CONTINUOUS
100
AcDbLine
 10
1.2465231496062992
 20
0.8164311811023622
 30
0
 11
1.247038346456693
 21
0.8154007086614173
 31
0
  0
LINE
  5
6E5
330
1A
100
AcDbEntity
  8
BLACK
  6
CONTINUOUS
100
AcDbLine
 10
1.247038346456693
 20
0.8154007086614173
 30
0
 11
1.2471200393700788
 21
0.8142514960629921
 31
0
  0
LINE
  5
6E6
330
1A
100
AcDbEntity
  8
BLACK
  6
CONTINUOUS
100
AcDbLine
 10
1.2471200393700788
 20
0.8142514960629921
 30
0
 11
1.2469916929133857
 21
0.8136870472440945
 31
0
  0
LINE
  5
6E7
330
1A
100
AcDbEntity
  8
BLACK
  6
CONTINUOUS
100
AcDbLine
 10
1.2469916929133857
 20
0.8136870472440945
 30
0
 11
1.2452684645669292
 21
0.8085174015748031
 31
0
  0
LINE
  5
6E8
330
1A
100
AcDbEntity
  8
BLACK
  6
CONTINUOUS
100
AcDbLine
 10
1.2452684645669292
 20
0.8085174015748031
 30
0
 11
1.2452684645669292
 21
0.8003197637795275
 31
0
  0
LINE
  5
6E9
330
1A
100
AcDbEntity
  8
BLACK
  6
CONTINUOUS
100
AcDbLine
 10
1.2452684645669292
 20
0.8003197637795275
 30
0
 11
1.2466172047244095
 21
0.7976222834645669
 31
0
  0
LINE
  5
6EA
330
1A
100
AcDbEntity
  8
BLACK
  6
CONTINUOUS
100
AcDbLine
 10
1.2466172047244095
 20
0.7976222834645669
 30
0
 11
1.2478143307086613
 21
0.7964251574803149
 31
0
  0
LINE
  5
6EB
330
1A
100
AcDbEntity
  8
BLACK
  6
CONTINUOUS
100
AcDbLine
 10
1.2478143307086613
 20
0.7964251574803149
 30
0
 11
1.250511811023622
 21
0.7950764173228346
 31
0
  0
LINE
  5
6EC
330
1A
100
AcDbEntity
  8
BLACK
  6
CONTINUOUS
100
AcDbLine
 10
1.250511811023622
 20
0.7950764173228346
 30
0
 11
1.2528672440944881
 21
0.7950764173228346
 31
0
  0
LINE
  5
6ED
330
1A
100
AcDbEntity
  8
BLACK
  6
CONTINUOUS
100
AcDbLine
 10
1.2528672440944881
 20
0.7950764173228346
 30
0
 11
1.2555647244094488
 21
0.7964251574803149
 31
0
  0
LINE
  5
6EE
330
1A
100
AcDbEntity
  8
BLACK
  6
CONTINUOUS
100
AcDbLine
 10
1.2555647244094488
 20
0.7964251574803149
 30
0
 11
1.2567618503937008
 21
0.7976222834645669
 31
0
  0
LINE
  5
6EF
330
1A
100
AcDbEntity
  8
BLACK
  6
CONTINUOUS
100
AcDbLine
 10
1.2567618503937008
 20
0.7976222834645669
 30
0
 11
1.2582773228346456
 21
0.8006532677165354
 31
0
  0
LINE
  5
6F0
330
1A
100
AcDbEntity
  8
BLACK
  6
CONTINUOUS
100
AcDbLine
 10
1.2582773228346456
 20
0.8006532677165354
 30
0
 11
1.2600735039370079
 21
0.8078379133858268
 31
0
  0
LINE
  5
6F1
330
1A
100
AcDbEntity
  8
BLACK
  6
CONTINUOUS
100
AcDbLine
 10
1.2600735039370079
 20
0.8078379133858268
 30
0
 11
1.2600886614173228
 21
0.8078804330708661
 31
0
  0
LINE
  5
6F2
330
1A
100
AcDbEntity
  8
BLACK
  6
CONTINUOUS
100
AcDbLine
 10
1.2600886614173228
 20
0.8078804330708661
 30
0
 11
1.2600901968503937
 21
0.8079016535433071
 31
0
  0
LINE
  5
6F3
330
1A
100
AcDbEntity
  8
BLACK
  6
CONTINUOUS
100
AcDbLine
 10
1.2600901968503937
 20
0.8079016535433071
 30
0
 11
1.260181811023622
 21
0.8081411023622047
 31
0
  0
LINE
  5
6F4
330
1A
100
AcDbEntity
  8
BLACK
  6
CONTINUOUS
100
AcDbLine
 10
1.260181811023622
 20
0.8081411023622047
 30
0
 11
1.2602682677165353
 21
0.8083830314960629
 31
0
  0
LINE
  5
6F5
330
1A
100
AcDbEntity
  8
BLACK
  6
CONTINUOUS
100
AcDbLine
 10
1.2602682677165353
 20
0.8083830314960629
 30
0
 11
1.2602809448818897
 21
0.8084001968503937
 31
0
  0
LINE
  5
6F6
330
1A
100
AcDbEntity
  8
BLACK
  6
CONTINUOUS
100
AcDbLine
 10
1.2602809448818897
 20
0.8084001968503937
 30
0
 11
1.2602970866141732
 21
0.8084422834645669
 31
0
  0
LINE
  5
6F7
330
1A
100
AcDbEntity
  8
BLACK
  6
CONTINUOUS
100
AcDbLine
 10
1.2602970866141732
 20
0.8084422834645669
 30
0
 11
1.2621718503937007
 21
0.812191811023622
 31
0
  0
LINE
  5
6F8
330
1A
100
AcDbEntity
  8
BLACK
  6
CONTINUOUS
100
AcDbLine
 10
1.2621718503937007
 20
0.812191811023622
 30
0
 11
1.2623279133858267
 21
0.812439842519685
 31
0
  0
LINE
  5
6F9
330
1A
100
AcDbEntity
  8
BLACK
  6
CONTINUOUS
100
AcDbLine
 10
1.2623279133858267
 20
0.812439842519685
 30
0
 11
1.2623577559055117
 21
0.8125117716535433
 31
0
  0
LINE
  5
6FA
330
1A
100
AcDbEntity
  8
BLACK
  6
CONTINUOUS
100
AcDbLine
 10
1.2623577559055117
 20
0.8125117716535433
 30
0
 11
1.2624242125984251
 21
0.8125927559055118
 31
0
  0
LINE
  5
6FB
330
1A
100
AcDbEntity
  8
BLACK
  6
CONTINUOUS
100
AcDbLine
 10
1.2624242125984251
 20
0.8125927559055118
 30
0
 11
1.2624801968503936
 21
0.8126816929133858
 31
0
  0
LINE
  5
6FC
330
1A
100
AcDbEntity
  8
BLACK
  6
CONTINUOUS
100
AcDbLine
 10
1.2624801968503936
 20
0.8126816929133858
 30
0
 11
1.2625391732283464
 21
0.812732874015748
 31
0
  0
LINE
  5
6FD
330
1A
100
AcDbEntity
  8
BLACK
  6
CONTINUOUS
100
AcDbLine
 10
1.2625391732283464
 20
0.812732874015748
 30
0
 11
1.2627249606299211
 21
0.8129592125984252
 31
0
  0
LINE
  5
6FE
330
1A
100
AcDbEntity
  8
BLACK
  6
CONTINUOUS
100
AcDbLine
 10
1.2627249606299211
 20
0.8129592125984252
 30
0
 11
1.2645997244094489
 21
0.8148339763779527
 31
0
  0
LINE
  5
6FF
330
1A
100
AcDbEntity
  8
BLACK
  6
CONTINUOUS
100
AcDbLine
 10
1.2645997244094489
 20
0.8148339763779527
 30
0
 11
1.264826062992126
 21
0.8150197637795276
 31
0
  0
LINE
  5
700
330
1A
100
AcDbEntity
  8
BLACK
  6
CONTINUOUS
100
AcDbLine
 10
1.264826062992126
 20
0.8150197637795276
 30
0
 11
1.2648772440944882
 21
0.8150787401574803
 31
0
  0
LINE
  5
701
330
1A
100
AcDbEntity
  8
BLACK
  6
CONTINUOUS
100
AcDbLine
 10
1.2648772440944882
 20
0.8150787401574803
 30
0
 11
1.2649661811023623
 21
0.8151347244094488
 31
0
  0
LINE
  5
702
330
1A
100
AcDbEntity
  8
BLACK
  6
CONTINUOUS
100
AcDbLine
 10
1.2649661811023623
 20
0.8151347244094488
 30
0
 11
1.2650471653543307
 21
0.8152011811023622
 31
0
  0
LINE
  5
703
330
1A
100
AcDbEntity
  8
BLACK
  6
CONTINUOUS
100
AcDbLine
 10
1.2650471653543307
 20
0.8152011811023622
 30
0
 11
1.2651190944881889
 21
0.8152310236220472
 31
0
  0
LINE
  5
704
330
1A
100
AcDbEntity
  8
BLACK
  6
CONTINUOUS
100
AcDbLine
 10
1.2651190944881889
 20
0.8152310236220472
 30
0
 11
1.2653671259842521
 21
0.8153870866141733
 31
0
  0
LINE
  5
705
330
1A
100
AcDbEntity
  8
BLACK
  6
CONTINUOUS
100
AcDbLine
 10
1.2653671259842521
 20
0.8153870866141733
 30
0
 11
1.2691166535433072
 21
0.8172618503937008
 31
0
  0
LINE
  5
706
330
1A
100
AcDbEntity
  8
BLACK
  6
CONTINUOUS
100
AcDbLine
 10
1.2691166535433072
 20
0.8172618503937008
 30
0
 11
1.2696572440944882
 21
0.8174687401574803
 31
0
  0
LINE
  5
707
330
1A
100
AcDbEntity
  8
BLACK
  6
CONTINUOUS
100
AcDbLine
 10
1.2696572440944882
 20
0.8174687401574803
 30
0
 11
1.2697631102362203
 21
0.8174762992125985
 31
0
  0
LINE
  5
708
330
1A
100
AcDbEntity
  8
BLACK
  6
CONTINUOUS
100
AcDbLine
 10
1.2697631102362203
 20
0.8174762992125985
 30
0
 11
1.2698611023622046
 21
0.8175168503937008
 31
0
  0
LINE
  5
709
330
1A
100
AcDbEntity
  8
BLACK
  6
CONTINUOUS
100
AcDbLine
 10
1.2698611023622046
 20
0.8175168503937008
 30
0
 11
1.2704371653543307
 21
0.8175735826771653
 31
0
  0
LINE
  5
70A
330
1A
100
AcDbEntity
  8
BLACK
  6
CONTINUOUS
100
AcDbLine
 10
1.2704371653543307
 20
0.8175735826771653
 30
0
 11
1.2741866929133858
 21
0.8175735826771653
 31
0
  0
LINE
  5
70B
330
1A
100
AcDbEntity
  8
BLACK
  6
CONTINUOUS
100
AcDbLine
 10
1.2741866929133858
 20
0.8175735826771653
 30
0
 11
1.2747627559055117
 21
0.8175168503937008
 31
0
  0
LINE
  5
70C
330
1A
100
AcDbEntity
  8
BLACK
  6
CONTINUOUS
100
AcDbLine
 10
1.281833937007874
 20
0.856929094488189
 30
0
 11
1.2818920472440944
 21
0.8569364566929134
 31
0
  0
LINE
  5
70D
330
1A
100
AcDbEntity
  8
BLACK
  6
CONTINUOUS
100
AcDbLine
 10
1.2818920472440944
 20
0.8569364566929134
 30
0
 11
1.2819672440944883
 21
0.8569159448818897
 31
0
  0
LINE
  5
70E
330
1A
100
AcDbEntity
  8
BLACK
  6
CONTINUOUS
100
AcDbLine
 10
1.2819672440944883
 20
0.8569159448818897
 30
0
 11
1.2822618503937007
 21
0.8568869291338582
 31
0
  0
LINE
  5
70F
330
1A
100
AcDbEntity
  8
BLACK
  6
CONTINUOUS
100
AcDbLine
 10
1.2822618503937007
 20
0.8568869291338582
 30
0
 11
1.2826246456692914
 21
0.8567366535433071
 31
0
  0
LINE
  5
710
330
1A
100
AcDbEntity
  8
BLACK
  6
CONTINUOUS
100
AcDbLine
 10
1.2826246456692914
 20
0.8567366535433071
 30
0
 11
1.2830035433070865
 21
0.8566333070866141
 31
0
  0
LINE
  5
711
330
1A
100
AcDbEntity
  8
BLACK
  6
CONTINUOUS
100
AcDbLine
 10
1.2830035433070865
 20
0.8566333070866141
 30
0
 11
1.2831523622047243
 21
0.8565180708661417
 31
0
  0
LINE
  5
712
330
1A
100
AcDbEntity
  8
BLACK
  6
CONTINUOUS
100
AcDbLine
 10
1.2831523622047243
 20
0.8565180708661417
 30
0
 11
1.2833262598425197
 21
0.8564460236220472
 31
0
  0
LINE
  5
713
330
1A
100
AcDbEntity
  8
BLACK
  6
CONTINUOUS
100
AcDbLine
 10
1.2833262598425197
 20
0.8564460236220472
 30
0
 11
1.2836038188976377
 21
0.8561684645669291
 31
0
  0
LINE
  5
714
330
1A
100
AcDbEntity
  8
BLACK
  6
CONTINUOUS
100
AcDbLine
 10
1.2836038188976377
 20
0.8561684645669291
 30
0
 11
1.2839144488188976
 21
0.8559279133858267
 31
0
  0
LINE
  5
715
330
1A
100
AcDbEntity
  8
BLACK
  6
CONTINUOUS
100
AcDbLine
 10
1.2839144488188976
 20
0.8559279133858267
 30
0
 11
1.2840078740157479
 21
0.8557644094488189
 31
0
  0
LINE
  5
716
330
1A
100
AcDbEntity
  8
BLACK
  6
CONTINUOUS
100
AcDbLine
 10
1.2840078740157479
 20
0.8557644094488189
 30
0
 11
1.2841409055118109
 21
0.8556313779527559
 31
0
  0
LINE
  5
717
330
1A
100
AcDbEntity
  8
BLACK
  6
CONTINUOUS
100
AcDbLine
 10
1.2841409055118109
 20
0.8556313779527559
 30
0
 11
1.2842911417322835
 21
0.8552687007874016
 31
0
  0
LINE
  5
718
330
1A
100
AcDbEntity
  8
BLACK
  6
CONTINUOUS
100
AcDbLine
 10
1.2842911417322835
 20
0.8552687007874016
 30
0
 11
1.284486062992126
 21
0.8549275590551181
 31
0
  0
LINE
  5
719
330
1A
100
AcDbEntity
  8
BLACK
  6
CONTINUOUS
100
AcDbLine
 10
1.284486062992126
 20
0.8549275590551181
 30
0
 11
1.2845097637795275
 21
0.8547408267716535
 31
0
  0
LINE
  5
71A
330
1A
100
AcDbEntity
  8
BLACK
  6
CONTINUOUS
100
AcDbLine
 10
1.2845097637795275
 20
0.8547408267716535
 30
0
 11
1.284581811023622
 21
0.854566968503937
 31
0
  0
LINE
  5
71B
330
1A
100
AcDbEntity
  8
BLACK
  6
CONTINUOUS
100
AcDbLine
 10
1.284581811023622
 20
0.854566968503937
 30
0
 11
1.284581811023622
 21
0.8541742913385827
 31
0
  0
LINE
  5
71C
330
1A
100
AcDbEntity
  8
BLACK
  6
CONTINUOUS
100
AcDbLine
 10
1.284581811023622
 20
0.8541742913385827
 30
0
 11
1.2846313385826771
 21
0.8537846456692914
 31
0
  0
LINE
  5
71D
330
1A
100
AcDbEntity
  8
BLACK
  6
CONTINUOUS
100
AcDbLine
 10
1.2846313385826771
 20
0.8537846456692914
 30
0
 11
1.284581811023622
 21
0.8536030708661417
 31
0
  0
LINE
  5
71E
330
1A
100
AcDbEntity
  8
BLACK
  6
CONTINUOUS
100
AcDbLine
 10
1.284581811023622
 20
0.8536030708661417
 30
0
 11
1.284581811023622
 21
0.853414842519685
 31
0
  0
LINE
  5
71F
330
1A
100
AcDbEntity
  8
BLACK
  6
CONTINUOUS
100
AcDbLine
 10
1.284581811023622
 20
0.853414842519685
 30
0
 11
1.2844314960629921
 21
0.8530520078740157
 31
0
  0
LINE
  5
720
330
1A
100
AcDbEntity
  8
BLACK
  6
CONTINUOUS
100
AcDbLine
 10
1.2844314960629921
 20
0.8530520078740157
 30
0
 11
1.284328188976378
 21
0.8526731889763779
 31
0
  0
LINE
  5
721
330
1A
100
AcDbEntity
  8
BLACK
  6
CONTINUOUS
100
AcDbLine
 10
1.284328188976378
 20
0.8526731889763779
 30
0
 11
1.2842129527559054
 21
0.8525244094488189
 31
0
  0
LINE
  5
722
330
1A
100
AcDbEntity
  8
BLACK
  6
CONTINUOUS
100
AcDbLine
 10
1.2842129527559054
 20
0.8525244094488189
 30
0
 11
1.2841409055118109
 21
0.8523504330708661
 31
0
  0
LINE
  5
723
330
1A
100
AcDbEntity
  8
BLACK
  6
CONTINUOUS
100
AcDbLine
 10
1.2841409055118109
 20
0.8523504330708661
 30
0
 11
1.2838632677165354
 21
0.8520728346456693
 31
0
  0
LINE
  5
724
330
1A
100
AcDbEntity
  8
BLACK
  6
CONTINUOUS
100
AcDbLine
 10
1.2838632677165354
 20
0.8520728346456693
 30
0
 11
1.2836227952755905
 21
0.8517622440944882
 31
0
  0
LINE
  5
725
330
1A
100
AcDbEntity
  8
BLACK
  6
CONTINUOUS
100
AcDbLine
 10
1.2836227952755905
 20
0.8517622440944882
 30
0
 11
1.2833812598425196
 21
0.8515908267716535
 31
0
  0
LINE
  5
726
330
1A
100
AcDbEntity
  8
BLACK
  6
CONTINUOUS
100
AcDbLine
 10
1.2833812598425196
 20
0.8515908267716535
 30
0
 11
1.2833262598425197
 21
0.8515357874015748
 31
0
  0
LINE
  5
727
330
1A
100
AcDbEntity
  8
BLACK
  6
CONTINUOUS
100
AcDbLine
 10
1.2833262598425197
 20
0.8515357874015748
 30
0
 11
1.2832722047244094
 21
0.8515134251968504
 31
0
  0
LINE
  5
728
330
1A
100
AcDbEntity
  8
BLACK
  6
CONTINUOUS
100
AcDbLine
 10
1.2832722047244094
 20
0.8515134251968504
 30
0
 11
1.2831507874015748
 21
0.8514272047244095
 31
0
  0
LINE
  5
729
330
1A
100
AcDbEntity
  8
BLACK
  6
CONTINUOUS
100
AcDbLine
 10
1.2831507874015748
 20
0.8514272047244095
 30
0
 11
1.2534344881889763
 21
0.8344464960629921
 31
0
  0
LINE
  5
72A
330
1A
100
AcDbEntity
  8
BLACK
  6
CONTINUOUS
100
AcDbLine
 10
1.2534344881889763
 20
0.8344464960629921
 30
0
 11
1.2816857874015748
 21
0.8344464960629921
 31
0
  0
LINE
  5
72B
330
1A
100
AcDbEntity
  8
BLACK
  6
CONTINUOUS
100
AcDbLine
 10
1.2816857874015748
 20
0.8344464960629921
 30
0
 11
1.2822618503937007
 21
0.8343897637795276
 31
0
  0
LINE
  5
72C
330
1A
100
AcDbEntity
  8
BLACK
  6
CONTINUOUS
100
AcDbLine
 10
1.2822618503937007
 20
0.8343897637795276
 30
0
 11
1.2833262598425197
 21
0.8339488582677165
 31
0
  0
LINE
  5
72D
330
1A
100
AcDbEntity
  8
BLACK
  6
CONTINUOUS
100
AcDbLine
 10
1.2833262598425197
 20
0.8339488582677165
 30
0
 11
1.2841409055118109
 21
0.8331342125984251
 31
0
  0
LINE
  5
72E
330
1A
100
AcDbEntity
  8
BLACK
  6
CONTINUOUS
100
AcDbLine
 10
1.2841409055118109
 20
0.8331342125984251
 30
0
 11
1.284581811023622
 21
0.8320698031496063
 31
0
  0
LINE
  5
72F
330
1A
100
AcDbEntity
  8
BLACK
  6
CONTINUOUS
100
AcDbLine
 10
1.284581811023622
 20
0.8320698031496063
 30
0
 11
1.284581811023622
 21
0.8309176771653544
 31
0
  0
LINE
  5
730
330
1A
100
AcDbEntity
  8
BLACK
  6
CONTINUOUS
100
AcDbLine
 10
1.284581811023622
 20
0.8309176771653544
 30
0
 11
1.2841409055118109
 21
0.8298532677165354
 31
0
  0
LINE
  5
731
330
1A
100
AcDbEntity
  8
BLACK
  6
CONTINUOUS
100
AcDbLine
 10
1.2841409055118109
 20
0.8298532677165354
 30
0
 11
1.2833262598425197
 21
0.8290386220472441
 31
0
  0
LINE
  5
732
330
1A
100
AcDbEntity
  8
BLACK
  6
CONTINUOUS
100
AcDbLine
 10
1.2833262598425197
 20
0.8290386220472441
 30
0
 11
1.2822618503937007
 21
0.828597716535433
 31
0
  0
LINE
  5
733
330
1A
100
AcDbEntity
  8
BLACK
  6
CONTINUOUS
100
AcDbLine
 10
1.2822618503937007
 20
0.828597716535433
 30
0
 11
1.2816857874015748
 21
0.8285409842519685
 31
0
  0
LINE
  5
734
330
1A
100
AcDbEntity
  8
BLACK
  6
CONTINUOUS
100
AcDbLine
 10
1.2816857874015748
 20
0.8285409842519685
 30
0
 11
1.2423157086614174
 21
0.8285409842519685
 31
0
  0
LINE
  5
735
330
1A
100
AcDbEntity
  8
BLACK
  6
CONTINUOUS
100
AcDbLine
 10
1.2423157086614174
 20
0.8285409842519685
 30
0
 11
1.2421675196850392
 21
0.8285555905511811
 31
0
  0
LINE
  5
736
330
1A
100
AcDbEntity
  8
BLACK
  6
CONTINUOUS
100
AcDbLine
 10
1.2421675196850392
 20
0.8285555905511811
 30
0
 11
1.2421094488188975
 21
0.8285481889763779
 31
0
  0
LINE
  5
737
330
1A
100
AcDbEntity
  8
BLACK
  6
CONTINUOUS
100
AcDbLine
 10
1.2421094488188975
 20
0.8285481889763779
 30
0
 11
1.2420342125984252
 21
0.8285687401574803
 31
0
  0
LINE
  5
738
330
1A
100
AcDbEntity
  8
BLACK
  6
CONTINUOUS
100
AcDbLine
 10
1.2420342125984252
 20
0.8285687401574803
 30
0
 11
1.2417396456692913
 21
0.828597716535433
 31
0
  0
LINE
  5
739
330
1A
100
AcDbEntity
  8
BLACK
  6
CONTINUOUS
100
AcDbLine
 10
1.2417396456692913
 20
0.828597716535433
 30
0
 11
1.2413768110236221
 21
0.828748031496063
 31
0
  0
LINE
  5
73A
330
1A
100
AcDbEntity
  8
BLACK
  6
CONTINUOUS
100
AcDbLine
 10
1.2413768110236221
 20
0.828748031496063
 30
0
 11
1.2409979527559054
 21
0.8288513385826771
 31
0
  0
LINE
  5
73B
330
1A
100
AcDbEntity
  8
BLACK
  6
CONTINUOUS
100
AcDbLine
 10
1.2409979527559054
 20
0.8288513385826771
 30
0
 11
1.2408490944881889
 21
0.8289666141732284
 31
0
  0
LINE
  5
73C
330
1A
100
AcDbEntity
  8
BLACK
  6
CONTINUOUS
100
AcDbLine
 10
1.2408490944881889
 20
0.8289666141732284
 30
0
 11
1.2406752362204725
 21
0.8290386220472441
 31
0
  0
LINE
  5
73D
330
1A
100
AcDbEntity
  8
BLACK
  6
CONTINUOUS
100
AcDbLine
 10
1.2406752362204725
 20
0.8290386220472441
 30
0
 11
1.2403976377952755
 21
0.8293162204724409
 31
0
  0
LINE
  5
73E
330
1A
100
AcDbEntity
  8
BLACK
  6
CONTINUOUS
100
AcDbLine
 10
1.2403976377952755
 20
0.8293162204724409
 30
0
 11
1.2400870472440944
 21
0.8295567322834645
 31
0
  0
LINE
  5
73F
330
1A
100
AcDbEntity
  8
BLACK
  6
CONTINUOUS
100
AcDbLine
 10
1.2400870472440944
 20
0.8295567322834645
 30
0
 11
1.2399935826771653
 21
0.8297202755905512
 31
0
  0
LINE
  5
740
330
1A
100
AcDbEntity
  8
BLACK
  6
CONTINUOUS
100
AcDbLine
 10
1.2399935826771653
 20
0.8297202755905512
 30
0
 11
1.239860590551181
 21
0.8298532677165354
 31
0
  0
LINE
  5
741
330
1A
100
AcDbEntity
  8
BLACK
  6
CONTINUOUS
100
AcDbLine
 10
1.239860590551181
 20
0.8298532677165354
 30
0
 11
1.2397103149606299
 21
0.8302159842519685
 31
0
  0
LINE
  5
742
330
1A
100
AcDbEntity
  8
BLACK
  6
CONTINUOUS
100
AcDbLine
 10
1.2397103149606299
 20
0.8302159842519685
 30
0
 11
1.2395154330708662
 21
0.8305570866141732
 31
0
  0
LINE
  5
743
330
1A
100
AcDbEntity
  8
BLACK
  6
CONTINUOUS
100
AcDbLine
 10
1.2395154330708662
 20
0.8305570866141732
 30
0
 11
1.2394916929133859
 21
0.8307438582677165
 31
0
  0
LINE
  5
744
330
1A
100
AcDbEntity
  8
BLACK
  6
CONTINUOUS
100
AcDbLine
 10
1.2394916929133859
 20
0.8307438582677165
 30
0
 11
1.2394196850393699
 21
0.8309176771653544
 31
0
  0
LINE
  5
745
330
1A
100
AcDbEntity
  8
BLACK
  6
CONTINUOUS
100
AcDbLine
 10
1.2394196850393699
 20
0.8309176771653544
 30
0
 11
1.2394196850393699
 21
0.8313103937007874
 31
0
  0
LINE
  5
746
330
1A
100
AcDbEntity
  8
BLACK
  6
CONTINUOUS
100
AcDbLine
 10
1.2394196850393699
 20
0.8313103937007874
 30
0
 11
1.2393701574803149
 21
0.8317
 31
0
  0
LINE
  5
747
330
1A
100
AcDbEntity
  8
BLACK
  6
CONTINUOUS
100
AcDbLine
 10
1.2393701574803149
 20
0.8317
 30
0
 11
1.2394196850393699
 21
0.8318816141732284
 31
0
  0
LINE
  5
748
330
1A
100
AcDbEntity
  8
BLACK
  6
CONTINUOUS
100
AcDbLine
 10
1.2394196850393699
 20
0.8318816141732284
 30
0
 11
1.2394196850393699
 21
0.8320698031496063
 31
0
  0
LINE
  5
749
330
1A
100
AcDbEntity
  8
BLACK
  6
CONTINUOUS
100
AcDbLine
 10
1.2394196850393699
 20
0.8320698031496063
 30
0
 11
1.2395699606299213
 21
0.8324326377952755
 31
0
  0
LINE
  5
74A
330
1A
100
AcDbEntity
  8
BLACK
  6
CONTINUOUS
100
AcDbLine
 10
1.2395699606299213
 20
0.8324326377952755
 30
0
 11
1.2396733070866142
 21
0.8328114960629921
 31
0
  0
LINE
  5
74B
330
1A
100
AcDbEntity
  8
BLACK
  6
CONTINUOUS
100
AcDbLine
 10
1.2396733070866142
 20
0.8328114960629921
 30
0
 11
1.2397885433070865
 21
0.8329603543307087
 31
0
  0
LINE
  5
74C
330
1A
100
AcDbEntity
  8
BLACK
  6
CONTINUOUS
100
AcDbLine
 10
1.2397885433070865
 20
0.8329603543307087
 30
0
 11
1.239860590551181
 21
0.8331342125984251
 31
0
  0
LINE
  5
74D
330
1A
100
AcDbEntity
  8
BLACK
  6
CONTINUOUS
100
AcDbLine
 10
1.239860590551181
 20
0.8331342125984251
 30
0
 11
1.2401381496062991
 21
0.8334118110236221
 31
0
  0
LINE
  5
74E
330
1A
100
AcDbEntity
  8
BLACK
  6
CONTINUOUS
100
AcDbLine
 10
1.2401381496062991
 20
0.8334118110236221
 30
0
 11
1.2403787007874016
 21
0.8337224015748032
 31
0
  0
LINE
  5
74F
330
1A
100
AcDbEntity
  8
BLACK
  6
CONTINUOUS
100
AcDbLine
 10
1.2403787007874016
 20
0.8337224015748032
 30
0
 11
1.2406201181102361
 21
0.8338937795275591
 31
0
  0
LINE
  5
750
330
1A
100
AcDbEntity
  8
BLACK
  6
CONTINUOUS
100
AcDbLine
 10
1.2406201181102361
 20
0.8338937795275591
 30
0
 11
1.2406752362204725
 21
0.8339488582677165
 31
0
  0
LINE
  5
751
330
1A
100
AcDbEntity
  8
BLACK
  6
CONTINUOUS
100
AcDbLine
 10
1.2406752362204725
 20
0.8339488582677165
 30
0
 11
1.2407293307086613
 21
0.8339712992125984
 31
0
  0
LINE
  5
752
330
1A
100
AcDbEntity
  8
BLACK
  6
CONTINUOUS
100
AcDbLine
 10
1.2407293307086613
 20
0.8339712992125984
 30
0
 11
1.2408507480314961
 21
0.8340574409448819
 31
0
  0
LINE
  5
753
330
1A
100
AcDbEntity
  8
BLACK
  6
CONTINUOUS
100
AcDbLine
 10
1.2408507480314961
 20
0.8340574409448819
 30
0
 11
1.2705670078740157
 21
0.8510381496062992
 31
0
  0
LINE
  5
754
330
1A
100
AcDbEntity
  8
BLACK
  6
CONTINUOUS
100
AcDbLine
 10
1.2705670078740157
 20
0.8510381496062992
 30
0
 11
1.2423157086614174
 21
0.8510381496062992
 31
0
  0
LINE
  5
755
330
1A
100
AcDbEntity
  8
BLACK
  6
CONTINUOUS
100
AcDbLine
 10
1.2423157086614174
 20
0.8510381496062992
 30
0
 11
1.2417396456692913
 21
0.8510948818897638
 31
0
  0
LINE
  5
756
330
1A
100
AcDbEntity
  8
BLACK
  6
CONTINUOUS
100
AcDbLine
 10
1.2417396456692913
 20
0.8510948818897638
 30
0
 11
1.2406752362204725
 21
0.8515357874015748
 31
0
  0
LINE
  5
757
330
1A
100
AcDbEntity
  8
BLACK
  6
CONTINUOUS
100
AcDbLine
 10
1.2406752362204725
 20
0.8515357874015748
 30
0
 11
1.239860590551181
 21
0.8523504330708661
 31
0
  0
LINE
  5
758
330
1A
100
AcDbEntity
  8
BLACK
  6
CONTINUOUS
100
AcDbLine
 10
1.239860590551181
 20
0.8523504330708661
 30
0
 11
1.2394196850393699
 21
0.853414842519685
 31
0
  0
LINE
  5
759
330
1A
100
AcDbEntity
  8
BLACK
  6
CONTINUOUS
100
AcDbLine
 10
1.2394196850393699
 20
0.853414842519685
 30
0
 11
1.2394196850393699
 21
0.854566968503937
 31
0
  0
LINE
  5
75A
330
1A
100
AcDbEntity
  8
BLACK
  6
CONTINUOUS
100
AcDbLine
 10
1.2394196850393699
 20
0.854566968503937
 30
0
 11
1.239860590551181
 21
0.8556313779527559
 31
0
  0
LINE
  5
75B
330
1A
100
AcDbEntity
  8
BLACK
  6
CONTINUOUS
100
AcDbLine
 10
1.239860590551181
 20
0.8556313779527559
 30
0
 11
1.2406752362204725
 21
0.8564460236220472
 31
0
  0
LINE
  5
75C
330
1A
100
AcDbEntity
  8
BLACK
  6
CONTINUOUS
100
AcDbLine
 10
1.2406752362204725
 20
0.8564460236220472
 30
0
 11
1.2417396456692913
 21
0.8568869291338582
 31
0
  0
LINE
  5
75D
330
1A
100
AcDbEntity
  8
BLACK
  6
CONTINUOUS
100
AcDbLine
 10
1.2417396456692913
 20
0.8568869291338582
 30
0
 11
1.2423157086614174
 21
0.8569436614173228
 31
0
  0
LINE
  5
75E
330
1A
100
AcDbEntity
  8
BLACK
  6
CONTINUOUS
100
AcDbLine
 10
1.2423157086614174
 20
0.8569436614173228
 30
0
 11
1.2816857874015748
 21
0.8569436614173228
 31
0
  0
LINE
  5
75F
330
1A
100
AcDbEntity
  8
BLACK
  6
CONTINUOUS
100
AcDbLine
 10
1.2816857874015748
 20
0.8569436614173228
 30
0
 11
1.281833937007874
 21
0.856929094488189
 31
0
  0
LINE
  5
760
330
1A
100
AcDbEntity
  8
BLACK
  6
CONTINUOUS
100
AcDbLine
 10
1.2423332677165353
 20
0.8981317716535433
 30
0
 11
1.2428917716535433
 21
0.8981317716535433
 31
0
  0
LINE
  5
761
330
1A
100
AcDbEntity
  8
BLACK
  6
CONTINUOUS
100
AcDbLine
 10
1.2428917716535433
 20
0.8981317716535433
 30
0
 11
1.2429087007874016
 21
0.8981247637795275
 31
0
  0
LINE
  5
762
330
1A
100
AcDbEntity
  8
BLACK
  6
CONTINUOUS
100
AcDbLine
 10
1.2429087007874016
 20
0.8981247637795275
 30
0
 11
1.2429270078740158
 21
0.8981245275590551
 31
0
  0
LINE
  5
763
330
1A
100
AcDbEntity
  8
BLACK
  6
CONTINUOUS
100
AcDbLine
 10
1.2429270078740158
 20
0.8981245275590551
 30
0
 11
1.2434788582677165
 21
0.8979497637795275
 31
0
  0
LINE
  5
764
330
1A
100
AcDbEntity
  8
BLACK
  6
CONTINUOUS
100
AcDbLine
 10
1.2434788582677165
 20
0.8979497637795275
 30
0
 11
1.2828489370078739
 21
0.8810768897637795
 31
0
  0
LINE
  5
765
330
1A
100
AcDbEntity
  8
BLACK
  6
CONTINUOUS
100
AcDbLine
 10
1.2828489370078739
 20
0.8810768897637795
 30
0
 11
1.2833560629921259
 21
0.8807978346456693
 31
0
  0
LINE
  5
766
330
1A
100
AcDbEntity
  8
BLACK
  6
CONTINUOUS
100
AcDbLine
 10
1.2833560629921259
 20
0.8807978346456693
 30
0
 11
1.2841607086614173
 21
0.8799732677165354
 31
0
  0
LINE
  5
767
330
1A
100
AcDbEntity
  8
BLACK
  6
CONTINUOUS
100
AcDbLine
 10
1.2841607086614173
 20
0.8799732677165354
 30
0
 11
1.2845885826771652
 21
0.8789035826771653
 31
0
  0
LINE
  5
768
330
1A
100
AcDbEntity
  8
BLACK
  6
CONTINUOUS
100
AcDbLine
 10
1.2845885826771652
 20
0.8789035826771653
 30
0
 11
1.2845745669291337
 21
0.8777515748031496
 31
0
  0
LINE
  5
769
330
1A
100
AcDbEntity
  8
BLACK
  6
CONTINUOUS
100
AcDbLine
 10
1.2845745669291337
 20
0.8777515748031496
 30
0
 11
1.2841207086614173
 21
0.8766925984251969
 31
0
  0
LINE
  5
76A
330
1A
100
AcDbEntity
  8
BLACK
  6
CONTINUOUS
100
AcDbLine
 10
1.2841207086614173
 20
0.8766925984251969
 30
0
 11
1.2832961811023622
 21
0.8758879133858267
 31
0
  0
LINE
  5
76B
330
1A
100
AcDbEntity
  8
BLACK
  6
CONTINUOUS
100
AcDbLine
 10
1.2832961811023622
 20
0.8758879133858267
 30
0
 11
1.2822264960629921
 21
0.8754600393700788
 31
0
  0
LINE
  5
76C
330
1A
100
AcDbEntity
  8
BLACK
  6
CONTINUOUS
100
AcDbLine
 10
1.2822264960629921
 20
0.8754600393700788
 30
0
 11
1.2810744488188976
 21
0.8754740944881889
 31
0
  0
LINE
  5
76D
330
1A
100
AcDbEntity
  8
BLACK
  6
CONTINUOUS
100
AcDbLine
 10
1.2810744488188976
 20
0.8754740944881889
 30
0
 11
1.2805226377952756
 21
0.8756488582677165
 31
0
  0
LINE
  5
76E
330
1A
100
AcDbEntity
  8
BLACK
  6
CONTINUOUS
100
AcDbLine
 10
1.2805226377952756
 20
0.8756488582677165
 30
0
 11
1.2452684645669292
 21
0.8907577952755905
 31
0
  0
LINE
  5
76F
330
1A
100
AcDbEntity
  8
BLACK
  6
CONTINUOUS
100
AcDbLine
 10
1.2452684645669292
 20
0.8907577952755905
 30
0
 11
1.2452684645669292
 21
0.8689890551181102
 31
0
  0
LINE
  5
770
330
1A
100
AcDbEntity
  8
BLACK
  6
CONTINUOUS
100
AcDbLine
 10
1.2452684645669292
 20
0.8689890551181102
 30
0
 11
1.2452117322834646
 21
0.8684129921259842
 31
0
  0
LINE
  5
771
330
1A
100
AcDbEntity
  8
BLACK
  6
CONTINUOUS
100
AcDbLine
 10
1.2452117322834646
 20
0.8684129921259842
 30
0
 11
1.2447708267716535
 21
0.8673485826771653
 31
0
  0
LINE
  5
772
330
1A
100
AcDbEntity
  8
BLACK
  6
CONTINUOUS
100
AcDbLine
 10
1.2447708267716535
 20
0.8673485826771653
 30
0
 11
1.2439561811023623
 21
0.866533937007874
 31
0
  0
LINE
  5
773
330
1A
100
AcDbEntity
  8
BLACK
  6
CONTINUOUS
100
AcDbLine
 10
1.2439561811023623
 20
0.866533937007874
 30
0
 11
1.2428917716535433
 21
0.866093031496063
 31
0
  0
LINE
  5
774
330
1A
100
AcDbEntity
  8
BLACK
  6
CONTINUOUS
100
AcDbLine
 10
1.2428917716535433
 20
0.866093031496063
 30
0
 11
1.2417396456692913
 21
0.866093031496063
 31
0
  0
LINE
  5
775
330
1A
100
AcDbEntity
  8
BLACK
  6
CONTINUOUS
100
AcDbLine
 10
1.2417396456692913
 20
0.866093031496063
 30
0
 11
1.2406752362204725
 21
0.866533937007874
 31
0
  0
LINE
  5
776
330
1A
100
AcDbEntity
  8
BLACK
  6
CONTINUOUS
100
AcDbLine
 10
1.2406752362204725
 20
0.866533937007874
 30
0
 11
1.239860590551181
 21
0.8673485826771653
 31
0
  0
LINE
  5
777
330
1A
100
AcDbEntity
  8
BLACK
  6
CONTINUOUS
100
AcDbLine
 10
1.239860590551181
 20
0.8673485826771653
 30
0
 11
1.2394196850393699
 21
0.8684129921259842
 31
0
  0
LINE
  5
778
330
1A
100
AcDbEntity
  8
BLACK
  6
CONTINUOUS
100
AcDbLine
 10
1.2394196850393699
 20
0.8684129921259842
 30
0
 11
1.2393629527559056
 21
0.8689890551181102
 31
0
  0
LINE
  5
779
330
1A
100
AcDbEntity
  8
BLACK
  6
CONTINUOUS
100
AcDbLine
 10
1.2393629527559056
 20
0.8689890551181102
 30
0
 11
1.2393629527559056
 21
0.8952357480314961
 31
0
  0
LINE
  5
77A
330
1A
100
AcDbEntity
  8
BLACK
  6
CONTINUOUS
100
AcDbLine
 10
1.2393629527559056
 20
0.8952357480314961
 30
0
 11
1.2394196850393699
 21
0.8958118110236221
 31
0
  0
LINE
  5
77B
330
1A
100
AcDbEntity
  8
BLACK
  6
CONTINUOUS
100
AcDbLine
 10
1.2394196850393699
 20
0.8958118110236221
 30
0
 11
1.2394266929133857
 21
0.895828779527559
 31
0
  0
LINE
  5
77C
330
1A
100
AcDbEntity
  8
BLACK
  6
CONTINUOUS
100
AcDbLine
 10
1.2394266929133857
 20
0.895828779527559
 30
0
 11
1.2394269291338582
 21
0.8958470472440945
 31
0
  0
LINE
  5
77D
330
1A
100
AcDbEntity
  8
BLACK
  6
CONTINUOUS
100
AcDbLine
 10
1.2394269291338582
 20
0.8958470472440945
 30
0
 11
1.2396469291338583
 21
0.8963604724409449
 31
0
  0
LINE
  5
77E
330
1A
100
AcDbEntity
  8
BLACK
  6
CONTINUOUS
100
AcDbLine
 10
1.2396469291338583
 20
0.8963604724409449
 30
0
 11
1.239860590551181
 21
0.896876220472441
 31
0
  0
LINE
  5
77F
330
1A
100
AcDbEntity
  8
BLACK
  6
CONTINUOUS
100
AcDbLine
 10
1.239860590551181
 20
0.896876220472441
 30
0
 11
1.2398735039370079
 21
0.8968891732283464
 31
0
  0
LINE
  5
780
330
1A
100
AcDbEntity
  8
BLACK
  6
CONTINUOUS
100
AcDbLine
 10
1.2398735039370079
 20
0.8968891732283464
 30
0
 11
1.2398807480314959
 21
0.8969060236220472
 31
0
  0
LINE
  5
781
330
1A
100
AcDbEntity
  8
BLACK
  6
CONTINUOUS
100
AcDbLine
 10
1.2398807480314959
 20
0.8969060236220472
 30
0
 11
1.2402807480314961
 21
0.8972964173228346
 31
0
  0
LINE
  5
782
330
1A
100
AcDbEntity
  8
BLACK
  6
CONTINUOUS
100
AcDbLine
 10
1.2402807480314961
 20
0.8972964173228346
 30
0
 11
1.2406752362204725
 21
0.8976908661417322
 31
0
  0
LINE
  5
783
330
1A
100
AcDbEntity
  8
BLACK
  6
CONTINUOUS
100
AcDbLine
 10
1.2406752362204725
 20
0.8976908661417322
 30
0
 11
1.2406921653543306
 21
0.8976979133858267
 31
0
  0
LINE
  5
784
330
1A
100
AcDbEntity
  8
BLACK
  6
CONTINUOUS
100
AcDbLine
 10
1.2406921653543306
 20
0.8976979133858267
 30
0
 11
1.24070531496063
 21
0.8977107086614173
 31
0
  0
LINE
  5
785
330
1A
100
AcDbEntity
  8
BLACK
  6
CONTINUOUS
100
AcDbLine
 10
1.24070531496063
 20
0.8977107086614173
 30
0
 11
1.2412242913385827
 21
0.8979183464566929
 31
0
  0
LINE
  5
786
330
1A
100
AcDbEntity
  8
BLACK
  6
CONTINUOUS
100
AcDbLine
 10
1.2412242913385827
 20
0.8979183464566929
 30
0
 11
1.2417396456692913
 21
0.8981317716535433
 31
0
  0
LINE
  5
787
330
1A
100
AcDbEntity
  8
BLACK
  6
CONTINUOUS
100
AcDbLine
 10
1.2417396456692913
 20
0.8981317716535433
 30
0
 11
1.2417579921259843
 21
0.8981317716535433
 31
0
  0
LINE
  5
788
330
1A
100
AcDbEntity
  8
BLACK
  6
CONTINUOUS
100
AcDbLine
 10
1.2417579921259843
 20
0.8981317716535433
 30
0
 11
1.2417750000000001
 21
0.8981385826771653
 31
0
  0
LINE
  5
789
330
1A
100
AcDbEntity
  8
BLACK
  6
CONTINUOUS
100
AcDbLine
 10
1.2417750000000001
 20
0.8981385826771653
 30
0
 11
1.2423332677165353
 21
0.8981317716535433
 31
0
  0
LINE
  5
78A
330
1A
100
AcDbEntity
  8
BLACK
  6
CONTINUOUS
100
AcDbLine
 10
1.2702028740157481
 20
0.9351861811023622
 30
0
 11
1.2710175196850393
 21
0.9343715354330708
 31
0
  0
LINE
  5
78B
330
1A
100
AcDbEntity
  8
BLACK
  6
CONTINUOUS
100
AcDbLine
 10
1.2710175196850393
 20
0.9343715354330708
 30
0
 11
1.2714584251968504
 21
0.9333071259842519
 31
0
  0
LINE
  5
78C
330
1A
100
AcDbEntity
  8
BLACK
  6
CONTINUOUS
100
AcDbLine
 10
1.2714584251968504
 20
0.9333071259842519
 30
0
 11
1.271515157480315
 21
0.9327310629921259
 31
0
  0
LINE
  5
78D
330
1A
100
AcDbEntity
  8
BLACK
  6
CONTINUOUS
100
AcDbLine
 10
1.271515157480315
 20
0.9327310629921259
 30
0
 11
1.271515157480315
 21
0.9300595275590551
 31
0
  0
LINE
  5
78E
330
1A
100
AcDbEntity
  8
BLACK
  6
CONTINUOUS
100
AcDbLine
 10
1.271515157480315
 20
0.9300595275590551
 30
0
 11
1.2816857874015748
 21
0.9300595275590551
 31
0
  0
LINE
  5
78F
330
1A
100
AcDbEntity
  8
BLACK
  6
CONTINUOUS
100
AcDbLine
 10
1.2816857874015748
 20
0.9300595275590551
 30
0
 11
1.2822618503937007
 21
0.9300027952755905
 31
0
  0
LINE
  5
790
330
1A
100
AcDbEntity
  8
BLACK
  6
CONTINUOUS
100
AcDbLine
 10
1.2822618503937007
 20
0.9300027952755905
 30
0
 11
1.2833262598425197
 21
0.9295618897637795
 31
0
  0
LINE
  5
791
330
1A
100
AcDbEntity
  8
BLACK
  6
CONTINUOUS
100
AcDbLine
 10
1.2833262598425197
 20
0.9295618897637795
 30
0
 11
1.2841409055118109
 21
0.9287472440944882
 31
0
  0
LINE
  5
792
330
1A
100
AcDbEntity
  8
BLACK
  6
CONTINUOUS
100
AcDbLine
 10
1.2841409055118109
 20
0.9287472440944882
 30
0
 11
1.284581811023622
 21
0.9276828346456693
 31
0
  0
LINE
  5
793
330
1A
100
AcDbEntity
  8
BLACK
  6
CONTINUOUS
100
AcDbLine
 10
1.284581811023622
 20
0.9276828346456693
 30
0
 11
1.284581811023622
 21
0.9265307086614173
 31
0
  0
LINE
  5
794
330
1A
100
AcDbEntity
  8
BLACK
  6
CONTINUOUS
100
AcDbLine
 10
1.284581811023622
 20
0.9265307086614173
 30
0
 11
1.2841409055118109
 21
0.9254662992125984
 31
0
  0
LINE
  5
795
330
1A
100
AcDbEntity
  8
BLACK
  6
CONTINUOUS
100
AcDbLine
 10
1.2841409055118109
 20
0.9254662992125984
 30
0
 11
1.2833262598425197
 21
0.924651653543307
 31
0
  0
LINE
  5
796
330
1A
100
AcDbEntity
  8
BLACK
  6
CONTINUOUS
100
AcDbLine
 10
1.2833262598425197
 20
0.924651653543307
 30
0
 11
1.2822618503937007
 21
0.9242107480314961
 31
0
  0
LINE
  5
797
330
1A
100
AcDbEntity
  8
BLACK
  6
CONTINUOUS
100
AcDbLine
 10
1.2822618503937007
 20
0.9242107480314961
 30
0
 11
1.2816857874015748
 21
0.9241540157480315
 31
0
  0
LINE
  5
798
330
1A
100
AcDbEntity
  8
BLACK
  6
CONTINUOUS
100
AcDbLine
 10
1.2816857874015748
 20
0.9241540157480315
 30
0
 11
1.271515157480315
 21
0.9241540157480315
 31
0
  0
LINE
  5
799
330
1A
100
AcDbEntity
  8
BLACK
  6
CONTINUOUS
100
AcDbLine
 10
1.271515157480315
 20
0.9241540157480315
 30
0
 11
1.271515157480315
 21
0.9083591338582677
 31
0
  0
LINE
  5
79A
330
1A
100
AcDbEntity
  8
BLACK
  6
CONTINUOUS
100
AcDbLine
 10
1.271515157480315
 20
0.9083591338582677
 30
0
 11
1.2714864173228346
 21
0.9080675984251968
 31
0
  0
LINE
  5
79B
330
1A
100
AcDbEntity
  8
BLACK
  6
CONTINUOUS
100
AcDbLine
 10
1.2714864173228346
 20
0.9080675984251968
 30
0
 11
1.271491968503937
 21
0.9079898425196851
 31
0
  0
LINE
  5
79C
330
1A
100
AcDbEntity
  8
BLACK
  6
CONTINUOUS
100
AcDbLine
 10
1.271491968503937
 20
0.9079898425196851
 30
0
 11
1.2714732283464567
 21
0.9079337401574803
 31
0
  0
LINE
  5
79D
330
1A
100
AcDbEntity
  8
BLACK
  6
CONTINUOUS
100
AcDbLine
 10
1.2714732283464567
 20
0.9079337401574803
 30
0
 11
1.2714584251968504
 21
0.9077830708661417
 31
0
  0
LINE
  5
79E
330
1A
100
AcDbEntity
  8
BLACK
  6
CONTINUOUS
100
AcDbLine
 10
1.2714584251968504
 20
0.9077830708661417
 30
0
 11
1.2712772440944882
 21
0.9073457086614173
 31
0
  0
LINE
  5
79F
330
1A
100
AcDbEntity
  8
BLACK
  6
CONTINUOUS
100
AcDbLine
 10
1.2712772440944882
 20
0.9073457086614173
 30
0
 11
1.2711276377952756
 21
0.9068968503937007
 31
0
  0
LINE
  5
7A0
330
1A
100
AcDbEntity
  8
BLACK
  6
CONTINUOUS
100
AcDbLine
 10
1.2711276377952756
 20
0.9068968503937007
 30
0
 11
1.2710581102362204
 21
0.9068167322834646
 31
0
  0
LINE
  5
7A1
330
1A
100
AcDbEntity
  8
BLACK
  6
CONTINUOUS
100
AcDbLine
 10
1.2710581102362204
 20
0.9068167322834646
 30
0
 11
1.2710175196850393
 21
0.9067186614173228
 31
0
  0
LINE
  5
7A2
330
1A
100
AcDbEntity
  8
BLACK
  6
CONTINUOUS
100
AcDbLine
 10
1.2710175196850393
 20
0.9067186614173228
 30
0
 11
1.2706827559055118
 21
0.906383937007874
 31
0
  0
LINE
  5
7A3
330
1A
100
AcDbEntity
  8
BLACK
  6
CONTINUOUS
100
AcDbLine
 10
1.2706827559055118
 20
0.906383937007874
 30
0
 11
1.2703727559055118
 21
0.9060264566929134
 31
0
  0
LINE
  5
7A4
330
1A
100
AcDbEntity
  8
BLACK
  6
CONTINUOUS
100
AcDbLine
 10
1.2703727559055118
 20
0.9060264566929134
 30
0
 11
1.2702778740157481
 21
0.9059790551181102
 31
0
  0
LINE
  5
7A5
330
1A
100
AcDbEntity
  8
BLACK
  6
CONTINUOUS
100
AcDbLine
 10
1.2702778740157481
 20
0.9059790551181102
 30
0
 11
1.2702028740157481
 21
0.9059040157480315
 31
0
  0
LINE
  5
7A6
330
1A
100
AcDbEntity
  8
BLACK
  6
CONTINUOUS
100
AcDbLine
 10
1.2702028740157481
 20
0.9059040157480315
 30
0
 11
1.2697653937007873
 21
0.9057228346456693
 31
0
  0
LINE
  5
7A7
330
1A
100
AcDbEntity
  8
BLACK
  6
CONTINUOUS
100
AcDbLine
 10
1.2697653937007873
 20
0.9057228346456693
 30
0
 11
1.2693422834645669
 21
0.9055112598425197
 31
0
  0
LINE
  5
7A8
330
1A
100
AcDbEntity
  8
BLACK
  6
CONTINUOUS
100
AcDbLine
 10
1.2693422834645669
 20
0.9055112598425197
 30
0
 11
1.2692365354330708
 21
0.905503779527559
 31
0
  0
LINE
  5
7A9
330
1A
100
AcDbEntity
  8
BLACK
  6
CONTINUOUS
100
AcDbLine
 10
1.2692365354330708
 20
0.905503779527559
 30
0
 11
1.269138464566929
 21
0.9054631102362205
 31
0
  0
LINE
  5
7AA
330
1A
100
AcDbEntity
  8
BLACK
  6
CONTINUOUS
100
AcDbLine
 10
1.269138464566929
 20
0.9054631102362205
 30
0
 11
1.2686649212598424
 21
0.9054631102362205
 31
0
  0
LINE
  5
7AB
330
1A
100
AcDbEntity
  8
BLACK
  6
CONTINUOUS
100
AcDbLine
 10
1.2686649212598424
 20
0.9054631102362205
 30
0
 11
1.2681930708661417
 21
0.9054295669291338
 31
0
  0
LINE
  5
7AC
330
1A
100
AcDbEntity
  8
BLACK
  6
CONTINUOUS
100
AcDbLine
 10
1.2681930708661417
 20
0.9054295669291338
 30
0
 11
1.2680455511811024
 21
0.9054631102362205
 31
0
  0
LINE
  5
7AD
330
1A
100
AcDbEntity
  8
BLACK
  6
CONTINUOUS
100
AcDbLine
 10
1.2680455511811024
 20
0.9054631102362205
 30
0
 11
1.2679863385826771
 21
0.9054631102362205
 31
0
  0
LINE
  5
7AE
330
1A
100
AcDbEntity
  8
BLACK
  6
CONTINUOUS
100
AcDbLine
 10
1.2679863385826771
 20
0.9054631102362205
 30
0
 11
1.2679142519685038
 21
0.9054929921259842
 31
0
  0
LINE
  5
7AF
330
1A
100
AcDbEntity
  8
BLACK
  6
CONTINUOUS
100
AcDbLine
 10
1.2679142519685038
 20
0.9054929921259842
 30
0
 11
1.2676286220472441
 21
0.9055579133858267
 31
0
  0
LINE
  5
7B0
330
1A
100
AcDbEntity
  8
BLACK
  6
CONTINUOUS
100
AcDbLine
 10
1.2676286220472441
 20
0.9055579133858267
 30
0
 11
1.2395072047244093
 21
0.9149317322834646
 31
0
  0
LINE
  5
7B1
330
1A
100
AcDbEntity
  8
BLACK
  6
CONTINUOUS
100
AcDbLine
 10
1.2395072047244093
 20
0.9149317322834646
 30
0
 11
1.2389786220472441
 21
0.9151677165354331
 31
0
  0
LINE
  5
7B2
330
1A
100
AcDbEntity
  8
BLACK
  6
CONTINUOUS
100
AcDbLine
 10
1.2389786220472441
 20
0.9151677165354331
 30
0
 11
1.2381082677165354
 21
0.9159225984251969
 31
0
  0
LINE
  5
7B3
330
1A
100
AcDbEntity
  8
BLACK
  6
CONTINUOUS
100
AcDbLine
 10
1.2381082677165354
 20
0.9159225984251969
 30
0
 11
1.2375930708661418
 21
0.916953031496063
 31
0
  0
LINE
  5
7B4
330
1A
100
AcDbEntity
  8
BLACK
  6
CONTINUOUS
100
AcDbLine
 10
1.2375930708661418
 20
0.916953031496063
 30
0
 11
1.2375113779527558
 21
0.9181022440944882
 31
0
  0
LINE
  5
7B5
330
1A
100
AcDbEntity
  8
BLACK
  6
CONTINUOUS
100
AcDbLine
 10
1.2375113779527558
 20
0.9181022440944882
 30
0
 11
1.2378757086614174
 21
0.9191952755905511
 31
0
  0
LINE
  5
7B6
330
1A
100
AcDbEntity
  8
BLACK
  6
CONTINUOUS
100
AcDbLine
 10
1.2378757086614174
 20
0.9191952755905511
 30
0
 11
1.238630590551181
 21
0.9200656299212598
 31
0
  0
LINE
  5
7B7
330
1A
100
AcDbEntity
  8
BLACK
  6
CONTINUOUS
100
AcDbLine
 10
1.238630590551181
 20
0.9200656299212598
 30
0
 11
1.2396610236220471
 21
0.9205808267716535
 31
0
  0
LINE
  5
7B8
330
1A
100
AcDbEntity
  8
BLACK
  6
CONTINUOUS
100
AcDbLine
 10
1.2396610236220471
 20
0.9205808267716535
 30
0
 11
1.2408102362204725
 21
0.9206625196850393
 31
0
  0
LINE
  5
7B9
330
1A
100
AcDbEntity
  8
BLACK
  6
CONTINUOUS
100
AcDbLine
 10
1.2408102362204725
 20
0.9206625196850393
 30
0
 11
1.2413746850393701
 21
0.9205341732283464
 31
0
  0
LINE
  5
7BA
330
1A
100
AcDbEntity
  8
BLACK
  6
CONTINUOUS
100
AcDbLine
 10
1.2413746850393701
 20
0.9205341732283464
 30
0
 11
1.2656096456692913
 21
0.9124558661417322
 31
0
  0
LINE
  5
7BB
330
1A
100
AcDbEntity
  8
BLACK
  6
CONTINUOUS
100
AcDbLine
 10
1.2656096456692913
 20
0.9124558661417322
 30
0
 11
1.2656096456692913
 21
0.9241540157480315
 31
0
  0
LINE
  5
7BC
330
1A
100
AcDbEntity
  8
BLACK
  6
CONTINUOUS
100
AcDbLine
 10
1.2656096456692913
 20
0.9241540157480315
 30
0
 11
1.2554390551181103
 21
0.9241540157480315
 31
0
  0
LINE
  5
7BD
330
1A
100
AcDbEntity
  8
BLACK
  6
CONTINUOUS
100
AcDbLine
 10
1.2554390551181103
 20
0.9241540157480315
 30
0
 11
1.2548629921259842
 21
0.9242107480314961
 31
0
  0
LINE
  5
7BE
330
1A
100
AcDbEntity
  8
BLACK
  6
CONTINUOUS
100
AcDbLine
 10
1.2548629921259842
 20
0.9242107480314961
 30
0
 11
1.2537985826771654
 21
0.924651653543307
 31
0
  0
LINE
  5
7BF
330
1A
100
AcDbEntity
  8
BLACK
  6
CONTINUOUS
100
AcDbLine
 10
1.2537985826771654
 20
0.924651653543307
 30
0
 11
1.2529839370078739
 21
0.9254662992125984
 31
0
  0
LINE
  5
7C0
330
1A
100
AcDbEntity
  8
BLACK
  6
CONTINUOUS
100
AcDbLine
 10
1.2529839370078739
 20
0.9254662992125984
 30
0
 11
1.2525430314960631
 21
0.9265307086614173
 31
0
  0
LINE
  5
7C1
330
1A
100
AcDbEntity
  8
BLACK
  6
CONTINUOUS
100
AcDbLine
 10
1.2525430314960631
 20
0.9265307086614173
 30
0
 11
1.2525430314960631
 21
0.9276828346456693
 31
0
  0
LINE
  5
7C2
330
1A
100
AcDbEntity
  8
BLACK
  6
CONTINUOUS
100
AcDbLine
 10
1.2525430314960631
 20
0.9276828346456693
 30
0
 11
1.2529839370078739
 21
0.9287472440944882
 31
0
  0
LINE
  5
7C3
330
1A
100
AcDbEntity
  8
BLACK
  6
CONTINUOUS
100
AcDbLine
 10
1.2529839370078739
 20
0.9287472440944882
 30
0
 11
1.2537985826771654
 21
0.9295618897637795
 31
0
  0
LINE
  5
7C4
330
1A
100
AcDbEntity
  8
BLACK
  6
CONTINUOUS
100
AcDbLine
 10
1.2537985826771654
 20
0.9295618897637795
 30
0
 11
1.2548629921259842
 21
0.9300027952755905
 31
0
  0
LINE
  5
7C5
330
1A
100
AcDbEntity
  8
BLACK
  6
CONTINUOUS
100
AcDbLine
 10
1.2548629921259842
 20
0.9300027952755905
 30
0
 11
1.2554390551181103
 21
0.9300595275590551
 31
0
  0
LINE
  5
7C6
330
1A
100
AcDbEntity
  8
BLACK
  6
CONTINUOUS
100
AcDbLine
 10
1.2554390551181103
 20
0.9300595275590551
 30
0
 11
1.2656096456692913
 21
0.9300595275590551
 31
0
  0
LINE
  5
7C7
330
1A
100
AcDbEntity
  8
BLACK
  6
CONTINUOUS
100
AcDbLine
 10
1.2656096456692913
 20
0.9300595275590551
 30
0
 11
1.2656096456692913
 21
0.9327310629921259
 31
0
  0
LINE
  5
7C8
330
1A
100
AcDbEntity
  8
BLACK
  6
CONTINUOUS
100
AcDbLine
 10
1.2656096456692913
 20
0.9327310629921259
 30
0
 11
1.2656663779527559
 21
0.9333071259842519
 31
0
  0
LINE
  5
7C9
330
1A
100
AcDbEntity
  8
BLACK
  6
CONTINUOUS
100
AcDbLine
 10
1.2656663779527559
 20
0.9333071259842519
 30
0
 11
1.2661072834645668
 21
0.9343715354330708
 31
0
  0
LINE
  5
7CA
330
1A
100
AcDbEntity
  8
BLACK
  6
CONTINUOUS
100
AcDbLine
 10
1.2661072834645668
 20
0.9343715354330708
 30
0
 11
1.2669219291338583
 21
0.9351861811023622
 31
0
  0
LINE
  5
7CB
330
1A
100
AcDbEntity
  8
BLACK
  6
CONTINUOUS
100
AcDbLine
 10
1.2669219291338583
 20
0.9351861811023622
 30
0
 11
1.2679863385826771
 21
0.9356270866141732
 31
0
  0
LINE
  5
7CC
330
1A
100
AcDbEntity
  8
BLACK
  6
CONTINUOUS
100
AcDbLine
 10
1.2679863385826771
 20
0.9356270866141732
 30
0
 11
1.269138464566929
 21
0.9356270866141732
 31
0
  0
LINE
  5
7CD
330
1A
100
AcDbEntity
  8
BLACK
  6
CONTINUOUS
100
AcDbLine
 10
1.269138464566929
 20
0.9356270866141732
 30
0
 11
1.2702028740157481
 21
0.9351861811023622
 31
0
  0
LINE
  5
7CE
330
1A
100
AcDbEntity
  8
BLACK
  6
CONTINUOUS
100
AcDbLine
 10
1.2833262598425197
 20
0.968931968503937
 30
0
 11
1.2841409055118109
 21
0.9681173228346457
 31
0
  0
LINE
  5
7CF
330
1A
100
AcDbEntity
  8
BLACK
  6
CONTINUOUS
100
AcDbLine
 10
1.2841409055118109
 20
0.9681173228346457
 30
0
 11
1.284581811023622
 21
0.9670529133858268
 31
0
  0
LINE
  5
7D0
330
1A
100
AcDbEntity
  8
BLACK
  6
CONTINUOUS
100
AcDbLine
 10
1.284581811023622
 20
0.9670529133858268
 30
0
 11
1.2846385433070866
 21
0.9664768503937008
 31
0
  0
LINE
  5
7D1
330
1A
100
AcDbEntity
  8
BLACK
  6
CONTINUOUS
100
AcDbLine
 10
1.2846385433070866
 20
0.9664768503937008
 30
0
 11
1.2846385433070866
 21
0.9477292125984251
 31
0
  0
LINE
  5
7D2
330
1A
100
AcDbEntity
  8
BLACK
  6
CONTINUOUS
100
AcDbLine
 10
1.2846385433070866
 20
0.9477292125984251
 30
0
 11
1.284581811023622
 21
0.9471531496062991
 31
0
  0
LINE
  5
7D3
330
1A
100
AcDbEntity
  8
BLACK
  6
CONTINUOUS
100
AcDbLine
 10
1.284581811023622
 20
0.9471531496062991
 30
0
 11
1.2841409055118109
 21
0.9460887401574803
 31
0
  0
LINE
  5
7D4
330
1A
100
AcDbEntity
  8
BLACK
  6
CONTINUOUS
100
AcDbLine
 10
1.2841409055118109
 20
0.9460887401574803
 30
0
 11
1.2833262598425197
 21
0.945274094488189
 31
0
  0
LINE
  5
7D5
330
1A
100
AcDbEntity
  8
BLACK
  6
CONTINUOUS
100
AcDbLine
 10
1.2833262598425197
 20
0.945274094488189
 30
0
 11
1.2822618503937007
 21
0.9448331889763779
 31
0
  0
LINE
  5
7D6
330
1A
100
AcDbEntity
  8
BLACK
  6
CONTINUOUS
100
AcDbLine
 10
1.2822618503937007
 20
0.9448331889763779
 30
0
 11
1.2816857874015748
 21
0.9447764566929133
 31
0
  0
LINE
  5
7D7
330
1A
100
AcDbEntity
  8
BLACK
  6
CONTINUOUS
100
AcDbLine
 10
1.2816857874015748
 20
0.9447764566929133
 30
0
 11
1.2423157086614174
 21
0.9447764566929133
 31
0
  0
LINE
  5
7D8
330
1A
100
AcDbEntity
  8
BLACK
  6
CONTINUOUS
100
AcDbLine
 10
1.2423157086614174
 20
0.9447764566929133
 30
0
 11
1.2417396456692913
 21
0.9448331889763779
 31
0
  0
LINE
  5
7D9
330
1A
100
AcDbEntity
  8
BLACK
  6
CONTINUOUS
100
AcDbLine
 10
1.2417396456692913
 20
0.9448331889763779
 30
0
 11
1.2406752362204725
 21
0.945274094488189
 31
0
  0
LINE
  5
7DA
330
1A
100
AcDbEntity
  8
BLACK
  6
CONTINUOUS
100
AcDbLine
 10
1.2406752362204725
 20
0.945274094488189
 30
0
 11
1.239860590551181
 21
0.9460887401574803
 31
0
  0
LINE
  5
7DB
330
1A
100
AcDbEntity
  8
BLACK
  6
CONTINUOUS
100
AcDbLine
 10
1.239860590551181
 20
0.9460887401574803
 30
0
 11
1.2394196850393699
 21
0.9471531496062991
 31
0
  0
LINE
  5
7DC
330
1A
100
AcDbEntity
  8
BLACK
  6
CONTINUOUS
100
AcDbLine
 10
1.2394196850393699
 20
0.9471531496062991
 30
0
 11
1.2394196850393699
 21
0.9483052755905511
 31
0
  0
LINE
  5
7DD
330
1A
100
AcDbEntity
  8
BLACK
  6
CONTINUOUS
100
AcDbLine
 10
1.2394196850393699
 20
0.9483052755905511
 30
0
 11
1.239860590551181
 21
0.94936968503937
 31
0
  0
LINE
  5
7DE
330
1A
100
AcDbEntity
  8
BLACK
  6
CONTINUOUS
100
AcDbLine
 10
1.239860590551181
 20
0.94936968503937
 30
0
 11
1.2406752362204725
 21
0.9501843307086614
 31
0
  0
LINE
  5
7DF
330
1A
100
AcDbEntity
  8
BLACK
  6
CONTINUOUS
100
AcDbLine
 10
1.2406752362204725
 20
0.9501843307086614
 30
0
 11
1.2417396456692913
 21
0.9506252362204725
 31
0
  0
LINE
  5
7E0
330
1A
100
AcDbEntity
  8
BLACK
  6
CONTINUOUS
100
AcDbLine
 10
1.2417396456692913
 20
0.9506252362204725
 30
0
 11
1.2423157086614174
 21
0.9506819685039369
 31
0
  0
LINE
  5
7E1
330
1A
100
AcDbEntity
  8
BLACK
  6
CONTINUOUS
100
AcDbLine
 10
1.2423157086614174
 20
0.9506819685039369
 30
0
 11
1.278733031496063
 21
0.9506819685039369
 31
0
  0
LINE
  5
7E2
330
1A
100
AcDbEntity
  8
BLACK
  6
CONTINUOUS
100
AcDbLine
 10
1.278733031496063
 20
0.9506819685039369
 30
0
 11
1.278733031496063
 21
0.9664768503937008
 31
0
  0
LINE
  5
7E3
330
1A
100
AcDbEntity
  8
BLACK
  6
CONTINUOUS
100
AcDbLine
 10
1.278733031496063
 20
0.9664768503937008
 30
0
 11
1.2787897637795276
 21
0.9670529133858268
 31
0
  0
LINE
  5
7E4
330
1A
100
AcDbEntity
  8
BLACK
  6
CONTINUOUS
100
AcDbLine
 10
1.2787897637795276
 20
0.9670529133858268
 30
0
 11
1.2792306692913387
 21
0.9681173228346457
 31
0
  0
LINE
  5
7E5
330
1A
100
AcDbEntity
  8
BLACK
  6
CONTINUOUS
100
AcDbLine
 10
1.2792306692913387
 20
0.9681173228346457
 30
0
 11
1.2800453149606299
 21
0.968931968503937
 31
0
  0
LINE
  5
7E6
330
1A
100
AcDbEntity
  8
BLACK
  6
CONTINUOUS
100
AcDbLine
 10
1.2800453149606299
 20
0.968931968503937
 30
0
 11
1.2811097244094487
 21
0.969372874015748
 31
0
  0
LINE
  5
7E7
330
1A
100
AcDbEntity
  8
BLACK
  6
CONTINUOUS
100
AcDbLine
 10
1.2811097244094487
 20
0.969372874015748
 30
0
 11
1.2822618503937007
 21
0.969372874015748
 31
0
  0
LINE
  5
7E8
330
1A
100
AcDbEntity
  8
BLACK
  6
CONTINUOUS
100
AcDbLine
 10
1.2822618503937007
 20
0.969372874015748
 30
0
 11
1.2833262598425197
 21
0.968931968503937
 31
0
  0
LINE
  5
7E9
330
1A
100
AcDbEntity
  8
BLACK
  6
CONTINUOUS
100
AcDbLine
 10
0.3705389763779527
 20
1.0019469291338583
 30
0
 11
0.3706167322834645
 21
1.0019524409448819
 31
0
  0
LINE
  5
7EA
330
1A
100
AcDbEntity
  8
BLACK
  6
CONTINUOUS
100
AcDbLine
 10
0.3706167322834645
 20
1.0019524409448819
 30
0
 11
0.3707189763779528
 21
1.0019292125984252
 31
0
  0
LINE
  5
7EB
330
1A
100
AcDbEntity
  8
BLACK
  6
CONTINUOUS
100
AcDbLine
 10
0.3707189763779528
 20
1.0019292125984252
 30
0
 11
0.3708235039370079
 21
1.0019188976377953
 31
0
  0
LINE
  5
7EC
330
1A
100
AcDbEntity
  8
BLACK
  6
CONTINUOUS
100
AcDbLine
 10
0.3708235039370079
 20
1.0019188976377953
 30
0
 11
0.3708955905511811
 21
1.0018890551181101
 31
0
  0
LINE
  5
7ED
330
1A
100
AcDbEntity
  8
BLACK
  6
CONTINUOUS
100
AcDbLine
 10
0.3708955905511811
 20
1.0018890551181101
 30
0
 11
0.3711811811023622
 21
1.0018240944881889
 31
0
  0
LINE
  5
7EE
330
1A
100
AcDbEntity
  8
BLACK
  6
CONTINUOUS
100
AcDbLine
 10
0.3711811811023622
 20
1.0018240944881889
 30
0
 11
0.3768054724409449
 21
0.9999493307086614
 31
0
  0
LINE
  5
7EF
330
1A
100
AcDbEntity
  8
BLACK
  6
CONTINUOUS
100
AcDbLine
 10
0.3768054724409449
 20
0.9999493307086614
 30
0
 11
0.3773340157480315
 21
0.9997133464566929
 31
0
  0
LINE
  5
7F0
330
1A
100
AcDbEntity
  8
BLACK
  6
CONTINUOUS
100
AcDbLine
 10
0.3773340157480315
 20
0.9997133464566929
 30
0
 11
0.3774141338582677
 21
0.9996438582677165
 31
0
  0
LINE
  5
7F1
330
1A
100
AcDbEntity
  8
BLACK
  6
CONTINUOUS
100
AcDbLine
 10
0.3774141338582677
 20
0.9996438582677165
 30
0
 11
0.3775122047244094
 21
0.9996032283464567
 31
0
  0
LINE
  5
7F2
330
1A
100
AcDbEntity
  8
BLACK
  6
CONTINUOUS
100
AcDbLine
 10
0.3775122047244094
 20
0.9996032283464567
 30
0
 11
0.3779596456692914
 21
0.9992360236220472
 31
0
  0
LINE
  5
7F3
330
1A
100
AcDbEntity
  8
BLACK
  6
CONTINUOUS
100
AcDbLine
 10
0.3779596456692914
 20
0.9992360236220472
 30
0
 11
0.3798344094488189
 21
0.9973612598425197
 31
0
  0
LINE
  5
7F4
330
1A
100
AcDbEntity
  8
BLACK
  6
CONTINUOUS
100
AcDbLine
 10
0.3798344094488189
 20
0.9973612598425197
 30
0
 11
0.3802016141732283
 21
0.9969138188976377
 31
0
  0
LINE
  5
7F5
330
1A
100
AcDbEntity
  8
BLACK
  6
CONTINUOUS
100
AcDbLine
 10
0.3802016141732283
 20
0.9969138188976377
 30
0
 11
0.3806425196850394
 21
0.9958494094488188
 31
0
  0
LINE
  5
7F6
330
1A
100
AcDbEntity
  8
BLACK
  6
CONTINUOUS
100
AcDbLine
 10
0.3806425196850394
 20
0.9958494094488188
 30
0
 11
0.3806425196850394
 21
0.9946973228346456
 31
0
  0
LINE
  5
7F7
330
1A
100
AcDbEntity
  8
BLACK
  6
CONTINUOUS
100
AcDbLine
 10
0.3806425196850394
 20
0.9946973228346456
 30
0
 11
0.3802016141732283
 21
0.9936329133858267
 31
0
  0
LINE
  5
7F8
330
1A
100
AcDbEntity
  8
BLACK
  6
CONTINUOUS
100
AcDbLine
 10
0.3802016141732283
 20
0.9936329133858267
 30
0
 11
0.3793869291338582
 21
0.9928182283464567
 31
0
  0
LINE
  5
7F9
330
1A
100
AcDbEntity
  8
BLACK
  6
CONTINUOUS
100
AcDbLine
 10
0.3793869291338582
 20
0.9928182283464567
 30
0
 11
0.3783225196850394
 21
0.9923773228346456
 31
0
  0
LINE
  5
7FA
330
1A
100
AcDbEntity
  8
BLACK
  6
CONTINUOUS
100
AcDbLine
 10
0.3783225196850394
 20
0.9923773228346456
 30
0
 11
0.3771704330708661
 21
0.9923773228346456
 31
0
  0
LINE
  5
7FB
330
1A
100
AcDbEntity
  8
BLACK
  6
CONTINUOUS
100
AcDbLine
 10
0.3771704330708661
 20
0.9923773228346456
 30
0
 11
0.3761060236220473
 21
0.9928182283464567
 31
0
  0
LINE
  5
7FC
330
1A
100
AcDbEntity
  8
BLACK
  6
CONTINUOUS
100
AcDbLine
 10
0.3761060236220473
 20
0.9928182283464567
 30
0
 11
0.3756585826771653
 21
0.9931854330708662
 31
0
  0
LINE
  5
7FD
330
1A
100
AcDbEntity
  8
BLACK
  6
CONTINUOUS
100
AcDbLine
 10
0.3756585826771653
 20
0.9931854330708662
 30
0
 11
0.3742766929133858
 21
0.9945673228346457
 31
0
  0
LINE
  5
7FE
330
1A
100
AcDbEntity
  8
BLACK
  6
CONTINUOUS
100
AcDbLine
 10
0.3742766929133858
 20
0.9945673228346457
 30
0
 11
0.3697683070866142
 21
0.9960701181102362
 31
0
  0
LINE
  5
7FF
330
1A
100
AcDbEntity
  8
BLACK
  6
CONTINUOUS
100
AcDbLine
 10
0.3697683070866142
 20
0.9960701181102362
 30
0
 11
0.3669770472440945
 21
0.9960701181102362
 31
0
  0
LINE
  5
800
330
1A
100
AcDbEntity
  8
BLACK
  6
CONTINUOUS
100
AcDbLine
 10
0.3669770472440945
 20
0.9960701181102362
 30
0
 11
0.3624686614173228
 21
0.9945673228346457
 31
0
  0
LINE
  5
801
330
1A
100
AcDbEntity
  8
BLACK
  6
CONTINUOUS
100
AcDbLine
 10
0.3624686614173228
 20
0.9945673228346457
 30
0
 11
0.3595508267716535
 21
0.9916494881889764
 31
0
  0
LINE
  5
802
330
1A
100
AcDbEntity
  8
BLACK
  6
CONTINUOUS
100
AcDbLine
 10
0.3595508267716535
 20
0.9916494881889764
 30
0
 11
0.3580353149606299
 21
0.9886185039370079
 31
0
  0
LINE
  5
803
330
1A
100
AcDbEntity
  8
BLACK
  6
CONTINUOUS
100
AcDbLine
 10
0.3580353149606299
 20
0.9886185039370079
 30
0
 11
0.3563273228346457
 21
0.9817864566929133
 31
0
  0
LINE
  5
804
330
1A
100
AcDbEntity
  8
BLACK
  6
CONTINUOUS
100
AcDbLine
 10
0.3563273228346457
 20
0.9817864566929133
 30
0
 11
0.3563273228346457
 21
0.976889251968504
 31
0
  0
LINE
  5
805
330
1A
100
AcDbEntity
  8
BLACK
  6
CONTINUOUS
100
AcDbLine
 10
0.3563273228346457
 20
0.976889251968504
 30
0
 11
0.3580353149606299
 21
0.9700572047244094
 31
0
  0
LINE
  5
806
330
1A
100
AcDbEntity
  8
BLACK
  6
CONTINUOUS
100
AcDbLine
 10
0.3580353149606299
 20
0.9700572047244094
 30
0
 11
0.3595508267716535
 21
0.9670262204724409
 31
0
  0
LINE
  5
807
330
1A
100
AcDbEntity
  8
BLACK
  6
CONTINUOUS
100
AcDbLine
 10
0.3595508267716535
 20
0.9670262204724409
 30
0
 11
0.3624686614173228
 21
0.9641083464566929
 31
0
  0
LINE
  5
808
330
1A
100
AcDbEntity
  8
BLACK
  6
CONTINUOUS
100
AcDbLine
 10
0.3624686614173228
 20
0.9641083464566929
 30
0
 11
0.3669770472440945
 21
0.9626055511811024
 31
0
  0
LINE
  5
809
330
1A
100
AcDbEntity
  8
BLACK
  6
CONTINUOUS
100
AcDbLine
 10
0.3669770472440945
 20
0.9626055511811024
 30
0
 11
0.3697683070866142
 21
0.9626055511811024
 31
0
  0
LINE
  5
80A
330
1A
100
AcDbEntity
  8
BLACK
  6
CONTINUOUS
100
AcDbLine
 10
0.3697683070866142
 20
0.9626055511811024
 30
0
 11
0.3742766929133858
 21
0.9641083858267716
 31
0
  0
LINE
  5
80B
330
1A
100
AcDbEntity
  8
BLACK
  6
CONTINUOUS
100
AcDbLine
 10
0.3742766929133858
 20
0.9641083858267716
 30
0
 11
0.3756585433070866
 21
0.9654902362204724
 31
0
  0
LINE
  5
80C
330
1A
100
AcDbEntity
  8
BLACK
  6
CONTINUOUS
100
AcDbLine
 10
0.3756585433070866
 20
0.9654902362204724
 30
0
 11
0.3761060236220473
 21
0.9658574803149607
 31
0
  0
LINE
  5
80D
330
1A
100
AcDbEntity
  8
BLACK
  6
CONTINUOUS
100
AcDbLine
 10
0.3761060236220473
 20
0.9658574803149607
 30
0
 11
0.3771704330708661
 21
0.9662983858267716
 31
0
  0
LINE
  5
80E
330
1A
100
AcDbEntity
  8
BLACK
  6
CONTINUOUS
100
AcDbLine
 10
0.3771704330708661
 20
0.9662983858267716
 30
0
 11
0.3783225196850394
 21
0.9662983858267716
 31
0
  0
LINE
  5
80F
330
1A
100
AcDbEntity
  8
BLACK
  6
CONTINUOUS
100
AcDbLine
 10
0.3783225196850394
 20
0.9662983858267716
 30
0
 11
0.3793869291338582
 21
0.9658575196850393
 31
0
  0
LINE
  5
810
330
1A
100
AcDbEntity
  8
BLACK
  6
CONTINUOUS
100
AcDbLine
 10
0.3793869291338582
 20
0.9658575196850393
 30
0
 11
0.3802016141732283
 21
0.9650428346456693
 31
0
  0
LINE
  5
811
330
1A
100
AcDbEntity
  8
BLACK
  6
CONTINUOUS
100
AcDbLine
 10
0.3802016141732283
 20
0.9650428346456693
 30
0
 11
0.3806425196850394
 21
0.9639784251968504
 31
0
  0
LINE
  5
812
330
1A
100
AcDbEntity
  8
BLACK
  6
CONTINUOUS
100
AcDbLine
 10
0.3806425196850394
 20
0.9639784251968504
 30
0
 11
0.3806425196850394
 21
0.9628263385826772
 31
0
  0
LINE
  5
813
330
1A
100
AcDbEntity
  8
BLACK
  6
CONTINUOUS
100
AcDbLine
 10
0.3806425196850394
 20
0.9628263385826772
 30
0
 11
0.3802016535433071
 21
0.9617619291338583
 31
0
  0
LINE
  5
814
330
1A
100
AcDbEntity
  8
BLACK
  6
CONTINUOUS
100
AcDbLine
 10
0.3802016535433071
 20
0.9617619291338583
 30
0
 11
0.3798344094488189
 21
0.9613144488188976
 31
0
  0
LINE
  5
815
330
1A
100
AcDbEntity
  8
BLACK
  6
CONTINUOUS
100
AcDbLine
 10
0.3798344094488189
 20
0.9613144488188976
 30
0
 11
0.3779596850393701
 21
0.95943968503937
 31
0
  0
LINE
  5
816
330
1A
100
AcDbEntity
  8
BLACK
  6
CONTINUOUS
100
AcDbLine
 10
0.3779596850393701
 20
0.95943968503937
 30
0
 11
0.3775122047244094
 21
0.9590724409448819
 31
0
  0
LINE
  5
817
330
1A
100
AcDbEntity
  8
BLACK
  6
CONTINUOUS
100
AcDbLine
 10
0.3775122047244094
 20
0.9590724409448819
 30
0
 11
0.3774141338582677
 21
0.9590318503937008
 31
0
  0
LINE
  5
818
330
1A
100
AcDbEntity
  8
BLACK
  6
CONTINUOUS
100
AcDbLine
 10
0.3774141338582677
 20
0.9590318503937008
 30
0
 11
0.3773340157480315
 21
0.9589623228346457
 31
0
  0
LINE
  5
819
330
1A
100
AcDbEntity
  8
BLACK
  6
CONTINUOUS
100
AcDbLine
 10
0.3773340157480315
 20
0.9589623228346457
 30
0
 11
0.3768054724409449
 21
0.9587263385826772
 31
0
  0
LINE
  5
81A
330
1A
100
AcDbEntity
  8
BLACK
  6
CONTINUOUS
100
AcDbLine
 10
0.3768054724409449
 20
0.9587263385826772
 30
0
 11
0.3711811811023622
 21
0.9568515748031495
 31
0
  0
LINE
  5
81B
330
1A
100
AcDbEntity
  8
BLACK
  6
CONTINUOUS
100
AcDbLine
 10
0.3711811811023622
 20
0.9568515748031495
 30
0
 11
0.3708955905511811
 21
0.9567866535433071
 31
0
  0
LINE
  5
81C
330
1A
100
AcDbEntity
  8
BLACK
  6
CONTINUOUS
100
AcDbLine
 10
0.3708955905511811
 20
0.9567866535433071
 30
0
 11
0.3708235039370079
 21
0.9567567716535433
 31
0
  0
LINE
  5
81D
330
1A
100
AcDbEntity
  8
BLACK
  6
CONTINUOUS
100
AcDbLine
 10
0.3708235039370079
 20
0.9567567716535433
 30
0
 11
0.3707189763779528
 21
0.9567464960629921
 31
0
  0
LINE
  5
81E
330
1A
100
AcDbEntity
  8
BLACK
  6
CONTINUOUS
100
AcDbLine
 10
0.3707189763779528
 20
0.9567464960629921
 30
0
 11
0.3706167322834645
 21
0.9567232283464566
 31
0
  0
LINE
  5
81F
330
1A
100
AcDbEntity
  8
BLACK
  6
CONTINUOUS
100
AcDbLine
 10
0.3706167322834645
 20
0.9567232283464566
 30
0
 11
0.3705389763779527
 21
0.9567287795275591
 31
0
  0
LINE
  5
820
330
1A
100
AcDbEntity
  8
BLACK
  6
CONTINUOUS
100
AcDbLine
 10
0.3705389763779527
 20
0.9567287795275591
 30
0
 11
0.3702474409448819
 21
0.9567000393700787
 31
0
  0
LINE
  5
821
330
1A
100
AcDbEntity
  8
BLACK
  6
CONTINUOUS
100
AcDbLine
 10
0.3702474409448819
 20
0.9567000393700787
 30
0
 11
0.3664979133858268
 21
0.9567000393700787
 31
0
  0
LINE
  5
822
330
1A
100
AcDbEntity
  8
BLACK
  6
CONTINUOUS
100
AcDbLine
 10
0.3664979133858268
 20
0.9567000393700787
 30
0
 11
0.3662062992125984
 21
0.9567287795275591
 31
0
  0
LINE
  5
823
330
1A
100
AcDbEntity
  8
BLACK
  6
CONTINUOUS
100
AcDbLine
 10
0.3662062992125984
 20
0.9567287795275591
 30
0
 11
0.3661285826771654
 21
0.9567232283464566
 31
0
  0
LINE
  5
824
330
1A
100
AcDbEntity
  8
BLACK
  6
CONTINUOUS
100
AcDbLine
 10
0.3661285826771654
 20
0.9567232283464566
 30
0
 11
0.3660262992125984
 21
0.9567464960629921
 31
0
  0
LINE
  5
825
330
1A
100
AcDbEntity
  8
BLACK
  6
CONTINUOUS
100
AcDbLine
 10
0.3660262992125984
 20
0.9567464960629921
 30
0
 11
0.3659218503937008
 21
0.9567567716535433
 31
0
  0
LINE
  5
826
330
1A
100
AcDbEntity
  8
BLACK
  6
CONTINUOUS
100
AcDbLine
 10
0.3659218503937008
 20
0.9567567716535433
 30
0
 11
0.3658497637795275
 21
0.9567866535433071
 31
0
  0
LINE
  5
827
330
1A
100
AcDbEntity
  8
BLACK
  6
CONTINUOUS
100
AcDbLine
 10
0.3658497637795275
 20
0.9567866535433071
 30
0
 11
0.3655641338582677
 21
0.9568515748031495
 31
0
  0
LINE
  5
828
330
1A
100
AcDbEntity
  8
BLACK
  6
CONTINUOUS
100
AcDbLine
 10
0.3655641338582677
 20
0.9568515748031495
 30
0
 11
0.3599398818897638
 21
0.9587263385826772
 31
0
  0
LINE
  5
829
330
1A
100
AcDbEntity
  8
BLACK
  6
CONTINUOUS
100
AcDbLine
 10
0.3599398818897638
 20
0.9587263385826772
 30
0
 11
0.3594112992125984
 21
0.9589623228346457
 31
0
  0
LINE
  5
82A
330
1A
100
AcDbEntity
  8
BLACK
  6
CONTINUOUS
100
AcDbLine
 10
0.3594112992125984
 20
0.9589623228346457
 30
0
 11
0.3593311811023622
 21
0.959031811023622
 31
0
  0
LINE
  5
82B
330
1A
100
AcDbEntity
  8
BLACK
  6
CONTINUOUS
100
AcDbLine
 10
0.3593311811023622
 20
0.959031811023622
 30
0
 11
0.3592331496062992
 21
0.9590724015748031
 31
0
  0
LINE
  5
82C
330
1A
100
AcDbEntity
  8
BLACK
  6
CONTINUOUS
100
AcDbLine
 10
0.3592331496062992
 20
0.9590724015748031
 30
0
 11
0.3587857086614173
 21
0.9594396456692913
 31
0
  0
LINE
  5
82D
330
1A
100
AcDbEntity
  8
BLACK
  6
CONTINUOUS
100
AcDbLine
 10
0.3587857086614173
 20
0.9594396456692913
 30
0
 11
0.3550361811023622
 21
0.9631892125984252
 31
0
  0
LINE
  5
82E
330
1A
100
AcDbEntity
  8
BLACK
  6
CONTINUOUS
100
AcDbLine
 10
0.3550361811023622
 20
0.9631892125984252
 30
0
 11
0.3548503937007874
 21
0.9634155905511811
 31
0
  0
LINE
  5
82F
330
1A
100
AcDbEntity
  8
BLACK
  6
CONTINUOUS
100
AcDbLine
 10
0.3548503937007874
 20
0.9634155905511811
 30
0
 11
0.3547914173228346
 21
0.9634667322834646
 31
0
  0
LINE
  5
830
330
1A
100
AcDbEntity
  8
BLACK
  6
CONTINUOUS
100
AcDbLine
 10
0.3547914173228346
 20
0.9634667322834646
 30
0
 11
0.3547354330708661
 21
0.9635556692913385
 31
0
  0
LINE
  5
831
330
1A
100
AcDbEntity
  8
BLACK
  6
CONTINUOUS
100
AcDbLine
 10
0.3547354330708661
 20
0.9635556692913385
 30
0
 11
0.354668937007874
 21
0.9636366929133858
 31
0
  0
LINE
  5
832
330
1A
100
AcDbEntity
  8
BLACK
  6
CONTINUOUS
100
AcDbLine
 10
0.354668937007874
 20
0.9636366929133858
 30
0
 11
0.354639094488189
 21
0.9637087401574803
 31
0
  0
LINE
  5
833
330
1A
100
AcDbEntity
  8
BLACK
  6
CONTINUOUS
100
AcDbLine
 10
0.354639094488189
 20
0.9637087401574803
 30
0
 11
0.3544830708661417
 21
0.9639566141732283
 31
0
  0
LINE
  5
834
330
1A
100
AcDbEntity
  8
BLACK
  6
CONTINUOUS
100
AcDbLine
 10
0.3544830708661417
 20
0.9639566141732283
 30
0
 11
0.3526083070866142
 21
0.9677061417322834
 31
0
  0
LINE
  5
835
330
1A
100
AcDbEntity
  8
BLACK
  6
CONTINUOUS
100
AcDbLine
 10
0.3526083070866142
 20
0.9677061417322834
 30
0
 11
0.3525921653543307
 21
0.9677482677165354
 31
0
  0
LINE
  5
836
330
1A
100
AcDbEntity
  8
BLACK
  6
CONTINUOUS
100
AcDbLine
 10
0.3525921653543307
 20
0.9677482677165354
 30
0
 11
0.3525794881889764
 21
0.9677653937007874
 31
0
  0
LINE
  5
837
330
1A
100
AcDbEntity
  8
BLACK
  6
CONTINUOUS
100
AcDbLine
 10
0.3525794881889764
 20
0.9677653937007874
 30
0
 11
0.352493031496063
 21
0.9680073622047244
 31
0
  0
LINE
  5
838
330
1A
100
AcDbEntity
  8
BLACK
  6
CONTINUOUS
100
AcDbLine
 10
0.352493031496063
 20
0.9680073622047244
 30
0
 11
0.3524014173228346
 21
0.9682467716535433
 31
0
  0
LINE
  5
839
330
1A
100
AcDbEntity
  8
BLACK
  6
CONTINUOUS
100
AcDbLine
 10
0.3524014173228346
 20
0.9682467716535433
 30
0
 11
0.3523998818897638
 21
0.968268031496063
 31
0
  0
LINE
  5
83A
330
1A
100
AcDbEntity
  8
BLACK
  6
CONTINUOUS
100
AcDbLine
 10
0.3523998818897638
 20
0.968268031496063
 30
0
 11
0.3523847244094488
 21
0.9683105118110236
 31
0
  0
LINE
  5
83B
330
1A
100
AcDbEntity
  8
BLACK
  6
CONTINUOUS
100
AcDbLine
 10
0.3523847244094488
 20
0.9683105118110236
 30
0
 11
0.3505099606299212
 21
0.9758095669291338
 31
0
  0
LINE
  5
83C
330
1A
100
AcDbEntity
  8
BLACK
  6
CONTINUOUS
100
AcDbLine
 10
0.3505099606299212
 20
0.9758095669291338
 30
0
 11
0.350495157480315
 21
0.9759094488188976
 31
0
  0
LINE
  5
83D
330
1A
100
AcDbEntity
  8
BLACK
  6
CONTINUOUS
100
AcDbLine
 10
0.350495157480315
 20
0.9759094488188976
 30
0
 11
0.3504785433070866
 21
0.9759496456692913
 31
0
  0
LINE
  5
83E
330
1A
100
AcDbEntity
  8
BLACK
  6
CONTINUOUS
100
AcDbLine
 10
0.3504785433070866
 20
0.9759496456692913
 30
0
 11
0.3504571653543307
 21
0.9761666929133858
 31
0
  0
LINE
  5
83F
330
1A
100
AcDbEntity
  8
BLACK
  6
CONTINUOUS
100
AcDbLine
 10
0.3504571653543307
 20
0.9761666929133858
 30
0
 11
0.3504253149606299
 21
0.9763821653543306
 31
0
  0
LINE
  5
840
330
1A
100
AcDbEntity
  8
BLACK
  6
CONTINUOUS
100
AcDbLine
 10
0.3504253149606299
 20
0.9763821653543306
 30
0
 11
0.3504316929133858
 21
0.9764251968503936
 31
0
  0
LINE
  5
841
330
1A
100
AcDbEntity
  8
BLACK
  6
CONTINUOUS
100
AcDbLine
 10
0.3504316929133858
 20
0.9764251968503936
 30
0
 11
0.350421811023622
 21
0.9765257086614173
 31
0
  0
LINE
  5
842
330
1A
100
AcDbEntity
  8
BLACK
  6
CONTINUOUS
100
AcDbLine
 10
0.350421811023622
 20
0.9765257086614173
 30
0
 11
0.350421811023622
 21
0.98215
 31
0
  0
LINE
  5
843
330
1A
100
AcDbEntity
  8
BLACK
  6
CONTINUOUS
100
AcDbLine
 10
0.350421811023622
 20
0.98215
 30
0
 11
0.3504316929133858
 21
0.9822505511811024
 31
0
  0
LINE
  5
844
330
1A
100
AcDbEntity
  8
BLACK
  6
CONTINUOUS
100
AcDbLine
 10
0.3504316929133858
 20
0.9822505511811024
 30
0
 11
0.3504253149606299
 21
0.9822935433070866
 31
0
  0
LINE
  5
845
330
1A
100
AcDbEntity
  8
BLACK
  6
CONTINUOUS
100
AcDbLine
 10
0.3504253149606299
 20
0.9822935433070866
 30
0
 11
0.3504571653543307
 21
0.9825090551181103
 31
0
  0
LINE
  5
846
330
1A
100
AcDbEntity
  8
BLACK
  6
CONTINUOUS
100
AcDbLine
 10
0.3504571653543307
 20
0.9825090551181103
 30
0
 11
0.3504785433070866
 21
0.9827260629921259
 31
0
  0
LINE
  5
847
330
1A
100
AcDbEntity
  8
BLACK
  6
CONTINUOUS
100
AcDbLine
 10
0.3504785433070866
 20
0.9827260629921259
 30
0
 11
0.350495157480315
 21
0.9827662992125984
 31
0
  0
LINE
  5
848
330
1A
100
AcDbEntity
  8
BLACK
  6
CONTINUOUS
100
AcDbLine
 10
0.350495157480315
 20
0.9827662992125984
 30
0
 11
0.3505099606299212
 21
0.9828661417322835
 31
0
  0
LINE
  5
849
330
1A
100
AcDbEntity
  8
BLACK
  6
CONTINUOUS
100
AcDbLine
 10
0.3505099606299212
 20
0.9828661417322835
 30
0
 11
0.3523847244094488
 21
0.9903651968503937
 31
0
  0
LINE
  5
84A
330
1A
100
AcDbEntity
  8
BLACK
  6
CONTINUOUS
100
AcDbLine
 10
0.3523847244094488
 20
0.9903651968503937
 30
0
 11
0.3523998818897638
 21
0.990407716535433
 31
0
  0
LINE
  5
84B
330
1A
100
AcDbEntity
  8
BLACK
  6
CONTINUOUS
100
AcDbLine
 10
0.3523998818897638
 20
0.990407716535433
 30
0
 11
0.3524014173228346
 21
0.990428937007874
 31
0
  0
LINE
  5
84C
330
1A
100
AcDbEntity
  8
BLACK
  6
CONTINUOUS
100
AcDbLine
 10
0.3524014173228346
 20
0.990428937007874
 30
0
 11
0.352493031496063
 21
0.9906683858267716
 31
0
  0
LINE
  5
84D
330
1A
100
AcDbEntity
  8
BLACK
  6
CONTINUOUS
100
AcDbLine
 10
0.352493031496063
 20
0.9906683858267716
 30
0
 11
0.3525794881889764
 21
0.9909103149606299
 31
0
  0
LINE
  5
84E
330
1A
100
AcDbEntity
  8
BLACK
  6
CONTINUOUS
100
AcDbLine
 10
0.3525794881889764
 20
0.9909103149606299
 30
0
 11
0.3525921653543307
 21
0.9909274803149606
 31
0
  0
LINE
  5
84F
330
1A
100
AcDbEntity
  8
BLACK
  6
CONTINUOUS
100
AcDbLine
 10
0.3525921653543307
 20
0.9909274803149606
 30
0
 11
0.3526083070866142
 21
0.9909695669291338
 31
0
  0
LINE
  5
850
330
1A
100
AcDbEntity
  8
BLACK
  6
CONTINUOUS
100
AcDbLine
 10
0.3526083070866142
 20
0.9909695669291338
 30
0
 11
0.3544830708661417
 21
0.994719094488189
 31
0
  0
LINE
  5
851
330
1A
100
AcDbEntity
  8
BLACK
  6
CONTINUOUS
100
AcDbLine
 10
0.3544830708661417
 20
0.994719094488189
 30
0
 11
0.3546391338582677
 21
0.994967125984252
 31
0
  0
LINE
  5
852
330
1A
100
AcDbEntity
  8
BLACK
  6
CONTINUOUS
100
AcDbLine
 10
0.3546391338582677
 20
0.994967125984252
 30
0
 11
0.3546689763779527
 21
0.9950390551181102
 31
0
  0
LINE
  5
853
330
1A
100
AcDbEntity
  8
BLACK
  6
CONTINUOUS
100
AcDbLine
 10
0.3546689763779527
 20
0.9950390551181102
 30
0
 11
0.3547354330708661
 21
0.9951200393700788
 31
0
  0
LINE
  5
854
330
1A
100
AcDbEntity
  8
BLACK
  6
CONTINUOUS
100
AcDbLine
 10
0.3547354330708661
 20
0.9951200393700788
 30
0
 11
0.3547914173228346
 21
0.9952089763779527
 31
0
  0
LINE
  5
855
330
1A
100
AcDbEntity
  8
BLACK
  6
CONTINUOUS
100
AcDbLine
 10
0.3547914173228346
 20
0.9952089763779527
 30
0
 11
0.3548503937007874
 21
0.9952601574803149
 31
0
  0
LINE
  5
856
330
1A
100
AcDbEntity
  8
BLACK
  6
CONTINUOUS
100
AcDbLine
 10
0.3548503937007874
 20
0.9952601574803149
 30
0
 11
0.3550361811023622
 21
0.9954864960629921
 31
0
  0
LINE
  5
857
330
1A
100
AcDbEntity
  8
BLACK
  6
CONTINUOUS
100
AcDbLine
 10
0.3550361811023622
 20
0.9954864960629921
 30
0
 11
0.3587857086614173
 21
0.9992360236220472
 31
0
  0
LINE
  5
858
330
1A
100
AcDbEntity
  8
BLACK
  6
CONTINUOUS
100
AcDbLine
 10
0.3587857086614173
 20
0.9992360236220472
 30
0
 11
0.3592331496062992
 21
0.9996032677165354
 31
0
  0
LINE
  5
859
330
1A
100
AcDbEntity
  8
BLACK
  6
CONTINUOUS
100
AcDbLine
 10
0.3592331496062992
 20
0.9996032677165354
 30
0
 11
0.3593311811023622
 21
0.9996438976377953
 31
0
  0
LINE
  5
85A
330
1A
100
AcDbEntity
  8
BLACK
  6
CONTINUOUS
100
AcDbLine
 10
0.3593311811023622
 20
0.9996438976377953
 30
0
 11
0.3594112992125984
 21
0.9997133464566929
 31
0
  0
LINE
  5
85B
330
1A
100
AcDbEntity
  8
BLACK
  6
CONTINUOUS
100
AcDbLine
 10
0.3594112992125984
 20
0.9997133464566929
 30
0
 11
0.3599398818897638
 21
0.9999493307086614
 31
0
  0
LINE
  5
85C
330
1A
100
AcDbEntity
  8
BLACK
  6
CONTINUOUS
100
AcDbLine
 10
0.3599398818897638
 20
0.9999493307086614
 30
0
 11
0.3655641338582677
 21
1.0018240944881889
 31
0
  0
LINE
  5
85D
330
1A
100
AcDbEntity
  8
BLACK
  6
CONTINUOUS
100
AcDbLine
 10
0.3655641338582677
 20
1.0018240944881889
 30
0
 11
0.3658497637795275
 21
1.0018890551181101
 31
0
  0
LINE
  5
85E
330
1A
100
AcDbEntity
  8
BLACK
  6
CONTINUOUS
100
AcDbLine
 10
0.3658497637795275
 20
1.0018890551181101
 30
0
 11
0.3659218503937008
 21
1.0019188976377953
 31
0
  0
LINE
  5
85F
330
1A
100
AcDbEntity
  8
BLACK
  6
CONTINUOUS
100
AcDbLine
 10
0.3659218503937008
 20
1.0019188976377953
 30
0
 11
0.3660262992125984
 21
1.0019292125984252
 31
0
  0
LINE
  5
860
330
1A
100
AcDbEntity
  8
BLACK
  6
CONTINUOUS
100
AcDbLine
 10
0.3660262992125984
 20
1.0019292125984252
 30
0
 11
0.3661285826771654
 21
1.0019524409448819
 31
0
  0
LINE
  5
861
330
1A
100
AcDbEntity
  8
BLACK
  6
CONTINUOUS
100
AcDbLine
 10
0.3661285826771654
 20
1.0019524409448819
 30
0
 11
0.3662062992125984
 21
1.0019469291338583
 31
0
  0
LINE
  5
862
330
1A
100
AcDbEntity
  8
BLACK
  6
CONTINUOUS
100
AcDbLine
 10
0.3662062992125984
 20
1.0019469291338583
 30
0
 11
0.3664979133858268
 21
1.0019756299212599
 31
0
  0
LINE
  5
863
330
1A
100
AcDbEntity
  8
BLACK
  6
CONTINUOUS
100
AcDbLine
 10
0.3664979133858268
 20
1.0019756299212599
 30
0
 11
0.3702474409448819
 21
1.0019756299212599
 31
0
  0
LINE
  5
864
330
1A
100
AcDbEntity
  8
BLACK
  6
CONTINUOUS
100
AcDbLine
 10
0.3702474409448819
 20
1.0019756299212599
 30
0
 11
0.3705389763779527
 21
1.0019469291338583
 31
0
  0
LINE
  5
865
330
1A
100
AcDbEntity
  8
BLACK
  6
CONTINUOUS
100
AcDbLine
 10
0.4182437007874016
 20
1.0017520472440944
 30
0
 11
0.4192023228346456
 21
1.0011129527559055
 31
0
  0
LINE
  5
866
330
1A
100
AcDbEntity
  8
BLACK
  6
CONTINUOUS
100
AcDbLine
 10
0.4192023228346456
 20
1.0011129527559055
 30
0
 11
0.4198433858267717
 21
1.0001556692913385
 31
0
  0
LINE
  5
867
330
1A
100
AcDbEntity
  8
BLACK
  6
CONTINUOUS
100
AcDbLine
 10
0.4198433858267717
 20
1.0001556692913385
 30
0
 11
0.4200693307086614
 21
0.9990259842519685
 31
0
  0
LINE
  5
868
330
1A
100
AcDbEntity
  8
BLACK
  6
CONTINUOUS
100
AcDbLine
 10
0.4200693307086614
 20
0.9990259842519685
 30
0
 11
0.419845748031496
 21
0.9978957480314961
 31
0
  0
LINE
  5
869
330
1A
100
AcDbEntity
  8
BLACK
  6
CONTINUOUS
100
AcDbLine
 10
0.419845748031496
 20
0.9978957480314961
 30
0
 11
0.4195734251968504
 21
0.9973849606299212
 31
0
  0
LINE
  5
86A
330
1A
100
AcDbEntity
  8
BLACK
  6
CONTINUOUS
100
AcDbLine
 10
0.4195734251968504
 20
0.9973849606299212
 30
0
 11
0.4075420078740157
 21
0.9793378346456693
 31
0
  0
LINE
  5
86B
330
1A
100
AcDbEntity
  8
BLACK
  6
CONTINUOUS
100
AcDbLine
 10
0.4075420078740157
 20
0.9793378346456693
 30
0
 11
0.4195734251968504
 21
0.9612907086614173
 31
0
  0
LINE
  5
86C
330
1A
100
AcDbEntity
  8
BLACK
  6
CONTINUOUS
100
AcDbLine
 10
0.4195734251968504
 20
0.9612907086614173
 30
0
 11
0.419845748031496
 21
0.9607799212598425
 31
0
  0
LINE
  5
86D
330
1A
100
AcDbEntity
  8
BLACK
  6
CONTINUOUS
100
AcDbLine
 10
0.419845748031496
 20
0.9607799212598425
 30
0
 11
0.4200693307086614
 21
0.9596496850393701
 31
0
  0
LINE
  5
86E
330
1A
100
AcDbEntity
  8
BLACK
  6
CONTINUOUS
100
AcDbLine
 10
0.4200693307086614
 20
0.9596496850393701
 30
0
 11
0.4198433858267717
 21
0.9585199999999999
 31
0
  0
LINE
  5
86F
330
1A
100
AcDbEntity
  8
BLACK
  6
CONTINUOUS
100
AcDbLine
 10
0.4198433858267717
 20
0.9585199999999999
 30
0
 11
0.4192023228346456
 21
0.957562716535433
 31
0
  0
LINE
  5
870
330
1A
100
AcDbEntity
  8
BLACK
  6
CONTINUOUS
100
AcDbLine
 10
0.4192023228346456
 20
0.957562716535433
 30
0
 11
0.4182437007874016
 21
0.9569236220472441
 31
0
  0
LINE
  5
871
330
1A
100
AcDbEntity
  8
BLACK
  6
CONTINUOUS
100
AcDbLine
 10
0.4182437007874016
 20
0.9569236220472441
 30
0
 11
0.4171134645669291
 21
0.9567000393700787
 31
0
  0
LINE
  5
872
330
1A
100
AcDbEntity
  8
BLACK
  6
CONTINUOUS
100
AcDbLine
 10
0.4171134645669291
 20
0.9567000393700787
 30
0
 11
0.415983779527559
 21
0.9569259842519685
 31
0
  0
LINE
  5
873
330
1A
100
AcDbEntity
  8
BLACK
  6
CONTINUOUS
100
AcDbLine
 10
0.415983779527559
 20
0.9569259842519685
 30
0
 11
0.4150264960629921
 21
0.9575670472440945
 31
0
  0
LINE
  5
874
330
1A
100
AcDbEntity
  8
BLACK
  6
CONTINUOUS
100
AcDbLine
 10
0.4150264960629921
 20
0.9575670472440945
 30
0
 11
0.4146597244094488
 21
0.9580149212598424
 31
0
  0
LINE
  5
875
330
1A
100
AcDbEntity
  8
BLACK
  6
CONTINUOUS
100
AcDbLine
 10
0.4146597244094488
 20
0.9580149212598424
 30
0
 11
0.4039932283464567
 21
0.9740146850393701
 31
0
  0
LINE
  5
876
330
1A
100
AcDbEntity
  8
BLACK
  6
CONTINUOUS
100
AcDbLine
 10
0.4039932283464567
 20
0.9740146850393701
 30
0
 11
0.3933267322834645
 21
0.9580149212598424
 31
0
  0
LINE
  5
877
330
1A
100
AcDbEntity
  8
BLACK
  6
CONTINUOUS
100
AcDbLine
 10
0.3933267322834645
 20
0.9580149212598424
 30
0
 11
0.3929599606299212
 21
0.9575670472440945
 31
0
  0
LINE
  5
878
330
1A
100
AcDbEntity
  8
BLACK
  6
CONTINUOUS
100
AcDbLine
 10
0.3929599606299212
 20
0.9575670472440945
 30
0
 11
0.3920026771653543
 21
0.9569259842519685
 31
0
  0
LINE
  5
879
330
1A
100
AcDbEntity
  8
BLACK
  6
CONTINUOUS
100
AcDbLine
 10
0.3920026771653543
 20
0.9569259842519685
 30
0
 11
0.3908729921259843
 21
0.9567000393700787
 31
0
  0
LINE
  5
87A
330
1A
100
AcDbEntity
  8
BLACK
  6
CONTINUOUS
100
AcDbLine
 10
0.3908729921259843
 20
0.9567000393700787
 30
0
 11
0.3897427559055118
 21
0.9569236220472441
 31
0
  0
LINE
  5
87B
330
1A
100
AcDbEntity
  8
BLACK
  6
CONTINUOUS
100
AcDbLine
 10
0.3897427559055118
 20
0.9569236220472441
 30
0
 11
0.3887841338582677
 21
0.957562716535433
 31
0
  0
LINE
  5
87C
330
1A
100
AcDbEntity
  8
BLACK
  6
CONTINUOUS
100
AcDbLine
 10
0.3887841338582677
 20
0.957562716535433
 30
0
 11
0.3881430708661417
 21
0.9585199999999999
 31
0
  0
LINE
  5
87D
330
1A
100
AcDbEntity
  8
BLACK
  6
CONTINUOUS
100
AcDbLine
 10
0.3881430708661417
 20
0.9585199999999999
 30
0
 11
0.387917125984252
 21
0.9596496850393701
 31
0
  0
LINE
  5
87E
330
1A
100
AcDbEntity
  8
BLACK
  6
CONTINUOUS
100
AcDbLine
 10
0.387917125984252
 20
0.9596496850393701
 30
0
 11
0.3881407086614173
 21
0.9607799212598425
 31
0
  0
LINE
  5
87F
330
1A
100
AcDbEntity
  8
BLACK
  6
CONTINUOUS
100
AcDbLine
 10
0.3881407086614173
 20
0.9607799212598425
 30
0
 11
0.388413031496063
 21
0.9612906692913386
 31
0
  0
LINE
  5
880
330
1A
100
AcDbEntity
  8
BLACK
  6
CONTINUOUS
100
AcDbLine
 10
0.388413031496063
 20
0.9612906692913386
 30
0
 11
0.4004444488188976
 21
0.9793378346456693
 31
0
  0
LINE
  5
881
330
1A
100
AcDbEntity
  8
BLACK
  6
CONTINUOUS
100
AcDbLine
 10
0.4004444488188976
 20
0.9793378346456693
 30
0
 11
0.388413031496063
 21
0.997385
 31
0
  0
LINE
  5
882
330
1A
100
AcDbEntity
  8
BLACK
  6
CONTINUOUS
100
AcDbLine
 10
0.388413031496063
 20
0.997385
 30
0
 11
0.3881407086614173
 21
0.9978957480314961
 31
0
  0
LINE
  5
883
330
1A
100
AcDbEntity
  8
BLACK
  6
CONTINUOUS
100
AcDbLine
 10
0.3881407086614173
 20
0.9978957480314961
 30
0
 11
0.387917125984252
 21
0.9990259842519685
 31
0
  0
LINE
  5
884
330
1A
100
AcDbEntity
  8
BLACK
  6
CONTINUOUS
100
AcDbLine
 10
0.387917125984252
 20
0.9990259842519685
 30
0
 11
0.3881430708661417
 21
1.0001556692913385
 31
0
  0
LINE
  5
885
330
1A
100
AcDbEntity
  8
BLACK
  6
CONTINUOUS
100
AcDbLine
 10
0.3881430708661417
 20
1.0001556692913385
 30
0
 11
0.3887841338582677
 21
1.0011129527559055
 31
0
  0
LINE
  5
886
330
1A
100
AcDbEntity
  8
BLACK
  6
CONTINUOUS
100
AcDbLine
 10
0.3887841338582677
 20
1.0011129527559055
 30
0
 11
0.3897427559055118
 21
1.0017520472440944
 31
0
  0
LINE
  5
887
330
1A
100
AcDbEntity
  8
BLACK
  6
CONTINUOUS
100
AcDbLine
 10
0.3897427559055118
 20
1.0017520472440944
 30
0
 11
0.3908729921259843
 21
1.0019756299212599
 31
0
  0
LINE
  5
888
330
1A
100
AcDbEntity
  8
BLACK
  6
CONTINUOUS
100
AcDbLine
 10
0.3908729921259843
 20
1.0019756299212599
 30
0
 11
0.3920026771653543
 21
1.0017496850393701
 31
0
  0
LINE
  5
889
330
1A
100
AcDbEntity
  8
BLACK
  6
CONTINUOUS
100
AcDbLine
 10
0.3920026771653543
 20
1.0017496850393701
 30
0
 11
0.3929599606299212
 21
1.001108622047244
 31
0
  0
LINE
  5
88A
330
1A
100
AcDbEntity
  8
BLACK
  6
CONTINUOUS
100
AcDbLine
 10
0.3929599606299212
 20
1.001108622047244
 30
0
 11
0.3933267322834645
 21
1.000660748031496
 31
0
  0
LINE
  5
88B
330
1A
100
AcDbEntity
  8
BLACK
  6
CONTINUOUS
100
AcDbLine
 10
0.3933267322834645
 20
1.000660748031496
 30
0
 11
0.4039932283464567
 21
0.9846610236220472
 31
0
  0
LINE
  5
88C
330
1A
100
AcDbEntity
  8
BLACK
  6
CONTINUOUS
100
AcDbLine
 10
0.4039932283464567
 20
0.9846610236220472
 30
0
 11
0.4146597244094488
 21
1.000660748031496
 31
0
  0
LINE
  5
88D
330
1A
100
AcDbEntity
  8
BLACK
  6
CONTINUOUS
100
AcDbLine
 10
0.4146597244094488
 20
1.000660748031496
 30
0
 11
0.4150264960629921
 21
1.001108622047244
 31
0
  0
LINE
  5
88E
330
1A
100
AcDbEntity
  8
BLACK
  6
CONTINUOUS
100
AcDbLine
 10
0.4150264960629921
 20
1.001108622047244
 30
0
 11
0.415983779527559
 21
1.0017496850393701
 31
0
  0
LINE
  5
88F
330
1A
100
AcDbEntity
  8
BLACK
  6
CONTINUOUS
100
AcDbLine
 10
0.415983779527559
 20
1.0017496850393701
 30
0
 11
0.4171134645669291
 21
1.0019756299212599
 31
0
  0
LINE
  5
890
330
1A
100
AcDbEntity
  8
BLACK
  6
CONTINUOUS
100
AcDbLine
 10
0.4171134645669291
 20
1.0019756299212599
 30
0
 11
0.4182437007874016
 21
1.0017520472440944
 31
0
  0
LINE
  5
891
330
1A
100
AcDbEntity
  8
BLACK
  6
CONTINUOUS
100
AcDbLine
 10
0.3365656692913386
 20
1.0019188976377953
 30
0
 11
0.3370777165354331
 21
1.0019188976377953
 31
0
  0
LINE
  5
892
330
1A
100
AcDbEntity
  8
BLACK
  6
CONTINUOUS
100
AcDbLine
 10
0.3370777165354331
 20
1.0019188976377953
 30
0
 11
0.3371384645669291
 21
1.0018937401574803
 31
0
  0
LINE
  5
893
330
1A
100
AcDbEntity
  8
BLACK
  6
CONTINUOUS
100
AcDbLine
 10
0.3371384645669291
 20
1.0018937401574803
 30
0
 11
0.3372043307086614
 21
1.0018908267716535
 31
0
  0
LINE
  5
894
330
1A
100
AcDbEntity
  8
BLACK
  6
CONTINUOUS
100
AcDbLine
 10
0.3372043307086614
 20
1.0018908267716535
 30
0
 11
0.3376691732283464
 21
1.001673937007874
 31
0
  0
LINE
  5
895
330
1A
100
AcDbEntity
  8
BLACK
  6
CONTINUOUS
100
AcDbLine
 10
0.3376691732283464
 20
1.001673937007874
 30
0
 11
0.338142125984252
 21
1.0014779921259842
 31
0
  0
LINE
  5
896
330
1A
100
AcDbEntity
  8
BLACK
  6
CONTINUOUS
100
AcDbLine
 10
0.338142125984252
 20
1.0014779921259842
 30
0
 11
0.3381886220472441
 21
1.0014314960629922
 31
0
  0
LINE
  5
897
330
1A
100
AcDbEntity
  8
BLACK
  6
CONTINUOUS
100
AcDbLine
 10
0.3381886220472441
 20
1.0014314960629922
 30
0
 11
0.3382483464566929
 21
1.001403622047244
 31
0
  0
LINE
  5
898
330
1A
100
AcDbEntity
  8
BLACK
  6
CONTINUOUS
100
AcDbLine
 10
0.3382483464566929
 20
1.001403622047244
 30
0
 11
0.3385945669291339
 21
1.0010255511811024
 31
0
  0
LINE
  5
899
330
1A
100
AcDbEntity
  8
BLACK
  6
CONTINUOUS
100
AcDbLine
 10
0.3385945669291339
 20
1.0010255511811024
 30
0
 11
0.3389567716535433
 21
1.000663346456693
 31
0
  0
LINE
  5
89A
330
1A
100
AcDbEntity
  8
BLACK
  6
CONTINUOUS
100
AcDbLine
 10
0.3389567716535433
 20
1.000663346456693
 30
0
 11
0.338981968503937
 21
1.0006025196850394
 31
0
  0
LINE
  5
89B
330
1A
100
AcDbEntity
  8
BLACK
  6
CONTINUOUS
100
AcDbLine
 10
0.338981968503937
 20
1.0006025196850394
 30
0
 11
0.3390264566929134
 21
1.000553937007874
 31
0
  0
LINE
  5
89C
330
1A
100
AcDbEntity
  8
BLACK
  6
CONTINUOUS
100
AcDbLine
 10
0.3390264566929134
 20
1.000553937007874
 30
0
 11
0.3392015354330709
 21
1.0000724409448818
 31
0
  0
LINE
  5
89D
330
1A
100
AcDbEntity
  8
BLACK
  6
CONTINUOUS
100
AcDbLine
 10
0.3392015354330709
 20
1.0000724409448818
 30
0
 11
0.3393976771653544
 21
0.9995989370078739
 31
0
  0
LINE
  5
89E
330
1A
100
AcDbEntity
  8
BLACK
  6
CONTINUOUS
100
AcDbLine
 10
0.3393976771653544
 20
0.9995989370078739
 30
0
 11
0.3394065748031496
 21
0.9995085826771654
 31
0
  0
LINE
  5
89F
330
1A
100
AcDbEntity
  8
BLACK
  6
CONTINUOUS
100
AcDbLine
 10
0.3394065748031496
 20
0.9995085826771654
 30
0
 11
0.339420157480315
 21
0.999471220472441
 31
0
  0
LINE
  5
8A0
330
1A
100
AcDbEntity
  8
BLACK
  6
CONTINUOUS
100
AcDbLine
 10
0.339420157480315
 20
0.999471220472441
 30
0
 11
0.3394170866141732
 21
0.9994016929133858
 31
0
  0
LINE
  5
8A1
330
1A
100
AcDbEntity
  8
BLACK
  6
CONTINUOUS
100
AcDbLine
 10
0.3394170866141732
 20
0.9994016929133858
 30
0
 11
0.3394544094488189
 21
0.999022874015748
 31
0
  0
LINE
  5
8A2
330
1A
100
AcDbEntity
  8
BLACK
  6
CONTINUOUS
100
AcDbLine
 10
0.3394544094488189
 20
0.999022874015748
 30
0
 11
0.3394544094488189
 21
0.9596527952755906
 31
0
  0
LINE
  5
8A3
330
1A
100
AcDbEntity
  8
BLACK
  6
CONTINUOUS
100
AcDbLine
 10
0.3394544094488189
 20
0.9596527952755906
 30
0
 11
0.3393976771653544
 21
0.9590767322834646
 31
0
  0
LINE
  5
8A4
330
1A
100
AcDbEntity
  8
BLACK
  6
CONTINUOUS
100
AcDbLine
 10
0.3393976771653544
 20
0.9590767322834646
 30
0
 11
0.3389567716535433
 21
0.9580123228346457
 31
0
  0
LINE
  5
8A5
330
1A
100
AcDbEntity
  8
BLACK
  6
CONTINUOUS
100
AcDbLine
 10
0.3389567716535433
 20
0.9580123228346457
 30
0
 11
0.338142125984252
 21
0.9571976771653543
 31
0
  0
LINE
  5
8A6
330
1A
100
AcDbEntity
  8
BLACK
  6
CONTINUOUS
100
AcDbLine
 10
0.338142125984252
 20
0.9571976771653543
 30
0
 11
0.3370777165354331
 21
0.9567567716535433
 31
0
  0
LINE
  5
8A7
330
1A
100
AcDbEntity
  8
BLACK
  6
CONTINUOUS
100
AcDbLine
 10
0.3370777165354331
 20
0.9567567716535433
 30
0
 11
0.3359255905511811
 21
0.9567567716535433
 31
0
  0
LINE
  5
8A8
330
1A
100
AcDbEntity
  8
BLACK
  6
CONTINUOUS
100
AcDbLine
 10
0.3359255905511811
 20
0.9567567716535433
 30
0
 11
0.3348611811023622
 21
0.9571976771653543
 31
0
  0
LINE
  5
8A9
330
1A
100
AcDbEntity
  8
BLACK
  6
CONTINUOUS
100
AcDbLine
 10
0.3348611811023622
 20
0.9571976771653543
 30
0
 11
0.3340465354330708
 21
0.9580123228346457
 31
0
  0
LINE
  5
8AA
330
1A
100
AcDbEntity
  8
BLACK
  6
CONTINUOUS
100
AcDbLine
 10
0.3340465354330708
 20
0.9580123228346457
 30
0
 11
0.3336056299212599
 21
0.9590767322834646
 31
0
  0
LINE
  5
8AB
330
1A
100
AcDbEntity
  8
BLACK
  6
CONTINUOUS
100
AcDbLine
 10
0.3336056299212599
 20
0.9590767322834646
 30
0
 11
0.3335488976377953
 21
0.9596527952755906
 31
0
  0
LINE
  5
8AC
330
1A
100
AcDbEntity
  8
BLACK
  6
CONTINUOUS
100
AcDbLine
 10
0.3335488976377953
 20
0.9596527952755906
 30
0
 11
0.3335488976377953
 21
0.9857131496062992
 31
0
  0
LINE
  5
8AD
330
1A
100
AcDbEntity
  8
BLACK
  6
CONTINUOUS
100
AcDbLine
 10
0.3335488976377953
 20
0.9857131496062992
 30
0
 11
0.3260540551181103
 21
0.9696527559055118
 31
0
  0
LINE
  5
8AE
330
1A
100
AcDbEntity
  8
BLACK
  6
CONTINUOUS
100
AcDbLine
 10
0.3260540551181103
 20
0.9696527559055118
 30
0
 11
0.325929094488189
 21
0.9694418503937008
 31
0
  0
LINE
  5
8AF
330
1A
100
AcDbEntity
  8
BLACK
  6
CONTINUOUS
100
AcDbLine
 10
0.325929094488189
 20
0.9694418503937008
 30
0
 11
0.3259031102362205
 21
0.9693703543307086
 31
0
  0
LINE
  5
8B0
330
1A
100
AcDbEntity
  8
BLACK
  6
CONTINUOUS
100
AcDbLine
 10
0.3259031102362205
 20
0.9693703543307086
 30
0
 11
0.3258567716535433
 21
0.9693198031496063
 31
0
  0
LINE
  5
8B1
330
1A
100
AcDbEntity
  8
BLACK
  6
CONTINUOUS
100
AcDbLine
 10
0.3258567716535433
 20
0.9693198031496063
 30
0
 11
0.3257590157480315
 21
0.9691547244094488
 31
0
  0
LINE
  5
8B2
330
1A
100
AcDbEntity
  8
BLACK
  6
CONTINUOUS
100
AcDbLine
 10
0.3257590157480315
 20
0.9691547244094488
 30
0
 11
0.3254281889763779
 21
0.9688518110236221
 31
0
  0
LINE
  5
8B3
330
1A
100
AcDbEntity
  8
BLACK
  6
CONTINUOUS
100
AcDbLine
 10
0.3254281889763779
 20
0.9688518110236221
 30
0
 11
0.325125
 21
0.9685206692913385
 31
0
  0
LINE
  5
8B4
330
1A
100
AcDbEntity
  8
BLACK
  6
CONTINUOUS
100
AcDbLine
 10
0.325125
 20
0.9685206692913385
 30
0
 11
0.3250060236220472
 21
0.9684651968503937
 31
0
  0
LINE
  5
8B5
330
1A
100
AcDbEntity
  8
BLACK
  6
CONTINUOUS
100
AcDbLine
 10
0.3250060236220472
 20
0.9684651968503937
 30
0
 11
0.3249093700787402
 21
0.9683766141732283
 31
0
  0
LINE
  5
8B6
330
1A
100
AcDbEntity
  8
BLACK
  6
CONTINUOUS
100
AcDbLine
 10
0.3249093700787402
 20
0.9683766141732283
 30
0
 11
0.324487874015748
 21
0.9682233858267716
 31
0
  0
LINE
  5
8B7
330
1A
100
AcDbEntity
  8
BLACK
  6
CONTINUOUS
100
AcDbLine
 10
0.324487874015748
 20
0.9682233858267716
 30
0
 11
0.3240809842519685
 21
0.9680334645669291
 31
0
  0
LINE
  5
8B8
330
1A
100
AcDbEntity
  8
BLACK
  6
CONTINUOUS
100
AcDbLine
 10
0.3240809842519685
 20
0.9680334645669291
 30
0
 11
0.3239498031496063
 21
0.9680277165354331
 31
0
  0
LINE
  5
8B9
330
1A
100
AcDbEntity
  8
BLACK
  6
CONTINUOUS
100
AcDbLine
 10
0.3239498031496063
 20
0.9680277165354331
 30
0
 11
0.3238266535433071
 21
0.9679829133858268
 31
0
  0
LINE
  5
8BA
330
1A
100
AcDbEntity
  8
BLACK
  6
CONTINUOUS
100
AcDbLine
 10
0.3238266535433071
 20
0.9679829133858268
 30
0
 11
0.3233785433070866
 21
0.9680025984251969
 31
0
  0
LINE
  5
8BB
330
1A
100
AcDbEntity
  8
BLACK
  6
CONTINUOUS
100
AcDbLine
 10
0.3233785433070866
 20
0.9680025984251969
 30
0
 11
0.3229299606299212
 21
0.967982874015748
 31
0
  0
LINE
  5
8BC
330
1A
100
AcDbEntity
  8
BLACK
  6
CONTINUOUS
100
AcDbLine
 10
0.3229299606299212
 20
0.967982874015748
 30
0
 11
0.3228066535433071
 21
0.9680277165354331
 31
0
  0
LINE
  5
8BD
330
1A
100
AcDbEntity
  8
BLACK
  6
CONTINUOUS
100
AcDbLine
 10
0.3228066535433071
 20
0.9680277165354331
 30
0
 11
0.3226756299212598
 21
0.9680334645669291
 31
0
  0
LINE
  5
8BE
330
1A
100
AcDbEntity
  8
BLACK
  6
CONTINUOUS
100
AcDbLine
 10
0.3226756299212598
 20
0.9680334645669291
 30
0
 11
0.3222689763779528
 21
0.9682232677165354
 31
0
  0
LINE
  5
8BF
330
1A
100
AcDbEntity
  8
BLACK
  6
CONTINUOUS
100
AcDbLine
 10
0.3222689763779528
 20
0.9682232677165354
 30
0
 11
0.3218472440944882
 21
0.9683766141732283
 31
0
  0
LINE
  5
8C0
330
1A
100
AcDbEntity
  8
BLACK
  6
CONTINUOUS
100
AcDbLine
 10
0.3218472440944882
 20
0.9683766141732283
 30
0
 11
0.3217504330708661
 21
0.9684652755905512
 31
0
  0
LINE
  5
8C1
330
1A
100
AcDbEntity
  8
BLACK
  6
CONTINUOUS
100
AcDbLine
 10
0.3217504330708661
 20
0.9684652755905512
 30
0
 11
0.3216316141732283
 21
0.9685207086614173
 31
0
  0
LINE
  5
8C2
330
1A
100
AcDbEntity
  8
BLACK
  6
CONTINUOUS
100
AcDbLine
 10
0.3216316141732283
 20
0.9685207086614173
 30
0
 11
0.3213286614173228
 21
0.9688515354330709
 31
0
  0
LINE
  5
8C3
330
1A
100
AcDbEntity
  8
BLACK
  6
CONTINUOUS
100
AcDbLine
 10
0.3213286614173228
 20
0.9688515354330709
 30
0
 11
0.3209975984251968
 21
0.9691546850393701
 31
0
  0
LINE
  5
8C4
330
1A
100
AcDbEntity
  8
BLACK
  6
CONTINUOUS
100
AcDbLine
 10
0.3209975984251968
 20
0.9691546850393701
 30
0
 11
0.3208997244094488
 21
0.9693198818897638
 31
0
  0
LINE
  5
8C5
330
1A
100
AcDbEntity
  8
BLACK
  6
CONTINUOUS
100
AcDbLine
 10
0.3208997244094488
 20
0.9693198818897638
 30
0
 11
0.3208535039370078
 21
0.9693703543307086
 31
0
  0
LINE
  5
8C6
330
1A
100
AcDbEntity
  8
BLACK
  6
CONTINUOUS
100
AcDbLine
 10
0.3208535039370078
 20
0.9693703543307086
 30
0
 11
0.3208275196850394
 21
0.9694417322834645
 31
0
  0
LINE
  5
8C7
330
1A
100
AcDbEntity
  8
BLACK
  6
CONTINUOUS
100
AcDbLine
 10
0.3208275196850394
 20
0.9694417322834645
 30
0
 11
0.3207025590551181
 21
0.9696527165354331
 31
0
  0
LINE
  5
8C8
330
1A
100
AcDbEntity
  8
BLACK
  6
CONTINUOUS
100
AcDbLine
 10
0.3207025590551181
 20
0.9696527165354331
 30
0
 11
0.3132077165354331
 21
0.9857131496062992
 31
0
  0
LINE
  5
8C9
330
1A
100
AcDbEntity
  8
BLACK
  6
CONTINUOUS
100
AcDbLine
 10
0.3132077165354331
 20
0.9857131496062992
 30
0
 11
0.3132077165354331
 21
0.9596527952755906
 31
0
  0
LINE
  5
8CA
330
1A
100
AcDbEntity
  8
BLACK
  6
CONTINUOUS
100
AcDbLine
 10
0.3132077165354331
 20
0.9596527952755906
 30
0
 11
0.3131509842519685
 21
0.9590767322834646
 31
0
  0
LINE
  5
8CB
330
1A
100
AcDbEntity
  8
BLACK
  6
CONTINUOUS
100
AcDbLine
 10
0.3131509842519685
 20
0.9590767322834646
 30
0
 11
0.3127100787401575
 21
0.9580123228346457
 31
0
  0
LINE
  5
8CC
330
1A
100
AcDbEntity
  8
BLACK
  6
CONTINUOUS
100
AcDbLine
 10
0.3127100787401575
 20
0.9580123228346457
 30
0
 11
0.3118954330708661
 21
0.9571976771653543
 31
0
  0
LINE
  5
8CD
330
1A
100
AcDbEntity
  8
BLACK
  6
CONTINUOUS
100
AcDbLine
 10
0.3118954330708661
 20
0.9571976771653543
 30
0
 11
0.3108310236220472
 21
0.9567567716535433
 31
0
  0
LINE
  5
8CE
330
1A
100
AcDbEntity
  8
BLACK
  6
CONTINUOUS
100
AcDbLine
 10
0.3108310236220472
 20
0.9567567716535433
 30
0
 11
0.3096788976377953
 21
0.9567567716535433
 31
0
  0
LINE
  5
8CF
330
1A
100
AcDbEntity
  8
BLACK
  6
CONTINUOUS
100
AcDbLine
 10
0.3096788976377953
 20
0.9567567716535433
 30
0
 11
0.3086144881889764
 21
0.9571976771653543
 31
0
  0
LINE
  5
8D0
330
1A
100
AcDbEntity
  8
BLACK
  6
CONTINUOUS
100
AcDbLine
 10
0.3086144881889764
 20
0.9571976771653543
 30
0
 11
0.307799842519685
 21
0.9580123228346457
 31
0
  0
LINE
  5
8D1
330
1A
100
AcDbEntity
  8
BLACK
  6
CONTINUOUS
100
AcDbLine
 10
0.307799842519685
 20
0.9580123228346457
 30
0
 11
0.307358937007874
 21
0.9590767322834646
 31
0
  0
LINE
  5
8D2
330
1A
100
AcDbEntity
  8
BLACK
  6
CONTINUOUS
100
AcDbLine
 10
0.307358937007874
 20
0.9590767322834646
 30
0
 11
0.3073022047244094
 21
0.9596527952755906
 31
0
  0
LINE
  5
8D3
330
1A
100
AcDbEntity
  8
BLACK
  6
CONTINUOUS
100
AcDbLine
 10
0.3073022047244094
 20
0.9596527952755906
 30
0
 11
0.3073022047244094
 21
0.999022874015748
 31
0
  0
LINE
  5
8D4
330
1A
100
AcDbEntity
  8
BLACK
  6
CONTINUOUS
100
AcDbLine
 10
0.3073022047244094
 20
0.999022874015748
 30
0
 11
0.3073394881889764
 21
0.9994016929133858
 31
0
  0
LINE
  5
8D5
330
1A
100
AcDbEntity
  8
BLACK
  6
CONTINUOUS
100
AcDbLine
 10
0.3073394881889764
 20
0.9994016929133858
 30
0
 11
0.3073364566929134
 21
0.999471220472441
 31
0
  0
LINE
  5
8D6
330
1A
100
AcDbEntity
  8
BLACK
  6
CONTINUOUS
100
AcDbLine
 10
0.3073364566929134
 20
0.999471220472441
 30
0
 11
0.30735
 21
0.9995085826771654
 31
0
  0
LINE
  5
8D7
330
1A
100
AcDbEntity
  8
BLACK
  6
CONTINUOUS
100
AcDbLine
 10
0.30735
 20
0.9995085826771654
 30
0
 11
0.307358937007874
 21
0.9995989370078739
 31
0
  0
LINE
  5
8D8
330
1A
100
AcDbEntity
  8
BLACK
  6
CONTINUOUS
100
AcDbLine
 10
0.307358937007874
 20
0.9995989370078739
 30
0
 11
0.3075550393700787
 21
1.0000724409448818
 31
0
  0
LINE
  5
8D9
330
1A
100
AcDbEntity
  8
BLACK
  6
CONTINUOUS
100
AcDbLine
 10
0.3075550393700787
 20
1.0000724409448818
 30
0
 11
0.307730157480315
 21
1.000553937007874
 31
0
  0
LINE
  5
8DA
330
1A
100
AcDbEntity
  8
BLACK
  6
CONTINUOUS
100
AcDbLine
 10
0.307730157480315
 20
1.000553937007874
 30
0
 11
0.3077746062992126
 21
1.0006025196850394
 31
0
  0
LINE
  5
8DB
330
1A
100
AcDbEntity
  8
BLACK
  6
CONTINUOUS
100
AcDbLine
 10
0.3077746062992126
 20
1.0006025196850394
 30
0
 11
0.307799842519685
 21
1.000663346456693
 31
0
  0
LINE
  5
8DC
330
1A
100
AcDbEntity
  8
BLACK
  6
CONTINUOUS
100
AcDbLine
 10
0.307799842519685
 20
1.000663346456693
 30
0
 11
0.3081622440944882
 21
1.0010257874015749
 31
0
  0
LINE
  5
8DD
330
1A
100
AcDbEntity
  8
BLACK
  6
CONTINUOUS
100
AcDbLine
 10
0.3081622440944882
 20
1.0010257874015749
 30
0
 11
0.3085082677165354
 21
1.0014035826771652
 31
0
  0
LINE
  5
8DE
330
1A
100
AcDbEntity
  8
BLACK
  6
CONTINUOUS
100
AcDbLine
 10
0.3085082677165354
 20
1.0014035826771652
 30
0
 11
0.3085679133858268
 21
1.0014314566929134
 31
0
  0
LINE
  5
8DF
330
1A
100
AcDbEntity
  8
BLACK
  6
CONTINUOUS
100
AcDbLine
 10
0.3085679133858268
 20
1.0014314566929134
 30
0
 11
0.3086144881889764
 21
1.0014779921259842
 31
0
  0
LINE
  5
8E0
330
1A
100
AcDbEntity
  8
BLACK
  6
CONTINUOUS
100
AcDbLine
 10
0.3086144881889764
 20
1.0014779921259842
 30
0
 11
0.3090877559055118
 21
1.0016740551181103
 31
0
  0
LINE
  5
8E1
330
1A
100
AcDbEntity
  8
BLACK
  6
CONTINUOUS
100
AcDbLine
 10
0.3090877559055118
 20
1.0016740551181103
 30
0
 11
0.3095522834645669
 21
1.0018908267716535
 31
0
  0
LINE
  5
8E2
330
1A
100
AcDbEntity
  8
BLACK
  6
CONTINUOUS
100
AcDbLine
 10
0.3095522834645669
 20
1.0018908267716535
 30
0
 11
0.3096180708661417
 21
1.0018937401574803
 31
0
  0
LINE
  5
8E3
330
1A
100
AcDbEntity
  8
BLACK
  6
CONTINUOUS
100
AcDbLine
 10
0.3096180708661417
 20
1.0018937401574803
 30
0
 11
0.3096788976377953
 21
1.0019188976377953
 31
0
  0
LINE
  5
8E4
330
1A
100
AcDbEntity
  8
BLACK
  6
CONTINUOUS
100
AcDbLine
 10
0.3096788976377953
 20
1.0019188976377953
 30
0
 11
0.3101914566929134
 21
1.0019188976377953
 31
0
  0
LINE
  5
8E5
330
1A
100
AcDbEntity
  8
BLACK
  6
CONTINUOUS
100
AcDbLine
 10
0.3101914566929134
 20
1.0019188976377953
 30
0
 11
0.3107033070866141
 21
1.001941377952756
 31
0
  0
LINE
  5
8E6
330
1A
100
AcDbEntity
  8
BLACK
  6
CONTINUOUS
100
AcDbLine
 10
0.3107033070866141
 20
1.001941377952756
 30
0
 11
0.3107651181102362
 21
1.0019188976377953
 31
0
  0
LINE
  5
8E7
330
1A
100
AcDbEntity
  8
BLACK
  6
CONTINUOUS
100
AcDbLine
 10
0.3107651181102362
 20
1.0019188976377953
 30
0
 11
0.3108310236220472
 21
1.0019188976377953
 31
0
  0
LINE
  5
8E8
330
1A
100
AcDbEntity
  8
BLACK
  6
CONTINUOUS
100
AcDbLine
 10
0.3108310236220472
 20
1.0019188976377953
 30
0
 11
0.3113044881889764
 21
1.0017227952755905
 31
0
  0
LINE
  5
8E9
330
1A
100
AcDbEntity
  8
BLACK
  6
CONTINUOUS
100
AcDbLine
 10
0.3113044881889764
 20
1.0017227952755905
 30
0
 11
0.3117860236220472
 21
1.0015476771653542
 31
0
  0
LINE
  5
8EA
330
1A
100
AcDbEntity
  8
BLACK
  6
CONTINUOUS
100
AcDbLine
 10
0.3117860236220472
 20
1.0015476771653542
 30
0
 11
0.3118345669291339
 21
1.0015032283464567
 31
0
  0
LINE
  5
8EB
330
1A
100
AcDbEntity
  8
BLACK
  6
CONTINUOUS
100
AcDbLine
 10
0.3118345669291339
 20
1.0015032283464567
 30
0
 11
0.3118954330708661
 21
1.0014779921259842
 31
0
  0
LINE
  5
8EC
330
1A
100
AcDbEntity
  8
BLACK
  6
CONTINUOUS
100
AcDbLine
 10
0.3118954330708661
 20
1.0014779921259842
 30
0
 11
0.3122578346456693
 21
1.001115590551181
 31
0
  0
LINE
  5
8ED
330
1A
100
AcDbEntity
  8
BLACK
  6
CONTINUOUS
100
AcDbLine
 10
0.3122578346456693
 20
1.001115590551181
 30
0
 11
0.3126356692913386
 21
1.0007695669291339
 31
0
  0
LINE
  5
8EE
330
1A
100
AcDbEntity
  8
BLACK
  6
CONTINUOUS
100
AcDbLine
 10
0.3126356692913386
 20
1.0007695669291339
 30
0
 11
0.3126818897637795
 21
1.0006915354330708
 31
0
  0
LINE
  5
8EF
330
1A
100
AcDbEntity
  8
BLACK
  6
CONTINUOUS
100
AcDbLine
 10
0.3126818897637795
 20
1.0006915354330708
 30
0
 11
0.3127100787401575
 21
1.000663346456693
 31
0
  0
LINE
  5
8F0
330
1A
100
AcDbEntity
  8
BLACK
  6
CONTINUOUS
100
AcDbLine
 10
0.3127100787401575
 20
1.000663346456693
 30
0
 11
0.3127367716535433
 21
1.0005989370078741
 31
0
  0
LINE
  5
8F1
330
1A
100
AcDbEntity
  8
BLACK
  6
CONTINUOUS
100
AcDbLine
 10
0.3127367716535433
 20
1.0005989370078741
 30
0
 11
0.3129307086614173
 21
1.0002715354330709
 31
0
  0
LINE
  5
8F2
330
1A
100
AcDbEntity
  8
BLACK
  6
CONTINUOUS
100
AcDbLine
 10
0.3129307086614173
 20
1.0002715354330709
 30
0
 11
0.3233782677165354
 21
0.9778838582677165
 31
0
  0
LINE
  5
8F3
330
1A
100
AcDbEntity
  8
BLACK
  6
CONTINUOUS
100
AcDbLine
 10
0.3233782677165354
 20
0.9778838582677165
 30
0
 11
0.333825905511811
 21
1.0002715748031497
 31
0
  0
LINE
  5
8F4
330
1A
100
AcDbEntity
  8
BLACK
  6
CONTINUOUS
100
AcDbLine
 10
0.333825905511811
 20
1.0002715748031497
 30
0
 11
0.3340198818897638
 21
1.0005990551181103
 31
0
  0
LINE
  5
8F5
330
1A
100
AcDbEntity
  8
BLACK
  6
CONTINUOUS
100
AcDbLine
 10
0.3340198818897638
 20
1.0005990551181103
 30
0
 11
0.3340465354330708
 21
1.000663346456693
 31
0
  0
LINE
  5
8F6
330
1A
100
AcDbEntity
  8
BLACK
  6
CONTINUOUS
100
AcDbLine
 10
0.3340465354330708
 20
1.000663346456693
 30
0
 11
0.3340746456692913
 21
1.000691496062992
 31
0
  0
LINE
  5
8F7
330
1A
100
AcDbEntity
  8
BLACK
  6
CONTINUOUS
100
AcDbLine
 10
0.3340746456692913
 20
1.000691496062992
 30
0
 11
0.3341209448818898
 21
1.0007696062992126
 31
0
  0
LINE
  5
8F8
330
1A
100
AcDbEntity
  8
BLACK
  6
CONTINUOUS
100
AcDbLine
 10
0.3341209448818898
 20
1.0007696062992126
 30
0
 11
0.3344990157480315
 21
1.0011158661417323
 31
0
  0
LINE
  5
8F9
330
1A
100
AcDbEntity
  8
BLACK
  6
CONTINUOUS
100
AcDbLine
 10
0.3344990157480315
 20
1.0011158661417323
 30
0
 11
0.3348611811023622
 21
1.0014779921259842
 31
0
  0
LINE
  5
8FA
330
1A
100
AcDbEntity
  8
BLACK
  6
CONTINUOUS
100
AcDbLine
 10
0.3348611811023622
 20
1.0014779921259842
 30
0
 11
0.3349220078740157
 21
1.0015031889763779
 31
0
  0
LINE
  5
8FB
330
1A
100
AcDbEntity
  8
BLACK
  6
CONTINUOUS
100
AcDbLine
 10
0.3349220078740157
 20
1.0015031889763779
 30
0
 11
0.3349705905511811
 21
1.0015476771653542
 31
0
  0
LINE
  5
8FC
330
1A
100
AcDbEntity
  8
BLACK
  6
CONTINUOUS
100
AcDbLine
 10
0.3349705905511811
 20
1.0015476771653542
 30
0
 11
0.3354524015748032
 21
1.0017229133858268
 31
0
  0
LINE
  5
8FD
330
1A
100
AcDbEntity
  8
BLACK
  6
CONTINUOUS
100
AcDbLine
 10
0.3354524015748032
 20
1.0017229133858268
 30
0
 11
0.3359255905511811
 21
1.0019188976377953
 31
0
  0
LINE
  5
8FE
330
1A
100
AcDbEntity
  8
BLACK
  6
CONTINUOUS
100
AcDbLine
 10
0.3359255905511811
 20
1.0019188976377953
 30
0
 11
0.3359913779527559
 21
1.0019188976377953
 31
0
  0
LINE
  5
8FF
330
1A
100
AcDbEntity
  8
BLACK
  6
CONTINUOUS
100
AcDbLine
 10
0.3359913779527559
 20
1.0019188976377953
 30
0
 11
0.3360533070866142
 21
1.0019414173228347
 31
0
  0
LINE
  5
900
330
1A
100
AcDbEntity
  8
BLACK
  6
CONTINUOUS
100
AcDbLine
 10
0.3360533070866142
 20
1.0019414173228347
 30
0
 11
0.3365656692913386
 21
1.0019188976377953
 31
0
  0
LINE
  5
901
330
1A
100
AcDbEntity
  8
BLACK
  6
CONTINUOUS
100
AcDbLine
 10
1.2432494488188977
 20
1.0030238582677165
 30
0
 11
1.2826195275590551
 21
0.9899005118110236
 31
0
  0
LINE
  5
902
330
1A
100
AcDbEntity
  8
BLACK
  6
CONTINUOUS
100
AcDbLine
 10
1.2826195275590551
 20
0.9899005118110236
 30
0
 11
1.2831480708661418
 21
0.9896645275590551
 31
0
  0
LINE
  5
903
330
1A
100
AcDbEntity
  8
BLACK
  6
CONTINUOUS
100
AcDbLine
 10
1.2831480708661418
 20
0.9896645275590551
 30
0
 11
1.2833074015748032
 21
0.9895263385826771
 31
0
  0
LINE
  5
904
330
1A
100
AcDbEntity
  8
BLACK
  6
CONTINUOUS
100
AcDbLine
 10
1.2833074015748032
 20
0.9895263385826771
 30
0
 11
1.2834961417322834
 21
0.989431968503937
 31
0
  0
LINE
  5
905
330
1A
100
AcDbEntity
  8
BLACK
  6
CONTINUOUS
100
AcDbLine
 10
1.2834961417322834
 20
0.989431968503937
 30
0
 11
1.2837388188976377
 21
0.9891521653543307
 31
0
  0
LINE
  5
906
330
1A
100
AcDbEntity
  8
BLACK
  6
CONTINUOUS
100
AcDbLine
 10
1.2837388188976377
 20
0.9891521653543307
 30
0
 11
1.2840184251968503
 21
0.9889096456692913
 31
0
  0
LINE
  5
907
330
1A
100
AcDbEntity
  8
BLACK
  6
CONTINUOUS
100
AcDbLine
 10
1.2840184251968503
 20
0.9889096456692913
 30
0
 11
1.2841127165354331
 21
0.9887210236220472
 31
0
  0
LINE
  5
908
330
1A
100
AcDbEntity
  8
BLACK
  6
CONTINUOUS
100
AcDbLine
 10
1.2841127165354331
 20
0.9887210236220472
 30
0
 11
1.2842510236220472
 21
0.9885615748031495
 31
0
  0
LINE
  5
909
330
1A
100
AcDbEntity
  8
BLACK
  6
CONTINUOUS
100
AcDbLine
 10
1.2842510236220472
 20
0.9885615748031495
 30
0
 11
1.2843681102362206
 21
0.9882103149606299
 31
0
  0
LINE
  5
90A
330
1A
100
AcDbEntity
  8
BLACK
  6
CONTINUOUS
100
AcDbLine
 10
1.2843681102362206
 20
0.9882103149606299
 30
0
 11
1.2845336614173228
 21
0.9878792125984251
 31
0
  0
LINE
  5
90B
330
1A
100
AcDbEntity
  8
BLACK
  6
CONTINUOUS
100
AcDbLine
 10
1.2845336614173228
 20
0.9878792125984251
 30
0
 11
1.2845485826771654
 21
0.9876688188976378
 31
0
  0
LINE
  5
90C
330
1A
100
AcDbEntity
  8
BLACK
  6
CONTINUOUS
100
AcDbLine
 10
1.2845485826771654
 20
0.9876688188976378
 30
0
 11
1.2846153543307086
 21
0.9874685826771653
 31
0
  0
LINE
  5
90D
330
1A
100
AcDbEntity
  8
BLACK
  6
CONTINUOUS
100
AcDbLine
 10
1.2846153543307086
 20
0.9874685826771653
 30
0
 11
1.284589094488189
 21
0.9870992913385827
 31
0
  0
LINE
  5
90E
330
1A
100
AcDbEntity
  8
BLACK
  6
CONTINUOUS
100
AcDbLine
 10
1.284589094488189
 20
0.9870992913385827
 30
0
 11
1.2846153543307086
 21
0.98673
 31
0
  0
LINE
  5
90F
330
1A
100
AcDbEntity
  8
BLACK
  6
CONTINUOUS
100
AcDbLine
 10
1.2846153543307086
 20
0.98673
 30
0
 11
1.2845485826771654
 21
0.9865298031496063
 31
0
  0
LINE
  5
910
330
1A
100
AcDbEntity
  8
BLACK
  6
CONTINUOUS
100
AcDbLine
 10
1.2845485826771654
 20
0.9865298031496063
 30
0
 11
1.2845336614173228
 21
0.9863193700787402
 31
0
  0
LINE
  5
911
330
1A
100
AcDbEntity
  8
BLACK
  6
CONTINUOUS
100
AcDbLine
 10
1.2845336614173228
 20
0.9863193700787402
 30
0
 11
1.2843681102362206
 21
0.9859883070866141
 31
0
  0
LINE
  5
912
330
1A
100
AcDbEntity
  8
BLACK
  6
CONTINUOUS
100
AcDbLine
 10
1.2843681102362206
 20
0.9859883070866141
 30
0
 11
1.2842510236220472
 21
0.9856370078740158
 31
0
  0
LINE
  5
913
330
1A
100
AcDbEntity
  8
BLACK
  6
CONTINUOUS
100
AcDbLine
 10
1.2842510236220472
 20
0.9856370078740158
 30
0
 11
1.2841127165354331
 21
0.9854775984251968
 31
0
  0
LINE
  5
914
330
1A
100
AcDbEntity
  8
BLACK
  6
CONTINUOUS
100
AcDbLine
 10
1.2841127165354331
 20
0.9854775984251968
 30
0
 11
1.2840184251968503
 21
0.985288937007874
 31
0
  0
LINE
  5
915
330
1A
100
AcDbEntity
  8
BLACK
  6
CONTINUOUS
100
AcDbLine
 10
1.2840184251968503
 20
0.985288937007874
 30
0
 11
1.2837388188976377
 21
0.9850464566929134
 31
0
  0
LINE
  5
916
330
1A
100
AcDbEntity
  8
BLACK
  6
CONTINUOUS
100
AcDbLine
 10
1.2837388188976377
 20
0.9850464566929134
 30
0
 11
1.2834961417322834
 21
0.9847666141732283
 31
0
  0
LINE
  5
917
330
1A
100
AcDbEntity
  8
BLACK
  6
CONTINUOUS
100
AcDbLine
 10
1.2834961417322834
 20
0.9847666141732283
 30
0
 11
1.2833074015748032
 21
0.9846722834645669
 31
0
  0
LINE
  5
918
330
1A
100
AcDbEntity
  8
BLACK
  6
CONTINUOUS
100
AcDbLine
 10
1.2833074015748032
 20
0.9846722834645669
 30
0
 11
1.2831480708661418
 21
0.9845340551181102
 31
0
  0
LINE
  5
919
330
1A
100
AcDbEntity
  8
BLACK
  6
CONTINUOUS
100
AcDbLine
 10
1.2831480708661418
 20
0.9845340551181102
 30
0
 11
1.2826195275590551
 21
0.9842980708661417
 31
0
  0
LINE
  5
91A
330
1A
100
AcDbEntity
  8
BLACK
  6
CONTINUOUS
100
AcDbLine
 10
1.2826195275590551
 20
0.9842980708661417
 30
0
 11
1.2432494488188977
 21
0.9711747244094487
 31
0
  0
LINE
  5
91B
330
1A
100
AcDbEntity
  8
BLACK
  6
CONTINUOUS
100
AcDbLine
 10
1.2432494488188977
 20
0.9711747244094487
 30
0
 11
1.242685
 21
0.9710463779527558
 31
0
  0
LINE
  5
91C
330
1A
100
AcDbEntity
  8
BLACK
  6
CONTINUOUS
100
AcDbLine
 10
1.242685
 20
0.9710463779527558
 30
0
 11
1.2415357874015747
 21
0.9711280708661417
 31
0
  0
LINE
  5
91D
330
1A
100
AcDbEntity
  8
BLACK
  6
CONTINUOUS
100
AcDbLine
 10
1.2415357874015747
 20
0.9711280708661417
 30
0
 11
1.2405053543307087
 21
0.9716432677165354
 31
0
  0
LINE
  5
91E
330
1A
100
AcDbEntity
  8
BLACK
  6
CONTINUOUS
100
AcDbLine
 10
1.2405053543307087
 20
0.9716432677165354
 30
0
 11
1.2397504724409449
 21
0.9725136220472441
 31
0
  0
LINE
  5
91F
330
1A
100
AcDbEntity
  8
BLACK
  6
CONTINUOUS
100
AcDbLine
 10
1.2397504724409449
 20
0.9725136220472441
 30
0
 11
1.2393861417322833
 21
0.9736066535433071
 31
0
  0
LINE
  5
920
330
1A
100
AcDbEntity
  8
BLACK
  6
CONTINUOUS
100
AcDbLine
 10
1.2393861417322833
 20
0.9736066535433071
 30
0
 11
1.2394678346456693
 21
0.9747558661417323
 31
0
  0
LINE
  5
921
330
1A
100
AcDbEntity
  8
BLACK
  6
CONTINUOUS
100
AcDbLine
 10
1.2394678346456693
 20
0.9747558661417323
 30
0
 11
1.2399830314960629
 21
0.9757862992125984
 31
0
  0
LINE
  5
922
330
1A
100
AcDbEntity
  8
BLACK
  6
CONTINUOUS
100
AcDbLine
 10
1.2399830314960629
 20
0.9757862992125984
 30
0
 11
1.2408533858267716
 21
0.9765411811023622
 31
0
  0
LINE
  5
923
330
1A
100
AcDbEntity
  8
BLACK
  6
CONTINUOUS
100
AcDbLine
 10
1.2408533858267716
 20
0.9765411811023622
 30
0
 11
1.2413819685039369
 21
0.9767771653543307
 31
0
  0
LINE
  5
924
330
1A
100
AcDbEntity
  8
BLACK
  6
CONTINUOUS
100
AcDbLine
 10
1.2413819685039369
 20
0.9767771653543307
 30
0
 11
1.2723483464566929
 21
0.9870992913385827
 31
0
  0
LINE
  5
925
330
1A
100
AcDbEntity
  8
BLACK
  6
CONTINUOUS
100
AcDbLine
 10
1.2723483464566929
 20
0.9870992913385827
 30
0
 11
1.2413819685039369
 21
0.9974214173228346
 31
0
  0
LINE
  5
926
330
1A
100
AcDbEntity
  8
BLACK
  6
CONTINUOUS
100
AcDbLine
 10
1.2413819685039369
 20
0.9974214173228346
 30
0
 11
1.2408533858267716
 21
0.9976574015748031
 31
0
  0
LINE
  5
927
330
1A
100
AcDbEntity
  8
BLACK
  6
CONTINUOUS
100
AcDbLine
 10
1.2408533858267716
 20
0.9976574015748031
 30
0
 11
1.2399830314960629
 21
0.9984122834645669
 31
0
  0
LINE
  5
928
330
1A
100
AcDbEntity
  8
BLACK
  6
CONTINUOUS
100
AcDbLine
 10
1.2399830314960629
 20
0.9984122834645669
 30
0
 11
1.2394678346456693
 21
0.999442716535433
 31
0
  0
LINE
  5
929
330
1A
100
AcDbEntity
  8
BLACK
  6
CONTINUOUS
100
AcDbLine
 10
1.2394678346456693
 20
0.999442716535433
 30
0
 11
1.2393861417322833
 21
1.0005919291338583
 31
0
  0
LINE
  5
92A
330
1A
100
AcDbEntity
  8
BLACK
  6
CONTINUOUS
100
AcDbLine
 10
1.2393861417322833
 20
1.0005919291338583
 30
0
 11
1.2397504724409449
 21
1.0016849606299212
 31
0
  0
LINE
  5
92B
330
1A
100
AcDbEntity
  8
BLACK
  6
CONTINUOUS
100
AcDbLine
 10
1.2397504724409449
 20
1.0016849606299212
 30
0
 11
1.2405053543307087
 21
1.0025553149606299
 31
0
  0
LINE
  5
92C
330
1A
100
AcDbEntity
  8
BLACK
  6
CONTINUOUS
100
AcDbLine
 10
1.2405053543307087
 20
1.0025553149606299
 30
0
 11
1.2415357874015747
 21
1.0030705118110237
 31
0
  0
LINE
  5
92D
330
1A
100
AcDbEntity
  8
BLACK
  6
CONTINUOUS
100
AcDbLine
 10
1.2415357874015747
 20
1.0030705118110237
 30
0
 11
1.242685
 21
1.0031522047244095
 31
0
  0
LINE
  5
92E
330
1A
100
AcDbEntity
  8
BLACK
  6
CONTINUOUS
100
AcDbLine
 10
1.242685
 20
1.0031522047244095
 30
0
 11
1.2432494488188977
 21
1.0030238582677165
 31
0
  0
LINE
  5
92F
330
1A
100
AcDbEntity
  8
BLACK
  6
CONTINUOUS
100
AcDbLine
 10
1.2477056692913386
 20
1.0382983070866141
 30
0
 11
1.2485203543307086
 21
1.0374836220472441
 31
0
  0
LINE
  5
930
330
1A
100
AcDbEntity
  8
BLACK
  6
CONTINUOUS
100
AcDbLine
 10
1.2485203543307086
 20
1.0374836220472441
 30
0
 11
1.2489612598425197
 21
1.0364192125984251
 31
0
  0
LINE
  5
931
330
1A
100
AcDbEntity
  8
BLACK
  6
CONTINUOUS
100
AcDbLine
 10
1.2489612598425197
 20
1.0364192125984251
 30
0
 11
1.2489612598425197
 21
1.0352671259842519
 31
0
  0
LINE
  5
932
330
1A
100
AcDbEntity
  8
BLACK
  6
CONTINUOUS
100
AcDbLine
 10
1.2489612598425197
 20
1.0352671259842519
 30
0
 11
1.2485203543307086
 21
1.0342027165354331
 31
0
  0
LINE
  5
933
330
1A
100
AcDbEntity
  8
BLACK
  6
CONTINUOUS
100
AcDbLine
 10
1.2485203543307086
 20
1.0342027165354331
 30
0
 11
1.2481531496062992
 21
1.0337552755905512
 31
0
  0
LINE
  5
934
330
1A
100
AcDbEntity
  8
BLACK
  6
CONTINUOUS
100
AcDbLine
 10
1.2481531496062992
 20
1.0337552755905512
 30
0
 11
1.2467712598425196
 21
1.0323734251968504
 31
0
  0
LINE
  5
935
330
1A
100
AcDbEntity
  8
BLACK
  6
CONTINUOUS
100
AcDbLine
 10
1.2467712598425196
 20
1.0323734251968504
 30
0
 11
1.2452684645669292
 21
1.027865
 31
0
  0
LINE
  5
936
330
1A
100
AcDbEntity
  8
BLACK
  6
CONTINUOUS
100
AcDbLine
 10
1.2452684645669292
 20
1.027865
 30
0
 11
1.2452684645669292
 21
1.0250737795275591
 31
0
  0
LINE
  5
937
330
1A
100
AcDbEntity
  8
BLACK
  6
CONTINUOUS
100
AcDbLine
 10
1.2452684645669292
 20
1.0250737795275591
 30
0
 11
1.2467712598425196
 21
1.0205653543307087
 31
0
  0
LINE
  5
938
330
1A
100
AcDbEntity
  8
BLACK
  6
CONTINUOUS
100
AcDbLine
 10
1.2467712598425196
 20
1.0205653543307087
 30
0
 11
1.2496890944881889
 21
1.0176475196850394
 31
0
  0
LINE
  5
939
330
1A
100
AcDbEntity
  8
BLACK
  6
CONTINUOUS
100
AcDbLine
 10
1.2496890944881889
 20
1.0176475196850394
 30
0
 11
1.2527200787401576
 21
1.0161320472440944
 31
0
  0
LINE
  5
93A
330
1A
100
AcDbEntity
  8
BLACK
  6
CONTINUOUS
100
AcDbLine
 10
1.2527200787401576
 20
1.0161320472440944
 30
0
 11
1.2595521259842519
 21
1.0144240157480315
 31
0
  0
LINE
  5
93B
330
1A
100
AcDbEntity
  8
BLACK
  6
CONTINUOUS
100
AcDbLine
 10
1.2595521259842519
 20
1.0144240157480315
 30
0
 11
1.2644493307086613
 21
1.0144240157480315
 31
0
  0
LINE
  5
93C
330
1A
100
AcDbEntity
  8
BLACK
  6
CONTINUOUS
100
AcDbLine
 10
1.2644493307086613
 20
1.0144240157480315
 30
0
 11
1.2712813779527559
 21
1.0161320472440944
 31
0
  0
LINE
  5
93D
330
1A
100
AcDbEntity
  8
BLACK
  6
CONTINUOUS
100
AcDbLine
 10
1.2712813779527559
 20
1.0161320472440944
 30
0
 11
1.2743123622047243
 21
1.0176475590551182
 31
0
  0
LINE
  5
93E
330
1A
100
AcDbEntity
  8
BLACK
  6
CONTINUOUS
100
AcDbLine
 10
1.2743123622047243
 20
1.0176475590551182
 30
0
 11
1.2772302362204724
 21
1.0205653937007875
 31
0
  0
LINE
  5
93F
330
1A
100
AcDbEntity
  8
BLACK
  6
CONTINUOUS
100
AcDbLine
 10
1.2772302362204724
 20
1.0205653937007875
 30
0
 11
1.278733031496063
 21
1.0250737401574803
 31
0
  0
LINE
  5
940
330
1A
100
AcDbEntity
  8
BLACK
  6
CONTINUOUS
100
AcDbLine
 10
1.278733031496063
 20
1.0250737401574803
 30
0
 11
1.278733031496063
 21
1.027865
 31
0
  0
LINE
  5
941
330
1A
100
AcDbEntity
  8
BLACK
  6
CONTINUOUS
100
AcDbLine
 10
1.278733031496063
 20
1.027865
 30
0
 11
1.2772302362204724
 21
1.0323733858267716
 31
0
  0
LINE
  5
942
330
1A
100
AcDbEntity
  8
BLACK
  6
CONTINUOUS
100
AcDbLine
 10
1.2772302362204724
 20
1.0323733858267716
 30
0
 11
1.275848346456693
 21
1.0337552362204725
 31
0
  0
LINE
  5
943
330
1A
100
AcDbEntity
  8
BLACK
  6
CONTINUOUS
100
AcDbLine
 10
1.275848346456693
 20
1.0337552362204725
 30
0
 11
1.2754811023622048
 21
1.0342027165354331
 31
0
  0
LINE
  5
944
330
1A
100
AcDbEntity
  8
BLACK
  6
CONTINUOUS
100
AcDbLine
 10
1.2754811023622048
 20
1.0342027165354331
 30
0
 11
1.2750401968503937
 21
1.0352671259842519
 31
0
  0
LINE
  5
945
330
1A
100
AcDbEntity
  8
BLACK
  6
CONTINUOUS
100
AcDbLine
 10
1.2750401968503937
 20
1.0352671259842519
 30
0
 11
1.2750401968503937
 21
1.0364192125984251
 31
0
  0
LINE
  5
946
330
1A
100
AcDbEntity
  8
BLACK
  6
CONTINUOUS
100
AcDbLine
 10
1.2750401968503937
 20
1.0364192125984251
 30
0
 11
1.275481062992126
 21
1.0374836220472441
 31
0
  0
LINE
  5
947
330
1A
100
AcDbEntity
  8
BLACK
  6
CONTINUOUS
100
AcDbLine
 10
1.275481062992126
 20
1.0374836220472441
 30
0
 11
1.276295748031496
 21
1.0382983070866141
 31
0
  0
LINE
  5
948
330
1A
100
AcDbEntity
  8
BLACK
  6
CONTINUOUS
100
AcDbLine
 10
1.276295748031496
 20
1.0382983070866141
 30
0
 11
1.2773601574803148
 21
1.0387392125984252
 31
0
  0
LINE
  5
949
330
1A
100
AcDbEntity
  8
BLACK
  6
CONTINUOUS
100
AcDbLine
 10
1.2773601574803148
 20
1.0387392125984252
 30
0
 11
1.2785122440944883
 21
1.0387392125984252
 31
0
  0
LINE
  5
94A
330
1A
100
AcDbEntity
  8
BLACK
  6
CONTINUOUS
100
AcDbLine
 10
1.2785122440944883
 20
1.0387392125984252
 30
0
 11
1.2795766535433071
 21
1.0382983464566928
 31
0
  0
LINE
  5
94B
330
1A
100
AcDbEntity
  8
BLACK
  6
CONTINUOUS
100
AcDbLine
 10
1.2795766535433071
 20
1.0382983464566928
 30
0
 11
1.2800240944881889
 21
1.0379311417322834
 31
0
  0
LINE
  5
94C
330
1A
100
AcDbEntity
  8
BLACK
  6
CONTINUOUS
100
AcDbLine
 10
1.2800240944881889
 20
1.0379311417322834
 30
0
 11
1.2818988976377952
 21
1.0360563779527558
 31
0
  0
LINE
  5
94D
330
1A
100
AcDbEntity
  8
BLACK
  6
CONTINUOUS
100
AcDbLine
 10
1.2818988976377952
 20
1.0360563779527558
 30
0
 11
1.2822661417322834
 21
1.0356088976377953
 31
0
  0
LINE
  5
94E
330
1A
100
AcDbEntity
  8
BLACK
  6
CONTINUOUS
100
AcDbLine
 10
1.2822661417322834
 20
1.0356088976377953
 30
0
 11
1.2823066929133857
 21
1.0355109448818898
 31
0
  0
LINE
  5
94F
330
1A
100
AcDbEntity
  8
BLACK
  6
CONTINUOUS
100
AcDbLine
 10
1.2823066929133857
 20
1.0355109448818898
 30
0
 11
1.2823762598425197
 21
1.0354307480314959
 31
0
  0
LINE
  5
950
330
1A
100
AcDbEntity
  8
BLACK
  6
CONTINUOUS
100
AcDbLine
 10
1.2823762598425197
 20
1.0354307480314959
 30
0
 11
1.2826122440944883
 21
1.0349021653543307
 31
0
  0
LINE
  5
951
330
1A
100
AcDbEntity
  8
BLACK
  6
CONTINUOUS
100
AcDbLine
 10
1.2826122440944883
 20
1.0349021653543307
 30
0
 11
1.2844870078740158
 21
1.0292779133858267
 31
0
  0
LINE
  5
952
330
1A
100
AcDbEntity
  8
BLACK
  6
CONTINUOUS
100
AcDbLine
 10
1.2844870078740158
 20
1.0292779133858267
 30
0
 11
1.2845519291338583
 21
1.0289922834645668
 31
0
  0
LINE
  5
953
330
1A
100
AcDbEntity
  8
BLACK
  6
CONTINUOUS
100
AcDbLine
 10
1.2845519291338583
 20
1.0289922834645668
 30
0
 11
1.284581811023622
 21
1.0289201968503936
 31
0
  0
LINE
  5
954
330
1A
100
AcDbEntity
  8
BLACK
  6
CONTINUOUS
100
AcDbLine
 10
1.284581811023622
 20
1.0289201968503936
 30
0
 11
1.2845920866141731
 21
1.0288157480314961
 31
0
  0
LINE
  5
955
330
1A
100
AcDbEntity
  8
BLACK
  6
CONTINUOUS
100
AcDbLine
 10
1.2845920866141731
 20
1.0288157480314961
 30
0
 11
1.2846153543307086
 21
1.0287134645669291
 31
0
  0
LINE
  5
956
330
1A
100
AcDbEntity
  8
BLACK
  6
CONTINUOUS
100
AcDbLine
 10
1.2846153543307086
 20
1.0287134645669291
 30
0
 11
1.2846098031496063
 21
1.028635748031496
 31
0
  0
LINE
  5
957
330
1A
100
AcDbEntity
  8
BLACK
  6
CONTINUOUS
100
AcDbLine
 10
1.2846098031496063
 20
1.028635748031496
 30
0
 11
1.2846385433070866
 21
1.0283441338582677
 31
0
  0
LINE
  5
958
330
1A
100
AcDbEntity
  8
BLACK
  6
CONTINUOUS
100
AcDbLine
 10
1.2846385433070866
 20
1.0283441338582677
 30
0
 11
1.2846385433070866
 21
1.0245946062992126
 31
0
  0
LINE
  5
959
330
1A
100
AcDbEntity
  8
BLACK
  6
CONTINUOUS
100
AcDbLine
 10
1.2846385433070866
 20
1.0245946062992126
 30
0
 11
1.2846098031496063
 21
1.0243030314960631
 31
0
  0
LINE
  5
95A
330
1A
100
AcDbEntity
  8
BLACK
  6
CONTINUOUS
100
AcDbLine
 10
1.2846098031496063
 20
1.0243030314960631
 30
0
 11
1.2846153543307086
 21
1.0242252755905512
 31
0
  0
LINE
  5
95B
330
1A
100
AcDbEntity
  8
BLACK
  6
CONTINUOUS
100
AcDbLine
 10
1.2846153543307086
 20
1.0242252755905512
 30
0
 11
1.2845920866141731
 21
1.024123031496063
 31
0
  0
LINE
  5
95C
330
1A
100
AcDbEntity
  8
BLACK
  6
CONTINUOUS
100
AcDbLine
 10
1.2845920866141731
 20
1.024123031496063
 30
0
 11
1.284581811023622
 21
1.0240185433070865
 31
0
  0
LINE
  5
95D
330
1A
100
AcDbEntity
  8
BLACK
  6
CONTINUOUS
100
AcDbLine
 10
1.284581811023622
 20
1.0240185433070865
 30
0
 11
1.2845519291338583
 21
1.023946496062992
 31
0
  0
LINE
  5
95E
330
1A
100
AcDbEntity
  8
BLACK
  6
CONTINUOUS
100
AcDbLine
 10
1.2845519291338583
 20
1.023946496062992
 30
0
 11
1.2844870078740158
 21
1.0236608267716536
 31
0
  0
LINE
  5
95F
330
1A
100
AcDbEntity
  8
BLACK
  6
CONTINUOUS
100
AcDbLine
 10
1.2844870078740158
 20
1.0236608267716536
 30
0
 11
1.2826122440944883
 21
1.0180365748031497
 31
0
  0
LINE
  5
960
330
1A
100
AcDbEntity
  8
BLACK
  6
CONTINUOUS
100
AcDbLine
 10
1.2826122440944883
 20
1.0180365748031497
 30
0
 11
1.2823762598425197
 21
1.0175079921259842
 31
0
  0
LINE
  5
961
330
1A
100
AcDbEntity
  8
BLACK
  6
CONTINUOUS
100
AcDbLine
 10
1.2823762598425197
 20
1.0175079921259842
 30
0
 11
1.2823067716535432
 21
1.0174279133858268
 31
0
  0
LINE
  5
962
330
1A
100
AcDbEntity
  8
BLACK
  6
CONTINUOUS
100
AcDbLine
 10
1.2823067716535432
 20
1.0174279133858268
 30
0
 11
1.2822661811023621
 21
1.0173298425196851
 31
0
  0
LINE
  5
963
330
1A
100
AcDbEntity
  8
BLACK
  6
CONTINUOUS
100
AcDbLine
 10
1.2822661811023621
 20
1.0173298425196851
 30
0
 11
1.2818989370078739
 21
1.016882401574803
 31
0
  0
LINE
  5
964
330
1A
100
AcDbEntity
  8
BLACK
  6
CONTINUOUS
100
AcDbLine
 10
1.2818989370078739
 20
1.016882401574803
 30
0
 11
1.2781493700787401
 21
1.0131328740157479
 31
0
  0
LINE
  5
965
330
1A
100
AcDbEntity
  8
BLACK
  6
CONTINUOUS
100
AcDbLine
 10
1.2781493700787401
 20
1.0131328740157479
 30
0
 11
1.2779229921259843
 21
1.012947125984252
 31
0
  0
LINE
  5
966
330
1A
100
AcDbEntity
  8
BLACK
  6
CONTINUOUS
100
AcDbLine
 10
1.2779229921259843
 20
1.012947125984252
 30
0
 11
1.2778718503937008
 21
1.0128881102362204
 31
0
  0
LINE
  5
967
330
1A
100
AcDbEntity
  8
BLACK
  6
CONTINUOUS
100
AcDbLine
 10
1.2778718503937008
 20
1.0128881102362204
 30
0
 11
1.2777829133858267
 21
1.0128321653543306
 31
0
  0
LINE
  5
968
330
1A
100
AcDbEntity
  8
BLACK
  6
CONTINUOUS
100
AcDbLine
 10
1.2777829133858267
 20
1.0128321653543306
 30
0
 11
1.2777018897637795
 21
1.0127656299212597
 31
0
  0
LINE
  5
969
330
1A
100
AcDbEntity
  8
BLACK
  6
CONTINUOUS
100
AcDbLine
 10
1.2777018897637795
 20
1.0127656299212597
 30
0
 11
1.277629842519685
 21
1.0127358267716535
 31
0
  0
LINE
  5
96A
330
1A
100
AcDbEntity
  8
BLACK
  6
CONTINUOUS
100
AcDbLine
 10
1.277629842519685
 20
1.0127358267716535
 30
0
 11
1.2773819685039369
 21
1.0125797637795275
 31
0
  0
LINE
  5
96B
330
1A
100
AcDbEntity
  8
BLACK
  6
CONTINUOUS
100
AcDbLine
 10
1.2773819685039369
 20
1.0125797637795275
 30
0
 11
1.2736324409448818
 21
1.010705
 31
0
  0
LINE
  5
96C
330
1A
100
AcDbEntity
  8
BLACK
  6
CONTINUOUS
100
AcDbLine
 10
1.2736324409448818
 20
1.010705
 30
0
 11
1.2735903149606298
 21
1.0106888976377952
 31
0
  0
LINE
  5
96D
330
1A
100
AcDbEntity
  8
BLACK
  6
CONTINUOUS
100
AcDbLine
 10
1.2735903149606298
 20
1.0106888976377952
 30
0
 11
1.2735731889763779
 21
1.0106761811023621
 31
0
  0
LINE
  5
96E
330
1A
100
AcDbEntity
  8
BLACK
  6
CONTINUOUS
100
AcDbLine
 10
1.2735731889763779
 20
1.0106761811023621
 30
0
 11
1.273331220472441
 21
1.0105897637795276
 31
0
  0
LINE
  5
96F
330
1A
100
AcDbEntity
  8
BLACK
  6
CONTINUOUS
100
AcDbLine
 10
1.273331220472441
 20
1.0105897637795276
 30
0
 11
1.273091811023622
 21
1.0104981102362205
 31
0
  0
LINE
  5
970
330
1A
100
AcDbEntity
  8
BLACK
  6
CONTINUOUS
100
AcDbLine
 10
1.273091811023622
 20
1.0104981102362205
 30
0
 11
1.2730705511811022
 21
1.0104966141732283
 31
0
  0
LINE
  5
971
330
1A
100
AcDbEntity
  8
BLACK
  6
CONTINUOUS
100
AcDbLine
 10
1.2730705511811022
 20
1.0104966141732283
 30
0
 11
1.2730280708661417
 21
1.0104814173228347
 31
0
  0
LINE
  5
972
330
1A
100
AcDbEntity
  8
BLACK
  6
CONTINUOUS
100
AcDbLine
 10
1.2730280708661417
 20
1.0104814173228347
 30
0
 11
1.2655290157480314
 21
1.0086066535433071
 31
0
  0
LINE
  5
973
330
1A
100
AcDbEntity
  8
BLACK
  6
CONTINUOUS
100
AcDbLine
 10
1.2655290157480314
 20
1.0086066535433071
 30
0
 11
1.2654291338582677
 21
1.0085918897637796
 31
0
  0
LINE
  5
974
330
1A
100
AcDbEntity
  8
BLACK
  6
CONTINUOUS
100
AcDbLine
 10
1.2654291338582677
 20
1.0085918897637796
 30
0
 11
1.2653889370078739
 21
1.0085752362204725
 31
0
  0
LINE
  5
975
330
1A
100
AcDbEntity
  8
BLACK
  6
CONTINUOUS
100
AcDbLine
 10
1.2653889370078739
 20
1.0085752362204725
 30
0
 11
1.2651718897637796
 21
1.0085538976377952
 31
0
  0
LINE
  5
976
330
1A
100
AcDbEntity
  8
BLACK
  6
CONTINUOUS
100
AcDbLine
 10
1.2651718897637796
 20
1.0085538976377952
 30
0
 11
1.2649564173228347
 21
1.0085220078740158
 31
0
  0
LINE
  5
977
330
1A
100
AcDbEntity
  8
BLACK
  6
CONTINUOUS
100
AcDbLine
 10
1.2649564173228347
 20
1.0085220078740158
 30
0
 11
1.2649133858267716
 21
1.0085284251968503
 31
0
  0
LINE
  5
978
330
1A
100
AcDbEntity
  8
BLACK
  6
CONTINUOUS
100
AcDbLine
 10
1.2649133858267716
 20
1.0085284251968503
 30
0
 11
1.264812874015748
 21
1.0085185039370079
 31
0
  0
LINE
  5
979
330
1A
100
AcDbEntity
  8
BLACK
  6
CONTINUOUS
100
AcDbLine
 10
1.264812874015748
 20
1.0085185039370079
 30
0
 11
1.2591885826771654
 21
1.0085185039370079
 31
0
  0
LINE
  5
97A
330
1A
100
AcDbEntity
  8
BLACK
  6
CONTINUOUS
100
AcDbLine
 10
1.2591885826771654
 20
1.0085185039370079
 30
0
 11
1.2590880314960629
 21
1.0085284251968503
 31
0
  0
LINE
  5
97B
330
1A
100
AcDbEntity
  8
BLACK
  6
CONTINUOUS
100
AcDbLine
 10
1.2590880314960629
 20
1.0085284251968503
 30
0
 11
1.2590450393700787
 21
1.0085220078740158
 31
0
  0
LINE
  5
97C
330
1A
100
AcDbEntity
  8
BLACK
  6
CONTINUOUS
100
AcDbLine
 10
1.2590450393700787
 20
1.0085220078740158
 30
0
 11
1.2588295275590551
 21
1.0085538976377952
 31
0
  0
LINE
  5
97D
330
1A
100
AcDbEntity
  8
BLACK
  6
CONTINUOUS
100
AcDbLine
 10
1.2588295275590551
 20
1.0085538976377952
 30
0
 11
1.2586125196850393
 21
1.0085752362204725
 31
0
  0
LINE
  5
97E
330
1A
100
AcDbEntity
  8
BLACK
  6
CONTINUOUS
100
AcDbLine
 10
1.2586125196850393
 20
1.0085752362204725
 30
0
 11
1.258572283464567
 21
1.0085918897637796
 31
0
  0
LINE
  5
97F
330
1A
100
AcDbEntity
  8
BLACK
  6
CONTINUOUS
100
AcDbLine
 10
1.258572283464567
 20
1.0085918897637796
 30
0
 11
1.2584724409448818
 21
1.0086066535433071
 31
0
  0
LINE
  5
980
330
1A
100
AcDbEntity
  8
BLACK
  6
CONTINUOUS
100
AcDbLine
 10
1.2584724409448818
 20
1.0086066535433071
 30
0
 11
1.2509733858267715
 21
1.0104814173228347
 31
0
  0
LINE
  5
981
330
1A
100
AcDbEntity
  8
BLACK
  6
CONTINUOUS
100
AcDbLine
 10
1.2509733858267715
 20
1.0104814173228347
 30
0
 11
1.2509308661417322
 21
1.0104966141732283
 31
0
  0
LINE
  5
982
330
1A
100
AcDbEntity
  8
BLACK
  6
CONTINUOUS
100
AcDbLine
 10
1.2509308661417322
 20
1.0104966141732283
 30
0
 11
1.2509096062992127
 21
1.0104981102362205
 31
0
  0
LINE
  5
983
330
1A
100
AcDbEntity
  8
BLACK
  6
CONTINUOUS
100
AcDbLine
 10
1.2509096062992127
 20
1.0104981102362205
 30
0
 11
1.2506698425196849
 21
1.0105898818897638
 31
0
  0
LINE
  5
984
330
1A
100
AcDbEntity
  8
BLACK
  6
CONTINUOUS
100
AcDbLine
 10
1.2506698425196849
 20
1.0105898818897638
 30
0
 11
1.2504282677165355
 21
1.0106761811023621
 31
0
  0
LINE
  5
985
330
1A
100
AcDbEntity
  8
BLACK
  6
CONTINUOUS
100
AcDbLine
 10
1.2504282677165355
 20
1.0106761811023621
 30
0
 11
1.2504111023622047
 21
1.0106888976377952
 31
0
  0
LINE
  5
986
330
1A
100
AcDbEntity
  8
BLACK
  6
CONTINUOUS
100
AcDbLine
 10
1.2504111023622047
 20
1.0106888976377952
 30
0
 11
1.2503690157480314
 21
1.010705
 31
0
  0
LINE
  5
987
330
1A
100
AcDbEntity
  8
BLACK
  6
CONTINUOUS
100
AcDbLine
 10
1.2503690157480314
 20
1.010705
 30
0
 11
1.2466194881889763
 21
1.0125797637795275
 31
0
  0
LINE
  5
988
330
1A
100
AcDbEntity
  8
BLACK
  6
CONTINUOUS
100
AcDbLine
 10
1.2466194881889763
 20
1.0125797637795275
 30
0
 11
1.2463716535433071
 21
1.0127357874015748
 31
0
  0
LINE
  5
989
330
1A
100
AcDbEntity
  8
BLACK
  6
CONTINUOUS
100
AcDbLine
 10
1.2463716535433071
 20
1.0127357874015748
 30
0
 11
1.2462995275590552
 21
1.0127656299212597
 31
0
  0
LINE
  5
98A
330
1A
100
AcDbEntity
  8
BLACK
  6
CONTINUOUS
100
AcDbLine
 10
1.2462995275590552
 20
1.0127656299212597
 30
0
 11
1.2462183464566929
 21
1.0128322440944881
 31
0
  0
LINE
  5
98B
330
1A
100
AcDbEntity
  8
BLACK
  6
CONTINUOUS
100
AcDbLine
 10
1.2462183464566929
 20
1.0128322440944881
 30
0
 11
1.2461296062992127
 21
1.0128881102362204
 31
0
  0
LINE
  5
98C
330
1A
100
AcDbEntity
  8
BLACK
  6
CONTINUOUS
100
AcDbLine
 10
1.2461296062992127
 20
1.0128881102362204
 30
0
 11
1.2460784645669292
 21
1.0129470472440945
 31
0
  0
LINE
  5
98D
330
1A
100
AcDbEntity
  8
BLACK
  6
CONTINUOUS
100
AcDbLine
 10
1.2460784645669292
 20
1.0129470472440945
 30
0
 11
1.2458520866141731
 21
1.0131328740157479
 31
0
  0
LINE
  5
98E
330
1A
100
AcDbEntity
  8
BLACK
  6
CONTINUOUS
100
AcDbLine
 10
1.2458520866141731
 20
1.0131328740157479
 30
0
 11
1.242102559055118
 21
1.016882401574803
 31
0
  0
LINE
  5
98F
330
1A
100
AcDbEntity
  8
BLACK
  6
CONTINUOUS
100
AcDbLine
 10
1.242102559055118
 20
1.016882401574803
 30
0
 11
1.2417353543307086
 21
1.0173298425196851
 31
0
  0
LINE
  5
990
330
1A
100
AcDbEntity
  8
BLACK
  6
CONTINUOUS
100
AcDbLine
 10
1.2417353543307086
 20
1.0173298425196851
 30
0
 11
1.2416947244094487
 21
1.0174279133858268
 31
0
  0
LINE
  5
991
330
1A
100
AcDbEntity
  8
BLACK
  6
CONTINUOUS
100
AcDbLine
 10
1.2416947244094487
 20
1.0174279133858268
 30
0
 11
1.2416252362204725
 21
1.0175080314960629
 31
0
  0
LINE
  5
992
330
1A
100
AcDbEntity
  8
BLACK
  6
CONTINUOUS
100
AcDbLine
 10
1.2416252362204725
 20
1.0175080314960629
 30
0
 11
1.2413892519685039
 21
1.0180365748031497
 31
0
  0
LINE
  5
993
330
1A
100
AcDbEntity
  8
BLACK
  6
CONTINUOUS
100
AcDbLine
 10
1.2413892519685039
 20
1.0180365748031497
 30
0
 11
1.2395144881889764
 21
1.0236608661417324
 31
0
  0
LINE
  5
994
330
1A
100
AcDbEntity
  8
BLACK
  6
CONTINUOUS
100
AcDbLine
 10
1.2395144881889764
 20
1.0236608661417324
 30
0
 11
1.2394495275590551
 21
1.0239464566929133
 31
0
  0
LINE
  5
995
330
1A
100
AcDbEntity
  8
BLACK
  6
CONTINUOUS
100
AcDbLine
 10
1.2394495275590551
 20
1.0239464566929133
 30
0
 11
1.2394196850393699
 21
1.0240185433070865
 31
0
  0
LINE
  5
996
330
1A
100
AcDbEntity
  8
BLACK
  6
CONTINUOUS
100
AcDbLine
 10
1.2394196850393699
 20
1.0240185433070865
 30
0
 11
1.2394093700787401
 21
1.0241230708661417
 31
0
  0
LINE
  5
997
330
1A
100
AcDbEntity
  8
BLACK
  6
CONTINUOUS
100
AcDbLine
 10
1.2394093700787401
 20
1.0241230708661417
 30
0
 11
1.2393861417322833
 21
1.02422531496063
 31
0
  0
LINE
  5
998
330
1A
100
AcDbEntity
  8
BLACK
  6
CONTINUOUS
100
AcDbLine
 10
1.2393861417322833
 20
1.02422531496063
 30
0
 11
1.2393916535433072
 21
1.0243030708661418
 31
0
  0
LINE
  5
999
330
1A
100
AcDbEntity
  8
BLACK
  6
CONTINUOUS
100
AcDbLine
 10
1.2393916535433072
 20
1.0243030708661418
 30
0
 11
1.2393629527559056
 21
1.0245946062992126
 31
0
  0
LINE
  5
99A
330
1A
100
AcDbEntity
  8
BLACK
  6
CONTINUOUS
100
AcDbLine
 10
1.2393629527559056
 20
1.0245946062992126
 30
0
 11
1.2393629527559056
 21
1.0283441338582677
 31
0
  0
LINE
  5
99B
330
1A
100
AcDbEntity
  8
BLACK
  6
CONTINUOUS
100
AcDbLine
 10
1.2393629527559056
 20
1.0283441338582677
 30
0
 11
1.2393916535433072
 21
1.0286357086614173
 31
0
  0
LINE
  5
99C
330
1A
100
AcDbEntity
  8
BLACK
  6
CONTINUOUS
100
AcDbLine
 10
1.2393916535433072
 20
1.0286357086614173
 30
0
 11
1.2393861417322833
 21
1.0287134251968504
 31
0
  0
LINE
  5
99D
330
1A
100
AcDbEntity
  8
BLACK
  6
CONTINUOUS
100
AcDbLine
 10
1.2393861417322833
 20
1.0287134251968504
 30
0
 11
1.2394093700787401
 21
1.0288157086614174
 31
0
  0
LINE
  5
99E
330
1A
100
AcDbEntity
  8
BLACK
  6
CONTINUOUS
100
AcDbLine
 10
1.2394093700787401
 20
1.0288157086614174
 30
0
 11
1.2394196850393699
 21
1.0289201968503936
 31
0
  0
LINE
  5
99F
330
1A
100
AcDbEntity
  8
BLACK
  6
CONTINUOUS
100
AcDbLine
 10
1.2394196850393699
 20
1.0289201968503936
 30
0
 11
1.2394495275590551
 21
1.0289923228346456
 31
0
  0
LINE
  5
9A0
330
1A
100
AcDbEntity
  8
BLACK
  6
CONTINUOUS
100
AcDbLine
 10
1.2394495275590551
 20
1.0289923228346456
 30
0
 11
1.2395144881889764
 21
1.029277874015748
 31
0
  0
LINE
  5
9A1
330
1A
100
AcDbEntity
  8
BLACK
  6
CONTINUOUS
100
AcDbLine
 10
1.2395144881889764
 20
1.029277874015748
 30
0
 11
1.2413892519685039
 21
1.0349021653543307
 31
0
  0
LINE
  5
9A2
330
1A
100
AcDbEntity
  8
BLACK
  6
CONTINUOUS
100
AcDbLine
 10
1.2413892519685039
 20
1.0349021653543307
 30
0
 11
1.2416252362204725
 21
1.0354307086614174
 31
0
  0
LINE
  5
9A3
330
1A
100
AcDbEntity
  8
BLACK
  6
CONTINUOUS
100
AcDbLine
 10
1.2416252362204725
 20
1.0354307086614174
 30
0
 11
1.2416947244094487
 21
1.0355108661417323
 31
0
  0
LINE
  5
9A4
330
1A
100
AcDbEntity
  8
BLACK
  6
CONTINUOUS
100
AcDbLine
 10
1.2416947244094487
 20
1.0355108661417323
 30
0
 11
1.2417353543307086
 21
1.0356088976377953
 31
0
  0
LINE
  5
9A5
330
1A
100
AcDbEntity
  8
BLACK
  6
CONTINUOUS
100
AcDbLine
 10
1.2417353543307086
 20
1.0356088976377953
 30
0
 11
1.242102559055118
 21
1.0360563385826771
 31
0
  0
LINE
  5
9A6
330
1A
100
AcDbEntity
  8
BLACK
  6
CONTINUOUS
100
AcDbLine
 10
1.242102559055118
 20
1.0360563385826771
 30
0
 11
1.2439773228346456
 21
1.0379311023622046
 31
0
  0
LINE
  5
9A7
330
1A
100
AcDbEntity
  8
BLACK
  6
CONTINUOUS
100
AcDbLine
 10
1.2439773228346456
 20
1.0379311023622046
 30
0
 11
1.2444247637795276
 21
1.0382983070866141
 31
0
  0
LINE
  5
9A8
330
1A
100
AcDbEntity
  8
BLACK
  6
CONTINUOUS
100
AcDbLine
 10
1.2444247637795276
 20
1.0382983070866141
 30
0
 11
1.2454891732283464
 21
1.0387392125984252
 31
0
  0
LINE
  5
9A9
330
1A
100
AcDbEntity
  8
BLACK
  6
CONTINUOUS
100
AcDbLine
 10
1.2454891732283464
 20
1.0387392125984252
 30
0
 11
1.2466412598425196
 21
1.0387392125984252
 31
0
  0
LINE
  5
9AA
330
1A
100
AcDbEntity
  8
BLACK
  6
CONTINUOUS
100
AcDbLine
 10
1.2466412598425196
 20
1.0387392125984252
 30
0
 11
1.2477056692913386
 21
1.0382983070866141
 31
0
  0
LINE
  5
9AB
330
1A
100
AcDbEntity
  8
BLACK
  6
CONTINUOUS
100
AcDbLine
 10
1.2538558267716535
 20
1.076262559055118
 30
0
 11
1.2539335826771654
 21
1.0762680708661416
 31
0
  0
LINE
  5
9AC
330
1A
100
AcDbEntity
  8
BLACK
  6
CONTINUOUS
100
AcDbLine
 10
1.2539335826771654
 20
1.0762680708661416
 30
0
 11
1.2540358267716536
 21
1.0762448425196851
 31
0
  0
LINE
  5
9AD
330
1A
100
AcDbEntity
  8
BLACK
  6
CONTINUOUS
100
AcDbLine
 10
1.2540358267716536
 20
1.0762448425196851
 30
0
 11
1.2541403543307086
 21
1.076234527559055
 31
0
  0
LINE
  5
9AE
330
1A
100
AcDbEntity
  8
BLACK
  6
CONTINUOUS
100
AcDbLine
 10
1.2541403543307086
 20
1.076234527559055
 30
0
 11
1.2542124409448818
 21
1.0762046850393701
 31
0
  0
LINE
  5
9AF
330
1A
100
AcDbEntity
  8
BLACK
  6
CONTINUOUS
100
AcDbLine
 10
1.2542124409448818
 20
1.0762046850393701
 30
0
 11
1.254498031496063
 21
1.0761397244094488
 31
0
  0
LINE
  5
9B0
330
1A
100
AcDbEntity
  8
BLACK
  6
CONTINUOUS
100
AcDbLine
 10
1.254498031496063
 20
1.0761397244094488
 30
0
 11
1.2601223228346456
 21
1.0742649606299213
 31
0
  0
LINE
  5
9B1
330
1A
100
AcDbEntity
  8
BLACK
  6
CONTINUOUS
100
AcDbLine
 10
1.2601223228346456
 20
1.0742649606299213
 30
0
 11
1.2606508661417322
 21
1.0740289763779527
 31
0
  0
LINE
  5
9B2
330
1A
100
AcDbEntity
  8
BLACK
  6
CONTINUOUS
100
AcDbLine
 10
1.2606508661417322
 20
1.0740289763779527
 30
0
 11
1.2607309842519685
 21
1.0739594881889765
 31
0
  0
LINE
  5
9B3
330
1A
100
AcDbEntity
  8
BLACK
  6
CONTINUOUS
100
AcDbLine
 10
1.2607309842519685
 20
1.0739594881889765
 30
0
 11
1.2608290551181103
 21
1.0739188582677166
 31
0
  0
LINE
  5
9B4
330
1A
100
AcDbEntity
  8
BLACK
  6
CONTINUOUS
100
AcDbLine
 10
1.2608290551181103
 20
1.0739188582677166
 30
0
 11
1.2612764960629921
 21
1.0735516535433072
 31
0
  0
LINE
  5
9B5
330
1A
100
AcDbEntity
  8
BLACK
  6
CONTINUOUS
100
AcDbLine
 10
1.2612764960629921
 20
1.0735516535433072
 30
0
 11
1.278733031496063
 21
1.056095157480315
 31
0
  0
LINE
  5
9B6
330
1A
100
AcDbEntity
  8
BLACK
  6
CONTINUOUS
100
AcDbLine
 10
1.278733031496063
 20
1.056095157480315
 30
0
 11
1.278733031496063
 21
1.0733385039370078
 31
0
  0
LINE
  5
9B7
330
1A
100
AcDbEntity
  8
BLACK
  6
CONTINUOUS
100
AcDbLine
 10
1.278733031496063
 20
1.0733385039370078
 30
0
 11
1.2787897637795276
 21
1.0739145669291339
 31
0
  0
LINE
  5
9B8
330
1A
100
AcDbEntity
  8
BLACK
  6
CONTINUOUS
100
AcDbLine
 10
1.2787897637795276
 20
1.0739145669291339
 30
0
 11
1.2792306692913387
 21
1.0749789763779527
 31
0
  0
LINE
  5
9B9
330
1A
100
AcDbEntity
  8
BLACK
  6
CONTINUOUS
100
AcDbLine
 10
1.2792306692913387
 20
1.0749789763779527
 30
0
 11
1.2800453149606299
 21
1.0757936220472442
 31
0
  0
LINE
  5
9BA
330
1A
100
AcDbEntity
  8
BLACK
  6
CONTINUOUS
100
AcDbLine
 10
1.2800453149606299
 20
1.0757936220472442
 30
0
 11
1.2811097244094487
 21
1.076234527559055
 31
0
  0
LINE
  5
9BB
330
1A
100
AcDbEntity
  8
BLACK
  6
CONTINUOUS
100
AcDbLine
 10
1.2811097244094487
 20
1.076234527559055
 30
0
 11
1.2822618503937007
 21
1.076234527559055
 31
0
  0
LINE
  5
9BC
330
1A
100
AcDbEntity
  8
BLACK
  6
CONTINUOUS
100
AcDbLine
 10
1.2822618503937007
 20
1.076234527559055
 30
0
 11
1.2833262598425197
 21
1.0757936220472442
 31
0
  0
LINE
  5
9BD
330
1A
100
AcDbEntity
  8
BLACK
  6
CONTINUOUS
100
AcDbLine
 10
1.2833262598425197
 20
1.0757936220472442
 30
0
 11
1.2841409055118109
 21
1.0749789763779527
 31
0
  0
LINE
  5
9BE
330
1A
100
AcDbEntity
  8
BLACK
  6
CONTINUOUS
100
AcDbLine
 10
1.2841409055118109
 20
1.0749789763779527
 30
0
 11
1.284581811023622
 21
1.0739145669291339
 31
0
  0
LINE
  5
9BF
330
1A
100
AcDbEntity
  8
BLACK
  6
CONTINUOUS
100
AcDbLine
 10
1.284581811023622
 20
1.0739145669291339
 30
0
 11
1.2846385433070866
 21
1.0733385039370078
 31
0
  0
LINE
  5
9C0
330
1A
100
AcDbEntity
  8
BLACK
  6
CONTINUOUS
100
AcDbLine
 10
1.2846385433070866
 20
1.0733385039370078
 30
0
 11
1.2846385433070866
 21
1.0489665748031496
 31
0
  0
LINE
  5
9C1
330
1A
100
AcDbEntity
  8
BLACK
  6
CONTINUOUS
100
AcDbLine
 10
1.2846385433070866
 20
1.0489665748031496
 30
0
 11
1.284581811023622
 21
1.0483905118110235
 31
0
  0
LINE
  5
9C2
330
1A
100
AcDbEntity
  8
BLACK
  6
CONTINUOUS
100
AcDbLine
 10
1.284581811023622
 20
1.0483905118110235
 30
0
 11
1.2844526771653544
 21
1.048078779527559
 31
0
  0
LINE
  5
9C3
330
1A
100
AcDbEntity
  8
BLACK
  6
CONTINUOUS
100
AcDbLine
 10
1.2844526771653544
 20
1.048078779527559
 30
0
 11
1.2841409448818897
 21
1.0473261023622047
 31
0
  0
LINE
  5
9C4
330
1A
100
AcDbEntity
  8
BLACK
  6
CONTINUOUS
100
AcDbLine
 10
1.2841409448818897
 20
1.0473261023622047
 30
0
 11
1.2833262598425197
 21
1.0465114566929135
 31
0
  0
LINE
  5
9C5
330
1A
100
AcDbEntity
  8
BLACK
  6
CONTINUOUS
100
AcDbLine
 10
1.2833262598425197
 20
1.0465114566929135
 30
0
 11
1.2822618503937007
 21
1.0460705511811024
 31
0
  0
LINE
  5
9C6
330
1A
100
AcDbEntity
  8
BLACK
  6
CONTINUOUS
100
AcDbLine
 10
1.2822618503937007
 20
1.0460705511811024
 30
0
 11
1.2811097637795275
 21
1.0460705511811024
 31
0
  0
LINE
  5
9C7
330
1A
100
AcDbEntity
  8
BLACK
  6
CONTINUOUS
100
AcDbLine
 10
1.2811097637795275
 20
1.0460705511811024
 30
0
 11
1.2811097244094487
 21
1.0460705511811024
 31
0
  0
LINE
  5
9C8
330
1A
100
AcDbEntity
  8
BLACK
  6
CONTINUOUS
100
AcDbLine
 10
1.2811097244094487
 20
1.0460705511811024
 30
0
 11
1.2807979527559055
 21
1.04619968503937
 31
0
  0
LINE
  5
9C9
330
1A
100
AcDbEntity
  8
BLACK
  6
CONTINUOUS
100
AcDbLine
 10
1.2807979527559055
 20
1.04619968503937
 30
0
 11
1.2800453149606299
 21
1.0465114173228347
 31
0
  0
LINE
  5
9CA
330
1A
100
AcDbEntity
  8
BLACK
  6
CONTINUOUS
100
AcDbLine
 10
1.2800453149606299
 20
1.0465114173228347
 30
0
 11
1.2795978740157481
 21
1.0468786614173229
 31
0
  0
LINE
  5
9CB
330
1A
100
AcDbEntity
  8
BLACK
  6
CONTINUOUS
100
AcDbLine
 10
1.2795978740157481
 20
1.0468786614173229
 30
0
 11
1.2575935433070866
 21
1.0688829527559054
 31
0
  0
LINE
  5
9CC
330
1A
100
AcDbEntity
  8
BLACK
  6
CONTINUOUS
100
AcDbLine
 10
1.2575935433070866
 20
1.0688829527559054
 30
0
 11
1.253085157480315
 21
1.070385748031496
 31
0
  0
LINE
  5
9CD
330
1A
100
AcDbEntity
  8
BLACK
  6
CONTINUOUS
100
AcDbLine
 10
1.253085157480315
 20
1.070385748031496
 30
0
 11
1.250511811023622
 21
1.070385748031496
 31
0
  0
LINE
  5
9CE
330
1A
100
AcDbEntity
  8
BLACK
  6
CONTINUOUS
100
AcDbLine
 10
1.250511811023622
 20
1.070385748031496
 30
0
 11
1.2478143307086613
 21
1.0690370078740157
 31
0
  0
LINE
  5
9CF
330
1A
100
AcDbEntity
  8
BLACK
  6
CONTINUOUS
100
AcDbLine
 10
1.2478143307086613
 20
1.0690370078740157
 30
0
 11
1.2466172047244095
 21
1.0678398818897639
 31
0
  0
LINE
  5
9D0
330
1A
100
AcDbEntity
  8
BLACK
  6
CONTINUOUS
100
AcDbLine
 10
1.2466172047244095
 20
1.0678398818897639
 30
0
 11
1.2452684645669292
 21
1.0651424015748032
 31
0
  0
LINE
  5
9D1
330
1A
100
AcDbEntity
  8
BLACK
  6
CONTINUOUS
100
AcDbLine
 10
1.2452684645669292
 20
1.0651424015748032
 30
0
 11
1.2452684645669292
 21
1.0571626771653544
 31
0
  0
LINE
  5
9D2
330
1A
100
AcDbEntity
  8
BLACK
  6
CONTINUOUS
100
AcDbLine
 10
1.2452684645669292
 20
1.0571626771653544
 30
0
 11
1.2466172047244095
 21
1.0544651968503937
 31
0
  0
LINE
  5
9D3
330
1A
100
AcDbEntity
  8
BLACK
  6
CONTINUOUS
100
AcDbLine
 10
1.2466172047244095
 20
1.0544651968503937
 30
0
 11
1.2481531496062992
 21
1.0529292519685038
 31
0
  0
LINE
  5
9D4
330
1A
100
AcDbEntity
  8
BLACK
  6
CONTINUOUS
100
AcDbLine
 10
1.2481531496062992
 20
1.0529292519685038
 30
0
 11
1.2485203543307086
 21
1.052481811023622
 31
0
  0
LINE
  5
9D5
330
1A
100
AcDbEntity
  8
BLACK
  6
CONTINUOUS
100
AcDbLine
 10
1.2485203543307086
 20
1.052481811023622
 30
0
 11
1.2489612598425197
 21
1.0514174015748032
 31
0
  0
LINE
  5
9D6
330
1A
100
AcDbEntity
  8
BLACK
  6
CONTINUOUS
100
AcDbLine
 10
1.2489612598425197
 20
1.0514174015748032
 30
0
 11
1.2489612598425197
 21
1.0502653149606298
 31
0
  0
LINE
  5
9D7
330
1A
100
AcDbEntity
  8
BLACK
  6
CONTINUOUS
100
AcDbLine
 10
1.2489612598425197
 20
1.0502653149606298
 30
0
 11
1.2485203543307086
 21
1.049200905511811
 31
0
  0
LINE
  5
9D8
330
1A
100
AcDbEntity
  8
BLACK
  6
CONTINUOUS
100
AcDbLine
 10
1.2485203543307086
 20
1.049200905511811
 30
0
 11
1.2477056692913386
 21
1.048386220472441
 31
0
  0
LINE
  5
9D9
330
1A
100
AcDbEntity
  8
BLACK
  6
CONTINUOUS
100
AcDbLine
 10
1.2477056692913386
 20
1.048386220472441
 30
0
 11
1.2466412598425196
 21
1.0479453149606299
 31
0
  0
LINE
  5
9DA
330
1A
100
AcDbEntity
  8
BLACK
  6
CONTINUOUS
100
AcDbLine
 10
1.2466412598425196
 20
1.0479453149606299
 30
0
 11
1.2454891732283464
 21
1.0479453149606299
 31
0
  0
LINE
  5
9DB
330
1A
100
AcDbEntity
  8
BLACK
  6
CONTINUOUS
100
AcDbLine
 10
1.2454891732283464
 20
1.0479453149606299
 30
0
 11
1.2444247637795276
 21
1.048386220472441
 31
0
  0
LINE
  5
9DC
330
1A
100
AcDbEntity
  8
BLACK
  6
CONTINUOUS
100
AcDbLine
 10
1.2444247637795276
 20
1.048386220472441
 30
0
 11
1.2439773228346456
 21
1.0487534251968504
 31
0
  0
LINE
  5
9DD
330
1A
100
AcDbEntity
  8
BLACK
  6
CONTINUOUS
100
AcDbLine
 10
1.2439773228346456
 20
1.0487534251968504
 30
0
 11
1.242102559055118
 21
1.050628188976378
 31
0
  0
LINE
  5
9DE
330
1A
100
AcDbEntity
  8
BLACK
  6
CONTINUOUS
100
AcDbLine
 10
1.242102559055118
 20
1.050628188976378
 30
0
 11
1.2419167716535433
 21
1.0508545669291338
 31
0
  0
LINE
  5
9DF
330
1A
100
AcDbEntity
  8
BLACK
  6
CONTINUOUS
100
AcDbLine
 10
1.2419167716535433
 20
1.0508545669291338
 30
0
 11
1.2418577952755905
 21
1.0509057086614173
 31
0
  0
LINE
  5
9E0
330
1A
100
AcDbEntity
  8
BLACK
  6
CONTINUOUS
100
AcDbLine
 10
1.2418577952755905
 20
1.0509057086614173
 30
0
 11
1.241801811023622
 21
1.0509946850393701
 31
0
  0
LINE
  5
9E1
330
1A
100
AcDbEntity
  8
BLACK
  6
CONTINUOUS
100
AcDbLine
 10
1.241801811023622
 20
1.0509946850393701
 30
0
 11
1.2417353543307086
 21
1.0510756299212598
 31
0
  0
LINE
  5
9E2
330
1A
100
AcDbEntity
  8
BLACK
  6
CONTINUOUS
100
AcDbLine
 10
1.2417353543307086
 20
1.0510756299212598
 30
0
 11
1.2417055118110236
 21
1.0511475984251968
 31
0
  0
LINE
  5
9E3
330
1A
100
AcDbEntity
  8
BLACK
  6
CONTINUOUS
100
AcDbLine
 10
1.2417055118110236
 20
1.0511475984251968
 30
0
 11
1.2415494488188976
 21
1.0513955905511811
 31
0
  0
LINE
  5
9E4
330
1A
100
AcDbEntity
  8
BLACK
  6
CONTINUOUS
100
AcDbLine
 10
1.2415494488188976
 20
1.0513955905511811
 30
0
 11
1.2396746850393701
 21
1.0551451181102363
 31
0
  0
LINE
  5
9E5
330
1A
100
AcDbEntity
  8
BLACK
  6
CONTINUOUS
100
AcDbLine
 10
1.2396746850393701
 20
1.0551451181102363
 30
0
 11
1.2394677952755906
 21
1.0556857480314961
 31
0
  0
LINE
  5
9E6
330
1A
100
AcDbEntity
  8
BLACK
  6
CONTINUOUS
100
AcDbLine
 10
1.2394677952755906
 20
1.0556857480314961
 30
0
 11
1.2394602755905511
 21
1.0557915748031497
 31
0
  0
LINE
  5
9E7
330
1A
100
AcDbEntity
  8
BLACK
  6
CONTINUOUS
100
AcDbLine
 10
1.2394602755905511
 20
1.0557915748031497
 30
0
 11
1.2394196850393699
 21
1.0558895669291339
 31
0
  0
LINE
  5
9E8
330
1A
100
AcDbEntity
  8
BLACK
  6
CONTINUOUS
100
AcDbLine
 10
1.2394196850393699
 20
1.0558895669291339
 30
0
 11
1.2393629527559056
 21
1.0564656299212598
 31
0
  0
LINE
  5
9E9
330
1A
100
AcDbEntity
  8
BLACK
  6
CONTINUOUS
100
AcDbLine
 10
1.2393629527559056
 20
1.0564656299212598
 30
0
 11
1.2393629527559056
 21
1.0658394488188976
 31
0
  0
LINE
  5
9EA
330
1A
100
AcDbEntity
  8
BLACK
  6
CONTINUOUS
100
AcDbLine
 10
1.2393629527559056
 20
1.0658394488188976
 30
0
 11
1.2394196850393699
 21
1.0664155118110237
 31
0
  0
LINE
  5
9EB
330
1A
100
AcDbEntity
  8
BLACK
  6
CONTINUOUS
100
AcDbLine
 10
1.2394196850393699
 20
1.0664155118110237
 30
0
 11
1.2394602755905511
 21
1.0665135433070867
 31
0
  0
LINE
  5
9EC
330
1A
100
AcDbEntity
  8
BLACK
  6
CONTINUOUS
100
AcDbLine
 10
1.2394602755905511
 20
1.0665135433070867
 30
0
 11
1.2394677952755906
 21
1.0666193307086613
 31
0
  0
LINE
  5
9ED
330
1A
100
AcDbEntity
  8
BLACK
  6
CONTINUOUS
100
AcDbLine
 10
1.2394677952755906
 20
1.0666193307086613
 30
0
 11
1.2396746850393701
 21
1.0671599606299211
 31
0
  0
LINE
  5
9EE
330
1A
100
AcDbEntity
  8
BLACK
  6
CONTINUOUS
100
AcDbLine
 10
1.2396746850393701
 20
1.0671599606299211
 30
0
 11
1.2415494488188976
 21
1.0709094881889762
 31
0
  0
LINE
  5
9EF
330
1A
100
AcDbEntity
  8
BLACK
  6
CONTINUOUS
100
AcDbLine
 10
1.2415494488188976
 20
1.0709094881889762
 30
0
 11
1.2417055118110236
 21
1.0711575196850394
 31
0
  0
LINE
  5
9F0
330
1A
100
AcDbEntity
  8
BLACK
  6
CONTINUOUS
100
AcDbLine
 10
1.2417055118110236
 20
1.0711575196850394
 30
0
 11
1.2417353543307086
 21
1.0712294488188976
 31
0
  0
LINE
  5
9F1
330
1A
100
AcDbEntity
  8
BLACK
  6
CONTINUOUS
100
AcDbLine
 10
1.2417353543307086
 20
1.0712294488188976
 30
0
 11
1.241801811023622
 21
1.071310433070866
 31
0
  0
LINE
  5
9F2
330
1A
100
AcDbEntity
  8
BLACK
  6
CONTINUOUS
100
AcDbLine
 10
1.241801811023622
 20
1.071310433070866
 30
0
 11
1.2418577952755905
 21
1.0713993700787401
 31
0
  0
LINE
  5
9F3
330
1A
100
AcDbEntity
  8
BLACK
  6
CONTINUOUS
100
AcDbLine
 10
1.2418577952755905
 20
1.0713993700787401
 30
0
 11
1.2419167716535433
 21
1.0714505511811023
 31
0
  0
LINE
  5
9F4
330
1A
100
AcDbEntity
  8
BLACK
  6
CONTINUOUS
100
AcDbLine
 10
1.2419167716535433
 20
1.0714505511811023
 30
0
 11
1.242102559055118
 21
1.0716768897637794
 31
0
  0
LINE
  5
9F5
330
1A
100
AcDbEntity
  8
BLACK
  6
CONTINUOUS
100
AcDbLine
 10
1.242102559055118
 20
1.0716768897637794
 30
0
 11
1.2439773228346456
 21
1.0735516535433072
 31
0
  0
LINE
  5
9F6
330
1A
100
AcDbEntity
  8
BLACK
  6
CONTINUOUS
100
AcDbLine
 10
1.2439773228346456
 20
1.0735516535433072
 30
0
 11
1.2442036614173229
 21
1.0737374409448819
 31
0
  0
LINE
  5
9F7
330
1A
100
AcDbEntity
  8
BLACK
  6
CONTINUOUS
100
AcDbLine
 10
1.2442036614173229
 20
1.0737374409448819
 30
0
 11
1.2442548425196851
 21
1.0737964173228347
 31
0
  0
LINE
  5
9F8
330
1A
100
AcDbEntity
  8
BLACK
  6
CONTINUOUS
100
AcDbLine
 10
1.2442548425196851
 20
1.0737964173228347
 30
0
 11
1.2443437795275589
 21
1.0738524015748032
 31
0
  0
LINE
  5
9F9
330
1A
100
AcDbEntity
  8
BLACK
  6
CONTINUOUS
100
AcDbLine
 10
1.2443437795275589
 20
1.0738524015748032
 30
0
 11
1.2444247637795276
 21
1.0739188582677166
 31
0
  0
LINE
  5
9FA
330
1A
100
AcDbEntity
  8
BLACK
  6
CONTINUOUS
100
AcDbLine
 10
1.2444247637795276
 20
1.0739188582677166
 30
0
 11
1.2444966929133858
 21
1.0739487007874016
 31
0
  0
LINE
  5
9FB
330
1A
100
AcDbEntity
  8
BLACK
  6
CONTINUOUS
100
AcDbLine
 10
1.2444966929133858
 20
1.0739487007874016
 30
0
 11
1.2447447244094487
 21
1.0741047637795276
 31
0
  0
LINE
  5
9FC
330
1A
100
AcDbEntity
  8
BLACK
  6
CONTINUOUS
100
AcDbLine
 10
1.2447447244094487
 20
1.0741047637795276
 30
0
 11
1.2484942519685038
 21
1.0759795275590551
 31
0
  0
LINE
  5
9FD
330
1A
100
AcDbEntity
  8
BLACK
  6
CONTINUOUS
100
AcDbLine
 10
1.2484942519685038
 20
1.0759795275590551
 30
0
 11
1.2490348425196851
 21
1.0761864173228346
 31
0
  0
LINE
  5
9FE
330
1A
100
AcDbEntity
  8
BLACK
  6
CONTINUOUS
100
AcDbLine
 10
1.2490348425196851
 20
1.0761864173228346
 30
0
 11
1.2491407086614172
 21
1.0761939763779527
 31
0
  0
LINE
  5
9FF
330
1A
100
AcDbEntity
  8
BLACK
  6
CONTINUOUS
100
AcDbLine
 10
1.2491407086614172
 20
1.0761939763779527
 30
0
 11
1.2492387007874015
 21
1.076234527559055
 31
0
  0
LINE
  5
A00
330
1A
100
AcDbEntity
  8
BLACK
  6
CONTINUOUS
100
AcDbLine
 10
1.2492387007874015
 20
1.076234527559055
 30
0
 11
1.2498147637795276
 21
1.0762912598425196
 31
0
  0
LINE
  5
A01
330
1A
100
AcDbEntity
  8
BLACK
  6
CONTINUOUS
100
AcDbLine
 10
1.2498147637795276
 20
1.0762912598425196
 30
0
 11
1.2535642913385827
 21
1.0762912598425196
 31
0
  0
LINE
  5
A02
330
1A
100
AcDbEntity
  8
BLACK
  6
CONTINUOUS
100
AcDbLine
 10
1.2535642913385827
 20
1.0762912598425196
 30
0
 11
1.2538558267716535
 21
1.076262559055118
 31
0
  0
LINE
  5
A03
330
1A
100
AcDbEntity
  8
BLACK
  6
CONTINUOUS
100
AcDbLine
 10
0.3718879133858268
 20
1.1983283858267717
 30
0
 11
0.3727025590551181
 21
1.1975137401574802
 31
0
  0
LINE
  5
A04
330
1A
100
AcDbEntity
  8
BLACK
  6
CONTINUOUS
100
AcDbLine
 10
0.3727025590551181
 20
1.1975137401574802
 30
0
 11
0.3731434645669292
 21
1.1964493307086614
 31
0
  0
LINE
  5
A05
330
1A
100
AcDbEntity
  8
BLACK
  6
CONTINUOUS
100
AcDbLine
 10
0.3731434645669292
 20
1.1964493307086614
 30
0
 11
0.3732001968503937
 21
1.1958732677165353
 31
0
  0
LINE
  5
A06
330
1A
100
AcDbEntity
  8
BLACK
  6
CONTINUOUS
100
AcDbLine
 10
0.3732001968503937
 20
1.1958732677165353
 30
0
 11
0.3732001968503937
 21
1.167751811023622
 31
0
  0
LINE
  5
A07
330
1A
100
AcDbEntity
  8
BLACK
  6
CONTINUOUS
100
AcDbLine
 10
0.3732001968503937
 20
1.167751811023622
 30
0
 11
0.3731714566929134
 21
1.1674602362204725
 31
0
  0
LINE
  5
A08
330
1A
100
AcDbEntity
  8
BLACK
  6
CONTINUOUS
100
AcDbLine
 10
0.3731714566929134
 20
1.1674602362204725
 30
0
 11
0.3731770078740158
 21
1.1673824803149606
 31
0
  0
LINE
  5
A09
330
1A
100
AcDbEntity
  8
BLACK
  6
CONTINUOUS
100
AcDbLine
 10
0.3731770078740158
 20
1.1673824803149606
 30
0
 11
0.3731537401574803
 21
1.1672802362204724
 31
0
  0
LINE
  5
A0A
330
1A
100
AcDbEntity
  8
BLACK
  6
CONTINUOUS
100
AcDbLine
 10
0.3731537401574803
 20
1.1672802362204724
 30
0
 11
0.3731434645669292
 21
1.1671757480314959
 31
0
  0
LINE
  5
A0B
330
1A
100
AcDbEntity
  8
BLACK
  6
CONTINUOUS
100
AcDbLine
 10
0.3731434645669292
 20
1.1671757480314959
 30
0
 11
0.3731135826771653
 21
1.1671037007874014
 31
0
  0
LINE
  5
A0C
330
1A
100
AcDbEntity
  8
BLACK
  6
CONTINUOUS
100
AcDbLine
 10
0.3731135826771653
 20
1.1671037007874014
 30
0
 11
0.3730486614173228
 21
1.166818031496063
 31
0
  0
LINE
  5
A0D
330
1A
100
AcDbEntity
  8
BLACK
  6
CONTINUOUS
100
AcDbLine
 10
0.3730486614173228
 20
1.166818031496063
 30
0
 11
0.3711738976377953
 21
1.1611937795275591
 31
0
  0
LINE
  5
A0E
330
1A
100
AcDbEntity
  8
BLACK
  6
CONTINUOUS
100
AcDbLine
 10
0.3711738976377953
 20
1.1611937795275591
 30
0
 11
0.3709379133858268
 21
1.1606651968503936
 31
0
  0
LINE
  5
A0F
330
1A
100
AcDbEntity
  8
BLACK
  6
CONTINUOUS
100
AcDbLine
 10
0.3709379133858268
 20
1.1606651968503936
 30
0
 11
0.3708683858267716
 21
1.1605850787401575
 31
0
  0
LINE
  5
A10
330
1A
100
AcDbEntity
  8
BLACK
  6
CONTINUOUS
100
AcDbLine
 10
0.3708683858267716
 20
1.1605850787401575
 30
0
 11
0.3708278346456693
 21
1.1604870866141732
 31
0
  0
LINE
  5
A11
330
1A
100
AcDbEntity
  8
BLACK
  6
CONTINUOUS
100
AcDbLine
 10
0.3708278346456693
 20
1.1604870866141732
 30
0
 11
0.3704606299212598
 21
1.1600396456692914
 31
0
  0
LINE
  5
A12
330
1A
100
AcDbEntity
  8
BLACK
  6
CONTINUOUS
100
AcDbLine
 10
0.3704606299212598
 20
1.1600396456692914
 30
0
 11
0.366711062992126
 21
1.1562900393700788
 31
0
  0
LINE
  5
A13
330
1A
100
AcDbEntity
  8
BLACK
  6
CONTINUOUS
100
AcDbLine
 10
0.366711062992126
 20
1.1562900393700788
 30
0
 11
0.3662636220472441
 21
1.1559228346456694
 31
0
  0
LINE
  5
A14
330
1A
100
AcDbEntity
  8
BLACK
  6
CONTINUOUS
100
AcDbLine
 10
0.3662636220472441
 20
1.1559228346456694
 30
0
 11
0.3661655511811023
 21
1.1558822440944883
 31
0
  0
LINE
  5
A15
330
1A
100
AcDbEntity
  8
BLACK
  6
CONTINUOUS
100
AcDbLine
 10
0.3661655511811023
 20
1.1558822440944883
 30
0
 11
0.3660854330708661
 21
1.155812716535433
 31
0
  0
LINE
  5
A16
330
1A
100
AcDbEntity
  8
BLACK
  6
CONTINUOUS
100
AcDbLine
 10
0.3660854330708661
 20
1.155812716535433
 30
0
 11
0.3655568897637795
 21
1.1555767322834645
 31
0
  0
LINE
  5
A17
330
1A
100
AcDbEntity
  8
BLACK
  6
CONTINUOUS
100
AcDbLine
 10
0.3655568897637795
 20
1.1555767322834645
 30
0
 11
0.3599325984251968
 21
1.1537019685039369
 31
0
  0
LINE
  5
A18
330
1A
100
AcDbEntity
  8
BLACK
  6
CONTINUOUS
100
AcDbLine
 10
0.3599325984251968
 20
1.1537019685039369
 30
0
 11
0.3596470078740158
 21
1.1536370472440944
 31
0
  0
LINE
  5
A19
330
1A
100
AcDbEntity
  8
BLACK
  6
CONTINUOUS
100
AcDbLine
 10
0.3596470078740158
 20
1.1536370472440944
 30
0
 11
0.3595749212598425
 21
1.1536071653543307
 31
0
  0
LINE
  5
A1A
330
1A
100
AcDbEntity
  8
BLACK
  6
CONTINUOUS
100
AcDbLine
 10
0.3595749212598425
 20
1.1536071653543307
 30
0
 11
0.3594703937007874
 21
1.1535968897637796
 31
0
  0
LINE
  5
A1B
330
1A
100
AcDbEntity
  8
BLACK
  6
CONTINUOUS
100
AcDbLine
 10
0.3594703937007874
 20
1.1535968897637796
 30
0
 11
0.3593681496062992
 21
1.1535736220472441
 31
0
  0
LINE
  5
A1C
330
1A
100
AcDbEntity
  8
BLACK
  6
CONTINUOUS
100
AcDbLine
 10
0.3593681496062992
 20
1.1535736220472441
 30
0
 11
0.3592903937007874
 21
1.1535791732283465
 31
0
  0
LINE
  5
A1D
330
1A
100
AcDbEntity
  8
BLACK
  6
CONTINUOUS
100
AcDbLine
 10
0.3592903937007874
 20
1.1535791732283465
 30
0
 11
0.3589988582677165
 21
1.1535504330708661
 31
0
  0
LINE
  5
A1E
330
1A
100
AcDbEntity
  8
BLACK
  6
CONTINUOUS
100
AcDbLine
 10
0.3589988582677165
 20
1.1535504330708661
 30
0
 11
0.3552493307086614
 21
1.1535504330708661
 31
0
  0
LINE
  5
A1F
330
1A
100
AcDbEntity
  8
BLACK
  6
CONTINUOUS
100
AcDbLine
 10
0.3552493307086614
 20
1.1535504330708661
 30
0
 11
0.3546732677165354
 21
1.1536071653543307
 31
0
  0
LINE
  5
A20
330
1A
100
AcDbEntity
  8
BLACK
  6
CONTINUOUS
100
AcDbLine
 10
0.3546732677165354
 20
1.1536071653543307
 30
0
 11
0.3536088582677165
 21
1.1540480708661418
 31
0
  0
LINE
  5
A21
330
1A
100
AcDbEntity
  8
BLACK
  6
CONTINUOUS
100
AcDbLine
 10
0.3536088582677165
 20
1.1540480708661418
 30
0
 11
0.3527942125984252
 21
1.154862716535433
 31
0
  0
LINE
  5
A22
330
1A
100
AcDbEntity
  8
BLACK
  6
CONTINUOUS
100
AcDbLine
 10
0.3527942125984252
 20
1.154862716535433
 30
0
 11
0.3523533070866142
 21
1.1559271259842518
 31
0
  0
LINE
  5
A23
330
1A
100
AcDbEntity
  8
BLACK
  6
CONTINUOUS
100
AcDbLine
 10
0.3523533070866142
 20
1.1559271259842518
 30
0
 11
0.3523533070866142
 21
1.1570792519685038
 31
0
  0
LINE
  5
A24
330
1A
100
AcDbEntity
  8
BLACK
  6
CONTINUOUS
100
AcDbLine
 10
0.3523533070866142
 20
1.1570792519685038
 30
0
 11
0.3527942125984252
 21
1.1581436614173228
 31
0
  0
LINE
  5
A25
330
1A
100
AcDbEntity
  8
BLACK
  6
CONTINUOUS
100
AcDbLine
 10
0.3527942125984252
 20
1.1581436614173228
 30
0
 11
0.3536088582677165
 21
1.1589583070866141
 31
0
  0
LINE
  5
A26
330
1A
100
AcDbEntity
  8
BLACK
  6
CONTINUOUS
100
AcDbLine
 10
0.3536088582677165
 20
1.1589583070866141
 30
0
 11
0.3546732677165354
 21
1.1593992125984252
 31
0
  0
LINE
  5
A27
330
1A
100
AcDbEntity
  8
BLACK
  6
CONTINUOUS
100
AcDbLine
 10
0.3546732677165354
 20
1.1593992125984252
 30
0
 11
0.3552493307086614
 21
1.1594559448818897
 31
0
  0
LINE
  5
A28
330
1A
100
AcDbEntity
  8
BLACK
  6
CONTINUOUS
100
AcDbLine
 10
0.3552493307086614
 20
1.1594559448818897
 30
0
 11
0.3585197244094488
 21
1.1594559448818897
 31
0
  0
LINE
  5
A29
330
1A
100
AcDbEntity
  8
BLACK
  6
CONTINUOUS
100
AcDbLine
 10
0.3585197244094488
 20
1.1594559448818897
 30
0
 11
0.3630281102362204
 21
1.1609587795275591
 31
0
  0
LINE
  5
A2A
330
1A
100
AcDbEntity
  8
BLACK
  6
CONTINUOUS
100
AcDbLine
 10
0.3630281102362204
 20
1.1609587795275591
 30
0
 11
0.3657918503937008
 21
1.1637225590551181
 31
0
  0
LINE
  5
A2B
330
1A
100
AcDbEntity
  8
BLACK
  6
CONTINUOUS
100
AcDbLine
 10
0.3657918503937008
 20
1.1637225590551181
 30
0
 11
0.3672946850393701
 21
1.1682309448818897
 31
0
  0
LINE
  5
A2C
330
1A
100
AcDbEntity
  8
BLACK
  6
CONTINUOUS
100
AcDbLine
 10
0.3672946850393701
 20
1.1682309448818897
 30
0
 11
0.3672946850393701
 21
1.1958732677165353
 31
0
  0
LINE
  5
A2D
330
1A
100
AcDbEntity
  8
BLACK
  6
CONTINUOUS
100
AcDbLine
 10
0.3672946850393701
 20
1.1958732677165353
 30
0
 11
0.3673514173228347
 21
1.1964493307086614
 31
0
  0
LINE
  5
A2E
330
1A
100
AcDbEntity
  8
BLACK
  6
CONTINUOUS
100
AcDbLine
 10
0.3673514173228347
 20
1.1964493307086614
 30
0
 11
0.3677923228346456
 21
1.1975137401574802
 31
0
  0
LINE
  5
A2F
330
1A
100
AcDbEntity
  8
BLACK
  6
CONTINUOUS
100
AcDbLine
 10
0.3677923228346456
 20
1.1975137401574802
 30
0
 11
0.368606968503937
 21
1.1983283858267717
 31
0
  0
LINE
  5
A30
330
1A
100
AcDbEntity
  8
BLACK
  6
CONTINUOUS
100
AcDbLine
 10
0.368606968503937
 20
1.1983283858267717
 30
0
 11
0.3696713779527559
 21
1.1987692913385826
 31
0
  0
LINE
  5
A31
330
1A
100
AcDbEntity
  8
BLACK
  6
CONTINUOUS
100
AcDbLine
 10
0.3696713779527559
 20
1.1987692913385826
 30
0
 11
0.3708235039370079
 21
1.1987692913385826
 31
0
  0
LINE
  5
A32
330
1A
100
AcDbEntity
  8
BLACK
  6
CONTINUOUS
100
AcDbLine
 10
0.3708235039370079
 20
1.1987692913385826
 30
0
 11
0.3718879133858268
 21
1.1983283858267717
 31
0
  0
LINE
  5
A33
330
1A
100
AcDbEntity
  8
BLACK
  6
CONTINUOUS
100
AcDbLine
 10
0.4026945275590551
 20
1.1987692913385826
 30
0
 11
0.4027925196850394
 21
1.1987287007874015
 31
0
  0
LINE
  5
A34
330
1A
100
AcDbEntity
  8
BLACK
  6
CONTINUOUS
100
AcDbLine
 10
0.4027925196850394
 20
1.1987287007874015
 30
0
 11
0.4028983464566929
 21
1.1987211811023621
 31
0
  0
LINE
  5
A35
330
1A
100
AcDbEntity
  8
BLACK
  6
CONTINUOUS
100
AcDbLine
 10
0.4028983464566929
 20
1.1987211811023621
 30
0
 11
0.4034389763779527
 21
1.1985142913385827
 31
0
  0
LINE
  5
A36
330
1A
100
AcDbEntity
  8
BLACK
  6
CONTINUOUS
100
AcDbLine
 10
0.4034389763779527
 20
1.1985142913385827
 30
0
 11
0.4071885039370078
 21
1.1966395275590551
 31
0
  0
LINE
  5
A37
330
1A
100
AcDbEntity
  8
BLACK
  6
CONTINUOUS
100
AcDbLine
 10
0.4071885039370078
 20
1.1966395275590551
 30
0
 11
0.4074364960629921
 21
1.1964834645669291
 31
0
  0
LINE
  5
A38
330
1A
100
AcDbEntity
  8
BLACK
  6
CONTINUOUS
100
AcDbLine
 10
0.4074364960629921
 20
1.1964834645669291
 30
0
 11
0.4075084645669291
 21
1.1964536220472441
 31
0
  0
LINE
  5
A39
330
1A
100
AcDbEntity
  8
BLACK
  6
CONTINUOUS
100
AcDbLine
 10
0.4075084645669291
 20
1.1964536220472441
 30
0
 11
0.4075894094488189
 21
1.1963871653543308
 31
0
  0
LINE
  5
A3A
330
1A
100
AcDbEntity
  8
BLACK
  6
CONTINUOUS
100
AcDbLine
 10
0.4075894094488189
 20
1.1963871653543308
 30
0
 11
0.4076783858267716
 21
1.1963311811023623
 31
0
  0
LINE
  5
A3B
330
1A
100
AcDbEntity
  8
BLACK
  6
CONTINUOUS
100
AcDbLine
 10
0.4076783858267716
 20
1.1963311811023623
 30
0
 11
0.4077295275590551
 21
1.1962722047244094
 31
0
  0
LINE
  5
A3C
330
1A
100
AcDbEntity
  8
BLACK
  6
CONTINUOUS
100
AcDbLine
 10
0.4077295275590551
 20
1.1962722047244094
 30
0
 11
0.407955905511811
 21
1.1960864173228347
 31
0
  0
LINE
  5
A3D
330
1A
100
AcDbEntity
  8
BLACK
  6
CONTINUOUS
100
AcDbLine
 10
0.407955905511811
 20
1.1960864173228347
 30
0
 11
0.4098306692913386
 21
1.1942116535433072
 31
0
  0
LINE
  5
A3E
330
1A
100
AcDbEntity
  8
BLACK
  6
CONTINUOUS
100
AcDbLine
 10
0.4098306692913386
 20
1.1942116535433072
 30
0
 11
0.4100164173228346
 21
1.1939853149606299
 31
0
  0
LINE
  5
A3F
330
1A
100
AcDbEntity
  8
BLACK
  6
CONTINUOUS
100
AcDbLine
 10
0.4100164173228346
 20
1.1939853149606299
 30
0
 11
0.4100754330708661
 21
1.1939341338582676
 31
0
  0
LINE
  5
A40
330
1A
100
AcDbEntity
  8
BLACK
  6
CONTINUOUS
100
AcDbLine
 10
0.4100754330708661
 20
1.1939341338582676
 30
0
 11
0.4101313779527559
 21
1.1938451968503936
 31
0
  0
LINE
  5
A41
330
1A
100
AcDbEntity
  8
BLACK
  6
CONTINUOUS
100
AcDbLine
 10
0.4101313779527559
 20
1.1938451968503936
 30
0
 11
0.410197874015748
 21
1.1937642125984251
 31
0
  0
LINE
  5
A42
330
1A
100
AcDbEntity
  8
BLACK
  6
CONTINUOUS
100
AcDbLine
 10
0.410197874015748
 20
1.1937642125984251
 30
0
 11
0.4102276771653543
 21
1.1936922834645669
 31
0
  0
LINE
  5
A43
330
1A
100
AcDbEntity
  8
BLACK
  6
CONTINUOUS
100
AcDbLine
 10
0.4102276771653543
 20
1.1936922834645669
 30
0
 11
0.4103837795275591
 21
1.193444251968504
 31
0
  0
LINE
  5
A44
330
1A
100
AcDbEntity
  8
BLACK
  6
CONTINUOUS
100
AcDbLine
 10
0.4103837795275591
 20
1.193444251968504
 30
0
 11
0.4122585433070866
 21
1.1896947244094489
 31
0
  0
LINE
  5
A45
330
1A
100
AcDbEntity
  8
BLACK
  6
CONTINUOUS
100
AcDbLine
 10
0.4122585433070866
 20
1.1896947244094489
 30
0
 11
0.4124654330708661
 21
1.1891541338582676
 31
0
  0
LINE
  5
A46
330
1A
100
AcDbEntity
  8
BLACK
  6
CONTINUOUS
100
AcDbLine
 10
0.4124654330708661
 20
1.1891541338582676
 30
0
 11
0.4124729527559055
 21
1.1890482677165355
 31
0
  0
LINE
  5
A47
330
1A
100
AcDbEntity
  8
BLACK
  6
CONTINUOUS
100
AcDbLine
 10
0.4124729527559055
 20
1.1890482677165355
 30
0
 11
0.4125135433070866
 21
1.1889502755905512
 31
0
  0
LINE
  5
A48
330
1A
100
AcDbEntity
  8
BLACK
  6
CONTINUOUS
100
AcDbLine
 10
0.4125135433070866
 20
1.1889502755905512
 30
0
 11
0.4125702755905511
 21
1.1883742125984251
 31
0
  0
LINE
  5
A49
330
1A
100
AcDbEntity
  8
BLACK
  6
CONTINUOUS
100
AcDbLine
 10
0.4125702755905511
 20
1.1883742125984251
 30
0
 11
0.4125702755905511
 21
1.18462468503937
 31
0
  0
LINE
  5
A4A
330
1A
100
AcDbEntity
  8
BLACK
  6
CONTINUOUS
100
AcDbLine
 10
0.4125702755905511
 20
1.18462468503937
 30
0
 11
0.4125415354330709
 21
1.1843331102362205
 31
0
  0
LINE
  5
A4B
330
1A
100
AcDbEntity
  8
BLACK
  6
CONTINUOUS
100
AcDbLine
 10
0.4125415354330709
 20
1.1843331102362205
 30
0
 11
0.4125470866141732
 21
1.1842553543307086
 31
0
  0
LINE
  5
A4C
330
1A
100
AcDbEntity
  8
BLACK
  6
CONTINUOUS
100
AcDbLine
 10
0.4125470866141732
 20
1.1842553543307086
 30
0
 11
0.4125238188976378
 21
1.1841531102362204
 31
0
  0
LINE
  5
A4D
330
1A
100
AcDbEntity
  8
BLACK
  6
CONTINUOUS
100
AcDbLine
 10
0.4125238188976378
 20
1.1841531102362204
 30
0
 11
0.4125135433070866
 21
1.1840486220472441
 31
0
  0
LINE
  5
A4E
330
1A
100
AcDbEntity
  8
BLACK
  6
CONTINUOUS
100
AcDbLine
 10
0.4125135433070866
 20
1.1840486220472441
 30
0
 11
0.4124836614173228
 21
1.1839765748031497
 31
0
  0
LINE
  5
A4F
330
1A
100
AcDbEntity
  8
BLACK
  6
CONTINUOUS
100
AcDbLine
 10
0.4124836614173228
 20
1.1839765748031497
 30
0
 11
0.4124187401574803
 21
1.183690905511811
 31
0
  0
LINE
  5
A50
330
1A
100
AcDbEntity
  8
BLACK
  6
CONTINUOUS
100
AcDbLine
 10
0.4124187401574803
 20
1.183690905511811
 30
0
 11
0.4105439763779528
 21
1.1780666535433071
 31
0
  0
LINE
  5
A51
330
1A
100
AcDbEntity
  8
BLACK
  6
CONTINUOUS
100
AcDbLine
 10
0.4105439763779528
 20
1.1780666535433071
 30
0
 11
0.4103079921259842
 21
1.1775380708661416
 31
0
  0
LINE
  5
A52
330
1A
100
AcDbEntity
  8
BLACK
  6
CONTINUOUS
100
AcDbLine
 10
0.4103079921259842
 20
1.1775380708661416
 30
0
 11
0.4102385039370079
 21
1.1774579921259842
 31
0
  0
LINE
  5
A53
330
1A
100
AcDbEntity
  8
BLACK
  6
CONTINUOUS
100
AcDbLine
 10
0.4102385039370079
 20
1.1774579921259842
 30
0
 11
0.4101979133858268
 21
1.1773599212598425
 31
0
  0
LINE
  5
A54
330
1A
100
AcDbEntity
  8
BLACK
  6
CONTINUOUS
100
AcDbLine
 10
0.4101979133858268
 20
1.1773599212598425
 30
0
 11
0.4098306692913386
 21
1.1769124803149607
 31
0
  0
LINE
  5
A55
330
1A
100
AcDbEntity
  8
BLACK
  6
CONTINUOUS
100
AcDbLine
 10
0.4098306692913386
 20
1.1769124803149607
 30
0
 11
0.3923741732283464
 21
1.1594559448818897
 31
0
  0
LINE
  5
A56
330
1A
100
AcDbEntity
  8
BLACK
  6
CONTINUOUS
100
AcDbLine
 10
0.3923741732283464
 20
1.1594559448818897
 30
0
 11
0.4096175196850393
 21
1.1594559448818897
 31
0
  0
LINE
  5
A57
330
1A
100
AcDbEntity
  8
BLACK
  6
CONTINUOUS
100
AcDbLine
 10
0.4096175196850393
 20
1.1594559448818897
 30
0
 11
0.4101935826771653
 21
1.1593992125984252
 31
0
  0
LINE
  5
A58
330
1A
100
AcDbEntity
  8
BLACK
  6
CONTINUOUS
100
AcDbLine
 10
0.4101935826771653
 20
1.1593992125984252
 30
0
 11
0.4112579921259842
 21
1.1589583070866141
 31
0
  0
LINE
  5
A59
330
1A
100
AcDbEntity
  8
BLACK
  6
CONTINUOUS
100
AcDbLine
 10
0.4112579921259842
 20
1.1589583070866141
 30
0
 11
0.4120726377952756
 21
1.1581436614173228
 31
0
  0
LINE
  5
A5A
330
1A
100
AcDbEntity
  8
BLACK
  6
CONTINUOUS
100
AcDbLine
 10
0.4120726377952756
 20
1.1581436614173228
 30
0
 11
0.4125135433070866
 21
1.1570792519685038
 31
0
  0
LINE
  5
A5B
330
1A
100
AcDbEntity
  8
BLACK
  6
CONTINUOUS
100
AcDbLine
 10
0.4125135433070866
 20
1.1570792519685038
 30
0
 11
0.4125135433070866
 21
1.1559271259842518
 31
0
  0
LINE
  5
A5C
330
1A
100
AcDbEntity
  8
BLACK
  6
CONTINUOUS
100
AcDbLine
 10
0.4125135433070866
 20
1.1559271259842518
 30
0
 11
0.4120726377952756
 21
1.154862716535433
 31
0
  0
LINE
  5
A5D
330
1A
100
AcDbEntity
  8
BLACK
  6
CONTINUOUS
100
AcDbLine
 10
0.4120726377952756
 20
1.154862716535433
 30
0
 11
0.4112579921259842
 21
1.1540480708661418
 31
0
  0
LINE
  5
A5E
330
1A
100
AcDbEntity
  8
BLACK
  6
CONTINUOUS
100
AcDbLine
 10
0.4112579921259842
 20
1.1540480708661418
 30
0
 11
0.4101935826771653
 21
1.1536071653543307
 31
0
  0
LINE
  5
A5F
330
1A
100
AcDbEntity
  8
BLACK
  6
CONTINUOUS
100
AcDbLine
 10
0.4101935826771653
 20
1.1536071653543307
 30
0
 11
0.4096175196850393
 21
1.1535504330708661
 31
0
  0
LINE
  5
A60
330
1A
100
AcDbEntity
  8
BLACK
  6
CONTINUOUS
100
AcDbLine
 10
0.4096175196850393
 20
1.1535504330708661
 30
0
 11
0.3852455905511811
 21
1.1535504330708661
 31
0
  0
LINE
  5
A61
330
1A
100
AcDbEntity
  8
BLACK
  6
CONTINUOUS
100
AcDbLine
 10
0.3852455905511811
 20
1.1535504330708661
 30
0
 11
0.3846695275590551
 21
1.1536071653543307
 31
0
  0
LINE
  5
A62
330
1A
100
AcDbEntity
  8
BLACK
  6
CONTINUOUS
100
AcDbLine
 10
0.3846695275590551
 20
1.1536071653543307
 30
0
 11
0.3836051181102362
 21
1.1540480708661418
 31
0
  0
LINE
  5
A63
330
1A
100
AcDbEntity
  8
BLACK
  6
CONTINUOUS
100
AcDbLine
 10
0.3836051181102362
 20
1.1540480708661418
 30
0
 11
0.3827904724409449
 21
1.154862716535433
 31
0
  0
LINE
  5
A64
330
1A
100
AcDbEntity
  8
BLACK
  6
CONTINUOUS
100
AcDbLine
 10
0.3827904724409449
 20
1.154862716535433
 30
0
 11
0.3823495669291339
 21
1.1559271259842518
 31
0
  0
LINE
  5
A65
330
1A
100
AcDbEntity
  8
BLACK
  6
CONTINUOUS
100
AcDbLine
 10
0.3823495669291339
 20
1.1559271259842518
 30
0
 11
0.3823495669291339
 21
1.1570792519685038
 31
0
  0
LINE
  5
A66
330
1A
100
AcDbEntity
  8
BLACK
  6
CONTINUOUS
100
AcDbLine
 10
0.3823495669291339
 20
1.1570792519685038
 30
0
 11
0.3827904724409449
 21
1.1581436614173228
 31
0
  0
LINE
  5
A67
330
1A
100
AcDbEntity
  8
BLACK
  6
CONTINUOUS
100
AcDbLine
 10
0.3827904724409449
 20
1.1581436614173228
 30
0
 11
0.3831576771653543
 21
1.1585911023622046
 31
0
  0
LINE
  5
A68
330
1A
100
AcDbEntity
  8
BLACK
  6
CONTINUOUS
100
AcDbLine
 10
0.3831576771653543
 20
1.1585911023622046
 30
0
 11
0.4051619291338582
 21
1.1805954330708661
 31
0
  0
LINE
  5
A69
330
1A
100
AcDbEntity
  8
BLACK
  6
CONTINUOUS
100
AcDbLine
 10
0.4051619291338582
 20
1.1805954330708661
 30
0
 11
0.4066647637795275
 21
1.1851038188976377
 31
0
  0
LINE
  5
A6A
330
1A
100
AcDbEntity
  8
BLACK
  6
CONTINUOUS
100
AcDbLine
 10
0.4066647637795275
 20
1.1851038188976377
 30
0
 11
0.4066647637795275
 21
1.1876771653543308
 31
0
  0
LINE
  5
A6B
330
1A
100
AcDbEntity
  8
BLACK
  6
CONTINUOUS
100
AcDbLine
 10
0.4066647637795275
 20
1.1876771653543308
 30
0
 11
0.4053160236220472
 21
1.1903746456692914
 31
0
  0
LINE
  5
A6C
330
1A
100
AcDbEntity
  8
BLACK
  6
CONTINUOUS
100
AcDbLine
 10
0.4053160236220472
 20
1.1903746456692914
 30
0
 11
0.4041188976377953
 21
1.1915717716535432
 31
0
  0
LINE
  5
A6D
330
1A
100
AcDbEntity
  8
BLACK
  6
CONTINUOUS
100
AcDbLine
 10
0.4041188976377953
 20
1.1915717716535432
 30
0
 11
0.4014214173228347
 21
1.1929205118110235
 31
0
  0
LINE
  5
A6E
330
1A
100
AcDbEntity
  8
BLACK
  6
CONTINUOUS
100
AcDbLine
 10
0.4014214173228347
 20
1.1929205118110235
 30
0
 11
0.3934416929133858
 21
1.1929205118110235
 31
0
  0
LINE
  5
A6F
330
1A
100
AcDbEntity
  8
BLACK
  6
CONTINUOUS
100
AcDbLine
 10
0.3934416929133858
 20
1.1929205118110235
 30
0
 11
0.3907442125984252
 21
1.1915717716535432
 31
0
  0
LINE
  5
A70
330
1A
100
AcDbEntity
  8
BLACK
  6
CONTINUOUS
100
AcDbLine
 10
0.3907442125984252
 20
1.1915717716535432
 30
0
 11
0.3892082677165354
 21
1.1900358267716535
 31
0
  0
LINE
  5
A71
330
1A
100
AcDbEntity
  8
BLACK
  6
CONTINUOUS
100
AcDbLine
 10
0.3892082677165354
 20
1.1900358267716535
 30
0
 11
0.3887608267716535
 21
1.1896686220472441
 31
0
  0
LINE
  5
A72
330
1A
100
AcDbEntity
  8
BLACK
  6
CONTINUOUS
100
AcDbLine
 10
0.3887608267716535
 20
1.1896686220472441
 30
0
 11
0.3876963779527559
 21
1.189227716535433
 31
0
  0
LINE
  5
A73
330
1A
100
AcDbEntity
  8
BLACK
  6
CONTINUOUS
100
AcDbLine
 10
0.3876963779527559
 20
1.189227716535433
 30
0
 11
0.3865443307086614
 21
1.189227716535433
 31
0
  0
LINE
  5
A74
330
1A
100
AcDbEntity
  8
BLACK
  6
CONTINUOUS
100
AcDbLine
 10
0.3865443307086614
 20
1.189227716535433
 30
0
 11
0.3854798818897638
 21
1.1896686220472441
 31
0
  0
LINE
  5
A75
330
1A
100
AcDbEntity
  8
BLACK
  6
CONTINUOUS
100
AcDbLine
 10
0.3854798818897638
 20
1.1896686220472441
 30
0
 11
0.3846652362204724
 21
1.1904832677165353
 31
0
  0
LINE
  5
A76
330
1A
100
AcDbEntity
  8
BLACK
  6
CONTINUOUS
100
AcDbLine
 10
0.3846652362204724
 20
1.1904832677165353
 30
0
 11
0.3842243307086614
 21
1.1915477165354331
 31
0
  0
LINE
  5
A77
330
1A
100
AcDbEntity
  8
BLACK
  6
CONTINUOUS
100
AcDbLine
 10
0.3842243307086614
 20
1.1915477165354331
 30
0
 11
0.3842243307086614
 21
1.1926997637795276
 31
0
  0
LINE
  5
A78
330
1A
100
AcDbEntity
  8
BLACK
  6
CONTINUOUS
100
AcDbLine
 10
0.3842243307086614
 20
1.1926997637795276
 30
0
 11
0.3846652362204724
 21
1.1937642125984251
 31
0
  0
LINE
  5
A79
330
1A
100
AcDbEntity
  8
BLACK
  6
CONTINUOUS
100
AcDbLine
 10
0.3846652362204724
 20
1.1937642125984251
 30
0
 11
0.3850324409448819
 21
1.1942116535433072
 31
0
  0
LINE
  5
A7A
330
1A
100
AcDbEntity
  8
BLACK
  6
CONTINUOUS
100
AcDbLine
 10
0.3850324409448819
 20
1.1942116535433072
 30
0
 11
0.3869072047244094
 21
1.1960864173228347
 31
0
  0
LINE
  5
A7B
330
1A
100
AcDbEntity
  8
BLACK
  6
CONTINUOUS
100
AcDbLine
 10
0.3869072047244094
 20
1.1960864173228347
 30
0
 11
0.3871335433070866
 21
1.1962722047244094
 31
0
  0
LINE
  5
A7C
330
1A
100
AcDbEntity
  8
BLACK
  6
CONTINUOUS
100
AcDbLine
 10
0.3871335433070866
 20
1.1962722047244094
 30
0
 11
0.3871847244094488
 21
1.1963311811023623
 31
0
  0
LINE
  5
A7D
330
1A
100
AcDbEntity
  8
BLACK
  6
CONTINUOUS
100
AcDbLine
 10
0.3871847244094488
 20
1.1963311811023623
 30
0
 11
0.3872736614173228
 21
1.1963871653543308
 31
0
  0
LINE
  5
A7E
330
1A
100
AcDbEntity
  8
BLACK
  6
CONTINUOUS
100
AcDbLine
 10
0.3872736614173228
 20
1.1963871653543308
 30
0
 11
0.3873546456692913
 21
1.1964536220472441
 31
0
  0
LINE
  5
A7F
330
1A
100
AcDbEntity
  8
BLACK
  6
CONTINUOUS
100
AcDbLine
 10
0.3873546456692913
 20
1.1964536220472441
 30
0
 11
0.3874265748031496
 21
1.1964834645669291
 31
0
  0
LINE
  5
A80
330
1A
100
AcDbEntity
  8
BLACK
  6
CONTINUOUS
100
AcDbLine
 10
0.3874265748031496
 20
1.1964834645669291
 30
0
 11
0.3876746062992126
 21
1.1966395275590551
 31
0
  0
LINE
  5
A81
330
1A
100
AcDbEntity
  8
BLACK
  6
CONTINUOUS
100
AcDbLine
 10
0.3876746062992126
 20
1.1966395275590551
 30
0
 11
0.3914241338582677
 21
1.1985142913385827
 31
0
  0
LINE
  5
A82
330
1A
100
AcDbEntity
  8
BLACK
  6
CONTINUOUS
100
AcDbLine
 10
0.3914241338582677
 20
1.1985142913385827
 30
0
 11
0.3919647244094488
 21
1.1987211811023621
 31
0
  0
LINE
  5
A83
330
1A
100
AcDbEntity
  8
BLACK
  6
CONTINUOUS
100
AcDbLine
 10
0.3919647244094488
 20
1.1987211811023621
 30
0
 11
0.3920705905511811
 21
1.1987287401574802
 31
0
  0
LINE
  5
A84
330
1A
100
AcDbEntity
  8
BLACK
  6
CONTINUOUS
100
AcDbLine
 10
0.3920705905511811
 20
1.1987287401574802
 30
0
 11
0.3921685826771654
 21
1.1987692913385826
 31
0
  0
LINE
  5
A85
330
1A
100
AcDbEntity
  8
BLACK
  6
CONTINUOUS
100
AcDbLine
 10
0.3921685826771654
 20
1.1987692913385826
 30
0
 11
0.3927446456692913
 21
1.1988260236220472
 31
0
  0
LINE
  5
A86
330
1A
100
AcDbEntity
  8
BLACK
  6
CONTINUOUS
100
AcDbLine
 10
0.3927446456692913
 20
1.1988260236220472
 30
0
 11
0.4021184645669291
 21
1.1988260236220472
 31
0
  0
LINE
  5
A87
330
1A
100
AcDbEntity
  8
BLACK
  6
CONTINUOUS
100
AcDbLine
 10
0.4021184645669291
 20
1.1988260236220472
 30
0
 11
0.4026945275590551
 21
1.1987692913385826
 31
0
  0
LINE
  5
A88
330
1A
100
AcDbEntity
  8
BLACK
  6
CONTINUOUS
100
AcDbLine
 10
0.4383150787401575
 20
1.1987692913385826
 30
0
 11
0.4384130708661417
 21
1.1987287007874015
 31
0
  0
LINE
  5
A89
330
1A
100
AcDbEntity
  8
BLACK
  6
CONTINUOUS
100
AcDbLine
 10
0.4384130708661417
 20
1.1987287007874015
 30
0
 11
0.4385188976377953
 21
1.1987211811023621
 31
0
  0
LINE
  5
A8A
330
1A
100
AcDbEntity
  8
BLACK
  6
CONTINUOUS
100
AcDbLine
 10
0.4385188976377953
 20
1.1987211811023621
 30
0
 11
0.4390595275590551
 21
1.1985142913385827
 31
0
  0
LINE
  5
A8B
330
1A
100
AcDbEntity
  8
BLACK
  6
CONTINUOUS
100
AcDbLine
 10
0.4390595275590551
 20
1.1985142913385827
 30
0
 11
0.4428090551181103
 21
1.1966395275590551
 31
0
  0
LINE
  5
A8C
330
1A
100
AcDbEntity
  8
BLACK
  6
CONTINUOUS
100
AcDbLine
 10
0.4428090551181103
 20
1.1966395275590551
 30
0
 11
0.4430570472440945
 21
1.1964834645669291
 31
0
  0
LINE
  5
A8D
330
1A
100
AcDbEntity
  8
BLACK
  6
CONTINUOUS
100
AcDbLine
 10
0.4430570472440945
 20
1.1964834645669291
 30
0
 11
0.4431290157480315
 21
1.1964536220472441
 31
0
  0
LINE
  5
A8E
330
1A
100
AcDbEntity
  8
BLACK
  6
CONTINUOUS
100
AcDbLine
 10
0.4431290157480315
 20
1.1964536220472441
 30
0
 11
0.4432099606299212
 21
1.1963871653543308
 31
0
  0
LINE
  5
A8F
330
1A
100
AcDbEntity
  8
BLACK
  6
CONTINUOUS
100
AcDbLine
 10
0.4432099606299212
 20
1.1963871653543308
 30
0
 11
0.443298937007874
 21
1.1963311811023623
 31
0
  0
LINE
  5
A90
330
1A
100
AcDbEntity
  8
BLACK
  6
CONTINUOUS
100
AcDbLine
 10
0.443298937007874
 20
1.1963311811023623
 30
0
 11
0.4433500787401575
 21
1.1962722047244094
 31
0
  0
LINE
  5
A91
330
1A
100
AcDbEntity
  8
BLACK
  6
CONTINUOUS
100
AcDbLine
 10
0.4433500787401575
 20
1.1962722047244094
 30
0
 11
0.4435764566929134
 21
1.1960864173228347
 31
0
  0
LINE
  5
A92
330
1A
100
AcDbEntity
  8
BLACK
  6
CONTINUOUS
100
AcDbLine
 10
0.4435764566929134
 20
1.1960864173228347
 30
0
 11
0.445451220472441
 21
1.1942116535433072
 31
0
  0
LINE
  5
A93
330
1A
100
AcDbEntity
  8
BLACK
  6
CONTINUOUS
100
AcDbLine
 10
0.445451220472441
 20
1.1942116535433072
 30
0
 11
0.445636968503937
 21
1.1939853149606299
 31
0
  0
LINE
  5
A94
330
1A
100
AcDbEntity
  8
BLACK
  6
CONTINUOUS
100
AcDbLine
 10
0.445636968503937
 20
1.1939853149606299
 30
0
 11
0.4456959842519685
 21
1.1939341338582676
 31
0
  0
LINE
  5
A95
330
1A
100
AcDbEntity
  8
BLACK
  6
CONTINUOUS
100
AcDbLine
 10
0.4456959842519685
 20
1.1939341338582676
 30
0
 11
0.4457519291338582
 21
1.1938451968503936
 31
0
  0
LINE
  5
A96
330
1A
100
AcDbEntity
  8
BLACK
  6
CONTINUOUS
100
AcDbLine
 10
0.4457519291338582
 20
1.1938451968503936
 30
0
 11
0.4458184251968504
 21
1.1937642125984251
 31
0
  0
LINE
  5
A97
330
1A
100
AcDbEntity
  8
BLACK
  6
CONTINUOUS
100
AcDbLine
 10
0.4458184251968504
 20
1.1937642125984251
 30
0
 11
0.4458482283464567
 21
1.1936922834645669
 31
0
  0
LINE
  5
A98
330
1A
100
AcDbEntity
  8
BLACK
  6
CONTINUOUS
100
AcDbLine
 10
0.4458482283464567
 20
1.1936922834645669
 30
0
 11
0.4460043307086614
 21
1.193444251968504
 31
0
  0
LINE
  5
A99
330
1A
100
AcDbEntity
  8
BLACK
  6
CONTINUOUS
100
AcDbLine
 10
0.4460043307086614
 20
1.193444251968504
 30
0
 11
0.447879094488189
 21
1.1896947244094489
 31
0
  0
LINE
  5
A9A
330
1A
100
AcDbEntity
  8
BLACK
  6
CONTINUOUS
100
AcDbLine
 10
0.447879094488189
 20
1.1896947244094489
 30
0
 11
0.4478951968503937
 21
1.1896526377952756
 31
0
  0
LINE
  5
A9B
330
1A
100
AcDbEntity
  8
BLACK
  6
CONTINUOUS
100
AcDbLine
 10
0.4478951968503937
 20
1.1896526377952756
 30
0
 11
0.4479079133858268
 21
1.1896354724409448
 31
0
  0
LINE
  5
A9C
330
1A
100
AcDbEntity
  8
BLACK
  6
CONTINUOUS
100
AcDbLine
 10
0.4479079133858268
 20
1.1896354724409448
 30
0
 11
0.4479942125984252
 21
1.1893938976377953
 31
0
  0
LINE
  5
A9D
330
1A
100
AcDbEntity
  8
BLACK
  6
CONTINUOUS
100
AcDbLine
 10
0.4479942125984252
 20
1.1893938976377953
 30
0
 11
0.4480859842519685
 21
1.1891541338582676
 31
0
  0
LINE
  5
A9E
330
1A
100
AcDbEntity
  8
BLACK
  6
CONTINUOUS
100
AcDbLine
 10
0.4480859842519685
 20
1.1891541338582676
 30
0
 11
0.4480874803149606
 21
1.1891328740157481
 31
0
  0
LINE
  5
A9F
330
1A
100
AcDbEntity
  8
BLACK
  6
CONTINUOUS
100
AcDbLine
 10
0.4480874803149606
 20
1.1891328740157481
 30
0
 11
0.4481026771653543
 21
1.1890903543307085
 31
0
  0
LINE
  5
AA0
330
1A
100
AcDbEntity
  8
BLACK
  6
CONTINUOUS
100
AcDbLine
 10
0.4481026771653543
 20
1.1890903543307085
 30
0
 11
0.4499774409448819
 21
1.1815912992125983
 31
0
  0
LINE
  5
AA1
330
1A
100
AcDbEntity
  8
BLACK
  6
CONTINUOUS
100
AcDbLine
 10
0.4499774409448819
 20
1.1815912992125983
 30
0
 11
0.4499922047244094
 21
1.1814914566929133
 31
0
  0
LINE
  5
AA2
330
1A
100
AcDbEntity
  8
BLACK
  6
CONTINUOUS
100
AcDbLine
 10
0.4499922047244094
 20
1.1814914566929133
 30
0
 11
0.4500088582677165
 21
1.181451220472441
 31
0
  0
LINE
  5
AA3
330
1A
100
AcDbEntity
  8
BLACK
  6
CONTINUOUS
100
AcDbLine
 10
0.4500088582677165
 20
1.181451220472441
 30
0
 11
0.4500301968503937
 21
1.1812342125984252
 31
0
  0
LINE
  5
AA4
330
1A
100
AcDbEntity
  8
BLACK
  6
CONTINUOUS
100
AcDbLine
 10
0.4500301968503937
 20
1.1812342125984252
 30
0
 11
0.4500620866141732
 21
1.1810187007874016
 31
0
  0
LINE
  5
AA5
330
1A
100
AcDbEntity
  8
BLACK
  6
CONTINUOUS
100
AcDbLine
 10
0.4500620866141732
 20
1.1810187007874016
 30
0
 11
0.4500556692913386
 21
1.1809757086614172
 31
0
  0
LINE
  5
AA6
330
1A
100
AcDbEntity
  8
BLACK
  6
CONTINUOUS
100
AcDbLine
 10
0.4500556692913386
 20
1.1809757086614172
 30
0
 11
0.4500655905511811
 21
1.1808751574803149
 31
0
  0
LINE
  5
AA7
330
1A
100
AcDbEntity
  8
BLACK
  6
CONTINUOUS
100
AcDbLine
 10
0.4500655905511811
 20
1.1808751574803149
 30
0
 11
0.4500655905511811
 21
1.1715013385826771
 31
0
  0
LINE
  5
AA8
330
1A
100
AcDbEntity
  8
BLACK
  6
CONTINUOUS
100
AcDbLine
 10
0.4500655905511811
 20
1.1715013385826771
 30
0
 11
0.4500556692913386
 21
1.1714008267716536
 31
0
  0
LINE
  5
AA9
330
1A
100
AcDbEntity
  8
BLACK
  6
CONTINUOUS
100
AcDbLine
 10
0.4500556692913386
 20
1.1714008267716536
 30
0
 11
0.4500620866141732
 21
1.1713577952755905
 31
0
  0
LINE
  5
AAA
330
1A
100
AcDbEntity
  8
BLACK
  6
CONTINUOUS
100
AcDbLine
 10
0.4500620866141732
 20
1.1713577952755905
 30
0
 11
0.4500301968503937
 21
1.1711423228346456
 31
0
  0
LINE
  5
AAB
330
1A
100
AcDbEntity
  8
BLACK
  6
CONTINUOUS
100
AcDbLine
 10
0.4500301968503937
 20
1.1711423228346456
 30
0
 11
0.4500088582677165
 21
1.1709252755905513
 31
0
  0
LINE
  5
AAC
330
1A
100
AcDbEntity
  8
BLACK
  6
CONTINUOUS
100
AcDbLine
 10
0.4500088582677165
 20
1.1709252755905513
 30
0
 11
0.4499922047244094
 21
1.1708850787401575
 31
0
  0
LINE
  5
AAD
330
1A
100
AcDbEntity
  8
BLACK
  6
CONTINUOUS
100
AcDbLine
 10
0.4499922047244094
 20
1.1708850787401575
 30
0
 11
0.4499774409448819
 21
1.1707851968503937
 31
0
  0
LINE
  5
AAE
330
1A
100
AcDbEntity
  8
BLACK
  6
CONTINUOUS
100
AcDbLine
 10
0.4499774409448819
 20
1.1707851968503937
 30
0
 11
0.4481026771653543
 21
1.1632861417322835
 31
0
  0
LINE
  5
AAF
330
1A
100
AcDbEntity
  8
BLACK
  6
CONTINUOUS
100
AcDbLine
 10
0.4481026771653543
 20
1.1632861417322835
 30
0
 11
0.4480874803149606
 21
1.1632436614173227
 31
0
  0
LINE
  5
AB0
330
1A
100
AcDbEntity
  8
BLACK
  6
CONTINUOUS
100
AcDbLine
 10
0.4480874803149606
 20
1.1632436614173227
 30
0
 11
0.4480859842519685
 21
1.1632223622047244
 31
0
  0
LINE
  5
AB1
330
1A
100
AcDbEntity
  8
BLACK
  6
CONTINUOUS
100
AcDbLine
 10
0.4480859842519685
 20
1.1632223622047244
 30
0
 11
0.4479942125984252
 21
1.1629826377952757
 31
0
  0
LINE
  5
AB2
330
1A
100
AcDbEntity
  8
BLACK
  6
CONTINUOUS
100
AcDbLine
 10
0.4479942125984252
 20
1.1629826377952757
 30
0
 11
0.4479079133858268
 21
1.1627410236220472
 31
0
  0
LINE
  5
AB3
330
1A
100
AcDbEntity
  8
BLACK
  6
CONTINUOUS
100
AcDbLine
 10
0.4479079133858268
 20
1.1627410236220472
 30
0
 11
0.4478951968503937
 21
1.1627238976377952
 31
0
  0
LINE
  5
AB4
330
1A
100
AcDbEntity
  8
BLACK
  6
CONTINUOUS
100
AcDbLine
 10
0.4478951968503937
 20
1.1627238976377952
 30
0
 11
0.447879094488189
 21
1.1626817716535434
 31
0
  0
LINE
  5
AB5
330
1A
100
AcDbEntity
  8
BLACK
  6
CONTINUOUS
100
AcDbLine
 10
0.447879094488189
 20
1.1626817716535434
 30
0
 11
0.4460043307086614
 21
1.1589322440944883
 31
0
  0
LINE
  5
AB6
330
1A
100
AcDbEntity
  8
BLACK
  6
CONTINUOUS
100
AcDbLine
 10
0.4460043307086614
 20
1.1589322440944883
 30
0
 11
0.4458482677165354
 21
1.1586843700787401
 31
0
  0
LINE
  5
AB7
330
1A
100
AcDbEntity
  8
BLACK
  6
CONTINUOUS
100
AcDbLine
 10
0.4458482677165354
 20
1.1586843700787401
 30
0
 11
0.4458184645669291
 21
1.1586123228346457
 31
0
  0
LINE
  5
AB8
330
1A
100
AcDbEntity
  8
BLACK
  6
CONTINUOUS
100
AcDbLine
 10
0.4458184645669291
 20
1.1586123228346457
 30
0
 11
0.4457519291338582
 21
1.1585312992125985
 31
0
  0
LINE
  5
AB9
330
1A
100
AcDbEntity
  8
BLACK
  6
CONTINUOUS
100
AcDbLine
 10
0.4457519291338582
 20
1.1585312992125985
 30
0
 11
0.4456959842519685
 21
1.1584423622047244
 31
0
  0
LINE
  5
ABA
330
1A
100
AcDbEntity
  8
BLACK
  6
CONTINUOUS
100
AcDbLine
 10
0.4456959842519685
 20
1.1584423622047244
 30
0
 11
0.445636968503937
 21
1.1583912204724409
 31
0
  0
LINE
  5
ABB
330
1A
100
AcDbEntity
  8
BLACK
  6
CONTINUOUS
100
AcDbLine
 10
0.445636968503937
 20
1.1583912204724409
 30
0
 11
0.445451220472441
 21
1.1581648425196851
 31
0
  0
LINE
  5
ABC
330
1A
100
AcDbEntity
  8
BLACK
  6
CONTINUOUS
100
AcDbLine
 10
0.445451220472441
 20
1.1581648425196851
 30
0
 11
0.4435764960629921
 21
1.1562900787401575
 31
0
  0
LINE
  5
ABD
330
1A
100
AcDbEntity
  8
BLACK
  6
CONTINUOUS
100
AcDbLine
 10
0.4435764960629921
 20
1.1562900787401575
 30
0
 11
0.4433501181102362
 21
1.1561043307086614
 31
0
  0
LINE
  5
ABE
330
1A
100
AcDbEntity
  8
BLACK
  6
CONTINUOUS
100
AcDbLine
 10
0.4433501181102362
 20
1.1561043307086614
 30
0
 11
0.443298937007874
 21
1.1560452755905513
 31
0
  0
LINE
  5
ABF
330
1A
100
AcDbEntity
  8
BLACK
  6
CONTINUOUS
100
AcDbLine
 10
0.443298937007874
 20
1.1560452755905513
 30
0
 11
0.4432099606299212
 21
1.1559892913385827
 31
0
  0
LINE
  5
AC0
330
1A
100
AcDbEntity
  8
BLACK
  6
CONTINUOUS
100
AcDbLine
 10
0.4432099606299212
 20
1.1559892913385827
 30
0
 11
0.4431290157480315
 21
1.1559228346456694
 31
0
  0
LINE
  5
AC1
330
1A
100
AcDbEntity
  8
BLACK
  6
CONTINUOUS
100
AcDbLine
 10
0.4431290157480315
 20
1.1559228346456694
 30
0
 11
0.4430570472440945
 21
1.1558930314960629
 31
0
  0
LINE
  5
AC2
330
1A
100
AcDbEntity
  8
BLACK
  6
CONTINUOUS
100
AcDbLine
 10
0.4430570472440945
 20
1.1558930314960629
 30
0
 11
0.4428090551181103
 21
1.1557369291338582
 31
0
  0
LINE
  5
AC3
330
1A
100
AcDbEntity
  8
BLACK
  6
CONTINUOUS
100
AcDbLine
 10
0.4428090551181103
 20
1.1557369291338582
 30
0
 11
0.4390595275590551
 21
1.1538621653543306
 31
0
  0
LINE
  5
AC4
330
1A
100
AcDbEntity
  8
BLACK
  6
CONTINUOUS
100
AcDbLine
 10
0.4390595275590551
 20
1.1538621653543306
 30
0
 11
0.4385188976377953
 21
1.1536552755905511
 31
0
  0
LINE
  5
AC5
330
1A
100
AcDbEntity
  8
BLACK
  6
CONTINUOUS
100
AcDbLine
 10
0.4385188976377953
 20
1.1536552755905511
 30
0
 11
0.4384130708661417
 21
1.1536477952755906
 31
0
  0
LINE
  5
AC6
330
1A
100
AcDbEntity
  8
BLACK
  6
CONTINUOUS
100
AcDbLine
 10
0.4384130708661417
 20
1.1536477952755906
 30
0
 11
0.4383150787401575
 21
1.1536071653543307
 31
0
  0
LINE
  5
AC7
330
1A
100
AcDbEntity
  8
BLACK
  6
CONTINUOUS
100
AcDbLine
 10
0.4383150787401575
 20
1.1536071653543307
 30
0
 11
0.4377390157480315
 21
1.1535504330708661
 31
0
  0
LINE
  5
AC8
330
1A
100
AcDbEntity
  8
BLACK
  6
CONTINUOUS
100
AcDbLine
 10
0.4377390157480315
 20
1.1535504330708661
 30
0
 11
0.4339894881889764
 21
1.1535504330708661
 31
0
  0
LINE
  5
AC9
330
1A
100
AcDbEntity
  8
BLACK
  6
CONTINUOUS
100
AcDbLine
 10
0.4339894881889764
 20
1.1535504330708661
 30
0
 11
0.4334134251968504
 21
1.1536071653543307
 31
0
  0
LINE
  5
ACA
330
1A
100
AcDbEntity
  8
BLACK
  6
CONTINUOUS
100
AcDbLine
 10
0.4334134251968504
 20
1.1536071653543307
 30
0
 11
0.4333154330708661
 21
1.1536477559055118
 31
0
  0
LINE
  5
ACB
330
1A
100
AcDbEntity
  8
BLACK
  6
CONTINUOUS
100
AcDbLine
 10
0.4333154330708661
 20
1.1536477559055118
 30
0
 11
0.4332095669291339
 21
1.1536552755905511
 31
0
  0
LINE
  5
ACC
330
1A
100
AcDbEntity
  8
BLACK
  6
CONTINUOUS
100
AcDbLine
 10
0.4332095669291339
 20
1.1536552755905511
 30
0
 11
0.4326689763779528
 21
1.1538621653543306
 31
0
  0
LINE
  5
ACD
330
1A
100
AcDbEntity
  8
BLACK
  6
CONTINUOUS
100
AcDbLine
 10
0.4326689763779528
 20
1.1538621653543306
 30
0
 11
0.4289194488188977
 21
1.1557369291338582
 31
0
  0
LINE
  5
ACE
330
1A
100
AcDbEntity
  8
BLACK
  6
CONTINUOUS
100
AcDbLine
 10
0.4289194488188977
 20
1.1557369291338582
 30
0
 11
0.4286714173228346
 21
1.1558930314960629
 31
0
  0
LINE
  5
ACF
330
1A
100
AcDbEntity
  8
BLACK
  6
CONTINUOUS
100
AcDbLine
 10
0.4286714173228346
 20
1.1558930314960629
 30
0
 11
0.4285994881889764
 21
1.1559228346456694
 31
0
  0
LINE
  5
AD0
330
1A
100
AcDbEntity
  8
BLACK
  6
CONTINUOUS
100
AcDbLine
 10
0.4285994881889764
 20
1.1559228346456694
 30
0
 11
0.4285185039370079
 21
1.1559892913385827
 31
0
  0
LINE
  5
AD1
330
1A
100
AcDbEntity
  8
BLACK
  6
CONTINUOUS
100
AcDbLine
 10
0.4285185039370079
 20
1.1559892913385827
 30
0
 11
0.4284295669291339
 21
1.1560452755905513
 31
0
  0
LINE
  5
AD2
330
1A
100
AcDbEntity
  8
BLACK
  6
CONTINUOUS
100
AcDbLine
 10
0.4284295669291339
 20
1.1560452755905513
 30
0
 11
0.4283783464566929
 21
1.1561043307086614
 31
0
  0
LINE
  5
AD3
330
1A
100
AcDbEntity
  8
BLACK
  6
CONTINUOUS
100
AcDbLine
 10
0.4283783464566929
 20
1.1561043307086614
 30
0
 11
0.4281520078740157
 21
1.1562900787401575
 31
0
  0
LINE
  5
AD4
330
1A
100
AcDbEntity
  8
BLACK
  6
CONTINUOUS
100
AcDbLine
 10
0.4281520078740157
 20
1.1562900787401575
 30
0
 11
0.4262772440944882
 21
1.1581648818897639
 31
0
  0
LINE
  5
AD5
330
1A
100
AcDbEntity
  8
BLACK
  6
CONTINUOUS
100
AcDbLine
 10
0.4262772440944882
 20
1.1581648818897639
 30
0
 11
0.4260914960629921
 21
1.1583912204724409
 31
0
  0
LINE
  5
AD6
330
1A
100
AcDbEntity
  8
BLACK
  6
CONTINUOUS
100
AcDbLine
 10
0.4260914960629921
 20
1.1583912204724409
 30
0
 11
0.4260325196850394
 21
1.1584423622047244
 31
0
  0
LINE
  5
AD7
330
1A
100
AcDbEntity
  8
BLACK
  6
CONTINUOUS
100
AcDbLine
 10
0.4260325196850394
 20
1.1584423622047244
 30
0
 11
0.4259765354330708
 21
1.1585312992125985
 31
0
  0
LINE
  5
AD8
330
1A
100
AcDbEntity
  8
BLACK
  6
CONTINUOUS
100
AcDbLine
 10
0.4259765354330708
 20
1.1585312992125985
 30
0
 11
0.4259100393700787
 21
1.1586123228346457
 31
0
  0
LINE
  5
AD9
330
1A
100
AcDbEntity
  8
BLACK
  6
CONTINUOUS
100
AcDbLine
 10
0.4259100393700787
 20
1.1586123228346457
 30
0
 11
0.4258801968503937
 21
1.1586843700787401
 31
0
  0
LINE
  5
ADA
330
1A
100
AcDbEntity
  8
BLACK
  6
CONTINUOUS
100
AcDbLine
 10
0.4258801968503937
 20
1.1586843700787401
 30
0
 11
0.4257241732283464
 21
1.1589322440944883
 31
0
  0
LINE
  5
ADB
330
1A
100
AcDbEntity
  8
BLACK
  6
CONTINUOUS
100
AcDbLine
 10
0.4257241732283464
 20
1.1589322440944883
 30
0
 11
0.4238494094488189
 21
1.1626817716535434
 31
0
  0
LINE
  5
ADC
330
1A
100
AcDbEntity
  8
BLACK
  6
CONTINUOUS
100
AcDbLine
 10
0.4238494094488189
 20
1.1626817716535434
 30
0
 11
0.4238332677165354
 21
1.1627238976377952
 31
0
  0
LINE
  5
ADD
330
1A
100
AcDbEntity
  8
BLACK
  6
CONTINUOUS
100
AcDbLine
 10
0.4238332677165354
 20
1.1627238976377952
 30
0
 11
0.4238205905511811
 21
1.1627410236220472
 31
0
  0
LINE
  5
ADE
330
1A
100
AcDbEntity
  8
BLACK
  6
CONTINUOUS
100
AcDbLine
 10
0.4238205905511811
 20
1.1627410236220472
 30
0
 11
0.4237341338582677
 21
1.1629829921259842
 31
0
  0
LINE
  5
ADF
330
1A
100
AcDbEntity
  8
BLACK
  6
CONTINUOUS
100
AcDbLine
 10
0.4237341338582677
 20
1.1629829921259842
 30
0
 11
0.4236425196850394
 21
1.1632224015748032
 31
0
  0
LINE
  5
AE0
330
1A
100
AcDbEntity
  8
BLACK
  6
CONTINUOUS
100
AcDbLine
 10
0.4236425196850394
 20
1.1632224015748032
 30
0
 11
0.4236409842519685
 21
1.1632436614173227
 31
0
  0
LINE
  5
AE1
330
1A
100
AcDbEntity
  8
BLACK
  6
CONTINUOUS
100
AcDbLine
 10
0.4236409842519685
 20
1.1632436614173227
 30
0
 11
0.4236258267716536
 21
1.1632861417322835
 31
0
  0
LINE
  5
AE2
330
1A
100
AcDbEntity
  8
BLACK
  6
CONTINUOUS
100
AcDbLine
 10
0.4236258267716536
 20
1.1632861417322835
 30
0
 11
0.421751062992126
 21
1.1707851968503937
 31
0
  0
LINE
  5
AE3
330
1A
100
AcDbEntity
  8
BLACK
  6
CONTINUOUS
100
AcDbLine
 10
0.421751062992126
 20
1.1707851968503937
 30
0
 11
0.4217362598425197
 21
1.1708850787401575
 31
0
  0
LINE
  5
AE4
330
1A
100
AcDbEntity
  8
BLACK
  6
CONTINUOUS
100
AcDbLine
 10
0.4217362598425197
 20
1.1708850787401575
 30
0
 11
0.4217196456692913
 21
1.1709252755905513
 31
0
  0
LINE
  5
AE5
330
1A
100
AcDbEntity
  8
BLACK
  6
CONTINUOUS
100
AcDbLine
 10
0.4217196456692913
 20
1.1709252755905513
 30
0
 11
0.4216982677165354
 21
1.1711423228346456
 31
0
  0
LINE
  5
AE6
330
1A
100
AcDbEntity
  8
BLACK
  6
CONTINUOUS
100
AcDbLine
 10
0.4216982677165354
 20
1.1711423228346456
 30
0
 11
0.4216664173228347
 21
1.1713577952755905
 31
0
  0
LINE
  5
AE7
330
1A
100
AcDbEntity
  8
BLACK
  6
CONTINUOUS
100
AcDbLine
 10
0.4216664173228347
 20
1.1713577952755905
 30
0
 11
0.4216727952755905
 21
1.1714008267716536
 31
0
  0
LINE
  5
AE8
330
1A
100
AcDbEntity
  8
BLACK
  6
CONTINUOUS
100
AcDbLine
 10
0.4216727952755905
 20
1.1714008267716536
 30
0
 11
0.4216629133858268
 21
1.1715013385826771
 31
0
  0
LINE
  5
AE9
330
1A
100
AcDbEntity
  8
BLACK
  6
CONTINUOUS
100
AcDbLine
 10
0.4216629133858268
 20
1.1715013385826771
 30
0
 11
0.4216629133858268
 21
1.1808751574803149
 31
0
  0
LINE
  5
AEA
330
1A
100
AcDbEntity
  8
BLACK
  6
CONTINUOUS
100
AcDbLine
 10
0.4216629133858268
 20
1.1808751574803149
 30
0
 11
0.4216727952755905
 21
1.1809757086614172
 31
0
  0
LINE
  5
AEB
330
1A
100
AcDbEntity
  8
BLACK
  6
CONTINUOUS
100
AcDbLine
 10
0.4216727952755905
 20
1.1809757086614172
 30
0
 11
0.4216664173228347
 21
1.1810187007874016
 31
0
  0
LINE
  5
AEC
330
1A
100
AcDbEntity
  8
BLACK
  6
CONTINUOUS
100
AcDbLine
 10
0.4216664173228347
 20
1.1810187007874016
 30
0
 11
0.4216982677165354
 21
1.1812342125984252
 31
0
  0
LINE
  5
AED
330
1A
100
AcDbEntity
  8
BLACK
  6
CONTINUOUS
100
AcDbLine
 10
0.4216982677165354
 20
1.1812342125984252
 30
0
 11
0.4217196456692913
 21
1.181451220472441
 31
0
  0
LINE
  5
AEE
330
1A
100
AcDbEntity
  8
BLACK
  6
CONTINUOUS
100
AcDbLine
 10
0.4217196456692913
 20
1.181451220472441
 30
0
 11
0.4217362598425197
 21
1.1814914566929133
 31
0
  0
LINE
  5
AEF
330
1A
100
AcDbEntity
  8
BLACK
  6
CONTINUOUS
100
AcDbLine
 10
0.4217362598425197
 20
1.1814914566929133
 30
0
 11
0.421751062992126
 21
1.1815912992125983
 31
0
  0
LINE
  5
AF0
330
1A
100
AcDbEntity
  8
BLACK
  6
CONTINUOUS
100
AcDbLine
 10
0.421751062992126
 20
1.1815912992125983
 30
0
 11
0.4236258267716536
 21
1.1890903543307085
 31
0
  0
LINE
  5
AF1
330
1A
100
AcDbEntity
  8
BLACK
  6
CONTINUOUS
100
AcDbLine
 10
0.4236258267716536
 20
1.1890903543307085
 30
0
 11
0.4236409842519685
 21
1.1891328740157481
 31
0
  0
LINE
  5
AF2
330
1A
100
AcDbEntity
  8
BLACK
  6
CONTINUOUS
100
AcDbLine
 10
0.4236409842519685
 20
1.1891328740157481
 30
0
 11
0.4236425196850394
 21
1.1891540944881889
 31
0
  0
LINE
  5
AF3
330
1A
100
AcDbEntity
  8
BLACK
  6
CONTINUOUS
100
AcDbLine
 10
0.4236425196850394
 20
1.1891540944881889
 30
0
 11
0.4237341338582677
 21
1.1893935433070866
 31
0
  0
LINE
  5
AF4
330
1A
100
AcDbEntity
  8
BLACK
  6
CONTINUOUS
100
AcDbLine
 10
0.4237341338582677
 20
1.1893935433070866
 30
0
 11
0.4238205905511811
 21
1.1896354724409448
 31
0
  0
LINE
  5
AF5
330
1A
100
AcDbEntity
  8
BLACK
  6
CONTINUOUS
100
AcDbLine
 10
0.4238205905511811
 20
1.1896354724409448
 30
0
 11
0.4238332677165354
 21
1.1896526377952756
 31
0
  0
LINE
  5
AF6
330
1A
100
AcDbEntity
  8
BLACK
  6
CONTINUOUS
100
AcDbLine
 10
0.4238332677165354
 20
1.1896526377952756
 30
0
 11
0.4238494094488189
 21
1.1896947244094489
 31
0
  0
LINE
  5
AF7
330
1A
100
AcDbEntity
  8
BLACK
  6
CONTINUOUS
100
AcDbLine
 10
0.4238494094488189
 20
1.1896947244094489
 30
0
 11
0.4257241732283464
 21
1.193444251968504
 31
0
  0
LINE
  5
AF8
330
1A
100
AcDbEntity
  8
BLACK
  6
CONTINUOUS
100
AcDbLine
 10
0.4257241732283464
 20
1.193444251968504
 30
0
 11
0.4258802362204724
 21
1.1936922834645669
 31
0
  0
LINE
  5
AF9
330
1A
100
AcDbEntity
  8
BLACK
  6
CONTINUOUS
100
AcDbLine
 10
0.4258802362204724
 20
1.1936922834645669
 30
0
 11
0.4259100787401575
 21
1.1937642125984251
 31
0
  0
LINE
  5
AFA
330
1A
100
AcDbEntity
  8
BLACK
  6
CONTINUOUS
100
AcDbLine
 10
0.4259100787401575
 20
1.1937642125984251
 30
0
 11
0.4259765354330708
 21
1.1938451968503936
 31
0
  0
LINE
  5
AFB
330
1A
100
AcDbEntity
  8
BLACK
  6
CONTINUOUS
100
AcDbLine
 10
0.4259765354330708
 20
1.1938451968503936
 30
0
 11
0.4260325196850394
 21
1.1939341338582676
 31
0
  0
LINE
  5
AFC
330
1A
100
AcDbEntity
  8
BLACK
  6
CONTINUOUS
100
AcDbLine
 10
0.4260325196850394
 20
1.1939341338582676
 30
0
 11
0.4260914960629921
 21
1.1939853149606299
 31
0
  0
LINE
  5
AFD
330
1A
100
AcDbEntity
  8
BLACK
  6
CONTINUOUS
100
AcDbLine
 10
0.4260914960629921
 20
1.1939853149606299
 30
0
 11
0.4262772834645669
 21
1.1942116535433072
 31
0
  0
LINE
  5
AFE
330
1A
100
AcDbEntity
  8
BLACK
  6
CONTINUOUS
100
AcDbLine
 10
0.4262772834645669
 20
1.1942116535433072
 30
0
 11
0.4281520472440945
 21
1.1960864173228347
 31
0
  0
LINE
  5
AFF
330
1A
100
AcDbEntity
  8
BLACK
  6
CONTINUOUS
100
AcDbLine
 10
0.4281520472440945
 20
1.1960864173228347
 30
0
 11
0.4283783858267716
 21
1.1962722047244094
 31
0
  0
LINE
  5
B00
330
1A
100
AcDbEntity
  8
BLACK
  6
CONTINUOUS
100
AcDbLine
 10
0.4283783858267716
 20
1.1962722047244094
 30
0
 11
0.4284295669291339
 21
1.1963311811023623
 31
0
  0
LINE
  5
B01
330
1A
100
AcDbEntity
  8
BLACK
  6
CONTINUOUS
100
AcDbLine
 10
0.4284295669291339
 20
1.1963311811023623
 30
0
 11
0.4285185039370079
 21
1.1963871653543308
 31
0
  0
LINE
  5
B02
330
1A
100
AcDbEntity
  8
BLACK
  6
CONTINUOUS
100
AcDbLine
 10
0.4285185039370079
 20
1.1963871653543308
 30
0
 11
0.4285994881889764
 21
1.1964536220472441
 31
0
  0
LINE
  5
B03
330
1A
100
AcDbEntity
  8
BLACK
  6
CONTINUOUS
100
AcDbLine
 10
0.4285994881889764
 20
1.1964536220472441
 30
0
 11
0.4286714173228346
 21
1.1964834645669291
 31
0
  0
LINE
  5
B04
330
1A
100
AcDbEntity
  8
BLACK
  6
CONTINUOUS
100
AcDbLine
 10
0.4286714173228346
 20
1.1964834645669291
 30
0
 11
0.4289194488188977
 21
1.1966395275590551
 31
0
  0
LINE
  5
B05
330
1A
100
AcDbEntity
  8
BLACK
  6
CONTINUOUS
100
AcDbLine
 10
0.4289194488188977
 20
1.1966395275590551
 30
0
 11
0.4326689763779528
 21
1.1985142913385827
 31
0
  0
LINE
  5
B06
330
1A
100
AcDbEntity
  8
BLACK
  6
CONTINUOUS
100
AcDbLine
 10
0.4326689763779528
 20
1.1985142913385827
 30
0
 11
0.4332095669291339
 21
1.1987211811023621
 31
0
  0
LINE
  5
B07
330
1A
100
AcDbEntity
  8
BLACK
  6
CONTINUOUS
100
AcDbLine
 10
0.4332095669291339
 20
1.1987211811023621
 30
0
 11
0.4333154330708661
 21
1.1987287401574802
 31
0
  0
LINE
  5
B08
330
1A
100
AcDbEntity
  8
BLACK
  6
CONTINUOUS
100
AcDbLine
 10
0.4333154330708661
 20
1.1987287401574802
 30
0
 11
0.4334134251968504
 21
1.1987692913385826
 31
0
  0
LINE
  5
B09
330
1A
100
AcDbEntity
  8
BLACK
  6
CONTINUOUS
100
AcDbLine
 10
0.4334134251968504
 20
1.1987692913385826
 30
0
 11
0.4339894881889764
 21
1.1988260236220472
 31
0
  0
LINE
  5
B0A
330
1A
100
AcDbEntity
  8
BLACK
  6
CONTINUOUS
100
AcDbLine
 10
0.4339894881889764
 20
1.1988260236220472
 30
0
 11
0.4377390157480315
 21
1.1988260236220472
 31
0
  0
LINE
  5
B0B
330
1A
100
AcDbEntity
  8
BLACK
  6
CONTINUOUS
100
AcDbLine
 10
0.4377390157480315
 20
1.1988260236220472
 30
0
 11
0.4383150787401575
 21
1.1987692913385826
 31
0
  0
LINE
  5
B0C
330
1A
100
AcDbEntity
  8
BLACK
  6
CONTINUOUS
100
AcDbLine
 10
0.4319890551181102
 20
1.1915717716535432
 30
0
 11
0.4307919291338583
 21
1.1903746456692914
 31
0
  0
LINE
  5
B0D
330
1A
100
AcDbEntity
  8
BLACK
  6
CONTINUOUS
100
AcDbLine
 10
0.4307919291338583
 20
1.1903746456692914
 30
0
 11
0.4292764173228346
 21
1.1873436614173227
 31
0
  0
LINE
  5
B0E
330
1A
100
AcDbEntity
  8
BLACK
  6
CONTINUOUS
100
AcDbLine
 10
0.4292764173228346
 20
1.1873436614173227
 30
0
 11
0.4275684251968504
 21
1.1805116141732284
 31
0
  0
LINE
  5
B0F
330
1A
100
AcDbEntity
  8
BLACK
  6
CONTINUOUS
100
AcDbLine
 10
0.4275684251968504
 20
1.1805116141732284
 30
0
 11
0.4275684251968504
 21
1.1718648818897637
 31
0
  0
LINE
  5
B10
330
1A
100
AcDbEntity
  8
BLACK
  6
CONTINUOUS
100
AcDbLine
 10
0.4275684251968504
 20
1.1718648818897637
 30
0
 11
0.4292764173228346
 21
1.1650328346456693
 31
0
  0
LINE
  5
B11
330
1A
100
AcDbEntity
  8
BLACK
  6
CONTINUOUS
100
AcDbLine
 10
0.4292764173228346
 20
1.1650328346456693
 30
0
 11
0.4307919291338583
 21
1.1620018503937009
 31
0
  0
LINE
  5
B12
330
1A
100
AcDbEntity
  8
BLACK
  6
CONTINUOUS
100
AcDbLine
 10
0.4307919291338583
 20
1.1620018503937009
 30
0
 11
0.4319890551181102
 21
1.1608046850393701
 31
0
  0
LINE
  5
B13
330
1A
100
AcDbEntity
  8
BLACK
  6
CONTINUOUS
100
AcDbLine
 10
0.4319890551181102
 20
1.1608046850393701
 30
0
 11
0.4346865354330708
 21
1.1594559448818897
 31
0
  0
LINE
  5
B14
330
1A
100
AcDbEntity
  8
BLACK
  6
CONTINUOUS
100
AcDbLine
 10
0.4346865354330708
 20
1.1594559448818897
 30
0
 11
0.437041968503937
 21
1.1594559448818897
 31
0
  0
LINE
  5
B15
330
1A
100
AcDbEntity
  8
BLACK
  6
CONTINUOUS
100
AcDbLine
 10
0.437041968503937
 20
1.1594559448818897
 30
0
 11
0.4397394094488189
 21
1.1608046850393701
 31
0
  0
LINE
  5
B16
330
1A
100
AcDbEntity
  8
BLACK
  6
CONTINUOUS
100
AcDbLine
 10
0.4397394094488189
 20
1.1608046850393701
 30
0
 11
0.4409365354330709
 21
1.1620018503937009
 31
0
  0
LINE
  5
B17
330
1A
100
AcDbEntity
  8
BLACK
  6
CONTINUOUS
100
AcDbLine
 10
0.4409365354330709
 20
1.1620018503937009
 30
0
 11
0.4424520472440945
 21
1.1650328346456693
 31
0
  0
LINE
  5
B18
330
1A
100
AcDbEntity
  8
BLACK
  6
CONTINUOUS
100
AcDbLine
 10
0.4424520472440945
 20
1.1650328346456693
 30
0
 11
0.4441600787401574
 21
1.1718648818897637
 31
0
  0
LINE
  5
B19
330
1A
100
AcDbEntity
  8
BLACK
  6
CONTINUOUS
100
AcDbLine
 10
0.4441600787401574
 20
1.1718648818897637
 30
0
 11
0.4441600787401574
 21
1.1805116141732284
 31
0
  0
LINE
  5
B1A
330
1A
100
AcDbEntity
  8
BLACK
  6
CONTINUOUS
100
AcDbLine
 10
0.4441600787401574
 20
1.1805116141732284
 30
0
 11
0.4424520472440945
 21
1.1873436614173227
 31
0
  0
LINE
  5
B1B
330
1A
100
AcDbEntity
  8
BLACK
  6
CONTINUOUS
100
AcDbLine
 10
0.4424520472440945
 20
1.1873436614173227
 30
0
 11
0.4409365748031496
 21
1.1903746456692914
 31
0
  0
LINE
  5
B1C
330
1A
100
AcDbEntity
  8
BLACK
  6
CONTINUOUS
100
AcDbLine
 10
0.4409365748031496
 20
1.1903746456692914
 30
0
 11
0.4397394488188976
 21
1.1915717716535432
 31
0
  0
LINE
  5
B1D
330
1A
100
AcDbEntity
  8
BLACK
  6
CONTINUOUS
100
AcDbLine
 10
0.4397394488188976
 20
1.1915717716535432
 30
0
 11
0.437041968503937
 21
1.1929205118110235
 31
0
  0
LINE
  5
B1E
330
1A
100
AcDbEntity
  8
BLACK
  6
CONTINUOUS
100
AcDbLine
 10
0.437041968503937
 20
1.1929205118110235
 30
0
 11
0.4346865354330708
 21
1.1929205118110235
 31
0
  0
LINE
  5
B1F
330
1A
100
AcDbEntity
  8
BLACK
  6
CONTINUOUS
100
AcDbLine
 10
0.4346865354330708
 20
1.1929205118110235
 30
0
 11
0.4319890551181102
 21
1.1915717716535432
 31
0
  0
LINE
  5
B20
330
1A
100
AcDbEntity
  8
BLACK
  6
CONTINUOUS
100
AcDbLine
 10
0.4736432283464567
 20
1.1987692913385826
 30
0
 11
0.4739356299212598
 21
1.1987692913385826
 31
0
  0
LINE
  5
B21
330
1A
100
AcDbEntity
  8
BLACK
  6
CONTINUOUS
100
AcDbLine
 10
0.4739356299212598
 20
1.1987692913385826
 30
0
 11
0.474202874015748
 21
1.1986585826771654
 31
0
  0
LINE
  5
B22
330
1A
100
AcDbEntity
  8
BLACK
  6
CONTINUOUS
100
AcDbLine
 10
0.474202874015748
 20
1.1986585826771654
 30
0
 11
0.4744866929133858
 21
1.1986024409448819
 31
0
  0
LINE
  5
B23
330
1A
100
AcDbEntity
  8
BLACK
  6
CONTINUOUS
100
AcDbLine
 10
0.4744866929133858
 20
1.1986024409448819
 30
0
 11
0.4747299606299212
 21
1.1984402755905512
 31
0
  0
LINE
  5
B24
330
1A
100
AcDbEntity
  8
BLACK
  6
CONTINUOUS
100
AcDbLine
 10
0.4747299606299212
 20
1.1984402755905512
 30
0
 11
0.4750000393700787
 21
1.1983283858267717
 31
0
  0
LINE
  5
B25
330
1A
100
AcDbEntity
  8
BLACK
  6
CONTINUOUS
100
AcDbLine
 10
0.4750000393700787
 20
1.1983283858267717
 30
0
 11
0.4752044881889764
 21
1.198123937007874
 31
0
  0
LINE
  5
B26
330
1A
100
AcDbEntity
  8
BLACK
  6
CONTINUOUS
100
AcDbLine
 10
0.4752044881889764
 20
1.198123937007874
 30
0
 11
0.4754453149606299
 21
1.1979633858267715
 31
0
  0
LINE
  5
B27
330
1A
100
AcDbEntity
  8
BLACK
  6
CONTINUOUS
100
AcDbLine
 10
0.4754453149606299
 20
1.1979633858267715
 30
0
 11
0.475608031496063
 21
1.1977203937007874
 31
0
  0
LINE
  5
B28
330
1A
100
AcDbEntity
  8
BLACK
  6
CONTINUOUS
100
AcDbLine
 10
0.475608031496063
 20
1.1977203937007874
 30
0
 11
0.4758146850393701
 21
1.1975137401574802
 31
0
  0
LINE
  5
B29
330
1A
100
AcDbEntity
  8
BLACK
  6
CONTINUOUS
100
AcDbLine
 10
0.4758146850393701
 20
1.1975137401574802
 30
0
 11
0.4759253543307086
 21
1.1972465354330708
 31
0
  0
LINE
  5
B2A
330
1A
100
AcDbEntity
  8
BLACK
  6
CONTINUOUS
100
AcDbLine
 10
0.4759253543307086
 20
1.1972465354330708
 30
0
 11
0.4760863779527559
 21
1.1970061023622047
 31
0
  0
LINE
  5
B2B
330
1A
100
AcDbEntity
  8
BLACK
  6
CONTINUOUS
100
AcDbLine
 10
0.4760863779527559
 20
1.1970061023622047
 30
0
 11
0.4761437007874016
 21
1.1967194488188977
 31
0
  0
LINE
  5
B2C
330
1A
100
AcDbEntity
  8
BLACK
  6
CONTINUOUS
100
AcDbLine
 10
0.4761437007874016
 20
1.1967194488188977
 30
0
 11
0.4762555905511811
 21
1.1964493307086614
 31
0
  0
LINE
  5
B2D
330
1A
100
AcDbEntity
  8
BLACK
  6
CONTINUOUS
100
AcDbLine
 10
0.4762555905511811
 20
1.1964493307086614
 30
0
 11
0.4763116929133858
 21
1.1958794094488188
 31
0
  0
LINE
  5
B2E
330
1A
100
AcDbEntity
  8
BLACK
  6
CONTINUOUS
100
AcDbLine
 10
0.4763116929133858
 20
1.1958794094488188
 30
0
 11
0.4763123228346456
 21
1.1958763779527559
 31
0
  0
LINE
  5
B2F
330
1A
100
AcDbEntity
  8
BLACK
  6
CONTINUOUS
100
AcDbLine
 10
0.4763123228346456
 20
1.1958763779527559
 30
0
 11
0.4763120866141732
 21
1.1958753543307086
 31
0
  0
LINE
  5
B30
330
1A
100
AcDbEntity
  8
BLACK
  6
CONTINUOUS
100
AcDbLine
 10
0.4763120866141732
 20
1.1958753543307086
 30
0
 11
0.4763123228346456
 21
1.1958732677165353
 31
0
  0
LINE
  5
B31
330
1A
100
AcDbEntity
  8
BLACK
  6
CONTINUOUS
100
AcDbLine
 10
0.4763123228346456
 20
1.1958732677165353
 30
0
 11
0.4763123228346456
 21
1.1594559448818897
 31
0
  0
LINE
  5
B32
330
1A
100
AcDbEntity
  8
BLACK
  6
CONTINUOUS
100
AcDbLine
 10
0.4763123228346456
 20
1.1594559448818897
 30
0
 11
0.4846081496062992
 21
1.1594559448818897
 31
0
  0
LINE
  5
B33
330
1A
100
AcDbEntity
  8
BLACK
  6
CONTINUOUS
100
AcDbLine
 10
0.4846081496062992
 20
1.1594559448818897
 30
0
 11
0.4851842125984252
 21
1.1593992125984252
 31
0
  0
LINE
  5
B34
330
1A
100
AcDbEntity
  8
BLACK
  6
CONTINUOUS
100
AcDbLine
 10
0.4851842125984252
 20
1.1593992125984252
 30
0
 11
0.4862486220472441
 21
1.1589583070866141
 31
0
  0
LINE
  5
B35
330
1A
100
AcDbEntity
  8
BLACK
  6
CONTINUOUS
100
AcDbLine
 10
0.4862486220472441
 20
1.1589583070866141
 30
0
 11
0.4870632677165354
 21
1.1581436614173228
 31
0
  0
LINE
  5
B36
330
1A
100
AcDbEntity
  8
BLACK
  6
CONTINUOUS
100
AcDbLine
 10
0.4870632677165354
 20
1.1581436614173228
 30
0
 11
0.4875041732283464
 21
1.1570792519685038
 31
0
  0
LINE
  5
B37
330
1A
100
AcDbEntity
  8
BLACK
  6
CONTINUOUS
100
AcDbLine
 10
0.4875041732283464
 20
1.1570792519685038
 30
0
 11
0.4875041732283464
 21
1.1559271259842518
 31
0
  0
LINE
  5
B38
330
1A
100
AcDbEntity
  8
BLACK
  6
CONTINUOUS
100
AcDbLine
 10
0.4875041732283464
 20
1.1559271259842518
 30
0
 11
0.4870632677165354
 21
1.154862716535433
 31
0
  0
LINE
  5
B39
330
1A
100
AcDbEntity
  8
BLACK
  6
CONTINUOUS
100
AcDbLine
 10
0.4870632677165354
 20
1.154862716535433
 30
0
 11
0.4862486220472441
 21
1.1540480708661418
 31
0
  0
LINE
  5
B3A
330
1A
100
AcDbEntity
  8
BLACK
  6
CONTINUOUS
100
AcDbLine
 10
0.4862486220472441
 20
1.1540480708661418
 30
0
 11
0.4851842125984252
 21
1.1536071653543307
 31
0
  0
LINE
  5
B3B
330
1A
100
AcDbEntity
  8
BLACK
  6
CONTINUOUS
100
AcDbLine
 10
0.4851842125984252
 20
1.1536071653543307
 30
0
 11
0.4846081496062992
 21
1.1535504330708661
 31
0
  0
LINE
  5
B3C
330
1A
100
AcDbEntity
  8
BLACK
  6
CONTINUOUS
100
AcDbLine
 10
0.4846081496062992
 20
1.1535504330708661
 30
0
 11
0.4621109842519685
 21
1.1535504330708661
 31
0
  0
LINE
  5
B3D
330
1A
100
AcDbEntity
  8
BLACK
  6
CONTINUOUS
100
AcDbLine
 10
0.4621109842519685
 20
1.1535504330708661
 30
0
 11
0.4615349212598425
 21
1.1536071653543307
 31
0
  0
LINE
  5
B3E
330
1A
100
AcDbEntity
  8
BLACK
  6
CONTINUOUS
100
AcDbLine
 10
0.4615349212598425
 20
1.1536071653543307
 30
0
 11
0.4604705118110236
 21
1.1540480708661418
 31
0
  0
LINE
  5
B3F
330
1A
100
AcDbEntity
  8
BLACK
  6
CONTINUOUS
100
AcDbLine
 10
0.4604705118110236
 20
1.1540480708661418
 30
0
 11
0.4596558661417323
 21
1.154862716535433
 31
0
  0
LINE
  5
B40
330
1A
100
AcDbEntity
  8
BLACK
  6
CONTINUOUS
100
AcDbLine
 10
0.4596558661417323
 20
1.154862716535433
 30
0
 11
0.4592149606299212
 21
1.1559271259842518
 31
0
  0
LINE
  5
B41
330
1A
100
AcDbEntity
  8
BLACK
  6
CONTINUOUS
100
AcDbLine
 10
0.4592149606299212
 20
1.1559271259842518
 30
0
 11
0.4592149606299212
 21
1.1570792519685038
 31
0
  0
LINE
  5
B42
330
1A
100
AcDbEntity
  8
BLACK
  6
CONTINUOUS
100
AcDbLine
 10
0.4592149606299212
 20
1.1570792519685038
 30
0
 11
0.4596558661417323
 21
1.1581436614173228
 31
0
  0
LINE
  5
B43
330
1A
100
AcDbEntity
  8
BLACK
  6
CONTINUOUS
100
AcDbLine
 10
0.4596558661417323
 20
1.1581436614173228
 30
0
 11
0.4604705118110236
 21
1.1589583070866141
 31
0
  0
LINE
  5
B44
330
1A
100
AcDbEntity
  8
BLACK
  6
CONTINUOUS
100
AcDbLine
 10
0.4604705118110236
 20
1.1589583070866141
 30
0
 11
0.4615349212598425
 21
1.1593992125984252
 31
0
  0
LINE
  5
B45
330
1A
100
AcDbEntity
  8
BLACK
  6
CONTINUOUS
100
AcDbLine
 10
0.4615349212598425
 20
1.1593992125984252
 30
0
 11
0.4621109842519685
 21
1.1594559448818897
 31
0
  0
LINE
  5
B46
330
1A
100
AcDbEntity
  8
BLACK
  6
CONTINUOUS
100
AcDbLine
 10
0.4621109842519685
 20
1.1594559448818897
 30
0
 11
0.470406811023622
 21
1.1594559448818897
 31
0
  0
LINE
  5
B47
330
1A
100
AcDbEntity
  8
BLACK
  6
CONTINUOUS
100
AcDbLine
 10
0.470406811023622
 20
1.1594559448818897
 30
0
 11
0.470406811023622
 21
1.1868699212598426
 31
0
  0
LINE
  5
B48
330
1A
100
AcDbEntity
  8
BLACK
  6
CONTINUOUS
100
AcDbLine
 10
0.470406811023622
 20
1.1868699212598426
 30
0
 11
0.4679484251968504
 21
1.1844115354330709
 31
0
  0
LINE
  5
B49
330
1A
100
AcDbEntity
  8
BLACK
  6
CONTINUOUS
100
AcDbLine
 10
0.4679484251968504
 20
1.1844115354330709
 30
0
 11
0.4677220472440945
 21
1.1842257874015747
 31
0
  0
LINE
  5
B4A
330
1A
100
AcDbEntity
  8
BLACK
  6
CONTINUOUS
100
AcDbLine
 10
0.4677220472440945
 20
1.1842257874015747
 30
0
 11
0.467670905511811
 21
1.1841667716535433
 31
0
  0
LINE
  5
B4B
330
1A
100
AcDbEntity
  8
BLACK
  6
CONTINUOUS
100
AcDbLine
 10
0.467670905511811
 20
1.1841667716535433
 30
0
 11
0.4675819291338583
 21
1.1841108267716536
 31
0
  0
LINE
  5
B4C
330
1A
100
AcDbEntity
  8
BLACK
  6
CONTINUOUS
100
AcDbLine
 10
0.4675819291338583
 20
1.1841108267716536
 30
0
 11
0.4675009842519685
 21
1.1840443307086614
 31
0
  0
LINE
  5
B4D
330
1A
100
AcDbEntity
  8
BLACK
  6
CONTINUOUS
100
AcDbLine
 10
0.4675009842519685
 20
1.1840443307086614
 30
0
 11
0.4674290157480315
 21
1.184014527559055
 31
0
  0
LINE
  5
B4E
330
1A
100
AcDbEntity
  8
BLACK
  6
CONTINUOUS
100
AcDbLine
 10
0.4674290157480315
 20
1.184014527559055
 30
0
 11
0.4671810236220472
 21
1.1838584251968505
 31
0
  0
LINE
  5
B4F
330
1A
100
AcDbEntity
  8
BLACK
  6
CONTINUOUS
100
AcDbLine
 10
0.4671810236220472
 20
1.1838584251968505
 30
0
 11
0.4634314960629921
 21
1.1819836614173229
 31
0
  0
LINE
  5
B50
330
1A
100
AcDbEntity
  8
BLACK
  6
CONTINUOUS
100
AcDbLine
 10
0.4634314960629921
 20
1.1819836614173229
 30
0
 11
0.4628908661417322
 21
1.1817767716535432
 31
0
  0
LINE
  5
B51
330
1A
100
AcDbEntity
  8
BLACK
  6
CONTINUOUS
100
AcDbLine
 10
0.4628908661417322
 20
1.1817767716535432
 30
0
 11
0.4617416535433071
 21
1.1816951181102362
 31
0
  0
LINE
  5
B52
330
1A
100
AcDbEntity
  8
BLACK
  6
CONTINUOUS
100
AcDbLine
 10
0.4617416535433071
 20
1.1816951181102362
 30
0
 11
0.4606487007874016
 21
1.1820594488188976
 31
0
  0
LINE
  5
B53
330
1A
100
AcDbEntity
  8
BLACK
  6
CONTINUOUS
100
AcDbLine
 10
0.4606487007874016
 20
1.1820594488188976
 30
0
 11
0.4597783070866142
 21
1.1828142913385826
 31
0
  0
LINE
  5
B54
330
1A
100
AcDbEntity
  8
BLACK
  6
CONTINUOUS
100
AcDbLine
 10
0.4597783070866142
 20
1.1828142913385826
 30
0
 11
0.4592630708661417
 21
1.1838448031496063
 31
0
  0
LINE
  5
B55
330
1A
100
AcDbEntity
  8
BLACK
  6
CONTINUOUS
100
AcDbLine
 10
0.4592630708661417
 20
1.1838448031496063
 30
0
 11
0.4591814173228346
 21
1.1849940157480314
 31
0
  0
LINE
  5
B56
330
1A
100
AcDbEntity
  8
BLACK
  6
CONTINUOUS
100
AcDbLine
 10
0.4591814173228346
 20
1.1849940157480314
 30
0
 11
0.4595457480314961
 21
1.186086968503937
 31
0
  0
LINE
  5
B57
330
1A
100
AcDbEntity
  8
BLACK
  6
CONTINUOUS
100
AcDbLine
 10
0.4595457480314961
 20
1.186086968503937
 30
0
 11
0.4603005905511811
 21
1.1869573622047245
 31
0
  0
LINE
  5
B58
330
1A
100
AcDbEntity
  8
BLACK
  6
CONTINUOUS
100
AcDbLine
 10
0.4603005905511811
 20
1.1869573622047245
 30
0
 11
0.4607904724409449
 21
1.1872657086614173
 31
0
  0
LINE
  5
B59
330
1A
100
AcDbEntity
  8
BLACK
  6
CONTINUOUS
100
AcDbLine
 10
0.4607904724409449
 20
1.1872657086614173
 30
0
 11
0.4641114173228346
 21
1.1889261811023621
 31
0
  0
LINE
  5
B5A
330
1A
100
AcDbEntity
  8
BLACK
  6
CONTINUOUS
100
AcDbLine
 10
0.4641114173228346
 20
1.1889261811023621
 30
0
 11
0.4673153149606299
 21
1.1921300787401574
 31
0
  0
LINE
  5
B5B
330
1A
100
AcDbEntity
  8
BLACK
  6
CONTINUOUS
100
AcDbLine
 10
0.4673153149606299
 20
1.1921300787401574
 30
0
 11
0.4709027165354331
 21
1.1975111811023622
 31
0
  0
LINE
  5
B5C
330
1A
100
AcDbEntity
  8
BLACK
  6
CONTINUOUS
100
AcDbLine
 10
0.4709027165354331
 20
1.1975111811023622
 30
0
 11
0.4709040551181102
 21
1.1975128740157479
 31
0
  0
LINE
  5
B5D
330
1A
100
AcDbEntity
  8
BLACK
  6
CONTINUOUS
100
AcDbLine
 10
0.4709040551181102
 20
1.1975128740157479
 30
0
 11
0.4709044488188976
 21
1.1975137401574802
 31
0
  0
LINE
  5
B5E
330
1A
100
AcDbEntity
  8
BLACK
  6
CONTINUOUS
100
AcDbLine
 10
0.4709044488188976
 20
1.1975137401574802
 30
0
 11
0.4709064566929134
 21
1.1975157874015747
 31
0
  0
LINE
  5
B5F
330
1A
100
AcDbEntity
  8
BLACK
  6
CONTINUOUS
100
AcDbLine
 10
0.4709064566929134
 20
1.1975157874015747
 30
0
 11
0.4712694881889763
 21
1.1979590157480315
 31
0
  0
LINE
  5
B60
330
1A
100
AcDbEntity
  8
BLACK
  6
CONTINUOUS
100
AcDbLine
 10
0.4712694881889763
 20
1.1979590157480315
 30
0
 11
0.4715123622047244
 21
1.1981216929133858
 31
0
  0
LINE
  5
B61
330
1A
100
AcDbEntity
  8
BLACK
  6
CONTINUOUS
100
AcDbLine
 10
0.4715123622047244
 20
1.1981216929133858
 30
0
 11
0.4717190944881889
 21
1.1983283858267717
 31
0
  0
LINE
  5
B62
330
1A
100
AcDbEntity
  8
BLACK
  6
CONTINUOUS
100
AcDbLine
 10
0.4717190944881889
 20
1.1983283858267717
 30
0
 11
0.4719863779527559
 21
1.1984391338582676
 31
0
  0
LINE
  5
B63
330
1A
100
AcDbEntity
  8
BLACK
  6
CONTINUOUS
100
AcDbLine
 10
0.4719863779527559
 20
1.1984391338582676
 30
0
 11
0.4722267716535433
 21
1.1986000787401574
 31
0
  0
LINE
  5
B64
330
1A
100
AcDbEntity
  8
BLACK
  6
CONTINUOUS
100
AcDbLine
 10
0.4722267716535433
 20
1.1986000787401574
 30
0
 11
0.4725133858267717
 21
1.1986574409448818
 31
0
  0
LINE
  5
B65
330
1A
100
AcDbEntity
  8
BLACK
  6
CONTINUOUS
100
AcDbLine
 10
0.4725133858267717
 20
1.1986574409448818
 30
0
 11
0.4727835039370079
 21
1.1987692913385826
 31
0
  0
LINE
  5
B66
330
1A
100
AcDbEntity
  8
BLACK
  6
CONTINUOUS
100
AcDbLine
 10
0.4727835039370079
 20
1.1987692913385826
 30
0
 11
0.4730727952755905
 21
1.1987692913385826
 31
0
  0
LINE
  5
B67
330
1A
100
AcDbEntity
  8
BLACK
  6
CONTINUOUS
100
AcDbLine
 10
0.4730727952755905
 20
1.1987692913385826
 30
0
 11
0.4733564566929134
 21
1.1988260236220472
 31
0
  0
LINE
  5
B68
330
1A
100
AcDbEntity
  8
BLACK
  6
CONTINUOUS
100
AcDbLine
 10
0.4733564566929134
 20
1.1988260236220472
 30
0
 11
0.4736432283464567
 21
1.1987692913385826
 31
0
  0
LINE
  5
B69
330
1A
100
AcDbEntity
  8
BLACK
  6
CONTINUOUS
100
AcDbLine
 10
0.5466194488188977
 20
1.3012281102362204
 30
0
 11
0.5476848031496063
 21
1.3001627559055118
 31
0
  0
LINE
  5
B6A
330
1A
100
AcDbEntity
  8
BLACK
  6
CONTINUOUS
100
AcDbLine
 10
0.5476848031496063
 20
1.3001627559055118
 30
0
 11
0.5478346456692913
 21
1.2994094488188976
 31
0
  0
LINE
  5
B6B
330
1A
100
AcDbEntity
  8
BLACK
  6
CONTINUOUS
100
AcDbLine
 10
0.5478346456692913
 20
1.2994094488188976
 30
0
 11
0.5478346456692913
 21
1.0494094488188976
 31
0
  0
LINE
  5
B6C
330
1A
100
AcDbEntity
  8
BLACK
  6
CONTINUOUS
100
AcDbLine
 10
0.5478346456692913
 20
1.0494094488188976
 30
0
 11
0.5476848031496063
 21
1.0486561417322835
 31
0
  0
LINE
  5
B6D
330
1A
100
AcDbEntity
  8
BLACK
  6
CONTINUOUS
100
AcDbLine
 10
0.5476848031496063
 20
1.0486561417322835
 30
0
 11
0.5466194488188977
 21
1.0475907874015749
 31
0
  0
LINE
  5
B6E
330
1A
100
AcDbEntity
  8
BLACK
  6
CONTINUOUS
100
AcDbLine
 10
0.5466194488188977
 20
1.0475907874015749
 30
0
 11
0.5458661417322834
 21
1.0474409448818898
 31
0
  0
LINE
  5
B6F
330
1A
100
AcDbEntity
  8
BLACK
  6
CONTINUOUS
100
AcDbLine
 10
0.5458661417322834
 20
1.0474409448818898
 30
0
 11
0.2958661417322835
 21
1.0474409448818898
 31
0
  0
LINE
  5
B70
330
1A
100
AcDbEntity
  8
BLACK
  6
CONTINUOUS
100
AcDbLine
 10
0.2958661417322835
 20
1.0474409448818898
 30
0
 11
0.2951128346456693
 21
1.0475907874015749
 31
0
  0
LINE
  5
B71
330
1A
100
AcDbEntity
  8
BLACK
  6
CONTINUOUS
100
AcDbLine
 10
0.2951128346456693
 20
1.0475907874015749
 30
0
 11
0.2940474803149606
 21
1.0486561417322835
 31
0
  0
LINE
  5
B72
330
1A
100
AcDbEntity
  8
BLACK
  6
CONTINUOUS
100
AcDbLine
 10
0.2940474803149606
 20
1.0486561417322835
 30
0
 11
0.2938976377952756
 21
1.0494094488188976
 31
0
  0
LINE
  5
B73
330
1A
100
AcDbEntity
  8
BLACK
  6
CONTINUOUS
100
AcDbLine
 10
0.2938976377952756
 20
1.0494094488188976
 30
0
 11
0.2938976377952756
 21
1.2994094488188976
 31
0
  0
LINE
  5
B74
330
1A
100
AcDbEntity
  8
BLACK
  6
CONTINUOUS
100
AcDbLine
 10
0.2938976377952756
 20
1.2994094488188976
 30
0
 11
0.2940474803149606
 21
1.3001627559055118
 31
0
  0
LINE
  5
B75
330
1A
100
AcDbEntity
  8
BLACK
  6
CONTINUOUS
100
AcDbLine
 10
0.2940474803149606
 20
1.3001627559055118
 30
0
 11
0.2951128346456693
 21
1.3012281102362204
 31
0
  0
LINE
  5
B76
330
1A
100
AcDbEntity
  8
BLACK
  6
CONTINUOUS
100
AcDbLine
 10
0.2951128346456693
 20
1.3012281102362204
 30
0
 11
0.2958661417322835
 21
1.3013779527559055
 31
0
  0
LINE
  5
B77
330
1A
100
AcDbEntity
  8
BLACK
  6
CONTINUOUS
100
AcDbLine
 10
0.2958661417322835
 20
1.3013779527559055
 30
0
 11
0.5458661417322834
 21
1.3013779527559055
 31
0
  0
LINE
  5
B78
330
1A
100
AcDbEntity
  8
BLACK
  6
CONTINUOUS
100
AcDbLine
 10
0.5458661417322834
 20
1.3013779527559055
 30
0
 11
0.5466194488188977
 21
1.3012281102362204
 31
0
  0
LINE
  5
B79
330
1A
100
AcDbEntity
  8
BLACK
  6
CONTINUOUS
100
AcDbLine
 10
0.2978346456692914
 20
1.0513779527559055
 30
0
 11
0.3902087401574803
 21
1.0513779527559055
 31
0
  0
LINE
  5
B7A
330
1A
100
AcDbEntity
  8
BLACK
  6
CONTINUOUS
100
AcDbLine
 10
0.3902087401574803
 20
1.0513779527559055
 30
0
 11
0.3857167322834645
 21
1.0524032283464566
 31
0
  0
LINE
  5
B7B
330
1A
100
AcDbEntity
  8
BLACK
  6
CONTINUOUS
100
AcDbLine
 10
0.3857167322834645
 20
1.0524032283464566
 30
0
 11
0.3722774015748032
 21
1.0571058661417323
 31
0
  0
LINE
  5
B7C
330
1A
100
AcDbEntity
  8
BLACK
  6
CONTINUOUS
100
AcDbLine
 10
0.3722774015748032
 20
1.0571058661417323
 30
0
 11
0.359449094488189
 21
1.0632836220472441
 31
0
  0
LINE
  5
B7D
330
1A
100
AcDbEntity
  8
BLACK
  6
CONTINUOUS
100
AcDbLine
 10
0.359449094488189
 20
1.0632836220472441
 30
0
 11
0.3473931102362204
 21
1.0708588976377953
 31
0
  0
LINE
  5
B7E
330
1A
100
AcDbEntity
  8
BLACK
  6
CONTINUOUS
100
AcDbLine
 10
0.3473931102362204
 20
1.0708588976377953
 30
0
 11
0.3362611023622047
 21
1.0797363779527558
 31
0
  0
LINE
  5
B7F
330
1A
100
AcDbEntity
  8
BLACK
  6
CONTINUOUS
100
AcDbLine
 10
0.3362611023622047
 20
1.0797363779527558
 30
0
 11
0.3261930708661417
 21
1.0898044094488188
 31
0
  0
LINE
  5
B80
330
1A
100
AcDbEntity
  8
BLACK
  6
CONTINUOUS
100
AcDbLine
 10
0.3261930708661417
 20
1.0898044094488188
 30
0
 11
0.3173155905511811
 21
1.1009364173228346
 31
0
  0
LINE
  5
B81
330
1A
100
AcDbEntity
  8
BLACK
  6
CONTINUOUS
100
AcDbLine
 10
0.3173155905511811
 20
1.1009364173228346
 30
0
 11
0.3097403149606299
 21
1.1129924015748032
 31
0
  0
LINE
  5
B82
330
1A
100
AcDbEntity
  8
BLACK
  6
CONTINUOUS
100
AcDbLine
 10
0.3097403149606299
 20
1.1129924015748032
 30
0
 11
0.3035625590551181
 21
1.1258207086614174
 31
0
  0
LINE
  5
B83
330
1A
100
AcDbEntity
  8
BLACK
  6
CONTINUOUS
100
AcDbLine
 10
0.3035625590551181
 20
1.1258207086614174
 30
0
 11
0.2988599212598425
 21
1.1392600393700787
 31
0
  0
LINE
  5
B84
330
1A
100
AcDbEntity
  8
BLACK
  6
CONTINUOUS
100
AcDbLine
 10
0.2988599212598425
 20
1.1392600393700787
 30
0
 11
0.2978346456692914
 21
1.1437520866141733
 31
0
  0
LINE
  5
B85
330
1A
100
AcDbEntity
  8
BLACK
  6
CONTINUOUS
100
AcDbLine
 10
0.2978346456692914
 20
1.1437520866141733
 30
0
 11
0.2978346456692914
 21
1.0513779527559055
 31
0
  0
LINE
  5
B86
330
1A
100
AcDbEntity
  8
BLACK
  6
CONTINUOUS
100
AcDbLine
 10
0.5428723622047243
 20
1.1392600393700787
 30
0
 11
0.5381697244094488
 21
1.1258207086614174
 31
0
  0
LINE
  5
B87
330
1A
100
AcDbEntity
  8
BLACK
  6
CONTINUOUS
100
AcDbLine
 10
0.5381697244094488
 20
1.1258207086614174
 30
0
 11
0.531991968503937
 21
1.1129924015748032
 31
0
  0
LINE
  5
B88
330
1A
100
AcDbEntity
  8
BLACK
  6
CONTINUOUS
100
AcDbLine
 10
0.531991968503937
 20
1.1129924015748032
 30
0
 11
0.5244166929133858
 21
1.1009364173228346
 31
0
  0
LINE
  5
B89
330
1A
100
AcDbEntity
  8
BLACK
  6
CONTINUOUS
100
AcDbLine
 10
0.5244166929133858
 20
1.1009364173228346
 30
0
 11
0.5155392125984252
 21
1.0898044094488188
 31
0
  0
LINE
  5
B8A
330
1A
100
AcDbEntity
  8
BLACK
  6
CONTINUOUS
100
AcDbLine
 10
0.5155392125984252
 20
1.0898044094488188
 30
0
 11
0.5054711811023622
 21
1.0797363779527558
 31
0
  0
LINE
  5
B8B
330
1A
100
AcDbEntity
  8
BLACK
  6
CONTINUOUS
100
AcDbLine
 10
0.5054711811023622
 20
1.0797363779527558
 30
0
 11
0.4943391732283464
 21
1.0708588976377953
 31
0
  0
LINE
  5
B8C
330
1A
100
AcDbEntity
  8
BLACK
  6
CONTINUOUS
100
AcDbLine
 10
0.4943391732283464
 20
1.0708588976377953
 30
0
 11
0.482283188976378
 21
1.0632836220472441
 31
0
  0
LINE
  5
B8D
330
1A
100
AcDbEntity
  8
BLACK
  6
CONTINUOUS
100
AcDbLine
 10
0.482283188976378
 20
1.0632836220472441
 30
0
 11
0.4694548818897638
 21
1.0571058661417323
 31
0
  0
LINE
  5
B8E
330
1A
100
AcDbEntity
  8
BLACK
  6
CONTINUOUS
100
AcDbLine
 10
0.4694548818897638
 20
1.0571058661417323
 30
0
 11
0.4560155511811024
 21
1.0524032283464566
 31
0
  0
LINE
  5
B8F
330
1A
100
AcDbEntity
  8
BLACK
  6
CONTINUOUS
100
AcDbLine
 10
0.4560155511811024
 20
1.0524032283464566
 30
0
 11
0.4515235433070866
 21
1.0513779527559055
 31
0
  0
LINE
  5
B90
330
1A
100
AcDbEntity
  8
BLACK
  6
CONTINUOUS
100
AcDbLine
 10
0.4515235433070866
 20
1.0513779527559055
 30
0
 11
0.5438976377952756
 21
1.0513779527559055
 31
0
  0
LINE
  5
B91
330
1A
100
AcDbEntity
  8
BLACK
  6
CONTINUOUS
100
AcDbLine
 10
0.5438976377952756
 20
1.0513779527559055
 30
0
 11
0.5438976377952756
 21
1.1437520866141733
 31
0
  0
LINE
  5
B92
330
1A
100
AcDbEntity
  8
BLACK
  6
CONTINUOUS
100
AcDbLine
 10
0.5438976377952756
 20
1.1437520866141733
 30
0
 11
0.5428723622047243
 21
1.1392600393700787
 31
0
  0
LINE
  5
B93
330
1A
100
AcDbEntity
  8
BLACK
  6
CONTINUOUS
100
AcDbLine
 10
0.4002251181102362
 20
1.2958937401574804
 30
0
 11
0.3867529921259842
 21
1.2928188188976377
 31
0
  0
LINE
  5
B94
330
1A
100
AcDbEntity
  8
BLACK
  6
CONTINUOUS
100
AcDbLine
 10
0.3867529921259842
 20
1.2928188188976377
 30
0
 11
0.373709842519685
 21
1.2882548425196849
 31
0
  0
LINE
  5
B95
330
1A
100
AcDbEntity
  8
BLACK
  6
CONTINUOUS
100
AcDbLine
 10
0.373709842519685
 20
1.2882548425196849
 30
0
 11
0.3612597244094488
 21
1.2822591732283464
 31
0
  0
LINE
  5
B96
330
1A
100
AcDbEntity
  8
BLACK
  6
CONTINUOUS
100
AcDbLine
 10
0.3612597244094488
 20
1.2822591732283464
 30
0
 11
0.3495591732283465
 21
1.2749072440944882
 31
0
  0
LINE
  5
B97
330
1A
100
AcDbEntity
  8
BLACK
  6
CONTINUOUS
100
AcDbLine
 10
0.3495591732283465
 20
1.2749072440944882
 30
0
 11
0.3387553543307086
 21
1.2662914566929133
 31
0
  0
LINE
  5
B98
330
1A
100
AcDbEntity
  8
BLACK
  6
CONTINUOUS
100
AcDbLine
 10
0.3387553543307086
 20
1.2662914566929133
 30
0
 11
0.3289841338582677
 21
1.2565202362204724
 31
0
  0
LINE
  5
B99
330
1A
100
AcDbEntity
  8
BLACK
  6
CONTINUOUS
100
AcDbLine
 10
0.3289841338582677
 20
1.2565202362204724
 30
0
 11
0.3203683464566929
 21
1.2457164173228346
 31
0
  0
LINE
  5
B9A
330
1A
100
AcDbEntity
  8
BLACK
  6
CONTINUOUS
100
AcDbLine
 10
0.3203683464566929
 20
1.2457164173228346
 30
0
 11
0.3130164173228346
 21
1.2340158661417322
 31
0
  0
LINE
  5
B9B
330
1A
100
AcDbEntity
  8
BLACK
  6
CONTINUOUS
100
AcDbLine
 10
0.3130164173228346
 20
1.2340158661417322
 30
0
 11
0.307020748031496
 21
1.2215657480314961
 31
0
  0
LINE
  5
B9C
330
1A
100
AcDbEntity
  8
BLACK
  6
CONTINUOUS
100
AcDbLine
 10
0.307020748031496
 20
1.2215657480314961
 30
0
 11
0.3024567716535433
 21
1.2085225984251968
 31
0
  0
LINE
  5
B9D
330
1A
100
AcDbEntity
  8
BLACK
  6
CONTINUOUS
100
AcDbLine
 10
0.3024567716535433
 20
1.2085225984251968
 30
0
 11
0.2993818503937008
 21
1.1950504724409448
 31
0
  0
LINE
  5
B9E
330
1A
100
AcDbEntity
  8
BLACK
  6
CONTINUOUS
100
AcDbLine
 10
0.2993818503937008
 20
1.1950504724409448
 30
0
 11
0.2978346456692914
 21
1.1813187401574803
 31
0
  0
LINE
  5
B9F
330
1A
100
AcDbEntity
  8
BLACK
  6
CONTINUOUS
100
AcDbLine
 10
0.2978346456692914
 20
1.1813187401574803
 30
0
 11
0.2978346456692914
 21
1.167500157480315
 31
0
  0
LINE
  5
BA0
330
1A
100
AcDbEntity
  8
BLACK
  6
CONTINUOUS
100
AcDbLine
 10
0.2978346456692914
 20
1.167500157480315
 30
0
 11
0.2993818503937008
 21
1.1537684251968503
 31
0
  0
LINE
  5
BA1
330
1A
100
AcDbEntity
  8
BLACK
  6
CONTINUOUS
100
AcDbLine
 10
0.2993818503937008
 20
1.1537684251968503
 30
0
 11
0.3024567716535433
 21
1.1402962992125985
 31
0
  0
LINE
  5
BA2
330
1A
100
AcDbEntity
  8
BLACK
  6
CONTINUOUS
100
AcDbLine
 10
0.3024567716535433
 20
1.1402962992125985
 30
0
 11
0.307020748031496
 21
1.1272531496062992
 31
0
  0
LINE
  5
BA3
330
1A
100
AcDbEntity
  8
BLACK
  6
CONTINUOUS
100
AcDbLine
 10
0.307020748031496
 20
1.1272531496062992
 30
0
 11
0.3130164173228346
 21
1.1148030314960629
 31
0
  0
LINE
  5
BA4
330
1A
100
AcDbEntity
  8
BLACK
  6
CONTINUOUS
100
AcDbLine
 10
0.3130164173228346
 20
1.1148030314960629
 30
0
 11
0.3203683464566929
 21
1.1031024803149605
 31
0
  0
LINE
  5
BA5
330
1A
100
AcDbEntity
  8
BLACK
  6
CONTINUOUS
100
AcDbLine
 10
0.3203683464566929
 20
1.1031024803149605
 30
0
 11
0.3289841338582677
 21
1.0922986614173229
 31
0
  0
LINE
  5
BA6
330
1A
100
AcDbEntity
  8
BLACK
  6
CONTINUOUS
100
AcDbLine
 10
0.3289841338582677
 20
1.0922986614173229
 30
0
 11
0.3387553543307086
 21
1.082527440944882
 31
0
  0
LINE
  5
BA7
330
1A
100
AcDbEntity
  8
BLACK
  6
CONTINUOUS
100
AcDbLine
 10
0.3387553543307086
 20
1.082527440944882
 30
0
 11
0.3495591732283465
 21
1.0739116535433071
 31
0
  0
LINE
  5
BA8
330
1A
100
AcDbEntity
  8
BLACK
  6
CONTINUOUS
100
AcDbLine
 10
0.3495591732283465
 20
1.0739116535433071
 30
0
 11
0.3612597244094488
 21
1.0665597244094487
 31
0
  0
LINE
  5
BA9
330
1A
100
AcDbEntity
  8
BLACK
  6
CONTINUOUS
100
AcDbLine
 10
0.3612597244094488
 20
1.0665597244094487
 30
0
 11
0.373709842519685
 21
1.0605640551181101
 31
0
  0
LINE
  5
BAA
330
1A
100
AcDbEntity
  8
BLACK
  6
CONTINUOUS
100
AcDbLine
 10
0.373709842519685
 20
1.0605640551181101
 30
0
 11
0.3867529921259842
 21
1.0560000787401576
 31
0
  0
LINE
  5
BAB
330
1A
100
AcDbEntity
  8
BLACK
  6
CONTINUOUS
100
AcDbLine
 10
0.3867529921259842
 20
1.0560000787401576
 30
0
 11
0.4002251181102362
 21
1.0529251574803149
 31
0
  0
LINE
  5
BAC
330
1A
100
AcDbEntity
  8
BLACK
  6
CONTINUOUS
100
AcDbLine
 10
0.4002251181102362
 20
1.0529251574803149
 30
0
 11
0.4139568503937008
 21
1.0513779527559055
 31
0
  0
LINE
  5
BAD
330
1A
100
AcDbEntity
  8
BLACK
  6
CONTINUOUS
100
AcDbLine
 10
0.4139568503937008
 20
1.0513779527559055
 30
0
 11
0.4277754330708661
 21
1.0513779527559055
 31
0
  0
LINE
  5
BAE
330
1A
100
AcDbEntity
  8
BLACK
  6
CONTINUOUS
100
AcDbLine
 10
0.4277754330708661
 20
1.0513779527559055
 30
0
 11
0.4415071653543307
 21
1.0529251574803149
 31
0
  0
LINE
  5
BAF
330
1A
100
AcDbEntity
  8
BLACK
  6
CONTINUOUS
100
AcDbLine
 10
0.4415071653543307
 20
1.0529251574803149
 30
0
 11
0.4549792913385827
 21
1.0560000787401576
 31
0
  0
LINE
  5
BB0
330
1A
100
AcDbEntity
  8
BLACK
  6
CONTINUOUS
100
AcDbLine
 10
0.4549792913385827
 20
1.0560000787401576
 30
0
 11
0.4680224409448819
 21
1.0605640551181101
 31
0
  0
LINE
  5
BB1
330
1A
100
AcDbEntity
  8
BLACK
  6
CONTINUOUS
100
AcDbLine
 10
0.4680224409448819
 20
1.0605640551181101
 30
0
 11
0.4804725590551181
 21
1.0665597244094487
 31
0
  0
LINE
  5
BB2
330
1A
100
AcDbEntity
  8
BLACK
  6
CONTINUOUS
100
AcDbLine
 10
0.4804725590551181
 20
1.0665597244094487
 30
0
 11
0.4921731102362205
 21
1.0739116535433071
 31
0
  0
LINE
  5
BB3
330
1A
100
AcDbEntity
  8
BLACK
  6
CONTINUOUS
100
AcDbLine
 10
0.4921731102362205
 20
1.0739116535433071
 30
0
 11
0.5029769291338583
 21
1.082527440944882
 31
0
  0
LINE
  5
BB4
330
1A
100
AcDbEntity
  8
BLACK
  6
CONTINUOUS
100
AcDbLine
 10
0.5029769291338583
 20
1.082527440944882
 30
0
 11
0.5127481496062992
 21
1.0922986614173229
 31
0
  0
LINE
  5
BB5
330
1A
100
AcDbEntity
  8
BLACK
  6
CONTINUOUS
100
AcDbLine
 10
0.5127481496062992
 20
1.0922986614173229
 30
0
 11
0.521363937007874
 21
1.1031024803149605
 31
0
  0
LINE
  5
BB6
330
1A
100
AcDbEntity
  8
BLACK
  6
CONTINUOUS
100
AcDbLine
 10
0.521363937007874
 20
1.1031024803149605
 30
0
 11
0.5287158661417323
 21
1.1148030314960629
 31
0
  0
LINE
  5
BB7
330
1A
100
AcDbEntity
  8
BLACK
  6
CONTINUOUS
100
AcDbLine
 10
0.5287158661417323
 20
1.1148030314960629
 30
0
 11
0.5347115354330708
 21
1.1272531496062992
 31
0
  0
LINE
  5
BB8
330
1A
100
AcDbEntity
  8
BLACK
  6
CONTINUOUS
100
AcDbLine
 10
0.5347115354330708
 20
1.1272531496062992
 30
0
 11
0.5392755118110236
 21
1.1402962992125985
 31
0
  0
LINE
  5
BB9
330
1A
100
AcDbEntity
  8
BLACK
  6
CONTINUOUS
100
AcDbLine
 10
0.5392755118110236
 20
1.1402962992125985
 30
0
 11
0.5423504330708662
 21
1.1537684251968503
 31
0
  0
LINE
  5
BBA
330
1A
100
AcDbEntity
  8
BLACK
  6
CONTINUOUS
100
AcDbLine
 10
0.5423504330708662
 20
1.1537684251968503
 30
0
 11
0.5438976377952756
 21
1.167500157480315
 31
0
  0
LINE
  5
BBB
330
1A
100
AcDbEntity
  8
BLACK
  6
CONTINUOUS
100
AcDbLine
 10
0.5438976377952756
 20
1.167500157480315
 30
0
 11
0.5438976377952756
 21
1.1813187401574803
 31
0
  0
LINE
  5
BBC
330
1A
100
AcDbEntity
  8
BLACK
  6
CONTINUOUS
100
AcDbLine
 10
0.5438976377952756
 20
1.1813187401574803
 30
0
 11
0.5423504330708662
 21
1.1950504724409448
 31
0
  0
LINE
  5
BBD
330
1A
100
AcDbEntity
  8
BLACK
  6
CONTINUOUS
100
AcDbLine
 10
0.5423504330708662
 20
1.1950504724409448
 30
0
 11
0.5392755118110236
 21
1.2085225984251968
 31
0
  0
LINE
  5
BBE
330
1A
100
AcDbEntity
  8
BLACK
  6
CONTINUOUS
100
AcDbLine
 10
0.5392755118110236
 20
1.2085225984251968
 30
0
 11
0.5347115354330708
 21
1.2215657480314961
 31
0
  0
LINE
  5
BBF
330
1A
100
AcDbEntity
  8
BLACK
  6
CONTINUOUS
100
AcDbLine
 10
0.5347115354330708
 20
1.2215657480314961
 30
0
 11
0.5287158661417323
 21
1.2340158661417322
 31
0
  0
LINE
  5
BC0
330
1A
100
AcDbEntity
  8
BLACK
  6
CONTINUOUS
100
AcDbLine
 10
0.5287158661417323
 20
1.2340158661417322
 30
0
 11
0.521363937007874
 21
1.2457164173228346
 31
0
  0
LINE
  5
BC1
330
1A
100
AcDbEntity
  8
BLACK
  6
CONTINUOUS
100
AcDbLine
 10
0.521363937007874
 20
1.2457164173228346
 30
0
 11
0.5127481496062992
 21
1.2565202362204724
 31
0
  0
LINE
  5
BC2
330
1A
100
AcDbEntity
  8
BLACK
  6
CONTINUOUS
100
AcDbLine
 10
0.5127481496062992
 20
1.2565202362204724
 30
0
 11
0.5029769291338583
 21
1.2662914566929133
 31
0
  0
LINE
  5
BC3
330
1A
100
AcDbEntity
  8
BLACK
  6
CONTINUOUS
100
AcDbLine
 10
0.5029769291338583
 20
1.2662914566929133
 30
0
 11
0.4921731102362205
 21
1.2749072440944882
 31
0
  0
LINE
  5
BC4
330
1A
100
AcDbEntity
  8
BLACK
  6
CONTINUOUS
100
AcDbLine
 10
0.4921731102362205
 20
1.2749072440944882
 30
0
 11
0.4804725590551181
 21
1.2822591732283464
 31
0
  0
LINE
  5
BC5
330
1A
100
AcDbEntity
  8
BLACK
  6
CONTINUOUS
100
AcDbLine
 10
0.4804725590551181
 20
1.2822591732283464
 30
0
 11
0.4680224409448819
 21
1.2882548425196849
 31
0
  0
LINE
  5
BC6
330
1A
100
AcDbEntity
  8
BLACK
  6
CONTINUOUS
100
AcDbLine
 10
0.4680224409448819
 20
1.2882548425196849
 30
0
 11
0.4549792913385827
 21
1.2928188188976377
 31
0
  0
LINE
  5
BC7
330
1A
100
AcDbEntity
  8
BLACK
  6
CONTINUOUS
100
AcDbLine
 10
0.4549792913385827
 20
1.2928188188976377
 30
0
 11
0.4415071653543307
 21
1.2958937401574804
 31
0
  0
LINE
  5
BC8
330
1A
100
AcDbEntity
  8
BLACK
  6
CONTINUOUS
100
AcDbLine
 10
0.4415071653543307
 20
1.2958937401574804
 30
0
 11
0.4277754330708661
 21
1.2974409448818898
 31
0
  0
LINE
  5
BC9
330
1A
100
AcDbEntity
  8
BLACK
  6
CONTINUOUS
100
AcDbLine
 10
0.4277754330708661
 20
1.2974409448818898
 30
0
 11
0.4139568503937008
 21
1.2974409448818898
 31
0
  0
LINE
  5
BCA
330
1A
100
AcDbEntity
  8
BLACK
  6
CONTINUOUS
100
AcDbLine
 10
0.4139568503937008
 20
1.2974409448818898
 30
0
 11
0.4002251181102362
 21
1.2958937401574804
 31
0
  0
LINE
  5
BCB
330
1A
100
AcDbEntity
  8
BLACK
  6
CONTINUOUS
100
AcDbLine
 10
0.2978346456692914
 20
1.2974409448818898
 30
0
 11
0.2978346456692914
 21
1.2050668503937008
 31
0
  0
LINE
  5
BCC
330
1A
100
AcDbEntity
  8
BLACK
  6
CONTINUOUS
100
AcDbLine
 10
0.2978346456692914
 20
1.2050668503937008
 30
0
 11
0.2988599212598425
 21
1.2095588582677166
 31
0
  0
LINE
  5
BCD
330
1A
100
AcDbEntity
  8
BLACK
  6
CONTINUOUS
100
AcDbLine
 10
0.2988599212598425
 20
1.2095588582677166
 30
0
 11
0.3035625590551181
 21
1.2229981889763779
 31
0
  0
LINE
  5
BCE
330
1A
100
AcDbEntity
  8
BLACK
  6
CONTINUOUS
100
AcDbLine
 10
0.3035625590551181
 20
1.2229981889763779
 30
0
 11
0.3097403149606299
 21
1.2358264960629921
 31
0
  0
LINE
  5
BCF
330
1A
100
AcDbEntity
  8
BLACK
  6
CONTINUOUS
100
AcDbLine
 10
0.3097403149606299
 20
1.2358264960629921
 30
0
 11
0.3173155905511811
 21
1.2478824803149606
 31
0
  0
LINE
  5
BD0
330
1A
100
AcDbEntity
  8
BLACK
  6
CONTINUOUS
100
AcDbLine
 10
0.3173155905511811
 20
1.2478824803149606
 30
0
 11
0.3261930708661417
 21
1.2590144881889764
 31
0
  0
LINE
  5
BD1
330
1A
100
AcDbEntity
  8
BLACK
  6
CONTINUOUS
100
AcDbLine
 10
0.3261930708661417
 20
1.2590144881889764
 30
0
 11
0.3362611023622047
 21
1.2690825196850393
 31
0
  0
LINE
  5
BD2
330
1A
100
AcDbEntity
  8
BLACK
  6
CONTINUOUS
100
AcDbLine
 10
0.3362611023622047
 20
1.2690825196850393
 30
0
 11
0.3473931102362204
 21
1.27796
 31
0
  0
LINE
  5
BD3
330
1A
100
AcDbEntity
  8
BLACK
  6
CONTINUOUS
100
AcDbLine
 10
0.3473931102362204
 20
1.27796
 30
0
 11
0.359449094488189
 21
1.2855352755905511
 31
0
  0
LINE
  5
BD4
330
1A
100
AcDbEntity
  8
BLACK
  6
CONTINUOUS
100
AcDbLine
 10
0.359449094488189
 20
1.2855352755905511
 30
0
 11
0.3722774015748032
 21
1.291713031496063
 31
0
  0
LINE
  5
BD5
330
1A
100
AcDbEntity
  8
BLACK
  6
CONTINUOUS
100
AcDbLine
 10
0.3722774015748032
 20
1.291713031496063
 30
0
 11
0.3857167322834645
 21
1.2964156692913384
 31
0
  0
LINE
  5
BD6
330
1A
100
AcDbEntity
  8
BLACK
  6
CONTINUOUS
100
AcDbLine
 10
0.3857167322834645
 20
1.2964156692913384
 30
0
 11
0.3902087401574803
 21
1.2974409448818898
 31
0
  0
LINE
  5
BD7
330
1A
100
AcDbEntity
  8
BLACK
  6
CONTINUOUS
100
AcDbLine
 10
0.3902087401574803
 20
1.2974409448818898
 30
0
 11
0.2978346456692914
 21
1.2974409448818898
 31
0
  0
LINE
  5
BD8
330
1A
100
AcDbEntity
  8
BLACK
  6
CONTINUOUS
100
AcDbLine
 10
0.4515235433070866
 20
1.2974409448818898
 30
0
 11
0.4560155511811024
 21
1.2964156692913384
 31
0
  0
LINE
  5
BD9
330
1A
100
AcDbEntity
  8
BLACK
  6
CONTINUOUS
100
AcDbLine
 10
0.4560155511811024
 20
1.2964156692913384
 30
0
 11
0.4694548818897638
 21
1.291713031496063
 31
0
  0
LINE
  5
BDA
330
1A
100
AcDbEntity
  8
BLACK
  6
CONTINUOUS
100
AcDbLine
 10
0.4694548818897638
 20
1.291713031496063
 30
0
 11
0.482283188976378
 21
1.2855352755905511
 31
0
  0
LINE
  5
BDB
330
1A
100
AcDbEntity
  8
BLACK
  6
CONTINUOUS
100
AcDbLine
 10
0.482283188976378
 20
1.2855352755905511
 30
0
 11
0.4943391732283464
 21
1.27796
 31
0
  0
LINE
  5
BDC
330
1A
100
AcDbEntity
  8
BLACK
  6
CONTINUOUS
100
AcDbLine
 10
0.4943391732283464
 20
1.27796
 30
0
 11
0.5054711811023622
 21
1.2690825196850393
 31
0
  0
LINE
  5
BDD
330
1A
100
AcDbEntity
  8
BLACK
  6
CONTINUOUS
100
AcDbLine
 10
0.5054711811023622
 20
1.2690825196850393
 30
0
 11
0.5155392125984252
 21
1.2590144881889764
 31
0
  0
LINE
  5
BDE
330
1A
100
AcDbEntity
  8
BLACK
  6
CONTINUOUS
100
AcDbLine
 10
0.5155392125984252
 20
1.2590144881889764
 30
0
 11
0.5244166929133858
 21
1.2478824803149606
 31
0
  0
LINE
  5
BDF
330
1A
100
AcDbEntity
  8
BLACK
  6
CONTINUOUS
100
AcDbLine
 10
0.5244166929133858
 20
1.2478824803149606
 30
0
 11
0.531991968503937
 21
1.2358264960629921
 31
0
  0
LINE
  5
BE0
330
1A
100
AcDbEntity
  8
BLACK
  6
CONTINUOUS
100
AcDbLine
 10
0.531991968503937
 20
1.2358264960629921
 30
0
 11
0.5381697244094488
 21
1.2229981889763779
 31
0
  0
LINE
  5
BE1
330
1A
100
AcDbEntity
  8
BLACK
  6
CONTINUOUS
100
AcDbLine
 10
0.5381697244094488
 20
1.2229981889763779
 30
0
 11
0.5428723622047243
 21
1.2095588582677166
 31
0
  0
LINE
  5
BE2
330
1A
100
AcDbEntity
  8
BLACK
  6
CONTINUOUS
100
AcDbLine
 10
0.5428723622047243
 20
1.2095588582677166
 30
0
 11
0.5438976377952756
 21
1.2050668503937008
 31
0
  0
LINE
  5
BE3
330
1A
100
AcDbEntity
  8
BLACK
  6
CONTINUOUS
100
AcDbLine
 10
0.5438976377952756
 20
1.2050668503937008
 30
0
 11
0.5438976377952756
 21
1.2974409448818898
 31
0
  0
LINE
  5
BE4
330
1A
100
AcDbEntity
  8
BLACK
  6
CONTINUOUS
100
AcDbLine
 10
0.5438976377952756
 20
1.2974409448818898
 30
0
 11
0.4515235433070866
 21
1.2974409448818898
 31
0
  0
LINE
  5
BE5
330
1A
100
AcDbEntity
  8
BLACK
  6
CONTINUOUS
100
AcDbLine
 10
1.2785122834645668
 20
1.1156046062992127
 30
0
 11
1.2789531496062991
 21
1.1154220078740158
 31
0
  0
LINE
  5
BE6
330
1A
100
AcDbEntity
  8
BLACK
  6
CONTINUOUS
100
AcDbLine
 10
1.2789531496062991
 20
1.1154220078740158
 30
0
 11
1.2795766535433071
 21
1.1151637401574803
 31
0
  0
LINE
  5
BE7
330
1A
100
AcDbEntity
  8
BLACK
  6
CONTINUOUS
100
AcDbLine
 10
1.2795766535433071
 20
1.1151637401574803
 30
0
 11
1.2800240944881889
 21
1.1147965354330709
 31
0
  0
LINE
  5
BE8
330
1A
100
AcDbEntity
  8
BLACK
  6
CONTINUOUS
100
AcDbLine
 10
1.2800240944881889
 20
1.1147965354330709
 30
0
 11
1.2818988976377952
 21
1.1129217716535433
 31
0
  0
LINE
  5
BE9
330
1A
100
AcDbEntity
  8
BLACK
  6
CONTINUOUS
100
AcDbLine
 10
1.2818988976377952
 20
1.1129217716535433
 30
0
 11
1.2822661417322834
 21
1.1124742913385826
 31
0
  0
LINE
  5
BEA
330
1A
100
AcDbEntity
  8
BLACK
  6
CONTINUOUS
100
AcDbLine
 10
1.2822661417322834
 20
1.1124742913385826
 30
0
 11
1.2823066929133857
 21
1.112376338582677
 31
0
  0
LINE
  5
BEB
330
1A
100
AcDbEntity
  8
BLACK
  6
CONTINUOUS
100
AcDbLine
 10
1.2823066929133857
 20
1.112376338582677
 30
0
 11
1.2823762598425197
 21
1.1122961417322834
 31
0
  0
LINE
  5
BEC
330
1A
100
AcDbEntity
  8
BLACK
  6
CONTINUOUS
100
AcDbLine
 10
1.2823762598425197
 20
1.1122961417322834
 30
0
 11
1.2826122440944883
 21
1.1117675590551181
 31
0
  0
LINE
  5
BED
330
1A
100
AcDbEntity
  8
BLACK
  6
CONTINUOUS
100
AcDbLine
 10
1.2826122440944883
 20
1.1117675590551181
 30
0
 11
1.2844870078740158
 21
1.1061433070866142
 31
0
  0
LINE
  5
BEE
330
1A
100
AcDbEntity
  8
BLACK
  6
CONTINUOUS
100
AcDbLine
 10
1.2844870078740158
 20
1.1061433070866142
 30
0
 11
1.2845519291338583
 21
1.1058576771653543
 31
0
  0
LINE
  5
BEF
330
1A
100
AcDbEntity
  8
BLACK
  6
CONTINUOUS
100
AcDbLine
 10
1.2845519291338583
 20
1.1058576771653543
 30
0
 11
1.284581811023622
 21
1.1057855905511811
 31
0
  0
LINE
  5
BF0
330
1A
100
AcDbEntity
  8
BLACK
  6
CONTINUOUS
100
AcDbLine
 10
1.284581811023622
 20
1.1057855905511811
 30
0
 11
1.2845920866141731
 21
1.1056811417322834
 31
0
  0
LINE
  5
BF1
330
1A
100
AcDbEntity
  8
BLACK
  6
CONTINUOUS
100
AcDbLine
 10
1.2845920866141731
 20
1.1056811417322834
 30
0
 11
1.2846153543307086
 21
1.1055788582677164
 31
0
  0
LINE
  5
BF2
330
1A
100
AcDbEntity
  8
BLACK
  6
CONTINUOUS
100
AcDbLine
 10
1.2846153543307086
 20
1.1055788582677164
 30
0
 11
1.2846098031496063
 21
1.1055011417322835
 31
0
  0
LINE
  5
BF3
330
1A
100
AcDbEntity
  8
BLACK
  6
CONTINUOUS
100
AcDbLine
 10
1.2846098031496063
 20
1.1055011417322835
 30
0
 11
1.2846385433070866
 21
1.105209527559055
 31
0
  0
LINE
  5
BF4
330
1A
100
AcDbEntity
  8
BLACK
  6
CONTINUOUS
100
AcDbLine
 10
1.2846385433070866
 20
1.105209527559055
 30
0
 11
1.2846385433070866
 21
1.1014599999999999
 31
0
  0
LINE
  5
BF5
330
1A
100
AcDbEntity
  8
BLACK
  6
CONTINUOUS
100
AcDbLine
 10
1.2846385433070866
 20
1.1014599999999999
 30
0
 11
1.2846098031496063
 21
1.1011684251968503
 31
0
  0
LINE
  5
BF6
330
1A
100
AcDbEntity
  8
BLACK
  6
CONTINUOUS
100
AcDbLine
 10
1.2846098031496063
 20
1.1011684251968503
 30
0
 11
1.2846153543307086
 21
1.1010906692913385
 31
0
  0
LINE
  5
BF7
330
1A
100
AcDbEntity
  8
BLACK
  6
CONTINUOUS
100
AcDbLine
 10
1.2846153543307086
 20
1.1010906692913385
 30
0
 11
1.2845920866141731
 21
1.1009884251968505
 31
0
  0
LINE
  5
BF8
330
1A
100
AcDbEntity
  8
BLACK
  6
CONTINUOUS
100
AcDbLine
 10
1.2845920866141731
 20
1.1009884251968505
 30
0
 11
1.284581811023622
 21
1.100883937007874
 31
0
  0
LINE
  5
BF9
330
1A
100
AcDbEntity
  8
BLACK
  6
CONTINUOUS
100
AcDbLine
 10
1.284581811023622
 20
1.100883937007874
 30
0
 11
1.2845519291338583
 21
1.1008118897637795
 31
0
  0
LINE
  5
BFA
330
1A
100
AcDbEntity
  8
BLACK
  6
CONTINUOUS
100
AcDbLine
 10
1.2845519291338583
 20
1.1008118897637795
 30
0
 11
1.2844870078740158
 21
1.1005262204724409
 31
0
  0
LINE
  5
BFB
330
1A
100
AcDbEntity
  8
BLACK
  6
CONTINUOUS
100
AcDbLine
 10
1.2844870078740158
 20
1.1005262204724409
 30
0
 11
1.2826122440944883
 21
1.094901968503937
 31
0
  0
LINE
  5
BFC
330
1A
100
AcDbEntity
  8
BLACK
  6
CONTINUOUS
100
AcDbLine
 10
1.2826122440944883
 20
1.094901968503937
 30
0
 11
1.2823762598425197
 21
1.0943733858267717
 31
0
  0
LINE
  5
BFD
330
1A
100
AcDbEntity
  8
BLACK
  6
CONTINUOUS
100
AcDbLine
 10
1.2823762598425197
 20
1.0943733858267717
 30
0
 11
1.2823067716535432
 21
1.0942933070866141
 31
0
  0
LINE
  5
BFE
330
1A
100
AcDbEntity
  8
BLACK
  6
CONTINUOUS
100
AcDbLine
 10
1.2823067716535432
 20
1.0942933070866141
 30
0
 11
1.2822661811023621
 21
1.0941952362204723
 31
0
  0
LINE
  5
BFF
330
1A
100
AcDbEntity
  8
BLACK
  6
CONTINUOUS
100
AcDbLine
 10
1.2822661811023621
 20
1.0941952362204723
 30
0
 11
1.2818989370078739
 21
1.0937477952755905
 31
0
  0
LINE
  5
C00
330
1A
100
AcDbEntity
  8
BLACK
  6
CONTINUOUS
100
AcDbLine
 10
1.2818989370078739
 20
1.0937477952755905
 30
0
 11
1.2781493700787401
 21
1.0899982677165354
 31
0
  0
LINE
  5
C01
330
1A
100
AcDbEntity
  8
BLACK
  6
CONTINUOUS
100
AcDbLine
 10
1.2781493700787401
 20
1.0899982677165354
 30
0
 11
1.2779229921259843
 21
1.0898125196850394
 31
0
  0
LINE
  5
C02
330
1A
100
AcDbEntity
  8
BLACK
  6
CONTINUOUS
100
AcDbLine
 10
1.2779229921259843
 20
1.0898125196850394
 30
0
 11
1.2778718503937008
 21
1.0897535039370079
 31
0
  0
LINE
  5
C03
330
1A
100
AcDbEntity
  8
BLACK
  6
CONTINUOUS
100
AcDbLine
 10
1.2778718503937008
 20
1.0897535039370079
 30
0
 11
1.2777829133858267
 21
1.0896975590551181
 31
0
  0
LINE
  5
C04
330
1A
100
AcDbEntity
  8
BLACK
  6
CONTINUOUS
100
AcDbLine
 10
1.2777829133858267
 20
1.0896975590551181
 30
0
 11
1.2777018897637795
 21
1.0896310236220472
 31
0
  0
LINE
  5
C05
330
1A
100
AcDbEntity
  8
BLACK
  6
CONTINUOUS
100
AcDbLine
 10
1.2777018897637795
 20
1.0896310236220472
 30
0
 11
1.277629842519685
 21
1.089601220472441
 31
0
  0
LINE
  5
C06
330
1A
100
AcDbEntity
  8
BLACK
  6
CONTINUOUS
100
AcDbLine
 10
1.277629842519685
 20
1.089601220472441
 30
0
 11
1.2773819685039369
 21
1.089445157480315
 31
0
  0
LINE
  5
C07
330
1A
100
AcDbEntity
  8
BLACK
  6
CONTINUOUS
100
AcDbLine
 10
1.2773819685039369
 20
1.089445157480315
 30
0
 11
1.2736324409448818
 21
1.0875703937007875
 31
0
  0
LINE
  5
C08
330
1A
100
AcDbEntity
  8
BLACK
  6
CONTINUOUS
100
AcDbLine
 10
1.2736324409448818
 20
1.0875703937007875
 30
0
 11
1.2735903149606298
 21
1.0875542913385827
 31
0
  0
LINE
  5
C09
330
1A
100
AcDbEntity
  8
BLACK
  6
CONTINUOUS
100
AcDbLine
 10
1.2735903149606298
 20
1.0875542913385827
 30
0
 11
1.2735731889763779
 21
1.0875415748031496
 31
0
  0
LINE
  5
C0A
330
1A
100
AcDbEntity
  8
BLACK
  6
CONTINUOUS
100
AcDbLine
 10
1.2735731889763779
 20
1.0875415748031496
 30
0
 11
1.273331220472441
 21
1.0874551574803148
 31
0
  0
LINE
  5
C0B
330
1A
100
AcDbEntity
  8
BLACK
  6
CONTINUOUS
100
AcDbLine
 10
1.273331220472441
 20
1.0874551574803148
 30
0
 11
1.273091811023622
 21
1.0873635039370078
 31
0
  0
LINE
  5
C0C
330
1A
100
AcDbEntity
  8
BLACK
  6
CONTINUOUS
100
AcDbLine
 10
1.273091811023622
 20
1.0873635039370078
 30
0
 11
1.2730705511811022
 21
1.0873620078740158
 31
0
  0
LINE
  5
C0D
330
1A
100
AcDbEntity
  8
BLACK
  6
CONTINUOUS
100
AcDbLine
 10
1.2730705511811022
 20
1.0873620078740158
 30
0
 11
1.2730280708661417
 21
1.087346811023622
 31
0
  0
LINE
  5
C0E
330
1A
100
AcDbEntity
  8
BLACK
  6
CONTINUOUS
100
AcDbLine
 10
1.2730280708661417
 20
1.087346811023622
 30
0
 11
1.2655290157480314
 21
1.0854720472440944
 31
0
  0
LINE
  5
C0F
330
1A
100
AcDbEntity
  8
BLACK
  6
CONTINUOUS
100
AcDbLine
 10
1.2655290157480314
 20
1.0854720472440944
 30
0
 11
1.2654291338582677
 21
1.0854572834645668
 31
0
  0
LINE
  5
C10
330
1A
100
AcDbEntity
  8
BLACK
  6
CONTINUOUS
100
AcDbLine
 10
1.2654291338582677
 20
1.0854572834645668
 30
0
 11
1.2653889370078739
 21
1.0854406299212598
 31
0
  0
LINE
  5
C11
330
1A
100
AcDbEntity
  8
BLACK
  6
CONTINUOUS
100
AcDbLine
 10
1.2653889370078739
 20
1.0854406299212598
 30
0
 11
1.2651718897637796
 21
1.0854192913385827
 31
0
  0
LINE
  5
C12
330
1A
100
AcDbEntity
  8
BLACK
  6
CONTINUOUS
100
AcDbLine
 10
1.2651718897637796
 20
1.0854192913385827
 30
0
 11
1.2649564173228347
 21
1.0853874015748031
 31
0
  0
LINE
  5
C13
330
1A
100
AcDbEntity
  8
BLACK
  6
CONTINUOUS
100
AcDbLine
 10
1.2649564173228347
 20
1.0853874015748031
 30
0
 11
1.2649133858267716
 21
1.0853938188976378
 31
0
  0
LINE
  5
C14
330
1A
100
AcDbEntity
  8
BLACK
  6
CONTINUOUS
100
AcDbLine
 10
1.2649133858267716
 20
1.0853938188976378
 30
0
 11
1.264812874015748
 21
1.0853838976377952
 31
0
  0
LINE
  5
C15
330
1A
100
AcDbEntity
  8
BLACK
  6
CONTINUOUS
100
AcDbLine
 10
1.264812874015748
 20
1.0853838976377952
 30
0
 11
1.2591885826771654
 21
1.0853838976377952
 31
0
  0
LINE
  5
C16
330
1A
100
AcDbEntity
  8
BLACK
  6
CONTINUOUS
100
AcDbLine
 10
1.2591885826771654
 20
1.0853838976377952
 30
0
 11
1.2590880314960629
 21
1.0853938188976378
 31
0
  0
LINE
  5
C17
330
1A
100
AcDbEntity
  8
BLACK
  6
CONTINUOUS
100
AcDbLine
 10
1.2590880314960629
 20
1.0853938188976378
 30
0
 11
1.2590450393700787
 21
1.0853874015748031
 31
0
  0
LINE
  5
C18
330
1A
100
AcDbEntity
  8
BLACK
  6
CONTINUOUS
100
AcDbLine
 10
1.2590450393700787
 20
1.0853874015748031
 30
0
 11
1.2588295275590551
 21
1.0854192913385827
 31
0
  0
LINE
  5
C19
330
1A
100
AcDbEntity
  8
BLACK
  6
CONTINUOUS
100
AcDbLine
 10
1.2588295275590551
 20
1.0854192913385827
 30
0
 11
1.2586125196850393
 21
1.0854406299212598
 31
0
  0
LINE
  5
C1A
330
1A
100
AcDbEntity
  8
BLACK
  6
CONTINUOUS
100
AcDbLine
 10
1.2586125196850393
 20
1.0854406299212598
 30
0
 11
1.258572283464567
 21
1.0854572834645668
 31
0
  0
LINE
  5
C1B
330
1A
100
AcDbEntity
  8
BLACK
  6
CONTINUOUS
100
AcDbLine
 10
1.258572283464567
 20
1.0854572834645668
 30
0
 11
1.2584724409448818
 21
1.0854720472440944
 31
0
  0
LINE
  5
C1C
330
1A
100
AcDbEntity
  8
BLACK
  6
CONTINUOUS
100
AcDbLine
 10
1.2584724409448818
 20
1.0854720472440944
 30
0
 11
1.2509733858267715
 21
1.087346811023622
 31
0
  0
LINE
  5
C1D
330
1A
100
AcDbEntity
  8
BLACK
  6
CONTINUOUS
100
AcDbLine
 10
1.2509733858267715
 20
1.087346811023622
 30
0
 11
1.2509308661417322
 21
1.0873620078740158
 31
0
  0
LINE
  5
C1E
330
1A
100
AcDbEntity
  8
BLACK
  6
CONTINUOUS
100
AcDbLine
 10
1.2509308661417322
 20
1.0873620078740158
 30
0
 11
1.2509096062992127
 21
1.0873635039370078
 31
0
  0
LINE
  5
C1F
330
1A
100
AcDbEntity
  8
BLACK
  6
CONTINUOUS
100
AcDbLine
 10
1.2509096062992127
 20
1.0873635039370078
 30
0
 11
1.2506698425196849
 21
1.0874552755905511
 31
0
  0
LINE
  5
C20
330
1A
100
AcDbEntity
  8
BLACK
  6
CONTINUOUS
100
AcDbLine
 10
1.2506698425196849
 20
1.0874552755905511
 30
0
 11
1.2504282677165355
 21
1.0875415748031496
 31
0
  0
LINE
  5
C21
330
1A
100
AcDbEntity
  8
BLACK
  6
CONTINUOUS
100
AcDbLine
 10
1.2504282677165355
 20
1.0875415748031496
 30
0
 11
1.2504111023622047
 21
1.0875542913385827
 31
0
  0
LINE
  5
C22
330
1A
100
AcDbEntity
  8
BLACK
  6
CONTINUOUS
100
AcDbLine
 10
1.2504111023622047
 20
1.0875542913385827
 30
0
 11
1.2503690157480314
 21
1.0875703937007875
 31
0
  0
LINE
  5
C23
330
1A
100
AcDbEntity
  8
BLACK
  6
CONTINUOUS
100
AcDbLine
 10
1.2503690157480314
 20
1.0875703937007875
 30
0
 11
1.2466194881889763
 21
1.089445157480315
 31
0
  0
LINE
  5
C24
330
1A
100
AcDbEntity
  8
BLACK
  6
CONTINUOUS
100
AcDbLine
 10
1.2466194881889763
 20
1.089445157480315
 30
0
 11
1.2463716535433071
 21
1.0896011811023623
 31
0
  0
LINE
  5
C25
330
1A
100
AcDbEntity
  8
BLACK
  6
CONTINUOUS
100
AcDbLine
 10
1.2463716535433071
 20
1.0896011811023623
 30
0
 11
1.2462995275590552
 21
1.0896310236220472
 31
0
  0
LINE
  5
C26
330
1A
100
AcDbEntity
  8
BLACK
  6
CONTINUOUS
100
AcDbLine
 10
1.2462995275590552
 20
1.0896310236220472
 30
0
 11
1.2462183464566929
 21
1.0896976377952756
 31
0
  0
LINE
  5
C27
330
1A
100
AcDbEntity
  8
BLACK
  6
CONTINUOUS
100
AcDbLine
 10
1.2462183464566929
 20
1.0896976377952756
 30
0
 11
1.2461296062992127
 21
1.0897535039370079
 31
0
  0
LINE
  5
C28
330
1A
100
AcDbEntity
  8
BLACK
  6
CONTINUOUS
100
AcDbLine
 10
1.2461296062992127
 20
1.0897535039370079
 30
0
 11
1.2460784645669292
 21
1.0898124409448819
 31
0
  0
LINE
  5
C29
330
1A
100
AcDbEntity
  8
BLACK
  6
CONTINUOUS
100
AcDbLine
 10
1.2460784645669292
 20
1.0898124409448819
 30
0
 11
1.2458520866141731
 21
1.0899982677165354
 31
0
  0
LINE
  5
C2A
330
1A
100
AcDbEntity
  8
BLACK
  6
CONTINUOUS
100
AcDbLine
 10
1.2458520866141731
 20
1.0899982677165354
 30
0
 11
1.242102559055118
 21
1.0937477952755905
 31
0
  0
LINE
  5
C2B
330
1A
100
AcDbEntity
  8
BLACK
  6
CONTINUOUS
100
AcDbLine
 10
1.242102559055118
 20
1.0937477952755905
 30
0
 11
1.2417353543307086
 21
1.0941952362204723
 31
0
  0
LINE
  5
C2C
330
1A
100
AcDbEntity
  8
BLACK
  6
CONTINUOUS
100
AcDbLine
 10
1.2417353543307086
 20
1.0941952362204723
 30
0
 11
1.2416947244094487
 21
1.0942933070866141
 31
0
  0
LINE
  5
C2D
330
1A
100
AcDbEntity
  8
BLACK
  6
CONTINUOUS
100
AcDbLine
 10
1.2416947244094487
 20
1.0942933070866141
 30
0
 11
1.2416252362204725
 21
1.0943734251968504
 31
0
  0
LINE
  5
C2E
330
1A
100
AcDbEntity
  8
BLACK
  6
CONTINUOUS
100
AcDbLine
 10
1.2416252362204725
 20
1.0943734251968504
 30
0
 11
1.2413892519685039
 21
1.094901968503937
 31
0
  0
LINE
  5
C2F
330
1A
100
AcDbEntity
  8
BLACK
  6
CONTINUOUS
100
AcDbLine
 10
1.2413892519685039
 20
1.094901968503937
 30
0
 11
1.2395144881889764
 21
1.1005262598425196
 31
0
  0
LINE
  5
C30
330
1A
100
AcDbEntity
  8
BLACK
  6
CONTINUOUS
100
AcDbLine
 10
1.2395144881889764
 20
1.1005262598425196
 30
0
 11
1.2394495275590551
 21
1.1008118503937008
 31
0
  0
LINE
  5
C31
330
1A
100
AcDbEntity
  8
BLACK
  6
CONTINUOUS
100
AcDbLine
 10
1.2394495275590551
 20
1.1008118503937008
 30
0
 11
1.2394196850393699
 21
1.100883937007874
 31
0
  0
LINE
  5
C32
330
1A
100
AcDbEntity
  8
BLACK
  6
CONTINUOUS
100
AcDbLine
 10
1.2394196850393699
 20
1.100883937007874
 30
0
 11
1.2394093700787401
 21
1.100988464566929
 31
0
  0
LINE
  5
C33
330
1A
100
AcDbEntity
  8
BLACK
  6
CONTINUOUS
100
AcDbLine
 10
1.2394093700787401
 20
1.100988464566929
 30
0
 11
1.2393861417322833
 21
1.1010907086614172
 31
0
  0
LINE
  5
C34
330
1A
100
AcDbEntity
  8
BLACK
  6
CONTINUOUS
100
AcDbLine
 10
1.2393861417322833
 20
1.1010907086614172
 30
0
 11
1.2393916535433072
 21
1.1011684645669291
 31
0
  0
LINE
  5
C35
330
1A
100
AcDbEntity
  8
BLACK
  6
CONTINUOUS
100
AcDbLine
 10
1.2393916535433072
 20
1.1011684645669291
 30
0
 11
1.2393629527559056
 21
1.1014599999999999
 31
0
  0
LINE
  5
C36
330
1A
100
AcDbEntity
  8
BLACK
  6
CONTINUOUS
100
AcDbLine
 10
1.2393629527559056
 20
1.1014599999999999
 30
0
 11
1.2393629527559056
 21
1.1070842913385825
 31
0
  0
LINE
  5
C37
330
1A
100
AcDbEntity
  8
BLACK
  6
CONTINUOUS
100
AcDbLine
 10
1.2393629527559056
 20
1.1070842913385825
 30
0
 11
1.2394196850393699
 21
1.1076603543307086
 31
0
  0
LINE
  5
C38
330
1A
100
AcDbEntity
  8
BLACK
  6
CONTINUOUS
100
AcDbLine
 10
1.2394196850393699
 20
1.1076603543307086
 30
0
 11
1.2394602755905511
 21
1.1077583858267717
 31
0
  0
LINE
  5
C39
330
1A
100
AcDbEntity
  8
BLACK
  6
CONTINUOUS
100
AcDbLine
 10
1.2394602755905511
 20
1.1077583858267717
 30
0
 11
1.2394677952755906
 21
1.1078641732283465
 31
0
  0
LINE
  5
C3A
330
1A
100
AcDbEntity
  8
BLACK
  6
CONTINUOUS
100
AcDbLine
 10
1.2394677952755906
 20
1.1078641732283465
 30
0
 11
1.2396746850393701
 21
1.1084048031496063
 31
0
  0
LINE
  5
C3B
330
1A
100
AcDbEntity
  8
BLACK
  6
CONTINUOUS
100
AcDbLine
 10
1.2396746850393701
 20
1.1084048031496063
 30
0
 11
1.2415494488188976
 21
1.1121543307086614
 31
0
  0
LINE
  5
C3C
330
1A
100
AcDbEntity
  8
BLACK
  6
CONTINUOUS
100
AcDbLine
 10
1.2415494488188976
 20
1.1121543307086614
 30
0
 11
1.2418577952755905
 21
1.1126442125984253
 31
0
  0
LINE
  5
C3D
330
1A
100
AcDbEntity
  8
BLACK
  6
CONTINUOUS
100
AcDbLine
 10
1.2418577952755905
 20
1.1126442125984253
 30
0
 11
1.2427281889763779
 21
1.1133990551181101
 31
0
  0
LINE
  5
C3E
330
1A
100
AcDbEntity
  8
BLACK
  6
CONTINUOUS
100
AcDbLine
 10
1.2427281889763779
 20
1.1133990551181101
 30
0
 11
1.2438211417322835
 21
1.1137633858267717
 31
0
  0
LINE
  5
C3F
330
1A
100
AcDbEntity
  8
BLACK
  6
CONTINUOUS
100
AcDbLine
 10
1.2438211417322835
 20
1.1137633858267717
 30
0
 11
1.2449703543307087
 21
1.1136817322834645
 31
0
  0
LINE
  5
C40
330
1A
100
AcDbEntity
  8
BLACK
  6
CONTINUOUS
100
AcDbLine
 10
1.2449703543307087
 20
1.1136817322834645
 30
0
 11
1.2460008661417323
 21
1.1131664566929134
 31
0
  0
LINE
  5
C41
330
1A
100
AcDbEntity
  8
BLACK
  6
CONTINUOUS
100
AcDbLine
 10
1.2460008661417323
 20
1.1131664566929134
 30
0
 11
1.2467557086614174
 21
1.1122961023622047
 31
0
  0
LINE
  5
C42
330
1A
100
AcDbEntity
  8
BLACK
  6
CONTINUOUS
100
AcDbLine
 10
1.2467557086614174
 20
1.1122961023622047
 30
0
 11
1.2471200393700788
 21
1.1112031102362205
 31
0
  0
LINE
  5
C43
330
1A
100
AcDbEntity
  8
BLACK
  6
CONTINUOUS
100
AcDbLine
 10
1.2471200393700788
 20
1.1112031102362205
 30
0
 11
1.2470383858267717
 21
1.1100538976377952
 31
0
  0
LINE
  5
C44
330
1A
100
AcDbEntity
  8
BLACK
  6
CONTINUOUS
100
AcDbLine
 10
1.2470383858267717
 20
1.1100538976377952
 30
0
 11
1.246831496062992
 21
1.1095133070866141
 31
0
  0
LINE
  5
C45
330
1A
100
AcDbEntity
  8
BLACK
  6
CONTINUOUS
100
AcDbLine
 10
1.246831496062992
 20
1.1095133070866141
 30
0
 11
1.2452684645669292
 21
1.1063872440944882
 31
0
  0
LINE
  5
C46
330
1A
100
AcDbEntity
  8
BLACK
  6
CONTINUOUS
100
AcDbLine
 10
1.2452684645669292
 20
1.1063872440944882
 30
0
 11
1.2452684645669292
 21
1.1019391732283463
 31
0
  0
LINE
  5
C47
330
1A
100
AcDbEntity
  8
BLACK
  6
CONTINUOUS
100
AcDbLine
 10
1.2452684645669292
 20
1.1019391732283463
 30
0
 11
1.2467712598425196
 21
1.097430748031496
 31
0
  0
LINE
  5
C48
330
1A
100
AcDbEntity
  8
BLACK
  6
CONTINUOUS
100
AcDbLine
 10
1.2467712598425196
 20
1.097430748031496
 30
0
 11
1.2496890944881889
 21
1.0945129133858267
 31
0
  0
LINE
  5
C49
330
1A
100
AcDbEntity
  8
BLACK
  6
CONTINUOUS
100
AcDbLine
 10
1.2496890944881889
 20
1.0945129133858267
 30
0
 11
1.2527200787401576
 21
1.0929974409448819
 31
0
  0
LINE
  5
C4A
330
1A
100
AcDbEntity
  8
BLACK
  6
CONTINUOUS
100
AcDbLine
 10
1.2527200787401576
 20
1.0929974409448819
 30
0
 11
1.2595521259842519
 21
1.0912894094488188
 31
0
  0
LINE
  5
C4B
330
1A
100
AcDbEntity
  8
BLACK
  6
CONTINUOUS
100
AcDbLine
 10
1.2595521259842519
 20
1.0912894094488188
 30
0
 11
1.2644493307086613
 21
1.0912894094488188
 31
0
  0
LINE
  5
C4C
330
1A
100
AcDbEntity
  8
BLACK
  6
CONTINUOUS
100
AcDbLine
 10
1.2644493307086613
 20
1.0912894094488188
 30
0
 11
1.2712813779527559
 21
1.0929974409448819
 31
0
  0
LINE
  5
C4D
330
1A
100
AcDbEntity
  8
BLACK
  6
CONTINUOUS
100
AcDbLine
 10
1.2712813779527559
 20
1.0929974409448819
 30
0
 11
1.2743123622047243
 21
1.0945129527559054
 31
0
  0
LINE
  5
C4E
330
1A
100
AcDbEntity
  8
BLACK
  6
CONTINUOUS
100
AcDbLine
 10
1.2743123622047243
 20
1.0945129527559054
 30
0
 11
1.2772302362204724
 21
1.0974307874015747
 31
0
  0
LINE
  5
C4F
330
1A
100
AcDbEntity
  8
BLACK
  6
CONTINUOUS
100
AcDbLine
 10
1.2772302362204724
 20
1.0974307874015747
 30
0
 11
1.278733031496063
 21
1.1019391338582676
 31
0
  0
LINE
  5
C50
330
1A
100
AcDbEntity
  8
BLACK
  6
CONTINUOUS
100
AcDbLine
 10
1.278733031496063
 20
1.1019391338582676
 30
0
 11
1.278733031496063
 21
1.1047303937007873
 31
0
  0
LINE
  5
C51
330
1A
100
AcDbEntity
  8
BLACK
  6
CONTINUOUS
100
AcDbLine
 10
1.278733031496063
 20
1.1047303937007873
 30
0
 11
1.2772302362204724
 21
1.1092387795275591
 31
0
  0
LINE
  5
C52
330
1A
100
AcDbEntity
  8
BLACK
  6
CONTINUOUS
100
AcDbLine
 10
1.2772302362204724
 20
1.1092387795275591
 30
0
 11
1.2767131496062991
 21
1.1097558267716534
 31
0
  0
LINE
  5
C53
330
1A
100
AcDbEntity
  8
BLACK
  6
CONTINUOUS
100
AcDbLine
 10
1.2767131496062991
 20
1.1097558267716534
 30
0
 11
1.2677656299212599
 21
1.1097558267716534
 31
0
  0
LINE
  5
C54
330
1A
100
AcDbEntity
  8
BLACK
  6
CONTINUOUS
100
AcDbLine
 10
1.2677656299212599
 20
1.1097558267716534
 30
0
 11
1.2677656299212599
 21
1.105209527559055
 31
0
  0
LINE
  5
C55
330
1A
100
AcDbEntity
  8
BLACK
  6
CONTINUOUS
100
AcDbLine
 10
1.2677656299212599
 20
1.105209527559055
 30
0
 11
1.2677088976377953
 21
1.1046334645669291
 31
0
  0
LINE
  5
C56
330
1A
100
AcDbEntity
  8
BLACK
  6
CONTINUOUS
100
AcDbLine
 10
1.2677088976377953
 20
1.1046334645669291
 30
0
 11
1.2672679921259842
 21
1.1035690551181103
 31
0
  0
LINE
  5
C57
330
1A
100
AcDbEntity
  8
BLACK
  6
CONTINUOUS
100
AcDbLine
 10
1.2672679921259842
 20
1.1035690551181103
 30
0
 11
1.2664533464566929
 21
1.1027544094488189
 31
0
  0
LINE
  5
C58
330
1A
100
AcDbEntity
  8
BLACK
  6
CONTINUOUS
100
AcDbLine
 10
1.2664533464566929
 20
1.1027544094488189
 30
0
 11
1.2653889370078739
 21
1.1023135039370078
 31
0
  0
LINE
  5
C59
330
1A
100
AcDbEntity
  8
BLACK
  6
CONTINUOUS
100
AcDbLine
 10
1.2653889370078739
 20
1.1023135039370078
 30
0
 11
1.264236811023622
 21
1.1023135039370078
 31
0
  0
LINE
  5
C5A
330
1A
100
AcDbEntity
  8
BLACK
  6
CONTINUOUS
100
AcDbLine
 10
1.264236811023622
 20
1.1023135039370078
 30
0
 11
1.2631724015748031
 21
1.1027544094488189
 31
0
  0
LINE
  5
C5B
330
1A
100
AcDbEntity
  8
BLACK
  6
CONTINUOUS
100
AcDbLine
 10
1.2631724015748031
 20
1.1027544094488189
 30
0
 11
1.2623577559055117
 21
1.1035690551181103
 31
0
  0
LINE
  5
C5C
330
1A
100
AcDbEntity
  8
BLACK
  6
CONTINUOUS
100
AcDbLine
 10
1.2623577559055117
 20
1.1035690551181103
 30
0
 11
1.2619168503937008
 21
1.1046334645669291
 31
0
  0
LINE
  5
C5D
330
1A
100
AcDbEntity
  8
BLACK
  6
CONTINUOUS
100
AcDbLine
 10
1.2619168503937008
 20
1.1046334645669291
 30
0
 11
1.2618601181102362
 21
1.105209527559055
 31
0
  0
LINE
  5
C5E
330
1A
100
AcDbEntity
  8
BLACK
  6
CONTINUOUS
100
AcDbLine
 10
1.2618601181102362
 20
1.105209527559055
 30
0
 11
1.2618601181102362
 21
1.1127085826771654
 31
0
  0
LINE
  5
C5F
330
1A
100
AcDbEntity
  8
BLACK
  6
CONTINUOUS
100
AcDbLine
 10
1.2618601181102362
 20
1.1127085826771654
 30
0
 11
1.2619168503937008
 21
1.1132846456692913
 31
0
  0
LINE
  5
C60
330
1A
100
AcDbEntity
  8
BLACK
  6
CONTINUOUS
100
AcDbLine
 10
1.2619168503937008
 20
1.1132846456692913
 30
0
 11
1.2623577559055117
 21
1.1143490551181101
 31
0
  0
LINE
  5
C61
330
1A
100
AcDbEntity
  8
BLACK
  6
CONTINUOUS
100
AcDbLine
 10
1.2623577559055117
 20
1.1143490551181101
 30
0
 11
1.2631724015748031
 21
1.1151637007874016
 31
0
  0
LINE
  5
C62
330
1A
100
AcDbEntity
  8
BLACK
  6
CONTINUOUS
100
AcDbLine
 10
1.2631724015748031
 20
1.1151637007874016
 30
0
 11
1.264236811023622
 21
1.1156046062992127
 31
0
  0
LINE
  5
C63
330
1A
100
AcDbEntity
  8
BLACK
  6
CONTINUOUS
100
AcDbLine
 10
1.264236811023622
 20
1.1156046062992127
 30
0
 11
1.264812874015748
 21
1.1156613385826772
 31
0
  0
LINE
  5
C64
330
1A
100
AcDbEntity
  8
BLACK
  6
CONTINUOUS
100
AcDbLine
 10
1.264812874015748
 20
1.1156613385826772
 30
0
 11
1.2779362204724409
 21
1.1156613385826772
 31
0
  0
LINE
  5
C65
330
1A
100
AcDbEntity
  8
BLACK
  6
CONTINUOUS
100
AcDbLine
 10
1.2779362204724409
 20
1.1156613385826772
 30
0
 11
1.2785122834645668
 21
1.1156046062992127
 31
0
  0
LINE
  5
C66
330
1A
100
AcDbEntity
  8
BLACK
  6
CONTINUOUS
100
AcDbLine
 10
1.2423332677165353
 20
1.1549746850393701
 30
0
 11
1.2428917716535433
 21
1.1549746850393701
 31
0
  0
LINE
  5
C67
330
1A
100
AcDbEntity
  8
BLACK
  6
CONTINUOUS
100
AcDbLine
 10
1.2428917716535433
 20
1.1549746850393701
 30
0
 11
1.2429087007874016
 21
1.1549676771653543
 31
0
  0
LINE
  5
C68
330
1A
100
AcDbEntity
  8
BLACK
  6
CONTINUOUS
100
AcDbLine
 10
1.2429087007874016
 20
1.1549676771653543
 30
0
 11
1.2429270078740158
 21
1.1549674409448818
 31
0
  0
LINE
  5
C69
330
1A
100
AcDbEntity
  8
BLACK
  6
CONTINUOUS
100
AcDbLine
 10
1.2429270078740158
 20
1.1549674409448818
 30
0
 11
1.2434788582677165
 21
1.1547926771653543
 31
0
  0
LINE
  5
C6A
330
1A
100
AcDbEntity
  8
BLACK
  6
CONTINUOUS
100
AcDbLine
 10
1.2434788582677165
 20
1.1547926771653543
 30
0
 11
1.2828489370078739
 21
1.1379198031496063
 31
0
  0
LINE
  5
C6B
330
1A
100
AcDbEntity
  8
BLACK
  6
CONTINUOUS
100
AcDbLine
 10
1.2828489370078739
 20
1.1379198031496063
 30
0
 11
1.2833560629921259
 21
1.1376407480314961
 31
0
  0
LINE
  5
C6C
330
1A
100
AcDbEntity
  8
BLACK
  6
CONTINUOUS
100
AcDbLine
 10
1.2833560629921259
 20
1.1376407480314961
 30
0
 11
1.2841607086614173
 21
1.1368161811023623
 31
0
  0
LINE
  5
C6D
330
1A
100
AcDbEntity
  8
BLACK
  6
CONTINUOUS
100
AcDbLine
 10
1.2841607086614173
 20
1.1368161811023623
 30
0
 11
1.2845885826771652
 21
1.1357464960629922
 31
0
  0
LINE
  5
C6E
330
1A
100
AcDbEntity
  8
BLACK
  6
CONTINUOUS
100
AcDbLine
 10
1.2845885826771652
 20
1.1357464960629922
 30
0
 11
1.2845745669291337
 21
1.1345944881889765
 31
0
  0
LINE
  5
C6F
330
1A
100
AcDbEntity
  8
BLACK
  6
CONTINUOUS
100
AcDbLine
 10
1.2845745669291337
 20
1.1345944881889765
 30
0
 11
1.2841207086614173
 21
1.1335355118110235
 31
0
  0
LINE
  5
C70
330
1A
100
AcDbEntity
  8
BLACK
  6
CONTINUOUS
100
AcDbLine
 10
1.2841207086614173
 20
1.1335355118110235
 30
0
 11
1.2832961811023622
 21
1.1327308267716536
 31
0
  0
LINE
  5
C71
330
1A
100
AcDbEntity
  8
BLACK
  6
CONTINUOUS
100
AcDbLine
 10
1.2832961811023622
 20
1.1327308267716536
 30
0
 11
1.2822264960629921
 21
1.1323029527559054
 31
0
  0
LINE
  5
C72
330
1A
100
AcDbEntity
  8
BLACK
  6
CONTINUOUS
100
AcDbLine
 10
1.2822264960629921
 20
1.1323029527559054
 30
0
 11
1.2810744488188976
 21
1.1323170078740157
 31
0
  0
LINE
  5
C73
330
1A
100
AcDbEntity
  8
BLACK
  6
CONTINUOUS
100
AcDbLine
 10
1.2810744488188976
 20
1.1323170078740157
 30
0
 11
1.2805226377952756
 21
1.1324917716535432
 31
0
  0
LINE
  5
C74
330
1A
100
AcDbEntity
  8
BLACK
  6
CONTINUOUS
100
AcDbLine
 10
1.2805226377952756
 20
1.1324917716535432
 30
0
 11
1.2452684645669292
 21
1.1476007086614173
 31
0
  0
LINE
  5
C75
330
1A
100
AcDbEntity
  8
BLACK
  6
CONTINUOUS
100
AcDbLine
 10
1.2452684645669292
 20
1.1476007086614173
 30
0
 11
1.2452684645669292
 21
1.1258319685039371
 31
0
  0
LINE
  5
C76
330
1A
100
AcDbEntity
  8
BLACK
  6
CONTINUOUS
100
AcDbLine
 10
1.2452684645669292
 20
1.1258319685039371
 30
0
 11
1.2452117322834646
 21
1.125255905511811
 31
0
  0
LINE
  5
C77
330
1A
100
AcDbEntity
  8
BLACK
  6
CONTINUOUS
100
AcDbLine
 10
1.2452117322834646
 20
1.125255905511811
 30
0
 11
1.2447708267716535
 21
1.1241914960629922
 31
0
  0
LINE
  5
C78
330
1A
100
AcDbEntity
  8
BLACK
  6
CONTINUOUS
100
AcDbLine
 10
1.2447708267716535
 20
1.1241914960629922
 30
0
 11
1.2439561811023623
 21
1.1233768503937007
 31
0
  0
LINE
  5
C79
330
1A
100
AcDbEntity
  8
BLACK
  6
CONTINUOUS
100
AcDbLine
 10
1.2439561811023623
 20
1.1233768503937007
 30
0
 11
1.2428917716535433
 21
1.1229359448818896
 31
0
  0
LINE
  5
C7A
330
1A
100
AcDbEntity
  8
BLACK
  6
CONTINUOUS
100
AcDbLine
 10
1.2428917716535433
 20
1.1229359448818896
 30
0
 11
1.2417396456692913
 21
1.1229359448818896
 31
0
  0
LINE
  5
C7B
330
1A
100
AcDbEntity
  8
BLACK
  6
CONTINUOUS
100
AcDbLine
 10
1.2417396456692913
 20
1.1229359448818896
 30
0
 11
1.2406752362204725
 21
1.1233768503937007
 31
0
  0
LINE
  5
C7C
330
1A
100
AcDbEntity
  8
BLACK
  6
CONTINUOUS
100
AcDbLine
 10
1.2406752362204725
 20
1.1233768503937007
 30
0
 11
1.239860590551181
 21
1.1241914960629922
 31
0
  0
LINE
  5
C7D
330
1A
100
AcDbEntity
  8
BLACK
  6
CONTINUOUS
100
AcDbLine
 10
1.239860590551181
 20
1.1241914960629922
 30
0
 11
1.2394196850393699
 21
1.125255905511811
 31
0
  0
LINE
  5
C7E
330
1A
100
AcDbEntity
  8
BLACK
  6
CONTINUOUS
100
AcDbLine
 10
1.2394196850393699
 20
1.125255905511811
 30
0
 11
1.2393629527559056
 21
1.1258319685039371
 31
0
  0
LINE
  5
C7F
330
1A
100
AcDbEntity
  8
BLACK
  6
CONTINUOUS
100
AcDbLine
 10
1.2393629527559056
 20
1.1258319685039371
 30
0
 11
1.2393629527559056
 21
1.1520786614173228
 31
0
  0
LINE
  5
C80
330
1A
100
AcDbEntity
  8
BLACK
  6
CONTINUOUS
100
AcDbLine
 10
1.2393629527559056
 20
1.1520786614173228
 30
0
 11
1.2394196850393699
 21
1.1526547244094487
 31
0
  0
LINE
  5
C81
330
1A
100
AcDbEntity
  8
BLACK
  6
CONTINUOUS
100
AcDbLine
 10
1.2394196850393699
 20
1.1526547244094487
 30
0
 11
1.2394266929133857
 21
1.1526716929133858
 31
0
  0
LINE
  5
C82
330
1A
100
AcDbEntity
  8
BLACK
  6
CONTINUOUS
100
AcDbLine
 10
1.2394266929133857
 20
1.1526716929133858
 30
0
 11
1.2394269291338582
 21
1.1526899606299212
 31
0
  0
LINE
  5
C83
330
1A
100
AcDbEntity
  8
BLACK
  6
CONTINUOUS
100
AcDbLine
 10
1.2394269291338582
 20
1.1526899606299212
 30
0
 11
1.2396469291338583
 21
1.1532033858267716
 31
0
  0
LINE
  5
C84
330
1A
100
AcDbEntity
  8
BLACK
  6
CONTINUOUS
100
AcDbLine
 10
1.2396469291338583
 20
1.1532033858267716
 30
0
 11
1.239860590551181
 21
1.1537191338582677
 31
0
  0
LINE
  5
C85
330
1A
100
AcDbEntity
  8
BLACK
  6
CONTINUOUS
100
AcDbLine
 10
1.239860590551181
 20
1.1537191338582677
 30
0
 11
1.2398735039370079
 21
1.1537320866141731
 31
0
  0
LINE
  5
C86
330
1A
100
AcDbEntity
  8
BLACK
  6
CONTINUOUS
100
AcDbLine
 10
1.2398735039370079
 20
1.1537320866141731
 30
0
 11
1.2398807480314959
 21
1.153748937007874
 31
0
  0
LINE
  5
C87
330
1A
100
AcDbEntity
  8
BLACK
  6
CONTINUOUS
100
AcDbLine
 10
1.2398807480314959
 20
1.153748937007874
 30
0
 11
1.2402807480314961
 21
1.1541393307086614
 31
0
  0
LINE
  5
C88
330
1A
100
AcDbEntity
  8
BLACK
  6
CONTINUOUS
100
AcDbLine
 10
1.2402807480314961
 20
1.1541393307086614
 30
0
 11
1.2406752362204725
 21
1.154533779527559
 31
0
  0
LINE
  5
C89
330
1A
100
AcDbEntity
  8
BLACK
  6
CONTINUOUS
100
AcDbLine
 10
1.2406752362204725
 20
1.154533779527559
 30
0
 11
1.2406921653543306
 21
1.1545408267716535
 31
0
  0
LINE
  5
C8A
330
1A
100
AcDbEntity
  8
BLACK
  6
CONTINUOUS
100
AcDbLine
 10
1.2406921653543306
 20
1.1545408267716535
 30
0
 11
1.24070531496063
 21
1.1545536220472441
 31
0
  0
LINE
  5
C8B
330
1A
100
AcDbEntity
  8
BLACK
  6
CONTINUOUS
100
AcDbLine
 10
1.24070531496063
 20
1.1545536220472441
 30
0
 11
1.2412242913385827
 21
1.1547612598425196
 31
0
  0
LINE
  5
C8C
330
1A
100
AcDbEntity
  8
BLACK
  6
CONTINUOUS
100
AcDbLine
 10
1.2412242913385827
 20
1.1547612598425196
 30
0
 11
1.2417396456692913
 21
1.1549746850393701
 31
0
  0
LINE
  5
C8D
330
1A
100
AcDbEntity
  8
BLACK
  6
CONTINUOUS
100
AcDbLine
 10
1.2417396456692913
 20
1.1549746850393701
 30
0
 11
1.2417579921259843
 21
1.1549746850393701
 31
0
  0
LINE
  5
C8E
330
1A
100
AcDbEntity
  8
BLACK
  6
CONTINUOUS
100
AcDbLine
 10
1.2417579921259843
 20
1.1549746850393701
 30
0
 11
1.2417750000000001
 21
1.1549814960629921
 31
0
  0
LINE
  5
C8F
330
1A
100
AcDbEntity
  8
BLACK
  6
CONTINUOUS
100
AcDbLine
 10
1.2417750000000001
 20
1.1549814960629921
 30
0
 11
1.2423332677165353
 21
1.1549746850393701
 31
0
  0
LINE
  5
C90
330
1A
100
AcDbEntity
  8
BLACK
  6
CONTINUOUS
100
AcDbLine
 10
1.2702028740157481
 20
1.1920290944881891
 30
0
 11
1.2710175196850393
 21
1.1912144488188976
 31
0
  0
LINE
  5
C91
330
1A
100
AcDbEntity
  8
BLACK
  6
CONTINUOUS
100
AcDbLine
 10
1.2710175196850393
 20
1.1912144488188976
 30
0
 11
1.2714584251968504
 21
1.1901500393700788
 31
0
  0
LINE
  5
C92
330
1A
100
AcDbEntity
  8
BLACK
  6
CONTINUOUS
100
AcDbLine
 10
1.2714584251968504
 20
1.1901500393700788
 30
0
 11
1.271515157480315
 21
1.1895739763779527
 31
0
  0
LINE
  5
C93
330
1A
100
AcDbEntity
  8
BLACK
  6
CONTINUOUS
100
AcDbLine
 10
1.271515157480315
 20
1.1895739763779527
 30
0
 11
1.271515157480315
 21
1.1869024409448818
 31
0
  0
LINE
  5
C94
330
1A
100
AcDbEntity
  8
BLACK
  6
CONTINUOUS
100
AcDbLine
 10
1.271515157480315
 20
1.1869024409448818
 30
0
 11
1.2816857874015748
 21
1.1869024409448818
 31
0
  0
LINE
  5
C95
330
1A
100
AcDbEntity
  8
BLACK
  6
CONTINUOUS
100
AcDbLine
 10
1.2816857874015748
 20
1.1869024409448818
 30
0
 11
1.2822618503937007
 21
1.1868457086614173
 31
0
  0
LINE
  5
C96
330
1A
100
AcDbEntity
  8
BLACK
  6
CONTINUOUS
100
AcDbLine
 10
1.2822618503937007
 20
1.1868457086614173
 30
0
 11
1.2833262598425197
 21
1.1864048031496062
 31
0
  0
LINE
  5
C97
330
1A
100
AcDbEntity
  8
BLACK
  6
CONTINUOUS
100
AcDbLine
 10
1.2833262598425197
 20
1.1864048031496062
 30
0
 11
1.2841409055118109
 21
1.1855901574803149
 31
0
  0
LINE
  5
C98
330
1A
100
AcDbEntity
  8
BLACK
  6
CONTINUOUS
100
AcDbLine
 10
1.2841409055118109
 20
1.1855901574803149
 30
0
 11
1.284581811023622
 21
1.1845257480314961
 31
0
  0
LINE
  5
C99
330
1A
100
AcDbEntity
  8
BLACK
  6
CONTINUOUS
100
AcDbLine
 10
1.284581811023622
 20
1.1845257480314961
 30
0
 11
1.284581811023622
 21
1.1833736220472442
 31
0
  0
LINE
  5
C9A
330
1A
100
AcDbEntity
  8
BLACK
  6
CONTINUOUS
100
AcDbLine
 10
1.284581811023622
 20
1.1833736220472442
 30
0
 11
1.2841409055118109
 21
1.1823092125984251
 31
0
  0
LINE
  5
C9B
330
1A
100
AcDbEntity
  8
BLACK
  6
CONTINUOUS
100
AcDbLine
 10
1.2841409055118109
 20
1.1823092125984251
 30
0
 11
1.2833262598425197
 21
1.1814945669291339
 31
0
  0
LINE
  5
C9C
330
1A
100
AcDbEntity
  8
BLACK
  6
CONTINUOUS
100
AcDbLine
 10
1.2833262598425197
 20
1.1814945669291339
 30
0
 11
1.2822618503937007
 21
1.1810536614173228
 31
0
  0
LINE
  5
C9D
330
1A
100
AcDbEntity
  8
BLACK
  6
CONTINUOUS
100
AcDbLine
 10
1.2822618503937007
 20
1.1810536614173228
 30
0
 11
1.2816857874015748
 21
1.1809969291338582
 31
0
  0
LINE
  5
C9E
330
1A
100
AcDbEntity
  8
BLACK
  6
CONTINUOUS
100
AcDbLine
 10
1.2816857874015748
 20
1.1809969291338582
 30
0
 11
1.271515157480315
 21
1.1809969291338582
 31
0
  0
LINE
  5
C9F
330
1A
100
AcDbEntity
  8
BLACK
  6
CONTINUOUS
100
AcDbLine
 10
1.271515157480315
 20
1.1809969291338582
 30
0
 11
1.271515157480315
 21
1.1652020472440945
 31
0
  0
LINE
  5
CA0
330
1A
100
AcDbEntity
  8
BLACK
  6
CONTINUOUS
100
AcDbLine
 10
1.271515157480315
 20
1.1652020472440945
 30
0
 11
1.2714864173228346
 21
1.1649105118110237
 31
0
  0
LINE
  5
CA1
330
1A
100
AcDbEntity
  8
BLACK
  6
CONTINUOUS
100
AcDbLine
 10
1.2714864173228346
 20
1.1649105118110237
 30
0
 11
1.271491968503937
 21
1.1648327559055118
 31
0
  0
LINE
  5
CA2
330
1A
100
AcDbEntity
  8
BLACK
  6
CONTINUOUS
100
AcDbLine
 10
1.271491968503937
 20
1.1648327559055118
 30
0
 11
1.2714732283464567
 21
1.1647766535433071
 31
0
  0
LINE
  5
CA3
330
1A
100
AcDbEntity
  8
BLACK
  6
CONTINUOUS
100
AcDbLine
 10
1.2714732283464567
 20
1.1647766535433071
 30
0
 11
1.2714584251968504
 21
1.1646259842519684
 31
0
  0
LINE
  5
CA4
330
1A
100
AcDbEntity
  8
BLACK
  6
CONTINUOUS
100
AcDbLine
 10
1.2714584251968504
 20
1.1646259842519684
 30
0
 11
1.2712772440944882
 21
1.1641886220472442
 31
0
  0
LINE
  5
CA5
330
1A
100
AcDbEntity
  8
BLACK
  6
CONTINUOUS
100
AcDbLine
 10
1.2712772440944882
 20
1.1641886220472442
 30
0
 11
1.2711276377952756
 21
1.1637397637795275
 31
0
  0
LINE
  5
CA6
330
1A
100
AcDbEntity
  8
BLACK
  6
CONTINUOUS
100
AcDbLine
 10
1.2711276377952756
 20
1.1637397637795275
 30
0
 11
1.2710581102362204
 21
1.1636596456692914
 31
0
  0
LINE
  5
CA7
330
1A
100
AcDbEntity
  8
BLACK
  6
CONTINUOUS
100
AcDbLine
 10
1.2710581102362204
 20
1.1636596456692914
 30
0
 11
1.2710175196850393
 21
1.1635615748031496
 31
0
  0
LINE
  5
CA8
330
1A
100
AcDbEntity
  8
BLACK
  6
CONTINUOUS
100
AcDbLine
 10
1.2710175196850393
 20
1.1635615748031496
 30
0
 11
1.2706827559055118
 21
1.1632268503937007
 31
0
  0
LINE
  5
CA9
330
1A
100
AcDbEntity
  8
BLACK
  6
CONTINUOUS
100
AcDbLine
 10
1.2706827559055118
 20
1.1632268503937007
 30
0
 11
1.2703727559055118
 21
1.16286937007874
 31
0
  0
LINE
  5
CAA
330
1A
100
AcDbEntity
  8
BLACK
  6
CONTINUOUS
100
AcDbLine
 10
1.2703727559055118
 20
1.16286937007874
 30
0
 11
1.2702778740157481
 21
1.1628219685039369
 31
0
  0
LINE
  5
CAB
330
1A
100
AcDbEntity
  8
BLACK
  6
CONTINUOUS
100
AcDbLine
 10
1.2702778740157481
 20
1.1628219685039369
 30
0
 11
1.2702028740157481
 21
1.1627469291338581
 31
0
  0
LINE
  5
CAC
330
1A
100
AcDbEntity
  8
BLACK
  6
CONTINUOUS
100
AcDbLine
 10
1.2702028740157481
 20
1.1627469291338581
 30
0
 11
1.2697653937007873
 21
1.1625657480314959
 31
0
  0
LINE
  5
CAD
330
1A
100
AcDbEntity
  8
BLACK
  6
CONTINUOUS
100
AcDbLine
 10
1.2697653937007873
 20
1.1625657480314959
 30
0
 11
1.2693422834645669
 21
1.1623541732283464
 31
0
  0
LINE
  5
CAE
330
1A
100
AcDbEntity
  8
BLACK
  6
CONTINUOUS
100
AcDbLine
 10
1.2693422834645669
 20
1.1623541732283464
 30
0
 11
1.2692365354330708
 21
1.1623466929133859
 31
0
  0
LINE
  5
CAF
330
1A
100
AcDbEntity
  8
BLACK
  6
CONTINUOUS
100
AcDbLine
 10
1.2692365354330708
 20
1.1623466929133859
 30
0
 11
1.269138464566929
 21
1.1623060236220473
 31
0
  0
LINE
  5
CB0
330
1A
100
AcDbEntity
  8
BLACK
  6
CONTINUOUS
100
AcDbLine
 10
1.269138464566929
 20
1.1623060236220473
 30
0
 11
1.2686649212598424
 21
1.1623060236220473
 31
0
  0
LINE
  5
CB1
330
1A
100
AcDbEntity
  8
BLACK
  6
CONTINUOUS
100
AcDbLine
 10
1.2686649212598424
 20
1.1623060236220473
 30
0
 11
1.2681930708661417
 21
1.1622724803149607
 31
0
  0
LINE
  5
CB2
330
1A
100
AcDbEntity
  8
BLACK
  6
CONTINUOUS
100
AcDbLine
 10
1.2681930708661417
 20
1.1622724803149607
 30
0
 11
1.2680455511811024
 21
1.1623060236220473
 31
0
  0
LINE
  5
CB3
330
1A
100
AcDbEntity
  8
BLACK
  6
CONTINUOUS
100
AcDbLine
 10
1.2680455511811024
 20
1.1623060236220473
 30
0
 11
1.2679863385826771
 21
1.1623060236220473
 31
0
  0
LINE
  5
CB4
330
1A
100
AcDbEntity
  8
BLACK
  6
CONTINUOUS
100
AcDbLine
 10
1.2679863385826771
 20
1.1623060236220473
 30
0
 11
1.2679142519685038
 21
1.162335905511811
 31
0
  0
LINE
  5
CB5
330
1A
100
AcDbEntity
  8
BLACK
  6
CONTINUOUS
100
AcDbLine
 10
1.2679142519685038
 20
1.162335905511811
 30
0
 11
1.2676286220472441
 21
1.1624008267716535
 31
0
  0
LINE
  5
CB6
330
1A
100
AcDbEntity
  8
BLACK
  6
CONTINUOUS
100
AcDbLine
 10
1.2676286220472441
 20
1.1624008267716535
 30
0
 11
1.2395072047244093
 21
1.1717746456692912
 31
0
  0
LINE
  5
CB7
330
1A
100
AcDbEntity
  8
BLACK
  6
CONTINUOUS
100
AcDbLine
 10
1.2395072047244093
 20
1.1717746456692912
 30
0
 11
1.2389786220472441
 21
1.1720106299212598
 31
0
  0
LINE
  5
CB8
330
1A
100
AcDbEntity
  8
BLACK
  6
CONTINUOUS
100
AcDbLine
 10
1.2389786220472441
 20
1.1720106299212598
 30
0
 11
1.2381082677165354
 21
1.1727655118110236
 31
0
  0
LINE
  5
CB9
330
1A
100
AcDbEntity
  8
BLACK
  6
CONTINUOUS
100
AcDbLine
 10
1.2381082677165354
 20
1.1727655118110236
 30
0
 11
1.2375930708661418
 21
1.1737959448818898
 31
0
  0
LINE
  5
CBA
330
1A
100
AcDbEntity
  8
BLACK
  6
CONTINUOUS
100
AcDbLine
 10
1.2375930708661418
 20
1.1737959448818898
 30
0
 11
1.2375113779527558
 21
1.1749451574803149
 31
0
  0
LINE
  5
CBB
330
1A
100
AcDbEntity
  8
BLACK
  6
CONTINUOUS
100
AcDbLine
 10
1.2375113779527558
 20
1.1749451574803149
 30
0
 11
1.2378757086614174
 21
1.176038188976378
 31
0
  0
LINE
  5
CBC
330
1A
100
AcDbEntity
  8
BLACK
  6
CONTINUOUS
100
AcDbLine
 10
1.2378757086614174
 20
1.176038188976378
 30
0
 11
1.238630590551181
 21
1.1769085433070865
 31
0
  0
LINE
  5
CBD
330
1A
100
AcDbEntity
  8
BLACK
  6
CONTINUOUS
100
AcDbLine
 10
1.238630590551181
 20
1.1769085433070865
 30
0
 11
1.2396610236220471
 21
1.1774237401574803
 31
0
  0
LINE
  5
CBE
330
1A
100
AcDbEntity
  8
BLACK
  6
CONTINUOUS
100
AcDbLine
 10
1.2396610236220471
 20
1.1774237401574803
 30
0
 11
1.2408102362204725
 21
1.1775054330708661
 31
0
  0
LINE
  5
CBF
330
1A
100
AcDbEntity
  8
BLACK
  6
CONTINUOUS
100
AcDbLine
 10
1.2408102362204725
 20
1.1775054330708661
 30
0
 11
1.2413746850393701
 21
1.1773770866141733
 31
0
  0
LINE
  5
CC0
330
1A
100
AcDbEntity
  8
BLACK
  6
CONTINUOUS
100
AcDbLine
 10
1.2413746850393701
 20
1.1773770866141733
 30
0
 11
1.2656096456692913
 21
1.1692987795275591
 31
0
  0
LINE
  5
CC1
330
1A
100
AcDbEntity
  8
BLACK
  6
CONTINUOUS
100
AcDbLine
 10
1.2656096456692913
 20
1.1692987795275591
 30
0
 11
1.2656096456692913
 21
1.1809969291338582
 31
0
  0
LINE
  5
CC2
330
1A
100
AcDbEntity
  8
BLACK
  6
CONTINUOUS
100
AcDbLine
 10
1.2656096456692913
 20
1.1809969291338582
 30
0
 11
1.2554390551181103
 21
1.1809969291338582
 31
0
  0
LINE
  5
CC3
330
1A
100
AcDbEntity
  8
BLACK
  6
CONTINUOUS
100
AcDbLine
 10
1.2554390551181103
 20
1.1809969291338582
 30
0
 11
1.2548629921259842
 21
1.1810536614173228
 31
0
  0
LINE
  5
CC4
330
1A
100
AcDbEntity
  8
BLACK
  6
CONTINUOUS
100
AcDbLine
 10
1.2548629921259842
 20
1.1810536614173228
 30
0
 11
1.2537985826771654
 21
1.1814945669291339
 31
0
  0
LINE
  5
CC5
330
1A
100
AcDbEntity
  8
BLACK
  6
CONTINUOUS
100
AcDbLine
 10
1.2537985826771654
 20
1.1814945669291339
 30
0
 11
1.2529839370078739
 21
1.1823092125984251
 31
0
  0
LINE
  5
CC6
330
1A
100
AcDbEntity
  8
BLACK
  6
CONTINUOUS
100
AcDbLine
 10
1.2529839370078739
 20
1.1823092125984251
 30
0
 11
1.2525430314960631
 21
1.1833736220472442
 31
0
  0
LINE
  5
CC7
330
1A
100
AcDbEntity
  8
BLACK
  6
CONTINUOUS
100
AcDbLine
 10
1.2525430314960631
 20
1.1833736220472442
 30
0
 11
1.2525430314960631
 21
1.1845257480314961
 31
0
  0
LINE
  5
CC8
330
1A
100
AcDbEntity
  8
BLACK
  6
CONTINUOUS
100
AcDbLine
 10
1.2525430314960631
 20
1.1845257480314961
 30
0
 11
1.2529839370078739
 21
1.1855901574803149
 31
0
  0
LINE
  5
CC9
330
1A
100
AcDbEntity
  8
BLACK
  6
CONTINUOUS
100
AcDbLine
 10
1.2529839370078739
 20
1.1855901574803149
 30
0
 11
1.2537985826771654
 21
1.1864048031496062
 31
0
  0
LINE
  5
CCA
330
1A
100
AcDbEntity
  8
BLACK
  6
CONTINUOUS
100
AcDbLine
 10
1.2537985826771654
 20
1.1864048031496062
 30
0
 11
1.2548629921259842
 21
1.1868457086614173
 31
0
  0
LINE
  5
CCB
330
1A
100
AcDbEntity
  8
BLACK
  6
CONTINUOUS
100
AcDbLine
 10
1.2548629921259842
 20
1.1868457086614173
 30
0
 11
1.2554390551181103
 21
1.1869024409448818
 31
0
  0
LINE
  5
CCC
330
1A
100
AcDbEntity
  8
BLACK
  6
CONTINUOUS
100
AcDbLine
 10
1.2554390551181103
 20
1.1869024409448818
 30
0
 11
1.2656096456692913
 21
1.1869024409448818
 31
0
  0
LINE
  5
CCD
330
1A
100
AcDbEntity
  8
BLACK
  6
CONTINUOUS
100
AcDbLine
 10
1.2656096456692913
 20
1.1869024409448818
 30
0
 11
1.2656096456692913
 21
1.1895739763779527
 31
0
  0
LINE
  5
CCE
330
1A
100
AcDbEntity
  8
BLACK
  6
CONTINUOUS
100
AcDbLine
 10
1.2656096456692913
 20
1.1895739763779527
 30
0
 11
1.2656663779527559
 21
1.1901500393700788
 31
0
  0
LINE
  5
CCF
330
1A
100
AcDbEntity
  8
BLACK
  6
CONTINUOUS
100
AcDbLine
 10
1.2656663779527559
 20
1.1901500393700788
 30
0
 11
1.2661072834645668
 21
1.1912144488188976
 31
0
  0
LINE
  5
CD0
330
1A
100
AcDbEntity
  8
BLACK
  6
CONTINUOUS
100
AcDbLine
 10
1.2661072834645668
 20
1.1912144488188976
 30
0
 11
1.2669219291338583
 21
1.1920290944881891
 31
0
  0
LINE
  5
CD1
330
1A
100
AcDbEntity
  8
BLACK
  6
CONTINUOUS
100
AcDbLine
 10
1.2669219291338583
 20
1.1920290944881891
 30
0
 11
1.2679863385826771
 21
1.1924699999999999
 31
0
  0
LINE
  5
CD2
330
1A
100
AcDbEntity
  8
BLACK
  6
CONTINUOUS
100
AcDbLine
 10
1.2679863385826771
 20
1.1924699999999999
 30
0
 11
1.269138464566929
 21
1.1924699999999999
 31
0
  0
LINE
  5
CD3
330
1A
100
AcDbEntity
  8
BLACK
  6
CONTINUOUS
100
AcDbLine
 10
1.269138464566929
 20
1.1924699999999999
 30
0
 11
1.2702028740157481
 21
1.1920290944881891
 31
0
  0
CIRCLE
  5
CD4
330
1A
100
AcDbEntity
  8
BLACK
100
AcDbCircle
 10
0.4
 20
0.4
 30
0
 40
0.0068897637795276
  0
CIRCLE
  5
CD5
330
1A
100
AcDbEntity
  8
BLACK
100
AcDbCircle
 10
2.7897637795275592
 20
1.5999999999999999
 30
0
 40
0.0068897637795276
  0
CIRCLE
  5
CD6
330
1A
100
AcDbEntity
  8
BLACK
100
AcDbCircle
 10
0.4
 20
1.5999999999999999
 30
0
 40
0.0068897637795276
  0
CIRCLE
  5
CD7
330
1A
100
AcDbEntity
  8
BLACK
100
AcDbCircle
 10
2.512992125984252
 20
0.3937007874015748
 30
0
 40
0.0068897637795276
  0
CIRCLE
  5
CD8
330
1A
100
AcDbEntity
  8
BLACK
100
AcDbCircle
 10
2.512992125984252
 20
0.2937007874015748
 30
0
 40
0.0068897637795276
  0
CIRCLE
  5
CD9
330
1A
100
AcDbEntity
  8
BLACK
100
AcDbCircle
 10
2.4129921259842519
 20
0.3937007874015748
 30
0
 40
0.0068897637795276
  0
CIRCLE
  5
CDA
330
1A
100
AcDbEntity
  8
BLACK
100
AcDbCircle
 10
2.4129921259842519
 20
0.2937007874015748
 30
0
 40
0.0068897637795276
  0
CIRCLE
  5
CDB
330
1A
100
AcDbEntity
  8
BLACK
100
AcDbCircle
 10
2.3129921259842519
 20
0.3937007874015748
 30
0
 40
0.0068897637795276
  0
CIRCLE
  5
CDC
330
1A
100
AcDbEntity
  8
BLACK
100
AcDbCircle
 10
2.3129921259842519
 20
0.2937007874015748
 30
0
 40
0.0068897637795276
  0
CIRCLE
  5
CDD
330
1A
100
AcDbEntity
  8
BLACK
100
AcDbCircle
 10
0.4208661417322834
 20
1.1744094488188976
 30
0
 40
0.0068897637795276
  0
CIRCLE
  5
CDE
330
1A
100
AcDbEntity
  8
BLACK
100
AcDbCircle
 10
0.3208661417322834
 20
1.2744094488188975
 30
0
 40
0.0068897637795276
  0
CIRCLE
  5
CDF
330
1A
100
AcDbEntity
  8
BLACK
100
AcDbCircle
 10
0.3208661417322834
 20
1.0744094488188976
 30
0
 40
0.0068897637795276
  0
CIRCLE
  5
CE0
330
1A
100
AcDbEntity
  8
BLACK
100
AcDbCircle
 10
0.5208661417322834
 20
1.2744094488188975
 30
0
 40
0.0068897637795276
  0
CIRCLE
  5
CE1
330
1A
100
AcDbEntity
  8
BLACK
100
AcDbCircle
 10
0.5208661417322834
 20
1.0744094488188976
 30
0
 40
0.0068897637795276
  0
CIRCLE
  5
CE2
330
1A
100
AcDbEntity
  8
BLACK
100
AcDbCircle
 10
2.7897637795275592
 20
0.4
 30
0
 40
0.0068897637795276
  0
CIRCLE
  5
CE3
330
1A
100
AcDbEntity
  8
BLACK
100
AcDbCircle
 10
2.6929133858267718
 20
0.6299212598425197
 30
0
 40
0.0068897637795276
  0
CIRCLE
  5
CE4
330
1A
100
AcDbEntity
  8
BLACK
100
AcDbCircle
 10
2.7929133858267714
 20
0.6299212598425197
 30
0
 40
0.0068897637795276
  0
CIRCLE
  5
CE5
330
1A
100
AcDbEntity
  8
BLACK
100
AcDbCircle
 10
2.6929133858267718
 20
0.7299212598425197
 30
0
 40
0.0068897637795276
  0
CIRCLE
  5
CE6
330
1A
100
AcDbEntity
  8
BLACK
100
AcDbCircle
 10
2.7929133858267714
 20
0.7299212598425197
 30
0
 40
0.0068897637795276
  0
CIRCLE
  5
CE7
330
1A
100
AcDbEntity
  8
BLACK
100
AcDbCircle
 10
2.6929133858267718
 20
0.8299212598425196
 30
0
 40
0.0068897637795276
  0
CIRCLE
  5
CE8
330
1A
100
AcDbEntity
  8
BLACK
100
AcDbCircle
 10
2.7929133858267714
 20
0.8299212598425196
 30
0
 40
0.0068897637795276
  0
CIRCLE
  5
CE9
330
1A
100
AcDbEntity
  8
BLACK
100
AcDbCircle
 10
2.6929133858267718
 20
0.9299212598425196
 30
0
 40
0.0068897637795276
  0
CIRCLE
  5
CEA
330
1A
100
AcDbEntity
  8
BLACK
100
AcDbCircle
 10
2.7929133858267714
 20
0.9299212598425196
 30
0
 40
0.0068897637795276
  0
CIRCLE
  5
CEB
330
1A
100
AcDbEntity
  8
BLACK
100
AcDbCircle
 10
2.6929133858267718
 20
1.0299212598425196
 30
0
 40
0.0068897637795276
  0
CIRCLE
  5
CEC
330
1A
100
AcDbEntity
  8
BLACK
100
AcDbCircle
 10
2.7929133858267714
 20
1.0299212598425196
 30
0
 40
0.0068897637795276
  0
CIRCLE
  5
CED
330
1A
100
AcDbEntity
  8
BLACK
100
AcDbCircle
 10
2.6929133858267718
 20
1.1299212598425197
 30
0
 40
0.0068897637795276
  0
CIRCLE
  5
CEE
330
1A
100
AcDbEntity
  8
BLACK
100
AcDbCircle
 10
2.7929133858267714
 20
1.1299212598425197
 30
0
 40
0.0068897637795276
  0
CIRCLE
  5
CEF
330
1A
100
AcDbEntity
  8
BLACK
100
AcDbCircle
 10
2.6929133858267718
 20
1.2299212598425198
 30
0
 40
0.0068897637795276
  0
CIRCLE
  5
CF0
330
1A
100
AcDbEntity
  8
BLACK
100
AcDbCircle
 10
2.7929133858267714
 20
1.2299212598425198
 30
0
 40
0.0068897637795276
  0
CIRCLE
  5
CF1
330
1A
100
AcDbEntity
  8
BLACK
100
AcDbCircle
 10
2.6929133858267718
 20
1.3299212598425196
 30
0
 40
0.0068897637795276
  0
CIRCLE
  5
CF2
330
1A
100
AcDbEntity
  8
BLACK
100
AcDbCircle
 10
2.7929133858267714
 20
1.3299212598425196
 30
0
 40
0.0068897637795276
  0
CIRCLE
  5
CF3
330
1A
100
AcDbEntity
  8
BLACK
100
AcDbCircle
 10
0.4043307086614173
 20
0.7059055118110236
 30
0
 40
0.0068897637795276
  0
CIRCLE
  5
CF4
330
1A
100
AcDbEntity
  8
BLACK
100
AcDbCircle
 10
0.5043307086614173
 20
0.7059055118110236
 30
0
 40
0.0068897637795276
  0
CIRCLE
  5
CF5
330
1A
100
AcDbEntity
  8
BLACK
100
AcDbCircle
 10
0.4
 20
0.4
 30
0
 40
0.0068897637795276
  0
CIRCLE
  5
CF6
330
1A
100
AcDbEntity
  8
BLACK
100
AcDbCircle
 10
2.7897637795275592
 20
1.5999999999999999
 30
0
 40
0.0068897637795276
  0
CIRCLE
  5
CF7
330
1A
100
AcDbEntity
  8
BLACK
100
AcDbCircle
 10
0.4
 20
1.5999999999999999
 30
0
 40
0.0068897637795276
  0
CIRCLE
  5
CF8
330
1A
100
AcDbEntity
  8
BLACK
100
AcDbCircle
 10
2.512992125984252
 20
0.3937007874015748
 30
0
 40
0.0068897637795276
  0
CIRCLE
  5
CF9
330
1A
100
AcDbEntity
  8
BLACK
100
AcDbCircle
 10
2.512992125984252
 20
0.2937007874015748
 30
0
 40
0.0068897637795276
  0
CIRCLE
  5
CFA
330
1A
100
AcDbEntity
  8
BLACK
100
AcDbCircle
 10
2.4129921259842519
 20
0.3937007874015748
 30
0
 40
0.0068897637795276
  0
CIRCLE
  5
CFB
330
1A
100
AcDbEntity
  8
BLACK
100
AcDbCircle
 10
2.4129921259842519
 20
0.2937007874015748
 30
0
 40
0.0068897637795276
  0
CIRCLE
  5
CFC
330
1A
100
AcDbEntity
  8
BLACK
100
AcDbCircle
 10
2.3129921259842519
 20
0.3937007874015748
 30
0
 40
0.0068897637795276
  0
CIRCLE
  5
CFD
330
1A
100
AcDbEntity
  8
BLACK
100
AcDbCircle
 10
2.3129921259842519
 20
0.2937007874015748
 30
0
 40
0.0068897637795276
  0
CIRCLE
  5
CFE
330
1A
100
AcDbEntity
  8
BLACK
100
AcDbCircle
 10
0.4208661417322834
 20
1.1744094488188976
 30
0
 40
0.0068897637795276
  0
CIRCLE
  5
CFF
330
1A
100
AcDbEntity
  8
BLACK
100
AcDbCircle
 10
0.3208661417322834
 20
1.2744094488188975
 30
0
 40
0.0068897637795276
  0
CIRCLE
  5
D00
330
1A
100
AcDbEntity
  8
BLACK
100
AcDbCircle
 10
0.3208661417322834
 20
1.0744094488188976
 30
0
 40
0.0068897637795276
  0
CIRCLE
  5
D01
330
1A
100
AcDbEntity
  8
BLACK
100
AcDbCircle
 10
0.5208661417322834
 20
1.2744094488188975
 30
0
 40
0.0068897637795276
  0
CIRCLE
  5
D02
330
1A
100
AcDbEntity
  8
BLACK
100
AcDbCircle
 10
0.5208661417322834
 20
1.0744094488188976
 30
0
 40
0.0068897637795276
  0
CIRCLE
  5
D03
330
1A
100
AcDbEntity
  8
BLACK
100
AcDbCircle
 10
2.7897637795275592
 20
0.4
 30
0
 40
0.0068897637795276
  0
CIRCLE
  5
D04
330
1A
100
AcDbEntity
  8
BLACK
100
AcDbCircle
 10
2.6929133858267718
 20
0.6299212598425197
 30
0
 40
0.0068897637795276
  0
CIRCLE
  5
D05
330
1A
100
AcDbEntity
  8
BLACK
100
AcDbCircle
 10
2.7929133858267714
 20
0.6299212598425197
 30
0
 40
0.0068897637795276
  0
CIRCLE
  5
D06
330
1A
100
AcDbEntity
  8
BLACK
100
AcDbCircle
 10
2.6929133858267718
 20
0.7299212598425197
 30
0
 40
0.0068897637795276
  0
CIRCLE
  5
D07
330
1A
100
AcDbEntity
  8
BLACK
100
AcDbCircle
 10
2.7929133858267714
 20
0.7299212598425197
 30
0
 40
0.0068897637795276
  0
CIRCLE
  5
D08
330
1A
100
AcDbEntity
  8
BLACK
100
AcDbCircle
 10
2.6929133858267718
 20
0.8299212598425196
 30
0
 40
0.0068897637795276
  0
CIRCLE
  5
D09
330
1A
100
AcDbEntity
  8
BLACK
100
AcDbCircle
 10
2.7929133858267714
 20
0.8299212598425196
 30
0
 40
0.0068897637795276
  0
CIRCLE
  5
D0A
330
1A
100
AcDbEntity
  8
BLACK
100
AcDbCircle
 10
2.6929133858267718
 20
0.9299212598425196
 30
0
 40
0.0068897637795276
  0
CIRCLE
  5
D0B
330
1A
100
AcDbEntity
  8
BLACK
100
AcDbCircle
 10
2.7929133858267714
 20
0.9299212598425196
 30
0
 40
0.0068897637795276
  0
CIRCLE
  5
D0C
330
1A
100
AcDbEntity
  8
BLACK
100
AcDbCircle
 10
2.6929133858267718
 20
1.0299212598425196
 30
0
 40
0.0068897637795276
  0
CIRCLE
  5
D0D
330
1A
100
AcDbEntity
  8
BLACK
100
AcDbCircle
 10
2.7929133858267714
 20
1.0299212598425196
 30
0
 40
0.0068897637795276
  0
CIRCLE
  5
D0E
330
1A
100
AcDbEntity
  8
BLACK
100
AcDbCircle
 10
2.6929133858267718
 20
1.1299212598425197
 30
0
 40
0.0068897637795276
  0
CIRCLE
  5
D0F
330
1A
100
AcDbEntity
  8
BLACK
100
AcDbCircle
 10
2.7929133858267714
 20
1.1299212598425197
 30
0
 40
0.0068897637795276
  0
CIRCLE
  5
D10
330
1A
100
AcDbEntity
  8
BLACK
100
AcDbCircle
 10
2.6929133858267718
 20
1.2299212598425198
 30
0
 40
0.0068897637795276
  0
CIRCLE
  5
D11
330
1A
100
AcDbEntity
  8
BLACK
100
AcDbCircle
 10
2.7929133858267714
 20
1.2299212598425198
 30
0
 40
0.0068897637795276
  0
CIRCLE
  5
D12
330
1A
100
AcDbEntity
  8
BLACK
100
AcDbCircle
 10
2.6929133858267718
 20
1.3299212598425196
 30
0
 40
0.0068897637795276
  0
CIRCLE
  5
D13
330
1A
100
AcDbEntity
  8
BLACK
100
AcDbCircle
 10
2.7929133858267714
 20
1.3299212598425196
 30
0
 40
0.0068897637795276
  0
CIRCLE
  5
D14
330
1A
100
AcDbEntity
  8
BLACK
100
AcDbCircle
 10
0.4043307086614173
 20
0.7059055118110236
 30
0
 40
0.0068897637795276
  0
CIRCLE
  5
D15
330
1A
100
AcDbEntity
  8
BLACK
100
AcDbCircle
 10
0.5043307086614173
 20
0.7059055118110236
 30
0
 40
0.0068897637795276
  0
ENDSEC
  0
SECTION
  2
OBJECTS
  0
DICTIONARY
  5
20
330
0
100
AcDbDictionary
281
1
  3
ACAD_GROUP
350
D16
  3
ACAD_LAYOUT
350
21
  3
ACAD_PLOTSTYLENAME
350
11
  0
DICTIONARY
  5
D16
330
20
100
AcDbDictionary
281
1
  0
ACDBDICTIONARYWDFLT
  5
11
330
20
100
AcDbDictionary
281
1
  3
Normal
350
10
100
AcDbDictionaryWithDefault
340
10
  0
ACDBPLACEHOLDER
  5
10
330
11
  0
DICTIONARY
  5
21
330
20
100
AcDbDictionary
281
1
  3
Model
350
1D
  3
Layout1
350
1E
  3
Layout2
350
1F
  0
LAYOUT
  5
1D
330
21
100
AcDbPlotSettings
  1

  2
none_device
  4
A3
  6

 40
0.0
 41
0.0
 42
0.0
 43
0.0
 44
420.0
 45
297.0
 46
0.0
 47
0.0
 48
0.0
 49
0.0
140
0.0
141
0.0
142
1.0
143
1.0
 70
1024
 72
1
 73
0
 74
5
  7

 75
16
 76
0
 77
2
 78
300
147
1.0
148
0.0
149
0.0
100
AcDbLayout
  1
Model
 70
1
 71
0
 10
0.0
 20
0.0
 11
420.0
 21
297.0
 12
0.0
 22
0.0
 32
0.0
 14
1e+20
 24
1e+20
 34
1e+20
 15
-1e+20
 25
-1e+20
 35
-1e+20
146
0.0
 13
0.0
 23
0.0
 33
0.0
 16
1.0
 26
0.0
 36
0.0
 17
0.0
 27
1.0
 37
0.0
 76
0
330
1A
  0
LAYOUT
  5
1E
330
21
100
AcDbPlotSettings
  1

  2
none_device
  4
A3
  6

 40
0.0
 41
0.0
 42
0.0
 43
0.0
 44
420.0
 45
297.0
 46
0.0
 47
0.0
 48
0.0
 49
0.0
140
0.0
141
0.0
142
1.0
143
1.0
 70
0
 72
1
 73
0
 74
5
  7

 75
16
 76
0
 77
2
 78
300
147
1.0
148
0.0
149
0.0
100
AcDbLayout
  1
Layout1
 70
1
 71
1
 10
0.0
 20
0.0
 11
420.0
 21
297.0
 12
0.0
 22
0.0
 32
0.0
 14
1e+20
 24
1e+20
 34
1e+20
 15
-1e+20
 25
-1e+20
 35
-1e+20
146
0.0
 13
0.0
 23
0.0
 33
0.0
 16
1.0
 26
0.0
 36
0.0
 17
0.0
 27
1.0
 37
0.0
 76
0
330
1B
  0
LAYOUT
  5
1F
330
21
100
AcDbPlotSettings
  1

  2
none_device
  4
A3
  6

 40
0.0
 41
0.0
 42
0.0
 43
0.0
 44
420.0
 45
297.0
 46
0.0
 47
0.0
 48
0.0
 49
0.0
140
0.0
141
0.0
142
1.0
143
1.0
 70
0
 72
1
 73
0
 74
5
  7

 75
16
 76
0
 77
2
 78
300
147
1.0
148
0.0
149
0.0
100
AcDbLayout
  1
Layout2
 70
1
 71
2
 10
0.0
 20
0.0
 11
420.0
 21
297.0
 12
0.0
 22
0.0
 32
0.0
 14
1e+20
 24
1e+20
 34
1e+20
 15
-1e+20
 25
-1e+20
 35
-1e+20
146
0.0
 13
0.0
 23
0.0
 33
0.0
 16
1.0
 26
0.0
 36
0.0
 17
0.0
 27
1.0
 37
0.0
 76
0
330
1C
  0
ENDSEC
  0
EOF
