  0
SECTION
  2
HEADER
  9
$ACADVER
  1
AC1018
  9
$HANDSEED
  5
FFFFFFFF
  9
$ANGBASE
  50
0.0
  9
$ANGDIR
  70
1
  9
$MEASUREMENT
  70
0
  9
$INSUNITS
  70
1
  0
ENDSEC
  0
SECTION
  2
TABLES
  0
TABLE
  2
APPID
  5
1
330
0
100
AcDbSymbolTable
 70
1
  0
APPID
  5
2
330
1
100
AcDbSymbolTableRecord
100
AcDbRegAppTableRecord
  2
ACAD
 70
0
  0
ENDTAB
  0
TABLE
  2
LTYPE
  5
3
330
0
100
AcDbSymbolTable
 70
6
  0
LTYPE
  5
4
330
3
100
AcDbSymbolTableRecord
100
AcDbLinetypeTableRecord
  2
ByBlock
 70
0
  3

 72
65
 73
0
 40
0
  0
LTYPE
  5
5
330
3
100
AcDbSymbolTableRecord
100
AcDbLinetypeTableRecord
  2
ByLayer
 70
0
  3

 72
65
 73
0
 40
0
  0
LTYPE
  5
6
330
3
100
AcDbSymbolTableRecord
100
AcDbLinetypeTableRecord
  2
CONTINUOUS
 70
0
  3
Solid line
 72
65
 73
0
 40
0
  0
LTYPE
  5
7
330
3
100
AcDbSymbolTableRecord
100
AcDbLinetypeTableRecord
  2
DASHDOT
 70
0
  3
Dash Dot ____ _ ____ _
 72
65
 73
4
 40
2
 49
1.25
 74
0
 49
-0.25
 74
0
 49
0.25
 74
0
 49
-0.25
 74
0
  0
LTYPE
  5
8
330
3
100
AcDbSymbolTableRecord
100
AcDbLinetypeTableRecord
  2
DASHED
 70
0
  3
Dashed __ __ __ __ __
 72
65
 73
2
 40
0.75
 49
0.5
 74
0
 49
-0.25
 74
0
  0
LTYPE
  5
9
330
3
100
AcDbSymbolTableRecord
100
AcDbLinetypeTableRecord
  2
DOTTED
 70
0
  3
Dotted .  .  .  .
 72
65
 73
2
 40
0.2
 49
0.0
 74
0
 49
-0.2
 74
0
  0
ENDTAB
  0
TABLE
  2
STYLE
  5
A
330
0
100
AcDbSymbolTable
 70
4
  0
STYLE
  5
B
330
A
100
AcDbSymbolTableRecord
100
AcDbTextStyleTableRecord
  2
KICAD
 70
0
 40
0
 41
1
 42
1
 50
0
 71
0
  3
isocp.shx
  0
STYLE
  5
C
330
A
100
AcDbSymbolTableRecord
100
AcDbTextStyleTableRecord
  2
KICADB
 70
0
 40
0
 41
1
 42
1
 50
0
 71
0
  3
isocp.shx
  0
STYLE
  5
D
330
A
100
AcDbSymbolTableRecord
100
AcDbTextStyleTableRecord
  2
KICADI
 70
0
 40
0
 41
1
 42
1
 50
15
 71
0
  3
isocp.shx
  0
STYLE
  5
E
330
A
100
AcDbSymbolTableRecord
100
AcDbTextStyleTableRecord
  2
KICADBI
 70
0
 40
0
 41
1
 42
1
 50
15
 71
0
  3
isocp.shx
  0
ENDTAB
  0
TABLE
  2
LAYER
  5
F
330
0
100
AcDbSymbolTable
 70
2
  0
LAYER
  5
12
330
F
100
AcDbSymbolTableRecord
100
AcDbLayerTableRecord
  2
0
 70
0
 62
7
  6
CONTINUOUS
390
10
  0
LAYER
  5
13
330
F
100
AcDbSymbolTableRecord
100
AcDbLayerTableRecord
  2
BLACK
 70
0
 62
250
  6
CONTINUOUS
390
10
  0
ENDTAB
  0
TABLE
  2
VPORT
  5
14
330
0
100
AcDbSymbolTable
 70
0
  0
ENDTAB
  0
TABLE
  2
VIEW
  5
15
330
0
100
AcDbSymbolTable
 70
0
  0
ENDTAB
  0
TABLE
  2
UCS
  5
16
330
0
100
AcDbSymbolTable
 70
0
  0
ENDTAB
  0
TABLE
  2
DIMSTYLE
  5
17
330
0
100
AcDbSymbolTable
 70
1
100
AcDbDimStyleTable
 71
0
  0
DIMSTYLE
105
18
330
17
100
AcDbSymbolTableRecord
100
AcDbDimStyleTableRecord
  2
Standard
 70
0
  0
ENDTAB
  0
TABLE
  2
BLOCK_RECORD
  5
19
330
0
100
AcDbSymbolTable
 70
3
  0
BLOCK_RECORD
  5
1A
330
19
100
AcDbSymbolTableRecord
100
AcDbBlockTableRecord
  2
*Model_Space
340
1D
 70
0
280
1
281
0
  0
BLOCK_RECORD
  5
1B
330
19
100
AcDbSymbolTableRecord
100
AcDbBlockTableRecord
  2
*Paper_Space
340
1E
 70
0
280
1
281
0
  0
BLOCK_RECORD
  5
1C
330
19
100
AcDbSymbolTableRecord
100
AcDbBlockTableRecord
  2
*Paper_Space0
340
1F
 70
0
280
1
281
0
  0
ENDTAB
  0
ENDSEC
  0
SECTION
  2
BLOCKS
  0
BLOCK
  5
23
330
1A
100
AcDbEntity
  8
0
100
AcDbBlockBegin
  2
*Model_Space
 70
0
 10
0.0
 20
0.0
 30
0.0
  3
*Model_Space
  1

  0
ENDBLK
  5
22
330
1A
100
AcDbEntity
  8
0
100
AcDbBlockEnd
  0
BLOCK
  5
25
330
1B
100
AcDbEntity
 67
1
  8
0
100
AcDbBlockBegin
  2
*Paper_Space
 70
0
 10
0.0
 20
0.0
 30
0.0
  3
*Paper_Space
  1

  0
ENDBLK
  5
24
330
1B
100
AcDbEntity
 67
1
  8
0
100
AcDbBlockEnd
  0
BLOCK
  5
27
330
1C
100
AcDbEntity
 67
1
  8
0
100
AcDbBlockBegin
  2
*Paper_Space0
 70
0
 10
0.0
 20
0.0
 30
0.0
  3
*Paper_Space0
  1

  0
ENDBLK
  5
26
330
1C
100
AcDbEntity
 67
1
  8
0
100
AcDbBlockEnd
  0
ENDSEC
  0
SECTION
  2
ENTITIES
  0
LINE
  5
28
330
1A
100
AcDbEntity
  8
BLACK
  6
CONTINUOUS
100
AcDbLine
 10
2.343745433070866
 20
0.3255194488188976
 30
0
 11
2.3443840551181103
 21
0.3250927165354331
 31
0
  0
LINE
  5
29
330
1A
100
AcDbEntity
  8
BLACK
  6
CONTINUOUS
100
AcDbLine
 10
2.3443840551181103
 20
0.3250927165354331
 30
0
 11
2.3448107874015749
 21
0.324454094488189
 31
0
  0
LINE
  5
2A
330
1A
100
AcDbEntity
  8
BLACK
  6
CONTINUOUS
100
AcDbLine
 10
2.3448107874015749
 20
0.324454094488189
 30
0
 11
2.34496062992126
 21
0.3237007874015748
 31
0
  0
LINE
  5
2B
330
1A
100
AcDbEntity
  8
BLACK
  6
CONTINUOUS
100
AcDbLine
 10
2.34496062992126
 20
0.3237007874015748
 30
0
 11
2.34496062992126
 21
0.2637007874015748
 31
0
  0
LINE
  5
2C
330
1A
100
AcDbEntity
  8
BLACK
  6
CONTINUOUS
100
AcDbLine
 10
2.34496062992126
 20
0.2637007874015748
 30
0
 11
2.3448107874015749
 21
0.2629474803149606
 31
0
  0
LINE
  5
2D
330
1A
100
AcDbEntity
  8
BLACK
  6
CONTINUOUS
100
AcDbLine
 10
2.3448107874015749
 20
0.2629474803149606
 30
0
 11
2.3443840551181103
 21
0.2623088582677165
 31
0
  0
LINE
  5
2E
330
1A
100
AcDbEntity
  8
BLACK
  6
CONTINUOUS
100
AcDbLine
 10
2.3443840551181103
 20
0.2623088582677165
 30
0
 11
2.343745433070866
 21
0.261882125984252
 31
0
  0
LINE
  5
2F
330
1A
100
AcDbEntity
  8
BLACK
  6
CONTINUOUS
100
AcDbLine
 10
2.343745433070866
 20
0.261882125984252
 30
0
 11
2.3429921259842521
 21
0.261732283464567
 31
0
  0
LINE
  5
30
330
1A
100
AcDbEntity
  8
BLACK
  6
CONTINUOUS
100
AcDbLine
 10
2.3429921259842521
 20
0.261732283464567
 30
0
 11
2.2829921259842521
 21
0.261732283464567
 31
0
  0
LINE
  5
31
330
1A
100
AcDbEntity
  8
BLACK
  6
CONTINUOUS
100
AcDbLine
 10
2.2829921259842521
 20
0.261732283464567
 30
0
 11
2.2822388188976377
 21
0.261882125984252
 31
0
  0
LINE
  5
32
330
1A
100
AcDbEntity
  8
BLACK
  6
CONTINUOUS
100
AcDbLine
 10
2.2822388188976377
 20
0.261882125984252
 30
0
 11
2.2816001968503938
 21
0.2623088582677165
 31
0
  0
LINE
  5
33
330
1A
100
AcDbEntity
  8
BLACK
  6
CONTINUOUS
100
AcDbLine
 10
2.2816001968503938
 20
0.2623088582677165
 30
0
 11
2.2811734645669293
 21
0.2629474803149606
 31
0
  0
LINE
  5
34
330
1A
100
AcDbEntity
  8
BLACK
  6
CONTINUOUS
100
AcDbLine
 10
2.2811734645669293
 20
0.2629474803149606
 30
0
 11
2.2810236220472442
 21
0.2637007874015748
 31
0
  0
LINE
  5
35
330
1A
100
AcDbEntity
  8
BLACK
  6
CONTINUOUS
100
AcDbLine
 10
2.2810236220472442
 20
0.2637007874015748
 30
0
 11
2.2810236220472442
 21
0.3237007874015748
 31
0
  0
LINE
  5
36
330
1A
100
AcDbEntity
  8
BLACK
  6
CONTINUOUS
100
AcDbLine
 10
2.2810236220472442
 20
0.3237007874015748
 30
0
 11
2.2811734645669293
 21
0.324454094488189
 31
0
  0
LINE
  5
37
330
1A
100
AcDbEntity
  8
BLACK
  6
CONTINUOUS
100
AcDbLine
 10
2.2811734645669293
 20
0.324454094488189
 30
0
 11
2.2816001968503938
 21
0.3250927165354331
 31
0
  0
LINE
  5
38
330
1A
100
AcDbEntity
  8
BLACK
  6
CONTINUOUS
100
AcDbLine
 10
2.2816001968503938
 20
0.3250927165354331
 30
0
 11
2.2822388188976377
 21
0.3255194488188976
 31
0
  0
LINE
  5
39
330
1A
100
AcDbEntity
  8
BLACK
  6
CONTINUOUS
100
AcDbLine
 10
2.2822388188976377
 20
0.3255194488188976
 30
0
 11
2.2829921259842521
 21
0.3256692913385827
 31
0
  0
LINE
  5
3A
330
1A
100
AcDbEntity
  8
BLACK
  6
CONTINUOUS
100
AcDbLine
 10
2.2829921259842521
 20
0.3256692913385827
 30
0
 11
2.3429921259842521
 21
0.3256692913385827
 31
0
  0
LINE
  5
3B
330
1A
100
AcDbEntity
  8
BLACK
  6
CONTINUOUS
100
AcDbLine
 10
2.3429921259842521
 20
0.3256692913385827
 30
0
 11
2.343745433070866
 21
0.3255194488188976
 31
0
  0
LINE
  5
3C
330
1A
100
AcDbEntity
  8
BLACK
  6
CONTINUOUS
100
AcDbLine
 10
2.4437454330708661
 20
0.3255194488188976
 30
0
 11
2.44438405511811
 21
0.3250927165354331
 31
0
  0
LINE
  5
3D
330
1A
100
AcDbEntity
  8
BLACK
  6
CONTINUOUS
100
AcDbLine
 10
2.44438405511811
 20
0.3250927165354331
 30
0
 11
2.4448107874015745
 21
0.324454094488189
 31
0
  0
LINE
  5
3E
330
1A
100
AcDbEntity
  8
BLACK
  6
CONTINUOUS
100
AcDbLine
 10
2.4448107874015745
 20
0.324454094488189
 30
0
 11
2.4449606299212596
 21
0.3237007874015748
 31
0
  0
LINE
  5
3F
330
1A
100
AcDbEntity
  8
BLACK
  6
CONTINUOUS
100
AcDbLine
 10
2.4449606299212596
 20
0.3237007874015748
 30
0
 11
2.4449606299212596
 21
0.2637007874015748
 31
0
  0
LINE
  5
40
330
1A
100
AcDbEntity
  8
BLACK
  6
CONTINUOUS
100
AcDbLine
 10
2.4449606299212596
 20
0.2637007874015748
 30
0
 11
2.4448107874015745
 21
0.2629474803149606
 31
0
  0
LINE
  5
41
330
1A
100
AcDbEntity
  8
BLACK
  6
CONTINUOUS
100
AcDbLine
 10
2.4448107874015745
 20
0.2629474803149606
 30
0
 11
2.44438405511811
 21
0.2623088582677165
 31
0
  0
LINE
  5
42
330
1A
100
AcDbEntity
  8
BLACK
  6
CONTINUOUS
100
AcDbLine
 10
2.44438405511811
 20
0.2623088582677165
 30
0
 11
2.4437454330708661
 21
0.261882125984252
 31
0
  0
LINE
  5
43
330
1A
100
AcDbEntity
  8
BLACK
  6
CONTINUOUS
100
AcDbLine
 10
2.4437454330708661
 20
0.261882125984252
 30
0
 11
2.4429921259842518
 21
0.261732283464567
 31
0
  0
LINE
  5
44
330
1A
100
AcDbEntity
  8
BLACK
  6
CONTINUOUS
100
AcDbLine
 10
2.4429921259842518
 20
0.261732283464567
 30
0
 11
2.3829921259842517
 21
0.261732283464567
 31
0
  0
LINE
  5
45
330
1A
100
AcDbEntity
  8
BLACK
  6
CONTINUOUS
100
AcDbLine
 10
2.3829921259842517
 20
0.261732283464567
 30
0
 11
2.3822388188976378
 21
0.261882125984252
 31
0
  0
LINE
  5
46
330
1A
100
AcDbEntity
  8
BLACK
  6
CONTINUOUS
100
AcDbLine
 10
2.3822388188976378
 20
0.261882125984252
 30
0
 11
2.3816001968503935
 21
0.2623088582677165
 31
0
  0
LINE
  5
47
330
1A
100
AcDbEntity
  8
BLACK
  6
CONTINUOUS
100
AcDbLine
 10
2.3816001968503935
 20
0.2623088582677165
 30
0
 11
2.3811734645669289
 21
0.2629474803149606
 31
0
  0
LINE
  5
48
330
1A
100
AcDbEntity
  8
BLACK
  6
CONTINUOUS
100
AcDbLine
 10
2.3811734645669289
 20
0.2629474803149606
 30
0
 11
2.3810236220472438
 21
0.2637007874015748
 31
0
  0
LINE
  5
49
330
1A
100
AcDbEntity
  8
BLACK
  6
CONTINUOUS
100
AcDbLine
 10
2.3810236220472438
 20
0.2637007874015748
 30
0
 11
2.3810236220472438
 21
0.3237007874015748
 31
0
  0
LINE
  5
4A
330
1A
100
AcDbEntity
  8
BLACK
  6
CONTINUOUS
100
AcDbLine
 10
2.3810236220472438
 20
0.3237007874015748
 30
0
 11
2.3811734645669289
 21
0.324454094488189
 31
0
  0
LINE
  5
4B
330
1A
100
AcDbEntity
  8
BLACK
  6
CONTINUOUS
100
AcDbLine
 10
2.3811734645669289
 20
0.324454094488189
 30
0
 11
2.3816001968503935
 21
0.3250927165354331
 31
0
  0
LINE
  5
4C
330
1A
100
AcDbEntity
  8
BLACK
  6
CONTINUOUS
100
AcDbLine
 10
2.3816001968503935
 20
0.3250927165354331
 30
0
 11
2.3822388188976378
 21
0.3255194488188976
 31
0
  0
LINE
  5
4D
330
1A
100
AcDbEntity
  8
BLACK
  6
CONTINUOUS
100
AcDbLine
 10
2.3822388188976378
 20
0.3255194488188976
 30
0
 11
2.3829921259842517
 21
0.3256692913385827
 31
0
  0
LINE
  5
4E
330
1A
100
AcDbEntity
  8
BLACK
  6
CONTINUOUS
100
AcDbLine
 10
2.3829921259842517
 20
0.3256692913385827
 30
0
 11
2.4429921259842518
 21
0.3256692913385827
 31
0
  0
LINE
  5
4F
330
1A
100
AcDbEntity
  8
BLACK
  6
CONTINUOUS
100
AcDbLine
 10
2.4429921259842518
 20
0.3256692913385827
 30
0
 11
2.4437454330708661
 21
0.3255194488188976
 31
0
  0
LINE
  5
50
330
1A
100
AcDbEntity
  8
BLACK
  6
CONTINUOUS
100
AcDbLine
 10
2.5437454330708662
 20
0.3255194488188976
 30
0
 11
2.5443840551181101
 21
0.3250927165354331
 31
0
  0
LINE
  5
51
330
1A
100
AcDbEntity
  8
BLACK
  6
CONTINUOUS
100
AcDbLine
 10
2.5443840551181101
 20
0.3250927165354331
 30
0
 11
2.5448107874015746
 21
0.324454094488189
 31
0
  0
LINE
  5
52
330
1A
100
AcDbEntity
  8
BLACK
  6
CONTINUOUS
100
AcDbLine
 10
2.5448107874015746
 20
0.324454094488189
 30
0
 11
2.5449606299212597
 21
0.3237007874015748
 31
0
  0
LINE
  5
53
330
1A
100
AcDbEntity
  8
BLACK
  6
CONTINUOUS
100
AcDbLine
 10
2.5449606299212597
 20
0.3237007874015748
 30
0
 11
2.5449606299212597
 21
0.2637007874015748
 31
0
  0
LINE
  5
54
330
1A
100
AcDbEntity
  8
BLACK
  6
CONTINUOUS
100
AcDbLine
 10
2.5449606299212597
 20
0.2637007874015748
 30
0
 11
2.5448107874015746
 21
0.2629474803149606
 31
0
  0
LINE
  5
55
330
1A
100
AcDbEntity
  8
BLACK
  6
CONTINUOUS
100
AcDbLine
 10
2.5448107874015746
 20
0.2629474803149606
 30
0
 11
2.5443840551181101
 21
0.2623088582677165
 31
0
  0
LINE
  5
56
330
1A
100
AcDbEntity
  8
BLACK
  6
CONTINUOUS
100
AcDbLine
 10
2.5443840551181101
 20
0.2623088582677165
 30
0
 11
2.5437454330708662
 21
0.261882125984252
 31
0
  0
LINE
  5
57
330
1A
100
AcDbEntity
  8
BLACK
  6
CONTINUOUS
100
AcDbLine
 10
2.5437454330708662
 20
0.261882125984252
 30
0
 11
2.5429921259842518
 21
0.261732283464567
 31
0
  0
LINE
  5
58
330
1A
100
AcDbEntity
  8
BLACK
  6
CONTINUOUS
100
AcDbLine
 10
2.5429921259842518
 20
0.261732283464567
 30
0
 11
2.4829921259842518
 21
0.261732283464567
 31
0
  0
LINE
  5
59
330
1A
100
AcDbEntity
  8
BLACK
  6
CONTINUOUS
100
AcDbLine
 10
2.4829921259842518
 20
0.261732283464567
 30
0
 11
2.4822388188976379
 21
0.261882125984252
 31
0
  0
LINE
  5
5A
330
1A
100
AcDbEntity
  8
BLACK
  6
CONTINUOUS
100
AcDbLine
 10
2.4822388188976379
 20
0.261882125984252
 30
0
 11
2.4816001968503936
 21
0.2623088582677165
 31
0
  0
LINE
  5
5B
330
1A
100
AcDbEntity
  8
BLACK
  6
CONTINUOUS
100
AcDbLine
 10
2.4816001968503936
 20
0.2623088582677165
 30
0
 11
2.481173464566929
 21
0.2629474803149606
 31
0
  0
LINE
  5
5C
330
1A
100
AcDbEntity
  8
BLACK
  6
CONTINUOUS
100
AcDbLine
 10
2.481173464566929
 20
0.2629474803149606
 30
0
 11
2.4810236220472439
 21
0.2637007874015748
 31
0
  0
LINE
  5
5D
330
1A
100
AcDbEntity
  8
BLACK
  6
CONTINUOUS
100
AcDbLine
 10
2.4810236220472439
 20
0.2637007874015748
 30
0
 11
2.4810236220472439
 21
0.3237007874015748
 31
0
  0
LINE
  5
5E
330
1A
100
AcDbEntity
  8
BLACK
  6
CONTINUOUS
100
AcDbLine
 10
2.4810236220472439
 20
0.3237007874015748
 30
0
 11
2.481173464566929
 21
0.324454094488189
 31
0
  0
LINE
  5
5F
330
1A
100
AcDbEntity
  8
BLACK
  6
CONTINUOUS
100
AcDbLine
 10
2.481173464566929
 20
0.324454094488189
 30
0
 11
2.4816001968503936
 21
0.3250927165354331
 31
0
  0
LINE
  5
60
330
1A
100
AcDbEntity
  8
BLACK
  6
CONTINUOUS
100
AcDbLine
 10
2.4816001968503936
 20
0.3250927165354331
 30
0
 11
2.4822388188976379
 21
0.3255194488188976
 31
0
  0
LINE
  5
61
330
1A
100
AcDbEntity
  8
BLACK
  6
CONTINUOUS
100
AcDbLine
 10
2.4822388188976379
 20
0.3255194488188976
 30
0
 11
2.4829921259842518
 21
0.3256692913385827
 31
0
  0
LINE
  5
62
330
1A
100
AcDbEntity
  8
BLACK
  6
CONTINUOUS
100
AcDbLine
 10
2.4829921259842518
 20
0.3256692913385827
 30
0
 11
2.5429921259842518
 21
0.3256692913385827
 31
0
  0
LINE
  5
63
330
1A
100
AcDbEntity
  8
BLACK
  6
CONTINUOUS
100
AcDbLine
 10
2.5429921259842518
 20
0.3256692913385827
 30
0
 11
2.5437454330708662
 21
0.3255194488188976
 31
0
  0
LINE
  5
64
330
1A
100
AcDbEntity
  8
BLACK
  6
CONTINUOUS
100
AcDbLine
 10
0.420113937007874
 20
0.5183821653543307
 30
0
 11
0.4332420472440945
 21
0.5153857480314961
 31
0
  0
LINE
  5
65
330
1A
100
AcDbEntity
  8
BLACK
  6
CONTINUOUS
100
AcDbLine
 10
0.4332420472440945
 20
0.5153857480314961
 30
0
 11
0.4459521259842519
 21
0.5109383070866141
 31
0
  0
LINE
  5
66
330
1A
100
AcDbEntity
  8
BLACK
  6
CONTINUOUS
100
AcDbLine
 10
0.4459521259842519
 20
0.5109383070866141
 30
0
 11
0.4580843700787401
 21
0.5050957086614173
 31
0
  0
LINE
  5
67
330
1A
100
AcDbEntity
  8
BLACK
  6
CONTINUOUS
100
AcDbLine
 10
0.4580843700787401
 20
0.5050957086614173
 30
0
 11
0.4694861023622047
 21
0.4979315354330708
 31
0
  0
LINE
  5
68
330
1A
100
AcDbEntity
  8
BLACK
  6
CONTINUOUS
100
AcDbLine
 10
0.4694861023622047
 20
0.4979315354330708
 30
0
 11
0.4800140551181102
 21
0.4895357874015748
 31
0
  0
LINE
  5
69
330
1A
100
AcDbEntity
  8
BLACK
  6
CONTINUOUS
100
AcDbLine
 10
0.4800140551181102
 20
0.4895357874015748
 30
0
 11
0.4895357874015748
 21
0.4800140551181102
 31
0
  0
LINE
  5
6A
330
1A
100
AcDbEntity
  8
BLACK
  6
CONTINUOUS
100
AcDbLine
 10
0.4895357874015748
 20
0.4800140551181102
 30
0
 11
0.4979315354330708
 21
0.4694861023622047
 31
0
  0
LINE
  5
6B
330
1A
100
AcDbEntity
  8
BLACK
  6
CONTINUOUS
100
AcDbLine
 10
0.4979315354330708
 20
0.4694861023622047
 30
0
 11
0.5050957086614173
 21
0.4580843700787401
 31
0
  0
LINE
  5
6C
330
1A
100
AcDbEntity
  8
BLACK
  6
CONTINUOUS
100
AcDbLine
 10
0.5050957086614173
 20
0.4580843700787401
 30
0
 11
0.5109383070866141
 21
0.4459521259842519
 31
0
  0
LINE
  5
6D
330
1A
100
AcDbEntity
  8
BLACK
  6
CONTINUOUS
100
AcDbLine
 10
0.5109383070866141
 20
0.4459521259842519
 30
0
 11
0.5153857480314961
 21
0.4332420472440945
 31
0
  0
LINE
  5
6E
330
1A
100
AcDbEntity
  8
BLACK
  6
CONTINUOUS
100
AcDbLine
 10
0.5153857480314961
 20
0.4332420472440945
 30
0
 11
0.5183821653543307
 21
0.420113937007874
 31
0
  0
LINE
  5
6F
330
1A
100
AcDbEntity
  8
BLACK
  6
CONTINUOUS
100
AcDbLine
 10
0.5183821653543307
 20
0.420113937007874
 30
0
 11
0.5198898425196851
 21
0.406732874015748
 31
0
  0
LINE
  5
70
330
1A
100
AcDbEntity
  8
BLACK
  6
CONTINUOUS
100
AcDbLine
 10
0.5198898425196851
 20
0.406732874015748
 30
0
 11
0.5198898425196851
 21
0.393267125984252
 31
0
  0
LINE
  5
71
330
1A
100
AcDbEntity
  8
BLACK
  6
CONTINUOUS
100
AcDbLine
 10
0.5198898425196851
 20
0.393267125984252
 30
0
 11
0.5183821653543307
 21
0.379886062992126
 31
0
  0
LINE
  5
72
330
1A
100
AcDbEntity
  8
BLACK
  6
CONTINUOUS
100
AcDbLine
 10
0.5183821653543307
 20
0.379886062992126
 30
0
 11
0.5153857480314961
 21
0.3667579527559055
 31
0
  0
LINE
  5
73
330
1A
100
AcDbEntity
  8
BLACK
  6
CONTINUOUS
100
AcDbLine
 10
0.5153857480314961
 20
0.3667579527559055
 30
0
 11
0.5109383070866141
 21
0.354047874015748
 31
0
  0
LINE
  5
74
330
1A
100
AcDbEntity
  8
BLACK
  6
CONTINUOUS
100
AcDbLine
 10
0.5109383070866141
 20
0.354047874015748
 30
0
 11
0.5050957086614173
 21
0.3419156299212598
 31
0
  0
LINE
  5
75
330
1A
100
AcDbEntity
  8
BLACK
  6
CONTINUOUS
100
AcDbLine
 10
0.5050957086614173
 20
0.3419156299212598
 30
0
 11
0.4979315354330708
 21
0.3305138976377953
 31
0
  0
LINE
  5
76
330
1A
100
AcDbEntity
  8
BLACK
  6
CONTINUOUS
100
AcDbLine
 10
0.4979315354330708
 20
0.3305138976377953
 30
0
 11
0.4895357874015748
 21
0.3199859448818898
 31
0
  0
LINE
  5
77
330
1A
100
AcDbEntity
  8
BLACK
  6
CONTINUOUS
100
AcDbLine
 10
0.4895357874015748
 20
0.3199859448818898
 30
0
 11
0.4800140551181102
 21
0.3104642125984252
 31
0
  0
LINE
  5
78
330
1A
100
AcDbEntity
  8
BLACK
  6
CONTINUOUS
100
AcDbLine
 10
0.4800140551181102
 20
0.3104642125984252
 30
0
 11
0.4694861023622047
 21
0.3020684645669292
 31
0
  0
LINE
  5
79
330
1A
100
AcDbEntity
  8
BLACK
  6
CONTINUOUS
100
AcDbLine
 10
0.4694861023622047
 20
0.3020684645669292
 30
0
 11
0.4580843700787401
 21
0.2949042913385826
 31
0
  0
LINE
  5
7A
330
1A
100
AcDbEntity
  8
BLACK
  6
CONTINUOUS
100
AcDbLine
 10
0.4580843700787401
 20
0.2949042913385826
 30
0
 11
0.4459521259842519
 21
0.2890616929133858
 31
0
  0
LINE
  5
7B
330
1A
100
AcDbEntity
  8
BLACK
  6
CONTINUOUS
100
AcDbLine
 10
0.4459521259842519
 20
0.2890616929133858
 30
0
 11
0.4332420472440945
 21
0.2846142519685039
 31
0
  0
LINE
  5
7C
330
1A
100
AcDbEntity
  8
BLACK
  6
CONTINUOUS
100
AcDbLine
 10
0.4332420472440945
 20
0.2846142519685039
 30
0
 11
0.420113937007874
 21
0.2816178346456693
 31
0
  0
LINE
  5
7D
330
1A
100
AcDbEntity
  8
BLACK
  6
CONTINUOUS
100
AcDbLine
 10
0.420113937007874
 20
0.2816178346456693
 30
0
 11
0.406732874015748
 21
0.280110157480315
 31
0
  0
LINE
  5
7E
330
1A
100
AcDbEntity
  8
BLACK
  6
CONTINUOUS
100
AcDbLine
 10
0.406732874015748
 20
0.280110157480315
 30
0
 11
0.393267125984252
 21
0.280110157480315
 31
0
  0
LINE
  5
7F
330
1A
100
AcDbEntity
  8
BLACK
  6
CONTINUOUS
100
AcDbLine
 10
0.393267125984252
 20
0.280110157480315
 30
0
 11
0.379886062992126
 21
0.2816178346456693
 31
0
  0
LINE
  5
80
330
1A
100
AcDbEntity
  8
BLACK
  6
CONTINUOUS
100
AcDbLine
 10
0.379886062992126
 20
0.2816178346456693
 30
0
 11
0.3667579527559055
 21
0.2846142519685039
 31
0
  0
LINE
  5
81
330
1A
100
AcDbEntity
  8
BLACK
  6
CONTINUOUS
100
AcDbLine
 10
0.3667579527559055
 20
0.2846142519685039
 30
0
 11
0.354047874015748
 21
0.2890616929133858
 31
0
  0
LINE
  5
82
330
1A
100
AcDbEntity
  8
BLACK
  6
CONTINUOUS
100
AcDbLine
 10
0.354047874015748
 20
0.2890616929133858
 30
0
 11
0.3419156299212598
 21
0.2949042913385826
 31
0
  0
LINE
  5
83
330
1A
100
AcDbEntity
  8
BLACK
  6
CONTINUOUS
100
AcDbLine
 10
0.3419156299212598
 20
0.2949042913385826
 30
0
 11
0.3305138976377953
 21
0.3020684645669292
 31
0
  0
LINE
  5
84
330
1A
100
AcDbEntity
  8
BLACK
  6
CONTINUOUS
100
AcDbLine
 10
0.3305138976377953
 20
0.3020684645669292
 30
0
 11
0.3199859448818898
 21
0.3104642125984252
 31
0
  0
LINE
  5
85
330
1A
100
AcDbEntity
  8
BLACK
  6
CONTINUOUS
100
AcDbLine
 10
0.3199859448818898
 20
0.3104642125984252
 30
0
 11
0.3104642125984252
 21
0.3199859448818898
 31
0
  0
LINE
  5
86
330
1A
100
AcDbEntity
  8
BLACK
  6
CONTINUOUS
100
AcDbLine
 10
0.3104642125984252
 20
0.3199859448818898
 30
0
 11
0.3020684645669292
 21
0.3305138976377953
 31
0
  0
LINE
  5
87
330
1A
100
AcDbEntity
  8
BLACK
  6
CONTINUOUS
100
AcDbLine
 10
0.3020684645669292
 20
0.3305138976377953
 30
0
 11
0.2949042913385826
 21
0.3419156299212598
 31
0
  0
LINE
  5
88
330
1A
100
AcDbEntity
  8
BLACK
  6
CONTINUOUS
100
AcDbLine
 10
0.2949042913385826
 20
0.3419156299212598
 30
0
 11
0.2890616929133858
 21
0.354047874015748
 31
0
  0
LINE
  5
89
330
1A
100
AcDbEntity
  8
BLACK
  6
CONTINUOUS
100
AcDbLine
 10
0.2890616929133858
 20
0.354047874015748
 30
0
 11
0.2846142519685039
 21
0.3667579527559055
 31
0
  0
LINE
  5
8A
330
1A
100
AcDbEntity
  8
BLACK
  6
CONTINUOUS
100
AcDbLine
 10
0.2846142519685039
 20
0.3667579527559055
 30
0
 11
0.2816178346456693
 21
0.379886062992126
 31
0
  0
LINE
  5
8B
330
1A
100
AcDbEntity
  8
BLACK
  6
CONTINUOUS
100
AcDbLine
 10
0.2816178346456693
 20
0.379886062992126
 30
0
 11
0.280110157480315
 21
0.393267125984252
 31
0
  0
LINE
  5
8C
330
1A
100
AcDbEntity
  8
BLACK
  6
CONTINUOUS
100
AcDbLine
 10
0.280110157480315
 20
0.393267125984252
 30
0
 11
0.280110157480315
 21
0.406732874015748
 31
0
  0
LINE
  5
8D
330
1A
100
AcDbEntity
  8
BLACK
  6
CONTINUOUS
100
AcDbLine
 10
0.280110157480315
 20
0.406732874015748
 30
0
 11
0.2816178346456693
 21
0.420113937007874
 31
0
  0
LINE
  5
8E
330
1A
100
AcDbEntity
  8
BLACK
  6
CONTINUOUS
100
AcDbLine
 10
0.2816178346456693
 20
0.420113937007874
 30
0
 11
0.2846142519685039
 21
0.4332420472440945
 31
0
  0
LINE
  5
8F
330
1A
100
AcDbEntity
  8
BLACK
  6
CONTINUOUS
100
AcDbLine
 10
0.2846142519685039
 20
0.4332420472440945
 30
0
 11
0.2890616929133858
 21
0.4459521259842519
 31
0
  0
LINE
  5
90
330
1A
100
AcDbEntity
  8
BLACK
  6
CONTINUOUS
100
AcDbLine
 10
0.2890616929133858
 20
0.4459521259842519
 30
0
 11
0.2949042913385826
 21
0.4580843700787401
 31
0
  0
LINE
  5
91
330
1A
100
AcDbEntity
  8
BLACK
  6
CONTINUOUS
100
AcDbLine
 10
0.2949042913385826
 20
0.4580843700787401
 30
0
 11
0.3020684645669292
 21
0.4694861023622047
 31
0
  0
LINE
  5
92
330
1A
100
AcDbEntity
  8
BLACK
  6
CONTINUOUS
100
AcDbLine
 10
0.3020684645669292
 20
0.4694861023622047
 30
0
 11
0.3104642125984252
 21
0.4800140551181102
 31
0
  0
LINE
  5
93
330
1A
100
AcDbEntity
  8
BLACK
  6
CONTINUOUS
100
AcDbLine
 10
0.3104642125984252
 20
0.4800140551181102
 30
0
 11
0.3199859448818898
 21
0.4895357874015748
 31
0
  0
LINE
  5
94
330
1A
100
AcDbEntity
  8
BLACK
  6
CONTINUOUS
100
AcDbLine
 10
0.3199859448818898
 20
0.4895357874015748
 30
0
 11
0.3305138976377953
 21
0.4979315354330708
 31
0
  0
LINE
  5
95
330
1A
100
AcDbEntity
  8
BLACK
  6
CONTINUOUS
100
AcDbLine
 10
0.3305138976377953
 20
0.4979315354330708
 30
0
 11
0.3419156299212598
 21
0.5050957086614173
 31
0
  0
LINE
  5
96
330
1A
100
AcDbEntity
  8
BLACK
  6
CONTINUOUS
100
AcDbLine
 10
0.3419156299212598
 20
0.5050957086614173
 30
0
 11
0.354047874015748
 21
0.5109383070866141
 31
0
  0
LINE
  5
97
330
1A
100
AcDbEntity
  8
BLACK
  6
CONTINUOUS
100
AcDbLine
 10
0.354047874015748
 20
0.5109383070866141
 30
0
 11
0.3667579527559055
 21
0.5153857480314961
 31
0
  0
LINE
  5
98
330
1A
100
AcDbEntity
  8
BLACK
  6
CONTINUOUS
100
AcDbLine
 10
0.3667579527559055
 20
0.5153857480314961
 30
0
 11
0.379886062992126
 21
0.5183821653543307
 31
0
  0
LINE
  5
99
330
1A
100
AcDbEntity
  8
BLACK
  6
CONTINUOUS
100
AcDbLine
 10
0.379886062992126
 20
0.5183821653543307
 30
0
 11
0.393267125984252
 21
0.5198898425196851
 31
0
  0
LINE
  5
9A
330
1A
100
AcDbEntity
  8
BLACK
  6
CONTINUOUS
100
AcDbLine
 10
0.393267125984252
 20
0.5198898425196851
 30
0
 11
0.406732874015748
 21
0.5198898425196851
 31
0
  0
LINE
  5
9B
330
1A
100
AcDbEntity
  8
BLACK
  6
CONTINUOUS
100
AcDbLine
 10
0.406732874015748
 20
0.5198898425196851
 30
0
 11
0.420113937007874
 21
0.5183821653543307
 31
0
  0
LINE
  5
9C
330
1A
100
AcDbEntity
  8
BLACK
  6
CONTINUOUS
100
AcDbLine
 10
2.8098777165354329
 20
0.5183821653543307
 30
0
 11
2.8230058267716536
 21
0.5153857480314961
 31
0
  0
LINE
  5
9D
330
1A
100
AcDbEntity
  8
BLACK
  6
CONTINUOUS
100
AcDbLine
 10
2.8230058267716536
 20
0.5153857480314961
 30
0
 11
2.8357159055118109
 21
0.5109383070866141
 31
0
  0
LINE
  5
9E
330
1A
100
AcDbEntity
  8
BLACK
  6
CONTINUOUS
100
AcDbLine
 10
2.8357159055118109
 20
0.5109383070866141
 30
0
 11
2.8478481496062993
 21
0.5050957086614173
 31
0
  0
LINE
  5
9F
330
1A
100
AcDbEntity
  8
BLACK
  6
CONTINUOUS
100
AcDbLine
 10
2.8478481496062993
 20
0.5050957086614173
 30
0
 11
2.8592498818897636
 21
0.4979315354330708
 31
0
  0
LINE
  5
A0
330
1A
100
AcDbEntity
  8
BLACK
  6
CONTINUOUS
100
AcDbLine
 10
2.8592498818897636
 20
0.4979315354330708
 30
0
 11
2.869777834645669
 21
0.4895357874015748
 31
0
  0
LINE
  5
A1
330
1A
100
AcDbEntity
  8
BLACK
  6
CONTINUOUS
100
AcDbLine
 10
2.869777834645669
 20
0.4895357874015748
 30
0
 11
2.8792995669291339
 21
0.4800140551181102
 31
0
  0
LINE
  5
A2
330
1A
100
AcDbEntity
  8
BLACK
  6
CONTINUOUS
100
AcDbLine
 10
2.8792995669291339
 20
0.4800140551181102
 30
0
 11
2.8876953149606299
 21
0.4694861023622047
 31
0
  0
LINE
  5
A3
330
1A
100
AcDbEntity
  8
BLACK
  6
CONTINUOUS
100
AcDbLine
 10
2.8876953149606299
 20
0.4694861023622047
 30
0
 11
2.8948594881889762
 21
0.4580843700787401
 31
0
  0
LINE
  5
A4
330
1A
100
AcDbEntity
  8
BLACK
  6
CONTINUOUS
100
AcDbLine
 10
2.8948594881889762
 20
0.4580843700787401
 30
0
 11
2.9007020866141731
 21
0.4459521259842519
 31
0
  0
LINE
  5
A5
330
1A
100
AcDbEntity
  8
BLACK
  6
CONTINUOUS
100
AcDbLine
 10
2.9007020866141731
 20
0.4459521259842519
 30
0
 11
2.9051495275590549
 21
0.4332420472440945
 31
0
  0
LINE
  5
A6
330
1A
100
AcDbEntity
  8
BLACK
  6
CONTINUOUS
100
AcDbLine
 10
2.9051495275590549
 20
0.4332420472440945
 30
0
 11
2.9081459448818898
 21
0.420113937007874
 31
0
  0
LINE
  5
A7
330
1A
100
AcDbEntity
  8
BLACK
  6
CONTINUOUS
100
AcDbLine
 10
2.9081459448818898
 20
0.420113937007874
 30
0
 11
2.909653622047244
 21
0.406732874015748
 31
0
  0
LINE
  5
A8
330
1A
100
AcDbEntity
  8
BLACK
  6
CONTINUOUS
100
AcDbLine
 10
2.909653622047244
 20
0.406732874015748
 30
0
 11
2.909653622047244
 21
0.393267125984252
 31
0
  0
LINE
  5
A9
330
1A
100
AcDbEntity
  8
BLACK
  6
CONTINUOUS
100
AcDbLine
 10
2.909653622047244
 20
0.393267125984252
 30
0
 11
2.9081459448818898
 21
0.379886062992126
 31
0
  0
LINE
  5
AA
330
1A
100
AcDbEntity
  8
BLACK
  6
CONTINUOUS
100
AcDbLine
 10
2.9081459448818898
 20
0.379886062992126
 30
0
 11
2.9051495275590549
 21
0.3667579527559055
 31
0
  0
LINE
  5
AB
330
1A
100
AcDbEntity
  8
BLACK
  6
CONTINUOUS
100
AcDbLine
 10
2.9051495275590549
 20
0.3667579527559055
 30
0
 11
2.9007020866141731
 21
0.354047874015748
 31
0
  0
LINE
  5
AC
330
1A
100
AcDbEntity
  8
BLACK
  6
CONTINUOUS
100
AcDbLine
 10
2.9007020866141731
 20
0.354047874015748
 30
0
 11
2.8948594881889762
 21
0.3419156299212598
 31
0
  0
LINE
  5
AD
330
1A
100
AcDbEntity
  8
BLACK
  6
CONTINUOUS
100
AcDbLine
 10
2.8948594881889762
 20
0.3419156299212598
 30
0
 11
2.8876953149606299
 21
0.3305138976377953
 31
0
  0
LINE
  5
AE
330
1A
100
AcDbEntity
  8
BLACK
  6
CONTINUOUS
100
AcDbLine
 10
2.8876953149606299
 20
0.3305138976377953
 30
0
 11
2.8792995669291339
 21
0.3199859448818898
 31
0
  0
LINE
  5
AF
330
1A
100
AcDbEntity
  8
BLACK
  6
CONTINUOUS
100
AcDbLine
 10
2.8792995669291339
 20
0.3199859448818898
 30
0
 11
2.869777834645669
 21
0.3104642125984252
 31
0
  0
LINE
  5
B0
330
1A
100
AcDbEntity
  8
BLACK
  6
CONTINUOUS
100
AcDbLine
 10
2.869777834645669
 20
0.3104642125984252
 30
0
 11
2.8592498818897636
 21
0.3020684645669292
 31
0
  0
LINE
  5
B1
330
1A
100
AcDbEntity
  8
BLACK
  6
CONTINUOUS
100
AcDbLine
 10
2.8592498818897636
 20
0.3020684645669292
 30
0
 11
2.8478481496062993
 21
0.2949042913385826
 31
0
  0
LINE
  5
B2
330
1A
100
AcDbEntity
  8
BLACK
  6
CONTINUOUS
100
AcDbLine
 10
2.8478481496062993
 20
0.2949042913385826
 30
0
 11
2.8357159055118109
 21
0.2890616929133858
 31
0
  0
LINE
  5
B3
330
1A
100
AcDbEntity
  8
BLACK
  6
CONTINUOUS
100
AcDbLine
 10
2.8357159055118109
 20
0.2890616929133858
 30
0
 11
2.8230058267716536
 21
0.2846142519685039
 31
0
  0
LINE
  5
B4
330
1A
100
AcDbEntity
  8
BLACK
  6
CONTINUOUS
100
AcDbLine
 10
2.8230058267716536
 20
0.2846142519685039
 30
0
 11
2.8098777165354329
 21
0.2816178346456693
 31
0
  0
LINE
  5
B5
330
1A
100
AcDbEntity
  8
BLACK
  6
CONTINUOUS
100
AcDbLine
 10
2.8098777165354329
 20
0.2816178346456693
 30
0
 11
2.7964966535433069
 21
0.280110157480315
 31
0
  0
LINE
  5
B6
330
1A
100
AcDbEntity
  8
BLACK
  6
CONTINUOUS
100
AcDbLine
 10
2.7964966535433069
 20
0.280110157480315
 30
0
 11
2.783030905511811
 21
0.280110157480315
 31
0
  0
LINE
  5
B7
330
1A
100
AcDbEntity
  8
BLACK
  6
CONTINUOUS
100
AcDbLine
 10
2.783030905511811
 20
0.280110157480315
 30
0
 11
2.7696498425196849
 21
0.2816178346456693
 31
0
  0
LINE
  5
B8
330
1A
100
AcDbEntity
  8
BLACK
  6
CONTINUOUS
100
AcDbLine
 10
2.7696498425196849
 20
0.2816178346456693
 30
0
 11
2.7565217322834643
 21
0.2846142519685039
 31
0
  0
LINE
  5
B9
330
1A
100
AcDbEntity
  8
BLACK
  6
CONTINUOUS
100
AcDbLine
 10
2.7565217322834643
 20
0.2846142519685039
 30
0
 11
2.743811653543307
 21
0.2890616929133858
 31
0
  0
LINE
  5
BA
330
1A
100
AcDbEntity
  8
BLACK
  6
CONTINUOUS
100
AcDbLine
 10
2.743811653543307
 20
0.2890616929133858
 30
0
 11
2.731679409448819
 21
0.2949042913385826
 31
0
  0
LINE
  5
BB
330
1A
100
AcDbEntity
  8
BLACK
  6
CONTINUOUS
100
AcDbLine
 10
2.731679409448819
 20
0.2949042913385826
 30
0
 11
2.7202776771653543
 21
0.3020684645669292
 31
0
  0
LINE
  5
BC
330
1A
100
AcDbEntity
  8
BLACK
  6
CONTINUOUS
100
AcDbLine
 10
2.7202776771653543
 20
0.3020684645669292
 30
0
 11
2.7097497244094488
 21
0.3104642125984252
 31
0
  0
LINE
  5
BD
330
1A
100
AcDbEntity
  8
BLACK
  6
CONTINUOUS
100
AcDbLine
 10
2.7097497244094488
 20
0.3104642125984252
 30
0
 11
2.7002279921259844
 21
0.3199859448818898
 31
0
  0
LINE
  5
BE
330
1A
100
AcDbEntity
  8
BLACK
  6
CONTINUOUS
100
AcDbLine
 10
2.7002279921259844
 20
0.3199859448818898
 30
0
 11
2.691832244094488
 21
0.3305138976377953
 31
0
  0
LINE
  5
BF
330
1A
100
AcDbEntity
  8
BLACK
  6
CONTINUOUS
100
AcDbLine
 10
2.691832244094488
 20
0.3305138976377953
 30
0
 11
2.6846680708661417
 21
0.3419156299212598
 31
0
  0
LINE
  5
C0
330
1A
100
AcDbEntity
  8
BLACK
  6
CONTINUOUS
100
AcDbLine
 10
2.6846680708661417
 20
0.3419156299212598
 30
0
 11
2.6788254724409448
 21
0.354047874015748
 31
0
  0
LINE
  5
C1
330
1A
100
AcDbEntity
  8
BLACK
  6
CONTINUOUS
100
AcDbLine
 10
2.6788254724409448
 20
0.354047874015748
 30
0
 11
2.674378031496063
 21
0.3667579527559055
 31
0
  0
LINE
  5
C2
330
1A
100
AcDbEntity
  8
BLACK
  6
CONTINUOUS
100
AcDbLine
 10
2.674378031496063
 20
0.3667579527559055
 30
0
 11
2.6713816141732285
 21
0.379886062992126
 31
0
  0
LINE
  5
C3
330
1A
100
AcDbEntity
  8
BLACK
  6
CONTINUOUS
100
AcDbLine
 10
2.6713816141732285
 20
0.379886062992126
 30
0
 11
2.6698739370078739
 21
0.393267125984252
 31
0
  0
LINE
  5
C4
330
1A
100
AcDbEntity
  8
BLACK
  6
CONTINUOUS
100
AcDbLine
 10
2.6698739370078739
 20
0.393267125984252
 30
0
 11
2.6698739370078739
 21
0.406732874015748
 31
0
  0
LINE
  5
C5
330
1A
100
AcDbEntity
  8
BLACK
  6
CONTINUOUS
100
AcDbLine
 10
2.6698739370078739
 20
0.406732874015748
 30
0
 11
2.6713816141732285
 21
0.420113937007874
 31
0
  0
LINE
  5
C6
330
1A
100
AcDbEntity
  8
BLACK
  6
CONTINUOUS
100
AcDbLine
 10
2.6713816141732285
 20
0.420113937007874
 30
0
 11
2.674378031496063
 21
0.4332420472440945
 31
0
  0
LINE
  5
C7
330
1A
100
AcDbEntity
  8
BLACK
  6
CONTINUOUS
100
AcDbLine
 10
2.674378031496063
 20
0.4332420472440945
 30
0
 11
2.6788254724409448
 21
0.4459521259842519
 31
0
  0
LINE
  5
C8
330
1A
100
AcDbEntity
  8
BLACK
  6
CONTINUOUS
100
AcDbLine
 10
2.6788254724409448
 20
0.4459521259842519
 30
0
 11
2.6846680708661417
 21
0.4580843700787401
 31
0
  0
LINE
  5
C9
330
1A
100
AcDbEntity
  8
BLACK
  6
CONTINUOUS
100
AcDbLine
 10
2.6846680708661417
 20
0.4580843700787401
 30
0
 11
2.691832244094488
 21
0.4694861023622047
 31
0
  0
LINE
  5
CA
330
1A
100
AcDbEntity
  8
BLACK
  6
CONTINUOUS
100
AcDbLine
 10
2.691832244094488
 20
0.4694861023622047
 30
0
 11
2.7002279921259844
 21
0.4800140551181102
 31
0
  0
LINE
  5
CB
330
1A
100
AcDbEntity
  8
BLACK
  6
CONTINUOUS
100
AcDbLine
 10
2.7002279921259844
 20
0.4800140551181102
 30
0
 11
2.7097497244094488
 21
0.4895357874015748
 31
0
  0
LINE
  5
CC
330
1A
100
AcDbEntity
  8
BLACK
  6
CONTINUOUS
100
AcDbLine
 10
2.7097497244094488
 20
0.4895357874015748
 30
0
 11
2.7202776771653543
 21
0.4979315354330708
 31
0
  0
LINE
  5
CD
330
1A
100
AcDbEntity
  8
BLACK
  6
CONTINUOUS
100
AcDbLine
 10
2.7202776771653543
 20
0.4979315354330708
 30
0
 11
2.731679409448819
 21
0.5050957086614173
 31
0
  0
LINE
  5
CE
330
1A
100
AcDbEntity
  8
BLACK
  6
CONTINUOUS
100
AcDbLine
 10
2.731679409448819
 20
0.5050957086614173
 30
0
 11
2.743811653543307
 21
0.5109383070866141
 31
0
  0
LINE
  5
CF
330
1A
100
AcDbEntity
  8
BLACK
  6
CONTINUOUS
100
AcDbLine
 10
2.743811653543307
 20
0.5109383070866141
 30
0
 11
2.7565217322834643
 21
0.5153857480314961
 31
0
  0
LINE
  5
D0
330
1A
100
AcDbEntity
  8
BLACK
  6
CONTINUOUS
100
AcDbLine
 10
2.7565217322834643
 20
0.5153857480314961
 30
0
 11
2.7696498425196849
 21
0.5183821653543307
 31
0
  0
LINE
  5
D1
330
1A
100
AcDbEntity
  8
BLACK
  6
CONTINUOUS
100
AcDbLine
 10
2.7696498425196849
 20
0.5183821653543307
 30
0
 11
2.783030905511811
 21
0.5198898425196851
 31
0
  0
LINE
  5
D2
330
1A
100
AcDbEntity
  8
BLACK
  6
CONTINUOUS
100
AcDbLine
 10
2.783030905511811
 20
0.5198898425196851
 30
0
 11
2.7964966535433069
 21
0.5198898425196851
 31
0
  0
LINE
  5
D3
330
1A
100
AcDbEntity
  8
BLACK
  6
CONTINUOUS
100
AcDbLine
 10
2.7964966535433069
 20
0.5198898425196851
 30
0
 11
2.8098777165354329
 21
0.5183821653543307
 31
0
  0
LINE
  5
D4
330
1A
100
AcDbEntity
  8
BLACK
  6
CONTINUOUS
100
AcDbLine
 10
2.343745433070866
 20
0.4255194488188976
 30
0
 11
2.3443840551181103
 21
0.4250927165354331
 31
0
  0
LINE
  5
D5
330
1A
100
AcDbEntity
  8
BLACK
  6
CONTINUOUS
100
AcDbLine
 10
2.3443840551181103
 20
0.4250927165354331
 30
0
 11
2.3448107874015749
 21
0.424454094488189
 31
0
  0
LINE
  5
D6
330
1A
100
AcDbEntity
  8
BLACK
  6
CONTINUOUS
100
AcDbLine
 10
2.3448107874015749
 20
0.424454094488189
 30
0
 11
2.34496062992126
 21
0.4237007874015748
 31
0
  0
LINE
  5
D7
330
1A
100
AcDbEntity
  8
BLACK
  6
CONTINUOUS
100
AcDbLine
 10
2.34496062992126
 20
0.4237007874015748
 30
0
 11
2.34496062992126
 21
0.3637007874015748
 31
0
  0
LINE
  5
D8
330
1A
100
AcDbEntity
  8
BLACK
  6
CONTINUOUS
100
AcDbLine
 10
2.34496062992126
 20
0.3637007874015748
 30
0
 11
2.3448107874015749
 21
0.3629474803149606
 31
0
  0
LINE
  5
D9
330
1A
100
AcDbEntity
  8
BLACK
  6
CONTINUOUS
100
AcDbLine
 10
2.3448107874015749
 20
0.3629474803149606
 30
0
 11
2.3443840551181103
 21
0.3623088582677165
 31
0
  0
LINE
  5
DA
330
1A
100
AcDbEntity
  8
BLACK
  6
CONTINUOUS
100
AcDbLine
 10
2.3443840551181103
 20
0.3623088582677165
 30
0
 11
2.343745433070866
 21
0.361882125984252
 31
0
  0
LINE
  5
DB
330
1A
100
AcDbEntity
  8
BLACK
  6
CONTINUOUS
100
AcDbLine
 10
2.343745433070866
 20
0.361882125984252
 30
0
 11
2.3429921259842521
 21
0.3617322834645669
 31
0
  0
LINE
  5
DC
330
1A
100
AcDbEntity
  8
BLACK
  6
CONTINUOUS
100
AcDbLine
 10
2.3429921259842521
 20
0.3617322834645669
 30
0
 11
2.2829921259842521
 21
0.3617322834645669
 31
0
  0
LINE
  5
DD
330
1A
100
AcDbEntity
  8
BLACK
  6
CONTINUOUS
100
AcDbLine
 10
2.2829921259842521
 20
0.3617322834645669
 30
0
 11
2.2822388188976377
 21
0.361882125984252
 31
0
  0
LINE
  5
DE
330
1A
100
AcDbEntity
  8
BLACK
  6
CONTINUOUS
100
AcDbLine
 10
2.2822388188976377
 20
0.361882125984252
 30
0
 11
2.2816001968503938
 21
0.3623088582677165
 31
0
  0
LINE
  5
DF
330
1A
100
AcDbEntity
  8
BLACK
  6
CONTINUOUS
100
AcDbLine
 10
2.2816001968503938
 20
0.3623088582677165
 30
0
 11
2.2811734645669293
 21
0.3629474803149606
 31
0
  0
LINE
  5
E0
330
1A
100
AcDbEntity
  8
BLACK
  6
CONTINUOUS
100
AcDbLine
 10
2.2811734645669293
 20
0.3629474803149606
 30
0
 11
2.2810236220472442
 21
0.3637007874015748
 31
0
  0
LINE
  5
E1
330
1A
100
AcDbEntity
  8
BLACK
  6
CONTINUOUS
100
AcDbLine
 10
2.2810236220472442
 20
0.3637007874015748
 30
0
 11
2.2810236220472442
 21
0.4237007874015748
 31
0
  0
LINE
  5
E2
330
1A
100
AcDbEntity
  8
BLACK
  6
CONTINUOUS
100
AcDbLine
 10
2.2810236220472442
 20
0.4237007874015748
 30
0
 11
2.2811734645669293
 21
0.424454094488189
 31
0
  0
LINE
  5
E3
330
1A
100
AcDbEntity
  8
BLACK
  6
CONTINUOUS
100
AcDbLine
 10
2.2811734645669293
 20
0.424454094488189
 30
0
 11
2.2816001968503938
 21
0.4250927165354331
 31
0
  0
LINE
  5
E4
330
1A
100
AcDbEntity
  8
BLACK
  6
CONTINUOUS
100
AcDbLine
 10
2.2816001968503938
 20
0.4250927165354331
 30
0
 11
2.2822388188976377
 21
0.4255194488188976
 31
0
  0
LINE
  5
E5
330
1A
100
AcDbEntity
  8
BLACK
  6
CONTINUOUS
100
AcDbLine
 10
2.2822388188976377
 20
0.4255194488188976
 30
0
 11
2.2829921259842521
 21
0.4256692913385827
 31
0
  0
LINE
  5
E6
330
1A
100
AcDbEntity
  8
BLACK
  6
CONTINUOUS
100
AcDbLine
 10
2.2829921259842521
 20
0.4256692913385827
 30
0
 11
2.3429921259842521
 21
0.4256692913385827
 31
0
  0
LINE
  5
E7
330
1A
100
AcDbEntity
  8
BLACK
  6
CONTINUOUS
100
AcDbLine
 10
2.3429921259842521
 20
0.4256692913385827
 30
0
 11
2.343745433070866
 21
0.4255194488188976
 31
0
  0
LINE
  5
E8
330
1A
100
AcDbEntity
  8
BLACK
  6
CONTINUOUS
100
AcDbLine
 10
2.4437454330708661
 20
0.4255194488188976
 30
0
 11
2.44438405511811
 21
0.4250927165354331
 31
0
  0
LINE
  5
E9
330
1A
100
AcDbEntity
  8
BLACK
  6
CONTINUOUS
100
AcDbLine
 10
2.44438405511811
 20
0.4250927165354331
 30
0
 11
2.4448107874015745
 21
0.424454094488189
 31
0
  0
LINE
  5
EA
330
1A
100
AcDbEntity
  8
BLACK
  6
CONTINUOUS
100
AcDbLine
 10
2.4448107874015745
 20
0.424454094488189
 30
0
 11
2.4449606299212596
 21
0.4237007874015748
 31
0
  0
LINE
  5
EB
330
1A
100
AcDbEntity
  8
BLACK
  6
CONTINUOUS
100
AcDbLine
 10
2.4449606299212596
 20
0.4237007874015748
 30
0
 11
2.4449606299212596
 21
0.3637007874015748
 31
0
  0
LINE
  5
EC
330
1A
100
AcDbEntity
  8
BLACK
  6
CONTINUOUS
100
AcDbLine
 10
2.4449606299212596
 20
0.3637007874015748
 30
0
 11
2.4448107874015745
 21
0.3629474803149606
 31
0
  0
LINE
  5
ED
330
1A
100
AcDbEntity
  8
BLACK
  6
CONTINUOUS
100
AcDbLine
 10
2.4448107874015745
 20
0.3629474803149606
 30
0
 11
2.44438405511811
 21
0.3623088582677165
 31
0
  0
LINE
  5
EE
330
1A
100
AcDbEntity
  8
BLACK
  6
CONTINUOUS
100
AcDbLine
 10
2.44438405511811
 20
0.3623088582677165
 30
0
 11
2.4437454330708661
 21
0.361882125984252
 31
0
  0
LINE
  5
EF
330
1A
100
AcDbEntity
  8
BLACK
  6
CONTINUOUS
100
AcDbLine
 10
2.4437454330708661
 20
0.361882125984252
 30
0
 11
2.4429921259842518
 21
0.3617322834645669
 31
0
  0
LINE
  5
F0
330
1A
100
AcDbEntity
  8
BLACK
  6
CONTINUOUS
100
AcDbLine
 10
2.4429921259842518
 20
0.3617322834645669
 30
0
 11
2.3829921259842517
 21
0.3617322834645669
 31
0
  0
LINE
  5
F1
330
1A
100
AcDbEntity
  8
BLACK
  6
CONTINUOUS
100
AcDbLine
 10
2.3829921259842517
 20
0.3617322834645669
 30
0
 11
2.3822388188976378
 21
0.361882125984252
 31
0
  0
LINE
  5
F2
330
1A
100
AcDbEntity
  8
BLACK
  6
CONTINUOUS
100
AcDbLine
 10
2.3822388188976378
 20
0.361882125984252
 30
0
 11
2.3816001968503935
 21
0.3623088582677165
 31
0
  0
LINE
  5
F3
330
1A
100
AcDbEntity
  8
BLACK
  6
CONTINUOUS
100
AcDbLine
 10
2.3816001968503935
 20
0.3623088582677165
 30
0
 11
2.3811734645669289
 21
0.3629474803149606
 31
0
  0
LINE
  5
F4
330
1A
100
AcDbEntity
  8
BLACK
  6
CONTINUOUS
100
AcDbLine
 10
2.3811734645669289
 20
0.3629474803149606
 30
0
 11
2.3810236220472438
 21
0.3637007874015748
 31
0
  0
LINE
  5
F5
330
1A
100
AcDbEntity
  8
BLACK
  6
CONTINUOUS
100
AcDbLine
 10
2.3810236220472438
 20
0.3637007874015748
 30
0
 11
2.3810236220472438
 21
0.4237007874015748
 31
0
  0
LINE
  5
F6
330
1A
100
AcDbEntity
  8
BLACK
  6
CONTINUOUS
100
AcDbLine
 10
2.3810236220472438
 20
0.4237007874015748
 30
0
 11
2.3811734645669289
 21
0.424454094488189
 31
0
  0
LINE
  5
F7
330
1A
100
AcDbEntity
  8
BLACK
  6
CONTINUOUS
100
AcDbLine
 10
2.3811734645669289
 20
0.424454094488189
 30
0
 11
2.3816001968503935
 21
0.4250927165354331
 31
0
  0
LINE
  5
F8
330
1A
100
AcDbEntity
  8
BLACK
  6
CONTINUOUS
100
AcDbLine
 10
2.3816001968503935
 20
0.4250927165354331
 30
0
 11
2.3822388188976378
 21
0.4255194488188976
 31
0
  0
LINE
  5
F9
330
1A
100
AcDbEntity
  8
BLACK
  6
CONTINUOUS
100
AcDbLine
 10
2.3822388188976378
 20
0.4255194488188976
 30
0
 11
2.3829921259842517
 21
0.4256692913385827
 31
0
  0
LINE
  5
FA
330
1A
100
AcDbEntity
  8
BLACK
  6
CONTINUOUS
100
AcDbLine
 10
2.3829921259842517
 20
0.4256692913385827
 30
0
 11
2.4429921259842518
 21
0.4256692913385827
 31
0
  0
LINE
  5
FB
330
1A
100
AcDbEntity
  8
BLACK
  6
CONTINUOUS
100
AcDbLine
 10
2.4429921259842518
 20
0.4256692913385827
 30
0
 11
2.4437454330708661
 21
0.4255194488188976
 31
0
  0
LINE
  5
FC
330
1A
100
AcDbEntity
  8
BLACK
  6
CONTINUOUS
100
AcDbLine
 10
2.5437454330708662
 20
0.4255194488188976
 30
0
 11
2.5443840551181101
 21
0.4250927165354331
 31
0
  0
LINE
  5
FD
330
1A
100
AcDbEntity
  8
BLACK
  6
CONTINUOUS
100
AcDbLine
 10
2.5443840551181101
 20
0.4250927165354331
 30
0
 11
2.5448107874015746
 21
0.424454094488189
 31
0
  0
LINE
  5
FE
330
1A
100
AcDbEntity
  8
BLACK
  6
CONTINUOUS
100
AcDbLine
 10
2.5448107874015746
 20
0.424454094488189
 30
0
 11
2.5449606299212597
 21
0.4237007874015748
 31
0
  0
LINE
  5
FF
330
1A
100
AcDbEntity
  8
BLACK
  6
CONTINUOUS
100
AcDbLine
 10
2.5449606299212597
 20
0.4237007874015748
 30
0
 11
2.5449606299212597
 21
0.3637007874015748
 31
0
  0
LINE
  5
100
330
1A
100
AcDbEntity
  8
BLACK
  6
CONTINUOUS
100
AcDbLine
 10
2.5449606299212597
 20
0.3637007874015748
 30
0
 11
2.5448107874015746
 21
0.3629474803149606
 31
0
  0
LINE
  5
101
330
1A
100
AcDbEntity
  8
BLACK
  6
CONTINUOUS
100
AcDbLine
 10
2.5448107874015746
 20
0.3629474803149606
 30
0
 11
2.5443840551181101
 21
0.3623088582677165
 31
0
  0
LINE
  5
102
330
1A
100
AcDbEntity
  8
BLACK
  6
CONTINUOUS
100
AcDbLine
 10
2.5443840551181101
 20
0.3623088582677165
 30
0
 11
2.5437454330708662
 21
0.361882125984252
 31
0
  0
LINE
  5
103
330
1A
100
AcDbEntity
  8
BLACK
  6
CONTINUOUS
100
AcDbLine
 10
2.5437454330708662
 20
0.361882125984252
 30
0
 11
2.5429921259842518
 21
0.3617322834645669
 31
0
  0
LINE
  5
104
330
1A
100
AcDbEntity
  8
BLACK
  6
CONTINUOUS
100
AcDbLine
 10
2.5429921259842518
 20
0.3617322834645669
 30
0
 11
2.4829921259842518
 21
0.3617322834645669
 31
0
  0
LINE
  5
105
330
1A
100
AcDbEntity
  8
BLACK
  6
CONTINUOUS
100
AcDbLine
 10
2.4829921259842518
 20
0.3617322834645669
 30
0
 11
2.4822388188976379
 21
0.361882125984252
 31
0
  0
LINE
  5
106
330
1A
100
AcDbEntity
  8
BLACK
  6
CONTINUOUS
100
AcDbLine
 10
2.4822388188976379
 20
0.361882125984252
 30
0
 11
2.4816001968503936
 21
0.3623088582677165
 31
0
  0
LINE
  5
107
330
1A
100
AcDbEntity
  8
BLACK
  6
CONTINUOUS
100
AcDbLine
 10
2.4816001968503936
 20
0.3623088582677165
 30
0
 11
2.481173464566929
 21
0.3629474803149606
 31
0
  0
LINE
  5
108
330
1A
100
AcDbEntity
  8
BLACK
  6
CONTINUOUS
100
AcDbLine
 10
2.481173464566929
 20
0.3629474803149606
 30
0
 11
2.4810236220472439
 21
0.3637007874015748
 31
0
  0
LINE
  5
109
330
1A
100
AcDbEntity
  8
BLACK
  6
CONTINUOUS
100
AcDbLine
 10
2.4810236220472439
 20
0.3637007874015748
 30
0
 11
2.4810236220472439
 21
0.4237007874015748
 31
0
  0
LINE
  5
10A
330
1A
100
AcDbEntity
  8
BLACK
  6
CONTINUOUS
100
AcDbLine
 10
2.4810236220472439
 20
0.4237007874015748
 30
0
 11
2.481173464566929
 21
0.424454094488189
 31
0
  0
LINE
  5
10B
330
1A
100
AcDbEntity
  8
BLACK
  6
CONTINUOUS
100
AcDbLine
 10
2.481173464566929
 20
0.424454094488189
 30
0
 11
2.4816001968503936
 21
0.4250927165354331
 31
0
  0
LINE
  5
10C
330
1A
100
AcDbEntity
  8
BLACK
  6
CONTINUOUS
100
AcDbLine
 10
2.4816001968503936
 20
0.4250927165354331
 30
0
 11
2.4822388188976379
 21
0.4255194488188976
 31
0
  0
LINE
  5
10D
330
1A
100
AcDbEntity
  8
BLACK
  6
CONTINUOUS
100
AcDbLine
 10
2.4822388188976379
 20
0.4255194488188976
 30
0
 11
2.4829921259842518
 21
0.4256692913385827
 31
0
  0
LINE
  5
10E
330
1A
100
AcDbEntity
  8
BLACK
  6
CONTINUOUS
100
AcDbLine
 10
2.4829921259842518
 20
0.4256692913385827
 30
0
 11
2.5429921259842518
 21
0.4256692913385827
 31
0
  0
LINE
  5
10F
330
1A
100
AcDbEntity
  8
BLACK
  6
CONTINUOUS
100
AcDbLine
 10
2.5429921259842518
 20
0.4256692913385827
 30
0
 11
2.5437454330708662
 21
0.4255194488188976
 31
0
  0
LINE
  5
110
330
1A
100
AcDbEntity
  8
BLACK
  6
CONTINUOUS
100
AcDbLine
 10
0.6932729921259843
 20
0.5817399212598425
 30
0
 11
0.6939116141732283
 21
0.581313188976378
 31
0
  0
LINE
  5
111
330
1A
100
AcDbEntity
  8
BLACK
  6
CONTINUOUS
100
AcDbLine
 10
0.6939116141732283
 20
0.581313188976378
 30
0
 11
0.6943383464566929
 21
0.5806745669291339
 31
0
  0
LINE
  5
112
330
1A
100
AcDbEntity
  8
BLACK
  6
CONTINUOUS
100
AcDbLine
 10
0.6943383464566929
 20
0.5806745669291339
 30
0
 11
0.694488188976378
 21
0.5799212598425196
 31
0
  0
LINE
  5
113
330
1A
100
AcDbEntity
  8
BLACK
  6
CONTINUOUS
100
AcDbLine
 10
0.694488188976378
 20
0.5799212598425196
 30
0
 11
0.694488188976378
 21
0.5208661417322834
 31
0
  0
LINE
  5
114
330
1A
100
AcDbEntity
  8
BLACK
  6
CONTINUOUS
100
AcDbLine
 10
0.694488188976378
 20
0.5208661417322834
 30
0
 11
0.7830708661417323
 21
0.5208661417322834
 31
0
  0
LINE
  5
115
330
1A
100
AcDbEntity
  8
BLACK
  6
CONTINUOUS
100
AcDbLine
 10
0.7830708661417323
 20
0.5208661417322834
 30
0
 11
0.7838241732283464
 21
0.5207162992125984
 31
0
  0
LINE
  5
116
330
1A
100
AcDbEntity
  8
BLACK
  6
CONTINUOUS
100
AcDbLine
 10
0.7838241732283464
 20
0.5207162992125984
 30
0
 11
0.7844627952755905
 21
0.5202895669291339
 31
0
  0
LINE
  5
117
330
1A
100
AcDbEntity
  8
BLACK
  6
CONTINUOUS
100
AcDbLine
 10
0.7844627952755905
 20
0.5202895669291339
 30
0
 11
0.7848895275590551
 21
0.5196509448818898
 31
0
  0
LINE
  5
118
330
1A
100
AcDbEntity
  8
BLACK
  6
CONTINUOUS
100
AcDbLine
 10
0.7848895275590551
 20
0.5196509448818898
 30
0
 11
0.7850393700787401
 21
0.5188976377952755
 31
0
  0
LINE
  5
119
330
1A
100
AcDbEntity
  8
BLACK
  6
CONTINUOUS
100
AcDbLine
 10
0.7850393700787401
 20
0.5188976377952755
 30
0
 11
0.7850393700787401
 21
0.4795275590551181
 31
0
  0
LINE
  5
11A
330
1A
100
AcDbEntity
  8
BLACK
  6
CONTINUOUS
100
AcDbLine
 10
0.7850393700787401
 20
0.4795275590551181
 30
0
 11
0.7848895275590551
 21
0.4787742519685039
 31
0
  0
LINE
  5
11B
330
1A
100
AcDbEntity
  8
BLACK
  6
CONTINUOUS
100
AcDbLine
 10
0.7848895275590551
 20
0.4787742519685039
 30
0
 11
0.7844627952755905
 21
0.4781356299212599
 31
0
  0
LINE
  5
11C
330
1A
100
AcDbEntity
  8
BLACK
  6
CONTINUOUS
100
AcDbLine
 10
0.7844627952755905
 20
0.4781356299212599
 30
0
 11
0.7838241732283464
 21
0.4777088976377953
 31
0
  0
LINE
  5
11D
330
1A
100
AcDbEntity
  8
BLACK
  6
CONTINUOUS
100
AcDbLine
 10
0.7838241732283464
 20
0.4777088976377953
 30
0
 11
0.7830708661417323
 21
0.4775590551181102
 31
0
  0
LINE
  5
11E
330
1A
100
AcDbEntity
  8
BLACK
  6
CONTINUOUS
100
AcDbLine
 10
0.7830708661417323
 20
0.4775590551181102
 30
0
 11
0.6925196850393701
 21
0.4775590551181102
 31
0
  0
LINE
  5
11F
330
1A
100
AcDbEntity
  8
BLACK
  6
CONTINUOUS
100
AcDbLine
 10
0.6925196850393701
 20
0.4775590551181102
 30
0
 11
0.6531496062992126
 21
0.4775590551181102
 31
0
  0
LINE
  5
120
330
1A
100
AcDbEntity
  8
BLACK
  6
CONTINUOUS
100
AcDbLine
 10
0.6531496062992126
 20
0.4775590551181102
 30
0
 11
0.6523962992125985
 21
0.4777088976377953
 31
0
  0
LINE
  5
121
330
1A
100
AcDbEntity
  8
BLACK
  6
CONTINUOUS
100
AcDbLine
 10
0.6523962992125985
 20
0.4777088976377953
 30
0
 11
0.6517576771653543
 21
0.4781356299212599
 31
0
  0
LINE
  5
122
330
1A
100
AcDbEntity
  8
BLACK
  6
CONTINUOUS
100
AcDbLine
 10
0.6517576771653543
 20
0.4781356299212599
 30
0
 11
0.6513309448818897
 21
0.4787742519685039
 31
0
  0
LINE
  5
123
330
1A
100
AcDbEntity
  8
BLACK
  6
CONTINUOUS
100
AcDbLine
 10
0.6513309448818897
 20
0.4787742519685039
 30
0
 11
0.6511811023622047
 21
0.4795275590551181
 31
0
  0
LINE
  5
124
330
1A
100
AcDbEntity
  8
BLACK
  6
CONTINUOUS
100
AcDbLine
 10
0.6511811023622047
 20
0.4795275590551181
 30
0
 11
0.6511811023622047
 21
0.5188976377952755
 31
0
  0
LINE
  5
125
330
1A
100
AcDbEntity
  8
BLACK
  6
CONTINUOUS
100
AcDbLine
 10
0.6511811023622047
 20
0.5188976377952755
 30
0
 11
0.6511811023622047
 21
0.5799212598425196
 31
0
  0
LINE
  5
126
330
1A
100
AcDbEntity
  8
BLACK
  6
CONTINUOUS
100
AcDbLine
 10
0.6511811023622047
 20
0.5799212598425196
 30
0
 11
0.6513309448818897
 21
0.5806745669291339
 31
0
  0
LINE
  5
127
330
1A
100
AcDbEntity
  8
BLACK
  6
CONTINUOUS
100
AcDbLine
 10
0.6513309448818897
 20
0.5806745669291339
 30
0
 11
0.6517576771653543
 21
0.581313188976378
 31
0
  0
LINE
  5
128
330
1A
100
AcDbEntity
  8
BLACK
  6
CONTINUOUS
100
AcDbLine
 10
0.6517576771653543
 20
0.581313188976378
 30
0
 11
0.6523962992125985
 21
0.5817399212598425
 31
0
  0
LINE
  5
129
330
1A
100
AcDbEntity
  8
BLACK
  6
CONTINUOUS
100
AcDbLine
 10
0.6523962992125985
 20
0.5817399212598425
 30
0
 11
0.6531496062992126
 21
0.5818897637795275
 31
0
  0
LINE
  5
12A
330
1A
100
AcDbEntity
  8
BLACK
  6
CONTINUOUS
100
AcDbLine
 10
0.6531496062992126
 20
0.5818897637795275
 30
0
 11
0.6925196850393701
 21
0.5818897637795275
 31
0
  0
LINE
  5
12B
330
1A
100
AcDbEntity
  8
BLACK
  6
CONTINUOUS
100
AcDbLine
 10
0.6925196850393701
 20
0.5818897637795275
 30
0
 11
0.6932729921259843
 21
0.5817399212598425
 31
0
  0
LINE
  5
12C
330
1A
100
AcDbEntity
  8
BLACK
  6
CONTINUOUS
100
AcDbLine
 10
1.0200446456692913
 20
0.5207162992125984
 30
0
 11
1.0206832677165354
 21
0.5202895669291339
 31
0
  0
LINE
  5
12D
330
1A
100
AcDbEntity
  8
BLACK
  6
CONTINUOUS
100
AcDbLine
 10
1.0206832677165354
 20
0.5202895669291339
 30
0
 11
1.02111
 21
0.5196509448818898
 31
0
  0
LINE
  5
12E
330
1A
100
AcDbEntity
  8
BLACK
  6
CONTINUOUS
100
AcDbLine
 10
1.02111
 20
0.5196509448818898
 30
0
 11
1.021259842519685
 21
0.5188976377952755
 31
0
  0
LINE
  5
12F
330
1A
100
AcDbEntity
  8
BLACK
  6
CONTINUOUS
100
AcDbLine
 10
1.021259842519685
 20
0.5188976377952755
 30
0
 11
1.021259842519685
 21
0.4795275590551181
 31
0
  0
LINE
  5
130
330
1A
100
AcDbEntity
  8
BLACK
  6
CONTINUOUS
100
AcDbLine
 10
1.021259842519685
 20
0.4795275590551181
 30
0
 11
1.02111
 21
0.4787742519685039
 31
0
  0
LINE
  5
131
330
1A
100
AcDbEntity
  8
BLACK
  6
CONTINUOUS
100
AcDbLine
 10
1.02111
 20
0.4787742519685039
 30
0
 11
1.0206832677165354
 21
0.4781356299212599
 31
0
  0
LINE
  5
132
330
1A
100
AcDbEntity
  8
BLACK
  6
CONTINUOUS
100
AcDbLine
 10
1.0206832677165354
 20
0.4781356299212599
 30
0
 11
1.0200446456692913
 21
0.4777088976377953
 31
0
  0
LINE
  5
133
330
1A
100
AcDbEntity
  8
BLACK
  6
CONTINUOUS
100
AcDbLine
 10
1.0200446456692913
 20
0.4777088976377953
 30
0
 11
1.0192913385826772
 21
0.4775590551181102
 31
0
  0
LINE
  5
134
330
1A
100
AcDbEntity
  8
BLACK
  6
CONTINUOUS
100
AcDbLine
 10
1.0192913385826772
 20
0.4775590551181102
 30
0
 11
0.8696850393700787
 21
0.4775590551181102
 31
0
  0
LINE
  5
135
330
1A
100
AcDbEntity
  8
BLACK
  6
CONTINUOUS
100
AcDbLine
 10
0.8696850393700787
 20
0.4775590551181102
 30
0
 11
0.8689317322834645
 21
0.4777088976377953
 31
0
  0
LINE
  5
136
330
1A
100
AcDbEntity
  8
BLACK
  6
CONTINUOUS
100
AcDbLine
 10
0.8689317322834645
 20
0.4777088976377953
 30
0
 11
0.8682931102362205
 21
0.4781356299212599
 31
0
  0
LINE
  5
137
330
1A
100
AcDbEntity
  8
BLACK
  6
CONTINUOUS
100
AcDbLine
 10
0.8682931102362205
 20
0.4781356299212599
 30
0
 11
0.8678663779527559
 21
0.4787742519685039
 31
0
  0
LINE
  5
138
330
1A
100
AcDbEntity
  8
BLACK
  6
CONTINUOUS
100
AcDbLine
 10
0.8678663779527559
 20
0.4787742519685039
 30
0
 11
0.8677165354330708
 21
0.4795275590551181
 31
0
  0
LINE
  5
139
330
1A
100
AcDbEntity
  8
BLACK
  6
CONTINUOUS
100
AcDbLine
 10
0.8677165354330708
 20
0.4795275590551181
 30
0
 11
0.8677165354330708
 21
0.5188976377952755
 31
0
  0
LINE
  5
13A
330
1A
100
AcDbEntity
  8
BLACK
  6
CONTINUOUS
100
AcDbLine
 10
0.8677165354330708
 20
0.5188976377952755
 30
0
 11
0.8678663779527559
 21
0.5196509448818898
 31
0
  0
LINE
  5
13B
330
1A
100
AcDbEntity
  8
BLACK
  6
CONTINUOUS
100
AcDbLine
 10
0.8678663779527559
 20
0.5196509448818898
 30
0
 11
0.8682931102362205
 21
0.5202895669291339
 31
0
  0
LINE
  5
13C
330
1A
100
AcDbEntity
  8
BLACK
  6
CONTINUOUS
100
AcDbLine
 10
0.8682931102362205
 20
0.5202895669291339
 30
0
 11
0.8689317322834645
 21
0.5207162992125984
 31
0
  0
LINE
  5
13D
330
1A
100
AcDbEntity
  8
BLACK
  6
CONTINUOUS
100
AcDbLine
 10
0.8689317322834645
 20
0.5207162992125984
 30
0
 11
0.8696850393700787
 21
0.5208661417322834
 31
0
  0
LINE
  5
13E
330
1A
100
AcDbEntity
  8
BLACK
  6
CONTINUOUS
100
AcDbLine
 10
0.8696850393700787
 20
0.5208661417322834
 30
0
 11
1.0192913385826772
 21
0.5208661417322834
 31
0
  0
LINE
  5
13F
330
1A
100
AcDbEntity
  8
BLACK
  6
CONTINUOUS
100
AcDbLine
 10
1.0192913385826772
 20
0.5208661417322834
 30
0
 11
1.0200446456692913
 21
0.5207162992125984
 31
0
  0
LINE
  5
140
330
1A
100
AcDbEntity
  8
BLACK
  6
CONTINUOUS
100
AcDbLine
 10
1.2562651181102362
 20
0.5207162992125984
 30
0
 11
1.2569037401574803
 21
0.5202895669291339
 31
0
  0
LINE
  5
141
330
1A
100
AcDbEntity
  8
BLACK
  6
CONTINUOUS
100
AcDbLine
 10
1.2569037401574803
 20
0.5202895669291339
 30
0
 11
1.2573304724409449
 21
0.5196509448818898
 31
0
  0
LINE
  5
142
330
1A
100
AcDbEntity
  8
BLACK
  6
CONTINUOUS
100
AcDbLine
 10
1.2573304724409449
 20
0.5196509448818898
 30
0
 11
1.25748031496063
 21
0.5188976377952755
 31
0
  0
LINE
  5
143
330
1A
100
AcDbEntity
  8
BLACK
  6
CONTINUOUS
100
AcDbLine
 10
1.25748031496063
 20
0.5188976377952755
 30
0
 11
1.25748031496063
 21
0.4795275590551181
 31
0
  0
LINE
  5
144
330
1A
100
AcDbEntity
  8
BLACK
  6
CONTINUOUS
100
AcDbLine
 10
1.25748031496063
 20
0.4795275590551181
 30
0
 11
1.2573304724409449
 21
0.4787742519685039
 31
0
  0
LINE
  5
145
330
1A
100
AcDbEntity
  8
BLACK
  6
CONTINUOUS
100
AcDbLine
 10
1.2573304724409449
 20
0.4787742519685039
 30
0
 11
1.2569037401574803
 21
0.4781356299212599
 31
0
  0
LINE
  5
146
330
1A
100
AcDbEntity
  8
BLACK
  6
CONTINUOUS
100
AcDbLine
 10
1.2569037401574803
 20
0.4781356299212599
 30
0
 11
1.2562651181102362
 21
0.4777088976377953
 31
0
  0
LINE
  5
147
330
1A
100
AcDbEntity
  8
BLACK
  6
CONTINUOUS
100
AcDbLine
 10
1.2562651181102362
 20
0.4777088976377953
 30
0
 11
1.2555118110236221
 21
0.4775590551181102
 31
0
  0
LINE
  5
148
330
1A
100
AcDbEntity
  8
BLACK
  6
CONTINUOUS
100
AcDbLine
 10
1.2555118110236221
 20
0.4775590551181102
 30
0
 11
1.1059055118110237
 21
0.4775590551181102
 31
0
  0
LINE
  5
149
330
1A
100
AcDbEntity
  8
BLACK
  6
CONTINUOUS
100
AcDbLine
 10
1.1059055118110237
 20
0.4775590551181102
 30
0
 11
1.1051522047244093
 21
0.4777088976377953
 31
0
  0
LINE
  5
14A
330
1A
100
AcDbEntity
  8
BLACK
  6
CONTINUOUS
100
AcDbLine
 10
1.1051522047244093
 20
0.4777088976377953
 30
0
 11
1.1045135826771653
 21
0.4781356299212599
 31
0
  0
LINE
  5
14B
330
1A
100
AcDbEntity
  8
BLACK
  6
CONTINUOUS
100
AcDbLine
 10
1.1045135826771653
 20
0.4781356299212599
 30
0
 11
1.1040868503937007
 21
0.4787742519685039
 31
0
  0
LINE
  5
14C
330
1A
100
AcDbEntity
  8
BLACK
  6
CONTINUOUS
100
AcDbLine
 10
1.1040868503937007
 20
0.4787742519685039
 30
0
 11
1.1039370078740158
 21
0.4795275590551181
 31
0
  0
LINE
  5
14D
330
1A
100
AcDbEntity
  8
BLACK
  6
CONTINUOUS
100
AcDbLine
 10
1.1039370078740158
 20
0.4795275590551181
 30
0
 11
1.1039370078740158
 21
0.5188976377952755
 31
0
  0
LINE
  5
14E
330
1A
100
AcDbEntity
  8
BLACK
  6
CONTINUOUS
100
AcDbLine
 10
1.1039370078740158
 20
0.5188976377952755
 30
0
 11
1.1040868503937007
 21
0.5196509448818898
 31
0
  0
LINE
  5
14F
330
1A
100
AcDbEntity
  8
BLACK
  6
CONTINUOUS
100
AcDbLine
 10
1.1040868503937007
 20
0.5196509448818898
 30
0
 11
1.1045135826771653
 21
0.5202895669291339
 31
0
  0
LINE
  5
150
330
1A
100
AcDbEntity
  8
BLACK
  6
CONTINUOUS
100
AcDbLine
 10
1.1045135826771653
 20
0.5202895669291339
 30
0
 11
1.1051522047244093
 21
0.5207162992125984
 31
0
  0
LINE
  5
151
330
1A
100
AcDbEntity
  8
BLACK
  6
CONTINUOUS
100
AcDbLine
 10
1.1051522047244093
 20
0.5207162992125984
 30
0
 11
1.1059055118110237
 21
0.5208661417322834
 31
0
  0
LINE
  5
152
330
1A
100
AcDbEntity
  8
BLACK
  6
CONTINUOUS
100
AcDbLine
 10
1.1059055118110237
 20
0.5208661417322834
 30
0
 11
1.2555118110236221
 21
0.5208661417322834
 31
0
  0
LINE
  5
153
330
1A
100
AcDbEntity
  8
BLACK
  6
CONTINUOUS
100
AcDbLine
 10
1.2555118110236221
 20
0.5208661417322834
 30
0
 11
1.2562651181102362
 21
0.5207162992125984
 31
0
  0
LINE
  5
154
330
1A
100
AcDbEntity
  8
BLACK
  6
CONTINUOUS
100
AcDbLine
 10
1.4924855905511811
 20
0.5207162992125984
 30
0
 11
1.4931242125984252
 21
0.5202895669291339
 31
0
  0
LINE
  5
155
330
1A
100
AcDbEntity
  8
BLACK
  6
CONTINUOUS
100
AcDbLine
 10
1.4931242125984252
 20
0.5202895669291339
 30
0
 11
1.4935509448818898
 21
0.5196509448818898
 31
0
  0
LINE
  5
156
330
1A
100
AcDbEntity
  8
BLACK
  6
CONTINUOUS
100
AcDbLine
 10
1.4935509448818898
 20
0.5196509448818898
 30
0
 11
1.4937007874015749
 21
0.5188976377952755
 31
0
  0
LINE
  5
157
330
1A
100
AcDbEntity
  8
BLACK
  6
CONTINUOUS
100
AcDbLine
 10
1.4937007874015749
 20
0.5188976377952755
 30
0
 11
1.4937007874015749
 21
0.4795275590551181
 31
0
  0
LINE
  5
158
330
1A
100
AcDbEntity
  8
BLACK
  6
CONTINUOUS
100
AcDbLine
 10
1.4937007874015749
 20
0.4795275590551181
 30
0
 11
1.4935509448818898
 21
0.4787742519685039
 31
0
  0
LINE
  5
159
330
1A
100
AcDbEntity
  8
BLACK
  6
CONTINUOUS
100
AcDbLine
 10
1.4935509448818898
 20
0.4787742519685039
 30
0
 11
1.4931242125984252
 21
0.4781356299212599
 31
0
  0
LINE
  5
15A
330
1A
100
AcDbEntity
  8
BLACK
  6
CONTINUOUS
100
AcDbLine
 10
1.4931242125984252
 20
0.4781356299212599
 30
0
 11
1.4924855905511811
 21
0.4777088976377953
 31
0
  0
LINE
  5
15B
330
1A
100
AcDbEntity
  8
BLACK
  6
CONTINUOUS
100
AcDbLine
 10
1.4924855905511811
 20
0.4777088976377953
 30
0
 11
1.491732283464567
 21
0.4775590551181102
 31
0
  0
LINE
  5
15C
330
1A
100
AcDbEntity
  8
BLACK
  6
CONTINUOUS
100
AcDbLine
 10
1.491732283464567
 20
0.4775590551181102
 30
0
 11
1.3421259842519684
 21
0.4775590551181102
 31
0
  0
LINE
  5
15D
330
1A
100
AcDbEntity
  8
BLACK
  6
CONTINUOUS
100
AcDbLine
 10
1.3421259842519684
 20
0.4775590551181102
 30
0
 11
1.3413726771653542
 21
0.4777088976377953
 31
0
  0
LINE
  5
15E
330
1A
100
AcDbEntity
  8
BLACK
  6
CONTINUOUS
100
AcDbLine
 10
1.3413726771653542
 20
0.4777088976377953
 30
0
 11
1.3407340551181102
 21
0.4781356299212599
 31
0
  0
LINE
  5
15F
330
1A
100
AcDbEntity
  8
BLACK
  6
CONTINUOUS
100
AcDbLine
 10
1.3407340551181102
 20
0.4781356299212599
 30
0
 11
1.3403073228346456
 21
0.4787742519685039
 31
0
  0
LINE
  5
160
330
1A
100
AcDbEntity
  8
BLACK
  6
CONTINUOUS
100
AcDbLine
 10
1.3403073228346456
 20
0.4787742519685039
 30
0
 11
1.3401574803149605
 21
0.4795275590551181
 31
0
  0
LINE
  5
161
330
1A
100
AcDbEntity
  8
BLACK
  6
CONTINUOUS
100
AcDbLine
 10
1.3401574803149605
 20
0.4795275590551181
 30
0
 11
1.3401574803149605
 21
0.5188976377952755
 31
0
  0
LINE
  5
162
330
1A
100
AcDbEntity
  8
BLACK
  6
CONTINUOUS
100
AcDbLine
 10
1.3401574803149605
 20
0.5188976377952755
 30
0
 11
1.3403073228346456
 21
0.5196509448818898
 31
0
  0
LINE
  5
163
330
1A
100
AcDbEntity
  8
BLACK
  6
CONTINUOUS
100
AcDbLine
 10
1.3403073228346456
 20
0.5196509448818898
 30
0
 11
1.3407340551181102
 21
0.5202895669291339
 31
0
  0
LINE
  5
164
330
1A
100
AcDbEntity
  8
BLACK
  6
CONTINUOUS
100
AcDbLine
 10
1.3407340551181102
 20
0.5202895669291339
 30
0
 11
1.3413726771653542
 21
0.5207162992125984
 31
0
  0
LINE
  5
165
330
1A
100
AcDbEntity
  8
BLACK
  6
CONTINUOUS
100
AcDbLine
 10
1.3413726771653542
 20
0.5207162992125984
 30
0
 11
1.3421259842519684
 21
0.5208661417322834
 31
0
  0
LINE
  5
166
330
1A
100
AcDbEntity
  8
BLACK
  6
CONTINUOUS
100
AcDbLine
 10
1.3421259842519684
 20
0.5208661417322834
 30
0
 11
1.491732283464567
 21
0.5208661417322834
 31
0
  0
LINE
  5
167
330
1A
100
AcDbEntity
  8
BLACK
  6
CONTINUOUS
100
AcDbLine
 10
1.491732283464567
 20
0.5208661417322834
 30
0
 11
1.4924855905511811
 21
0.5207162992125984
 31
0
  0
LINE
  5
168
330
1A
100
AcDbEntity
  8
BLACK
  6
CONTINUOUS
100
AcDbLine
 10
1.728706062992126
 20
0.5207162992125984
 30
0
 11
1.7293446850393701
 21
0.5202895669291339
 31
0
  0
LINE
  5
169
330
1A
100
AcDbEntity
  8
BLACK
  6
CONTINUOUS
100
AcDbLine
 10
1.7293446850393701
 20
0.5202895669291339
 30
0
 11
1.7297714173228347
 21
0.5196509448818898
 31
0
  0
LINE
  5
16A
330
1A
100
AcDbEntity
  8
BLACK
  6
CONTINUOUS
100
AcDbLine
 10
1.7297714173228347
 20
0.5196509448818898
 30
0
 11
1.7299212598425195
 21
0.5188976377952755
 31
0
  0
LINE
  5
16B
330
1A
100
AcDbEntity
  8
BLACK
  6
CONTINUOUS
100
AcDbLine
 10
1.7299212598425195
 20
0.5188976377952755
 30
0
 11
1.7299212598425195
 21
0.4795275590551181
 31
0
  0
LINE
  5
16C
330
1A
100
AcDbEntity
  8
BLACK
  6
CONTINUOUS
100
AcDbLine
 10
1.7299212598425195
 20
0.4795275590551181
 30
0
 11
1.7297714173228347
 21
0.4787742519685039
 31
0
  0
LINE
  5
16D
330
1A
100
AcDbEntity
  8
BLACK
  6
CONTINUOUS
100
AcDbLine
 10
1.7297714173228347
 20
0.4787742519685039
 30
0
 11
1.7293446850393701
 21
0.4781356299212599
 31
0
  0
LINE
  5
16E
330
1A
100
AcDbEntity
  8
BLACK
  6
CONTINUOUS
100
AcDbLine
 10
1.7293446850393701
 20
0.4781356299212599
 30
0
 11
1.728706062992126
 21
0.4777088976377953
 31
0
  0
LINE
  5
16F
330
1A
100
AcDbEntity
  8
BLACK
  6
CONTINUOUS
100
AcDbLine
 10
1.728706062992126
 20
0.4777088976377953
 30
0
 11
1.7279527559055117
 21
0.4775590551181102
 31
0
  0
LINE
  5
170
330
1A
100
AcDbEntity
  8
BLACK
  6
CONTINUOUS
100
AcDbLine
 10
1.7279527559055117
 20
0.4775590551181102
 30
0
 11
1.5783464566929133
 21
0.4775590551181102
 31
0
  0
LINE
  5
171
330
1A
100
AcDbEntity
  8
BLACK
  6
CONTINUOUS
100
AcDbLine
 10
1.5783464566929133
 20
0.4775590551181102
 30
0
 11
1.5775931496062991
 21
0.4777088976377953
 31
0
  0
LINE
  5
172
330
1A
100
AcDbEntity
  8
BLACK
  6
CONTINUOUS
100
AcDbLine
 10
1.5775931496062991
 20
0.4777088976377953
 30
0
 11
1.5769545275590551
 21
0.4781356299212599
 31
0
  0
LINE
  5
173
330
1A
100
AcDbEntity
  8
BLACK
  6
CONTINUOUS
100
AcDbLine
 10
1.5769545275590551
 20
0.4781356299212599
 30
0
 11
1.5765277952755905
 21
0.4787742519685039
 31
0
  0
LINE
  5
174
330
1A
100
AcDbEntity
  8
BLACK
  6
CONTINUOUS
100
AcDbLine
 10
1.5765277952755905
 20
0.4787742519685039
 30
0
 11
1.5763779527559054
 21
0.4795275590551181
 31
0
  0
LINE
  5
175
330
1A
100
AcDbEntity
  8
BLACK
  6
CONTINUOUS
100
AcDbLine
 10
1.5763779527559054
 20
0.4795275590551181
 30
0
 11
1.5763779527559054
 21
0.5188976377952755
 31
0
  0
LINE
  5
176
330
1A
100
AcDbEntity
  8
BLACK
  6
CONTINUOUS
100
AcDbLine
 10
1.5763779527559054
 20
0.5188976377952755
 30
0
 11
1.5765277952755905
 21
0.5196509448818898
 31
0
  0
LINE
  5
177
330
1A
100
AcDbEntity
  8
BLACK
  6
CONTINUOUS
100
AcDbLine
 10
1.5765277952755905
 20
0.5196509448818898
 30
0
 11
1.5769545275590551
 21
0.5202895669291339
 31
0
  0
LINE
  5
178
330
1A
100
AcDbEntity
  8
BLACK
  6
CONTINUOUS
100
AcDbLine
 10
1.5769545275590551
 20
0.5202895669291339
 30
0
 11
1.5775931496062991
 21
0.5207162992125984
 31
0
  0
LINE
  5
179
330
1A
100
AcDbEntity
  8
BLACK
  6
CONTINUOUS
100
AcDbLine
 10
1.5775931496062991
 20
0.5207162992125984
 30
0
 11
1.5783464566929133
 21
0.5208661417322834
 31
0
  0
LINE
  5
17A
330
1A
100
AcDbEntity
  8
BLACK
  6
CONTINUOUS
100
AcDbLine
 10
1.5783464566929133
 20
0.5208661417322834
 30
0
 11
1.7279527559055117
 21
0.5208661417322834
 31
0
  0
LINE
  5
17B
330
1A
100
AcDbEntity
  8
BLACK
  6
CONTINUOUS
100
AcDbLine
 10
1.7279527559055117
 20
0.5208661417322834
 30
0
 11
1.728706062992126
 21
0.5207162992125984
 31
0
  0
LINE
  5
17C
330
1A
100
AcDbEntity
  8
BLACK
  6
CONTINUOUS
100
AcDbLine
 10
1.9649265354330707
 20
0.5207162992125984
 30
0
 11
1.965565157480315
 21
0.5202895669291339
 31
0
  0
LINE
  5
17D
330
1A
100
AcDbEntity
  8
BLACK
  6
CONTINUOUS
100
AcDbLine
 10
1.965565157480315
 20
0.5202895669291339
 30
0
 11
1.9659918897637796
 21
0.5196509448818898
 31
0
  0
LINE
  5
17E
330
1A
100
AcDbEntity
  8
BLACK
  6
CONTINUOUS
100
AcDbLine
 10
1.9659918897637796
 20
0.5196509448818898
 30
0
 11
1.9661417322834644
 21
0.5188976377952755
 31
0
  0
LINE
  5
17F
330
1A
100
AcDbEntity
  8
BLACK
  6
CONTINUOUS
100
AcDbLine
 10
1.9661417322834644
 20
0.5188976377952755
 30
0
 11
1.9661417322834644
 21
0.4795275590551181
 31
0
  0
LINE
  5
180
330
1A
100
AcDbEntity
  8
BLACK
  6
CONTINUOUS
100
AcDbLine
 10
1.9661417322834644
 20
0.4795275590551181
 30
0
 11
1.9659918897637796
 21
0.4787742519685039
 31
0
  0
LINE
  5
181
330
1A
100
AcDbEntity
  8
BLACK
  6
CONTINUOUS
100
AcDbLine
 10
1.9659918897637796
 20
0.4787742519685039
 30
0
 11
1.965565157480315
 21
0.4781356299212599
 31
0
  0
LINE
  5
182
330
1A
100
AcDbEntity
  8
BLACK
  6
CONTINUOUS
100
AcDbLine
 10
1.965565157480315
 20
0.4781356299212599
 30
0
 11
1.9649265354330707
 21
0.4777088976377953
 31
0
  0
LINE
  5
183
330
1A
100
AcDbEntity
  8
BLACK
  6
CONTINUOUS
100
AcDbLine
 10
1.9649265354330707
 20
0.4777088976377953
 30
0
 11
1.9641732283464566
 21
0.4775590551181102
 31
0
  0
LINE
  5
184
330
1A
100
AcDbEntity
  8
BLACK
  6
CONTINUOUS
100
AcDbLine
 10
1.9641732283464566
 20
0.4775590551181102
 30
0
 11
1.8145669291338582
 21
0.4775590551181102
 31
0
  0
LINE
  5
185
330
1A
100
AcDbEntity
  8
BLACK
  6
CONTINUOUS
100
AcDbLine
 10
1.8145669291338582
 20
0.4775590551181102
 30
0
 11
1.8138136220472441
 21
0.4777088976377953
 31
0
  0
LINE
  5
186
330
1A
100
AcDbEntity
  8
BLACK
  6
CONTINUOUS
100
AcDbLine
 10
1.8138136220472441
 20
0.4777088976377953
 30
0
 11
1.813175
 21
0.4781356299212599
 31
0
  0
LINE
  5
187
330
1A
100
AcDbEntity
  8
BLACK
  6
CONTINUOUS
100
AcDbLine
 10
1.813175
 20
0.4781356299212599
 30
0
 11
1.8127482677165354
 21
0.4787742519685039
 31
0
  0
LINE
  5
188
330
1A
100
AcDbEntity
  8
BLACK
  6
CONTINUOUS
100
AcDbLine
 10
1.8127482677165354
 20
0.4787742519685039
 30
0
 11
1.8125984251968503
 21
0.4795275590551181
 31
0
  0
LINE
  5
189
330
1A
100
AcDbEntity
  8
BLACK
  6
CONTINUOUS
100
AcDbLine
 10
1.8125984251968503
 20
0.4795275590551181
 30
0
 11
1.8125984251968503
 21
0.5188976377952755
 31
0
  0
LINE
  5
18A
330
1A
100
AcDbEntity
  8
BLACK
  6
CONTINUOUS
100
AcDbLine
 10
1.8125984251968503
 20
0.5188976377952755
 30
0
 11
1.8127482677165354
 21
0.5196509448818898
 31
0
  0
LINE
  5
18B
330
1A
100
AcDbEntity
  8
BLACK
  6
CONTINUOUS
100
AcDbLine
 10
1.8127482677165354
 20
0.5196509448818898
 30
0
 11
1.813175
 21
0.5202895669291339
 31
0
  0
LINE
  5
18C
330
1A
100
AcDbEntity
  8
BLACK
  6
CONTINUOUS
100
AcDbLine
 10
1.813175
 20
0.5202895669291339
 30
0
 11
1.8138136220472441
 21
0.5207162992125984
 31
0
  0
LINE
  5
18D
330
1A
100
AcDbEntity
  8
BLACK
  6
CONTINUOUS
100
AcDbLine
 10
1.8138136220472441
 20
0.5207162992125984
 30
0
 11
1.8145669291338582
 21
0.5208661417322834
 31
0
  0
LINE
  5
18E
330
1A
100
AcDbEntity
  8
BLACK
  6
CONTINUOUS
100
AcDbLine
 10
1.8145669291338582
 20
0.5208661417322834
 30
0
 11
1.9641732283464566
 21
0.5208661417322834
 31
0
  0
LINE
  5
18F
330
1A
100
AcDbEntity
  8
BLACK
  6
CONTINUOUS
100
AcDbLine
 10
1.9641732283464566
 20
0.5208661417322834
 30
0
 11
1.9649265354330707
 21
0.5207162992125984
 31
0
  0
LINE
  5
190
330
1A
100
AcDbEntity
  8
BLACK
  6
CONTINUOUS
100
AcDbLine
 10
2.2011470078740158
 20
0.5207162992125984
 30
0
 11
2.2017856299212597
 21
0.5202895669291339
 31
0
  0
LINE
  5
191
330
1A
100
AcDbEntity
  8
BLACK
  6
CONTINUOUS
100
AcDbLine
 10
2.2017856299212597
 20
0.5202895669291339
 30
0
 11
2.2022123622047243
 21
0.5196509448818898
 31
0
  0
LINE
  5
192
330
1A
100
AcDbEntity
  8
BLACK
  6
CONTINUOUS
100
AcDbLine
 10
2.2022123622047243
 20
0.5196509448818898
 30
0
 11
2.2023622047244094
 21
0.5188976377952755
 31
0
  0
LINE
  5
193
330
1A
100
AcDbEntity
  8
BLACK
  6
CONTINUOUS
100
AcDbLine
 10
2.2023622047244094
 20
0.5188976377952755
 30
0
 11
2.2023622047244094
 21
0.4795275590551181
 31
0
  0
LINE
  5
194
330
1A
100
AcDbEntity
  8
BLACK
  6
CONTINUOUS
100
AcDbLine
 10
2.2023622047244094
 20
0.4795275590551181
 30
0
 11
2.2022123622047243
 21
0.4787742519685039
 31
0
  0
LINE
  5
195
330
1A
100
AcDbEntity
  8
BLACK
  6
CONTINUOUS
100
AcDbLine
 10
2.2022123622047243
 20
0.4787742519685039
 30
0
 11
2.2017856299212597
 21
0.4781356299212599
 31
0
  0
LINE
  5
196
330
1A
100
AcDbEntity
  8
BLACK
  6
CONTINUOUS
100
AcDbLine
 10
2.2017856299212597
 20
0.4781356299212599
 30
0
 11
2.2011470078740158
 21
0.4777088976377953
 31
0
  0
LINE
  5
197
330
1A
100
AcDbEntity
  8
BLACK
  6
CONTINUOUS
100
AcDbLine
 10
2.2011470078740158
 20
0.4777088976377953
 30
0
 11
2.2003937007874015
 21
0.4775590551181102
 31
0
  0
LINE
  5
198
330
1A
100
AcDbEntity
  8
BLACK
  6
CONTINUOUS
100
AcDbLine
 10
2.2003937007874015
 20
0.4775590551181102
 30
0
 11
2.0507874015748029
 21
0.4775590551181102
 31
0
  0
LINE
  5
199
330
1A
100
AcDbEntity
  8
BLACK
  6
CONTINUOUS
100
AcDbLine
 10
2.0507874015748029
 20
0.4775590551181102
 30
0
 11
2.050034094488189
 21
0.4777088976377953
 31
0
  0
LINE
  5
19A
330
1A
100
AcDbEntity
  8
BLACK
  6
CONTINUOUS
100
AcDbLine
 10
2.050034094488189
 20
0.4777088976377953
 30
0
 11
2.0493954724409447
 21
0.4781356299212599
 31
0
  0
LINE
  5
19B
330
1A
100
AcDbEntity
  8
BLACK
  6
CONTINUOUS
100
AcDbLine
 10
2.0493954724409447
 20
0.4781356299212599
 30
0
 11
2.0489687401574801
 21
0.4787742519685039
 31
0
  0
LINE
  5
19C
330
1A
100
AcDbEntity
  8
BLACK
  6
CONTINUOUS
100
AcDbLine
 10
2.0489687401574801
 20
0.4787742519685039
 30
0
 11
2.048818897637795
 21
0.4795275590551181
 31
0
  0
LINE
  5
19D
330
1A
100
AcDbEntity
  8
BLACK
  6
CONTINUOUS
100
AcDbLine
 10
2.048818897637795
 20
0.4795275590551181
 30
0
 11
2.048818897637795
 21
0.5188976377952755
 31
0
  0
LINE
  5
19E
330
1A
100
AcDbEntity
  8
BLACK
  6
CONTINUOUS
100
AcDbLine
 10
2.048818897637795
 20
0.5188976377952755
 30
0
 11
2.0489687401574801
 21
0.5196509448818898
 31
0
  0
LINE
  5
19F
330
1A
100
AcDbEntity
  8
BLACK
  6
CONTINUOUS
100
AcDbLine
 10
2.0489687401574801
 20
0.5196509448818898
 30
0
 11
2.0493954724409447
 21
0.5202895669291339
 31
0
  0
LINE
  5
1A0
330
1A
100
AcDbEntity
  8
BLACK
  6
CONTINUOUS
100
AcDbLine
 10
2.0493954724409447
 20
0.5202895669291339
 30
0
 11
2.050034094488189
 21
0.5207162992125984
 31
0
  0
LINE
  5
1A1
330
1A
100
AcDbEntity
  8
BLACK
  6
CONTINUOUS
100
AcDbLine
 10
2.050034094488189
 20
0.5207162992125984
 30
0
 11
2.0507874015748029
 21
0.5208661417322834
 31
0
  0
LINE
  5
1A2
330
1A
100
AcDbEntity
  8
BLACK
  6
CONTINUOUS
100
AcDbLine
 10
2.0507874015748029
 20
0.5208661417322834
 30
0
 11
2.2003937007874015
 21
0.5208661417322834
 31
0
  0
LINE
  5
1A3
330
1A
100
AcDbEntity
  8
BLACK
  6
CONTINUOUS
100
AcDbLine
 10
2.2003937007874015
 20
0.5208661417322834
 30
0
 11
2.2011470078740158
 21
0.5207162992125984
 31
0
  0
LINE
  5
1A4
330
1A
100
AcDbEntity
  8
BLACK
  6
CONTINUOUS
100
AcDbLine
 10
2.417682440944882
 20
0.5817399212598425
 30
0
 11
2.4183210629921259
 21
0.581313188976378
 31
0
  0
LINE
  5
1A5
330
1A
100
AcDbEntity
  8
BLACK
  6
CONTINUOUS
100
AcDbLine
 10
2.4183210629921259
 20
0.581313188976378
 30
0
 11
2.4187477952755905
 21
0.5806745669291339
 31
0
  0
LINE
  5
1A6
330
1A
100
AcDbEntity
  8
BLACK
  6
CONTINUOUS
100
AcDbLine
 10
2.4187477952755905
 20
0.5806745669291339
 30
0
 11
2.4188976377952756
 21
0.5799212598425196
 31
0
  0
LINE
  5
1A7
330
1A
100
AcDbEntity
  8
BLACK
  6
CONTINUOUS
100
AcDbLine
 10
2.4188976377952756
 20
0.5799212598425196
 30
0
 11
2.4188976377952756
 21
0.5188976377952755
 31
0
  0
LINE
  5
1A8
330
1A
100
AcDbEntity
  8
BLACK
  6
CONTINUOUS
100
AcDbLine
 10
2.4188976377952756
 20
0.5188976377952755
 30
0
 11
2.4188976377952756
 21
0.4795275590551181
 31
0
  0
LINE
  5
1A9
330
1A
100
AcDbEntity
  8
BLACK
  6
CONTINUOUS
100
AcDbLine
 10
2.4188976377952756
 20
0.4795275590551181
 30
0
 11
2.4187477952755905
 21
0.4787742519685039
 31
0
  0
LINE
  5
1AA
330
1A
100
AcDbEntity
  8
BLACK
  6
CONTINUOUS
100
AcDbLine
 10
2.4187477952755905
 20
0.4787742519685039
 30
0
 11
2.4183210629921259
 21
0.4781356299212599
 31
0
  0
LINE
  5
1AB
330
1A
100
AcDbEntity
  8
BLACK
  6
CONTINUOUS
100
AcDbLine
 10
2.4183210629921259
 20
0.4781356299212599
 30
0
 11
2.417682440944882
 21
0.4777088976377953
 31
0
  0
LINE
  5
1AC
330
1A
100
AcDbEntity
  8
BLACK
  6
CONTINUOUS
100
AcDbLine
 10
2.417682440944882
 20
0.4777088976377953
 30
0
 11
2.4169291338582677
 21
0.4775590551181102
 31
0
  0
LINE
  5
1AD
330
1A
100
AcDbEntity
  8
BLACK
  6
CONTINUOUS
100
AcDbLine
 10
2.4169291338582677
 20
0.4775590551181102
 30
0
 11
2.3775590551181103
 21
0.4775590551181102
 31
0
  0
LINE
  5
1AE
330
1A
100
AcDbEntity
  8
BLACK
  6
CONTINUOUS
100
AcDbLine
 10
2.3775590551181103
 20
0.4775590551181102
 30
0
 11
2.2870078740157478
 21
0.4775590551181102
 31
0
  0
LINE
  5
1AF
330
1A
100
AcDbEntity
  8
BLACK
  6
CONTINUOUS
100
AcDbLine
 10
2.2870078740157478
 20
0.4775590551181102
 30
0
 11
2.2862545669291339
 21
0.4777088976377953
 31
0
  0
LINE
  5
1B0
330
1A
100
AcDbEntity
  8
BLACK
  6
CONTINUOUS
100
AcDbLine
 10
2.2862545669291339
 20
0.4777088976377953
 30
0
 11
2.2856159448818896
 21
0.4781356299212599
 31
0
  0
LINE
  5
1B1
330
1A
100
AcDbEntity
  8
BLACK
  6
CONTINUOUS
100
AcDbLine
 10
2.2856159448818896
 20
0.4781356299212599
 30
0
 11
2.285189212598425
 21
0.4787742519685039
 31
0
  0
LINE
  5
1B2
330
1A
100
AcDbEntity
  8
BLACK
  6
CONTINUOUS
100
AcDbLine
 10
2.285189212598425
 20
0.4787742519685039
 30
0
 11
2.2850393700787399
 21
0.4795275590551181
 31
0
  0
LINE
  5
1B3
330
1A
100
AcDbEntity
  8
BLACK
  6
CONTINUOUS
100
AcDbLine
 10
2.2850393700787399
 20
0.4795275590551181
 30
0
 11
2.2850393700787399
 21
0.5188976377952755
 31
0
  0
LINE
  5
1B4
330
1A
100
AcDbEntity
  8
BLACK
  6
CONTINUOUS
100
AcDbLine
 10
2.2850393700787399
 20
0.5188976377952755
 30
0
 11
2.285189212598425
 21
0.5196509448818898
 31
0
  0
LINE
  5
1B5
330
1A
100
AcDbEntity
  8
BLACK
  6
CONTINUOUS
100
AcDbLine
 10
2.285189212598425
 20
0.5196509448818898
 30
0
 11
2.2856159448818896
 21
0.5202895669291339
 31
0
  0
LINE
  5
1B6
330
1A
100
AcDbEntity
  8
BLACK
  6
CONTINUOUS
100
AcDbLine
 10
2.2856159448818896
 20
0.5202895669291339
 30
0
 11
2.2862545669291339
 21
0.5207162992125984
 31
0
  0
LINE
  5
1B7
330
1A
100
AcDbEntity
  8
BLACK
  6
CONTINUOUS
100
AcDbLine
 10
2.2862545669291339
 20
0.5207162992125984
 30
0
 11
2.2870078740157478
 21
0.5208661417322834
 31
0
  0
LINE
  5
1B8
330
1A
100
AcDbEntity
  8
BLACK
  6
CONTINUOUS
100
AcDbLine
 10
2.2870078740157478
 20
0.5208661417322834
 30
0
 11
2.3755905511811024
 21
0.5208661417322834
 31
0
  0
LINE
  5
1B9
330
1A
100
AcDbEntity
  8
BLACK
  6
CONTINUOUS
100
AcDbLine
 10
2.3755905511811024
 20
0.5208661417322834
 30
0
 11
2.3755905511811024
 21
0.5799212598425196
 31
0
  0
LINE
  5
1BA
330
1A
100
AcDbEntity
  8
BLACK
  6
CONTINUOUS
100
AcDbLine
 10
2.3755905511811024
 20
0.5799212598425196
 30
0
 11
2.3757403937007875
 21
0.5806745669291339
 31
0
  0
LINE
  5
1BB
330
1A
100
AcDbEntity
  8
BLACK
  6
CONTINUOUS
100
AcDbLine
 10
2.3757403937007875
 20
0.5806745669291339
 30
0
 11
2.3761671259842521
 21
0.581313188976378
 31
0
  0
LINE
  5
1BC
330
1A
100
AcDbEntity
  8
BLACK
  6
CONTINUOUS
100
AcDbLine
 10
2.3761671259842521
 20
0.581313188976378
 30
0
 11
2.3768057480314959
 21
0.5817399212598425
 31
0
  0
LINE
  5
1BD
330
1A
100
AcDbEntity
  8
BLACK
  6
CONTINUOUS
100
AcDbLine
 10
2.3768057480314959
 20
0.5817399212598425
 30
0
 11
2.3775590551181103
 21
0.5818897637795275
 31
0
  0
LINE
  5
1BE
330
1A
100
AcDbEntity
  8
BLACK
  6
CONTINUOUS
100
AcDbLine
 10
2.3775590551181103
 20
0.5818897637795275
 30
0
 11
2.4169291338582677
 21
0.5818897637795275
 31
0
  0
LINE
  5
1BF
330
1A
100
AcDbEntity
  8
BLACK
  6
CONTINUOUS
100
AcDbLine
 10
2.4169291338582677
 20
0.5818897637795275
 30
0
 11
2.417682440944882
 21
0.5817399212598425
 31
0
  0
LINE
  5
1C0
330
1A
100
AcDbEntity
  8
BLACK
  6
CONTINUOUS
100
AcDbLine
 10
1.4137454330708661
 20
0.7141710236220472
 30
0
 11
1.4143840551181102
 21
0.7137442913385826
 31
0
  0
LINE
  5
1C1
330
1A
100
AcDbEntity
  8
BLACK
  6
CONTINUOUS
100
AcDbLine
 10
1.4143840551181102
 20
0.7137442913385826
 30
0
 11
1.4148107874015747
 21
0.7131056692913386
 31
0
  0
LINE
  5
1C2
330
1A
100
AcDbEntity
  8
BLACK
  6
CONTINUOUS
100
AcDbLine
 10
1.4148107874015747
 20
0.7131056692913386
 30
0
 11
1.4149606299212598
 21
0.7123523622047244
 31
0
  0
LINE
  5
1C3
330
1A
100
AcDbEntity
  8
BLACK
  6
CONTINUOUS
100
AcDbLine
 10
1.4149606299212598
 20
0.7123523622047244
 30
0
 11
1.4149606299212598
 21
0.594242125984252
 31
0
  0
LINE
  5
1C4
330
1A
100
AcDbEntity
  8
BLACK
  6
CONTINUOUS
100
AcDbLine
 10
1.4149606299212598
 20
0.594242125984252
 30
0
 11
1.4148107874015747
 21
0.5934888188976378
 31
0
  0
LINE
  5
1C5
330
1A
100
AcDbEntity
  8
BLACK
  6
CONTINUOUS
100
AcDbLine
 10
1.4148107874015747
 20
0.5934888188976378
 30
0
 11
1.4143840551181102
 21
0.5928501968503936
 31
0
  0
LINE
  5
1C6
330
1A
100
AcDbEntity
  8
BLACK
  6
CONTINUOUS
100
AcDbLine
 10
1.4143840551181102
 20
0.5928501968503936
 30
0
 11
1.4137454330708661
 21
0.5924234645669291
 31
0
  0
LINE
  5
1C7
330
1A
100
AcDbEntity
  8
BLACK
  6
CONTINUOUS
100
AcDbLine
 10
1.4137454330708661
 20
0.5924234645669291
 30
0
 11
1.4129921259842519
 21
0.5922736220472441
 31
0
  0
LINE
  5
1C8
330
1A
100
AcDbEntity
  8
BLACK
  6
CONTINUOUS
100
AcDbLine
 10
1.4129921259842519
 20
0.5922736220472441
 30
0
 11
1.3854330708661418
 21
0.5922736220472441
 31
0
  0
LINE
  5
1C9
330
1A
100
AcDbEntity
  8
BLACK
  6
CONTINUOUS
100
AcDbLine
 10
1.3854330708661418
 20
0.5922736220472441
 30
0
 11
1.3846797637795276
 21
0.5924234645669291
 31
0
  0
LINE
  5
1CA
330
1A
100
AcDbEntity
  8
BLACK
  6
CONTINUOUS
100
AcDbLine
 10
1.3846797637795276
 20
0.5924234645669291
 30
0
 11
1.3840411417322835
 21
0.5928501968503936
 31
0
  0
LINE
  5
1CB
330
1A
100
AcDbEntity
  8
BLACK
  6
CONTINUOUS
100
AcDbLine
 10
1.3840411417322835
 20
0.5928501968503936
 30
0
 11
1.383614409448819
 21
0.5934888188976378
 31
0
  0
LINE
  5
1CC
330
1A
100
AcDbEntity
  8
BLACK
  6
CONTINUOUS
100
AcDbLine
 10
1.383614409448819
 20
0.5934888188976378
 30
0
 11
1.3834645669291339
 21
0.594242125984252
 31
0
  0
LINE
  5
1CD
330
1A
100
AcDbEntity
  8
BLACK
  6
CONTINUOUS
100
AcDbLine
 10
1.3834645669291339
 20
0.594242125984252
 30
0
 11
1.3834645669291339
 21
0.7123523622047244
 31
0
  0
LINE
  5
1CE
330
1A
100
AcDbEntity
  8
BLACK
  6
CONTINUOUS
100
AcDbLine
 10
1.3834645669291339
 20
0.7123523622047244
 30
0
 11
1.383614409448819
 21
0.7131056692913386
 31
0
  0
LINE
  5
1CF
330
1A
100
AcDbEntity
  8
BLACK
  6
CONTINUOUS
100
AcDbLine
 10
1.383614409448819
 20
0.7131056692913386
 30
0
 11
1.3840411417322835
 21
0.7137442913385826
 31
0
  0
LINE
  5
1D0
330
1A
100
AcDbEntity
  8
BLACK
  6
CONTINUOUS
100
AcDbLine
 10
1.3840411417322835
 20
0.7137442913385826
 30
0
 11
1.3846797637795276
 21
0.7141710236220472
 31
0
  0
LINE
  5
1D1
330
1A
100
AcDbEntity
  8
BLACK
  6
CONTINUOUS
100
AcDbLine
 10
1.3846797637795276
 20
0.7141710236220472
 30
0
 11
1.3854330708661418
 21
0.7143208661417323
 31
0
  0
LINE
  5
1D2
330
1A
100
AcDbEntity
  8
BLACK
  6
CONTINUOUS
100
AcDbLine
 10
1.3854330708661418
 20
0.7143208661417323
 30
0
 11
1.4129921259842519
 21
0.7143208661417323
 31
0
  0
LINE
  5
1D3
330
1A
100
AcDbEntity
  8
BLACK
  6
CONTINUOUS
100
AcDbLine
 10
1.4129921259842519
 20
0.7143208661417323
 30
0
 11
1.4137454330708661
 21
0.7141710236220472
 31
0
  0
LINE
  5
1D4
330
1A
100
AcDbEntity
  8
BLACK
  6
CONTINUOUS
100
AcDbLine
 10
2.8889718503937005
 20
0.6705330708661417
 30
0
 11
2.8961022440944881
 21
0.6675795669291339
 31
0
  0
LINE
  5
1D5
330
1A
100
AcDbEntity
  8
BLACK
  6
CONTINUOUS
100
AcDbLine
 10
2.8961022440944881
 20
0.6675795669291339
 30
0
 11
2.9025194094488187
 21
0.6632917322834645
 31
0
  0
LINE
  5
1D6
330
1A
100
AcDbEntity
  8
BLACK
  6
CONTINUOUS
100
AcDbLine
 10
2.9025194094488187
 20
0.6632917322834645
 30
0
 11
2.9079767716535434
 21
0.6578343700787401
 31
0
  0
LINE
  5
1D7
330
1A
100
AcDbEntity
  8
BLACK
  6
CONTINUOUS
100
AcDbLine
 10
2.9079767716535434
 20
0.6578343700787401
 30
0
 11
2.9122646062992126
 21
0.6514172047244094
 31
0
  0
LINE
  5
1D8
330
1A
100
AcDbEntity
  8
BLACK
  6
CONTINUOUS
100
AcDbLine
 10
2.9122646062992126
 20
0.6514172047244094
 30
0
 11
2.9152181102362205
 21
0.6442868110236221
 31
0
  0
LINE
  5
1D9
330
1A
100
AcDbEntity
  8
BLACK
  6
CONTINUOUS
100
AcDbLine
 10
2.9152181102362205
 20
0.6442868110236221
 30
0
 11
2.9167238188976379
 21
0.6367172047244094
 31
0
  0
LINE
  5
1DA
330
1A
100
AcDbEntity
  8
BLACK
  6
CONTINUOUS
100
AcDbLine
 10
2.9167238188976379
 20
0.6367172047244094
 30
0
 11
2.9167238188976379
 21
0.6289993307086614
 31
0
  0
LINE
  5
1DB
330
1A
100
AcDbEntity
  8
BLACK
  6
CONTINUOUS
100
AcDbLine
 10
2.9167238188976379
 20
0.6289993307086614
 30
0
 11
2.9152181102362205
 21
0.6214297244094488
 31
0
  0
LINE
  5
1DC
330
1A
100
AcDbEntity
  8
BLACK
  6
CONTINUOUS
100
AcDbLine
 10
2.9152181102362205
 20
0.6214297244094488
 30
0
 11
2.9122646062992126
 21
0.6142993307086614
 31
0
  0
LINE
  5
1DD
330
1A
100
AcDbEntity
  8
BLACK
  6
CONTINUOUS
100
AcDbLine
 10
2.9122646062992126
 20
0.6142993307086614
 30
0
 11
2.9079767716535434
 21
0.6078821653543307
 31
0
  0
LINE
  5
1DE
330
1A
100
AcDbEntity
  8
BLACK
  6
CONTINUOUS
100
AcDbLine
 10
2.9079767716535434
 20
0.6078821653543307
 30
0
 11
2.9025194094488187
 21
0.6024248031496063
 31
0
  0
LINE
  5
1DF
330
1A
100
AcDbEntity
  8
BLACK
  6
CONTINUOUS
100
AcDbLine
 10
2.9025194094488187
 20
0.6024248031496063
 30
0
 11
2.8961022440944881
 21
0.5981369685039369
 31
0
  0
LINE
  5
1E0
330
1A
100
AcDbEntity
  8
BLACK
  6
CONTINUOUS
100
AcDbLine
 10
2.8961022440944881
 20
0.5981369685039369
 30
0
 11
2.8889718503937005
 21
0.5951834645669292
 31
0
  0
LINE
  5
1E1
330
1A
100
AcDbEntity
  8
BLACK
  6
CONTINUOUS
100
AcDbLine
 10
2.8889718503937005
 20
0.5951834645669292
 30
0
 11
2.8814022440944882
 21
0.5936777559055118
 31
0
  0
LINE
  5
1E2
330
1A
100
AcDbEntity
  8
BLACK
  6
CONTINUOUS
100
AcDbLine
 10
2.8814022440944882
 20
0.5936777559055118
 30
0
 11
2.87368437007874
 21
0.5936777559055118
 31
0
  0
LINE
  5
1E3
330
1A
100
AcDbEntity
  8
BLACK
  6
CONTINUOUS
100
AcDbLine
 10
2.87368437007874
 20
0.5936777559055118
 30
0
 11
2.8661147637795277
 21
0.5951834645669292
 31
0
  0
LINE
  5
1E4
330
1A
100
AcDbEntity
  8
BLACK
  6
CONTINUOUS
100
AcDbLine
 10
2.8661147637795277
 20
0.5951834645669292
 30
0
 11
2.8589843700787401
 21
0.5981369685039369
 31
0
  0
LINE
  5
1E5
330
1A
100
AcDbEntity
  8
BLACK
  6
CONTINUOUS
100
AcDbLine
 10
2.8589843700787401
 20
0.5981369685039369
 30
0
 11
2.8525672047244095
 21
0.6024248031496063
 31
0
  0
LINE
  5
1E6
330
1A
100
AcDbEntity
  8
BLACK
  6
CONTINUOUS
100
AcDbLine
 10
2.8525672047244095
 20
0.6024248031496063
 30
0
 11
2.8471098425196848
 21
0.6078821653543307
 31
0
  0
LINE
  5
1E7
330
1A
100
AcDbEntity
  8
BLACK
  6
CONTINUOUS
100
AcDbLine
 10
2.8471098425196848
 20
0.6078821653543307
 30
0
 11
2.8428220078740156
 21
0.6142993307086614
 31
0
  0
LINE
  5
1E8
330
1A
100
AcDbEntity
  8
BLACK
  6
CONTINUOUS
100
AcDbLine
 10
2.8428220078740156
 20
0.6142993307086614
 30
0
 11
2.8398685039370077
 21
0.6214297244094488
 31
0
  0
LINE
  5
1E9
330
1A
100
AcDbEntity
  8
BLACK
  6
CONTINUOUS
100
AcDbLine
 10
2.8398685039370077
 20
0.6214297244094488
 30
0
 11
2.8383627952755903
 21
0.6289993307086614
 31
0
  0
LINE
  5
1EA
330
1A
100
AcDbEntity
  8
BLACK
  6
CONTINUOUS
100
AcDbLine
 10
2.8383627952755903
 20
0.6289993307086614
 30
0
 11
2.8383627952755903
 21
0.6367172047244094
 31
0
  0
LINE
  5
1EB
330
1A
100
AcDbEntity
  8
BLACK
  6
CONTINUOUS
100
AcDbLine
 10
2.8383627952755903
 20
0.6367172047244094
 30
0
 11
2.8398685039370077
 21
0.6442868110236221
 31
0
  0
LINE
  5
1EC
330
1A
100
AcDbEntity
  8
BLACK
  6
CONTINUOUS
100
AcDbLine
 10
2.8398685039370077
 20
0.6442868110236221
 30
0
 11
2.8428220078740156
 21
0.6514172047244094
 31
0
  0
LINE
  5
1ED
330
1A
100
AcDbEntity
  8
BLACK
  6
CONTINUOUS
100
AcDbLine
 10
2.8428220078740156
 20
0.6514172047244094
 30
0
 11
2.8471098425196848
 21
0.6578343700787401
 31
0
  0
LINE
  5
1EE
330
1A
100
AcDbEntity
  8
BLACK
  6
CONTINUOUS
100
AcDbLine
 10
2.8471098425196848
 20
0.6578343700787401
 30
0
 11
2.8525672047244095
 21
0.6632917322834645
 31
0
  0
LINE
  5
1EF
330
1A
100
AcDbEntity
  8
BLACK
  6
CONTINUOUS
100
AcDbLine
 10
2.8525672047244095
 20
0.6632917322834645
 30
0
 11
2.8589843700787401
 21
0.6675795669291339
 31
0
  0
LINE
  5
1F0
330
1A
100
AcDbEntity
  8
BLACK
  6
CONTINUOUS
100
AcDbLine
 10
2.8589843700787401
 20
0.6675795669291339
 30
0
 11
2.8661147637795277
 21
0.6705330708661417
 31
0
  0
LINE
  5
1F1
330
1A
100
AcDbEntity
  8
BLACK
  6
CONTINUOUS
100
AcDbLine
 10
2.8661147637795277
 20
0.6705330708661417
 30
0
 11
2.87368437007874
 21
0.6720387795275591
 31
0
  0
LINE
  5
1F2
330
1A
100
AcDbEntity
  8
BLACK
  6
CONTINUOUS
100
AcDbLine
 10
2.87368437007874
 20
0.6720387795275591
 30
0
 11
2.8814022440944882
 21
0.6720387795275591
 31
0
  0
LINE
  5
1F3
330
1A
100
AcDbEntity
  8
BLACK
  6
CONTINUOUS
100
AcDbLine
 10
2.8814022440944882
 20
0.6720387795275591
 30
0
 11
2.8889718503937005
 21
0.6705330708661417
 31
0
  0
LINE
  5
1F4
330
1A
100
AcDbEntity
  8
BLACK
  6
CONTINUOUS
100
AcDbLine
 10
2.7236666929133859
 20
0.6617399212598425
 30
0
 11
2.7243053149606298
 21
0.6613131889763779
 31
0
  0
LINE
  5
1F5
330
1A
100
AcDbEntity
  8
BLACK
  6
CONTINUOUS
100
AcDbLine
 10
2.7243053149606298
 20
0.6613131889763779
 30
0
 11
2.7247320472440943
 21
0.6606745669291338
 31
0
  0
LINE
  5
1F6
330
1A
100
AcDbEntity
  8
BLACK
  6
CONTINUOUS
100
AcDbLine
 10
2.7247320472440943
 20
0.6606745669291338
 30
0
 11
2.7248818897637794
 21
0.6599212598425197
 31
0
  0
LINE
  5
1F7
330
1A
100
AcDbEntity
  8
BLACK
  6
CONTINUOUS
100
AcDbLine
 10
2.7248818897637794
 20
0.6599212598425197
 30
0
 11
2.7248818897637794
 21
0.5999212598425196
 31
0
  0
LINE
  5
1F8
330
1A
100
AcDbEntity
  8
BLACK
  6
CONTINUOUS
100
AcDbLine
 10
2.7248818897637794
 20
0.5999212598425196
 30
0
 11
2.7247320472440943
 21
0.5991679527559055
 31
0
  0
LINE
  5
1F9
330
1A
100
AcDbEntity
  8
BLACK
  6
CONTINUOUS
100
AcDbLine
 10
2.7247320472440943
 20
0.5991679527559055
 30
0
 11
2.7243053149606298
 21
0.5985293307086614
 31
0
  0
LINE
  5
1FA
330
1A
100
AcDbEntity
  8
BLACK
  6
CONTINUOUS
100
AcDbLine
 10
2.7243053149606298
 20
0.5985293307086614
 30
0
 11
2.7236666929133859
 21
0.5981025984251969
 31
0
  0
LINE
  5
1FB
330
1A
100
AcDbEntity
  8
BLACK
  6
CONTINUOUS
100
AcDbLine
 10
2.7236666929133859
 20
0.5981025984251969
 30
0
 11
2.7229133858267716
 21
0.5979527559055118
 31
0
  0
LINE
  5
1FC
330
1A
100
AcDbEntity
  8
BLACK
  6
CONTINUOUS
100
AcDbLine
 10
2.7229133858267716
 20
0.5979527559055118
 30
0
 11
2.6629133858267715
 21
0.5979527559055118
 31
0
  0
LINE
  5
1FD
330
1A
100
AcDbEntity
  8
BLACK
  6
CONTINUOUS
100
AcDbLine
 10
2.6629133858267715
 20
0.5979527559055118
 30
0
 11
2.6621600787401576
 21
0.5981025984251969
 31
0
  0
LINE
  5
1FE
330
1A
100
AcDbEntity
  8
BLACK
  6
CONTINUOUS
100
AcDbLine
 10
2.6621600787401576
 20
0.5981025984251969
 30
0
 11
2.6615214566929133
 21
0.5985293307086614
 31
0
  0
LINE
  5
1FF
330
1A
100
AcDbEntity
  8
BLACK
  6
CONTINUOUS
100
AcDbLine
 10
2.6615214566929133
 20
0.5985293307086614
 30
0
 11
2.6610947244094487
 21
0.5991679527559055
 31
0
  0
LINE
  5
200
330
1A
100
AcDbEntity
  8
BLACK
  6
CONTINUOUS
100
AcDbLine
 10
2.6610947244094487
 20
0.5991679527559055
 30
0
 11
2.6609448818897636
 21
0.5999212598425196
 31
0
  0
LINE
  5
201
330
1A
100
AcDbEntity
  8
BLACK
  6
CONTINUOUS
100
AcDbLine
 10
2.6609448818897636
 20
0.5999212598425196
 30
0
 11
2.6609448818897636
 21
0.6599212598425197
 31
0
  0
LINE
  5
202
330
1A
100
AcDbEntity
  8
BLACK
  6
CONTINUOUS
100
AcDbLine
 10
2.6609448818897636
 20
0.6599212598425197
 30
0
 11
2.6610947244094487
 21
0.6606745669291338
 31
0
  0
LINE
  5
203
330
1A
100
AcDbEntity
  8
BLACK
  6
CONTINUOUS
100
AcDbLine
 10
2.6610947244094487
 20
0.6606745669291338
 30
0
 11
2.6615214566929133
 21
0.6613131889763779
 31
0
  0
LINE
  5
204
330
1A
100
AcDbEntity
  8
BLACK
  6
CONTINUOUS
100
AcDbLine
 10
2.6615214566929133
 20
0.6613131889763779
 30
0
 11
2.6621600787401576
 21
0.6617399212598425
 31
0
  0
LINE
  5
205
330
1A
100
AcDbEntity
  8
BLACK
  6
CONTINUOUS
100
AcDbLine
 10
2.6621600787401576
 20
0.6617399212598425
 30
0
 11
2.6629133858267715
 21
0.6618897637795276
 31
0
  0
LINE
  5
206
330
1A
100
AcDbEntity
  8
BLACK
  6
CONTINUOUS
100
AcDbLine
 10
2.6629133858267715
 20
0.6618897637795276
 30
0
 11
2.7229133858267716
 21
0.6618897637795276
 31
0
  0
LINE
  5
207
330
1A
100
AcDbEntity
  8
BLACK
  6
CONTINUOUS
100
AcDbLine
 10
2.7229133858267716
 20
0.6618897637795276
 30
0
 11
2.7236666929133859
 21
0.6617399212598425
 31
0
  0
LINE
  5
208
330
1A
100
AcDbEntity
  8
BLACK
  6
CONTINUOUS
100
AcDbLine
 10
2.8236666929133856
 20
0.6617399212598425
 30
0
 11
2.8243053149606299
 21
0.6613131889763779
 31
0
  0
LINE
  5
209
330
1A
100
AcDbEntity
  8
BLACK
  6
CONTINUOUS
100
AcDbLine
 10
2.8243053149606299
 20
0.6613131889763779
 30
0
 11
2.8247320472440944
 21
0.6606745669291338
 31
0
  0
LINE
  5
20A
330
1A
100
AcDbEntity
  8
BLACK
  6
CONTINUOUS
100
AcDbLine
 10
2.8247320472440944
 20
0.6606745669291338
 30
0
 11
2.8248818897637795
 21
0.6599212598425197
 31
0
  0
LINE
  5
20B
330
1A
100
AcDbEntity
  8
BLACK
  6
CONTINUOUS
100
AcDbLine
 10
2.8248818897637795
 20
0.6599212598425197
 30
0
 11
2.8248818897637795
 21
0.5999212598425196
 31
0
  0
LINE
  5
20C
330
1A
100
AcDbEntity
  8
BLACK
  6
CONTINUOUS
100
AcDbLine
 10
2.8248818897637795
 20
0.5999212598425196
 30
0
 11
2.8247320472440944
 21
0.5991679527559055
 31
0
  0
LINE
  5
20D
330
1A
100
AcDbEntity
  8
BLACK
  6
CONTINUOUS
100
AcDbLine
 10
2.8247320472440944
 20
0.5991679527559055
 30
0
 11
2.8243053149606299
 21
0.5985293307086614
 31
0
  0
LINE
  5
20E
330
1A
100
AcDbEntity
  8
BLACK
  6
CONTINUOUS
100
AcDbLine
 10
2.8243053149606299
 20
0.5985293307086614
 30
0
 11
2.8236666929133856
 21
0.5981025984251969
 31
0
  0
LINE
  5
20F
330
1A
100
AcDbEntity
  8
BLACK
  6
CONTINUOUS
100
AcDbLine
 10
2.8236666929133856
 20
0.5981025984251969
 30
0
 11
2.8229133858267716
 21
0.5979527559055118
 31
0
  0
LINE
  5
210
330
1A
100
AcDbEntity
  8
BLACK
  6
CONTINUOUS
100
AcDbLine
 10
2.8229133858267716
 20
0.5979527559055118
 30
0
 11
2.7629133858267716
 21
0.5979527559055118
 31
0
  0
LINE
  5
211
330
1A
100
AcDbEntity
  8
BLACK
  6
CONTINUOUS
100
AcDbLine
 10
2.7629133858267716
 20
0.5979527559055118
 30
0
 11
2.7621600787401572
 21
0.5981025984251969
 31
0
  0
LINE
  5
212
330
1A
100
AcDbEntity
  8
BLACK
  6
CONTINUOUS
100
AcDbLine
 10
2.7621600787401572
 20
0.5981025984251969
 30
0
 11
2.7615214566929134
 21
0.5985293307086614
 31
0
  0
LINE
  5
213
330
1A
100
AcDbEntity
  8
BLACK
  6
CONTINUOUS
100
AcDbLine
 10
2.7615214566929134
 20
0.5985293307086614
 30
0
 11
2.7610947244094488
 21
0.5991679527559055
 31
0
  0
LINE
  5
214
330
1A
100
AcDbEntity
  8
BLACK
  6
CONTINUOUS
100
AcDbLine
 10
2.7610947244094488
 20
0.5991679527559055
 30
0
 11
2.7609448818897637
 21
0.5999212598425196
 31
0
  0
LINE
  5
215
330
1A
100
AcDbEntity
  8
BLACK
  6
CONTINUOUS
100
AcDbLine
 10
2.7609448818897637
 20
0.5999212598425196
 30
0
 11
2.7609448818897637
 21
0.6599212598425197
 31
0
  0
LINE
  5
216
330
1A
100
AcDbEntity
  8
BLACK
  6
CONTINUOUS
100
AcDbLine
 10
2.7609448818897637
 20
0.6599212598425197
 30
0
 11
2.7610947244094488
 21
0.6606745669291338
 31
0
  0
LINE
  5
217
330
1A
100
AcDbEntity
  8
BLACK
  6
CONTINUOUS
100
AcDbLine
 10
2.7610947244094488
 20
0.6606745669291338
 30
0
 11
2.7615214566929134
 21
0.6613131889763779
 31
0
  0
LINE
  5
218
330
1A
100
AcDbEntity
  8
BLACK
  6
CONTINUOUS
100
AcDbLine
 10
2.7615214566929134
 20
0.6613131889763779
 30
0
 11
2.7621600787401572
 21
0.6617399212598425
 31
0
  0
LINE
  5
219
330
1A
100
AcDbEntity
  8
BLACK
  6
CONTINUOUS
100
AcDbLine
 10
2.7621600787401572
 20
0.6617399212598425
 30
0
 11
2.7629133858267716
 21
0.6618897637795276
 31
0
  0
LINE
  5
21A
330
1A
100
AcDbEntity
  8
BLACK
  6
CONTINUOUS
100
AcDbLine
 10
2.7629133858267716
 20
0.6618897637795276
 30
0
 11
2.8229133858267716
 21
0.6618897637795276
 31
0
  0
LINE
  5
21B
330
1A
100
AcDbEntity
  8
BLACK
  6
CONTINUOUS
100
AcDbLine
 10
2.8229133858267716
 20
0.6618897637795276
 30
0
 11
2.8236666929133856
 21
0.6617399212598425
 31
0
  0
LINE
  5
21C
330
1A
100
AcDbEntity
  8
BLACK
  6
CONTINUOUS
100
AcDbLine
 10
1.5568379921259843
 20
0.651015
 30
0
 11
1.5608087007874016
 21
0.6492617716535433
 31
0
  0
LINE
  5
21D
330
1A
100
AcDbEntity
  8
BLACK
  6
CONTINUOUS
100
AcDbLine
 10
1.5608087007874016
 20
0.6492617716535433
 30
0
 11
1.5638779133858267
 21
0.6461925590551181
 31
0
  0
LINE
  5
21E
330
1A
100
AcDbEntity
  8
BLACK
  6
CONTINUOUS
100
AcDbLine
 10
1.5638779133858267
 20
0.6461925590551181
 30
0
 11
1.5656311417322835
 21
0.6422218503937007
 31
0
  0
LINE
  5
21F
330
1A
100
AcDbEntity
  8
BLACK
  6
CONTINUOUS
100
AcDbLine
 10
1.5656311417322835
 20
0.6422218503937007
 30
0
 11
1.5659448818897637
 21
0.6395177165354331
 31
0
  0
LINE
  5
220
330
1A
100
AcDbEntity
  8
BLACK
  6
CONTINUOUS
100
AcDbLine
 10
1.5659448818897637
 20
0.6395177165354331
 30
0
 11
1.5659448818897637
 21
0.6198326771653543
 31
0
  0
LINE
  5
221
330
1A
100
AcDbEntity
  8
BLACK
  6
CONTINUOUS
100
AcDbLine
 10
1.5659448818897637
 20
0.6198326771653543
 30
0
 11
1.5656311417322835
 21
0.6171285433070866
 31
0
  0
LINE
  5
222
330
1A
100
AcDbEntity
  8
BLACK
  6
CONTINUOUS
100
AcDbLine
 10
1.5656311417322835
 20
0.6171285433070866
 30
0
 11
1.5638779133858267
 21
0.6131578346456693
 31
0
  0
LINE
  5
223
330
1A
100
AcDbEntity
  8
BLACK
  6
CONTINUOUS
100
AcDbLine
 10
1.5638779133858267
 20
0.6131578346456693
 30
0
 11
1.5608087007874016
 21
0.6100886220472441
 31
0
  0
LINE
  5
224
330
1A
100
AcDbEntity
  8
BLACK
  6
CONTINUOUS
100
AcDbLine
 10
1.5608087007874016
 20
0.6100886220472441
 30
0
 11
1.5568379921259843
 21
0.6083353937007874
 31
0
  0
LINE
  5
225
330
1A
100
AcDbEntity
  8
BLACK
  6
CONTINUOUS
100
AcDbLine
 10
1.5568379921259843
 20
0.6083353937007874
 30
0
 11
1.5541338582677164
 21
0.6080216535433071
 31
0
  0
LINE
  5
226
330
1A
100
AcDbEntity
  8
BLACK
  6
CONTINUOUS
100
AcDbLine
 10
1.5541338582677164
 20
0.6080216535433071
 30
0
 11
1.5167322834645669
 21
0.6080216535433071
 31
0
  0
LINE
  5
227
330
1A
100
AcDbEntity
  8
BLACK
  6
CONTINUOUS
100
AcDbLine
 10
1.5167322834645669
 20
0.6080216535433071
 30
0
 11
1.5140281496062993
 21
0.6083353937007874
 31
0
  0
LINE
  5
228
330
1A
100
AcDbEntity
  8
BLACK
  6
CONTINUOUS
100
AcDbLine
 10
1.5140281496062993
 20
0.6083353937007874
 30
0
 11
1.5100574409448819
 21
0.6100886220472441
 31
0
  0
LINE
  5
229
330
1A
100
AcDbEntity
  8
BLACK
  6
CONTINUOUS
100
AcDbLine
 10
1.5100574409448819
 20
0.6100886220472441
 30
0
 11
1.5069882283464566
 21
0.6131578346456693
 31
0
  0
LINE
  5
22A
330
1A
100
AcDbEntity
  8
BLACK
  6
CONTINUOUS
100
AcDbLine
 10
1.5069882283464566
 20
0.6131578346456693
 30
0
 11
1.5052349999999999
 21
0.6171285433070866
 31
0
  0
LINE
  5
22B
330
1A
100
AcDbEntity
  8
BLACK
  6
CONTINUOUS
100
AcDbLine
 10
1.5052349999999999
 20
0.6171285433070866
 30
0
 11
1.5049212598425197
 21
0.6198326771653543
 31
0
  0
LINE
  5
22C
330
1A
100
AcDbEntity
  8
BLACK
  6
CONTINUOUS
100
AcDbLine
 10
1.5049212598425197
 20
0.6198326771653543
 30
0
 11
1.5049212598425197
 21
0.6395177165354331
 31
0
  0
LINE
  5
22D
330
1A
100
AcDbEntity
  8
BLACK
  6
CONTINUOUS
100
AcDbLine
 10
1.5049212598425197
 20
0.6395177165354331
 30
0
 11
1.5052349999999999
 21
0.6422218503937007
 31
0
  0
LINE
  5
22E
330
1A
100
AcDbEntity
  8
BLACK
  6
CONTINUOUS
100
AcDbLine
 10
1.5052349999999999
 20
0.6422218503937007
 30
0
 11
1.5069882283464566
 21
0.6461925590551181
 31
0
  0
LINE
  5
22F
330
1A
100
AcDbEntity
  8
BLACK
  6
CONTINUOUS
100
AcDbLine
 10
1.5069882283464566
 20
0.6461925590551181
 30
0
 11
1.5100574409448819
 21
0.6492617716535433
 31
0
  0
LINE
  5
230
330
1A
100
AcDbEntity
  8
BLACK
  6
CONTINUOUS
100
AcDbLine
 10
1.5100574409448819
 20
0.6492617716535433
 30
0
 11
1.5140281496062993
 21
0.651015
 31
0
  0
LINE
  5
231
330
1A
100
AcDbEntity
  8
BLACK
  6
CONTINUOUS
100
AcDbLine
 10
1.5140281496062993
 20
0.651015
 30
0
 11
1.5167322834645669
 21
0.6513287401574803
 31
0
  0
LINE
  5
232
330
1A
100
AcDbEntity
  8
BLACK
  6
CONTINUOUS
100
AcDbLine
 10
1.5167322834645669
 20
0.6513287401574803
 30
0
 11
1.5541338582677164
 21
0.6513287401574803
 31
0
  0
LINE
  5
233
330
1A
100
AcDbEntity
  8
BLACK
  6
CONTINUOUS
100
AcDbLine
 10
1.5541338582677164
 20
0.6513287401574803
 30
0
 11
1.5568379921259843
 21
0.651015
 31
0
  0
LINE
  5
234
330
1A
100
AcDbEntity
  8
BLACK
  6
CONTINUOUS
100
AcDbLine
 10
1.6395151574803148
 20
0.651015
 30
0
 11
1.6434858661417322
 21
0.6492617716535433
 31
0
  0
LINE
  5
235
330
1A
100
AcDbEntity
  8
BLACK
  6
CONTINUOUS
100
AcDbLine
 10
1.6434858661417322
 20
0.6492617716535433
 30
0
 11
1.6465550787401575
 21
0.6461925590551181
 31
0
  0
LINE
  5
236
330
1A
100
AcDbEntity
  8
BLACK
  6
CONTINUOUS
100
AcDbLine
 10
1.6465550787401575
 20
0.6461925590551181
 30
0
 11
1.6483083070866142
 21
0.6422218503937007
 31
0
  0
LINE
  5
237
330
1A
100
AcDbEntity
  8
BLACK
  6
CONTINUOUS
100
AcDbLine
 10
1.6483083070866142
 20
0.6422218503937007
 30
0
 11
1.6486220472440944
 21
0.6395177165354331
 31
0
  0
LINE
  5
238
330
1A
100
AcDbEntity
  8
BLACK
  6
CONTINUOUS
100
AcDbLine
 10
1.6486220472440944
 20
0.6395177165354331
 30
0
 11
1.6486220472440944
 21
0.6198326771653543
 31
0
  0
LINE
  5
239
330
1A
100
AcDbEntity
  8
BLACK
  6
CONTINUOUS
100
AcDbLine
 10
1.6486220472440944
 20
0.6198326771653543
 30
0
 11
1.6483083070866142
 21
0.6171285433070866
 31
0
  0
LINE
  5
23A
330
1A
100
AcDbEntity
  8
BLACK
  6
CONTINUOUS
100
AcDbLine
 10
1.6483083070866142
 20
0.6171285433070866
 30
0
 11
1.6465550787401575
 21
0.6131578346456693
 31
0
  0
LINE
  5
23B
330
1A
100
AcDbEntity
  8
BLACK
  6
CONTINUOUS
100
AcDbLine
 10
1.6465550787401575
 20
0.6131578346456693
 30
0
 11
1.6434858661417322
 21
0.6100886220472441
 31
0
  0
LINE
  5
23C
330
1A
100
AcDbEntity
  8
BLACK
  6
CONTINUOUS
100
AcDbLine
 10
1.6434858661417322
 20
0.6100886220472441
 30
0
 11
1.6395151574803148
 21
0.6083353937007874
 31
0
  0
LINE
  5
23D
330
1A
100
AcDbEntity
  8
BLACK
  6
CONTINUOUS
100
AcDbLine
 10
1.6395151574803148
 20
0.6083353937007874
 30
0
 11
1.6368110236220472
 21
0.6080216535433071
 31
0
  0
LINE
  5
23E
330
1A
100
AcDbEntity
  8
BLACK
  6
CONTINUOUS
100
AcDbLine
 10
1.6368110236220472
 20
0.6080216535433071
 30
0
 11
1.5994094488188977
 21
0.6080216535433071
 31
0
  0
LINE
  5
23F
330
1A
100
AcDbEntity
  8
BLACK
  6
CONTINUOUS
100
AcDbLine
 10
1.5994094488188977
 20
0.6080216535433071
 30
0
 11
1.5967053149606298
 21
0.6083353937007874
 31
0
  0
LINE
  5
240
330
1A
100
AcDbEntity
  8
BLACK
  6
CONTINUOUS
100
AcDbLine
 10
1.5967053149606298
 20
0.6083353937007874
 30
0
 11
1.5927346062992125
 21
0.6100886220472441
 31
0
  0
LINE
  5
241
330
1A
100
AcDbEntity
  8
BLACK
  6
CONTINUOUS
100
AcDbLine
 10
1.5927346062992125
 20
0.6100886220472441
 30
0
 11
1.5896653937007874
 21
0.6131578346456693
 31
0
  0
LINE
  5
242
330
1A
100
AcDbEntity
  8
BLACK
  6
CONTINUOUS
100
AcDbLine
 10
1.5896653937007874
 20
0.6131578346456693
 30
0
 11
1.5879121653543307
 21
0.6171285433070866
 31
0
  0
LINE
  5
243
330
1A
100
AcDbEntity
  8
BLACK
  6
CONTINUOUS
100
AcDbLine
 10
1.5879121653543307
 20
0.6171285433070866
 30
0
 11
1.5875984251968505
 21
0.6198326771653543
 31
0
  0
LINE
  5
244
330
1A
100
AcDbEntity
  8
BLACK
  6
CONTINUOUS
100
AcDbLine
 10
1.5875984251968505
 20
0.6198326771653543
 30
0
 11
1.5875984251968505
 21
0.6395177165354331
 31
0
  0
LINE
  5
245
330
1A
100
AcDbEntity
  8
BLACK
  6
CONTINUOUS
100
AcDbLine
 10
1.5875984251968505
 20
0.6395177165354331
 30
0
 11
1.5879121653543307
 21
0.6422218503937007
 31
0
  0
LINE
  5
246
330
1A
100
AcDbEntity
  8
BLACK
  6
CONTINUOUS
100
AcDbLine
 10
1.5879121653543307
 20
0.6422218503937007
 30
0
 11
1.5896653937007874
 21
0.6461925590551181
 31
0
  0
LINE
  5
247
330
1A
100
AcDbEntity
  8
BLACK
  6
CONTINUOUS
100
AcDbLine
 10
1.5896653937007874
 20
0.6461925590551181
 30
0
 11
1.5927346062992125
 21
0.6492617716535433
 31
0
  0
LINE
  5
248
330
1A
100
AcDbEntity
  8
BLACK
  6
CONTINUOUS
100
AcDbLine
 10
1.5927346062992125
 20
0.6492617716535433
 30
0
 11
1.5967053149606298
 21
0.651015
 31
0
  0
LINE
  5
249
330
1A
100
AcDbEntity
  8
BLACK
  6
CONTINUOUS
100
AcDbLine
 10
1.5967053149606298
 20
0.651015
 30
0
 11
1.5994094488188977
 21
0.6513287401574803
 31
0
  0
LINE
  5
24A
330
1A
100
AcDbEntity
  8
BLACK
  6
CONTINUOUS
100
AcDbLine
 10
1.5994094488188977
 20
0.6513287401574803
 30
0
 11
1.6368110236220472
 21
0.6513287401574803
 31
0
  0
LINE
  5
24B
330
1A
100
AcDbEntity
  8
BLACK
  6
CONTINUOUS
100
AcDbLine
 10
1.6368110236220472
 20
0.6513287401574803
 30
0
 11
1.6395151574803148
 21
0.651015
 31
0
  0
LINE
  5
24C
330
1A
100
AcDbEntity
  8
BLACK
  6
CONTINUOUS
100
AcDbLine
 10
1.3724068503937008
 20
0.6846434645669291
 30
0
 11
1.3730454724409449
 21
0.6842167322834646
 31
0
  0
LINE
  5
24D
330
1A
100
AcDbEntity
  8
BLACK
  6
CONTINUOUS
100
AcDbLine
 10
1.3730454724409449
 20
0.6842167322834646
 30
0
 11
1.3734722047244095
 21
0.6835781102362205
 31
0
  0
LINE
  5
24E
330
1A
100
AcDbEntity
  8
BLACK
  6
CONTINUOUS
100
AcDbLine
 10
1.3734722047244095
 20
0.6835781102362205
 30
0
 11
1.3736220472440945
 21
0.6828248031496063
 31
0
  0
LINE
  5
24F
330
1A
100
AcDbEntity
  8
BLACK
  6
CONTINUOUS
100
AcDbLine
 10
1.3736220472440945
 20
0.6828248031496063
 30
0
 11
1.3736220472440945
 21
0.62376968503937
 31
0
  0
LINE
  5
250
330
1A
100
AcDbEntity
  8
BLACK
  6
CONTINUOUS
100
AcDbLine
 10
1.3736220472440945
 20
0.62376968503937
 30
0
 11
1.3734722047244095
 21
0.6230163779527559
 31
0
  0
LINE
  5
251
330
1A
100
AcDbEntity
  8
BLACK
  6
CONTINUOUS
100
AcDbLine
 10
1.3734722047244095
 20
0.6230163779527559
 30
0
 11
1.3730454724409449
 21
0.6223777559055118
 31
0
  0
LINE
  5
252
330
1A
100
AcDbEntity
  8
BLACK
  6
CONTINUOUS
100
AcDbLine
 10
1.3730454724409449
 20
0.6223777559055118
 30
0
 11
1.3724068503937008
 21
0.6219510236220472
 31
0
  0
LINE
  5
253
330
1A
100
AcDbEntity
  8
BLACK
  6
CONTINUOUS
100
AcDbLine
 10
1.3724068503937008
 20
0.6219510236220472
 30
0
 11
1.3716535433070867
 21
0.6218011811023622
 31
0
  0
LINE
  5
254
330
1A
100
AcDbEntity
  8
BLACK
  6
CONTINUOUS
100
AcDbLine
 10
1.3716535433070867
 20
0.6218011811023622
 30
0
 11
1.3204724409448818
 21
0.6218011811023622
 31
0
  0
LINE
  5
255
330
1A
100
AcDbEntity
  8
BLACK
  6
CONTINUOUS
100
AcDbLine
 10
1.3204724409448818
 20
0.6218011811023622
 30
0
 11
1.3197191338582677
 21
0.6219510236220472
 31
0
  0
LINE
  5
256
330
1A
100
AcDbEntity
  8
BLACK
  6
CONTINUOUS
100
AcDbLine
 10
1.3197191338582677
 20
0.6219510236220472
 30
0
 11
1.3190805118110236
 21
0.6223777559055118
 31
0
  0
LINE
  5
257
330
1A
100
AcDbEntity
  8
BLACK
  6
CONTINUOUS
100
AcDbLine
 10
1.3190805118110236
 20
0.6223777559055118
 30
0
 11
1.318653779527559
 21
0.6230163779527559
 31
0
  0
LINE
  5
258
330
1A
100
AcDbEntity
  8
BLACK
  6
CONTINUOUS
100
AcDbLine
 10
1.318653779527559
 20
0.6230163779527559
 30
0
 11
1.3185039370078739
 21
0.62376968503937
 31
0
  0
LINE
  5
259
330
1A
100
AcDbEntity
  8
BLACK
  6
CONTINUOUS
100
AcDbLine
 10
1.3185039370078739
 20
0.62376968503937
 30
0
 11
1.3185039370078739
 21
0.6828248031496063
 31
0
  0
LINE
  5
25A
330
1A
100
AcDbEntity
  8
BLACK
  6
CONTINUOUS
100
AcDbLine
 10
1.3185039370078739
 20
0.6828248031496063
 30
0
 11
1.318653779527559
 21
0.6835781102362205
 31
0
  0
LINE
  5
25B
330
1A
100
AcDbEntity
  8
BLACK
  6
CONTINUOUS
100
AcDbLine
 10
1.318653779527559
 20
0.6835781102362205
 30
0
 11
1.3190805118110236
 21
0.6842167322834646
 31
0
  0
LINE
  5
25C
330
1A
100
AcDbEntity
  8
BLACK
  6
CONTINUOUS
100
AcDbLine
 10
1.3190805118110236
 20
0.6842167322834646
 30
0
 11
1.3197191338582677
 21
0.6846434645669291
 31
0
  0
LINE
  5
25D
330
1A
100
AcDbEntity
  8
BLACK
  6
CONTINUOUS
100
AcDbLine
 10
1.3197191338582677
 20
0.6846434645669291
 30
0
 11
1.3204724409448818
 21
0.6847933070866141
 31
0
  0
LINE
  5
25E
330
1A
100
AcDbEntity
  8
BLACK
  6
CONTINUOUS
100
AcDbLine
 10
1.3204724409448818
 20
0.6847933070866141
 30
0
 11
1.3716535433070867
 21
0.6847933070866141
 31
0
  0
LINE
  5
25F
330
1A
100
AcDbEntity
  8
BLACK
  6
CONTINUOUS
100
AcDbLine
 10
1.3716535433070867
 20
0.6847933070866141
 30
0
 11
1.3724068503937008
 21
0.6846434645669291
 31
0
  0
LINE
  5
260
330
1A
100
AcDbEntity
  8
BLACK
  6
CONTINUOUS
100
AcDbLine
 10
1.478706062992126
 20
0.6846434645669291
 30
0
 11
1.4793446850393701
 21
0.6842167322834646
 31
0
  0
LINE
  5
261
330
1A
100
AcDbEntity
  8
BLACK
  6
CONTINUOUS
100
AcDbLine
 10
1.4793446850393701
 20
0.6842167322834646
 30
0
 11
1.4797714173228347
 21
0.6835781102362205
 31
0
  0
LINE
  5
262
330
1A
100
AcDbEntity
  8
BLACK
  6
CONTINUOUS
100
AcDbLine
 10
1.4797714173228347
 20
0.6835781102362205
 30
0
 11
1.4799212598425195
 21
0.6828248031496063
 31
0
  0
LINE
  5
263
330
1A
100
AcDbEntity
  8
BLACK
  6
CONTINUOUS
100
AcDbLine
 10
1.4799212598425195
 20
0.6828248031496063
 30
0
 11
1.4799212598425195
 21
0.62376968503937
 31
0
  0
LINE
  5
264
330
1A
100
AcDbEntity
  8
BLACK
  6
CONTINUOUS
100
AcDbLine
 10
1.4799212598425195
 20
0.62376968503937
 30
0
 11
1.4797714173228347
 21
0.6230163779527559
 31
0
  0
LINE
  5
265
330
1A
100
AcDbEntity
  8
BLACK
  6
CONTINUOUS
100
AcDbLine
 10
1.4797714173228347
 20
0.6230163779527559
 30
0
 11
1.4793446850393701
 21
0.6223777559055118
 31
0
  0
LINE
  5
266
330
1A
100
AcDbEntity
  8
BLACK
  6
CONTINUOUS
100
AcDbLine
 10
1.4793446850393701
 20
0.6223777559055118
 30
0
 11
1.478706062992126
 21
0.6219510236220472
 31
0
  0
LINE
  5
267
330
1A
100
AcDbEntity
  8
BLACK
  6
CONTINUOUS
100
AcDbLine
 10
1.478706062992126
 20
0.6219510236220472
 30
0
 11
1.4779527559055117
 21
0.6218011811023622
 31
0
  0
LINE
  5
268
330
1A
100
AcDbEntity
  8
BLACK
  6
CONTINUOUS
100
AcDbLine
 10
1.4779527559055117
 20
0.6218011811023622
 30
0
 11
1.426771653543307
 21
0.6218011811023622
 31
0
  0
LINE
  5
269
330
1A
100
AcDbEntity
  8
BLACK
  6
CONTINUOUS
100
AcDbLine
 10
1.426771653543307
 20
0.6218011811023622
 30
0
 11
1.4260183464566929
 21
0.6219510236220472
 31
0
  0
LINE
  5
26A
330
1A
100
AcDbEntity
  8
BLACK
  6
CONTINUOUS
100
AcDbLine
 10
1.4260183464566929
 20
0.6219510236220472
 30
0
 11
1.4253797244094488
 21
0.6223777559055118
 31
0
  0
LINE
  5
26B
330
1A
100
AcDbEntity
  8
BLACK
  6
CONTINUOUS
100
AcDbLine
 10
1.4253797244094488
 20
0.6223777559055118
 30
0
 11
1.4249529921259843
 21
0.6230163779527559
 31
0
  0
LINE
  5
26C
330
1A
100
AcDbEntity
  8
BLACK
  6
CONTINUOUS
100
AcDbLine
 10
1.4249529921259843
 20
0.6230163779527559
 30
0
 11
1.4248031496062992
 21
0.62376968503937
 31
0
  0
LINE
  5
26D
330
1A
100
AcDbEntity
  8
BLACK
  6
CONTINUOUS
100
AcDbLine
 10
1.4248031496062992
 20
0.62376968503937
 30
0
 11
1.4248031496062992
 21
0.6828248031496063
 31
0
  0
LINE
  5
26E
330
1A
100
AcDbEntity
  8
BLACK
  6
CONTINUOUS
100
AcDbLine
 10
1.4248031496062992
 20
0.6828248031496063
 30
0
 11
1.4249529921259843
 21
0.6835781102362205
 31
0
  0
LINE
  5
26F
330
1A
100
AcDbEntity
  8
BLACK
  6
CONTINUOUS
100
AcDbLine
 10
1.4249529921259843
 20
0.6835781102362205
 30
0
 11
1.4253797244094488
 21
0.6842167322834646
 31
0
  0
LINE
  5
270
330
1A
100
AcDbEntity
  8
BLACK
  6
CONTINUOUS
100
AcDbLine
 10
1.4253797244094488
 20
0.6842167322834646
 30
0
 11
1.4260183464566929
 21
0.6846434645669291
 31
0
  0
LINE
  5
271
330
1A
100
AcDbEntity
  8
BLACK
  6
CONTINUOUS
100
AcDbLine
 10
1.4260183464566929
 20
0.6846434645669291
 30
0
 11
1.426771653543307
 21
0.6847933070866141
 31
0
  0
LINE
  5
272
330
1A
100
AcDbEntity
  8
BLACK
  6
CONTINUOUS
100
AcDbLine
 10
1.426771653543307
 20
0.6847933070866141
 30
0
 11
1.4779527559055117
 21
0.6847933070866141
 31
0
  0
LINE
  5
273
330
1A
100
AcDbEntity
  8
BLACK
  6
CONTINUOUS
100
AcDbLine
 10
1.4779527559055117
 20
0.6847933070866141
 30
0
 11
1.478706062992126
 21
0.6846434645669291
 31
0
  0
LINE
  5
274
330
1A
100
AcDbEntity
  8
BLACK
  6
CONTINUOUS
100
AcDbLine
 10
1.9777877952755905
 20
0.6787216929133858
 30
0
 11
1.9817585039370078
 21
0.6769684645669292
 31
0
  0
LINE
  5
275
330
1A
100
AcDbEntity
  8
BLACK
  6
CONTINUOUS
100
AcDbLine
 10
1.9817585039370078
 20
0.6769684645669292
 30
0
 11
1.9848277165354331
 21
0.673899251968504
 31
0
  0
LINE
  5
276
330
1A
100
AcDbEntity
  8
BLACK
  6
CONTINUOUS
100
AcDbLine
 10
1.9848277165354331
 20
0.673899251968504
 30
0
 11
1.9865809448818896
 21
0.6699285433070866
 31
0
  0
LINE
  5
277
330
1A
100
AcDbEntity
  8
BLACK
  6
CONTINUOUS
100
AcDbLine
 10
1.9865809448818896
 20
0.6699285433070866
 30
0
 11
1.9868946850393701
 21
0.6672244094488189
 31
0
  0
LINE
  5
278
330
1A
100
AcDbEntity
  8
BLACK
  6
CONTINUOUS
100
AcDbLine
 10
1.9868946850393701
 20
0.6672244094488189
 30
0
 11
1.9868946850393701
 21
0.6475393700787402
 31
0
  0
LINE
  5
279
330
1A
100
AcDbEntity
  8
BLACK
  6
CONTINUOUS
100
AcDbLine
 10
1.9868946850393701
 20
0.6475393700787402
 30
0
 11
1.9865809448818896
 21
0.6448352362204725
 31
0
  0
LINE
  5
27A
330
1A
100
AcDbEntity
  8
BLACK
  6
CONTINUOUS
100
AcDbLine
 10
1.9865809448818896
 20
0.6448352362204725
 30
0
 11
1.9848277165354331
 21
0.6408645275590551
 31
0
  0
LINE
  5
27B
330
1A
100
AcDbEntity
  8
BLACK
  6
CONTINUOUS
100
AcDbLine
 10
1.9848277165354331
 20
0.6408645275590551
 30
0
 11
1.9817585039370078
 21
0.6377953149606299
 31
0
  0
LINE
  5
27C
330
1A
100
AcDbEntity
  8
BLACK
  6
CONTINUOUS
100
AcDbLine
 10
1.9817585039370078
 20
0.6377953149606299
 30
0
 11
1.9777877952755905
 21
0.6360420866141732
 31
0
  0
LINE
  5
27D
330
1A
100
AcDbEntity
  8
BLACK
  6
CONTINUOUS
100
AcDbLine
 10
1.9777877952755905
 20
0.6360420866141732
 30
0
 11
1.9750836614173228
 21
0.6357283464566928
 31
0
  0
LINE
  5
27E
330
1A
100
AcDbEntity
  8
BLACK
  6
CONTINUOUS
100
AcDbLine
 10
1.9750836614173228
 20
0.6357283464566928
 30
0
 11
1.9376820866141733
 21
0.6357283464566928
 31
0
  0
LINE
  5
27F
330
1A
100
AcDbEntity
  8
BLACK
  6
CONTINUOUS
100
AcDbLine
 10
1.9376820866141733
 20
0.6357283464566928
 30
0
 11
1.9349779527559055
 21
0.6360420866141732
 31
0
  0
LINE
  5
280
330
1A
100
AcDbEntity
  8
BLACK
  6
CONTINUOUS
100
AcDbLine
 10
1.9349779527559055
 20
0.6360420866141732
 30
0
 11
1.9310072440944881
 21
0.6377953149606299
 31
0
  0
LINE
  5
281
330
1A
100
AcDbEntity
  8
BLACK
  6
CONTINUOUS
100
AcDbLine
 10
1.9310072440944881
 20
0.6377953149606299
 30
0
 11
1.927938031496063
 21
0.6408645275590551
 31
0
  0
LINE
  5
282
330
1A
100
AcDbEntity
  8
BLACK
  6
CONTINUOUS
100
AcDbLine
 10
1.927938031496063
 20
0.6408645275590551
 30
0
 11
1.9261848031496063
 21
0.6448352362204725
 31
0
  0
LINE
  5
283
330
1A
100
AcDbEntity
  8
BLACK
  6
CONTINUOUS
100
AcDbLine
 10
1.9261848031496063
 20
0.6448352362204725
 30
0
 11
1.9258710629921258
 21
0.6475393700787402
 31
0
  0
LINE
  5
284
330
1A
100
AcDbEntity
  8
BLACK
  6
CONTINUOUS
100
AcDbLine
 10
1.9258710629921258
 20
0.6475393700787402
 30
0
 11
1.9258710629921258
 21
0.6672244094488189
 31
0
  0
LINE
  5
285
330
1A
100
AcDbEntity
  8
BLACK
  6
CONTINUOUS
100
AcDbLine
 10
1.9258710629921258
 20
0.6672244094488189
 30
0
 11
1.9261848031496063
 21
0.6699285433070866
 31
0
  0
LINE
  5
286
330
1A
100
AcDbEntity
  8
BLACK
  6
CONTINUOUS
100
AcDbLine
 10
1.9261848031496063
 20
0.6699285433070866
 30
0
 11
1.927938031496063
 21
0.673899251968504
 31
0
  0
LINE
  5
287
330
1A
100
AcDbEntity
  8
BLACK
  6
CONTINUOUS
100
AcDbLine
 10
1.927938031496063
 20
0.673899251968504
 30
0
 11
1.9310072440944881
 21
0.6769684645669292
 31
0
  0
LINE
  5
288
330
1A
100
AcDbEntity
  8
BLACK
  6
CONTINUOUS
100
AcDbLine
 10
1.9310072440944881
 20
0.6769684645669292
 30
0
 11
1.9349779527559055
 21
0.6787216929133858
 31
0
  0
LINE
  5
289
330
1A
100
AcDbEntity
  8
BLACK
  6
CONTINUOUS
100
AcDbLine
 10
1.9349779527559055
 20
0.6787216929133858
 30
0
 11
1.9376820866141733
 21
0.6790354330708661
 31
0
  0
LINE
  5
28A
330
1A
100
AcDbEntity
  8
BLACK
  6
CONTINUOUS
100
AcDbLine
 10
1.9376820866141733
 20
0.6790354330708661
 30
0
 11
1.9750836614173228
 21
0.6790354330708661
 31
0
  0
LINE
  5
28B
330
1A
100
AcDbEntity
  8
BLACK
  6
CONTINUOUS
100
AcDbLine
 10
1.9750836614173228
 20
0.6790354330708661
 30
0
 11
1.9777877952755905
 21
0.6787216929133858
 31
0
  0
LINE
  5
28C
330
1A
100
AcDbEntity
  8
BLACK
  6
CONTINUOUS
100
AcDbLine
 10
1.8935358267716536
 20
0.679509094488189
 30
0
 11
1.8975065354330709
 21
0.6777558661417322
 31
0
  0
LINE
  5
28D
330
1A
100
AcDbEntity
  8
BLACK
  6
CONTINUOUS
100
AcDbLine
 10
1.8975065354330709
 20
0.6777558661417322
 30
0
 11
1.900575748031496
 21
0.674686653543307
 31
0
  0
LINE
  5
28E
330
1A
100
AcDbEntity
  8
BLACK
  6
CONTINUOUS
100
AcDbLine
 10
1.900575748031496
 20
0.674686653543307
 30
0
 11
1.9023289763779527
 21
0.6707159448818898
 31
0
  0
LINE
  5
28F
330
1A
100
AcDbEntity
  8
BLACK
  6
CONTINUOUS
100
AcDbLine
 10
1.9023289763779527
 20
0.6707159448818898
 30
0
 11
1.9026427165354329
 21
0.6680118110236221
 31
0
  0
LINE
  5
290
330
1A
100
AcDbEntity
  8
BLACK
  6
CONTINUOUS
100
AcDbLine
 10
1.9026427165354329
 20
0.6680118110236221
 30
0
 11
1.9026427165354329
 21
0.6483267716535432
 31
0
  0
LINE
  5
291
330
1A
100
AcDbEntity
  8
BLACK
  6
CONTINUOUS
100
AcDbLine
 10
1.9026427165354329
 20
0.6483267716535432
 30
0
 11
1.9023289763779527
 21
0.6456226377952756
 31
0
  0
LINE
  5
292
330
1A
100
AcDbEntity
  8
BLACK
  6
CONTINUOUS
100
AcDbLine
 10
1.9023289763779527
 20
0.6456226377952756
 30
0
 11
1.900575748031496
 21
0.6416519291338583
 31
0
  0
LINE
  5
293
330
1A
100
AcDbEntity
  8
BLACK
  6
CONTINUOUS
100
AcDbLine
 10
1.900575748031496
 20
0.6416519291338583
 30
0
 11
1.8975065354330709
 21
0.6385827165354331
 31
0
  0
LINE
  5
294
330
1A
100
AcDbEntity
  8
BLACK
  6
CONTINUOUS
100
AcDbLine
 10
1.8975065354330709
 20
0.6385827165354331
 30
0
 11
1.8935358267716536
 21
0.6368294881889763
 31
0
  0
LINE
  5
295
330
1A
100
AcDbEntity
  8
BLACK
  6
CONTINUOUS
100
AcDbLine
 10
1.8935358267716536
 20
0.6368294881889763
 30
0
 11
1.8908316929133857
 21
0.636515748031496
 31
0
  0
LINE
  5
296
330
1A
100
AcDbEntity
  8
BLACK
  6
CONTINUOUS
100
AcDbLine
 10
1.8908316929133857
 20
0.636515748031496
 30
0
 11
1.8534301181102362
 21
0.636515748031496
 31
0
  0
LINE
  5
297
330
1A
100
AcDbEntity
  8
BLACK
  6
CONTINUOUS
100
AcDbLine
 10
1.8534301181102362
 20
0.636515748031496
 30
0
 11
1.8507259842519685
 21
0.6368294881889763
 31
0
  0
LINE
  5
298
330
1A
100
AcDbEntity
  8
BLACK
  6
CONTINUOUS
100
AcDbLine
 10
1.8507259842519685
 20
0.6368294881889763
 30
0
 11
1.8467552755905512
 21
0.6385827165354331
 31
0
  0
LINE
  5
299
330
1A
100
AcDbEntity
  8
BLACK
  6
CONTINUOUS
100
AcDbLine
 10
1.8467552755905512
 20
0.6385827165354331
 30
0
 11
1.8436860629921259
 21
0.6416519291338583
 31
0
  0
LINE
  5
29A
330
1A
100
AcDbEntity
  8
BLACK
  6
CONTINUOUS
100
AcDbLine
 10
1.8436860629921259
 20
0.6416519291338583
 30
0
 11
1.8419328346456691
 21
0.6456226377952756
 31
0
  0
LINE
  5
29B
330
1A
100
AcDbEntity
  8
BLACK
  6
CONTINUOUS
100
AcDbLine
 10
1.8419328346456691
 20
0.6456226377952756
 30
0
 11
1.8416190944881889
 21
0.6483267716535432
 31
0
  0
LINE
  5
29C
330
1A
100
AcDbEntity
  8
BLACK
  6
CONTINUOUS
100
AcDbLine
 10
1.8416190944881889
 20
0.6483267716535432
 30
0
 11
1.8416190944881889
 21
0.6680118110236221
 31
0
  0
LINE
  5
29D
330
1A
100
AcDbEntity
  8
BLACK
  6
CONTINUOUS
100
AcDbLine
 10
1.8416190944881889
 20
0.6680118110236221
 30
0
 11
1.8419328346456691
 21
0.6707159448818898
 31
0
  0
LINE
  5
29E
330
1A
100
AcDbEntity
  8
BLACK
  6
CONTINUOUS
100
AcDbLine
 10
1.8419328346456691
 20
0.6707159448818898
 30
0
 11
1.8436860629921259
 21
0.674686653543307
 31
0
  0
LINE
  5
29F
330
1A
100
AcDbEntity
  8
BLACK
  6
CONTINUOUS
100
AcDbLine
 10
1.8436860629921259
 20
0.674686653543307
 30
0
 11
1.8467552755905512
 21
0.6777558661417322
 31
0
  0
LINE
  5
2A0
330
1A
100
AcDbEntity
  8
BLACK
  6
CONTINUOUS
100
AcDbLine
 10
1.8467552755905512
 20
0.6777558661417322
 30
0
 11
1.8507259842519685
 21
0.679509094488189
 31
0
  0
LINE
  5
2A1
330
1A
100
AcDbEntity
  8
BLACK
  6
CONTINUOUS
100
AcDbLine
 10
1.8507259842519685
 20
0.679509094488189
 30
0
 11
1.8534301181102362
 21
0.6798228346456693
 31
0
  0
LINE
  5
2A2
330
1A
100
AcDbEntity
  8
BLACK
  6
CONTINUOUS
100
AcDbLine
 10
1.8534301181102362
 20
0.6798228346456693
 30
0
 11
1.8908316929133857
 21
0.6798228346456693
 31
0
  0
LINE
  5
2A3
330
1A
100
AcDbEntity
  8
BLACK
  6
CONTINUOUS
100
AcDbLine
 10
1.8908316929133857
 20
0.6798228346456693
 30
0
 11
1.8935358267716536
 21
0.679509094488189
 31
0
  0
LINE
  5
2A4
330
1A
100
AcDbEntity
  8
BLACK
  6
CONTINUOUS
100
AcDbLine
 10
2.1023453543307085
 20
0.692192283464567
 30
0
 11
2.1048998425196852
 21
0.6904853937007874
 31
0
  0
LINE
  5
2A5
330
1A
100
AcDbEntity
  8
BLACK
  6
CONTINUOUS
100
AcDbLine
 10
2.1048998425196852
 20
0.6904853937007874
 30
0
 11
2.1066067322834647
 21
0.687930905511811
 31
0
  0
LINE
  5
2A6
330
1A
100
AcDbEntity
  8
BLACK
  6
CONTINUOUS
100
AcDbLine
 10
2.1066067322834647
 20
0.687930905511811
 30
0
 11
2.1072061023622046
 21
0.6849176377952756
 31
0
  0
LINE
  5
2A7
330
1A
100
AcDbEntity
  8
BLACK
  6
CONTINUOUS
100
AcDbLine
 10
2.1072061023622046
 20
0.6849176377952756
 30
0
 11
2.1072061023622046
 21
0.6445633070866141
 31
0
  0
LINE
  5
2A8
330
1A
100
AcDbEntity
  8
BLACK
  6
CONTINUOUS
100
AcDbLine
 10
2.1072061023622046
 20
0.6445633070866141
 30
0
 11
2.1066067322834647
 21
0.6415500393700787
 31
0
  0
LINE
  5
2A9
330
1A
100
AcDbEntity
  8
BLACK
  6
CONTINUOUS
100
AcDbLine
 10
2.1066067322834647
 20
0.6415500393700787
 30
0
 11
2.1048998425196852
 21
0.6389955511811023
 31
0
  0
LINE
  5
2AA
330
1A
100
AcDbEntity
  8
BLACK
  6
CONTINUOUS
100
AcDbLine
 10
2.1048998425196852
 20
0.6389955511811023
 30
0
 11
2.1023453543307085
 21
0.6372886614173228
 31
0
  0
LINE
  5
2AB
330
1A
100
AcDbEntity
  8
BLACK
  6
CONTINUOUS
100
AcDbLine
 10
2.1023453543307085
 20
0.6372886614173228
 30
0
 11
2.0993320866141731
 21
0.6366892913385827
 31
0
  0
LINE
  5
2AC
330
1A
100
AcDbEntity
  8
BLACK
  6
CONTINUOUS
100
AcDbLine
 10
2.0993320866141731
 20
0.6366892913385827
 30
0
 11
2.0875210629921259
 21
0.6366892913385827
 31
0
  0
LINE
  5
2AD
330
1A
100
AcDbEntity
  8
BLACK
  6
CONTINUOUS
100
AcDbLine
 10
2.0875210629921259
 20
0.6366892913385827
 30
0
 11
2.0845077952755906
 21
0.6372886614173228
 31
0
  0
LINE
  5
2AE
330
1A
100
AcDbEntity
  8
BLACK
  6
CONTINUOUS
100
AcDbLine
 10
2.0845077952755906
 20
0.6372886614173228
 30
0
 11
2.0819533070866143
 21
0.6389955511811023
 31
0
  0
LINE
  5
2AF
330
1A
100
AcDbEntity
  8
BLACK
  6
CONTINUOUS
100
AcDbLine
 10
2.0819533070866143
 20
0.6389955511811023
 30
0
 11
2.0802464173228348
 21
0.6415500393700787
 31
0
  0
LINE
  5
2B0
330
1A
100
AcDbEntity
  8
BLACK
  6
CONTINUOUS
100
AcDbLine
 10
2.0802464173228348
 20
0.6415500393700787
 30
0
 11
2.0796470472440944
 21
0.6445633070866141
 31
0
  0
LINE
  5
2B1
330
1A
100
AcDbEntity
  8
BLACK
  6
CONTINUOUS
100
AcDbLine
 10
2.0796470472440944
 20
0.6445633070866141
 30
0
 11
2.0796470472440944
 21
0.6849176377952756
 31
0
  0
LINE
  5
2B2
330
1A
100
AcDbEntity
  8
BLACK
  6
CONTINUOUS
100
AcDbLine
 10
2.0796470472440944
 20
0.6849176377952756
 30
0
 11
2.0802464173228348
 21
0.687930905511811
 31
0
  0
LINE
  5
2B3
330
1A
100
AcDbEntity
  8
BLACK
  6
CONTINUOUS
100
AcDbLine
 10
2.0802464173228348
 20
0.687930905511811
 30
0
 11
2.0819533070866143
 21
0.6904853937007874
 31
0
  0
LINE
  5
2B4
330
1A
100
AcDbEntity
  8
BLACK
  6
CONTINUOUS
100
AcDbLine
 10
2.0819533070866143
 20
0.6904853937007874
 30
0
 11
2.0845077952755906
 21
0.692192283464567
 31
0
  0
LINE
  5
2B5
330
1A
100
AcDbEntity
  8
BLACK
  6
CONTINUOUS
100
AcDbLine
 10
2.0845077952755906
 20
0.692192283464567
 30
0
 11
2.0875210629921259
 21
0.6927916535433071
 31
0
  0
LINE
  5
2B6
330
1A
100
AcDbEntity
  8
BLACK
  6
CONTINUOUS
100
AcDbLine
 10
2.0875210629921259
 20
0.6927916535433071
 30
0
 11
2.0993320866141731
 21
0.6927916535433071
 31
0
  0
LINE
  5
2B7
330
1A
100
AcDbEntity
  8
BLACK
  6
CONTINUOUS
100
AcDbLine
 10
2.0993320866141731
 20
0.6927916535433071
 30
0
 11
2.1023453543307085
 21
0.692192283464567
 31
0
  0
LINE
  5
2B8
330
1A
100
AcDbEntity
  8
BLACK
  6
CONTINUOUS
100
AcDbLine
 10
2.139746929133858
 20
0.692192283464567
 30
0
 11
2.1423014173228347
 21
0.6904853937007874
 31
0
  0
LINE
  5
2B9
330
1A
100
AcDbEntity
  8
BLACK
  6
CONTINUOUS
100
AcDbLine
 10
2.1423014173228347
 20
0.6904853937007874
 30
0
 11
2.1440083070866143
 21
0.687930905511811
 31
0
  0
LINE
  5
2BA
330
1A
100
AcDbEntity
  8
BLACK
  6
CONTINUOUS
100
AcDbLine
 10
2.1440083070866143
 20
0.687930905511811
 30
0
 11
2.1446076771653542
 21
0.6849176377952756
 31
0
  0
LINE
  5
2BB
330
1A
100
AcDbEntity
  8
BLACK
  6
CONTINUOUS
100
AcDbLine
 10
2.1446076771653542
 20
0.6849176377952756
 30
0
 11
2.1446076771653542
 21
0.6445633070866141
 31
0
  0
LINE
  5
2BC
330
1A
100
AcDbEntity
  8
BLACK
  6
CONTINUOUS
100
AcDbLine
 10
2.1446076771653542
 20
0.6445633070866141
 30
0
 11
2.1440083070866143
 21
0.6415500393700787
 31
0
  0
LINE
  5
2BD
330
1A
100
AcDbEntity
  8
BLACK
  6
CONTINUOUS
100
AcDbLine
 10
2.1440083070866143
 20
0.6415500393700787
 30
0
 11
2.1423014173228347
 21
0.6389955511811023
 31
0
  0
LINE
  5
2BE
330
1A
100
AcDbEntity
  8
BLACK
  6
CONTINUOUS
100
AcDbLine
 10
2.1423014173228347
 20
0.6389955511811023
 30
0
 11
2.139746929133858
 21
0.6372886614173228
 31
0
  0
LINE
  5
2BF
330
1A
100
AcDbEntity
  8
BLACK
  6
CONTINUOUS
100
AcDbLine
 10
2.139746929133858
 20
0.6372886614173228
 30
0
 11
2.1367336614173227
 21
0.6366892913385827
 31
0
  0
LINE
  5
2C0
330
1A
100
AcDbEntity
  8
BLACK
  6
CONTINUOUS
100
AcDbLine
 10
2.1367336614173227
 20
0.6366892913385827
 30
0
 11
2.1249226377952755
 21
0.6366892913385827
 31
0
  0
LINE
  5
2C1
330
1A
100
AcDbEntity
  8
BLACK
  6
CONTINUOUS
100
AcDbLine
 10
2.1249226377952755
 20
0.6366892913385827
 30
0
 11
2.1219093700787401
 21
0.6372886614173228
 31
0
  0
LINE
  5
2C2
330
1A
100
AcDbEntity
  8
BLACK
  6
CONTINUOUS
100
AcDbLine
 10
2.1219093700787401
 20
0.6372886614173228
 30
0
 11
2.1193548818897638
 21
0.6389955511811023
 31
0
  0
LINE
  5
2C3
330
1A
100
AcDbEntity
  8
BLACK
  6
CONTINUOUS
100
AcDbLine
 10
2.1193548818897638
 20
0.6389955511811023
 30
0
 11
2.1176479921259843
 21
0.6415500393700787
 31
0
  0
LINE
  5
2C4
330
1A
100
AcDbEntity
  8
BLACK
  6
CONTINUOUS
100
AcDbLine
 10
2.1176479921259843
 20
0.6415500393700787
 30
0
 11
2.117048622047244
 21
0.6445633070866141
 31
0
  0
LINE
  5
2C5
330
1A
100
AcDbEntity
  8
BLACK
  6
CONTINUOUS
100
AcDbLine
 10
2.117048622047244
 20
0.6445633070866141
 30
0
 11
2.117048622047244
 21
0.6849176377952756
 31
0
  0
LINE
  5
2C6
330
1A
100
AcDbEntity
  8
BLACK
  6
CONTINUOUS
100
AcDbLine
 10
2.117048622047244
 20
0.6849176377952756
 30
0
 11
2.1176479921259843
 21
0.687930905511811
 31
0
  0
LINE
  5
2C7
330
1A
100
AcDbEntity
  8
BLACK
  6
CONTINUOUS
100
AcDbLine
 10
2.1176479921259843
 20
0.687930905511811
 30
0
 11
2.1193548818897638
 21
0.6904853937007874
 31
0
  0
LINE
  5
2C8
330
1A
100
AcDbEntity
  8
BLACK
  6
CONTINUOUS
100
AcDbLine
 10
2.1193548818897638
 20
0.6904853937007874
 30
0
 11
2.1219093700787401
 21
0.692192283464567
 31
0
  0
LINE
  5
2C9
330
1A
100
AcDbEntity
  8
BLACK
  6
CONTINUOUS
100
AcDbLine
 10
2.1219093700787401
 20
0.692192283464567
 30
0
 11
2.1249226377952755
 21
0.6927916535433071
 31
0
  0
LINE
  5
2CA
330
1A
100
AcDbEntity
  8
BLACK
  6
CONTINUOUS
100
AcDbLine
 10
2.1249226377952755
 20
0.6927916535433071
 30
0
 11
2.1367336614173227
 21
0.6927916535433071
 31
0
  0
LINE
  5
2CB
330
1A
100
AcDbEntity
  8
BLACK
  6
CONTINUOUS
100
AcDbLine
 10
2.1367336614173227
 20
0.6927916535433071
 30
0
 11
2.139746929133858
 21
0.692192283464567
 31
0
  0
LINE
  5
2CC
330
1A
100
AcDbEntity
  8
BLACK
  6
CONTINUOUS
100
AcDbLine
 10
2.177148503937008
 20
0.692192283464567
 30
0
 11
2.1797029921259843
 21
0.6904853937007874
 31
0
  0
LINE
  5
2CD
330
1A
100
AcDbEntity
  8
BLACK
  6
CONTINUOUS
100
AcDbLine
 10
2.1797029921259843
 20
0.6904853937007874
 30
0
 11
2.1814098818897638
 21
0.687930905511811
 31
0
  0
LINE
  5
2CE
330
1A
100
AcDbEntity
  8
BLACK
  6
CONTINUOUS
100
AcDbLine
 10
2.1814098818897638
 20
0.687930905511811
 30
0
 11
2.1820092519685037
 21
0.6849176377952756
 31
0
  0
LINE
  5
2CF
330
1A
100
AcDbEntity
  8
BLACK
  6
CONTINUOUS
100
AcDbLine
 10
2.1820092519685037
 20
0.6849176377952756
 30
0
 11
2.1820092519685037
 21
0.6445633070866141
 31
0
  0
LINE
  5
2D0
330
1A
100
AcDbEntity
  8
BLACK
  6
CONTINUOUS
100
AcDbLine
 10
2.1820092519685037
 20
0.6445633070866141
 30
0
 11
2.1814098818897638
 21
0.6415500393700787
 31
0
  0
LINE
  5
2D1
330
1A
100
AcDbEntity
  8
BLACK
  6
CONTINUOUS
100
AcDbLine
 10
2.1814098818897638
 20
0.6415500393700787
 30
0
 11
2.1797029921259843
 21
0.6389955511811023
 31
0
  0
LINE
  5
2D2
330
1A
100
AcDbEntity
  8
BLACK
  6
CONTINUOUS
100
AcDbLine
 10
2.1797029921259843
 20
0.6389955511811023
 30
0
 11
2.177148503937008
 21
0.6372886614173228
 31
0
  0
LINE
  5
2D3
330
1A
100
AcDbEntity
  8
BLACK
  6
CONTINUOUS
100
AcDbLine
 10
2.177148503937008
 20
0.6372886614173228
 30
0
 11
2.1741352362204722
 21
0.6366892913385827
 31
0
  0
LINE
  5
2D4
330
1A
100
AcDbEntity
  8
BLACK
  6
CONTINUOUS
100
AcDbLine
 10
2.1741352362204722
 20
0.6366892913385827
 30
0
 11
2.162324212598425
 21
0.6366892913385827
 31
0
  0
LINE
  5
2D5
330
1A
100
AcDbEntity
  8
BLACK
  6
CONTINUOUS
100
AcDbLine
 10
2.162324212598425
 20
0.6366892913385827
 30
0
 11
2.1593109448818897
 21
0.6372886614173228
 31
0
  0
LINE
  5
2D6
330
1A
100
AcDbEntity
  8
BLACK
  6
CONTINUOUS
100
AcDbLine
 10
2.1593109448818897
 20
0.6372886614173228
 30
0
 11
2.1567564566929134
 21
0.6389955511811023
 31
0
  0
LINE
  5
2D7
330
1A
100
AcDbEntity
  8
BLACK
  6
CONTINUOUS
100
AcDbLine
 10
2.1567564566929134
 20
0.6389955511811023
 30
0
 11
2.1550495669291339
 21
0.6415500393700787
 31
0
  0
LINE
  5
2D8
330
1A
100
AcDbEntity
  8
BLACK
  6
CONTINUOUS
100
AcDbLine
 10
2.1550495669291339
 20
0.6415500393700787
 30
0
 11
2.1544501968503935
 21
0.6445633070866141
 31
0
  0
LINE
  5
2D9
330
1A
100
AcDbEntity
  8
BLACK
  6
CONTINUOUS
100
AcDbLine
 10
2.1544501968503935
 20
0.6445633070866141
 30
0
 11
2.1544501968503935
 21
0.6849176377952756
 31
0
  0
LINE
  5
2DA
330
1A
100
AcDbEntity
  8
BLACK
  6
CONTINUOUS
100
AcDbLine
 10
2.1544501968503935
 20
0.6849176377952756
 30
0
 11
2.1550495669291339
 21
0.687930905511811
 31
0
  0
LINE
  5
2DB
330
1A
100
AcDbEntity
  8
BLACK
  6
CONTINUOUS
100
AcDbLine
 10
2.1550495669291339
 20
0.687930905511811
 30
0
 11
2.1567564566929134
 21
0.6904853937007874
 31
0
  0
LINE
  5
2DC
330
1A
100
AcDbEntity
  8
BLACK
  6
CONTINUOUS
100
AcDbLine
 10
2.1567564566929134
 20
0.6904853937007874
 30
0
 11
2.1593109448818897
 21
0.692192283464567
 31
0
  0
LINE
  5
2DD
330
1A
100
AcDbEntity
  8
BLACK
  6
CONTINUOUS
100
AcDbLine
 10
2.1593109448818897
 20
0.692192283464567
 30
0
 11
2.162324212598425
 21
0.6927916535433071
 31
0
  0
LINE
  5
2DE
330
1A
100
AcDbEntity
  8
BLACK
  6
CONTINUOUS
100
AcDbLine
 10
2.162324212598425
 20
0.6927916535433071
 30
0
 11
2.1741352362204722
 21
0.6927916535433071
 31
0
  0
LINE
  5
2DF
330
1A
100
AcDbEntity
  8
BLACK
  6
CONTINUOUS
100
AcDbLine
 10
2.1741352362204722
 20
0.6927916535433071
 30
0
 11
2.177148503937008
 21
0.692192283464567
 31
0
  0
LINE
  5
2E0
330
1A
100
AcDbEntity
  8
BLACK
  6
CONTINUOUS
100
AcDbLine
 10
1.2851701968503937
 20
0.6844926377952756
 30
0
 11
1.2889754724409448
 21
0.6828124803149607
 31
0
  0
LINE
  5
2E1
330
1A
100
AcDbEntity
  8
BLACK
  6
CONTINUOUS
100
AcDbLine
 10
1.2889754724409448
 20
0.6828124803149607
 30
0
 11
1.2919168110236221
 21
0.6798711417322835
 31
0
  0
LINE
  5
2E2
330
1A
100
AcDbEntity
  8
BLACK
  6
CONTINUOUS
100
AcDbLine
 10
1.2919168110236221
 20
0.6798711417322835
 30
0
 11
1.293596968503937
 21
0.6760658661417323
 31
0
  0
LINE
  5
2E3
330
1A
100
AcDbEntity
  8
BLACK
  6
CONTINUOUS
100
AcDbLine
 10
1.293596968503937
 20
0.6760658661417323
 30
0
 11
1.2938976377952756
 21
0.6734744094488189
 31
0
  0
LINE
  5
2E4
330
1A
100
AcDbEntity
  8
BLACK
  6
CONTINUOUS
100
AcDbLine
 10
1.2938976377952756
 20
0.6734744094488189
 30
0
 11
1.2938976377952756
 21
0.6508366141732284
 31
0
  0
LINE
  5
2E5
330
1A
100
AcDbEntity
  8
BLACK
  6
CONTINUOUS
100
AcDbLine
 10
1.2938976377952756
 20
0.6508366141732284
 30
0
 11
1.293596968503937
 21
0.648245157480315
 31
0
  0
LINE
  5
2E6
330
1A
100
AcDbEntity
  8
BLACK
  6
CONTINUOUS
100
AcDbLine
 10
1.293596968503937
 20
0.648245157480315
 30
0
 11
1.2919168110236221
 21
0.6444398818897638
 31
0
  0
LINE
  5
2E7
330
1A
100
AcDbEntity
  8
BLACK
  6
CONTINUOUS
100
AcDbLine
 10
1.2919168110236221
 20
0.6444398818897638
 30
0
 11
1.2889754724409448
 21
0.6414985433070866
 31
0
  0
LINE
  5
2E8
330
1A
100
AcDbEntity
  8
BLACK
  6
CONTINUOUS
100
AcDbLine
 10
1.2889754724409448
 20
0.6414985433070866
 30
0
 11
1.2851701968503937
 21
0.6398183858267716
 31
0
  0
LINE
  5
2E9
330
1A
100
AcDbEntity
  8
BLACK
  6
CONTINUOUS
100
AcDbLine
 10
1.2851701968503937
 20
0.6398183858267716
 30
0
 11
1.2825787401574802
 21
0.6395177165354331
 31
0
  0
LINE
  5
2EA
330
1A
100
AcDbEntity
  8
BLACK
  6
CONTINUOUS
100
AcDbLine
 10
1.2825787401574802
 20
0.6395177165354331
 30
0
 11
1.2638779527559054
 21
0.6395177165354331
 31
0
  0
LINE
  5
2EB
330
1A
100
AcDbEntity
  8
BLACK
  6
CONTINUOUS
100
AcDbLine
 10
1.2638779527559054
 20
0.6395177165354331
 30
0
 11
1.2612864960629921
 21
0.6398183858267716
 31
0
  0
LINE
  5
2EC
330
1A
100
AcDbEntity
  8
BLACK
  6
CONTINUOUS
100
AcDbLine
 10
1.2612864960629921
 20
0.6398183858267716
 30
0
 11
1.2574812204724408
 21
0.6414985433070866
 31
0
  0
LINE
  5
2ED
330
1A
100
AcDbEntity
  8
BLACK
  6
CONTINUOUS
100
AcDbLine
 10
1.2574812204724408
 20
0.6414985433070866
 30
0
 11
1.2545398818897637
 21
0.6444398818897638
 31
0
  0
LINE
  5
2EE
330
1A
100
AcDbEntity
  8
BLACK
  6
CONTINUOUS
100
AcDbLine
 10
1.2545398818897637
 20
0.6444398818897638
 30
0
 11
1.2528597244094488
 21
0.648245157480315
 31
0
  0
LINE
  5
2EF
330
1A
100
AcDbEntity
  8
BLACK
  6
CONTINUOUS
100
AcDbLine
 10
1.2528597244094488
 20
0.648245157480315
 30
0
 11
1.2525590551181103
 21
0.6508366141732284
 31
0
  0
LINE
  5
2F0
330
1A
100
AcDbEntity
  8
BLACK
  6
CONTINUOUS
100
AcDbLine
 10
1.2525590551181103
 20
0.6508366141732284
 30
0
 11
1.2525590551181103
 21
0.6734744094488189
 31
0
  0
LINE
  5
2F1
330
1A
100
AcDbEntity
  8
BLACK
  6
CONTINUOUS
100
AcDbLine
 10
1.2525590551181103
 20
0.6734744094488189
 30
0
 11
1.2528597244094488
 21
0.6760658661417323
 31
0
  0
LINE
  5
2F2
330
1A
100
AcDbEntity
  8
BLACK
  6
CONTINUOUS
100
AcDbLine
 10
1.2528597244094488
 20
0.6760658661417323
 30
0
 11
1.2545398818897637
 21
0.6798711417322835
 31
0
  0
LINE
  5
2F3
330
1A
100
AcDbEntity
  8
BLACK
  6
CONTINUOUS
100
AcDbLine
 10
1.2545398818897637
 20
0.6798711417322835
 30
0
 11
1.2574812204724408
 21
0.6828124803149607
 31
0
  0
LINE
  5
2F4
330
1A
100
AcDbEntity
  8
BLACK
  6
CONTINUOUS
100
AcDbLine
 10
1.2574812204724408
 20
0.6828124803149607
 30
0
 11
1.2612864960629921
 21
0.6844926377952756
 31
0
  0
LINE
  5
2F5
330
1A
100
AcDbEntity
  8
BLACK
  6
CONTINUOUS
100
AcDbLine
 10
1.2612864960629921
 20
0.6844926377952756
 30
0
 11
1.2638779527559054
 21
0.6847933070866141
 31
0
  0
LINE
  5
2F6
330
1A
100
AcDbEntity
  8
BLACK
  6
CONTINUOUS
100
AcDbLine
 10
1.2638779527559054
 20
0.6847933070866141
 30
0
 11
1.2825787401574802
 21
0.6847933070866141
 31
0
  0
LINE
  5
2F7
330
1A
100
AcDbEntity
  8
BLACK
  6
CONTINUOUS
100
AcDbLine
 10
1.2825787401574802
 20
0.6847933070866141
 30
0
 11
1.2851701968503937
 21
0.6844926377952756
 31
0
  0
LINE
  5
2F8
330
1A
100
AcDbEntity
  8
BLACK
  6
CONTINUOUS
100
AcDbLine
 10
0.6932729921259843
 20
0.8179603937007874
 30
0
 11
0.6939116141732283
 21
0.8175336614173229
 31
0
  0
LINE
  5
2F9
330
1A
100
AcDbEntity
  8
BLACK
  6
CONTINUOUS
100
AcDbLine
 10
0.6939116141732283
 20
0.8175336614173229
 30
0
 11
0.6943383464566929
 21
0.8168950393700787
 31
0
  0
LINE
  5
2FA
330
1A
100
AcDbEntity
  8
BLACK
  6
CONTINUOUS
100
AcDbLine
 10
0.6943383464566929
 20
0.8168950393700787
 30
0
 11
0.694488188976378
 21
0.8161417322834645
 31
0
  0
LINE
  5
2FB
330
1A
100
AcDbEntity
  8
BLACK
  6
CONTINUOUS
100
AcDbLine
 10
0.694488188976378
 20
0.8161417322834645
 30
0
 11
0.694488188976378
 21
0.6665354330708662
 31
0
  0
LINE
  5
2FC
330
1A
100
AcDbEntity
  8
BLACK
  6
CONTINUOUS
100
AcDbLine
 10
0.694488188976378
 20
0.6665354330708662
 30
0
 11
0.6943383464566929
 21
0.6657821259842519
 31
0
  0
LINE
  5
2FD
330
1A
100
AcDbEntity
  8
BLACK
  6
CONTINUOUS
100
AcDbLine
 10
0.6943383464566929
 20
0.6657821259842519
 30
0
 11
0.6939116141732283
 21
0.6651435039370078
 31
0
  0
LINE
  5
2FE
330
1A
100
AcDbEntity
  8
BLACK
  6
CONTINUOUS
100
AcDbLine
 10
0.6939116141732283
 20
0.6651435039370078
 30
0
 11
0.6932729921259843
 21
0.6647167716535433
 31
0
  0
LINE
  5
2FF
330
1A
100
AcDbEntity
  8
BLACK
  6
CONTINUOUS
100
AcDbLine
 10
0.6932729921259843
 20
0.6647167716535433
 30
0
 11
0.6925196850393701
 21
0.6645669291338583
 31
0
  0
LINE
  5
300
330
1A
100
AcDbEntity
  8
BLACK
  6
CONTINUOUS
100
AcDbLine
 10
0.6925196850393701
 20
0.6645669291338583
 30
0
 11
0.6531496062992126
 21
0.6645669291338583
 31
0
  0
LINE
  5
301
330
1A
100
AcDbEntity
  8
BLACK
  6
CONTINUOUS
100
AcDbLine
 10
0.6531496062992126
 20
0.6645669291338583
 30
0
 11
0.6523962992125985
 21
0.6647167716535433
 31
0
  0
LINE
  5
302
330
1A
100
AcDbEntity
  8
BLACK
  6
CONTINUOUS
100
AcDbLine
 10
0.6523962992125985
 20
0.6647167716535433
 30
0
 11
0.6517576771653543
 21
0.6651435039370078
 31
0
  0
LINE
  5
303
330
1A
100
AcDbEntity
  8
BLACK
  6
CONTINUOUS
100
AcDbLine
 10
0.6517576771653543
 20
0.6651435039370078
 30
0
 11
0.6513309448818897
 21
0.6657821259842519
 31
0
  0
LINE
  5
304
330
1A
100
AcDbEntity
  8
BLACK
  6
CONTINUOUS
100
AcDbLine
 10
0.6513309448818897
 20
0.6657821259842519
 30
0
 11
0.6511811023622047
 21
0.6665354330708662
 31
0
  0
LINE
  5
305
330
1A
100
AcDbEntity
  8
BLACK
  6
CONTINUOUS
100
AcDbLine
 10
0.6511811023622047
 20
0.6665354330708662
 30
0
 11
0.6511811023622047
 21
0.8161417322834645
 31
0
  0
LINE
  5
306
330
1A
100
AcDbEntity
  8
BLACK
  6
CONTINUOUS
100
AcDbLine
 10
0.6511811023622047
 20
0.8161417322834645
 30
0
 11
0.6513309448818897
 21
0.8168950393700787
 31
0
  0
LINE
  5
307
330
1A
100
AcDbEntity
  8
BLACK
  6
CONTINUOUS
100
AcDbLine
 10
0.6513309448818897
 20
0.8168950393700787
 30
0
 11
0.6517576771653543
 21
0.8175336614173229
 31
0
  0
LINE
  5
308
330
1A
100
AcDbEntity
  8
BLACK
  6
CONTINUOUS
100
AcDbLine
 10
0.6517576771653543
 20
0.8175336614173229
 30
0
 11
0.6523962992125985
 21
0.8179603937007874
 31
0
  0
LINE
  5
309
330
1A
100
AcDbEntity
  8
BLACK
  6
CONTINUOUS
100
AcDbLine
 10
0.6523962992125985
 20
0.8179603937007874
 30
0
 11
0.6531496062992126
 21
0.8181102362204724
 31
0
  0
LINE
  5
30A
330
1A
100
AcDbEntity
  8
BLACK
  6
CONTINUOUS
100
AcDbLine
 10
0.6531496062992126
 20
0.8181102362204724
 30
0
 11
0.6925196850393701
 21
0.8181102362204724
 31
0
  0
LINE
  5
30B
330
1A
100
AcDbEntity
  8
BLACK
  6
CONTINUOUS
100
AcDbLine
 10
0.6925196850393701
 20
0.8181102362204724
 30
0
 11
0.6932729921259843
 21
0.8179603937007874
 31
0
  0
LINE
  5
30C
330
1A
100
AcDbEntity
  8
BLACK
  6
CONTINUOUS
100
AcDbLine
 10
2.417682440944882
 20
0.8179603937007874
 30
0
 11
2.4183210629921259
 21
0.8175336614173229
 31
0
  0
LINE
  5
30D
330
1A
100
AcDbEntity
  8
BLACK
  6
CONTINUOUS
100
AcDbLine
 10
2.4183210629921259
 20
0.8175336614173229
 30
0
 11
2.4187477952755905
 21
0.8168950393700787
 31
0
  0
LINE
  5
30E
330
1A
100
AcDbEntity
  8
BLACK
  6
CONTINUOUS
100
AcDbLine
 10
2.4187477952755905
 20
0.8168950393700787
 30
0
 11
2.4188976377952756
 21
0.8161417322834645
 31
0
  0
LINE
  5
30F
330
1A
100
AcDbEntity
  8
BLACK
  6
CONTINUOUS
100
AcDbLine
 10
2.4188976377952756
 20
0.8161417322834645
 30
0
 11
2.4188976377952756
 21
0.6665354330708662
 31
0
  0
LINE
  5
310
330
1A
100
AcDbEntity
  8
BLACK
  6
CONTINUOUS
100
AcDbLine
 10
2.4188976377952756
 20
0.6665354330708662
 30
0
 11
2.4187477952755905
 21
0.6657821259842519
 31
0
  0
LINE
  5
311
330
1A
100
AcDbEntity
  8
BLACK
  6
CONTINUOUS
100
AcDbLine
 10
2.4187477952755905
 20
0.6657821259842519
 30
0
 11
2.4183210629921259
 21
0.6651435039370078
 31
0
  0
LINE
  5
312
330
1A
100
AcDbEntity
  8
BLACK
  6
CONTINUOUS
100
AcDbLine
 10
2.4183210629921259
 20
0.6651435039370078
 30
0
 11
2.417682440944882
 21
0.6647167716535433
 31
0
  0
LINE
  5
313
330
1A
100
AcDbEntity
  8
BLACK
  6
CONTINUOUS
100
AcDbLine
 10
2.417682440944882
 20
0.6647167716535433
 30
0
 11
2.4169291338582677
 21
0.6645669291338583
 31
0
  0
LINE
  5
314
330
1A
100
AcDbEntity
  8
BLACK
  6
CONTINUOUS
100
AcDbLine
 10
2.4169291338582677
 20
0.6645669291338583
 30
0
 11
2.3775590551181103
 21
0.6645669291338583
 31
0
  0
LINE
  5
315
330
1A
100
AcDbEntity
  8
BLACK
  6
CONTINUOUS
100
AcDbLine
 10
2.3775590551181103
 20
0.6645669291338583
 30
0
 11
2.3768057480314959
 21
0.6647167716535433
 31
0
  0
LINE
  5
316
330
1A
100
AcDbEntity
  8
BLACK
  6
CONTINUOUS
100
AcDbLine
 10
2.3768057480314959
 20
0.6647167716535433
 30
0
 11
2.3761671259842521
 21
0.6651435039370078
 31
0
  0
LINE
  5
317
330
1A
100
AcDbEntity
  8
BLACK
  6
CONTINUOUS
100
AcDbLine
 10
2.3761671259842521
 20
0.6651435039370078
 30
0
 11
2.3757403937007875
 21
0.6657821259842519
 31
0
  0
LINE
  5
318
330
1A
100
AcDbEntity
  8
BLACK
  6
CONTINUOUS
100
AcDbLine
 10
2.3757403937007875
 20
0.6657821259842519
 30
0
 11
2.3755905511811024
 21
0.6665354330708662
 31
0
  0
LINE
  5
319
330
1A
100
AcDbEntity
  8
BLACK
  6
CONTINUOUS
100
AcDbLine
 10
2.3755905511811024
 20
0.6665354330708662
 30
0
 11
2.3755905511811024
 21
0.8161417322834645
 31
0
  0
LINE
  5
31A
330
1A
100
AcDbEntity
  8
BLACK
  6
CONTINUOUS
100
AcDbLine
 10
2.3755905511811024
 20
0.8161417322834645
 30
0
 11
2.3757403937007875
 21
0.8168950393700787
 31
0
  0
LINE
  5
31B
330
1A
100
AcDbEntity
  8
BLACK
  6
CONTINUOUS
100
AcDbLine
 10
2.3757403937007875
 20
0.8168950393700787
 30
0
 11
2.3761671259842521
 21
0.8175336614173229
 31
0
  0
LINE
  5
31C
330
1A
100
AcDbEntity
  8
BLACK
  6
CONTINUOUS
100
AcDbLine
 10
2.3761671259842521
 20
0.8175336614173229
 30
0
 11
2.3768057480314959
 21
0.8179603937007874
 31
0
  0
LINE
  5
31D
330
1A
100
AcDbEntity
  8
BLACK
  6
CONTINUOUS
100
AcDbLine
 10
2.3768057480314959
 20
0.8179603937007874
 30
0
 11
2.3775590551181103
 21
0.8181102362204724
 31
0
  0
LINE
  5
31E
330
1A
100
AcDbEntity
  8
BLACK
  6
CONTINUOUS
100
AcDbLine
 10
2.3775590551181103
 20
0.8181102362204724
 30
0
 11
2.4169291338582677
 21
0.8181102362204724
 31
0
  0
LINE
  5
31F
330
1A
100
AcDbEntity
  8
BLACK
  6
CONTINUOUS
100
AcDbLine
 10
2.4169291338582677
 20
0.8181102362204724
 30
0
 11
2.417682440944882
 21
0.8179603937007874
 31
0
  0
LINE
  5
320
330
1A
100
AcDbEntity
  8
BLACK
  6
CONTINUOUS
100
AcDbLine
 10
0.4350840157480315
 20
0.7377241732283465
 30
0
 11
0.4357226377952756
 21
0.7372974409448819
 31
0
  0
LINE
  5
321
330
1A
100
AcDbEntity
  8
BLACK
  6
CONTINUOUS
100
AcDbLine
 10
0.4357226377952756
 20
0.7372974409448819
 30
0
 11
0.4361493700787402
 21
0.7366588188976377
 31
0
  0
LINE
  5
322
330
1A
100
AcDbEntity
  8
BLACK
  6
CONTINUOUS
100
AcDbLine
 10
0.4361493700787402
 20
0.7366588188976377
 30
0
 11
0.4362992125984252
 21
0.7359055118110236
 31
0
  0
LINE
  5
323
330
1A
100
AcDbEntity
  8
BLACK
  6
CONTINUOUS
100
AcDbLine
 10
0.4362992125984252
 20
0.7359055118110236
 30
0
 11
0.4362992125984252
 21
0.6759055118110237
 31
0
  0
LINE
  5
324
330
1A
100
AcDbEntity
  8
BLACK
  6
CONTINUOUS
100
AcDbLine
 10
0.4362992125984252
 20
0.6759055118110237
 30
0
 11
0.4361493700787402
 21
0.6751522047244094
 31
0
  0
LINE
  5
325
330
1A
100
AcDbEntity
  8
BLACK
  6
CONTINUOUS
100
AcDbLine
 10
0.4361493700787402
 20
0.6751522047244094
 30
0
 11
0.4357226377952756
 21
0.6745135826771653
 31
0
  0
LINE
  5
326
330
1A
100
AcDbEntity
  8
BLACK
  6
CONTINUOUS
100
AcDbLine
 10
0.4357226377952756
 20
0.6745135826771653
 30
0
 11
0.4350840157480315
 21
0.6740868503937008
 31
0
  0
LINE
  5
327
330
1A
100
AcDbEntity
  8
BLACK
  6
CONTINUOUS
100
AcDbLine
 10
0.4350840157480315
 20
0.6740868503937008
 30
0
 11
0.4343307086614173
 21
0.6739370078740158
 31
0
  0
LINE
  5
328
330
1A
100
AcDbEntity
  8
BLACK
  6
CONTINUOUS
100
AcDbLine
 10
0.4343307086614173
 20
0.6739370078740158
 30
0
 11
0.3743307086614173
 21
0.6739370078740158
 31
0
  0
LINE
  5
329
330
1A
100
AcDbEntity
  8
BLACK
  6
CONTINUOUS
100
AcDbLine
 10
0.3743307086614173
 20
0.6739370078740158
 30
0
 11
0.3735774015748031
 21
0.6740868503937008
 31
0
  0
LINE
  5
32A
330
1A
100
AcDbEntity
  8
BLACK
  6
CONTINUOUS
100
AcDbLine
 10
0.3735774015748031
 20
0.6740868503937008
 30
0
 11
0.3729387795275591
 21
0.6745135826771653
 31
0
  0
LINE
  5
32B
330
1A
100
AcDbEntity
  8
BLACK
  6
CONTINUOUS
100
AcDbLine
 10
0.3729387795275591
 20
0.6745135826771653
 30
0
 11
0.3725120472440945
 21
0.6751522047244094
 31
0
  0
LINE
  5
32C
330
1A
100
AcDbEntity
  8
BLACK
  6
CONTINUOUS
100
AcDbLine
 10
0.3725120472440945
 20
0.6751522047244094
 30
0
 11
0.3723622047244095
 21
0.6759055118110237
 31
0
  0
LINE
  5
32D
330
1A
100
AcDbEntity
  8
BLACK
  6
CONTINUOUS
100
AcDbLine
 10
0.3723622047244095
 20
0.6759055118110237
 30
0
 11
0.3723622047244095
 21
0.7359055118110236
 31
0
  0
LINE
  5
32E
330
1A
100
AcDbEntity
  8
BLACK
  6
CONTINUOUS
100
AcDbLine
 10
0.3723622047244095
 20
0.7359055118110236
 30
0
 11
0.3725120472440945
 21
0.7366588188976377
 31
0
  0
LINE
  5
32F
330
1A
100
AcDbEntity
  8
BLACK
  6
CONTINUOUS
100
AcDbLine
 10
0.3725120472440945
 20
0.7366588188976377
 30
0
 11
0.3729387795275591
 21
0.7372974409448819
 31
0
  0
LINE
  5
330
330
1A
100
AcDbEntity
  8
BLACK
  6
CONTINUOUS
100
AcDbLine
 10
0.3729387795275591
 20
0.7372974409448819
 30
0
 11
0.3735774015748031
 21
0.7377241732283465
 31
0
  0
LINE
  5
331
330
1A
100
AcDbEntity
  8
BLACK
  6
CONTINUOUS
100
AcDbLine
 10
0.3735774015748031
 20
0.7377241732283465
 30
0
 11
0.3743307086614173
 21
0.7378740157480315
 31
0
  0
LINE
  5
332
330
1A
100
AcDbEntity
  8
BLACK
  6
CONTINUOUS
100
AcDbLine
 10
0.3743307086614173
 20
0.7378740157480315
 30
0
 11
0.4343307086614173
 21
0.7378740157480315
 31
0
  0
LINE
  5
333
330
1A
100
AcDbEntity
  8
BLACK
  6
CONTINUOUS
100
AcDbLine
 10
0.4343307086614173
 20
0.7378740157480315
 30
0
 11
0.4350840157480315
 21
0.7377241732283465
 31
0
  0
LINE
  5
334
330
1A
100
AcDbEntity
  8
BLACK
  6
CONTINUOUS
100
AcDbLine
 10
0.5350840157480314
 20
0.7377241732283465
 30
0
 11
0.5357226377952756
 21
0.7372974409448819
 31
0
  0
LINE
  5
335
330
1A
100
AcDbEntity
  8
BLACK
  6
CONTINUOUS
100
AcDbLine
 10
0.5357226377952756
 20
0.7372974409448819
 30
0
 11
0.5361493700787402
 21
0.7366588188976377
 31
0
  0
LINE
  5
336
330
1A
100
AcDbEntity
  8
BLACK
  6
CONTINUOUS
100
AcDbLine
 10
0.5361493700787402
 20
0.7366588188976377
 30
0
 11
0.5362992125984252
 21
0.7359055118110236
 31
0
  0
LINE
  5
337
330
1A
100
AcDbEntity
  8
BLACK
  6
CONTINUOUS
100
AcDbLine
 10
0.5362992125984252
 20
0.7359055118110236
 30
0
 11
0.5362992125984252
 21
0.6759055118110237
 31
0
  0
LINE
  5
338
330
1A
100
AcDbEntity
  8
BLACK
  6
CONTINUOUS
100
AcDbLine
 10
0.5362992125984252
 20
0.6759055118110237
 30
0
 11
0.5361493700787402
 21
0.6751522047244094
 31
0
  0
LINE
  5
339
330
1A
100
AcDbEntity
  8
BLACK
  6
CONTINUOUS
100
AcDbLine
 10
0.5361493700787402
 20
0.6751522047244094
 30
0
 11
0.5357226377952756
 21
0.6745135826771653
 31
0
  0
LINE
  5
33A
330
1A
100
AcDbEntity
  8
BLACK
  6
CONTINUOUS
100
AcDbLine
 10
0.5357226377952756
 20
0.6745135826771653
 30
0
 11
0.5350840157480314
 21
0.6740868503937008
 31
0
  0
LINE
  5
33B
330
1A
100
AcDbEntity
  8
BLACK
  6
CONTINUOUS
100
AcDbLine
 10
0.5350840157480314
 20
0.6740868503937008
 30
0
 11
0.5343307086614173
 21
0.6739370078740158
 31
0
  0
LINE
  5
33C
330
1A
100
AcDbEntity
  8
BLACK
  6
CONTINUOUS
100
AcDbLine
 10
0.5343307086614173
 20
0.6739370078740158
 30
0
 11
0.4743307086614173
 21
0.6739370078740158
 31
0
  0
LINE
  5
33D
330
1A
100
AcDbEntity
  8
BLACK
  6
CONTINUOUS
100
AcDbLine
 10
0.4743307086614173
 20
0.6739370078740158
 30
0
 11
0.4735774015748032
 21
0.6740868503937008
 31
0
  0
LINE
  5
33E
330
1A
100
AcDbEntity
  8
BLACK
  6
CONTINUOUS
100
AcDbLine
 10
0.4735774015748032
 20
0.6740868503937008
 30
0
 11
0.472938779527559
 21
0.6745135826771653
 31
0
  0
LINE
  5
33F
330
1A
100
AcDbEntity
  8
BLACK
  6
CONTINUOUS
100
AcDbLine
 10
0.472938779527559
 20
0.6745135826771653
 30
0
 11
0.4725120472440945
 21
0.6751522047244094
 31
0
  0
LINE
  5
340
330
1A
100
AcDbEntity
  8
BLACK
  6
CONTINUOUS
100
AcDbLine
 10
0.4725120472440945
 20
0.6751522047244094
 30
0
 11
0.4723622047244094
 21
0.6759055118110237
 31
0
  0
LINE
  5
341
330
1A
100
AcDbEntity
  8
BLACK
  6
CONTINUOUS
100
AcDbLine
 10
0.4723622047244094
 20
0.6759055118110237
 30
0
 11
0.4723622047244094
 21
0.7359055118110236
 31
0
  0
LINE
  5
342
330
1A
100
AcDbEntity
  8
BLACK
  6
CONTINUOUS
100
AcDbLine
 10
0.4723622047244094
 20
0.7359055118110236
 30
0
 11
0.4725120472440945
 21
0.7366588188976377
 31
0
  0
LINE
  5
343
330
1A
100
AcDbEntity
  8
BLACK
  6
CONTINUOUS
100
AcDbLine
 10
0.4725120472440945
 20
0.7366588188976377
 30
0
 11
0.472938779527559
 21
0.7372974409448819
 31
0
  0
LINE
  5
344
330
1A
100
AcDbEntity
  8
BLACK
  6
CONTINUOUS
100
AcDbLine
 10
0.472938779527559
 20
0.7372974409448819
 30
0
 11
0.4735774015748032
 21
0.7377241732283465
 31
0
  0
LINE
  5
345
330
1A
100
AcDbEntity
  8
BLACK
  6
CONTINUOUS
100
AcDbLine
 10
0.4735774015748032
 20
0.7377241732283465
 30
0
 11
0.4743307086614173
 21
0.7378740157480315
 31
0
  0
LINE
  5
346
330
1A
100
AcDbEntity
  8
BLACK
  6
CONTINUOUS
100
AcDbLine
 10
0.4743307086614173
 20
0.7378740157480315
 30
0
 11
0.5343307086614173
 21
0.7378740157480315
 31
0
  0
LINE
  5
347
330
1A
100
AcDbEntity
  8
BLACK
  6
CONTINUOUS
100
AcDbLine
 10
0.5343307086614173
 20
0.7378740157480315
 30
0
 11
0.5350840157480314
 21
0.7377241732283465
 31
0
  0
LINE
  5
348
330
1A
100
AcDbEntity
  8
BLACK
  6
CONTINUOUS
100
AcDbLine
 10
1.5568379921259843
 20
0.7258181496062992
 30
0
 11
1.5608087007874016
 21
0.7240649212598425
 31
0
  0
LINE
  5
349
330
1A
100
AcDbEntity
  8
BLACK
  6
CONTINUOUS
100
AcDbLine
 10
1.5608087007874016
 20
0.7240649212598425
 30
0
 11
1.5638779133858267
 21
0.7209957086614173
 31
0
  0
LINE
  5
34A
330
1A
100
AcDbEntity
  8
BLACK
  6
CONTINUOUS
100
AcDbLine
 10
1.5638779133858267
 20
0.7209957086614173
 30
0
 11
1.5656311417322835
 21
0.717025
 31
0
  0
LINE
  5
34B
330
1A
100
AcDbEntity
  8
BLACK
  6
CONTINUOUS
100
AcDbLine
 10
1.5656311417322835
 20
0.717025
 30
0
 11
1.5659448818897637
 21
0.7143208661417323
 31
0
  0
LINE
  5
34C
330
1A
100
AcDbEntity
  8
BLACK
  6
CONTINUOUS
100
AcDbLine
 10
1.5659448818897637
 20
0.7143208661417323
 30
0
 11
1.5659448818897637
 21
0.6946358267716535
 31
0
  0
LINE
  5
34D
330
1A
100
AcDbEntity
  8
BLACK
  6
CONTINUOUS
100
AcDbLine
 10
1.5659448818897637
 20
0.6946358267716535
 30
0
 11
1.5656311417322835
 21
0.6919316929133859
 31
0
  0
LINE
  5
34E
330
1A
100
AcDbEntity
  8
BLACK
  6
CONTINUOUS
100
AcDbLine
 10
1.5656311417322835
 20
0.6919316929133859
 30
0
 11
1.5638779133858267
 21
0.6879609842519685
 31
0
  0
LINE
  5
34F
330
1A
100
AcDbEntity
  8
BLACK
  6
CONTINUOUS
100
AcDbLine
 10
1.5638779133858267
 20
0.6879609842519685
 30
0
 11
1.5608087007874016
 21
0.6848917716535433
 31
0
  0
LINE
  5
350
330
1A
100
AcDbEntity
  8
BLACK
  6
CONTINUOUS
100
AcDbLine
 10
1.5608087007874016
 20
0.6848917716535433
 30
0
 11
1.5568379921259843
 21
0.6831385433070866
 31
0
  0
LINE
  5
351
330
1A
100
AcDbEntity
  8
BLACK
  6
CONTINUOUS
100
AcDbLine
 10
1.5568379921259843
 20
0.6831385433070866
 30
0
 11
1.5541338582677164
 21
0.6828248031496063
 31
0
  0
LINE
  5
352
330
1A
100
AcDbEntity
  8
BLACK
  6
CONTINUOUS
100
AcDbLine
 10
1.5541338582677164
 20
0.6828248031496063
 30
0
 11
1.5167322834645669
 21
0.6828248031496063
 31
0
  0
LINE
  5
353
330
1A
100
AcDbEntity
  8
BLACK
  6
CONTINUOUS
100
AcDbLine
 10
1.5167322834645669
 20
0.6828248031496063
 30
0
 11
1.5140281496062993
 21
0.6831385433070866
 31
0
  0
LINE
  5
354
330
1A
100
AcDbEntity
  8
BLACK
  6
CONTINUOUS
100
AcDbLine
 10
1.5140281496062993
 20
0.6831385433070866
 30
0
 11
1.5100574409448819
 21
0.6848917716535433
 31
0
  0
LINE
  5
355
330
1A
100
AcDbEntity
  8
BLACK
  6
CONTINUOUS
100
AcDbLine
 10
1.5100574409448819
 20
0.6848917716535433
 30
0
 11
1.5069882283464566
 21
0.6879609842519685
 31
0
  0
LINE
  5
356
330
1A
100
AcDbEntity
  8
BLACK
  6
CONTINUOUS
100
AcDbLine
 10
1.5069882283464566
 20
0.6879609842519685
 30
0
 11
1.5052349999999999
 21
0.6919316929133859
 31
0
  0
LINE
  5
357
330
1A
100
AcDbEntity
  8
BLACK
  6
CONTINUOUS
100
AcDbLine
 10
1.5052349999999999
 20
0.6919316929133859
 30
0
 11
1.5049212598425197
 21
0.6946358267716535
 31
0
  0
LINE
  5
358
330
1A
100
AcDbEntity
  8
BLACK
  6
CONTINUOUS
100
AcDbLine
 10
1.5049212598425197
 20
0.6946358267716535
 30
0
 11
1.5049212598425197
 21
0.7143208661417323
 31
0
  0
LINE
  5
359
330
1A
100
AcDbEntity
  8
BLACK
  6
CONTINUOUS
100
AcDbLine
 10
1.5049212598425197
 20
0.7143208661417323
 30
0
 11
1.5052349999999999
 21
0.717025
 31
0
  0
LINE
  5
35A
330
1A
100
AcDbEntity
  8
BLACK
  6
CONTINUOUS
100
AcDbLine
 10
1.5052349999999999
 20
0.717025
 30
0
 11
1.5069882283464566
 21
0.7209957086614173
 31
0
  0
LINE
  5
35B
330
1A
100
AcDbEntity
  8
BLACK
  6
CONTINUOUS
100
AcDbLine
 10
1.5069882283464566
 20
0.7209957086614173
 30
0
 11
1.5100574409448819
 21
0.7240649212598425
 31
0
  0
LINE
  5
35C
330
1A
100
AcDbEntity
  8
BLACK
  6
CONTINUOUS
100
AcDbLine
 10
1.5100574409448819
 20
0.7240649212598425
 30
0
 11
1.5140281496062993
 21
0.7258181496062992
 31
0
  0
LINE
  5
35D
330
1A
100
AcDbEntity
  8
BLACK
  6
CONTINUOUS
100
AcDbLine
 10
1.5140281496062993
 20
0.7258181496062992
 30
0
 11
1.5167322834645669
 21
0.7261318897637795
 31
0
  0
LINE
  5
35E
330
1A
100
AcDbEntity
  8
BLACK
  6
CONTINUOUS
100
AcDbLine
 10
1.5167322834645669
 20
0.7261318897637795
 30
0
 11
1.5541338582677164
 21
0.7261318897637795
 31
0
  0
LINE
  5
35F
330
1A
100
AcDbEntity
  8
BLACK
  6
CONTINUOUS
100
AcDbLine
 10
1.5541338582677164
 20
0.7261318897637795
 30
0
 11
1.5568379921259843
 21
0.7258181496062992
 31
0
  0
LINE
  5
360
330
1A
100
AcDbEntity
  8
BLACK
  6
CONTINUOUS
100
AcDbLine
 10
1.6395151574803148
 20
0.7258181496062992
 30
0
 11
1.6434858661417322
 21
0.7240649212598425
 31
0
  0
LINE
  5
361
330
1A
100
AcDbEntity
  8
BLACK
  6
CONTINUOUS
100
AcDbLine
 10
1.6434858661417322
 20
0.7240649212598425
 30
0
 11
1.6465550787401575
 21
0.7209957086614173
 31
0
  0
LINE
  5
362
330
1A
100
AcDbEntity
  8
BLACK
  6
CONTINUOUS
100
AcDbLine
 10
1.6465550787401575
 20
0.7209957086614173
 30
0
 11
1.6483083070866142
 21
0.717025
 31
0
  0
LINE
  5
363
330
1A
100
AcDbEntity
  8
BLACK
  6
CONTINUOUS
100
AcDbLine
 10
1.6483083070866142
 20
0.717025
 30
0
 11
1.6486220472440944
 21
0.7143208661417323
 31
0
  0
LINE
  5
364
330
1A
100
AcDbEntity
  8
BLACK
  6
CONTINUOUS
100
AcDbLine
 10
1.6486220472440944
 20
0.7143208661417323
 30
0
 11
1.6486220472440944
 21
0.6946358267716535
 31
0
  0
LINE
  5
365
330
1A
100
AcDbEntity
  8
BLACK
  6
CONTINUOUS
100
AcDbLine
 10
1.6486220472440944
 20
0.6946358267716535
 30
0
 11
1.6483083070866142
 21
0.6919316929133859
 31
0
  0
LINE
  5
366
330
1A
100
AcDbEntity
  8
BLACK
  6
CONTINUOUS
100
AcDbLine
 10
1.6483083070866142
 20
0.6919316929133859
 30
0
 11
1.6465550787401575
 21
0.6879609842519685
 31
0
  0
LINE
  5
367
330
1A
100
AcDbEntity
  8
BLACK
  6
CONTINUOUS
100
AcDbLine
 10
1.6465550787401575
 20
0.6879609842519685
 30
0
 11
1.6434858661417322
 21
0.6848917716535433
 31
0
  0
LINE
  5
368
330
1A
100
AcDbEntity
  8
BLACK
  6
CONTINUOUS
100
AcDbLine
 10
1.6434858661417322
 20
0.6848917716535433
 30
0
 11
1.6395151574803148
 21
0.6831385433070866
 31
0
  0
LINE
  5
369
330
1A
100
AcDbEntity
  8
BLACK
  6
CONTINUOUS
100
AcDbLine
 10
1.6395151574803148
 20
0.6831385433070866
 30
0
 11
1.6368110236220472
 21
0.6828248031496063
 31
0
  0
LINE
  5
36A
330
1A
100
AcDbEntity
  8
BLACK
  6
CONTINUOUS
100
AcDbLine
 10
1.6368110236220472
 20
0.6828248031496063
 30
0
 11
1.5994094488188977
 21
0.6828248031496063
 31
0
  0
LINE
  5
36B
330
1A
100
AcDbEntity
  8
BLACK
  6
CONTINUOUS
100
AcDbLine
 10
1.5994094488188977
 20
0.6828248031496063
 30
0
 11
1.5967053149606298
 21
0.6831385433070866
 31
0
  0
LINE
  5
36C
330
1A
100
AcDbEntity
  8
BLACK
  6
CONTINUOUS
100
AcDbLine
 10
1.5967053149606298
 20
0.6831385433070866
 30
0
 11
1.5927346062992125
 21
0.6848917716535433
 31
0
  0
LINE
  5
36D
330
1A
100
AcDbEntity
  8
BLACK
  6
CONTINUOUS
100
AcDbLine
 10
1.5927346062992125
 20
0.6848917716535433
 30
0
 11
1.5896653937007874
 21
0.6879609842519685
 31
0
  0
LINE
  5
36E
330
1A
100
AcDbEntity
  8
BLACK
  6
CONTINUOUS
100
AcDbLine
 10
1.5896653937007874
 20
0.6879609842519685
 30
0
 11
1.5879121653543307
 21
0.6919316929133859
 31
0
  0
LINE
  5
36F
330
1A
100
AcDbEntity
  8
BLACK
  6
CONTINUOUS
100
AcDbLine
 10
1.5879121653543307
 20
0.6919316929133859
 30
0
 11
1.5875984251968505
 21
0.6946358267716535
 31
0
  0
LINE
  5
370
330
1A
100
AcDbEntity
  8
BLACK
  6
CONTINUOUS
100
AcDbLine
 10
1.5875984251968505
 20
0.6946358267716535
 30
0
 11
1.5875984251968505
 21
0.7143208661417323
 31
0
  0
LINE
  5
371
330
1A
100
AcDbEntity
  8
BLACK
  6
CONTINUOUS
100
AcDbLine
 10
1.5875984251968505
 20
0.7143208661417323
 30
0
 11
1.5879121653543307
 21
0.717025
 31
0
  0
LINE
  5
372
330
1A
100
AcDbEntity
  8
BLACK
  6
CONTINUOUS
100
AcDbLine
 10
1.5879121653543307
 20
0.717025
 30
0
 11
1.5896653937007874
 21
0.7209957086614173
 31
0
  0
LINE
  5
373
330
1A
100
AcDbEntity
  8
BLACK
  6
CONTINUOUS
100
AcDbLine
 10
1.5896653937007874
 20
0.7209957086614173
 30
0
 11
1.5927346062992125
 21
0.7240649212598425
 31
0
  0
LINE
  5
374
330
1A
100
AcDbEntity
  8
BLACK
  6
CONTINUOUS
100
AcDbLine
 10
1.5927346062992125
 20
0.7240649212598425
 30
0
 11
1.5967053149606298
 21
0.7258181496062992
 31
0
  0
LINE
  5
375
330
1A
100
AcDbEntity
  8
BLACK
  6
CONTINUOUS
100
AcDbLine
 10
1.5967053149606298
 20
0.7258181496062992
 30
0
 11
1.5994094488188977
 21
0.7261318897637795
 31
0
  0
LINE
  5
376
330
1A
100
AcDbEntity
  8
BLACK
  6
CONTINUOUS
100
AcDbLine
 10
1.5994094488188977
 20
0.7261318897637795
 30
0
 11
1.6368110236220472
 21
0.7261318897637795
 31
0
  0
LINE
  5
377
330
1A
100
AcDbEntity
  8
BLACK
  6
CONTINUOUS
100
AcDbLine
 10
1.6368110236220472
 20
0.7261318897637795
 30
0
 11
1.6395151574803148
 21
0.7258181496062992
 31
0
  0
LINE
  5
378
330
1A
100
AcDbEntity
  8
BLACK
  6
CONTINUOUS
100
AcDbLine
 10
2.7236666929133859
 20
0.7617399212598425
 30
0
 11
2.7243053149606298
 21
0.7613131889763779
 31
0
  0
LINE
  5
379
330
1A
100
AcDbEntity
  8
BLACK
  6
CONTINUOUS
100
AcDbLine
 10
2.7243053149606298
 20
0.7613131889763779
 30
0
 11
2.7247320472440943
 21
0.7606745669291338
 31
0
  0
LINE
  5
37A
330
1A
100
AcDbEntity
  8
BLACK
  6
CONTINUOUS
100
AcDbLine
 10
2.7247320472440943
 20
0.7606745669291338
 30
0
 11
2.7248818897637794
 21
0.7599212598425197
 31
0
  0
LINE
  5
37B
330
1A
100
AcDbEntity
  8
BLACK
  6
CONTINUOUS
100
AcDbLine
 10
2.7248818897637794
 20
0.7599212598425197
 30
0
 11
2.7248818897637794
 21
0.6999212598425196
 31
0
  0
LINE
  5
37C
330
1A
100
AcDbEntity
  8
BLACK
  6
CONTINUOUS
100
AcDbLine
 10
2.7248818897637794
 20
0.6999212598425196
 30
0
 11
2.7247320472440943
 21
0.6991679527559055
 31
0
  0
LINE
  5
37D
330
1A
100
AcDbEntity
  8
BLACK
  6
CONTINUOUS
100
AcDbLine
 10
2.7247320472440943
 20
0.6991679527559055
 30
0
 11
2.7243053149606298
 21
0.6985293307086614
 31
0
  0
LINE
  5
37E
330
1A
100
AcDbEntity
  8
BLACK
  6
CONTINUOUS
100
AcDbLine
 10
2.7243053149606298
 20
0.6985293307086614
 30
0
 11
2.7236666929133859
 21
0.6981025984251968
 31
0
  0
LINE
  5
37F
330
1A
100
AcDbEntity
  8
BLACK
  6
CONTINUOUS
100
AcDbLine
 10
2.7236666929133859
 20
0.6981025984251968
 30
0
 11
2.7229133858267716
 21
0.6979527559055118
 31
0
  0
LINE
  5
380
330
1A
100
AcDbEntity
  8
BLACK
  6
CONTINUOUS
100
AcDbLine
 10
2.7229133858267716
 20
0.6979527559055118
 30
0
 11
2.6629133858267715
 21
0.6979527559055118
 31
0
  0
LINE
  5
381
330
1A
100
AcDbEntity
  8
BLACK
  6
CONTINUOUS
100
AcDbLine
 10
2.6629133858267715
 20
0.6979527559055118
 30
0
 11
2.6621600787401576
 21
0.6981025984251968
 31
0
  0
LINE
  5
382
330
1A
100
AcDbEntity
  8
BLACK
  6
CONTINUOUS
100
AcDbLine
 10
2.6621600787401576
 20
0.6981025984251968
 30
0
 11
2.6615214566929133
 21
0.6985293307086614
 31
0
  0
LINE
  5
383
330
1A
100
AcDbEntity
  8
BLACK
  6
CONTINUOUS
100
AcDbLine
 10
2.6615214566929133
 20
0.6985293307086614
 30
0
 11
2.6610947244094487
 21
0.6991679527559055
 31
0
  0
LINE
  5
384
330
1A
100
AcDbEntity
  8
BLACK
  6
CONTINUOUS
100
AcDbLine
 10
2.6610947244094487
 20
0.6991679527559055
 30
0
 11
2.6609448818897636
 21
0.6999212598425196
 31
0
  0
LINE
  5
385
330
1A
100
AcDbEntity
  8
BLACK
  6
CONTINUOUS
100
AcDbLine
 10
2.6609448818897636
 20
0.6999212598425196
 30
0
 11
2.6609448818897636
 21
0.7599212598425197
 31
0
  0
LINE
  5
386
330
1A
100
AcDbEntity
  8
BLACK
  6
CONTINUOUS
100
AcDbLine
 10
2.6609448818897636
 20
0.7599212598425197
 30
0
 11
2.6610947244094487
 21
0.7606745669291338
 31
0
  0
LINE
  5
387
330
1A
100
AcDbEntity
  8
BLACK
  6
CONTINUOUS
100
AcDbLine
 10
2.6610947244094487
 20
0.7606745669291338
 30
0
 11
2.6615214566929133
 21
0.7613131889763779
 31
0
  0
LINE
  5
388
330
1A
100
AcDbEntity
  8
BLACK
  6
CONTINUOUS
100
AcDbLine
 10
2.6615214566929133
 20
0.7613131889763779
 30
0
 11
2.6621600787401576
 21
0.7617399212598425
 31
0
  0
LINE
  5
389
330
1A
100
AcDbEntity
  8
BLACK
  6
CONTINUOUS
100
AcDbLine
 10
2.6621600787401576
 20
0.7617399212598425
 30
0
 11
2.6629133858267715
 21
0.7618897637795276
 31
0
  0
LINE
  5
38A
330
1A
100
AcDbEntity
  8
BLACK
  6
CONTINUOUS
100
AcDbLine
 10
2.6629133858267715
 20
0.7618897637795276
 30
0
 11
2.7229133858267716
 21
0.7618897637795276
 31
0
  0
LINE
  5
38B
330
1A
100
AcDbEntity
  8
BLACK
  6
CONTINUOUS
100
AcDbLine
 10
2.7229133858267716
 20
0.7618897637795276
 30
0
 11
2.7236666929133859
 21
0.7617399212598425
 31
0
  0
LINE
  5
38C
330
1A
100
AcDbEntity
  8
BLACK
  6
CONTINUOUS
100
AcDbLine
 10
2.8236666929133856
 20
0.7617399212598425
 30
0
 11
2.8243053149606299
 21
0.7613131889763779
 31
0
  0
LINE
  5
38D
330
1A
100
AcDbEntity
  8
BLACK
  6
CONTINUOUS
100
AcDbLine
 10
2.8243053149606299
 20
0.7613131889763779
 30
0
 11
2.8247320472440944
 21
0.7606745669291338
 31
0
  0
LINE
  5
38E
330
1A
100
AcDbEntity
  8
BLACK
  6
CONTINUOUS
100
AcDbLine
 10
2.8247320472440944
 20
0.7606745669291338
 30
0
 11
2.8248818897637795
 21
0.7599212598425197
 31
0
  0
LINE
  5
38F
330
1A
100
AcDbEntity
  8
BLACK
  6
CONTINUOUS
100
AcDbLine
 10
2.8248818897637795
 20
0.7599212598425197
 30
0
 11
2.8248818897637795
 21
0.6999212598425196
 31
0
  0
LINE
  5
390
330
1A
100
AcDbEntity
  8
BLACK
  6
CONTINUOUS
100
AcDbLine
 10
2.8248818897637795
 20
0.6999212598425196
 30
0
 11
2.8247320472440944
 21
0.6991679527559055
 31
0
  0
LINE
  5
391
330
1A
100
AcDbEntity
  8
BLACK
  6
CONTINUOUS
100
AcDbLine
 10
2.8247320472440944
 20
0.6991679527559055
 30
0
 11
2.8243053149606299
 21
0.6985293307086614
 31
0
  0
LINE
  5
392
330
1A
100
AcDbEntity
  8
BLACK
  6
CONTINUOUS
100
AcDbLine
 10
2.8243053149606299
 20
0.6985293307086614
 30
0
 11
2.8236666929133856
 21
0.6981025984251968
 31
0
  0
LINE
  5
393
330
1A
100
AcDbEntity
  8
BLACK
  6
CONTINUOUS
100
AcDbLine
 10
2.8236666929133856
 20
0.6981025984251968
 30
0
 11
2.8229133858267716
 21
0.6979527559055118
 31
0
  0
LINE
  5
394
330
1A
100
AcDbEntity
  8
BLACK
  6
CONTINUOUS
100
AcDbLine
 10
2.8229133858267716
 20
0.6979527559055118
 30
0
 11
2.7629133858267716
 21
0.6979527559055118
 31
0
  0
LINE
  5
395
330
1A
100
AcDbEntity
  8
BLACK
  6
CONTINUOUS
100
AcDbLine
 10
2.7629133858267716
 20
0.6979527559055118
 30
0
 11
2.7621600787401572
 21
0.6981025984251968
 31
0
  0
LINE
  5
396
330
1A
100
AcDbEntity
  8
BLACK
  6
CONTINUOUS
100
AcDbLine
 10
2.7621600787401572
 20
0.6981025984251968
 30
0
 11
2.7615214566929134
 21
0.6985293307086614
 31
0
  0
LINE
  5
397
330
1A
100
AcDbEntity
  8
BLACK
  6
CONTINUOUS
100
AcDbLine
 10
2.7615214566929134
 20
0.6985293307086614
 30
0
 11
2.7610947244094488
 21
0.6991679527559055
 31
0
  0
LINE
  5
398
330
1A
100
AcDbEntity
  8
BLACK
  6
CONTINUOUS
100
AcDbLine
 10
2.7610947244094488
 20
0.6991679527559055
 30
0
 11
2.7609448818897637
 21
0.6999212598425196
 31
0
  0
LINE
  5
399
330
1A
100
AcDbEntity
  8
BLACK
  6
CONTINUOUS
100
AcDbLine
 10
2.7609448818897637
 20
0.6999212598425196
 30
0
 11
2.7609448818897637
 21
0.7599212598425197
 31
0
  0
LINE
  5
39A
330
1A
100
AcDbEntity
  8
BLACK
  6
CONTINUOUS
100
AcDbLine
 10
2.7609448818897637
 20
0.7599212598425197
 30
0
 11
2.7610947244094488
 21
0.7606745669291338
 31
0
  0
LINE
  5
39B
330
1A
100
AcDbEntity
  8
BLACK
  6
CONTINUOUS
100
AcDbLine
 10
2.7610947244094488
 20
0.7606745669291338
 30
0
 11
2.7615214566929134
 21
0.7613131889763779
 31
0
  0
LINE
  5
39C
330
1A
100
AcDbEntity
  8
BLACK
  6
CONTINUOUS
100
AcDbLine
 10
2.7615214566929134
 20
0.7613131889763779
 30
0
 11
2.7621600787401572
 21
0.7617399212598425
 31
0
  0
LINE
  5
39D
330
1A
100
AcDbEntity
  8
BLACK
  6
CONTINUOUS
100
AcDbLine
 10
2.7621600787401572
 20
0.7617399212598425
 30
0
 11
2.7629133858267716
 21
0.7618897637795276
 31
0
  0
LINE
  5
39E
330
1A
100
AcDbEntity
  8
BLACK
  6
CONTINUOUS
100
AcDbLine
 10
2.7629133858267716
 20
0.7618897637795276
 30
0
 11
2.8229133858267716
 21
0.7618897637795276
 31
0
  0
LINE
  5
39F
330
1A
100
AcDbEntity
  8
BLACK
  6
CONTINUOUS
100
AcDbLine
 10
2.8229133858267716
 20
0.7618897637795276
 30
0
 11
2.8236666929133856
 21
0.7617399212598425
 31
0
  0
LINE
  5
3A0
330
1A
100
AcDbEntity
  8
BLACK
  6
CONTINUOUS
100
AcDbLine
 10
1.2851701968503937
 20
0.7533902755905512
 30
0
 11
1.2889754724409448
 21
0.7517101181102362
 31
0
  0
LINE
  5
3A1
330
1A
100
AcDbEntity
  8
BLACK
  6
CONTINUOUS
100
AcDbLine
 10
1.2889754724409448
 20
0.7517101181102362
 30
0
 11
1.2919168110236221
 21
0.748768779527559
 31
0
  0
LINE
  5
3A2
330
1A
100
AcDbEntity
  8
BLACK
  6
CONTINUOUS
100
AcDbLine
 10
1.2919168110236221
 20
0.748768779527559
 30
0
 11
1.293596968503937
 21
0.7449635039370078
 31
0
  0
LINE
  5
3A3
330
1A
100
AcDbEntity
  8
BLACK
  6
CONTINUOUS
100
AcDbLine
 10
1.293596968503937
 20
0.7449635039370078
 30
0
 11
1.2938976377952756
 21
0.7423720472440944
 31
0
  0
LINE
  5
3A4
330
1A
100
AcDbEntity
  8
BLACK
  6
CONTINUOUS
100
AcDbLine
 10
1.2938976377952756
 20
0.7423720472440944
 30
0
 11
1.2938976377952756
 21
0.7197342519685039
 31
0
  0
LINE
  5
3A5
330
1A
100
AcDbEntity
  8
BLACK
  6
CONTINUOUS
100
AcDbLine
 10
1.2938976377952756
 20
0.7197342519685039
 30
0
 11
1.293596968503937
 21
0.7171427952755905
 31
0
  0
LINE
  5
3A6
330
1A
100
AcDbEntity
  8
BLACK
  6
CONTINUOUS
100
AcDbLine
 10
1.293596968503937
 20
0.7171427952755905
 30
0
 11
1.2919168110236221
 21
0.7133375196850393
 31
0
  0
LINE
  5
3A7
330
1A
100
AcDbEntity
  8
BLACK
  6
CONTINUOUS
100
AcDbLine
 10
1.2919168110236221
 20
0.7133375196850393
 30
0
 11
1.2889754724409448
 21
0.7103961811023621
 31
0
  0
LINE
  5
3A8
330
1A
100
AcDbEntity
  8
BLACK
  6
CONTINUOUS
100
AcDbLine
 10
1.2889754724409448
 20
0.7103961811023621
 30
0
 11
1.2851701968503937
 21
0.7087160236220472
 31
0
  0
LINE
  5
3A9
330
1A
100
AcDbEntity
  8
BLACK
  6
CONTINUOUS
100
AcDbLine
 10
1.2851701968503937
 20
0.7087160236220472
 30
0
 11
1.2825787401574802
 21
0.7084153543307087
 31
0
  0
LINE
  5
3AA
330
1A
100
AcDbEntity
  8
BLACK
  6
CONTINUOUS
100
AcDbLine
 10
1.2825787401574802
 20
0.7084153543307087
 30
0
 11
1.2638779527559054
 21
0.7084153543307087
 31
0
  0
LINE
  5
3AB
330
1A
100
AcDbEntity
  8
BLACK
  6
CONTINUOUS
100
AcDbLine
 10
1.2638779527559054
 20
0.7084153543307087
 30
0
 11
1.2612864960629921
 21
0.7087160236220472
 31
0
  0
LINE
  5
3AC
330
1A
100
AcDbEntity
  8
BLACK
  6
CONTINUOUS
100
AcDbLine
 10
1.2612864960629921
 20
0.7087160236220472
 30
0
 11
1.2574812204724408
 21
0.7103961811023621
 31
0
  0
LINE
  5
3AD
330
1A
100
AcDbEntity
  8
BLACK
  6
CONTINUOUS
100
AcDbLine
 10
1.2574812204724408
 20
0.7103961811023621
 30
0
 11
1.2545398818897637
 21
0.7133375196850393
 31
0
  0
LINE
  5
3AE
330
1A
100
AcDbEntity
  8
BLACK
  6
CONTINUOUS
100
AcDbLine
 10
1.2545398818897637
 20
0.7133375196850393
 30
0
 11
1.2528597244094488
 21
0.7171427952755905
 31
0
  0
LINE
  5
3AF
330
1A
100
AcDbEntity
  8
BLACK
  6
CONTINUOUS
100
AcDbLine
 10
1.2528597244094488
 20
0.7171427952755905
 30
0
 11
1.2525590551181103
 21
0.7197342519685039
 31
0
  0
LINE
  5
3B0
330
1A
100
AcDbEntity
  8
BLACK
  6
CONTINUOUS
100
AcDbLine
 10
1.2525590551181103
 20
0.7197342519685039
 30
0
 11
1.2525590551181103
 21
0.7423720472440944
 31
0
  0
LINE
  5
3B1
330
1A
100
AcDbEntity
  8
BLACK
  6
CONTINUOUS
100
AcDbLine
 10
1.2525590551181103
 20
0.7423720472440944
 30
0
 11
1.2528597244094488
 21
0.7449635039370078
 31
0
  0
LINE
  5
3B2
330
1A
100
AcDbEntity
  8
BLACK
  6
CONTINUOUS
100
AcDbLine
 10
1.2528597244094488
 20
0.7449635039370078
 30
0
 11
1.2545398818897637
 21
0.748768779527559
 31
0
  0
LINE
  5
3B3
330
1A
100
AcDbEntity
  8
BLACK
  6
CONTINUOUS
100
AcDbLine
 10
1.2545398818897637
 20
0.748768779527559
 30
0
 11
1.2574812204724408
 21
0.7517101181102362
 31
0
  0
LINE
  5
3B4
330
1A
100
AcDbEntity
  8
BLACK
  6
CONTINUOUS
100
AcDbLine
 10
1.2574812204724408
 20
0.7517101181102362
 30
0
 11
1.2612864960629921
 21
0.7533902755905512
 31
0
  0
LINE
  5
3B5
330
1A
100
AcDbEntity
  8
BLACK
  6
CONTINUOUS
100
AcDbLine
 10
1.2612864960629921
 20
0.7533902755905512
 30
0
 11
1.2638779527559054
 21
0.7536909448818897
 31
0
  0
LINE
  5
3B6
330
1A
100
AcDbEntity
  8
BLACK
  6
CONTINUOUS
100
AcDbLine
 10
1.2638779527559054
 20
0.7536909448818897
 30
0
 11
1.2825787401574802
 21
0.7536909448818897
 31
0
  0
LINE
  5
3B7
330
1A
100
AcDbEntity
  8
BLACK
  6
CONTINUOUS
100
AcDbLine
 10
1.2825787401574802
 20
0.7536909448818897
 30
0
 11
1.2851701968503937
 21
0.7533902755905512
 31
0
  0
LINE
  5
3B8
330
1A
100
AcDbEntity
  8
BLACK
  6
CONTINUOUS
100
AcDbLine
 10
1.9777877952755905
 20
0.753524842519685
 30
0
 11
1.9817585039370078
 21
0.7517716141732284
 31
0
  0
LINE
  5
3B9
330
1A
100
AcDbEntity
  8
BLACK
  6
CONTINUOUS
100
AcDbLine
 10
1.9817585039370078
 20
0.7517716141732284
 30
0
 11
1.9848277165354331
 21
0.7487024015748032
 31
0
  0
LINE
  5
3BA
330
1A
100
AcDbEntity
  8
BLACK
  6
CONTINUOUS
100
AcDbLine
 10
1.9848277165354331
 20
0.7487024015748032
 30
0
 11
1.9865809448818896
 21
0.7447316929133858
 31
0
  0
LINE
  5
3BB
330
1A
100
AcDbEntity
  8
BLACK
  6
CONTINUOUS
100
AcDbLine
 10
1.9865809448818896
 20
0.7447316929133858
 30
0
 11
1.9868946850393701
 21
0.7420275590551181
 31
0
  0
LINE
  5
3BC
330
1A
100
AcDbEntity
  8
BLACK
  6
CONTINUOUS
100
AcDbLine
 10
1.9868946850393701
 20
0.7420275590551181
 30
0
 11
1.9868946850393701
 21
0.7223425196850394
 31
0
  0
LINE
  5
3BD
330
1A
100
AcDbEntity
  8
BLACK
  6
CONTINUOUS
100
AcDbLine
 10
1.9868946850393701
 20
0.7223425196850394
 30
0
 11
1.9865809448818896
 21
0.7196383858267716
 31
0
  0
LINE
  5
3BE
330
1A
100
AcDbEntity
  8
BLACK
  6
CONTINUOUS
100
AcDbLine
 10
1.9865809448818896
 20
0.7196383858267716
 30
0
 11
1.9848277165354331
 21
0.7156676771653543
 31
0
  0
LINE
  5
3BF
330
1A
100
AcDbEntity
  8
BLACK
  6
CONTINUOUS
100
AcDbLine
 10
1.9848277165354331
 20
0.7156676771653543
 30
0
 11
1.9817585039370078
 21
0.7125984645669291
 31
0
  0
LINE
  5
3C0
330
1A
100
AcDbEntity
  8
BLACK
  6
CONTINUOUS
100
AcDbLine
 10
1.9817585039370078
 20
0.7125984645669291
 30
0
 11
1.9777877952755905
 21
0.7108452362204725
 31
0
  0
LINE
  5
3C1
330
1A
100
AcDbEntity
  8
BLACK
  6
CONTINUOUS
100
AcDbLine
 10
1.9777877952755905
 20
0.7108452362204725
 30
0
 11
1.9750836614173228
 21
0.7105314960629922
 31
0
  0
LINE
  5
3C2
330
1A
100
AcDbEntity
  8
BLACK
  6
CONTINUOUS
100
AcDbLine
 10
1.9750836614173228
 20
0.7105314960629922
 30
0
 11
1.9376820866141733
 21
0.7105314960629922
 31
0
  0
LINE
  5
3C3
330
1A
100
AcDbEntity
  8
BLACK
  6
CONTINUOUS
100
AcDbLine
 10
1.9376820866141733
 20
0.7105314960629922
 30
0
 11
1.9349779527559055
 21
0.7108452362204725
 31
0
  0
LINE
  5
3C4
330
1A
100
AcDbEntity
  8
BLACK
  6
CONTINUOUS
100
AcDbLine
 10
1.9349779527559055
 20
0.7108452362204725
 30
0
 11
1.9310072440944881
 21
0.7125984645669291
 31
0
  0
LINE
  5
3C5
330
1A
100
AcDbEntity
  8
BLACK
  6
CONTINUOUS
100
AcDbLine
 10
1.9310072440944881
 20
0.7125984645669291
 30
0
 11
1.927938031496063
 21
0.7156676771653543
 31
0
  0
LINE
  5
3C6
330
1A
100
AcDbEntity
  8
BLACK
  6
CONTINUOUS
100
AcDbLine
 10
1.927938031496063
 20
0.7156676771653543
 30
0
 11
1.9261848031496063
 21
0.7196383858267716
 31
0
  0
LINE
  5
3C7
330
1A
100
AcDbEntity
  8
BLACK
  6
CONTINUOUS
100
AcDbLine
 10
1.9261848031496063
 20
0.7196383858267716
 30
0
 11
1.9258710629921258
 21
0.7223425196850394
 31
0
  0
LINE
  5
3C8
330
1A
100
AcDbEntity
  8
BLACK
  6
CONTINUOUS
100
AcDbLine
 10
1.9258710629921258
 20
0.7223425196850394
 30
0
 11
1.9258710629921258
 21
0.7420275590551181
 31
0
  0
LINE
  5
3C9
330
1A
100
AcDbEntity
  8
BLACK
  6
CONTINUOUS
100
AcDbLine
 10
1.9258710629921258
 20
0.7420275590551181
 30
0
 11
1.9261848031496063
 21
0.7447316929133858
 31
0
  0
LINE
  5
3CA
330
1A
100
AcDbEntity
  8
BLACK
  6
CONTINUOUS
100
AcDbLine
 10
1.9261848031496063
 20
0.7447316929133858
 30
0
 11
1.927938031496063
 21
0.7487024015748032
 31
0
  0
LINE
  5
3CB
330
1A
100
AcDbEntity
  8
BLACK
  6
CONTINUOUS
100
AcDbLine
 10
1.927938031496063
 20
0.7487024015748032
 30
0
 11
1.9310072440944881
 21
0.7517716141732284
 31
0
  0
LINE
  5
3CC
330
1A
100
AcDbEntity
  8
BLACK
  6
CONTINUOUS
100
AcDbLine
 10
1.9310072440944881
 20
0.7517716141732284
 30
0
 11
1.9349779527559055
 21
0.753524842519685
 31
0
  0
LINE
  5
3CD
330
1A
100
AcDbEntity
  8
BLACK
  6
CONTINUOUS
100
AcDbLine
 10
1.9349779527559055
 20
0.753524842519685
 30
0
 11
1.9376820866141733
 21
0.7538385826771653
 31
0
  0
LINE
  5
3CE
330
1A
100
AcDbEntity
  8
BLACK
  6
CONTINUOUS
100
AcDbLine
 10
1.9376820866141733
 20
0.7538385826771653
 30
0
 11
1.9750836614173228
 21
0.7538385826771653
 31
0
  0
LINE
  5
3CF
330
1A
100
AcDbEntity
  8
BLACK
  6
CONTINUOUS
100
AcDbLine
 10
1.9750836614173228
 20
0.7538385826771653
 30
0
 11
1.9777877952755905
 21
0.753524842519685
 31
0
  0
LINE
  5
3D0
330
1A
100
AcDbEntity
  8
BLACK
  6
CONTINUOUS
100
AcDbLine
 10
1.8935358267716536
 20
0.7543122440944882
 30
0
 11
1.8975065354330709
 21
0.7525590157480315
 31
0
  0
LINE
  5
3D1
330
1A
100
AcDbEntity
  8
BLACK
  6
CONTINUOUS
100
AcDbLine
 10
1.8975065354330709
 20
0.7525590157480315
 30
0
 11
1.900575748031496
 21
0.7494898031496063
 31
0
  0
LINE
  5
3D2
330
1A
100
AcDbEntity
  8
BLACK
  6
CONTINUOUS
100
AcDbLine
 10
1.900575748031496
 20
0.7494898031496063
 30
0
 11
1.9023289763779527
 21
0.745519094488189
 31
0
  0
LINE
  5
3D3
330
1A
100
AcDbEntity
  8
BLACK
  6
CONTINUOUS
100
AcDbLine
 10
1.9023289763779527
 20
0.745519094488189
 30
0
 11
1.9026427165354329
 21
0.7428149606299213
 31
0
  0
LINE
  5
3D4
330
1A
100
AcDbEntity
  8
BLACK
  6
CONTINUOUS
100
AcDbLine
 10
1.9026427165354329
 20
0.7428149606299213
 30
0
 11
1.9026427165354329
 21
0.7231299212598425
 31
0
  0
LINE
  5
3D5
330
1A
100
AcDbEntity
  8
BLACK
  6
CONTINUOUS
100
AcDbLine
 10
1.9026427165354329
 20
0.7231299212598425
 30
0
 11
1.9023289763779527
 21
0.7204257874015748
 31
0
  0
LINE
  5
3D6
330
1A
100
AcDbEntity
  8
BLACK
  6
CONTINUOUS
100
AcDbLine
 10
1.9023289763779527
 20
0.7204257874015748
 30
0
 11
1.900575748031496
 21
0.7164550787401575
 31
0
  0
LINE
  5
3D7
330
1A
100
AcDbEntity
  8
BLACK
  6
CONTINUOUS
100
AcDbLine
 10
1.900575748031496
 20
0.7164550787401575
 30
0
 11
1.8975065354330709
 21
0.7133858661417323
 31
0
  0
LINE
  5
3D8
330
1A
100
AcDbEntity
  8
BLACK
  6
CONTINUOUS
100
AcDbLine
 10
1.8975065354330709
 20
0.7133858661417323
 30
0
 11
1.8935358267716536
 21
0.7116326377952755
 31
0
  0
LINE
  5
3D9
330
1A
100
AcDbEntity
  8
BLACK
  6
CONTINUOUS
100
AcDbLine
 10
1.8935358267716536
 20
0.7116326377952755
 30
0
 11
1.8908316929133857
 21
0.7113188976377952
 31
0
  0
LINE
  5
3DA
330
1A
100
AcDbEntity
  8
BLACK
  6
CONTINUOUS
100
AcDbLine
 10
1.8908316929133857
 20
0.7113188976377952
 30
0
 11
1.8534301181102362
 21
0.7113188976377952
 31
0
  0
LINE
  5
3DB
330
1A
100
AcDbEntity
  8
BLACK
  6
CONTINUOUS
100
AcDbLine
 10
1.8534301181102362
 20
0.7113188976377952
 30
0
 11
1.8507259842519685
 21
0.7116326377952755
 31
0
  0
LINE
  5
3DC
330
1A
100
AcDbEntity
  8
BLACK
  6
CONTINUOUS
100
AcDbLine
 10
1.8507259842519685
 20
0.7116326377952755
 30
0
 11
1.8467552755905512
 21
0.7133858661417323
 31
0
  0
LINE
  5
3DD
330
1A
100
AcDbEntity
  8
BLACK
  6
CONTINUOUS
100
AcDbLine
 10
1.8467552755905512
 20
0.7133858661417323
 30
0
 11
1.8436860629921259
 21
0.7164550787401575
 31
0
  0
LINE
  5
3DE
330
1A
100
AcDbEntity
  8
BLACK
  6
CONTINUOUS
100
AcDbLine
 10
1.8436860629921259
 20
0.7164550787401575
 30
0
 11
1.8419328346456691
 21
0.7204257874015748
 31
0
  0
LINE
  5
3DF
330
1A
100
AcDbEntity
  8
BLACK
  6
CONTINUOUS
100
AcDbLine
 10
1.8419328346456691
 20
0.7204257874015748
 30
0
 11
1.8416190944881889
 21
0.7231299212598425
 31
0
  0
LINE
  5
3E0
330
1A
100
AcDbEntity
  8
BLACK
  6
CONTINUOUS
100
AcDbLine
 10
1.8416190944881889
 20
0.7231299212598425
 30
0
 11
1.8416190944881889
 21
0.7428149606299213
 31
0
  0
LINE
  5
3E1
330
1A
100
AcDbEntity
  8
BLACK
  6
CONTINUOUS
100
AcDbLine
 10
1.8416190944881889
 20
0.7428149606299213
 30
0
 11
1.8419328346456691
 21
0.745519094488189
 31
0
  0
LINE
  5
3E2
330
1A
100
AcDbEntity
  8
BLACK
  6
CONTINUOUS
100
AcDbLine
 10
1.8419328346456691
 20
0.745519094488189
 30
0
 11
1.8436860629921259
 21
0.7494898031496063
 31
0
  0
LINE
  5
3E3
330
1A
100
AcDbEntity
  8
BLACK
  6
CONTINUOUS
100
AcDbLine
 10
1.8436860629921259
 20
0.7494898031496063
 30
0
 11
1.8467552755905512
 21
0.7525590157480315
 31
0
  0
LINE
  5
3E4
330
1A
100
AcDbEntity
  8
BLACK
  6
CONTINUOUS
100
AcDbLine
 10
1.8467552755905512
 20
0.7525590157480315
 30
0
 11
1.8507259842519685
 21
0.7543122440944882
 31
0
  0
LINE
  5
3E5
330
1A
100
AcDbEntity
  8
BLACK
  6
CONTINUOUS
100
AcDbLine
 10
1.8507259842519685
 20
0.7543122440944882
 30
0
 11
1.8534301181102362
 21
0.7546259842519685
 31
0
  0
LINE
  5
3E6
330
1A
100
AcDbEntity
  8
BLACK
  6
CONTINUOUS
100
AcDbLine
 10
1.8534301181102362
 20
0.7546259842519685
 30
0
 11
1.8908316929133857
 21
0.7546259842519685
 31
0
  0
LINE
  5
3E7
330
1A
100
AcDbEntity
  8
BLACK
  6
CONTINUOUS
100
AcDbLine
 10
1.8908316929133857
 20
0.7546259842519685
 30
0
 11
1.8935358267716536
 21
0.7543122440944882
 31
0
  0
LINE
  5
3E8
330
1A
100
AcDbEntity
  8
BLACK
  6
CONTINUOUS
100
AcDbLine
 10
1.1345751574803149
 20
0.7548043700787401
 30
0
 11
1.1385458661417323
 21
0.7530511417322835
 31
0
  0
LINE
  5
3E9
330
1A
100
AcDbEntity
  8
BLACK
  6
CONTINUOUS
100
AcDbLine
 10
1.1385458661417323
 20
0.7530511417322835
 30
0
 11
1.1416150787401576
 21
0.7499819291338583
 31
0
  0
LINE
  5
3EA
330
1A
100
AcDbEntity
  8
BLACK
  6
CONTINUOUS
100
AcDbLine
 10
1.1416150787401576
 20
0.7499819291338583
 30
0
 11
1.1433683070866141
 21
0.746011220472441
 31
0
  0
LINE
  5
3EB
330
1A
100
AcDbEntity
  8
BLACK
  6
CONTINUOUS
100
AcDbLine
 10
1.1433683070866141
 20
0.746011220472441
 30
0
 11
1.1436820472440945
 21
0.7433070866141732
 31
0
  0
LINE
  5
3EC
330
1A
100
AcDbEntity
  8
BLACK
  6
CONTINUOUS
100
AcDbLine
 10
1.1436820472440945
 20
0.7433070866141732
 30
0
 11
1.1436820472440945
 21
0.7236220472440945
 31
0
  0
LINE
  5
3ED
330
1A
100
AcDbEntity
  8
BLACK
  6
CONTINUOUS
100
AcDbLine
 10
1.1436820472440945
 20
0.7236220472440945
 30
0
 11
1.1433683070866141
 21
0.7209179133858268
 31
0
  0
LINE
  5
3EE
330
1A
100
AcDbEntity
  8
BLACK
  6
CONTINUOUS
100
AcDbLine
 10
1.1433683070866141
 20
0.7209179133858268
 30
0
 11
1.1416150787401576
 21
0.7169472047244094
 31
0
  0
LINE
  5
3EF
330
1A
100
AcDbEntity
  8
BLACK
  6
CONTINUOUS
100
AcDbLine
 10
1.1416150787401576
 20
0.7169472047244094
 30
0
 11
1.1385458661417323
 21
0.7138779921259842
 31
0
  0
LINE
  5
3F0
330
1A
100
AcDbEntity
  8
BLACK
  6
CONTINUOUS
100
AcDbLine
 10
1.1385458661417323
 20
0.7138779921259842
 30
0
 11
1.1345751574803149
 21
0.7121247637795275
 31
0
  0
LINE
  5
3F1
330
1A
100
AcDbEntity
  8
BLACK
  6
CONTINUOUS
100
AcDbLine
 10
1.1345751574803149
 20
0.7121247637795275
 30
0
 11
1.1318710236220473
 21
0.7118110236220472
 31
0
  0
LINE
  5
3F2
330
1A
100
AcDbEntity
  8
BLACK
  6
CONTINUOUS
100
AcDbLine
 10
1.1318710236220473
 20
0.7118110236220472
 30
0
 11
1.0944694488188975
 21
0.7118110236220472
 31
0
  0
LINE
  5
3F3
330
1A
100
AcDbEntity
  8
BLACK
  6
CONTINUOUS
100
AcDbLine
 10
1.0944694488188975
 20
0.7118110236220472
 30
0
 11
1.0917653149606299
 21
0.7121247637795275
 31
0
  0
LINE
  5
3F4
330
1A
100
AcDbEntity
  8
BLACK
  6
CONTINUOUS
100
AcDbLine
 10
1.0917653149606299
 20
0.7121247637795275
 30
0
 11
1.0877946062992125
 21
0.7138779921259842
 31
0
  0
LINE
  5
3F5
330
1A
100
AcDbEntity
  8
BLACK
  6
CONTINUOUS
100
AcDbLine
 10
1.0877946062992125
 20
0.7138779921259842
 30
0
 11
1.0847253937007875
 21
0.7169472047244094
 31
0
  0
LINE
  5
3F6
330
1A
100
AcDbEntity
  8
BLACK
  6
CONTINUOUS
100
AcDbLine
 10
1.0847253937007875
 20
0.7169472047244094
 30
0
 11
1.0829721653543307
 21
0.7209179133858268
 31
0
  0
LINE
  5
3F7
330
1A
100
AcDbEntity
  8
BLACK
  6
CONTINUOUS
100
AcDbLine
 10
1.0829721653543307
 20
0.7209179133858268
 30
0
 11
1.0826584251968503
 21
0.7236220472440945
 31
0
  0
LINE
  5
3F8
330
1A
100
AcDbEntity
  8
BLACK
  6
CONTINUOUS
100
AcDbLine
 10
1.0826584251968503
 20
0.7236220472440945
 30
0
 11
1.0826584251968503
 21
0.7433070866141732
 31
0
  0
LINE
  5
3F9
330
1A
100
AcDbEntity
  8
BLACK
  6
CONTINUOUS
100
AcDbLine
 10
1.0826584251968503
 20
0.7433070866141732
 30
0
 11
1.0829721653543307
 21
0.746011220472441
 31
0
  0
LINE
  5
3FA
330
1A
100
AcDbEntity
  8
BLACK
  6
CONTINUOUS
100
AcDbLine
 10
1.0829721653543307
 20
0.746011220472441
 30
0
 11
1.0847253937007875
 21
0.7499819291338583
 31
0
  0
LINE
  5
3FB
330
1A
100
AcDbEntity
  8
BLACK
  6
CONTINUOUS
100
AcDbLine
 10
1.0847253937007875
 20
0.7499819291338583
 30
0
 11
1.0877946062992125
 21
0.7530511417322835
 31
0
  0
LINE
  5
3FC
330
1A
100
AcDbEntity
  8
BLACK
  6
CONTINUOUS
100
AcDbLine
 10
1.0877946062992125
 20
0.7530511417322835
 30
0
 11
1.0917653149606299
 21
0.7548043700787401
 31
0
  0
LINE
  5
3FD
330
1A
100
AcDbEntity
  8
BLACK
  6
CONTINUOUS
100
AcDbLine
 10
1.0917653149606299
 20
0.7548043700787401
 30
0
 11
1.0944694488188975
 21
0.7551181102362204
 31
0
  0
LINE
  5
3FE
330
1A
100
AcDbEntity
  8
BLACK
  6
CONTINUOUS
100
AcDbLine
 10
1.0944694488188975
 20
0.7551181102362204
 30
0
 11
1.1318710236220473
 21
0.7551181102362204
 31
0
  0
LINE
  5
3FF
330
1A
100
AcDbEntity
  8
BLACK
  6
CONTINUOUS
100
AcDbLine
 10
1.1318710236220473
 20
0.7551181102362204
 30
0
 11
1.1345751574803149
 21
0.7548043700787401
 31
0
  0
LINE
  5
400
330
1A
100
AcDbEntity
  8
BLACK
  6
CONTINUOUS
100
AcDbLine
 10
1.2235515354330708
 20
0.7567049212598425
 30
0
 11
1.2275222440944882
 21
0.7549516929133858
 31
0
  0
LINE
  5
401
330
1A
100
AcDbEntity
  8
BLACK
  6
CONTINUOUS
100
AcDbLine
 10
1.2275222440944882
 20
0.7549516929133858
 30
0
 11
1.2305914566929133
 21
0.7518824803149606
 31
0
  0
LINE
  5
402
330
1A
100
AcDbEntity
  8
BLACK
  6
CONTINUOUS
100
AcDbLine
 10
1.2305914566929133
 20
0.7518824803149606
 30
0
 11
1.23234468503937
 21
0.7479117716535433
 31
0
  0
LINE
  5
403
330
1A
100
AcDbEntity
  8
BLACK
  6
CONTINUOUS
100
AcDbLine
 10
1.23234468503937
 20
0.7479117716535433
 30
0
 11
1.2326584251968504
 21
0.7452076377952755
 31
0
  0
LINE
  5
404
330
1A
100
AcDbEntity
  8
BLACK
  6
CONTINUOUS
100
AcDbLine
 10
1.2326584251968504
 20
0.7452076377952755
 30
0
 11
1.2326584251968504
 21
0.7255225984251968
 31
0
  0
LINE
  5
405
330
1A
100
AcDbEntity
  8
BLACK
  6
CONTINUOUS
100
AcDbLine
 10
1.2326584251968504
 20
0.7255225984251968
 30
0
 11
1.23234468503937
 21
0.7228184645669291
 31
0
  0
LINE
  5
406
330
1A
100
AcDbEntity
  8
BLACK
  6
CONTINUOUS
100
AcDbLine
 10
1.23234468503937
 20
0.7228184645669291
 30
0
 11
1.2305914566929133
 21
0.7188477559055118
 31
0
  0
LINE
  5
407
330
1A
100
AcDbEntity
  8
BLACK
  6
CONTINUOUS
100
AcDbLine
 10
1.2305914566929133
 20
0.7188477559055118
 30
0
 11
1.2275222440944882
 21
0.7157785433070866
 31
0
  0
LINE
  5
408
330
1A
100
AcDbEntity
  8
BLACK
  6
CONTINUOUS
100
AcDbLine
 10
1.2275222440944882
 20
0.7157785433070866
 30
0
 11
1.2235515354330708
 21
0.7140253149606299
 31
0
  0
LINE
  5
409
330
1A
100
AcDbEntity
  8
BLACK
  6
CONTINUOUS
100
AcDbLine
 10
1.2235515354330708
 20
0.7140253149606299
 30
0
 11
1.2208474015748032
 21
0.7137115748031496
 31
0
  0
LINE
  5
40A
330
1A
100
AcDbEntity
  8
BLACK
  6
CONTINUOUS
100
AcDbLine
 10
1.2208474015748032
 20
0.7137115748031496
 30
0
 11
1.1834458267716534
 21
0.7137115748031496
 31
0
  0
LINE
  5
40B
330
1A
100
AcDbEntity
  8
BLACK
  6
CONTINUOUS
100
AcDbLine
 10
1.1834458267716534
 20
0.7137115748031496
 30
0
 11
1.1807416929133858
 21
0.7140253149606299
 31
0
  0
LINE
  5
40C
330
1A
100
AcDbEntity
  8
BLACK
  6
CONTINUOUS
100
AcDbLine
 10
1.1807416929133858
 20
0.7140253149606299
 30
0
 11
1.1767709842519685
 21
0.7157785433070866
 31
0
  0
LINE
  5
40D
330
1A
100
AcDbEntity
  8
BLACK
  6
CONTINUOUS
100
AcDbLine
 10
1.1767709842519685
 20
0.7157785433070866
 30
0
 11
1.1737017716535434
 21
0.7188477559055118
 31
0
  0
LINE
  5
40E
330
1A
100
AcDbEntity
  8
BLACK
  6
CONTINUOUS
100
AcDbLine
 10
1.1737017716535434
 20
0.7188477559055118
 30
0
 11
1.1719485433070866
 21
0.7228184645669291
 31
0
  0
LINE
  5
40F
330
1A
100
AcDbEntity
  8
BLACK
  6
CONTINUOUS
100
AcDbLine
 10
1.1719485433070866
 20
0.7228184645669291
 30
0
 11
1.1716348031496062
 21
0.7255225984251968
 31
0
  0
LINE
  5
410
330
1A
100
AcDbEntity
  8
BLACK
  6
CONTINUOUS
100
AcDbLine
 10
1.1716348031496062
 20
0.7255225984251968
 30
0
 11
1.1716348031496062
 21
0.7452076377952755
 31
0
  0
LINE
  5
411
330
1A
100
AcDbEntity
  8
BLACK
  6
CONTINUOUS
100
AcDbLine
 10
1.1716348031496062
 20
0.7452076377952755
 30
0
 11
1.1719485433070866
 21
0.7479117716535433
 31
0
  0
LINE
  5
412
330
1A
100
AcDbEntity
  8
BLACK
  6
CONTINUOUS
100
AcDbLine
 10
1.1719485433070866
 20
0.7479117716535433
 30
0
 11
1.1737017716535434
 21
0.7518824803149606
 31
0
  0
LINE
  5
413
330
1A
100
AcDbEntity
  8
BLACK
  6
CONTINUOUS
100
AcDbLine
 10
1.1737017716535434
 20
0.7518824803149606
 30
0
 11
1.1767709842519685
 21
0.7549516929133858
 31
0
  0
LINE
  5
414
330
1A
100
AcDbEntity
  8
BLACK
  6
CONTINUOUS
100
AcDbLine
 10
1.1767709842519685
 20
0.7549516929133858
 30
0
 11
1.1807416929133858
 21
0.7567049212598425
 31
0
  0
LINE
  5
415
330
1A
100
AcDbEntity
  8
BLACK
  6
CONTINUOUS
100
AcDbLine
 10
1.1807416929133858
 20
0.7567049212598425
 30
0
 11
1.1834458267716534
 21
0.7570186614173228
 31
0
  0
LINE
  5
416
330
1A
100
AcDbEntity
  8
BLACK
  6
CONTINUOUS
100
AcDbLine
 10
1.1834458267716534
 20
0.7570186614173228
 30
0
 11
1.2208474015748032
 21
0.7570186614173228
 31
0
  0
LINE
  5
417
330
1A
100
AcDbEntity
  8
BLACK
  6
CONTINUOUS
100
AcDbLine
 10
1.2208474015748032
 20
0.7570186614173228
 30
0
 11
1.2235515354330708
 21
0.7567049212598425
 31
0
  0
LINE
  5
418
330
1A
100
AcDbEntity
  8
BLACK
  6
CONTINUOUS
100
AcDbLine
 10
2.1023453543307085
 20
0.7817592125984252
 30
0
 11
2.1048998425196852
 21
0.7800523228346457
 31
0
  0
LINE
  5
419
330
1A
100
AcDbEntity
  8
BLACK
  6
CONTINUOUS
100
AcDbLine
 10
2.1048998425196852
 20
0.7800523228346457
 30
0
 11
2.1066067322834647
 21
0.7774978346456692
 31
0
  0
LINE
  5
41A
330
1A
100
AcDbEntity
  8
BLACK
  6
CONTINUOUS
100
AcDbLine
 10
2.1066067322834647
 20
0.7774978346456692
 30
0
 11
2.1072061023622046
 21
0.7744845669291338
 31
0
  0
LINE
  5
41B
330
1A
100
AcDbEntity
  8
BLACK
  6
CONTINUOUS
100
AcDbLine
 10
2.1072061023622046
 20
0.7744845669291338
 30
0
 11
2.1072061023622046
 21
0.7341302362204725
 31
0
  0
LINE
  5
41C
330
1A
100
AcDbEntity
  8
BLACK
  6
CONTINUOUS
100
AcDbLine
 10
2.1072061023622046
 20
0.7341302362204725
 30
0
 11
2.1066067322834647
 21
0.731116968503937
 31
0
  0
LINE
  5
41D
330
1A
100
AcDbEntity
  8
BLACK
  6
CONTINUOUS
100
AcDbLine
 10
2.1066067322834647
 20
0.731116968503937
 30
0
 11
2.1048998425196852
 21
0.7285624803149606
 31
0
  0
LINE
  5
41E
330
1A
100
AcDbEntity
  8
BLACK
  6
CONTINUOUS
100
AcDbLine
 10
2.1048998425196852
 20
0.7285624803149606
 30
0
 11
2.1023453543307085
 21
0.7268555905511811
 31
0
  0
LINE
  5
41F
330
1A
100
AcDbEntity
  8
BLACK
  6
CONTINUOUS
100
AcDbLine
 10
2.1023453543307085
 20
0.7268555905511811
 30
0
 11
2.0993320866141731
 21
0.726256220472441
 31
0
  0
LINE
  5
420
330
1A
100
AcDbEntity
  8
BLACK
  6
CONTINUOUS
100
AcDbLine
 10
2.0993320866141731
 20
0.726256220472441
 30
0
 11
2.0875210629921259
 21
0.726256220472441
 31
0
  0
LINE
  5
421
330
1A
100
AcDbEntity
  8
BLACK
  6
CONTINUOUS
100
AcDbLine
 10
2.0875210629921259
 20
0.726256220472441
 30
0
 11
2.0845077952755906
 21
0.7268555905511811
 31
0
  0
LINE
  5
422
330
1A
100
AcDbEntity
  8
BLACK
  6
CONTINUOUS
100
AcDbLine
 10
2.0845077952755906
 20
0.7268555905511811
 30
0
 11
2.0819533070866143
 21
0.7285624803149606
 31
0
  0
LINE
  5
423
330
1A
100
AcDbEntity
  8
BLACK
  6
CONTINUOUS
100
AcDbLine
 10
2.0819533070866143
 20
0.7285624803149606
 30
0
 11
2.0802464173228348
 21
0.731116968503937
 31
0
  0
LINE
  5
424
330
1A
100
AcDbEntity
  8
BLACK
  6
CONTINUOUS
100
AcDbLine
 10
2.0802464173228348
 20
0.731116968503937
 30
0
 11
2.0796470472440944
 21
0.7341302362204725
 31
0
  0
LINE
  5
425
330
1A
100
AcDbEntity
  8
BLACK
  6
CONTINUOUS
100
AcDbLine
 10
2.0796470472440944
 20
0.7341302362204725
 30
0
 11
2.0796470472440944
 21
0.7744845669291338
 31
0
  0
LINE
  5
426
330
1A
100
AcDbEntity
  8
BLACK
  6
CONTINUOUS
100
AcDbLine
 10
2.0796470472440944
 20
0.7744845669291338
 30
0
 11
2.0802464173228348
 21
0.7774978346456692
 31
0
  0
LINE
  5
427
330
1A
100
AcDbEntity
  8
BLACK
  6
CONTINUOUS
100
AcDbLine
 10
2.0802464173228348
 20
0.7774978346456692
 30
0
 11
2.0819533070866143
 21
0.7800523228346457
 31
0
  0
LINE
  5
428
330
1A
100
AcDbEntity
  8
BLACK
  6
CONTINUOUS
100
AcDbLine
 10
2.0819533070866143
 20
0.7800523228346457
 30
0
 11
2.0845077952755906
 21
0.7817592125984252
 31
0
  0
LINE
  5
429
330
1A
100
AcDbEntity
  8
BLACK
  6
CONTINUOUS
100
AcDbLine
 10
2.0845077952755906
 20
0.7817592125984252
 30
0
 11
2.0875210629921259
 21
0.7823585826771653
 31
0
  0
LINE
  5
42A
330
1A
100
AcDbEntity
  8
BLACK
  6
CONTINUOUS
100
AcDbLine
 10
2.0875210629921259
 20
0.7823585826771653
 30
0
 11
2.0993320866141731
 21
0.7823585826771653
 31
0
  0
LINE
  5
42B
330
1A
100
AcDbEntity
  8
BLACK
  6
CONTINUOUS
100
AcDbLine
 10
2.0993320866141731
 20
0.7823585826771653
 30
0
 11
2.1023453543307085
 21
0.7817592125984252
 31
0
  0
LINE
  5
42C
330
1A
100
AcDbEntity
  8
BLACK
  6
CONTINUOUS
100
AcDbLine
 10
2.177148503937008
 20
0.7817592125984252
 30
0
 11
2.1797029921259843
 21
0.7800523228346457
 31
0
  0
LINE
  5
42D
330
1A
100
AcDbEntity
  8
BLACK
  6
CONTINUOUS
100
AcDbLine
 10
2.1797029921259843
 20
0.7800523228346457
 30
0
 11
2.1814098818897638
 21
0.7774978346456692
 31
0
  0
LINE
  5
42E
330
1A
100
AcDbEntity
  8
BLACK
  6
CONTINUOUS
100
AcDbLine
 10
2.1814098818897638
 20
0.7774978346456692
 30
0
 11
2.1820092519685037
 21
0.7744845669291338
 31
0
  0
LINE
  5
42F
330
1A
100
AcDbEntity
  8
BLACK
  6
CONTINUOUS
100
AcDbLine
 10
2.1820092519685037
 20
0.7744845669291338
 30
0
 11
2.1820092519685037
 21
0.7341302362204725
 31
0
  0
LINE
  5
430
330
1A
100
AcDbEntity
  8
BLACK
  6
CONTINUOUS
100
AcDbLine
 10
2.1820092519685037
 20
0.7341302362204725
 30
0
 11
2.1814098818897638
 21
0.731116968503937
 31
0
  0
LINE
  5
431
330
1A
100
AcDbEntity
  8
BLACK
  6
CONTINUOUS
100
AcDbLine
 10
2.1814098818897638
 20
0.731116968503937
 30
0
 11
2.1797029921259843
 21
0.7285624803149606
 31
0
  0
LINE
  5
432
330
1A
100
AcDbEntity
  8
BLACK
  6
CONTINUOUS
100
AcDbLine
 10
2.1797029921259843
 20
0.7285624803149606
 30
0
 11
2.177148503937008
 21
0.7268555905511811
 31
0
  0
LINE
  5
433
330
1A
100
AcDbEntity
  8
BLACK
  6
CONTINUOUS
100
AcDbLine
 10
2.177148503937008
 20
0.7268555905511811
 30
0
 11
2.1741352362204722
 21
0.726256220472441
 31
0
  0
LINE
  5
434
330
1A
100
AcDbEntity
  8
BLACK
  6
CONTINUOUS
100
AcDbLine
 10
2.1741352362204722
 20
0.726256220472441
 30
0
 11
2.162324212598425
 21
0.726256220472441
 31
0
  0
LINE
  5
435
330
1A
100
AcDbEntity
  8
BLACK
  6
CONTINUOUS
100
AcDbLine
 10
2.162324212598425
 20
0.726256220472441
 30
0
 11
2.1593109448818897
 21
0.7268555905511811
 31
0
  0
LINE
  5
436
330
1A
100
AcDbEntity
  8
BLACK
  6
CONTINUOUS
100
AcDbLine
 10
2.1593109448818897
 20
0.7268555905511811
 30
0
 11
2.1567564566929134
 21
0.7285624803149606
 31
0
  0
LINE
  5
437
330
1A
100
AcDbEntity
  8
BLACK
  6
CONTINUOUS
100
AcDbLine
 10
2.1567564566929134
 20
0.7285624803149606
 30
0
 11
2.1550495669291339
 21
0.731116968503937
 31
0
  0
LINE
  5
438
330
1A
100
AcDbEntity
  8
BLACK
  6
CONTINUOUS
100
AcDbLine
 10
2.1550495669291339
 20
0.731116968503937
 30
0
 11
2.1544501968503935
 21
0.7341302362204725
 31
0
  0
LINE
  5
439
330
1A
100
AcDbEntity
  8
BLACK
  6
CONTINUOUS
100
AcDbLine
 10
2.1544501968503935
 20
0.7341302362204725
 30
0
 11
2.1544501968503935
 21
0.7744845669291338
 31
0
  0
LINE
  5
43A
330
1A
100
AcDbEntity
  8
BLACK
  6
CONTINUOUS
100
AcDbLine
 10
2.1544501968503935
 20
0.7744845669291338
 30
0
 11
2.1550495669291339
 21
0.7774978346456692
 31
0
  0
LINE
  5
43B
330
1A
100
AcDbEntity
  8
BLACK
  6
CONTINUOUS
100
AcDbLine
 10
2.1550495669291339
 20
0.7774978346456692
 30
0
 11
2.1567564566929134
 21
0.7800523228346457
 31
0
  0
LINE
  5
43C
330
1A
100
AcDbEntity
  8
BLACK
  6
CONTINUOUS
100
AcDbLine
 10
2.1567564566929134
 20
0.7800523228346457
 30
0
 11
2.1593109448818897
 21
0.7817592125984252
 31
0
  0
LINE
  5
43D
330
1A
100
AcDbEntity
  8
BLACK
  6
CONTINUOUS
100
AcDbLine
 10
2.1593109448818897
 20
0.7817592125984252
 30
0
 11
2.162324212598425
 21
0.7823585826771653
 31
0
  0
LINE
  5
43E
330
1A
100
AcDbEntity
  8
BLACK
  6
CONTINUOUS
100
AcDbLine
 10
2.162324212598425
 20
0.7823585826771653
 30
0
 11
2.1741352362204722
 21
0.7823585826771653
 31
0
  0
LINE
  5
43F
330
1A
100
AcDbEntity
  8
BLACK
  6
CONTINUOUS
100
AcDbLine
 10
2.1741352362204722
 20
0.7823585826771653
 30
0
 11
2.177148503937008
 21
0.7817592125984252
 31
0
  0
LINE
  5
440
330
1A
100
AcDbEntity
  8
BLACK
  6
CONTINUOUS
100
AcDbLine
 10
0.8314442913385827
 20
0.8301488582677166
 30
0
 11
0.835415
 21
0.8283956299212598
 31
0
  0
LINE
  5
441
330
1A
100
AcDbEntity
  8
BLACK
  6
CONTINUOUS
100
AcDbLine
 10
0.835415
 20
0.8283956299212598
 30
0
 11
0.8384842125984252
 21
0.8253264173228346
 31
0
  0
LINE
  5
442
330
1A
100
AcDbEntity
  8
BLACK
  6
CONTINUOUS
100
AcDbLine
 10
0.8384842125984252
 20
0.8253264173228346
 30
0
 11
0.8402374409448818
 21
0.8213557086614173
 31
0
  0
LINE
  5
443
330
1A
100
AcDbEntity
  8
BLACK
  6
CONTINUOUS
100
AcDbLine
 10
0.8402374409448818
 20
0.8213557086614173
 30
0
 11
0.8405511811023622
 21
0.8186515748031495
 31
0
  0
LINE
  5
444
330
1A
100
AcDbEntity
  8
BLACK
  6
CONTINUOUS
100
AcDbLine
 10
0.8405511811023622
 20
0.8186515748031495
 30
0
 11
0.8405511811023622
 21
0.7832185039370079
 31
0
  0
LINE
  5
445
330
1A
100
AcDbEntity
  8
BLACK
  6
CONTINUOUS
100
AcDbLine
 10
0.8405511811023622
 20
0.7832185039370079
 30
0
 11
0.8402374409448818
 21
0.7805143700787401
 31
0
  0
LINE
  5
446
330
1A
100
AcDbEntity
  8
BLACK
  6
CONTINUOUS
100
AcDbLine
 10
0.8402374409448818
 20
0.7805143700787401
 30
0
 11
0.8384842125984252
 21
0.7765436614173228
 31
0
  0
LINE
  5
447
330
1A
100
AcDbEntity
  8
BLACK
  6
CONTINUOUS
100
AcDbLine
 10
0.8384842125984252
 20
0.7765436614173228
 30
0
 11
0.835415
 21
0.7734744488188976
 31
0
  0
LINE
  5
448
330
1A
100
AcDbEntity
  8
BLACK
  6
CONTINUOUS
100
AcDbLine
 10
0.835415
 20
0.7734744488188976
 30
0
 11
0.8314442913385827
 21
0.771721220472441
 31
0
  0
LINE
  5
449
330
1A
100
AcDbEntity
  8
BLACK
  6
CONTINUOUS
100
AcDbLine
 10
0.8314442913385827
 20
0.771721220472441
 30
0
 11
0.8287401574803149
 21
0.7714074803149606
 31
0
  0
LINE
  5
44A
330
1A
100
AcDbEntity
  8
BLACK
  6
CONTINUOUS
100
AcDbLine
 10
0.8287401574803149
 20
0.7714074803149606
 30
0
 11
0.8080708661417323
 21
0.7714074803149606
 31
0
  0
LINE
  5
44B
330
1A
100
AcDbEntity
  8
BLACK
  6
CONTINUOUS
100
AcDbLine
 10
0.8080708661417323
 20
0.7714074803149606
 30
0
 11
0.8053667322834646
 21
0.771721220472441
 31
0
  0
LINE
  5
44C
330
1A
100
AcDbEntity
  8
BLACK
  6
CONTINUOUS
100
AcDbLine
 10
0.8053667322834646
 20
0.771721220472441
 30
0
 11
0.8013960236220472
 21
0.7734744488188976
 31
0
  0
LINE
  5
44D
330
1A
100
AcDbEntity
  8
BLACK
  6
CONTINUOUS
100
AcDbLine
 10
0.8013960236220472
 20
0.7734744488188976
 30
0
 11
0.798326811023622
 21
0.7765436614173228
 31
0
  0
LINE
  5
44E
330
1A
100
AcDbEntity
  8
BLACK
  6
CONTINUOUS
100
AcDbLine
 10
0.798326811023622
 20
0.7765436614173228
 30
0
 11
0.7965735826771654
 21
0.7805143700787401
 31
0
  0
LINE
  5
44F
330
1A
100
AcDbEntity
  8
BLACK
  6
CONTINUOUS
100
AcDbLine
 10
0.7965735826771654
 20
0.7805143700787401
 30
0
 11
0.7962598425196851
 21
0.7832185039370079
 31
0
  0
LINE
  5
450
330
1A
100
AcDbEntity
  8
BLACK
  6
CONTINUOUS
100
AcDbLine
 10
0.7962598425196851
 20
0.7832185039370079
 30
0
 11
0.7962598425196851
 21
0.8186515748031495
 31
0
  0
LINE
  5
451
330
1A
100
AcDbEntity
  8
BLACK
  6
CONTINUOUS
100
AcDbLine
 10
0.7962598425196851
 20
0.8186515748031495
 30
0
 11
0.7965735826771654
 21
0.8213557086614173
 31
0
  0
LINE
  5
452
330
1A
100
AcDbEntity
  8
BLACK
  6
CONTINUOUS
100
AcDbLine
 10
0.7965735826771654
 20
0.8213557086614173
 30
0
 11
0.798326811023622
 21
0.8253264173228346
 31
0
  0
LINE
  5
453
330
1A
100
AcDbEntity
  8
BLACK
  6
CONTINUOUS
100
AcDbLine
 10
0.798326811023622
 20
0.8253264173228346
 30
0
 11
0.8013960236220472
 21
0.8283956299212598
 31
0
  0
LINE
  5
454
330
1A
100
AcDbEntity
  8
BLACK
  6
CONTINUOUS
100
AcDbLine
 10
0.8013960236220472
 20
0.8283956299212598
 30
0
 11
0.8053667322834646
 21
0.8301488582677166
 31
0
  0
LINE
  5
455
330
1A
100
AcDbEntity
  8
BLACK
  6
CONTINUOUS
100
AcDbLine
 10
0.8053667322834646
 20
0.8301488582677166
 30
0
 11
0.8080708661417323
 21
0.8304625984251969
 31
0
  0
LINE
  5
456
330
1A
100
AcDbEntity
  8
BLACK
  6
CONTINUOUS
100
AcDbLine
 10
0.8080708661417323
 20
0.8304625984251969
 30
0
 11
0.8287401574803149
 21
0.8304625984251969
 31
0
  0
LINE
  5
457
330
1A
100
AcDbEntity
  8
BLACK
  6
CONTINUOUS
100
AcDbLine
 10
0.8287401574803149
 20
0.8304625984251969
 30
0
 11
0.8314442913385827
 21
0.8301488582677166
 31
0
  0
LINE
  5
458
330
1A
100
AcDbEntity
  8
BLACK
  6
CONTINUOUS
100
AcDbLine
 10
0.90329468503937
 20
0.8301488582677166
 30
0
 11
0.9072653937007874
 21
0.8283956299212598
 31
0
  0
LINE
  5
459
330
1A
100
AcDbEntity
  8
BLACK
  6
CONTINUOUS
100
AcDbLine
 10
0.9072653937007874
 20
0.8283956299212598
 30
0
 11
0.9103346062992126
 21
0.8253264173228346
 31
0
  0
LINE
  5
45A
330
1A
100
AcDbEntity
  8
BLACK
  6
CONTINUOUS
100
AcDbLine
 10
0.9103346062992126
 20
0.8253264173228346
 30
0
 11
0.9120878346456692
 21
0.8213557086614173
 31
0
  0
LINE
  5
45B
330
1A
100
AcDbEntity
  8
BLACK
  6
CONTINUOUS
100
AcDbLine
 10
0.9120878346456692
 20
0.8213557086614173
 30
0
 11
0.9124015748031495
 21
0.8186515748031495
 31
0
  0
LINE
  5
45C
330
1A
100
AcDbEntity
  8
BLACK
  6
CONTINUOUS
100
AcDbLine
 10
0.9124015748031495
 20
0.8186515748031495
 30
0
 11
0.9124015748031495
 21
0.7832185039370079
 31
0
  0
LINE
  5
45D
330
1A
100
AcDbEntity
  8
BLACK
  6
CONTINUOUS
100
AcDbLine
 10
0.9124015748031495
 20
0.7832185039370079
 30
0
 11
0.9120878346456692
 21
0.7805143700787401
 31
0
  0
LINE
  5
45E
330
1A
100
AcDbEntity
  8
BLACK
  6
CONTINUOUS
100
AcDbLine
 10
0.9120878346456692
 20
0.7805143700787401
 30
0
 11
0.9103346062992126
 21
0.7765436614173228
 31
0
  0
LINE
  5
45F
330
1A
100
AcDbEntity
  8
BLACK
  6
CONTINUOUS
100
AcDbLine
 10
0.9103346062992126
 20
0.7765436614173228
 30
0
 11
0.9072653937007874
 21
0.7734744488188976
 31
0
  0
LINE
  5
460
330
1A
100
AcDbEntity
  8
BLACK
  6
CONTINUOUS
100
AcDbLine
 10
0.9072653937007874
 20
0.7734744488188976
 30
0
 11
0.90329468503937
 21
0.771721220472441
 31
0
  0
LINE
  5
461
330
1A
100
AcDbEntity
  8
BLACK
  6
CONTINUOUS
100
AcDbLine
 10
0.90329468503937
 20
0.771721220472441
 30
0
 11
0.9005905511811023
 21
0.7714074803149606
 31
0
  0
LINE
  5
462
330
1A
100
AcDbEntity
  8
BLACK
  6
CONTINUOUS
100
AcDbLine
 10
0.9005905511811023
 20
0.7714074803149606
 30
0
 11
0.8799212598425197
 21
0.7714074803149606
 31
0
  0
LINE
  5
463
330
1A
100
AcDbEntity
  8
BLACK
  6
CONTINUOUS
100
AcDbLine
 10
0.8799212598425197
 20
0.7714074803149606
 30
0
 11
0.8772171259842519
 21
0.771721220472441
 31
0
  0
LINE
  5
464
330
1A
100
AcDbEntity
  8
BLACK
  6
CONTINUOUS
100
AcDbLine
 10
0.8772171259842519
 20
0.771721220472441
 30
0
 11
0.8732464173228346
 21
0.7734744488188976
 31
0
  0
LINE
  5
465
330
1A
100
AcDbEntity
  8
BLACK
  6
CONTINUOUS
100
AcDbLine
 10
0.8732464173228346
 20
0.7734744488188976
 30
0
 11
0.8701772047244094
 21
0.7765436614173228
 31
0
  0
LINE
  5
466
330
1A
100
AcDbEntity
  8
BLACK
  6
CONTINUOUS
100
AcDbLine
 10
0.8701772047244094
 20
0.7765436614173228
 30
0
 11
0.8684239763779528
 21
0.7805143700787401
 31
0
  0
LINE
  5
467
330
1A
100
AcDbEntity
  8
BLACK
  6
CONTINUOUS
100
AcDbLine
 10
0.8684239763779528
 20
0.7805143700787401
 30
0
 11
0.8681102362204725
 21
0.7832185039370079
 31
0
  0
LINE
  5
468
330
1A
100
AcDbEntity
  8
BLACK
  6
CONTINUOUS
100
AcDbLine
 10
0.8681102362204725
 20
0.7832185039370079
 30
0
 11
0.8681102362204725
 21
0.8186515748031495
 31
0
  0
LINE
  5
469
330
1A
100
AcDbEntity
  8
BLACK
  6
CONTINUOUS
100
AcDbLine
 10
0.8681102362204725
 20
0.8186515748031495
 30
0
 11
0.8684239763779528
 21
0.8213557086614173
 31
0
  0
LINE
  5
46A
330
1A
100
AcDbEntity
  8
BLACK
  6
CONTINUOUS
100
AcDbLine
 10
0.8684239763779528
 20
0.8213557086614173
 30
0
 11
0.8701772047244094
 21
0.8253264173228346
 31
0
  0
LINE
  5
46B
330
1A
100
AcDbEntity
  8
BLACK
  6
CONTINUOUS
100
AcDbLine
 10
0.8701772047244094
 20
0.8253264173228346
 30
0
 11
0.8732464173228346
 21
0.8283956299212598
 31
0
  0
LINE
  5
46C
330
1A
100
AcDbEntity
  8
BLACK
  6
CONTINUOUS
100
AcDbLine
 10
0.8732464173228346
 20
0.8283956299212598
 30
0
 11
0.8772171259842519
 21
0.8301488582677166
 31
0
  0
LINE
  5
46D
330
1A
100
AcDbEntity
  8
BLACK
  6
CONTINUOUS
100
AcDbLine
 10
0.8772171259842519
 20
0.8301488582677166
 30
0
 11
0.8799212598425197
 21
0.8304625984251969
 31
0
  0
LINE
  5
46E
330
1A
100
AcDbEntity
  8
BLACK
  6
CONTINUOUS
100
AcDbLine
 10
0.8799212598425197
 20
0.8304625984251969
 30
0
 11
0.9005905511811023
 21
0.8304625984251969
 31
0
  0
LINE
  5
46F
330
1A
100
AcDbEntity
  8
BLACK
  6
CONTINUOUS
100
AcDbLine
 10
0.9005905511811023
 20
0.8304625984251969
 30
0
 11
0.90329468503937
 21
0.8301488582677166
 31
0
  0
LINE
  5
470
330
1A
100
AcDbEntity
  8
BLACK
  6
CONTINUOUS
100
AcDbLine
 10
1.1345751574803149
 20
0.8296075196850393
 30
0
 11
1.1385458661417323
 21
0.8278542913385827
 31
0
  0
LINE
  5
471
330
1A
100
AcDbEntity
  8
BLACK
  6
CONTINUOUS
100
AcDbLine
 10
1.1385458661417323
 20
0.8278542913385827
 30
0
 11
1.1416150787401576
 21
0.8247850787401575
 31
0
  0
LINE
  5
472
330
1A
100
AcDbEntity
  8
BLACK
  6
CONTINUOUS
100
AcDbLine
 10
1.1416150787401576
 20
0.8247850787401575
 30
0
 11
1.1433683070866141
 21
0.8208143700787401
 31
0
  0
LINE
  5
473
330
1A
100
AcDbEntity
  8
BLACK
  6
CONTINUOUS
100
AcDbLine
 10
1.1433683070866141
 20
0.8208143700787401
 30
0
 11
1.1436820472440945
 21
0.8181102362204724
 31
0
  0
LINE
  5
474
330
1A
100
AcDbEntity
  8
BLACK
  6
CONTINUOUS
100
AcDbLine
 10
1.1436820472440945
 20
0.8181102362204724
 30
0
 11
1.1436820472440945
 21
0.7984251968503937
 31
0
  0
LINE
  5
475
330
1A
100
AcDbEntity
  8
BLACK
  6
CONTINUOUS
100
AcDbLine
 10
1.1436820472440945
 20
0.7984251968503937
 30
0
 11
1.1433683070866141
 21
0.795721062992126
 31
0
  0
LINE
  5
476
330
1A
100
AcDbEntity
  8
BLACK
  6
CONTINUOUS
100
AcDbLine
 10
1.1433683070866141
 20
0.795721062992126
 30
0
 11
1.1416150787401576
 21
0.7917503543307086
 31
0
  0
LINE
  5
477
330
1A
100
AcDbEntity
  8
BLACK
  6
CONTINUOUS
100
AcDbLine
 10
1.1416150787401576
 20
0.7917503543307086
 30
0
 11
1.1385458661417323
 21
0.7886811417322834
 31
0
  0
LINE
  5
478
330
1A
100
AcDbEntity
  8
BLACK
  6
CONTINUOUS
100
AcDbLine
 10
1.1385458661417323
 20
0.7886811417322834
 30
0
 11
1.1345751574803149
 21
0.7869279133858268
 31
0
  0
LINE
  5
479
330
1A
100
AcDbEntity
  8
BLACK
  6
CONTINUOUS
100
AcDbLine
 10
1.1345751574803149
 20
0.7869279133858268
 30
0
 11
1.1318710236220473
 21
0.7866141732283465
 31
0
  0
LINE
  5
47A
330
1A
100
AcDbEntity
  8
BLACK
  6
CONTINUOUS
100
AcDbLine
 10
1.1318710236220473
 20
0.7866141732283465
 30
0
 11
1.0944694488188975
 21
0.7866141732283465
 31
0
  0
LINE
  5
47B
330
1A
100
AcDbEntity
  8
BLACK
  6
CONTINUOUS
100
AcDbLine
 10
1.0944694488188975
 20
0.7866141732283465
 30
0
 11
1.0917653149606299
 21
0.7869279133858268
 31
0
  0
LINE
  5
47C
330
1A
100
AcDbEntity
  8
BLACK
  6
CONTINUOUS
100
AcDbLine
 10
1.0917653149606299
 20
0.7869279133858268
 30
0
 11
1.0877946062992125
 21
0.7886811417322834
 31
0
  0
LINE
  5
47D
330
1A
100
AcDbEntity
  8
BLACK
  6
CONTINUOUS
100
AcDbLine
 10
1.0877946062992125
 20
0.7886811417322834
 30
0
 11
1.0847253937007875
 21
0.7917503543307086
 31
0
  0
LINE
  5
47E
330
1A
100
AcDbEntity
  8
BLACK
  6
CONTINUOUS
100
AcDbLine
 10
1.0847253937007875
 20
0.7917503543307086
 30
0
 11
1.0829721653543307
 21
0.795721062992126
 31
0
  0
LINE
  5
47F
330
1A
100
AcDbEntity
  8
BLACK
  6
CONTINUOUS
100
AcDbLine
 10
1.0829721653543307
 20
0.795721062992126
 30
0
 11
1.0826584251968503
 21
0.7984251968503937
 31
0
  0
LINE
  5
480
330
1A
100
AcDbEntity
  8
BLACK
  6
CONTINUOUS
100
AcDbLine
 10
1.0826584251968503
 20
0.7984251968503937
 30
0
 11
1.0826584251968503
 21
0.8181102362204724
 31
0
  0
LINE
  5
481
330
1A
100
AcDbEntity
  8
BLACK
  6
CONTINUOUS
100
AcDbLine
 10
1.0826584251968503
 20
0.8181102362204724
 30
0
 11
1.0829721653543307
 21
0.8208143700787401
 31
0
  0
LINE
  5
482
330
1A
100
AcDbEntity
  8
BLACK
  6
CONTINUOUS
100
AcDbLine
 10
1.0829721653543307
 20
0.8208143700787401
 30
0
 11
1.0847253937007875
 21
0.8247850787401575
 31
0
  0
LINE
  5
483
330
1A
100
AcDbEntity
  8
BLACK
  6
CONTINUOUS
100
AcDbLine
 10
1.0847253937007875
 20
0.8247850787401575
 30
0
 11
1.0877946062992125
 21
0.8278542913385827
 31
0
  0
LINE
  5
484
330
1A
100
AcDbEntity
  8
BLACK
  6
CONTINUOUS
100
AcDbLine
 10
1.0877946062992125
 20
0.8278542913385827
 30
0
 11
1.0917653149606299
 21
0.8296075196850393
 31
0
  0
LINE
  5
485
330
1A
100
AcDbEntity
  8
BLACK
  6
CONTINUOUS
100
AcDbLine
 10
1.0917653149606299
 20
0.8296075196850393
 30
0
 11
1.0944694488188975
 21
0.8299212598425196
 31
0
  0
LINE
  5
486
330
1A
100
AcDbEntity
  8
BLACK
  6
CONTINUOUS
100
AcDbLine
 10
1.0944694488188975
 20
0.8299212598425196
 30
0
 11
1.1318710236220473
 21
0.8299212598425196
 31
0
  0
LINE
  5
487
330
1A
100
AcDbEntity
  8
BLACK
  6
CONTINUOUS
100
AcDbLine
 10
1.1318710236220473
 20
0.8299212598425196
 30
0
 11
1.1345751574803149
 21
0.8296075196850393
 31
0
  0
LINE
  5
488
330
1A
100
AcDbEntity
  8
BLACK
  6
CONTINUOUS
100
AcDbLine
 10
1.2235515354330708
 20
0.8315080708661418
 30
0
 11
1.2275222440944882
 21
0.829754842519685
 31
0
  0
LINE
  5
489
330
1A
100
AcDbEntity
  8
BLACK
  6
CONTINUOUS
100
AcDbLine
 10
1.2275222440944882
 20
0.829754842519685
 30
0
 11
1.2305914566929133
 21
0.8266856299212598
 31
0
  0
LINE
  5
48A
330
1A
100
AcDbEntity
  8
BLACK
  6
CONTINUOUS
100
AcDbLine
 10
1.2305914566929133
 20
0.8266856299212598
 30
0
 11
1.23234468503937
 21
0.8227149212598425
 31
0
  0
LINE
  5
48B
330
1A
100
AcDbEntity
  8
BLACK
  6
CONTINUOUS
100
AcDbLine
 10
1.23234468503937
 20
0.8227149212598425
 30
0
 11
1.2326584251968504
 21
0.8200107874015747
 31
0
  0
LINE
  5
48C
330
1A
100
AcDbEntity
  8
BLACK
  6
CONTINUOUS
100
AcDbLine
 10
1.2326584251968504
 20
0.8200107874015747
 30
0
 11
1.2326584251968504
 21
0.800325748031496
 31
0
  0
LINE
  5
48D
330
1A
100
AcDbEntity
  8
BLACK
  6
CONTINUOUS
100
AcDbLine
 10
1.2326584251968504
 20
0.800325748031496
 30
0
 11
1.23234468503937
 21
0.7976216141732283
 31
0
  0
LINE
  5
48E
330
1A
100
AcDbEntity
  8
BLACK
  6
CONTINUOUS
100
AcDbLine
 10
1.23234468503937
 20
0.7976216141732283
 30
0
 11
1.2305914566929133
 21
0.7936509055118111
 31
0
  0
LINE
  5
48F
330
1A
100
AcDbEntity
  8
BLACK
  6
CONTINUOUS
100
AcDbLine
 10
1.2305914566929133
 20
0.7936509055118111
 30
0
 11
1.2275222440944882
 21
0.7905816929133858
 31
0
  0
LINE
  5
490
330
1A
100
AcDbEntity
  8
BLACK
  6
CONTINUOUS
100
AcDbLine
 10
1.2275222440944882
 20
0.7905816929133858
 30
0
 11
1.2235515354330708
 21
0.7888284645669291
 31
0
  0
LINE
  5
491
330
1A
100
AcDbEntity
  8
BLACK
  6
CONTINUOUS
100
AcDbLine
 10
1.2235515354330708
 20
0.7888284645669291
 30
0
 11
1.2208474015748032
 21
0.7885147244094488
 31
0
  0
LINE
  5
492
330
1A
100
AcDbEntity
  8
BLACK
  6
CONTINUOUS
100
AcDbLine
 10
1.2208474015748032
 20
0.7885147244094488
 30
0
 11
1.1834458267716534
 21
0.7885147244094488
 31
0
  0
LINE
  5
493
330
1A
100
AcDbEntity
  8
BLACK
  6
CONTINUOUS
100
AcDbLine
 10
1.1834458267716534
 20
0.7885147244094488
 30
0
 11
1.1807416929133858
 21
0.7888284645669291
 31
0
  0
LINE
  5
494
330
1A
100
AcDbEntity
  8
BLACK
  6
CONTINUOUS
100
AcDbLine
 10
1.1807416929133858
 20
0.7888284645669291
 30
0
 11
1.1767709842519685
 21
0.7905816929133858
 31
0
  0
LINE
  5
495
330
1A
100
AcDbEntity
  8
BLACK
  6
CONTINUOUS
100
AcDbLine
 10
1.1767709842519685
 20
0.7905816929133858
 30
0
 11
1.1737017716535434
 21
0.7936509055118111
 31
0
  0
LINE
  5
496
330
1A
100
AcDbEntity
  8
BLACK
  6
CONTINUOUS
100
AcDbLine
 10
1.1737017716535434
 20
0.7936509055118111
 30
0
 11
1.1719485433070866
 21
0.7976216141732283
 31
0
  0
LINE
  5
497
330
1A
100
AcDbEntity
  8
BLACK
  6
CONTINUOUS
100
AcDbLine
 10
1.1719485433070866
 20
0.7976216141732283
 30
0
 11
1.1716348031496062
 21
0.800325748031496
 31
0
  0
LINE
  5
498
330
1A
100
AcDbEntity
  8
BLACK
  6
CONTINUOUS
100
AcDbLine
 10
1.1716348031496062
 20
0.800325748031496
 30
0
 11
1.1716348031496062
 21
0.8200107874015747
 31
0
  0
LINE
  5
499
330
1A
100
AcDbEntity
  8
BLACK
  6
CONTINUOUS
100
AcDbLine
 10
1.1716348031496062
 20
0.8200107874015747
 30
0
 11
1.1719485433070866
 21
0.8227149212598425
 31
0
  0
LINE
  5
49A
330
1A
100
AcDbEntity
  8
BLACK
  6
CONTINUOUS
100
AcDbLine
 10
1.1719485433070866
 20
0.8227149212598425
 30
0
 11
1.1737017716535434
 21
0.8266856299212598
 31
0
  0
LINE
  5
49B
330
1A
100
AcDbEntity
  8
BLACK
  6
CONTINUOUS
100
AcDbLine
 10
1.1737017716535434
 20
0.8266856299212598
 30
0
 11
1.1767709842519685
 21
0.829754842519685
 31
0
  0
LINE
  5
49C
330
1A
100
AcDbEntity
  8
BLACK
  6
CONTINUOUS
100
AcDbLine
 10
1.1767709842519685
 20
0.829754842519685
 30
0
 11
1.1807416929133858
 21
0.8315080708661418
 31
0
  0
LINE
  5
49D
330
1A
100
AcDbEntity
  8
BLACK
  6
CONTINUOUS
100
AcDbLine
 10
1.1807416929133858
 20
0.8315080708661418
 30
0
 11
1.1834458267716534
 21
0.8318218110236221
 31
0
  0
LINE
  5
49E
330
1A
100
AcDbEntity
  8
BLACK
  6
CONTINUOUS
100
AcDbLine
 10
1.1834458267716534
 20
0.8318218110236221
 30
0
 11
1.2208474015748032
 21
0.8318218110236221
 31
0
  0
LINE
  5
49F
330
1A
100
AcDbEntity
  8
BLACK
  6
CONTINUOUS
100
AcDbLine
 10
1.2208474015748032
 20
0.8318218110236221
 30
0
 11
1.2235515354330708
 21
0.8315080708661418
 31
0
  0
LINE
  5
4A0
330
1A
100
AcDbEntity
  8
BLACK
  6
CONTINUOUS
100
AcDbLine
 10
2.7236666929133859
 20
0.8617399212598424
 30
0
 11
2.7243053149606298
 21
0.861313188976378
 31
0
  0
LINE
  5
4A1
330
1A
100
AcDbEntity
  8
BLACK
  6
CONTINUOUS
100
AcDbLine
 10
2.7243053149606298
 20
0.861313188976378
 30
0
 11
2.7247320472440943
 21
0.8606745669291338
 31
0
  0
LINE
  5
4A2
330
1A
100
AcDbEntity
  8
BLACK
  6
CONTINUOUS
100
AcDbLine
 10
2.7247320472440943
 20
0.8606745669291338
 30
0
 11
2.7248818897637794
 21
0.8599212598425197
 31
0
  0
LINE
  5
4A3
330
1A
100
AcDbEntity
  8
BLACK
  6
CONTINUOUS
100
AcDbLine
 10
2.7248818897637794
 20
0.8599212598425197
 30
0
 11
2.7248818897637794
 21
0.7999212598425197
 31
0
  0
LINE
  5
4A4
330
1A
100
AcDbEntity
  8
BLACK
  6
CONTINUOUS
100
AcDbLine
 10
2.7248818897637794
 20
0.7999212598425197
 30
0
 11
2.7247320472440943
 21
0.7991679527559055
 31
0
  0
LINE
  5
4A5
330
1A
100
AcDbEntity
  8
BLACK
  6
CONTINUOUS
100
AcDbLine
 10
2.7247320472440943
 20
0.7991679527559055
 30
0
 11
2.7243053149606298
 21
0.7985293307086614
 31
0
  0
LINE
  5
4A6
330
1A
100
AcDbEntity
  8
BLACK
  6
CONTINUOUS
100
AcDbLine
 10
2.7243053149606298
 20
0.7985293307086614
 30
0
 11
2.7236666929133859
 21
0.7981025984251968
 31
0
  0
LINE
  5
4A7
330
1A
100
AcDbEntity
  8
BLACK
  6
CONTINUOUS
100
AcDbLine
 10
2.7236666929133859
 20
0.7981025984251968
 30
0
 11
2.7229133858267716
 21
0.7979527559055118
 31
0
  0
LINE
  5
4A8
330
1A
100
AcDbEntity
  8
BLACK
  6
CONTINUOUS
100
AcDbLine
 10
2.7229133858267716
 20
0.7979527559055118
 30
0
 11
2.6629133858267715
 21
0.7979527559055118
 31
0
  0
LINE
  5
4A9
330
1A
100
AcDbEntity
  8
BLACK
  6
CONTINUOUS
100
AcDbLine
 10
2.6629133858267715
 20
0.7979527559055118
 30
0
 11
2.6621600787401576
 21
0.7981025984251968
 31
0
  0
LINE
  5
4AA
330
1A
100
AcDbEntity
  8
BLACK
  6
CONTINUOUS
100
AcDbLine
 10
2.6621600787401576
 20
0.7981025984251968
 30
0
 11
2.6615214566929133
 21
0.7985293307086614
 31
0
  0
LINE
  5
4AB
330
1A
100
AcDbEntity
  8
BLACK
  6
CONTINUOUS
100
AcDbLine
 10
2.6615214566929133
 20
0.7985293307086614
 30
0
 11
2.6610947244094487
 21
0.7991679527559055
 31
0
  0
LINE
  5
4AC
330
1A
100
AcDbEntity
  8
BLACK
  6
CONTINUOUS
100
AcDbLine
 10
2.6610947244094487
 20
0.7991679527559055
 30
0
 11
2.6609448818897636
 21
0.7999212598425197
 31
0
  0
LINE
  5
4AD
330
1A
100
AcDbEntity
  8
BLACK
  6
CONTINUOUS
100
AcDbLine
 10
2.6609448818897636
 20
0.7999212598425197
 30
0
 11
2.6609448818897636
 21
0.8599212598425197
 31
0
  0
LINE
  5
4AE
330
1A
100
AcDbEntity
  8
BLACK
  6
CONTINUOUS
100
AcDbLine
 10
2.6609448818897636
 20
0.8599212598425197
 30
0
 11
2.6610947244094487
 21
0.8606745669291338
 31
0
  0
LINE
  5
4AF
330
1A
100
AcDbEntity
  8
BLACK
  6
CONTINUOUS
100
AcDbLine
 10
2.6610947244094487
 20
0.8606745669291338
 30
0
 11
2.6615214566929133
 21
0.861313188976378
 31
0
  0
LINE
  5
4B0
330
1A
100
AcDbEntity
  8
BLACK
  6
CONTINUOUS
100
AcDbLine
 10
2.6615214566929133
 20
0.861313188976378
 30
0
 11
2.6621600787401576
 21
0.8617399212598424
 31
0
  0
LINE
  5
4B1
330
1A
100
AcDbEntity
  8
BLACK
  6
CONTINUOUS
100
AcDbLine
 10
2.6621600787401576
 20
0.8617399212598424
 30
0
 11
2.6629133858267715
 21
0.8618897637795275
 31
0
  0
LINE
  5
4B2
330
1A
100
AcDbEntity
  8
BLACK
  6
CONTINUOUS
100
AcDbLine
 10
2.6629133858267715
 20
0.8618897637795275
 30
0
 11
2.7229133858267716
 21
0.8618897637795275
 31
0
  0
LINE
  5
4B3
330
1A
100
AcDbEntity
  8
BLACK
  6
CONTINUOUS
100
AcDbLine
 10
2.7229133858267716
 20
0.8618897637795275
 30
0
 11
2.7236666929133859
 21
0.8617399212598424
 31
0
  0
LINE
  5
4B4
330
1A
100
AcDbEntity
  8
BLACK
  6
CONTINUOUS
100
AcDbLine
 10
2.8236666929133856
 20
0.8617399212598424
 30
0
 11
2.8243053149606299
 21
0.861313188976378
 31
0
  0
LINE
  5
4B5
330
1A
100
AcDbEntity
  8
BLACK
  6
CONTINUOUS
100
AcDbLine
 10
2.8243053149606299
 20
0.861313188976378
 30
0
 11
2.8247320472440944
 21
0.8606745669291338
 31
0
  0
LINE
  5
4B6
330
1A
100
AcDbEntity
  8
BLACK
  6
CONTINUOUS
100
AcDbLine
 10
2.8247320472440944
 20
0.8606745669291338
 30
0
 11
2.8248818897637795
 21
0.8599212598425197
 31
0
  0
LINE
  5
4B7
330
1A
100
AcDbEntity
  8
BLACK
  6
CONTINUOUS
100
AcDbLine
 10
2.8248818897637795
 20
0.8599212598425197
 30
0
 11
2.8248818897637795
 21
0.7999212598425197
 31
0
  0
LINE
  5
4B8
330
1A
100
AcDbEntity
  8
BLACK
  6
CONTINUOUS
100
AcDbLine
 10
2.8248818897637795
 20
0.7999212598425197
 30
0
 11
2.8247320472440944
 21
0.7991679527559055
 31
0
  0
LINE
  5
4B9
330
1A
100
AcDbEntity
  8
BLACK
  6
CONTINUOUS
100
AcDbLine
 10
2.8247320472440944
 20
0.7991679527559055
 30
0
 11
2.8243053149606299
 21
0.7985293307086614
 31
0
  0
LINE
  5
4BA
330
1A
100
AcDbEntity
  8
BLACK
  6
CONTINUOUS
100
AcDbLine
 10
2.8243053149606299
 20
0.7985293307086614
 30
0
 11
2.8236666929133856
 21
0.7981025984251968
 31
0
  0
LINE
  5
4BB
330
1A
100
AcDbEntity
  8
BLACK
  6
CONTINUOUS
100
AcDbLine
 10
2.8236666929133856
 20
0.7981025984251968
 30
0
 11
2.8229133858267716
 21
0.7979527559055118
 31
0
  0
LINE
  5
4BC
330
1A
100
AcDbEntity
  8
BLACK
  6
CONTINUOUS
100
AcDbLine
 10
2.8229133858267716
 20
0.7979527559055118
 30
0
 11
2.7629133858267716
 21
0.7979527559055118
 31
0
  0
LINE
  5
4BD
330
1A
100
AcDbEntity
  8
BLACK
  6
CONTINUOUS
100
AcDbLine
 10
2.7629133858267716
 20
0.7979527559055118
 30
0
 11
2.7621600787401572
 21
0.7981025984251968
 31
0
  0
LINE
  5
4BE
330
1A
100
AcDbEntity
  8
BLACK
  6
CONTINUOUS
100
AcDbLine
 10
2.7621600787401572
 20
0.7981025984251968
 30
0
 11
2.7615214566929134
 21
0.7985293307086614
 31
0
  0
LINE
  5
4BF
330
1A
100
AcDbEntity
  8
BLACK
  6
CONTINUOUS
100
AcDbLine
 10
2.7615214566929134
 20
0.7985293307086614
 30
0
 11
2.7610947244094488
 21
0.7991679527559055
 31
0
  0
LINE
  5
4C0
330
1A
100
AcDbEntity
  8
BLACK
  6
CONTINUOUS
100
AcDbLine
 10
2.7610947244094488
 20
0.7991679527559055
 30
0
 11
2.7609448818897637
 21
0.7999212598425197
 31
0
  0
LINE
  5
4C1
330
1A
100
AcDbEntity
  8
BLACK
  6
CONTINUOUS
100
AcDbLine
 10
2.7609448818897637
 20
0.7999212598425197
 30
0
 11
2.7609448818897637
 21
0.8599212598425197
 31
0
  0
LINE
  5
4C2
330
1A
100
AcDbEntity
  8
BLACK
  6
CONTINUOUS
100
AcDbLine
 10
2.7609448818897637
 20
0.8599212598425197
 30
0
 11
2.7610947244094488
 21
0.8606745669291338
 31
0
  0
LINE
  5
4C3
330
1A
100
AcDbEntity
  8
BLACK
  6
CONTINUOUS
100
AcDbLine
 10
2.7610947244094488
 20
0.8606745669291338
 30
0
 11
2.7615214566929134
 21
0.861313188976378
 31
0
  0
LINE
  5
4C4
330
1A
100
AcDbEntity
  8
BLACK
  6
CONTINUOUS
100
AcDbLine
 10
2.7615214566929134
 20
0.861313188976378
 30
0
 11
2.7621600787401572
 21
0.8617399212598424
 31
0
  0
LINE
  5
4C5
330
1A
100
AcDbEntity
  8
BLACK
  6
CONTINUOUS
100
AcDbLine
 10
2.7621600787401572
 20
0.8617399212598424
 30
0
 11
2.7629133858267716
 21
0.8618897637795275
 31
0
  0
LINE
  5
4C6
330
1A
100
AcDbEntity
  8
BLACK
  6
CONTINUOUS
100
AcDbLine
 10
2.7629133858267716
 20
0.8618897637795275
 30
0
 11
2.8229133858267716
 21
0.8618897637795275
 31
0
  0
LINE
  5
4C7
330
1A
100
AcDbEntity
  8
BLACK
  6
CONTINUOUS
100
AcDbLine
 10
2.8229133858267716
 20
0.8618897637795275
 30
0
 11
2.8236666929133856
 21
0.8617399212598424
 31
0
  0
LINE
  5
4C8
330
1A
100
AcDbEntity
  8
BLACK
  6
CONTINUOUS
100
AcDbLine
 10
0.4156962598425197
 20
0.8433870472440945
 30
0
 11
0.419666968503937
 21
0.8416338188976378
 31
0
  0
LINE
  5
4C9
330
1A
100
AcDbEntity
  8
BLACK
  6
CONTINUOUS
100
AcDbLine
 10
0.419666968503937
 20
0.8416338188976378
 30
0
 11
0.4227361811023622
 21
0.8385646062992126
 31
0
  0
LINE
  5
4CA
330
1A
100
AcDbEntity
  8
BLACK
  6
CONTINUOUS
100
AcDbLine
 10
0.4227361811023622
 20
0.8385646062992126
 30
0
 11
0.4244894094488189
 21
0.8345938976377952
 31
0
  0
LINE
  5
4CB
330
1A
100
AcDbEntity
  8
BLACK
  6
CONTINUOUS
100
AcDbLine
 10
0.4244894094488189
 20
0.8345938976377952
 30
0
 11
0.4248031496062992
 21
0.8318897637795275
 31
0
  0
LINE
  5
4CC
330
1A
100
AcDbEntity
  8
BLACK
  6
CONTINUOUS
100
AcDbLine
 10
0.4248031496062992
 20
0.8318897637795275
 30
0
 11
0.4248031496062992
 21
0.8112204724409449
 31
0
  0
LINE
  5
4CD
330
1A
100
AcDbEntity
  8
BLACK
  6
CONTINUOUS
100
AcDbLine
 10
0.4248031496062992
 20
0.8112204724409449
 30
0
 11
0.4244894094488189
 21
0.8085163385826771
 31
0
  0
LINE
  5
4CE
330
1A
100
AcDbEntity
  8
BLACK
  6
CONTINUOUS
100
AcDbLine
 10
0.4244894094488189
 20
0.8085163385826771
 30
0
 11
0.4227361811023622
 21
0.8045456299212598
 31
0
  0
LINE
  5
4CF
330
1A
100
AcDbEntity
  8
BLACK
  6
CONTINUOUS
100
AcDbLine
 10
0.4227361811023622
 20
0.8045456299212598
 30
0
 11
0.419666968503937
 21
0.8014764173228346
 31
0
  0
LINE
  5
4D0
330
1A
100
AcDbEntity
  8
BLACK
  6
CONTINUOUS
100
AcDbLine
 10
0.419666968503937
 20
0.8014764173228346
 30
0
 11
0.4156962598425197
 21
0.799723188976378
 31
0
  0
LINE
  5
4D1
330
1A
100
AcDbEntity
  8
BLACK
  6
CONTINUOUS
100
AcDbLine
 10
0.4156962598425197
 20
0.799723188976378
 30
0
 11
0.4129921259842519
 21
0.7994094488188976
 31
0
  0
LINE
  5
4D2
330
1A
100
AcDbEntity
  8
BLACK
  6
CONTINUOUS
100
AcDbLine
 10
0.4129921259842519
 20
0.7994094488188976
 30
0
 11
0.3775590551181102
 21
0.7994094488188976
 31
0
  0
LINE
  5
4D3
330
1A
100
AcDbEntity
  8
BLACK
  6
CONTINUOUS
100
AcDbLine
 10
0.3775590551181102
 20
0.7994094488188976
 30
0
 11
0.3748549212598425
 21
0.799723188976378
 31
0
  0
LINE
  5
4D4
330
1A
100
AcDbEntity
  8
BLACK
  6
CONTINUOUS
100
AcDbLine
 10
0.3748549212598425
 20
0.799723188976378
 30
0
 11
0.3708842125984252
 21
0.8014764173228346
 31
0
  0
LINE
  5
4D5
330
1A
100
AcDbEntity
  8
BLACK
  6
CONTINUOUS
100
AcDbLine
 10
0.3708842125984252
 20
0.8014764173228346
 30
0
 11
0.367815
 21
0.8045456299212598
 31
0
  0
LINE
  5
4D6
330
1A
100
AcDbEntity
  8
BLACK
  6
CONTINUOUS
100
AcDbLine
 10
0.367815
 20
0.8045456299212598
 30
0
 11
0.3660617716535433
 21
0.8085163385826771
 31
0
  0
LINE
  5
4D7
330
1A
100
AcDbEntity
  8
BLACK
  6
CONTINUOUS
100
AcDbLine
 10
0.3660617716535433
 20
0.8085163385826771
 30
0
 11
0.365748031496063
 21
0.8112204724409449
 31
0
  0
LINE
  5
4D8
330
1A
100
AcDbEntity
  8
BLACK
  6
CONTINUOUS
100
AcDbLine
 10
0.365748031496063
 20
0.8112204724409449
 30
0
 11
0.365748031496063
 21
0.8318897637795275
 31
0
  0
LINE
  5
4D9
330
1A
100
AcDbEntity
  8
BLACK
  6
CONTINUOUS
100
AcDbLine
 10
0.365748031496063
 20
0.8318897637795275
 30
0
 11
0.3660617716535433
 21
0.8345938976377952
 31
0
  0
LINE
  5
4DA
330
1A
100
AcDbEntity
  8
BLACK
  6
CONTINUOUS
100
AcDbLine
 10
0.3660617716535433
 20
0.8345938976377952
 30
0
 11
0.367815
 21
0.8385646062992126
 31
0
  0
LINE
  5
4DB
330
1A
100
AcDbEntity
  8
BLACK
  6
CONTINUOUS
100
AcDbLine
 10
0.367815
 20
0.8385646062992126
 30
0
 11
0.3708842125984252
 21
0.8416338188976378
 31
0
  0
LINE
  5
4DC
330
1A
100
AcDbEntity
  8
BLACK
  6
CONTINUOUS
100
AcDbLine
 10
0.3708842125984252
 20
0.8416338188976378
 30
0
 11
0.3748549212598425
 21
0.8433870472440945
 31
0
  0
LINE
  5
4DD
330
1A
100
AcDbEntity
  8
BLACK
  6
CONTINUOUS
100
AcDbLine
 10
0.3748549212598425
 20
0.8433870472440945
 30
0
 11
0.3775590551181102
 21
0.8437007874015748
 31
0
  0
LINE
  5
4DE
330
1A
100
AcDbEntity
  8
BLACK
  6
CONTINUOUS
100
AcDbLine
 10
0.3775590551181102
 20
0.8437007874015748
 30
0
 11
0.4129921259842519
 21
0.8437007874015748
 31
0
  0
LINE
  5
4DF
330
1A
100
AcDbEntity
  8
BLACK
  6
CONTINUOUS
100
AcDbLine
 10
0.4129921259842519
 20
0.8437007874015748
 30
0
 11
0.4156962598425197
 21
0.8433870472440945
 31
0
  0
LINE
  5
4E0
330
1A
100
AcDbEntity
  8
BLACK
  6
CONTINUOUS
100
AcDbLine
 10
2.1050874015748029
 20
0.8660015354330709
 30
0
 11
2.1090581102362203
 21
0.8642483070866142
 31
0
  0
LINE
  5
4E1
330
1A
100
AcDbEntity
  8
BLACK
  6
CONTINUOUS
100
AcDbLine
 10
2.1090581102362203
 20
0.8642483070866142
 30
0
 11
2.1121273228346458
 21
0.861179094488189
 31
0
  0
LINE
  5
4E2
330
1A
100
AcDbEntity
  8
BLACK
  6
CONTINUOUS
100
AcDbLine
 10
2.1121273228346458
 20
0.861179094488189
 30
0
 11
2.1138805511811025
 21
0.8572083858267716
 31
0
  0
LINE
  5
4E3
330
1A
100
AcDbEntity
  8
BLACK
  6
CONTINUOUS
100
AcDbLine
 10
2.1138805511811025
 20
0.8572083858267716
 30
0
 11
2.1141942913385825
 21
0.8545042519685039
 31
0
  0
LINE
  5
4E4
330
1A
100
AcDbEntity
  8
BLACK
  6
CONTINUOUS
100
AcDbLine
 10
2.1141942913385825
 20
0.8545042519685039
 30
0
 11
2.1141942913385825
 21
0.8171026771653543
 31
0
  0
LINE
  5
4E5
330
1A
100
AcDbEntity
  8
BLACK
  6
CONTINUOUS
100
AcDbLine
 10
2.1141942913385825
 20
0.8171026771653543
 30
0
 11
2.1138805511811025
 21
0.8143985433070866
 31
0
  0
LINE
  5
4E6
330
1A
100
AcDbEntity
  8
BLACK
  6
CONTINUOUS
100
AcDbLine
 10
2.1138805511811025
 20
0.8143985433070866
 30
0
 11
2.1121273228346458
 21
0.8104278346456693
 31
0
  0
LINE
  5
4E7
330
1A
100
AcDbEntity
  8
BLACK
  6
CONTINUOUS
100
AcDbLine
 10
2.1121273228346458
 20
0.8104278346456693
 30
0
 11
2.1090581102362203
 21
0.8073586220472441
 31
0
  0
LINE
  5
4E8
330
1A
100
AcDbEntity
  8
BLACK
  6
CONTINUOUS
100
AcDbLine
 10
2.1090581102362203
 20
0.8073586220472441
 30
0
 11
2.1050874015748029
 21
0.8056053937007874
 31
0
  0
LINE
  5
4E9
330
1A
100
AcDbEntity
  8
BLACK
  6
CONTINUOUS
100
AcDbLine
 10
2.1050874015748029
 20
0.8056053937007874
 30
0
 11
2.1023832677165353
 21
0.8052916535433071
 31
0
  0
LINE
  5
4EA
330
1A
100
AcDbEntity
  8
BLACK
  6
CONTINUOUS
100
AcDbLine
 10
2.1023832677165353
 20
0.8052916535433071
 30
0
 11
2.0826982283464566
 21
0.8052916535433071
 31
0
  0
LINE
  5
4EB
330
1A
100
AcDbEntity
  8
BLACK
  6
CONTINUOUS
100
AcDbLine
 10
2.0826982283464566
 20
0.8052916535433071
 30
0
 11
2.0799940944881889
 21
0.8056053937007874
 31
0
  0
LINE
  5
4EC
330
1A
100
AcDbEntity
  8
BLACK
  6
CONTINUOUS
100
AcDbLine
 10
2.0799940944881889
 20
0.8056053937007874
 30
0
 11
2.0760233858267716
 21
0.8073586220472441
 31
0
  0
LINE
  5
4ED
330
1A
100
AcDbEntity
  8
BLACK
  6
CONTINUOUS
100
AcDbLine
 10
2.0760233858267716
 20
0.8073586220472441
 30
0
 11
2.0729541732283465
 21
0.8104278346456693
 31
0
  0
LINE
  5
4EE
330
1A
100
AcDbEntity
  8
BLACK
  6
CONTINUOUS
100
AcDbLine
 10
2.0729541732283465
 20
0.8104278346456693
 30
0
 11
2.0712009448818898
 21
0.8143985433070866
 31
0
  0
LINE
  5
4EF
330
1A
100
AcDbEntity
  8
BLACK
  6
CONTINUOUS
100
AcDbLine
 10
2.0712009448818898
 20
0.8143985433070866
 30
0
 11
2.0708872047244093
 21
0.8171026771653543
 31
0
  0
LINE
  5
4F0
330
1A
100
AcDbEntity
  8
BLACK
  6
CONTINUOUS
100
AcDbLine
 10
2.0708872047244093
 20
0.8171026771653543
 30
0
 11
2.0708872047244093
 21
0.8545042519685039
 31
0
  0
LINE
  5
4F1
330
1A
100
AcDbEntity
  8
BLACK
  6
CONTINUOUS
100
AcDbLine
 10
2.0708872047244093
 20
0.8545042519685039
 30
0
 11
2.0712009448818898
 21
0.8572083858267716
 31
0
  0
LINE
  5
4F2
330
1A
100
AcDbEntity
  8
BLACK
  6
CONTINUOUS
100
AcDbLine
 10
2.0712009448818898
 20
0.8572083858267716
 30
0
 11
2.0729541732283465
 21
0.861179094488189
 31
0
  0
LINE
  5
4F3
330
1A
100
AcDbEntity
  8
BLACK
  6
CONTINUOUS
100
AcDbLine
 10
2.0729541732283465
 20
0.861179094488189
 30
0
 11
2.0760233858267716
 21
0.8642483070866142
 31
0
  0
LINE
  5
4F4
330
1A
100
AcDbEntity
  8
BLACK
  6
CONTINUOUS
100
AcDbLine
 10
2.0760233858267716
 20
0.8642483070866142
 30
0
 11
2.0799940944881889
 21
0.8660015354330709
 31
0
  0
LINE
  5
4F5
330
1A
100
AcDbEntity
  8
BLACK
  6
CONTINUOUS
100
AcDbLine
 10
2.0799940944881889
 20
0.8660015354330709
 30
0
 11
2.0826982283464566
 21
0.8663152755905512
 31
0
  0
LINE
  5
4F6
330
1A
100
AcDbEntity
  8
BLACK
  6
CONTINUOUS
100
AcDbLine
 10
2.0826982283464566
 20
0.8663152755905512
 30
0
 11
2.1023832677165353
 21
0.8663152755905512
 31
0
  0
LINE
  5
4F7
330
1A
100
AcDbEntity
  8
BLACK
  6
CONTINUOUS
100
AcDbLine
 10
2.1023832677165353
 20
0.8663152755905512
 30
0
 11
2.1050874015748029
 21
0.8660015354330709
 31
0
  0
LINE
  5
4F8
330
1A
100
AcDbEntity
  8
BLACK
  6
CONTINUOUS
100
AcDbLine
 10
2.1798905511811024
 20
0.8660015354330709
 30
0
 11
2.1838612598425198
 21
0.8642483070866142
 31
0
  0
LINE
  5
4F9
330
1A
100
AcDbEntity
  8
BLACK
  6
CONTINUOUS
100
AcDbLine
 10
2.1838612598425198
 20
0.8642483070866142
 30
0
 11
2.1869304724409449
 21
0.861179094488189
 31
0
  0
LINE
  5
4FA
330
1A
100
AcDbEntity
  8
BLACK
  6
CONTINUOUS
100
AcDbLine
 10
2.1869304724409449
 20
0.861179094488189
 30
0
 11
2.1886837007874016
 21
0.8572083858267716
 31
0
  0
LINE
  5
4FB
330
1A
100
AcDbEntity
  8
BLACK
  6
CONTINUOUS
100
AcDbLine
 10
2.1886837007874016
 20
0.8572083858267716
 30
0
 11
2.188997440944882
 21
0.8545042519685039
 31
0
  0
LINE
  5
4FC
330
1A
100
AcDbEntity
  8
BLACK
  6
CONTINUOUS
100
AcDbLine
 10
2.188997440944882
 20
0.8545042519685039
 30
0
 11
2.188997440944882
 21
0.8171026771653543
 31
0
  0
LINE
  5
4FD
330
1A
100
AcDbEntity
  8
BLACK
  6
CONTINUOUS
100
AcDbLine
 10
2.188997440944882
 20
0.8171026771653543
 30
0
 11
2.1886837007874016
 21
0.8143985433070866
 31
0
  0
LINE
  5
4FE
330
1A
100
AcDbEntity
  8
BLACK
  6
CONTINUOUS
100
AcDbLine
 10
2.1886837007874016
 20
0.8143985433070866
 30
0
 11
2.1869304724409449
 21
0.8104278346456693
 31
0
  0
LINE
  5
4FF
330
1A
100
AcDbEntity
  8
BLACK
  6
CONTINUOUS
100
AcDbLine
 10
2.1869304724409449
 20
0.8104278346456693
 30
0
 11
2.1838612598425198
 21
0.8073586220472441
 31
0
  0
LINE
  5
500
330
1A
100
AcDbEntity
  8
BLACK
  6
CONTINUOUS
100
AcDbLine
 10
2.1838612598425198
 20
0.8073586220472441
 30
0
 11
2.1798905511811024
 21
0.8056053937007874
 31
0
  0
LINE
  5
501
330
1A
100
AcDbEntity
  8
BLACK
  6
CONTINUOUS
100
AcDbLine
 10
2.1798905511811024
 20
0.8056053937007874
 30
0
 11
2.1771864173228348
 21
0.8052916535433071
 31
0
  0
LINE
  5
502
330
1A
100
AcDbEntity
  8
BLACK
  6
CONTINUOUS
100
AcDbLine
 10
2.1771864173228348
 20
0.8052916535433071
 30
0
 11
2.1575013779527557
 21
0.8052916535433071
 31
0
  0
LINE
  5
503
330
1A
100
AcDbEntity
  8
BLACK
  6
CONTINUOUS
100
AcDbLine
 10
2.1575013779527557
 20
0.8052916535433071
 30
0
 11
2.154797244094488
 21
0.8056053937007874
 31
0
  0
LINE
  5
504
330
1A
100
AcDbEntity
  8
BLACK
  6
CONTINUOUS
100
AcDbLine
 10
2.154797244094488
 20
0.8056053937007874
 30
0
 11
2.1508265354330707
 21
0.8073586220472441
 31
0
  0
LINE
  5
505
330
1A
100
AcDbEntity
  8
BLACK
  6
CONTINUOUS
100
AcDbLine
 10
2.1508265354330707
 20
0.8073586220472441
 30
0
 11
2.1477573228346456
 21
0.8104278346456693
 31
0
  0
LINE
  5
506
330
1A
100
AcDbEntity
  8
BLACK
  6
CONTINUOUS
100
AcDbLine
 10
2.1477573228346456
 20
0.8104278346456693
 30
0
 11
2.1460040944881889
 21
0.8143985433070866
 31
0
  0
LINE
  5
507
330
1A
100
AcDbEntity
  8
BLACK
  6
CONTINUOUS
100
AcDbLine
 10
2.1460040944881889
 20
0.8143985433070866
 30
0
 11
2.1456903543307084
 21
0.8171026771653543
 31
0
  0
LINE
  5
508
330
1A
100
AcDbEntity
  8
BLACK
  6
CONTINUOUS
100
AcDbLine
 10
2.1456903543307084
 20
0.8171026771653543
 30
0
 11
2.1456903543307084
 21
0.8545042519685039
 31
0
  0
LINE
  5
509
330
1A
100
AcDbEntity
  8
BLACK
  6
CONTINUOUS
100
AcDbLine
 10
2.1456903543307084
 20
0.8545042519685039
 30
0
 11
2.1460040944881889
 21
0.8572083858267716
 31
0
  0
LINE
  5
50A
330
1A
100
AcDbEntity
  8
BLACK
  6
CONTINUOUS
100
AcDbLine
 10
2.1460040944881889
 20
0.8572083858267716
 30
0
 11
2.1477573228346456
 21
0.861179094488189
 31
0
  0
LINE
  5
50B
330
1A
100
AcDbEntity
  8
BLACK
  6
CONTINUOUS
100
AcDbLine
 10
2.1477573228346456
 20
0.861179094488189
 30
0
 11
2.1508265354330707
 21
0.8642483070866142
 31
0
  0
LINE
  5
50C
330
1A
100
AcDbEntity
  8
BLACK
  6
CONTINUOUS
100
AcDbLine
 10
2.1508265354330707
 20
0.8642483070866142
 30
0
 11
2.154797244094488
 21
0.8660015354330709
 31
0
  0
LINE
  5
50D
330
1A
100
AcDbEntity
  8
BLACK
  6
CONTINUOUS
100
AcDbLine
 10
2.154797244094488
 20
0.8660015354330709
 30
0
 11
2.1575013779527557
 21
0.8663152755905512
 31
0
  0
LINE
  5
50E
330
1A
100
AcDbEntity
  8
BLACK
  6
CONTINUOUS
100
AcDbLine
 10
2.1575013779527557
 20
0.8663152755905512
 30
0
 11
2.1771864173228348
 21
0.8663152755905512
 31
0
  0
LINE
  5
50F
330
1A
100
AcDbEntity
  8
BLACK
  6
CONTINUOUS
100
AcDbLine
 10
2.1771864173228348
 20
0.8663152755905512
 30
0
 11
2.1798905511811024
 21
0.8660015354330709
 31
0
  0
LINE
  5
510
330
1A
100
AcDbEntity
  8
BLACK
  6
CONTINUOUS
100
AcDbLine
 10
1.6995545275590551
 20
0.8705031889763779
 30
0
 11
1.7035252362204725
 21
0.8687499606299213
 31
0
  0
LINE
  5
511
330
1A
100
AcDbEntity
  8
BLACK
  6
CONTINUOUS
100
AcDbLine
 10
1.7035252362204725
 20
0.8687499606299213
 30
0
 11
1.7065944488188975
 21
0.8656807480314961
 31
0
  0
LINE
  5
512
330
1A
100
AcDbEntity
  8
BLACK
  6
CONTINUOUS
100
AcDbLine
 10
1.7065944488188975
 20
0.8656807480314961
 30
0
 11
1.7083476771653543
 21
0.8617100393700787
 31
0
  0
LINE
  5
513
330
1A
100
AcDbEntity
  8
BLACK
  6
CONTINUOUS
100
AcDbLine
 10
1.7083476771653543
 20
0.8617100393700787
 30
0
 11
1.7086614173228345
 21
0.859005905511811
 31
0
  0
LINE
  5
514
330
1A
100
AcDbEntity
  8
BLACK
  6
CONTINUOUS
100
AcDbLine
 10
1.7086614173228345
 20
0.859005905511811
 30
0
 11
1.7086614173228345
 21
0.8216043307086613
 31
0
  0
LINE
  5
515
330
1A
100
AcDbEntity
  8
BLACK
  6
CONTINUOUS
100
AcDbLine
 10
1.7086614173228345
 20
0.8216043307086613
 30
0
 11
1.7083476771653543
 21
0.8189001968503937
 31
0
  0
LINE
  5
516
330
1A
100
AcDbEntity
  8
BLACK
  6
CONTINUOUS
100
AcDbLine
 10
1.7083476771653543
 20
0.8189001968503937
 30
0
 11
1.7065944488188975
 21
0.8149294881889764
 31
0
  0
LINE
  5
517
330
1A
100
AcDbEntity
  8
BLACK
  6
CONTINUOUS
100
AcDbLine
 10
1.7065944488188975
 20
0.8149294881889764
 30
0
 11
1.7035252362204725
 21
0.8118602755905512
 31
0
  0
LINE
  5
518
330
1A
100
AcDbEntity
  8
BLACK
  6
CONTINUOUS
100
AcDbLine
 10
1.7035252362204725
 20
0.8118602755905512
 30
0
 11
1.6995545275590551
 21
0.8101070472440944
 31
0
  0
LINE
  5
519
330
1A
100
AcDbEntity
  8
BLACK
  6
CONTINUOUS
100
AcDbLine
 10
1.6995545275590551
 20
0.8101070472440944
 30
0
 11
1.6968503937007873
 21
0.8097933070866141
 31
0
  0
LINE
  5
51A
330
1A
100
AcDbEntity
  8
BLACK
  6
CONTINUOUS
100
AcDbLine
 10
1.6968503937007873
 20
0.8097933070866141
 30
0
 11
1.6771653543307086
 21
0.8097933070866141
 31
0
  0
LINE
  5
51B
330
1A
100
AcDbEntity
  8
BLACK
  6
CONTINUOUS
100
AcDbLine
 10
1.6771653543307086
 20
0.8097933070866141
 30
0
 11
1.6744612204724409
 21
0.8101070472440944
 31
0
  0
LINE
  5
51C
330
1A
100
AcDbEntity
  8
BLACK
  6
CONTINUOUS
100
AcDbLine
 10
1.6744612204724409
 20
0.8101070472440944
 30
0
 11
1.6704905118110236
 21
0.8118602755905512
 31
0
  0
LINE
  5
51D
330
1A
100
AcDbEntity
  8
BLACK
  6
CONTINUOUS
100
AcDbLine
 10
1.6704905118110236
 20
0.8118602755905512
 30
0
 11
1.6674212992125983
 21
0.8149294881889764
 31
0
  0
LINE
  5
51E
330
1A
100
AcDbEntity
  8
BLACK
  6
CONTINUOUS
100
AcDbLine
 10
1.6674212992125983
 20
0.8149294881889764
 30
0
 11
1.6656680708661418
 21
0.8189001968503937
 31
0
  0
LINE
  5
51F
330
1A
100
AcDbEntity
  8
BLACK
  6
CONTINUOUS
100
AcDbLine
 10
1.6656680708661418
 20
0.8189001968503937
 30
0
 11
1.6653543307086613
 21
0.8216043307086613
 31
0
  0
LINE
  5
520
330
1A
100
AcDbEntity
  8
BLACK
  6
CONTINUOUS
100
AcDbLine
 10
1.6653543307086613
 20
0.8216043307086613
 30
0
 11
1.6653543307086613
 21
0.859005905511811
 31
0
  0
LINE
  5
521
330
1A
100
AcDbEntity
  8
BLACK
  6
CONTINUOUS
100
AcDbLine
 10
1.6653543307086613
 20
0.859005905511811
 30
0
 11
1.6656680708661418
 21
0.8617100393700787
 31
0
  0
LINE
  5
522
330
1A
100
AcDbEntity
  8
BLACK
  6
CONTINUOUS
100
AcDbLine
 10
1.6656680708661418
 20
0.8617100393700787
 30
0
 11
1.6674212992125983
 21
0.8656807480314961
 31
0
  0
LINE
  5
523
330
1A
100
AcDbEntity
  8
BLACK
  6
CONTINUOUS
100
AcDbLine
 10
1.6674212992125983
 20
0.8656807480314961
 30
0
 11
1.6704905118110236
 21
0.8687499606299213
 31
0
  0
LINE
  5
524
330
1A
100
AcDbEntity
  8
BLACK
  6
CONTINUOUS
100
AcDbLine
 10
1.6704905118110236
 20
0.8687499606299213
 30
0
 11
1.6744612204724409
 21
0.8705031889763779
 31
0
  0
LINE
  5
525
330
1A
100
AcDbEntity
  8
BLACK
  6
CONTINUOUS
100
AcDbLine
 10
1.6744612204724409
 20
0.8705031889763779
 30
0
 11
1.6771653543307086
 21
0.8708169291338582
 31
0
  0
LINE
  5
526
330
1A
100
AcDbEntity
  8
BLACK
  6
CONTINUOUS
100
AcDbLine
 10
1.6771653543307086
 20
0.8708169291338582
 30
0
 11
1.6968503937007873
 21
0.8708169291338582
 31
0
  0
LINE
  5
527
330
1A
100
AcDbEntity
  8
BLACK
  6
CONTINUOUS
100
AcDbLine
 10
1.6968503937007873
 20
0.8708169291338582
 30
0
 11
1.6995545275590551
 21
0.8705031889763779
 31
0
  0
LINE
  5
528
330
1A
100
AcDbEntity
  8
BLACK
  6
CONTINUOUS
100
AcDbLine
 10
1.7743576771653542
 20
0.8705031889763779
 30
0
 11
1.7783283858267716
 21
0.8687499606299213
 31
0
  0
LINE
  5
529
330
1A
100
AcDbEntity
  8
BLACK
  6
CONTINUOUS
100
AcDbLine
 10
1.7783283858267716
 20
0.8687499606299213
 30
0
 11
1.7813975984251968
 21
0.8656807480314961
 31
0
  0
LINE
  5
52A
330
1A
100
AcDbEntity
  8
BLACK
  6
CONTINUOUS
100
AcDbLine
 10
1.7813975984251968
 20
0.8656807480314961
 30
0
 11
1.7831508267716536
 21
0.8617100393700787
 31
0
  0
LINE
  5
52B
330
1A
100
AcDbEntity
  8
BLACK
  6
CONTINUOUS
100
AcDbLine
 10
1.7831508267716536
 20
0.8617100393700787
 30
0
 11
1.7834645669291338
 21
0.859005905511811
 31
0
  0
LINE
  5
52C
330
1A
100
AcDbEntity
  8
BLACK
  6
CONTINUOUS
100
AcDbLine
 10
1.7834645669291338
 20
0.859005905511811
 30
0
 11
1.7834645669291338
 21
0.8216043307086613
 31
0
  0
LINE
  5
52D
330
1A
100
AcDbEntity
  8
BLACK
  6
CONTINUOUS
100
AcDbLine
 10
1.7834645669291338
 20
0.8216043307086613
 30
0
 11
1.7831508267716536
 21
0.8189001968503937
 31
0
  0
LINE
  5
52E
330
1A
100
AcDbEntity
  8
BLACK
  6
CONTINUOUS
100
AcDbLine
 10
1.7831508267716536
 20
0.8189001968503937
 30
0
 11
1.7813975984251968
 21
0.8149294881889764
 31
0
  0
LINE
  5
52F
330
1A
100
AcDbEntity
  8
BLACK
  6
CONTINUOUS
100
AcDbLine
 10
1.7813975984251968
 20
0.8149294881889764
 30
0
 11
1.7783283858267716
 21
0.8118602755905512
 31
0
  0
LINE
  5
530
330
1A
100
AcDbEntity
  8
BLACK
  6
CONTINUOUS
100
AcDbLine
 10
1.7783283858267716
 20
0.8118602755905512
 30
0
 11
1.7743576771653542
 21
0.8101070472440944
 31
0
  0
LINE
  5
531
330
1A
100
AcDbEntity
  8
BLACK
  6
CONTINUOUS
100
AcDbLine
 10
1.7743576771653542
 20
0.8101070472440944
 30
0
 11
1.7716535433070866
 21
0.8097933070866141
 31
0
  0
LINE
  5
532
330
1A
100
AcDbEntity
  8
BLACK
  6
CONTINUOUS
100
AcDbLine
 10
1.7716535433070866
 20
0.8097933070866141
 30
0
 11
1.7519685039370079
 21
0.8097933070866141
 31
0
  0
LINE
  5
533
330
1A
100
AcDbEntity
  8
BLACK
  6
CONTINUOUS
100
AcDbLine
 10
1.7519685039370079
 20
0.8097933070866141
 30
0
 11
1.74926437007874
 21
0.8101070472440944
 31
0
  0
LINE
  5
534
330
1A
100
AcDbEntity
  8
BLACK
  6
CONTINUOUS
100
AcDbLine
 10
1.74926437007874
 20
0.8101070472440944
 30
0
 11
1.7452936614173229
 21
0.8118602755905512
 31
0
  0
LINE
  5
535
330
1A
100
AcDbEntity
  8
BLACK
  6
CONTINUOUS
100
AcDbLine
 10
1.7452936614173229
 20
0.8118602755905512
 30
0
 11
1.7422244488188976
 21
0.8149294881889764
 31
0
  0
LINE
  5
536
330
1A
100
AcDbEntity
  8
BLACK
  6
CONTINUOUS
100
AcDbLine
 10
1.7422244488188976
 20
0.8149294881889764
 30
0
 11
1.7404712204724408
 21
0.8189001968503937
 31
0
  0
LINE
  5
537
330
1A
100
AcDbEntity
  8
BLACK
  6
CONTINUOUS
100
AcDbLine
 10
1.7404712204724408
 20
0.8189001968503937
 30
0
 11
1.7401574803149606
 21
0.8216043307086613
 31
0
  0
LINE
  5
538
330
1A
100
AcDbEntity
  8
BLACK
  6
CONTINUOUS
100
AcDbLine
 10
1.7401574803149606
 20
0.8216043307086613
 30
0
 11
1.7401574803149606
 21
0.859005905511811
 31
0
  0
LINE
  5
539
330
1A
100
AcDbEntity
  8
BLACK
  6
CONTINUOUS
100
AcDbLine
 10
1.7401574803149606
 20
0.859005905511811
 30
0
 11
1.7404712204724408
 21
0.8617100393700787
 31
0
  0
LINE
  5
53A
330
1A
100
AcDbEntity
  8
BLACK
  6
CONTINUOUS
100
AcDbLine
 10
1.7404712204724408
 20
0.8617100393700787
 30
0
 11
1.7422244488188976
 21
0.8656807480314961
 31
0
  0
LINE
  5
53B
330
1A
100
AcDbEntity
  8
BLACK
  6
CONTINUOUS
100
AcDbLine
 10
1.7422244488188976
 20
0.8656807480314961
 30
0
 11
1.7452936614173229
 21
0.8687499606299213
 31
0
  0
LINE
  5
53C
330
1A
100
AcDbEntity
  8
BLACK
  6
CONTINUOUS
100
AcDbLine
 10
1.7452936614173229
 20
0.8687499606299213
 30
0
 11
1.74926437007874
 21
0.8705031889763779
 31
0
  0
LINE
  5
53D
330
1A
100
AcDbEntity
  8
BLACK
  6
CONTINUOUS
100
AcDbLine
 10
1.74926437007874
 20
0.8705031889763779
 30
0
 11
1.7519685039370079
 21
0.8708169291338582
 31
0
  0
LINE
  5
53E
330
1A
100
AcDbEntity
  8
BLACK
  6
CONTINUOUS
100
AcDbLine
 10
1.7519685039370079
 20
0.8708169291338582
 30
0
 11
1.7716535433070866
 21
0.8708169291338582
 31
0
  0
LINE
  5
53F
330
1A
100
AcDbEntity
  8
BLACK
  6
CONTINUOUS
100
AcDbLine
 10
1.7716535433070866
 20
0.8708169291338582
 30
0
 11
1.7743576771653542
 21
0.8705031889763779
 31
0
  0
LINE
  5
540
330
1A
100
AcDbEntity
  8
BLACK
  6
CONTINUOUS
100
AcDbLine
 10
1.340499409448819
 20
0.8611035826771654
 30
0
 11
1.3444701181102361
 21
0.8593503543307086
 31
0
  0
LINE
  5
541
330
1A
100
AcDbEntity
  8
BLACK
  6
CONTINUOUS
100
AcDbLine
 10
1.3444701181102361
 20
0.8593503543307086
 30
0
 11
1.3475393307086614
 21
0.8562811417322834
 31
0
  0
LINE
  5
542
330
1A
100
AcDbEntity
  8
BLACK
  6
CONTINUOUS
100
AcDbLine
 10
1.3475393307086614
 20
0.8562811417322834
 30
0
 11
1.3492925590551181
 21
0.8523104330708661
 31
0
  0
LINE
  5
543
330
1A
100
AcDbEntity
  8
BLACK
  6
CONTINUOUS
100
AcDbLine
 10
1.3492925590551181
 20
0.8523104330708661
 30
0
 11
1.3496062992125983
 21
0.8496062992125984
 31
0
  0
LINE
  5
544
330
1A
100
AcDbEntity
  8
BLACK
  6
CONTINUOUS
100
AcDbLine
 10
1.3496062992125983
 20
0.8496062992125984
 30
0
 11
1.3496062992125983
 21
0.8289370078740157
 31
0
  0
LINE
  5
545
330
1A
100
AcDbEntity
  8
BLACK
  6
CONTINUOUS
100
AcDbLine
 10
1.3496062992125983
 20
0.8289370078740157
 30
0
 11
1.3492925590551181
 21
0.826232874015748
 31
0
  0
LINE
  5
546
330
1A
100
AcDbEntity
  8
BLACK
  6
CONTINUOUS
100
AcDbLine
 10
1.3492925590551181
 20
0.826232874015748
 30
0
 11
1.3475393307086614
 21
0.8222621653543307
 31
0
  0
LINE
  5
547
330
1A
100
AcDbEntity
  8
BLACK
  6
CONTINUOUS
100
AcDbLine
 10
1.3475393307086614
 20
0.8222621653543307
 30
0
 11
1.3444701181102361
 21
0.8191929527559055
 31
0
  0
LINE
  5
548
330
1A
100
AcDbEntity
  8
BLACK
  6
CONTINUOUS
100
AcDbLine
 10
1.3444701181102361
 20
0.8191929527559055
 30
0
 11
1.340499409448819
 21
0.8174397244094488
 31
0
  0
LINE
  5
549
330
1A
100
AcDbEntity
  8
BLACK
  6
CONTINUOUS
100
AcDbLine
 10
1.340499409448819
 20
0.8174397244094488
 30
0
 11
1.3377952755905511
 21
0.8171259842519685
 31
0
  0
LINE
  5
54A
330
1A
100
AcDbEntity
  8
BLACK
  6
CONTINUOUS
100
AcDbLine
 10
1.3377952755905511
 20
0.8171259842519685
 30
0
 11
1.3023622047244094
 21
0.8171259842519685
 31
0
  0
LINE
  5
54B
330
1A
100
AcDbEntity
  8
BLACK
  6
CONTINUOUS
100
AcDbLine
 10
1.3023622047244094
 20
0.8171259842519685
 30
0
 11
1.2996580708661416
 21
0.8174397244094488
 31
0
  0
LINE
  5
54C
330
1A
100
AcDbEntity
  8
BLACK
  6
CONTINUOUS
100
AcDbLine
 10
1.2996580708661416
 20
0.8174397244094488
 30
0
 11
1.2956873622047245
 21
0.8191929527559055
 31
0
  0
LINE
  5
54D
330
1A
100
AcDbEntity
  8
BLACK
  6
CONTINUOUS
100
AcDbLine
 10
1.2956873622047245
 20
0.8191929527559055
 30
0
 11
1.2926181496062992
 21
0.8222621653543307
 31
0
  0
LINE
  5
54E
330
1A
100
AcDbEntity
  8
BLACK
  6
CONTINUOUS
100
AcDbLine
 10
1.2926181496062992
 20
0.8222621653543307
 30
0
 11
1.2908649212598424
 21
0.826232874015748
 31
0
  0
LINE
  5
54F
330
1A
100
AcDbEntity
  8
BLACK
  6
CONTINUOUS
100
AcDbLine
 10
1.2908649212598424
 20
0.826232874015748
 30
0
 11
1.2905511811023622
 21
0.8289370078740157
 31
0
  0
LINE
  5
550
330
1A
100
AcDbEntity
  8
BLACK
  6
CONTINUOUS
100
AcDbLine
 10
1.2905511811023622
 20
0.8289370078740157
 30
0
 11
1.2905511811023622
 21
0.8496062992125984
 31
0
  0
LINE
  5
551
330
1A
100
AcDbEntity
  8
BLACK
  6
CONTINUOUS
100
AcDbLine
 10
1.2905511811023622
 20
0.8496062992125984
 30
0
 11
1.2908649212598424
 21
0.8523104330708661
 31
0
  0
LINE
  5
552
330
1A
100
AcDbEntity
  8
BLACK
  6
CONTINUOUS
100
AcDbLine
 10
1.2908649212598424
 20
0.8523104330708661
 30
0
 11
1.2926181496062992
 21
0.8562811417322834
 31
0
  0
LINE
  5
553
330
1A
100
AcDbEntity
  8
BLACK
  6
CONTINUOUS
100
AcDbLine
 10
1.2926181496062992
 20
0.8562811417322834
 30
0
 11
1.2956873622047245
 21
0.8593503543307086
 31
0
  0
LINE
  5
554
330
1A
100
AcDbEntity
  8
BLACK
  6
CONTINUOUS
100
AcDbLine
 10
1.2956873622047245
 20
0.8593503543307086
 30
0
 11
1.2996580708661416
 21
0.8611035826771654
 31
0
  0
LINE
  5
555
330
1A
100
AcDbEntity
  8
BLACK
  6
CONTINUOUS
100
AcDbLine
 10
1.2996580708661416
 20
0.8611035826771654
 30
0
 11
1.3023622047244094
 21
0.8614173228346457
 31
0
  0
LINE
  5
556
330
1A
100
AcDbEntity
  8
BLACK
  6
CONTINUOUS
100
AcDbLine
 10
1.3023622047244094
 20
0.8614173228346457
 30
0
 11
1.3377952755905511
 21
0.8614173228346457
 31
0
  0
LINE
  5
557
330
1A
100
AcDbEntity
  8
BLACK
  6
CONTINUOUS
100
AcDbLine
 10
1.3377952755905511
 20
0.8614173228346457
 30
0
 11
1.340499409448819
 21
0.8611035826771654
 31
0
  0
LINE
  5
558
330
1A
100
AcDbEntity
  8
BLACK
  6
CONTINUOUS
100
AcDbLine
 10
0.8294757874015748
 20
0.9138102755905512
 30
0
 11
0.8334464960629921
 21
0.9120570472440944
 31
0
  0
LINE
  5
559
330
1A
100
AcDbEntity
  8
BLACK
  6
CONTINUOUS
100
AcDbLine
 10
0.8334464960629921
 20
0.9120570472440944
 30
0
 11
0.8365157086614173
 21
0.9089878346456692
 31
0
  0
LINE
  5
55A
330
1A
100
AcDbEntity
  8
BLACK
  6
CONTINUOUS
100
AcDbLine
 10
0.8365157086614173
 20
0.9089878346456692
 30
0
 11
0.838268937007874
 21
0.905017125984252
 31
0
  0
LINE
  5
55B
330
1A
100
AcDbEntity
  8
BLACK
  6
CONTINUOUS
100
AcDbLine
 10
0.838268937007874
 20
0.905017125984252
 30
0
 11
0.8385826771653543
 21
0.9023129921259843
 31
0
  0
LINE
  5
55C
330
1A
100
AcDbEntity
  8
BLACK
  6
CONTINUOUS
100
AcDbLine
 10
0.8385826771653543
 20
0.9023129921259843
 30
0
 11
0.8385826771653543
 21
0.8649114173228346
 31
0
  0
LINE
  5
55D
330
1A
100
AcDbEntity
  8
BLACK
  6
CONTINUOUS
100
AcDbLine
 10
0.8385826771653543
 20
0.8649114173228346
 30
0
 11
0.838268937007874
 21
0.8622072834645669
 31
0
  0
LINE
  5
55E
330
1A
100
AcDbEntity
  8
BLACK
  6
CONTINUOUS
100
AcDbLine
 10
0.838268937007874
 20
0.8622072834645669
 30
0
 11
0.8365157086614173
 21
0.8582365748031496
 31
0
  0
LINE
  5
55F
330
1A
100
AcDbEntity
  8
BLACK
  6
CONTINUOUS
100
AcDbLine
 10
0.8365157086614173
 20
0.8582365748031496
 30
0
 11
0.8334464960629921
 21
0.8551673622047243
 31
0
  0
LINE
  5
560
330
1A
100
AcDbEntity
  8
BLACK
  6
CONTINUOUS
100
AcDbLine
 10
0.8334464960629921
 20
0.8551673622047243
 30
0
 11
0.8294757874015748
 21
0.8534141338582677
 31
0
  0
LINE
  5
561
330
1A
100
AcDbEntity
  8
BLACK
  6
CONTINUOUS
100
AcDbLine
 10
0.8294757874015748
 20
0.8534141338582677
 30
0
 11
0.8267716535433071
 21
0.8531003937007874
 31
0
  0
LINE
  5
562
330
1A
100
AcDbEntity
  8
BLACK
  6
CONTINUOUS
100
AcDbLine
 10
0.8267716535433071
 20
0.8531003937007874
 30
0
 11
0.8070866141732284
 21
0.8531003937007874
 31
0
  0
LINE
  5
563
330
1A
100
AcDbEntity
  8
BLACK
  6
CONTINUOUS
100
AcDbLine
 10
0.8070866141732284
 20
0.8531003937007874
 30
0
 11
0.8043824803149606
 21
0.8534141338582677
 31
0
  0
LINE
  5
564
330
1A
100
AcDbEntity
  8
BLACK
  6
CONTINUOUS
100
AcDbLine
 10
0.8043824803149606
 20
0.8534141338582677
 30
0
 11
0.8004117716535433
 21
0.8551673622047243
 31
0
  0
LINE
  5
565
330
1A
100
AcDbEntity
  8
BLACK
  6
CONTINUOUS
100
AcDbLine
 10
0.8004117716535433
 20
0.8551673622047243
 30
0
 11
0.7973425590551181
 21
0.8582365748031496
 31
0
  0
LINE
  5
566
330
1A
100
AcDbEntity
  8
BLACK
  6
CONTINUOUS
100
AcDbLine
 10
0.7973425590551181
 20
0.8582365748031496
 30
0
 11
0.7955893307086614
 21
0.8622072834645669
 31
0
  0
LINE
  5
567
330
1A
100
AcDbEntity
  8
BLACK
  6
CONTINUOUS
100
AcDbLine
 10
0.7955893307086614
 20
0.8622072834645669
 30
0
 11
0.7952755905511811
 21
0.8649114173228346
 31
0
  0
LINE
  5
568
330
1A
100
AcDbEntity
  8
BLACK
  6
CONTINUOUS
100
AcDbLine
 10
0.7952755905511811
 20
0.8649114173228346
 30
0
 11
0.7952755905511811
 21
0.9023129921259843
 31
0
  0
LINE
  5
569
330
1A
100
AcDbEntity
  8
BLACK
  6
CONTINUOUS
100
AcDbLine
 10
0.7952755905511811
 20
0.9023129921259843
 30
0
 11
0.7955893307086614
 21
0.905017125984252
 31
0
  0
LINE
  5
56A
330
1A
100
AcDbEntity
  8
BLACK
  6
CONTINUOUS
100
AcDbLine
 10
0.7955893307086614
 20
0.905017125984252
 30
0
 11
0.7973425590551181
 21
0.9089878346456692
 31
0
  0
LINE
  5
56B
330
1A
100
AcDbEntity
  8
BLACK
  6
CONTINUOUS
100
AcDbLine
 10
0.7973425590551181
 20
0.9089878346456692
 30
0
 11
0.8004117716535433
 21
0.9120570472440944
 31
0
  0
LINE
  5
56C
330
1A
100
AcDbEntity
  8
BLACK
  6
CONTINUOUS
100
AcDbLine
 10
0.8004117716535433
 20
0.9120570472440944
 30
0
 11
0.8043824803149606
 21
0.9138102755905512
 31
0
  0
LINE
  5
56D
330
1A
100
AcDbEntity
  8
BLACK
  6
CONTINUOUS
100
AcDbLine
 10
0.8043824803149606
 20
0.9138102755905512
 30
0
 11
0.8070866141732284
 21
0.9141240157480315
 31
0
  0
LINE
  5
56E
330
1A
100
AcDbEntity
  8
BLACK
  6
CONTINUOUS
100
AcDbLine
 10
0.8070866141732284
 20
0.9141240157480315
 30
0
 11
0.8267716535433071
 21
0.9141240157480315
 31
0
  0
LINE
  5
56F
330
1A
100
AcDbEntity
  8
BLACK
  6
CONTINUOUS
100
AcDbLine
 10
0.8267716535433071
 20
0.9141240157480315
 30
0
 11
0.8294757874015748
 21
0.9138102755905512
 31
0
  0
LINE
  5
570
330
1A
100
AcDbEntity
  8
BLACK
  6
CONTINUOUS
100
AcDbLine
 10
0.904278937007874
 20
0.9138102755905512
 30
0
 11
0.9082496456692913
 21
0.9120570472440944
 31
0
  0
LINE
  5
571
330
1A
100
AcDbEntity
  8
BLACK
  6
CONTINUOUS
100
AcDbLine
 10
0.9082496456692913
 20
0.9120570472440944
 30
0
 11
0.9113188582677165
 21
0.9089878346456692
 31
0
  0
LINE
  5
572
330
1A
100
AcDbEntity
  8
BLACK
  6
CONTINUOUS
100
AcDbLine
 10
0.9113188582677165
 20
0.9089878346456692
 30
0
 11
0.9130720866141732
 21
0.905017125984252
 31
0
  0
LINE
  5
573
330
1A
100
AcDbEntity
  8
BLACK
  6
CONTINUOUS
100
AcDbLine
 10
0.9130720866141732
 20
0.905017125984252
 30
0
 11
0.9133858267716535
 21
0.9023129921259843
 31
0
  0
LINE
  5
574
330
1A
100
AcDbEntity
  8
BLACK
  6
CONTINUOUS
100
AcDbLine
 10
0.9133858267716535
 20
0.9023129921259843
 30
0
 11
0.9133858267716535
 21
0.8649114173228346
 31
0
  0
LINE
  5
575
330
1A
100
AcDbEntity
  8
BLACK
  6
CONTINUOUS
100
AcDbLine
 10
0.9133858267716535
 20
0.8649114173228346
 30
0
 11
0.9130720866141732
 21
0.8622072834645669
 31
0
  0
LINE
  5
576
330
1A
100
AcDbEntity
  8
BLACK
  6
CONTINUOUS
100
AcDbLine
 10
0.9130720866141732
 20
0.8622072834645669
 30
0
 11
0.9113188582677165
 21
0.8582365748031496
 31
0
  0
LINE
  5
577
330
1A
100
AcDbEntity
  8
BLACK
  6
CONTINUOUS
100
AcDbLine
 10
0.9113188582677165
 20
0.8582365748031496
 30
0
 11
0.9082496456692913
 21
0.8551673622047243
 31
0
  0
LINE
  5
578
330
1A
100
AcDbEntity
  8
BLACK
  6
CONTINUOUS
100
AcDbLine
 10
0.9082496456692913
 20
0.8551673622047243
 30
0
 11
0.904278937007874
 21
0.8534141338582677
 31
0
  0
LINE
  5
579
330
1A
100
AcDbEntity
  8
BLACK
  6
CONTINUOUS
100
AcDbLine
 10
0.904278937007874
 20
0.8534141338582677
 30
0
 11
0.9015748031496063
 21
0.8531003937007874
 31
0
  0
LINE
  5
57A
330
1A
100
AcDbEntity
  8
BLACK
  6
CONTINUOUS
100
AcDbLine
 10
0.9015748031496063
 20
0.8531003937007874
 30
0
 11
0.8818897637795275
 21
0.8531003937007874
 31
0
  0
LINE
  5
57B
330
1A
100
AcDbEntity
  8
BLACK
  6
CONTINUOUS
100
AcDbLine
 10
0.8818897637795275
 20
0.8531003937007874
 30
0
 11
0.8791856299212598
 21
0.8534141338582677
 31
0
  0
LINE
  5
57C
330
1A
100
AcDbEntity
  8
BLACK
  6
CONTINUOUS
100
AcDbLine
 10
0.8791856299212598
 20
0.8534141338582677
 30
0
 11
0.8752149212598425
 21
0.8551673622047243
 31
0
  0
LINE
  5
57D
330
1A
100
AcDbEntity
  8
BLACK
  6
CONTINUOUS
100
AcDbLine
 10
0.8752149212598425
 20
0.8551673622047243
 30
0
 11
0.8721457086614173
 21
0.8582365748031496
 31
0
  0
LINE
  5
57E
330
1A
100
AcDbEntity
  8
BLACK
  6
CONTINUOUS
100
AcDbLine
 10
0.8721457086614173
 20
0.8582365748031496
 30
0
 11
0.8703924803149606
 21
0.8622072834645669
 31
0
  0
LINE
  5
57F
330
1A
100
AcDbEntity
  8
BLACK
  6
CONTINUOUS
100
AcDbLine
 10
0.8703924803149606
 20
0.8622072834645669
 30
0
 11
0.8700787401574803
 21
0.8649114173228346
 31
0
  0
LINE
  5
580
330
1A
100
AcDbEntity
  8
BLACK
  6
CONTINUOUS
100
AcDbLine
 10
0.8700787401574803
 20
0.8649114173228346
 30
0
 11
0.8700787401574803
 21
0.9023129921259843
 31
0
  0
LINE
  5
581
330
1A
100
AcDbEntity
  8
BLACK
  6
CONTINUOUS
100
AcDbLine
 10
0.8700787401574803
 20
0.9023129921259843
 30
0
 11
0.8703924803149606
 21
0.905017125984252
 31
0
  0
LINE
  5
582
330
1A
100
AcDbEntity
  8
BLACK
  6
CONTINUOUS
100
AcDbLine
 10
0.8703924803149606
 20
0.905017125984252
 30
0
 11
0.8721457086614173
 21
0.9089878346456692
 31
0
  0
LINE
  5
583
330
1A
100
AcDbEntity
  8
BLACK
  6
CONTINUOUS
100
AcDbLine
 10
0.8721457086614173
 20
0.9089878346456692
 30
0
 11
0.8752149212598425
 21
0.9120570472440944
 31
0
  0
LINE
  5
584
330
1A
100
AcDbEntity
  8
BLACK
  6
CONTINUOUS
100
AcDbLine
 10
0.8752149212598425
 20
0.9120570472440944
 30
0
 11
0.8791856299212598
 21
0.9138102755905512
 31
0
  0
LINE
  5
585
330
1A
100
AcDbEntity
  8
BLACK
  6
CONTINUOUS
100
AcDbLine
 10
0.8791856299212598
 20
0.9138102755905512
 30
0
 11
0.8818897637795275
 21
0.9141240157480315
 31
0
  0
LINE
  5
586
330
1A
100
AcDbEntity
  8
BLACK
  6
CONTINUOUS
100
AcDbLine
 10
0.8818897637795275
 20
0.9141240157480315
 30
0
 11
0.9015748031496063
 21
0.9141240157480315
 31
0
  0
LINE
  5
587
330
1A
100
AcDbEntity
  8
BLACK
  6
CONTINUOUS
100
AcDbLine
 10
0.9015748031496063
 20
0.9141240157480315
 30
0
 11
0.904278937007874
 21
0.9138102755905512
 31
0
  0
LINE
  5
588
330
1A
100
AcDbEntity
  8
BLACK
  6
CONTINUOUS
100
AcDbLine
 10
1.1010447637795275
 20
0.915443937007874
 30
0
 11
1.1035992519685038
 21
0.9137370472440944
 31
0
  0
LINE
  5
589
330
1A
100
AcDbEntity
  8
BLACK
  6
CONTINUOUS
100
AcDbLine
 10
1.1035992519685038
 20
0.9137370472440944
 30
0
 11
1.1053061417322834
 21
0.9111825590551181
 31
0
  0
LINE
  5
58A
330
1A
100
AcDbEntity
  8
BLACK
  6
CONTINUOUS
100
AcDbLine
 10
1.1053061417322834
 20
0.9111825590551181
 30
0
 11
1.1059055118110237
 21
0.9081692913385827
 31
0
  0
LINE
  5
58B
330
1A
100
AcDbEntity
  8
BLACK
  6
CONTINUOUS
100
AcDbLine
 10
1.1059055118110237
 20
0.9081692913385827
 30
0
 11
1.1059055118110237
 21
0.8619094488188976
 31
0
  0
LINE
  5
58C
330
1A
100
AcDbEntity
  8
BLACK
  6
CONTINUOUS
100
AcDbLine
 10
1.1059055118110237
 20
0.8619094488188976
 30
0
 11
1.1053061417322834
 21
0.8588961811023622
 31
0
  0
LINE
  5
58D
330
1A
100
AcDbEntity
  8
BLACK
  6
CONTINUOUS
100
AcDbLine
 10
1.1053061417322834
 20
0.8588961811023622
 30
0
 11
1.1035992519685038
 21
0.8563416929133858
 31
0
  0
LINE
  5
58E
330
1A
100
AcDbEntity
  8
BLACK
  6
CONTINUOUS
100
AcDbLine
 10
1.1035992519685038
 20
0.8563416929133858
 30
0
 11
1.1010447637795275
 21
0.8546348031496063
 31
0
  0
LINE
  5
58F
330
1A
100
AcDbEntity
  8
BLACK
  6
CONTINUOUS
100
AcDbLine
 10
1.1010447637795275
 20
0.8546348031496063
 30
0
 11
1.098031496062992
 21
0.8540354330708662
 31
0
  0
LINE
  5
590
330
1A
100
AcDbEntity
  8
BLACK
  6
CONTINUOUS
100
AcDbLine
 10
1.098031496062992
 20
0.8540354330708662
 30
0
 11
1.0862204724409448
 21
0.8540354330708662
 31
0
  0
LINE
  5
591
330
1A
100
AcDbEntity
  8
BLACK
  6
CONTINUOUS
100
AcDbLine
 10
1.0862204724409448
 20
0.8540354330708662
 30
0
 11
1.0832072047244095
 21
0.8546348031496063
 31
0
  0
LINE
  5
592
330
1A
100
AcDbEntity
  8
BLACK
  6
CONTINUOUS
100
AcDbLine
 10
1.0832072047244095
 20
0.8546348031496063
 30
0
 11
1.0806527165354332
 21
0.8563416929133858
 31
0
  0
LINE
  5
593
330
1A
100
AcDbEntity
  8
BLACK
  6
CONTINUOUS
100
AcDbLine
 10
1.0806527165354332
 20
0.8563416929133858
 30
0
 11
1.0789458267716536
 21
0.8588961811023622
 31
0
  0
LINE
  5
594
330
1A
100
AcDbEntity
  8
BLACK
  6
CONTINUOUS
100
AcDbLine
 10
1.0789458267716536
 20
0.8588961811023622
 30
0
 11
1.0783464566929133
 21
0.8619094488188976
 31
0
  0
LINE
  5
595
330
1A
100
AcDbEntity
  8
BLACK
  6
CONTINUOUS
100
AcDbLine
 10
1.0783464566929133
 20
0.8619094488188976
 30
0
 11
1.0783464566929133
 21
0.9081692913385827
 31
0
  0
LINE
  5
596
330
1A
100
AcDbEntity
  8
BLACK
  6
CONTINUOUS
100
AcDbLine
 10
1.0783464566929133
 20
0.9081692913385827
 30
0
 11
1.0789458267716536
 21
0.9111825590551181
 31
0
  0
LINE
  5
597
330
1A
100
AcDbEntity
  8
BLACK
  6
CONTINUOUS
100
AcDbLine
 10
1.0789458267716536
 20
0.9111825590551181
 30
0
 11
1.0806527165354332
 21
0.9137370472440944
 31
0
  0
LINE
  5
598
330
1A
100
AcDbEntity
  8
BLACK
  6
CONTINUOUS
100
AcDbLine
 10
1.0806527165354332
 20
0.9137370472440944
 30
0
 11
1.0832072047244095
 21
0.915443937007874
 31
0
  0
LINE
  5
599
330
1A
100
AcDbEntity
  8
BLACK
  6
CONTINUOUS
100
AcDbLine
 10
1.0832072047244095
 20
0.915443937007874
 30
0
 11
1.0862204724409448
 21
0.9160433070866142
 31
0
  0
LINE
  5
59A
330
1A
100
AcDbEntity
  8
BLACK
  6
CONTINUOUS
100
AcDbLine
 10
1.0862204724409448
 20
0.9160433070866142
 30
0
 11
1.098031496062992
 21
0.9160433070866142
 31
0
  0
LINE
  5
59B
330
1A
100
AcDbEntity
  8
BLACK
  6
CONTINUOUS
100
AcDbLine
 10
1.098031496062992
 20
0.9160433070866142
 30
0
 11
1.1010447637795275
 21
0.915443937007874
 31
0
  0
LINE
  5
59C
330
1A
100
AcDbEntity
  8
BLACK
  6
CONTINUOUS
100
AcDbLine
 10
1.1758479133858268
 20
0.915443937007874
 30
0
 11
1.1784024015748031
 21
0.9137370472440944
 31
0
  0
LINE
  5
59D
330
1A
100
AcDbEntity
  8
BLACK
  6
CONTINUOUS
100
AcDbLine
 10
1.1784024015748031
 20
0.9137370472440944
 30
0
 11
1.1801092913385827
 21
0.9111825590551181
 31
0
  0
LINE
  5
59E
330
1A
100
AcDbEntity
  8
BLACK
  6
CONTINUOUS
100
AcDbLine
 10
1.1801092913385827
 20
0.9111825590551181
 30
0
 11
1.1807086614173228
 21
0.9081692913385827
 31
0
  0
LINE
  5
59F
330
1A
100
AcDbEntity
  8
BLACK
  6
CONTINUOUS
100
AcDbLine
 10
1.1807086614173228
 20
0.9081692913385827
 30
0
 11
1.1807086614173228
 21
0.8619094488188976
 31
0
  0
LINE
  5
5A0
330
1A
100
AcDbEntity
  8
BLACK
  6
CONTINUOUS
100
AcDbLine
 10
1.1807086614173228
 20
0.8619094488188976
 30
0
 11
1.1801092913385827
 21
0.8588961811023622
 31
0
  0
LINE
  5
5A1
330
1A
100
AcDbEntity
  8
BLACK
  6
CONTINUOUS
100
AcDbLine
 10
1.1801092913385827
 20
0.8588961811023622
 30
0
 11
1.1784024015748031
 21
0.8563416929133858
 31
0
  0
LINE
  5
5A2
330
1A
100
AcDbEntity
  8
BLACK
  6
CONTINUOUS
100
AcDbLine
 10
1.1784024015748031
 20
0.8563416929133858
 30
0
 11
1.1758479133858268
 21
0.8546348031496063
 31
0
  0
LINE
  5
5A3
330
1A
100
AcDbEntity
  8
BLACK
  6
CONTINUOUS
100
AcDbLine
 10
1.1758479133858268
 20
0.8546348031496063
 30
0
 11
1.1728346456692913
 21
0.8540354330708662
 31
0
  0
LINE
  5
5A4
330
1A
100
AcDbEntity
  8
BLACK
  6
CONTINUOUS
100
AcDbLine
 10
1.1728346456692913
 20
0.8540354330708662
 30
0
 11
1.1610236220472441
 21
0.8540354330708662
 31
0
  0
LINE
  5
5A5
330
1A
100
AcDbEntity
  8
BLACK
  6
CONTINUOUS
100
AcDbLine
 10
1.1610236220472441
 20
0.8540354330708662
 30
0
 11
1.1580103543307085
 21
0.8546348031496063
 31
0
  0
LINE
  5
5A6
330
1A
100
AcDbEntity
  8
BLACK
  6
CONTINUOUS
100
AcDbLine
 10
1.1580103543307085
 20
0.8546348031496063
 30
0
 11
1.1554558661417322
 21
0.8563416929133858
 31
0
  0
LINE
  5
5A7
330
1A
100
AcDbEntity
  8
BLACK
  6
CONTINUOUS
100
AcDbLine
 10
1.1554558661417322
 20
0.8563416929133858
 30
0
 11
1.1537489763779527
 21
0.8588961811023622
 31
0
  0
LINE
  5
5A8
330
1A
100
AcDbEntity
  8
BLACK
  6
CONTINUOUS
100
AcDbLine
 10
1.1537489763779527
 20
0.8588961811023622
 30
0
 11
1.1531496062992126
 21
0.8619094488188976
 31
0
  0
LINE
  5
5A9
330
1A
100
AcDbEntity
  8
BLACK
  6
CONTINUOUS
100
AcDbLine
 10
1.1531496062992126
 20
0.8619094488188976
 30
0
 11
1.1531496062992126
 21
0.9081692913385827
 31
0
  0
LINE
  5
5AA
330
1A
100
AcDbEntity
  8
BLACK
  6
CONTINUOUS
100
AcDbLine
 10
1.1531496062992126
 20
0.9081692913385827
 30
0
 11
1.1537489763779527
 21
0.9111825590551181
 31
0
  0
LINE
  5
5AB
330
1A
100
AcDbEntity
  8
BLACK
  6
CONTINUOUS
100
AcDbLine
 10
1.1537489763779527
 20
0.9111825590551181
 30
0
 11
1.1554558661417322
 21
0.9137370472440944
 31
0
  0
LINE
  5
5AC
330
1A
100
AcDbEntity
  8
BLACK
  6
CONTINUOUS
100
AcDbLine
 10
1.1554558661417322
 20
0.9137370472440944
 30
0
 11
1.1580103543307085
 21
0.915443937007874
 31
0
  0
LINE
  5
5AD
330
1A
100
AcDbEntity
  8
BLACK
  6
CONTINUOUS
100
AcDbLine
 10
1.1580103543307085
 20
0.915443937007874
 30
0
 11
1.1610236220472441
 21
0.9160433070866142
 31
0
  0
LINE
  5
5AE
330
1A
100
AcDbEntity
  8
BLACK
  6
CONTINUOUS
100
AcDbLine
 10
1.1610236220472441
 20
0.9160433070866142
 30
0
 11
1.1728346456692913
 21
0.9160433070866142
 31
0
  0
LINE
  5
5AF
330
1A
100
AcDbEntity
  8
BLACK
  6
CONTINUOUS
100
AcDbLine
 10
1.1728346456692913
 20
0.9160433070866142
 30
0
 11
1.1758479133858268
 21
0.915443937007874
 31
0
  0
LINE
  5
5B0
330
1A
100
AcDbEntity
  8
BLACK
  6
CONTINUOUS
100
AcDbLine
 10
1.5843970472440945
 20
0.9108575196850394
 30
0
 11
1.5883677559055118
 21
0.9091042913385826
 31
0
  0
LINE
  5
5B1
330
1A
100
AcDbEntity
  8
BLACK
  6
CONTINUOUS
100
AcDbLine
 10
1.5883677559055118
 20
0.9091042913385826
 30
0
 11
1.5914369685039369
 21
0.9060350787401574
 31
0
  0
LINE
  5
5B2
330
1A
100
AcDbEntity
  8
BLACK
  6
CONTINUOUS
100
AcDbLine
 10
1.5914369685039369
 20
0.9060350787401574
 30
0
 11
1.5931901968503936
 21
0.9020643700787402
 31
0
  0
LINE
  5
5B3
330
1A
100
AcDbEntity
  8
BLACK
  6
CONTINUOUS
100
AcDbLine
 10
1.5931901968503936
 20
0.9020643700787402
 30
0
 11
1.5935039370078741
 21
0.8993602362204725
 31
0
  0
LINE
  5
5B4
330
1A
100
AcDbEntity
  8
BLACK
  6
CONTINUOUS
100
AcDbLine
 10
1.5935039370078741
 20
0.8993602362204725
 30
0
 11
1.5935039370078741
 21
0.8796751968503936
 31
0
  0
LINE
  5
5B5
330
1A
100
AcDbEntity
  8
BLACK
  6
CONTINUOUS
100
AcDbLine
 10
1.5935039370078741
 20
0.8796751968503936
 30
0
 11
1.5931901968503936
 21
0.876971062992126
 31
0
  0
LINE
  5
5B6
330
1A
100
AcDbEntity
  8
BLACK
  6
CONTINUOUS
100
AcDbLine
 10
1.5931901968503936
 20
0.876971062992126
 30
0
 11
1.5914369685039369
 21
0.8730003543307087
 31
0
  0
LINE
  5
5B7
330
1A
100
AcDbEntity
  8
BLACK
  6
CONTINUOUS
100
AcDbLine
 10
1.5914369685039369
 20
0.8730003543307087
 30
0
 11
1.5883677559055118
 21
0.8699311417322835
 31
0
  0
LINE
  5
5B8
330
1A
100
AcDbEntity
  8
BLACK
  6
CONTINUOUS
100
AcDbLine
 10
1.5883677559055118
 20
0.8699311417322835
 30
0
 11
1.5843970472440945
 21
0.8681779133858267
 31
0
  0
LINE
  5
5B9
330
1A
100
AcDbEntity
  8
BLACK
  6
CONTINUOUS
100
AcDbLine
 10
1.5843970472440945
 20
0.8681779133858267
 30
0
 11
1.5816929133858266
 21
0.8678641732283464
 31
0
  0
LINE
  5
5BA
330
1A
100
AcDbEntity
  8
BLACK
  6
CONTINUOUS
100
AcDbLine
 10
1.5816929133858266
 20
0.8678641732283464
 30
0
 11
1.5442913385826771
 21
0.8678641732283464
 31
0
  0
LINE
  5
5BB
330
1A
100
AcDbEntity
  8
BLACK
  6
CONTINUOUS
100
AcDbLine
 10
1.5442913385826771
 20
0.8678641732283464
 30
0
 11
1.5415872047244095
 21
0.8681779133858267
 31
0
  0
LINE
  5
5BC
330
1A
100
AcDbEntity
  8
BLACK
  6
CONTINUOUS
100
AcDbLine
 10
1.5415872047244095
 20
0.8681779133858267
 30
0
 11
1.5376164960629921
 21
0.8699311417322835
 31
0
  0
LINE
  5
5BD
330
1A
100
AcDbEntity
  8
BLACK
  6
CONTINUOUS
100
AcDbLine
 10
1.5376164960629921
 20
0.8699311417322835
 30
0
 11
1.5345472834645668
 21
0.8730003543307087
 31
0
  0
LINE
  5
5BE
330
1A
100
AcDbEntity
  8
BLACK
  6
CONTINUOUS
100
AcDbLine
 10
1.5345472834645668
 20
0.8730003543307087
 30
0
 11
1.5327940551181103
 21
0.876971062992126
 31
0
  0
LINE
  5
5BF
330
1A
100
AcDbEntity
  8
BLACK
  6
CONTINUOUS
100
AcDbLine
 10
1.5327940551181103
 20
0.876971062992126
 30
0
 11
1.5324803149606299
 21
0.8796751968503936
 31
0
  0
LINE
  5
5C0
330
1A
100
AcDbEntity
  8
BLACK
  6
CONTINUOUS
100
AcDbLine
 10
1.5324803149606299
 20
0.8796751968503936
 30
0
 11
1.5324803149606299
 21
0.8993602362204725
 31
0
  0
LINE
  5
5C1
330
1A
100
AcDbEntity
  8
BLACK
  6
CONTINUOUS
100
AcDbLine
 10
1.5324803149606299
 20
0.8993602362204725
 30
0
 11
1.5327940551181103
 21
0.9020643700787402
 31
0
  0
LINE
  5
5C2
330
1A
100
AcDbEntity
  8
BLACK
  6
CONTINUOUS
100
AcDbLine
 10
1.5327940551181103
 20
0.9020643700787402
 30
0
 11
1.5345472834645668
 21
0.9060350787401574
 31
0
  0
LINE
  5
5C3
330
1A
100
AcDbEntity
  8
BLACK
  6
CONTINUOUS
100
AcDbLine
 10
1.5345472834645668
 20
0.9060350787401574
 30
0
 11
1.5376164960629921
 21
0.9091042913385826
 31
0
  0
LINE
  5
5C4
330
1A
100
AcDbEntity
  8
BLACK
  6
CONTINUOUS
100
AcDbLine
 10
1.5376164960629921
 20
0.9091042913385826
 30
0
 11
1.5415872047244095
 21
0.9108575196850394
 31
0
  0
LINE
  5
5C5
330
1A
100
AcDbEntity
  8
BLACK
  6
CONTINUOUS
100
AcDbLine
 10
1.5415872047244095
 20
0.9108575196850394
 30
0
 11
1.5442913385826771
 21
0.9111712598425197
 31
0
  0
LINE
  5
5C6
330
1A
100
AcDbEntity
  8
BLACK
  6
CONTINUOUS
100
AcDbLine
 10
1.5442913385826771
 20
0.9111712598425197
 30
0
 11
1.5816929133858266
 21
0.9111712598425197
 31
0
  0
LINE
  5
5C7
330
1A
100
AcDbEntity
  8
BLACK
  6
CONTINUOUS
100
AcDbLine
 10
1.5816929133858266
 20
0.9111712598425197
 30
0
 11
1.5843970472440945
 21
0.9108575196850394
 31
0
  0
LINE
  5
5C8
330
1A
100
AcDbEntity
  8
BLACK
  6
CONTINUOUS
100
AcDbLine
 10
1.0402041338582677
 20
0.9147453149606299
 30
0
 11
1.0441748425196851
 21
0.9129920866141732
 31
0
  0
LINE
  5
5C9
330
1A
100
AcDbEntity
  8
BLACK
  6
CONTINUOUS
100
AcDbLine
 10
1.0441748425196851
 20
0.9129920866141732
 30
0
 11
1.0472440551181101
 21
0.909922874015748
 31
0
  0
LINE
  5
5CA
330
1A
100
AcDbEntity
  8
BLACK
  6
CONTINUOUS
100
AcDbLine
 10
1.0472440551181101
 20
0.909922874015748
 30
0
 11
1.0489972834645669
 21
0.9059521653543307
 31
0
  0
LINE
  5
5CB
330
1A
100
AcDbEntity
  8
BLACK
  6
CONTINUOUS
100
AcDbLine
 10
1.0489972834645669
 20
0.9059521653543307
 30
0
 11
1.0493110236220473
 21
0.9032480314960629
 31
0
  0
LINE
  5
5CC
330
1A
100
AcDbEntity
  8
BLACK
  6
CONTINUOUS
100
AcDbLine
 10
1.0493110236220473
 20
0.9032480314960629
 30
0
 11
1.0493110236220473
 21
0.8825787401574803
 31
0
  0
LINE
  5
5CD
330
1A
100
AcDbEntity
  8
BLACK
  6
CONTINUOUS
100
AcDbLine
 10
1.0493110236220473
 20
0.8825787401574803
 30
0
 11
1.0489972834645669
 21
0.8798746062992125
 31
0
  0
LINE
  5
5CE
330
1A
100
AcDbEntity
  8
BLACK
  6
CONTINUOUS
100
AcDbLine
 10
1.0489972834645669
 20
0.8798746062992125
 30
0
 11
1.0472440551181101
 21
0.8759038976377953
 31
0
  0
LINE
  5
5CF
330
1A
100
AcDbEntity
  8
BLACK
  6
CONTINUOUS
100
AcDbLine
 10
1.0472440551181101
 20
0.8759038976377953
 30
0
 11
1.0441748425196851
 21
0.87283468503937
 31
0
  0
LINE
  5
5D0
330
1A
100
AcDbEntity
  8
BLACK
  6
CONTINUOUS
100
AcDbLine
 10
1.0441748425196851
 20
0.87283468503937
 30
0
 11
1.0402041338582677
 21
0.8710814566929134
 31
0
  0
LINE
  5
5D1
330
1A
100
AcDbEntity
  8
BLACK
  6
CONTINUOUS
100
AcDbLine
 10
1.0402041338582677
 20
0.8710814566929134
 30
0
 11
1.0374999999999999
 21
0.8707677165354331
 31
0
  0
LINE
  5
5D2
330
1A
100
AcDbEntity
  8
BLACK
  6
CONTINUOUS
100
AcDbLine
 10
1.0374999999999999
 20
0.8707677165354331
 30
0
 11
1.0020669291338582
 21
0.8707677165354331
 31
0
  0
LINE
  5
5D3
330
1A
100
AcDbEntity
  8
BLACK
  6
CONTINUOUS
100
AcDbLine
 10
1.0020669291338582
 20
0.8707677165354331
 30
0
 11
0.9993627952755906
 21
0.8710814566929134
 31
0
  0
LINE
  5
5D4
330
1A
100
AcDbEntity
  8
BLACK
  6
CONTINUOUS
100
AcDbLine
 10
0.9993627952755906
 20
0.8710814566929134
 30
0
 11
0.9953920866141732
 21
0.87283468503937
 31
0
  0
LINE
  5
5D5
330
1A
100
AcDbEntity
  8
BLACK
  6
CONTINUOUS
100
AcDbLine
 10
0.9953920866141732
 20
0.87283468503937
 30
0
 11
0.992322874015748
 21
0.8759038976377953
 31
0
  0
LINE
  5
5D6
330
1A
100
AcDbEntity
  8
BLACK
  6
CONTINUOUS
100
AcDbLine
 10
0.992322874015748
 20
0.8759038976377953
 30
0
 11
0.9905696456692913
 21
0.8798746062992125
 31
0
  0
LINE
  5
5D7
330
1A
100
AcDbEntity
  8
BLACK
  6
CONTINUOUS
100
AcDbLine
 10
0.9905696456692913
 20
0.8798746062992125
 30
0
 11
0.990255905511811
 21
0.8825787401574803
 31
0
  0
LINE
  5
5D8
330
1A
100
AcDbEntity
  8
BLACK
  6
CONTINUOUS
100
AcDbLine
 10
0.990255905511811
 20
0.8825787401574803
 30
0
 11
0.990255905511811
 21
0.9032480314960629
 31
0
  0
LINE
  5
5D9
330
1A
100
AcDbEntity
  8
BLACK
  6
CONTINUOUS
100
AcDbLine
 10
0.990255905511811
 20
0.9032480314960629
 30
0
 11
0.9905696456692913
 21
0.9059521653543307
 31
0
  0
LINE
  5
5DA
330
1A
100
AcDbEntity
  8
BLACK
  6
CONTINUOUS
100
AcDbLine
 10
0.9905696456692913
 20
0.9059521653543307
 30
0
 11
0.992322874015748
 21
0.909922874015748
 31
0
  0
LINE
  5
5DB
330
1A
100
AcDbEntity
  8
BLACK
  6
CONTINUOUS
100
AcDbLine
 10
0.992322874015748
 20
0.909922874015748
 30
0
 11
0.9953920866141732
 21
0.9129920866141732
 31
0
  0
LINE
  5
5DC
330
1A
100
AcDbEntity
  8
BLACK
  6
CONTINUOUS
100
AcDbLine
 10
0.9953920866141732
 20
0.9129920866141732
 30
0
 11
0.9993627952755906
 21
0.9147453149606299
 31
0
  0
LINE
  5
5DD
330
1A
100
AcDbEntity
  8
BLACK
  6
CONTINUOUS
100
AcDbLine
 10
0.9993627952755906
 20
0.9147453149606299
 30
0
 11
1.0020669291338582
 21
0.9150590551181103
 31
0
  0
LINE
  5
5DE
330
1A
100
AcDbEntity
  8
BLACK
  6
CONTINUOUS
100
AcDbLine
 10
1.0020669291338582
 20
0.9150590551181103
 30
0
 11
1.0374999999999999
 21
0.9150590551181103
 31
0
  0
LINE
  5
5DF
330
1A
100
AcDbEntity
  8
BLACK
  6
CONTINUOUS
100
AcDbLine
 10
1.0374999999999999
 20
0.9150590551181103
 30
0
 11
1.0402041338582677
 21
0.9147453149606299
 31
0
  0
LINE
  5
5E0
330
1A
100
AcDbEntity
  8
BLACK
  6
CONTINUOUS
100
AcDbLine
 10
0.4156962598425197
 20
0.9152374409448819
 30
0
 11
0.419666968503937
 21
0.9134842125984252
 31
0
  0
LINE
  5
5E1
330
1A
100
AcDbEntity
  8
BLACK
  6
CONTINUOUS
100
AcDbLine
 10
0.419666968503937
 20
0.9134842125984252
 30
0
 11
0.4227361811023622
 21
0.910415
 31
0
  0
LINE
  5
5E2
330
1A
100
AcDbEntity
  8
BLACK
  6
CONTINUOUS
100
AcDbLine
 10
0.4227361811023622
 20
0.910415
 30
0
 11
0.4244894094488189
 21
0.9064442913385826
 31
0
  0
LINE
  5
5E3
330
1A
100
AcDbEntity
  8
BLACK
  6
CONTINUOUS
100
AcDbLine
 10
0.4244894094488189
 20
0.9064442913385826
 30
0
 11
0.4248031496062992
 21
0.9037401574803149
 31
0
  0
LINE
  5
5E4
330
1A
100
AcDbEntity
  8
BLACK
  6
CONTINUOUS
100
AcDbLine
 10
0.4248031496062992
 20
0.9037401574803149
 30
0
 11
0.4248031496062992
 21
0.8830708661417322
 31
0
  0
LINE
  5
5E5
330
1A
100
AcDbEntity
  8
BLACK
  6
CONTINUOUS
100
AcDbLine
 10
0.4248031496062992
 20
0.8830708661417322
 30
0
 11
0.4244894094488189
 21
0.8803667322834645
 31
0
  0
LINE
  5
5E6
330
1A
100
AcDbEntity
  8
BLACK
  6
CONTINUOUS
100
AcDbLine
 10
0.4244894094488189
 20
0.8803667322834645
 30
0
 11
0.4227361811023622
 21
0.8763960236220473
 31
0
  0
LINE
  5
5E7
330
1A
100
AcDbEntity
  8
BLACK
  6
CONTINUOUS
100
AcDbLine
 10
0.4227361811023622
 20
0.8763960236220473
 30
0
 11
0.419666968503937
 21
0.873326811023622
 31
0
  0
LINE
  5
5E8
330
1A
100
AcDbEntity
  8
BLACK
  6
CONTINUOUS
100
AcDbLine
 10
0.419666968503937
 20
0.873326811023622
 30
0
 11
0.4156962598425197
 21
0.8715735826771653
 31
0
  0
LINE
  5
5E9
330
1A
100
AcDbEntity
  8
BLACK
  6
CONTINUOUS
100
AcDbLine
 10
0.4156962598425197
 20
0.8715735826771653
 30
0
 11
0.4129921259842519
 21
0.871259842519685
 31
0
  0
LINE
  5
5EA
330
1A
100
AcDbEntity
  8
BLACK
  6
CONTINUOUS
100
AcDbLine
 10
0.4129921259842519
 20
0.871259842519685
 30
0
 11
0.3775590551181102
 21
0.871259842519685
 31
0
  0
LINE
  5
5EB
330
1A
100
AcDbEntity
  8
BLACK
  6
CONTINUOUS
100
AcDbLine
 10
0.3775590551181102
 20
0.871259842519685
 30
0
 11
0.3748549212598425
 21
0.8715735826771653
 31
0
  0
LINE
  5
5EC
330
1A
100
AcDbEntity
  8
BLACK
  6
CONTINUOUS
100
AcDbLine
 10
0.3748549212598425
 20
0.8715735826771653
 30
0
 11
0.3708842125984252
 21
0.873326811023622
 31
0
  0
LINE
  5
5ED
330
1A
100
AcDbEntity
  8
BLACK
  6
CONTINUOUS
100
AcDbLine
 10
0.3708842125984252
 20
0.873326811023622
 30
0
 11
0.367815
 21
0.8763960236220473
 31
0
  0
LINE
  5
5EE
330
1A
100
AcDbEntity
  8
BLACK
  6
CONTINUOUS
100
AcDbLine
 10
0.367815
 20
0.8763960236220473
 30
0
 11
0.3660617716535433
 21
0.8803667322834645
 31
0
  0
LINE
  5
5EF
330
1A
100
AcDbEntity
  8
BLACK
  6
CONTINUOUS
100
AcDbLine
 10
0.3660617716535433
 20
0.8803667322834645
 30
0
 11
0.365748031496063
 21
0.8830708661417322
 31
0
  0
LINE
  5
5F0
330
1A
100
AcDbEntity
  8
BLACK
  6
CONTINUOUS
100
AcDbLine
 10
0.365748031496063
 20
0.8830708661417322
 30
0
 11
0.365748031496063
 21
0.9037401574803149
 31
0
  0
LINE
  5
5F1
330
1A
100
AcDbEntity
  8
BLACK
  6
CONTINUOUS
100
AcDbLine
 10
0.365748031496063
 20
0.9037401574803149
 30
0
 11
0.3660617716535433
 21
0.9064442913385826
 31
0
  0
LINE
  5
5F2
330
1A
100
AcDbEntity
  8
BLACK
  6
CONTINUOUS
100
AcDbLine
 10
0.3660617716535433
 20
0.9064442913385826
 30
0
 11
0.367815
 21
0.910415
 31
0
  0
LINE
  5
5F3
330
1A
100
AcDbEntity
  8
BLACK
  6
CONTINUOUS
100
AcDbLine
 10
0.367815
 20
0.910415
 30
0
 11
0.3708842125984252
 21
0.9134842125984252
 31
0
  0
LINE
  5
5F4
330
1A
100
AcDbEntity
  8
BLACK
  6
CONTINUOUS
100
AcDbLine
 10
0.3708842125984252
 20
0.9134842125984252
 30
0
 11
0.3748549212598425
 21
0.9152374409448819
 31
0
  0
LINE
  5
5F5
330
1A
100
AcDbEntity
  8
BLACK
  6
CONTINUOUS
100
AcDbLine
 10
0.3748549212598425
 20
0.9152374409448819
 30
0
 11
0.3775590551181102
 21
0.9155511811023622
 31
0
  0
LINE
  5
5F6
330
1A
100
AcDbEntity
  8
BLACK
  6
CONTINUOUS
100
AcDbLine
 10
0.3775590551181102
 20
0.9155511811023622
 30
0
 11
0.4129921259842519
 21
0.9155511811023622
 31
0
  0
LINE
  5
5F7
330
1A
100
AcDbEntity
  8
BLACK
  6
CONTINUOUS
100
AcDbLine
 10
0.4129921259842519
 20
0.9155511811023622
 30
0
 11
0.4156962598425197
 21
0.9152374409448819
 31
0
  0
LINE
  5
5F8
330
1A
100
AcDbEntity
  8
BLACK
  6
CONTINUOUS
100
AcDbLine
 10
0.4930746456692913
 20
0.9167142913385826
 30
0
 11
0.4965072834645669
 21
0.9144206692913386
 31
0
  0
LINE
  5
5F9
330
1A
100
AcDbEntity
  8
BLACK
  6
CONTINUOUS
100
AcDbLine
 10
0.4965072834645669
 20
0.9144206692913386
 30
0
 11
0.498800905511811
 21
0.910988031496063
 31
0
  0
LINE
  5
5FA
330
1A
100
AcDbEntity
  8
BLACK
  6
CONTINUOUS
100
AcDbLine
 10
0.498800905511811
 20
0.910988031496063
 30
0
 11
0.4996062992125984
 21
0.9069389763779527
 31
0
  0
LINE
  5
5FB
330
1A
100
AcDbEntity
  8
BLACK
  6
CONTINUOUS
100
AcDbLine
 10
0.4996062992125984
 20
0.9069389763779527
 30
0
 11
0.4996062992125984
 21
0.8897145669291339
 31
0
  0
LINE
  5
5FC
330
1A
100
AcDbEntity
  8
BLACK
  6
CONTINUOUS
100
AcDbLine
 10
0.4996062992125984
 20
0.8897145669291339
 30
0
 11
0.498800905511811
 21
0.8856655118110236
 31
0
  0
LINE
  5
5FD
330
1A
100
AcDbEntity
  8
BLACK
  6
CONTINUOUS
100
AcDbLine
 10
0.498800905511811
 20
0.8856655118110236
 30
0
 11
0.4965072834645669
 21
0.882232874015748
 31
0
  0
LINE
  5
5FE
330
1A
100
AcDbEntity
  8
BLACK
  6
CONTINUOUS
100
AcDbLine
 10
0.4965072834645669
 20
0.882232874015748
 30
0
 11
0.4930746456692913
 21
0.8799392519685039
 31
0
  0
LINE
  5
5FF
330
1A
100
AcDbEntity
  8
BLACK
  6
CONTINUOUS
100
AcDbLine
 10
0.4930746456692913
 20
0.8799392519685039
 30
0
 11
0.4890255905511811
 21
0.8791338582677165
 31
0
  0
LINE
  5
600
330
1A
100
AcDbEntity
  8
BLACK
  6
CONTINUOUS
100
AcDbLine
 10
0.4890255905511811
 20
0.8791338582677165
 30
0
 11
0.459005905511811
 21
0.8791338582677165
 31
0
  0
LINE
  5
601
330
1A
100
AcDbEntity
  8
BLACK
  6
CONTINUOUS
100
AcDbLine
 10
0.459005905511811
 20
0.8791338582677165
 30
0
 11
0.4549568503937008
 21
0.8799392519685039
 31
0
  0
LINE
  5
602
330
1A
100
AcDbEntity
  8
BLACK
  6
CONTINUOUS
100
AcDbLine
 10
0.4549568503937008
 20
0.8799392519685039
 30
0
 11
0.4515242125984252
 21
0.882232874015748
 31
0
  0
LINE
  5
603
330
1A
100
AcDbEntity
  8
BLACK
  6
CONTINUOUS
100
AcDbLine
 10
0.4515242125984252
 20
0.882232874015748
 30
0
 11
0.4492305905511811
 21
0.8856655118110236
 31
0
  0
LINE
  5
604
330
1A
100
AcDbEntity
  8
BLACK
  6
CONTINUOUS
100
AcDbLine
 10
0.4492305905511811
 20
0.8856655118110236
 30
0
 11
0.4484251968503937
 21
0.8897145669291339
 31
0
  0
LINE
  5
605
330
1A
100
AcDbEntity
  8
BLACK
  6
CONTINUOUS
100
AcDbLine
 10
0.4484251968503937
 20
0.8897145669291339
 30
0
 11
0.4484251968503937
 21
0.9069389763779527
 31
0
  0
LINE
  5
606
330
1A
100
AcDbEntity
  8
BLACK
  6
CONTINUOUS
100
AcDbLine
 10
0.4484251968503937
 20
0.9069389763779527
 30
0
 11
0.4492305905511811
 21
0.910988031496063
 31
0
  0
LINE
  5
607
330
1A
100
AcDbEntity
  8
BLACK
  6
CONTINUOUS
100
AcDbLine
 10
0.4492305905511811
 20
0.910988031496063
 30
0
 11
0.4515242125984252
 21
0.9144206692913386
 31
0
  0
LINE
  5
608
330
1A
100
AcDbEntity
  8
BLACK
  6
CONTINUOUS
100
AcDbLine
 10
0.4515242125984252
 20
0.9144206692913386
 30
0
 11
0.4549568503937008
 21
0.9167142913385826
 31
0
  0
LINE
  5
609
330
1A
100
AcDbEntity
  8
BLACK
  6
CONTINUOUS
100
AcDbLine
 10
0.4549568503937008
 20
0.9167142913385826
 30
0
 11
0.459005905511811
 21
0.9175196850393701
 31
0
  0
LINE
  5
60A
330
1A
100
AcDbEntity
  8
BLACK
  6
CONTINUOUS
100
AcDbLine
 10
0.459005905511811
 20
0.9175196850393701
 30
0
 11
0.4890255905511811
 21
0.9175196850393701
 31
0
  0
LINE
  5
60B
330
1A
100
AcDbEntity
  8
BLACK
  6
CONTINUOUS
100
AcDbLine
 10
0.4890255905511811
 20
0.9175196850393701
 30
0
 11
0.4930746456692913
 21
0.9167142913385826
 31
0
  0
LINE
  5
60C
330
1A
100
AcDbEntity
  8
BLACK
  6
CONTINUOUS
100
AcDbLine
 10
1.2627435039370078
 20
0.9233083070866142
 30
0
 11
1.2667142125984252
 21
0.9215550787401574
 31
0
  0
LINE
  5
60D
330
1A
100
AcDbEntity
  8
BLACK
  6
CONTINUOUS
100
AcDbLine
 10
1.2667142125984252
 20
0.9215550787401574
 30
0
 11
1.2697834251968503
 21
0.9184858661417322
 31
0
  0
LINE
  5
60E
330
1A
100
AcDbEntity
  8
BLACK
  6
CONTINUOUS
100
AcDbLine
 10
1.2697834251968503
 20
0.9184858661417322
 30
0
 11
1.271536653543307
 21
0.914515157480315
 31
0
  0
LINE
  5
60F
330
1A
100
AcDbEntity
  8
BLACK
  6
CONTINUOUS
100
AcDbLine
 10
1.271536653543307
 20
0.914515157480315
 30
0
 11
1.2718503937007875
 21
0.9118110236220472
 31
0
  0
LINE
  5
610
330
1A
100
AcDbEntity
  8
BLACK
  6
CONTINUOUS
100
AcDbLine
 10
1.2718503937007875
 20
0.9118110236220472
 30
0
 11
1.2718503937007875
 21
0.8921259842519684
 31
0
  0
LINE
  5
611
330
1A
100
AcDbEntity
  8
BLACK
  6
CONTINUOUS
100
AcDbLine
 10
1.2718503937007875
 20
0.8921259842519684
 30
0
 11
1.271536653543307
 21
0.8894218503937008
 31
0
  0
LINE
  5
612
330
1A
100
AcDbEntity
  8
BLACK
  6
CONTINUOUS
100
AcDbLine
 10
1.271536653543307
 20
0.8894218503937008
 30
0
 11
1.2697834251968503
 21
0.8854511417322835
 31
0
  0
LINE
  5
613
330
1A
100
AcDbEntity
  8
BLACK
  6
CONTINUOUS
100
AcDbLine
 10
1.2697834251968503
 20
0.8854511417322835
 30
0
 11
1.2667142125984252
 21
0.8823819291338583
 31
0
  0
LINE
  5
614
330
1A
100
AcDbEntity
  8
BLACK
  6
CONTINUOUS
100
AcDbLine
 10
1.2667142125984252
 20
0.8823819291338583
 30
0
 11
1.2627435039370078
 21
0.8806287007874015
 31
0
  0
LINE
  5
615
330
1A
100
AcDbEntity
  8
BLACK
  6
CONTINUOUS
100
AcDbLine
 10
1.2627435039370078
 20
0.8806287007874015
 30
0
 11
1.2600393700787402
 21
0.8803149606299212
 31
0
  0
LINE
  5
616
330
1A
100
AcDbEntity
  8
BLACK
  6
CONTINUOUS
100
AcDbLine
 10
1.2600393700787402
 20
0.8803149606299212
 30
0
 11
1.2226377952755905
 21
0.8803149606299212
 31
0
  0
LINE
  5
617
330
1A
100
AcDbEntity
  8
BLACK
  6
CONTINUOUS
100
AcDbLine
 10
1.2226377952755905
 20
0.8803149606299212
 30
0
 11
1.2199336614173228
 21
0.8806287007874015
 31
0
  0
LINE
  5
618
330
1A
100
AcDbEntity
  8
BLACK
  6
CONTINUOUS
100
AcDbLine
 10
1.2199336614173228
 20
0.8806287007874015
 30
0
 11
1.2159629527559055
 21
0.8823819291338583
 31
0
  0
LINE
  5
619
330
1A
100
AcDbEntity
  8
BLACK
  6
CONTINUOUS
100
AcDbLine
 10
1.2159629527559055
 20
0.8823819291338583
 30
0
 11
1.2128937401574802
 21
0.8854511417322835
 31
0
  0
LINE
  5
61A
330
1A
100
AcDbEntity
  8
BLACK
  6
CONTINUOUS
100
AcDbLine
 10
1.2128937401574802
 20
0.8854511417322835
 30
0
 11
1.2111405118110237
 21
0.8894218503937008
 31
0
  0
LINE
  5
61B
330
1A
100
AcDbEntity
  8
BLACK
  6
CONTINUOUS
100
AcDbLine
 10
1.2111405118110237
 20
0.8894218503937008
 30
0
 11
1.2108267716535432
 21
0.8921259842519684
 31
0
  0
LINE
  5
61C
330
1A
100
AcDbEntity
  8
BLACK
  6
CONTINUOUS
100
AcDbLine
 10
1.2108267716535432
 20
0.8921259842519684
 30
0
 11
1.2108267716535432
 21
0.9118110236220472
 31
0
  0
LINE
  5
61D
330
1A
100
AcDbEntity
  8
BLACK
  6
CONTINUOUS
100
AcDbLine
 10
1.2108267716535432
 20
0.9118110236220472
 30
0
 11
1.2111405118110237
 21
0.914515157480315
 31
0
  0
LINE
  5
61E
330
1A
100
AcDbEntity
  8
BLACK
  6
CONTINUOUS
100
AcDbLine
 10
1.2111405118110237
 20
0.914515157480315
 30
0
 11
1.2128937401574802
 21
0.9184858661417322
 31
0
  0
LINE
  5
61F
330
1A
100
AcDbEntity
  8
BLACK
  6
CONTINUOUS
100
AcDbLine
 10
1.2128937401574802
 20
0.9184858661417322
 30
0
 11
1.2159629527559055
 21
0.9215550787401574
 31
0
  0
LINE
  5
620
330
1A
100
AcDbEntity
  8
BLACK
  6
CONTINUOUS
100
AcDbLine
 10
1.2159629527559055
 20
0.9215550787401574
 30
0
 11
1.2199336614173228
 21
0.9233083070866142
 31
0
  0
LINE
  5
621
330
1A
100
AcDbEntity
  8
BLACK
  6
CONTINUOUS
100
AcDbLine
 10
1.2199336614173228
 20
0.9233083070866142
 30
0
 11
1.2226377952755905
 21
0.9236220472440945
 31
0
  0
LINE
  5
622
330
1A
100
AcDbEntity
  8
BLACK
  6
CONTINUOUS
100
AcDbLine
 10
1.2226377952755905
 20
0.9236220472440945
 30
0
 11
1.2600393700787402
 21
0.9236220472440945
 31
0
  0
LINE
  5
623
330
1A
100
AcDbEntity
  8
BLACK
  6
CONTINUOUS
100
AcDbLine
 10
1.2600393700787402
 20
0.9236220472440945
 30
0
 11
1.2627435039370078
 21
0.9233083070866142
 31
0
  0
LINE
  5
624
330
1A
100
AcDbEntity
  8
BLACK
  6
CONTINUOUS
100
AcDbLine
 10
1.4050663385826772
 20
0.9425996456692913
 30
0
 11
1.4090370472440945
 21
0.9408464173228346
 31
0
  0
LINE
  5
625
330
1A
100
AcDbEntity
  8
BLACK
  6
CONTINUOUS
100
AcDbLine
 10
1.4090370472440945
 20
0.9408464173228346
 30
0
 11
1.4121062598425196
 21
0.9377772047244094
 31
0
  0
LINE
  5
626
330
1A
100
AcDbEntity
  8
BLACK
  6
CONTINUOUS
100
AcDbLine
 10
1.4121062598425196
 20
0.9377772047244094
 30
0
 11
1.4138594881889763
 21
0.9338064960629922
 31
0
  0
LINE
  5
627
330
1A
100
AcDbEntity
  8
BLACK
  6
CONTINUOUS
100
AcDbLine
 10
1.4138594881889763
 20
0.9338064960629922
 30
0
 11
1.4141732283464568
 21
0.9311023622047244
 31
0
  0
LINE
  5
628
330
1A
100
AcDbEntity
  8
BLACK
  6
CONTINUOUS
100
AcDbLine
 10
1.4141732283464568
 20
0.9311023622047244
 30
0
 11
1.4141732283464568
 21
0.8956692913385826
 31
0
  0
LINE
  5
629
330
1A
100
AcDbEntity
  8
BLACK
  6
CONTINUOUS
100
AcDbLine
 10
1.4141732283464568
 20
0.8956692913385826
 30
0
 11
1.4138594881889763
 21
0.8929651574803149
 31
0
  0
LINE
  5
62A
330
1A
100
AcDbEntity
  8
BLACK
  6
CONTINUOUS
100
AcDbLine
 10
1.4138594881889763
 20
0.8929651574803149
 30
0
 11
1.4121062598425196
 21
0.8889944488188977
 31
0
  0
LINE
  5
62B
330
1A
100
AcDbEntity
  8
BLACK
  6
CONTINUOUS
100
AcDbLine
 10
1.4121062598425196
 20
0.8889944488188977
 30
0
 11
1.4090370472440945
 21
0.8859252362204724
 31
0
  0
LINE
  5
62C
330
1A
100
AcDbEntity
  8
BLACK
  6
CONTINUOUS
100
AcDbLine
 10
1.4090370472440945
 20
0.8859252362204724
 30
0
 11
1.4050663385826772
 21
0.8841720078740157
 31
0
  0
LINE
  5
62D
330
1A
100
AcDbEntity
  8
BLACK
  6
CONTINUOUS
100
AcDbLine
 10
1.4050663385826772
 20
0.8841720078740157
 30
0
 11
1.4023622047244093
 21
0.8838582677165354
 31
0
  0
LINE
  5
62E
330
1A
100
AcDbEntity
  8
BLACK
  6
CONTINUOUS
100
AcDbLine
 10
1.4023622047244093
 20
0.8838582677165354
 30
0
 11
1.3816929133858267
 21
0.8838582677165354
 31
0
  0
LINE
  5
62F
330
1A
100
AcDbEntity
  8
BLACK
  6
CONTINUOUS
100
AcDbLine
 10
1.3816929133858267
 20
0.8838582677165354
 30
0
 11
1.378988779527559
 21
0.8841720078740157
 31
0
  0
LINE
  5
630
330
1A
100
AcDbEntity
  8
BLACK
  6
CONTINUOUS
100
AcDbLine
 10
1.378988779527559
 20
0.8841720078740157
 30
0
 11
1.3750180708661417
 21
0.8859252362204724
 31
0
  0
LINE
  5
631
330
1A
100
AcDbEntity
  8
BLACK
  6
CONTINUOUS
100
AcDbLine
 10
1.3750180708661417
 20
0.8859252362204724
 30
0
 11
1.3719488582677164
 21
0.8889944488188977
 31
0
  0
LINE
  5
632
330
1A
100
AcDbEntity
  8
BLACK
  6
CONTINUOUS
100
AcDbLine
 10
1.3719488582677164
 20
0.8889944488188977
 30
0
 11
1.3701956299212599
 21
0.8929651574803149
 31
0
  0
LINE
  5
633
330
1A
100
AcDbEntity
  8
BLACK
  6
CONTINUOUS
100
AcDbLine
 10
1.3701956299212599
 20
0.8929651574803149
 30
0
 11
1.3698818897637794
 21
0.8956692913385826
 31
0
  0
LINE
  5
634
330
1A
100
AcDbEntity
  8
BLACK
  6
CONTINUOUS
100
AcDbLine
 10
1.3698818897637794
 20
0.8956692913385826
 30
0
 11
1.3698818897637794
 21
0.9311023622047244
 31
0
  0
LINE
  5
635
330
1A
100
AcDbEntity
  8
BLACK
  6
CONTINUOUS
100
AcDbLine
 10
1.3698818897637794
 20
0.9311023622047244
 30
0
 11
1.3701956299212599
 21
0.9338064960629922
 31
0
  0
LINE
  5
636
330
1A
100
AcDbEntity
  8
BLACK
  6
CONTINUOUS
100
AcDbLine
 10
1.3701956299212599
 20
0.9338064960629922
 30
0
 11
1.3719488582677164
 21
0.9377772047244094
 31
0
  0
LINE
  5
637
330
1A
100
AcDbEntity
  8
BLACK
  6
CONTINUOUS
100
AcDbLine
 10
1.3719488582677164
 20
0.9377772047244094
 30
0
 11
1.3750180708661417
 21
0.9408464173228346
 31
0
  0
LINE
  5
638
330
1A
100
AcDbEntity
  8
BLACK
  6
CONTINUOUS
100
AcDbLine
 10
1.3750180708661417
 20
0.9408464173228346
 30
0
 11
1.378988779527559
 21
0.9425996456692913
 31
0
  0
LINE
  5
639
330
1A
100
AcDbEntity
  8
BLACK
  6
CONTINUOUS
100
AcDbLine
 10
1.378988779527559
 20
0.9425996456692913
 30
0
 11
1.3816929133858267
 21
0.9429133858267716
 31
0
  0
LINE
  5
63A
330
1A
100
AcDbEntity
  8
BLACK
  6
CONTINUOUS
100
AcDbLine
 10
1.3816929133858267
 20
0.9429133858267716
 30
0
 11
1.4023622047244093
 21
0.9429133858267716
 31
0
  0
LINE
  5
63B
330
1A
100
AcDbEntity
  8
BLACK
  6
CONTINUOUS
100
AcDbLine
 10
1.4023622047244093
 20
0.9429133858267716
 30
0
 11
1.4050663385826772
 21
0.9425996456692913
 31
0
  0
LINE
  5
63C
330
1A
100
AcDbEntity
  8
BLACK
  6
CONTINUOUS
100
AcDbLine
 10
1.4769167322834644
 20
0.9425996456692913
 30
0
 11
1.4808874409448818
 21
0.9408464173228346
 31
0
  0
LINE
  5
63D
330
1A
100
AcDbEntity
  8
BLACK
  6
CONTINUOUS
100
AcDbLine
 10
1.4808874409448818
 20
0.9408464173228346
 30
0
 11
1.4839566535433071
 21
0.9377772047244094
 31
0
  0
LINE
  5
63E
330
1A
100
AcDbEntity
  8
BLACK
  6
CONTINUOUS
100
AcDbLine
 10
1.4839566535433071
 20
0.9377772047244094
 30
0
 11
1.4857098818897638
 21
0.9338064960629922
 31
0
  0
LINE
  5
63F
330
1A
100
AcDbEntity
  8
BLACK
  6
CONTINUOUS
100
AcDbLine
 10
1.4857098818897638
 20
0.9338064960629922
 30
0
 11
1.486023622047244
 21
0.9311023622047244
 31
0
  0
LINE
  5
640
330
1A
100
AcDbEntity
  8
BLACK
  6
CONTINUOUS
100
AcDbLine
 10
1.486023622047244
 20
0.9311023622047244
 30
0
 11
1.486023622047244
 21
0.8956692913385826
 31
0
  0
LINE
  5
641
330
1A
100
AcDbEntity
  8
BLACK
  6
CONTINUOUS
100
AcDbLine
 10
1.486023622047244
 20
0.8956692913385826
 30
0
 11
1.4857098818897638
 21
0.8929651574803149
 31
0
  0
LINE
  5
642
330
1A
100
AcDbEntity
  8
BLACK
  6
CONTINUOUS
100
AcDbLine
 10
1.4857098818897638
 20
0.8929651574803149
 30
0
 11
1.4839566535433071
 21
0.8889944488188977
 31
0
  0
LINE
  5
643
330
1A
100
AcDbEntity
  8
BLACK
  6
CONTINUOUS
100
AcDbLine
 10
1.4839566535433071
 20
0.8889944488188977
 30
0
 11
1.4808874409448818
 21
0.8859252362204724
 31
0
  0
LINE
  5
644
330
1A
100
AcDbEntity
  8
BLACK
  6
CONTINUOUS
100
AcDbLine
 10
1.4808874409448818
 20
0.8859252362204724
 30
0
 11
1.4769167322834644
 21
0.8841720078740157
 31
0
  0
LINE
  5
645
330
1A
100
AcDbEntity
  8
BLACK
  6
CONTINUOUS
100
AcDbLine
 10
1.4769167322834644
 20
0.8841720078740157
 30
0
 11
1.4742125984251968
 21
0.8838582677165354
 31
0
  0
LINE
  5
646
330
1A
100
AcDbEntity
  8
BLACK
  6
CONTINUOUS
100
AcDbLine
 10
1.4742125984251968
 20
0.8838582677165354
 30
0
 11
1.4535433070866142
 21
0.8838582677165354
 31
0
  0
LINE
  5
647
330
1A
100
AcDbEntity
  8
BLACK
  6
CONTINUOUS
100
AcDbLine
 10
1.4535433070866142
 20
0.8838582677165354
 30
0
 11
1.4508391732283463
 21
0.8841720078740157
 31
0
  0
LINE
  5
648
330
1A
100
AcDbEntity
  8
BLACK
  6
CONTINUOUS
100
AcDbLine
 10
1.4508391732283463
 20
0.8841720078740157
 30
0
 11
1.4468684645669292
 21
0.8859252362204724
 31
0
  0
LINE
  5
649
330
1A
100
AcDbEntity
  8
BLACK
  6
CONTINUOUS
100
AcDbLine
 10
1.4468684645669292
 20
0.8859252362204724
 30
0
 11
1.4437992519685039
 21
0.8889944488188977
 31
0
  0
LINE
  5
64A
330
1A
100
AcDbEntity
  8
BLACK
  6
CONTINUOUS
100
AcDbLine
 10
1.4437992519685039
 20
0.8889944488188977
 30
0
 11
1.4420460236220471
 21
0.8929651574803149
 31
0
  0
LINE
  5
64B
330
1A
100
AcDbEntity
  8
BLACK
  6
CONTINUOUS
100
AcDbLine
 10
1.4420460236220471
 20
0.8929651574803149
 30
0
 11
1.4417322834645669
 21
0.8956692913385826
 31
0
  0
LINE
  5
64C
330
1A
100
AcDbEntity
  8
BLACK
  6
CONTINUOUS
100
AcDbLine
 10
1.4417322834645669
 20
0.8956692913385826
 30
0
 11
1.4417322834645669
 21
0.9311023622047244
 31
0
  0
LINE
  5
64D
330
1A
100
AcDbEntity
  8
BLACK
  6
CONTINUOUS
100
AcDbLine
 10
1.4417322834645669
 20
0.9311023622047244
 30
0
 11
1.4420460236220471
 21
0.9338064960629922
 31
0
  0
LINE
  5
64E
330
1A
100
AcDbEntity
  8
BLACK
  6
CONTINUOUS
100
AcDbLine
 10
1.4420460236220471
 20
0.9338064960629922
 30
0
 11
1.4437992519685039
 21
0.9377772047244094
 31
0
  0
LINE
  5
64F
330
1A
100
AcDbEntity
  8
BLACK
  6
CONTINUOUS
100
AcDbLine
 10
1.4437992519685039
 20
0.9377772047244094
 30
0
 11
1.4468684645669292
 21
0.9408464173228346
 31
0
  0
LINE
  5
650
330
1A
100
AcDbEntity
  8
BLACK
  6
CONTINUOUS
100
AcDbLine
 10
1.4468684645669292
 20
0.9408464173228346
 30
0
 11
1.4508391732283463
 21
0.9425996456692913
 31
0
  0
LINE
  5
651
330
1A
100
AcDbEntity
  8
BLACK
  6
CONTINUOUS
100
AcDbLine
 10
1.4508391732283463
 20
0.9425996456692913
 30
0
 11
1.4535433070866142
 21
0.9429133858267716
 31
0
  0
LINE
  5
652
330
1A
100
AcDbEntity
  8
BLACK
  6
CONTINUOUS
100
AcDbLine
 10
1.4535433070866142
 20
0.9429133858267716
 30
0
 11
1.4742125984251968
 21
0.9429133858267716
 31
0
  0
LINE
  5
653
330
1A
100
AcDbEntity
  8
BLACK
  6
CONTINUOUS
100
AcDbLine
 10
1.4742125984251968
 20
0.9429133858267716
 30
0
 11
1.4769167322834644
 21
0.9425996456692913
 31
0
  0
LINE
  5
654
330
1A
100
AcDbEntity
  8
BLACK
  6
CONTINUOUS
100
AcDbLine
 10
2.1050874015748029
 20
0.9486787007874016
 30
0
 11
2.1090581102362203
 21
0.9469254724409448
 31
0
  0
LINE
  5
655
330
1A
100
AcDbEntity
  8
BLACK
  6
CONTINUOUS
100
AcDbLine
 10
2.1090581102362203
 20
0.9469254724409448
 30
0
 11
2.1121273228346458
 21
0.9438562598425196
 31
0
  0
LINE
  5
656
330
1A
100
AcDbEntity
  8
BLACK
  6
CONTINUOUS
100
AcDbLine
 10
2.1121273228346458
 20
0.9438562598425196
 30
0
 11
2.1138805511811025
 21
0.9398855511811023
 31
0
  0
LINE
  5
657
330
1A
100
AcDbEntity
  8
BLACK
  6
CONTINUOUS
100
AcDbLine
 10
2.1138805511811025
 20
0.9398855511811023
 30
0
 11
2.1141942913385825
 21
0.9371814173228347
 31
0
  0
LINE
  5
658
330
1A
100
AcDbEntity
  8
BLACK
  6
CONTINUOUS
100
AcDbLine
 10
2.1141942913385825
 20
0.9371814173228347
 30
0
 11
2.1141942913385825
 21
0.899779842519685
 31
0
  0
LINE
  5
659
330
1A
100
AcDbEntity
  8
BLACK
  6
CONTINUOUS
100
AcDbLine
 10
2.1141942913385825
 20
0.899779842519685
 30
0
 11
2.1138805511811025
 21
0.8970757086614173
 31
0
  0
LINE
  5
65A
330
1A
100
AcDbEntity
  8
BLACK
  6
CONTINUOUS
100
AcDbLine
 10
2.1138805511811025
 20
0.8970757086614173
 30
0
 11
2.1121273228346458
 21
0.8931049999999999
 31
0
  0
LINE
  5
65B
330
1A
100
AcDbEntity
  8
BLACK
  6
CONTINUOUS
100
AcDbLine
 10
2.1121273228346458
 20
0.8931049999999999
 30
0
 11
2.1090581102362203
 21
0.8900357874015747
 31
0
  0
LINE
  5
65C
330
1A
100
AcDbEntity
  8
BLACK
  6
CONTINUOUS
100
AcDbLine
 10
2.1090581102362203
 20
0.8900357874015747
 30
0
 11
2.1050874015748029
 21
0.8882825590551181
 31
0
  0
LINE
  5
65D
330
1A
100
AcDbEntity
  8
BLACK
  6
CONTINUOUS
100
AcDbLine
 10
2.1050874015748029
 20
0.8882825590551181
 30
0
 11
2.1023832677165353
 21
0.8879688188976378
 31
0
  0
LINE
  5
65E
330
1A
100
AcDbEntity
  8
BLACK
  6
CONTINUOUS
100
AcDbLine
 10
2.1023832677165353
 20
0.8879688188976378
 30
0
 11
2.0826982283464566
 21
0.8879688188976378
 31
0
  0
LINE
  5
65F
330
1A
100
AcDbEntity
  8
BLACK
  6
CONTINUOUS
100
AcDbLine
 10
2.0826982283464566
 20
0.8879688188976378
 30
0
 11
2.0799940944881889
 21
0.8882825590551181
 31
0
  0
LINE
  5
660
330
1A
100
AcDbEntity
  8
BLACK
  6
CONTINUOUS
100
AcDbLine
 10
2.0799940944881889
 20
0.8882825590551181
 30
0
 11
2.0760233858267716
 21
0.8900357874015747
 31
0
  0
LINE
  5
661
330
1A
100
AcDbEntity
  8
BLACK
  6
CONTINUOUS
100
AcDbLine
 10
2.0760233858267716
 20
0.8900357874015747
 30
0
 11
2.0729541732283465
 21
0.8931049999999999
 31
0
  0
LINE
  5
662
330
1A
100
AcDbEntity
  8
BLACK
  6
CONTINUOUS
100
AcDbLine
 10
2.0729541732283465
 20
0.8931049999999999
 30
0
 11
2.0712009448818898
 21
0.8970757086614173
 31
0
  0
LINE
  5
663
330
1A
100
AcDbEntity
  8
BLACK
  6
CONTINUOUS
100
AcDbLine
 10
2.0712009448818898
 20
0.8970757086614173
 30
0
 11
2.0708872047244093
 21
0.899779842519685
 31
0
  0
LINE
  5
664
330
1A
100
AcDbEntity
  8
BLACK
  6
CONTINUOUS
100
AcDbLine
 10
2.0708872047244093
 20
0.899779842519685
 30
0
 11
2.0708872047244093
 21
0.9371814173228347
 31
0
  0
LINE
  5
665
330
1A
100
AcDbEntity
  8
BLACK
  6
CONTINUOUS
100
AcDbLine
 10
2.0708872047244093
 20
0.9371814173228347
 30
0
 11
2.0712009448818898
 21
0.9398855511811023
 31
0
  0
LINE
  5
666
330
1A
100
AcDbEntity
  8
BLACK
  6
CONTINUOUS
100
AcDbLine
 10
2.0712009448818898
 20
0.9398855511811023
 30
0
 11
2.0729541732283465
 21
0.9438562598425196
 31
0
  0
LINE
  5
667
330
1A
100
AcDbEntity
  8
BLACK
  6
CONTINUOUS
100
AcDbLine
 10
2.0729541732283465
 20
0.9438562598425196
 30
0
 11
2.0760233858267716
 21
0.9469254724409448
 31
0
  0
LINE
  5
668
330
1A
100
AcDbEntity
  8
BLACK
  6
CONTINUOUS
100
AcDbLine
 10
2.0760233858267716
 20
0.9469254724409448
 30
0
 11
2.0799940944881889
 21
0.9486787007874016
 31
0
  0
LINE
  5
669
330
1A
100
AcDbEntity
  8
BLACK
  6
CONTINUOUS
100
AcDbLine
 10
2.0799940944881889
 20
0.9486787007874016
 30
0
 11
2.0826982283464566
 21
0.9489924409448819
 31
0
  0
LINE
  5
66A
330
1A
100
AcDbEntity
  8
BLACK
  6
CONTINUOUS
100
AcDbLine
 10
2.0826982283464566
 20
0.9489924409448819
 30
0
 11
2.1023832677165353
 21
0.9489924409448819
 31
0
  0
LINE
  5
66B
330
1A
100
AcDbEntity
  8
BLACK
  6
CONTINUOUS
100
AcDbLine
 10
2.1023832677165353
 20
0.9489924409448819
 30
0
 11
2.1050874015748029
 21
0.9486787007874016
 31
0
  0
LINE
  5
66C
330
1A
100
AcDbEntity
  8
BLACK
  6
CONTINUOUS
100
AcDbLine
 10
2.1798905511811024
 20
0.9486787007874016
 30
0
 11
2.1838612598425198
 21
0.9469254724409448
 31
0
  0
LINE
  5
66D
330
1A
100
AcDbEntity
  8
BLACK
  6
CONTINUOUS
100
AcDbLine
 10
2.1838612598425198
 20
0.9469254724409448
 30
0
 11
2.1869304724409449
 21
0.9438562598425196
 31
0
  0
LINE
  5
66E
330
1A
100
AcDbEntity
  8
BLACK
  6
CONTINUOUS
100
AcDbLine
 10
2.1869304724409449
 20
0.9438562598425196
 30
0
 11
2.1886837007874016
 21
0.9398855511811023
 31
0
  0
LINE
  5
66F
330
1A
100
AcDbEntity
  8
BLACK
  6
CONTINUOUS
100
AcDbLine
 10
2.1886837007874016
 20
0.9398855511811023
 30
0
 11
2.188997440944882
 21
0.9371814173228347
 31
0
  0
LINE
  5
670
330
1A
100
AcDbEntity
  8
BLACK
  6
CONTINUOUS
100
AcDbLine
 10
2.188997440944882
 20
0.9371814173228347
 30
0
 11
2.188997440944882
 21
0.899779842519685
 31
0
  0
LINE
  5
671
330
1A
100
AcDbEntity
  8
BLACK
  6
CONTINUOUS
100
AcDbLine
 10
2.188997440944882
 20
0.899779842519685
 30
0
 11
2.1886837007874016
 21
0.8970757086614173
 31
0
  0
LINE
  5
672
330
1A
100
AcDbEntity
  8
BLACK
  6
CONTINUOUS
100
AcDbLine
 10
2.1886837007874016
 20
0.8970757086614173
 30
0
 11
2.1869304724409449
 21
0.8931049999999999
 31
0
  0
LINE
  5
673
330
1A
100
AcDbEntity
  8
BLACK
  6
CONTINUOUS
100
AcDbLine
 10
2.1869304724409449
 20
0.8931049999999999
 30
0
 11
2.1838612598425198
 21
0.8900357874015747
 31
0
  0
LINE
  5
674
330
1A
100
AcDbEntity
  8
BLACK
  6
CONTINUOUS
100
AcDbLine
 10
2.1838612598425198
 20
0.8900357874015747
 30
0
 11
2.1798905511811024
 21
0.8882825590551181
 31
0
  0
LINE
  5
675
330
1A
100
AcDbEntity
  8
BLACK
  6
CONTINUOUS
100
AcDbLine
 10
2.1798905511811024
 20
0.8882825590551181
 30
0
 11
2.1771864173228348
 21
0.8879688188976378
 31
0
  0
LINE
  5
676
330
1A
100
AcDbEntity
  8
BLACK
  6
CONTINUOUS
100
AcDbLine
 10
2.1771864173228348
 20
0.8879688188976378
 30
0
 11
2.1575013779527557
 21
0.8879688188976378
 31
0
  0
LINE
  5
677
330
1A
100
AcDbEntity
  8
BLACK
  6
CONTINUOUS
100
AcDbLine
 10
2.1575013779527557
 20
0.8879688188976378
 30
0
 11
2.154797244094488
 21
0.8882825590551181
 31
0
  0
LINE
  5
678
330
1A
100
AcDbEntity
  8
BLACK
  6
CONTINUOUS
100
AcDbLine
 10
2.154797244094488
 20
0.8882825590551181
 30
0
 11
2.1508265354330707
 21
0.8900357874015747
 31
0
  0
LINE
  5
679
330
1A
100
AcDbEntity
  8
BLACK
  6
CONTINUOUS
100
AcDbLine
 10
2.1508265354330707
 20
0.8900357874015747
 30
0
 11
2.1477573228346456
 21
0.8931049999999999
 31
0
  0
LINE
  5
67A
330
1A
100
AcDbEntity
  8
BLACK
  6
CONTINUOUS
100
AcDbLine
 10
2.1477573228346456
 20
0.8931049999999999
 30
0
 11
2.1460040944881889
 21
0.8970757086614173
 31
0
  0
LINE
  5
67B
330
1A
100
AcDbEntity
  8
BLACK
  6
CONTINUOUS
100
AcDbLine
 10
2.1460040944881889
 20
0.8970757086614173
 30
0
 11
2.1456903543307084
 21
0.899779842519685
 31
0
  0
LINE
  5
67C
330
1A
100
AcDbEntity
  8
BLACK
  6
CONTINUOUS
100
AcDbLine
 10
2.1456903543307084
 20
0.899779842519685
 30
0
 11
2.1456903543307084
 21
0.9371814173228347
 31
0
  0
LINE
  5
67D
330
1A
100
AcDbEntity
  8
BLACK
  6
CONTINUOUS
100
AcDbLine
 10
2.1456903543307084
 20
0.9371814173228347
 30
0
 11
2.1460040944881889
 21
0.9398855511811023
 31
0
  0
LINE
  5
67E
330
1A
100
AcDbEntity
  8
BLACK
  6
CONTINUOUS
100
AcDbLine
 10
2.1460040944881889
 20
0.9398855511811023
 30
0
 11
2.1477573228346456
 21
0.9438562598425196
 31
0
  0
LINE
  5
67F
330
1A
100
AcDbEntity
  8
BLACK
  6
CONTINUOUS
100
AcDbLine
 10
2.1477573228346456
 20
0.9438562598425196
 30
0
 11
2.1508265354330707
 21
0.9469254724409448
 31
0
  0
LINE
  5
680
330
1A
100
AcDbEntity
  8
BLACK
  6
CONTINUOUS
100
AcDbLine
 10
2.1508265354330707
 20
0.9469254724409448
 30
0
 11
2.154797244094488
 21
0.9486787007874016
 31
0
  0
LINE
  5
681
330
1A
100
AcDbEntity
  8
BLACK
  6
CONTINUOUS
100
AcDbLine
 10
2.154797244094488
 20
0.9486787007874016
 30
0
 11
2.1575013779527557
 21
0.9489924409448819
 31
0
  0
LINE
  5
682
330
1A
100
AcDbEntity
  8
BLACK
  6
CONTINUOUS
100
AcDbLine
 10
2.1575013779527557
 20
0.9489924409448819
 30
0
 11
2.1771864173228348
 21
0.9489924409448819
 31
0
  0
LINE
  5
683
330
1A
100
AcDbEntity
  8
BLACK
  6
CONTINUOUS
100
AcDbLine
 10
2.1771864173228348
 20
0.9489924409448819
 30
0
 11
2.1798905511811024
 21
0.9486787007874016
 31
0
  0
LINE
  5
684
330
1A
100
AcDbEntity
  8
BLACK
  6
CONTINUOUS
100
AcDbLine
 10
1.340499409448819
 20
0.9329539763779527
 30
0
 11
1.3444701181102361
 21
0.931200748031496
 31
0
  0
LINE
  5
685
330
1A
100
AcDbEntity
  8
BLACK
  6
CONTINUOUS
100
AcDbLine
 10
1.3444701181102361
 20
0.931200748031496
 30
0
 11
1.3475393307086614
 21
0.9281315354330708
 31
0
  0
LINE
  5
686
330
1A
100
AcDbEntity
  8
BLACK
  6
CONTINUOUS
100
AcDbLine
 10
1.3475393307086614
 20
0.9281315354330708
 30
0
 11
1.3492925590551181
 21
0.9241608267716536
 31
0
  0
LINE
  5
687
330
1A
100
AcDbEntity
  8
BLACK
  6
CONTINUOUS
100
AcDbLine
 10
1.3492925590551181
 20
0.9241608267716536
 30
0
 11
1.3496062992125983
 21
0.9214566929133858
 31
0
  0
LINE
  5
688
330
1A
100
AcDbEntity
  8
BLACK
  6
CONTINUOUS
100
AcDbLine
 10
1.3496062992125983
 20
0.9214566929133858
 30
0
 11
1.3496062992125983
 21
0.9007874015748031
 31
0
  0
LINE
  5
689
330
1A
100
AcDbEntity
  8
BLACK
  6
CONTINUOUS
100
AcDbLine
 10
1.3496062992125983
 20
0.9007874015748031
 30
0
 11
1.3492925590551181
 21
0.8980832677165355
 31
0
  0
LINE
  5
68A
330
1A
100
AcDbEntity
  8
BLACK
  6
CONTINUOUS
100
AcDbLine
 10
1.3492925590551181
 20
0.8980832677165355
 30
0
 11
1.3475393307086614
 21
0.8941125590551181
 31
0
  0
LINE
  5
68B
330
1A
100
AcDbEntity
  8
BLACK
  6
CONTINUOUS
100
AcDbLine
 10
1.3475393307086614
 20
0.8941125590551181
 30
0
 11
1.3444701181102361
 21
0.8910433464566929
 31
0
  0
LINE
  5
68C
330
1A
100
AcDbEntity
  8
BLACK
  6
CONTINUOUS
100
AcDbLine
 10
1.3444701181102361
 20
0.8910433464566929
 30
0
 11
1.340499409448819
 21
0.8892901181102362
 31
0
  0
LINE
  5
68D
330
1A
100
AcDbEntity
  8
BLACK
  6
CONTINUOUS
100
AcDbLine
 10
1.340499409448819
 20
0.8892901181102362
 30
0
 11
1.3377952755905511
 21
0.8889763779527559
 31
0
  0
LINE
  5
68E
330
1A
100
AcDbEntity
  8
BLACK
  6
CONTINUOUS
100
AcDbLine
 10
1.3377952755905511
 20
0.8889763779527559
 30
0
 11
1.3023622047244094
 21
0.8889763779527559
 31
0
  0
LINE
  5
68F
330
1A
100
AcDbEntity
  8
BLACK
  6
CONTINUOUS
100
AcDbLine
 10
1.3023622047244094
 20
0.8889763779527559
 30
0
 11
1.2996580708661416
 21
0.8892901181102362
 31
0
  0
LINE
  5
690
330
1A
100
AcDbEntity
  8
BLACK
  6
CONTINUOUS
100
AcDbLine
 10
1.2996580708661416
 20
0.8892901181102362
 30
0
 11
1.2956873622047245
 21
0.8910433464566929
 31
0
  0
LINE
  5
691
330
1A
100
AcDbEntity
  8
BLACK
  6
CONTINUOUS
100
AcDbLine
 10
1.2956873622047245
 20
0.8910433464566929
 30
0
 11
1.2926181496062992
 21
0.8941125590551181
 31
0
  0
LINE
  5
692
330
1A
100
AcDbEntity
  8
BLACK
  6
CONTINUOUS
100
AcDbLine
 10
1.2926181496062992
 20
0.8941125590551181
 30
0
 11
1.2908649212598424
 21
0.8980832677165355
 31
0
  0
LINE
  5
693
330
1A
100
AcDbEntity
  8
BLACK
  6
CONTINUOUS
100
AcDbLine
 10
1.2908649212598424
 20
0.8980832677165355
 30
0
 11
1.2905511811023622
 21
0.9007874015748031
 31
0
  0
LINE
  5
694
330
1A
100
AcDbEntity
  8
BLACK
  6
CONTINUOUS
100
AcDbLine
 10
1.2905511811023622
 20
0.9007874015748031
 30
0
 11
1.2905511811023622
 21
0.9214566929133858
 31
0
  0
LINE
  5
695
330
1A
100
AcDbEntity
  8
BLACK
  6
CONTINUOUS
100
AcDbLine
 10
1.2905511811023622
 20
0.9214566929133858
 30
0
 11
1.2908649212598424
 21
0.9241608267716536
 31
0
  0
LINE
  5
696
330
1A
100
AcDbEntity
  8
BLACK
  6
CONTINUOUS
100
AcDbLine
 10
1.2908649212598424
 20
0.9241608267716536
 30
0
 11
1.2926181496062992
 21
0.9281315354330708
 31
0
  0
LINE
  5
697
330
1A
100
AcDbEntity
  8
BLACK
  6
CONTINUOUS
100
AcDbLine
 10
1.2926181496062992
 20
0.9281315354330708
 30
0
 11
1.2956873622047245
 21
0.931200748031496
 31
0
  0
LINE
  5
698
330
1A
100
AcDbEntity
  8
BLACK
  6
CONTINUOUS
100
AcDbLine
 10
1.2956873622047245
 20
0.931200748031496
 30
0
 11
1.2996580708661416
 21
0.9329539763779527
 31
0
  0
LINE
  5
699
330
1A
100
AcDbEntity
  8
BLACK
  6
CONTINUOUS
100
AcDbLine
 10
1.2996580708661416
 20
0.9329539763779527
 30
0
 11
1.3023622047244094
 21
0.9332677165354331
 31
0
  0
LINE
  5
69A
330
1A
100
AcDbEntity
  8
BLACK
  6
CONTINUOUS
100
AcDbLine
 10
1.3023622047244094
 20
0.9332677165354331
 30
0
 11
1.3377952755905511
 21
0.9332677165354331
 31
0
  0
LINE
  5
69B
330
1A
100
AcDbEntity
  8
BLACK
  6
CONTINUOUS
100
AcDbLine
 10
1.3377952755905511
 20
0.9332677165354331
 30
0
 11
1.340499409448819
 21
0.9329539763779527
 31
0
  0
LINE
  5
69C
330
1A
100
AcDbEntity
  8
BLACK
  6
CONTINUOUS
100
AcDbLine
 10
1.967292125984252
 20
0.9502535039370078
 30
0
 11
1.9712628346456693
 21
0.9485002755905512
 31
0
  0
LINE
  5
69D
330
1A
100
AcDbEntity
  8
BLACK
  6
CONTINUOUS
100
AcDbLine
 10
1.9712628346456693
 20
0.9485002755905512
 30
0
 11
1.9743320472440944
 21
0.945431062992126
 31
0
  0
LINE
  5
69E
330
1A
100
AcDbEntity
  8
BLACK
  6
CONTINUOUS
100
AcDbLine
 10
1.9743320472440944
 20
0.945431062992126
 30
0
 11
1.9760852755905511
 21
0.9414603543307086
 31
0
  0
LINE
  5
69F
330
1A
100
AcDbEntity
  8
BLACK
  6
CONTINUOUS
100
AcDbLine
 10
1.9760852755905511
 20
0.9414603543307086
 30
0
 11
1.9763990157480313
 21
0.9387562204724409
 31
0
  0
LINE
  5
6A0
330
1A
100
AcDbEntity
  8
BLACK
  6
CONTINUOUS
100
AcDbLine
 10
1.9763990157480313
 20
0.9387562204724409
 30
0
 11
1.9763990157480313
 21
0.9013546456692914
 31
0
  0
LINE
  5
6A1
330
1A
100
AcDbEntity
  8
BLACK
  6
CONTINUOUS
100
AcDbLine
 10
1.9763990157480313
 20
0.9013546456692914
 30
0
 11
1.9760852755905511
 21
0.8986505118110236
 31
0
  0
LINE
  5
6A2
330
1A
100
AcDbEntity
  8
BLACK
  6
CONTINUOUS
100
AcDbLine
 10
1.9760852755905511
 20
0.8986505118110236
 30
0
 11
1.9743320472440944
 21
0.8946798031496063
 31
0
  0
LINE
  5
6A3
330
1A
100
AcDbEntity
  8
BLACK
  6
CONTINUOUS
100
AcDbLine
 10
1.9743320472440944
 20
0.8946798031496063
 30
0
 11
1.9712628346456693
 21
0.8916105905511811
 31
0
  0
LINE
  5
6A4
330
1A
100
AcDbEntity
  8
BLACK
  6
CONTINUOUS
100
AcDbLine
 10
1.9712628346456693
 20
0.8916105905511811
 30
0
 11
1.967292125984252
 21
0.8898573622047244
 31
0
  0
LINE
  5
6A5
330
1A
100
AcDbEntity
  8
BLACK
  6
CONTINUOUS
100
AcDbLine
 10
1.967292125984252
 20
0.8898573622047244
 30
0
 11
1.9645879921259841
 21
0.889543622047244
 31
0
  0
LINE
  5
6A6
330
1A
100
AcDbEntity
  8
BLACK
  6
CONTINUOUS
100
AcDbLine
 10
1.9645879921259841
 20
0.889543622047244
 30
0
 11
1.9449029527559054
 21
0.889543622047244
 31
0
  0
LINE
  5
6A7
330
1A
100
AcDbEntity
  8
BLACK
  6
CONTINUOUS
100
AcDbLine
 10
1.9449029527559054
 20
0.889543622047244
 30
0
 11
1.9421988188976378
 21
0.8898573622047244
 31
0
  0
LINE
  5
6A8
330
1A
100
AcDbEntity
  8
BLACK
  6
CONTINUOUS
100
AcDbLine
 10
1.9421988188976378
 20
0.8898573622047244
 30
0
 11
1.9382281102362204
 21
0.8916105905511811
 31
0
  0
LINE
  5
6A9
330
1A
100
AcDbEntity
  8
BLACK
  6
CONTINUOUS
100
AcDbLine
 10
1.9382281102362204
 20
0.8916105905511811
 30
0
 11
1.9351588976377951
 21
0.8946798031496063
 31
0
  0
LINE
  5
6AA
330
1A
100
AcDbEntity
  8
BLACK
  6
CONTINUOUS
100
AcDbLine
 10
1.9351588976377951
 20
0.8946798031496063
 30
0
 11
1.9334056692913386
 21
0.8986505118110236
 31
0
  0
LINE
  5
6AB
330
1A
100
AcDbEntity
  8
BLACK
  6
CONTINUOUS
100
AcDbLine
 10
1.9334056692913386
 20
0.8986505118110236
 30
0
 11
1.9330919291338582
 21
0.9013546456692914
 31
0
  0
LINE
  5
6AC
330
1A
100
AcDbEntity
  8
BLACK
  6
CONTINUOUS
100
AcDbLine
 10
1.9330919291338582
 20
0.9013546456692914
 30
0
 11
1.9330919291338582
 21
0.9387562204724409
 31
0
  0
LINE
  5
6AD
330
1A
100
AcDbEntity
  8
BLACK
  6
CONTINUOUS
100
AcDbLine
 10
1.9330919291338582
 20
0.9387562204724409
 30
0
 11
1.9334056692913386
 21
0.9414603543307086
 31
0
  0
LINE
  5
6AE
330
1A
100
AcDbEntity
  8
BLACK
  6
CONTINUOUS
100
AcDbLine
 10
1.9334056692913386
 20
0.9414603543307086
 30
0
 11
1.9351588976377951
 21
0.945431062992126
 31
0
  0
LINE
  5
6AF
330
1A
100
AcDbEntity
  8
BLACK
  6
CONTINUOUS
100
AcDbLine
 10
1.9351588976377951
 20
0.945431062992126
 30
0
 11
1.9382281102362204
 21
0.9485002755905512
 31
0
  0
LINE
  5
6B0
330
1A
100
AcDbEntity
  8
BLACK
  6
CONTINUOUS
100
AcDbLine
 10
1.9382281102362204
 20
0.9485002755905512
 30
0
 11
1.9421988188976378
 21
0.9502535039370078
 31
0
  0
LINE
  5
6B1
330
1A
100
AcDbEntity
  8
BLACK
  6
CONTINUOUS
100
AcDbLine
 10
1.9421988188976378
 20
0.9502535039370078
 30
0
 11
1.9449029527559054
 21
0.9505672440944881
 31
0
  0
LINE
  5
6B2
330
1A
100
AcDbEntity
  8
BLACK
  6
CONTINUOUS
100
AcDbLine
 10
1.9449029527559054
 20
0.9505672440944881
 30
0
 11
1.9645879921259841
 21
0.9505672440944881
 31
0
  0
LINE
  5
6B3
330
1A
100
AcDbEntity
  8
BLACK
  6
CONTINUOUS
100
AcDbLine
 10
1.9645879921259841
 20
0.9505672440944881
 30
0
 11
1.967292125984252
 21
0.9502535039370078
 31
0
  0
LINE
  5
6B4
330
1A
100
AcDbEntity
  8
BLACK
  6
CONTINUOUS
100
AcDbLine
 10
2.042095275590551
 20
0.9502535039370078
 30
0
 11
2.0460659842519684
 21
0.9485002755905512
 31
0
  0
LINE
  5
6B5
330
1A
100
AcDbEntity
  8
BLACK
  6
CONTINUOUS
100
AcDbLine
 10
2.0460659842519684
 20
0.9485002755905512
 30
0
 11
2.0491351968503935
 21
0.945431062992126
 31
0
  0
LINE
  5
6B6
330
1A
100
AcDbEntity
  8
BLACK
  6
CONTINUOUS
100
AcDbLine
 10
2.0491351968503935
 20
0.945431062992126
 30
0
 11
2.0508884251968502
 21
0.9414603543307086
 31
0
  0
LINE
  5
6B7
330
1A
100
AcDbEntity
  8
BLACK
  6
CONTINUOUS
100
AcDbLine
 10
2.0508884251968502
 20
0.9414603543307086
 30
0
 11
2.0512021653543306
 21
0.9387562204724409
 31
0
  0
LINE
  5
6B8
330
1A
100
AcDbEntity
  8
BLACK
  6
CONTINUOUS
100
AcDbLine
 10
2.0512021653543306
 20
0.9387562204724409
 30
0
 11
2.0512021653543306
 21
0.9013546456692914
 31
0
  0
LINE
  5
6B9
330
1A
100
AcDbEntity
  8
BLACK
  6
CONTINUOUS
100
AcDbLine
 10
2.0512021653543306
 20
0.9013546456692914
 30
0
 11
2.0508884251968502
 21
0.8986505118110236
 31
0
  0
LINE
  5
6BA
330
1A
100
AcDbEntity
  8
BLACK
  6
CONTINUOUS
100
AcDbLine
 10
2.0508884251968502
 20
0.8986505118110236
 30
0
 11
2.0491351968503935
 21
0.8946798031496063
 31
0
  0
LINE
  5
6BB
330
1A
100
AcDbEntity
  8
BLACK
  6
CONTINUOUS
100
AcDbLine
 10
2.0491351968503935
 20
0.8946798031496063
 30
0
 11
2.0460659842519684
 21
0.8916105905511811
 31
0
  0
LINE
  5
6BC
330
1A
100
AcDbEntity
  8
BLACK
  6
CONTINUOUS
100
AcDbLine
 10
2.0460659842519684
 20
0.8916105905511811
 30
0
 11
2.042095275590551
 21
0.8898573622047244
 31
0
  0
LINE
  5
6BD
330
1A
100
AcDbEntity
  8
BLACK
  6
CONTINUOUS
100
AcDbLine
 10
2.042095275590551
 20
0.8898573622047244
 30
0
 11
2.0393911417322834
 21
0.889543622047244
 31
0
  0
LINE
  5
6BE
330
1A
100
AcDbEntity
  8
BLACK
  6
CONTINUOUS
100
AcDbLine
 10
2.0393911417322834
 20
0.889543622047244
 30
0
 11
2.0197061023622047
 21
0.889543622047244
 31
0
  0
LINE
  5
6BF
330
1A
100
AcDbEntity
  8
BLACK
  6
CONTINUOUS
100
AcDbLine
 10
2.0197061023622047
 20
0.889543622047244
 30
0
 11
2.0170019685039371
 21
0.8898573622047244
 31
0
  0
LINE
  5
6C0
330
1A
100
AcDbEntity
  8
BLACK
  6
CONTINUOUS
100
AcDbLine
 10
2.0170019685039371
 20
0.8898573622047244
 30
0
 11
2.0130312598425197
 21
0.8916105905511811
 31
0
  0
LINE
  5
6C1
330
1A
100
AcDbEntity
  8
BLACK
  6
CONTINUOUS
100
AcDbLine
 10
2.0130312598425197
 20
0.8916105905511811
 30
0
 11
2.0099620472440947
 21
0.8946798031496063
 31
0
  0
LINE
  5
6C2
330
1A
100
AcDbEntity
  8
BLACK
  6
CONTINUOUS
100
AcDbLine
 10
2.0099620472440947
 20
0.8946798031496063
 30
0
 11
2.0082088188976379
 21
0.8986505118110236
 31
0
  0
LINE
  5
6C3
330
1A
100
AcDbEntity
  8
BLACK
  6
CONTINUOUS
100
AcDbLine
 10
2.0082088188976379
 20
0.8986505118110236
 30
0
 11
2.0078950787401575
 21
0.9013546456692914
 31
0
  0
LINE
  5
6C4
330
1A
100
AcDbEntity
  8
BLACK
  6
CONTINUOUS
100
AcDbLine
 10
2.0078950787401575
 20
0.9013546456692914
 30
0
 11
2.0078950787401575
 21
0.9387562204724409
 31
0
  0
LINE
  5
6C5
330
1A
100
AcDbEntity
  8
BLACK
  6
CONTINUOUS
100
AcDbLine
 10
2.0078950787401575
 20
0.9387562204724409
 30
0
 11
2.0082088188976379
 21
0.9414603543307086
 31
0
  0
LINE
  5
6C6
330
1A
100
AcDbEntity
  8
BLACK
  6
CONTINUOUS
100
AcDbLine
 10
2.0082088188976379
 20
0.9414603543307086
 30
0
 11
2.0099620472440947
 21
0.945431062992126
 31
0
  0
LINE
  5
6C7
330
1A
100
AcDbEntity
  8
BLACK
  6
CONTINUOUS
100
AcDbLine
 10
2.0099620472440947
 20
0.945431062992126
 30
0
 11
2.0130312598425197
 21
0.9485002755905512
 31
0
  0
LINE
  5
6C8
330
1A
100
AcDbEntity
  8
BLACK
  6
CONTINUOUS
100
AcDbLine
 10
2.0130312598425197
 20
0.9485002755905512
 30
0
 11
2.0170019685039371
 21
0.9502535039370078
 31
0
  0
LINE
  5
6C9
330
1A
100
AcDbEntity
  8
BLACK
  6
CONTINUOUS
100
AcDbLine
 10
2.0170019685039371
 20
0.9502535039370078
 30
0
 11
2.0197061023622047
 21
0.9505672440944881
 31
0
  0
LINE
  5
6CA
330
1A
100
AcDbEntity
  8
BLACK
  6
CONTINUOUS
100
AcDbLine
 10
2.0197061023622047
 20
0.9505672440944881
 30
0
 11
2.0393911417322834
 21
0.9505672440944881
 31
0
  0
LINE
  5
6CB
330
1A
100
AcDbEntity
  8
BLACK
  6
CONTINUOUS
100
AcDbLine
 10
2.0393911417322834
 20
0.9505672440944881
 30
0
 11
2.042095275590551
 21
0.9502535039370078
 31
0
  0
LINE
  5
6CC
330
1A
100
AcDbEntity
  8
BLACK
  6
CONTINUOUS
100
AcDbLine
 10
1.7200834251968504
 20
0.9452079921259843
 30
0
 11
1.7218396456692913
 21
0.9440345275590551
 31
0
  0
LINE
  5
6CD
330
1A
100
AcDbEntity
  8
BLACK
  6
CONTINUOUS
100
AcDbLine
 10
1.7218396456692913
 20
0.9440345275590551
 30
0
 11
1.7230131102362205
 21
0.9422783070866142
 31
0
  0
LINE
  5
6CE
330
1A
100
AcDbEntity
  8
BLACK
  6
CONTINUOUS
100
AcDbLine
 10
1.7230131102362205
 20
0.9422783070866142
 30
0
 11
1.7234251968503937
 21
0.9402066929133858
 31
0
  0
LINE
  5
6CF
330
1A
100
AcDbEntity
  8
BLACK
  6
CONTINUOUS
100
AcDbLine
 10
1.7234251968503937
 20
0.9402066929133858
 30
0
 11
1.7234251968503937
 21
0.8978838582677166
 31
0
  0
LINE
  5
6D0
330
1A
100
AcDbEntity
  8
BLACK
  6
CONTINUOUS
100
AcDbLine
 10
1.7234251968503937
 20
0.8978838582677166
 30
0
 11
1.7230131102362205
 21
0.8958122440944881
 31
0
  0
LINE
  5
6D1
330
1A
100
AcDbEntity
  8
BLACK
  6
CONTINUOUS
100
AcDbLine
 10
1.7230131102362205
 20
0.8958122440944881
 30
0
 11
1.7218396456692913
 21
0.8940560236220472
 31
0
  0
LINE
  5
6D2
330
1A
100
AcDbEntity
  8
BLACK
  6
CONTINUOUS
100
AcDbLine
 10
1.7218396456692913
 20
0.8940560236220472
 30
0
 11
1.7200834251968504
 21
0.892882559055118
 31
0
  0
LINE
  5
6D3
330
1A
100
AcDbEntity
  8
BLACK
  6
CONTINUOUS
100
AcDbLine
 10
1.7200834251968504
 20
0.892882559055118
 30
0
 11
1.718011811023622
 21
0.8924704724409449
 31
0
  0
LINE
  5
6D4
330
1A
100
AcDbEntity
  8
BLACK
  6
CONTINUOUS
100
AcDbLine
 10
1.718011811023622
 20
0.8924704724409449
 30
0
 11
1.7111220472440944
 21
0.8924704724409449
 31
0
  0
LINE
  5
6D5
330
1A
100
AcDbEntity
  8
BLACK
  6
CONTINUOUS
100
AcDbLine
 10
1.7111220472440944
 20
0.8924704724409449
 30
0
 11
1.709050433070866
 21
0.892882559055118
 31
0
  0
LINE
  5
6D6
330
1A
100
AcDbEntity
  8
BLACK
  6
CONTINUOUS
100
AcDbLine
 10
1.709050433070866
 20
0.892882559055118
 30
0
 11
1.7072942125984252
 21
0.8940560236220472
 31
0
  0
LINE
  5
6D7
330
1A
100
AcDbEntity
  8
BLACK
  6
CONTINUOUS
100
AcDbLine
 10
1.7072942125984252
 20
0.8940560236220472
 30
0
 11
1.7061207480314959
 21
0.8958122440944881
 31
0
  0
LINE
  5
6D8
330
1A
100
AcDbEntity
  8
BLACK
  6
CONTINUOUS
100
AcDbLine
 10
1.7061207480314959
 20
0.8958122440944881
 30
0
 11
1.7057086614173227
 21
0.8978838582677166
 31
0
  0
LINE
  5
6D9
330
1A
100
AcDbEntity
  8
BLACK
  6
CONTINUOUS
100
AcDbLine
 10
1.7057086614173227
 20
0.8978838582677166
 30
0
 11
1.7057086614173227
 21
0.9402066929133858
 31
0
  0
LINE
  5
6DA
330
1A
100
AcDbEntity
  8
BLACK
  6
CONTINUOUS
100
AcDbLine
 10
1.7057086614173227
 20
0.9402066929133858
 30
0
 11
1.7061207480314959
 21
0.9422783070866142
 31
0
  0
LINE
  5
6DB
330
1A
100
AcDbEntity
  8
BLACK
  6
CONTINUOUS
100
AcDbLine
 10
1.7061207480314959
 20
0.9422783070866142
 30
0
 11
1.7072942125984252
 21
0.9440345275590551
 31
0
  0
LINE
  5
6DC
330
1A
100
AcDbEntity
  8
BLACK
  6
CONTINUOUS
100
AcDbLine
 10
1.7072942125984252
 20
0.9440345275590551
 30
0
 11
1.709050433070866
 21
0.9452079921259843
 31
0
  0
LINE
  5
6DD
330
1A
100
AcDbEntity
  8
BLACK
  6
CONTINUOUS
100
AcDbLine
 10
1.709050433070866
 20
0.9452079921259843
 30
0
 11
1.7111220472440944
 21
0.9456200787401574
 31
0
  0
LINE
  5
6DE
330
1A
100
AcDbEntity
  8
BLACK
  6
CONTINUOUS
100
AcDbLine
 10
1.7111220472440944
 20
0.9456200787401574
 30
0
 11
1.718011811023622
 21
0.9456200787401574
 31
0
  0
LINE
  5
6DF
330
1A
100
AcDbEntity
  8
BLACK
  6
CONTINUOUS
100
AcDbLine
 10
1.718011811023622
 20
0.9456200787401574
 30
0
 11
1.7200834251968504
 21
0.9452079921259843
 31
0
  0
LINE
  5
6E0
330
1A
100
AcDbEntity
  8
BLACK
  6
CONTINUOUS
100
AcDbLine
 10
1.7397684645669291
 20
0.9452079921259843
 30
0
 11
1.74152468503937
 21
0.9440345275590551
 31
0
  0
LINE
  5
6E1
330
1A
100
AcDbEntity
  8
BLACK
  6
CONTINUOUS
100
AcDbLine
 10
1.74152468503937
 20
0.9440345275590551
 30
0
 11
1.7426981496062992
 21
0.9422783070866142
 31
0
  0
LINE
  5
6E2
330
1A
100
AcDbEntity
  8
BLACK
  6
CONTINUOUS
100
AcDbLine
 10
1.7426981496062992
 20
0.9422783070866142
 30
0
 11
1.7431102362204725
 21
0.9402066929133858
 31
0
  0
LINE
  5
6E3
330
1A
100
AcDbEntity
  8
BLACK
  6
CONTINUOUS
100
AcDbLine
 10
1.7431102362204725
 20
0.9402066929133858
 30
0
 11
1.7431102362204725
 21
0.8978838582677166
 31
0
  0
LINE
  5
6E4
330
1A
100
AcDbEntity
  8
BLACK
  6
CONTINUOUS
100
AcDbLine
 10
1.7431102362204725
 20
0.8978838582677166
 30
0
 11
1.7426981496062992
 21
0.8958122440944881
 31
0
  0
LINE
  5
6E5
330
1A
100
AcDbEntity
  8
BLACK
  6
CONTINUOUS
100
AcDbLine
 10
1.7426981496062992
 20
0.8958122440944881
 30
0
 11
1.74152468503937
 21
0.8940560236220472
 31
0
  0
LINE
  5
6E6
330
1A
100
AcDbEntity
  8
BLACK
  6
CONTINUOUS
100
AcDbLine
 10
1.74152468503937
 20
0.8940560236220472
 30
0
 11
1.7397684645669291
 21
0.892882559055118
 31
0
  0
LINE
  5
6E7
330
1A
100
AcDbEntity
  8
BLACK
  6
CONTINUOUS
100
AcDbLine
 10
1.7397684645669291
 20
0.892882559055118
 30
0
 11
1.7376968503937007
 21
0.8924704724409449
 31
0
  0
LINE
  5
6E8
330
1A
100
AcDbEntity
  8
BLACK
  6
CONTINUOUS
100
AcDbLine
 10
1.7376968503937007
 20
0.8924704724409449
 30
0
 11
1.7308070866141732
 21
0.8924704724409449
 31
0
  0
LINE
  5
6E9
330
1A
100
AcDbEntity
  8
BLACK
  6
CONTINUOUS
100
AcDbLine
 10
1.7308070866141732
 20
0.8924704724409449
 30
0
 11
1.7287354724409449
 21
0.892882559055118
 31
0
  0
LINE
  5
6EA
330
1A
100
AcDbEntity
  8
BLACK
  6
CONTINUOUS
100
AcDbLine
 10
1.7287354724409449
 20
0.892882559055118
 30
0
 11
1.7269792519685039
 21
0.8940560236220472
 31
0
  0
LINE
  5
6EB
330
1A
100
AcDbEntity
  8
BLACK
  6
CONTINUOUS
100
AcDbLine
 10
1.7269792519685039
 20
0.8940560236220472
 30
0
 11
1.7258057874015749
 21
0.8958122440944881
 31
0
  0
LINE
  5
6EC
330
1A
100
AcDbEntity
  8
BLACK
  6
CONTINUOUS
100
AcDbLine
 10
1.7258057874015749
 20
0.8958122440944881
 30
0
 11
1.7253937007874016
 21
0.8978838582677166
 31
0
  0
LINE
  5
6ED
330
1A
100
AcDbEntity
  8
BLACK
  6
CONTINUOUS
100
AcDbLine
 10
1.7253937007874016
 20
0.8978838582677166
 30
0
 11
1.7253937007874016
 21
0.9402066929133858
 31
0
  0
LINE
  5
6EE
330
1A
100
AcDbEntity
  8
BLACK
  6
CONTINUOUS
100
AcDbLine
 10
1.7253937007874016
 20
0.9402066929133858
 30
0
 11
1.7258057874015749
 21
0.9422783070866142
 31
0
  0
LINE
  5
6EF
330
1A
100
AcDbEntity
  8
BLACK
  6
CONTINUOUS
100
AcDbLine
 10
1.7258057874015749
 20
0.9422783070866142
 30
0
 11
1.7269792519685039
 21
0.9440345275590551
 31
0
  0
LINE
  5
6F0
330
1A
100
AcDbEntity
  8
BLACK
  6
CONTINUOUS
100
AcDbLine
 10
1.7269792519685039
 20
0.9440345275590551
 30
0
 11
1.7287354724409449
 21
0.9452079921259843
 31
0
  0
LINE
  5
6F1
330
1A
100
AcDbEntity
  8
BLACK
  6
CONTINUOUS
100
AcDbLine
 10
1.7287354724409449
 20
0.9452079921259843
 30
0
 11
1.7308070866141732
 21
0.9456200787401574
 31
0
  0
LINE
  5
6F2
330
1A
100
AcDbEntity
  8
BLACK
  6
CONTINUOUS
100
AcDbLine
 10
1.7308070866141732
 20
0.9456200787401574
 30
0
 11
1.7376968503937007
 21
0.9456200787401574
 31
0
  0
LINE
  5
6F3
330
1A
100
AcDbEntity
  8
BLACK
  6
CONTINUOUS
100
AcDbLine
 10
1.7376968503937007
 20
0.9456200787401574
 30
0
 11
1.7397684645669291
 21
0.9452079921259843
 31
0
  0
LINE
  5
6F4
330
1A
100
AcDbEntity
  8
BLACK
  6
CONTINUOUS
100
AcDbLine
 10
1.7594535039370078
 20
0.9452079921259843
 30
0
 11
1.7612097244094487
 21
0.9440345275590551
 31
0
  0
LINE
  5
6F5
330
1A
100
AcDbEntity
  8
BLACK
  6
CONTINUOUS
100
AcDbLine
 10
1.7612097244094487
 20
0.9440345275590551
 30
0
 11
1.7623831889763779
 21
0.9422783070866142
 31
0
  0
LINE
  5
6F6
330
1A
100
AcDbEntity
  8
BLACK
  6
CONTINUOUS
100
AcDbLine
 10
1.7623831889763779
 20
0.9422783070866142
 30
0
 11
1.7627952755905512
 21
0.9402066929133858
 31
0
  0
LINE
  5
6F7
330
1A
100
AcDbEntity
  8
BLACK
  6
CONTINUOUS
100
AcDbLine
 10
1.7627952755905512
 20
0.9402066929133858
 30
0
 11
1.7627952755905512
 21
0.8978838582677166
 31
0
  0
LINE
  5
6F8
330
1A
100
AcDbEntity
  8
BLACK
  6
CONTINUOUS
100
AcDbLine
 10
1.7627952755905512
 20
0.8978838582677166
 30
0
 11
1.7623831889763779
 21
0.8958122440944881
 31
0
  0
LINE
  5
6F9
330
1A
100
AcDbEntity
  8
BLACK
  6
CONTINUOUS
100
AcDbLine
 10
1.7623831889763779
 20
0.8958122440944881
 30
0
 11
1.7612097244094487
 21
0.8940560236220472
 31
0
  0
LINE
  5
6FA
330
1A
100
AcDbEntity
  8
BLACK
  6
CONTINUOUS
100
AcDbLine
 10
1.7612097244094487
 20
0.8940560236220472
 30
0
 11
1.7594535039370078
 21
0.892882559055118
 31
0
  0
LINE
  5
6FB
330
1A
100
AcDbEntity
  8
BLACK
  6
CONTINUOUS
100
AcDbLine
 10
1.7594535039370078
 20
0.892882559055118
 30
0
 11
1.7573818897637794
 21
0.8924704724409449
 31
0
  0
LINE
  5
6FC
330
1A
100
AcDbEntity
  8
BLACK
  6
CONTINUOUS
100
AcDbLine
 10
1.7573818897637794
 20
0.8924704724409449
 30
0
 11
1.7504921259842519
 21
0.8924704724409449
 31
0
  0
LINE
  5
6FD
330
1A
100
AcDbEntity
  8
BLACK
  6
CONTINUOUS
100
AcDbLine
 10
1.7504921259842519
 20
0.8924704724409449
 30
0
 11
1.7484205118110236
 21
0.892882559055118
 31
0
  0
LINE
  5
6FE
330
1A
100
AcDbEntity
  8
BLACK
  6
CONTINUOUS
100
AcDbLine
 10
1.7484205118110236
 20
0.892882559055118
 30
0
 11
1.7466642913385826
 21
0.8940560236220472
 31
0
  0
LINE
  5
6FF
330
1A
100
AcDbEntity
  8
BLACK
  6
CONTINUOUS
100
AcDbLine
 10
1.7466642913385826
 20
0.8940560236220472
 30
0
 11
1.7454908267716536
 21
0.8958122440944881
 31
0
  0
LINE
  5
700
330
1A
100
AcDbEntity
  8
BLACK
  6
CONTINUOUS
100
AcDbLine
 10
1.7454908267716536
 20
0.8958122440944881
 30
0
 11
1.7450787401574803
 21
0.8978838582677166
 31
0
  0
LINE
  5
701
330
1A
100
AcDbEntity
  8
BLACK
  6
CONTINUOUS
100
AcDbLine
 10
1.7450787401574803
 20
0.8978838582677166
 30
0
 11
1.7450787401574803
 21
0.9402066929133858
 31
0
  0
LINE
  5
702
330
1A
100
AcDbEntity
  8
BLACK
  6
CONTINUOUS
100
AcDbLine
 10
1.7450787401574803
 20
0.9402066929133858
 30
0
 11
1.7454908267716536
 21
0.9422783070866142
 31
0
  0
LINE
  5
703
330
1A
100
AcDbEntity
  8
BLACK
  6
CONTINUOUS
100
AcDbLine
 10
1.7454908267716536
 20
0.9422783070866142
 30
0
 11
1.7466642913385826
 21
0.9440345275590551
 31
0
  0
LINE
  5
704
330
1A
100
AcDbEntity
  8
BLACK
  6
CONTINUOUS
100
AcDbLine
 10
1.7466642913385826
 20
0.9440345275590551
 30
0
 11
1.7484205118110236
 21
0.9452079921259843
 31
0
  0
LINE
  5
705
330
1A
100
AcDbEntity
  8
BLACK
  6
CONTINUOUS
100
AcDbLine
 10
1.7484205118110236
 20
0.9452079921259843
 30
0
 11
1.7504921259842519
 21
0.9456200787401574
 31
0
  0
LINE
  5
706
330
1A
100
AcDbEntity
  8
BLACK
  6
CONTINUOUS
100
AcDbLine
 10
1.7504921259842519
 20
0.9456200787401574
 30
0
 11
1.7573818897637794
 21
0.9456200787401574
 31
0
  0
LINE
  5
707
330
1A
100
AcDbEntity
  8
BLACK
  6
CONTINUOUS
100
AcDbLine
 10
1.7573818897637794
 20
0.9456200787401574
 30
0
 11
1.7594535039370078
 21
0.9452079921259843
 31
0
  0
LINE
  5
708
330
1A
100
AcDbEntity
  8
BLACK
  6
CONTINUOUS
100
AcDbLine
 10
1.7791385433070865
 20
0.9452079921259843
 30
0
 11
1.7808947637795276
 21
0.9440345275590551
 31
0
  0
LINE
  5
709
330
1A
100
AcDbEntity
  8
BLACK
  6
CONTINUOUS
100
AcDbLine
 10
1.7808947637795276
 20
0.9440345275590551
 30
0
 11
1.7820682283464566
 21
0.9422783070866142
 31
0
  0
LINE
  5
70A
330
1A
100
AcDbEntity
  8
BLACK
  6
CONTINUOUS
100
AcDbLine
 10
1.7820682283464566
 20
0.9422783070866142
 30
0
 11
1.7824803149606299
 21
0.9402066929133858
 31
0
  0
LINE
  5
70B
330
1A
100
AcDbEntity
  8
BLACK
  6
CONTINUOUS
100
AcDbLine
 10
1.7824803149606299
 20
0.9402066929133858
 30
0
 11
1.7824803149606299
 21
0.8978838582677166
 31
0
  0
LINE
  5
70C
330
1A
100
AcDbEntity
  8
BLACK
  6
CONTINUOUS
100
AcDbLine
 10
1.7824803149606299
 20
0.8978838582677166
 30
0
 11
1.7820682283464566
 21
0.8958122440944881
 31
0
  0
LINE
  5
70D
330
1A
100
AcDbEntity
  8
BLACK
  6
CONTINUOUS
100
AcDbLine
 10
1.7820682283464566
 20
0.8958122440944881
 30
0
 11
1.7808947637795276
 21
0.8940560236220472
 31
0
  0
LINE
  5
70E
330
1A
100
AcDbEntity
  8
BLACK
  6
CONTINUOUS
100
AcDbLine
 10
1.7808947637795276
 20
0.8940560236220472
 30
0
 11
1.7791385433070865
 21
0.892882559055118
 31
0
  0
LINE
  5
70F
330
1A
100
AcDbEntity
  8
BLACK
  6
CONTINUOUS
100
AcDbLine
 10
1.7791385433070865
 20
0.892882559055118
 30
0
 11
1.7770669291338583
 21
0.8924704724409449
 31
0
  0
LINE
  5
710
330
1A
100
AcDbEntity
  8
BLACK
  6
CONTINUOUS
100
AcDbLine
 10
1.7770669291338583
 20
0.8924704724409449
 30
0
 11
1.7701771653543306
 21
0.8924704724409449
 31
0
  0
LINE
  5
711
330
1A
100
AcDbEntity
  8
BLACK
  6
CONTINUOUS
100
AcDbLine
 10
1.7701771653543306
 20
0.8924704724409449
 30
0
 11
1.7681055511811024
 21
0.892882559055118
 31
0
  0
LINE
  5
712
330
1A
100
AcDbEntity
  8
BLACK
  6
CONTINUOUS
100
AcDbLine
 10
1.7681055511811024
 20
0.892882559055118
 30
0
 11
1.7663493307086613
 21
0.8940560236220472
 31
0
  0
LINE
  5
713
330
1A
100
AcDbEntity
  8
BLACK
  6
CONTINUOUS
100
AcDbLine
 10
1.7663493307086613
 20
0.8940560236220472
 30
0
 11
1.7651758661417323
 21
0.8958122440944881
 31
0
  0
LINE
  5
714
330
1A
100
AcDbEntity
  8
BLACK
  6
CONTINUOUS
100
AcDbLine
 10
1.7651758661417323
 20
0.8958122440944881
 30
0
 11
1.764763779527559
 21
0.8978838582677166
 31
0
  0
LINE
  5
715
330
1A
100
AcDbEntity
  8
BLACK
  6
CONTINUOUS
100
AcDbLine
 10
1.764763779527559
 20
0.8978838582677166
 30
0
 11
1.764763779527559
 21
0.9402066929133858
 31
0
  0
LINE
  5
716
330
1A
100
AcDbEntity
  8
BLACK
  6
CONTINUOUS
100
AcDbLine
 10
1.764763779527559
 20
0.9402066929133858
 30
0
 11
1.7651758661417323
 21
0.9422783070866142
 31
0
  0
LINE
  5
717
330
1A
100
AcDbEntity
  8
BLACK
  6
CONTINUOUS
100
AcDbLine
 10
1.7651758661417323
 20
0.9422783070866142
 30
0
 11
1.7663493307086613
 21
0.9440345275590551
 31
0
  0
LINE
  5
718
330
1A
100
AcDbEntity
  8
BLACK
  6
CONTINUOUS
100
AcDbLine
 10
1.7663493307086613
 20
0.9440345275590551
 30
0
 11
1.7681055511811024
 21
0.9452079921259843
 31
0
  0
LINE
  5
719
330
1A
100
AcDbEntity
  8
BLACK
  6
CONTINUOUS
100
AcDbLine
 10
1.7681055511811024
 20
0.9452079921259843
 30
0
 11
1.7701771653543306
 21
0.9456200787401574
 31
0
  0
LINE
  5
71A
330
1A
100
AcDbEntity
  8
BLACK
  6
CONTINUOUS
100
AcDbLine
 10
1.7701771653543306
 20
0.9456200787401574
 30
0
 11
1.7770669291338583
 21
0.9456200787401574
 31
0
  0
LINE
  5
71B
330
1A
100
AcDbEntity
  8
BLACK
  6
CONTINUOUS
100
AcDbLine
 10
1.7770669291338583
 20
0.9456200787401574
 30
0
 11
1.7791385433070865
 21
0.9452079921259843
 31
0
  0
LINE
  5
71C
330
1A
100
AcDbEntity
  8
BLACK
  6
CONTINUOUS
100
AcDbLine
 10
2.7236666929133859
 20
0.9617399212598425
 30
0
 11
2.7243053149606298
 21
0.961313188976378
 31
0
  0
LINE
  5
71D
330
1A
100
AcDbEntity
  8
BLACK
  6
CONTINUOUS
100
AcDbLine
 10
2.7243053149606298
 20
0.961313188976378
 30
0
 11
2.7247320472440943
 21
0.9606745669291339
 31
0
  0
LINE
  5
71E
330
1A
100
AcDbEntity
  8
BLACK
  6
CONTINUOUS
100
AcDbLine
 10
2.7247320472440943
 20
0.9606745669291339
 30
0
 11
2.7248818897637794
 21
0.9599212598425196
 31
0
  0
LINE
  5
71F
330
1A
100
AcDbEntity
  8
BLACK
  6
CONTINUOUS
100
AcDbLine
 10
2.7248818897637794
 20
0.9599212598425196
 30
0
 11
2.7248818897637794
 21
0.8999212598425197
 31
0
  0
LINE
  5
720
330
1A
100
AcDbEntity
  8
BLACK
  6
CONTINUOUS
100
AcDbLine
 10
2.7248818897637794
 20
0.8999212598425197
 30
0
 11
2.7247320472440943
 21
0.8991679527559054
 31
0
  0
LINE
  5
721
330
1A
100
AcDbEntity
  8
BLACK
  6
CONTINUOUS
100
AcDbLine
 10
2.7247320472440943
 20
0.8991679527559054
 30
0
 11
2.7243053149606298
 21
0.8985293307086614
 31
0
  0
LINE
  5
722
330
1A
100
AcDbEntity
  8
BLACK
  6
CONTINUOUS
100
AcDbLine
 10
2.7243053149606298
 20
0.8985293307086614
 30
0
 11
2.7236666929133859
 21
0.8981025984251968
 31
0
  0
LINE
  5
723
330
1A
100
AcDbEntity
  8
BLACK
  6
CONTINUOUS
100
AcDbLine
 10
2.7236666929133859
 20
0.8981025984251968
 30
0
 11
2.7229133858267716
 21
0.8979527559055118
 31
0
  0
LINE
  5
724
330
1A
100
AcDbEntity
  8
BLACK
  6
CONTINUOUS
100
AcDbLine
 10
2.7229133858267716
 20
0.8979527559055118
 30
0
 11
2.6629133858267715
 21
0.8979527559055118
 31
0
  0
LINE
  5
725
330
1A
100
AcDbEntity
  8
BLACK
  6
CONTINUOUS
100
AcDbLine
 10
2.6629133858267715
 20
0.8979527559055118
 30
0
 11
2.6621600787401576
 21
0.8981025984251968
 31
0
  0
LINE
  5
726
330
1A
100
AcDbEntity
  8
BLACK
  6
CONTINUOUS
100
AcDbLine
 10
2.6621600787401576
 20
0.8981025984251968
 30
0
 11
2.6615214566929133
 21
0.8985293307086614
 31
0
  0
LINE
  5
727
330
1A
100
AcDbEntity
  8
BLACK
  6
CONTINUOUS
100
AcDbLine
 10
2.6615214566929133
 20
0.8985293307086614
 30
0
 11
2.6610947244094487
 21
0.8991679527559054
 31
0
  0
LINE
  5
728
330
1A
100
AcDbEntity
  8
BLACK
  6
CONTINUOUS
100
AcDbLine
 10
2.6610947244094487
 20
0.8991679527559054
 30
0
 11
2.6609448818897636
 21
0.8999212598425197
 31
0
  0
LINE
  5
729
330
1A
100
AcDbEntity
  8
BLACK
  6
CONTINUOUS
100
AcDbLine
 10
2.6609448818897636
 20
0.8999212598425197
 30
0
 11
2.6609448818897636
 21
0.9599212598425196
 31
0
  0
LINE
  5
72A
330
1A
100
AcDbEntity
  8
BLACK
  6
CONTINUOUS
100
AcDbLine
 10
2.6609448818897636
 20
0.9599212598425196
 30
0
 11
2.6610947244094487
 21
0.9606745669291339
 31
0
  0
LINE
  5
72B
330
1A
100
AcDbEntity
  8
BLACK
  6
CONTINUOUS
100
AcDbLine
 10
2.6610947244094487
 20
0.9606745669291339
 30
0
 11
2.6615214566929133
 21
0.961313188976378
 31
0
  0
LINE
  5
72C
330
1A
100
AcDbEntity
  8
BLACK
  6
CONTINUOUS
100
AcDbLine
 10
2.6615214566929133
 20
0.961313188976378
 30
0
 11
2.6621600787401576
 21
0.9617399212598425
 31
0
  0
LINE
  5
72D
330
1A
100
AcDbEntity
  8
BLACK
  6
CONTINUOUS
100
AcDbLine
 10
2.6621600787401576
 20
0.9617399212598425
 30
0
 11
2.6629133858267715
 21
0.9618897637795275
 31
0
  0
LINE
  5
72E
330
1A
100
AcDbEntity
  8
BLACK
  6
CONTINUOUS
100
AcDbLine
 10
2.6629133858267715
 20
0.9618897637795275
 30
0
 11
2.7229133858267716
 21
0.9618897637795275
 31
0
  0
LINE
  5
72F
330
1A
100
AcDbEntity
  8
BLACK
  6
CONTINUOUS
100
AcDbLine
 10
2.7229133858267716
 20
0.9618897637795275
 30
0
 11
2.7236666929133859
 21
0.9617399212598425
 31
0
  0
LINE
  5
730
330
1A
100
AcDbEntity
  8
BLACK
  6
CONTINUOUS
100
AcDbLine
 10
2.8236666929133856
 20
0.9617399212598425
 30
0
 11
2.8243053149606299
 21
0.961313188976378
 31
0
  0
LINE
  5
731
330
1A
100
AcDbEntity
  8
BLACK
  6
CONTINUOUS
100
AcDbLine
 10
2.8243053149606299
 20
0.961313188976378
 30
0
 11
2.8247320472440944
 21
0.9606745669291339
 31
0
  0
LINE
  5
732
330
1A
100
AcDbEntity
  8
BLACK
  6
CONTINUOUS
100
AcDbLine
 10
2.8247320472440944
 20
0.9606745669291339
 30
0
 11
2.8248818897637795
 21
0.9599212598425196
 31
0
  0
LINE
  5
733
330
1A
100
AcDbEntity
  8
BLACK
  6
CONTINUOUS
100
AcDbLine
 10
2.8248818897637795
 20
0.9599212598425196
 30
0
 11
2.8248818897637795
 21
0.8999212598425197
 31
0
  0
LINE
  5
734
330
1A
100
AcDbEntity
  8
BLACK
  6
CONTINUOUS
100
AcDbLine
 10
2.8248818897637795
 20
0.8999212598425197
 30
0
 11
2.8247320472440944
 21
0.8991679527559054
 31
0
  0
LINE
  5
735
330
1A
100
AcDbEntity
  8
BLACK
  6
CONTINUOUS
100
AcDbLine
 10
2.8247320472440944
 20
0.8991679527559054
 30
0
 11
2.8243053149606299
 21
0.8985293307086614
 31
0
  0
LINE
  5
736
330
1A
100
AcDbEntity
  8
BLACK
  6
CONTINUOUS
100
AcDbLine
 10
2.8243053149606299
 20
0.8985293307086614
 30
0
 11
2.8236666929133856
 21
0.8981025984251968
 31
0
  0
LINE
  5
737
330
1A
100
AcDbEntity
  8
BLACK
  6
CONTINUOUS
100
AcDbLine
 10
2.8236666929133856
 20
0.8981025984251968
 30
0
 11
2.8229133858267716
 21
0.8979527559055118
 31
0
  0
LINE
  5
738
330
1A
100
AcDbEntity
  8
BLACK
  6
CONTINUOUS
100
AcDbLine
 10
2.8229133858267716
 20
0.8979527559055118
 30
0
 11
2.7629133858267716
 21
0.8979527559055118
 31
0
  0
LINE
  5
739
330
1A
100
AcDbEntity
  8
BLACK
  6
CONTINUOUS
100
AcDbLine
 10
2.7629133858267716
 20
0.8979527559055118
 30
0
 11
2.7621600787401572
 21
0.8981025984251968
 31
0
  0
LINE
  5
73A
330
1A
100
AcDbEntity
  8
BLACK
  6
CONTINUOUS
100
AcDbLine
 10
2.7621600787401572
 20
0.8981025984251968
 30
0
 11
2.7615214566929134
 21
0.8985293307086614
 31
0
  0
LINE
  5
73B
330
1A
100
AcDbEntity
  8
BLACK
  6
CONTINUOUS
100
AcDbLine
 10
2.7615214566929134
 20
0.8985293307086614
 30
0
 11
2.7610947244094488
 21
0.8991679527559054
 31
0
  0
LINE
  5
73C
330
1A
100
AcDbEntity
  8
BLACK
  6
CONTINUOUS
100
AcDbLine
 10
2.7610947244094488
 20
0.8991679527559054
 30
0
 11
2.7609448818897637
 21
0.8999212598425197
 31
0
  0
LINE
  5
73D
330
1A
100
AcDbEntity
  8
BLACK
  6
CONTINUOUS
100
AcDbLine
 10
2.7609448818897637
 20
0.8999212598425197
 30
0
 11
2.7609448818897637
 21
0.9599212598425196
 31
0
  0
LINE
  5
73E
330
1A
100
AcDbEntity
  8
BLACK
  6
CONTINUOUS
100
AcDbLine
 10
2.7609448818897637
 20
0.9599212598425196
 30
0
 11
2.7610947244094488
 21
0.9606745669291339
 31
0
  0
LINE
  5
73F
330
1A
100
AcDbEntity
  8
BLACK
  6
CONTINUOUS
100
AcDbLine
 10
2.7610947244094488
 20
0.9606745669291339
 30
0
 11
2.7615214566929134
 21
0.961313188976378
 31
0
  0
LINE
  5
740
330
1A
100
AcDbEntity
  8
BLACK
  6
CONTINUOUS
100
AcDbLine
 10
2.7615214566929134
 20
0.961313188976378
 30
0
 11
2.7621600787401572
 21
0.9617399212598425
 31
0
  0
LINE
  5
741
330
1A
100
AcDbEntity
  8
BLACK
  6
CONTINUOUS
100
AcDbLine
 10
2.7621600787401572
 20
0.9617399212598425
 30
0
 11
2.7629133858267716
 21
0.9618897637795275
 31
0
  0
LINE
  5
742
330
1A
100
AcDbEntity
  8
BLACK
  6
CONTINUOUS
100
AcDbLine
 10
2.7629133858267716
 20
0.9618897637795275
 30
0
 11
2.8229133858267716
 21
0.9618897637795275
 31
0
  0
LINE
  5
743
330
1A
100
AcDbEntity
  8
BLACK
  6
CONTINUOUS
100
AcDbLine
 10
2.8229133858267716
 20
0.9618897637795275
 30
0
 11
2.8236666929133856
 21
0.9617399212598425
 31
0
  0
LINE
  5
744
330
1A
100
AcDbEntity
  8
BLACK
  6
CONTINUOUS
100
AcDbLine
 10
0.6932729921259843
 20
1.0541808661417322
 30
0
 11
0.6939116141732283
 21
1.0537541338582677
 31
0
  0
LINE
  5
745
330
1A
100
AcDbEntity
  8
BLACK
  6
CONTINUOUS
100
AcDbLine
 10
0.6939116141732283
 20
1.0537541338582677
 30
0
 11
0.6943383464566929
 21
1.0531155118110236
 31
0
  0
LINE
  5
746
330
1A
100
AcDbEntity
  8
BLACK
  6
CONTINUOUS
100
AcDbLine
 10
0.6943383464566929
 20
1.0531155118110236
 30
0
 11
0.694488188976378
 21
1.0523622047244094
 31
0
  0
LINE
  5
747
330
1A
100
AcDbEntity
  8
BLACK
  6
CONTINUOUS
100
AcDbLine
 10
0.694488188976378
 20
1.0523622047244094
 30
0
 11
0.694488188976378
 21
0.902755905511811
 31
0
  0
LINE
  5
748
330
1A
100
AcDbEntity
  8
BLACK
  6
CONTINUOUS
100
AcDbLine
 10
0.694488188976378
 20
0.902755905511811
 30
0
 11
0.6943383464566929
 21
0.9020025984251968
 31
0
  0
LINE
  5
749
330
1A
100
AcDbEntity
  8
BLACK
  6
CONTINUOUS
100
AcDbLine
 10
0.6943383464566929
 20
0.9020025984251968
 30
0
 11
0.6939116141732283
 21
0.9013639763779527
 31
0
  0
LINE
  5
74A
330
1A
100
AcDbEntity
  8
BLACK
  6
CONTINUOUS
100
AcDbLine
 10
0.6939116141732283
 20
0.9013639763779527
 30
0
 11
0.6932729921259843
 21
0.9009372440944882
 31
0
  0
LINE
  5
74B
330
1A
100
AcDbEntity
  8
BLACK
  6
CONTINUOUS
100
AcDbLine
 10
0.6932729921259843
 20
0.9009372440944882
 30
0
 11
0.6925196850393701
 21
0.9007874015748031
 31
0
  0
LINE
  5
74C
330
1A
100
AcDbEntity
  8
BLACK
  6
CONTINUOUS
100
AcDbLine
 10
0.6925196850393701
 20
0.9007874015748031
 30
0
 11
0.6531496062992126
 21
0.9007874015748031
 31
0
  0
LINE
  5
74D
330
1A
100
AcDbEntity
  8
BLACK
  6
CONTINUOUS
100
AcDbLine
 10
0.6531496062992126
 20
0.9007874015748031
 30
0
 11
0.6523962992125985
 21
0.9009372440944882
 31
0
  0
LINE
  5
74E
330
1A
100
AcDbEntity
  8
BLACK
  6
CONTINUOUS
100
AcDbLine
 10
0.6523962992125985
 20
0.9009372440944882
 30
0
 11
0.6517576771653543
 21
0.9013639763779527
 31
0
  0
LINE
  5
74F
330
1A
100
AcDbEntity
  8
BLACK
  6
CONTINUOUS
100
AcDbLine
 10
0.6517576771653543
 20
0.9013639763779527
 30
0
 11
0.6513309448818897
 21
0.9020025984251968
 31
0
  0
LINE
  5
750
330
1A
100
AcDbEntity
  8
BLACK
  6
CONTINUOUS
100
AcDbLine
 10
0.6513309448818897
 20
0.9020025984251968
 30
0
 11
0.6511811023622047
 21
0.902755905511811
 31
0
  0
LINE
  5
751
330
1A
100
AcDbEntity
  8
BLACK
  6
CONTINUOUS
100
AcDbLine
 10
0.6511811023622047
 20
0.902755905511811
 30
0
 11
0.6511811023622047
 21
1.0523622047244094
 31
0
  0
LINE
  5
752
330
1A
100
AcDbEntity
  8
BLACK
  6
CONTINUOUS
100
AcDbLine
 10
0.6511811023622047
 20
1.0523622047244094
 30
0
 11
0.6513309448818897
 21
1.0531155118110236
 31
0
  0
LINE
  5
753
330
1A
100
AcDbEntity
  8
BLACK
  6
CONTINUOUS
100
AcDbLine
 10
0.6513309448818897
 20
1.0531155118110236
 30
0
 11
0.6517576771653543
 21
1.0537541338582677
 31
0
  0
LINE
  5
754
330
1A
100
AcDbEntity
  8
BLACK
  6
CONTINUOUS
100
AcDbLine
 10
0.6517576771653543
 20
1.0537541338582677
 30
0
 11
0.6523962992125985
 21
1.0541808661417322
 31
0
  0
LINE
  5
755
330
1A
100
AcDbEntity
  8
BLACK
  6
CONTINUOUS
100
AcDbLine
 10
0.6523962992125985
 20
1.0541808661417322
 30
0
 11
0.6531496062992126
 21
1.0543307086614173
 31
0
  0
LINE
  5
756
330
1A
100
AcDbEntity
  8
BLACK
  6
CONTINUOUS
100
AcDbLine
 10
0.6531496062992126
 20
1.0543307086614173
 30
0
 11
0.6925196850393701
 21
1.0543307086614173
 31
0
  0
LINE
  5
757
330
1A
100
AcDbEntity
  8
BLACK
  6
CONTINUOUS
100
AcDbLine
 10
0.6925196850393701
 20
1.0543307086614173
 30
0
 11
0.6932729921259843
 21
1.0541808661417322
 31
0
  0
LINE
  5
758
330
1A
100
AcDbEntity
  8
BLACK
  6
CONTINUOUS
100
AcDbLine
 10
2.417682440944882
 20
1.0541808661417322
 30
0
 11
2.4183210629921259
 21
1.0537541338582677
 31
0
  0
LINE
  5
759
330
1A
100
AcDbEntity
  8
BLACK
  6
CONTINUOUS
100
AcDbLine
 10
2.4183210629921259
 20
1.0537541338582677
 30
0
 11
2.4187477952755905
 21
1.0531155118110236
 31
0
  0
LINE
  5
75A
330
1A
100
AcDbEntity
  8
BLACK
  6
CONTINUOUS
100
AcDbLine
 10
2.4187477952755905
 20
1.0531155118110236
 30
0
 11
2.4188976377952756
 21
1.0523622047244094
 31
0
  0
LINE
  5
75B
330
1A
100
AcDbEntity
  8
BLACK
  6
CONTINUOUS
100
AcDbLine
 10
2.4188976377952756
 20
1.0523622047244094
 30
0
 11
2.4188976377952756
 21
0.902755905511811
 31
0
  0
LINE
  5
75C
330
1A
100
AcDbEntity
  8
BLACK
  6
CONTINUOUS
100
AcDbLine
 10
2.4188976377952756
 20
0.902755905511811
 30
0
 11
2.4187477952755905
 21
0.9020025984251968
 31
0
  0
LINE
  5
75D
330
1A
100
AcDbEntity
  8
BLACK
  6
CONTINUOUS
100
AcDbLine
 10
2.4187477952755905
 20
0.9020025984251968
 30
0
 11
2.4183210629921259
 21
0.9013639763779527
 31
0
  0
LINE
  5
75E
330
1A
100
AcDbEntity
  8
BLACK
  6
CONTINUOUS
100
AcDbLine
 10
2.4183210629921259
 20
0.9013639763779527
 30
0
 11
2.417682440944882
 21
0.9009372440944882
 31
0
  0
LINE
  5
75F
330
1A
100
AcDbEntity
  8
BLACK
  6
CONTINUOUS
100
AcDbLine
 10
2.417682440944882
 20
0.9009372440944882
 30
0
 11
2.4169291338582677
 21
0.9007874015748031
 31
0
  0
LINE
  5
760
330
1A
100
AcDbEntity
  8
BLACK
  6
CONTINUOUS
100
AcDbLine
 10
2.4169291338582677
 20
0.9007874015748031
 30
0
 11
2.3775590551181103
 21
0.9007874015748031
 31
0
  0
LINE
  5
761
330
1A
100
AcDbEntity
  8
BLACK
  6
CONTINUOUS
100
AcDbLine
 10
2.3775590551181103
 20
0.9007874015748031
 30
0
 11
2.3768057480314959
 21
0.9009372440944882
 31
0
  0
LINE
  5
762
330
1A
100
AcDbEntity
  8
BLACK
  6
CONTINUOUS
100
AcDbLine
 10
2.3768057480314959
 20
0.9009372440944882
 30
0
 11
2.3761671259842521
 21
0.9013639763779527
 31
0
  0
LINE
  5
763
330
1A
100
AcDbEntity
  8
BLACK
  6
CONTINUOUS
100
AcDbLine
 10
2.3761671259842521
 20
0.9013639763779527
 30
0
 11
2.3757403937007875
 21
0.9020025984251968
 31
0
  0
LINE
  5
764
330
1A
100
AcDbEntity
  8
BLACK
  6
CONTINUOUS
100
AcDbLine
 10
2.3757403937007875
 20
0.9020025984251968
 30
0
 11
2.3755905511811024
 21
0.902755905511811
 31
0
  0
LINE
  5
765
330
1A
100
AcDbEntity
  8
BLACK
  6
CONTINUOUS
100
AcDbLine
 10
2.3755905511811024
 20
0.902755905511811
 30
0
 11
2.3755905511811024
 21
1.0523622047244094
 31
0
  0
LINE
  5
766
330
1A
100
AcDbEntity
  8
BLACK
  6
CONTINUOUS
100
AcDbLine
 10
2.3755905511811024
 20
1.0523622047244094
 30
0
 11
2.3757403937007875
 21
1.0531155118110236
 31
0
  0
LINE
  5
767
330
1A
100
AcDbEntity
  8
BLACK
  6
CONTINUOUS
100
AcDbLine
 10
2.3757403937007875
 20
1.0531155118110236
 30
0
 11
2.3761671259842521
 21
1.0537541338582677
 31
0
  0
LINE
  5
768
330
1A
100
AcDbEntity
  8
BLACK
  6
CONTINUOUS
100
AcDbLine
 10
2.3761671259842521
 20
1.0537541338582677
 30
0
 11
2.3768057480314959
 21
1.0541808661417322
 31
0
  0
LINE
  5
769
330
1A
100
AcDbEntity
  8
BLACK
  6
CONTINUOUS
100
AcDbLine
 10
2.3768057480314959
 20
1.0541808661417322
 30
0
 11
2.3775590551181103
 21
1.0543307086614173
 31
0
  0
LINE
  5
76A
330
1A
100
AcDbEntity
  8
BLACK
  6
CONTINUOUS
100
AcDbLine
 10
2.3775590551181103
 20
1.0543307086614173
 30
0
 11
2.4169291338582677
 21
1.0543307086614173
 31
0
  0
LINE
  5
76B
330
1A
100
AcDbEntity
  8
BLACK
  6
CONTINUOUS
100
AcDbLine
 10
2.4169291338582677
 20
1.0543307086614173
 30
0
 11
2.417682440944882
 21
1.0541808661417322
 31
0
  0
LINE
  5
76C
330
1A
100
AcDbEntity
  8
BLACK
  6
CONTINUOUS
100
AcDbLine
 10
1.1384463385826771
 20
0.9892628346456692
 30
0
 11
1.1410008267716536
 21
0.9875559448818897
 31
0
  0
LINE
  5
76D
330
1A
100
AcDbEntity
  8
BLACK
  6
CONTINUOUS
100
AcDbLine
 10
1.1410008267716536
 20
0.9875559448818897
 30
0
 11
1.1427077165354331
 21
0.9850014566929134
 31
0
  0
LINE
  5
76E
330
1A
100
AcDbEntity
  8
BLACK
  6
CONTINUOUS
100
AcDbLine
 10
1.1427077165354331
 20
0.9850014566929134
 30
0
 11
1.1433070866141732
 21
0.981988188976378
 31
0
  0
LINE
  5
76F
330
1A
100
AcDbEntity
  8
BLACK
  6
CONTINUOUS
100
AcDbLine
 10
1.1433070866141732
 20
0.981988188976378
 30
0
 11
1.1433070866141732
 21
0.9357283464566929
 31
0
  0
LINE
  5
770
330
1A
100
AcDbEntity
  8
BLACK
  6
CONTINUOUS
100
AcDbLine
 10
1.1433070866141732
 20
0.9357283464566929
 30
0
 11
1.1427077165354331
 21
0.9327150787401575
 31
0
  0
LINE
  5
771
330
1A
100
AcDbEntity
  8
BLACK
  6
CONTINUOUS
100
AcDbLine
 10
1.1427077165354331
 20
0.9327150787401575
 30
0
 11
1.1410008267716536
 21
0.9301605905511811
 31
0
  0
LINE
  5
772
330
1A
100
AcDbEntity
  8
BLACK
  6
CONTINUOUS
100
AcDbLine
 10
1.1410008267716536
 20
0.9301605905511811
 30
0
 11
1.1384463385826771
 21
0.9284537007874015
 31
0
  0
LINE
  5
773
330
1A
100
AcDbEntity
  8
BLACK
  6
CONTINUOUS
100
AcDbLine
 10
1.1384463385826771
 20
0.9284537007874015
 30
0
 11
1.1354330708661418
 21
0.9278543307086614
 31
0
  0
LINE
  5
774
330
1A
100
AcDbEntity
  8
BLACK
  6
CONTINUOUS
100
AcDbLine
 10
1.1354330708661418
 20
0.9278543307086614
 30
0
 11
1.1236220472440945
 21
0.9278543307086614
 31
0
  0
LINE
  5
775
330
1A
100
AcDbEntity
  8
BLACK
  6
CONTINUOUS
100
AcDbLine
 10
1.1236220472440945
 20
0.9278543307086614
 30
0
 11
1.120608779527559
 21
0.9284537007874015
 31
0
  0
LINE
  5
776
330
1A
100
AcDbEntity
  8
BLACK
  6
CONTINUOUS
100
AcDbLine
 10
1.120608779527559
 20
0.9284537007874015
 30
0
 11
1.1180542913385827
 21
0.9301605905511811
 31
0
  0
LINE
  5
777
330
1A
100
AcDbEntity
  8
BLACK
  6
CONTINUOUS
100
AcDbLine
 10
1.1180542913385827
 20
0.9301605905511811
 30
0
 11
1.1163474015748032
 21
0.9327150787401575
 31
0
  0
LINE
  5
778
330
1A
100
AcDbEntity
  8
BLACK
  6
CONTINUOUS
100
AcDbLine
 10
1.1163474015748032
 20
0.9327150787401575
 30
0
 11
1.1157480314960631
 21
0.9357283464566929
 31
0
  0
LINE
  5
779
330
1A
100
AcDbEntity
  8
BLACK
  6
CONTINUOUS
100
AcDbLine
 10
1.1157480314960631
 20
0.9357283464566929
 30
0
 11
1.1157480314960631
 21
0.981988188976378
 31
0
  0
LINE
  5
77A
330
1A
100
AcDbEntity
  8
BLACK
  6
CONTINUOUS
100
AcDbLine
 10
1.1157480314960631
 20
0.981988188976378
 30
0
 11
1.1163474015748032
 21
0.9850014566929134
 31
0
  0
LINE
  5
77B
330
1A
100
AcDbEntity
  8
BLACK
  6
CONTINUOUS
100
AcDbLine
 10
1.1163474015748032
 20
0.9850014566929134
 30
0
 11
1.1180542913385827
 21
0.9875559448818897
 31
0
  0
LINE
  5
77C
330
1A
100
AcDbEntity
  8
BLACK
  6
CONTINUOUS
100
AcDbLine
 10
1.1180542913385827
 20
0.9875559448818897
 30
0
 11
1.120608779527559
 21
0.9892628346456692
 31
0
  0
LINE
  5
77D
330
1A
100
AcDbEntity
  8
BLACK
  6
CONTINUOUS
100
AcDbLine
 10
1.120608779527559
 20
0.9892628346456692
 30
0
 11
1.1236220472440945
 21
0.9898622047244094
 31
0
  0
LINE
  5
77E
330
1A
100
AcDbEntity
  8
BLACK
  6
CONTINUOUS
100
AcDbLine
 10
1.1236220472440945
 20
0.9898622047244094
 30
0
 11
1.1354330708661418
 21
0.9898622047244094
 31
0
  0
LINE
  5
77F
330
1A
100
AcDbEntity
  8
BLACK
  6
CONTINUOUS
100
AcDbLine
 10
1.1354330708661418
 20
0.9898622047244094
 30
0
 11
1.1384463385826771
 21
0.9892628346456692
 31
0
  0
LINE
  5
780
330
1A
100
AcDbEntity
  8
BLACK
  6
CONTINUOUS
100
AcDbLine
 10
0.8452238188976378
 20
0.9984559448818897
 30
0
 11
0.8491945275590551
 21
0.9967027165354331
 31
0
  0
LINE
  5
781
330
1A
100
AcDbEntity
  8
BLACK
  6
CONTINUOUS
100
AcDbLine
 10
0.8491945275590551
 20
0.9967027165354331
 30
0
 11
0.8522637401574803
 21
0.9936335039370079
 31
0
  0
LINE
  5
782
330
1A
100
AcDbEntity
  8
BLACK
  6
CONTINUOUS
100
AcDbLine
 10
0.8522637401574803
 20
0.9936335039370079
 30
0
 11
0.8540169685039369
 21
0.9896627952755905
 31
0
  0
LINE
  5
783
330
1A
100
AcDbEntity
  8
BLACK
  6
CONTINUOUS
100
AcDbLine
 10
0.8540169685039369
 20
0.9896627952755905
 30
0
 11
0.8543307086614172
 21
0.9869586614173228
 31
0
  0
LINE
  5
784
330
1A
100
AcDbEntity
  8
BLACK
  6
CONTINUOUS
100
AcDbLine
 10
0.8543307086614172
 20
0.9869586614173228
 30
0
 11
0.8543307086614172
 21
0.953494094488189
 31
0
  0
LINE
  5
785
330
1A
100
AcDbEntity
  8
BLACK
  6
CONTINUOUS
100
AcDbLine
 10
0.8543307086614172
 20
0.953494094488189
 30
0
 11
0.8540169685039369
 21
0.9507899606299213
 31
0
  0
LINE
  5
786
330
1A
100
AcDbEntity
  8
BLACK
  6
CONTINUOUS
100
AcDbLine
 10
0.8540169685039369
 20
0.9507899606299213
 30
0
 11
0.8522637401574803
 21
0.9468192519685039
 31
0
  0
LINE
  5
787
330
1A
100
AcDbEntity
  8
BLACK
  6
CONTINUOUS
100
AcDbLine
 10
0.8522637401574803
 20
0.9468192519685039
 30
0
 11
0.8491945275590551
 21
0.9437500393700787
 31
0
  0
LINE
  5
788
330
1A
100
AcDbEntity
  8
BLACK
  6
CONTINUOUS
100
AcDbLine
 10
0.8491945275590551
 20
0.9437500393700787
 30
0
 11
0.8452238188976378
 21
0.941996811023622
 31
0
  0
LINE
  5
789
330
1A
100
AcDbEntity
  8
BLACK
  6
CONTINUOUS
100
AcDbLine
 10
0.8452238188976378
 20
0.941996811023622
 30
0
 11
0.84251968503937
 21
0.9416830708661417
 31
0
  0
LINE
  5
78A
330
1A
100
AcDbEntity
  8
BLACK
  6
CONTINUOUS
100
AcDbLine
 10
0.84251968503937
 20
0.9416830708661417
 30
0
 11
0.8070866141732284
 21
0.9416830708661417
 31
0
  0
LINE
  5
78B
330
1A
100
AcDbEntity
  8
BLACK
  6
CONTINUOUS
100
AcDbLine
 10
0.8070866141732284
 20
0.9416830708661417
 30
0
 11
0.8043824803149606
 21
0.941996811023622
 31
0
  0
LINE
  5
78C
330
1A
100
AcDbEntity
  8
BLACK
  6
CONTINUOUS
100
AcDbLine
 10
0.8043824803149606
 20
0.941996811023622
 30
0
 11
0.8004117716535433
 21
0.9437500393700787
 31
0
  0
LINE
  5
78D
330
1A
100
AcDbEntity
  8
BLACK
  6
CONTINUOUS
100
AcDbLine
 10
0.8004117716535433
 20
0.9437500393700787
 30
0
 11
0.7973425590551181
 21
0.9468192519685039
 31
0
  0
LINE
  5
78E
330
1A
100
AcDbEntity
  8
BLACK
  6
CONTINUOUS
100
AcDbLine
 10
0.7973425590551181
 20
0.9468192519685039
 30
0
 11
0.7955893307086614
 21
0.9507899606299213
 31
0
  0
LINE
  5
78F
330
1A
100
AcDbEntity
  8
BLACK
  6
CONTINUOUS
100
AcDbLine
 10
0.7955893307086614
 20
0.9507899606299213
 30
0
 11
0.7952755905511811
 21
0.953494094488189
 31
0
  0
LINE
  5
790
330
1A
100
AcDbEntity
  8
BLACK
  6
CONTINUOUS
100
AcDbLine
 10
0.7952755905511811
 20
0.953494094488189
 30
0
 11
0.7952755905511811
 21
0.9869586614173228
 31
0
  0
LINE
  5
791
330
1A
100
AcDbEntity
  8
BLACK
  6
CONTINUOUS
100
AcDbLine
 10
0.7952755905511811
 20
0.9869586614173228
 30
0
 11
0.7955893307086614
 21
0.9896627952755905
 31
0
  0
LINE
  5
792
330
1A
100
AcDbEntity
  8
BLACK
  6
CONTINUOUS
100
AcDbLine
 10
0.7955893307086614
 20
0.9896627952755905
 30
0
 11
0.7973425590551181
 21
0.9936335039370079
 31
0
  0
LINE
  5
793
330
1A
100
AcDbEntity
  8
BLACK
  6
CONTINUOUS
100
AcDbLine
 10
0.7973425590551181
 20
0.9936335039370079
 30
0
 11
0.8004117716535433
 21
0.9967027165354331
 31
0
  0
LINE
  5
794
330
1A
100
AcDbEntity
  8
BLACK
  6
CONTINUOUS
100
AcDbLine
 10
0.8004117716535433
 20
0.9967027165354331
 30
0
 11
0.8043824803149606
 21
0.9984559448818897
 31
0
  0
LINE
  5
795
330
1A
100
AcDbEntity
  8
BLACK
  6
CONTINUOUS
100
AcDbLine
 10
0.8043824803149606
 20
0.9984559448818897
 30
0
 11
0.8070866141732284
 21
0.99876968503937
 31
0
  0
LINE
  5
796
330
1A
100
AcDbEntity
  8
BLACK
  6
CONTINUOUS
100
AcDbLine
 10
0.8070866141732284
 20
0.99876968503937
 30
0
 11
0.84251968503937
 21
0.99876968503937
 31
0
  0
LINE
  5
797
330
1A
100
AcDbEntity
  8
BLACK
  6
CONTINUOUS
100
AcDbLine
 10
0.84251968503937
 20
0.99876968503937
 30
0
 11
0.8452238188976378
 21
0.9984559448818897
 31
0
  0
LINE
  5
798
330
1A
100
AcDbEntity
  8
BLACK
  6
CONTINUOUS
100
AcDbLine
 10
0.951523031496063
 20
0.9984559448818897
 30
0
 11
0.9554937401574803
 21
0.9967027165354331
 31
0
  0
LINE
  5
799
330
1A
100
AcDbEntity
  8
BLACK
  6
CONTINUOUS
100
AcDbLine
 10
0.9554937401574803
 20
0.9967027165354331
 30
0
 11
0.9585629527559055
 21
0.9936335039370079
 31
0
  0
LINE
  5
79A
330
1A
100
AcDbEntity
  8
BLACK
  6
CONTINUOUS
100
AcDbLine
 10
0.9585629527559055
 20
0.9936335039370079
 30
0
 11
0.9603161811023622
 21
0.9896627952755905
 31
0
  0
LINE
  5
79B
330
1A
100
AcDbEntity
  8
BLACK
  6
CONTINUOUS
100
AcDbLine
 10
0.9603161811023622
 20
0.9896627952755905
 30
0
 11
0.9606299212598425
 21
0.9869586614173228
 31
0
  0
LINE
  5
79C
330
1A
100
AcDbEntity
  8
BLACK
  6
CONTINUOUS
100
AcDbLine
 10
0.9606299212598425
 20
0.9869586614173228
 30
0
 11
0.9606299212598425
 21
0.953494094488189
 31
0
  0
LINE
  5
79D
330
1A
100
AcDbEntity
  8
BLACK
  6
CONTINUOUS
100
AcDbLine
 10
0.9606299212598425
 20
0.953494094488189
 30
0
 11
0.9603161811023622
 21
0.9507899606299213
 31
0
  0
LINE
  5
79E
330
1A
100
AcDbEntity
  8
BLACK
  6
CONTINUOUS
100
AcDbLine
 10
0.9603161811023622
 20
0.9507899606299213
 30
0
 11
0.9585629527559055
 21
0.9468192519685039
 31
0
  0
LINE
  5
79F
330
1A
100
AcDbEntity
  8
BLACK
  6
CONTINUOUS
100
AcDbLine
 10
0.9585629527559055
 20
0.9468192519685039
 30
0
 11
0.9554937401574803
 21
0.9437500393700787
 31
0
  0
LINE
  5
7A0
330
1A
100
AcDbEntity
  8
BLACK
  6
CONTINUOUS
100
AcDbLine
 10
0.9554937401574803
 20
0.9437500393700787
 30
0
 11
0.951523031496063
 21
0.941996811023622
 31
0
  0
LINE
  5
7A1
330
1A
100
AcDbEntity
  8
BLACK
  6
CONTINUOUS
100
AcDbLine
 10
0.951523031496063
 20
0.941996811023622
 30
0
 11
0.9488188976377953
 21
0.9416830708661417
 31
0
  0
LINE
  5
7A2
330
1A
100
AcDbEntity
  8
BLACK
  6
CONTINUOUS
100
AcDbLine
 10
0.9488188976377953
 20
0.9416830708661417
 30
0
 11
0.9133858267716535
 21
0.9416830708661417
 31
0
  0
LINE
  5
7A3
330
1A
100
AcDbEntity
  8
BLACK
  6
CONTINUOUS
100
AcDbLine
 10
0.9133858267716535
 20
0.9416830708661417
 30
0
 11
0.9106816929133859
 21
0.941996811023622
 31
0
  0
LINE
  5
7A4
330
1A
100
AcDbEntity
  8
BLACK
  6
CONTINUOUS
100
AcDbLine
 10
0.9106816929133859
 20
0.941996811023622
 30
0
 11
0.9067109842519685
 21
0.9437500393700787
 31
0
  0
LINE
  5
7A5
330
1A
100
AcDbEntity
  8
BLACK
  6
CONTINUOUS
100
AcDbLine
 10
0.9067109842519685
 20
0.9437500393700787
 30
0
 11
0.9036417716535433
 21
0.9468192519685039
 31
0
  0
LINE
  5
7A6
330
1A
100
AcDbEntity
  8
BLACK
  6
CONTINUOUS
100
AcDbLine
 10
0.9036417716535433
 20
0.9468192519685039
 30
0
 11
0.9018885433070866
 21
0.9507899606299213
 31
0
  0
LINE
  5
7A7
330
1A
100
AcDbEntity
  8
BLACK
  6
CONTINUOUS
100
AcDbLine
 10
0.9018885433070866
 20
0.9507899606299213
 30
0
 11
0.9015748031496063
 21
0.953494094488189
 31
0
  0
LINE
  5
7A8
330
1A
100
AcDbEntity
  8
BLACK
  6
CONTINUOUS
100
AcDbLine
 10
0.9015748031496063
 20
0.953494094488189
 30
0
 11
0.9015748031496063
 21
0.9869586614173228
 31
0
  0
LINE
  5
7A9
330
1A
100
AcDbEntity
  8
BLACK
  6
CONTINUOUS
100
AcDbLine
 10
0.9015748031496063
 20
0.9869586614173228
 30
0
 11
0.9018885433070866
 21
0.9896627952755905
 31
0
  0
LINE
  5
7AA
330
1A
100
AcDbEntity
  8
BLACK
  6
CONTINUOUS
100
AcDbLine
 10
0.9018885433070866
 20
0.9896627952755905
 30
0
 11
0.9036417716535433
 21
0.9936335039370079
 31
0
  0
LINE
  5
7AB
330
1A
100
AcDbEntity
  8
BLACK
  6
CONTINUOUS
100
AcDbLine
 10
0.9036417716535433
 20
0.9936335039370079
 30
0
 11
0.9067109842519685
 21
0.9967027165354331
 31
0
  0
LINE
  5
7AC
330
1A
100
AcDbEntity
  8
BLACK
  6
CONTINUOUS
100
AcDbLine
 10
0.9067109842519685
 20
0.9967027165354331
 30
0
 11
0.9106816929133859
 21
0.9984559448818897
 31
0
  0
LINE
  5
7AD
330
1A
100
AcDbEntity
  8
BLACK
  6
CONTINUOUS
100
AcDbLine
 10
0.9106816929133859
 20
0.9984559448818897
 30
0
 11
0.9133858267716535
 21
0.99876968503937
 31
0
  0
LINE
  5
7AE
330
1A
100
AcDbEntity
  8
BLACK
  6
CONTINUOUS
100
AcDbLine
 10
0.9133858267716535
 20
0.99876968503937
 30
0
 11
0.9488188976377953
 21
0.99876968503937
 31
0
  0
LINE
  5
7AF
330
1A
100
AcDbEntity
  8
BLACK
  6
CONTINUOUS
100
AcDbLine
 10
0.9488188976377953
 20
0.99876968503937
 30
0
 11
0.951523031496063
 21
0.9984559448818897
 31
0
  0
LINE
  5
7B0
330
1A
100
AcDbEntity
  8
BLACK
  6
CONTINUOUS
100
AcDbLine
 10
1.0402041338582677
 20
0.9865957086614173
 30
0
 11
1.0441748425196851
 21
0.9848424803149606
 31
0
  0
LINE
  5
7B1
330
1A
100
AcDbEntity
  8
BLACK
  6
CONTINUOUS
100
AcDbLine
 10
1.0441748425196851
 20
0.9848424803149606
 30
0
 11
1.0472440551181101
 21
0.9817732677165354
 31
0
  0
LINE
  5
7B2
330
1A
100
AcDbEntity
  8
BLACK
  6
CONTINUOUS
100
AcDbLine
 10
1.0472440551181101
 20
0.9817732677165354
 30
0
 11
1.0489972834645669
 21
0.977802559055118
 31
0
  0
LINE
  5
7B3
330
1A
100
AcDbEntity
  8
BLACK
  6
CONTINUOUS
100
AcDbLine
 10
1.0489972834645669
 20
0.977802559055118
 30
0
 11
1.0493110236220473
 21
0.9750984251968504
 31
0
  0
LINE
  5
7B4
330
1A
100
AcDbEntity
  8
BLACK
  6
CONTINUOUS
100
AcDbLine
 10
1.0493110236220473
 20
0.9750984251968504
 30
0
 11
1.0493110236220473
 21
0.9544291338582677
 31
0
  0
LINE
  5
7B5
330
1A
100
AcDbEntity
  8
BLACK
  6
CONTINUOUS
100
AcDbLine
 10
1.0493110236220473
 20
0.9544291338582677
 30
0
 11
1.0489972834645669
 21
0.9517249999999999
 31
0
  0
LINE
  5
7B6
330
1A
100
AcDbEntity
  8
BLACK
  6
CONTINUOUS
100
AcDbLine
 10
1.0489972834645669
 20
0.9517249999999999
 30
0
 11
1.0472440551181101
 21
0.9477542913385827
 31
0
  0
LINE
  5
7B7
330
1A
100
AcDbEntity
  8
BLACK
  6
CONTINUOUS
100
AcDbLine
 10
1.0472440551181101
 20
0.9477542913385827
 30
0
 11
1.0441748425196851
 21
0.9446850787401575
 31
0
  0
LINE
  5
7B8
330
1A
100
AcDbEntity
  8
BLACK
  6
CONTINUOUS
100
AcDbLine
 10
1.0441748425196851
 20
0.9446850787401575
 30
0
 11
1.0402041338582677
 21
0.9429318503937008
 31
0
  0
LINE
  5
7B9
330
1A
100
AcDbEntity
  8
BLACK
  6
CONTINUOUS
100
AcDbLine
 10
1.0402041338582677
 20
0.9429318503937008
 30
0
 11
1.0374999999999999
 21
0.9426181102362204
 31
0
  0
LINE
  5
7BA
330
1A
100
AcDbEntity
  8
BLACK
  6
CONTINUOUS
100
AcDbLine
 10
1.0374999999999999
 20
0.9426181102362204
 30
0
 11
1.0020669291338582
 21
0.9426181102362204
 31
0
  0
LINE
  5
7BB
330
1A
100
AcDbEntity
  8
BLACK
  6
CONTINUOUS
100
AcDbLine
 10
1.0020669291338582
 20
0.9426181102362204
 30
0
 11
0.9993627952755906
 21
0.9429318503937008
 31
0
  0
LINE
  5
7BC
330
1A
100
AcDbEntity
  8
BLACK
  6
CONTINUOUS
100
AcDbLine
 10
0.9993627952755906
 20
0.9429318503937008
 30
0
 11
0.9953920866141732
 21
0.9446850787401575
 31
0
  0
LINE
  5
7BD
330
1A
100
AcDbEntity
  8
BLACK
  6
CONTINUOUS
100
AcDbLine
 10
0.9953920866141732
 20
0.9446850787401575
 30
0
 11
0.992322874015748
 21
0.9477542913385827
 31
0
  0
LINE
  5
7BE
330
1A
100
AcDbEntity
  8
BLACK
  6
CONTINUOUS
100
AcDbLine
 10
0.992322874015748
 20
0.9477542913385827
 30
0
 11
0.9905696456692913
 21
0.9517249999999999
 31
0
  0
LINE
  5
7BF
330
1A
100
AcDbEntity
  8
BLACK
  6
CONTINUOUS
100
AcDbLine
 10
0.9905696456692913
 20
0.9517249999999999
 30
0
 11
0.990255905511811
 21
0.9544291338582677
 31
0
  0
LINE
  5
7C0
330
1A
100
AcDbEntity
  8
BLACK
  6
CONTINUOUS
100
AcDbLine
 10
0.990255905511811
 20
0.9544291338582677
 30
0
 11
0.990255905511811
 21
0.9750984251968504
 31
0
  0
LINE
  5
7C1
330
1A
100
AcDbEntity
  8
BLACK
  6
CONTINUOUS
100
AcDbLine
 10
0.990255905511811
 20
0.9750984251968504
 30
0
 11
0.9905696456692913
 21
0.977802559055118
 31
0
  0
LINE
  5
7C2
330
1A
100
AcDbEntity
  8
BLACK
  6
CONTINUOUS
100
AcDbLine
 10
0.9905696456692913
 20
0.977802559055118
 30
0
 11
0.992322874015748
 21
0.9817732677165354
 31
0
  0
LINE
  5
7C3
330
1A
100
AcDbEntity
  8
BLACK
  6
CONTINUOUS
100
AcDbLine
 10
0.992322874015748
 20
0.9817732677165354
 30
0
 11
0.9953920866141732
 21
0.9848424803149606
 31
0
  0
LINE
  5
7C4
330
1A
100
AcDbEntity
  8
BLACK
  6
CONTINUOUS
100
AcDbLine
 10
0.9953920866141732
 20
0.9848424803149606
 30
0
 11
0.9993627952755906
 21
0.9865957086614173
 31
0
  0
LINE
  5
7C5
330
1A
100
AcDbEntity
  8
BLACK
  6
CONTINUOUS
100
AcDbLine
 10
0.9993627952755906
 20
0.9865957086614173
 30
0
 11
1.0020669291338582
 21
0.9869094488188976
 31
0
  0
LINE
  5
7C6
330
1A
100
AcDbEntity
  8
BLACK
  6
CONTINUOUS
100
AcDbLine
 10
1.0020669291338582
 20
0.9869094488188976
 30
0
 11
1.0374999999999999
 21
0.9869094488188976
 31
0
  0
LINE
  5
7C7
330
1A
100
AcDbEntity
  8
BLACK
  6
CONTINUOUS
100
AcDbLine
 10
1.0374999999999999
 20
0.9869094488188976
 30
0
 11
1.0402041338582677
 21
0.9865957086614173
 31
0
  0
LINE
  5
7C8
330
1A
100
AcDbEntity
  8
BLACK
  6
CONTINUOUS
100
AcDbLine
 10
1.5843970472440945
 20
0.9856606692913386
 30
0
 11
1.5883677559055118
 21
0.9839074409448819
 31
0
  0
LINE
  5
7C9
330
1A
100
AcDbEntity
  8
BLACK
  6
CONTINUOUS
100
AcDbLine
 10
1.5883677559055118
 20
0.9839074409448819
 30
0
 11
1.5914369685039369
 21
0.9808382283464566
 31
0
  0
LINE
  5
7CA
330
1A
100
AcDbEntity
  8
BLACK
  6
CONTINUOUS
100
AcDbLine
 10
1.5914369685039369
 20
0.9808382283464566
 30
0
 11
1.5931901968503936
 21
0.9768675196850394
 31
0
  0
LINE
  5
7CB
330
1A
100
AcDbEntity
  8
BLACK
  6
CONTINUOUS
100
AcDbLine
 10
1.5931901968503936
 20
0.9768675196850394
 30
0
 11
1.5935039370078741
 21
0.9741633858267716
 31
0
  0
LINE
  5
7CC
330
1A
100
AcDbEntity
  8
BLACK
  6
CONTINUOUS
100
AcDbLine
 10
1.5935039370078741
 20
0.9741633858267716
 30
0
 11
1.5935039370078741
 21
0.9544783464566929
 31
0
  0
LINE
  5
7CD
330
1A
100
AcDbEntity
  8
BLACK
  6
CONTINUOUS
100
AcDbLine
 10
1.5935039370078741
 20
0.9544783464566929
 30
0
 11
1.5931901968503936
 21
0.9517742125984252
 31
0
  0
LINE
  5
7CE
330
1A
100
AcDbEntity
  8
BLACK
  6
CONTINUOUS
100
AcDbLine
 10
1.5931901968503936
 20
0.9517742125984252
 30
0
 11
1.5914369685039369
 21
0.9478035039370079
 31
0
  0
LINE
  5
7CF
330
1A
100
AcDbEntity
  8
BLACK
  6
CONTINUOUS
100
AcDbLine
 10
1.5914369685039369
 20
0.9478035039370079
 30
0
 11
1.5883677559055118
 21
0.9447342913385827
 31
0
  0
LINE
  5
7D0
330
1A
100
AcDbEntity
  8
BLACK
  6
CONTINUOUS
100
AcDbLine
 10
1.5883677559055118
 20
0.9447342913385827
 30
0
 11
1.5843970472440945
 21
0.9429810629921259
 31
0
  0
LINE
  5
7D1
330
1A
100
AcDbEntity
  8
BLACK
  6
CONTINUOUS
100
AcDbLine
 10
1.5843970472440945
 20
0.9429810629921259
 30
0
 11
1.5816929133858266
 21
0.9426673228346456
 31
0
  0
LINE
  5
7D2
330
1A
100
AcDbEntity
  8
BLACK
  6
CONTINUOUS
100
AcDbLine
 10
1.5816929133858266
 20
0.9426673228346456
 30
0
 11
1.5442913385826771
 21
0.9426673228346456
 31
0
  0
LINE
  5
7D3
330
1A
100
AcDbEntity
  8
BLACK
  6
CONTINUOUS
100
AcDbLine
 10
1.5442913385826771
 20
0.9426673228346456
 30
0
 11
1.5415872047244095
 21
0.9429810629921259
 31
0
  0
LINE
  5
7D4
330
1A
100
AcDbEntity
  8
BLACK
  6
CONTINUOUS
100
AcDbLine
 10
1.5415872047244095
 20
0.9429810629921259
 30
0
 11
1.5376164960629921
 21
0.9447342913385827
 31
0
  0
LINE
  5
7D5
330
1A
100
AcDbEntity
  8
BLACK
  6
CONTINUOUS
100
AcDbLine
 10
1.5376164960629921
 20
0.9447342913385827
 30
0
 11
1.5345472834645668
 21
0.9478035039370079
 31
0
  0
LINE
  5
7D6
330
1A
100
AcDbEntity
  8
BLACK
  6
CONTINUOUS
100
AcDbLine
 10
1.5345472834645668
 20
0.9478035039370079
 30
0
 11
1.5327940551181103
 21
0.9517742125984252
 31
0
  0
LINE
  5
7D7
330
1A
100
AcDbEntity
  8
BLACK
  6
CONTINUOUS
100
AcDbLine
 10
1.5327940551181103
 20
0.9517742125984252
 30
0
 11
1.5324803149606299
 21
0.9544783464566929
 31
0
  0
LINE
  5
7D8
330
1A
100
AcDbEntity
  8
BLACK
  6
CONTINUOUS
100
AcDbLine
 10
1.5324803149606299
 20
0.9544783464566929
 30
0
 11
1.5324803149606299
 21
0.9741633858267716
 31
0
  0
LINE
  5
7D9
330
1A
100
AcDbEntity
  8
BLACK
  6
CONTINUOUS
100
AcDbLine
 10
1.5324803149606299
 20
0.9741633858267716
 30
0
 11
1.5327940551181103
 21
0.9768675196850394
 31
0
  0
LINE
  5
7DA
330
1A
100
AcDbEntity
  8
BLACK
  6
CONTINUOUS
100
AcDbLine
 10
1.5327940551181103
 20
0.9768675196850394
 30
0
 11
1.5345472834645668
 21
0.9808382283464566
 31
0
  0
LINE
  5
7DB
330
1A
100
AcDbEntity
  8
BLACK
  6
CONTINUOUS
100
AcDbLine
 10
1.5345472834645668
 20
0.9808382283464566
 30
0
 11
1.5376164960629921
 21
0.9839074409448819
 31
0
  0
LINE
  5
7DC
330
1A
100
AcDbEntity
  8
BLACK
  6
CONTINUOUS
100
AcDbLine
 10
1.5376164960629921
 20
0.9839074409448819
 30
0
 11
1.5415872047244095
 21
0.9856606692913386
 31
0
  0
LINE
  5
7DD
330
1A
100
AcDbEntity
  8
BLACK
  6
CONTINUOUS
100
AcDbLine
 10
1.5415872047244095
 20
0.9856606692913386
 30
0
 11
1.5442913385826771
 21
0.9859744094488189
 31
0
  0
LINE
  5
7DE
330
1A
100
AcDbEntity
  8
BLACK
  6
CONTINUOUS
100
AcDbLine
 10
1.5442913385826771
 20
0.9859744094488189
 30
0
 11
1.5816929133858266
 21
0.9859744094488189
 31
0
  0
LINE
  5
7DF
330
1A
100
AcDbEntity
  8
BLACK
  6
CONTINUOUS
100
AcDbLine
 10
1.5816929133858266
 20
0.9859744094488189
 30
0
 11
1.5843970472440945
 21
0.9856606692913386
 31
0
  0
LINE
  5
7E0
330
1A
100
AcDbEntity
  8
BLACK
  6
CONTINUOUS
100
AcDbLine
 10
1.2627435039370078
 20
0.9981114566929133
 30
0
 11
1.2667142125984252
 21
0.9963582283464567
 31
0
  0
LINE
  5
7E1
330
1A
100
AcDbEntity
  8
BLACK
  6
CONTINUOUS
100
AcDbLine
 10
1.2667142125984252
 20
0.9963582283464567
 30
0
 11
1.2697834251968503
 21
0.9932890157480315
 31
0
  0
LINE
  5
7E2
330
1A
100
AcDbEntity
  8
BLACK
  6
CONTINUOUS
100
AcDbLine
 10
1.2697834251968503
 20
0.9932890157480315
 30
0
 11
1.271536653543307
 21
0.9893183070866142
 31
0
  0
LINE
  5
7E3
330
1A
100
AcDbEntity
  8
BLACK
  6
CONTINUOUS
100
AcDbLine
 10
1.271536653543307
 20
0.9893183070866142
 30
0
 11
1.2718503937007875
 21
0.9866141732283464
 31
0
  0
LINE
  5
7E4
330
1A
100
AcDbEntity
  8
BLACK
  6
CONTINUOUS
100
AcDbLine
 10
1.2718503937007875
 20
0.9866141732283464
 30
0
 11
1.2718503937007875
 21
0.9669291338582677
 31
0
  0
LINE
  5
7E5
330
1A
100
AcDbEntity
  8
BLACK
  6
CONTINUOUS
100
AcDbLine
 10
1.2718503937007875
 20
0.9669291338582677
 30
0
 11
1.271536653543307
 21
0.964225
 31
0
  0
LINE
  5
7E6
330
1A
100
AcDbEntity
  8
BLACK
  6
CONTINUOUS
100
AcDbLine
 10
1.271536653543307
 20
0.964225
 30
0
 11
1.2697834251968503
 21
0.9602542913385826
 31
0
  0
LINE
  5
7E7
330
1A
100
AcDbEntity
  8
BLACK
  6
CONTINUOUS
100
AcDbLine
 10
1.2697834251968503
 20
0.9602542913385826
 30
0
 11
1.2667142125984252
 21
0.9571850787401575
 31
0
  0
LINE
  5
7E8
330
1A
100
AcDbEntity
  8
BLACK
  6
CONTINUOUS
100
AcDbLine
 10
1.2667142125984252
 20
0.9571850787401575
 30
0
 11
1.2627435039370078
 21
0.9554318503937008
 31
0
  0
LINE
  5
7E9
330
1A
100
AcDbEntity
  8
BLACK
  6
CONTINUOUS
100
AcDbLine
 10
1.2627435039370078
 20
0.9554318503937008
 30
0
 11
1.2600393700787402
 21
0.9551181102362204
 31
0
  0
LINE
  5
7EA
330
1A
100
AcDbEntity
  8
BLACK
  6
CONTINUOUS
100
AcDbLine
 10
1.2600393700787402
 20
0.9551181102362204
 30
0
 11
1.2226377952755905
 21
0.9551181102362204
 31
0
  0
LINE
  5
7EB
330
1A
100
AcDbEntity
  8
BLACK
  6
CONTINUOUS
100
AcDbLine
 10
1.2226377952755905
 20
0.9551181102362204
 30
0
 11
1.2199336614173228
 21
0.9554318503937008
 31
0
  0
LINE
  5
7EC
330
1A
100
AcDbEntity
  8
BLACK
  6
CONTINUOUS
100
AcDbLine
 10
1.2199336614173228
 20
0.9554318503937008
 30
0
 11
1.2159629527559055
 21
0.9571850787401575
 31
0
  0
LINE
  5
7ED
330
1A
100
AcDbEntity
  8
BLACK
  6
CONTINUOUS
100
AcDbLine
 10
1.2159629527559055
 20
0.9571850787401575
 30
0
 11
1.2128937401574802
 21
0.9602542913385826
 31
0
  0
LINE
  5
7EE
330
1A
100
AcDbEntity
  8
BLACK
  6
CONTINUOUS
100
AcDbLine
 10
1.2128937401574802
 20
0.9602542913385826
 30
0
 11
1.2111405118110237
 21
0.964225
 31
0
  0
LINE
  5
7EF
330
1A
100
AcDbEntity
  8
BLACK
  6
CONTINUOUS
100
AcDbLine
 10
1.2111405118110237
 20
0.964225
 30
0
 11
1.2108267716535432
 21
0.9669291338582677
 31
0
  0
LINE
  5
7F0
330
1A
100
AcDbEntity
  8
BLACK
  6
CONTINUOUS
100
AcDbLine
 10
1.2108267716535432
 20
0.9669291338582677
 30
0
 11
1.2108267716535432
 21
0.9866141732283464
 31
0
  0
LINE
  5
7F1
330
1A
100
AcDbEntity
  8
BLACK
  6
CONTINUOUS
100
AcDbLine
 10
1.2108267716535432
 20
0.9866141732283464
 30
0
 11
1.2111405118110237
 21
0.9893183070866142
 31
0
  0
LINE
  5
7F2
330
1A
100
AcDbEntity
  8
BLACK
  6
CONTINUOUS
100
AcDbLine
 10
1.2111405118110237
 20
0.9893183070866142
 30
0
 11
1.2128937401574802
 21
0.9932890157480315
 31
0
  0
LINE
  5
7F3
330
1A
100
AcDbEntity
  8
BLACK
  6
CONTINUOUS
100
AcDbLine
 10
1.2128937401574802
 20
0.9932890157480315
 30
0
 11
1.2159629527559055
 21
0.9963582283464567
 31
0
  0
LINE
  5
7F4
330
1A
100
AcDbEntity
  8
BLACK
  6
CONTINUOUS
100
AcDbLine
 10
1.2159629527559055
 20
0.9963582283464567
 30
0
 11
1.2199336614173228
 21
0.9981114566929133
 31
0
  0
LINE
  5
7F5
330
1A
100
AcDbEntity
  8
BLACK
  6
CONTINUOUS
100
AcDbLine
 10
1.2199336614173228
 20
0.9981114566929133
 30
0
 11
1.2226377952755905
 21
0.9984251968503937
 31
0
  0
LINE
  5
7F6
330
1A
100
AcDbEntity
  8
BLACK
  6
CONTINUOUS
100
AcDbLine
 10
1.2226377952755905
 20
0.9984251968503937
 30
0
 11
1.2600393700787402
 21
0.9984251968503937
 31
0
  0
LINE
  5
7F7
330
1A
100
AcDbEntity
  8
BLACK
  6
CONTINUOUS
100
AcDbLine
 10
1.2600393700787402
 20
0.9984251968503937
 30
0
 11
1.2627435039370078
 21
0.9981114566929133
 31
0
  0
LINE
  5
7F8
330
1A
100
AcDbEntity
  8
BLACK
  6
CONTINUOUS
100
AcDbLine
 10
0.4930746456692913
 20
1.0003757086614173
 30
0
 11
0.4965072834645669
 21
0.9980820866141732
 31
0
  0
LINE
  5
7F9
330
1A
100
AcDbEntity
  8
BLACK
  6
CONTINUOUS
100
AcDbLine
 10
0.4965072834645669
 20
0.9980820866141732
 30
0
 11
0.498800905511811
 21
0.9946494488188976
 31
0
  0
LINE
  5
7FA
330
1A
100
AcDbEntity
  8
BLACK
  6
CONTINUOUS
100
AcDbLine
 10
0.498800905511811
 20
0.9946494488188976
 30
0
 11
0.4996062992125984
 21
0.9906003937007873
 31
0
  0
LINE
  5
7FB
330
1A
100
AcDbEntity
  8
BLACK
  6
CONTINUOUS
100
AcDbLine
 10
0.4996062992125984
 20
0.9906003937007873
 30
0
 11
0.4996062992125984
 21
0.9733759842519685
 31
0
  0
LINE
  5
7FC
330
1A
100
AcDbEntity
  8
BLACK
  6
CONTINUOUS
100
AcDbLine
 10
0.4996062992125984
 20
0.9733759842519685
 30
0
 11
0.498800905511811
 21
0.9693269291338582
 31
0
  0
LINE
  5
7FD
330
1A
100
AcDbEntity
  8
BLACK
  6
CONTINUOUS
100
AcDbLine
 10
0.498800905511811
 20
0.9693269291338582
 30
0
 11
0.4965072834645669
 21
0.9658942913385826
 31
0
  0
LINE
  5
7FE
330
1A
100
AcDbEntity
  8
BLACK
  6
CONTINUOUS
100
AcDbLine
 10
0.4965072834645669
 20
0.9658942913385826
 30
0
 11
0.4930746456692913
 21
0.9636006692913386
 31
0
  0
LINE
  5
7FF
330
1A
100
AcDbEntity
  8
BLACK
  6
CONTINUOUS
100
AcDbLine
 10
0.4930746456692913
 20
0.9636006692913386
 30
0
 11
0.4890255905511811
 21
0.9627952755905511
 31
0
  0
LINE
  5
800
330
1A
100
AcDbEntity
  8
BLACK
  6
CONTINUOUS
100
AcDbLine
 10
0.4890255905511811
 20
0.9627952755905511
 30
0
 11
0.459005905511811
 21
0.9627952755905511
 31
0
  0
LINE
  5
801
330
1A
100
AcDbEntity
  8
BLACK
  6
CONTINUOUS
100
AcDbLine
 10
0.459005905511811
 20
0.9627952755905511
 30
0
 11
0.4549568503937008
 21
0.9636006692913386
 31
0
  0
LINE
  5
802
330
1A
100
AcDbEntity
  8
BLACK
  6
CONTINUOUS
100
AcDbLine
 10
0.4549568503937008
 20
0.9636006692913386
 30
0
 11
0.4515242125984252
 21
0.9658942913385826
 31
0
  0
LINE
  5
803
330
1A
100
AcDbEntity
  8
BLACK
  6
CONTINUOUS
100
AcDbLine
 10
0.4515242125984252
 20
0.9658942913385826
 30
0
 11
0.4492305905511811
 21
0.9693269291338582
 31
0
  0
LINE
  5
804
330
1A
100
AcDbEntity
  8
BLACK
  6
CONTINUOUS
100
AcDbLine
 10
0.4492305905511811
 20
0.9693269291338582
 30
0
 11
0.4484251968503937
 21
0.9733759842519685
 31
0
  0
LINE
  5
805
330
1A
100
AcDbEntity
  8
BLACK
  6
CONTINUOUS
100
AcDbLine
 10
0.4484251968503937
 20
0.9733759842519685
 30
0
 11
0.4484251968503937
 21
0.9906003937007873
 31
0
  0
LINE
  5
806
330
1A
100
AcDbEntity
  8
BLACK
  6
CONTINUOUS
100
AcDbLine
 10
0.4484251968503937
 20
0.9906003937007873
 30
0
 11
0.4492305905511811
 21
0.9946494488188976
 31
0
  0
LINE
  5
807
330
1A
100
AcDbEntity
  8
BLACK
  6
CONTINUOUS
100
AcDbLine
 10
0.4492305905511811
 20
0.9946494488188976
 30
0
 11
0.4515242125984252
 21
0.9980820866141732
 31
0
  0
LINE
  5
808
330
1A
100
AcDbEntity
  8
BLACK
  6
CONTINUOUS
100
AcDbLine
 10
0.4515242125984252
 20
0.9980820866141732
 30
0
 11
0.4549568503937008
 21
1.0003757086614173
 31
0
  0
LINE
  5
809
330
1A
100
AcDbEntity
  8
BLACK
  6
CONTINUOUS
100
AcDbLine
 10
0.4549568503937008
 20
1.0003757086614173
 30
0
 11
0.459005905511811
 21
1.0011811023622048
 31
0
  0
LINE
  5
80A
330
1A
100
AcDbEntity
  8
BLACK
  6
CONTINUOUS
100
AcDbLine
 10
0.459005905511811
 20
1.0011811023622048
 30
0
 11
0.4890255905511811
 21
1.0011811023622048
 31
0
  0
LINE
  5
80B
330
1A
100
AcDbEntity
  8
BLACK
  6
CONTINUOUS
100
AcDbLine
 10
0.4890255905511811
 20
1.0011811023622048
 30
0
 11
0.4930746456692913
 21
1.0003757086614173
 31
0
  0
LINE
  5
80C
330
1A
100
AcDbEntity
  8
BLACK
  6
CONTINUOUS
100
AcDbLine
 10
1.4030978346456693
 20
1.0270484645669291
 30
0
 11
1.4070685433070866
 21
1.0252952362204724
 31
0
  0
LINE
  5
80D
330
1A
100
AcDbEntity
  8
BLACK
  6
CONTINUOUS
100
AcDbLine
 10
1.4070685433070866
 20
1.0252952362204724
 30
0
 11
1.4101377559055117
 21
1.0222260236220473
 31
0
  0
LINE
  5
80E
330
1A
100
AcDbEntity
  8
BLACK
  6
CONTINUOUS
100
AcDbLine
 10
1.4101377559055117
 20
1.0222260236220473
 30
0
 11
1.4118909842519685
 21
1.0182553149606299
 31
0
  0
LINE
  5
80F
330
1A
100
AcDbEntity
  8
BLACK
  6
CONTINUOUS
100
AcDbLine
 10
1.4118909842519685
 20
1.0182553149606299
 30
0
 11
1.4122047244094489
 21
1.0155511811023621
 31
0
  0
LINE
  5
810
330
1A
100
AcDbEntity
  8
BLACK
  6
CONTINUOUS
100
AcDbLine
 10
1.4122047244094489
 20
1.0155511811023621
 30
0
 11
1.4122047244094489
 21
0.9781496062992125
 31
0
  0
LINE
  5
811
330
1A
100
AcDbEntity
  8
BLACK
  6
CONTINUOUS
100
AcDbLine
 10
1.4122047244094489
 20
0.9781496062992125
 30
0
 11
1.4118909842519685
 21
0.9754454724409448
 31
0
  0
LINE
  5
812
330
1A
100
AcDbEntity
  8
BLACK
  6
CONTINUOUS
100
AcDbLine
 10
1.4118909842519685
 20
0.9754454724409448
 30
0
 11
1.4101377559055117
 21
0.9714747637795276
 31
0
  0
LINE
  5
813
330
1A
100
AcDbEntity
  8
BLACK
  6
CONTINUOUS
100
AcDbLine
 10
1.4101377559055117
 20
0.9714747637795276
 30
0
 11
1.4070685433070866
 21
0.9684055511811024
 31
0
  0
LINE
  5
814
330
1A
100
AcDbEntity
  8
BLACK
  6
CONTINUOUS
100
AcDbLine
 10
1.4070685433070866
 20
0.9684055511811024
 30
0
 11
1.4030978346456693
 21
0.9666523228346456
 31
0
  0
LINE
  5
815
330
1A
100
AcDbEntity
  8
BLACK
  6
CONTINUOUS
100
AcDbLine
 10
1.4030978346456693
 20
0.9666523228346456
 30
0
 11
1.4003937007874014
 21
0.9663385826771653
 31
0
  0
LINE
  5
816
330
1A
100
AcDbEntity
  8
BLACK
  6
CONTINUOUS
100
AcDbLine
 10
1.4003937007874014
 20
0.9663385826771653
 30
0
 11
1.3807086614173227
 21
0.9663385826771653
 31
0
  0
LINE
  5
817
330
1A
100
AcDbEntity
  8
BLACK
  6
CONTINUOUS
100
AcDbLine
 10
1.3807086614173227
 20
0.9663385826771653
 30
0
 11
1.3780045275590551
 21
0.9666523228346456
 31
0
  0
LINE
  5
818
330
1A
100
AcDbEntity
  8
BLACK
  6
CONTINUOUS
100
AcDbLine
 10
1.3780045275590551
 20
0.9666523228346456
 30
0
 11
1.3740338188976378
 21
0.9684055511811024
 31
0
  0
LINE
  5
819
330
1A
100
AcDbEntity
  8
BLACK
  6
CONTINUOUS
100
AcDbLine
 10
1.3740338188976378
 20
0.9684055511811024
 30
0
 11
1.3709646062992125
 21
0.9714747637795276
 31
0
  0
LINE
  5
81A
330
1A
100
AcDbEntity
  8
BLACK
  6
CONTINUOUS
100
AcDbLine
 10
1.3709646062992125
 20
0.9714747637795276
 30
0
 11
1.3692113779527559
 21
0.9754454724409448
 31
0
  0
LINE
  5
81B
330
1A
100
AcDbEntity
  8
BLACK
  6
CONTINUOUS
100
AcDbLine
 10
1.3692113779527559
 20
0.9754454724409448
 30
0
 11
1.3688976377952755
 21
0.9781496062992125
 31
0
  0
LINE
  5
81C
330
1A
100
AcDbEntity
  8
BLACK
  6
CONTINUOUS
100
AcDbLine
 10
1.3688976377952755
 20
0.9781496062992125
 30
0
 11
1.3688976377952755
 21
1.0155511811023621
 31
0
  0
LINE
  5
81D
330
1A
100
AcDbEntity
  8
BLACK
  6
CONTINUOUS
100
AcDbLine
 10
1.3688976377952755
 20
1.0155511811023621
 30
0
 11
1.3692113779527559
 21
1.0182553149606299
 31
0
  0
LINE
  5
81E
330
1A
100
AcDbEntity
  8
BLACK
  6
CONTINUOUS
100
AcDbLine
 10
1.3692113779527559
 20
1.0182553149606299
 30
0
 11
1.3709646062992125
 21
1.0222260236220473
 31
0
  0
LINE
  5
81F
330
1A
100
AcDbEntity
  8
BLACK
  6
CONTINUOUS
100
AcDbLine
 10
1.3709646062992125
 20
1.0222260236220473
 30
0
 11
1.3740338188976378
 21
1.0252952362204724
 31
0
  0
LINE
  5
820
330
1A
100
AcDbEntity
  8
BLACK
  6
CONTINUOUS
100
AcDbLine
 10
1.3740338188976378
 20
1.0252952362204724
 30
0
 11
1.3780045275590551
 21
1.0270484645669291
 31
0
  0
LINE
  5
821
330
1A
100
AcDbEntity
  8
BLACK
  6
CONTINUOUS
100
AcDbLine
 10
1.3780045275590551
 20
1.0270484645669291
 30
0
 11
1.3807086614173227
 21
1.0273622047244095
 31
0
  0
LINE
  5
822
330
1A
100
AcDbEntity
  8
BLACK
  6
CONTINUOUS
100
AcDbLine
 10
1.3807086614173227
 20
1.0273622047244095
 30
0
 11
1.4003937007874014
 21
1.0273622047244095
 31
0
  0
LINE
  5
823
330
1A
100
AcDbEntity
  8
BLACK
  6
CONTINUOUS
100
AcDbLine
 10
1.4003937007874014
 20
1.0273622047244095
 30
0
 11
1.4030978346456693
 21
1.0270484645669291
 31
0
  0
LINE
  5
824
330
1A
100
AcDbEntity
  8
BLACK
  6
CONTINUOUS
100
AcDbLine
 10
1.4779009842519684
 20
1.0270484645669291
 30
0
 11
1.4818716929133857
 21
1.0252952362204724
 31
0
  0
LINE
  5
825
330
1A
100
AcDbEntity
  8
BLACK
  6
CONTINUOUS
100
AcDbLine
 10
1.4818716929133857
 20
1.0252952362204724
 30
0
 11
1.484940905511811
 21
1.0222260236220473
 31
0
  0
LINE
  5
826
330
1A
100
AcDbEntity
  8
BLACK
  6
CONTINUOUS
100
AcDbLine
 10
1.484940905511811
 20
1.0222260236220473
 30
0
 11
1.4866941338582678
 21
1.0182553149606299
 31
0
  0
LINE
  5
827
330
1A
100
AcDbEntity
  8
BLACK
  6
CONTINUOUS
100
AcDbLine
 10
1.4866941338582678
 20
1.0182553149606299
 30
0
 11
1.487007874015748
 21
1.0155511811023621
 31
0
  0
LINE
  5
828
330
1A
100
AcDbEntity
  8
BLACK
  6
CONTINUOUS
100
AcDbLine
 10
1.487007874015748
 20
1.0155511811023621
 30
0
 11
1.487007874015748
 21
0.9781496062992125
 31
0
  0
LINE
  5
829
330
1A
100
AcDbEntity
  8
BLACK
  6
CONTINUOUS
100
AcDbLine
 10
1.487007874015748
 20
0.9781496062992125
 30
0
 11
1.4866941338582678
 21
0.9754454724409448
 31
0
  0
LINE
  5
82A
330
1A
100
AcDbEntity
  8
BLACK
  6
CONTINUOUS
100
AcDbLine
 10
1.4866941338582678
 20
0.9754454724409448
 30
0
 11
1.484940905511811
 21
0.9714747637795276
 31
0
  0
LINE
  5
82B
330
1A
100
AcDbEntity
  8
BLACK
  6
CONTINUOUS
100
AcDbLine
 10
1.484940905511811
 20
0.9714747637795276
 30
0
 11
1.4818716929133857
 21
0.9684055511811024
 31
0
  0
LINE
  5
82C
330
1A
100
AcDbEntity
  8
BLACK
  6
CONTINUOUS
100
AcDbLine
 10
1.4818716929133857
 20
0.9684055511811024
 30
0
 11
1.4779009842519684
 21
0.9666523228346456
 31
0
  0
LINE
  5
82D
330
1A
100
AcDbEntity
  8
BLACK
  6
CONTINUOUS
100
AcDbLine
 10
1.4779009842519684
 20
0.9666523228346456
 30
0
 11
1.4751968503937007
 21
0.9663385826771653
 31
0
  0
LINE
  5
82E
330
1A
100
AcDbEntity
  8
BLACK
  6
CONTINUOUS
100
AcDbLine
 10
1.4751968503937007
 20
0.9663385826771653
 30
0
 11
1.455511811023622
 21
0.9663385826771653
 31
0
  0
LINE
  5
82F
330
1A
100
AcDbEntity
  8
BLACK
  6
CONTINUOUS
100
AcDbLine
 10
1.455511811023622
 20
0.9663385826771653
 30
0
 11
1.4528076771653542
 21
0.9666523228346456
 31
0
  0
LINE
  5
830
330
1A
100
AcDbEntity
  8
BLACK
  6
CONTINUOUS
100
AcDbLine
 10
1.4528076771653542
 20
0.9666523228346456
 30
0
 11
1.4488369685039371
 21
0.9684055511811024
 31
0
  0
LINE
  5
831
330
1A
100
AcDbEntity
  8
BLACK
  6
CONTINUOUS
100
AcDbLine
 10
1.4488369685039371
 20
0.9684055511811024
 30
0
 11
1.4457677559055118
 21
0.9714747637795276
 31
0
  0
LINE
  5
832
330
1A
100
AcDbEntity
  8
BLACK
  6
CONTINUOUS
100
AcDbLine
 10
1.4457677559055118
 20
0.9714747637795276
 30
0
 11
1.444014527559055
 21
0.9754454724409448
 31
0
  0
LINE
  5
833
330
1A
100
AcDbEntity
  8
BLACK
  6
CONTINUOUS
100
AcDbLine
 10
1.444014527559055
 20
0.9754454724409448
 30
0
 11
1.4437007874015748
 21
0.9781496062992125
 31
0
  0
LINE
  5
834
330
1A
100
AcDbEntity
  8
BLACK
  6
CONTINUOUS
100
AcDbLine
 10
1.4437007874015748
 20
0.9781496062992125
 30
0
 11
1.4437007874015748
 21
1.0155511811023621
 31
0
  0
LINE
  5
835
330
1A
100
AcDbEntity
  8
BLACK
  6
CONTINUOUS
100
AcDbLine
 10
1.4437007874015748
 20
1.0155511811023621
 30
0
 11
1.444014527559055
 21
1.0182553149606299
 31
0
  0
LINE
  5
836
330
1A
100
AcDbEntity
  8
BLACK
  6
CONTINUOUS
100
AcDbLine
 10
1.444014527559055
 20
1.0182553149606299
 30
0
 11
1.4457677559055118
 21
1.0222260236220473
 31
0
  0
LINE
  5
837
330
1A
100
AcDbEntity
  8
BLACK
  6
CONTINUOUS
100
AcDbLine
 10
1.4457677559055118
 20
1.0222260236220473
 30
0
 11
1.4488369685039371
 21
1.0252952362204724
 31
0
  0
LINE
  5
838
330
1A
100
AcDbEntity
  8
BLACK
  6
CONTINUOUS
100
AcDbLine
 10
1.4488369685039371
 20
1.0252952362204724
 30
0
 11
1.4528076771653542
 21
1.0270484645669291
 31
0
  0
LINE
  5
839
330
1A
100
AcDbEntity
  8
BLACK
  6
CONTINUOUS
100
AcDbLine
 10
1.4528076771653542
 20
1.0270484645669291
 30
0
 11
1.455511811023622
 21
1.0273622047244095
 31
0
  0
LINE
  5
83A
330
1A
100
AcDbEntity
  8
BLACK
  6
CONTINUOUS
100
AcDbLine
 10
1.455511811023622
 20
1.0273622047244095
 30
0
 11
1.4751968503937007
 21
1.0273622047244095
 31
0
  0
LINE
  5
83B
330
1A
100
AcDbEntity
  8
BLACK
  6
CONTINUOUS
100
AcDbLine
 10
1.4751968503937007
 20
1.0273622047244095
 30
0
 11
1.4779009842519684
 21
1.0270484645669291
 31
0
  0
LINE
  5
83C
330
1A
100
AcDbEntity
  8
BLACK
  6
CONTINUOUS
100
AcDbLine
 10
2.1050874015748029
 20
1.0289936614173227
 30
0
 11
2.1090581102362203
 21
1.0272404330708662
 31
0
  0
LINE
  5
83D
330
1A
100
AcDbEntity
  8
BLACK
  6
CONTINUOUS
100
AcDbLine
 10
2.1090581102362203
 20
1.0272404330708662
 30
0
 11
2.1121273228346458
 21
1.0241712204724409
 31
0
  0
LINE
  5
83E
330
1A
100
AcDbEntity
  8
BLACK
  6
CONTINUOUS
100
AcDbLine
 10
2.1121273228346458
 20
1.0241712204724409
 30
0
 11
2.1138805511811025
 21
1.0202005118110236
 31
0
  0
LINE
  5
83F
330
1A
100
AcDbEntity
  8
BLACK
  6
CONTINUOUS
100
AcDbLine
 10
2.1138805511811025
 20
1.0202005118110236
 30
0
 11
2.1141942913385825
 21
1.0174963779527559
 31
0
  0
LINE
  5
840
330
1A
100
AcDbEntity
  8
BLACK
  6
CONTINUOUS
100
AcDbLine
 10
2.1141942913385825
 20
1.0174963779527559
 30
0
 11
2.1141942913385825
 21
0.9800948031496063
 31
0
  0
LINE
  5
841
330
1A
100
AcDbEntity
  8
BLACK
  6
CONTINUOUS
100
AcDbLine
 10
2.1141942913385825
 20
0.9800948031496063
 30
0
 11
2.1138805511811025
 21
0.9773906692913386
 31
0
  0
LINE
  5
842
330
1A
100
AcDbEntity
  8
BLACK
  6
CONTINUOUS
100
AcDbLine
 10
2.1138805511811025
 20
0.9773906692913386
 30
0
 11
2.1121273228346458
 21
0.9734199606299212
 31
0
  0
LINE
  5
843
330
1A
100
AcDbEntity
  8
BLACK
  6
CONTINUOUS
100
AcDbLine
 10
2.1121273228346458
 20
0.9734199606299212
 30
0
 11
2.1090581102362203
 21
0.970350748031496
 31
0
  0
LINE
  5
844
330
1A
100
AcDbEntity
  8
BLACK
  6
CONTINUOUS
100
AcDbLine
 10
2.1090581102362203
 20
0.970350748031496
 30
0
 11
2.1050874015748029
 21
0.9685975196850394
 31
0
  0
LINE
  5
845
330
1A
100
AcDbEntity
  8
BLACK
  6
CONTINUOUS
100
AcDbLine
 10
2.1050874015748029
 20
0.9685975196850394
 30
0
 11
2.1023832677165353
 21
0.9682837795275591
 31
0
  0
LINE
  5
846
330
1A
100
AcDbEntity
  8
BLACK
  6
CONTINUOUS
100
AcDbLine
 10
2.1023832677165353
 20
0.9682837795275591
 30
0
 11
2.0826982283464566
 21
0.9682837795275591
 31
0
  0
LINE
  5
847
330
1A
100
AcDbEntity
  8
BLACK
  6
CONTINUOUS
100
AcDbLine
 10
2.0826982283464566
 20
0.9682837795275591
 30
0
 11
2.0799940944881889
 21
0.9685975196850394
 31
0
  0
LINE
  5
848
330
1A
100
AcDbEntity
  8
BLACK
  6
CONTINUOUS
100
AcDbLine
 10
2.0799940944881889
 20
0.9685975196850394
 30
0
 11
2.0760233858267716
 21
0.970350748031496
 31
0
  0
LINE
  5
849
330
1A
100
AcDbEntity
  8
BLACK
  6
CONTINUOUS
100
AcDbLine
 10
2.0760233858267716
 20
0.970350748031496
 30
0
 11
2.0729541732283465
 21
0.9734199606299212
 31
0
  0
LINE
  5
84A
330
1A
100
AcDbEntity
  8
BLACK
  6
CONTINUOUS
100
AcDbLine
 10
2.0729541732283465
 20
0.9734199606299212
 30
0
 11
2.0712009448818898
 21
0.9773906692913386
 31
0
  0
LINE
  5
84B
330
1A
100
AcDbEntity
  8
BLACK
  6
CONTINUOUS
100
AcDbLine
 10
2.0712009448818898
 20
0.9773906692913386
 30
0
 11
2.0708872047244093
 21
0.9800948031496063
 31
0
  0
LINE
  5
84C
330
1A
100
AcDbEntity
  8
BLACK
  6
CONTINUOUS
100
AcDbLine
 10
2.0708872047244093
 20
0.9800948031496063
 30
0
 11
2.0708872047244093
 21
1.0174963779527559
 31
0
  0
LINE
  5
84D
330
1A
100
AcDbEntity
  8
BLACK
  6
CONTINUOUS
100
AcDbLine
 10
2.0708872047244093
 20
1.0174963779527559
 30
0
 11
2.0712009448818898
 21
1.0202005118110236
 31
0
  0
LINE
  5
84E
330
1A
100
AcDbEntity
  8
BLACK
  6
CONTINUOUS
100
AcDbLine
 10
2.0712009448818898
 20
1.0202005118110236
 30
0
 11
2.0729541732283465
 21
1.0241712204724409
 31
0
  0
LINE
  5
84F
330
1A
100
AcDbEntity
  8
BLACK
  6
CONTINUOUS
100
AcDbLine
 10
2.0729541732283465
 20
1.0241712204724409
 30
0
 11
2.0760233858267716
 21
1.0272404330708662
 31
0
  0
LINE
  5
850
330
1A
100
AcDbEntity
  8
BLACK
  6
CONTINUOUS
100
AcDbLine
 10
2.0760233858267716
 20
1.0272404330708662
 30
0
 11
2.0799940944881889
 21
1.0289936614173227
 31
0
  0
LINE
  5
851
330
1A
100
AcDbEntity
  8
BLACK
  6
CONTINUOUS
100
AcDbLine
 10
2.0799940944881889
 20
1.0289936614173227
 30
0
 11
2.0826982283464566
 21
1.0293074015748032
 31
0
  0
LINE
  5
852
330
1A
100
AcDbEntity
  8
BLACK
  6
CONTINUOUS
100
AcDbLine
 10
2.0826982283464566
 20
1.0293074015748032
 30
0
 11
2.1023832677165353
 21
1.0293074015748032
 31
0
  0
LINE
  5
853
330
1A
100
AcDbEntity
  8
BLACK
  6
CONTINUOUS
100
AcDbLine
 10
2.1023832677165353
 20
1.0293074015748032
 30
0
 11
2.1050874015748029
 21
1.0289936614173227
 31
0
  0
LINE
  5
854
330
1A
100
AcDbEntity
  8
BLACK
  6
CONTINUOUS
100
AcDbLine
 10
2.1798905511811024
 20
1.0289936614173227
 30
0
 11
2.1838612598425198
 21
1.0272404330708662
 31
0
  0
LINE
  5
855
330
1A
100
AcDbEntity
  8
BLACK
  6
CONTINUOUS
100
AcDbLine
 10
2.1838612598425198
 20
1.0272404330708662
 30
0
 11
2.1869304724409449
 21
1.0241712204724409
 31
0
  0
LINE
  5
856
330
1A
100
AcDbEntity
  8
BLACK
  6
CONTINUOUS
100
AcDbLine
 10
2.1869304724409449
 20
1.0241712204724409
 30
0
 11
2.1886837007874016
 21
1.0202005118110236
 31
0
  0
LINE
  5
857
330
1A
100
AcDbEntity
  8
BLACK
  6
CONTINUOUS
100
AcDbLine
 10
2.1886837007874016
 20
1.0202005118110236
 30
0
 11
2.188997440944882
 21
1.0174963779527559
 31
0
  0
LINE
  5
858
330
1A
100
AcDbEntity
  8
BLACK
  6
CONTINUOUS
100
AcDbLine
 10
2.188997440944882
 20
1.0174963779527559
 30
0
 11
2.188997440944882
 21
0.9800948031496063
 31
0
  0
LINE
  5
859
330
1A
100
AcDbEntity
  8
BLACK
  6
CONTINUOUS
100
AcDbLine
 10
2.188997440944882
 20
0.9800948031496063
 30
0
 11
2.1886837007874016
 21
0.9773906692913386
 31
0
  0
LINE
  5
85A
330
1A
100
AcDbEntity
  8
BLACK
  6
CONTINUOUS
100
AcDbLine
 10
2.1886837007874016
 20
0.9773906692913386
 30
0
 11
2.1869304724409449
 21
0.9734199606299212
 31
0
  0
LINE
  5
85B
330
1A
100
AcDbEntity
  8
BLACK
  6
CONTINUOUS
100
AcDbLine
 10
2.1869304724409449
 20
0.9734199606299212
 30
0
 11
2.1838612598425198
 21
0.970350748031496
 31
0
  0
LINE
  5
85C
330
1A
100
AcDbEntity
  8
BLACK
  6
CONTINUOUS
100
AcDbLine
 10
2.1838612598425198
 20
0.970350748031496
 30
0
 11
2.1798905511811024
 21
0.9685975196850394
 31
0
  0
LINE
  5
85D
330
1A
100
AcDbEntity
  8
BLACK
  6
CONTINUOUS
100
AcDbLine
 10
2.1798905511811024
 20
0.9685975196850394
 30
0
 11
2.1771864173228348
 21
0.9682837795275591
 31
0
  0
LINE
  5
85E
330
1A
100
AcDbEntity
  8
BLACK
  6
CONTINUOUS
100
AcDbLine
 10
2.1771864173228348
 20
0.9682837795275591
 30
0
 11
2.1575013779527557
 21
0.9682837795275591
 31
0
  0
LINE
  5
85F
330
1A
100
AcDbEntity
  8
BLACK
  6
CONTINUOUS
100
AcDbLine
 10
2.1575013779527557
 20
0.9682837795275591
 30
0
 11
2.154797244094488
 21
0.9685975196850394
 31
0
  0
LINE
  5
860
330
1A
100
AcDbEntity
  8
BLACK
  6
CONTINUOUS
100
AcDbLine
 10
2.154797244094488
 20
0.9685975196850394
 30
0
 11
2.1508265354330707
 21
0.970350748031496
 31
0
  0
LINE
  5
861
330
1A
100
AcDbEntity
  8
BLACK
  6
CONTINUOUS
100
AcDbLine
 10
2.1508265354330707
 20
0.970350748031496
 30
0
 11
2.1477573228346456
 21
0.9734199606299212
 31
0
  0
LINE
  5
862
330
1A
100
AcDbEntity
  8
BLACK
  6
CONTINUOUS
100
AcDbLine
 10
2.1477573228346456
 20
0.9734199606299212
 30
0
 11
2.1460040944881889
 21
0.9773906692913386
 31
0
  0
LINE
  5
863
330
1A
100
AcDbEntity
  8
BLACK
  6
CONTINUOUS
100
AcDbLine
 10
2.1460040944881889
 20
0.9773906692913386
 30
0
 11
2.1456903543307084
 21
0.9800948031496063
 31
0
  0
LINE
  5
864
330
1A
100
AcDbEntity
  8
BLACK
  6
CONTINUOUS
100
AcDbLine
 10
2.1456903543307084
 20
0.9800948031496063
 30
0
 11
2.1456903543307084
 21
1.0174963779527559
 31
0
  0
LINE
  5
865
330
1A
100
AcDbEntity
  8
BLACK
  6
CONTINUOUS
100
AcDbLine
 10
2.1456903543307084
 20
1.0174963779527559
 30
0
 11
2.1460040944881889
 21
1.0202005118110236
 31
0
  0
LINE
  5
866
330
1A
100
AcDbEntity
  8
BLACK
  6
CONTINUOUS
100
AcDbLine
 10
2.1460040944881889
 20
1.0202005118110236
 30
0
 11
2.1477573228346456
 21
1.0241712204724409
 31
0
  0
LINE
  5
867
330
1A
100
AcDbEntity
  8
BLACK
  6
CONTINUOUS
100
AcDbLine
 10
2.1477573228346456
 20
1.0241712204724409
 30
0
 11
2.1508265354330707
 21
1.0272404330708662
 31
0
  0
LINE
  5
868
330
1A
100
AcDbEntity
  8
BLACK
  6
CONTINUOUS
100
AcDbLine
 10
2.1508265354330707
 20
1.0272404330708662
 30
0
 11
2.154797244094488
 21
1.0289936614173227
 31
0
  0
LINE
  5
869
330
1A
100
AcDbEntity
  8
BLACK
  6
CONTINUOUS
100
AcDbLine
 10
2.154797244094488
 20
1.0289936614173227
 30
0
 11
2.1575013779527557
 21
1.0293074015748032
 31
0
  0
LINE
  5
86A
330
1A
100
AcDbEntity
  8
BLACK
  6
CONTINUOUS
100
AcDbLine
 10
2.1575013779527557
 20
1.0293074015748032
 30
0
 11
2.1771864173228348
 21
1.0293074015748032
 31
0
  0
LINE
  5
86B
330
1A
100
AcDbEntity
  8
BLACK
  6
CONTINUOUS
100
AcDbLine
 10
2.1771864173228348
 20
1.0293074015748032
 30
0
 11
2.1798905511811024
 21
1.0289936614173227
 31
0
  0
LINE
  5
86C
330
1A
100
AcDbEntity
  8
BLACK
  6
CONTINUOUS
100
AcDbLine
 10
2.7236666929133859
 20
1.0617399212598424
 30
0
 11
2.7243053149606298
 21
1.0613131889763778
 31
0
  0
LINE
  5
86D
330
1A
100
AcDbEntity
  8
BLACK
  6
CONTINUOUS
100
AcDbLine
 10
2.7243053149606298
 20
1.0613131889763778
 30
0
 11
2.7247320472440943
 21
1.0606745669291338
 31
0
  0
LINE
  5
86E
330
1A
100
AcDbEntity
  8
BLACK
  6
CONTINUOUS
100
AcDbLine
 10
2.7247320472440943
 20
1.0606745669291338
 30
0
 11
2.7248818897637794
 21
1.0599212598425196
 31
0
  0
LINE
  5
86F
330
1A
100
AcDbEntity
  8
BLACK
  6
CONTINUOUS
100
AcDbLine
 10
2.7248818897637794
 20
1.0599212598425196
 30
0
 11
2.7248818897637794
 21
0.9999212598425197
 31
0
  0
LINE
  5
870
330
1A
100
AcDbEntity
  8
BLACK
  6
CONTINUOUS
100
AcDbLine
 10
2.7248818897637794
 20
0.9999212598425197
 30
0
 11
2.7247320472440943
 21
0.9991679527559055
 31
0
  0
LINE
  5
871
330
1A
100
AcDbEntity
  8
BLACK
  6
CONTINUOUS
100
AcDbLine
 10
2.7247320472440943
 20
0.9991679527559055
 30
0
 11
2.7243053149606298
 21
0.9985293307086613
 31
0
  0
LINE
  5
872
330
1A
100
AcDbEntity
  8
BLACK
  6
CONTINUOUS
100
AcDbLine
 10
2.7243053149606298
 20
0.9985293307086613
 30
0
 11
2.7236666929133859
 21
0.9981025984251968
 31
0
  0
LINE
  5
873
330
1A
100
AcDbEntity
  8
BLACK
  6
CONTINUOUS
100
AcDbLine
 10
2.7236666929133859
 20
0.9981025984251968
 30
0
 11
2.7229133858267716
 21
0.9979527559055118
 31
0
  0
LINE
  5
874
330
1A
100
AcDbEntity
  8
BLACK
  6
CONTINUOUS
100
AcDbLine
 10
2.7229133858267716
 20
0.9979527559055118
 30
0
 11
2.6629133858267715
 21
0.9979527559055118
 31
0
  0
LINE
  5
875
330
1A
100
AcDbEntity
  8
BLACK
  6
CONTINUOUS
100
AcDbLine
 10
2.6629133858267715
 20
0.9979527559055118
 30
0
 11
2.6621600787401576
 21
0.9981025984251968
 31
0
  0
LINE
  5
876
330
1A
100
AcDbEntity
  8
BLACK
  6
CONTINUOUS
100
AcDbLine
 10
2.6621600787401576
 20
0.9981025984251968
 30
0
 11
2.6615214566929133
 21
0.9985293307086613
 31
0
  0
LINE
  5
877
330
1A
100
AcDbEntity
  8
BLACK
  6
CONTINUOUS
100
AcDbLine
 10
2.6615214566929133
 20
0.9985293307086613
 30
0
 11
2.6610947244094487
 21
0.9991679527559055
 31
0
  0
LINE
  5
878
330
1A
100
AcDbEntity
  8
BLACK
  6
CONTINUOUS
100
AcDbLine
 10
2.6610947244094487
 20
0.9991679527559055
 30
0
 11
2.6609448818897636
 21
0.9999212598425197
 31
0
  0
LINE
  5
879
330
1A
100
AcDbEntity
  8
BLACK
  6
CONTINUOUS
100
AcDbLine
 10
2.6609448818897636
 20
0.9999212598425197
 30
0
 11
2.6609448818897636
 21
1.0599212598425196
 31
0
  0
LINE
  5
87A
330
1A
100
AcDbEntity
  8
BLACK
  6
CONTINUOUS
100
AcDbLine
 10
2.6609448818897636
 20
1.0599212598425196
 30
0
 11
2.6610947244094487
 21
1.0606745669291338
 31
0
  0
LINE
  5
87B
330
1A
100
AcDbEntity
  8
BLACK
  6
CONTINUOUS
100
AcDbLine
 10
2.6610947244094487
 20
1.0606745669291338
 30
0
 11
2.6615214566929133
 21
1.0613131889763778
 31
0
  0
LINE
  5
87C
330
1A
100
AcDbEntity
  8
BLACK
  6
CONTINUOUS
100
AcDbLine
 10
2.6615214566929133
 20
1.0613131889763778
 30
0
 11
2.6621600787401576
 21
1.0617399212598424
 31
0
  0
LINE
  5
87D
330
1A
100
AcDbEntity
  8
BLACK
  6
CONTINUOUS
100
AcDbLine
 10
2.6621600787401576
 20
1.0617399212598424
 30
0
 11
2.6629133858267715
 21
1.0618897637795275
 31
0
  0
LINE
  5
87E
330
1A
100
AcDbEntity
  8
BLACK
  6
CONTINUOUS
100
AcDbLine
 10
2.6629133858267715
 20
1.0618897637795275
 30
0
 11
2.7229133858267716
 21
1.0618897637795275
 31
0
  0
LINE
  5
87F
330
1A
100
AcDbEntity
  8
BLACK
  6
CONTINUOUS
100
AcDbLine
 10
2.7229133858267716
 20
1.0618897637795275
 30
0
 11
2.7236666929133859
 21
1.0617399212598424
 31
0
  0
LINE
  5
880
330
1A
100
AcDbEntity
  8
BLACK
  6
CONTINUOUS
100
AcDbLine
 10
2.8236666929133856
 20
1.0617399212598424
 30
0
 11
2.8243053149606299
 21
1.0613131889763778
 31
0
  0
LINE
  5
881
330
1A
100
AcDbEntity
  8
BLACK
  6
CONTINUOUS
100
AcDbLine
 10
2.8243053149606299
 20
1.0613131889763778
 30
0
 11
2.8247320472440944
 21
1.0606745669291338
 31
0
  0
LINE
  5
882
330
1A
100
AcDbEntity
  8
BLACK
  6
CONTINUOUS
100
AcDbLine
 10
2.8247320472440944
 20
1.0606745669291338
 30
0
 11
2.8248818897637795
 21
1.0599212598425196
 31
0
  0
LINE
  5
883
330
1A
100
AcDbEntity
  8
BLACK
  6
CONTINUOUS
100
AcDbLine
 10
2.8248818897637795
 20
1.0599212598425196
 30
0
 11
2.8248818897637795
 21
0.9999212598425197
 31
0
  0
LINE
  5
884
330
1A
100
AcDbEntity
  8
BLACK
  6
CONTINUOUS
100
AcDbLine
 10
2.8248818897637795
 20
0.9999212598425197
 30
0
 11
2.8247320472440944
 21
0.9991679527559055
 31
0
  0
LINE
  5
885
330
1A
100
AcDbEntity
  8
BLACK
  6
CONTINUOUS
100
AcDbLine
 10
2.8247320472440944
 20
0.9991679527559055
 30
0
 11
2.8243053149606299
 21
0.9985293307086613
 31
0
  0
LINE
  5
886
330
1A
100
AcDbEntity
  8
BLACK
  6
CONTINUOUS
100
AcDbLine
 10
2.8243053149606299
 20
0.9985293307086613
 30
0
 11
2.8236666929133856
 21
0.9981025984251968
 31
0
  0
LINE
  5
887
330
1A
100
AcDbEntity
  8
BLACK
  6
CONTINUOUS
100
AcDbLine
 10
2.8236666929133856
 20
0.9981025984251968
 30
0
 11
2.8229133858267716
 21
0.9979527559055118
 31
0
  0
LINE
  5
888
330
1A
100
AcDbEntity
  8
BLACK
  6
CONTINUOUS
100
AcDbLine
 10
2.8229133858267716
 20
0.9979527559055118
 30
0
 11
2.7629133858267716
 21
0.9979527559055118
 31
0
  0
LINE
  5
889
330
1A
100
AcDbEntity
  8
BLACK
  6
CONTINUOUS
100
AcDbLine
 10
2.7629133858267716
 20
0.9979527559055118
 30
0
 11
2.7621600787401572
 21
0.9981025984251968
 31
0
  0
LINE
  5
88A
330
1A
100
AcDbEntity
  8
BLACK
  6
CONTINUOUS
100
AcDbLine
 10
2.7621600787401572
 20
0.9981025984251968
 30
0
 11
2.7615214566929134
 21
0.9985293307086613
 31
0
  0
LINE
  5
88B
330
1A
100
AcDbEntity
  8
BLACK
  6
CONTINUOUS
100
AcDbLine
 10
2.7615214566929134
 20
0.9985293307086613
 30
0
 11
2.7610947244094488
 21
0.9991679527559055
 31
0
  0
LINE
  5
88C
330
1A
100
AcDbEntity
  8
BLACK
  6
CONTINUOUS
100
AcDbLine
 10
2.7610947244094488
 20
0.9991679527559055
 30
0
 11
2.7609448818897637
 21
0.9999212598425197
 31
0
  0
LINE
  5
88D
330
1A
100
AcDbEntity
  8
BLACK
  6
CONTINUOUS
100
AcDbLine
 10
2.7609448818897637
 20
0.9999212598425197
 30
0
 11
2.7609448818897637
 21
1.0599212598425196
 31
0
  0
LINE
  5
88E
330
1A
100
AcDbEntity
  8
BLACK
  6
CONTINUOUS
100
AcDbLine
 10
2.7609448818897637
 20
1.0599212598425196
 30
0
 11
2.7610947244094488
 21
1.0606745669291338
 31
0
  0
LINE
  5
88F
330
1A
100
AcDbEntity
  8
BLACK
  6
CONTINUOUS
100
AcDbLine
 10
2.7610947244094488
 20
1.0606745669291338
 30
0
 11
2.7615214566929134
 21
1.0613131889763778
 31
0
  0
LINE
  5
890
330
1A
100
AcDbEntity
  8
BLACK
  6
CONTINUOUS
100
AcDbLine
 10
2.7615214566929134
 20
1.0613131889763778
 30
0
 11
2.7621600787401572
 21
1.0617399212598424
 31
0
  0
LINE
  5
891
330
1A
100
AcDbEntity
  8
BLACK
  6
CONTINUOUS
100
AcDbLine
 10
2.7621600787401572
 20
1.0617399212598424
 30
0
 11
2.7629133858267716
 21
1.0618897637795275
 31
0
  0
LINE
  5
892
330
1A
100
AcDbEntity
  8
BLACK
  6
CONTINUOUS
100
AcDbLine
 10
2.7629133858267716
 20
1.0618897637795275
 30
0
 11
2.8229133858267716
 21
1.0618897637795275
 31
0
  0
LINE
  5
893
330
1A
100
AcDbEntity
  8
BLACK
  6
CONTINUOUS
100
AcDbLine
 10
2.8229133858267716
 20
1.0618897637795275
 30
0
 11
2.8236666929133856
 21
1.0617399212598424
 31
0
  0
LINE
  5
894
330
1A
100
AcDbEntity
  8
BLACK
  6
CONTINUOUS
100
AcDbLine
 10
1.7200834251968504
 20
1.0554442125984251
 30
0
 11
1.7218396456692913
 21
1.0542707480314961
 31
0
  0
LINE
  5
895
330
1A
100
AcDbEntity
  8
BLACK
  6
CONTINUOUS
100
AcDbLine
 10
1.7218396456692913
 20
1.0542707480314961
 30
0
 11
1.7230131102362205
 21
1.0525145275590551
 31
0
  0
LINE
  5
896
330
1A
100
AcDbEntity
  8
BLACK
  6
CONTINUOUS
100
AcDbLine
 10
1.7230131102362205
 20
1.0525145275590551
 30
0
 11
1.7234251968503937
 21
1.0504429133858268
 31
0
  0
LINE
  5
897
330
1A
100
AcDbEntity
  8
BLACK
  6
CONTINUOUS
100
AcDbLine
 10
1.7234251968503937
 20
1.0504429133858268
 30
0
 11
1.7234251968503937
 21
1.0081200787401574
 31
0
  0
LINE
  5
898
330
1A
100
AcDbEntity
  8
BLACK
  6
CONTINUOUS
100
AcDbLine
 10
1.7234251968503937
 20
1.0081200787401574
 30
0
 11
1.7230131102362205
 21
1.0060484645669292
 31
0
  0
LINE
  5
899
330
1A
100
AcDbEntity
  8
BLACK
  6
CONTINUOUS
100
AcDbLine
 10
1.7230131102362205
 20
1.0060484645669292
 30
0
 11
1.7218396456692913
 21
1.0042922440944881
 31
0
  0
LINE
  5
89A
330
1A
100
AcDbEntity
  8
BLACK
  6
CONTINUOUS
100
AcDbLine
 10
1.7218396456692913
 20
1.0042922440944881
 30
0
 11
1.7200834251968504
 21
1.0031187795275591
 31
0
  0
LINE
  5
89B
330
1A
100
AcDbEntity
  8
BLACK
  6
CONTINUOUS
100
AcDbLine
 10
1.7200834251968504
 20
1.0031187795275591
 30
0
 11
1.718011811023622
 21
1.0027066929133859
 31
0
  0
LINE
  5
89C
330
1A
100
AcDbEntity
  8
BLACK
  6
CONTINUOUS
100
AcDbLine
 10
1.718011811023622
 20
1.0027066929133859
 30
0
 11
1.7111220472440944
 21
1.0027066929133859
 31
0
  0
LINE
  5
89D
330
1A
100
AcDbEntity
  8
BLACK
  6
CONTINUOUS
100
AcDbLine
 10
1.7111220472440944
 20
1.0027066929133859
 30
0
 11
1.709050433070866
 21
1.0031187795275591
 31
0
  0
LINE
  5
89E
330
1A
100
AcDbEntity
  8
BLACK
  6
CONTINUOUS
100
AcDbLine
 10
1.709050433070866
 20
1.0031187795275591
 30
0
 11
1.7072942125984252
 21
1.0042922440944881
 31
0
  0
LINE
  5
89F
330
1A
100
AcDbEntity
  8
BLACK
  6
CONTINUOUS
100
AcDbLine
 10
1.7072942125984252
 20
1.0042922440944881
 30
0
 11
1.7061207480314959
 21
1.0060484645669292
 31
0
  0
LINE
  5
8A0
330
1A
100
AcDbEntity
  8
BLACK
  6
CONTINUOUS
100
AcDbLine
 10
1.7061207480314959
 20
1.0060484645669292
 30
0
 11
1.7057086614173227
 21
1.0081200787401574
 31
0
  0
LINE
  5
8A1
330
1A
100
AcDbEntity
  8
BLACK
  6
CONTINUOUS
100
AcDbLine
 10
1.7057086614173227
 20
1.0081200787401574
 30
0
 11
1.7057086614173227
 21
1.0504429133858268
 31
0
  0
LINE
  5
8A2
330
1A
100
AcDbEntity
  8
BLACK
  6
CONTINUOUS
100
AcDbLine
 10
1.7057086614173227
 20
1.0504429133858268
 30
0
 11
1.7061207480314959
 21
1.0525145275590551
 31
0
  0
LINE
  5
8A3
330
1A
100
AcDbEntity
  8
BLACK
  6
CONTINUOUS
100
AcDbLine
 10
1.7061207480314959
 20
1.0525145275590551
 30
0
 11
1.7072942125984252
 21
1.0542707480314961
 31
0
  0
LINE
  5
8A4
330
1A
100
AcDbEntity
  8
BLACK
  6
CONTINUOUS
100
AcDbLine
 10
1.7072942125984252
 20
1.0542707480314961
 30
0
 11
1.709050433070866
 21
1.0554442125984251
 31
0
  0
LINE
  5
8A5
330
1A
100
AcDbEntity
  8
BLACK
  6
CONTINUOUS
100
AcDbLine
 10
1.709050433070866
 20
1.0554442125984251
 30
0
 11
1.7111220472440944
 21
1.0558562992125984
 31
0
  0
LINE
  5
8A6
330
1A
100
AcDbEntity
  8
BLACK
  6
CONTINUOUS
100
AcDbLine
 10
1.7111220472440944
 20
1.0558562992125984
 30
0
 11
1.718011811023622
 21
1.0558562992125984
 31
0
  0
LINE
  5
8A7
330
1A
100
AcDbEntity
  8
BLACK
  6
CONTINUOUS
100
AcDbLine
 10
1.718011811023622
 20
1.0558562992125984
 30
0
 11
1.7200834251968504
 21
1.0554442125984251
 31
0
  0
LINE
  5
8A8
330
1A
100
AcDbEntity
  8
BLACK
  6
CONTINUOUS
100
AcDbLine
 10
1.7397684645669291
 20
1.0554442125984251
 30
0
 11
1.74152468503937
 21
1.0542707480314961
 31
0
  0
LINE
  5
8A9
330
1A
100
AcDbEntity
  8
BLACK
  6
CONTINUOUS
100
AcDbLine
 10
1.74152468503937
 20
1.0542707480314961
 30
0
 11
1.7426981496062992
 21
1.0525145275590551
 31
0
  0
LINE
  5
8AA
330
1A
100
AcDbEntity
  8
BLACK
  6
CONTINUOUS
100
AcDbLine
 10
1.7426981496062992
 20
1.0525145275590551
 30
0
 11
1.7431102362204725
 21
1.0504429133858268
 31
0
  0
LINE
  5
8AB
330
1A
100
AcDbEntity
  8
BLACK
  6
CONTINUOUS
100
AcDbLine
 10
1.7431102362204725
 20
1.0504429133858268
 30
0
 11
1.7431102362204725
 21
1.0081200787401574
 31
0
  0
LINE
  5
8AC
330
1A
100
AcDbEntity
  8
BLACK
  6
CONTINUOUS
100
AcDbLine
 10
1.7431102362204725
 20
1.0081200787401574
 30
0
 11
1.7426981496062992
 21
1.0060484645669292
 31
0
  0
LINE
  5
8AD
330
1A
100
AcDbEntity
  8
BLACK
  6
CONTINUOUS
100
AcDbLine
 10
1.7426981496062992
 20
1.0060484645669292
 30
0
 11
1.74152468503937
 21
1.0042922440944881
 31
0
  0
LINE
  5
8AE
330
1A
100
AcDbEntity
  8
BLACK
  6
CONTINUOUS
100
AcDbLine
 10
1.74152468503937
 20
1.0042922440944881
 30
0
 11
1.7397684645669291
 21
1.0031187795275591
 31
0
  0
LINE
  5
8AF
330
1A
100
AcDbEntity
  8
BLACK
  6
CONTINUOUS
100
AcDbLine
 10
1.7397684645669291
 20
1.0031187795275591
 30
0
 11
1.7376968503937007
 21
1.0027066929133859
 31
0
  0
LINE
  5
8B0
330
1A
100
AcDbEntity
  8
BLACK
  6
CONTINUOUS
100
AcDbLine
 10
1.7376968503937007
 20
1.0027066929133859
 30
0
 11
1.7308070866141732
 21
1.0027066929133859
 31
0
  0
LINE
  5
8B1
330
1A
100
AcDbEntity
  8
BLACK
  6
CONTINUOUS
100
AcDbLine
 10
1.7308070866141732
 20
1.0027066929133859
 30
0
 11
1.7287354724409449
 21
1.0031187795275591
 31
0
  0
LINE
  5
8B2
330
1A
100
AcDbEntity
  8
BLACK
  6
CONTINUOUS
100
AcDbLine
 10
1.7287354724409449
 20
1.0031187795275591
 30
0
 11
1.7269792519685039
 21
1.0042922440944881
 31
0
  0
LINE
  5
8B3
330
1A
100
AcDbEntity
  8
BLACK
  6
CONTINUOUS
100
AcDbLine
 10
1.7269792519685039
 20
1.0042922440944881
 30
0
 11
1.7258057874015749
 21
1.0060484645669292
 31
0
  0
LINE
  5
8B4
330
1A
100
AcDbEntity
  8
BLACK
  6
CONTINUOUS
100
AcDbLine
 10
1.7258057874015749
 20
1.0060484645669292
 30
0
 11
1.7253937007874016
 21
1.0081200787401574
 31
0
  0
LINE
  5
8B5
330
1A
100
AcDbEntity
  8
BLACK
  6
CONTINUOUS
100
AcDbLine
 10
1.7253937007874016
 20
1.0081200787401574
 30
0
 11
1.7253937007874016
 21
1.0504429133858268
 31
0
  0
LINE
  5
8B6
330
1A
100
AcDbEntity
  8
BLACK
  6
CONTINUOUS
100
AcDbLine
 10
1.7253937007874016
 20
1.0504429133858268
 30
0
 11
1.7258057874015749
 21
1.0525145275590551
 31
0
  0
LINE
  5
8B7
330
1A
100
AcDbEntity
  8
BLACK
  6
CONTINUOUS
100
AcDbLine
 10
1.7258057874015749
 20
1.0525145275590551
 30
0
 11
1.7269792519685039
 21
1.0542707480314961
 31
0
  0
LINE
  5
8B8
330
1A
100
AcDbEntity
  8
BLACK
  6
CONTINUOUS
100
AcDbLine
 10
1.7269792519685039
 20
1.0542707480314961
 30
0
 11
1.7287354724409449
 21
1.0554442125984251
 31
0
  0
LINE
  5
8B9
330
1A
100
AcDbEntity
  8
BLACK
  6
CONTINUOUS
100
AcDbLine
 10
1.7287354724409449
 20
1.0554442125984251
 30
0
 11
1.7308070866141732
 21
1.0558562992125984
 31
0
  0
LINE
  5
8BA
330
1A
100
AcDbEntity
  8
BLACK
  6
CONTINUOUS
100
AcDbLine
 10
1.7308070866141732
 20
1.0558562992125984
 30
0
 11
1.7376968503937007
 21
1.0558562992125984
 31
0
  0
LINE
  5
8BB
330
1A
100
AcDbEntity
  8
BLACK
  6
CONTINUOUS
100
AcDbLine
 10
1.7376968503937007
 20
1.0558562992125984
 30
0
 11
1.7397684645669291
 21
1.0554442125984251
 31
0
  0
LINE
  5
8BC
330
1A
100
AcDbEntity
  8
BLACK
  6
CONTINUOUS
100
AcDbLine
 10
1.7594535039370078
 20
1.0554442125984251
 30
0
 11
1.7612097244094487
 21
1.0542707480314961
 31
0
  0
LINE
  5
8BD
330
1A
100
AcDbEntity
  8
BLACK
  6
CONTINUOUS
100
AcDbLine
 10
1.7612097244094487
 20
1.0542707480314961
 30
0
 11
1.7623831889763779
 21
1.0525145275590551
 31
0
  0
LINE
  5
8BE
330
1A
100
AcDbEntity
  8
BLACK
  6
CONTINUOUS
100
AcDbLine
 10
1.7623831889763779
 20
1.0525145275590551
 30
0
 11
1.7627952755905512
 21
1.0504429133858268
 31
0
  0
LINE
  5
8BF
330
1A
100
AcDbEntity
  8
BLACK
  6
CONTINUOUS
100
AcDbLine
 10
1.7627952755905512
 20
1.0504429133858268
 30
0
 11
1.7627952755905512
 21
1.0081200787401574
 31
0
  0
LINE
  5
8C0
330
1A
100
AcDbEntity
  8
BLACK
  6
CONTINUOUS
100
AcDbLine
 10
1.7627952755905512
 20
1.0081200787401574
 30
0
 11
1.7623831889763779
 21
1.0060484645669292
 31
0
  0
LINE
  5
8C1
330
1A
100
AcDbEntity
  8
BLACK
  6
CONTINUOUS
100
AcDbLine
 10
1.7623831889763779
 20
1.0060484645669292
 30
0
 11
1.7612097244094487
 21
1.0042922440944881
 31
0
  0
LINE
  5
8C2
330
1A
100
AcDbEntity
  8
BLACK
  6
CONTINUOUS
100
AcDbLine
 10
1.7612097244094487
 20
1.0042922440944881
 30
0
 11
1.7594535039370078
 21
1.0031187795275591
 31
0
  0
LINE
  5
8C3
330
1A
100
AcDbEntity
  8
BLACK
  6
CONTINUOUS
100
AcDbLine
 10
1.7594535039370078
 20
1.0031187795275591
 30
0
 11
1.7573818897637794
 21
1.0027066929133859
 31
0
  0
LINE
  5
8C4
330
1A
100
AcDbEntity
  8
BLACK
  6
CONTINUOUS
100
AcDbLine
 10
1.7573818897637794
 20
1.0027066929133859
 30
0
 11
1.7504921259842519
 21
1.0027066929133859
 31
0
  0
LINE
  5
8C5
330
1A
100
AcDbEntity
  8
BLACK
  6
CONTINUOUS
100
AcDbLine
 10
1.7504921259842519
 20
1.0027066929133859
 30
0
 11
1.7484205118110236
 21
1.0031187795275591
 31
0
  0
LINE
  5
8C6
330
1A
100
AcDbEntity
  8
BLACK
  6
CONTINUOUS
100
AcDbLine
 10
1.7484205118110236
 20
1.0031187795275591
 30
0
 11
1.7466642913385826
 21
1.0042922440944881
 31
0
  0
LINE
  5
8C7
330
1A
100
AcDbEntity
  8
BLACK
  6
CONTINUOUS
100
AcDbLine
 10
1.7466642913385826
 20
1.0042922440944881
 30
0
 11
1.7454908267716536
 21
1.0060484645669292
 31
0
  0
LINE
  5
8C8
330
1A
100
AcDbEntity
  8
BLACK
  6
CONTINUOUS
100
AcDbLine
 10
1.7454908267716536
 20
1.0060484645669292
 30
0
 11
1.7450787401574803
 21
1.0081200787401574
 31
0
  0
LINE
  5
8C9
330
1A
100
AcDbEntity
  8
BLACK
  6
CONTINUOUS
100
AcDbLine
 10
1.7450787401574803
 20
1.0081200787401574
 30
0
 11
1.7450787401574803
 21
1.0504429133858268
 31
0
  0
LINE
  5
8CA
330
1A
100
AcDbEntity
  8
BLACK
  6
CONTINUOUS
100
AcDbLine
 10
1.7450787401574803
 20
1.0504429133858268
 30
0
 11
1.7454908267716536
 21
1.0525145275590551
 31
0
  0
LINE
  5
8CB
330
1A
100
AcDbEntity
  8
BLACK
  6
CONTINUOUS
100
AcDbLine
 10
1.7454908267716536
 20
1.0525145275590551
 30
0
 11
1.7466642913385826
 21
1.0542707480314961
 31
0
  0
LINE
  5
8CC
330
1A
100
AcDbEntity
  8
BLACK
  6
CONTINUOUS
100
AcDbLine
 10
1.7466642913385826
 20
1.0542707480314961
 30
0
 11
1.7484205118110236
 21
1.0554442125984251
 31
0
  0
LINE
  5
8CD
330
1A
100
AcDbEntity
  8
BLACK
  6
CONTINUOUS
100
AcDbLine
 10
1.7484205118110236
 20
1.0554442125984251
 30
0
 11
1.7504921259842519
 21
1.0558562992125984
 31
0
  0
LINE
  5
8CE
330
1A
100
AcDbEntity
  8
BLACK
  6
CONTINUOUS
100
AcDbLine
 10
1.7504921259842519
 20
1.0558562992125984
 30
0
 11
1.7573818897637794
 21
1.0558562992125984
 31
0
  0
LINE
  5
8CF
330
1A
100
AcDbEntity
  8
BLACK
  6
CONTINUOUS
100
AcDbLine
 10
1.7573818897637794
 20
1.0558562992125984
 30
0
 11
1.7594535039370078
 21
1.0554442125984251
 31
0
  0
LINE
  5
8D0
330
1A
100
AcDbEntity
  8
BLACK
  6
CONTINUOUS
100
AcDbLine
 10
1.7791385433070865
 20
1.0554442125984251
 30
0
 11
1.7808947637795276
 21
1.0542707480314961
 31
0
  0
LINE
  5
8D1
330
1A
100
AcDbEntity
  8
BLACK
  6
CONTINUOUS
100
AcDbLine
 10
1.7808947637795276
 20
1.0542707480314961
 30
0
 11
1.7820682283464566
 21
1.0525145275590551
 31
0
  0
LINE
  5
8D2
330
1A
100
AcDbEntity
  8
BLACK
  6
CONTINUOUS
100
AcDbLine
 10
1.7820682283464566
 20
1.0525145275590551
 30
0
 11
1.7824803149606299
 21
1.0504429133858268
 31
0
  0
LINE
  5
8D3
330
1A
100
AcDbEntity
  8
BLACK
  6
CONTINUOUS
100
AcDbLine
 10
1.7824803149606299
 20
1.0504429133858268
 30
0
 11
1.7824803149606299
 21
1.0081200787401574
 31
0
  0
LINE
  5
8D4
330
1A
100
AcDbEntity
  8
BLACK
  6
CONTINUOUS
100
AcDbLine
 10
1.7824803149606299
 20
1.0081200787401574
 30
0
 11
1.7820682283464566
 21
1.0060484645669292
 31
0
  0
LINE
  5
8D5
330
1A
100
AcDbEntity
  8
BLACK
  6
CONTINUOUS
100
AcDbLine
 10
1.7820682283464566
 20
1.0060484645669292
 30
0
 11
1.7808947637795276
 21
1.0042922440944881
 31
0
  0
LINE
  5
8D6
330
1A
100
AcDbEntity
  8
BLACK
  6
CONTINUOUS
100
AcDbLine
 10
1.7808947637795276
 20
1.0042922440944881
 30
0
 11
1.7791385433070865
 21
1.0031187795275591
 31
0
  0
LINE
  5
8D7
330
1A
100
AcDbEntity
  8
BLACK
  6
CONTINUOUS
100
AcDbLine
 10
1.7791385433070865
 20
1.0031187795275591
 30
0
 11
1.7770669291338583
 21
1.0027066929133859
 31
0
  0
LINE
  5
8D8
330
1A
100
AcDbEntity
  8
BLACK
  6
CONTINUOUS
100
AcDbLine
 10
1.7770669291338583
 20
1.0027066929133859
 30
0
 11
1.7701771653543306
 21
1.0027066929133859
 31
0
  0
LINE
  5
8D9
330
1A
100
AcDbEntity
  8
BLACK
  6
CONTINUOUS
100
AcDbLine
 10
1.7701771653543306
 20
1.0027066929133859
 30
0
 11
1.7681055511811024
 21
1.0031187795275591
 31
0
  0
LINE
  5
8DA
330
1A
100
AcDbEntity
  8
BLACK
  6
CONTINUOUS
100
AcDbLine
 10
1.7681055511811024
 20
1.0031187795275591
 30
0
 11
1.7663493307086613
 21
1.0042922440944881
 31
0
  0
LINE
  5
8DB
330
1A
100
AcDbEntity
  8
BLACK
  6
CONTINUOUS
100
AcDbLine
 10
1.7663493307086613
 20
1.0042922440944881
 30
0
 11
1.7651758661417323
 21
1.0060484645669292
 31
0
  0
LINE
  5
8DC
330
1A
100
AcDbEntity
  8
BLACK
  6
CONTINUOUS
100
AcDbLine
 10
1.7651758661417323
 20
1.0060484645669292
 30
0
 11
1.764763779527559
 21
1.0081200787401574
 31
0
  0
LINE
  5
8DD
330
1A
100
AcDbEntity
  8
BLACK
  6
CONTINUOUS
100
AcDbLine
 10
1.764763779527559
 20
1.0081200787401574
 30
0
 11
1.764763779527559
 21
1.0504429133858268
 31
0
  0
LINE
  5
8DE
330
1A
100
AcDbEntity
  8
BLACK
  6
CONTINUOUS
100
AcDbLine
 10
1.764763779527559
 20
1.0504429133858268
 30
0
 11
1.7651758661417323
 21
1.0525145275590551
 31
0
  0
LINE
  5
8DF
330
1A
100
AcDbEntity
  8
BLACK
  6
CONTINUOUS
100
AcDbLine
 10
1.7651758661417323
 20
1.0525145275590551
 30
0
 11
1.7663493307086613
 21
1.0542707480314961
 31
0
  0
LINE
  5
8E0
330
1A
100
AcDbEntity
  8
BLACK
  6
CONTINUOUS
100
AcDbLine
 10
1.7663493307086613
 20
1.0542707480314961
 30
0
 11
1.7681055511811024
 21
1.0554442125984251
 31
0
  0
LINE
  5
8E1
330
1A
100
AcDbEntity
  8
BLACK
  6
CONTINUOUS
100
AcDbLine
 10
1.7681055511811024
 20
1.0554442125984251
 30
0
 11
1.7701771653543306
 21
1.0558562992125984
 31
0
  0
LINE
  5
8E2
330
1A
100
AcDbEntity
  8
BLACK
  6
CONTINUOUS
100
AcDbLine
 10
1.7701771653543306
 20
1.0558562992125984
 30
0
 11
1.7770669291338583
 21
1.0558562992125984
 31
0
  0
LINE
  5
8E3
330
1A
100
AcDbEntity
  8
BLACK
  6
CONTINUOUS
100
AcDbLine
 10
1.7770669291338583
 20
1.0558562992125984
 30
0
 11
1.7791385433070865
 21
1.0554442125984251
 31
0
  0
LINE
  5
8E4
330
1A
100
AcDbEntity
  8
BLACK
  6
CONTINUOUS
100
AcDbLine
 10
1.587658937007874
 20
1.0404931496062992
 30
0
 11
1.5902134251968503
 21
1.0387862598425197
 31
0
  0
LINE
  5
8E5
330
1A
100
AcDbEntity
  8
BLACK
  6
CONTINUOUS
100
AcDbLine
 10
1.5902134251968503
 20
1.0387862598425197
 30
0
 11
1.5919203149606298
 21
1.0362317716535432
 31
0
  0
LINE
  5
8E6
330
1A
100
AcDbEntity
  8
BLACK
  6
CONTINUOUS
100
AcDbLine
 10
1.5919203149606298
 20
1.0362317716535432
 30
0
 11
1.5925196850393701
 21
1.0332185039370079
 31
0
  0
LINE
  5
8E7
330
1A
100
AcDbEntity
  8
BLACK
  6
CONTINUOUS
100
AcDbLine
 10
1.5925196850393701
 20
1.0332185039370079
 30
0
 11
1.5925196850393701
 21
1.0214074803149606
 31
0
  0
LINE
  5
8E8
330
1A
100
AcDbEntity
  8
BLACK
  6
CONTINUOUS
100
AcDbLine
 10
1.5925196850393701
 20
1.0214074803149606
 30
0
 11
1.5919203149606298
 21
1.0183942125984251
 31
0
  0
LINE
  5
8E9
330
1A
100
AcDbEntity
  8
BLACK
  6
CONTINUOUS
100
AcDbLine
 10
1.5919203149606298
 20
1.0183942125984251
 30
0
 11
1.5902134251968503
 21
1.0158397244094488
 31
0
  0
LINE
  5
8EA
330
1A
100
AcDbEntity
  8
BLACK
  6
CONTINUOUS
100
AcDbLine
 10
1.5902134251968503
 20
1.0158397244094488
 30
0
 11
1.587658937007874
 21
1.0141328346456693
 31
0
  0
LINE
  5
8EB
330
1A
100
AcDbEntity
  8
BLACK
  6
CONTINUOUS
100
AcDbLine
 10
1.587658937007874
 20
1.0141328346456693
 30
0
 11
1.5846456692913387
 21
1.0135334645669292
 31
0
  0
LINE
  5
8EC
330
1A
100
AcDbEntity
  8
BLACK
  6
CONTINUOUS
100
AcDbLine
 10
1.5846456692913387
 20
1.0135334645669292
 30
0
 11
1.5383858267716535
 21
1.0135334645669292
 31
0
  0
LINE
  5
8ED
330
1A
100
AcDbEntity
  8
BLACK
  6
CONTINUOUS
100
AcDbLine
 10
1.5383858267716535
 20
1.0135334645669292
 30
0
 11
1.5353725590551182
 21
1.0141328346456693
 31
0
  0
LINE
  5
8EE
330
1A
100
AcDbEntity
  8
BLACK
  6
CONTINUOUS
100
AcDbLine
 10
1.5353725590551182
 20
1.0141328346456693
 30
0
 11
1.5328180708661416
 21
1.0158397244094488
 31
0
  0
LINE
  5
8EF
330
1A
100
AcDbEntity
  8
BLACK
  6
CONTINUOUS
100
AcDbLine
 10
1.5328180708661416
 20
1.0158397244094488
 30
0
 11
1.5311111811023621
 21
1.0183942125984251
 31
0
  0
LINE
  5
8F0
330
1A
100
AcDbEntity
  8
BLACK
  6
CONTINUOUS
100
AcDbLine
 10
1.5311111811023621
 20
1.0183942125984251
 30
0
 11
1.530511811023622
 21
1.0214074803149606
 31
0
  0
LINE
  5
8F1
330
1A
100
AcDbEntity
  8
BLACK
  6
CONTINUOUS
100
AcDbLine
 10
1.530511811023622
 20
1.0214074803149606
 30
0
 11
1.530511811023622
 21
1.0332185039370079
 31
0
  0
LINE
  5
8F2
330
1A
100
AcDbEntity
  8
BLACK
  6
CONTINUOUS
100
AcDbLine
 10
1.530511811023622
 20
1.0332185039370079
 30
0
 11
1.5311111811023621
 21
1.0362317716535432
 31
0
  0
LINE
  5
8F3
330
1A
100
AcDbEntity
  8
BLACK
  6
CONTINUOUS
100
AcDbLine
 10
1.5311111811023621
 20
1.0362317716535432
 30
0
 11
1.5328180708661416
 21
1.0387862598425197
 31
0
  0
LINE
  5
8F4
330
1A
100
AcDbEntity
  8
BLACK
  6
CONTINUOUS
100
AcDbLine
 10
1.5328180708661416
 20
1.0387862598425197
 30
0
 11
1.5353725590551182
 21
1.0404931496062992
 31
0
  0
LINE
  5
8F5
330
1A
100
AcDbEntity
  8
BLACK
  6
CONTINUOUS
100
AcDbLine
 10
1.5353725590551182
 20
1.0404931496062992
 30
0
 11
1.5383858267716535
 21
1.0410925196850394
 31
0
  0
LINE
  5
8F6
330
1A
100
AcDbEntity
  8
BLACK
  6
CONTINUOUS
100
AcDbLine
 10
1.5383858267716535
 20
1.0410925196850394
 30
0
 11
1.5846456692913387
 21
1.0410925196850394
 31
0
  0
LINE
  5
8F7
330
1A
100
AcDbEntity
  8
BLACK
  6
CONTINUOUS
100
AcDbLine
 10
1.5846456692913387
 20
1.0410925196850394
 30
0
 11
1.587658937007874
 21
1.0404931496062992
 31
0
  0
LINE
  5
8F8
330
1A
100
AcDbEntity
  8
BLACK
  6
CONTINUOUS
100
AcDbLine
 10
1.0441411417322835
 20
1.0751783858267716
 30
0
 11
1.0481118503937008
 21
1.0734251574803149
 31
0
  0
LINE
  5
8F9
330
1A
100
AcDbEntity
  8
BLACK
  6
CONTINUOUS
100
AcDbLine
 10
1.0481118503937008
 20
1.0734251574803149
 30
0
 11
1.0511810629921259
 21
1.0703559448818898
 31
0
  0
LINE
  5
8FA
330
1A
100
AcDbEntity
  8
BLACK
  6
CONTINUOUS
100
AcDbLine
 10
1.0511810629921259
 20
1.0703559448818898
 30
0
 11
1.0529342913385826
 21
1.0663852362204724
 31
0
  0
LINE
  5
8FB
330
1A
100
AcDbEntity
  8
BLACK
  6
CONTINUOUS
100
AcDbLine
 10
1.0529342913385826
 20
1.0663852362204724
 30
0
 11
1.0532480314960631
 21
1.0636811023622048
 31
0
  0
LINE
  5
8FC
330
1A
100
AcDbEntity
  8
BLACK
  6
CONTINUOUS
100
AcDbLine
 10
1.0532480314960631
 20
1.0636811023622048
 30
0
 11
1.0532480314960631
 21
1.0302165354330708
 31
0
  0
LINE
  5
8FD
330
1A
100
AcDbEntity
  8
BLACK
  6
CONTINUOUS
100
AcDbLine
 10
1.0532480314960631
 20
1.0302165354330708
 30
0
 11
1.0529342913385826
 21
1.0275124015748032
 31
0
  0
LINE
  5
8FE
330
1A
100
AcDbEntity
  8
BLACK
  6
CONTINUOUS
100
AcDbLine
 10
1.0529342913385826
 20
1.0275124015748032
 30
0
 11
1.0511810629921259
 21
1.0235416929133858
 31
0
  0
LINE
  5
8FF
330
1A
100
AcDbEntity
  8
BLACK
  6
CONTINUOUS
100
AcDbLine
 10
1.0511810629921259
 20
1.0235416929133858
 30
0
 11
1.0481118503937008
 21
1.0204724803149605
 31
0
  0
LINE
  5
900
330
1A
100
AcDbEntity
  8
BLACK
  6
CONTINUOUS
100
AcDbLine
 10
1.0481118503937008
 20
1.0204724803149605
 30
0
 11
1.0441411417322835
 21
1.018719251968504
 31
0
  0
LINE
  5
901
330
1A
100
AcDbEntity
  8
BLACK
  6
CONTINUOUS
100
AcDbLine
 10
1.0441411417322835
 20
1.018719251968504
 30
0
 11
1.0414370078740158
 21
1.0184055118110236
 31
0
  0
LINE
  5
902
330
1A
100
AcDbEntity
  8
BLACK
  6
CONTINUOUS
100
AcDbLine
 10
1.0414370078740158
 20
1.0184055118110236
 30
0
 11
1.0060039370078739
 21
1.0184055118110236
 31
0
  0
LINE
  5
903
330
1A
100
AcDbEntity
  8
BLACK
  6
CONTINUOUS
100
AcDbLine
 10
1.0060039370078739
 20
1.0184055118110236
 30
0
 11
1.0032998031496063
 21
1.018719251968504
 31
0
  0
LINE
  5
904
330
1A
100
AcDbEntity
  8
BLACK
  6
CONTINUOUS
100
AcDbLine
 10
1.0032998031496063
 20
1.018719251968504
 30
0
 11
0.999329094488189
 21
1.0204724803149605
 31
0
  0
LINE
  5
905
330
1A
100
AcDbEntity
  8
BLACK
  6
CONTINUOUS
100
AcDbLine
 10
0.999329094488189
 20
1.0204724803149605
 30
0
 11
0.9962598818897638
 21
1.0235416929133858
 31
0
  0
LINE
  5
906
330
1A
100
AcDbEntity
  8
BLACK
  6
CONTINUOUS
100
AcDbLine
 10
0.9962598818897638
 20
1.0235416929133858
 30
0
 11
0.994506653543307
 21
1.0275124015748032
 31
0
  0
LINE
  5
907
330
1A
100
AcDbEntity
  8
BLACK
  6
CONTINUOUS
100
AcDbLine
 10
0.994506653543307
 20
1.0275124015748032
 30
0
 11
0.9941929133858267
 21
1.0302165354330708
 31
0
  0
LINE
  5
908
330
1A
100
AcDbEntity
  8
BLACK
  6
CONTINUOUS
100
AcDbLine
 10
0.9941929133858267
 20
1.0302165354330708
 30
0
 11
0.9941929133858267
 21
1.0636811023622048
 31
0
  0
LINE
  5
909
330
1A
100
AcDbEntity
  8
BLACK
  6
CONTINUOUS
100
AcDbLine
 10
0.9941929133858267
 20
1.0636811023622048
 30
0
 11
0.994506653543307
 21
1.0663852362204724
 31
0
  0
LINE
  5
90A
330
1A
100
AcDbEntity
  8
BLACK
  6
CONTINUOUS
100
AcDbLine
 10
0.994506653543307
 20
1.0663852362204724
 30
0
 11
0.9962598818897638
 21
1.0703559448818898
 31
0
  0
LINE
  5
90B
330
1A
100
AcDbEntity
  8
BLACK
  6
CONTINUOUS
100
AcDbLine
 10
0.9962598818897638
 20
1.0703559448818898
 30
0
 11
0.999329094488189
 21
1.0734251574803149
 31
0
  0
LINE
  5
90C
330
1A
100
AcDbEntity
  8
BLACK
  6
CONTINUOUS
100
AcDbLine
 10
0.999329094488189
 20
1.0734251574803149
 30
0
 11
1.0032998031496063
 21
1.0751783858267716
 31
0
  0
LINE
  5
90D
330
1A
100
AcDbEntity
  8
BLACK
  6
CONTINUOUS
100
AcDbLine
 10
1.0032998031496063
 20
1.0751783858267716
 30
0
 11
1.0060039370078739
 21
1.075492125984252
 31
0
  0
LINE
  5
90E
330
1A
100
AcDbEntity
  8
BLACK
  6
CONTINUOUS
100
AcDbLine
 10
1.0060039370078739
 20
1.075492125984252
 30
0
 11
1.0414370078740158
 21
1.075492125984252
 31
0
  0
LINE
  5
90F
330
1A
100
AcDbEntity
  8
BLACK
  6
CONTINUOUS
100
AcDbLine
 10
1.0414370078740158
 20
1.075492125984252
 30
0
 11
1.0441411417322835
 21
1.0751783858267716
 31
0
  0
LINE
  5
910
330
1A
100
AcDbEntity
  8
BLACK
  6
CONTINUOUS
100
AcDbLine
 10
1.1504403543307087
 20
1.0751783858267716
 30
0
 11
1.154411062992126
 21
1.0734251574803149
 31
0
  0
LINE
  5
911
330
1A
100
AcDbEntity
  8
BLACK
  6
CONTINUOUS
100
AcDbLine
 10
1.154411062992126
 20
1.0734251574803149
 30
0
 11
1.1574802755905511
 21
1.0703559448818898
 31
0
  0
LINE
  5
912
330
1A
100
AcDbEntity
  8
BLACK
  6
CONTINUOUS
100
AcDbLine
 10
1.1574802755905511
 20
1.0703559448818898
 30
0
 11
1.1592335039370079
 21
1.0663852362204724
 31
0
  0
LINE
  5
913
330
1A
100
AcDbEntity
  8
BLACK
  6
CONTINUOUS
100
AcDbLine
 10
1.1592335039370079
 20
1.0663852362204724
 30
0
 11
1.1595472440944881
 21
1.0636811023622048
 31
0
  0
LINE
  5
914
330
1A
100
AcDbEntity
  8
BLACK
  6
CONTINUOUS
100
AcDbLine
 10
1.1595472440944881
 20
1.0636811023622048
 30
0
 11
1.1595472440944881
 21
1.0302165354330708
 31
0
  0
LINE
  5
915
330
1A
100
AcDbEntity
  8
BLACK
  6
CONTINUOUS
100
AcDbLine
 10
1.1595472440944881
 20
1.0302165354330708
 30
0
 11
1.1592335039370079
 21
1.0275124015748032
 31
0
  0
LINE
  5
916
330
1A
100
AcDbEntity
  8
BLACK
  6
CONTINUOUS
100
AcDbLine
 10
1.1592335039370079
 20
1.0275124015748032
 30
0
 11
1.1574802755905511
 21
1.0235416929133858
 31
0
  0
LINE
  5
917
330
1A
100
AcDbEntity
  8
BLACK
  6
CONTINUOUS
100
AcDbLine
 10
1.1574802755905511
 20
1.0235416929133858
 30
0
 11
1.154411062992126
 21
1.0204724803149605
 31
0
  0
LINE
  5
918
330
1A
100
AcDbEntity
  8
BLACK
  6
CONTINUOUS
100
AcDbLine
 10
1.154411062992126
 20
1.0204724803149605
 30
0
 11
1.1504403543307087
 21
1.018719251968504
 31
0
  0
LINE
  5
919
330
1A
100
AcDbEntity
  8
BLACK
  6
CONTINUOUS
100
AcDbLine
 10
1.1504403543307087
 20
1.018719251968504
 30
0
 11
1.1477362204724408
 21
1.0184055118110236
 31
0
  0
LINE
  5
91A
330
1A
100
AcDbEntity
  8
BLACK
  6
CONTINUOUS
100
AcDbLine
 10
1.1477362204724408
 20
1.0184055118110236
 30
0
 11
1.1123031496062992
 21
1.0184055118110236
 31
0
  0
LINE
  5
91B
330
1A
100
AcDbEntity
  8
BLACK
  6
CONTINUOUS
100
AcDbLine
 10
1.1123031496062992
 20
1.0184055118110236
 30
0
 11
1.1095990157480315
 21
1.018719251968504
 31
0
  0
LINE
  5
91C
330
1A
100
AcDbEntity
  8
BLACK
  6
CONTINUOUS
100
AcDbLine
 10
1.1095990157480315
 20
1.018719251968504
 30
0
 11
1.1056283070866142
 21
1.0204724803149605
 31
0
  0
LINE
  5
91D
330
1A
100
AcDbEntity
  8
BLACK
  6
CONTINUOUS
100
AcDbLine
 10
1.1056283070866142
 20
1.0204724803149605
 30
0
 11
1.1025590944881889
 21
1.0235416929133858
 31
0
  0
LINE
  5
91E
330
1A
100
AcDbEntity
  8
BLACK
  6
CONTINUOUS
100
AcDbLine
 10
1.1025590944881889
 20
1.0235416929133858
 30
0
 11
1.1008058661417321
 21
1.0275124015748032
 31
0
  0
LINE
  5
91F
330
1A
100
AcDbEntity
  8
BLACK
  6
CONTINUOUS
100
AcDbLine
 10
1.1008058661417321
 20
1.0275124015748032
 30
0
 11
1.1004921259842519
 21
1.0302165354330708
 31
0
  0
LINE
  5
920
330
1A
100
AcDbEntity
  8
BLACK
  6
CONTINUOUS
100
AcDbLine
 10
1.1004921259842519
 20
1.0302165354330708
 30
0
 11
1.1004921259842519
 21
1.0636811023622048
 31
0
  0
LINE
  5
921
330
1A
100
AcDbEntity
  8
BLACK
  6
CONTINUOUS
100
AcDbLine
 10
1.1004921259842519
 20
1.0636811023622048
 30
0
 11
1.1008058661417321
 21
1.0663852362204724
 31
0
  0
LINE
  5
922
330
1A
100
AcDbEntity
  8
BLACK
  6
CONTINUOUS
100
AcDbLine
 10
1.1008058661417321
 20
1.0663852362204724
 30
0
 11
1.1025590944881889
 21
1.0703559448818898
 31
0
  0
LINE
  5
923
330
1A
100
AcDbEntity
  8
BLACK
  6
CONTINUOUS
100
AcDbLine
 10
1.1025590944881889
 20
1.0703559448818898
 30
0
 11
1.1056283070866142
 21
1.0734251574803149
 31
0
  0
LINE
  5
924
330
1A
100
AcDbEntity
  8
BLACK
  6
CONTINUOUS
100
AcDbLine
 10
1.1056283070866142
 20
1.0734251574803149
 30
0
 11
1.1095990157480315
 21
1.0751783858267716
 31
0
  0
LINE
  5
925
330
1A
100
AcDbEntity
  8
BLACK
  6
CONTINUOUS
100
AcDbLine
 10
1.1095990157480315
 20
1.0751783858267716
 30
0
 11
1.1123031496062992
 21
1.075492125984252
 31
0
  0
LINE
  5
926
330
1A
100
AcDbEntity
  8
BLACK
  6
CONTINUOUS
100
AcDbLine
 10
1.1123031496062992
 20
1.075492125984252
 30
0
 11
1.1477362204724408
 21
1.075492125984252
 31
0
  0
LINE
  5
927
330
1A
100
AcDbEntity
  8
BLACK
  6
CONTINUOUS
100
AcDbLine
 10
1.1477362204724408
 20
1.075492125984252
 30
0
 11
1.1504403543307087
 21
1.0751783858267716
 31
0
  0
LINE
  5
928
330
1A
100
AcDbEntity
  8
BLACK
  6
CONTINUOUS
100
AcDbLine
 10
1.2164836614173229
 20
1.0796075196850394
 30
0
 11
1.22045437007874
 21
1.0778542913385827
 31
0
  0
LINE
  5
929
330
1A
100
AcDbEntity
  8
BLACK
  6
CONTINUOUS
100
AcDbLine
 10
1.22045437007874
 20
1.0778542913385827
 30
0
 11
1.2235235826771653
 21
1.0747850787401574
 31
0
  0
LINE
  5
92A
330
1A
100
AcDbEntity
  8
BLACK
  6
CONTINUOUS
100
AcDbLine
 10
1.2235235826771653
 20
1.0747850787401574
 30
0
 11
1.2252768110236221
 21
1.07081437007874
 31
0
  0
LINE
  5
92B
330
1A
100
AcDbEntity
  8
BLACK
  6
CONTINUOUS
100
AcDbLine
 10
1.2252768110236221
 20
1.07081437007874
 30
0
 11
1.2255905511811023
 21
1.0681102362204724
 31
0
  0
LINE
  5
92C
330
1A
100
AcDbEntity
  8
BLACK
  6
CONTINUOUS
100
AcDbLine
 10
1.2255905511811023
 20
1.0681102362204724
 30
0
 11
1.2255905511811023
 21
1.0326771653543307
 31
0
  0
LINE
  5
92D
330
1A
100
AcDbEntity
  8
BLACK
  6
CONTINUOUS
100
AcDbLine
 10
1.2255905511811023
 20
1.0326771653543307
 30
0
 11
1.2252768110236221
 21
1.0299730314960629
 31
0
  0
LINE
  5
92E
330
1A
100
AcDbEntity
  8
BLACK
  6
CONTINUOUS
100
AcDbLine
 10
1.2252768110236221
 20
1.0299730314960629
 30
0
 11
1.2235235826771653
 21
1.0260023228346455
 31
0
  0
LINE
  5
92F
330
1A
100
AcDbEntity
  8
BLACK
  6
CONTINUOUS
100
AcDbLine
 10
1.2235235826771653
 20
1.0260023228346455
 30
0
 11
1.22045437007874
 21
1.0229331102362205
 31
0
  0
LINE
  5
930
330
1A
100
AcDbEntity
  8
BLACK
  6
CONTINUOUS
100
AcDbLine
 10
1.22045437007874
 20
1.0229331102362205
 30
0
 11
1.2164836614173229
 21
1.0211798818897637
 31
0
  0
LINE
  5
931
330
1A
100
AcDbEntity
  8
BLACK
  6
CONTINUOUS
100
AcDbLine
 10
1.2164836614173229
 20
1.0211798818897637
 30
0
 11
1.213779527559055
 21
1.0208661417322835
 31
0
  0
LINE
  5
932
330
1A
100
AcDbEntity
  8
BLACK
  6
CONTINUOUS
100
AcDbLine
 10
1.213779527559055
 20
1.0208661417322835
 30
0
 11
1.1931102362204724
 21
1.0208661417322835
 31
0
  0
LINE
  5
933
330
1A
100
AcDbEntity
  8
BLACK
  6
CONTINUOUS
100
AcDbLine
 10
1.1931102362204724
 20
1.0208661417322835
 30
0
 11
1.1904061023622048
 21
1.0211798818897637
 31
0
  0
LINE
  5
934
330
1A
100
AcDbEntity
  8
BLACK
  6
CONTINUOUS
100
AcDbLine
 10
1.1904061023622048
 20
1.0211798818897637
 30
0
 11
1.1864353937007874
 21
1.0229331102362205
 31
0
  0
LINE
  5
935
330
1A
100
AcDbEntity
  8
BLACK
  6
CONTINUOUS
100
AcDbLine
 10
1.1864353937007874
 20
1.0229331102362205
 30
0
 11
1.1833661811023621
 21
1.0260023228346455
 31
0
  0
LINE
  5
936
330
1A
100
AcDbEntity
  8
BLACK
  6
CONTINUOUS
100
AcDbLine
 10
1.1833661811023621
 20
1.0260023228346455
 30
0
 11
1.1816129527559054
 21
1.0299730314960629
 31
0
  0
LINE
  5
937
330
1A
100
AcDbEntity
  8
BLACK
  6
CONTINUOUS
100
AcDbLine
 10
1.1816129527559054
 20
1.0299730314960629
 30
0
 11
1.1812992125984252
 21
1.0326771653543307
 31
0
  0
LINE
  5
938
330
1A
100
AcDbEntity
  8
BLACK
  6
CONTINUOUS
100
AcDbLine
 10
1.1812992125984252
 20
1.0326771653543307
 30
0
 11
1.1812992125984252
 21
1.0681102362204724
 31
0
  0
LINE
  5
939
330
1A
100
AcDbEntity
  8
BLACK
  6
CONTINUOUS
100
AcDbLine
 10
1.1812992125984252
 20
1.0681102362204724
 30
0
 11
1.1816129527559054
 21
1.07081437007874
 31
0
  0
LINE
  5
93A
330
1A
100
AcDbEntity
  8
BLACK
  6
CONTINUOUS
100
AcDbLine
 10
1.1816129527559054
 20
1.07081437007874
 30
0
 11
1.1833661811023621
 21
1.0747850787401574
 31
0
  0
LINE
  5
93B
330
1A
100
AcDbEntity
  8
BLACK
  6
CONTINUOUS
100
AcDbLine
 10
1.1833661811023621
 20
1.0747850787401574
 30
0
 11
1.1864353937007874
 21
1.0778542913385827
 31
0
  0
LINE
  5
93C
330
1A
100
AcDbEntity
  8
BLACK
  6
CONTINUOUS
100
AcDbLine
 10
1.1864353937007874
 20
1.0778542913385827
 30
0
 11
1.1904061023622048
 21
1.0796075196850394
 31
0
  0
LINE
  5
93D
330
1A
100
AcDbEntity
  8
BLACK
  6
CONTINUOUS
100
AcDbLine
 10
1.1904061023622048
 20
1.0796075196850394
 30
0
 11
1.1931102362204724
 21
1.0799212598425196
 31
0
  0
LINE
  5
93E
330
1A
100
AcDbEntity
  8
BLACK
  6
CONTINUOUS
100
AcDbLine
 10
1.1931102362204724
 20
1.0799212598425196
 30
0
 11
1.213779527559055
 21
1.0799212598425196
 31
0
  0
LINE
  5
93F
330
1A
100
AcDbEntity
  8
BLACK
  6
CONTINUOUS
100
AcDbLine
 10
1.213779527559055
 20
1.0799212598425196
 30
0
 11
1.2164836614173229
 21
1.0796075196850394
 31
0
  0
LINE
  5
940
330
1A
100
AcDbEntity
  8
BLACK
  6
CONTINUOUS
100
AcDbLine
 10
1.2883340551181102
 20
1.0796075196850394
 30
0
 11
1.2923047637795275
 21
1.0778542913385827
 31
0
  0
LINE
  5
941
330
1A
100
AcDbEntity
  8
BLACK
  6
CONTINUOUS
100
AcDbLine
 10
1.2923047637795275
 20
1.0778542913385827
 30
0
 11
1.2953739763779528
 21
1.0747850787401574
 31
0
  0
LINE
  5
942
330
1A
100
AcDbEntity
  8
BLACK
  6
CONTINUOUS
100
AcDbLine
 10
1.2953739763779528
 20
1.0747850787401574
 30
0
 11
1.2971272047244093
 21
1.07081437007874
 31
0
  0
LINE
  5
943
330
1A
100
AcDbEntity
  8
BLACK
  6
CONTINUOUS
100
AcDbLine
 10
1.2971272047244093
 20
1.07081437007874
 30
0
 11
1.2974409448818898
 21
1.0681102362204724
 31
0
  0
LINE
  5
944
330
1A
100
AcDbEntity
  8
BLACK
  6
CONTINUOUS
100
AcDbLine
 10
1.2974409448818898
 20
1.0681102362204724
 30
0
 11
1.2974409448818898
 21
1.0326771653543307
 31
0
  0
LINE
  5
945
330
1A
100
AcDbEntity
  8
BLACK
  6
CONTINUOUS
100
AcDbLine
 10
1.2974409448818898
 20
1.0326771653543307
 30
0
 11
1.2971272047244093
 21
1.0299730314960629
 31
0
  0
LINE
  5
946
330
1A
100
AcDbEntity
  8
BLACK
  6
CONTINUOUS
100
AcDbLine
 10
1.2971272047244093
 20
1.0299730314960629
 30
0
 11
1.2953739763779528
 21
1.0260023228346455
 31
0
  0
LINE
  5
947
330
1A
100
AcDbEntity
  8
BLACK
  6
CONTINUOUS
100
AcDbLine
 10
1.2953739763779528
 20
1.0260023228346455
 30
0
 11
1.2923047637795275
 21
1.0229331102362205
 31
0
  0
LINE
  5
948
330
1A
100
AcDbEntity
  8
BLACK
  6
CONTINUOUS
100
AcDbLine
 10
1.2923047637795275
 20
1.0229331102362205
 30
0
 11
1.2883340551181102
 21
1.0211798818897637
 31
0
  0
LINE
  5
949
330
1A
100
AcDbEntity
  8
BLACK
  6
CONTINUOUS
100
AcDbLine
 10
1.2883340551181102
 20
1.0211798818897637
 30
0
 11
1.2856299212598425
 21
1.0208661417322835
 31
0
  0
LINE
  5
94A
330
1A
100
AcDbEntity
  8
BLACK
  6
CONTINUOUS
100
AcDbLine
 10
1.2856299212598425
 20
1.0208661417322835
 30
0
 11
1.2649606299212599
 21
1.0208661417322835
 31
0
  0
LINE
  5
94B
330
1A
100
AcDbEntity
  8
BLACK
  6
CONTINUOUS
100
AcDbLine
 10
1.2649606299212599
 20
1.0208661417322835
 30
0
 11
1.2622564960629921
 21
1.0211798818897637
 31
0
  0
LINE
  5
94C
330
1A
100
AcDbEntity
  8
BLACK
  6
CONTINUOUS
100
AcDbLine
 10
1.2622564960629921
 20
1.0211798818897637
 30
0
 11
1.2582857874015747
 21
1.0229331102362205
 31
0
  0
LINE
  5
94D
330
1A
100
AcDbEntity
  8
BLACK
  6
CONTINUOUS
100
AcDbLine
 10
1.2582857874015747
 20
1.0229331102362205
 30
0
 11
1.2552165748031496
 21
1.0260023228346455
 31
0
  0
LINE
  5
94E
330
1A
100
AcDbEntity
  8
BLACK
  6
CONTINUOUS
100
AcDbLine
 10
1.2552165748031496
 20
1.0260023228346455
 30
0
 11
1.2534633464566929
 21
1.0299730314960629
 31
0
  0
LINE
  5
94F
330
1A
100
AcDbEntity
  8
BLACK
  6
CONTINUOUS
100
AcDbLine
 10
1.2534633464566929
 20
1.0299730314960629
 30
0
 11
1.2531496062992125
 21
1.0326771653543307
 31
0
  0
LINE
  5
950
330
1A
100
AcDbEntity
  8
BLACK
  6
CONTINUOUS
100
AcDbLine
 10
1.2531496062992125
 20
1.0326771653543307
 30
0
 11
1.2531496062992125
 21
1.0681102362204724
 31
0
  0
LINE
  5
951
330
1A
100
AcDbEntity
  8
BLACK
  6
CONTINUOUS
100
AcDbLine
 10
1.2531496062992125
 20
1.0681102362204724
 30
0
 11
1.2534633464566929
 21
1.07081437007874
 31
0
  0
LINE
  5
952
330
1A
100
AcDbEntity
  8
BLACK
  6
CONTINUOUS
100
AcDbLine
 10
1.2534633464566929
 20
1.07081437007874
 30
0
 11
1.2552165748031496
 21
1.0747850787401574
 31
0
  0
LINE
  5
953
330
1A
100
AcDbEntity
  8
BLACK
  6
CONTINUOUS
100
AcDbLine
 10
1.2552165748031496
 20
1.0747850787401574
 30
0
 11
1.2582857874015747
 21
1.0778542913385827
 31
0
  0
LINE
  5
954
330
1A
100
AcDbEntity
  8
BLACK
  6
CONTINUOUS
100
AcDbLine
 10
1.2582857874015747
 20
1.0778542913385827
 30
0
 11
1.2622564960629921
 21
1.0796075196850394
 31
0
  0
LINE
  5
955
330
1A
100
AcDbEntity
  8
BLACK
  6
CONTINUOUS
100
AcDbLine
 10
1.2622564960629921
 20
1.0796075196850394
 30
0
 11
1.2649606299212599
 21
1.0799212598425196
 31
0
  0
LINE
  5
956
330
1A
100
AcDbEntity
  8
BLACK
  6
CONTINUOUS
100
AcDbLine
 10
1.2649606299212599
 20
1.0799212598425196
 30
0
 11
1.2856299212598425
 21
1.0799212598425196
 31
0
  0
LINE
  5
957
330
1A
100
AcDbEntity
  8
BLACK
  6
CONTINUOUS
100
AcDbLine
 10
1.2856299212598425
 20
1.0799212598425196
 30
0
 11
1.2883340551181102
 21
1.0796075196850394
 31
0
  0
LINE
  5
958
330
1A
100
AcDbEntity
  8
BLACK
  6
CONTINUOUS
100
AcDbLine
 10
0.3316652755905512
 20
1.1193911417322835
 30
0
 11
0.3385690157480315
 21
1.1171479527559054
 31
0
  0
LINE
  5
959
330
1A
100
AcDbEntity
  8
BLACK
  6
CONTINUOUS
100
AcDbLine
 10
0.3385690157480315
 20
1.1171479527559054
 30
0
 11
0.3450368503937008
 21
1.1138524409448818
 31
0
  0
LINE
  5
95A
330
1A
100
AcDbEntity
  8
BLACK
  6
CONTINUOUS
100
AcDbLine
 10
0.3450368503937008
 20
1.1138524409448818
 30
0
 11
0.3509094881889764
 21
1.1095857086614174
 31
0
  0
LINE
  5
95B
330
1A
100
AcDbEntity
  8
BLACK
  6
CONTINUOUS
100
AcDbLine
 10
0.3509094881889764
 20
1.1095857086614174
 30
0
 11
0.3560424015748032
 21
1.1044527952755905
 31
0
  0
LINE
  5
95C
330
1A
100
AcDbEntity
  8
BLACK
  6
CONTINUOUS
100
AcDbLine
 10
0.3560424015748032
 20
1.1044527952755905
 30
0
 11
0.3603091338582677
 21
1.0985801574803149
 31
0
  0
LINE
  5
95D
330
1A
100
AcDbEntity
  8
BLACK
  6
CONTINUOUS
100
AcDbLine
 10
0.3603091338582677
 20
1.0985801574803149
 30
0
 11
0.3636046456692913
 21
1.0921123228346457
 31
0
  0
LINE
  5
95E
330
1A
100
AcDbEntity
  8
BLACK
  6
CONTINUOUS
100
AcDbLine
 10
0.3636046456692913
 20
1.0921123228346457
 30
0
 11
0.3658478346456693
 21
1.0852085826771654
 31
0
  0
LINE
  5
95F
330
1A
100
AcDbEntity
  8
BLACK
  6
CONTINUOUS
100
AcDbLine
 10
0.3658478346456693
 20
1.0852085826771654
 30
0
 11
0.3669833858267716
 21
1.078038937007874
 31
0
  0
LINE
  5
960
330
1A
100
AcDbEntity
  8
BLACK
  6
CONTINUOUS
100
AcDbLine
 10
0.3669833858267716
 20
1.078038937007874
 30
0
 11
0.3669833858267716
 21
1.0707799606299213
 31
0
  0
LINE
  5
961
330
1A
100
AcDbEntity
  8
BLACK
  6
CONTINUOUS
100
AcDbLine
 10
0.3669833858267716
 20
1.0707799606299213
 30
0
 11
0.3658478346456693
 21
1.06361031496063
 31
0
  0
LINE
  5
962
330
1A
100
AcDbEntity
  8
BLACK
  6
CONTINUOUS
100
AcDbLine
 10
0.3658478346456693
 20
1.06361031496063
 30
0
 11
0.3636046456692913
 21
1.0567065748031497
 31
0
  0
LINE
  5
963
330
1A
100
AcDbEntity
  8
BLACK
  6
CONTINUOUS
100
AcDbLine
 10
0.3636046456692913
 20
1.0567065748031497
 30
0
 11
0.3603091338582677
 21
1.0502387401574802
 31
0
  0
LINE
  5
964
330
1A
100
AcDbEntity
  8
BLACK
  6
CONTINUOUS
100
AcDbLine
 10
0.3603091338582677
 20
1.0502387401574802
 30
0
 11
0.3560424015748032
 21
1.0443661023622046
 31
0
  0
LINE
  5
965
330
1A
100
AcDbEntity
  8
BLACK
  6
CONTINUOUS
100
AcDbLine
 10
0.3560424015748032
 20
1.0443661023622046
 30
0
 11
0.3509094881889764
 21
1.039233188976378
 31
0
  0
LINE
  5
966
330
1A
100
AcDbEntity
  8
BLACK
  6
CONTINUOUS
100
AcDbLine
 10
0.3509094881889764
 20
1.039233188976378
 30
0
 11
0.3450368503937008
 21
1.0349664566929133
 31
0
  0
LINE
  5
967
330
1A
100
AcDbEntity
  8
BLACK
  6
CONTINUOUS
100
AcDbLine
 10
0.3450368503937008
 20
1.0349664566929133
 30
0
 11
0.3385690157480315
 21
1.0316709448818897
 31
0
  0
LINE
  5
968
330
1A
100
AcDbEntity
  8
BLACK
  6
CONTINUOUS
100
AcDbLine
 10
0.3385690157480315
 20
1.0316709448818897
 30
0
 11
0.3316652755905512
 21
1.0294277559055118
 31
0
  0
LINE
  5
969
330
1A
100
AcDbEntity
  8
BLACK
  6
CONTINUOUS
100
AcDbLine
 10
0.3316652755905512
 20
1.0294277559055118
 30
0
 11
0.3244956299212599
 21
1.0282922047244094
 31
0
  0
LINE
  5
96A
330
1A
100
AcDbEntity
  8
BLACK
  6
CONTINUOUS
100
AcDbLine
 10
0.3244956299212599
 20
1.0282922047244094
 30
0
 11
0.3172366535433071
 21
1.0282922047244094
 31
0
  0
LINE
  5
96B
330
1A
100
AcDbEntity
  8
BLACK
  6
CONTINUOUS
100
AcDbLine
 10
0.3172366535433071
 20
1.0282922047244094
 30
0
 11
0.3100670078740158
 21
1.0294277559055118
 31
0
  0
LINE
  5
96C
330
1A
100
AcDbEntity
  8
BLACK
  6
CONTINUOUS
100
AcDbLine
 10
0.3100670078740158
 20
1.0294277559055118
 30
0
 11
0.3031632677165354
 21
1.0316709448818897
 31
0
  0
LINE
  5
96D
330
1A
100
AcDbEntity
  8
BLACK
  6
CONTINUOUS
100
AcDbLine
 10
0.3031632677165354
 20
1.0316709448818897
 30
0
 11
0.2966954330708662
 21
1.0349664566929133
 31
0
  0
LINE
  5
96E
330
1A
100
AcDbEntity
  8
BLACK
  6
CONTINUOUS
100
AcDbLine
 10
0.2966954330708662
 20
1.0349664566929133
 30
0
 11
0.2908227952755905
 21
1.039233188976378
 31
0
  0
LINE
  5
96F
330
1A
100
AcDbEntity
  8
BLACK
  6
CONTINUOUS
100
AcDbLine
 10
0.2908227952755905
 20
1.039233188976378
 30
0
 11
0.2856898818897638
 21
1.0443661023622046
 31
0
  0
LINE
  5
970
330
1A
100
AcDbEntity
  8
BLACK
  6
CONTINUOUS
100
AcDbLine
 10
0.2856898818897638
 20
1.0443661023622046
 30
0
 11
0.2814231496062992
 21
1.0502387401574802
 31
0
  0
LINE
  5
971
330
1A
100
AcDbEntity
  8
BLACK
  6
CONTINUOUS
100
AcDbLine
 10
0.2814231496062992
 20
1.0502387401574802
 30
0
 11
0.2781276377952756
 21
1.0567065748031497
 31
0
  0
LINE
  5
972
330
1A
100
AcDbEntity
  8
BLACK
  6
CONTINUOUS
100
AcDbLine
 10
0.2781276377952756
 20
1.0567065748031497
 30
0
 11
0.2758844488188976
 21
1.06361031496063
 31
0
  0
LINE
  5
973
330
1A
100
AcDbEntity
  8
BLACK
  6
CONTINUOUS
100
AcDbLine
 10
0.2758844488188976
 20
1.06361031496063
 30
0
 11
0.2747488976377953
 21
1.0707799606299213
 31
0
  0
LINE
  5
974
330
1A
100
AcDbEntity
  8
BLACK
  6
CONTINUOUS
100
AcDbLine
 10
0.2747488976377953
 20
1.0707799606299213
 30
0
 11
0.2747488976377953
 21
1.078038937007874
 31
0
  0
LINE
  5
975
330
1A
100
AcDbEntity
  8
BLACK
  6
CONTINUOUS
100
AcDbLine
 10
0.2747488976377953
 20
1.078038937007874
 30
0
 11
0.2758844488188976
 21
1.0852085826771654
 31
0
  0
LINE
  5
976
330
1A
100
AcDbEntity
  8
BLACK
  6
CONTINUOUS
100
AcDbLine
 10
0.2758844488188976
 20
1.0852085826771654
 30
0
 11
0.2781276377952756
 21
1.0921123228346457
 31
0
  0
LINE
  5
977
330
1A
100
AcDbEntity
  8
BLACK
  6
CONTINUOUS
100
AcDbLine
 10
0.2781276377952756
 20
1.0921123228346457
 30
0
 11
0.2814231496062992
 21
1.0985801574803149
 31
0
  0
LINE
  5
978
330
1A
100
AcDbEntity
  8
BLACK
  6
CONTINUOUS
100
AcDbLine
 10
0.2814231496062992
 20
1.0985801574803149
 30
0
 11
0.2856898818897638
 21
1.1044527952755905
 31
0
  0
LINE
  5
979
330
1A
100
AcDbEntity
  8
BLACK
  6
CONTINUOUS
100
AcDbLine
 10
0.2856898818897638
 20
1.1044527952755905
 30
0
 11
0.2908227952755905
 21
1.1095857086614174
 31
0
  0
LINE
  5
97A
330
1A
100
AcDbEntity
  8
BLACK
  6
CONTINUOUS
100
AcDbLine
 10
0.2908227952755905
 20
1.1095857086614174
 30
0
 11
0.2966954330708662
 21
1.1138524409448818
 31
0
  0
LINE
  5
97B
330
1A
100
AcDbEntity
  8
BLACK
  6
CONTINUOUS
100
AcDbLine
 10
0.2966954330708662
 20
1.1138524409448818
 30
0
 11
0.3031632677165354
 21
1.1171479527559054
 31
0
  0
LINE
  5
97C
330
1A
100
AcDbEntity
  8
BLACK
  6
CONTINUOUS
100
AcDbLine
 10
0.3031632677165354
 20
1.1171479527559054
 30
0
 11
0.3100670078740158
 21
1.1193911417322835
 31
0
  0
LINE
  5
97D
330
1A
100
AcDbEntity
  8
BLACK
  6
CONTINUOUS
100
AcDbLine
 10
0.3100670078740158
 20
1.1193911417322835
 30
0
 11
0.3172366535433071
 21
1.1205266929133857
 31
0
  0
LINE
  5
97E
330
1A
100
AcDbEntity
  8
BLACK
  6
CONTINUOUS
100
AcDbLine
 10
0.3172366535433071
 20
1.1205266929133857
 30
0
 11
0.3244956299212599
 21
1.1205266929133857
 31
0
  0
LINE
  5
97F
330
1A
100
AcDbEntity
  8
BLACK
  6
CONTINUOUS
100
AcDbLine
 10
0.3244956299212599
 20
1.1205266929133857
 30
0
 11
0.3316652755905512
 21
1.1193911417322835
 31
0
  0
LINE
  5
980
330
1A
100
AcDbEntity
  8
BLACK
  6
CONTINUOUS
100
AcDbLine
 10
0.5316652755905512
 20
1.1193911417322835
 30
0
 11
0.5385690157480315
 21
1.1171479527559054
 31
0
  0
LINE
  5
981
330
1A
100
AcDbEntity
  8
BLACK
  6
CONTINUOUS
100
AcDbLine
 10
0.5385690157480315
 20
1.1171479527559054
 30
0
 11
0.5450368503937008
 21
1.1138524409448818
 31
0
  0
LINE
  5
982
330
1A
100
AcDbEntity
  8
BLACK
  6
CONTINUOUS
100
AcDbLine
 10
0.5450368503937008
 20
1.1138524409448818
 30
0
 11
0.5509094881889763
 21
1.1095857086614174
 31
0
  0
LINE
  5
983
330
1A
100
AcDbEntity
  8
BLACK
  6
CONTINUOUS
100
AcDbLine
 10
0.5509094881889763
 20
1.1095857086614174
 30
0
 11
0.5560424015748031
 21
1.1044527952755905
 31
0
  0
LINE
  5
984
330
1A
100
AcDbEntity
  8
BLACK
  6
CONTINUOUS
100
AcDbLine
 10
0.5560424015748031
 20
1.1044527952755905
 30
0
 11
0.5603091338582677
 21
1.0985801574803149
 31
0
  0
LINE
  5
985
330
1A
100
AcDbEntity
  8
BLACK
  6
CONTINUOUS
100
AcDbLine
 10
0.5603091338582677
 20
1.0985801574803149
 30
0
 11
0.5636046456692914
 21
1.0921123228346457
 31
0
  0
LINE
  5
986
330
1A
100
AcDbEntity
  8
BLACK
  6
CONTINUOUS
100
AcDbLine
 10
0.5636046456692914
 20
1.0921123228346457
 30
0
 11
0.5658478346456692
 21
1.0852085826771654
 31
0
  0
LINE
  5
987
330
1A
100
AcDbEntity
  8
BLACK
  6
CONTINUOUS
100
AcDbLine
 10
0.5658478346456692
 20
1.0852085826771654
 30
0
 11
0.5669833858267717
 21
1.078038937007874
 31
0
  0
LINE
  5
988
330
1A
100
AcDbEntity
  8
BLACK
  6
CONTINUOUS
100
AcDbLine
 10
0.5669833858267717
 20
1.078038937007874
 30
0
 11
0.5669833858267717
 21
1.0707799606299213
 31
0
  0
LINE
  5
989
330
1A
100
AcDbEntity
  8
BLACK
  6
CONTINUOUS
100
AcDbLine
 10
0.5669833858267717
 20
1.0707799606299213
 30
0
 11
0.5658478346456692
 21
1.06361031496063
 31
0
  0
LINE
  5
98A
330
1A
100
AcDbEntity
  8
BLACK
  6
CONTINUOUS
100
AcDbLine
 10
0.5658478346456692
 20
1.06361031496063
 30
0
 11
0.5636046456692914
 21
1.0567065748031497
 31
0
  0
LINE
  5
98B
330
1A
100
AcDbEntity
  8
BLACK
  6
CONTINUOUS
100
AcDbLine
 10
0.5636046456692914
 20
1.0567065748031497
 30
0
 11
0.5603091338582677
 21
1.0502387401574802
 31
0
  0
LINE
  5
98C
330
1A
100
AcDbEntity
  8
BLACK
  6
CONTINUOUS
100
AcDbLine
 10
0.5603091338582677
 20
1.0502387401574802
 30
0
 11
0.5560424015748031
 21
1.0443661023622046
 31
0
  0
LINE
  5
98D
330
1A
100
AcDbEntity
  8
BLACK
  6
CONTINUOUS
100
AcDbLine
 10
0.5560424015748031
 20
1.0443661023622046
 30
0
 11
0.5509094881889763
 21
1.039233188976378
 31
0
  0
LINE
  5
98E
330
1A
100
AcDbEntity
  8
BLACK
  6
CONTINUOUS
100
AcDbLine
 10
0.5509094881889763
 20
1.039233188976378
 30
0
 11
0.5450368503937008
 21
1.0349664566929133
 31
0
  0
LINE
  5
98F
330
1A
100
AcDbEntity
  8
BLACK
  6
CONTINUOUS
100
AcDbLine
 10
0.5450368503937008
 20
1.0349664566929133
 30
0
 11
0.5385690157480315
 21
1.0316709448818897
 31
0
  0
LINE
  5
990
330
1A
100
AcDbEntity
  8
BLACK
  6
CONTINUOUS
100
AcDbLine
 10
0.5385690157480315
 20
1.0316709448818897
 30
0
 11
0.5316652755905512
 21
1.0294277559055118
 31
0
  0
LINE
  5
991
330
1A
100
AcDbEntity
  8
BLACK
  6
CONTINUOUS
100
AcDbLine
 10
0.5316652755905512
 20
1.0294277559055118
 30
0
 11
0.5244956299212599
 21
1.0282922047244094
 31
0
  0
LINE
  5
992
330
1A
100
AcDbEntity
  8
BLACK
  6
CONTINUOUS
100
AcDbLine
 10
0.5244956299212599
 20
1.0282922047244094
 30
0
 11
0.5172366535433071
 21
1.0282922047244094
 31
0
  0
LINE
  5
993
330
1A
100
AcDbEntity
  8
BLACK
  6
CONTINUOUS
100
AcDbLine
 10
0.5172366535433071
 20
1.0282922047244094
 30
0
 11
0.5100670078740157
 21
1.0294277559055118
 31
0
  0
LINE
  5
994
330
1A
100
AcDbEntity
  8
BLACK
  6
CONTINUOUS
100
AcDbLine
 10
0.5100670078740157
 20
1.0294277559055118
 30
0
 11
0.5031632677165354
 21
1.0316709448818897
 31
0
  0
LINE
  5
995
330
1A
100
AcDbEntity
  8
BLACK
  6
CONTINUOUS
100
AcDbLine
 10
0.5031632677165354
 20
1.0316709448818897
 30
0
 11
0.4966954330708661
 21
1.0349664566929133
 31
0
  0
LINE
  5
996
330
1A
100
AcDbEntity
  8
BLACK
  6
CONTINUOUS
100
AcDbLine
 10
0.4966954330708661
 20
1.0349664566929133
 30
0
 11
0.4908227952755905
 21
1.039233188976378
 31
0
  0
LINE
  5
997
330
1A
100
AcDbEntity
  8
BLACK
  6
CONTINUOUS
100
AcDbLine
 10
0.4908227952755905
 20
1.039233188976378
 30
0
 11
0.4856898818897638
 21
1.0443661023622046
 31
0
  0
LINE
  5
998
330
1A
100
AcDbEntity
  8
BLACK
  6
CONTINUOUS
100
AcDbLine
 10
0.4856898818897638
 20
1.0443661023622046
 30
0
 11
0.4814231496062992
 21
1.0502387401574802
 31
0
  0
LINE
  5
999
330
1A
100
AcDbEntity
  8
BLACK
  6
CONTINUOUS
100
AcDbLine
 10
0.4814231496062992
 20
1.0502387401574802
 30
0
 11
0.4781276377952756
 21
1.0567065748031497
 31
0
  0
LINE
  5
99A
330
1A
100
AcDbEntity
  8
BLACK
  6
CONTINUOUS
100
AcDbLine
 10
0.4781276377952756
 20
1.0567065748031497
 30
0
 11
0.4758844488188976
 21
1.06361031496063
 31
0
  0
LINE
  5
99B
330
1A
100
AcDbEntity
  8
BLACK
  6
CONTINUOUS
100
AcDbLine
 10
0.4758844488188976
 20
1.06361031496063
 30
0
 11
0.4747488976377953
 21
1.0707799606299213
 31
0
  0
LINE
  5
99C
330
1A
100
AcDbEntity
  8
BLACK
  6
CONTINUOUS
100
AcDbLine
 10
0.4747488976377953
 20
1.0707799606299213
 30
0
 11
0.4747488976377953
 21
1.078038937007874
 31
0
  0
LINE
  5
99D
330
1A
100
AcDbEntity
  8
BLACK
  6
CONTINUOUS
100
AcDbLine
 10
0.4747488976377953
 20
1.078038937007874
 30
0
 11
0.4758844488188976
 21
1.0852085826771654
 31
0
  0
LINE
  5
99E
330
1A
100
AcDbEntity
  8
BLACK
  6
CONTINUOUS
100
AcDbLine
 10
0.4758844488188976
 20
1.0852085826771654
 30
0
 11
0.4781276377952756
 21
1.0921123228346457
 31
0
  0
LINE
  5
99F
330
1A
100
AcDbEntity
  8
BLACK
  6
CONTINUOUS
100
AcDbLine
 10
0.4781276377952756
 20
1.0921123228346457
 30
0
 11
0.4814231496062992
 21
1.0985801574803149
 31
0
  0
LINE
  5
9A0
330
1A
100
AcDbEntity
  8
BLACK
  6
CONTINUOUS
100
AcDbLine
 10
0.4814231496062992
 20
1.0985801574803149
 30
0
 11
0.4856898818897638
 21
1.1044527952755905
 31
0
  0
LINE
  5
9A1
330
1A
100
AcDbEntity
  8
BLACK
  6
CONTINUOUS
100
AcDbLine
 10
0.4856898818897638
 20
1.1044527952755905
 30
0
 11
0.4908227952755905
 21
1.1095857086614174
 31
0
  0
LINE
  5
9A2
330
1A
100
AcDbEntity
  8
BLACK
  6
CONTINUOUS
100
AcDbLine
 10
0.4908227952755905
 20
1.1095857086614174
 30
0
 11
0.4966954330708661
 21
1.1138524409448818
 31
0
  0
LINE
  5
9A3
330
1A
100
AcDbEntity
  8
BLACK
  6
CONTINUOUS
100
AcDbLine
 10
0.4966954330708661
 20
1.1138524409448818
 30
0
 11
0.5031632677165354
 21
1.1171479527559054
 31
0
  0
LINE
  5
9A4
330
1A
100
AcDbEntity
  8
BLACK
  6
CONTINUOUS
100
AcDbLine
 10
0.5031632677165354
 20
1.1171479527559054
 30
0
 11
0.5100670078740157
 21
1.1193911417322835
 31
0
  0
LINE
  5
9A5
330
1A
100
AcDbEntity
  8
BLACK
  6
CONTINUOUS
100
AcDbLine
 10
0.5100670078740157
 20
1.1193911417322835
 30
0
 11
0.5172366535433071
 21
1.1205266929133857
 31
0
  0
LINE
  5
9A6
330
1A
100
AcDbEntity
  8
BLACK
  6
CONTINUOUS
100
AcDbLine
 10
0.5172366535433071
 20
1.1205266929133857
 30
0
 11
0.5244956299212599
 21
1.1205266929133857
 31
0
  0
LINE
  5
9A7
330
1A
100
AcDbEntity
  8
BLACK
  6
CONTINUOUS
100
AcDbLine
 10
0.5244956299212599
 20
1.1205266929133857
 30
0
 11
0.5316652755905512
 21
1.1193911417322835
 31
0
  0
LINE
  5
9A8
330
1A
100
AcDbEntity
  8
BLACK
  6
CONTINUOUS
100
AcDbLine
 10
0.8641214566929134
 20
1.0866941338582676
 30
0
 11
0.8680921653543306
 21
1.0849409055118111
 31
0
  0
LINE
  5
9A9
330
1A
100
AcDbEntity
  8
BLACK
  6
CONTINUOUS
100
AcDbLine
 10
0.8680921653543306
 20
1.0849409055118111
 30
0
 11
0.8711613779527558
 21
1.0818716929133858
 31
0
  0
LINE
  5
9AA
330
1A
100
AcDbEntity
  8
BLACK
  6
CONTINUOUS
100
AcDbLine
 10
0.8711613779527558
 20
1.0818716929133858
 30
0
 11
0.8729146062992126
 21
1.0779009842519685
 31
0
  0
LINE
  5
9AB
330
1A
100
AcDbEntity
  8
BLACK
  6
CONTINUOUS
100
AcDbLine
 10
0.8729146062992126
 20
1.0779009842519685
 30
0
 11
0.8732283464566929
 21
1.0751968503937008
 31
0
  0
LINE
  5
9AC
330
1A
100
AcDbEntity
  8
BLACK
  6
CONTINUOUS
100
AcDbLine
 10
0.8732283464566929
 20
1.0751968503937008
 30
0
 11
0.8732283464566929
 21
1.0545275590551182
 31
0
  0
LINE
  5
9AD
330
1A
100
AcDbEntity
  8
BLACK
  6
CONTINUOUS
100
AcDbLine
 10
0.8732283464566929
 20
1.0545275590551182
 30
0
 11
0.8729146062992126
 21
1.0518234251968503
 31
0
  0
LINE
  5
9AE
330
1A
100
AcDbEntity
  8
BLACK
  6
CONTINUOUS
100
AcDbLine
 10
0.8729146062992126
 20
1.0518234251968503
 30
0
 11
0.8711613779527558
 21
1.047852716535433
 31
0
  0
LINE
  5
9AF
330
1A
100
AcDbEntity
  8
BLACK
  6
CONTINUOUS
100
AcDbLine
 10
0.8711613779527558
 20
1.047852716535433
 30
0
 11
0.8680921653543306
 21
1.0447835039370079
 31
0
  0
LINE
  5
9B0
330
1A
100
AcDbEntity
  8
BLACK
  6
CONTINUOUS
100
AcDbLine
 10
0.8680921653543306
 20
1.0447835039370079
 30
0
 11
0.8641214566929134
 21
1.0430302755905512
 31
0
  0
LINE
  5
9B1
330
1A
100
AcDbEntity
  8
BLACK
  6
CONTINUOUS
100
AcDbLine
 10
0.8641214566929134
 20
1.0430302755905512
 30
0
 11
0.8614173228346457
 21
1.0427165354330707
 31
0
  0
LINE
  5
9B2
330
1A
100
AcDbEntity
  8
BLACK
  6
CONTINUOUS
100
AcDbLine
 10
0.8614173228346457
 20
1.0427165354330707
 30
0
 11
0.8259842519685039
 21
1.0427165354330707
 31
0
  0
LINE
  5
9B3
330
1A
100
AcDbEntity
  8
BLACK
  6
CONTINUOUS
100
AcDbLine
 10
0.8259842519685039
 20
1.0427165354330707
 30
0
 11
0.8232801181102362
 21
1.0430302755905512
 31
0
  0
LINE
  5
9B4
330
1A
100
AcDbEntity
  8
BLACK
  6
CONTINUOUS
100
AcDbLine
 10
0.8232801181102362
 20
1.0430302755905512
 30
0
 11
0.8193094094488189
 21
1.0447835039370079
 31
0
  0
LINE
  5
9B5
330
1A
100
AcDbEntity
  8
BLACK
  6
CONTINUOUS
100
AcDbLine
 10
0.8193094094488189
 20
1.0447835039370079
 30
0
 11
0.8162401968503937
 21
1.047852716535433
 31
0
  0
LINE
  5
9B6
330
1A
100
AcDbEntity
  8
BLACK
  6
CONTINUOUS
100
AcDbLine
 10
0.8162401968503937
 20
1.047852716535433
 30
0
 11
0.814486968503937
 21
1.0518234251968503
 31
0
  0
LINE
  5
9B7
330
1A
100
AcDbEntity
  8
BLACK
  6
CONTINUOUS
100
AcDbLine
 10
0.814486968503937
 20
1.0518234251968503
 30
0
 11
0.8141732283464567
 21
1.0545275590551182
 31
0
  0
LINE
  5
9B8
330
1A
100
AcDbEntity
  8
BLACK
  6
CONTINUOUS
100
AcDbLine
 10
0.8141732283464567
 20
1.0545275590551182
 30
0
 11
0.8141732283464567
 21
1.0751968503937008
 31
0
  0
LINE
  5
9B9
330
1A
100
AcDbEntity
  8
BLACK
  6
CONTINUOUS
100
AcDbLine
 10
0.8141732283464567
 20
1.0751968503937008
 30
0
 11
0.814486968503937
 21
1.0779009842519685
 31
0
  0
LINE
  5
9BA
330
1A
100
AcDbEntity
  8
BLACK
  6
CONTINUOUS
100
AcDbLine
 10
0.814486968503937
 20
1.0779009842519685
 30
0
 11
0.8162401968503937
 21
1.0818716929133858
 31
0
  0
LINE
  5
9BB
330
1A
100
AcDbEntity
  8
BLACK
  6
CONTINUOUS
100
AcDbLine
 10
0.8162401968503937
 20
1.0818716929133858
 30
0
 11
0.8193094094488189
 21
1.0849409055118111
 31
0
  0
LINE
  5
9BC
330
1A
100
AcDbEntity
  8
BLACK
  6
CONTINUOUS
100
AcDbLine
 10
0.8193094094488189
 20
1.0849409055118111
 30
0
 11
0.8232801181102362
 21
1.0866941338582676
 31
0
  0
LINE
  5
9BD
330
1A
100
AcDbEntity
  8
BLACK
  6
CONTINUOUS
100
AcDbLine
 10
0.8232801181102362
 20
1.0866941338582676
 30
0
 11
0.8259842519685039
 21
1.0870078740157481
 31
0
  0
LINE
  5
9BE
330
1A
100
AcDbEntity
  8
BLACK
  6
CONTINUOUS
100
AcDbLine
 10
0.8259842519685039
 20
1.0870078740157481
 30
0
 11
0.8614173228346457
 21
1.0870078740157481
 31
0
  0
LINE
  5
9BF
330
1A
100
AcDbEntity
  8
BLACK
  6
CONTINUOUS
100
AcDbLine
 10
0.8614173228346457
 20
1.0870078740157481
 30
0
 11
0.8641214566929134
 21
1.0866941338582676
 31
0
  0
LINE
  5
9C0
330
1A
100
AcDbEntity
  8
BLACK
  6
CONTINUOUS
100
AcDbLine
 10
0.9467001968503936
 20
1.0860051574803149
 30
0
 11
0.950670905511811
 21
1.0842519291338581
 31
0
  0
LINE
  5
9C1
330
1A
100
AcDbEntity
  8
BLACK
  6
CONTINUOUS
100
AcDbLine
 10
0.950670905511811
 20
1.0842519291338581
 30
0
 11
0.9537401181102362
 21
1.0811827165354331
 31
0
  0
LINE
  5
9C2
330
1A
100
AcDbEntity
  8
BLACK
  6
CONTINUOUS
100
AcDbLine
 10
0.9537401181102362
 20
1.0811827165354331
 30
0
 11
0.9554933464566929
 21
1.0772120078740157
 31
0
  0
LINE
  5
9C3
330
1A
100
AcDbEntity
  8
BLACK
  6
CONTINUOUS
100
AcDbLine
 10
0.9554933464566929
 20
1.0772120078740157
 30
0
 11
0.9558070866141732
 21
1.0745078740157481
 31
0
  0
LINE
  5
9C4
330
1A
100
AcDbEntity
  8
BLACK
  6
CONTINUOUS
100
AcDbLine
 10
0.9558070866141732
 20
1.0745078740157481
 30
0
 11
0.9558070866141732
 21
1.0548228346456692
 31
0
  0
LINE
  5
9C5
330
1A
100
AcDbEntity
  8
BLACK
  6
CONTINUOUS
100
AcDbLine
 10
0.9558070866141732
 20
1.0548228346456692
 30
0
 11
0.9554933464566929
 21
1.0521187007874016
 31
0
  0
LINE
  5
9C6
330
1A
100
AcDbEntity
  8
BLACK
  6
CONTINUOUS
100
AcDbLine
 10
0.9554933464566929
 20
1.0521187007874016
 30
0
 11
0.9537401181102362
 21
1.0481479921259842
 31
0
  0
LINE
  5
9C7
330
1A
100
AcDbEntity
  8
BLACK
  6
CONTINUOUS
100
AcDbLine
 10
0.9537401181102362
 20
1.0481479921259842
 30
0
 11
0.950670905511811
 21
1.0450787795275591
 31
0
  0
LINE
  5
9C8
330
1A
100
AcDbEntity
  8
BLACK
  6
CONTINUOUS
100
AcDbLine
 10
0.950670905511811
 20
1.0450787795275591
 30
0
 11
0.9467001968503936
 21
1.0433255511811024
 31
0
  0
LINE
  5
9C9
330
1A
100
AcDbEntity
  8
BLACK
  6
CONTINUOUS
100
AcDbLine
 10
0.9467001968503936
 20
1.0433255511811024
 30
0
 11
0.943996062992126
 21
1.0430118110236219
 31
0
  0
LINE
  5
9CA
330
1A
100
AcDbEntity
  8
BLACK
  6
CONTINUOUS
100
AcDbLine
 10
0.943996062992126
 20
1.0430118110236219
 30
0
 11
0.9065944881889764
 21
1.0430118110236219
 31
0
  0
LINE
  5
9CB
330
1A
100
AcDbEntity
  8
BLACK
  6
CONTINUOUS
100
AcDbLine
 10
0.9065944881889764
 20
1.0430118110236219
 30
0
 11
0.9038903543307086
 21
1.0433255511811024
 31
0
  0
LINE
  5
9CC
330
1A
100
AcDbEntity
  8
BLACK
  6
CONTINUOUS
100
AcDbLine
 10
0.9038903543307086
 20
1.0433255511811024
 30
0
 11
0.8999196456692913
 21
1.0450787795275591
 31
0
  0
LINE
  5
9CD
330
1A
100
AcDbEntity
  8
BLACK
  6
CONTINUOUS
100
AcDbLine
 10
0.8999196456692913
 20
1.0450787795275591
 30
0
 11
0.8968504330708661
 21
1.0481479921259842
 31
0
  0
LINE
  5
9CE
330
1A
100
AcDbEntity
  8
BLACK
  6
CONTINUOUS
100
AcDbLine
 10
0.8968504330708661
 20
1.0481479921259842
 30
0
 11
0.8950972047244095
 21
1.0521187007874016
 31
0
  0
LINE
  5
9CF
330
1A
100
AcDbEntity
  8
BLACK
  6
CONTINUOUS
100
AcDbLine
 10
0.8950972047244095
 20
1.0521187007874016
 30
0
 11
0.8947834645669291
 21
1.0548228346456692
 31
0
  0
LINE
  5
9D0
330
1A
100
AcDbEntity
  8
BLACK
  6
CONTINUOUS
100
AcDbLine
 10
0.8947834645669291
 20
1.0548228346456692
 30
0
 11
0.8947834645669291
 21
1.0745078740157481
 31
0
  0
LINE
  5
9D1
330
1A
100
AcDbEntity
  8
BLACK
  6
CONTINUOUS
100
AcDbLine
 10
0.8947834645669291
 20
1.0745078740157481
 30
0
 11
0.8950972047244095
 21
1.0772120078740157
 31
0
  0
LINE
  5
9D2
330
1A
100
AcDbEntity
  8
BLACK
  6
CONTINUOUS
100
AcDbLine
 10
0.8950972047244095
 20
1.0772120078740157
 30
0
 11
0.8968504330708661
 21
1.0811827165354331
 31
0
  0
LINE
  5
9D3
330
1A
100
AcDbEntity
  8
BLACK
  6
CONTINUOUS
100
AcDbLine
 10
0.8968504330708661
 20
1.0811827165354331
 30
0
 11
0.8999196456692913
 21
1.0842519291338581
 31
0
  0
LINE
  5
9D4
330
1A
100
AcDbEntity
  8
BLACK
  6
CONTINUOUS
100
AcDbLine
 10
0.8999196456692913
 20
1.0842519291338581
 30
0
 11
0.9038903543307086
 21
1.0860051574803149
 31
0
  0
LINE
  5
9D5
330
1A
100
AcDbEntity
  8
BLACK
  6
CONTINUOUS
100
AcDbLine
 10
0.9038903543307086
 20
1.0860051574803149
 30
0
 11
0.9065944881889764
 21
1.0863188976377953
 31
0
  0
LINE
  5
9D6
330
1A
100
AcDbEntity
  8
BLACK
  6
CONTINUOUS
100
AcDbLine
 10
0.9065944881889764
 20
1.0863188976377953
 30
0
 11
0.943996062992126
 21
1.0863188976377953
 31
0
  0
LINE
  5
9D7
330
1A
100
AcDbEntity
  8
BLACK
  6
CONTINUOUS
100
AcDbLine
 10
0.943996062992126
 20
1.0863188976377953
 30
0
 11
0.9467001968503936
 21
1.0860051574803149
 31
0
  0
LINE
  5
9D8
330
1A
100
AcDbEntity
  8
BLACK
  6
CONTINUOUS
100
AcDbLine
 10
1.6614778346456693
 20
1.0778947244094488
 30
0
 11
1.6640323228346456
 21
1.0761878346456693
 31
0
  0
LINE
  5
9D9
330
1A
100
AcDbEntity
  8
BLACK
  6
CONTINUOUS
100
AcDbLine
 10
1.6640323228346456
 20
1.0761878346456693
 30
0
 11
1.6657392125984252
 21
1.0736333464566929
 31
0
  0
LINE
  5
9DA
330
1A
100
AcDbEntity
  8
BLACK
  6
CONTINUOUS
100
AcDbLine
 10
1.6657392125984252
 20
1.0736333464566929
 30
0
 11
1.6663385826771653
 21
1.0706200787401574
 31
0
  0
LINE
  5
9DB
330
1A
100
AcDbEntity
  8
BLACK
  6
CONTINUOUS
100
AcDbLine
 10
1.6663385826771653
 20
1.0706200787401574
 30
0
 11
1.6663385826771653
 21
1.0588090551181102
 31
0
  0
LINE
  5
9DC
330
1A
100
AcDbEntity
  8
BLACK
  6
CONTINUOUS
100
AcDbLine
 10
1.6663385826771653
 20
1.0588090551181102
 30
0
 11
1.6657392125984252
 21
1.0557957874015749
 31
0
  0
LINE
  5
9DD
330
1A
100
AcDbEntity
  8
BLACK
  6
CONTINUOUS
100
AcDbLine
 10
1.6657392125984252
 20
1.0557957874015749
 30
0
 11
1.6640323228346456
 21
1.0532412992125983
 31
0
  0
LINE
  5
9DE
330
1A
100
AcDbEntity
  8
BLACK
  6
CONTINUOUS
100
AcDbLine
 10
1.6640323228346456
 20
1.0532412992125983
 30
0
 11
1.6614778346456693
 21
1.0515344094488188
 31
0
  0
LINE
  5
9DF
330
1A
100
AcDbEntity
  8
BLACK
  6
CONTINUOUS
100
AcDbLine
 10
1.6614778346456693
 20
1.0515344094488188
 30
0
 11
1.6584645669291338
 21
1.0509350393700787
 31
0
  0
LINE
  5
9E0
330
1A
100
AcDbEntity
  8
BLACK
  6
CONTINUOUS
100
AcDbLine
 10
1.6584645669291338
 20
1.0509350393700787
 30
0
 11
1.6122047244094488
 21
1.0509350393700787
 31
0
  0
LINE
  5
9E1
330
1A
100
AcDbEntity
  8
BLACK
  6
CONTINUOUS
100
AcDbLine
 10
1.6122047244094488
 20
1.0509350393700787
 30
0
 11
1.6091914566929133
 21
1.0515344094488188
 31
0
  0
LINE
  5
9E2
330
1A
100
AcDbEntity
  8
BLACK
  6
CONTINUOUS
100
AcDbLine
 10
1.6091914566929133
 20
1.0515344094488188
 30
0
 11
1.606636968503937
 21
1.0532412992125983
 31
0
  0
LINE
  5
9E3
330
1A
100
AcDbEntity
  8
BLACK
  6
CONTINUOUS
100
AcDbLine
 10
1.606636968503937
 20
1.0532412992125983
 30
0
 11
1.6049300787401575
 21
1.0557957874015749
 31
0
  0
LINE
  5
9E4
330
1A
100
AcDbEntity
  8
BLACK
  6
CONTINUOUS
100
AcDbLine
 10
1.6049300787401575
 20
1.0557957874015749
 30
0
 11
1.6043307086614174
 21
1.0588090551181102
 31
0
  0
LINE
  5
9E5
330
1A
100
AcDbEntity
  8
BLACK
  6
CONTINUOUS
100
AcDbLine
 10
1.6043307086614174
 20
1.0588090551181102
 30
0
 11
1.6043307086614174
 21
1.0706200787401574
 31
0
  0
LINE
  5
9E6
330
1A
100
AcDbEntity
  8
BLACK
  6
CONTINUOUS
100
AcDbLine
 10
1.6043307086614174
 20
1.0706200787401574
 30
0
 11
1.6049300787401575
 21
1.0736333464566929
 31
0
  0
LINE
  5
9E7
330
1A
100
AcDbEntity
  8
BLACK
  6
CONTINUOUS
100
AcDbLine
 10
1.6049300787401575
 20
1.0736333464566929
 30
0
 11
1.606636968503937
 21
1.0761878346456693
 31
0
  0
LINE
  5
9E8
330
1A
100
AcDbEntity
  8
BLACK
  6
CONTINUOUS
100
AcDbLine
 10
1.606636968503937
 20
1.0761878346456693
 30
0
 11
1.6091914566929133
 21
1.0778947244094488
 31
0
  0
LINE
  5
9E9
330
1A
100
AcDbEntity
  8
BLACK
  6
CONTINUOUS
100
AcDbLine
 10
1.6091914566929133
 20
1.0778947244094488
 30
0
 11
1.6122047244094488
 21
1.0784940944881889
 31
0
  0
LINE
  5
9EA
330
1A
100
AcDbEntity
  8
BLACK
  6
CONTINUOUS
100
AcDbLine
 10
1.6122047244094488
 20
1.0784940944881889
 30
0
 11
1.6584645669291338
 21
1.0784940944881889
 31
0
  0
LINE
  5
9EB
330
1A
100
AcDbEntity
  8
BLACK
  6
CONTINUOUS
100
AcDbLine
 10
1.6584645669291338
 20
1.0784940944881889
 30
0
 11
1.6614778346456693
 21
1.0778947244094488
 31
0
  0
LINE
  5
9EC
330
1A
100
AcDbEntity
  8
BLACK
  6
CONTINUOUS
100
AcDbLine
 10
1.3709127952755906
 20
1.1101193307086614
 30
0
 11
1.3748835039370078
 21
1.1083661023622047
 31
0
  0
LINE
  5
9ED
330
1A
100
AcDbEntity
  8
BLACK
  6
CONTINUOUS
100
AcDbLine
 10
1.3748835039370078
 20
1.1083661023622047
 30
0
 11
1.3779527165354331
 21
1.1052968897637796
 31
0
  0
LINE
  5
9EE
330
1A
100
AcDbEntity
  8
BLACK
  6
CONTINUOUS
100
AcDbLine
 10
1.3779527165354331
 20
1.1052968897637796
 30
0
 11
1.3797059448818898
 21
1.1013261811023622
 31
0
  0
LINE
  5
9EF
330
1A
100
AcDbEntity
  8
BLACK
  6
CONTINUOUS
100
AcDbLine
 10
1.3797059448818898
 20
1.1013261811023622
 30
0
 11
1.38001968503937
 21
1.0986220472440944
 31
0
  0
LINE
  5
9F0
330
1A
100
AcDbEntity
  8
BLACK
  6
CONTINUOUS
100
AcDbLine
 10
1.38001968503937
 20
1.0986220472440944
 30
0
 11
1.38001968503937
 21
1.0651574803149606
 31
0
  0
LINE
  5
9F1
330
1A
100
AcDbEntity
  8
BLACK
  6
CONTINUOUS
100
AcDbLine
 10
1.38001968503937
 20
1.0651574803149606
 30
0
 11
1.3797059448818898
 21
1.062453346456693
 31
0
  0
LINE
  5
9F2
330
1A
100
AcDbEntity
  8
BLACK
  6
CONTINUOUS
100
AcDbLine
 10
1.3797059448818898
 20
1.062453346456693
 30
0
 11
1.3779527165354331
 21
1.0584826377952756
 31
0
  0
LINE
  5
9F3
330
1A
100
AcDbEntity
  8
BLACK
  6
CONTINUOUS
100
AcDbLine
 10
1.3779527165354331
 20
1.0584826377952756
 30
0
 11
1.3748835039370078
 21
1.0554134251968503
 31
0
  0
LINE
  5
9F4
330
1A
100
AcDbEntity
  8
BLACK
  6
CONTINUOUS
100
AcDbLine
 10
1.3748835039370078
 20
1.0554134251968503
 30
0
 11
1.3709127952755906
 21
1.0536601968503936
 31
0
  0
LINE
  5
9F5
330
1A
100
AcDbEntity
  8
BLACK
  6
CONTINUOUS
100
AcDbLine
 10
1.3709127952755906
 20
1.0536601968503936
 30
0
 11
1.3682086614173228
 21
1.0533464566929134
 31
0
  0
LINE
  5
9F6
330
1A
100
AcDbEntity
  8
BLACK
  6
CONTINUOUS
100
AcDbLine
 10
1.3682086614173228
 20
1.0533464566929134
 30
0
 11
1.3327755905511811
 21
1.0533464566929134
 31
0
  0
LINE
  5
9F7
330
1A
100
AcDbEntity
  8
BLACK
  6
CONTINUOUS
100
AcDbLine
 10
1.3327755905511811
 20
1.0533464566929134
 30
0
 11
1.3300714566929133
 21
1.0536601968503936
 31
0
  0
LINE
  5
9F8
330
1A
100
AcDbEntity
  8
BLACK
  6
CONTINUOUS
100
AcDbLine
 10
1.3300714566929133
 20
1.0536601968503936
 30
0
 11
1.3261007480314961
 21
1.0554134251968503
 31
0
  0
LINE
  5
9F9
330
1A
100
AcDbEntity
  8
BLACK
  6
CONTINUOUS
100
AcDbLine
 10
1.3261007480314961
 20
1.0554134251968503
 30
0
 11
1.3230315354330708
 21
1.0584826377952756
 31
0
  0
LINE
  5
9FA
330
1A
100
AcDbEntity
  8
BLACK
  6
CONTINUOUS
100
AcDbLine
 10
1.3230315354330708
 20
1.0584826377952756
 30
0
 11
1.3212783070866141
 21
1.062453346456693
 31
0
  0
LINE
  5
9FB
330
1A
100
AcDbEntity
  8
BLACK
  6
CONTINUOUS
100
AcDbLine
 10
1.3212783070866141
 20
1.062453346456693
 30
0
 11
1.3209645669291339
 21
1.0651574803149606
 31
0
  0
LINE
  5
9FC
330
1A
100
AcDbEntity
  8
BLACK
  6
CONTINUOUS
100
AcDbLine
 10
1.3209645669291339
 20
1.0651574803149606
 30
0
 11
1.3209645669291339
 21
1.0986220472440944
 31
0
  0
LINE
  5
9FD
330
1A
100
AcDbEntity
  8
BLACK
  6
CONTINUOUS
100
AcDbLine
 10
1.3209645669291339
 20
1.0986220472440944
 30
0
 11
1.3212783070866141
 21
1.1013261811023622
 31
0
  0
LINE
  5
9FE
330
1A
100
AcDbEntity
  8
BLACK
  6
CONTINUOUS
100
AcDbLine
 10
1.3212783070866141
 20
1.1013261811023622
 30
0
 11
1.3230315354330708
 21
1.1052968897637796
 31
0
  0
LINE
  5
9FF
330
1A
100
AcDbEntity
  8
BLACK
  6
CONTINUOUS
100
AcDbLine
 10
1.3230315354330708
 20
1.1052968897637796
 30
0
 11
1.3261007480314961
 21
1.1083661023622047
 31
0
  0
LINE
  5
A00
330
1A
100
AcDbEntity
  8
BLACK
  6
CONTINUOUS
100
AcDbLine
 10
1.3261007480314961
 20
1.1083661023622047
 30
0
 11
1.3300714566929133
 21
1.1101193307086614
 31
0
  0
LINE
  5
A01
330
1A
100
AcDbEntity
  8
BLACK
  6
CONTINUOUS
100
AcDbLine
 10
1.3300714566929133
 20
1.1101193307086614
 30
0
 11
1.3327755905511811
 21
1.1104330708661416
 31
0
  0
LINE
  5
A02
330
1A
100
AcDbEntity
  8
BLACK
  6
CONTINUOUS
100
AcDbLine
 10
1.3327755905511811
 20
1.1104330708661416
 30
0
 11
1.3682086614173228
 21
1.1104330708661416
 31
0
  0
LINE
  5
A03
330
1A
100
AcDbEntity
  8
BLACK
  6
CONTINUOUS
100
AcDbLine
 10
1.3682086614173228
 20
1.1104330708661416
 30
0
 11
1.3709127952755906
 21
1.1101193307086614
 31
0
  0
LINE
  5
A04
330
1A
100
AcDbEntity
  8
BLACK
  6
CONTINUOUS
100
AcDbLine
 10
1.4772120078740156
 20
1.1101193307086614
 30
0
 11
1.481182716535433
 21
1.1083661023622047
 31
0
  0
LINE
  5
A05
330
1A
100
AcDbEntity
  8
BLACK
  6
CONTINUOUS
100
AcDbLine
 10
1.481182716535433
 20
1.1083661023622047
 30
0
 11
1.4842519291338583
 21
1.1052968897637796
 31
0
  0
LINE
  5
A06
330
1A
100
AcDbEntity
  8
BLACK
  6
CONTINUOUS
100
AcDbLine
 10
1.4842519291338583
 20
1.1052968897637796
 30
0
 11
1.486005157480315
 21
1.1013261811023622
 31
0
  0
LINE
  5
A07
330
1A
100
AcDbEntity
  8
BLACK
  6
CONTINUOUS
100
AcDbLine
 10
1.486005157480315
 20
1.1013261811023622
 30
0
 11
1.4863188976377952
 21
1.0986220472440944
 31
0
  0
LINE
  5
A08
330
1A
100
AcDbEntity
  8
BLACK
  6
CONTINUOUS
100
AcDbLine
 10
1.4863188976377952
 20
1.0986220472440944
 30
0
 11
1.4863188976377952
 21
1.0651574803149606
 31
0
  0
LINE
  5
A09
330
1A
100
AcDbEntity
  8
BLACK
  6
CONTINUOUS
100
AcDbLine
 10
1.4863188976377952
 20
1.0651574803149606
 30
0
 11
1.486005157480315
 21
1.062453346456693
 31
0
  0
LINE
  5
A0A
330
1A
100
AcDbEntity
  8
BLACK
  6
CONTINUOUS
100
AcDbLine
 10
1.486005157480315
 20
1.062453346456693
 30
0
 11
1.4842519291338583
 21
1.0584826377952756
 31
0
  0
LINE
  5
A0B
330
1A
100
AcDbEntity
  8
BLACK
  6
CONTINUOUS
100
AcDbLine
 10
1.4842519291338583
 20
1.0584826377952756
 30
0
 11
1.481182716535433
 21
1.0554134251968503
 31
0
  0
LINE
  5
A0C
330
1A
100
AcDbEntity
  8
BLACK
  6
CONTINUOUS
100
AcDbLine
 10
1.481182716535433
 20
1.0554134251968503
 30
0
 11
1.4772120078740156
 21
1.0536601968503936
 31
0
  0
LINE
  5
A0D
330
1A
100
AcDbEntity
  8
BLACK
  6
CONTINUOUS
100
AcDbLine
 10
1.4772120078740156
 20
1.0536601968503936
 30
0
 11
1.474507874015748
 21
1.0533464566929134
 31
0
  0
LINE
  5
A0E
330
1A
100
AcDbEntity
  8
BLACK
  6
CONTINUOUS
100
AcDbLine
 10
1.474507874015748
 20
1.0533464566929134
 30
0
 11
1.4390748031496063
 21
1.0533464566929134
 31
0
  0
LINE
  5
A0F
330
1A
100
AcDbEntity
  8
BLACK
  6
CONTINUOUS
100
AcDbLine
 10
1.4390748031496063
 20
1.0533464566929134
 30
0
 11
1.4363706692913385
 21
1.0536601968503936
 31
0
  0
LINE
  5
A10
330
1A
100
AcDbEntity
  8
BLACK
  6
CONTINUOUS
100
AcDbLine
 10
1.4363706692913385
 20
1.0536601968503936
 30
0
 11
1.4323999606299211
 21
1.0554134251968503
 31
0
  0
LINE
  5
A11
330
1A
100
AcDbEntity
  8
BLACK
  6
CONTINUOUS
100
AcDbLine
 10
1.4323999606299211
 20
1.0554134251968503
 30
0
 11
1.4293307480314961
 21
1.0584826377952756
 31
0
  0
LINE
  5
A12
330
1A
100
AcDbEntity
  8
BLACK
  6
CONTINUOUS
100
AcDbLine
 10
1.4293307480314961
 20
1.0584826377952756
 30
0
 11
1.4275775196850393
 21
1.062453346456693
 31
0
  0
LINE
  5
A13
330
1A
100
AcDbEntity
  8
BLACK
  6
CONTINUOUS
100
AcDbLine
 10
1.4275775196850393
 20
1.062453346456693
 30
0
 11
1.4272637795275591
 21
1.0651574803149606
 31
0
  0
LINE
  5
A14
330
1A
100
AcDbEntity
  8
BLACK
  6
CONTINUOUS
100
AcDbLine
 10
1.4272637795275591
 20
1.0651574803149606
 30
0
 11
1.4272637795275591
 21
1.0986220472440944
 31
0
  0
LINE
  5
A15
330
1A
100
AcDbEntity
  8
BLACK
  6
CONTINUOUS
100
AcDbLine
 10
1.4272637795275591
 20
1.0986220472440944
 30
0
 11
1.4275775196850393
 21
1.1013261811023622
 31
0
  0
LINE
  5
A16
330
1A
100
AcDbEntity
  8
BLACK
  6
CONTINUOUS
100
AcDbLine
 10
1.4275775196850393
 20
1.1013261811023622
 30
0
 11
1.4293307480314961
 21
1.1052968897637796
 31
0
  0
LINE
  5
A17
330
1A
100
AcDbEntity
  8
BLACK
  6
CONTINUOUS
100
AcDbLine
 10
1.4293307480314961
 20
1.1052968897637796
 30
0
 11
1.4323999606299211
 21
1.1083661023622047
 31
0
  0
LINE
  5
A18
330
1A
100
AcDbEntity
  8
BLACK
  6
CONTINUOUS
100
AcDbLine
 10
1.4323999606299211
 20
1.1083661023622047
 30
0
 11
1.4363706692913385
 21
1.1101193307086614
 31
0
  0
LINE
  5
A19
330
1A
100
AcDbEntity
  8
BLACK
  6
CONTINUOUS
100
AcDbLine
 10
1.4363706692913385
 20
1.1101193307086614
 30
0
 11
1.4390748031496063
 21
1.1104330708661416
 31
0
  0
LINE
  5
A1A
330
1A
100
AcDbEntity
  8
BLACK
  6
CONTINUOUS
100
AcDbLine
 10
1.4390748031496063
 20
1.1104330708661416
 30
0
 11
1.474507874015748
 21
1.1104330708661416
 31
0
  0
LINE
  5
A1B
330
1A
100
AcDbEntity
  8
BLACK
  6
CONTINUOUS
100
AcDbLine
 10
1.474507874015748
 20
1.1104330708661416
 30
0
 11
1.4772120078740156
 21
1.1101193307086614
 31
0
  0
LINE
  5
A1C
330
1A
100
AcDbEntity
  8
BLACK
  6
CONTINUOUS
100
AcDbLine
 10
2.0353964173228345
 20
1.2434997637795275
 30
0
 11
2.0366992125984251
 21
1.2426292519685038
 31
0
  0
LINE
  5
A1D
330
1A
100
AcDbEntity
  8
BLACK
  6
CONTINUOUS
100
AcDbLine
 10
2.0366992125984251
 20
1.2426292519685038
 30
0
 11
2.0375697244094488
 21
1.2413264566929134
 31
0
  0
LINE
  5
A1E
330
1A
100
AcDbEntity
  8
BLACK
  6
CONTINUOUS
100
AcDbLine
 10
2.0375697244094488
 20
1.2413264566929134
 30
0
 11
2.0378753937007872
 21
1.2397896850393701
 31
0
  0
LINE
  5
A1F
330
1A
100
AcDbEntity
  8
BLACK
  6
CONTINUOUS
100
AcDbLine
 10
2.0378753937007872
 20
1.2397896850393701
 30
0
 11
2.0378753937007872
 21
1.2220731496062991
 31
0
  0
LINE
  5
A20
330
1A
100
AcDbEntity
  8
BLACK
  6
CONTINUOUS
100
AcDbLine
 10
2.0378753937007872
 20
1.2220731496062991
 30
0
 11
2.0375697244094488
 21
1.2205363779527558
 31
0
  0
LINE
  5
A21
330
1A
100
AcDbEntity
  8
BLACK
  6
CONTINUOUS
100
AcDbLine
 10
2.0375697244094488
 20
1.2205363779527558
 30
0
 11
2.0366992125984251
 21
1.2192335826771654
 31
0
  0
LINE
  5
A22
330
1A
100
AcDbEntity
  8
BLACK
  6
CONTINUOUS
100
AcDbLine
 10
2.0366992125984251
 20
1.2192335826771654
 30
0
 11
2.0353964173228345
 21
1.2183630708661417
 31
0
  0
LINE
  5
A23
330
1A
100
AcDbEntity
  8
BLACK
  6
CONTINUOUS
100
AcDbLine
 10
2.0353964173228345
 20
1.2183630708661417
 30
0
 11
2.0342555118110237
 21
1.2181361417322834
 31
0
  0
LINE
  5
A24
330
1A
100
AcDbEntity
  8
BLACK
  6
CONTINUOUS
100
AcDbLine
 10
2.0342555118110237
 20
1.2181361417322834
 30
0
 11
2.0353964173228345
 21
1.2179092125984252
 31
0
  0
LINE
  5
A25
330
1A
100
AcDbEntity
  8
BLACK
  6
CONTINUOUS
100
AcDbLine
 10
2.0353964173228345
 20
1.2179092125984252
 30
0
 11
2.0366992125984251
 21
1.2170387007874015
 31
0
  0
LINE
  5
A26
330
1A
100
AcDbEntity
  8
BLACK
  6
CONTINUOUS
100
AcDbLine
 10
2.0366992125984251
 20
1.2170387007874015
 30
0
 11
2.0375697244094488
 21
1.2157359055118111
 31
0
  0
LINE
  5
A27
330
1A
100
AcDbEntity
  8
BLACK
  6
CONTINUOUS
100
AcDbLine
 10
2.0375697244094488
 20
1.2157359055118111
 30
0
 11
2.0378753937007872
 21
1.2141991338582676
 31
0
  0
LINE
  5
A28
330
1A
100
AcDbEntity
  8
BLACK
  6
CONTINUOUS
100
AcDbLine
 10
2.0378753937007872
 20
1.2141991338582676
 30
0
 11
2.0378753937007872
 21
1.1964825984251968
 31
0
  0
LINE
  5
A29
330
1A
100
AcDbEntity
  8
BLACK
  6
CONTINUOUS
100
AcDbLine
 10
2.0378753937007872
 20
1.1964825984251968
 30
0
 11
2.0375697244094488
 21
1.1949458267716535
 31
0
  0
LINE
  5
A2A
330
1A
100
AcDbEntity
  8
BLACK
  6
CONTINUOUS
100
AcDbLine
 10
2.0375697244094488
 20
1.1949458267716535
 30
0
 11
2.0366992125984251
 21
1.1936430314960629
 31
0
  0
LINE
  5
A2B
330
1A
100
AcDbEntity
  8
BLACK
  6
CONTINUOUS
100
AcDbLine
 10
2.0366992125984251
 20
1.1936430314960629
 30
0
 11
2.0353964173228345
 21
1.1927725196850394
 31
0
  0
LINE
  5
A2C
330
1A
100
AcDbEntity
  8
BLACK
  6
CONTINUOUS
100
AcDbLine
 10
2.0353964173228345
 20
1.1927725196850394
 30
0
 11
2.0342555118110237
 21
1.192545590551181
 31
0
  0
LINE
  5
A2D
330
1A
100
AcDbEntity
  8
BLACK
  6
CONTINUOUS
100
AcDbLine
 10
2.0342555118110237
 20
1.192545590551181
 30
0
 11
2.0353964173228345
 21
1.1923186614173229
 31
0
  0
LINE
  5
A2E
330
1A
100
AcDbEntity
  8
BLACK
  6
CONTINUOUS
100
AcDbLine
 10
2.0353964173228345
 20
1.1923186614173229
 30
0
 11
2.0366992125984251
 21
1.1914481496062992
 31
0
  0
LINE
  5
A2F
330
1A
100
AcDbEntity
  8
BLACK
  6
CONTINUOUS
100
AcDbLine
 10
2.0366992125984251
 20
1.1914481496062992
 30
0
 11
2.0375697244094488
 21
1.1901453543307086
 31
0
  0
LINE
  5
A30
330
1A
100
AcDbEntity
  8
BLACK
  6
CONTINUOUS
100
AcDbLine
 10
2.0375697244094488
 20
1.1901453543307086
 30
0
 11
2.0378753937007872
 21
1.1886085826771653
 31
0
  0
LINE
  5
A31
330
1A
100
AcDbEntity
  8
BLACK
  6
CONTINUOUS
100
AcDbLine
 10
2.0378753937007872
 20
1.1886085826771653
 30
0
 11
2.0378753937007872
 21
1.1708920472440945
 31
0
  0
LINE
  5
A32
330
1A
100
AcDbEntity
  8
BLACK
  6
CONTINUOUS
100
AcDbLine
 10
2.0378753937007872
 20
1.1708920472440945
 30
0
 11
2.0375697244094488
 21
1.1693552755905512
 31
0
  0
LINE
  5
A33
330
1A
100
AcDbEntity
  8
BLACK
  6
CONTINUOUS
100
AcDbLine
 10
2.0375697244094488
 20
1.1693552755905512
 30
0
 11
2.0366992125984251
 21
1.1680524803149606
 31
0
  0
LINE
  5
A34
330
1A
100
AcDbEntity
  8
BLACK
  6
CONTINUOUS
100
AcDbLine
 10
2.0366992125984251
 20
1.1680524803149606
 30
0
 11
2.0353964173228345
 21
1.1671819685039371
 31
0
  0
LINE
  5
A35
330
1A
100
AcDbEntity
  8
BLACK
  6
CONTINUOUS
100
AcDbLine
 10
2.0353964173228345
 20
1.1671819685039371
 30
0
 11
2.0342555118110237
 21
1.1669550393700787
 31
0
  0
LINE
  5
A36
330
1A
100
AcDbEntity
  8
BLACK
  6
CONTINUOUS
100
AcDbLine
 10
2.0342555118110237
 20
1.1669550393700787
 30
0
 11
2.0353964173228345
 21
1.1667281102362204
 31
0
  0
LINE
  5
A37
330
1A
100
AcDbEntity
  8
BLACK
  6
CONTINUOUS
100
AcDbLine
 10
2.0353964173228345
 20
1.1667281102362204
 30
0
 11
2.0366992125984251
 21
1.1658575984251969
 31
0
  0
LINE
  5
A38
330
1A
100
AcDbEntity
  8
BLACK
  6
CONTINUOUS
100
AcDbLine
 10
2.0366992125984251
 20
1.1658575984251969
 30
0
 11
2.0375697244094488
 21
1.1645548031496062
 31
0
  0
LINE
  5
A39
330
1A
100
AcDbEntity
  8
BLACK
  6
CONTINUOUS
100
AcDbLine
 10
2.0375697244094488
 20
1.1645548031496062
 30
0
 11
2.0378753937007872
 21
1.163018031496063
 31
0
  0
LINE
  5
A3A
330
1A
100
AcDbEntity
  8
BLACK
  6
CONTINUOUS
100
AcDbLine
 10
2.0378753937007872
 20
1.163018031496063
 30
0
 11
2.0378753937007872
 21
1.1453014960629921
 31
0
  0
LINE
  5
A3B
330
1A
100
AcDbEntity
  8
BLACK
  6
CONTINUOUS
100
AcDbLine
 10
2.0378753937007872
 20
1.1453014960629921
 30
0
 11
2.0375697244094488
 21
1.1437647244094489
 31
0
  0
LINE
  5
A3C
330
1A
100
AcDbEntity
  8
BLACK
  6
CONTINUOUS
100
AcDbLine
 10
2.0375697244094488
 20
1.1437647244094489
 30
0
 11
2.0366992125984251
 21
1.1424619291338582
 31
0
  0
LINE
  5
A3D
330
1A
100
AcDbEntity
  8
BLACK
  6
CONTINUOUS
100
AcDbLine
 10
2.0366992125984251
 20
1.1424619291338582
 30
0
 11
2.0353964173228345
 21
1.1415914173228345
 31
0
  0
LINE
  5
A3E
330
1A
100
AcDbEntity
  8
BLACK
  6
CONTINUOUS
100
AcDbLine
 10
2.0353964173228345
 20
1.1415914173228345
 30
0
 11
2.0342555118110237
 21
1.1413644881889764
 31
0
  0
LINE
  5
A3F
330
1A
100
AcDbEntity
  8
BLACK
  6
CONTINUOUS
100
AcDbLine
 10
2.0342555118110237
 20
1.1413644881889764
 30
0
 11
2.0353964173228345
 21
1.141137559055118
 31
0
  0
LINE
  5
A40
330
1A
100
AcDbEntity
  8
BLACK
  6
CONTINUOUS
100
AcDbLine
 10
2.0353964173228345
 20
1.141137559055118
 30
0
 11
2.0366992125984251
 21
1.1402670472440946
 31
0
  0
LINE
  5
A41
330
1A
100
AcDbEntity
  8
BLACK
  6
CONTINUOUS
100
AcDbLine
 10
2.0366992125984251
 20
1.1402670472440946
 30
0
 11
2.0375697244094488
 21
1.1389642519685039
 31
0
  0
LINE
  5
A42
330
1A
100
AcDbEntity
  8
BLACK
  6
CONTINUOUS
100
AcDbLine
 10
2.0375697244094488
 20
1.1389642519685039
 30
0
 11
2.0378753937007872
 21
1.1374274803149607
 31
0
  0
LINE
  5
A43
330
1A
100
AcDbEntity
  8
BLACK
  6
CONTINUOUS
100
AcDbLine
 10
2.0378753937007872
 20
1.1374274803149607
 30
0
 11
2.0378753937007872
 21
1.1197109448818898
 31
0
  0
LINE
  5
A44
330
1A
100
AcDbEntity
  8
BLACK
  6
CONTINUOUS
100
AcDbLine
 10
2.0378753937007872
 20
1.1197109448818898
 30
0
 11
2.0375697244094488
 21
1.1181741732283463
 31
0
  0
LINE
  5
A45
330
1A
100
AcDbEntity
  8
BLACK
  6
CONTINUOUS
100
AcDbLine
 10
2.0375697244094488
 20
1.1181741732283463
 30
0
 11
2.0366992125984251
 21
1.1168713779527559
 31
0
  0
LINE
  5
A46
330
1A
100
AcDbEntity
  8
BLACK
  6
CONTINUOUS
100
AcDbLine
 10
2.0366992125984251
 20
1.1168713779527559
 30
0
 11
2.0353964173228345
 21
1.1160008661417322
 31
0
  0
LINE
  5
A47
330
1A
100
AcDbEntity
  8
BLACK
  6
CONTINUOUS
100
AcDbLine
 10
2.0353964173228345
 20
1.1160008661417322
 30
0
 11
2.0342555118110237
 21
1.1157739370078741
 31
0
  0
LINE
  5
A48
330
1A
100
AcDbEntity
  8
BLACK
  6
CONTINUOUS
100
AcDbLine
 10
2.0342555118110237
 20
1.1157739370078741
 30
0
 11
2.0353964173228345
 21
1.1155470078740157
 31
0
  0
LINE
  5
A49
330
1A
100
AcDbEntity
  8
BLACK
  6
CONTINUOUS
100
AcDbLine
 10
2.0353964173228345
 20
1.1155470078740157
 30
0
 11
2.0366992125984251
 21
1.114676496062992
 31
0
  0
LINE
  5
A4A
330
1A
100
AcDbEntity
  8
BLACK
  6
CONTINUOUS
100
AcDbLine
 10
2.0366992125984251
 20
1.114676496062992
 30
0
 11
2.0375697244094488
 21
1.1133737007874016
 31
0
  0
LINE
  5
A4B
330
1A
100
AcDbEntity
  8
BLACK
  6
CONTINUOUS
100
AcDbLine
 10
2.0375697244094488
 20
1.1133737007874016
 30
0
 11
2.0378753937007872
 21
1.1118369291338583
 31
0
  0
LINE
  5
A4C
330
1A
100
AcDbEntity
  8
BLACK
  6
CONTINUOUS
100
AcDbLine
 10
2.0378753937007872
 20
1.1118369291338583
 30
0
 11
2.0378753937007872
 21
1.0941203937007873
 31
0
  0
LINE
  5
A4D
330
1A
100
AcDbEntity
  8
BLACK
  6
CONTINUOUS
100
AcDbLine
 10
2.0378753937007872
 20
1.0941203937007873
 30
0
 11
2.0375697244094488
 21
1.092583622047244
 31
0
  0
LINE
  5
A4E
330
1A
100
AcDbEntity
  8
BLACK
  6
CONTINUOUS
100
AcDbLine
 10
2.0375697244094488
 20
1.092583622047244
 30
0
 11
2.0366992125984251
 21
1.0912808267716536
 31
0
  0
LINE
  5
A4F
330
1A
100
AcDbEntity
  8
BLACK
  6
CONTINUOUS
100
AcDbLine
 10
2.0366992125984251
 20
1.0912808267716536
 30
0
 11
2.0353964173228345
 21
1.0904103149606299
 31
0
  0
LINE
  5
A50
330
1A
100
AcDbEntity
  8
BLACK
  6
CONTINUOUS
100
AcDbLine
 10
2.0353964173228345
 20
1.0904103149606299
 30
0
 11
2.0342555118110237
 21
1.0901833858267715
 31
0
  0
LINE
  5
A51
330
1A
100
AcDbEntity
  8
BLACK
  6
CONTINUOUS
100
AcDbLine
 10
2.0342555118110237
 20
1.0901833858267715
 30
0
 11
2.0353964173228345
 21
1.0899564566929134
 31
0
  0
LINE
  5
A52
330
1A
100
AcDbEntity
  8
BLACK
  6
CONTINUOUS
100
AcDbLine
 10
2.0353964173228345
 20
1.0899564566929134
 30
0
 11
2.0366992125984251
 21
1.0890859448818897
 31
0
  0
LINE
  5
A53
330
1A
100
AcDbEntity
  8
BLACK
  6
CONTINUOUS
100
AcDbLine
 10
2.0366992125984251
 20
1.0890859448818897
 30
0
 11
2.0375697244094488
 21
1.0877831496062993
 31
0
  0
LINE
  5
A54
330
1A
100
AcDbEntity
  8
BLACK
  6
CONTINUOUS
100
AcDbLine
 10
2.0375697244094488
 20
1.0877831496062993
 30
0
 11
2.0378753937007872
 21
1.0862463779527558
 31
0
  0
LINE
  5
A55
330
1A
100
AcDbEntity
  8
BLACK
  6
CONTINUOUS
100
AcDbLine
 10
2.0378753937007872
 20
1.0862463779527558
 30
0
 11
2.0378753937007872
 21
1.068529842519685
 31
0
  0
LINE
  5
A56
330
1A
100
AcDbEntity
  8
BLACK
  6
CONTINUOUS
100
AcDbLine
 10
2.0378753937007872
 20
1.068529842519685
 30
0
 11
2.0375697244094488
 21
1.0669930708661417
 31
0
  0
LINE
  5
A57
330
1A
100
AcDbEntity
  8
BLACK
  6
CONTINUOUS
100
AcDbLine
 10
2.0375697244094488
 20
1.0669930708661417
 30
0
 11
2.0366992125984251
 21
1.0656902755905511
 31
0
  0
LINE
  5
A58
330
1A
100
AcDbEntity
  8
BLACK
  6
CONTINUOUS
100
AcDbLine
 10
2.0366992125984251
 20
1.0656902755905511
 30
0
 11
2.0353964173228345
 21
1.0648197637795276
 31
0
  0
LINE
  5
A59
330
1A
100
AcDbEntity
  8
BLACK
  6
CONTINUOUS
100
AcDbLine
 10
2.0353964173228345
 20
1.0648197637795276
 30
0
 11
2.0338596456692914
 21
1.064514094488189
 31
0
  0
LINE
  5
A5A
330
1A
100
AcDbEntity
  8
BLACK
  6
CONTINUOUS
100
AcDbLine
 10
2.0338596456692914
 20
1.064514094488189
 30
0
 11
1.975788779527559
 21
1.064514094488189
 31
0
  0
LINE
  5
A5B
330
1A
100
AcDbEntity
  8
BLACK
  6
CONTINUOUS
100
AcDbLine
 10
1.975788779527559
 20
1.064514094488189
 30
0
 11
1.9742520078740158
 21
1.0648197637795276
 31
0
  0
LINE
  5
A5C
330
1A
100
AcDbEntity
  8
BLACK
  6
CONTINUOUS
100
AcDbLine
 10
1.9742520078740158
 20
1.0648197637795276
 30
0
 11
1.9729492125984252
 21
1.0656902755905511
 31
0
  0
LINE
  5
A5D
330
1A
100
AcDbEntity
  8
BLACK
  6
CONTINUOUS
100
AcDbLine
 10
1.9729492125984252
 20
1.0656902755905511
 30
0
 11
1.9720787007874014
 21
1.0669930708661417
 31
0
  0
LINE
  5
A5E
330
1A
100
AcDbEntity
  8
BLACK
  6
CONTINUOUS
100
AcDbLine
 10
1.9720787007874014
 20
1.0669930708661417
 30
0
 11
1.9717730314960629
 21
1.068529842519685
 31
0
  0
LINE
  5
A5F
330
1A
100
AcDbEntity
  8
BLACK
  6
CONTINUOUS
100
AcDbLine
 10
1.9717730314960629
 20
1.068529842519685
 30
0
 11
1.9717730314960629
 21
1.0862463779527558
 31
0
  0
LINE
  5
A60
330
1A
100
AcDbEntity
  8
BLACK
  6
CONTINUOUS
100
AcDbLine
 10
1.9717730314960629
 20
1.0862463779527558
 30
0
 11
1.9720787007874014
 21
1.0877831496062993
 31
0
  0
LINE
  5
A61
330
1A
100
AcDbEntity
  8
BLACK
  6
CONTINUOUS
100
AcDbLine
 10
1.9720787007874014
 20
1.0877831496062993
 30
0
 11
1.9729492125984252
 21
1.0890859448818897
 31
0
  0
LINE
  5
A62
330
1A
100
AcDbEntity
  8
BLACK
  6
CONTINUOUS
100
AcDbLine
 10
1.9729492125984252
 20
1.0890859448818897
 30
0
 11
1.9742520078740158
 21
1.0899564566929134
 31
0
  0
LINE
  5
A63
330
1A
100
AcDbEntity
  8
BLACK
  6
CONTINUOUS
100
AcDbLine
 10
1.9742520078740158
 20
1.0899564566929134
 30
0
 11
1.975392874015748
 21
1.0901833858267715
 31
0
  0
LINE
  5
A64
330
1A
100
AcDbEntity
  8
BLACK
  6
CONTINUOUS
100
AcDbLine
 10
1.975392874015748
 20
1.0901833858267715
 30
0
 11
1.9742520078740158
 21
1.0904103149606299
 31
0
  0
LINE
  5
A65
330
1A
100
AcDbEntity
  8
BLACK
  6
CONTINUOUS
100
AcDbLine
 10
1.9742520078740158
 20
1.0904103149606299
 30
0
 11
1.9729492125984252
 21
1.0912808267716536
 31
0
  0
LINE
  5
A66
330
1A
100
AcDbEntity
  8
BLACK
  6
CONTINUOUS
100
AcDbLine
 10
1.9729492125984252
 20
1.0912808267716536
 30
0
 11
1.9720787007874014
 21
1.092583622047244
 31
0
  0
LINE
  5
A67
330
1A
100
AcDbEntity
  8
BLACK
  6
CONTINUOUS
100
AcDbLine
 10
1.9720787007874014
 20
1.092583622047244
 30
0
 11
1.9717730314960629
 21
1.0941203937007873
 31
0
  0
LINE
  5
A68
330
1A
100
AcDbEntity
  8
BLACK
  6
CONTINUOUS
100
AcDbLine
 10
1.9717730314960629
 20
1.0941203937007873
 30
0
 11
1.9717730314960629
 21
1.1118369291338583
 31
0
  0
LINE
  5
A69
330
1A
100
AcDbEntity
  8
BLACK
  6
CONTINUOUS
100
AcDbLine
 10
1.9717730314960629
 20
1.1118369291338583
 30
0
 11
1.9720787007874014
 21
1.1133737007874016
 31
0
  0
LINE
  5
A6A
330
1A
100
AcDbEntity
  8
BLACK
  6
CONTINUOUS
100
AcDbLine
 10
1.9720787007874014
 20
1.1133737007874016
 30
0
 11
1.9729492125984252
 21
1.114676496062992
 31
0
  0
LINE
  5
A6B
330
1A
100
AcDbEntity
  8
BLACK
  6
CONTINUOUS
100
AcDbLine
 10
1.9729492125984252
 20
1.114676496062992
 30
0
 11
1.9742520078740158
 21
1.1155470078740157
 31
0
  0
LINE
  5
A6C
330
1A
100
AcDbEntity
  8
BLACK
  6
CONTINUOUS
100
AcDbLine
 10
1.9742520078740158
 20
1.1155470078740157
 30
0
 11
1.975392874015748
 21
1.1157739370078741
 31
0
  0
LINE
  5
A6D
330
1A
100
AcDbEntity
  8
BLACK
  6
CONTINUOUS
100
AcDbLine
 10
1.975392874015748
 20
1.1157739370078741
 30
0
 11
1.9742520078740158
 21
1.1160008661417322
 31
0
  0
LINE
  5
A6E
330
1A
100
AcDbEntity
  8
BLACK
  6
CONTINUOUS
100
AcDbLine
 10
1.9742520078740158
 20
1.1160008661417322
 30
0
 11
1.9729492125984252
 21
1.1168713779527559
 31
0
  0
LINE
  5
A6F
330
1A
100
AcDbEntity
  8
BLACK
  6
CONTINUOUS
100
AcDbLine
 10
1.9729492125984252
 20
1.1168713779527559
 30
0
 11
1.9720787007874014
 21
1.1181741732283463
 31
0
  0
LINE
  5
A70
330
1A
100
AcDbEntity
  8
BLACK
  6
CONTINUOUS
100
AcDbLine
 10
1.9720787007874014
 20
1.1181741732283463
 30
0
 11
1.9717730314960629
 21
1.1197109448818898
 31
0
  0
LINE
  5
A71
330
1A
100
AcDbEntity
  8
BLACK
  6
CONTINUOUS
100
AcDbLine
 10
1.9717730314960629
 20
1.1197109448818898
 30
0
 11
1.9717730314960629
 21
1.1374274803149607
 31
0
  0
LINE
  5
A72
330
1A
100
AcDbEntity
  8
BLACK
  6
CONTINUOUS
100
AcDbLine
 10
1.9717730314960629
 20
1.1374274803149607
 30
0
 11
1.9720787007874014
 21
1.1389642519685039
 31
0
  0
LINE
  5
A73
330
1A
100
AcDbEntity
  8
BLACK
  6
CONTINUOUS
100
AcDbLine
 10
1.9720787007874014
 20
1.1389642519685039
 30
0
 11
1.9729492125984252
 21
1.1402670472440946
 31
0
  0
LINE
  5
A74
330
1A
100
AcDbEntity
  8
BLACK
  6
CONTINUOUS
100
AcDbLine
 10
1.9729492125984252
 20
1.1402670472440946
 30
0
 11
1.9742520078740158
 21
1.141137559055118
 31
0
  0
LINE
  5
A75
330
1A
100
AcDbEntity
  8
BLACK
  6
CONTINUOUS
100
AcDbLine
 10
1.9742520078740158
 20
1.141137559055118
 30
0
 11
1.975392874015748
 21
1.1413644881889764
 31
0
  0
LINE
  5
A76
330
1A
100
AcDbEntity
  8
BLACK
  6
CONTINUOUS
100
AcDbLine
 10
1.975392874015748
 20
1.1413644881889764
 30
0
 11
1.9742520078740158
 21
1.1415914173228345
 31
0
  0
LINE
  5
A77
330
1A
100
AcDbEntity
  8
BLACK
  6
CONTINUOUS
100
AcDbLine
 10
1.9742520078740158
 20
1.1415914173228345
 30
0
 11
1.9729492125984252
 21
1.1424619291338582
 31
0
  0
LINE
  5
A78
330
1A
100
AcDbEntity
  8
BLACK
  6
CONTINUOUS
100
AcDbLine
 10
1.9729492125984252
 20
1.1424619291338582
 30
0
 11
1.9720787007874014
 21
1.1437647244094489
 31
0
  0
LINE
  5
A79
330
1A
100
AcDbEntity
  8
BLACK
  6
CONTINUOUS
100
AcDbLine
 10
1.9720787007874014
 20
1.1437647244094489
 30
0
 11
1.9717730314960629
 21
1.1453014960629921
 31
0
  0
LINE
  5
A7A
330
1A
100
AcDbEntity
  8
BLACK
  6
CONTINUOUS
100
AcDbLine
 10
1.9717730314960629
 20
1.1453014960629921
 30
0
 11
1.9717730314960629
 21
1.163018031496063
 31
0
  0
LINE
  5
A7B
330
1A
100
AcDbEntity
  8
BLACK
  6
CONTINUOUS
100
AcDbLine
 10
1.9717730314960629
 20
1.163018031496063
 30
0
 11
1.9720787007874014
 21
1.1645548031496062
 31
0
  0
LINE
  5
A7C
330
1A
100
AcDbEntity
  8
BLACK
  6
CONTINUOUS
100
AcDbLine
 10
1.9720787007874014
 20
1.1645548031496062
 30
0
 11
1.9729492125984252
 21
1.1658575984251969
 31
0
  0
LINE
  5
A7D
330
1A
100
AcDbEntity
  8
BLACK
  6
CONTINUOUS
100
AcDbLine
 10
1.9729492125984252
 20
1.1658575984251969
 30
0
 11
1.9742520078740158
 21
1.1667281102362204
 31
0
  0
LINE
  5
A7E
330
1A
100
AcDbEntity
  8
BLACK
  6
CONTINUOUS
100
AcDbLine
 10
1.9742520078740158
 20
1.1667281102362204
 30
0
 11
1.975392874015748
 21
1.1669550393700787
 31
0
  0
LINE
  5
A7F
330
1A
100
AcDbEntity
  8
BLACK
  6
CONTINUOUS
100
AcDbLine
 10
1.975392874015748
 20
1.1669550393700787
 30
0
 11
1.9742520078740158
 21
1.1671819685039371
 31
0
  0
LINE
  5
A80
330
1A
100
AcDbEntity
  8
BLACK
  6
CONTINUOUS
100
AcDbLine
 10
1.9742520078740158
 20
1.1671819685039371
 30
0
 11
1.9729492125984252
 21
1.1680524803149606
 31
0
  0
LINE
  5
A81
330
1A
100
AcDbEntity
  8
BLACK
  6
CONTINUOUS
100
AcDbLine
 10
1.9729492125984252
 20
1.1680524803149606
 30
0
 11
1.9720787007874014
 21
1.1693552755905512
 31
0
  0
LINE
  5
A82
330
1A
100
AcDbEntity
  8
BLACK
  6
CONTINUOUS
100
AcDbLine
 10
1.9720787007874014
 20
1.1693552755905512
 30
0
 11
1.9717730314960629
 21
1.1708920472440945
 31
0
  0
LINE
  5
A83
330
1A
100
AcDbEntity
  8
BLACK
  6
CONTINUOUS
100
AcDbLine
 10
1.9717730314960629
 20
1.1708920472440945
 30
0
 11
1.9717730314960629
 21
1.1886085826771653
 31
0
  0
LINE
  5
A84
330
1A
100
AcDbEntity
  8
BLACK
  6
CONTINUOUS
100
AcDbLine
 10
1.9717730314960629
 20
1.1886085826771653
 30
0
 11
1.9720787007874014
 21
1.1901453543307086
 31
0
  0
LINE
  5
A85
330
1A
100
AcDbEntity
  8
BLACK
  6
CONTINUOUS
100
AcDbLine
 10
1.9720787007874014
 20
1.1901453543307086
 30
0
 11
1.9729492125984252
 21
1.1914481496062992
 31
0
  0
LINE
  5
A86
330
1A
100
AcDbEntity
  8
BLACK
  6
CONTINUOUS
100
AcDbLine
 10
1.9729492125984252
 20
1.1914481496062992
 30
0
 11
1.9742520078740158
 21
1.1923186614173229
 31
0
  0
LINE
  5
A87
330
1A
100
AcDbEntity
  8
BLACK
  6
CONTINUOUS
100
AcDbLine
 10
1.9742520078740158
 20
1.1923186614173229
 30
0
 11
1.975392874015748
 21
1.192545590551181
 31
0
  0
LINE
  5
A88
330
1A
100
AcDbEntity
  8
BLACK
  6
CONTINUOUS
100
AcDbLine
 10
1.975392874015748
 20
1.192545590551181
 30
0
 11
1.9742520078740158
 21
1.1927725196850394
 31
0
  0
LINE
  5
A89
330
1A
100
AcDbEntity
  8
BLACK
  6
CONTINUOUS
100
AcDbLine
 10
1.9742520078740158
 20
1.1927725196850394
 30
0
 11
1.9729492125984252
 21
1.1936430314960629
 31
0
  0
LINE
  5
A8A
330
1A
100
AcDbEntity
  8
BLACK
  6
CONTINUOUS
100
AcDbLine
 10
1.9729492125984252
 20
1.1936430314960629
 30
0
 11
1.9720787007874014
 21
1.1949458267716535
 31
0
  0
LINE
  5
A8B
330
1A
100
AcDbEntity
  8
BLACK
  6
CONTINUOUS
100
AcDbLine
 10
1.9720787007874014
 20
1.1949458267716535
 30
0
 11
1.9717730314960629
 21
1.1964825984251968
 31
0
  0
LINE
  5
A8C
330
1A
100
AcDbEntity
  8
BLACK
  6
CONTINUOUS
100
AcDbLine
 10
1.9717730314960629
 20
1.1964825984251968
 30
0
 11
1.9717730314960629
 21
1.2141991338582676
 31
0
  0
LINE
  5
A8D
330
1A
100
AcDbEntity
  8
BLACK
  6
CONTINUOUS
100
AcDbLine
 10
1.9717730314960629
 20
1.2141991338582676
 30
0
 11
1.9720787007874014
 21
1.2157359055118111
 31
0
  0
LINE
  5
A8E
330
1A
100
AcDbEntity
  8
BLACK
  6
CONTINUOUS
100
AcDbLine
 10
1.9720787007874014
 20
1.2157359055118111
 30
0
 11
1.9729492125984252
 21
1.2170387007874015
 31
0
  0
LINE
  5
A8F
330
1A
100
AcDbEntity
  8
BLACK
  6
CONTINUOUS
100
AcDbLine
 10
1.9729492125984252
 20
1.2170387007874015
 30
0
 11
1.9742520078740158
 21
1.2179092125984252
 31
0
  0
LINE
  5
A90
330
1A
100
AcDbEntity
  8
BLACK
  6
CONTINUOUS
100
AcDbLine
 10
1.9742520078740158
 20
1.2179092125984252
 30
0
 11
1.975392874015748
 21
1.2181361417322834
 31
0
  0
LINE
  5
A91
330
1A
100
AcDbEntity
  8
BLACK
  6
CONTINUOUS
100
AcDbLine
 10
1.975392874015748
 20
1.2181361417322834
 30
0
 11
1.9742520078740158
 21
1.2183630708661417
 31
0
  0
LINE
  5
A92
330
1A
100
AcDbEntity
  8
BLACK
  6
CONTINUOUS
100
AcDbLine
 10
1.9742520078740158
 20
1.2183630708661417
 30
0
 11
1.9729492125984252
 21
1.2192335826771654
 31
0
  0
LINE
  5
A93
330
1A
100
AcDbEntity
  8
BLACK
  6
CONTINUOUS
100
AcDbLine
 10
1.9729492125984252
 20
1.2192335826771654
 30
0
 11
1.9720787007874014
 21
1.2205363779527558
 31
0
  0
LINE
  5
A94
330
1A
100
AcDbEntity
  8
BLACK
  6
CONTINUOUS
100
AcDbLine
 10
1.9720787007874014
 20
1.2205363779527558
 30
0
 11
1.9717730314960629
 21
1.2220731496062991
 31
0
  0
LINE
  5
A95
330
1A
100
AcDbEntity
  8
BLACK
  6
CONTINUOUS
100
AcDbLine
 10
1.9717730314960629
 20
1.2220731496062991
 30
0
 11
1.9717730314960629
 21
1.2397896850393701
 31
0
  0
LINE
  5
A96
330
1A
100
AcDbEntity
  8
BLACK
  6
CONTINUOUS
100
AcDbLine
 10
1.9717730314960629
 20
1.2397896850393701
 30
0
 11
1.9720787007874014
 21
1.2413264566929134
 31
0
  0
LINE
  5
A97
330
1A
100
AcDbEntity
  8
BLACK
  6
CONTINUOUS
100
AcDbLine
 10
1.9720787007874014
 20
1.2413264566929134
 30
0
 11
1.9729492125984252
 21
1.2426292519685038
 31
0
  0
LINE
  5
A98
330
1A
100
AcDbEntity
  8
BLACK
  6
CONTINUOUS
100
AcDbLine
 10
1.9729492125984252
 20
1.2426292519685038
 30
0
 11
1.9742520078740158
 21
1.2434997637795275
 31
0
  0
LINE
  5
A99
330
1A
100
AcDbEntity
  8
BLACK
  6
CONTINUOUS
100
AcDbLine
 10
1.9742520078740158
 20
1.2434997637795275
 30
0
 11
1.975788779527559
 21
1.2438054330708661
 31
0
  0
LINE
  5
A9A
330
1A
100
AcDbEntity
  8
BLACK
  6
CONTINUOUS
100
AcDbLine
 10
1.975788779527559
 20
1.2438054330708661
 30
0
 11
2.0338596456692914
 21
1.2438054330708661
 31
0
  0
LINE
  5
A9B
330
1A
100
AcDbEntity
  8
BLACK
  6
CONTINUOUS
100
AcDbLine
 10
2.0338596456692914
 20
1.2438054330708661
 30
0
 11
2.0353964173228345
 21
1.2434997637795275
 31
0
  0
LINE
  5
A9C
330
1A
100
AcDbEntity
  8
BLACK
  6
CONTINUOUS
100
AcDbLine
 10
2.2667350000000002
 20
1.2434997637795275
 30
0
 11
2.2680377952755904
 21
1.2426292519685038
 31
0
  0
LINE
  5
A9D
330
1A
100
AcDbEntity
  8
BLACK
  6
CONTINUOUS
100
AcDbLine
 10
2.2680377952755904
 20
1.2426292519685038
 30
0
 11
2.2689083070866141
 21
1.2413264566929134
 31
0
  0
LINE
  5
A9E
330
1A
100
AcDbEntity
  8
BLACK
  6
CONTINUOUS
100
AcDbLine
 10
2.2689083070866141
 20
1.2413264566929134
 30
0
 11
2.2692139763779529
 21
1.2397896850393701
 31
0
  0
LINE
  5
A9F
330
1A
100
AcDbEntity
  8
BLACK
  6
CONTINUOUS
100
AcDbLine
 10
2.2692139763779529
 20
1.2397896850393701
 30
0
 11
2.2692139763779529
 21
1.2220731496062991
 31
0
  0
LINE
  5
AA0
330
1A
100
AcDbEntity
  8
BLACK
  6
CONTINUOUS
100
AcDbLine
 10
2.2692139763779529
 20
1.2220731496062991
 30
0
 11
2.2689083070866141
 21
1.2205363779527558
 31
0
  0
LINE
  5
AA1
330
1A
100
AcDbEntity
  8
BLACK
  6
CONTINUOUS
100
AcDbLine
 10
2.2689083070866141
 20
1.2205363779527558
 30
0
 11
2.2680377952755904
 21
1.2192335826771654
 31
0
  0
LINE
  5
AA2
330
1A
100
AcDbEntity
  8
BLACK
  6
CONTINUOUS
100
AcDbLine
 10
2.2680377952755904
 20
1.2192335826771654
 30
0
 11
2.2667350000000002
 21
1.2183630708661417
 31
0
  0
LINE
  5
AA3
330
1A
100
AcDbEntity
  8
BLACK
  6
CONTINUOUS
100
AcDbLine
 10
2.2667350000000002
 20
1.2183630708661417
 30
0
 11
2.2655940944881889
 21
1.2181361417322834
 31
0
  0
LINE
  5
AA4
330
1A
100
AcDbEntity
  8
BLACK
  6
CONTINUOUS
100
AcDbLine
 10
2.2655940944881889
 20
1.2181361417322834
 30
0
 11
2.2667350000000002
 21
1.2179092125984252
 31
0
  0
LINE
  5
AA5
330
1A
100
AcDbEntity
  8
BLACK
  6
CONTINUOUS
100
AcDbLine
 10
2.2667350000000002
 20
1.2179092125984252
 30
0
 11
2.2680377952755904
 21
1.2170387007874015
 31
0
  0
LINE
  5
AA6
330
1A
100
AcDbEntity
  8
BLACK
  6
CONTINUOUS
100
AcDbLine
 10
2.2680377952755904
 20
1.2170387007874015
 30
0
 11
2.2689083070866141
 21
1.2157359055118111
 31
0
  0
LINE
  5
AA7
330
1A
100
AcDbEntity
  8
BLACK
  6
CONTINUOUS
100
AcDbLine
 10
2.2689083070866141
 20
1.2157359055118111
 30
0
 11
2.2692139763779529
 21
1.2141991338582676
 31
0
  0
LINE
  5
AA8
330
1A
100
AcDbEntity
  8
BLACK
  6
CONTINUOUS
100
AcDbLine
 10
2.2692139763779529
 20
1.2141991338582676
 30
0
 11
2.2692139763779529
 21
1.1964825984251968
 31
0
  0
LINE
  5
AA9
330
1A
100
AcDbEntity
  8
BLACK
  6
CONTINUOUS
100
AcDbLine
 10
2.2692139763779529
 20
1.1964825984251968
 30
0
 11
2.2689083070866141
 21
1.1949458267716535
 31
0
  0
LINE
  5
AAA
330
1A
100
AcDbEntity
  8
BLACK
  6
CONTINUOUS
100
AcDbLine
 10
2.2689083070866141
 20
1.1949458267716535
 30
0
 11
2.2680377952755904
 21
1.1936430314960629
 31
0
  0
LINE
  5
AAB
330
1A
100
AcDbEntity
  8
BLACK
  6
CONTINUOUS
100
AcDbLine
 10
2.2680377952755904
 20
1.1936430314960629
 30
0
 11
2.2667350000000002
 21
1.1927725196850394
 31
0
  0
LINE
  5
AAC
330
1A
100
AcDbEntity
  8
BLACK
  6
CONTINUOUS
100
AcDbLine
 10
2.2667350000000002
 20
1.1927725196850394
 30
0
 11
2.2655940944881889
 21
1.192545590551181
 31
0
  0
LINE
  5
AAD
330
1A
100
AcDbEntity
  8
BLACK
  6
CONTINUOUS
100
AcDbLine
 10
2.2655940944881889
 20
1.192545590551181
 30
0
 11
2.2667350000000002
 21
1.1923186614173229
 31
0
  0
LINE
  5
AAE
330
1A
100
AcDbEntity
  8
BLACK
  6
CONTINUOUS
100
AcDbLine
 10
2.2667350000000002
 20
1.1923186614173229
 30
0
 11
2.2680377952755904
 21
1.1914481496062992
 31
0
  0
LINE
  5
AAF
330
1A
100
AcDbEntity
  8
BLACK
  6
CONTINUOUS
100
AcDbLine
 10
2.2680377952755904
 20
1.1914481496062992
 30
0
 11
2.2689083070866141
 21
1.1901453543307086
 31
0
  0
LINE
  5
AB0
330
1A
100
AcDbEntity
  8
BLACK
  6
CONTINUOUS
100
AcDbLine
 10
2.2689083070866141
 20
1.1901453543307086
 30
0
 11
2.2692139763779529
 21
1.1886085826771653
 31
0
  0
LINE
  5
AB1
330
1A
100
AcDbEntity
  8
BLACK
  6
CONTINUOUS
100
AcDbLine
 10
2.2692139763779529
 20
1.1886085826771653
 30
0
 11
2.2692139763779529
 21
1.1708920472440945
 31
0
  0
LINE
  5
AB2
330
1A
100
AcDbEntity
  8
BLACK
  6
CONTINUOUS
100
AcDbLine
 10
2.2692139763779529
 20
1.1708920472440945
 30
0
 11
2.2689083070866141
 21
1.1693552755905512
 31
0
  0
LINE
  5
AB3
330
1A
100
AcDbEntity
  8
BLACK
  6
CONTINUOUS
100
AcDbLine
 10
2.2689083070866141
 20
1.1693552755905512
 30
0
 11
2.2680377952755904
 21
1.1680524803149606
 31
0
  0
LINE
  5
AB4
330
1A
100
AcDbEntity
  8
BLACK
  6
CONTINUOUS
100
AcDbLine
 10
2.2680377952755904
 20
1.1680524803149606
 30
0
 11
2.2667350000000002
 21
1.1671819685039371
 31
0
  0
LINE
  5
AB5
330
1A
100
AcDbEntity
  8
BLACK
  6
CONTINUOUS
100
AcDbLine
 10
2.2667350000000002
 20
1.1671819685039371
 30
0
 11
2.2655940944881889
 21
1.1669550393700787
 31
0
  0
LINE
  5
AB6
330
1A
100
AcDbEntity
  8
BLACK
  6
CONTINUOUS
100
AcDbLine
 10
2.2655940944881889
 20
1.1669550393700787
 30
0
 11
2.2667350000000002
 21
1.1667281102362204
 31
0
  0
LINE
  5
AB7
330
1A
100
AcDbEntity
  8
BLACK
  6
CONTINUOUS
100
AcDbLine
 10
2.2667350000000002
 20
1.1667281102362204
 30
0
 11
2.2680377952755904
 21
1.1658575984251969
 31
0
  0
LINE
  5
AB8
330
1A
100
AcDbEntity
  8
BLACK
  6
CONTINUOUS
100
AcDbLine
 10
2.2680377952755904
 20
1.1658575984251969
 30
0
 11
2.2689083070866141
 21
1.1645548031496062
 31
0
  0
LINE
  5
AB9
330
1A
100
AcDbEntity
  8
BLACK
  6
CONTINUOUS
100
AcDbLine
 10
2.2689083070866141
 20
1.1645548031496062
 30
0
 11
2.2692139763779529
 21
1.163018031496063
 31
0
  0
LINE
  5
ABA
330
1A
100
AcDbEntity
  8
BLACK
  6
CONTINUOUS
100
AcDbLine
 10
2.2692139763779529
 20
1.163018031496063
 30
0
 11
2.2692139763779529
 21
1.1453014960629921
 31
0
  0
LINE
  5
ABB
330
1A
100
AcDbEntity
  8
BLACK
  6
CONTINUOUS
100
AcDbLine
 10
2.2692139763779529
 20
1.1453014960629921
 30
0
 11
2.2689083070866141
 21
1.1437647244094489
 31
0
  0
LINE
  5
ABC
330
1A
100
AcDbEntity
  8
BLACK
  6
CONTINUOUS
100
AcDbLine
 10
2.2689083070866141
 20
1.1437647244094489
 30
0
 11
2.2680377952755904
 21
1.1424619291338582
 31
0
  0
LINE
  5
ABD
330
1A
100
AcDbEntity
  8
BLACK
  6
CONTINUOUS
100
AcDbLine
 10
2.2680377952755904
 20
1.1424619291338582
 30
0
 11
2.2667350000000002
 21
1.1415914173228345
 31
0
  0
LINE
  5
ABE
330
1A
100
AcDbEntity
  8
BLACK
  6
CONTINUOUS
100
AcDbLine
 10
2.2667350000000002
 20
1.1415914173228345
 30
0
 11
2.2655940944881889
 21
1.1413644881889764
 31
0
  0
LINE
  5
ABF
330
1A
100
AcDbEntity
  8
BLACK
  6
CONTINUOUS
100
AcDbLine
 10
2.2655940944881889
 20
1.1413644881889764
 30
0
 11
2.2667350000000002
 21
1.141137559055118
 31
0
  0
LINE
  5
AC0
330
1A
100
AcDbEntity
  8
BLACK
  6
CONTINUOUS
100
AcDbLine
 10
2.2667350000000002
 20
1.141137559055118
 30
0
 11
2.2680377952755904
 21
1.1402670472440946
 31
0
  0
LINE
  5
AC1
330
1A
100
AcDbEntity
  8
BLACK
  6
CONTINUOUS
100
AcDbLine
 10
2.2680377952755904
 20
1.1402670472440946
 30
0
 11
2.2689083070866141
 21
1.1389642519685039
 31
0
  0
LINE
  5
AC2
330
1A
100
AcDbEntity
  8
BLACK
  6
CONTINUOUS
100
AcDbLine
 10
2.2689083070866141
 20
1.1389642519685039
 30
0
 11
2.2692139763779529
 21
1.1374274803149607
 31
0
  0
LINE
  5
AC3
330
1A
100
AcDbEntity
  8
BLACK
  6
CONTINUOUS
100
AcDbLine
 10
2.2692139763779529
 20
1.1374274803149607
 30
0
 11
2.2692139763779529
 21
1.1197109448818898
 31
0
  0
LINE
  5
AC4
330
1A
100
AcDbEntity
  8
BLACK
  6
CONTINUOUS
100
AcDbLine
 10
2.2692139763779529
 20
1.1197109448818898
 30
0
 11
2.2689083070866141
 21
1.1181741732283463
 31
0
  0
LINE
  5
AC5
330
1A
100
AcDbEntity
  8
BLACK
  6
CONTINUOUS
100
AcDbLine
 10
2.2689083070866141
 20
1.1181741732283463
 30
0
 11
2.2680377952755904
 21
1.1168713779527559
 31
0
  0
LINE
  5
AC6
330
1A
100
AcDbEntity
  8
BLACK
  6
CONTINUOUS
100
AcDbLine
 10
2.2680377952755904
 20
1.1168713779527559
 30
0
 11
2.2667350000000002
 21
1.1160008661417322
 31
0
  0
LINE
  5
AC7
330
1A
100
AcDbEntity
  8
BLACK
  6
CONTINUOUS
100
AcDbLine
 10
2.2667350000000002
 20
1.1160008661417322
 30
0
 11
2.2655940944881889
 21
1.1157739370078741
 31
0
  0
LINE
  5
AC8
330
1A
100
AcDbEntity
  8
BLACK
  6
CONTINUOUS
100
AcDbLine
 10
2.2655940944881889
 20
1.1157739370078741
 30
0
 11
2.2667350000000002
 21
1.1155470078740157
 31
0
  0
LINE
  5
AC9
330
1A
100
AcDbEntity
  8
BLACK
  6
CONTINUOUS
100
AcDbLine
 10
2.2667350000000002
 20
1.1155470078740157
 30
0
 11
2.2680377952755904
 21
1.114676496062992
 31
0
  0
LINE
  5
ACA
330
1A
100
AcDbEntity
  8
BLACK
  6
CONTINUOUS
100
AcDbLine
 10
2.2680377952755904
 20
1.114676496062992
 30
0
 11
2.2689083070866141
 21
1.1133737007874016
 31
0
  0
LINE
  5
ACB
330
1A
100
AcDbEntity
  8
BLACK
  6
CONTINUOUS
100
AcDbLine
 10
2.2689083070866141
 20
1.1133737007874016
 30
0
 11
2.2692139763779529
 21
1.1118369291338583
 31
0
  0
LINE
  5
ACC
330
1A
100
AcDbEntity
  8
BLACK
  6
CONTINUOUS
100
AcDbLine
 10
2.2692139763779529
 20
1.1118369291338583
 30
0
 11
2.2692139763779529
 21
1.0941203937007873
 31
0
  0
LINE
  5
ACD
330
1A
100
AcDbEntity
  8
BLACK
  6
CONTINUOUS
100
AcDbLine
 10
2.2692139763779529
 20
1.0941203937007873
 30
0
 11
2.2689083070866141
 21
1.092583622047244
 31
0
  0
LINE
  5
ACE
330
1A
100
AcDbEntity
  8
BLACK
  6
CONTINUOUS
100
AcDbLine
 10
2.2689083070866141
 20
1.092583622047244
 30
0
 11
2.2680377952755904
 21
1.0912808267716536
 31
0
  0
LINE
  5
ACF
330
1A
100
AcDbEntity
  8
BLACK
  6
CONTINUOUS
100
AcDbLine
 10
2.2680377952755904
 20
1.0912808267716536
 30
0
 11
2.2667350000000002
 21
1.0904103149606299
 31
0
  0
LINE
  5
AD0
330
1A
100
AcDbEntity
  8
BLACK
  6
CONTINUOUS
100
AcDbLine
 10
2.2667350000000002
 20
1.0904103149606299
 30
0
 11
2.2655940944881889
 21
1.0901833858267715
 31
0
  0
LINE
  5
AD1
330
1A
100
AcDbEntity
  8
BLACK
  6
CONTINUOUS
100
AcDbLine
 10
2.2655940944881889
 20
1.0901833858267715
 30
0
 11
2.2667350000000002
 21
1.0899564566929134
 31
0
  0
LINE
  5
AD2
330
1A
100
AcDbEntity
  8
BLACK
  6
CONTINUOUS
100
AcDbLine
 10
2.2667350000000002
 20
1.0899564566929134
 30
0
 11
2.2680377952755904
 21
1.0890859448818897
 31
0
  0
LINE
  5
AD3
330
1A
100
AcDbEntity
  8
BLACK
  6
CONTINUOUS
100
AcDbLine
 10
2.2680377952755904
 20
1.0890859448818897
 30
0
 11
2.2689083070866141
 21
1.0877831496062993
 31
0
  0
LINE
  5
AD4
330
1A
100
AcDbEntity
  8
BLACK
  6
CONTINUOUS
100
AcDbLine
 10
2.2689083070866141
 20
1.0877831496062993
 30
0
 11
2.2692139763779529
 21
1.0862463779527558
 31
0
  0
LINE
  5
AD5
330
1A
100
AcDbEntity
  8
BLACK
  6
CONTINUOUS
100
AcDbLine
 10
2.2692139763779529
 20
1.0862463779527558
 30
0
 11
2.2692139763779529
 21
1.068529842519685
 31
0
  0
LINE
  5
AD6
330
1A
100
AcDbEntity
  8
BLACK
  6
CONTINUOUS
100
AcDbLine
 10
2.2692139763779529
 20
1.068529842519685
 30
0
 11
2.2689083070866141
 21
1.0669930708661417
 31
0
  0
LINE
  5
AD7
330
1A
100
AcDbEntity
  8
BLACK
  6
CONTINUOUS
100
AcDbLine
 10
2.2689083070866141
 20
1.0669930708661417
 30
0
 11
2.2680377952755904
 21
1.0656902755905511
 31
0
  0
LINE
  5
AD8
330
1A
100
AcDbEntity
  8
BLACK
  6
CONTINUOUS
100
AcDbLine
 10
2.2680377952755904
 20
1.0656902755905511
 30
0
 11
2.2667350000000002
 21
1.0648197637795276
 31
0
  0
LINE
  5
AD9
330
1A
100
AcDbEntity
  8
BLACK
  6
CONTINUOUS
100
AcDbLine
 10
2.2667350000000002
 20
1.0648197637795276
 30
0
 11
2.2651982283464567
 21
1.064514094488189
 31
0
  0
LINE
  5
ADA
330
1A
100
AcDbEntity
  8
BLACK
  6
CONTINUOUS
100
AcDbLine
 10
2.2651982283464567
 20
1.064514094488189
 30
0
 11
2.2071273622047243
 21
1.064514094488189
 31
0
  0
LINE
  5
ADB
330
1A
100
AcDbEntity
  8
BLACK
  6
CONTINUOUS
100
AcDbLine
 10
2.2071273622047243
 20
1.064514094488189
 30
0
 11
2.2055905905511812
 21
1.0648197637795276
 31
0
  0
LINE
  5
ADC
330
1A
100
AcDbEntity
  8
BLACK
  6
CONTINUOUS
100
AcDbLine
 10
2.2055905905511812
 20
1.0648197637795276
 30
0
 11
2.2042877952755906
 21
1.0656902755905511
 31
0
  0
LINE
  5
ADD
330
1A
100
AcDbEntity
  8
BLACK
  6
CONTINUOUS
100
AcDbLine
 10
2.2042877952755906
 20
1.0656902755905511
 30
0
 11
2.2034172834645669
 21
1.0669930708661417
 31
0
  0
LINE
  5
ADE
330
1A
100
AcDbEntity
  8
BLACK
  6
CONTINUOUS
100
AcDbLine
 10
2.2034172834645669
 20
1.0669930708661417
 30
0
 11
2.2031116141732281
 21
1.068529842519685
 31
0
  0
LINE
  5
ADF
330
1A
100
AcDbEntity
  8
BLACK
  6
CONTINUOUS
100
AcDbLine
 10
2.2031116141732281
 20
1.068529842519685
 30
0
 11
2.2031116141732281
 21
1.0862463779527558
 31
0
  0
LINE
  5
AE0
330
1A
100
AcDbEntity
  8
BLACK
  6
CONTINUOUS
100
AcDbLine
 10
2.2031116141732281
 20
1.0862463779527558
 30
0
 11
2.2034172834645669
 21
1.0877831496062993
 31
0
  0
LINE
  5
AE1
330
1A
100
AcDbEntity
  8
BLACK
  6
CONTINUOUS
100
AcDbLine
 10
2.2034172834645669
 20
1.0877831496062993
 30
0
 11
2.2042877952755906
 21
1.0890859448818897
 31
0
  0
LINE
  5
AE2
330
1A
100
AcDbEntity
  8
BLACK
  6
CONTINUOUS
100
AcDbLine
 10
2.2042877952755906
 20
1.0890859448818897
 30
0
 11
2.2055905905511812
 21
1.0899564566929134
 31
0
  0
LINE
  5
AE3
330
1A
100
AcDbEntity
  8
BLACK
  6
CONTINUOUS
100
AcDbLine
 10
2.2055905905511812
 20
1.0899564566929134
 30
0
 11
2.2067314566929133
 21
1.0901833858267715
 31
0
  0
LINE
  5
AE4
330
1A
100
AcDbEntity
  8
BLACK
  6
CONTINUOUS
100
AcDbLine
 10
2.2067314566929133
 20
1.0901833858267715
 30
0
 11
2.2055905905511812
 21
1.0904103149606299
 31
0
  0
LINE
  5
AE5
330
1A
100
AcDbEntity
  8
BLACK
  6
CONTINUOUS
100
AcDbLine
 10
2.2055905905511812
 20
1.0904103149606299
 30
0
 11
2.2042877952755906
 21
1.0912808267716536
 31
0
  0
LINE
  5
AE6
330
1A
100
AcDbEntity
  8
BLACK
  6
CONTINUOUS
100
AcDbLine
 10
2.2042877952755906
 20
1.0912808267716536
 30
0
 11
2.2034172834645669
 21
1.092583622047244
 31
0
  0
LINE
  5
AE7
330
1A
100
AcDbEntity
  8
BLACK
  6
CONTINUOUS
100
AcDbLine
 10
2.2034172834645669
 20
1.092583622047244
 30
0
 11
2.2031116141732281
 21
1.0941203937007873
 31
0
  0
LINE
  5
AE8
330
1A
100
AcDbEntity
  8
BLACK
  6
CONTINUOUS
100
AcDbLine
 10
2.2031116141732281
 20
1.0941203937007873
 30
0
 11
2.2031116141732281
 21
1.1118369291338583
 31
0
  0
LINE
  5
AE9
330
1A
100
AcDbEntity
  8
BLACK
  6
CONTINUOUS
100
AcDbLine
 10
2.2031116141732281
 20
1.1118369291338583
 30
0
 11
2.2034172834645669
 21
1.1133737007874016
 31
0
  0
LINE
  5
AEA
330
1A
100
AcDbEntity
  8
BLACK
  6
CONTINUOUS
100
AcDbLine
 10
2.2034172834645669
 20
1.1133737007874016
 30
0
 11
2.2042877952755906
 21
1.114676496062992
 31
0
  0
LINE
  5
AEB
330
1A
100
AcDbEntity
  8
BLACK
  6
CONTINUOUS
100
AcDbLine
 10
2.2042877952755906
 20
1.114676496062992
 30
0
 11
2.2055905905511812
 21
1.1155470078740157
 31
0
  0
LINE
  5
AEC
330
1A
100
AcDbEntity
  8
BLACK
  6
CONTINUOUS
100
AcDbLine
 10
2.2055905905511812
 20
1.1155470078740157
 30
0
 11
2.2067314566929133
 21
1.1157739370078741
 31
0
  0
LINE
  5
AED
330
1A
100
AcDbEntity
  8
BLACK
  6
CONTINUOUS
100
AcDbLine
 10
2.2067314566929133
 20
1.1157739370078741
 30
0
 11
2.2055905905511812
 21
1.1160008661417322
 31
0
  0
LINE
  5
AEE
330
1A
100
AcDbEntity
  8
BLACK
  6
CONTINUOUS
100
AcDbLine
 10
2.2055905905511812
 20
1.1160008661417322
 30
0
 11
2.2042877952755906
 21
1.1168713779527559
 31
0
  0
LINE
  5
AEF
330
1A
100
AcDbEntity
  8
BLACK
  6
CONTINUOUS
100
AcDbLine
 10
2.2042877952755906
 20
1.1168713779527559
 30
0
 11
2.2034172834645669
 21
1.1181741732283463
 31
0
  0
LINE
  5
AF0
330
1A
100
AcDbEntity
  8
BLACK
  6
CONTINUOUS
100
AcDbLine
 10
2.2034172834645669
 20
1.1181741732283463
 30
0
 11
2.2031116141732281
 21
1.1197109448818898
 31
0
  0
LINE
  5
AF1
330
1A
100
AcDbEntity
  8
BLACK
  6
CONTINUOUS
100
AcDbLine
 10
2.2031116141732281
 20
1.1197109448818898
 30
0
 11
2.2031116141732281
 21
1.1374274803149607
 31
0
  0
LINE
  5
AF2
330
1A
100
AcDbEntity
  8
BLACK
  6
CONTINUOUS
100
AcDbLine
 10
2.2031116141732281
 20
1.1374274803149607
 30
0
 11
2.2034172834645669
 21
1.1389642519685039
 31
0
  0
LINE
  5
AF3
330
1A
100
AcDbEntity
  8
BLACK
  6
CONTINUOUS
100
AcDbLine
 10
2.2034172834645669
 20
1.1389642519685039
 30
0
 11
2.2042877952755906
 21
1.1402670472440946
 31
0
  0
LINE
  5
AF4
330
1A
100
AcDbEntity
  8
BLACK
  6
CONTINUOUS
100
AcDbLine
 10
2.2042877952755906
 20
1.1402670472440946
 30
0
 11
2.2055905905511812
 21
1.141137559055118
 31
0
  0
LINE
  5
AF5
330
1A
100
AcDbEntity
  8
BLACK
  6
CONTINUOUS
100
AcDbLine
 10
2.2055905905511812
 20
1.141137559055118
 30
0
 11
2.2067314566929133
 21
1.1413644881889764
 31
0
  0
LINE
  5
AF6
330
1A
100
AcDbEntity
  8
BLACK
  6
CONTINUOUS
100
AcDbLine
 10
2.2067314566929133
 20
1.1413644881889764
 30
0
 11
2.2055905905511812
 21
1.1415914173228345
 31
0
  0
LINE
  5
AF7
330
1A
100
AcDbEntity
  8
BLACK
  6
CONTINUOUS
100
AcDbLine
 10
2.2055905905511812
 20
1.1415914173228345
 30
0
 11
2.2042877952755906
 21
1.1424619291338582
 31
0
  0
LINE
  5
AF8
330
1A
100
AcDbEntity
  8
BLACK
  6
CONTINUOUS
100
AcDbLine
 10
2.2042877952755906
 20
1.1424619291338582
 30
0
 11
2.2034172834645669
 21
1.1437647244094489
 31
0
  0
LINE
  5
AF9
330
1A
100
AcDbEntity
  8
BLACK
  6
CONTINUOUS
100
AcDbLine
 10
2.2034172834645669
 20
1.1437647244094489
 30
0
 11
2.2031116141732281
 21
1.1453014960629921
 31
0
  0
LINE
  5
AFA
330
1A
100
AcDbEntity
  8
BLACK
  6
CONTINUOUS
100
AcDbLine
 10
2.2031116141732281
 20
1.1453014960629921
 30
0
 11
2.2031116141732281
 21
1.163018031496063
 31
0
  0
LINE
  5
AFB
330
1A
100
AcDbEntity
  8
BLACK
  6
CONTINUOUS
100
AcDbLine
 10
2.2031116141732281
 20
1.163018031496063
 30
0
 11
2.2034172834645669
 21
1.1645548031496062
 31
0
  0
LINE
  5
AFC
330
1A
100
AcDbEntity
  8
BLACK
  6
CONTINUOUS
100
AcDbLine
 10
2.2034172834645669
 20
1.1645548031496062
 30
0
 11
2.2042877952755906
 21
1.1658575984251969
 31
0
  0
LINE
  5
AFD
330
1A
100
AcDbEntity
  8
BLACK
  6
CONTINUOUS
100
AcDbLine
 10
2.2042877952755906
 20
1.1658575984251969
 30
0
 11
2.2055905905511812
 21
1.1667281102362204
 31
0
  0
LINE
  5
AFE
330
1A
100
AcDbEntity
  8
BLACK
  6
CONTINUOUS
100
AcDbLine
 10
2.2055905905511812
 20
1.1667281102362204
 30
0
 11
2.2067314566929133
 21
1.1669550393700787
 31
0
  0
LINE
  5
AFF
330
1A
100
AcDbEntity
  8
BLACK
  6
CONTINUOUS
100
AcDbLine
 10
2.2067314566929133
 20
1.1669550393700787
 30
0
 11
2.2055905905511812
 21
1.1671819685039371
 31
0
  0
LINE
  5
B00
330
1A
100
AcDbEntity
  8
BLACK
  6
CONTINUOUS
100
AcDbLine
 10
2.2055905905511812
 20
1.1671819685039371
 30
0
 11
2.2042877952755906
 21
1.1680524803149606
 31
0
  0
LINE
  5
B01
330
1A
100
AcDbEntity
  8
BLACK
  6
CONTINUOUS
100
AcDbLine
 10
2.2042877952755906
 20
1.1680524803149606
 30
0
 11
2.2034172834645669
 21
1.1693552755905512
 31
0
  0
LINE
  5
B02
330
1A
100
AcDbEntity
  8
BLACK
  6
CONTINUOUS
100
AcDbLine
 10
2.2034172834645669
 20
1.1693552755905512
 30
0
 11
2.2031116141732281
 21
1.1708920472440945
 31
0
  0
LINE
  5
B03
330
1A
100
AcDbEntity
  8
BLACK
  6
CONTINUOUS
100
AcDbLine
 10
2.2031116141732281
 20
1.1708920472440945
 30
0
 11
2.2031116141732281
 21
1.1886085826771653
 31
0
  0
LINE
  5
B04
330
1A
100
AcDbEntity
  8
BLACK
  6
CONTINUOUS
100
AcDbLine
 10
2.2031116141732281
 20
1.1886085826771653
 30
0
 11
2.2034172834645669
 21
1.1901453543307086
 31
0
  0
LINE
  5
B05
330
1A
100
AcDbEntity
  8
BLACK
  6
CONTINUOUS
100
AcDbLine
 10
2.2034172834645669
 20
1.1901453543307086
 30
0
 11
2.2042877952755906
 21
1.1914481496062992
 31
0
  0
LINE
  5
B06
330
1A
100
AcDbEntity
  8
BLACK
  6
CONTINUOUS
100
AcDbLine
 10
2.2042877952755906
 20
1.1914481496062992
 30
0
 11
2.2055905905511812
 21
1.1923186614173229
 31
0
  0
LINE
  5
B07
330
1A
100
AcDbEntity
  8
BLACK
  6
CONTINUOUS
100
AcDbLine
 10
2.2055905905511812
 20
1.1923186614173229
 30
0
 11
2.2067314566929133
 21
1.192545590551181
 31
0
  0
LINE
  5
B08
330
1A
100
AcDbEntity
  8
BLACK
  6
CONTINUOUS
100
AcDbLine
 10
2.2067314566929133
 20
1.192545590551181
 30
0
 11
2.2055905905511812
 21
1.1927725196850394
 31
0
  0
LINE
  5
B09
330
1A
100
AcDbEntity
  8
BLACK
  6
CONTINUOUS
100
AcDbLine
 10
2.2055905905511812
 20
1.1927725196850394
 30
0
 11
2.2042877952755906
 21
1.1936430314960629
 31
0
  0
LINE
  5
B0A
330
1A
100
AcDbEntity
  8
BLACK
  6
CONTINUOUS
100
AcDbLine
 10
2.2042877952755906
 20
1.1936430314960629
 30
0
 11
2.2034172834645669
 21
1.1949458267716535
 31
0
  0
LINE
  5
B0B
330
1A
100
AcDbEntity
  8
BLACK
  6
CONTINUOUS
100
AcDbLine
 10
2.2034172834645669
 20
1.1949458267716535
 30
0
 11
2.2031116141732281
 21
1.1964825984251968
 31
0
  0
LINE
  5
B0C
330
1A
100
AcDbEntity
  8
BLACK
  6
CONTINUOUS
100
AcDbLine
 10
2.2031116141732281
 20
1.1964825984251968
 30
0
 11
2.2031116141732281
 21
1.2141991338582676
 31
0
  0
LINE
  5
B0D
330
1A
100
AcDbEntity
  8
BLACK
  6
CONTINUOUS
100
AcDbLine
 10
2.2031116141732281
 20
1.2141991338582676
 30
0
 11
2.2034172834645669
 21
1.2157359055118111
 31
0
  0
LINE
  5
B0E
330
1A
100
AcDbEntity
  8
BLACK
  6
CONTINUOUS
100
AcDbLine
 10
2.2034172834645669
 20
1.2157359055118111
 30
0
 11
2.2042877952755906
 21
1.2170387007874015
 31
0
  0
LINE
  5
B0F
330
1A
100
AcDbEntity
  8
BLACK
  6
CONTINUOUS
100
AcDbLine
 10
2.2042877952755906
 20
1.2170387007874015
 30
0
 11
2.2055905905511812
 21
1.2179092125984252
 31
0
  0
LINE
  5
B10
330
1A
100
AcDbEntity
  8
BLACK
  6
CONTINUOUS
100
AcDbLine
 10
2.2055905905511812
 20
1.2179092125984252
 30
0
 11
2.2067314566929133
 21
1.2181361417322834
 31
0
  0
LINE
  5
B11
330
1A
100
AcDbEntity
  8
BLACK
  6
CONTINUOUS
100
AcDbLine
 10
2.2067314566929133
 20
1.2181361417322834
 30
0
 11
2.2055905905511812
 21
1.2183630708661417
 31
0
  0
LINE
  5
B12
330
1A
100
AcDbEntity
  8
BLACK
  6
CONTINUOUS
100
AcDbLine
 10
2.2055905905511812
 20
1.2183630708661417
 30
0
 11
2.2042877952755906
 21
1.2192335826771654
 31
0
  0
LINE
  5
B13
330
1A
100
AcDbEntity
  8
BLACK
  6
CONTINUOUS
100
AcDbLine
 10
2.2042877952755906
 20
1.2192335826771654
 30
0
 11
2.2034172834645669
 21
1.2205363779527558
 31
0
  0
LINE
  5
B14
330
1A
100
AcDbEntity
  8
BLACK
  6
CONTINUOUS
100
AcDbLine
 10
2.2034172834645669
 20
1.2205363779527558
 30
0
 11
2.2031116141732281
 21
1.2220731496062991
 31
0
  0
LINE
  5
B15
330
1A
100
AcDbEntity
  8
BLACK
  6
CONTINUOUS
100
AcDbLine
 10
2.2031116141732281
 20
1.2220731496062991
 30
0
 11
2.2031116141732281
 21
1.2397896850393701
 31
0
  0
LINE
  5
B16
330
1A
100
AcDbEntity
  8
BLACK
  6
CONTINUOUS
100
AcDbLine
 10
2.2031116141732281
 20
1.2397896850393701
 30
0
 11
2.2034172834645669
 21
1.2413264566929134
 31
0
  0
LINE
  5
B17
330
1A
100
AcDbEntity
  8
BLACK
  6
CONTINUOUS
100
AcDbLine
 10
2.2034172834645669
 20
1.2413264566929134
 30
0
 11
2.2042877952755906
 21
1.2426292519685038
 31
0
  0
LINE
  5
B18
330
1A
100
AcDbEntity
  8
BLACK
  6
CONTINUOUS
100
AcDbLine
 10
2.2042877952755906
 20
1.2426292519685038
 30
0
 11
2.2055905905511812
 21
1.2434997637795275
 31
0
  0
LINE
  5
B19
330
1A
100
AcDbEntity
  8
BLACK
  6
CONTINUOUS
100
AcDbLine
 10
2.2055905905511812
 20
1.2434997637795275
 30
0
 11
2.2071273622047243
 21
1.2438054330708661
 31
0
  0
LINE
  5
B1A
330
1A
100
AcDbEntity
  8
BLACK
  6
CONTINUOUS
100
AcDbLine
 10
2.2071273622047243
 20
1.2438054330708661
 30
0
 11
2.2651982283464567
 21
1.2438054330708661
 31
0
  0
LINE
  5
B1B
330
1A
100
AcDbEntity
  8
BLACK
  6
CONTINUOUS
100
AcDbLine
 10
2.2651982283464567
 20
1.2438054330708661
 30
0
 11
2.2667350000000002
 21
1.2434997637795275
 31
0
  0
LINE
  5
B1C
330
1A
100
AcDbEntity
  8
BLACK
  6
CONTINUOUS
100
AcDbLine
 10
1.587658937007874
 20
1.1152962992125983
 30
0
 11
1.5902134251968503
 21
1.1135894094488188
 31
0
  0
LINE
  5
B1D
330
1A
100
AcDbEntity
  8
BLACK
  6
CONTINUOUS
100
AcDbLine
 10
1.5902134251968503
 20
1.1135894094488188
 30
0
 11
1.5919203149606298
 21
1.1110349212598425
 31
0
  0
LINE
  5
B1E
330
1A
100
AcDbEntity
  8
BLACK
  6
CONTINUOUS
100
AcDbLine
 10
1.5919203149606298
 20
1.1110349212598425
 30
0
 11
1.5925196850393701
 21
1.1080216535433072
 31
0
  0
LINE
  5
B1F
330
1A
100
AcDbEntity
  8
BLACK
  6
CONTINUOUS
100
AcDbLine
 10
1.5925196850393701
 20
1.1080216535433072
 30
0
 11
1.5925196850393701
 21
1.0962106299212597
 31
0
  0
LINE
  5
B20
330
1A
100
AcDbEntity
  8
BLACK
  6
CONTINUOUS
100
AcDbLine
 10
1.5925196850393701
 20
1.0962106299212597
 30
0
 11
1.5919203149606298
 21
1.0931973622047244
 31
0
  0
LINE
  5
B21
330
1A
100
AcDbEntity
  8
BLACK
  6
CONTINUOUS
100
AcDbLine
 10
1.5919203149606298
 20
1.0931973622047244
 30
0
 11
1.5902134251968503
 21
1.0906428740157481
 31
0
  0
LINE
  5
B22
330
1A
100
AcDbEntity
  8
BLACK
  6
CONTINUOUS
100
AcDbLine
 10
1.5902134251968503
 20
1.0906428740157481
 30
0
 11
1.587658937007874
 21
1.0889359842519686
 31
0
  0
LINE
  5
B23
330
1A
100
AcDbEntity
  8
BLACK
  6
CONTINUOUS
100
AcDbLine
 10
1.587658937007874
 20
1.0889359842519686
 30
0
 11
1.5846456692913387
 21
1.0883366141732282
 31
0
  0
LINE
  5
B24
330
1A
100
AcDbEntity
  8
BLACK
  6
CONTINUOUS
100
AcDbLine
 10
1.5846456692913387
 20
1.0883366141732282
 30
0
 11
1.5383858267716535
 21
1.0883366141732282
 31
0
  0
LINE
  5
B25
330
1A
100
AcDbEntity
  8
BLACK
  6
CONTINUOUS
100
AcDbLine
 10
1.5383858267716535
 20
1.0883366141732282
 30
0
 11
1.5353725590551182
 21
1.0889359842519686
 31
0
  0
LINE
  5
B26
330
1A
100
AcDbEntity
  8
BLACK
  6
CONTINUOUS
100
AcDbLine
 10
1.5353725590551182
 20
1.0889359842519686
 30
0
 11
1.5328180708661416
 21
1.0906428740157481
 31
0
  0
LINE
  5
B27
330
1A
100
AcDbEntity
  8
BLACK
  6
CONTINUOUS
100
AcDbLine
 10
1.5328180708661416
 20
1.0906428740157481
 30
0
 11
1.5311111811023621
 21
1.0931973622047244
 31
0
  0
LINE
  5
B28
330
1A
100
AcDbEntity
  8
BLACK
  6
CONTINUOUS
100
AcDbLine
 10
1.5311111811023621
 20
1.0931973622047244
 30
0
 11
1.530511811023622
 21
1.0962106299212597
 31
0
  0
LINE
  5
B29
330
1A
100
AcDbEntity
  8
BLACK
  6
CONTINUOUS
100
AcDbLine
 10
1.530511811023622
 20
1.0962106299212597
 30
0
 11
1.530511811023622
 21
1.1080216535433072
 31
0
  0
LINE
  5
B2A
330
1A
100
AcDbEntity
  8
BLACK
  6
CONTINUOUS
100
AcDbLine
 10
1.530511811023622
 20
1.1080216535433072
 30
0
 11
1.5311111811023621
 21
1.1110349212598425
 31
0
  0
LINE
  5
B2B
330
1A
100
AcDbEntity
  8
BLACK
  6
CONTINUOUS
100
AcDbLine
 10
1.5311111811023621
 20
1.1110349212598425
 30
0
 11
1.5328180708661416
 21
1.1135894094488188
 31
0
  0
LINE
  5
B2C
330
1A
100
AcDbEntity
  8
BLACK
  6
CONTINUOUS
100
AcDbLine
 10
1.5328180708661416
 20
1.1135894094488188
 30
0
 11
1.5353725590551182
 21
1.1152962992125983
 31
0
  0
LINE
  5
B2D
330
1A
100
AcDbEntity
  8
BLACK
  6
CONTINUOUS
100
AcDbLine
 10
1.5353725590551182
 20
1.1152962992125983
 30
0
 11
1.5383858267716535
 21
1.1158956692913387
 31
0
  0
LINE
  5
B2E
330
1A
100
AcDbEntity
  8
BLACK
  6
CONTINUOUS
100
AcDbLine
 10
1.5383858267716535
 20
1.1158956692913387
 30
0
 11
1.5846456692913387
 21
1.1158956692913387
 31
0
  0
LINE
  5
B2F
330
1A
100
AcDbEntity
  8
BLACK
  6
CONTINUOUS
100
AcDbLine
 10
1.5846456692913387
 20
1.1158956692913387
 30
0
 11
1.587658937007874
 21
1.1152962992125983
 31
0
  0
LINE
  5
B30
330
1A
100
AcDbEntity
  8
BLACK
  6
CONTINUOUS
100
AcDbLine
 10
2.7236666929133859
 20
1.1617399212598425
 30
0
 11
2.7243053149606298
 21
1.1613131889763779
 31
0
  0
LINE
  5
B31
330
1A
100
AcDbEntity
  8
BLACK
  6
CONTINUOUS
100
AcDbLine
 10
2.7243053149606298
 20
1.1613131889763779
 30
0
 11
2.7247320472440943
 21
1.1606745669291338
 31
0
  0
LINE
  5
B32
330
1A
100
AcDbEntity
  8
BLACK
  6
CONTINUOUS
100
AcDbLine
 10
2.7247320472440943
 20
1.1606745669291338
 30
0
 11
2.7248818897637794
 21
1.1599212598425197
 31
0
  0
LINE
  5
B33
330
1A
100
AcDbEntity
  8
BLACK
  6
CONTINUOUS
100
AcDbLine
 10
2.7248818897637794
 20
1.1599212598425197
 30
0
 11
2.7248818897637794
 21
1.0999212598425196
 31
0
  0
LINE
  5
B34
330
1A
100
AcDbEntity
  8
BLACK
  6
CONTINUOUS
100
AcDbLine
 10
2.7248818897637794
 20
1.0999212598425196
 30
0
 11
2.7247320472440943
 21
1.0991679527559055
 31
0
  0
LINE
  5
B35
330
1A
100
AcDbEntity
  8
BLACK
  6
CONTINUOUS
100
AcDbLine
 10
2.7247320472440943
 20
1.0991679527559055
 30
0
 11
2.7243053149606298
 21
1.0985293307086614
 31
0
  0
LINE
  5
B36
330
1A
100
AcDbEntity
  8
BLACK
  6
CONTINUOUS
100
AcDbLine
 10
2.7243053149606298
 20
1.0985293307086614
 30
0
 11
2.7236666929133859
 21
1.0981025984251969
 31
0
  0
LINE
  5
B37
330
1A
100
AcDbEntity
  8
BLACK
  6
CONTINUOUS
100
AcDbLine
 10
2.7236666929133859
 20
1.0981025984251969
 30
0
 11
2.7229133858267716
 21
1.0979527559055118
 31
0
  0
LINE
  5
B38
330
1A
100
AcDbEntity
  8
BLACK
  6
CONTINUOUS
100
AcDbLine
 10
2.7229133858267716
 20
1.0979527559055118
 30
0
 11
2.6629133858267715
 21
1.0979527559055118
 31
0
  0
LINE
  5
B39
330
1A
100
AcDbEntity
  8
BLACK
  6
CONTINUOUS
100
AcDbLine
 10
2.6629133858267715
 20
1.0979527559055118
 30
0
 11
2.6621600787401576
 21
1.0981025984251969
 31
0
  0
LINE
  5
B3A
330
1A
100
AcDbEntity
  8
BLACK
  6
CONTINUOUS
100
AcDbLine
 10
2.6621600787401576
 20
1.0981025984251969
 30
0
 11
2.6615214566929133
 21
1.0985293307086614
 31
0
  0
LINE
  5
B3B
330
1A
100
AcDbEntity
  8
BLACK
  6
CONTINUOUS
100
AcDbLine
 10
2.6615214566929133
 20
1.0985293307086614
 30
0
 11
2.6610947244094487
 21
1.0991679527559055
 31
0
  0
LINE
  5
B3C
330
1A
100
AcDbEntity
  8
BLACK
  6
CONTINUOUS
100
AcDbLine
 10
2.6610947244094487
 20
1.0991679527559055
 30
0
 11
2.6609448818897636
 21
1.0999212598425196
 31
0
  0
LINE
  5
B3D
330
1A
100
AcDbEntity
  8
BLACK
  6
CONTINUOUS
100
AcDbLine
 10
2.6609448818897636
 20
1.0999212598425196
 30
0
 11
2.6609448818897636
 21
1.1599212598425197
 31
0
  0
LINE
  5
B3E
330
1A
100
AcDbEntity
  8
BLACK
  6
CONTINUOUS
100
AcDbLine
 10
2.6609448818897636
 20
1.1599212598425197
 30
0
 11
2.6610947244094487
 21
1.1606745669291338
 31
0
  0
LINE
  5
B3F
330
1A
100
AcDbEntity
  8
BLACK
  6
CONTINUOUS
100
AcDbLine
 10
2.6610947244094487
 20
1.1606745669291338
 30
0
 11
2.6615214566929133
 21
1.1613131889763779
 31
0
  0
LINE
  5
B40
330
1A
100
AcDbEntity
  8
BLACK
  6
CONTINUOUS
100
AcDbLine
 10
2.6615214566929133
 20
1.1613131889763779
 30
0
 11
2.6621600787401576
 21
1.1617399212598425
 31
0
  0
LINE
  5
B41
330
1A
100
AcDbEntity
  8
BLACK
  6
CONTINUOUS
100
AcDbLine
 10
2.6621600787401576
 20
1.1617399212598425
 30
0
 11
2.6629133858267715
 21
1.1618897637795276
 31
0
  0
LINE
  5
B42
330
1A
100
AcDbEntity
  8
BLACK
  6
CONTINUOUS
100
AcDbLine
 10
2.6629133858267715
 20
1.1618897637795276
 30
0
 11
2.7229133858267716
 21
1.1618897637795276
 31
0
  0
LINE
  5
B43
330
1A
100
AcDbEntity
  8
BLACK
  6
CONTINUOUS
100
AcDbLine
 10
2.7229133858267716
 20
1.1618897637795276
 30
0
 11
2.7236666929133859
 21
1.1617399212598425
 31
0
  0
LINE
  5
B44
330
1A
100
AcDbEntity
  8
BLACK
  6
CONTINUOUS
100
AcDbLine
 10
2.8236666929133856
 20
1.1617399212598425
 30
0
 11
2.8243053149606299
 21
1.1613131889763779
 31
0
  0
LINE
  5
B45
330
1A
100
AcDbEntity
  8
BLACK
  6
CONTINUOUS
100
AcDbLine
 10
2.8243053149606299
 20
1.1613131889763779
 30
0
 11
2.8247320472440944
 21
1.1606745669291338
 31
0
  0
LINE
  5
B46
330
1A
100
AcDbEntity
  8
BLACK
  6
CONTINUOUS
100
AcDbLine
 10
2.8247320472440944
 20
1.1606745669291338
 30
0
 11
2.8248818897637795
 21
1.1599212598425197
 31
0
  0
LINE
  5
B47
330
1A
100
AcDbEntity
  8
BLACK
  6
CONTINUOUS
100
AcDbLine
 10
2.8248818897637795
 20
1.1599212598425197
 30
0
 11
2.8248818897637795
 21
1.0999212598425196
 31
0
  0
LINE
  5
B48
330
1A
100
AcDbEntity
  8
BLACK
  6
CONTINUOUS
100
AcDbLine
 10
2.8248818897637795
 20
1.0999212598425196
 30
0
 11
2.8247320472440944
 21
1.0991679527559055
 31
0
  0
LINE
  5
B49
330
1A
100
AcDbEntity
  8
BLACK
  6
CONTINUOUS
100
AcDbLine
 10
2.8247320472440944
 20
1.0991679527559055
 30
0
 11
2.8243053149606299
 21
1.0985293307086614
 31
0
  0
LINE
  5
B4A
330
1A
100
AcDbEntity
  8
BLACK
  6
CONTINUOUS
100
AcDbLine
 10
2.8243053149606299
 20
1.0985293307086614
 30
0
 11
2.8236666929133856
 21
1.0981025984251969
 31
0
  0
LINE
  5
B4B
330
1A
100
AcDbEntity
  8
BLACK
  6
CONTINUOUS
100
AcDbLine
 10
2.8236666929133856
 20
1.0981025984251969
 30
0
 11
2.8229133858267716
 21
1.0979527559055118
 31
0
  0
LINE
  5
B4C
330
1A
100
AcDbEntity
  8
BLACK
  6
CONTINUOUS
100
AcDbLine
 10
2.8229133858267716
 20
1.0979527559055118
 30
0
 11
2.7629133858267716
 21
1.0979527559055118
 31
0
  0
LINE
  5
B4D
330
1A
100
AcDbEntity
  8
BLACK
  6
CONTINUOUS
100
AcDbLine
 10
2.7629133858267716
 20
1.0979527559055118
 30
0
 11
2.7621600787401572
 21
1.0981025984251969
 31
0
  0
LINE
  5
B4E
330
1A
100
AcDbEntity
  8
BLACK
  6
CONTINUOUS
100
AcDbLine
 10
2.7621600787401572
 20
1.0981025984251969
 30
0
 11
2.7615214566929134
 21
1.0985293307086614
 31
0
  0
LINE
  5
B4F
330
1A
100
AcDbEntity
  8
BLACK
  6
CONTINUOUS
100
AcDbLine
 10
2.7615214566929134
 20
1.0985293307086614
 30
0
 11
2.7610947244094488
 21
1.0991679527559055
 31
0
  0
LINE
  5
B50
330
1A
100
AcDbEntity
  8
BLACK
  6
CONTINUOUS
100
AcDbLine
 10
2.7610947244094488
 20
1.0991679527559055
 30
0
 11
2.7609448818897637
 21
1.0999212598425196
 31
0
  0
LINE
  5
B51
330
1A
100
AcDbEntity
  8
BLACK
  6
CONTINUOUS
100
AcDbLine
 10
2.7609448818897637
 20
1.0999212598425196
 30
0
 11
2.7609448818897637
 21
1.1599212598425197
 31
0
  0
LINE
  5
B52
330
1A
100
AcDbEntity
  8
BLACK
  6
CONTINUOUS
100
AcDbLine
 10
2.7609448818897637
 20
1.1599212598425197
 30
0
 11
2.7610947244094488
 21
1.1606745669291338
 31
0
  0
LINE
  5
B53
330
1A
100
AcDbEntity
  8
BLACK
  6
CONTINUOUS
100
AcDbLine
 10
2.7610947244094488
 20
1.1606745669291338
 30
0
 11
2.7615214566929134
 21
1.1613131889763779
 31
0
  0
LINE
  5
B54
330
1A
100
AcDbEntity
  8
BLACK
  6
CONTINUOUS
100
AcDbLine
 10
2.7615214566929134
 20
1.1613131889763779
 30
0
 11
2.7621600787401572
 21
1.1617399212598425
 31
0
  0
LINE
  5
B55
330
1A
100
AcDbEntity
  8
BLACK
  6
CONTINUOUS
100
AcDbLine
 10
2.7621600787401572
 20
1.1617399212598425
 30
0
 11
2.7629133858267716
 21
1.1618897637795276
 31
0
  0
LINE
  5
B56
330
1A
100
AcDbEntity
  8
BLACK
  6
CONTINUOUS
100
AcDbLine
 10
2.7629133858267716
 20
1.1618897637795276
 30
0
 11
2.8229133858267716
 21
1.1618897637795276
 31
0
  0
LINE
  5
B57
330
1A
100
AcDbEntity
  8
BLACK
  6
CONTINUOUS
100
AcDbLine
 10
2.8229133858267716
 20
1.1618897637795276
 30
0
 11
2.8236666929133856
 21
1.1617399212598425
 31
0
  0
LINE
  5
B58
330
1A
100
AcDbEntity
  8
BLACK
  6
CONTINUOUS
100
AcDbLine
 10
1.0283931102362205
 20
1.163761062992126
 30
0
 11
1.0323638188976378
 21
1.1620078346456693
 31
0
  0
LINE
  5
B59
330
1A
100
AcDbEntity
  8
BLACK
  6
CONTINUOUS
100
AcDbLine
 10
1.0323638188976378
 20
1.1620078346456693
 30
0
 11
1.0354330314960629
 21
1.158938622047244
 31
0
  0
LINE
  5
B5A
330
1A
100
AcDbEntity
  8
BLACK
  6
CONTINUOUS
100
AcDbLine
 10
1.0354330314960629
 20
1.158938622047244
 30
0
 11
1.0371862598425197
 21
1.1549679133858268
 31
0
  0
LINE
  5
B5B
330
1A
100
AcDbEntity
  8
BLACK
  6
CONTINUOUS
100
AcDbLine
 10
1.0371862598425197
 20
1.1549679133858268
 30
0
 11
1.0374999999999999
 21
1.152263779527559
 31
0
  0
LINE
  5
B5C
330
1A
100
AcDbEntity
  8
BLACK
  6
CONTINUOUS
100
AcDbLine
 10
1.0374999999999999
 20
1.152263779527559
 30
0
 11
1.0374999999999999
 21
1.1148622047244094
 31
0
  0
LINE
  5
B5D
330
1A
100
AcDbEntity
  8
BLACK
  6
CONTINUOUS
100
AcDbLine
 10
1.0374999999999999
 20
1.1148622047244094
 30
0
 11
1.0371862598425197
 21
1.1121580708661416
 31
0
  0
LINE
  5
B5E
330
1A
100
AcDbEntity
  8
BLACK
  6
CONTINUOUS
100
AcDbLine
 10
1.0371862598425197
 20
1.1121580708661416
 30
0
 11
1.0354330314960629
 21
1.1081873622047245
 31
0
  0
LINE
  5
B5F
330
1A
100
AcDbEntity
  8
BLACK
  6
CONTINUOUS
100
AcDbLine
 10
1.0354330314960629
 20
1.1081873622047245
 30
0
 11
1.0323638188976378
 21
1.1051181496062992
 31
0
  0
LINE
  5
B60
330
1A
100
AcDbEntity
  8
BLACK
  6
CONTINUOUS
100
AcDbLine
 10
1.0323638188976378
 20
1.1051181496062992
 30
0
 11
1.0283931102362205
 21
1.1033649212598424
 31
0
  0
LINE
  5
B61
330
1A
100
AcDbEntity
  8
BLACK
  6
CONTINUOUS
100
AcDbLine
 10
1.0283931102362205
 20
1.1033649212598424
 30
0
 11
1.0256889763779526
 21
1.1030511811023622
 31
0
  0
LINE
  5
B62
330
1A
100
AcDbEntity
  8
BLACK
  6
CONTINUOUS
100
AcDbLine
 10
1.0256889763779526
 20
1.1030511811023622
 30
0
 11
1.0060039370078739
 21
1.1030511811023622
 31
0
  0
LINE
  5
B63
330
1A
100
AcDbEntity
  8
BLACK
  6
CONTINUOUS
100
AcDbLine
 10
1.0060039370078739
 20
1.1030511811023622
 30
0
 11
1.0032998031496063
 21
1.1033649212598424
 31
0
  0
LINE
  5
B64
330
1A
100
AcDbEntity
  8
BLACK
  6
CONTINUOUS
100
AcDbLine
 10
1.0032998031496063
 20
1.1033649212598424
 30
0
 11
0.999329094488189
 21
1.1051181496062992
 31
0
  0
LINE
  5
B65
330
1A
100
AcDbEntity
  8
BLACK
  6
CONTINUOUS
100
AcDbLine
 10
0.999329094488189
 20
1.1051181496062992
 30
0
 11
0.9962598818897638
 21
1.1081873622047245
 31
0
  0
LINE
  5
B66
330
1A
100
AcDbEntity
  8
BLACK
  6
CONTINUOUS
100
AcDbLine
 10
0.9962598818897638
 20
1.1081873622047245
 30
0
 11
0.994506653543307
 21
1.1121580708661416
 31
0
  0
LINE
  5
B67
330
1A
100
AcDbEntity
  8
BLACK
  6
CONTINUOUS
100
AcDbLine
 10
0.994506653543307
 20
1.1121580708661416
 30
0
 11
0.9941929133858267
 21
1.1148622047244094
 31
0
  0
LINE
  5
B68
330
1A
100
AcDbEntity
  8
BLACK
  6
CONTINUOUS
100
AcDbLine
 10
0.9941929133858267
 20
1.1148622047244094
 30
0
 11
0.9941929133858267
 21
1.152263779527559
 31
0
  0
LINE
  5
B69
330
1A
100
AcDbEntity
  8
BLACK
  6
CONTINUOUS
100
AcDbLine
 10
0.9941929133858267
 20
1.152263779527559
 30
0
 11
0.994506653543307
 21
1.1549679133858268
 31
0
  0
LINE
  5
B6A
330
1A
100
AcDbEntity
  8
BLACK
  6
CONTINUOUS
100
AcDbLine
 10
0.994506653543307
 20
1.1549679133858268
 30
0
 11
0.9962598818897638
 21
1.158938622047244
 31
0
  0
LINE
  5
B6B
330
1A
100
AcDbEntity
  8
BLACK
  6
CONTINUOUS
100
AcDbLine
 10
0.9962598818897638
 20
1.158938622047244
 30
0
 11
0.999329094488189
 21
1.1620078346456693
 31
0
  0
LINE
  5
B6C
330
1A
100
AcDbEntity
  8
BLACK
  6
CONTINUOUS
100
AcDbLine
 10
0.999329094488189
 20
1.1620078346456693
 30
0
 11
1.0032998031496063
 21
1.163761062992126
 31
0
  0
LINE
  5
B6D
330
1A
100
AcDbEntity
  8
BLACK
  6
CONTINUOUS
100
AcDbLine
 10
1.0032998031496063
 20
1.163761062992126
 30
0
 11
1.0060039370078739
 21
1.1640748031496062
 31
0
  0
LINE
  5
B6E
330
1A
100
AcDbEntity
  8
BLACK
  6
CONTINUOUS
100
AcDbLine
 10
1.0060039370078739
 20
1.1640748031496062
 30
0
 11
1.0256889763779526
 21
1.1640748031496062
 31
0
  0
LINE
  5
B6F
330
1A
100
AcDbEntity
  8
BLACK
  6
CONTINUOUS
100
AcDbLine
 10
1.0256889763779526
 20
1.1640748031496062
 30
0
 11
1.0283931102362205
 21
1.163761062992126
 31
0
  0
LINE
  5
B70
330
1A
100
AcDbEntity
  8
BLACK
  6
CONTINUOUS
100
AcDbLine
 10
1.1031962598425196
 20
1.163761062992126
 30
0
 11
1.1071669685039369
 21
1.1620078346456693
 31
0
  0
LINE
  5
B71
330
1A
100
AcDbEntity
  8
BLACK
  6
CONTINUOUS
100
AcDbLine
 10
1.1071669685039369
 20
1.1620078346456693
 30
0
 11
1.1102361811023622
 21
1.158938622047244
 31
0
  0
LINE
  5
B72
330
1A
100
AcDbEntity
  8
BLACK
  6
CONTINUOUS
100
AcDbLine
 10
1.1102361811023622
 20
1.158938622047244
 30
0
 11
1.111989409448819
 21
1.1549679133858268
 31
0
  0
LINE
  5
B73
330
1A
100
AcDbEntity
  8
BLACK
  6
CONTINUOUS
100
AcDbLine
 10
1.111989409448819
 20
1.1549679133858268
 30
0
 11
1.1123031496062992
 21
1.152263779527559
 31
0
  0
LINE
  5
B74
330
1A
100
AcDbEntity
  8
BLACK
  6
CONTINUOUS
100
AcDbLine
 10
1.1123031496062992
 20
1.152263779527559
 30
0
 11
1.1123031496062992
 21
1.1148622047244094
 31
0
  0
LINE
  5
B75
330
1A
100
AcDbEntity
  8
BLACK
  6
CONTINUOUS
100
AcDbLine
 10
1.1123031496062992
 20
1.1148622047244094
 30
0
 11
1.111989409448819
 21
1.1121580708661416
 31
0
  0
LINE
  5
B76
330
1A
100
AcDbEntity
  8
BLACK
  6
CONTINUOUS
100
AcDbLine
 10
1.111989409448819
 20
1.1121580708661416
 30
0
 11
1.1102361811023622
 21
1.1081873622047245
 31
0
  0
LINE
  5
B77
330
1A
100
AcDbEntity
  8
BLACK
  6
CONTINUOUS
100
AcDbLine
 10
1.1102361811023622
 20
1.1081873622047245
 30
0
 11
1.1071669685039369
 21
1.1051181496062992
 31
0
  0
LINE
  5
B78
330
1A
100
AcDbEntity
  8
BLACK
  6
CONTINUOUS
100
AcDbLine
 10
1.1071669685039369
 20
1.1051181496062992
 30
0
 11
1.1031962598425196
 21
1.1033649212598424
 31
0
  0
LINE
  5
B79
330
1A
100
AcDbEntity
  8
BLACK
  6
CONTINUOUS
100
AcDbLine
 10
1.1031962598425196
 20
1.1033649212598424
 30
0
 11
1.1004921259842519
 21
1.1030511811023622
 31
0
  0
LINE
  5
B7A
330
1A
100
AcDbEntity
  8
BLACK
  6
CONTINUOUS
100
AcDbLine
 10
1.1004921259842519
 20
1.1030511811023622
 30
0
 11
1.0808070866141732
 21
1.1030511811023622
 31
0
  0
LINE
  5
B7B
330
1A
100
AcDbEntity
  8
BLACK
  6
CONTINUOUS
100
AcDbLine
 10
1.0808070866141732
 20
1.1030511811023622
 30
0
 11
1.0781029527559054
 21
1.1033649212598424
 31
0
  0
LINE
  5
B7C
330
1A
100
AcDbEntity
  8
BLACK
  6
CONTINUOUS
100
AcDbLine
 10
1.0781029527559054
 20
1.1033649212598424
 30
0
 11
1.0741322440944883
 21
1.1051181496062992
 31
0
  0
LINE
  5
B7D
330
1A
100
AcDbEntity
  8
BLACK
  6
CONTINUOUS
100
AcDbLine
 10
1.0741322440944883
 20
1.1051181496062992
 30
0
 11
1.071063031496063
 21
1.1081873622047245
 31
0
  0
LINE
  5
B7E
330
1A
100
AcDbEntity
  8
BLACK
  6
CONTINUOUS
100
AcDbLine
 10
1.071063031496063
 20
1.1081873622047245
 30
0
 11
1.0693098031496062
 21
1.1121580708661416
 31
0
  0
LINE
  5
B7F
330
1A
100
AcDbEntity
  8
BLACK
  6
CONTINUOUS
100
AcDbLine
 10
1.0693098031496062
 20
1.1121580708661416
 30
0
 11
1.068996062992126
 21
1.1148622047244094
 31
0
  0
LINE
  5
B80
330
1A
100
AcDbEntity
  8
BLACK
  6
CONTINUOUS
100
AcDbLine
 10
1.068996062992126
 20
1.1148622047244094
 30
0
 11
1.068996062992126
 21
1.152263779527559
 31
0
  0
LINE
  5
B81
330
1A
100
AcDbEntity
  8
BLACK
  6
CONTINUOUS
100
AcDbLine
 10
1.068996062992126
 20
1.152263779527559
 30
0
 11
1.0693098031496062
 21
1.1549679133858268
 31
0
  0
LINE
  5
B82
330
1A
100
AcDbEntity
  8
BLACK
  6
CONTINUOUS
100
AcDbLine
 10
1.0693098031496062
 20
1.1549679133858268
 30
0
 11
1.071063031496063
 21
1.158938622047244
 31
0
  0
LINE
  5
B83
330
1A
100
AcDbEntity
  8
BLACK
  6
CONTINUOUS
100
AcDbLine
 10
1.071063031496063
 20
1.158938622047244
 30
0
 11
1.0741322440944883
 21
1.1620078346456693
 31
0
  0
LINE
  5
B84
330
1A
100
AcDbEntity
  8
BLACK
  6
CONTINUOUS
100
AcDbLine
 10
1.0741322440944883
 20
1.1620078346456693
 30
0
 11
1.0781029527559054
 21
1.163761062992126
 31
0
  0
LINE
  5
B85
330
1A
100
AcDbEntity
  8
BLACK
  6
CONTINUOUS
100
AcDbLine
 10
1.0781029527559054
 20
1.163761062992126
 30
0
 11
1.0808070866141732
 21
1.1640748031496062
 31
0
  0
LINE
  5
B86
330
1A
100
AcDbEntity
  8
BLACK
  6
CONTINUOUS
100
AcDbLine
 10
1.0808070866141732
 20
1.1640748031496062
 30
0
 11
1.1004921259842519
 21
1.1640748031496062
 31
0
  0
LINE
  5
B87
330
1A
100
AcDbEntity
  8
BLACK
  6
CONTINUOUS
100
AcDbLine
 10
1.1004921259842519
 20
1.1640748031496062
 30
0
 11
1.1031962598425196
 21
1.163761062992126
 31
0
  0
LINE
  5
B88
330
1A
100
AcDbEntity
  8
BLACK
  6
CONTINUOUS
100
AcDbLine
 10
1.1834127952755906
 20
1.1636626377952755
 30
0
 11
1.1873835039370078
 21
1.1619094094488189
 31
0
  0
LINE
  5
B89
330
1A
100
AcDbEntity
  8
BLACK
  6
CONTINUOUS
100
AcDbLine
 10
1.1873835039370078
 20
1.1619094094488189
 30
0
 11
1.1904527165354331
 21
1.1588401968503936
 31
0
  0
LINE
  5
B8A
330
1A
100
AcDbEntity
  8
BLACK
  6
CONTINUOUS
100
AcDbLine
 10
1.1904527165354331
 20
1.1588401968503936
 30
0
 11
1.1922059448818898
 21
1.1548694881889763
 31
0
  0
LINE
  5
B8B
330
1A
100
AcDbEntity
  8
BLACK
  6
CONTINUOUS
100
AcDbLine
 10
1.1922059448818898
 20
1.1548694881889763
 30
0
 11
1.19251968503937
 21
1.1521653543307087
 31
0
  0
LINE
  5
B8C
330
1A
100
AcDbEntity
  8
BLACK
  6
CONTINUOUS
100
AcDbLine
 10
1.19251968503937
 20
1.1521653543307087
 30
0
 11
1.19251968503937
 21
1.1187007874015749
 31
0
  0
LINE
  5
B8D
330
1A
100
AcDbEntity
  8
BLACK
  6
CONTINUOUS
100
AcDbLine
 10
1.19251968503937
 20
1.1187007874015749
 30
0
 11
1.1922059448818898
 21
1.115996653543307
 31
0
  0
LINE
  5
B8E
330
1A
100
AcDbEntity
  8
BLACK
  6
CONTINUOUS
100
AcDbLine
 10
1.1922059448818898
 20
1.115996653543307
 30
0
 11
1.1904527165354331
 21
1.1120259448818897
 31
0
  0
LINE
  5
B8F
330
1A
100
AcDbEntity
  8
BLACK
  6
CONTINUOUS
100
AcDbLine
 10
1.1904527165354331
 20
1.1120259448818897
 30
0
 11
1.1873835039370078
 21
1.1089567322834646
 31
0
  0
LINE
  5
B90
330
1A
100
AcDbEntity
  8
BLACK
  6
CONTINUOUS
100
AcDbLine
 10
1.1873835039370078
 20
1.1089567322834646
 30
0
 11
1.1834127952755906
 21
1.1072035039370078
 31
0
  0
LINE
  5
B91
330
1A
100
AcDbEntity
  8
BLACK
  6
CONTINUOUS
100
AcDbLine
 10
1.1834127952755906
 20
1.1072035039370078
 30
0
 11
1.1807086614173228
 21
1.1068897637795276
 31
0
  0
LINE
  5
B92
330
1A
100
AcDbEntity
  8
BLACK
  6
CONTINUOUS
100
AcDbLine
 10
1.1807086614173228
 20
1.1068897637795276
 30
0
 11
1.1452755905511811
 21
1.1068897637795276
 31
0
  0
LINE
  5
B93
330
1A
100
AcDbEntity
  8
BLACK
  6
CONTINUOUS
100
AcDbLine
 10
1.1452755905511811
 20
1.1068897637795276
 30
0
 11
1.1425714566929133
 21
1.1072035039370078
 31
0
  0
LINE
  5
B94
330
1A
100
AcDbEntity
  8
BLACK
  6
CONTINUOUS
100
AcDbLine
 10
1.1425714566929133
 20
1.1072035039370078
 30
0
 11
1.1386007480314961
 21
1.1089567322834646
 31
0
  0
LINE
  5
B95
330
1A
100
AcDbEntity
  8
BLACK
  6
CONTINUOUS
100
AcDbLine
 10
1.1386007480314961
 20
1.1089567322834646
 30
0
 11
1.1355315354330708
 21
1.1120259448818897
 31
0
  0
LINE
  5
B96
330
1A
100
AcDbEntity
  8
BLACK
  6
CONTINUOUS
100
AcDbLine
 10
1.1355315354330708
 20
1.1120259448818897
 30
0
 11
1.1337783070866141
 21
1.115996653543307
 31
0
  0
LINE
  5
B97
330
1A
100
AcDbEntity
  8
BLACK
  6
CONTINUOUS
100
AcDbLine
 10
1.1337783070866141
 20
1.115996653543307
 30
0
 11
1.1334645669291339
 21
1.1187007874015749
 31
0
  0
LINE
  5
B98
330
1A
100
AcDbEntity
  8
BLACK
  6
CONTINUOUS
100
AcDbLine
 10
1.1334645669291339
 20
1.1187007874015749
 30
0
 11
1.1334645669291339
 21
1.1521653543307087
 31
0
  0
LINE
  5
B99
330
1A
100
AcDbEntity
  8
BLACK
  6
CONTINUOUS
100
AcDbLine
 10
1.1334645669291339
 20
1.1521653543307087
 30
0
 11
1.1337783070866141
 21
1.1548694881889763
 31
0
  0
LINE
  5
B9A
330
1A
100
AcDbEntity
  8
BLACK
  6
CONTINUOUS
100
AcDbLine
 10
1.1337783070866141
 20
1.1548694881889763
 30
0
 11
1.1355315354330708
 21
1.1588401968503936
 31
0
  0
LINE
  5
B9B
330
1A
100
AcDbEntity
  8
BLACK
  6
CONTINUOUS
100
AcDbLine
 10
1.1355315354330708
 20
1.1588401968503936
 30
0
 11
1.1386007480314961
 21
1.1619094094488189
 31
0
  0
LINE
  5
B9C
330
1A
100
AcDbEntity
  8
BLACK
  6
CONTINUOUS
100
AcDbLine
 10
1.1386007480314961
 20
1.1619094094488189
 30
0
 11
1.1425714566929133
 21
1.1636626377952755
 31
0
  0
LINE
  5
B9D
330
1A
100
AcDbEntity
  8
BLACK
  6
CONTINUOUS
100
AcDbLine
 10
1.1425714566929133
 20
1.1636626377952755
 30
0
 11
1.1452755905511811
 21
1.1639763779527559
 31
0
  0
LINE
  5
B9E
330
1A
100
AcDbEntity
  8
BLACK
  6
CONTINUOUS
100
AcDbLine
 10
1.1452755905511811
 20
1.1639763779527559
 30
0
 11
1.1807086614173228
 21
1.1639763779527559
 31
0
  0
LINE
  5
B9F
330
1A
100
AcDbEntity
  8
BLACK
  6
CONTINUOUS
100
AcDbLine
 10
1.1807086614173228
 20
1.1639763779527559
 30
0
 11
1.1834127952755906
 21
1.1636626377952755
 31
0
  0
LINE
  5
BA0
330
1A
100
AcDbEntity
  8
BLACK
  6
CONTINUOUS
100
AcDbLine
 10
1.2897120078740156
 20
1.1636626377952755
 30
0
 11
1.293682716535433
 21
1.1619094094488189
 31
0
  0
LINE
  5
BA1
330
1A
100
AcDbEntity
  8
BLACK
  6
CONTINUOUS
100
AcDbLine
 10
1.293682716535433
 20
1.1619094094488189
 30
0
 11
1.2967519291338583
 21
1.1588401968503936
 31
0
  0
LINE
  5
BA2
330
1A
100
AcDbEntity
  8
BLACK
  6
CONTINUOUS
100
AcDbLine
 10
1.2967519291338583
 20
1.1588401968503936
 30
0
 11
1.298505157480315
 21
1.1548694881889763
 31
0
  0
LINE
  5
BA3
330
1A
100
AcDbEntity
  8
BLACK
  6
CONTINUOUS
100
AcDbLine
 10
1.298505157480315
 20
1.1548694881889763
 30
0
 11
1.2988188976377952
 21
1.1521653543307087
 31
0
  0
LINE
  5
BA4
330
1A
100
AcDbEntity
  8
BLACK
  6
CONTINUOUS
100
AcDbLine
 10
1.2988188976377952
 20
1.1521653543307087
 30
0
 11
1.2988188976377952
 21
1.1187007874015749
 31
0
  0
LINE
  5
BA5
330
1A
100
AcDbEntity
  8
BLACK
  6
CONTINUOUS
100
AcDbLine
 10
1.2988188976377952
 20
1.1187007874015749
 30
0
 11
1.298505157480315
 21
1.115996653543307
 31
0
  0
LINE
  5
BA6
330
1A
100
AcDbEntity
  8
BLACK
  6
CONTINUOUS
100
AcDbLine
 10
1.298505157480315
 20
1.115996653543307
 30
0
 11
1.2967519291338583
 21
1.1120259448818897
 31
0
  0
LINE
  5
BA7
330
1A
100
AcDbEntity
  8
BLACK
  6
CONTINUOUS
100
AcDbLine
 10
1.2967519291338583
 20
1.1120259448818897
 30
0
 11
1.293682716535433
 21
1.1089567322834646
 31
0
  0
LINE
  5
BA8
330
1A
100
AcDbEntity
  8
BLACK
  6
CONTINUOUS
100
AcDbLine
 10
1.293682716535433
 20
1.1089567322834646
 30
0
 11
1.2897120078740156
 21
1.1072035039370078
 31
0
  0
LINE
  5
BA9
330
1A
100
AcDbEntity
  8
BLACK
  6
CONTINUOUS
100
AcDbLine
 10
1.2897120078740156
 20
1.1072035039370078
 30
0
 11
1.287007874015748
 21
1.1068897637795276
 31
0
  0
LINE
  5
BAA
330
1A
100
AcDbEntity
  8
BLACK
  6
CONTINUOUS
100
AcDbLine
 10
1.287007874015748
 20
1.1068897637795276
 30
0
 11
1.2515748031496063
 21
1.1068897637795276
 31
0
  0
LINE
  5
BAB
330
1A
100
AcDbEntity
  8
BLACK
  6
CONTINUOUS
100
AcDbLine
 10
1.2515748031496063
 20
1.1068897637795276
 30
0
 11
1.2488706692913385
 21
1.1072035039370078
 31
0
  0
LINE
  5
BAC
330
1A
100
AcDbEntity
  8
BLACK
  6
CONTINUOUS
100
AcDbLine
 10
1.2488706692913385
 20
1.1072035039370078
 30
0
 11
1.2448999606299211
 21
1.1089567322834646
 31
0
  0
LINE
  5
BAD
330
1A
100
AcDbEntity
  8
BLACK
  6
CONTINUOUS
100
AcDbLine
 10
1.2448999606299211
 20
1.1089567322834646
 30
0
 11
1.2418307480314961
 21
1.1120259448818897
 31
0
  0
LINE
  5
BAE
330
1A
100
AcDbEntity
  8
BLACK
  6
CONTINUOUS
100
AcDbLine
 10
1.2418307480314961
 20
1.1120259448818897
 30
0
 11
1.2400775196850393
 21
1.115996653543307
 31
0
  0
LINE
  5
BAF
330
1A
100
AcDbEntity
  8
BLACK
  6
CONTINUOUS
100
AcDbLine
 10
1.2400775196850393
 20
1.115996653543307
 30
0
 11
1.2397637795275591
 21
1.1187007874015749
 31
0
  0
LINE
  5
BB0
330
1A
100
AcDbEntity
  8
BLACK
  6
CONTINUOUS
100
AcDbLine
 10
1.2397637795275591
 20
1.1187007874015749
 30
0
 11
1.2397637795275591
 21
1.1521653543307087
 31
0
  0
LINE
  5
BB1
330
1A
100
AcDbEntity
  8
BLACK
  6
CONTINUOUS
100
AcDbLine
 10
1.2397637795275591
 20
1.1521653543307087
 30
0
 11
1.2400775196850393
 21
1.1548694881889763
 31
0
  0
LINE
  5
BB2
330
1A
100
AcDbEntity
  8
BLACK
  6
CONTINUOUS
100
AcDbLine
 10
1.2400775196850393
 20
1.1548694881889763
 30
0
 11
1.2418307480314961
 21
1.1588401968503936
 31
0
  0
LINE
  5
BB3
330
1A
100
AcDbEntity
  8
BLACK
  6
CONTINUOUS
100
AcDbLine
 10
1.2418307480314961
 20
1.1588401968503936
 30
0
 11
1.2448999606299211
 21
1.1619094094488189
 31
0
  0
LINE
  5
BB4
330
1A
100
AcDbEntity
  8
BLACK
  6
CONTINUOUS
100
AcDbLine
 10
1.2448999606299211
 20
1.1619094094488189
 30
0
 11
1.2488706692913385
 21
1.1636626377952755
 31
0
  0
LINE
  5
BB5
330
1A
100
AcDbEntity
  8
BLACK
  6
CONTINUOUS
100
AcDbLine
 10
1.2488706692913385
 20
1.1636626377952755
 30
0
 11
1.2515748031496063
 21
1.1639763779527559
 31
0
  0
LINE
  5
BB6
330
1A
100
AcDbEntity
  8
BLACK
  6
CONTINUOUS
100
AcDbLine
 10
1.2515748031496063
 20
1.1639763779527559
 30
0
 11
1.287007874015748
 21
1.1639763779527559
 31
0
  0
LINE
  5
BB7
330
1A
100
AcDbEntity
  8
BLACK
  6
CONTINUOUS
100
AcDbLine
 10
1.287007874015748
 20
1.1639763779527559
 30
0
 11
1.2897120078740156
 21
1.1636626377952755
 31
0
  0
LINE
  5
BB8
330
1A
100
AcDbEntity
  8
BLACK
  6
CONTINUOUS
100
AcDbLine
 10
0.8641214566929134
 20
1.1585445275590551
 30
0
 11
0.8680921653543306
 21
1.1567912992125984
 31
0
  0
LINE
  5
BB9
330
1A
100
AcDbEntity
  8
BLACK
  6
CONTINUOUS
100
AcDbLine
 10
0.8680921653543306
 20
1.1567912992125984
 30
0
 11
0.8711613779527558
 21
1.1537220866141733
 31
0
  0
LINE
  5
BBA
330
1A
100
AcDbEntity
  8
BLACK
  6
CONTINUOUS
100
AcDbLine
 10
0.8711613779527558
 20
1.1537220866141733
 30
0
 11
0.8729146062992126
 21
1.1497513779527559
 31
0
  0
LINE
  5
BBB
330
1A
100
AcDbEntity
  8
BLACK
  6
CONTINUOUS
100
AcDbLine
 10
0.8729146062992126
 20
1.1497513779527559
 30
0
 11
0.8732283464566929
 21
1.1470472440944881
 31
0
  0
LINE
  5
BBC
330
1A
100
AcDbEntity
  8
BLACK
  6
CONTINUOUS
100
AcDbLine
 10
0.8732283464566929
 20
1.1470472440944881
 30
0
 11
0.8732283464566929
 21
1.1263779527559055
 31
0
  0
LINE
  5
BBD
330
1A
100
AcDbEntity
  8
BLACK
  6
CONTINUOUS
100
AcDbLine
 10
0.8732283464566929
 20
1.1263779527559055
 30
0
 11
0.8729146062992126
 21
1.1236738188976378
 31
0
  0
LINE
  5
BBE
330
1A
100
AcDbEntity
  8
BLACK
  6
CONTINUOUS
100
AcDbLine
 10
0.8729146062992126
 20
1.1236738188976378
 30
0
 11
0.8711613779527558
 21
1.1197031102362205
 31
0
  0
LINE
  5
BBF
330
1A
100
AcDbEntity
  8
BLACK
  6
CONTINUOUS
100
AcDbLine
 10
0.8711613779527558
 20
1.1197031102362205
 30
0
 11
0.8680921653543306
 21
1.1166338976377952
 31
0
  0
LINE
  5
BC0
330
1A
100
AcDbEntity
  8
BLACK
  6
CONTINUOUS
100
AcDbLine
 10
0.8680921653543306
 20
1.1166338976377952
 30
0
 11
0.8641214566929134
 21
1.1148806692913387
 31
0
  0
LINE
  5
BC1
330
1A
100
AcDbEntity
  8
BLACK
  6
CONTINUOUS
100
AcDbLine
 10
0.8641214566929134
 20
1.1148806692913387
 30
0
 11
0.8614173228346457
 21
1.1145669291338582
 31
0
  0
LINE
  5
BC2
330
1A
100
AcDbEntity
  8
BLACK
  6
CONTINUOUS
100
AcDbLine
 10
0.8614173228346457
 20
1.1145669291338582
 30
0
 11
0.8259842519685039
 21
1.1145669291338582
 31
0
  0
LINE
  5
BC3
330
1A
100
AcDbEntity
  8
BLACK
  6
CONTINUOUS
100
AcDbLine
 10
0.8259842519685039
 20
1.1145669291338582
 30
0
 11
0.8232801181102362
 21
1.1148806692913387
 31
0
  0
LINE
  5
BC4
330
1A
100
AcDbEntity
  8
BLACK
  6
CONTINUOUS
100
AcDbLine
 10
0.8232801181102362
 20
1.1148806692913387
 30
0
 11
0.8193094094488189
 21
1.1166338976377952
 31
0
  0
LINE
  5
BC5
330
1A
100
AcDbEntity
  8
BLACK
  6
CONTINUOUS
100
AcDbLine
 10
0.8193094094488189
 20
1.1166338976377952
 30
0
 11
0.8162401968503937
 21
1.1197031102362205
 31
0
  0
LINE
  5
BC6
330
1A
100
AcDbEntity
  8
BLACK
  6
CONTINUOUS
100
AcDbLine
 10
0.8162401968503937
 20
1.1197031102362205
 30
0
 11
0.814486968503937
 21
1.1236738188976378
 31
0
  0
LINE
  5
BC7
330
1A
100
AcDbEntity
  8
BLACK
  6
CONTINUOUS
100
AcDbLine
 10
0.814486968503937
 20
1.1236738188976378
 30
0
 11
0.8141732283464567
 21
1.1263779527559055
 31
0
  0
LINE
  5
BC8
330
1A
100
AcDbEntity
  8
BLACK
  6
CONTINUOUS
100
AcDbLine
 10
0.8141732283464567
 20
1.1263779527559055
 30
0
 11
0.8141732283464567
 21
1.1470472440944881
 31
0
  0
LINE
  5
BC9
330
1A
100
AcDbEntity
  8
BLACK
  6
CONTINUOUS
100
AcDbLine
 10
0.8141732283464567
 20
1.1470472440944881
 30
0
 11
0.814486968503937
 21
1.1497513779527559
 31
0
  0
LINE
  5
BCA
330
1A
100
AcDbEntity
  8
BLACK
  6
CONTINUOUS
100
AcDbLine
 10
0.814486968503937
 20
1.1497513779527559
 30
0
 11
0.8162401968503937
 21
1.1537220866141733
 31
0
  0
LINE
  5
BCB
330
1A
100
AcDbEntity
  8
BLACK
  6
CONTINUOUS
100
AcDbLine
 10
0.8162401968503937
 20
1.1537220866141733
 30
0
 11
0.8193094094488189
 21
1.1567912992125984
 31
0
  0
LINE
  5
BCC
330
1A
100
AcDbEntity
  8
BLACK
  6
CONTINUOUS
100
AcDbLine
 10
0.8193094094488189
 20
1.1567912992125984
 30
0
 11
0.8232801181102362
 21
1.1585445275590551
 31
0
  0
LINE
  5
BCD
330
1A
100
AcDbEntity
  8
BLACK
  6
CONTINUOUS
100
AcDbLine
 10
0.8232801181102362
 20
1.1585445275590551
 30
0
 11
0.8259842519685039
 21
1.1588582677165353
 31
0
  0
LINE
  5
BCE
330
1A
100
AcDbEntity
  8
BLACK
  6
CONTINUOUS
100
AcDbLine
 10
0.8259842519685039
 20
1.1588582677165353
 30
0
 11
0.8614173228346457
 21
1.1588582677165353
 31
0
  0
LINE
  5
BCF
330
1A
100
AcDbEntity
  8
BLACK
  6
CONTINUOUS
100
AcDbLine
 10
0.8614173228346457
 20
1.1588582677165353
 30
0
 11
0.8641214566929134
 21
1.1585445275590551
 31
0
  0
LINE
  5
BD0
330
1A
100
AcDbEntity
  8
BLACK
  6
CONTINUOUS
100
AcDbLine
 10
0.9467001968503936
 20
1.1608083070866142
 30
0
 11
0.950670905511811
 21
1.1590550787401575
 31
0
  0
LINE
  5
BD1
330
1A
100
AcDbEntity
  8
BLACK
  6
CONTINUOUS
100
AcDbLine
 10
0.950670905511811
 20
1.1590550787401575
 30
0
 11
0.9537401181102362
 21
1.1559858661417322
 31
0
  0
LINE
  5
BD2
330
1A
100
AcDbEntity
  8
BLACK
  6
CONTINUOUS
100
AcDbLine
 10
0.9537401181102362
 20
1.1559858661417322
 30
0
 11
0.9554933464566929
 21
1.152015157480315
 31
0
  0
LINE
  5
BD3
330
1A
100
AcDbEntity
  8
BLACK
  6
CONTINUOUS
100
AcDbLine
 10
0.9554933464566929
 20
1.152015157480315
 30
0
 11
0.9558070866141732
 21
1.1493110236220472
 31
0
  0
LINE
  5
BD4
330
1A
100
AcDbEntity
  8
BLACK
  6
CONTINUOUS
100
AcDbLine
 10
0.9558070866141732
 20
1.1493110236220472
 30
0
 11
0.9558070866141732
 21
1.1296259842519685
 31
0
  0
LINE
  5
BD5
330
1A
100
AcDbEntity
  8
BLACK
  6
CONTINUOUS
100
AcDbLine
 10
0.9558070866141732
 20
1.1296259842519685
 30
0
 11
0.9554933464566929
 21
1.1269218503937009
 31
0
  0
LINE
  5
BD6
330
1A
100
AcDbEntity
  8
BLACK
  6
CONTINUOUS
100
AcDbLine
 10
0.9554933464566929
 20
1.1269218503937009
 30
0
 11
0.9537401181102362
 21
1.1229511417322835
 31
0
  0
LINE
  5
BD7
330
1A
100
AcDbEntity
  8
BLACK
  6
CONTINUOUS
100
AcDbLine
 10
0.9537401181102362
 20
1.1229511417322835
 30
0
 11
0.950670905511811
 21
1.1198819291338582
 31
0
  0
LINE
  5
BD8
330
1A
100
AcDbEntity
  8
BLACK
  6
CONTINUOUS
100
AcDbLine
 10
0.950670905511811
 20
1.1198819291338582
 30
0
 11
0.9467001968503936
 21
1.1181287007874015
 31
0
  0
LINE
  5
BD9
330
1A
100
AcDbEntity
  8
BLACK
  6
CONTINUOUS
100
AcDbLine
 10
0.9467001968503936
 20
1.1181287007874015
 30
0
 11
0.943996062992126
 21
1.1178149606299213
 31
0
  0
LINE
  5
BDA
330
1A
100
AcDbEntity
  8
BLACK
  6
CONTINUOUS
100
AcDbLine
 10
0.943996062992126
 20
1.1178149606299213
 30
0
 11
0.9065944881889764
 21
1.1178149606299213
 31
0
  0
LINE
  5
BDB
330
1A
100
AcDbEntity
  8
BLACK
  6
CONTINUOUS
100
AcDbLine
 10
0.9065944881889764
 20
1.1178149606299213
 30
0
 11
0.9038903543307086
 21
1.1181287007874015
 31
0
  0
LINE
  5
BDC
330
1A
100
AcDbEntity
  8
BLACK
  6
CONTINUOUS
100
AcDbLine
 10
0.9038903543307086
 20
1.1181287007874015
 30
0
 11
0.8999196456692913
 21
1.1198819291338582
 31
0
  0
LINE
  5
BDD
330
1A
100
AcDbEntity
  8
BLACK
  6
CONTINUOUS
100
AcDbLine
 10
0.8999196456692913
 20
1.1198819291338582
 30
0
 11
0.8968504330708661
 21
1.1229511417322835
 31
0
  0
LINE
  5
BDE
330
1A
100
AcDbEntity
  8
BLACK
  6
CONTINUOUS
100
AcDbLine
 10
0.8968504330708661
 20
1.1229511417322835
 30
0
 11
0.8950972047244095
 21
1.1269218503937009
 31
0
  0
LINE
  5
BDF
330
1A
100
AcDbEntity
  8
BLACK
  6
CONTINUOUS
100
AcDbLine
 10
0.8950972047244095
 20
1.1269218503937009
 30
0
 11
0.8947834645669291
 21
1.1296259842519685
 31
0
  0
LINE
  5
BE0
330
1A
100
AcDbEntity
  8
BLACK
  6
CONTINUOUS
100
AcDbLine
 10
0.8947834645669291
 20
1.1296259842519685
 30
0
 11
0.8947834645669291
 21
1.1493110236220472
 31
0
  0
LINE
  5
BE1
330
1A
100
AcDbEntity
  8
BLACK
  6
CONTINUOUS
100
AcDbLine
 10
0.8947834645669291
 20
1.1493110236220472
 30
0
 11
0.8950972047244095
 21
1.152015157480315
 31
0
  0
LINE
  5
BE2
330
1A
100
AcDbEntity
  8
BLACK
  6
CONTINUOUS
100
AcDbLine
 10
0.8950972047244095
 20
1.152015157480315
 30
0
 11
0.8968504330708661
 21
1.1559858661417322
 31
0
  0
LINE
  5
BE3
330
1A
100
AcDbEntity
  8
BLACK
  6
CONTINUOUS
100
AcDbLine
 10
0.8968504330708661
 20
1.1559858661417322
 30
0
 11
0.8999196456692913
 21
1.1590550787401575
 31
0
  0
LINE
  5
BE4
330
1A
100
AcDbEntity
  8
BLACK
  6
CONTINUOUS
100
AcDbLine
 10
0.8999196456692913
 20
1.1590550787401575
 30
0
 11
0.9038903543307086
 21
1.1608083070866142
 31
0
  0
LINE
  5
BE5
330
1A
100
AcDbEntity
  8
BLACK
  6
CONTINUOUS
100
AcDbLine
 10
0.9038903543307086
 20
1.1608083070866142
 30
0
 11
0.9065944881889764
 21
1.1611220472440944
 31
0
  0
LINE
  5
BE6
330
1A
100
AcDbEntity
  8
BLACK
  6
CONTINUOUS
100
AcDbLine
 10
0.9065944881889764
 20
1.1611220472440944
 30
0
 11
0.943996062992126
 21
1.1611220472440944
 31
0
  0
LINE
  5
BE7
330
1A
100
AcDbEntity
  8
BLACK
  6
CONTINUOUS
100
AcDbLine
 10
0.943996062992126
 20
1.1611220472440944
 30
0
 11
0.9467001968503936
 21
1.1608083070866142
 31
0
  0
LINE
  5
BE8
330
1A
100
AcDbEntity
  8
BLACK
  6
CONTINUOUS
100
AcDbLine
 10
1.8097907480314961
 20
1.1894008267716536
 30
0
 11
1.8137614566929134
 21
1.1876475984251968
 31
0
  0
LINE
  5
BE9
330
1A
100
AcDbEntity
  8
BLACK
  6
CONTINUOUS
100
AcDbLine
 10
1.8137614566929134
 20
1.1876475984251968
 30
0
 11
1.8168306692913385
 21
1.1845783858267716
 31
0
  0
LINE
  5
BEA
330
1A
100
AcDbEntity
  8
BLACK
  6
CONTINUOUS
100
AcDbLine
 10
1.8168306692913385
 20
1.1845783858267716
 30
0
 11
1.8185838976377953
 21
1.1806076771653542
 31
0
  0
LINE
  5
BEB
330
1A
100
AcDbEntity
  8
BLACK
  6
CONTINUOUS
100
AcDbLine
 10
1.8185838976377953
 20
1.1806076771653542
 30
0
 11
1.8188976377952755
 21
1.1779035433070866
 31
0
  0
LINE
  5
BEC
330
1A
100
AcDbEntity
  8
BLACK
  6
CONTINUOUS
100
AcDbLine
 10
1.8188976377952755
 20
1.1779035433070866
 30
0
 11
1.8188976377952755
 21
1.140501968503937
 31
0
  0
LINE
  5
BED
330
1A
100
AcDbEntity
  8
BLACK
  6
CONTINUOUS
100
AcDbLine
 10
1.8188976377952755
 20
1.140501968503937
 30
0
 11
1.8185838976377953
 21
1.1377978346456692
 31
0
  0
LINE
  5
BEE
330
1A
100
AcDbEntity
  8
BLACK
  6
CONTINUOUS
100
AcDbLine
 10
1.8185838976377953
 20
1.1377978346456692
 30
0
 11
1.8168306692913385
 21
1.1338271259842518
 31
0
  0
LINE
  5
BEF
330
1A
100
AcDbEntity
  8
BLACK
  6
CONTINUOUS
100
AcDbLine
 10
1.8168306692913385
 20
1.1338271259842518
 30
0
 11
1.8137614566929134
 21
1.1307579133858268
 31
0
  0
LINE
  5
BF0
330
1A
100
AcDbEntity
  8
BLACK
  6
CONTINUOUS
100
AcDbLine
 10
1.8137614566929134
 20
1.1307579133858268
 30
0
 11
1.8097907480314961
 21
1.12900468503937
 31
0
  0
LINE
  5
BF1
330
1A
100
AcDbEntity
  8
BLACK
  6
CONTINUOUS
100
AcDbLine
 10
1.8097907480314961
 20
1.12900468503937
 30
0
 11
1.8070866141732282
 21
1.1286909448818898
 31
0
  0
LINE
  5
BF2
330
1A
100
AcDbEntity
  8
BLACK
  6
CONTINUOUS
100
AcDbLine
 10
1.8070866141732282
 20
1.1286909448818898
 30
0
 11
1.7874015748031495
 21
1.1286909448818898
 31
0
  0
LINE
  5
BF3
330
1A
100
AcDbEntity
  8
BLACK
  6
CONTINUOUS
100
AcDbLine
 10
1.7874015748031495
 20
1.1286909448818898
 30
0
 11
1.7846974409448819
 21
1.12900468503937
 31
0
  0
LINE
  5
BF4
330
1A
100
AcDbEntity
  8
BLACK
  6
CONTINUOUS
100
AcDbLine
 10
1.7846974409448819
 20
1.12900468503937
 30
0
 11
1.7807267322834646
 21
1.1307579133858268
 31
0
  0
LINE
  5
BF5
330
1A
100
AcDbEntity
  8
BLACK
  6
CONTINUOUS
100
AcDbLine
 10
1.7807267322834646
 20
1.1307579133858268
 30
0
 11
1.7776575196850393
 21
1.1338271259842518
 31
0
  0
LINE
  5
BF6
330
1A
100
AcDbEntity
  8
BLACK
  6
CONTINUOUS
100
AcDbLine
 10
1.7776575196850393
 20
1.1338271259842518
 30
0
 11
1.7759042913385827
 21
1.1377978346456692
 31
0
  0
LINE
  5
BF7
330
1A
100
AcDbEntity
  8
BLACK
  6
CONTINUOUS
100
AcDbLine
 10
1.7759042913385827
 20
1.1377978346456692
 30
0
 11
1.7755905511811023
 21
1.140501968503937
 31
0
  0
LINE
  5
BF8
330
1A
100
AcDbEntity
  8
BLACK
  6
CONTINUOUS
100
AcDbLine
 10
1.7755905511811023
 20
1.140501968503937
 30
0
 11
1.7755905511811023
 21
1.1779035433070866
 31
0
  0
LINE
  5
BF9
330
1A
100
AcDbEntity
  8
BLACK
  6
CONTINUOUS
100
AcDbLine
 10
1.7755905511811023
 20
1.1779035433070866
 30
0
 11
1.7759042913385827
 21
1.1806076771653542
 31
0
  0
LINE
  5
BFA
330
1A
100
AcDbEntity
  8
BLACK
  6
CONTINUOUS
100
AcDbLine
 10
1.7759042913385827
 20
1.1806076771653542
 30
0
 11
1.7776575196850393
 21
1.1845783858267716
 31
0
  0
LINE
  5
BFB
330
1A
100
AcDbEntity
  8
BLACK
  6
CONTINUOUS
100
AcDbLine
 10
1.7776575196850393
 20
1.1845783858267716
 30
0
 11
1.7807267322834646
 21
1.1876475984251968
 31
0
  0
LINE
  5
BFC
330
1A
100
AcDbEntity
  8
BLACK
  6
CONTINUOUS
100
AcDbLine
 10
1.7807267322834646
 20
1.1876475984251968
 30
0
 11
1.7846974409448819
 21
1.1894008267716536
 31
0
  0
LINE
  5
BFD
330
1A
100
AcDbEntity
  8
BLACK
  6
CONTINUOUS
100
AcDbLine
 10
1.7846974409448819
 20
1.1894008267716536
 30
0
 11
1.7874015748031495
 21
1.1897145669291338
 31
0
  0
LINE
  5
BFE
330
1A
100
AcDbEntity
  8
BLACK
  6
CONTINUOUS
100
AcDbLine
 10
1.7874015748031495
 20
1.1897145669291338
 30
0
 11
1.8070866141732282
 21
1.1897145669291338
 31
0
  0
LINE
  5
BFF
330
1A
100
AcDbEntity
  8
BLACK
  6
CONTINUOUS
100
AcDbLine
 10
1.8070866141732282
 20
1.1897145669291338
 30
0
 11
1.8097907480314961
 21
1.1894008267716536
 31
0
  0
LINE
  5
C00
330
1A
100
AcDbEntity
  8
BLACK
  6
CONTINUOUS
100
AcDbLine
 10
1.8845938976377952
 20
1.1894008267716536
 30
0
 11
1.8885646062992125
 21
1.1876475984251968
 31
0
  0
LINE
  5
C01
330
1A
100
AcDbEntity
  8
BLACK
  6
CONTINUOUS
100
AcDbLine
 10
1.8885646062992125
 20
1.1876475984251968
 30
0
 11
1.8916338188976378
 21
1.1845783858267716
 31
0
  0
LINE
  5
C02
330
1A
100
AcDbEntity
  8
BLACK
  6
CONTINUOUS
100
AcDbLine
 10
1.8916338188976378
 20
1.1845783858267716
 30
0
 11
1.8933870472440943
 21
1.1806076771653542
 31
0
  0
LINE
  5
C03
330
1A
100
AcDbEntity
  8
BLACK
  6
CONTINUOUS
100
AcDbLine
 10
1.8933870472440943
 20
1.1806076771653542
 30
0
 11
1.8937007874015748
 21
1.1779035433070866
 31
0
  0
LINE
  5
C04
330
1A
100
AcDbEntity
  8
BLACK
  6
CONTINUOUS
100
AcDbLine
 10
1.8937007874015748
 20
1.1779035433070866
 30
0
 11
1.8937007874015748
 21
1.140501968503937
 31
0
  0
LINE
  5
C05
330
1A
100
AcDbEntity
  8
BLACK
  6
CONTINUOUS
100
AcDbLine
 10
1.8937007874015748
 20
1.140501968503937
 30
0
 11
1.8933870472440943
 21
1.1377978346456692
 31
0
  0
LINE
  5
C06
330
1A
100
AcDbEntity
  8
BLACK
  6
CONTINUOUS
100
AcDbLine
 10
1.8933870472440943
 20
1.1377978346456692
 30
0
 11
1.8916338188976378
 21
1.1338271259842518
 31
0
  0
LINE
  5
C07
330
1A
100
AcDbEntity
  8
BLACK
  6
CONTINUOUS
100
AcDbLine
 10
1.8916338188976378
 20
1.1338271259842518
 30
0
 11
1.8885646062992125
 21
1.1307579133858268
 31
0
  0
LINE
  5
C08
330
1A
100
AcDbEntity
  8
BLACK
  6
CONTINUOUS
100
AcDbLine
 10
1.8885646062992125
 20
1.1307579133858268
 30
0
 11
1.8845938976377952
 21
1.12900468503937
 31
0
  0
LINE
  5
C09
330
1A
100
AcDbEntity
  8
BLACK
  6
CONTINUOUS
100
AcDbLine
 10
1.8845938976377952
 20
1.12900468503937
 30
0
 11
1.8818897637795275
 21
1.1286909448818898
 31
0
  0
LINE
  5
C0A
330
1A
100
AcDbEntity
  8
BLACK
  6
CONTINUOUS
100
AcDbLine
 10
1.8818897637795275
 20
1.1286909448818898
 30
0
 11
1.8622047244094488
 21
1.1286909448818898
 31
0
  0
LINE
  5
C0B
330
1A
100
AcDbEntity
  8
BLACK
  6
CONTINUOUS
100
AcDbLine
 10
1.8622047244094488
 20
1.1286909448818898
 30
0
 11
1.859500590551181
 21
1.12900468503937
 31
0
  0
LINE
  5
C0C
330
1A
100
AcDbEntity
  8
BLACK
  6
CONTINUOUS
100
AcDbLine
 10
1.859500590551181
 20
1.12900468503937
 30
0
 11
1.8555298818897636
 21
1.1307579133858268
 31
0
  0
LINE
  5
C0D
330
1A
100
AcDbEntity
  8
BLACK
  6
CONTINUOUS
100
AcDbLine
 10
1.8555298818897636
 20
1.1307579133858268
 30
0
 11
1.8524606692913386
 21
1.1338271259842518
 31
0
  0
LINE
  5
C0E
330
1A
100
AcDbEntity
  8
BLACK
  6
CONTINUOUS
100
AcDbLine
 10
1.8524606692913386
 20
1.1338271259842518
 30
0
 11
1.8507074409448818
 21
1.1377978346456692
 31
0
  0
LINE
  5
C0F
330
1A
100
AcDbEntity
  8
BLACK
  6
CONTINUOUS
100
AcDbLine
 10
1.8507074409448818
 20
1.1377978346456692
 30
0
 11
1.8503937007874016
 21
1.140501968503937
 31
0
  0
LINE
  5
C10
330
1A
100
AcDbEntity
  8
BLACK
  6
CONTINUOUS
100
AcDbLine
 10
1.8503937007874016
 20
1.140501968503937
 30
0
 11
1.8503937007874016
 21
1.1779035433070866
 31
0
  0
LINE
  5
C11
330
1A
100
AcDbEntity
  8
BLACK
  6
CONTINUOUS
100
AcDbLine
 10
1.8503937007874016
 20
1.1779035433070866
 30
0
 11
1.8507074409448818
 21
1.1806076771653542
 31
0
  0
LINE
  5
C12
330
1A
100
AcDbEntity
  8
BLACK
  6
CONTINUOUS
100
AcDbLine
 10
1.8507074409448818
 20
1.1806076771653542
 30
0
 11
1.8524606692913386
 21
1.1845783858267716
 31
0
  0
LINE
  5
C13
330
1A
100
AcDbEntity
  8
BLACK
  6
CONTINUOUS
100
AcDbLine
 10
1.8524606692913386
 20
1.1845783858267716
 30
0
 11
1.8555298818897636
 21
1.1876475984251968
 31
0
  0
LINE
  5
C14
330
1A
100
AcDbEntity
  8
BLACK
  6
CONTINUOUS
100
AcDbLine
 10
1.8555298818897636
 20
1.1876475984251968
 30
0
 11
1.859500590551181
 21
1.1894008267716536
 31
0
  0
LINE
  5
C15
330
1A
100
AcDbEntity
  8
BLACK
  6
CONTINUOUS
100
AcDbLine
 10
1.859500590551181
 20
1.1894008267716536
 30
0
 11
1.8622047244094488
 21
1.1897145669291338
 31
0
  0
LINE
  5
C16
330
1A
100
AcDbEntity
  8
BLACK
  6
CONTINUOUS
100
AcDbLine
 10
1.8622047244094488
 20
1.1897145669291338
 30
0
 11
1.8818897637795275
 21
1.1897145669291338
 31
0
  0
LINE
  5
C17
330
1A
100
AcDbEntity
  8
BLACK
  6
CONTINUOUS
100
AcDbLine
 10
1.8818897637795275
 20
1.1897145669291338
 30
0
 11
1.8845938976377952
 21
1.1894008267716536
 31
0
  0
LINE
  5
C18
330
1A
100
AcDbEntity
  8
BLACK
  6
CONTINUOUS
100
AcDbLine
 10
0.4307462204724409
 20
1.2155629133858268
 30
0
 11
0.4370624015748031
 21
1.2135106299212599
 31
0
  0
LINE
  5
C19
330
1A
100
AcDbEntity
  8
BLACK
  6
CONTINUOUS
100
AcDbLine
 10
0.4370624015748031
 20
1.2135106299212599
 30
0
 11
0.4429797637795275
 21
1.2104955905511812
 31
0
  0
LINE
  5
C1A
330
1A
100
AcDbEntity
  8
BLACK
  6
CONTINUOUS
100
AcDbLine
 10
0.4429797637795275
 20
1.2104955905511812
 30
0
 11
0.4483526377952756
 21
1.206591968503937
 31
0
  0
LINE
  5
C1B
330
1A
100
AcDbEntity
  8
BLACK
  6
CONTINUOUS
100
AcDbLine
 10
0.4483526377952756
 20
1.206591968503937
 30
0
 11
0.4530486614173228
 21
1.2018959448818898
 31
0
  0
LINE
  5
C1C
330
1A
100
AcDbEntity
  8
BLACK
  6
CONTINUOUS
100
AcDbLine
 10
0.4530486614173228
 20
1.2018959448818898
 30
0
 11
0.4569522834645669
 21
1.1965230708661416
 31
0
  0
LINE
  5
C1D
330
1A
100
AcDbEntity
  8
BLACK
  6
CONTINUOUS
100
AcDbLine
 10
0.4569522834645669
 20
1.1965230708661416
 30
0
 11
0.4599673228346456
 21
1.1906057086614172
 31
0
  0
LINE
  5
C1E
330
1A
100
AcDbEntity
  8
BLACK
  6
CONTINUOUS
100
AcDbLine
 10
0.4599673228346456
 20
1.1906057086614172
 30
0
 11
0.4620196062992126
 21
1.184289527559055
 31
0
  0
LINE
  5
C1F
330
1A
100
AcDbEntity
  8
BLACK
  6
CONTINUOUS
100
AcDbLine
 10
0.4620196062992126
 20
1.184289527559055
 30
0
 11
0.4630585039370079
 21
1.1777300787401574
 31
0
  0
LINE
  5
C20
330
1A
100
AcDbEntity
  8
BLACK
  6
CONTINUOUS
100
AcDbLine
 10
0.4630585039370079
 20
1.1777300787401574
 30
0
 11
0.4630585039370079
 21
1.1710888188976378
 31
0
  0
LINE
  5
C21
330
1A
100
AcDbEntity
  8
BLACK
  6
CONTINUOUS
100
AcDbLine
 10
0.4630585039370079
 20
1.1710888188976378
 30
0
 11
0.4620196062992126
 21
1.16452937007874
 31
0
  0
LINE
  5
C22
330
1A
100
AcDbEntity
  8
BLACK
  6
CONTINUOUS
100
AcDbLine
 10
0.4620196062992126
 20
1.16452937007874
 30
0
 11
0.4599673228346456
 21
1.1582131889763778
 31
0
  0
LINE
  5
C23
330
1A
100
AcDbEntity
  8
BLACK
  6
CONTINUOUS
100
AcDbLine
 10
0.4599673228346456
 20
1.1582131889763778
 30
0
 11
0.4569522834645669
 21
1.1522958267716534
 31
0
  0
LINE
  5
C24
330
1A
100
AcDbEntity
  8
BLACK
  6
CONTINUOUS
100
AcDbLine
 10
0.4569522834645669
 20
1.1522958267716534
 30
0
 11
0.4530486614173228
 21
1.1469229527559055
 31
0
  0
LINE
  5
C25
330
1A
100
AcDbEntity
  8
BLACK
  6
CONTINUOUS
100
AcDbLine
 10
0.4530486614173228
 20
1.1469229527559055
 30
0
 11
0.4483526377952756
 21
1.1422269291338583
 31
0
  0
LINE
  5
C26
330
1A
100
AcDbEntity
  8
BLACK
  6
CONTINUOUS
100
AcDbLine
 10
0.4483526377952756
 20
1.1422269291338583
 30
0
 11
0.4429797637795275
 21
1.1383233070866141
 31
0
  0
LINE
  5
C27
330
1A
100
AcDbEntity
  8
BLACK
  6
CONTINUOUS
100
AcDbLine
 10
0.4429797637795275
 20
1.1383233070866141
 30
0
 11
0.4370624015748031
 21
1.1353082677165354
 31
0
  0
LINE
  5
C28
330
1A
100
AcDbEntity
  8
BLACK
  6
CONTINUOUS
100
AcDbLine
 10
0.4370624015748031
 20
1.1353082677165354
 30
0
 11
0.4307462204724409
 21
1.1332559842519685
 31
0
  0
LINE
  5
C29
330
1A
100
AcDbEntity
  8
BLACK
  6
CONTINUOUS
100
AcDbLine
 10
0.4307462204724409
 20
1.1332559842519685
 30
0
 11
0.4241867716535433
 21
1.1322170866141732
 31
0
  0
LINE
  5
C2A
330
1A
100
AcDbEntity
  8
BLACK
  6
CONTINUOUS
100
AcDbLine
 10
0.4241867716535433
 20
1.1322170866141732
 30
0
 11
0.4175455118110236
 21
1.1322170866141732
 31
0
  0
LINE
  5
C2B
330
1A
100
AcDbEntity
  8
BLACK
  6
CONTINUOUS
100
AcDbLine
 10
0.4175455118110236
 20
1.1322170866141732
 30
0
 11
0.410986062992126
 21
1.1332559842519685
 31
0
  0
LINE
  5
C2C
330
1A
100
AcDbEntity
  8
BLACK
  6
CONTINUOUS
100
AcDbLine
 10
0.410986062992126
 20
1.1332559842519685
 30
0
 11
0.4046698818897638
 21
1.1353082677165354
 31
0
  0
LINE
  5
C2D
330
1A
100
AcDbEntity
  8
BLACK
  6
CONTINUOUS
100
AcDbLine
 10
0.4046698818897638
 20
1.1353082677165354
 30
0
 11
0.3987525196850394
 21
1.1383233070866141
 31
0
  0
LINE
  5
C2E
330
1A
100
AcDbEntity
  8
BLACK
  6
CONTINUOUS
100
AcDbLine
 10
0.3987525196850394
 20
1.1383233070866141
 30
0
 11
0.3933796456692913
 21
1.1422269291338583
 31
0
  0
LINE
  5
C2F
330
1A
100
AcDbEntity
  8
BLACK
  6
CONTINUOUS
100
AcDbLine
 10
0.3933796456692913
 20
1.1422269291338583
 30
0
 11
0.3886836220472441
 21
1.1469229527559055
 31
0
  0
LINE
  5
C30
330
1A
100
AcDbEntity
  8
BLACK
  6
CONTINUOUS
100
AcDbLine
 10
0.3886836220472441
 20
1.1469229527559055
 30
0
 11
0.38478
 21
1.1522958267716534
 31
0
  0
LINE
  5
C31
330
1A
100
AcDbEntity
  8
BLACK
  6
CONTINUOUS
100
AcDbLine
 10
0.38478
 20
1.1522958267716534
 30
0
 11
0.3817649606299213
 21
1.1582131889763778
 31
0
  0
LINE
  5
C32
330
1A
100
AcDbEntity
  8
BLACK
  6
CONTINUOUS
100
AcDbLine
 10
0.3817649606299213
 20
1.1582131889763778
 30
0
 11
0.3797126771653543
 21
1.16452937007874
 31
0
  0
LINE
  5
C33
330
1A
100
AcDbEntity
  8
BLACK
  6
CONTINUOUS
100
AcDbLine
 10
0.3797126771653543
 20
1.16452937007874
 30
0
 11
0.378673779527559
 21
1.1710888188976378
 31
0
  0
LINE
  5
C34
330
1A
100
AcDbEntity
  8
BLACK
  6
CONTINUOUS
100
AcDbLine
 10
0.378673779527559
 20
1.1710888188976378
 30
0
 11
0.378673779527559
 21
1.1777300787401574
 31
0
  0
LINE
  5
C35
330
1A
100
AcDbEntity
  8
BLACK
  6
CONTINUOUS
100
AcDbLine
 10
0.378673779527559
 20
1.1777300787401574
 30
0
 11
0.3797126771653543
 21
1.184289527559055
 31
0
  0
LINE
  5
C36
330
1A
100
AcDbEntity
  8
BLACK
  6
CONTINUOUS
100
AcDbLine
 10
0.3797126771653543
 20
1.184289527559055
 30
0
 11
0.3817649606299213
 21
1.1906057086614172
 31
0
  0
LINE
  5
C37
330
1A
100
AcDbEntity
  8
BLACK
  6
CONTINUOUS
100
AcDbLine
 10
0.3817649606299213
 20
1.1906057086614172
 30
0
 11
0.38478
 21
1.1965230708661416
 31
0
  0
LINE
  5
C38
330
1A
100
AcDbEntity
  8
BLACK
  6
CONTINUOUS
100
AcDbLine
 10
0.38478
 20
1.1965230708661416
 30
0
 11
0.3886836220472441
 21
1.2018959448818898
 31
0
  0
LINE
  5
C39
330
1A
100
AcDbEntity
  8
BLACK
  6
CONTINUOUS
100
AcDbLine
 10
0.3886836220472441
 20
1.2018959448818898
 30
0
 11
0.3933796456692913
 21
1.206591968503937
 31
0
  0
LINE
  5
C3A
330
1A
100
AcDbEntity
  8
BLACK
  6
CONTINUOUS
100
AcDbLine
 10
0.3933796456692913
 20
1.206591968503937
 30
0
 11
0.3987525196850394
 21
1.2104955905511812
 31
0
  0
LINE
  5
C3B
330
1A
100
AcDbEntity
  8
BLACK
  6
CONTINUOUS
100
AcDbLine
 10
0.3987525196850394
 20
1.2104955905511812
 30
0
 11
0.4046698818897638
 21
1.2135106299212599
 31
0
  0
LINE
  5
C3C
330
1A
100
AcDbEntity
  8
BLACK
  6
CONTINUOUS
100
AcDbLine
 10
0.4046698818897638
 20
1.2135106299212599
 30
0
 11
0.410986062992126
 21
1.2155629133858268
 31
0
  0
LINE
  5
C3D
330
1A
100
AcDbEntity
  8
BLACK
  6
CONTINUOUS
100
AcDbLine
 10
0.410986062992126
 20
1.2155629133858268
 30
0
 11
0.4175455118110236
 21
1.2166018110236221
 31
0
  0
LINE
  5
C3E
330
1A
100
AcDbEntity
  8
BLACK
  6
CONTINUOUS
100
AcDbLine
 10
0.4175455118110236
 20
1.2166018110236221
 30
0
 11
0.4241867716535433
 21
1.2166018110236221
 31
0
  0
LINE
  5
C3F
330
1A
100
AcDbEntity
  8
BLACK
  6
CONTINUOUS
100
AcDbLine
 10
0.4241867716535433
 20
1.2166018110236221
 30
0
 11
0.4307462204724409
 21
1.2155629133858268
 31
0
  0
LINE
  5
C40
330
1A
100
AcDbEntity
  8
BLACK
  6
CONTINUOUS
100
AcDbLine
 10
0.6932729921259843
 20
1.2904013385826771
 30
0
 11
0.6939116141732283
 21
1.2899746062992126
 31
0
  0
LINE
  5
C41
330
1A
100
AcDbEntity
  8
BLACK
  6
CONTINUOUS
100
AcDbLine
 10
0.6939116141732283
 20
1.2899746062992126
 30
0
 11
0.6943383464566929
 21
1.2893359842519685
 31
0
  0
LINE
  5
C42
330
1A
100
AcDbEntity
  8
BLACK
  6
CONTINUOUS
100
AcDbLine
 10
0.6943383464566929
 20
1.2893359842519685
 30
0
 11
0.694488188976378
 21
1.2885826771653544
 31
0
  0
LINE
  5
C43
330
1A
100
AcDbEntity
  8
BLACK
  6
CONTINUOUS
100
AcDbLine
 10
0.694488188976378
 20
1.2885826771653544
 30
0
 11
0.694488188976378
 21
1.138976377952756
 31
0
  0
LINE
  5
C44
330
1A
100
AcDbEntity
  8
BLACK
  6
CONTINUOUS
100
AcDbLine
 10
0.694488188976378
 20
1.138976377952756
 30
0
 11
0.6943383464566929
 21
1.1382230708661416
 31
0
  0
LINE
  5
C45
330
1A
100
AcDbEntity
  8
BLACK
  6
CONTINUOUS
100
AcDbLine
 10
0.6943383464566929
 20
1.1382230708661416
 30
0
 11
0.6939116141732283
 21
1.1375844488188975
 31
0
  0
LINE
  5
C46
330
1A
100
AcDbEntity
  8
BLACK
  6
CONTINUOUS
100
AcDbLine
 10
0.6939116141732283
 20
1.1375844488188975
 30
0
 11
0.6932729921259843
 21
1.137157716535433
 31
0
  0
LINE
  5
C47
330
1A
100
AcDbEntity
  8
BLACK
  6
CONTINUOUS
100
AcDbLine
 10
0.6932729921259843
 20
1.137157716535433
 30
0
 11
0.6925196850393701
 21
1.1370078740157481
 31
0
  0
LINE
  5
C48
330
1A
100
AcDbEntity
  8
BLACK
  6
CONTINUOUS
100
AcDbLine
 10
0.6925196850393701
 20
1.1370078740157481
 30
0
 11
0.6531496062992126
 21
1.1370078740157481
 31
0
  0
LINE
  5
C49
330
1A
100
AcDbEntity
  8
BLACK
  6
CONTINUOUS
100
AcDbLine
 10
0.6531496062992126
 20
1.1370078740157481
 30
0
 11
0.6523962992125985
 21
1.137157716535433
 31
0
  0
LINE
  5
C4A
330
1A
100
AcDbEntity
  8
BLACK
  6
CONTINUOUS
100
AcDbLine
 10
0.6523962992125985
 20
1.137157716535433
 30
0
 11
0.6517576771653543
 21
1.1375844488188975
 31
0
  0
LINE
  5
C4B
330
1A
100
AcDbEntity
  8
BLACK
  6
CONTINUOUS
100
AcDbLine
 10
0.6517576771653543
 20
1.1375844488188975
 30
0
 11
0.6513309448818897
 21
1.1382230708661416
 31
0
  0
LINE
  5
C4C
330
1A
100
AcDbEntity
  8
BLACK
  6
CONTINUOUS
100
AcDbLine
 10
0.6513309448818897
 20
1.1382230708661416
 30
0
 11
0.6511811023622047
 21
1.138976377952756
 31
0
  0
LINE
  5
C4D
330
1A
100
AcDbEntity
  8
BLACK
  6
CONTINUOUS
100
AcDbLine
 10
0.6511811023622047
 20
1.138976377952756
 30
0
 11
0.6511811023622047
 21
1.2885826771653544
 31
0
  0
LINE
  5
C4E
330
1A
100
AcDbEntity
  8
BLACK
  6
CONTINUOUS
100
AcDbLine
 10
0.6511811023622047
 20
1.2885826771653544
 30
0
 11
0.6513309448818897
 21
1.2893359842519685
 31
0
  0
LINE
  5
C4F
330
1A
100
AcDbEntity
  8
BLACK
  6
CONTINUOUS
100
AcDbLine
 10
0.6513309448818897
 20
1.2893359842519685
 30
0
 11
0.6517576771653543
 21
1.2899746062992126
 31
0
  0
LINE
  5
C50
330
1A
100
AcDbEntity
  8
BLACK
  6
CONTINUOUS
100
AcDbLine
 10
0.6517576771653543
 20
1.2899746062992126
 30
0
 11
0.6523962992125985
 21
1.2904013385826771
 31
0
  0
LINE
  5
C51
330
1A
100
AcDbEntity
  8
BLACK
  6
CONTINUOUS
100
AcDbLine
 10
0.6523962992125985
 20
1.2904013385826771
 30
0
 11
0.6531496062992126
 21
1.2905511811023622
 31
0
  0
LINE
  5
C52
330
1A
100
AcDbEntity
  8
BLACK
  6
CONTINUOUS
100
AcDbLine
 10
0.6531496062992126
 20
1.2905511811023622
 30
0
 11
0.6925196850393701
 21
1.2905511811023622
 31
0
  0
LINE
  5
C53
330
1A
100
AcDbEntity
  8
BLACK
  6
CONTINUOUS
100
AcDbLine
 10
0.6925196850393701
 20
1.2905511811023622
 30
0
 11
0.6932729921259843
 21
1.2904013385826771
 31
0
  0
LINE
  5
C54
330
1A
100
AcDbEntity
  8
BLACK
  6
CONTINUOUS
100
AcDbLine
 10
2.417682440944882
 20
1.2904013385826771
 30
0
 11
2.4183210629921259
 21
1.2899746062992126
 31
0
  0
LINE
  5
C55
330
1A
100
AcDbEntity
  8
BLACK
  6
CONTINUOUS
100
AcDbLine
 10
2.4183210629921259
 20
1.2899746062992126
 30
0
 11
2.4187477952755905
 21
1.2893359842519685
 31
0
  0
LINE
  5
C56
330
1A
100
AcDbEntity
  8
BLACK
  6
CONTINUOUS
100
AcDbLine
 10
2.4187477952755905
 20
1.2893359842519685
 30
0
 11
2.4188976377952756
 21
1.2885826771653544
 31
0
  0
LINE
  5
C57
330
1A
100
AcDbEntity
  8
BLACK
  6
CONTINUOUS
100
AcDbLine
 10
2.4188976377952756
 20
1.2885826771653544
 30
0
 11
2.4188976377952756
 21
1.138976377952756
 31
0
  0
LINE
  5
C58
330
1A
100
AcDbEntity
  8
BLACK
  6
CONTINUOUS
100
AcDbLine
 10
2.4188976377952756
 20
1.138976377952756
 30
0
 11
2.4187477952755905
 21
1.1382230708661416
 31
0
  0
LINE
  5
C59
330
1A
100
AcDbEntity
  8
BLACK
  6
CONTINUOUS
100
AcDbLine
 10
2.4187477952755905
 20
1.1382230708661416
 30
0
 11
2.4183210629921259
 21
1.1375844488188975
 31
0
  0
LINE
  5
C5A
330
1A
100
AcDbEntity
  8
BLACK
  6
CONTINUOUS
100
AcDbLine
 10
2.4183210629921259
 20
1.1375844488188975
 30
0
 11
2.417682440944882
 21
1.137157716535433
 31
0
  0
LINE
  5
C5B
330
1A
100
AcDbEntity
  8
BLACK
  6
CONTINUOUS
100
AcDbLine
 10
2.417682440944882
 20
1.137157716535433
 30
0
 11
2.4169291338582677
 21
1.1370078740157481
 31
0
  0
LINE
  5
C5C
330
1A
100
AcDbEntity
  8
BLACK
  6
CONTINUOUS
100
AcDbLine
 10
2.4169291338582677
 20
1.1370078740157481
 30
0
 11
2.3775590551181103
 21
1.1370078740157481
 31
0
  0
LINE
  5
C5D
330
1A
100
AcDbEntity
  8
BLACK
  6
CONTINUOUS
100
AcDbLine
 10
2.3775590551181103
 20
1.1370078740157481
 30
0
 11
2.3768057480314959
 21
1.137157716535433
 31
0
  0
LINE
  5
C5E
330
1A
100
AcDbEntity
  8
BLACK
  6
CONTINUOUS
100
AcDbLine
 10
2.3768057480314959
 20
1.137157716535433
 30
0
 11
2.3761671259842521
 21
1.1375844488188975
 31
0
  0
LINE
  5
C5F
330
1A
100
AcDbEntity
  8
BLACK
  6
CONTINUOUS
100
AcDbLine
 10
2.3761671259842521
 20
1.1375844488188975
 30
0
 11
2.3757403937007875
 21
1.1382230708661416
 31
0
  0
LINE
  5
C60
330
1A
100
AcDbEntity
  8
BLACK
  6
CONTINUOUS
100
AcDbLine
 10
2.3757403937007875
 20
1.1382230708661416
 30
0
 11
2.3755905511811024
 21
1.138976377952756
 31
0
  0
LINE
  5
C61
330
1A
100
AcDbEntity
  8
BLACK
  6
CONTINUOUS
100
AcDbLine
 10
2.3755905511811024
 20
1.138976377952756
 30
0
 11
2.3755905511811024
 21
1.2885826771653544
 31
0
  0
LINE
  5
C62
330
1A
100
AcDbEntity
  8
BLACK
  6
CONTINUOUS
100
AcDbLine
 10
2.3755905511811024
 20
1.2885826771653544
 30
0
 11
2.3757403937007875
 21
1.2893359842519685
 31
0
  0
LINE
  5
C63
330
1A
100
AcDbEntity
  8
BLACK
  6
CONTINUOUS
100
AcDbLine
 10
2.3757403937007875
 20
1.2893359842519685
 30
0
 11
2.3761671259842521
 21
1.2899746062992126
 31
0
  0
LINE
  5
C64
330
1A
100
AcDbEntity
  8
BLACK
  6
CONTINUOUS
100
AcDbLine
 10
2.3761671259842521
 20
1.2899746062992126
 30
0
 11
2.3768057480314959
 21
1.2904013385826771
 31
0
  0
LINE
  5
C65
330
1A
100
AcDbEntity
  8
BLACK
  6
CONTINUOUS
100
AcDbLine
 10
2.3768057480314959
 20
1.2904013385826771
 30
0
 11
2.3775590551181103
 21
1.2905511811023622
 31
0
  0
LINE
  5
C66
330
1A
100
AcDbEntity
  8
BLACK
  6
CONTINUOUS
100
AcDbLine
 10
2.3775590551181103
 20
1.2905511811023622
 30
0
 11
2.4169291338582677
 21
1.2905511811023622
 31
0
  0
LINE
  5
C67
330
1A
100
AcDbEntity
  8
BLACK
  6
CONTINUOUS
100
AcDbLine
 10
2.4169291338582677
 20
1.2905511811023622
 30
0
 11
2.417682440944882
 21
1.2904013385826771
 31
0
  0
LINE
  5
C68
330
1A
100
AcDbEntity
  8
BLACK
  6
CONTINUOUS
100
AcDbLine
 10
1.3988794094488188
 20
1.168691968503937
 30
0
 11
1.4014338976377951
 21
1.1669850787401574
 31
0
  0
LINE
  5
C69
330
1A
100
AcDbEntity
  8
BLACK
  6
CONTINUOUS
100
AcDbLine
 10
1.4014338976377951
 20
1.1669850787401574
 30
0
 11
1.4031407874015747
 21
1.1644305905511811
 31
0
  0
LINE
  5
C6A
330
1A
100
AcDbEntity
  8
BLACK
  6
CONTINUOUS
100
AcDbLine
 10
1.4031407874015747
 20
1.1644305905511811
 30
0
 11
1.403740157480315
 21
1.1614173228346456
 31
0
  0
LINE
  5
C6B
330
1A
100
AcDbEntity
  8
BLACK
  6
CONTINUOUS
100
AcDbLine
 10
1.403740157480315
 20
1.1614173228346456
 30
0
 11
1.403740157480315
 21
1.1496062992125984
 31
0
  0
LINE
  5
C6C
330
1A
100
AcDbEntity
  8
BLACK
  6
CONTINUOUS
100
AcDbLine
 10
1.403740157480315
 20
1.1496062992125984
 30
0
 11
1.4031407874015747
 21
1.1465930314960631
 31
0
  0
LINE
  5
C6D
330
1A
100
AcDbEntity
  8
BLACK
  6
CONTINUOUS
100
AcDbLine
 10
1.4031407874015747
 20
1.1465930314960631
 30
0
 11
1.4014338976377951
 21
1.1440385433070865
 31
0
  0
LINE
  5
C6E
330
1A
100
AcDbEntity
  8
BLACK
  6
CONTINUOUS
100
AcDbLine
 10
1.4014338976377951
 20
1.1440385433070865
 30
0
 11
1.3988794094488188
 21
1.142331653543307
 31
0
  0
LINE
  5
C6F
330
1A
100
AcDbEntity
  8
BLACK
  6
CONTINUOUS
100
AcDbLine
 10
1.3988794094488188
 20
1.142331653543307
 30
0
 11
1.3958661417322835
 21
1.1417322834645669
 31
0
  0
LINE
  5
C70
330
1A
100
AcDbEntity
  8
BLACK
  6
CONTINUOUS
100
AcDbLine
 10
1.3958661417322835
 20
1.1417322834645669
 30
0
 11
1.3555118110236219
 21
1.1417322834645669
 31
0
  0
LINE
  5
C71
330
1A
100
AcDbEntity
  8
BLACK
  6
CONTINUOUS
100
AcDbLine
 10
1.3555118110236219
 20
1.1417322834645669
 30
0
 11
1.3524985433070866
 21
1.142331653543307
 31
0
  0
LINE
  5
C72
330
1A
100
AcDbEntity
  8
BLACK
  6
CONTINUOUS
100
AcDbLine
 10
1.3524985433070866
 20
1.142331653543307
 30
0
 11
1.3499440551181101
 21
1.1440385433070865
 31
0
  0
LINE
  5
C73
330
1A
100
AcDbEntity
  8
BLACK
  6
CONTINUOUS
100
AcDbLine
 10
1.3499440551181101
 20
1.1440385433070865
 30
0
 11
1.3482371653543306
 21
1.1465930314960631
 31
0
  0
LINE
  5
C74
330
1A
100
AcDbEntity
  8
BLACK
  6
CONTINUOUS
100
AcDbLine
 10
1.3482371653543306
 20
1.1465930314960631
 30
0
 11
1.3476377952755905
 21
1.1496062992125984
 31
0
  0
LINE
  5
C75
330
1A
100
AcDbEntity
  8
BLACK
  6
CONTINUOUS
100
AcDbLine
 10
1.3476377952755905
 20
1.1496062992125984
 30
0
 11
1.3476377952755905
 21
1.1614173228346456
 31
0
  0
LINE
  5
C76
330
1A
100
AcDbEntity
  8
BLACK
  6
CONTINUOUS
100
AcDbLine
 10
1.3476377952755905
 20
1.1614173228346456
 30
0
 11
1.3482371653543306
 21
1.1644305905511811
 31
0
  0
LINE
  5
C77
330
1A
100
AcDbEntity
  8
BLACK
  6
CONTINUOUS
100
AcDbLine
 10
1.3482371653543306
 20
1.1644305905511811
 30
0
 11
1.3499440551181101
 21
1.1669850787401574
 31
0
  0
LINE
  5
C78
330
1A
100
AcDbEntity
  8
BLACK
  6
CONTINUOUS
100
AcDbLine
 10
1.3499440551181101
 20
1.1669850787401574
 30
0
 11
1.3524985433070866
 21
1.168691968503937
 31
0
  0
LINE
  5
C79
330
1A
100
AcDbEntity
  8
BLACK
  6
CONTINUOUS
100
AcDbLine
 10
1.3524985433070866
 20
1.168691968503937
 30
0
 11
1.3555118110236219
 21
1.1692913385826771
 31
0
  0
LINE
  5
C7A
330
1A
100
AcDbEntity
  8
BLACK
  6
CONTINUOUS
100
AcDbLine
 10
1.3555118110236219
 20
1.1692913385826771
 30
0
 11
1.3958661417322835
 21
1.1692913385826771
 31
0
  0
LINE
  5
C7B
330
1A
100
AcDbEntity
  8
BLACK
  6
CONTINUOUS
100
AcDbLine
 10
1.3958661417322835
 20
1.1692913385826771
 30
0
 11
1.3988794094488188
 21
1.168691968503937
 31
0
  0
LINE
  5
C7C
330
1A
100
AcDbEntity
  8
BLACK
  6
CONTINUOUS
100
AcDbLine
 10
1.4884463385826772
 20
1.168691968503937
 30
0
 11
1.4910008267716535
 21
1.1669850787401574
 31
0
  0
LINE
  5
C7D
330
1A
100
AcDbEntity
  8
BLACK
  6
CONTINUOUS
100
AcDbLine
 10
1.4910008267716535
 20
1.1669850787401574
 30
0
 11
1.492707716535433
 21
1.1644305905511811
 31
0
  0
LINE
  5
C7E
330
1A
100
AcDbEntity
  8
BLACK
  6
CONTINUOUS
100
AcDbLine
 10
1.492707716535433
 20
1.1644305905511811
 30
0
 11
1.4933070866141731
 21
1.1614173228346456
 31
0
  0
LINE
  5
C7F
330
1A
100
AcDbEntity
  8
BLACK
  6
CONTINUOUS
100
AcDbLine
 10
1.4933070866141731
 20
1.1614173228346456
 30
0
 11
1.4933070866141731
 21
1.1496062992125984
 31
0
  0
LINE
  5
C80
330
1A
100
AcDbEntity
  8
BLACK
  6
CONTINUOUS
100
AcDbLine
 10
1.4933070866141731
 20
1.1496062992125984
 30
0
 11
1.492707716535433
 21
1.1465930314960631
 31
0
  0
LINE
  5
C81
330
1A
100
AcDbEntity
  8
BLACK
  6
CONTINUOUS
100
AcDbLine
 10
1.492707716535433
 20
1.1465930314960631
 30
0
 11
1.4910008267716535
 21
1.1440385433070865
 31
0
  0
LINE
  5
C82
330
1A
100
AcDbEntity
  8
BLACK
  6
CONTINUOUS
100
AcDbLine
 10
1.4910008267716535
 20
1.1440385433070865
 30
0
 11
1.4884463385826772
 21
1.142331653543307
 31
0
  0
LINE
  5
C83
330
1A
100
AcDbEntity
  8
BLACK
  6
CONTINUOUS
100
AcDbLine
 10
1.4884463385826772
 20
1.142331653543307
 30
0
 11
1.4854330708661416
 21
1.1417322834645669
 31
0
  0
LINE
  5
C84
330
1A
100
AcDbEntity
  8
BLACK
  6
CONTINUOUS
100
AcDbLine
 10
1.4854330708661416
 20
1.1417322834645669
 30
0
 11
1.4450787401574803
 21
1.1417322834645669
 31
0
  0
LINE
  5
C85
330
1A
100
AcDbEntity
  8
BLACK
  6
CONTINUOUS
100
AcDbLine
 10
1.4450787401574803
 20
1.1417322834645669
 30
0
 11
1.4420654724409447
 21
1.142331653543307
 31
0
  0
LINE
  5
C86
330
1A
100
AcDbEntity
  8
BLACK
  6
CONTINUOUS
100
AcDbLine
 10
1.4420654724409447
 20
1.142331653543307
 30
0
 11
1.4395109842519684
 21
1.1440385433070865
 31
0
  0
LINE
  5
C87
330
1A
100
AcDbEntity
  8
BLACK
  6
CONTINUOUS
100
AcDbLine
 10
1.4395109842519684
 20
1.1440385433070865
 30
0
 11
1.4378040944881889
 21
1.1465930314960631
 31
0
  0
LINE
  5
C88
330
1A
100
AcDbEntity
  8
BLACK
  6
CONTINUOUS
100
AcDbLine
 10
1.4378040944881889
 20
1.1465930314960631
 30
0
 11
1.4372047244094488
 21
1.1496062992125984
 31
0
  0
LINE
  5
C89
330
1A
100
AcDbEntity
  8
BLACK
  6
CONTINUOUS
100
AcDbLine
 10
1.4372047244094488
 20
1.1496062992125984
 30
0
 11
1.4372047244094488
 21
1.1614173228346456
 31
0
  0
LINE
  5
C8A
330
1A
100
AcDbEntity
  8
BLACK
  6
CONTINUOUS
100
AcDbLine
 10
1.4372047244094488
 20
1.1614173228346456
 30
0
 11
1.4378040944881889
 21
1.1644305905511811
 31
0
  0
LINE
  5
C8B
330
1A
100
AcDbEntity
  8
BLACK
  6
CONTINUOUS
100
AcDbLine
 10
1.4378040944881889
 20
1.1644305905511811
 30
0
 11
1.4395109842519684
 21
1.1669850787401574
 31
0
  0
LINE
  5
C8C
330
1A
100
AcDbEntity
  8
BLACK
  6
CONTINUOUS
100
AcDbLine
 10
1.4395109842519684
 20
1.1669850787401574
 30
0
 11
1.4420654724409447
 21
1.168691968503937
 31
0
  0
LINE
  5
C8D
330
1A
100
AcDbEntity
  8
BLACK
  6
CONTINUOUS
100
AcDbLine
 10
1.4420654724409447
 20
1.168691968503937
 30
0
 11
1.4450787401574803
 21
1.1692913385826771
 31
0
  0
LINE
  5
C8E
330
1A
100
AcDbEntity
  8
BLACK
  6
CONTINUOUS
100
AcDbLine
 10
1.4450787401574803
 20
1.1692913385826771
 30
0
 11
1.4854330708661416
 21
1.1692913385826771
 31
0
  0
LINE
  5
C8F
330
1A
100
AcDbEntity
  8
BLACK
  6
CONTINUOUS
100
AcDbLine
 10
1.4854330708661416
 20
1.1692913385826771
 30
0
 11
1.4884463385826772
 21
1.168691968503937
 31
0
  0
LINE
  5
C90
330
1A
100
AcDbEntity
  8
BLACK
  6
CONTINUOUS
100
AcDbLine
 10
1.3988794094488188
 20
1.2060935433070865
 30
0
 11
1.4014338976377951
 21
1.204386653543307
 31
0
  0
LINE
  5
C91
330
1A
100
AcDbEntity
  8
BLACK
  6
CONTINUOUS
100
AcDbLine
 10
1.4014338976377951
 20
1.204386653543307
 30
0
 11
1.4031407874015747
 21
1.2018321653543307
 31
0
  0
LINE
  5
C92
330
1A
100
AcDbEntity
  8
BLACK
  6
CONTINUOUS
100
AcDbLine
 10
1.4031407874015747
 20
1.2018321653543307
 30
0
 11
1.403740157480315
 21
1.1988188976377951
 31
0
  0
LINE
  5
C93
330
1A
100
AcDbEntity
  8
BLACK
  6
CONTINUOUS
100
AcDbLine
 10
1.403740157480315
 20
1.1988188976377951
 30
0
 11
1.403740157480315
 21
1.1870078740157479
 31
0
  0
LINE
  5
C94
330
1A
100
AcDbEntity
  8
BLACK
  6
CONTINUOUS
100
AcDbLine
 10
1.403740157480315
 20
1.1870078740157479
 30
0
 11
1.4031407874015747
 21
1.1839946062992126
 31
0
  0
LINE
  5
C95
330
1A
100
AcDbEntity
  8
BLACK
  6
CONTINUOUS
100
AcDbLine
 10
1.4031407874015747
 20
1.1839946062992126
 30
0
 11
1.4014338976377951
 21
1.1814401181102363
 31
0
  0
LINE
  5
C96
330
1A
100
AcDbEntity
  8
BLACK
  6
CONTINUOUS
100
AcDbLine
 10
1.4014338976377951
 20
1.1814401181102363
 30
0
 11
1.3988794094488188
 21
1.1797332283464568
 31
0
  0
LINE
  5
C97
330
1A
100
AcDbEntity
  8
BLACK
  6
CONTINUOUS
100
AcDbLine
 10
1.3988794094488188
 20
1.1797332283464568
 30
0
 11
1.3958661417322835
 21
1.1791338582677164
 31
0
  0
LINE
  5
C98
330
1A
100
AcDbEntity
  8
BLACK
  6
CONTINUOUS
100
AcDbLine
 10
1.3958661417322835
 20
1.1791338582677164
 30
0
 11
1.3555118110236219
 21
1.1791338582677164
 31
0
  0
LINE
  5
C99
330
1A
100
AcDbEntity
  8
BLACK
  6
CONTINUOUS
100
AcDbLine
 10
1.3555118110236219
 20
1.1791338582677164
 30
0
 11
1.3524985433070866
 21
1.1797332283464568
 31
0
  0
LINE
  5
C9A
330
1A
100
AcDbEntity
  8
BLACK
  6
CONTINUOUS
100
AcDbLine
 10
1.3524985433070866
 20
1.1797332283464568
 30
0
 11
1.3499440551181101
 21
1.1814401181102363
 31
0
  0
LINE
  5
C9B
330
1A
100
AcDbEntity
  8
BLACK
  6
CONTINUOUS
100
AcDbLine
 10
1.3499440551181101
 20
1.1814401181102363
 30
0
 11
1.3482371653543306
 21
1.1839946062992126
 31
0
  0
LINE
  5
C9C
330
1A
100
AcDbEntity
  8
BLACK
  6
CONTINUOUS
100
AcDbLine
 10
1.3482371653543306
 20
1.1839946062992126
 30
0
 11
1.3476377952755905
 21
1.1870078740157479
 31
0
  0
LINE
  5
C9D
330
1A
100
AcDbEntity
  8
BLACK
  6
CONTINUOUS
100
AcDbLine
 10
1.3476377952755905
 20
1.1870078740157479
 30
0
 11
1.3476377952755905
 21
1.1988188976377951
 31
0
  0
LINE
  5
C9E
330
1A
100
AcDbEntity
  8
BLACK
  6
CONTINUOUS
100
AcDbLine
 10
1.3476377952755905
 20
1.1988188976377951
 30
0
 11
1.3482371653543306
 21
1.2018321653543307
 31
0
  0
LINE
  5
C9F
330
1A
100
AcDbEntity
  8
BLACK
  6
CONTINUOUS
100
AcDbLine
 10
1.3482371653543306
 20
1.2018321653543307
 30
0
 11
1.3499440551181101
 21
1.204386653543307
 31
0
  0
LINE
  5
CA0
330
1A
100
AcDbEntity
  8
BLACK
  6
CONTINUOUS
100
AcDbLine
 10
1.3499440551181101
 20
1.204386653543307
 30
0
 11
1.3524985433070866
 21
1.2060935433070865
 31
0
  0
LINE
  5
CA1
330
1A
100
AcDbEntity
  8
BLACK
  6
CONTINUOUS
100
AcDbLine
 10
1.3524985433070866
 20
1.2060935433070865
 30
0
 11
1.3555118110236219
 21
1.2066929133858268
 31
0
  0
LINE
  5
CA2
330
1A
100
AcDbEntity
  8
BLACK
  6
CONTINUOUS
100
AcDbLine
 10
1.3555118110236219
 20
1.2066929133858268
 30
0
 11
1.3958661417322835
 21
1.2066929133858268
 31
0
  0
LINE
  5
CA3
330
1A
100
AcDbEntity
  8
BLACK
  6
CONTINUOUS
100
AcDbLine
 10
1.3958661417322835
 20
1.2066929133858268
 30
0
 11
1.3988794094488188
 21
1.2060935433070865
 31
0
  0
LINE
  5
CA4
330
1A
100
AcDbEntity
  8
BLACK
  6
CONTINUOUS
100
AcDbLine
 10
0.7550663385826771
 20
1.242009094488189
 30
0
 11
0.7590370472440945
 21
1.2402558661417322
 31
0
  0
LINE
  5
CA5
330
1A
100
AcDbEntity
  8
BLACK
  6
CONTINUOUS
100
AcDbLine
 10
0.7590370472440945
 20
1.2402558661417322
 30
0
 11
0.7621062598425197
 21
1.2371866535433071
 31
0
  0
LINE
  5
CA6
330
1A
100
AcDbEntity
  8
BLACK
  6
CONTINUOUS
100
AcDbLine
 10
0.7621062598425197
 20
1.2371866535433071
 30
0
 11
0.7638594881889763
 21
1.2332159448818898
 31
0
  0
LINE
  5
CA7
330
1A
100
AcDbEntity
  8
BLACK
  6
CONTINUOUS
100
AcDbLine
 10
0.7638594881889763
 20
1.2332159448818898
 30
0
 11
0.7641732283464566
 21
1.2305118110236219
 31
0
  0
LINE
  5
CA8
330
1A
100
AcDbEntity
  8
BLACK
  6
CONTINUOUS
100
AcDbLine
 10
0.7641732283464566
 20
1.2305118110236219
 30
0
 11
0.7641732283464566
 21
1.1931102362204724
 31
0
  0
LINE
  5
CA9
330
1A
100
AcDbEntity
  8
BLACK
  6
CONTINUOUS
100
AcDbLine
 10
0.7641732283464566
 20
1.1931102362204724
 30
0
 11
0.7638594881889763
 21
1.1904061023622048
 31
0
  0
LINE
  5
CAA
330
1A
100
AcDbEntity
  8
BLACK
  6
CONTINUOUS
100
AcDbLine
 10
0.7638594881889763
 20
1.1904061023622048
 30
0
 11
0.7621062598425197
 21
1.1864353937007874
 31
0
  0
LINE
  5
CAB
330
1A
100
AcDbEntity
  8
BLACK
  6
CONTINUOUS
100
AcDbLine
 10
0.7621062598425197
 20
1.1864353937007874
 30
0
 11
0.7590370472440945
 21
1.1833661811023621
 31
0
  0
LINE
  5
CAC
330
1A
100
AcDbEntity
  8
BLACK
  6
CONTINUOUS
100
AcDbLine
 10
0.7590370472440945
 20
1.1833661811023621
 30
0
 11
0.7550663385826771
 21
1.1816129527559054
 31
0
  0
LINE
  5
CAD
330
1A
100
AcDbEntity
  8
BLACK
  6
CONTINUOUS
100
AcDbLine
 10
0.7550663385826771
 20
1.1816129527559054
 30
0
 11
0.7523622047244094
 21
1.1812992125984252
 31
0
  0
LINE
  5
CAE
330
1A
100
AcDbEntity
  8
BLACK
  6
CONTINUOUS
100
AcDbLine
 10
0.7523622047244094
 20
1.1812992125984252
 30
0
 11
0.7326771653543307
 21
1.1812992125984252
 31
0
  0
LINE
  5
CAF
330
1A
100
AcDbEntity
  8
BLACK
  6
CONTINUOUS
100
AcDbLine
 10
0.7326771653543307
 20
1.1812992125984252
 30
0
 11
0.729973031496063
 21
1.1816129527559054
 31
0
  0
LINE
  5
CB0
330
1A
100
AcDbEntity
  8
BLACK
  6
CONTINUOUS
100
AcDbLine
 10
0.729973031496063
 20
1.1816129527559054
 30
0
 11
0.7260023228346456
 21
1.1833661811023621
 31
0
  0
LINE
  5
CB1
330
1A
100
AcDbEntity
  8
BLACK
  6
CONTINUOUS
100
AcDbLine
 10
0.7260023228346456
 20
1.1833661811023621
 30
0
 11
0.7229331102362204
 21
1.1864353937007874
 31
0
  0
LINE
  5
CB2
330
1A
100
AcDbEntity
  8
BLACK
  6
CONTINUOUS
100
AcDbLine
 10
0.7229331102362204
 20
1.1864353937007874
 30
0
 11
0.7211798818897638
 21
1.1904061023622048
 31
0
  0
LINE
  5
CB3
330
1A
100
AcDbEntity
  8
BLACK
  6
CONTINUOUS
100
AcDbLine
 10
0.7211798818897638
 20
1.1904061023622048
 30
0
 11
0.7208661417322835
 21
1.1931102362204724
 31
0
  0
LINE
  5
CB4
330
1A
100
AcDbEntity
  8
BLACK
  6
CONTINUOUS
100
AcDbLine
 10
0.7208661417322835
 20
1.1931102362204724
 30
0
 11
0.7208661417322835
 21
1.2305118110236219
 31
0
  0
LINE
  5
CB5
330
1A
100
AcDbEntity
  8
BLACK
  6
CONTINUOUS
100
AcDbLine
 10
0.7208661417322835
 20
1.2305118110236219
 30
0
 11
0.7211798818897638
 21
1.2332159448818898
 31
0
  0
LINE
  5
CB6
330
1A
100
AcDbEntity
  8
BLACK
  6
CONTINUOUS
100
AcDbLine
 10
0.7211798818897638
 20
1.2332159448818898
 30
0
 11
0.7229331102362204
 21
1.2371866535433071
 31
0
  0
LINE
  5
CB7
330
1A
100
AcDbEntity
  8
BLACK
  6
CONTINUOUS
100
AcDbLine
 10
0.7229331102362204
 20
1.2371866535433071
 30
0
 11
0.7260023228346456
 21
1.2402558661417322
 31
0
  0
LINE
  5
CB8
330
1A
100
AcDbEntity
  8
BLACK
  6
CONTINUOUS
100
AcDbLine
 10
0.7260023228346456
 20
1.2402558661417322
 30
0
 11
0.729973031496063
 21
1.242009094488189
 31
0
  0
LINE
  5
CB9
330
1A
100
AcDbEntity
  8
BLACK
  6
CONTINUOUS
100
AcDbLine
 10
0.729973031496063
 20
1.242009094488189
 30
0
 11
0.7326771653543307
 21
1.2423228346456692
 31
0
  0
LINE
  5
CBA
330
1A
100
AcDbEntity
  8
BLACK
  6
CONTINUOUS
100
AcDbLine
 10
0.7326771653543307
 20
1.2423228346456692
 30
0
 11
0.7523622047244094
 21
1.2423228346456692
 31
0
  0
LINE
  5
CBB
330
1A
100
AcDbEntity
  8
BLACK
  6
CONTINUOUS
100
AcDbLine
 10
0.7523622047244094
 20
1.2423228346456692
 30
0
 11
0.7550663385826771
 21
1.242009094488189
 31
0
  0
LINE
  5
CBC
330
1A
100
AcDbEntity
  8
BLACK
  6
CONTINUOUS
100
AcDbLine
 10
0.8298694881889763
 20
1.242009094488189
 30
0
 11
0.8338401968503937
 21
1.2402558661417322
 31
0
  0
LINE
  5
CBD
330
1A
100
AcDbEntity
  8
BLACK
  6
CONTINUOUS
100
AcDbLine
 10
0.8338401968503937
 20
1.2402558661417322
 30
0
 11
0.8369094094488189
 21
1.2371866535433071
 31
0
  0
LINE
  5
CBE
330
1A
100
AcDbEntity
  8
BLACK
  6
CONTINUOUS
100
AcDbLine
 10
0.8369094094488189
 20
1.2371866535433071
 30
0
 11
0.8386626377952756
 21
1.2332159448818898
 31
0
  0
LINE
  5
CBF
330
1A
100
AcDbEntity
  8
BLACK
  6
CONTINUOUS
100
AcDbLine
 10
0.8386626377952756
 20
1.2332159448818898
 30
0
 11
0.8389763779527559
 21
1.2305118110236219
 31
0
  0
LINE
  5
CC0
330
1A
100
AcDbEntity
  8
BLACK
  6
CONTINUOUS
100
AcDbLine
 10
0.8389763779527559
 20
1.2305118110236219
 30
0
 11
0.8389763779527559
 21
1.1931102362204724
 31
0
  0
LINE
  5
CC1
330
1A
100
AcDbEntity
  8
BLACK
  6
CONTINUOUS
100
AcDbLine
 10
0.8389763779527559
 20
1.1931102362204724
 30
0
 11
0.8386626377952756
 21
1.1904061023622048
 31
0
  0
LINE
  5
CC2
330
1A
100
AcDbEntity
  8
BLACK
  6
CONTINUOUS
100
AcDbLine
 10
0.8386626377952756
 20
1.1904061023622048
 30
0
 11
0.8369094094488189
 21
1.1864353937007874
 31
0
  0
LINE
  5
CC3
330
1A
100
AcDbEntity
  8
BLACK
  6
CONTINUOUS
100
AcDbLine
 10
0.8369094094488189
 20
1.1864353937007874
 30
0
 11
0.8338401968503937
 21
1.1833661811023621
 31
0
  0
LINE
  5
CC4
330
1A
100
AcDbEntity
  8
BLACK
  6
CONTINUOUS
100
AcDbLine
 10
0.8338401968503937
 20
1.1833661811023621
 30
0
 11
0.8298694881889763
 21
1.1816129527559054
 31
0
  0
LINE
  5
CC5
330
1A
100
AcDbEntity
  8
BLACK
  6
CONTINUOUS
100
AcDbLine
 10
0.8298694881889763
 20
1.1816129527559054
 30
0
 11
0.8271653543307086
 21
1.1812992125984252
 31
0
  0
LINE
  5
CC6
330
1A
100
AcDbEntity
  8
BLACK
  6
CONTINUOUS
100
AcDbLine
 10
0.8271653543307086
 20
1.1812992125984252
 30
0
 11
0.8074803149606299
 21
1.1812992125984252
 31
0
  0
LINE
  5
CC7
330
1A
100
AcDbEntity
  8
BLACK
  6
CONTINUOUS
100
AcDbLine
 10
0.8074803149606299
 20
1.1812992125984252
 30
0
 11
0.8047761811023622
 21
1.1816129527559054
 31
0
  0
LINE
  5
CC8
330
1A
100
AcDbEntity
  8
BLACK
  6
CONTINUOUS
100
AcDbLine
 10
0.8047761811023622
 20
1.1816129527559054
 30
0
 11
0.8008054724409449
 21
1.1833661811023621
 31
0
  0
LINE
  5
CC9
330
1A
100
AcDbEntity
  8
BLACK
  6
CONTINUOUS
100
AcDbLine
 10
0.8008054724409449
 20
1.1833661811023621
 30
0
 11
0.7977362598425196
 21
1.1864353937007874
 31
0
  0
LINE
  5
CCA
330
1A
100
AcDbEntity
  8
BLACK
  6
CONTINUOUS
100
AcDbLine
 10
0.7977362598425196
 20
1.1864353937007874
 30
0
 11
0.795983031496063
 21
1.1904061023622048
 31
0
  0
LINE
  5
CCB
330
1A
100
AcDbEntity
  8
BLACK
  6
CONTINUOUS
100
AcDbLine
 10
0.795983031496063
 20
1.1904061023622048
 30
0
 11
0.7956692913385827
 21
1.1931102362204724
 31
0
  0
LINE
  5
CCC
330
1A
100
AcDbEntity
  8
BLACK
  6
CONTINUOUS
100
AcDbLine
 10
0.7956692913385827
 20
1.1931102362204724
 30
0
 11
0.7956692913385827
 21
1.2305118110236219
 31
0
  0
LINE
  5
CCD
330
1A
100
AcDbEntity
  8
BLACK
  6
CONTINUOUS
100
AcDbLine
 10
0.7956692913385827
 20
1.2305118110236219
 30
0
 11
0.795983031496063
 21
1.2332159448818898
 31
0
  0
LINE
  5
CCE
330
1A
100
AcDbEntity
  8
BLACK
  6
CONTINUOUS
100
AcDbLine
 10
0.795983031496063
 20
1.2332159448818898
 30
0
 11
0.7977362598425196
 21
1.2371866535433071
 31
0
  0
LINE
  5
CCF
330
1A
100
AcDbEntity
  8
BLACK
  6
CONTINUOUS
100
AcDbLine
 10
0.7977362598425196
 20
1.2371866535433071
 30
0
 11
0.8008054724409449
 21
1.2402558661417322
 31
0
  0
LINE
  5
CD0
330
1A
100
AcDbEntity
  8
BLACK
  6
CONTINUOUS
100
AcDbLine
 10
0.8008054724409449
 20
1.2402558661417322
 30
0
 11
0.8047761811023622
 21
1.242009094488189
 31
0
  0
LINE
  5
CD1
330
1A
100
AcDbEntity
  8
BLACK
  6
CONTINUOUS
100
AcDbLine
 10
0.8047761811023622
 20
1.242009094488189
 30
0
 11
0.8074803149606299
 21
1.2423228346456692
 31
0
  0
LINE
  5
CD2
330
1A
100
AcDbEntity
  8
BLACK
  6
CONTINUOUS
100
AcDbLine
 10
0.8074803149606299
 20
1.2423228346456692
 30
0
 11
0.8271653543307086
 21
1.2423228346456692
 31
0
  0
LINE
  5
CD3
330
1A
100
AcDbEntity
  8
BLACK
  6
CONTINUOUS
100
AcDbLine
 10
0.8271653543307086
 20
1.2423228346456692
 30
0
 11
0.8298694881889763
 21
1.242009094488189
 31
0
  0
LINE
  5
CD4
330
1A
100
AcDbEntity
  8
BLACK
  6
CONTINUOUS
100
AcDbLine
 10
1.2149088582677166
 20
1.250276811023622
 30
0
 11
1.2188795669291339
 21
1.2485235826771652
 31
0
  0
LINE
  5
CD5
330
1A
100
AcDbEntity
  8
BLACK
  6
CONTINUOUS
100
AcDbLine
 10
1.2188795669291339
 20
1.2485235826771652
 30
0
 11
1.221948779527559
 21
1.2454543700787402
 31
0
  0
LINE
  5
CD6
330
1A
100
AcDbEntity
  8
BLACK
  6
CONTINUOUS
100
AcDbLine
 10
1.221948779527559
 20
1.2454543700787402
 30
0
 11
1.2237020078740157
 21
1.2414836614173228
 31
0
  0
LINE
  5
CD7
330
1A
100
AcDbEntity
  8
BLACK
  6
CONTINUOUS
100
AcDbLine
 10
1.2237020078740157
 20
1.2414836614173228
 30
0
 11
1.2240157480314959
 21
1.2387795275590552
 31
0
  0
LINE
  5
CD8
330
1A
100
AcDbEntity
  8
BLACK
  6
CONTINUOUS
100
AcDbLine
 10
1.2240157480314959
 20
1.2387795275590552
 30
0
 11
1.2240157480314959
 21
1.2013779527559054
 31
0
  0
LINE
  5
CD9
330
1A
100
AcDbEntity
  8
BLACK
  6
CONTINUOUS
100
AcDbLine
 10
1.2240157480314959
 20
1.2013779527559054
 30
0
 11
1.2237020078740157
 21
1.1986738188976378
 31
0
  0
LINE
  5
CDA
330
1A
100
AcDbEntity
  8
BLACK
  6
CONTINUOUS
100
AcDbLine
 10
1.2237020078740157
 20
1.1986738188976378
 30
0
 11
1.221948779527559
 21
1.1947031102362204
 31
0
  0
LINE
  5
CDB
330
1A
100
AcDbEntity
  8
BLACK
  6
CONTINUOUS
100
AcDbLine
 10
1.221948779527559
 20
1.1947031102362204
 30
0
 11
1.2188795669291339
 21
1.1916338976377951
 31
0
  0
LINE
  5
CDC
330
1A
100
AcDbEntity
  8
BLACK
  6
CONTINUOUS
100
AcDbLine
 10
1.2188795669291339
 20
1.1916338976377951
 30
0
 11
1.2149088582677166
 21
1.1898806692913386
 31
0
  0
LINE
  5
CDD
330
1A
100
AcDbEntity
  8
BLACK
  6
CONTINUOUS
100
AcDbLine
 10
1.2149088582677166
 20
1.1898806692913386
 30
0
 11
1.2122047244094487
 21
1.1895669291338582
 31
0
  0
LINE
  5
CDE
330
1A
100
AcDbEntity
  8
BLACK
  6
CONTINUOUS
100
AcDbLine
 10
1.2122047244094487
 20
1.1895669291338582
 30
0
 11
1.19251968503937
 21
1.1895669291338582
 31
0
  0
LINE
  5
CDF
330
1A
100
AcDbEntity
  8
BLACK
  6
CONTINUOUS
100
AcDbLine
 10
1.19251968503937
 20
1.1895669291338582
 30
0
 11
1.1898155511811024
 21
1.1898806692913386
 31
0
  0
LINE
  5
CE0
330
1A
100
AcDbEntity
  8
BLACK
  6
CONTINUOUS
100
AcDbLine
 10
1.1898155511811024
 20
1.1898806692913386
 30
0
 11
1.185844842519685
 21
1.1916338976377951
 31
0
  0
LINE
  5
CE1
330
1A
100
AcDbEntity
  8
BLACK
  6
CONTINUOUS
100
AcDbLine
 10
1.185844842519685
 20
1.1916338976377951
 30
0
 11
1.1827756299212597
 21
1.1947031102362204
 31
0
  0
LINE
  5
CE2
330
1A
100
AcDbEntity
  8
BLACK
  6
CONTINUOUS
100
AcDbLine
 10
1.1827756299212597
 20
1.1947031102362204
 30
0
 11
1.1810224015748032
 21
1.1986738188976378
 31
0
  0
LINE
  5
CE3
330
1A
100
AcDbEntity
  8
BLACK
  6
CONTINUOUS
100
AcDbLine
 10
1.1810224015748032
 20
1.1986738188976378
 30
0
 11
1.1807086614173228
 21
1.2013779527559054
 31
0
  0
LINE
  5
CE4
330
1A
100
AcDbEntity
  8
BLACK
  6
CONTINUOUS
100
AcDbLine
 10
1.1807086614173228
 20
1.2013779527559054
 30
0
 11
1.1807086614173228
 21
1.2387795275590552
 31
0
  0
LINE
  5
CE5
330
1A
100
AcDbEntity
  8
BLACK
  6
CONTINUOUS
100
AcDbLine
 10
1.1807086614173228
 20
1.2387795275590552
 30
0
 11
1.1810224015748032
 21
1.2414836614173228
 31
0
  0
LINE
  5
CE6
330
1A
100
AcDbEntity
  8
BLACK
  6
CONTINUOUS
100
AcDbLine
 10
1.1810224015748032
 20
1.2414836614173228
 30
0
 11
1.1827756299212597
 21
1.2454543700787402
 31
0
  0
LINE
  5
CE7
330
1A
100
AcDbEntity
  8
BLACK
  6
CONTINUOUS
100
AcDbLine
 10
1.1827756299212597
 20
1.2454543700787402
 30
0
 11
1.185844842519685
 21
1.2485235826771652
 31
0
  0
LINE
  5
CE8
330
1A
100
AcDbEntity
  8
BLACK
  6
CONTINUOUS
100
AcDbLine
 10
1.185844842519685
 20
1.2485235826771652
 30
0
 11
1.1898155511811024
 21
1.250276811023622
 31
0
  0
LINE
  5
CE9
330
1A
100
AcDbEntity
  8
BLACK
  6
CONTINUOUS
100
AcDbLine
 10
1.1898155511811024
 20
1.250276811023622
 30
0
 11
1.19251968503937
 21
1.2505905511811024
 31
0
  0
LINE
  5
CEA
330
1A
100
AcDbEntity
  8
BLACK
  6
CONTINUOUS
100
AcDbLine
 10
1.19251968503937
 20
1.2505905511811024
 30
0
 11
1.2122047244094487
 21
1.2505905511811024
 31
0
  0
LINE
  5
CEB
330
1A
100
AcDbEntity
  8
BLACK
  6
CONTINUOUS
100
AcDbLine
 10
1.2122047244094487
 20
1.2505905511811024
 30
0
 11
1.2149088582677166
 21
1.250276811023622
 31
0
  0
LINE
  5
CEC
330
1A
100
AcDbEntity
  8
BLACK
  6
CONTINUOUS
100
AcDbLine
 10
1.2897120078740156
 20
1.250276811023622
 30
0
 11
1.293682716535433
 21
1.2485235826771652
 31
0
  0
LINE
  5
CED
330
1A
100
AcDbEntity
  8
BLACK
  6
CONTINUOUS
100
AcDbLine
 10
1.293682716535433
 20
1.2485235826771652
 30
0
 11
1.2967519291338583
 21
1.2454543700787402
 31
0
  0
LINE
  5
CEE
330
1A
100
AcDbEntity
  8
BLACK
  6
CONTINUOUS
100
AcDbLine
 10
1.2967519291338583
 20
1.2454543700787402
 30
0
 11
1.298505157480315
 21
1.2414836614173228
 31
0
  0
LINE
  5
CEF
330
1A
100
AcDbEntity
  8
BLACK
  6
CONTINUOUS
100
AcDbLine
 10
1.298505157480315
 20
1.2414836614173228
 30
0
 11
1.2988188976377952
 21
1.2387795275590552
 31
0
  0
LINE
  5
CF0
330
1A
100
AcDbEntity
  8
BLACK
  6
CONTINUOUS
100
AcDbLine
 10
1.2988188976377952
 20
1.2387795275590552
 30
0
 11
1.2988188976377952
 21
1.2013779527559054
 31
0
  0
LINE
  5
CF1
330
1A
100
AcDbEntity
  8
BLACK
  6
CONTINUOUS
100
AcDbLine
 10
1.2988188976377952
 20
1.2013779527559054
 30
0
 11
1.298505157480315
 21
1.1986738188976378
 31
0
  0
LINE
  5
CF2
330
1A
100
AcDbEntity
  8
BLACK
  6
CONTINUOUS
100
AcDbLine
 10
1.298505157480315
 20
1.1986738188976378
 30
0
 11
1.2967519291338583
 21
1.1947031102362204
 31
0
  0
LINE
  5
CF3
330
1A
100
AcDbEntity
  8
BLACK
  6
CONTINUOUS
100
AcDbLine
 10
1.2967519291338583
 20
1.1947031102362204
 30
0
 11
1.293682716535433
 21
1.1916338976377951
 31
0
  0
LINE
  5
CF4
330
1A
100
AcDbEntity
  8
BLACK
  6
CONTINUOUS
100
AcDbLine
 10
1.293682716535433
 20
1.1916338976377951
 30
0
 11
1.2897120078740156
 21
1.1898806692913386
 31
0
  0
LINE
  5
CF5
330
1A
100
AcDbEntity
  8
BLACK
  6
CONTINUOUS
100
AcDbLine
 10
1.2897120078740156
 20
1.1898806692913386
 30
0
 11
1.287007874015748
 21
1.1895669291338582
 31
0
  0
LINE
  5
CF6
330
1A
100
AcDbEntity
  8
BLACK
  6
CONTINUOUS
100
AcDbLine
 10
1.287007874015748
 20
1.1895669291338582
 30
0
 11
1.2673228346456693
 21
1.1895669291338582
 31
0
  0
LINE
  5
CF7
330
1A
100
AcDbEntity
  8
BLACK
  6
CONTINUOUS
100
AcDbLine
 10
1.2673228346456693
 20
1.1895669291338582
 30
0
 11
1.2646187007874015
 21
1.1898806692913386
 31
0
  0
LINE
  5
CF8
330
1A
100
AcDbEntity
  8
BLACK
  6
CONTINUOUS
100
AcDbLine
 10
1.2646187007874015
 20
1.1898806692913386
 30
0
 11
1.2606479921259843
 21
1.1916338976377951
 31
0
  0
LINE
  5
CF9
330
1A
100
AcDbEntity
  8
BLACK
  6
CONTINUOUS
100
AcDbLine
 10
1.2606479921259843
 20
1.1916338976377951
 30
0
 11
1.257578779527559
 21
1.1947031102362204
 31
0
  0
LINE
  5
CFA
330
1A
100
AcDbEntity
  8
BLACK
  6
CONTINUOUS
100
AcDbLine
 10
1.257578779527559
 20
1.1947031102362204
 30
0
 11
1.2558255511811023
 21
1.1986738188976378
 31
0
  0
LINE
  5
CFB
330
1A
100
AcDbEntity
  8
BLACK
  6
CONTINUOUS
100
AcDbLine
 10
1.2558255511811023
 20
1.1986738188976378
 30
0
 11
1.2555118110236221
 21
1.2013779527559054
 31
0
  0
LINE
  5
CFC
330
1A
100
AcDbEntity
  8
BLACK
  6
CONTINUOUS
100
AcDbLine
 10
1.2555118110236221
 20
1.2013779527559054
 30
0
 11
1.2555118110236221
 21
1.2387795275590552
 31
0
  0
LINE
  5
CFD
330
1A
100
AcDbEntity
  8
BLACK
  6
CONTINUOUS
100
AcDbLine
 10
1.2555118110236221
 20
1.2387795275590552
 30
0
 11
1.2558255511811023
 21
1.2414836614173228
 31
0
  0
LINE
  5
CFE
330
1A
100
AcDbEntity
  8
BLACK
  6
CONTINUOUS
100
AcDbLine
 10
1.2558255511811023
 20
1.2414836614173228
 30
0
 11
1.257578779527559
 21
1.2454543700787402
 31
0
  0
LINE
  5
CFF
330
1A
100
AcDbEntity
  8
BLACK
  6
CONTINUOUS
100
AcDbLine
 10
1.257578779527559
 20
1.2454543700787402
 30
0
 11
1.2606479921259843
 21
1.2485235826771652
 31
0
  0
LINE
  5
D00
330
1A
100
AcDbEntity
  8
BLACK
  6
CONTINUOUS
100
AcDbLine
 10
1.2606479921259843
 20
1.2485235826771652
 30
0
 11
1.2646187007874015
 21
1.250276811023622
 31
0
  0
LINE
  5
D01
330
1A
100
AcDbEntity
  8
BLACK
  6
CONTINUOUS
100
AcDbLine
 10
1.2646187007874015
 20
1.250276811023622
 30
0
 11
1.2673228346456693
 21
1.2505905511811024
 31
0
  0
LINE
  5
D02
330
1A
100
AcDbEntity
  8
BLACK
  6
CONTINUOUS
100
AcDbLine
 10
1.2673228346456693
 20
1.2505905511811024
 30
0
 11
1.287007874015748
 21
1.2505905511811024
 31
0
  0
LINE
  5
D03
330
1A
100
AcDbEntity
  8
BLACK
  6
CONTINUOUS
100
AcDbLine
 10
1.287007874015748
 20
1.2505905511811024
 30
0
 11
1.2897120078740156
 21
1.250276811023622
 31
0
  0
LINE
  5
D04
330
1A
100
AcDbEntity
  8
BLACK
  6
CONTINUOUS
100
AcDbLine
 10
0.9489778346456693
 20
1.2195777952755906
 30
0
 11
0.9515323228346456
 21
1.2178709055118111
 31
0
  0
LINE
  5
D05
330
1A
100
AcDbEntity
  8
BLACK
  6
CONTINUOUS
100
AcDbLine
 10
0.9515323228346456
 20
1.2178709055118111
 30
0
 11
0.9532392125984251
 21
1.2153164173228346
 31
0
  0
LINE
  5
D06
330
1A
100
AcDbEntity
  8
BLACK
  6
CONTINUOUS
100
AcDbLine
 10
0.9532392125984251
 20
1.2153164173228346
 30
0
 11
0.9538385826771654
 21
1.2123031496062993
 31
0
  0
LINE
  5
D07
330
1A
100
AcDbEntity
  8
BLACK
  6
CONTINUOUS
100
AcDbLine
 10
0.9538385826771654
 20
1.2123031496062993
 30
0
 11
0.9538385826771654
 21
1.200492125984252
 31
0
  0
LINE
  5
D08
330
1A
100
AcDbEntity
  8
BLACK
  6
CONTINUOUS
100
AcDbLine
 10
0.9538385826771654
 20
1.200492125984252
 30
0
 11
0.9532392125984251
 21
1.1974788582677165
 31
0
  0
LINE
  5
D09
330
1A
100
AcDbEntity
  8
BLACK
  6
CONTINUOUS
100
AcDbLine
 10
0.9532392125984251
 20
1.1974788582677165
 30
0
 11
0.9515323228346456
 21
1.1949243700787402
 31
0
  0
LINE
  5
D0A
330
1A
100
AcDbEntity
  8
BLACK
  6
CONTINUOUS
100
AcDbLine
 10
0.9515323228346456
 20
1.1949243700787402
 30
0
 11
0.9489778346456693
 21
1.1932174803149607
 31
0
  0
LINE
  5
D0B
330
1A
100
AcDbEntity
  8
BLACK
  6
CONTINUOUS
100
AcDbLine
 10
0.9489778346456693
 20
1.1932174803149607
 30
0
 11
0.9459645669291339
 21
1.1926181102362206
 31
0
  0
LINE
  5
D0C
330
1A
100
AcDbEntity
  8
BLACK
  6
CONTINUOUS
100
AcDbLine
 10
0.9459645669291339
 20
1.1926181102362206
 30
0
 11
0.9056102362204724
 21
1.1926181102362206
 31
0
  0
LINE
  5
D0D
330
1A
100
AcDbEntity
  8
BLACK
  6
CONTINUOUS
100
AcDbLine
 10
0.9056102362204724
 20
1.1926181102362206
 30
0
 11
0.902596968503937
 21
1.1932174803149607
 31
0
  0
LINE
  5
D0E
330
1A
100
AcDbEntity
  8
BLACK
  6
CONTINUOUS
100
AcDbLine
 10
0.902596968503937
 20
1.1932174803149607
 30
0
 11
0.9000424803149606
 21
1.1949243700787402
 31
0
  0
LINE
  5
D0F
330
1A
100
AcDbEntity
  8
BLACK
  6
CONTINUOUS
100
AcDbLine
 10
0.9000424803149606
 20
1.1949243700787402
 30
0
 11
0.8983355905511811
 21
1.1974788582677165
 31
0
  0
LINE
  5
D10
330
1A
100
AcDbEntity
  8
BLACK
  6
CONTINUOUS
100
AcDbLine
 10
0.8983355905511811
 20
1.1974788582677165
 30
0
 11
0.8977362204724409
 21
1.200492125984252
 31
0
  0
LINE
  5
D11
330
1A
100
AcDbEntity
  8
BLACK
  6
CONTINUOUS
100
AcDbLine
 10
0.8977362204724409
 20
1.200492125984252
 30
0
 11
0.8977362204724409
 21
1.2123031496062993
 31
0
  0
LINE
  5
D12
330
1A
100
AcDbEntity
  8
BLACK
  6
CONTINUOUS
100
AcDbLine
 10
0.8977362204724409
 20
1.2123031496062993
 30
0
 11
0.8983355905511811
 21
1.2153164173228346
 31
0
  0
LINE
  5
D13
330
1A
100
AcDbEntity
  8
BLACK
  6
CONTINUOUS
100
AcDbLine
 10
0.8983355905511811
 20
1.2153164173228346
 30
0
 11
0.9000424803149606
 21
1.2178709055118111
 31
0
  0
LINE
  5
D14
330
1A
100
AcDbEntity
  8
BLACK
  6
CONTINUOUS
100
AcDbLine
 10
0.9000424803149606
 20
1.2178709055118111
 30
0
 11
0.902596968503937
 21
1.2195777952755906
 31
0
  0
LINE
  5
D15
330
1A
100
AcDbEntity
  8
BLACK
  6
CONTINUOUS
100
AcDbLine
 10
0.902596968503937
 20
1.2195777952755906
 30
0
 11
0.9056102362204724
 21
1.2201771653543307
 31
0
  0
LINE
  5
D16
330
1A
100
AcDbEntity
  8
BLACK
  6
CONTINUOUS
100
AcDbLine
 10
0.9056102362204724
 20
1.2201771653543307
 30
0
 11
0.9459645669291339
 21
1.2201771653543307
 31
0
  0
LINE
  5
D17
330
1A
100
AcDbEntity
  8
BLACK
  6
CONTINUOUS
100
AcDbLine
 10
0.9459645669291339
 20
1.2201771653543307
 30
0
 11
0.9489778346456693
 21
1.2195777952755906
 31
0
  0
LINE
  5
D18
330
1A
100
AcDbEntity
  8
BLACK
  6
CONTINUOUS
100
AcDbLine
 10
1.0385447637795275
 20
1.2195777952755906
 30
0
 11
1.0410992519685038
 21
1.2178709055118111
 31
0
  0
LINE
  5
D19
330
1A
100
AcDbEntity
  8
BLACK
  6
CONTINUOUS
100
AcDbLine
 10
1.0410992519685038
 20
1.2178709055118111
 30
0
 11
1.0428061417322834
 21
1.2153164173228346
 31
0
  0
LINE
  5
D1A
330
1A
100
AcDbEntity
  8
BLACK
  6
CONTINUOUS
100
AcDbLine
 10
1.0428061417322834
 20
1.2153164173228346
 30
0
 11
1.0434055118110237
 21
1.2123031496062993
 31
0
  0
LINE
  5
D1B
330
1A
100
AcDbEntity
  8
BLACK
  6
CONTINUOUS
100
AcDbLine
 10
1.0434055118110237
 20
1.2123031496062993
 30
0
 11
1.0434055118110237
 21
1.200492125984252
 31
0
  0
LINE
  5
D1C
330
1A
100
AcDbEntity
  8
BLACK
  6
CONTINUOUS
100
AcDbLine
 10
1.0434055118110237
 20
1.200492125984252
 30
0
 11
1.0428061417322834
 21
1.1974788582677165
 31
0
  0
LINE
  5
D1D
330
1A
100
AcDbEntity
  8
BLACK
  6
CONTINUOUS
100
AcDbLine
 10
1.0428061417322834
 20
1.1974788582677165
 30
0
 11
1.0410992519685038
 21
1.1949243700787402
 31
0
  0
LINE
  5
D1E
330
1A
100
AcDbEntity
  8
BLACK
  6
CONTINUOUS
100
AcDbLine
 10
1.0410992519685038
 20
1.1949243700787402
 30
0
 11
1.0385447637795275
 21
1.1932174803149607
 31
0
  0
LINE
  5
D1F
330
1A
100
AcDbEntity
  8
BLACK
  6
CONTINUOUS
100
AcDbLine
 10
1.0385447637795275
 20
1.1932174803149607
 30
0
 11
1.035531496062992
 21
1.1926181102362206
 31
0
  0
LINE
  5
D20
330
1A
100
AcDbEntity
  8
BLACK
  6
CONTINUOUS
100
AcDbLine
 10
1.035531496062992
 20
1.1926181102362206
 30
0
 11
0.9951771653543307
 21
1.1926181102362206
 31
0
  0
LINE
  5
D21
330
1A
100
AcDbEntity
  8
BLACK
  6
CONTINUOUS
100
AcDbLine
 10
0.9951771653543307
 20
1.1926181102362206
 30
0
 11
0.9921638976377952
 21
1.1932174803149607
 31
0
  0
LINE
  5
D22
330
1A
100
AcDbEntity
  8
BLACK
  6
CONTINUOUS
100
AcDbLine
 10
0.9921638976377952
 20
1.1932174803149607
 30
0
 11
0.9896094094488189
 21
1.1949243700787402
 31
0
  0
LINE
  5
D23
330
1A
100
AcDbEntity
  8
BLACK
  6
CONTINUOUS
100
AcDbLine
 10
0.9896094094488189
 20
1.1949243700787402
 30
0
 11
0.9879025196850394
 21
1.1974788582677165
 31
0
  0
LINE
  5
D24
330
1A
100
AcDbEntity
  8
BLACK
  6
CONTINUOUS
100
AcDbLine
 10
0.9879025196850394
 20
1.1974788582677165
 30
0
 11
0.9873031496062992
 21
1.200492125984252
 31
0
  0
LINE
  5
D25
330
1A
100
AcDbEntity
  8
BLACK
  6
CONTINUOUS
100
AcDbLine
 10
0.9873031496062992
 20
1.200492125984252
 30
0
 11
0.9873031496062992
 21
1.2123031496062993
 31
0
  0
LINE
  5
D26
330
1A
100
AcDbEntity
  8
BLACK
  6
CONTINUOUS
100
AcDbLine
 10
0.9873031496062992
 20
1.2123031496062993
 30
0
 11
0.9879025196850394
 21
1.2153164173228346
 31
0
  0
LINE
  5
D27
330
1A
100
AcDbEntity
  8
BLACK
  6
CONTINUOUS
100
AcDbLine
 10
0.9879025196850394
 20
1.2153164173228346
 30
0
 11
0.9896094094488189
 21
1.2178709055118111
 31
0
  0
LINE
  5
D28
330
1A
100
AcDbEntity
  8
BLACK
  6
CONTINUOUS
100
AcDbLine
 10
0.9896094094488189
 20
1.2178709055118111
 30
0
 11
0.9921638976377952
 21
1.2195777952755906
 31
0
  0
LINE
  5
D29
330
1A
100
AcDbEntity
  8
BLACK
  6
CONTINUOUS
100
AcDbLine
 10
0.9921638976377952
 20
1.2195777952755906
 30
0
 11
0.9951771653543307
 21
1.2201771653543307
 31
0
  0
LINE
  5
D2A
330
1A
100
AcDbEntity
  8
BLACK
  6
CONTINUOUS
100
AcDbLine
 10
0.9951771653543307
 20
1.2201771653543307
 30
0
 11
1.035531496062992
 21
1.2201771653543307
 31
0
  0
LINE
  5
D2B
330
1A
100
AcDbEntity
  8
BLACK
  6
CONTINUOUS
100
AcDbLine
 10
1.035531496062992
 20
1.2201771653543307
 30
0
 11
1.0385447637795275
 21
1.2195777952755906
 31
0
  0
LINE
  5
D2C
330
1A
100
AcDbEntity
  8
BLACK
  6
CONTINUOUS
100
AcDbLine
 10
2.7236666929133859
 20
1.2617399212598426
 30
0
 11
2.7243053149606298
 21
1.261313188976378
 31
0
  0
LINE
  5
D2D
330
1A
100
AcDbEntity
  8
BLACK
  6
CONTINUOUS
100
AcDbLine
 10
2.7243053149606298
 20
1.261313188976378
 30
0
 11
2.7247320472440943
 21
1.2606745669291339
 31
0
  0
LINE
  5
D2E
330
1A
100
AcDbEntity
  8
BLACK
  6
CONTINUOUS
100
AcDbLine
 10
2.7247320472440943
 20
1.2606745669291339
 30
0
 11
2.7248818897637794
 21
1.2599212598425196
 31
0
  0
LINE
  5
D2F
330
1A
100
AcDbEntity
  8
BLACK
  6
CONTINUOUS
100
AcDbLine
 10
2.7248818897637794
 20
1.2599212598425196
 30
0
 11
2.7248818897637794
 21
1.1999212598425197
 31
0
  0
LINE
  5
D30
330
1A
100
AcDbEntity
  8
BLACK
  6
CONTINUOUS
100
AcDbLine
 10
2.7248818897637794
 20
1.1999212598425197
 30
0
 11
2.7247320472440943
 21
1.1991679527559054
 31
0
  0
LINE
  5
D31
330
1A
100
AcDbEntity
  8
BLACK
  6
CONTINUOUS
100
AcDbLine
 10
2.7247320472440943
 20
1.1991679527559054
 30
0
 11
2.7243053149606298
 21
1.1985293307086613
 31
0
  0
LINE
  5
D32
330
1A
100
AcDbEntity
  8
BLACK
  6
CONTINUOUS
100
AcDbLine
 10
2.7243053149606298
 20
1.1985293307086613
 30
0
 11
2.7236666929133859
 21
1.1981025984251967
 31
0
  0
LINE
  5
D33
330
1A
100
AcDbEntity
  8
BLACK
  6
CONTINUOUS
100
AcDbLine
 10
2.7236666929133859
 20
1.1981025984251967
 30
0
 11
2.7229133858267716
 21
1.1979527559055119
 31
0
  0
LINE
  5
D34
330
1A
100
AcDbEntity
  8
BLACK
  6
CONTINUOUS
100
AcDbLine
 10
2.7229133858267716
 20
1.1979527559055119
 30
0
 11
2.6629133858267715
 21
1.1979527559055119
 31
0
  0
LINE
  5
D35
330
1A
100
AcDbEntity
  8
BLACK
  6
CONTINUOUS
100
AcDbLine
 10
2.6629133858267715
 20
1.1979527559055119
 30
0
 11
2.6621600787401576
 21
1.1981025984251967
 31
0
  0
LINE
  5
D36
330
1A
100
AcDbEntity
  8
BLACK
  6
CONTINUOUS
100
AcDbLine
 10
2.6621600787401576
 20
1.1981025984251967
 30
0
 11
2.6615214566929133
 21
1.1985293307086613
 31
0
  0
LINE
  5
D37
330
1A
100
AcDbEntity
  8
BLACK
  6
CONTINUOUS
100
AcDbLine
 10
2.6615214566929133
 20
1.1985293307086613
 30
0
 11
2.6610947244094487
 21
1.1991679527559054
 31
0
  0
LINE
  5
D38
330
1A
100
AcDbEntity
  8
BLACK
  6
CONTINUOUS
100
AcDbLine
 10
2.6610947244094487
 20
1.1991679527559054
 30
0
 11
2.6609448818897636
 21
1.1999212598425197
 31
0
  0
LINE
  5
D39
330
1A
100
AcDbEntity
  8
BLACK
  6
CONTINUOUS
100
AcDbLine
 10
2.6609448818897636
 20
1.1999212598425197
 30
0
 11
2.6609448818897636
 21
1.2599212598425196
 31
0
  0
LINE
  5
D3A
330
1A
100
AcDbEntity
  8
BLACK
  6
CONTINUOUS
100
AcDbLine
 10
2.6609448818897636
 20
1.2599212598425196
 30
0
 11
2.6610947244094487
 21
1.2606745669291339
 31
0
  0
LINE
  5
D3B
330
1A
100
AcDbEntity
  8
BLACK
  6
CONTINUOUS
100
AcDbLine
 10
2.6610947244094487
 20
1.2606745669291339
 30
0
 11
2.6615214566929133
 21
1.261313188976378
 31
0
  0
LINE
  5
D3C
330
1A
100
AcDbEntity
  8
BLACK
  6
CONTINUOUS
100
AcDbLine
 10
2.6615214566929133
 20
1.261313188976378
 30
0
 11
2.6621600787401576
 21
1.2617399212598426
 31
0
  0
LINE
  5
D3D
330
1A
100
AcDbEntity
  8
BLACK
  6
CONTINUOUS
100
AcDbLine
 10
2.6621600787401576
 20
1.2617399212598426
 30
0
 11
2.6629133858267715
 21
1.2618897637795274
 31
0
  0
LINE
  5
D3E
330
1A
100
AcDbEntity
  8
BLACK
  6
CONTINUOUS
100
AcDbLine
 10
2.6629133858267715
 20
1.2618897637795274
 30
0
 11
2.7229133858267716
 21
1.2618897637795274
 31
0
  0
LINE
  5
D3F
330
1A
100
AcDbEntity
  8
BLACK
  6
CONTINUOUS
100
AcDbLine
 10
2.7229133858267716
 20
1.2618897637795274
 30
0
 11
2.7236666929133859
 21
1.2617399212598426
 31
0
  0
LINE
  5
D40
330
1A
100
AcDbEntity
  8
BLACK
  6
CONTINUOUS
100
AcDbLine
 10
2.8236666929133856
 20
1.2617399212598426
 30
0
 11
2.8243053149606299
 21
1.261313188976378
 31
0
  0
LINE
  5
D41
330
1A
100
AcDbEntity
  8
BLACK
  6
CONTINUOUS
100
AcDbLine
 10
2.8243053149606299
 20
1.261313188976378
 30
0
 11
2.8247320472440944
 21
1.2606745669291339
 31
0
  0
LINE
  5
D42
330
1A
100
AcDbEntity
  8
BLACK
  6
CONTINUOUS
100
AcDbLine
 10
2.8247320472440944
 20
1.2606745669291339
 30
0
 11
2.8248818897637795
 21
1.2599212598425196
 31
0
  0
LINE
  5
D43
330
1A
100
AcDbEntity
  8
BLACK
  6
CONTINUOUS
100
AcDbLine
 10
2.8248818897637795
 20
1.2599212598425196
 30
0
 11
2.8248818897637795
 21
1.1999212598425197
 31
0
  0
LINE
  5
D44
330
1A
100
AcDbEntity
  8
BLACK
  6
CONTINUOUS
100
AcDbLine
 10
2.8248818897637795
 20
1.1999212598425197
 30
0
 11
2.8247320472440944
 21
1.1991679527559054
 31
0
  0
LINE
  5
D45
330
1A
100
AcDbEntity
  8
BLACK
  6
CONTINUOUS
100
AcDbLine
 10
2.8247320472440944
 20
1.1991679527559054
 30
0
 11
2.8243053149606299
 21
1.1985293307086613
 31
0
  0
LINE
  5
D46
330
1A
100
AcDbEntity
  8
BLACK
  6
CONTINUOUS
100
AcDbLine
 10
2.8243053149606299
 20
1.1985293307086613
 30
0
 11
2.8236666929133856
 21
1.1981025984251967
 31
0
  0
LINE
  5
D47
330
1A
100
AcDbEntity
  8
BLACK
  6
CONTINUOUS
100
AcDbLine
 10
2.8236666929133856
 20
1.1981025984251967
 30
0
 11
2.8229133858267716
 21
1.1979527559055119
 31
0
  0
LINE
  5
D48
330
1A
100
AcDbEntity
  8
BLACK
  6
CONTINUOUS
100
AcDbLine
 10
2.8229133858267716
 20
1.1979527559055119
 30
0
 11
2.7629133858267716
 21
1.1979527559055119
 31
0
  0
LINE
  5
D49
330
1A
100
AcDbEntity
  8
BLACK
  6
CONTINUOUS
100
AcDbLine
 10
2.7629133858267716
 20
1.1979527559055119
 30
0
 11
2.7621600787401572
 21
1.1981025984251967
 31
0
  0
LINE
  5
D4A
330
1A
100
AcDbEntity
  8
BLACK
  6
CONTINUOUS
100
AcDbLine
 10
2.7621600787401572
 20
1.1981025984251967
 30
0
 11
2.7615214566929134
 21
1.1985293307086613
 31
0
  0
LINE
  5
D4B
330
1A
100
AcDbEntity
  8
BLACK
  6
CONTINUOUS
100
AcDbLine
 10
2.7615214566929134
 20
1.1985293307086613
 30
0
 11
2.7610947244094488
 21
1.1991679527559054
 31
0
  0
LINE
  5
D4C
330
1A
100
AcDbEntity
  8
BLACK
  6
CONTINUOUS
100
AcDbLine
 10
2.7610947244094488
 20
1.1991679527559054
 30
0
 11
2.7609448818897637
 21
1.1999212598425197
 31
0
  0
LINE
  5
D4D
330
1A
100
AcDbEntity
  8
BLACK
  6
CONTINUOUS
100
AcDbLine
 10
2.7609448818897637
 20
1.1999212598425197
 30
0
 11
2.7609448818897637
 21
1.2599212598425196
 31
0
  0
LINE
  5
D4E
330
1A
100
AcDbEntity
  8
BLACK
  6
CONTINUOUS
100
AcDbLine
 10
2.7609448818897637
 20
1.2599212598425196
 30
0
 11
2.7610947244094488
 21
1.2606745669291339
 31
0
  0
LINE
  5
D4F
330
1A
100
AcDbEntity
  8
BLACK
  6
CONTINUOUS
100
AcDbLine
 10
2.7610947244094488
 20
1.2606745669291339
 30
0
 11
2.7615214566929134
 21
1.261313188976378
 31
0
  0
LINE
  5
D50
330
1A
100
AcDbEntity
  8
BLACK
  6
CONTINUOUS
100
AcDbLine
 10
2.7615214566929134
 20
1.261313188976378
 30
0
 11
2.7621600787401572
 21
1.2617399212598426
 31
0
  0
LINE
  5
D51
330
1A
100
AcDbEntity
  8
BLACK
  6
CONTINUOUS
100
AcDbLine
 10
2.7621600787401572
 20
1.2617399212598426
 30
0
 11
2.7629133858267716
 21
1.2618897637795274
 31
0
  0
LINE
  5
D52
330
1A
100
AcDbEntity
  8
BLACK
  6
CONTINUOUS
100
AcDbLine
 10
2.7629133858267716
 20
1.2618897637795274
 30
0
 11
2.8229133858267716
 21
1.2618897637795274
 31
0
  0
LINE
  5
D53
330
1A
100
AcDbEntity
  8
BLACK
  6
CONTINUOUS
100
AcDbLine
 10
2.8229133858267716
 20
1.2618897637795274
 30
0
 11
2.8236666929133856
 21
1.2617399212598426
 31
0
  0
LINE
  5
D54
330
1A
100
AcDbEntity
  8
BLACK
  6
CONTINUOUS
100
AcDbLine
 10
1.5479797244094489
 20
1.2671567322834645
 30
0
 11
1.551950433070866
 21
1.2654035039370077
 31
0
  0
LINE
  5
D55
330
1A
100
AcDbEntity
  8
BLACK
  6
CONTINUOUS
100
AcDbLine
 10
1.551950433070866
 20
1.2654035039370077
 30
0
 11
1.5550196456692913
 21
1.2623342913385827
 31
0
  0
LINE
  5
D56
330
1A
100
AcDbEntity
  8
BLACK
  6
CONTINUOUS
100
AcDbLine
 10
1.5550196456692913
 20
1.2623342913385827
 30
0
 11
1.556772874015748
 21
1.2583635826771653
 31
0
  0
LINE
  5
D57
330
1A
100
AcDbEntity
  8
BLACK
  6
CONTINUOUS
100
AcDbLine
 10
1.556772874015748
 20
1.2583635826771653
 30
0
 11
1.5570866141732282
 21
1.2556594488188977
 31
0
  0
LINE
  5
D58
330
1A
100
AcDbEntity
  8
BLACK
  6
CONTINUOUS
100
AcDbLine
 10
1.5570866141732282
 20
1.2556594488188977
 30
0
 11
1.5570866141732282
 21
1.2202263779527558
 31
0
  0
LINE
  5
D59
330
1A
100
AcDbEntity
  8
BLACK
  6
CONTINUOUS
100
AcDbLine
 10
1.5570866141732282
 20
1.2202263779527558
 30
0
 11
1.556772874015748
 21
1.2175222440944882
 31
0
  0
LINE
  5
D5A
330
1A
100
AcDbEntity
  8
BLACK
  6
CONTINUOUS
100
AcDbLine
 10
1.556772874015748
 20
1.2175222440944882
 30
0
 11
1.5550196456692913
 21
1.2135515354330708
 31
0
  0
LINE
  5
D5B
330
1A
100
AcDbEntity
  8
BLACK
  6
CONTINUOUS
100
AcDbLine
 10
1.5550196456692913
 20
1.2135515354330708
 30
0
 11
1.551950433070866
 21
1.2104823228346457
 31
0
  0
LINE
  5
D5C
330
1A
100
AcDbEntity
  8
BLACK
  6
CONTINUOUS
100
AcDbLine
 10
1.551950433070866
 20
1.2104823228346457
 30
0
 11
1.5479797244094489
 21
1.208729094488189
 31
0
  0
LINE
  5
D5D
330
1A
100
AcDbEntity
  8
BLACK
  6
CONTINUOUS
100
AcDbLine
 10
1.5479797244094489
 20
1.208729094488189
 30
0
 11
1.545275590551181
 21
1.2084153543307086
 31
0
  0
LINE
  5
D5E
330
1A
100
AcDbEntity
  8
BLACK
  6
CONTINUOUS
100
AcDbLine
 10
1.545275590551181
 20
1.2084153543307086
 30
0
 11
1.5246062992125984
 21
1.2084153543307086
 31
0
  0
LINE
  5
D5F
330
1A
100
AcDbEntity
  8
BLACK
  6
CONTINUOUS
100
AcDbLine
 10
1.5246062992125984
 20
1.2084153543307086
 30
0
 11
1.5219021653543308
 21
1.208729094488189
 31
0
  0
LINE
  5
D60
330
1A
100
AcDbEntity
  8
BLACK
  6
CONTINUOUS
100
AcDbLine
 10
1.5219021653543308
 20
1.208729094488189
 30
0
 11
1.5179314566929134
 21
1.2104823228346457
 31
0
  0
LINE
  5
D61
330
1A
100
AcDbEntity
  8
BLACK
  6
CONTINUOUS
100
AcDbLine
 10
1.5179314566929134
 20
1.2104823228346457
 30
0
 11
1.5148622440944881
 21
1.2135515354330708
 31
0
  0
LINE
  5
D62
330
1A
100
AcDbEntity
  8
BLACK
  6
CONTINUOUS
100
AcDbLine
 10
1.5148622440944881
 20
1.2135515354330708
 30
0
 11
1.5131090157480314
 21
1.2175222440944882
 31
0
  0
LINE
  5
D63
330
1A
100
AcDbEntity
  8
BLACK
  6
CONTINUOUS
100
AcDbLine
 10
1.5131090157480314
 20
1.2175222440944882
 30
0
 11
1.5127952755905512
 21
1.2202263779527558
 31
0
  0
LINE
  5
D64
330
1A
100
AcDbEntity
  8
BLACK
  6
CONTINUOUS
100
AcDbLine
 10
1.5127952755905512
 20
1.2202263779527558
 30
0
 11
1.5127952755905512
 21
1.2556594488188977
 31
0
  0
LINE
  5
D65
330
1A
100
AcDbEntity
  8
BLACK
  6
CONTINUOUS
100
AcDbLine
 10
1.5127952755905512
 20
1.2556594488188977
 30
0
 11
1.5131090157480314
 21
1.2583635826771653
 31
0
  0
LINE
  5
D66
330
1A
100
AcDbEntity
  8
BLACK
  6
CONTINUOUS
100
AcDbLine
 10
1.5131090157480314
 20
1.2583635826771653
 30
0
 11
1.5148622440944881
 21
1.2623342913385827
 31
0
  0
LINE
  5
D67
330
1A
100
AcDbEntity
  8
BLACK
  6
CONTINUOUS
100
AcDbLine
 10
1.5148622440944881
 20
1.2623342913385827
 30
0
 11
1.5179314566929134
 21
1.2654035039370077
 31
0
  0
LINE
  5
D68
330
1A
100
AcDbEntity
  8
BLACK
  6
CONTINUOUS
100
AcDbLine
 10
1.5179314566929134
 20
1.2654035039370077
 30
0
 11
1.5219021653543308
 21
1.2671567322834645
 31
0
  0
LINE
  5
D69
330
1A
100
AcDbEntity
  8
BLACK
  6
CONTINUOUS
100
AcDbLine
 10
1.5219021653543308
 20
1.2671567322834645
 30
0
 11
1.5246062992125984
 21
1.2674704724409449
 31
0
  0
LINE
  5
D6A
330
1A
100
AcDbEntity
  8
BLACK
  6
CONTINUOUS
100
AcDbLine
 10
1.5246062992125984
 20
1.2674704724409449
 30
0
 11
1.545275590551181
 21
1.2674704724409449
 31
0
  0
LINE
  5
D6B
330
1A
100
AcDbEntity
  8
BLACK
  6
CONTINUOUS
100
AcDbLine
 10
1.545275590551181
 20
1.2674704724409449
 30
0
 11
1.5479797244094489
 21
1.2671567322834645
 31
0
  0
LINE
  5
D6C
330
1A
100
AcDbEntity
  8
BLACK
  6
CONTINUOUS
100
AcDbLine
 10
1.6198301181102361
 20
1.2671567322834645
 30
0
 11
1.6238008267716535
 21
1.2654035039370077
 31
0
  0
LINE
  5
D6D
330
1A
100
AcDbEntity
  8
BLACK
  6
CONTINUOUS
100
AcDbLine
 10
1.6238008267716535
 20
1.2654035039370077
 30
0
 11
1.6268700393700788
 21
1.2623342913385827
 31
0
  0
LINE
  5
D6E
330
1A
100
AcDbEntity
  8
BLACK
  6
CONTINUOUS
100
AcDbLine
 10
1.6268700393700788
 20
1.2623342913385827
 30
0
 11
1.6286232677165353
 21
1.2583635826771653
 31
0
  0
LINE
  5
D6F
330
1A
100
AcDbEntity
  8
BLACK
  6
CONTINUOUS
100
AcDbLine
 10
1.6286232677165353
 20
1.2583635826771653
 30
0
 11
1.6289370078740157
 21
1.2556594488188977
 31
0
  0
LINE
  5
D70
330
1A
100
AcDbEntity
  8
BLACK
  6
CONTINUOUS
100
AcDbLine
 10
1.6289370078740157
 20
1.2556594488188977
 30
0
 11
1.6289370078740157
 21
1.2202263779527558
 31
0
  0
LINE
  5
D71
330
1A
100
AcDbEntity
  8
BLACK
  6
CONTINUOUS
100
AcDbLine
 10
1.6289370078740157
 20
1.2202263779527558
 30
0
 11
1.6286232677165353
 21
1.2175222440944882
 31
0
  0
LINE
  5
D72
330
1A
100
AcDbEntity
  8
BLACK
  6
CONTINUOUS
100
AcDbLine
 10
1.6286232677165353
 20
1.2175222440944882
 30
0
 11
1.6268700393700788
 21
1.2135515354330708
 31
0
  0
LINE
  5
D73
330
1A
100
AcDbEntity
  8
BLACK
  6
CONTINUOUS
100
AcDbLine
 10
1.6268700393700788
 20
1.2135515354330708
 30
0
 11
1.6238008267716535
 21
1.2104823228346457
 31
0
  0
LINE
  5
D74
330
1A
100
AcDbEntity
  8
BLACK
  6
CONTINUOUS
100
AcDbLine
 10
1.6238008267716535
 20
1.2104823228346457
 30
0
 11
1.6198301181102361
 21
1.208729094488189
 31
0
  0
LINE
  5
D75
330
1A
100
AcDbEntity
  8
BLACK
  6
CONTINUOUS
100
AcDbLine
 10
1.6198301181102361
 20
1.208729094488189
 30
0
 11
1.6171259842519685
 21
1.2084153543307086
 31
0
  0
LINE
  5
D76
330
1A
100
AcDbEntity
  8
BLACK
  6
CONTINUOUS
100
AcDbLine
 10
1.6171259842519685
 20
1.2084153543307086
 30
0
 11
1.5964566929133859
 21
1.2084153543307086
 31
0
  0
LINE
  5
D77
330
1A
100
AcDbEntity
  8
BLACK
  6
CONTINUOUS
100
AcDbLine
 10
1.5964566929133859
 20
1.2084153543307086
 30
0
 11
1.593752559055118
 21
1.208729094488189
 31
0
  0
LINE
  5
D78
330
1A
100
AcDbEntity
  8
BLACK
  6
CONTINUOUS
100
AcDbLine
 10
1.593752559055118
 20
1.208729094488189
 30
0
 11
1.5897818503937007
 21
1.2104823228346457
 31
0
  0
LINE
  5
D79
330
1A
100
AcDbEntity
  8
BLACK
  6
CONTINUOUS
100
AcDbLine
 10
1.5897818503937007
 20
1.2104823228346457
 30
0
 11
1.5867126377952756
 21
1.2135515354330708
 31
0
  0
LINE
  5
D7A
330
1A
100
AcDbEntity
  8
BLACK
  6
CONTINUOUS
100
AcDbLine
 10
1.5867126377952756
 20
1.2135515354330708
 30
0
 11
1.5849594094488189
 21
1.2175222440944882
 31
0
  0
LINE
  5
D7B
330
1A
100
AcDbEntity
  8
BLACK
  6
CONTINUOUS
100
AcDbLine
 10
1.5849594094488189
 20
1.2175222440944882
 30
0
 11
1.5846456692913387
 21
1.2202263779527558
 31
0
  0
LINE
  5
D7C
330
1A
100
AcDbEntity
  8
BLACK
  6
CONTINUOUS
100
AcDbLine
 10
1.5846456692913387
 20
1.2202263779527558
 30
0
 11
1.5846456692913387
 21
1.2556594488188977
 31
0
  0
LINE
  5
D7D
330
1A
100
AcDbEntity
  8
BLACK
  6
CONTINUOUS
100
AcDbLine
 10
1.5846456692913387
 20
1.2556594488188977
 30
0
 11
1.5849594094488189
 21
1.2583635826771653
 31
0
  0
LINE
  5
D7E
330
1A
100
AcDbEntity
  8
BLACK
  6
CONTINUOUS
100
AcDbLine
 10
1.5849594094488189
 20
1.2583635826771653
 30
0
 11
1.5867126377952756
 21
1.2623342913385827
 31
0
  0
LINE
  5
D7F
330
1A
100
AcDbEntity
  8
BLACK
  6
CONTINUOUS
100
AcDbLine
 10
1.5867126377952756
 20
1.2623342913385827
 30
0
 11
1.5897818503937007
 21
1.2654035039370077
 31
0
  0
LINE
  5
D80
330
1A
100
AcDbEntity
  8
BLACK
  6
CONTINUOUS
100
AcDbLine
 10
1.5897818503937007
 20
1.2654035039370077
 30
0
 11
1.593752559055118
 21
1.2671567322834645
 31
0
  0
LINE
  5
D81
330
1A
100
AcDbEntity
  8
BLACK
  6
CONTINUOUS
100
AcDbLine
 10
1.593752559055118
 20
1.2671567322834645
 30
0
 11
1.5964566929133859
 21
1.2674704724409449
 31
0
  0
LINE
  5
D82
330
1A
100
AcDbEntity
  8
BLACK
  6
CONTINUOUS
100
AcDbLine
 10
1.5964566929133859
 20
1.2674704724409449
 30
0
 11
1.6171259842519685
 21
1.2674704724409449
 31
0
  0
LINE
  5
D83
330
1A
100
AcDbEntity
  8
BLACK
  6
CONTINUOUS
100
AcDbLine
 10
1.6171259842519685
 20
1.2674704724409449
 30
0
 11
1.6198301181102361
 21
1.2671567322834645
 31
0
  0
LINE
  5
D84
330
1A
100
AcDbEntity
  8
BLACK
  6
CONTINUOUS
100
AcDbLine
 10
1.7782946850393699
 20
1.2701094881889763
 30
0
 11
1.7822653937007873
 21
1.2683562598425198
 31
0
  0
LINE
  5
D85
330
1A
100
AcDbEntity
  8
BLACK
  6
CONTINUOUS
100
AcDbLine
 10
1.7822653937007873
 20
1.2683562598425198
 30
0
 11
1.7853346062992126
 21
1.2652870472440945
 31
0
  0
LINE
  5
D86
330
1A
100
AcDbEntity
  8
BLACK
  6
CONTINUOUS
100
AcDbLine
 10
1.7853346062992126
 20
1.2652870472440945
 30
0
 11
1.7870878346456693
 21
1.2613163385826771
 31
0
  0
LINE
  5
D87
330
1A
100
AcDbEntity
  8
BLACK
  6
CONTINUOUS
100
AcDbLine
 10
1.7870878346456693
 20
1.2613163385826771
 30
0
 11
1.7874015748031495
 21
1.2586122047244095
 31
0
  0
LINE
  5
D88
330
1A
100
AcDbEntity
  8
BLACK
  6
CONTINUOUS
100
AcDbLine
 10
1.7874015748031495
 20
1.2586122047244095
 30
0
 11
1.7874015748031495
 21
1.2251476377952755
 31
0
  0
LINE
  5
D89
330
1A
100
AcDbEntity
  8
BLACK
  6
CONTINUOUS
100
AcDbLine
 10
1.7874015748031495
 20
1.2251476377952755
 30
0
 11
1.7870878346456693
 21
1.2224435039370078
 31
0
  0
LINE
  5
D8A
330
1A
100
AcDbEntity
  8
BLACK
  6
CONTINUOUS
100
AcDbLine
 10
1.7870878346456693
 20
1.2224435039370078
 30
0
 11
1.7853346062992126
 21
1.2184727952755905
 31
0
  0
LINE
  5
D8B
330
1A
100
AcDbEntity
  8
BLACK
  6
CONTINUOUS
100
AcDbLine
 10
1.7853346062992126
 20
1.2184727952755905
 30
0
 11
1.7822653937007873
 21
1.2154035826771654
 31
0
  0
LINE
  5
D8C
330
1A
100
AcDbEntity
  8
BLACK
  6
CONTINUOUS
100
AcDbLine
 10
1.7822653937007873
 20
1.2154035826771654
 30
0
 11
1.7782946850393699
 21
1.2136503543307087
 31
0
  0
LINE
  5
D8D
330
1A
100
AcDbEntity
  8
BLACK
  6
CONTINUOUS
100
AcDbLine
 10
1.7782946850393699
 20
1.2136503543307087
 30
0
 11
1.7755905511811023
 21
1.2133366141732282
 31
0
  0
LINE
  5
D8E
330
1A
100
AcDbEntity
  8
BLACK
  6
CONTINUOUS
100
AcDbLine
 10
1.7755905511811023
 20
1.2133366141732282
 30
0
 11
1.7401574803149606
 21
1.2133366141732282
 31
0
  0
LINE
  5
D8F
330
1A
100
AcDbEntity
  8
BLACK
  6
CONTINUOUS
100
AcDbLine
 10
1.7401574803149606
 20
1.2133366141732282
 30
0
 11
1.7374533464566928
 21
1.2136503543307087
 31
0
  0
LINE
  5
D90
330
1A
100
AcDbEntity
  8
BLACK
  6
CONTINUOUS
100
AcDbLine
 10
1.7374533464566928
 20
1.2136503543307087
 30
0
 11
1.7334826377952754
 21
1.2154035826771654
 31
0
  0
LINE
  5
D91
330
1A
100
AcDbEntity
  8
BLACK
  6
CONTINUOUS
100
AcDbLine
 10
1.7334826377952754
 20
1.2154035826771654
 30
0
 11
1.7304134251968504
 21
1.2184727952755905
 31
0
  0
LINE
  5
D92
330
1A
100
AcDbEntity
  8
BLACK
  6
CONTINUOUS
100
AcDbLine
 10
1.7304134251968504
 20
1.2184727952755905
 30
0
 11
1.7286601968503936
 21
1.2224435039370078
 31
0
  0
LINE
  5
D93
330
1A
100
AcDbEntity
  8
BLACK
  6
CONTINUOUS
100
AcDbLine
 10
1.7286601968503936
 20
1.2224435039370078
 30
0
 11
1.7283464566929134
 21
1.2251476377952755
 31
0
  0
LINE
  5
D94
330
1A
100
AcDbEntity
  8
BLACK
  6
CONTINUOUS
100
AcDbLine
 10
1.7283464566929134
 20
1.2251476377952755
 30
0
 11
1.7283464566929134
 21
1.2586122047244095
 31
0
  0
LINE
  5
D95
330
1A
100
AcDbEntity
  8
BLACK
  6
CONTINUOUS
100
AcDbLine
 10
1.7283464566929134
 20
1.2586122047244095
 30
0
 11
1.7286601968503936
 21
1.2613163385826771
 31
0
  0
LINE
  5
D96
330
1A
100
AcDbEntity
  8
BLACK
  6
CONTINUOUS
100
AcDbLine
 10
1.7286601968503936
 20
1.2613163385826771
 30
0
 11
1.7304134251968504
 21
1.2652870472440945
 31
0
  0
LINE
  5
D97
330
1A
100
AcDbEntity
  8
BLACK
  6
CONTINUOUS
100
AcDbLine
 10
1.7304134251968504
 20
1.2652870472440945
 30
0
 11
1.7334826377952754
 21
1.2683562598425198
 31
0
  0
LINE
  5
D98
330
1A
100
AcDbEntity
  8
BLACK
  6
CONTINUOUS
100
AcDbLine
 10
1.7334826377952754
 20
1.2683562598425198
 30
0
 11
1.7374533464566928
 21
1.2701094881889763
 31
0
  0
LINE
  5
D99
330
1A
100
AcDbEntity
  8
BLACK
  6
CONTINUOUS
100
AcDbLine
 10
1.7374533464566928
 20
1.2701094881889763
 30
0
 11
1.7401574803149606
 21
1.2704232283464567
 31
0
  0
LINE
  5
D9A
330
1A
100
AcDbEntity
  8
BLACK
  6
CONTINUOUS
100
AcDbLine
 10
1.7401574803149606
 20
1.2704232283464567
 30
0
 11
1.7755905511811023
 21
1.2704232283464567
 31
0
  0
LINE
  5
D9B
330
1A
100
AcDbEntity
  8
BLACK
  6
CONTINUOUS
100
AcDbLine
 10
1.7755905511811023
 20
1.2704232283464567
 30
0
 11
1.7782946850393699
 21
1.2701094881889763
 31
0
  0
LINE
  5
D9C
330
1A
100
AcDbEntity
  8
BLACK
  6
CONTINUOUS
100
AcDbLine
 10
1.8845938976377952
 20
1.2701094881889763
 30
0
 11
1.8885646062992125
 21
1.2683562598425198
 31
0
  0
LINE
  5
D9D
330
1A
100
AcDbEntity
  8
BLACK
  6
CONTINUOUS
100
AcDbLine
 10
1.8885646062992125
 20
1.2683562598425198
 30
0
 11
1.8916338188976378
 21
1.2652870472440945
 31
0
  0
LINE
  5
D9E
330
1A
100
AcDbEntity
  8
BLACK
  6
CONTINUOUS
100
AcDbLine
 10
1.8916338188976378
 20
1.2652870472440945
 30
0
 11
1.8933870472440943
 21
1.2613163385826771
 31
0
  0
LINE
  5
D9F
330
1A
100
AcDbEntity
  8
BLACK
  6
CONTINUOUS
100
AcDbLine
 10
1.8933870472440943
 20
1.2613163385826771
 30
0
 11
1.8937007874015748
 21
1.2586122047244095
 31
0
  0
LINE
  5
DA0
330
1A
100
AcDbEntity
  8
BLACK
  6
CONTINUOUS
100
AcDbLine
 10
1.8937007874015748
 20
1.2586122047244095
 30
0
 11
1.8937007874015748
 21
1.2251476377952755
 31
0
  0
LINE
  5
DA1
330
1A
100
AcDbEntity
  8
BLACK
  6
CONTINUOUS
100
AcDbLine
 10
1.8937007874015748
 20
1.2251476377952755
 30
0
 11
1.8933870472440943
 21
1.2224435039370078
 31
0
  0
LINE
  5
DA2
330
1A
100
AcDbEntity
  8
BLACK
  6
CONTINUOUS
100
AcDbLine
 10
1.8933870472440943
 20
1.2224435039370078
 30
0
 11
1.8916338188976378
 21
1.2184727952755905
 31
0
  0
LINE
  5
DA3
330
1A
100
AcDbEntity
  8
BLACK
  6
CONTINUOUS
100
AcDbLine
 10
1.8916338188976378
 20
1.2184727952755905
 30
0
 11
1.8885646062992125
 21
1.2154035826771654
 31
0
  0
LINE
  5
DA4
330
1A
100
AcDbEntity
  8
BLACK
  6
CONTINUOUS
100
AcDbLine
 10
1.8885646062992125
 20
1.2154035826771654
 30
0
 11
1.8845938976377952
 21
1.2136503543307087
 31
0
  0
LINE
  5
DA5
330
1A
100
AcDbEntity
  8
BLACK
  6
CONTINUOUS
100
AcDbLine
 10
1.8845938976377952
 20
1.2136503543307087
 30
0
 11
1.8818897637795275
 21
1.2133366141732282
 31
0
  0
LINE
  5
DA6
330
1A
100
AcDbEntity
  8
BLACK
  6
CONTINUOUS
100
AcDbLine
 10
1.8818897637795275
 20
1.2133366141732282
 30
0
 11
1.8464566929133859
 21
1.2133366141732282
 31
0
  0
LINE
  5
DA7
330
1A
100
AcDbEntity
  8
BLACK
  6
CONTINUOUS
100
AcDbLine
 10
1.8464566929133859
 20
1.2133366141732282
 30
0
 11
1.843752559055118
 21
1.2136503543307087
 31
0
  0
LINE
  5
DA8
330
1A
100
AcDbEntity
  8
BLACK
  6
CONTINUOUS
100
AcDbLine
 10
1.843752559055118
 20
1.2136503543307087
 30
0
 11
1.8397818503937007
 21
1.2154035826771654
 31
0
  0
LINE
  5
DA9
330
1A
100
AcDbEntity
  8
BLACK
  6
CONTINUOUS
100
AcDbLine
 10
1.8397818503937007
 20
1.2154035826771654
 30
0
 11
1.8367126377952756
 21
1.2184727952755905
 31
0
  0
LINE
  5
DAA
330
1A
100
AcDbEntity
  8
BLACK
  6
CONTINUOUS
100
AcDbLine
 10
1.8367126377952756
 20
1.2184727952755905
 30
0
 11
1.8349594094488189
 21
1.2224435039370078
 31
0
  0
LINE
  5
DAB
330
1A
100
AcDbEntity
  8
BLACK
  6
CONTINUOUS
100
AcDbLine
 10
1.8349594094488189
 20
1.2224435039370078
 30
0
 11
1.8346456692913384
 21
1.2251476377952755
 31
0
  0
LINE
  5
DAC
330
1A
100
AcDbEntity
  8
BLACK
  6
CONTINUOUS
100
AcDbLine
 10
1.8346456692913384
 20
1.2251476377952755
 30
0
 11
1.8346456692913384
 21
1.2586122047244095
 31
0
  0
LINE
  5
DAD
330
1A
100
AcDbEntity
  8
BLACK
  6
CONTINUOUS
100
AcDbLine
 10
1.8346456692913384
 20
1.2586122047244095
 30
0
 11
1.8349594094488189
 21
1.2613163385826771
 31
0
  0
LINE
  5
DAE
330
1A
100
AcDbEntity
  8
BLACK
  6
CONTINUOUS
100
AcDbLine
 10
1.8349594094488189
 20
1.2613163385826771
 30
0
 11
1.8367126377952756
 21
1.2652870472440945
 31
0
  0
LINE
  5
DAF
330
1A
100
AcDbEntity
  8
BLACK
  6
CONTINUOUS
100
AcDbLine
 10
1.8367126377952756
 20
1.2652870472440945
 30
0
 11
1.8397818503937007
 21
1.2683562598425198
 31
0
  0
LINE
  5
DB0
330
1A
100
AcDbEntity
  8
BLACK
  6
CONTINUOUS
100
AcDbLine
 10
1.8397818503937007
 20
1.2683562598425198
 30
0
 11
1.843752559055118
 21
1.2701094881889763
 31
0
  0
LINE
  5
DB1
330
1A
100
AcDbEntity
  8
BLACK
  6
CONTINUOUS
100
AcDbLine
 10
1.843752559055118
 20
1.2701094881889763
 30
0
 11
1.8464566929133859
 21
1.2704232283464567
 31
0
  0
LINE
  5
DB2
330
1A
100
AcDbEntity
  8
BLACK
  6
CONTINUOUS
100
AcDbLine
 10
1.8464566929133859
 20
1.2704232283464567
 30
0
 11
1.8818897637795275
 21
1.2704232283464567
 31
0
  0
LINE
  5
DB3
330
1A
100
AcDbEntity
  8
BLACK
  6
CONTINUOUS
100
AcDbLine
 10
1.8818897637795275
 20
1.2704232283464567
 30
0
 11
1.8845938976377952
 21
1.2701094881889763
 31
0
  0
LINE
  5
DB4
330
1A
100
AcDbEntity
  8
BLACK
  6
CONTINUOUS
100
AcDbLine
 10
1.3988794094488188
 20
1.2434951181102363
 30
0
 11
1.4014338976377951
 21
1.2417882283464567
 31
0
  0
LINE
  5
DB5
330
1A
100
AcDbEntity
  8
BLACK
  6
CONTINUOUS
100
AcDbLine
 10
1.4014338976377951
 20
1.2417882283464567
 30
0
 11
1.4031407874015747
 21
1.2392337401574802
 31
0
  0
LINE
  5
DB6
330
1A
100
AcDbEntity
  8
BLACK
  6
CONTINUOUS
100
AcDbLine
 10
1.4031407874015747
 20
1.2392337401574802
 30
0
 11
1.403740157480315
 21
1.2362204724409449
 31
0
  0
LINE
  5
DB7
330
1A
100
AcDbEntity
  8
BLACK
  6
CONTINUOUS
100
AcDbLine
 10
1.403740157480315
 20
1.2362204724409449
 30
0
 11
1.403740157480315
 21
1.2244094488188977
 31
0
  0
LINE
  5
DB8
330
1A
100
AcDbEntity
  8
BLACK
  6
CONTINUOUS
100
AcDbLine
 10
1.403740157480315
 20
1.2244094488188977
 30
0
 11
1.4031407874015747
 21
1.2213961811023621
 31
0
  0
LINE
  5
DB9
330
1A
100
AcDbEntity
  8
BLACK
  6
CONTINUOUS
100
AcDbLine
 10
1.4031407874015747
 20
1.2213961811023621
 30
0
 11
1.4014338976377951
 21
1.2188416929133858
 31
0
  0
LINE
  5
DBA
330
1A
100
AcDbEntity
  8
BLACK
  6
CONTINUOUS
100
AcDbLine
 10
1.4014338976377951
 20
1.2188416929133858
 30
0
 11
1.3988794094488188
 21
1.2171348031496063
 31
0
  0
LINE
  5
DBB
330
1A
100
AcDbEntity
  8
BLACK
  6
CONTINUOUS
100
AcDbLine
 10
1.3988794094488188
 20
1.2171348031496063
 30
0
 11
1.3958661417322835
 21
1.2165354330708662
 31
0
  0
LINE
  5
DBC
330
1A
100
AcDbEntity
  8
BLACK
  6
CONTINUOUS
100
AcDbLine
 10
1.3958661417322835
 20
1.2165354330708662
 30
0
 11
1.3555118110236219
 21
1.2165354330708662
 31
0
  0
LINE
  5
DBD
330
1A
100
AcDbEntity
  8
BLACK
  6
CONTINUOUS
100
AcDbLine
 10
1.3555118110236219
 20
1.2165354330708662
 30
0
 11
1.3524985433070866
 21
1.2171348031496063
 31
0
  0
LINE
  5
DBE
330
1A
100
AcDbEntity
  8
BLACK
  6
CONTINUOUS
100
AcDbLine
 10
1.3524985433070866
 20
1.2171348031496063
 30
0
 11
1.3499440551181101
 21
1.2188416929133858
 31
0
  0
LINE
  5
DBF
330
1A
100
AcDbEntity
  8
BLACK
  6
CONTINUOUS
100
AcDbLine
 10
1.3499440551181101
 20
1.2188416929133858
 30
0
 11
1.3482371653543306
 21
1.2213961811023621
 31
0
  0
LINE
  5
DC0
330
1A
100
AcDbEntity
  8
BLACK
  6
CONTINUOUS
100
AcDbLine
 10
1.3482371653543306
 20
1.2213961811023621
 30
0
 11
1.3476377952755905
 21
1.2244094488188977
 31
0
  0
LINE
  5
DC1
330
1A
100
AcDbEntity
  8
BLACK
  6
CONTINUOUS
100
AcDbLine
 10
1.3476377952755905
 20
1.2244094488188977
 30
0
 11
1.3476377952755905
 21
1.2362204724409449
 31
0
  0
LINE
  5
DC2
330
1A
100
AcDbEntity
  8
BLACK
  6
CONTINUOUS
100
AcDbLine
 10
1.3476377952755905
 20
1.2362204724409449
 30
0
 11
1.3482371653543306
 21
1.2392337401574802
 31
0
  0
LINE
  5
DC3
330
1A
100
AcDbEntity
  8
BLACK
  6
CONTINUOUS
100
AcDbLine
 10
1.3482371653543306
 20
1.2392337401574802
 30
0
 11
1.3499440551181101
 21
1.2417882283464567
 31
0
  0
LINE
  5
DC4
330
1A
100
AcDbEntity
  8
BLACK
  6
CONTINUOUS
100
AcDbLine
 10
1.3499440551181101
 20
1.2417882283464567
 30
0
 11
1.3524985433070866
 21
1.2434951181102363
 31
0
  0
LINE
  5
DC5
330
1A
100
AcDbEntity
  8
BLACK
  6
CONTINUOUS
100
AcDbLine
 10
1.3524985433070866
 20
1.2434951181102363
 30
0
 11
1.3555118110236219
 21
1.2440944881889764
 31
0
  0
LINE
  5
DC6
330
1A
100
AcDbEntity
  8
BLACK
  6
CONTINUOUS
100
AcDbLine
 10
1.3555118110236219
 20
1.2440944881889764
 30
0
 11
1.3958661417322835
 21
1.2440944881889764
 31
0
  0
LINE
  5
DC7
330
1A
100
AcDbEntity
  8
BLACK
  6
CONTINUOUS
100
AcDbLine
 10
1.3958661417322835
 20
1.2440944881889764
 30
0
 11
1.3988794094488188
 21
1.2434951181102363
 31
0
  0
LINE
  5
DC8
330
1A
100
AcDbEntity
  8
BLACK
  6
CONTINUOUS
100
AcDbLine
 10
1.4884463385826772
 20
1.2434951181102363
 30
0
 11
1.4910008267716535
 21
1.2417882283464567
 31
0
  0
LINE
  5
DC9
330
1A
100
AcDbEntity
  8
BLACK
  6
CONTINUOUS
100
AcDbLine
 10
1.4910008267716535
 20
1.2417882283464567
 30
0
 11
1.492707716535433
 21
1.2392337401574802
 31
0
  0
LINE
  5
DCA
330
1A
100
AcDbEntity
  8
BLACK
  6
CONTINUOUS
100
AcDbLine
 10
1.492707716535433
 20
1.2392337401574802
 30
0
 11
1.4933070866141731
 21
1.2362204724409449
 31
0
  0
LINE
  5
DCB
330
1A
100
AcDbEntity
  8
BLACK
  6
CONTINUOUS
100
AcDbLine
 10
1.4933070866141731
 20
1.2362204724409449
 30
0
 11
1.4933070866141731
 21
1.2244094488188977
 31
0
  0
LINE
  5
DCC
330
1A
100
AcDbEntity
  8
BLACK
  6
CONTINUOUS
100
AcDbLine
 10
1.4933070866141731
 20
1.2244094488188977
 30
0
 11
1.492707716535433
 21
1.2213961811023621
 31
0
  0
LINE
  5
DCD
330
1A
100
AcDbEntity
  8
BLACK
  6
CONTINUOUS
100
AcDbLine
 10
1.492707716535433
 20
1.2213961811023621
 30
0
 11
1.4910008267716535
 21
1.2188416929133858
 31
0
  0
LINE
  5
DCE
330
1A
100
AcDbEntity
  8
BLACK
  6
CONTINUOUS
100
AcDbLine
 10
1.4910008267716535
 20
1.2188416929133858
 30
0
 11
1.4884463385826772
 21
1.2171348031496063
 31
0
  0
LINE
  5
DCF
330
1A
100
AcDbEntity
  8
BLACK
  6
CONTINUOUS
100
AcDbLine
 10
1.4884463385826772
 20
1.2171348031496063
 30
0
 11
1.4854330708661416
 21
1.2165354330708662
 31
0
  0
LINE
  5
DD0
330
1A
100
AcDbEntity
  8
BLACK
  6
CONTINUOUS
100
AcDbLine
 10
1.4854330708661416
 20
1.2165354330708662
 30
0
 11
1.4450787401574803
 21
1.2165354330708662
 31
0
  0
LINE
  5
DD1
330
1A
100
AcDbEntity
  8
BLACK
  6
CONTINUOUS
100
AcDbLine
 10
1.4450787401574803
 20
1.2165354330708662
 30
0
 11
1.4420654724409447
 21
1.2171348031496063
 31
0
  0
LINE
  5
DD2
330
1A
100
AcDbEntity
  8
BLACK
  6
CONTINUOUS
100
AcDbLine
 10
1.4420654724409447
 20
1.2171348031496063
 30
0
 11
1.4395109842519684
 21
1.2188416929133858
 31
0
  0
LINE
  5
DD3
330
1A
100
AcDbEntity
  8
BLACK
  6
CONTINUOUS
100
AcDbLine
 10
1.4395109842519684
 20
1.2188416929133858
 30
0
 11
1.4378040944881889
 21
1.2213961811023621
 31
0
  0
LINE
  5
DD4
330
1A
100
AcDbEntity
  8
BLACK
  6
CONTINUOUS
100
AcDbLine
 10
1.4378040944881889
 20
1.2213961811023621
 30
0
 11
1.4372047244094488
 21
1.2244094488188977
 31
0
  0
LINE
  5
DD5
330
1A
100
AcDbEntity
  8
BLACK
  6
CONTINUOUS
100
AcDbLine
 10
1.4372047244094488
 20
1.2244094488188977
 30
0
 11
1.4372047244094488
 21
1.2362204724409449
 31
0
  0
LINE
  5
DD6
330
1A
100
AcDbEntity
  8
BLACK
  6
CONTINUOUS
100
AcDbLine
 10
1.4372047244094488
 20
1.2362204724409449
 30
0
 11
1.4378040944881889
 21
1.2392337401574802
 31
0
  0
LINE
  5
DD7
330
1A
100
AcDbEntity
  8
BLACK
  6
CONTINUOUS
100
AcDbLine
 10
1.4378040944881889
 20
1.2392337401574802
 30
0
 11
1.4395109842519684
 21
1.2417882283464567
 31
0
  0
LINE
  5
DD8
330
1A
100
AcDbEntity
  8
BLACK
  6
CONTINUOUS
100
AcDbLine
 10
1.4395109842519684
 20
1.2417882283464567
 30
0
 11
1.4420654724409447
 21
1.2434951181102363
 31
0
  0
LINE
  5
DD9
330
1A
100
AcDbEntity
  8
BLACK
  6
CONTINUOUS
100
AcDbLine
 10
1.4420654724409447
 20
1.2434951181102363
 30
0
 11
1.4450787401574803
 21
1.2440944881889764
 31
0
  0
LINE
  5
DDA
330
1A
100
AcDbEntity
  8
BLACK
  6
CONTINUOUS
100
AcDbLine
 10
1.4450787401574803
 20
1.2440944881889764
 30
0
 11
1.4854330708661416
 21
1.2440944881889764
 31
0
  0
LINE
  5
DDB
330
1A
100
AcDbEntity
  8
BLACK
  6
CONTINUOUS
100
AcDbLine
 10
1.4854330708661416
 20
1.2440944881889764
 30
0
 11
1.4884463385826772
 21
1.2434951181102363
 31
0
  0
LINE
  5
DDC
330
1A
100
AcDbEntity
  8
BLACK
  6
CONTINUOUS
100
AcDbLine
 10
0.3316652755905512
 20
1.3193911417322834
 30
0
 11
0.3385690157480315
 21
1.3171479527559056
 31
0
  0
LINE
  5
DDD
330
1A
100
AcDbEntity
  8
BLACK
  6
CONTINUOUS
100
AcDbLine
 10
0.3385690157480315
 20
1.3171479527559056
 30
0
 11
0.3450368503937008
 21
1.313852440944882
 31
0
  0
LINE
  5
DDE
330
1A
100
AcDbEntity
  8
BLACK
  6
CONTINUOUS
100
AcDbLine
 10
0.3450368503937008
 20
1.313852440944882
 30
0
 11
0.3509094881889764
 21
1.3095857086614173
 31
0
  0
LINE
  5
DDF
330
1A
100
AcDbEntity
  8
BLACK
  6
CONTINUOUS
100
AcDbLine
 10
0.3509094881889764
 20
1.3095857086614173
 30
0
 11
0.3560424015748032
 21
1.3044527952755904
 31
0
  0
LINE
  5
DE0
330
1A
100
AcDbEntity
  8
BLACK
  6
CONTINUOUS
100
AcDbLine
 10
0.3560424015748032
 20
1.3044527952755904
 30
0
 11
0.3603091338582677
 21
1.2985801574803149
 31
0
  0
LINE
  5
DE1
330
1A
100
AcDbEntity
  8
BLACK
  6
CONTINUOUS
100
AcDbLine
 10
0.3603091338582677
 20
1.2985801574803149
 30
0
 11
0.3636046456692913
 21
1.2921123228346456
 31
0
  0
LINE
  5
DE2
330
1A
100
AcDbEntity
  8
BLACK
  6
CONTINUOUS
100
AcDbLine
 10
0.3636046456692913
 20
1.2921123228346456
 30
0
 11
0.3658478346456693
 21
1.2852085826771653
 31
0
  0
LINE
  5
DE3
330
1A
100
AcDbEntity
  8
BLACK
  6
CONTINUOUS
100
AcDbLine
 10
0.3658478346456693
 20
1.2852085826771653
 30
0
 11
0.3669833858267716
 21
1.278038937007874
 31
0
  0
LINE
  5
DE4
330
1A
100
AcDbEntity
  8
BLACK
  6
CONTINUOUS
100
AcDbLine
 10
0.3669833858267716
 20
1.278038937007874
 30
0
 11
0.3669833858267716
 21
1.2707799606299213
 31
0
  0
LINE
  5
DE5
330
1A
100
AcDbEntity
  8
BLACK
  6
CONTINUOUS
100
AcDbLine
 10
0.3669833858267716
 20
1.2707799606299213
 30
0
 11
0.3658478346456693
 21
1.2636103149606299
 31
0
  0
LINE
  5
DE6
330
1A
100
AcDbEntity
  8
BLACK
  6
CONTINUOUS
100
AcDbLine
 10
0.3658478346456693
 20
1.2636103149606299
 30
0
 11
0.3636046456692913
 21
1.2567065748031496
 31
0
  0
LINE
  5
DE7
330
1A
100
AcDbEntity
  8
BLACK
  6
CONTINUOUS
100
AcDbLine
 10
0.3636046456692913
 20
1.2567065748031496
 30
0
 11
0.3603091338582677
 21
1.2502387401574804
 31
0
  0
LINE
  5
DE8
330
1A
100
AcDbEntity
  8
BLACK
  6
CONTINUOUS
100
AcDbLine
 10
0.3603091338582677
 20
1.2502387401574804
 30
0
 11
0.3560424015748032
 21
1.2443661023622048
 31
0
  0
LINE
  5
DE9
330
1A
100
AcDbEntity
  8
BLACK
  6
CONTINUOUS
100
AcDbLine
 10
0.3560424015748032
 20
1.2443661023622048
 30
0
 11
0.3509094881889764
 21
1.2392331889763779
 31
0
  0
LINE
  5
DEA
330
1A
100
AcDbEntity
  8
BLACK
  6
CONTINUOUS
100
AcDbLine
 10
0.3509094881889764
 20
1.2392331889763779
 30
0
 11
0.3450368503937008
 21
1.2349664566929133
 31
0
  0
LINE
  5
DEB
330
1A
100
AcDbEntity
  8
BLACK
  6
CONTINUOUS
100
AcDbLine
 10
0.3450368503937008
 20
1.2349664566929133
 30
0
 11
0.3385690157480315
 21
1.2316709448818897
 31
0
  0
LINE
  5
DEC
330
1A
100
AcDbEntity
  8
BLACK
  6
CONTINUOUS
100
AcDbLine
 10
0.3385690157480315
 20
1.2316709448818897
 30
0
 11
0.3316652755905512
 21
1.2294277559055118
 31
0
  0
LINE
  5
DED
330
1A
100
AcDbEntity
  8
BLACK
  6
CONTINUOUS
100
AcDbLine
 10
0.3316652755905512
 20
1.2294277559055118
 30
0
 11
0.3244956299212599
 21
1.2282922047244094
 31
0
  0
LINE
  5
DEE
330
1A
100
AcDbEntity
  8
BLACK
  6
CONTINUOUS
100
AcDbLine
 10
0.3244956299212599
 20
1.2282922047244094
 30
0
 11
0.3172366535433071
 21
1.2282922047244094
 31
0
  0
LINE
  5
DEF
330
1A
100
AcDbEntity
  8
BLACK
  6
CONTINUOUS
100
AcDbLine
 10
0.3172366535433071
 20
1.2282922047244094
 30
0
 11
0.3100670078740158
 21
1.2294277559055118
 31
0
  0
LINE
  5
DF0
330
1A
100
AcDbEntity
  8
BLACK
  6
CONTINUOUS
100
AcDbLine
 10
0.3100670078740158
 20
1.2294277559055118
 30
0
 11
0.3031632677165354
 21
1.2316709448818897
 31
0
  0
LINE
  5
DF1
330
1A
100
AcDbEntity
  8
BLACK
  6
CONTINUOUS
100
AcDbLine
 10
0.3031632677165354
 20
1.2316709448818897
 30
0
 11
0.2966954330708662
 21
1.2349664566929133
 31
0
  0
LINE
  5
DF2
330
1A
100
AcDbEntity
  8
BLACK
  6
CONTINUOUS
100
AcDbLine
 10
0.2966954330708662
 20
1.2349664566929133
 30
0
 11
0.2908227952755905
 21
1.2392331889763779
 31
0
  0
LINE
  5
DF3
330
1A
100
AcDbEntity
  8
BLACK
  6
CONTINUOUS
100
AcDbLine
 10
0.2908227952755905
 20
1.2392331889763779
 30
0
 11
0.2856898818897638
 21
1.2443661023622048
 31
0
  0
LINE
  5
DF4
330
1A
100
AcDbEntity
  8
BLACK
  6
CONTINUOUS
100
AcDbLine
 10
0.2856898818897638
 20
1.2443661023622048
 30
0
 11
0.2814231496062992
 21
1.2502387401574804
 31
0
  0
LINE
  5
DF5
330
1A
100
AcDbEntity
  8
BLACK
  6
CONTINUOUS
100
AcDbLine
 10
0.2814231496062992
 20
1.2502387401574804
 30
0
 11
0.2781276377952756
 21
1.2567065748031496
 31
0
  0
LINE
  5
DF6
330
1A
100
AcDbEntity
  8
BLACK
  6
CONTINUOUS
100
AcDbLine
 10
0.2781276377952756
 20
1.2567065748031496
 30
0
 11
0.2758844488188976
 21
1.2636103149606299
 31
0
  0
LINE
  5
DF7
330
1A
100
AcDbEntity
  8
BLACK
  6
CONTINUOUS
100
AcDbLine
 10
0.2758844488188976
 20
1.2636103149606299
 30
0
 11
0.2747488976377953
 21
1.2707799606299213
 31
0
  0
LINE
  5
DF8
330
1A
100
AcDbEntity
  8
BLACK
  6
CONTINUOUS
100
AcDbLine
 10
0.2747488976377953
 20
1.2707799606299213
 30
0
 11
0.2747488976377953
 21
1.278038937007874
 31
0
  0
LINE
  5
DF9
330
1A
100
AcDbEntity
  8
BLACK
  6
CONTINUOUS
100
AcDbLine
 10
0.2747488976377953
 20
1.278038937007874
 30
0
 11
0.2758844488188976
 21
1.2852085826771653
 31
0
  0
LINE
  5
DFA
330
1A
100
AcDbEntity
  8
BLACK
  6
CONTINUOUS
100
AcDbLine
 10
0.2758844488188976
 20
1.2852085826771653
 30
0
 11
0.2781276377952756
 21
1.2921123228346456
 31
0
  0
LINE
  5
DFB
330
1A
100
AcDbEntity
  8
BLACK
  6
CONTINUOUS
100
AcDbLine
 10
0.2781276377952756
 20
1.2921123228346456
 30
0
 11
0.2814231496062992
 21
1.2985801574803149
 31
0
  0
LINE
  5
DFC
330
1A
100
AcDbEntity
  8
BLACK
  6
CONTINUOUS
100
AcDbLine
 10
0.2814231496062992
 20
1.2985801574803149
 30
0
 11
0.2856898818897638
 21
1.3044527952755904
 31
0
  0
LINE
  5
DFD
330
1A
100
AcDbEntity
  8
BLACK
  6
CONTINUOUS
100
AcDbLine
 10
0.2856898818897638
 20
1.3044527952755904
 30
0
 11
0.2908227952755905
 21
1.3095857086614173
 31
0
  0
LINE
  5
DFE
330
1A
100
AcDbEntity
  8
BLACK
  6
CONTINUOUS
100
AcDbLine
 10
0.2908227952755905
 20
1.3095857086614173
 30
0
 11
0.2966954330708662
 21
1.313852440944882
 31
0
  0
LINE
  5
DFF
330
1A
100
AcDbEntity
  8
BLACK
  6
CONTINUOUS
100
AcDbLine
 10
0.2966954330708662
 20
1.313852440944882
 30
0
 11
0.3031632677165354
 21
1.3171479527559056
 31
0
  0
LINE
  5
E00
330
1A
100
AcDbEntity
  8
BLACK
  6
CONTINUOUS
100
AcDbLine
 10
0.3031632677165354
 20
1.3171479527559056
 30
0
 11
0.3100670078740158
 21
1.3193911417322834
 31
0
  0
LINE
  5
E01
330
1A
100
AcDbEntity
  8
BLACK
  6
CONTINUOUS
100
AcDbLine
 10
0.3100670078740158
 20
1.3193911417322834
 30
0
 11
0.3172366535433071
 21
1.3205266929133859
 31
0
  0
LINE
  5
E02
330
1A
100
AcDbEntity
  8
BLACK
  6
CONTINUOUS
100
AcDbLine
 10
0.3172366535433071
 20
1.3205266929133859
 30
0
 11
0.3244956299212599
 21
1.3205266929133859
 31
0
  0
LINE
  5
E03
330
1A
100
AcDbEntity
  8
BLACK
  6
CONTINUOUS
100
AcDbLine
 10
0.3244956299212599
 20
1.3205266929133859
 30
0
 11
0.3316652755905512
 21
1.3193911417322834
 31
0
  0
LINE
  5
E04
330
1A
100
AcDbEntity
  8
BLACK
  6
CONTINUOUS
100
AcDbLine
 10
0.5316652755905512
 20
1.3193911417322834
 30
0
 11
0.5385690157480315
 21
1.3171479527559056
 31
0
  0
LINE
  5
E05
330
1A
100
AcDbEntity
  8
BLACK
  6
CONTINUOUS
100
AcDbLine
 10
0.5385690157480315
 20
1.3171479527559056
 30
0
 11
0.5450368503937008
 21
1.313852440944882
 31
0
  0
LINE
  5
E06
330
1A
100
AcDbEntity
  8
BLACK
  6
CONTINUOUS
100
AcDbLine
 10
0.5450368503937008
 20
1.313852440944882
 30
0
 11
0.5509094881889763
 21
1.3095857086614173
 31
0
  0
LINE
  5
E07
330
1A
100
AcDbEntity
  8
BLACK
  6
CONTINUOUS
100
AcDbLine
 10
0.5509094881889763
 20
1.3095857086614173
 30
0
 11
0.5560424015748031
 21
1.3044527952755904
 31
0
  0
LINE
  5
E08
330
1A
100
AcDbEntity
  8
BLACK
  6
CONTINUOUS
100
AcDbLine
 10
0.5560424015748031
 20
1.3044527952755904
 30
0
 11
0.5603091338582677
 21
1.2985801574803149
 31
0
  0
LINE
  5
E09
330
1A
100
AcDbEntity
  8
BLACK
  6
CONTINUOUS
100
AcDbLine
 10
0.5603091338582677
 20
1.2985801574803149
 30
0
 11
0.5636046456692914
 21
1.2921123228346456
 31
0
  0
LINE
  5
E0A
330
1A
100
AcDbEntity
  8
BLACK
  6
CONTINUOUS
100
AcDbLine
 10
0.5636046456692914
 20
1.2921123228346456
 30
0
 11
0.5658478346456692
 21
1.2852085826771653
 31
0
  0
LINE
  5
E0B
330
1A
100
AcDbEntity
  8
BLACK
  6
CONTINUOUS
100
AcDbLine
 10
0.5658478346456692
 20
1.2852085826771653
 30
0
 11
0.5669833858267717
 21
1.278038937007874
 31
0
  0
LINE
  5
E0C
330
1A
100
AcDbEntity
  8
BLACK
  6
CONTINUOUS
100
AcDbLine
 10
0.5669833858267717
 20
1.278038937007874
 30
0
 11
0.5669833858267717
 21
1.2707799606299213
 31
0
  0
LINE
  5
E0D
330
1A
100
AcDbEntity
  8
BLACK
  6
CONTINUOUS
100
AcDbLine
 10
0.5669833858267717
 20
1.2707799606299213
 30
0
 11
0.5658478346456692
 21
1.2636103149606299
 31
0
  0
LINE
  5
E0E
330
1A
100
AcDbEntity
  8
BLACK
  6
CONTINUOUS
100
AcDbLine
 10
0.5658478346456692
 20
1.2636103149606299
 30
0
 11
0.5636046456692914
 21
1.2567065748031496
 31
0
  0
LINE
  5
E0F
330
1A
100
AcDbEntity
  8
BLACK
  6
CONTINUOUS
100
AcDbLine
 10
0.5636046456692914
 20
1.2567065748031496
 30
0
 11
0.5603091338582677
 21
1.2502387401574804
 31
0
  0
LINE
  5
E10
330
1A
100
AcDbEntity
  8
BLACK
  6
CONTINUOUS
100
AcDbLine
 10
0.5603091338582677
 20
1.2502387401574804
 30
0
 11
0.5560424015748031
 21
1.2443661023622048
 31
0
  0
LINE
  5
E11
330
1A
100
AcDbEntity
  8
BLACK
  6
CONTINUOUS
100
AcDbLine
 10
0.5560424015748031
 20
1.2443661023622048
 30
0
 11
0.5509094881889763
 21
1.2392331889763779
 31
0
  0
LINE
  5
E12
330
1A
100
AcDbEntity
  8
BLACK
  6
CONTINUOUS
100
AcDbLine
 10
0.5509094881889763
 20
1.2392331889763779
 30
0
 11
0.5450368503937008
 21
1.2349664566929133
 31
0
  0
LINE
  5
E13
330
1A
100
AcDbEntity
  8
BLACK
  6
CONTINUOUS
100
AcDbLine
 10
0.5450368503937008
 20
1.2349664566929133
 30
0
 11
0.5385690157480315
 21
1.2316709448818897
 31
0
  0
LINE
  5
E14
330
1A
100
AcDbEntity
  8
BLACK
  6
CONTINUOUS
100
AcDbLine
 10
0.5385690157480315
 20
1.2316709448818897
 30
0
 11
0.5316652755905512
 21
1.2294277559055118
 31
0
  0
LINE
  5
E15
330
1A
100
AcDbEntity
  8
BLACK
  6
CONTINUOUS
100
AcDbLine
 10
0.5316652755905512
 20
1.2294277559055118
 30
0
 11
0.5244956299212599
 21
1.2282922047244094
 31
0
  0
LINE
  5
E16
330
1A
100
AcDbEntity
  8
BLACK
  6
CONTINUOUS
100
AcDbLine
 10
0.5244956299212599
 20
1.2282922047244094
 30
0
 11
0.5172366535433071
 21
1.2282922047244094
 31
0
  0
LINE
  5
E17
330
1A
100
AcDbEntity
  8
BLACK
  6
CONTINUOUS
100
AcDbLine
 10
0.5172366535433071
 20
1.2282922047244094
 30
0
 11
0.5100670078740157
 21
1.2294277559055118
 31
0
  0
LINE
  5
E18
330
1A
100
AcDbEntity
  8
BLACK
  6
CONTINUOUS
100
AcDbLine
 10
0.5100670078740157
 20
1.2294277559055118
 30
0
 11
0.5031632677165354
 21
1.2316709448818897
 31
0
  0
LINE
  5
E19
330
1A
100
AcDbEntity
  8
BLACK
  6
CONTINUOUS
100
AcDbLine
 10
0.5031632677165354
 20
1.2316709448818897
 30
0
 11
0.4966954330708661
 21
1.2349664566929133
 31
0
  0
LINE
  5
E1A
330
1A
100
AcDbEntity
  8
BLACK
  6
CONTINUOUS
100
AcDbLine
 10
0.4966954330708661
 20
1.2349664566929133
 30
0
 11
0.4908227952755905
 21
1.2392331889763779
 31
0
  0
LINE
  5
E1B
330
1A
100
AcDbEntity
  8
BLACK
  6
CONTINUOUS
100
AcDbLine
 10
0.4908227952755905
 20
1.2392331889763779
 30
0
 11
0.4856898818897638
 21
1.2443661023622048
 31
0
  0
LINE
  5
E1C
330
1A
100
AcDbEntity
  8
BLACK
  6
CONTINUOUS
100
AcDbLine
 10
0.4856898818897638
 20
1.2443661023622048
 30
0
 11
0.4814231496062992
 21
1.2502387401574804
 31
0
  0
LINE
  5
E1D
330
1A
100
AcDbEntity
  8
BLACK
  6
CONTINUOUS
100
AcDbLine
 10
0.4814231496062992
 20
1.2502387401574804
 30
0
 11
0.4781276377952756
 21
1.2567065748031496
 31
0
  0
LINE
  5
E1E
330
1A
100
AcDbEntity
  8
BLACK
  6
CONTINUOUS
100
AcDbLine
 10
0.4781276377952756
 20
1.2567065748031496
 30
0
 11
0.4758844488188976
 21
1.2636103149606299
 31
0
  0
LINE
  5
E1F
330
1A
100
AcDbEntity
  8
BLACK
  6
CONTINUOUS
100
AcDbLine
 10
0.4758844488188976
 20
1.2636103149606299
 30
0
 11
0.4747488976377953
 21
1.2707799606299213
 31
0
  0
LINE
  5
E20
330
1A
100
AcDbEntity
  8
BLACK
  6
CONTINUOUS
100
AcDbLine
 10
0.4747488976377953
 20
1.2707799606299213
 30
0
 11
0.4747488976377953
 21
1.278038937007874
 31
0
  0
LINE
  5
E21
330
1A
100
AcDbEntity
  8
BLACK
  6
CONTINUOUS
100
AcDbLine
 10
0.4747488976377953
 20
1.278038937007874
 30
0
 11
0.4758844488188976
 21
1.2852085826771653
 31
0
  0
LINE
  5
E22
330
1A
100
AcDbEntity
  8
BLACK
  6
CONTINUOUS
100
AcDbLine
 10
0.4758844488188976
 20
1.2852085826771653
 30
0
 11
0.4781276377952756
 21
1.2921123228346456
 31
0
  0
LINE
  5
E23
330
1A
100
AcDbEntity
  8
BLACK
  6
CONTINUOUS
100
AcDbLine
 10
0.4781276377952756
 20
1.2921123228346456
 30
0
 11
0.4814231496062992
 21
1.2985801574803149
 31
0
  0
LINE
  5
E24
330
1A
100
AcDbEntity
  8
BLACK
  6
CONTINUOUS
100
AcDbLine
 10
0.4814231496062992
 20
1.2985801574803149
 30
0
 11
0.4856898818897638
 21
1.3044527952755904
 31
0
  0
LINE
  5
E25
330
1A
100
AcDbEntity
  8
BLACK
  6
CONTINUOUS
100
AcDbLine
 10
0.4856898818897638
 20
1.3044527952755904
 30
0
 11
0.4908227952755905
 21
1.3095857086614173
 31
0
  0
LINE
  5
E26
330
1A
100
AcDbEntity
  8
BLACK
  6
CONTINUOUS
100
AcDbLine
 10
0.4908227952755905
 20
1.3095857086614173
 30
0
 11
0.4966954330708661
 21
1.313852440944882
 31
0
  0
LINE
  5
E27
330
1A
100
AcDbEntity
  8
BLACK
  6
CONTINUOUS
100
AcDbLine
 10
0.4966954330708661
 20
1.313852440944882
 30
0
 11
0.5031632677165354
 21
1.3171479527559056
 31
0
  0
LINE
  5
E28
330
1A
100
AcDbEntity
  8
BLACK
  6
CONTINUOUS
100
AcDbLine
 10
0.5031632677165354
 20
1.3171479527559056
 30
0
 11
0.5100670078740157
 21
1.3193911417322834
 31
0
  0
LINE
  5
E29
330
1A
100
AcDbEntity
  8
BLACK
  6
CONTINUOUS
100
AcDbLine
 10
0.5100670078740157
 20
1.3193911417322834
 30
0
 11
0.5172366535433071
 21
1.3205266929133859
 31
0
  0
LINE
  5
E2A
330
1A
100
AcDbEntity
  8
BLACK
  6
CONTINUOUS
100
AcDbLine
 10
0.5172366535433071
 20
1.3205266929133859
 30
0
 11
0.5244956299212599
 21
1.3205266929133859
 31
0
  0
LINE
  5
E2B
330
1A
100
AcDbEntity
  8
BLACK
  6
CONTINUOUS
100
AcDbLine
 10
0.5244956299212599
 20
1.3205266929133859
 30
0
 11
0.5316652755905512
 21
1.3193911417322834
 31
0
  0
LINE
  5
E2C
330
1A
100
AcDbEntity
  8
BLACK
  6
CONTINUOUS
100
AcDbLine
 10
0.9489778346456693
 20
1.2569793700787402
 30
0
 11
0.9515323228346456
 21
1.2552724803149606
 31
0
  0
LINE
  5
E2D
330
1A
100
AcDbEntity
  8
BLACK
  6
CONTINUOUS
100
AcDbLine
 10
0.9515323228346456
 20
1.2552724803149606
 30
0
 11
0.9532392125984251
 21
1.2527179921259841
 31
0
  0
LINE
  5
E2E
330
1A
100
AcDbEntity
  8
BLACK
  6
CONTINUOUS
100
AcDbLine
 10
0.9532392125984251
 20
1.2527179921259841
 30
0
 11
0.9538385826771654
 21
1.2497047244094488
 31
0
  0
LINE
  5
E2F
330
1A
100
AcDbEntity
  8
BLACK
  6
CONTINUOUS
100
AcDbLine
 10
0.9538385826771654
 20
1.2497047244094488
 30
0
 11
0.9538385826771654
 21
1.2378937007874016
 31
0
  0
LINE
  5
E30
330
1A
100
AcDbEntity
  8
BLACK
  6
CONTINUOUS
100
AcDbLine
 10
0.9538385826771654
 20
1.2378937007874016
 30
0
 11
0.9532392125984251
 21
1.234880433070866
 31
0
  0
LINE
  5
E31
330
1A
100
AcDbEntity
  8
BLACK
  6
CONTINUOUS
100
AcDbLine
 10
0.9532392125984251
 20
1.234880433070866
 30
0
 11
0.9515323228346456
 21
1.2323259448818897
 31
0
  0
LINE
  5
E32
330
1A
100
AcDbEntity
  8
BLACK
  6
CONTINUOUS
100
AcDbLine
 10
0.9515323228346456
 20
1.2323259448818897
 30
0
 11
0.9489778346456693
 21
1.2306190551181102
 31
0
  0
LINE
  5
E33
330
1A
100
AcDbEntity
  8
BLACK
  6
CONTINUOUS
100
AcDbLine
 10
0.9489778346456693
 20
1.2306190551181102
 30
0
 11
0.9459645669291339
 21
1.2300196850393701
 31
0
  0
LINE
  5
E34
330
1A
100
AcDbEntity
  8
BLACK
  6
CONTINUOUS
100
AcDbLine
 10
0.9459645669291339
 20
1.2300196850393701
 30
0
 11
0.9056102362204724
 21
1.2300196850393701
 31
0
  0
LINE
  5
E35
330
1A
100
AcDbEntity
  8
BLACK
  6
CONTINUOUS
100
AcDbLine
 10
0.9056102362204724
 20
1.2300196850393701
 30
0
 11
0.902596968503937
 21
1.2306190551181102
 31
0
  0
LINE
  5
E36
330
1A
100
AcDbEntity
  8
BLACK
  6
CONTINUOUS
100
AcDbLine
 10
0.902596968503937
 20
1.2306190551181102
 30
0
 11
0.9000424803149606
 21
1.2323259448818897
 31
0
  0
LINE
  5
E37
330
1A
100
AcDbEntity
  8
BLACK
  6
CONTINUOUS
100
AcDbLine
 10
0.9000424803149606
 20
1.2323259448818897
 30
0
 11
0.8983355905511811
 21
1.234880433070866
 31
0
  0
LINE
  5
E38
330
1A
100
AcDbEntity
  8
BLACK
  6
CONTINUOUS
100
AcDbLine
 10
0.8983355905511811
 20
1.234880433070866
 30
0
 11
0.8977362204724409
 21
1.2378937007874016
 31
0
  0
LINE
  5
E39
330
1A
100
AcDbEntity
  8
BLACK
  6
CONTINUOUS
100
AcDbLine
 10
0.8977362204724409
 20
1.2378937007874016
 30
0
 11
0.8977362204724409
 21
1.2497047244094488
 31
0
  0
LINE
  5
E3A
330
1A
100
AcDbEntity
  8
BLACK
  6
CONTINUOUS
100
AcDbLine
 10
0.8977362204724409
 20
1.2497047244094488
 30
0
 11
0.8983355905511811
 21
1.2527179921259841
 31
0
  0
LINE
  5
E3B
330
1A
100
AcDbEntity
  8
BLACK
  6
CONTINUOUS
100
AcDbLine
 10
0.8983355905511811
 20
1.2527179921259841
 30
0
 11
0.9000424803149606
 21
1.2552724803149606
 31
0
  0
LINE
  5
E3C
330
1A
100
AcDbEntity
  8
BLACK
  6
CONTINUOUS
100
AcDbLine
 10
0.9000424803149606
 20
1.2552724803149606
 30
0
 11
0.902596968503937
 21
1.2569793700787402
 31
0
  0
LINE
  5
E3D
330
1A
100
AcDbEntity
  8
BLACK
  6
CONTINUOUS
100
AcDbLine
 10
0.902596968503937
 20
1.2569793700787402
 30
0
 11
0.9056102362204724
 21
1.2575787401574803
 31
0
  0
LINE
  5
E3E
330
1A
100
AcDbEntity
  8
BLACK
  6
CONTINUOUS
100
AcDbLine
 10
0.9056102362204724
 20
1.2575787401574803
 30
0
 11
0.9459645669291339
 21
1.2575787401574803
 31
0
  0
LINE
  5
E3F
330
1A
100
AcDbEntity
  8
BLACK
  6
CONTINUOUS
100
AcDbLine
 10
0.9459645669291339
 20
1.2575787401574803
 30
0
 11
0.9489778346456693
 21
1.2569793700787402
 31
0
  0
LINE
  5
E40
330
1A
100
AcDbEntity
  8
BLACK
  6
CONTINUOUS
100
AcDbLine
 10
0.9489778346456693
 20
1.2943809448818897
 30
0
 11
0.9515323228346456
 21
1.2926740551181102
 31
0
  0
LINE
  5
E41
330
1A
100
AcDbEntity
  8
BLACK
  6
CONTINUOUS
100
AcDbLine
 10
0.9515323228346456
 20
1.2926740551181102
 30
0
 11
0.9532392125984251
 21
1.2901195669291339
 31
0
  0
LINE
  5
E42
330
1A
100
AcDbEntity
  8
BLACK
  6
CONTINUOUS
100
AcDbLine
 10
0.9532392125984251
 20
1.2901195669291339
 30
0
 11
0.9538385826771654
 21
1.2871062992125983
 31
0
  0
LINE
  5
E43
330
1A
100
AcDbEntity
  8
BLACK
  6
CONTINUOUS
100
AcDbLine
 10
0.9538385826771654
 20
1.2871062992125983
 30
0
 11
0.9538385826771654
 21
1.2752952755905511
 31
0
  0
LINE
  5
E44
330
1A
100
AcDbEntity
  8
BLACK
  6
CONTINUOUS
100
AcDbLine
 10
0.9538385826771654
 20
1.2752952755905511
 30
0
 11
0.9532392125984251
 21
1.2722820078740158
 31
0
  0
LINE
  5
E45
330
1A
100
AcDbEntity
  8
BLACK
  6
CONTINUOUS
100
AcDbLine
 10
0.9532392125984251
 20
1.2722820078740158
 30
0
 11
0.9515323228346456
 21
1.2697275196850393
 31
0
  0
LINE
  5
E46
330
1A
100
AcDbEntity
  8
BLACK
  6
CONTINUOUS
100
AcDbLine
 10
0.9515323228346456
 20
1.2697275196850393
 30
0
 11
0.9489778346456693
 21
1.2680206299212597
 31
0
  0
LINE
  5
E47
330
1A
100
AcDbEntity
  8
BLACK
  6
CONTINUOUS
100
AcDbLine
 10
0.9489778346456693
 20
1.2680206299212597
 30
0
 11
0.9459645669291339
 21
1.2674212598425196
 31
0
  0
LINE
  5
E48
330
1A
100
AcDbEntity
  8
BLACK
  6
CONTINUOUS
100
AcDbLine
 10
0.9459645669291339
 20
1.2674212598425196
 30
0
 11
0.9056102362204724
 21
1.2674212598425196
 31
0
  0
LINE
  5
E49
330
1A
100
AcDbEntity
  8
BLACK
  6
CONTINUOUS
100
AcDbLine
 10
0.9056102362204724
 20
1.2674212598425196
 30
0
 11
0.902596968503937
 21
1.2680206299212597
 31
0
  0
LINE
  5
E4A
330
1A
100
AcDbEntity
  8
BLACK
  6
CONTINUOUS
100
AcDbLine
 10
0.902596968503937
 20
1.2680206299212597
 30
0
 11
0.9000424803149606
 21
1.2697275196850393
 31
0
  0
LINE
  5
E4B
330
1A
100
AcDbEntity
  8
BLACK
  6
CONTINUOUS
100
AcDbLine
 10
0.9000424803149606
 20
1.2697275196850393
 30
0
 11
0.8983355905511811
 21
1.2722820078740158
 31
0
  0
LINE
  5
E4C
330
1A
100
AcDbEntity
  8
BLACK
  6
CONTINUOUS
100
AcDbLine
 10
0.8983355905511811
 20
1.2722820078740158
 30
0
 11
0.8977362204724409
 21
1.2752952755905511
 31
0
  0
LINE
  5
E4D
330
1A
100
AcDbEntity
  8
BLACK
  6
CONTINUOUS
100
AcDbLine
 10
0.8977362204724409
 20
1.2752952755905511
 30
0
 11
0.8977362204724409
 21
1.2871062992125983
 31
0
  0
LINE
  5
E4E
330
1A
100
AcDbEntity
  8
BLACK
  6
CONTINUOUS
100
AcDbLine
 10
0.8977362204724409
 20
1.2871062992125983
 30
0
 11
0.8983355905511811
 21
1.2901195669291339
 31
0
  0
LINE
  5
E4F
330
1A
100
AcDbEntity
  8
BLACK
  6
CONTINUOUS
100
AcDbLine
 10
0.8983355905511811
 20
1.2901195669291339
 30
0
 11
0.9000424803149606
 21
1.2926740551181102
 31
0
  0
LINE
  5
E50
330
1A
100
AcDbEntity
  8
BLACK
  6
CONTINUOUS
100
AcDbLine
 10
0.9000424803149606
 20
1.2926740551181102
 30
0
 11
0.902596968503937
 21
1.2943809448818897
 31
0
  0
LINE
  5
E51
330
1A
100
AcDbEntity
  8
BLACK
  6
CONTINUOUS
100
AcDbLine
 10
0.902596968503937
 20
1.2943809448818897
 30
0
 11
0.9056102362204724
 21
1.2949803149606298
 31
0
  0
LINE
  5
E52
330
1A
100
AcDbEntity
  8
BLACK
  6
CONTINUOUS
100
AcDbLine
 10
0.9056102362204724
 20
1.2949803149606298
 30
0
 11
0.9459645669291339
 21
1.2949803149606298
 31
0
  0
LINE
  5
E53
330
1A
100
AcDbEntity
  8
BLACK
  6
CONTINUOUS
100
AcDbLine
 10
0.9459645669291339
 20
1.2949803149606298
 30
0
 11
0.9489778346456693
 21
1.2943809448818897
 31
0
  0
LINE
  5
E54
330
1A
100
AcDbEntity
  8
BLACK
  6
CONTINUOUS
100
AcDbLine
 10
1.0385447637795275
 20
1.2943809448818897
 30
0
 11
1.0410992519685038
 21
1.2926740551181102
 31
0
  0
LINE
  5
E55
330
1A
100
AcDbEntity
  8
BLACK
  6
CONTINUOUS
100
AcDbLine
 10
1.0410992519685038
 20
1.2926740551181102
 30
0
 11
1.0428061417322834
 21
1.2901195669291339
 31
0
  0
LINE
  5
E56
330
1A
100
AcDbEntity
  8
BLACK
  6
CONTINUOUS
100
AcDbLine
 10
1.0428061417322834
 20
1.2901195669291339
 30
0
 11
1.0434055118110237
 21
1.2871062992125983
 31
0
  0
LINE
  5
E57
330
1A
100
AcDbEntity
  8
BLACK
  6
CONTINUOUS
100
AcDbLine
 10
1.0434055118110237
 20
1.2871062992125983
 30
0
 11
1.0434055118110237
 21
1.2752952755905511
 31
0
  0
LINE
  5
E58
330
1A
100
AcDbEntity
  8
BLACK
  6
CONTINUOUS
100
AcDbLine
 10
1.0434055118110237
 20
1.2752952755905511
 30
0
 11
1.0428061417322834
 21
1.2722820078740158
 31
0
  0
LINE
  5
E59
330
1A
100
AcDbEntity
  8
BLACK
  6
CONTINUOUS
100
AcDbLine
 10
1.0428061417322834
 20
1.2722820078740158
 30
0
 11
1.0410992519685038
 21
1.2697275196850393
 31
0
  0
LINE
  5
E5A
330
1A
100
AcDbEntity
  8
BLACK
  6
CONTINUOUS
100
AcDbLine
 10
1.0410992519685038
 20
1.2697275196850393
 30
0
 11
1.0385447637795275
 21
1.2680206299212597
 31
0
  0
LINE
  5
E5B
330
1A
100
AcDbEntity
  8
BLACK
  6
CONTINUOUS
100
AcDbLine
 10
1.0385447637795275
 20
1.2680206299212597
 30
0
 11
1.035531496062992
 21
1.2674212598425196
 31
0
  0
LINE
  5
E5C
330
1A
100
AcDbEntity
  8
BLACK
  6
CONTINUOUS
100
AcDbLine
 10
1.035531496062992
 20
1.2674212598425196
 30
0
 11
0.9951771653543307
 21
1.2674212598425196
 31
0
  0
LINE
  5
E5D
330
1A
100
AcDbEntity
  8
BLACK
  6
CONTINUOUS
100
AcDbLine
 10
0.9951771653543307
 20
1.2674212598425196
 30
0
 11
0.9921638976377952
 21
1.2680206299212597
 31
0
  0
LINE
  5
E5E
330
1A
100
AcDbEntity
  8
BLACK
  6
CONTINUOUS
100
AcDbLine
 10
0.9921638976377952
 20
1.2680206299212597
 30
0
 11
0.9896094094488189
 21
1.2697275196850393
 31
0
  0
LINE
  5
E5F
330
1A
100
AcDbEntity
  8
BLACK
  6
CONTINUOUS
100
AcDbLine
 10
0.9896094094488189
 20
1.2697275196850393
 30
0
 11
0.9879025196850394
 21
1.2722820078740158
 31
0
  0
LINE
  5
E60
330
1A
100
AcDbEntity
  8
BLACK
  6
CONTINUOUS
100
AcDbLine
 10
0.9879025196850394
 20
1.2722820078740158
 30
0
 11
0.9873031496062992
 21
1.2752952755905511
 31
0
  0
LINE
  5
E61
330
1A
100
AcDbEntity
  8
BLACK
  6
CONTINUOUS
100
AcDbLine
 10
0.9873031496062992
 20
1.2752952755905511
 30
0
 11
0.9873031496062992
 21
1.2871062992125983
 31
0
  0
LINE
  5
E62
330
1A
100
AcDbEntity
  8
BLACK
  6
CONTINUOUS
100
AcDbLine
 10
0.9873031496062992
 20
1.2871062992125983
 30
0
 11
0.9879025196850394
 21
1.2901195669291339
 31
0
  0
LINE
  5
E63
330
1A
100
AcDbEntity
  8
BLACK
  6
CONTINUOUS
100
AcDbLine
 10
0.9879025196850394
 20
1.2901195669291339
 30
0
 11
0.9896094094488189
 21
1.2926740551181102
 31
0
  0
LINE
  5
E64
330
1A
100
AcDbEntity
  8
BLACK
  6
CONTINUOUS
100
AcDbLine
 10
0.9896094094488189
 20
1.2926740551181102
 30
0
 11
0.9921638976377952
 21
1.2943809448818897
 31
0
  0
LINE
  5
E65
330
1A
100
AcDbEntity
  8
BLACK
  6
CONTINUOUS
100
AcDbLine
 10
0.9921638976377952
 20
1.2943809448818897
 30
0
 11
0.9951771653543307
 21
1.2949803149606298
 31
0
  0
LINE
  5
E66
330
1A
100
AcDbEntity
  8
BLACK
  6
CONTINUOUS
100
AcDbLine
 10
0.9951771653543307
 20
1.2949803149606298
 30
0
 11
1.035531496062992
 21
1.2949803149606298
 31
0
  0
LINE
  5
E67
330
1A
100
AcDbEntity
  8
BLACK
  6
CONTINUOUS
100
AcDbLine
 10
1.035531496062992
 20
1.2949803149606298
 30
0
 11
1.0385447637795275
 21
1.2943809448818897
 31
0
  0
LINE
  5
E68
330
1A
100
AcDbEntity
  8
BLACK
  6
CONTINUOUS
100
AcDbLine
 10
2.0775283464566927
 20
1.3282062598425197
 30
0
 11
2.0814990551181101
 21
1.326453031496063
 31
0
  0
LINE
  5
E69
330
1A
100
AcDbEntity
  8
BLACK
  6
CONTINUOUS
100
AcDbLine
 10
2.0814990551181101
 20
1.326453031496063
 30
0
 11
2.0845682677165356
 21
1.3233838188976377
 31
0
  0
LINE
  5
E6A
330
1A
100
AcDbEntity
  8
BLACK
  6
CONTINUOUS
100
AcDbLine
 10
2.0845682677165356
 20
1.3233838188976377
 30
0
 11
2.0863214960629919
 21
1.3194131102362205
 31
0
  0
LINE
  5
E6B
330
1A
100
AcDbEntity
  8
BLACK
  6
CONTINUOUS
100
AcDbLine
 10
2.0863214960629919
 20
1.3194131102362205
 30
0
 11
2.0866352362204723
 21
1.3167089763779527
 31
0
  0
LINE
  5
E6C
330
1A
100
AcDbEntity
  8
BLACK
  6
CONTINUOUS
100
AcDbLine
 10
2.0866352362204723
 20
1.3167089763779527
 30
0
 11
2.0866352362204723
 21
1.2793074015748032
 31
0
  0
LINE
  5
E6D
330
1A
100
AcDbEntity
  8
BLACK
  6
CONTINUOUS
100
AcDbLine
 10
2.0866352362204723
 20
1.2793074015748032
 30
0
 11
2.0863214960629919
 21
1.2766032677165353
 31
0
  0
LINE
  5
E6E
330
1A
100
AcDbEntity
  8
BLACK
  6
CONTINUOUS
100
AcDbLine
 10
2.0863214960629919
 20
1.2766032677165353
 30
0
 11
2.0845682677165356
 21
1.2726325590551182
 31
0
  0
LINE
  5
E6F
330
1A
100
AcDbEntity
  8
BLACK
  6
CONTINUOUS
100
AcDbLine
 10
2.0845682677165356
 20
1.2726325590551182
 30
0
 11
2.0814990551181101
 21
1.2695633464566929
 31
0
  0
LINE
  5
E70
330
1A
100
AcDbEntity
  8
BLACK
  6
CONTINUOUS
100
AcDbLine
 10
2.0814990551181101
 20
1.2695633464566929
 30
0
 11
2.0775283464566927
 21
1.2678101181102361
 31
0
  0
LINE
  5
E71
330
1A
100
AcDbEntity
  8
BLACK
  6
CONTINUOUS
100
AcDbLine
 10
2.0775283464566927
 20
1.2678101181102361
 30
0
 11
2.0748242125984251
 21
1.2674963779527559
 31
0
  0
LINE
  5
E72
330
1A
100
AcDbEntity
  8
BLACK
  6
CONTINUOUS
100
AcDbLine
 10
2.0748242125984251
 20
1.2674963779527559
 30
0
 11
2.0551391732283464
 21
1.2674963779527559
 31
0
  0
LINE
  5
E73
330
1A
100
AcDbEntity
  8
BLACK
  6
CONTINUOUS
100
AcDbLine
 10
2.0551391732283464
 20
1.2674963779527559
 30
0
 11
2.0524350393700788
 21
1.2678101181102361
 31
0
  0
LINE
  5
E74
330
1A
100
AcDbEntity
  8
BLACK
  6
CONTINUOUS
100
AcDbLine
 10
2.0524350393700788
 20
1.2678101181102361
 30
0
 11
2.0484643307086614
 21
1.2695633464566929
 31
0
  0
LINE
  5
E75
330
1A
100
AcDbEntity
  8
BLACK
  6
CONTINUOUS
100
AcDbLine
 10
2.0484643307086614
 20
1.2695633464566929
 30
0
 11
2.0453951181102363
 21
1.2726325590551182
 31
0
  0
LINE
  5
E76
330
1A
100
AcDbEntity
  8
BLACK
  6
CONTINUOUS
100
AcDbLine
 10
2.0453951181102363
 20
1.2726325590551182
 30
0
 11
2.0436418897637796
 21
1.2766032677165353
 31
0
  0
LINE
  5
E77
330
1A
100
AcDbEntity
  8
BLACK
  6
CONTINUOUS
100
AcDbLine
 10
2.0436418897637796
 20
1.2766032677165353
 30
0
 11
2.0433281496062992
 21
1.2793074015748032
 31
0
  0
LINE
  5
E78
330
1A
100
AcDbEntity
  8
BLACK
  6
CONTINUOUS
100
AcDbLine
 10
2.0433281496062992
 20
1.2793074015748032
 30
0
 11
2.0433281496062992
 21
1.3167089763779527
 31
0
  0
LINE
  5
E79
330
1A
100
AcDbEntity
  8
BLACK
  6
CONTINUOUS
100
AcDbLine
 10
2.0433281496062992
 20
1.3167089763779527
 30
0
 11
2.0436418897637796
 21
1.3194131102362205
 31
0
  0
LINE
  5
E7A
330
1A
100
AcDbEntity
  8
BLACK
  6
CONTINUOUS
100
AcDbLine
 10
2.0436418897637796
 20
1.3194131102362205
 30
0
 11
2.0453951181102363
 21
1.3233838188976377
 31
0
  0
LINE
  5
E7B
330
1A
100
AcDbEntity
  8
BLACK
  6
CONTINUOUS
100
AcDbLine
 10
2.0453951181102363
 20
1.3233838188976377
 30
0
 11
2.0484643307086614
 21
1.326453031496063
 31
0
  0
LINE
  5
E7C
330
1A
100
AcDbEntity
  8
BLACK
  6
CONTINUOUS
100
AcDbLine
 10
2.0484643307086614
 20
1.326453031496063
 30
0
 11
2.0524350393700788
 21
1.3282062598425197
 31
0
  0
LINE
  5
E7D
330
1A
100
AcDbEntity
  8
BLACK
  6
CONTINUOUS
100
AcDbLine
 10
2.0524350393700788
 20
1.3282062598425197
 30
0
 11
2.0551391732283464
 21
1.3285199999999999
 31
0
  0
LINE
  5
E7E
330
1A
100
AcDbEntity
  8
BLACK
  6
CONTINUOUS
100
AcDbLine
 10
2.0551391732283464
 20
1.3285199999999999
 30
0
 11
2.0748242125984251
 21
1.3285199999999999
 31
0
  0
LINE
  5
E7F
330
1A
100
AcDbEntity
  8
BLACK
  6
CONTINUOUS
100
AcDbLine
 10
2.0748242125984251
 20
1.3285199999999999
 30
0
 11
2.0775283464566927
 21
1.3282062598425197
 31
0
  0
LINE
  5
E80
330
1A
100
AcDbEntity
  8
BLACK
  6
CONTINUOUS
100
AcDbLine
 10
2.1523314960629922
 20
1.3282062598425197
 30
0
 11
2.1563022047244096
 21
1.326453031496063
 31
0
  0
LINE
  5
E81
330
1A
100
AcDbEntity
  8
BLACK
  6
CONTINUOUS
100
AcDbLine
 10
2.1563022047244096
 20
1.326453031496063
 30
0
 11
2.1593714173228347
 21
1.3233838188976377
 31
0
  0
LINE
  5
E82
330
1A
100
AcDbEntity
  8
BLACK
  6
CONTINUOUS
100
AcDbLine
 10
2.1593714173228347
 20
1.3233838188976377
 30
0
 11
2.1611246456692914
 21
1.3194131102362205
 31
0
  0
LINE
  5
E83
330
1A
100
AcDbEntity
  8
BLACK
  6
CONTINUOUS
100
AcDbLine
 10
2.1611246456692914
 20
1.3194131102362205
 30
0
 11
2.1614383858267714
 21
1.3167089763779527
 31
0
  0
LINE
  5
E84
330
1A
100
AcDbEntity
  8
BLACK
  6
CONTINUOUS
100
AcDbLine
 10
2.1614383858267714
 20
1.3167089763779527
 30
0
 11
2.1614383858267714
 21
1.2793074015748032
 31
0
  0
LINE
  5
E85
330
1A
100
AcDbEntity
  8
BLACK
  6
CONTINUOUS
100
AcDbLine
 10
2.1614383858267714
 20
1.2793074015748032
 30
0
 11
2.1611246456692914
 21
1.2766032677165353
 31
0
  0
LINE
  5
E86
330
1A
100
AcDbEntity
  8
BLACK
  6
CONTINUOUS
100
AcDbLine
 10
2.1611246456692914
 20
1.2766032677165353
 30
0
 11
2.1593714173228347
 21
1.2726325590551182
 31
0
  0
LINE
  5
E87
330
1A
100
AcDbEntity
  8
BLACK
  6
CONTINUOUS
100
AcDbLine
 10
2.1593714173228347
 20
1.2726325590551182
 30
0
 11
2.1563022047244096
 21
1.2695633464566929
 31
0
  0
LINE
  5
E88
330
1A
100
AcDbEntity
  8
BLACK
  6
CONTINUOUS
100
AcDbLine
 10
2.1563022047244096
 20
1.2695633464566929
 30
0
 11
2.1523314960629922
 21
1.2678101181102361
 31
0
  0
LINE
  5
E89
330
1A
100
AcDbEntity
  8
BLACK
  6
CONTINUOUS
100
AcDbLine
 10
2.1523314960629922
 20
1.2678101181102361
 30
0
 11
2.1496273622047242
 21
1.2674963779527559
 31
0
  0
LINE
  5
E8A
330
1A
100
AcDbEntity
  8
BLACK
  6
CONTINUOUS
100
AcDbLine
 10
2.1496273622047242
 20
1.2674963779527559
 30
0
 11
2.1299423228346455
 21
1.2674963779527559
 31
0
  0
LINE
  5
E8B
330
1A
100
AcDbEntity
  8
BLACK
  6
CONTINUOUS
100
AcDbLine
 10
2.1299423228346455
 20
1.2674963779527559
 30
0
 11
2.1272381889763778
 21
1.2678101181102361
 31
0
  0
LINE
  5
E8C
330
1A
100
AcDbEntity
  8
BLACK
  6
CONTINUOUS
100
AcDbLine
 10
2.1272381889763778
 20
1.2678101181102361
 30
0
 11
2.1232674803149605
 21
1.2695633464566929
 31
0
  0
LINE
  5
E8D
330
1A
100
AcDbEntity
  8
BLACK
  6
CONTINUOUS
100
AcDbLine
 10
2.1232674803149605
 20
1.2695633464566929
 30
0
 11
2.1201982677165354
 21
1.2726325590551182
 31
0
  0
LINE
  5
E8E
330
1A
100
AcDbEntity
  8
BLACK
  6
CONTINUOUS
100
AcDbLine
 10
2.1201982677165354
 20
1.2726325590551182
 30
0
 11
2.1184450393700787
 21
1.2766032677165353
 31
0
  0
LINE
  5
E8F
330
1A
100
AcDbEntity
  8
BLACK
  6
CONTINUOUS
100
AcDbLine
 10
2.1184450393700787
 20
1.2766032677165353
 30
0
 11
2.1181312992125982
 21
1.2793074015748032
 31
0
  0
LINE
  5
E90
330
1A
100
AcDbEntity
  8
BLACK
  6
CONTINUOUS
100
AcDbLine
 10
2.1181312992125982
 20
1.2793074015748032
 30
0
 11
2.1181312992125982
 21
1.3167089763779527
 31
0
  0
LINE
  5
E91
330
1A
100
AcDbEntity
  8
BLACK
  6
CONTINUOUS
100
AcDbLine
 10
2.1181312992125982
 20
1.3167089763779527
 30
0
 11
2.1184450393700787
 21
1.3194131102362205
 31
0
  0
LINE
  5
E92
330
1A
100
AcDbEntity
  8
BLACK
  6
CONTINUOUS
100
AcDbLine
 10
2.1184450393700787
 20
1.3194131102362205
 30
0
 11
2.1201982677165354
 21
1.3233838188976377
 31
0
  0
LINE
  5
E93
330
1A
100
AcDbEntity
  8
BLACK
  6
CONTINUOUS
100
AcDbLine
 10
2.1201982677165354
 20
1.3233838188976377
 30
0
 11
2.1232674803149605
 21
1.326453031496063
 31
0
  0
LINE
  5
E94
330
1A
100
AcDbEntity
  8
BLACK
  6
CONTINUOUS
100
AcDbLine
 10
2.1232674803149605
 20
1.326453031496063
 30
0
 11
2.1272381889763778
 21
1.3282062598425197
 31
0
  0
LINE
  5
E95
330
1A
100
AcDbEntity
  8
BLACK
  6
CONTINUOUS
100
AcDbLine
 10
2.1272381889763778
 20
1.3282062598425197
 30
0
 11
2.1299423228346455
 21
1.3285199999999999
 31
0
  0
LINE
  5
E96
330
1A
100
AcDbEntity
  8
BLACK
  6
CONTINUOUS
100
AcDbLine
 10
2.1299423228346455
 20
1.3285199999999999
 30
0
 11
2.1496273622047242
 21
1.3285199999999999
 31
0
  0
LINE
  5
E97
330
1A
100
AcDbEntity
  8
BLACK
  6
CONTINUOUS
100
AcDbLine
 10
2.1496273622047242
 20
1.3285199999999999
 30
0
 11
2.1523314960629922
 21
1.3282062598425197
 31
0
  0
LINE
  5
E98
330
1A
100
AcDbEntity
  8
BLACK
  6
CONTINUOUS
100
AcDbLine
 10
0.8668773622047244
 20
1.3144008267716536
 30
0
 11
0.8708480708661417
 21
1.3126475984251968
 31
0
  0
LINE
  5
E99
330
1A
100
AcDbEntity
  8
BLACK
  6
CONTINUOUS
100
AcDbLine
 10
0.8708480708661417
 20
1.3126475984251968
 30
0
 11
0.8739172834645669
 21
1.3095783858267716
 31
0
  0
LINE
  5
E9A
330
1A
100
AcDbEntity
  8
BLACK
  6
CONTINUOUS
100
AcDbLine
 10
0.8739172834645669
 20
1.3095783858267716
 30
0
 11
0.8756705118110236
 21
1.3056076771653542
 31
0
  0
LINE
  5
E9B
330
1A
100
AcDbEntity
  8
BLACK
  6
CONTINUOUS
100
AcDbLine
 10
0.8756705118110236
 20
1.3056076771653542
 30
0
 11
0.8759842519685039
 21
1.3029035433070866
 31
0
  0
LINE
  5
E9C
330
1A
100
AcDbEntity
  8
BLACK
  6
CONTINUOUS
100
AcDbLine
 10
0.8759842519685039
 20
1.3029035433070866
 30
0
 11
0.8759842519685039
 21
1.2822342519685039
 31
0
  0
LINE
  5
E9D
330
1A
100
AcDbEntity
  8
BLACK
  6
CONTINUOUS
100
AcDbLine
 10
0.8759842519685039
 20
1.2822342519685039
 30
0
 11
0.8756705118110236
 21
1.2795301181102361
 31
0
  0
LINE
  5
E9E
330
1A
100
AcDbEntity
  8
BLACK
  6
CONTINUOUS
100
AcDbLine
 10
0.8756705118110236
 20
1.2795301181102361
 30
0
 11
0.8739172834645669
 21
1.275559409448819
 31
0
  0
LINE
  5
E9F
330
1A
100
AcDbEntity
  8
BLACK
  6
CONTINUOUS
100
AcDbLine
 10
0.8739172834645669
 20
1.275559409448819
 30
0
 11
0.8708480708661417
 21
1.2724901968503937
 31
0
  0
LINE
  5
EA0
330
1A
100
AcDbEntity
  8
BLACK
  6
CONTINUOUS
100
AcDbLine
 10
0.8708480708661417
 20
1.2724901968503937
 30
0
 11
0.8668773622047244
 21
1.2707369685039369
 31
0
  0
LINE
  5
EA1
330
1A
100
AcDbEntity
  8
BLACK
  6
CONTINUOUS
100
AcDbLine
 10
0.8668773622047244
 20
1.2707369685039369
 30
0
 11
0.8641732283464567
 21
1.2704232283464567
 31
0
  0
LINE
  5
EA2
330
1A
100
AcDbEntity
  8
BLACK
  6
CONTINUOUS
100
AcDbLine
 10
0.8641732283464567
 20
1.2704232283464567
 30
0
 11
0.8287401574803149
 21
1.2704232283464567
 31
0
  0
LINE
  5
EA3
330
1A
100
AcDbEntity
  8
BLACK
  6
CONTINUOUS
100
AcDbLine
 10
0.8287401574803149
 20
1.2704232283464567
 30
0
 11
0.8260360236220472
 21
1.2707369685039369
 31
0
  0
LINE
  5
EA4
330
1A
100
AcDbEntity
  8
BLACK
  6
CONTINUOUS
100
AcDbLine
 10
0.8260360236220472
 20
1.2707369685039369
 30
0
 11
0.82206531496063
 21
1.2724901968503937
 31
0
  0
LINE
  5
EA5
330
1A
100
AcDbEntity
  8
BLACK
  6
CONTINUOUS
100
AcDbLine
 10
0.82206531496063
 20
1.2724901968503937
 30
0
 11
0.8189961023622047
 21
1.275559409448819
 31
0
  0
LINE
  5
EA6
330
1A
100
AcDbEntity
  8
BLACK
  6
CONTINUOUS
100
AcDbLine
 10
0.8189961023622047
 20
1.275559409448819
 30
0
 11
0.817242874015748
 21
1.2795301181102361
 31
0
  0
LINE
  5
EA7
330
1A
100
AcDbEntity
  8
BLACK
  6
CONTINUOUS
100
AcDbLine
 10
0.817242874015748
 20
1.2795301181102361
 30
0
 11
0.8169291338582677
 21
1.2822342519685039
 31
0
  0
LINE
  5
EA8
330
1A
100
AcDbEntity
  8
BLACK
  6
CONTINUOUS
100
AcDbLine
 10
0.8169291338582677
 20
1.2822342519685039
 30
0
 11
0.8169291338582677
 21
1.3029035433070866
 31
0
  0
LINE
  5
EA9
330
1A
100
AcDbEntity
  8
BLACK
  6
CONTINUOUS
100
AcDbLine
 10
0.8169291338582677
 20
1.3029035433070866
 30
0
 11
0.817242874015748
 21
1.3056076771653542
 31
0
  0
LINE
  5
EAA
330
1A
100
AcDbEntity
  8
BLACK
  6
CONTINUOUS
100
AcDbLine
 10
0.817242874015748
 20
1.3056076771653542
 30
0
 11
0.8189961023622047
 21
1.3095783858267716
 31
0
  0
LINE
  5
EAB
330
1A
100
AcDbEntity
  8
BLACK
  6
CONTINUOUS
100
AcDbLine
 10
0.8189961023622047
 20
1.3095783858267716
 30
0
 11
0.82206531496063
 21
1.3126475984251968
 31
0
  0
LINE
  5
EAC
330
1A
100
AcDbEntity
  8
BLACK
  6
CONTINUOUS
100
AcDbLine
 10
0.82206531496063
 20
1.3126475984251968
 30
0
 11
0.8260360236220472
 21
1.3144008267716536
 31
0
  0
LINE
  5
EAD
330
1A
100
AcDbEntity
  8
BLACK
  6
CONTINUOUS
100
AcDbLine
 10
0.8260360236220472
 20
1.3144008267716536
 30
0
 11
0.8287401574803149
 21
1.3147145669291338
 31
0
  0
LINE
  5
EAE
330
1A
100
AcDbEntity
  8
BLACK
  6
CONTINUOUS
100
AcDbLine
 10
0.8287401574803149
 20
1.3147145669291338
 30
0
 11
0.8641732283464567
 21
1.3147145669291338
 31
0
  0
LINE
  5
EAF
330
1A
100
AcDbEntity
  8
BLACK
  6
CONTINUOUS
100
AcDbLine
 10
0.8641732283464567
 20
1.3147145669291338
 30
0
 11
0.8668773622047244
 21
1.3144008267716536
 31
0
  0
LINE
  5
EB0
330
1A
100
AcDbEntity
  8
BLACK
  6
CONTINUOUS
100
AcDbLine
 10
1.306162874015748
 20
1.3269104724409448
 30
0
 11
1.3087173622047243
 21
1.3252035826771653
 31
0
  0
LINE
  5
EB1
330
1A
100
AcDbEntity
  8
BLACK
  6
CONTINUOUS
100
AcDbLine
 10
1.3087173622047243
 20
1.3252035826771653
 30
0
 11
1.3104242519685039
 21
1.322649094488189
 31
0
  0
LINE
  5
EB2
330
1A
100
AcDbEntity
  8
BLACK
  6
CONTINUOUS
100
AcDbLine
 10
1.3104242519685039
 20
1.322649094488189
 30
0
 11
1.311023622047244
 21
1.3196358267716535
 31
0
  0
LINE
  5
EB3
330
1A
100
AcDbEntity
  8
BLACK
  6
CONTINUOUS
100
AcDbLine
 10
1.311023622047244
 20
1.3196358267716535
 30
0
 11
1.311023622047244
 21
1.2792814960629921
 31
0
  0
LINE
  5
EB4
330
1A
100
AcDbEntity
  8
BLACK
  6
CONTINUOUS
100
AcDbLine
 10
1.311023622047244
 20
1.2792814960629921
 30
0
 11
1.3104242519685039
 21
1.2762682283464566
 31
0
  0
LINE
  5
EB5
330
1A
100
AcDbEntity
  8
BLACK
  6
CONTINUOUS
100
AcDbLine
 10
1.3104242519685039
 20
1.2762682283464566
 30
0
 11
1.3087173622047243
 21
1.2737137401574803
 31
0
  0
LINE
  5
EB6
330
1A
100
AcDbEntity
  8
BLACK
  6
CONTINUOUS
100
AcDbLine
 10
1.3087173622047243
 20
1.2737137401574803
 30
0
 11
1.306162874015748
 21
1.2720068503937008
 31
0
  0
LINE
  5
EB7
330
1A
100
AcDbEntity
  8
BLACK
  6
CONTINUOUS
100
AcDbLine
 10
1.306162874015748
 20
1.2720068503937008
 30
0
 11
1.3031496062992125
 21
1.2714074803149606
 31
0
  0
LINE
  5
EB8
330
1A
100
AcDbEntity
  8
BLACK
  6
CONTINUOUS
100
AcDbLine
 10
1.3031496062992125
 20
1.2714074803149606
 30
0
 11
1.2913385826771653
 21
1.2714074803149606
 31
0
  0
LINE
  5
EB9
330
1A
100
AcDbEntity
  8
BLACK
  6
CONTINUOUS
100
AcDbLine
 10
1.2913385826771653
 20
1.2714074803149606
 30
0
 11
1.28832531496063
 21
1.2720068503937008
 31
0
  0
LINE
  5
EBA
330
1A
100
AcDbEntity
  8
BLACK
  6
CONTINUOUS
100
AcDbLine
 10
1.28832531496063
 20
1.2720068503937008
 30
0
 11
1.2857708267716534
 21
1.2737137401574803
 31
0
  0
LINE
  5
EBB
330
1A
100
AcDbEntity
  8
BLACK
  6
CONTINUOUS
100
AcDbLine
 10
1.2857708267716534
 20
1.2737137401574803
 30
0
 11
1.2840639370078739
 21
1.2762682283464566
 31
0
  0
LINE
  5
EBC
330
1A
100
AcDbEntity
  8
BLACK
  6
CONTINUOUS
100
AcDbLine
 10
1.2840639370078739
 20
1.2762682283464566
 30
0
 11
1.2834645669291338
 21
1.2792814960629921
 31
0
  0
LINE
  5
EBD
330
1A
100
AcDbEntity
  8
BLACK
  6
CONTINUOUS
100
AcDbLine
 10
1.2834645669291338
 20
1.2792814960629921
 30
0
 11
1.2834645669291338
 21
1.3196358267716535
 31
0
  0
LINE
  5
EBE
330
1A
100
AcDbEntity
  8
BLACK
  6
CONTINUOUS
100
AcDbLine
 10
1.2834645669291338
 20
1.3196358267716535
 30
0
 11
1.2840639370078739
 21
1.322649094488189
 31
0
  0
LINE
  5
EBF
330
1A
100
AcDbEntity
  8
BLACK
  6
CONTINUOUS
100
AcDbLine
 10
1.2840639370078739
 20
1.322649094488189
 30
0
 11
1.2857708267716534
 21
1.3252035826771653
 31
0
  0
LINE
  5
EC0
330
1A
100
AcDbEntity
  8
BLACK
  6
CONTINUOUS
100
AcDbLine
 10
1.2857708267716534
 20
1.3252035826771653
 30
0
 11
1.28832531496063
 21
1.3269104724409448
 31
0
  0
LINE
  5
EC1
330
1A
100
AcDbEntity
  8
BLACK
  6
CONTINUOUS
100
AcDbLine
 10
1.28832531496063
 20
1.3269104724409448
 30
0
 11
1.2913385826771653
 21
1.327509842519685
 31
0
  0
LINE
  5
EC2
330
1A
100
AcDbEntity
  8
BLACK
  6
CONTINUOUS
100
AcDbLine
 10
1.2913385826771653
 20
1.327509842519685
 30
0
 11
1.3031496062992125
 21
1.327509842519685
 31
0
  0
LINE
  5
EC3
330
1A
100
AcDbEntity
  8
BLACK
  6
CONTINUOUS
100
AcDbLine
 10
1.3031496062992125
 20
1.327509842519685
 30
0
 11
1.306162874015748
 21
1.3269104724409448
 31
0
  0
LINE
  5
EC4
330
1A
100
AcDbEntity
  8
BLACK
  6
CONTINUOUS
100
AcDbLine
 10
1.3809660236220471
 20
1.3269104724409448
 30
0
 11
1.3835205118110236
 21
1.3252035826771653
 31
0
  0
LINE
  5
EC5
330
1A
100
AcDbEntity
  8
BLACK
  6
CONTINUOUS
100
AcDbLine
 10
1.3835205118110236
 20
1.3252035826771653
 30
0
 11
1.3852274015748032
 21
1.322649094488189
 31
0
  0
LINE
  5
EC6
330
1A
100
AcDbEntity
  8
BLACK
  6
CONTINUOUS
100
AcDbLine
 10
1.3852274015748032
 20
1.322649094488189
 30
0
 11
1.3858267716535433
 21
1.3196358267716535
 31
0
  0
LINE
  5
EC7
330
1A
100
AcDbEntity
  8
BLACK
  6
CONTINUOUS
100
AcDbLine
 10
1.3858267716535433
 20
1.3196358267716535
 30
0
 11
1.3858267716535433
 21
1.2792814960629921
 31
0
  0
LINE
  5
EC8
330
1A
100
AcDbEntity
  8
BLACK
  6
CONTINUOUS
100
AcDbLine
 10
1.3858267716535433
 20
1.2792814960629921
 30
0
 11
1.3852274015748032
 21
1.2762682283464566
 31
0
  0
LINE
  5
EC9
330
1A
100
AcDbEntity
  8
BLACK
  6
CONTINUOUS
100
AcDbLine
 10
1.3852274015748032
 20
1.2762682283464566
 30
0
 11
1.3835205118110236
 21
1.2737137401574803
 31
0
  0
LINE
  5
ECA
330
1A
100
AcDbEntity
  8
BLACK
  6
CONTINUOUS
100
AcDbLine
 10
1.3835205118110236
 20
1.2737137401574803
 30
0
 11
1.3809660236220471
 21
1.2720068503937008
 31
0
  0
LINE
  5
ECB
330
1A
100
AcDbEntity
  8
BLACK
  6
CONTINUOUS
100
AcDbLine
 10
1.3809660236220471
 20
1.2720068503937008
 30
0
 11
1.3779527559055118
 21
1.2714074803149606
 31
0
  0
LINE
  5
ECC
330
1A
100
AcDbEntity
  8
BLACK
  6
CONTINUOUS
100
AcDbLine
 10
1.3779527559055118
 20
1.2714074803149606
 30
0
 11
1.3661417322834646
 21
1.2714074803149606
 31
0
  0
LINE
  5
ECD
330
1A
100
AcDbEntity
  8
BLACK
  6
CONTINUOUS
100
AcDbLine
 10
1.3661417322834646
 20
1.2714074803149606
 30
0
 11
1.363128464566929
 21
1.2720068503937008
 31
0
  0
LINE
  5
ECE
330
1A
100
AcDbEntity
  8
BLACK
  6
CONTINUOUS
100
AcDbLine
 10
1.363128464566929
 20
1.2720068503937008
 30
0
 11
1.3605739763779527
 21
1.2737137401574803
 31
0
  0
LINE
  5
ECF
330
1A
100
AcDbEntity
  8
BLACK
  6
CONTINUOUS
100
AcDbLine
 10
1.3605739763779527
 20
1.2737137401574803
 30
0
 11
1.3588670866141732
 21
1.2762682283464566
 31
0
  0
LINE
  5
ED0
330
1A
100
AcDbEntity
  8
BLACK
  6
CONTINUOUS
100
AcDbLine
 10
1.3588670866141732
 20
1.2762682283464566
 30
0
 11
1.3582677165354331
 21
1.2792814960629921
 31
0
  0
LINE
  5
ED1
330
1A
100
AcDbEntity
  8
BLACK
  6
CONTINUOUS
100
AcDbLine
 10
1.3582677165354331
 20
1.2792814960629921
 30
0
 11
1.3582677165354331
 21
1.3196358267716535
 31
0
  0
LINE
  5
ED2
330
1A
100
AcDbEntity
  8
BLACK
  6
CONTINUOUS
100
AcDbLine
 10
1.3582677165354331
 20
1.3196358267716535
 30
0
 11
1.3588670866141732
 21
1.322649094488189
 31
0
  0
LINE
  5
ED3
330
1A
100
AcDbEntity
  8
BLACK
  6
CONTINUOUS
100
AcDbLine
 10
1.3588670866141732
 20
1.322649094488189
 30
0
 11
1.3605739763779527
 21
1.3252035826771653
 31
0
  0
LINE
  5
ED4
330
1A
100
AcDbEntity
  8
BLACK
  6
CONTINUOUS
100
AcDbLine
 10
1.3605739763779527
 20
1.3252035826771653
 30
0
 11
1.363128464566929
 21
1.3269104724409448
 31
0
  0
LINE
  5
ED5
330
1A
100
AcDbEntity
  8
BLACK
  6
CONTINUOUS
100
AcDbLine
 10
1.363128464566929
 20
1.3269104724409448
 30
0
 11
1.3661417322834646
 21
1.327509842519685
 31
0
  0
LINE
  5
ED6
330
1A
100
AcDbEntity
  8
BLACK
  6
CONTINUOUS
100
AcDbLine
 10
1.3661417322834646
 20
1.327509842519685
 30
0
 11
1.3779527559055118
 21
1.327509842519685
 31
0
  0
LINE
  5
ED7
330
1A
100
AcDbEntity
  8
BLACK
  6
CONTINUOUS
100
AcDbLine
 10
1.3779527559055118
 20
1.327509842519685
 30
0
 11
1.3809660236220471
 21
1.3269104724409448
 31
0
  0
LINE
  5
ED8
330
1A
100
AcDbEntity
  8
BLACK
  6
CONTINUOUS
100
AcDbLine
 10
1.546011220472441
 20
1.3508181496062992
 30
0
 11
1.5499819291338581
 21
1.3490649212598425
 31
0
  0
LINE
  5
ED9
330
1A
100
AcDbEntity
  8
BLACK
  6
CONTINUOUS
100
AcDbLine
 10
1.5499819291338581
 20
1.3490649212598425
 30
0
 11
1.5530511417322834
 21
1.3459957086614174
 31
0
  0
LINE
  5
EDA
330
1A
100
AcDbEntity
  8
BLACK
  6
CONTINUOUS
100
AcDbLine
 10
1.5530511417322834
 20
1.3459957086614174
 30
0
 11
1.5548043700787402
 21
1.342025
 31
0
  0
LINE
  5
EDB
330
1A
100
AcDbEntity
  8
BLACK
  6
CONTINUOUS
100
AcDbLine
 10
1.5548043700787402
 20
1.342025
 30
0
 11
1.5551181102362204
 21
1.3393208661417322
 31
0
  0
LINE
  5
EDC
330
1A
100
AcDbEntity
  8
BLACK
  6
CONTINUOUS
100
AcDbLine
 10
1.5551181102362204
 20
1.3393208661417322
 30
0
 11
1.5551181102362204
 21
1.3019192913385826
 31
0
  0
LINE
  5
EDD
330
1A
100
AcDbEntity
  8
BLACK
  6
CONTINUOUS
100
AcDbLine
 10
1.5551181102362204
 20
1.3019192913385826
 30
0
 11
1.5548043700787402
 21
1.299215157480315
 31
0
  0
LINE
  5
EDE
330
1A
100
AcDbEntity
  8
BLACK
  6
CONTINUOUS
100
AcDbLine
 10
1.5548043700787402
 20
1.299215157480315
 30
0
 11
1.5530511417322834
 21
1.2952444488188977
 31
0
  0
LINE
  5
EDF
330
1A
100
AcDbEntity
  8
BLACK
  6
CONTINUOUS
100
AcDbLine
 10
1.5530511417322834
 20
1.2952444488188977
 30
0
 11
1.5499819291338581
 21
1.2921752362204724
 31
0
  0
LINE
  5
EE0
330
1A
100
AcDbEntity
  8
BLACK
  6
CONTINUOUS
100
AcDbLine
 10
1.5499819291338581
 20
1.2921752362204724
 30
0
 11
1.546011220472441
 21
1.2904220078740156
 31
0
  0
LINE
  5
EE1
330
1A
100
AcDbEntity
  8
BLACK
  6
CONTINUOUS
100
AcDbLine
 10
1.546011220472441
 20
1.2904220078740156
 30
0
 11
1.5433070866141732
 21
1.2901082677165354
 31
0
  0
LINE
  5
EE2
330
1A
100
AcDbEntity
  8
BLACK
  6
CONTINUOUS
100
AcDbLine
 10
1.5433070866141732
 20
1.2901082677165354
 30
0
 11
1.5236220472440944
 21
1.2901082677165354
 31
0
  0
LINE
  5
EE3
330
1A
100
AcDbEntity
  8
BLACK
  6
CONTINUOUS
100
AcDbLine
 10
1.5236220472440944
 20
1.2901082677165354
 30
0
 11
1.5209179133858268
 21
1.2904220078740156
 31
0
  0
LINE
  5
EE4
330
1A
100
AcDbEntity
  8
BLACK
  6
CONTINUOUS
100
AcDbLine
 10
1.5209179133858268
 20
1.2904220078740156
 30
0
 11
1.5169472047244095
 21
1.2921752362204724
 31
0
  0
LINE
  5
EE5
330
1A
100
AcDbEntity
  8
BLACK
  6
CONTINUOUS
100
AcDbLine
 10
1.5169472047244095
 20
1.2921752362204724
 30
0
 11
1.5138779921259842
 21
1.2952444488188977
 31
0
  0
LINE
  5
EE6
330
1A
100
AcDbEntity
  8
BLACK
  6
CONTINUOUS
100
AcDbLine
 10
1.5138779921259842
 20
1.2952444488188977
 30
0
 11
1.5121247637795274
 21
1.299215157480315
 31
0
  0
LINE
  5
EE7
330
1A
100
AcDbEntity
  8
BLACK
  6
CONTINUOUS
100
AcDbLine
 10
1.5121247637795274
 20
1.299215157480315
 30
0
 11
1.5118110236220472
 21
1.3019192913385826
 31
0
  0
LINE
  5
EE8
330
1A
100
AcDbEntity
  8
BLACK
  6
CONTINUOUS
100
AcDbLine
 10
1.5118110236220472
 20
1.3019192913385826
 30
0
 11
1.5118110236220472
 21
1.3393208661417322
 31
0
  0
LINE
  5
EE9
330
1A
100
AcDbEntity
  8
BLACK
  6
CONTINUOUS
100
AcDbLine
 10
1.5118110236220472
 20
1.3393208661417322
 30
0
 11
1.5121247637795274
 21
1.342025
 31
0
  0
LINE
  5
EEA
330
1A
100
AcDbEntity
  8
BLACK
  6
CONTINUOUS
100
AcDbLine
 10
1.5121247637795274
 20
1.342025
 30
0
 11
1.5138779921259842
 21
1.3459957086614174
 31
0
  0
LINE
  5
EEB
330
1A
100
AcDbEntity
  8
BLACK
  6
CONTINUOUS
100
AcDbLine
 10
1.5138779921259842
 20
1.3459957086614174
 30
0
 11
1.5169472047244095
 21
1.3490649212598425
 31
0
  0
LINE
  5
EEC
330
1A
100
AcDbEntity
  8
BLACK
  6
CONTINUOUS
100
AcDbLine
 10
1.5169472047244095
 20
1.3490649212598425
 30
0
 11
1.5209179133858268
 21
1.3508181496062992
 31
0
  0
LINE
  5
EED
330
1A
100
AcDbEntity
  8
BLACK
  6
CONTINUOUS
100
AcDbLine
 10
1.5209179133858268
 20
1.3508181496062992
 30
0
 11
1.5236220472440944
 21
1.3511318897637794
 31
0
  0
LINE
  5
EEE
330
1A
100
AcDbEntity
  8
BLACK
  6
CONTINUOUS
100
AcDbLine
 10
1.5236220472440944
 20
1.3511318897637794
 30
0
 11
1.5433070866141732
 21
1.3511318897637794
 31
0
  0
LINE
  5
EEF
330
1A
100
AcDbEntity
  8
BLACK
  6
CONTINUOUS
100
AcDbLine
 10
1.5433070866141732
 20
1.3511318897637794
 30
0
 11
1.546011220472441
 21
1.3508181496062992
 31
0
  0
LINE
  5
EF0
330
1A
100
AcDbEntity
  8
BLACK
  6
CONTINUOUS
100
AcDbLine
 10
1.6208143700787401
 20
1.3508181496062992
 30
0
 11
1.6247850787401574
 21
1.3490649212598425
 31
0
  0
LINE
  5
EF1
330
1A
100
AcDbEntity
  8
BLACK
  6
CONTINUOUS
100
AcDbLine
 10
1.6247850787401574
 20
1.3490649212598425
 30
0
 11
1.6278542913385827
 21
1.3459957086614174
 31
0
  0
LINE
  5
EF2
330
1A
100
AcDbEntity
  8
BLACK
  6
CONTINUOUS
100
AcDbLine
 10
1.6278542913385827
 20
1.3459957086614174
 30
0
 11
1.6296075196850393
 21
1.342025
 31
0
  0
LINE
  5
EF3
330
1A
100
AcDbEntity
  8
BLACK
  6
CONTINUOUS
100
AcDbLine
 10
1.6296075196850393
 20
1.342025
 30
0
 11
1.6299212598425197
 21
1.3393208661417322
 31
0
  0
LINE
  5
EF4
330
1A
100
AcDbEntity
  8
BLACK
  6
CONTINUOUS
100
AcDbLine
 10
1.6299212598425197
 20
1.3393208661417322
 30
0
 11
1.6299212598425197
 21
1.3019192913385826
 31
0
  0
LINE
  5
EF5
330
1A
100
AcDbEntity
  8
BLACK
  6
CONTINUOUS
100
AcDbLine
 10
1.6299212598425197
 20
1.3019192913385826
 30
0
 11
1.6296075196850393
 21
1.299215157480315
 31
0
  0
LINE
  5
EF6
330
1A
100
AcDbEntity
  8
BLACK
  6
CONTINUOUS
100
AcDbLine
 10
1.6296075196850393
 20
1.299215157480315
 30
0
 11
1.6278542913385827
 21
1.2952444488188977
 31
0
  0
LINE
  5
EF7
330
1A
100
AcDbEntity
  8
BLACK
  6
CONTINUOUS
100
AcDbLine
 10
1.6278542913385827
 20
1.2952444488188977
 30
0
 11
1.6247850787401574
 21
1.2921752362204724
 31
0
  0
LINE
  5
EF8
330
1A
100
AcDbEntity
  8
BLACK
  6
CONTINUOUS
100
AcDbLine
 10
1.6247850787401574
 20
1.2921752362204724
 30
0
 11
1.6208143700787401
 21
1.2904220078740156
 31
0
  0
LINE
  5
EF9
330
1A
100
AcDbEntity
  8
BLACK
  6
CONTINUOUS
100
AcDbLine
 10
1.6208143700787401
 20
1.2904220078740156
 30
0
 11
1.6181102362204725
 21
1.2901082677165354
 31
0
  0
LINE
  5
EFA
330
1A
100
AcDbEntity
  8
BLACK
  6
CONTINUOUS
100
AcDbLine
 10
1.6181102362204725
 20
1.2901082677165354
 30
0
 11
1.5984251968503937
 21
1.2901082677165354
 31
0
  0
LINE
  5
EFB
330
1A
100
AcDbEntity
  8
BLACK
  6
CONTINUOUS
100
AcDbLine
 10
1.5984251968503937
 20
1.2901082677165354
 30
0
 11
1.5957210629921259
 21
1.2904220078740156
 31
0
  0
LINE
  5
EFC
330
1A
100
AcDbEntity
  8
BLACK
  6
CONTINUOUS
100
AcDbLine
 10
1.5957210629921259
 20
1.2904220078740156
 30
0
 11
1.5917503543307086
 21
1.2921752362204724
 31
0
  0
LINE
  5
EFD
330
1A
100
AcDbEntity
  8
BLACK
  6
CONTINUOUS
100
AcDbLine
 10
1.5917503543307086
 20
1.2921752362204724
 30
0
 11
1.5886811417322835
 21
1.2952444488188977
 31
0
  0
LINE
  5
EFE
330
1A
100
AcDbEntity
  8
BLACK
  6
CONTINUOUS
100
AcDbLine
 10
1.5886811417322835
 20
1.2952444488188977
 30
0
 11
1.5869279133858267
 21
1.299215157480315
 31
0
  0
LINE
  5
EFF
330
1A
100
AcDbEntity
  8
BLACK
  6
CONTINUOUS
100
AcDbLine
 10
1.5869279133858267
 20
1.299215157480315
 30
0
 11
1.5866141732283465
 21
1.3019192913385826
 31
0
  0
LINE
  5
F00
330
1A
100
AcDbEntity
  8
BLACK
  6
CONTINUOUS
100
AcDbLine
 10
1.5866141732283465
 20
1.3019192913385826
 30
0
 11
1.5866141732283465
 21
1.3393208661417322
 31
0
  0
LINE
  5
F01
330
1A
100
AcDbEntity
  8
BLACK
  6
CONTINUOUS
100
AcDbLine
 10
1.5866141732283465
 20
1.3393208661417322
 30
0
 11
1.5869279133858267
 21
1.342025
 31
0
  0
LINE
  5
F02
330
1A
100
AcDbEntity
  8
BLACK
  6
CONTINUOUS
100
AcDbLine
 10
1.5869279133858267
 20
1.342025
 30
0
 11
1.5886811417322835
 21
1.3459957086614174
 31
0
  0
LINE
  5
F03
330
1A
100
AcDbEntity
  8
BLACK
  6
CONTINUOUS
100
AcDbLine
 10
1.5886811417322835
 20
1.3459957086614174
 30
0
 11
1.5917503543307086
 21
1.3490649212598425
 31
0
  0
LINE
  5
F04
330
1A
100
AcDbEntity
  8
BLACK
  6
CONTINUOUS
100
AcDbLine
 10
1.5917503543307086
 20
1.3490649212598425
 30
0
 11
1.5957210629921259
 21
1.3508181496062992
 31
0
  0
LINE
  5
F05
330
1A
100
AcDbEntity
  8
BLACK
  6
CONTINUOUS
100
AcDbLine
 10
1.5957210629921259
 20
1.3508181496062992
 30
0
 11
1.5984251968503937
 21
1.3511318897637794
 31
0
  0
LINE
  5
F06
330
1A
100
AcDbEntity
  8
BLACK
  6
CONTINUOUS
100
AcDbLine
 10
1.5984251968503937
 20
1.3511318897637794
 30
0
 11
1.6181102362204725
 21
1.3511318897637794
 31
0
  0
LINE
  5
F07
330
1A
100
AcDbEntity
  8
BLACK
  6
CONTINUOUS
100
AcDbLine
 10
1.6181102362204725
 20
1.3511318897637794
 30
0
 11
1.6208143700787401
 21
1.3508181496062992
 31
0
  0
LINE
  5
F08
330
1A
100
AcDbEntity
  8
BLACK
  6
CONTINUOUS
100
AcDbLine
 10
2.7236666929133859
 20
1.3617399212598424
 30
0
 11
2.7243053149606298
 21
1.3613131889763779
 31
0
  0
LINE
  5
F09
330
1A
100
AcDbEntity
  8
BLACK
  6
CONTINUOUS
100
AcDbLine
 10
2.7243053149606298
 20
1.3613131889763779
 30
0
 11
2.7247320472440943
 21
1.3606745669291338
 31
0
  0
LINE
  5
F0A
330
1A
100
AcDbEntity
  8
BLACK
  6
CONTINUOUS
100
AcDbLine
 10
2.7247320472440943
 20
1.3606745669291338
 30
0
 11
2.7248818897637794
 21
1.3599212598425197
 31
0
  0
LINE
  5
F0B
330
1A
100
AcDbEntity
  8
BLACK
  6
CONTINUOUS
100
AcDbLine
 10
2.7248818897637794
 20
1.3599212598425197
 30
0
 11
2.7248818897637794
 21
1.2999212598425196
 31
0
  0
LINE
  5
F0C
330
1A
100
AcDbEntity
  8
BLACK
  6
CONTINUOUS
100
AcDbLine
 10
2.7248818897637794
 20
1.2999212598425196
 30
0
 11
2.7247320472440943
 21
1.2991679527559055
 31
0
  0
LINE
  5
F0D
330
1A
100
AcDbEntity
  8
BLACK
  6
CONTINUOUS
100
AcDbLine
 10
2.7247320472440943
 20
1.2991679527559055
 30
0
 11
2.7243053149606298
 21
1.2985293307086614
 31
0
  0
LINE
  5
F0E
330
1A
100
AcDbEntity
  8
BLACK
  6
CONTINUOUS
100
AcDbLine
 10
2.7243053149606298
 20
1.2985293307086614
 30
0
 11
2.7236666929133859
 21
1.2981025984251968
 31
0
  0
LINE
  5
F0F
330
1A
100
AcDbEntity
  8
BLACK
  6
CONTINUOUS
100
AcDbLine
 10
2.7236666929133859
 20
1.2981025984251968
 30
0
 11
2.7229133858267716
 21
1.2979527559055117
 31
0
  0
LINE
  5
F10
330
1A
100
AcDbEntity
  8
BLACK
  6
CONTINUOUS
100
AcDbLine
 10
2.7229133858267716
 20
1.2979527559055117
 30
0
 11
2.6629133858267715
 21
1.2979527559055117
 31
0
  0
LINE
  5
F11
330
1A
100
AcDbEntity
  8
BLACK
  6
CONTINUOUS
100
AcDbLine
 10
2.6629133858267715
 20
1.2979527559055117
 30
0
 11
2.6621600787401576
 21
1.2981025984251968
 31
0
  0
LINE
  5
F12
330
1A
100
AcDbEntity
  8
BLACK
  6
CONTINUOUS
100
AcDbLine
 10
2.6621600787401576
 20
1.2981025984251968
 30
0
 11
2.6615214566929133
 21
1.2985293307086614
 31
0
  0
LINE
  5
F13
330
1A
100
AcDbEntity
  8
BLACK
  6
CONTINUOUS
100
AcDbLine
 10
2.6615214566929133
 20
1.2985293307086614
 30
0
 11
2.6610947244094487
 21
1.2991679527559055
 31
0
  0
LINE
  5
F14
330
1A
100
AcDbEntity
  8
BLACK
  6
CONTINUOUS
100
AcDbLine
 10
2.6610947244094487
 20
1.2991679527559055
 30
0
 11
2.6609448818897636
 21
1.2999212598425196
 31
0
  0
LINE
  5
F15
330
1A
100
AcDbEntity
  8
BLACK
  6
CONTINUOUS
100
AcDbLine
 10
2.6609448818897636
 20
1.2999212598425196
 30
0
 11
2.6609448818897636
 21
1.3599212598425197
 31
0
  0
LINE
  5
F16
330
1A
100
AcDbEntity
  8
BLACK
  6
CONTINUOUS
100
AcDbLine
 10
2.6609448818897636
 20
1.3599212598425197
 30
0
 11
2.6610947244094487
 21
1.3606745669291338
 31
0
  0
LINE
  5
F17
330
1A
100
AcDbEntity
  8
BLACK
  6
CONTINUOUS
100
AcDbLine
 10
2.6610947244094487
 20
1.3606745669291338
 30
0
 11
2.6615214566929133
 21
1.3613131889763779
 31
0
  0
LINE
  5
F18
330
1A
100
AcDbEntity
  8
BLACK
  6
CONTINUOUS
100
AcDbLine
 10
2.6615214566929133
 20
1.3613131889763779
 30
0
 11
2.6621600787401576
 21
1.3617399212598424
 31
0
  0
LINE
  5
F19
330
1A
100
AcDbEntity
  8
BLACK
  6
CONTINUOUS
100
AcDbLine
 10
2.6621600787401576
 20
1.3617399212598424
 30
0
 11
2.6629133858267715
 21
1.3618897637795275
 31
0
  0
LINE
  5
F1A
330
1A
100
AcDbEntity
  8
BLACK
  6
CONTINUOUS
100
AcDbLine
 10
2.6629133858267715
 20
1.3618897637795275
 30
0
 11
2.7229133858267716
 21
1.3618897637795275
 31
0
  0
LINE
  5
F1B
330
1A
100
AcDbEntity
  8
BLACK
  6
CONTINUOUS
100
AcDbLine
 10
2.7229133858267716
 20
1.3618897637795275
 30
0
 11
2.7236666929133859
 21
1.3617399212598424
 31
0
  0
LINE
  5
F1C
330
1A
100
AcDbEntity
  8
BLACK
  6
CONTINUOUS
100
AcDbLine
 10
2.8236666929133856
 20
1.3617399212598424
 30
0
 11
2.8243053149606299
 21
1.3613131889763779
 31
0
  0
LINE
  5
F1D
330
1A
100
AcDbEntity
  8
BLACK
  6
CONTINUOUS
100
AcDbLine
 10
2.8243053149606299
 20
1.3613131889763779
 30
0
 11
2.8247320472440944
 21
1.3606745669291338
 31
0
  0
LINE
  5
F1E
330
1A
100
AcDbEntity
  8
BLACK
  6
CONTINUOUS
100
AcDbLine
 10
2.8247320472440944
 20
1.3606745669291338
 30
0
 11
2.8248818897637795
 21
1.3599212598425197
 31
0
  0
LINE
  5
F1F
330
1A
100
AcDbEntity
  8
BLACK
  6
CONTINUOUS
100
AcDbLine
 10
2.8248818897637795
 20
1.3599212598425197
 30
0
 11
2.8248818897637795
 21
1.2999212598425196
 31
0
  0
LINE
  5
F20
330
1A
100
AcDbEntity
  8
BLACK
  6
CONTINUOUS
100
AcDbLine
 10
2.8248818897637795
 20
1.2999212598425196
 30
0
 11
2.8247320472440944
 21
1.2991679527559055
 31
0
  0
LINE
  5
F21
330
1A
100
AcDbEntity
  8
BLACK
  6
CONTINUOUS
100
AcDbLine
 10
2.8247320472440944
 20
1.2991679527559055
 30
0
 11
2.8243053149606299
 21
1.2985293307086614
 31
0
  0
LINE
  5
F22
330
1A
100
AcDbEntity
  8
BLACK
  6
CONTINUOUS
100
AcDbLine
 10
2.8243053149606299
 20
1.2985293307086614
 30
0
 11
2.8236666929133856
 21
1.2981025984251968
 31
0
  0
LINE
  5
F23
330
1A
100
AcDbEntity
  8
BLACK
  6
CONTINUOUS
100
AcDbLine
 10
2.8236666929133856
 20
1.2981025984251968
 30
0
 11
2.8229133858267716
 21
1.2979527559055117
 31
0
  0
LINE
  5
F24
330
1A
100
AcDbEntity
  8
BLACK
  6
CONTINUOUS
100
AcDbLine
 10
2.8229133858267716
 20
1.2979527559055117
 30
0
 11
2.7629133858267716
 21
1.2979527559055117
 31
0
  0
LINE
  5
F25
330
1A
100
AcDbEntity
  8
BLACK
  6
CONTINUOUS
100
AcDbLine
 10
2.7629133858267716
 20
1.2979527559055117
 30
0
 11
2.7621600787401572
 21
1.2981025984251968
 31
0
  0
LINE
  5
F26
330
1A
100
AcDbEntity
  8
BLACK
  6
CONTINUOUS
100
AcDbLine
 10
2.7621600787401572
 20
1.2981025984251968
 30
0
 11
2.7615214566929134
 21
1.2985293307086614
 31
0
  0
LINE
  5
F27
330
1A
100
AcDbEntity
  8
BLACK
  6
CONTINUOUS
100
AcDbLine
 10
2.7615214566929134
 20
1.2985293307086614
 30
0
 11
2.7610947244094488
 21
1.2991679527559055
 31
0
  0
LINE
  5
F28
330
1A
100
AcDbEntity
  8
BLACK
  6
CONTINUOUS
100
AcDbLine
 10
2.7610947244094488
 20
1.2991679527559055
 30
0
 11
2.7609448818897637
 21
1.2999212598425196
 31
0
  0
LINE
  5
F29
330
1A
100
AcDbEntity
  8
BLACK
  6
CONTINUOUS
100
AcDbLine
 10
2.7609448818897637
 20
1.2999212598425196
 30
0
 11
2.7609448818897637
 21
1.3599212598425197
 31
0
  0
LINE
  5
F2A
330
1A
100
AcDbEntity
  8
BLACK
  6
CONTINUOUS
100
AcDbLine
 10
2.7609448818897637
 20
1.3599212598425197
 30
0
 11
2.7610947244094488
 21
1.3606745669291338
 31
0
  0
LINE
  5
F2B
330
1A
100
AcDbEntity
  8
BLACK
  6
CONTINUOUS
100
AcDbLine
 10
2.7610947244094488
 20
1.3606745669291338
 30
0
 11
2.7615214566929134
 21
1.3613131889763779
 31
0
  0
LINE
  5
F2C
330
1A
100
AcDbEntity
  8
BLACK
  6
CONTINUOUS
100
AcDbLine
 10
2.7615214566929134
 20
1.3613131889763779
 30
0
 11
2.7621600787401572
 21
1.3617399212598424
 31
0
  0
LINE
  5
F2D
330
1A
100
AcDbEntity
  8
BLACK
  6
CONTINUOUS
100
AcDbLine
 10
2.7621600787401572
 20
1.3617399212598424
 30
0
 11
2.7629133858267716
 21
1.3618897637795275
 31
0
  0
LINE
  5
F2E
330
1A
100
AcDbEntity
  8
BLACK
  6
CONTINUOUS
100
AcDbLine
 10
2.7629133858267716
 20
1.3618897637795275
 30
0
 11
2.8229133858267716
 21
1.3618897637795275
 31
0
  0
LINE
  5
F2F
330
1A
100
AcDbEntity
  8
BLACK
  6
CONTINUOUS
100
AcDbLine
 10
2.8229133858267716
 20
1.3618897637795275
 30
0
 11
2.8236666929133856
 21
1.3617399212598424
 31
0
  0
LINE
  5
F30
330
1A
100
AcDbEntity
  8
BLACK
  6
CONTINUOUS
100
AcDbLine
 10
1.136562401574803
 20
1.3626291732283464
 30
0
 11
1.1405331102362204
 21
1.3608759448818897
 31
0
  0
LINE
  5
F31
330
1A
100
AcDbEntity
  8
BLACK
  6
CONTINUOUS
100
AcDbLine
 10
1.1405331102362204
 20
1.3608759448818897
 30
0
 11
1.1436023228346457
 21
1.3578067322834646
 31
0
  0
LINE
  5
F32
330
1A
100
AcDbEntity
  8
BLACK
  6
CONTINUOUS
100
AcDbLine
 10
1.1436023228346457
 20
1.3578067322834646
 30
0
 11
1.1453555511811024
 21
1.3538360236220472
 31
0
  0
LINE
  5
F33
330
1A
100
AcDbEntity
  8
BLACK
  6
CONTINUOUS
100
AcDbLine
 10
1.1453555511811024
 20
1.3538360236220472
 30
0
 11
1.1456692913385826
 21
1.3511318897637794
 31
0
  0
LINE
  5
F34
330
1A
100
AcDbEntity
  8
BLACK
  6
CONTINUOUS
100
AcDbLine
 10
1.1456692913385826
 20
1.3511318897637794
 30
0
 11
1.1456692913385826
 21
1.3137303149606299
 31
0
  0
LINE
  5
F35
330
1A
100
AcDbEntity
  8
BLACK
  6
CONTINUOUS
100
AcDbLine
 10
1.1456692913385826
 20
1.3137303149606299
 30
0
 11
1.1453555511811024
 21
1.3110261811023622
 31
0
  0
LINE
  5
F36
330
1A
100
AcDbEntity
  8
BLACK
  6
CONTINUOUS
100
AcDbLine
 10
1.1453555511811024
 20
1.3110261811023622
 30
0
 11
1.1436023228346457
 21
1.3070554724409449
 31
0
  0
LINE
  5
F37
330
1A
100
AcDbEntity
  8
BLACK
  6
CONTINUOUS
100
AcDbLine
 10
1.1436023228346457
 20
1.3070554724409449
 30
0
 11
1.1405331102362204
 21
1.3039862598425196
 31
0
  0
LINE
  5
F38
330
1A
100
AcDbEntity
  8
BLACK
  6
CONTINUOUS
100
AcDbLine
 10
1.1405331102362204
 20
1.3039862598425196
 30
0
 11
1.136562401574803
 21
1.3022330314960631
 31
0
  0
LINE
  5
F39
330
1A
100
AcDbEntity
  8
BLACK
  6
CONTINUOUS
100
AcDbLine
 10
1.136562401574803
 20
1.3022330314960631
 30
0
 11
1.1338582677165354
 21
1.3019192913385826
 31
0
  0
LINE
  5
F3A
330
1A
100
AcDbEntity
  8
BLACK
  6
CONTINUOUS
100
AcDbLine
 10
1.1338582677165354
 20
1.3019192913385826
 30
0
 11
1.1141732283464567
 21
1.3019192913385826
 31
0
  0
LINE
  5
F3B
330
1A
100
AcDbEntity
  8
BLACK
  6
CONTINUOUS
100
AcDbLine
 10
1.1141732283464567
 20
1.3019192913385826
 30
0
 11
1.1114690944881889
 21
1.3022330314960631
 31
0
  0
LINE
  5
F3C
330
1A
100
AcDbEntity
  8
BLACK
  6
CONTINUOUS
100
AcDbLine
 10
1.1114690944881889
 20
1.3022330314960631
 30
0
 11
1.1074983858267717
 21
1.3039862598425196
 31
0
  0
LINE
  5
F3D
330
1A
100
AcDbEntity
  8
BLACK
  6
CONTINUOUS
100
AcDbLine
 10
1.1074983858267717
 20
1.3039862598425196
 30
0
 11
1.1044291732283464
 21
1.3070554724409449
 31
0
  0
LINE
  5
F3E
330
1A
100
AcDbEntity
  8
BLACK
  6
CONTINUOUS
100
AcDbLine
 10
1.1044291732283464
 20
1.3070554724409449
 30
0
 11
1.1026759448818897
 21
1.3110261811023622
 31
0
  0
LINE
  5
F3F
330
1A
100
AcDbEntity
  8
BLACK
  6
CONTINUOUS
100
AcDbLine
 10
1.1026759448818897
 20
1.3110261811023622
 30
0
 11
1.1023622047244095
 21
1.3137303149606299
 31
0
  0
LINE
  5
F40
330
1A
100
AcDbEntity
  8
BLACK
  6
CONTINUOUS
100
AcDbLine
 10
1.1023622047244095
 20
1.3137303149606299
 30
0
 11
1.1023622047244095
 21
1.3511318897637794
 31
0
  0
LINE
  5
F41
330
1A
100
AcDbEntity
  8
BLACK
  6
CONTINUOUS
100
AcDbLine
 10
1.1023622047244095
 20
1.3511318897637794
 30
0
 11
1.1026759448818897
 21
1.3538360236220472
 31
0
  0
LINE
  5
F42
330
1A
100
AcDbEntity
  8
BLACK
  6
CONTINUOUS
100
AcDbLine
 10
1.1026759448818897
 20
1.3538360236220472
 30
0
 11
1.1044291732283464
 21
1.3578067322834646
 31
0
  0
LINE
  5
F43
330
1A
100
AcDbEntity
  8
BLACK
  6
CONTINUOUS
100
AcDbLine
 10
1.1044291732283464
 20
1.3578067322834646
 30
0
 11
1.1074983858267717
 21
1.3608759448818897
 31
0
  0
LINE
  5
F44
330
1A
100
AcDbEntity
  8
BLACK
  6
CONTINUOUS
100
AcDbLine
 10
1.1074983858267717
 20
1.3608759448818897
 30
0
 11
1.1114690944881889
 21
1.3626291732283464
 31
0
  0
LINE
  5
F45
330
1A
100
AcDbEntity
  8
BLACK
  6
CONTINUOUS
100
AcDbLine
 10
1.1114690944881889
 20
1.3626291732283464
 30
0
 11
1.1141732283464567
 21
1.3629429133858268
 31
0
  0
LINE
  5
F46
330
1A
100
AcDbEntity
  8
BLACK
  6
CONTINUOUS
100
AcDbLine
 10
1.1141732283464567
 20
1.3629429133858268
 30
0
 11
1.1338582677165354
 21
1.3629429133858268
 31
0
  0
LINE
  5
F47
330
1A
100
AcDbEntity
  8
BLACK
  6
CONTINUOUS
100
AcDbLine
 10
1.1338582677165354
 20
1.3629429133858268
 30
0
 11
1.136562401574803
 21
1.3626291732283464
 31
0
  0
LINE
  5
F48
330
1A
100
AcDbEntity
  8
BLACK
  6
CONTINUOUS
100
AcDbLine
 10
1.2113655511811023
 20
1.3626291732283464
 30
0
 11
1.2153362598425197
 21
1.3608759448818897
 31
0
  0
LINE
  5
F49
330
1A
100
AcDbEntity
  8
BLACK
  6
CONTINUOUS
100
AcDbLine
 10
1.2153362598425197
 20
1.3608759448818897
 30
0
 11
1.2184054724409448
 21
1.3578067322834646
 31
0
  0
LINE
  5
F4A
330
1A
100
AcDbEntity
  8
BLACK
  6
CONTINUOUS
100
AcDbLine
 10
1.2184054724409448
 20
1.3578067322834646
 30
0
 11
1.2201587007874015
 21
1.3538360236220472
 31
0
  0
LINE
  5
F4B
330
1A
100
AcDbEntity
  8
BLACK
  6
CONTINUOUS
100
AcDbLine
 10
1.2201587007874015
 20
1.3538360236220472
 30
0
 11
1.2204724409448819
 21
1.3511318897637794
 31
0
  0
LINE
  5
F4C
330
1A
100
AcDbEntity
  8
BLACK
  6
CONTINUOUS
100
AcDbLine
 10
1.2204724409448819
 20
1.3511318897637794
 30
0
 11
1.2204724409448819
 21
1.3137303149606299
 31
0
  0
LINE
  5
F4D
330
1A
100
AcDbEntity
  8
BLACK
  6
CONTINUOUS
100
AcDbLine
 10
1.2204724409448819
 20
1.3137303149606299
 30
0
 11
1.2201587007874015
 21
1.3110261811023622
 31
0
  0
LINE
  5
F4E
330
1A
100
AcDbEntity
  8
BLACK
  6
CONTINUOUS
100
AcDbLine
 10
1.2201587007874015
 20
1.3110261811023622
 30
0
 11
1.2184054724409448
 21
1.3070554724409449
 31
0
  0
LINE
  5
F4F
330
1A
100
AcDbEntity
  8
BLACK
  6
CONTINUOUS
100
AcDbLine
 10
1.2184054724409448
 20
1.3070554724409449
 30
0
 11
1.2153362598425197
 21
1.3039862598425196
 31
0
  0
LINE
  5
F50
330
1A
100
AcDbEntity
  8
BLACK
  6
CONTINUOUS
100
AcDbLine
 10
1.2153362598425197
 20
1.3039862598425196
 30
0
 11
1.2113655511811023
 21
1.3022330314960631
 31
0
  0
LINE
  5
F51
330
1A
100
AcDbEntity
  8
BLACK
  6
CONTINUOUS
100
AcDbLine
 10
1.2113655511811023
 20
1.3022330314960631
 30
0
 11
1.2086614173228347
 21
1.3019192913385826
 31
0
  0
LINE
  5
F52
330
1A
100
AcDbEntity
  8
BLACK
  6
CONTINUOUS
100
AcDbLine
 10
1.2086614173228347
 20
1.3019192913385826
 30
0
 11
1.1889763779527558
 21
1.3019192913385826
 31
0
  0
LINE
  5
F53
330
1A
100
AcDbEntity
  8
BLACK
  6
CONTINUOUS
100
AcDbLine
 10
1.1889763779527558
 20
1.3019192913385826
 30
0
 11
1.1862722440944882
 21
1.3022330314960631
 31
0
  0
LINE
  5
F54
330
1A
100
AcDbEntity
  8
BLACK
  6
CONTINUOUS
100
AcDbLine
 10
1.1862722440944882
 20
1.3022330314960631
 30
0
 11
1.1823015354330708
 21
1.3039862598425196
 31
0
  0
LINE
  5
F55
330
1A
100
AcDbEntity
  8
BLACK
  6
CONTINUOUS
100
AcDbLine
 10
1.1823015354330708
 20
1.3039862598425196
 30
0
 11
1.1792323228346457
 21
1.3070554724409449
 31
0
  0
LINE
  5
F56
330
1A
100
AcDbEntity
  8
BLACK
  6
CONTINUOUS
100
AcDbLine
 10
1.1792323228346457
 20
1.3070554724409449
 30
0
 11
1.177479094488189
 21
1.3110261811023622
 31
0
  0
LINE
  5
F57
330
1A
100
AcDbEntity
  8
BLACK
  6
CONTINUOUS
100
AcDbLine
 10
1.177479094488189
 20
1.3110261811023622
 30
0
 11
1.1771653543307086
 21
1.3137303149606299
 31
0
  0
LINE
  5
F58
330
1A
100
AcDbEntity
  8
BLACK
  6
CONTINUOUS
100
AcDbLine
 10
1.1771653543307086
 20
1.3137303149606299
 30
0
 11
1.1771653543307086
 21
1.3511318897637794
 31
0
  0
LINE
  5
F59
330
1A
100
AcDbEntity
  8
BLACK
  6
CONTINUOUS
100
AcDbLine
 10
1.1771653543307086
 20
1.3511318897637794
 30
0
 11
1.177479094488189
 21
1.3538360236220472
 31
0
  0
LINE
  5
F5A
330
1A
100
AcDbEntity
  8
BLACK
  6
CONTINUOUS
100
AcDbLine
 10
1.177479094488189
 20
1.3538360236220472
 30
0
 11
1.1792323228346457
 21
1.3578067322834646
 31
0
  0
LINE
  5
F5B
330
1A
100
AcDbEntity
  8
BLACK
  6
CONTINUOUS
100
AcDbLine
 10
1.1792323228346457
 20
1.3578067322834646
 30
0
 11
1.1823015354330708
 21
1.3608759448818897
 31
0
  0
LINE
  5
F5C
330
1A
100
AcDbEntity
  8
BLACK
  6
CONTINUOUS
100
AcDbLine
 10
1.1823015354330708
 20
1.3608759448818897
 30
0
 11
1.1862722440944882
 21
1.3626291732283464
 31
0
  0
LINE
  5
F5D
330
1A
100
AcDbEntity
  8
BLACK
  6
CONTINUOUS
100
AcDbLine
 10
1.1862722440944882
 20
1.3626291732283464
 30
0
 11
1.1889763779527558
 21
1.3629429133858268
 31
0
  0
LINE
  5
F5E
330
1A
100
AcDbEntity
  8
BLACK
  6
CONTINUOUS
100
AcDbLine
 10
1.1889763779527558
 20
1.3629429133858268
 30
0
 11
1.2086614173228347
 21
1.3629429133858268
 31
0
  0
LINE
  5
F5F
330
1A
100
AcDbEntity
  8
BLACK
  6
CONTINUOUS
100
AcDbLine
 10
1.2086614173228347
 20
1.3629429133858268
 30
0
 11
1.2113655511811023
 21
1.3626291732283464
 31
0
  0
LINE
  5
F60
330
1A
100
AcDbEntity
  8
BLACK
  6
CONTINUOUS
100
AcDbLine
 10
1.7230361811023622
 20
1.3251292519685038
 30
0
 11
1.7247924015748031
 21
1.3239557874015748
 31
0
  0
LINE
  5
F61
330
1A
100
AcDbEntity
  8
BLACK
  6
CONTINUOUS
100
AcDbLine
 10
1.7247924015748031
 20
1.3239557874015748
 30
0
 11
1.7259658661417323
 21
1.3221995669291338
 31
0
  0
LINE
  5
F62
330
1A
100
AcDbEntity
  8
BLACK
  6
CONTINUOUS
100
AcDbLine
 10
1.7259658661417323
 20
1.3221995669291338
 30
0
 11
1.7263779527559056
 21
1.3201279527559056
 31
0
  0
LINE
  5
F63
330
1A
100
AcDbEntity
  8
BLACK
  6
CONTINUOUS
100
AcDbLine
 10
1.7263779527559056
 20
1.3201279527559056
 30
0
 11
1.7263779527559056
 21
1.313238188976378
 31
0
  0
LINE
  5
F64
330
1A
100
AcDbEntity
  8
BLACK
  6
CONTINUOUS
100
AcDbLine
 10
1.7263779527559056
 20
1.313238188976378
 30
0
 11
1.7259658661417323
 21
1.3111665748031496
 31
0
  0
LINE
  5
F65
330
1A
100
AcDbEntity
  8
BLACK
  6
CONTINUOUS
100
AcDbLine
 10
1.7259658661417323
 20
1.3111665748031496
 30
0
 11
1.7247924015748031
 21
1.3094103543307087
 31
0
  0
LINE
  5
F66
330
1A
100
AcDbEntity
  8
BLACK
  6
CONTINUOUS
100
AcDbLine
 10
1.7247924015748031
 20
1.3094103543307087
 30
0
 11
1.7230361811023622
 21
1.3082368897637795
 31
0
  0
LINE
  5
F67
330
1A
100
AcDbEntity
  8
BLACK
  6
CONTINUOUS
100
AcDbLine
 10
1.7230361811023622
 20
1.3082368897637795
 30
0
 11
1.7209645669291338
 21
1.3078248031496063
 31
0
  0
LINE
  5
F68
330
1A
100
AcDbEntity
  8
BLACK
  6
CONTINUOUS
100
AcDbLine
 10
1.7209645669291338
 20
1.3078248031496063
 30
0
 11
1.6638779527559056
 21
1.3078248031496063
 31
0
  0
LINE
  5
F69
330
1A
100
AcDbEntity
  8
BLACK
  6
CONTINUOUS
100
AcDbLine
 10
1.6638779527559056
 20
1.3078248031496063
 30
0
 11
1.6618063385826771
 21
1.3082368897637795
 31
0
  0
LINE
  5
F6A
330
1A
100
AcDbEntity
  8
BLACK
  6
CONTINUOUS
100
AcDbLine
 10
1.6618063385826771
 20
1.3082368897637795
 30
0
 11
1.6600501181102363
 21
1.3094103543307087
 31
0
  0
LINE
  5
F6B
330
1A
100
AcDbEntity
  8
BLACK
  6
CONTINUOUS
100
AcDbLine
 10
1.6600501181102363
 20
1.3094103543307087
 30
0
 11
1.658876653543307
 21
1.3111665748031496
 31
0
  0
LINE
  5
F6C
330
1A
100
AcDbEntity
  8
BLACK
  6
CONTINUOUS
100
AcDbLine
 10
1.658876653543307
 20
1.3111665748031496
 30
0
 11
1.6584645669291338
 21
1.313238188976378
 31
0
  0
LINE
  5
F6D
330
1A
100
AcDbEntity
  8
BLACK
  6
CONTINUOUS
100
AcDbLine
 10
1.6584645669291338
 20
1.313238188976378
 30
0
 11
1.6584645669291338
 21
1.3201279527559056
 31
0
  0
LINE
  5
F6E
330
1A
100
AcDbEntity
  8
BLACK
  6
CONTINUOUS
100
AcDbLine
 10
1.6584645669291338
 20
1.3201279527559056
 30
0
 11
1.658876653543307
 21
1.3221995669291338
 31
0
  0
LINE
  5
F6F
330
1A
100
AcDbEntity
  8
BLACK
  6
CONTINUOUS
100
AcDbLine
 10
1.658876653543307
 20
1.3221995669291338
 30
0
 11
1.6600501181102363
 21
1.3239557874015748
 31
0
  0
LINE
  5
F70
330
1A
100
AcDbEntity
  8
BLACK
  6
CONTINUOUS
100
AcDbLine
 10
1.6600501181102363
 20
1.3239557874015748
 30
0
 11
1.6618063385826771
 21
1.3251292519685038
 31
0
  0
LINE
  5
F71
330
1A
100
AcDbEntity
  8
BLACK
  6
CONTINUOUS
100
AcDbLine
 10
1.6618063385826771
 20
1.3251292519685038
 30
0
 11
1.6638779527559056
 21
1.3255413385826771
 31
0
  0
LINE
  5
F72
330
1A
100
AcDbEntity
  8
BLACK
  6
CONTINUOUS
100
AcDbLine
 10
1.6638779527559056
 20
1.3255413385826771
 30
0
 11
1.7209645669291338
 21
1.3255413385826771
 31
0
  0
LINE
  5
F73
330
1A
100
AcDbEntity
  8
BLACK
  6
CONTINUOUS
100
AcDbLine
 10
1.7209645669291338
 20
1.3255413385826771
 30
0
 11
1.7230361811023622
 21
1.3251292519685038
 31
0
  0
LINE
  5
F74
330
1A
100
AcDbEntity
  8
BLACK
  6
CONTINUOUS
100
AcDbLine
 10
1.8893747637795275
 20
1.3251292519685038
 30
0
 11
1.8911309842519683
 21
1.3239557874015748
 31
0
  0
LINE
  5
F75
330
1A
100
AcDbEntity
  8
BLACK
  6
CONTINUOUS
100
AcDbLine
 10
1.8911309842519683
 20
1.3239557874015748
 30
0
 11
1.8923044488188976
 21
1.3221995669291338
 31
0
  0
LINE
  5
F76
330
1A
100
AcDbEntity
  8
BLACK
  6
CONTINUOUS
100
AcDbLine
 10
1.8923044488188976
 20
1.3221995669291338
 30
0
 11
1.8927165354330708
 21
1.3201279527559056
 31
0
  0
LINE
  5
F77
330
1A
100
AcDbEntity
  8
BLACK
  6
CONTINUOUS
100
AcDbLine
 10
1.8927165354330708
 20
1.3201279527559056
 30
0
 11
1.8927165354330708
 21
1.313238188976378
 31
0
  0
LINE
  5
F78
330
1A
100
AcDbEntity
  8
BLACK
  6
CONTINUOUS
100
AcDbLine
 10
1.8927165354330708
 20
1.313238188976378
 30
0
 11
1.8923044488188976
 21
1.3111665748031496
 31
0
  0
LINE
  5
F79
330
1A
100
AcDbEntity
  8
BLACK
  6
CONTINUOUS
100
AcDbLine
 10
1.8923044488188976
 20
1.3111665748031496
 30
0
 11
1.8911309842519683
 21
1.3094103543307087
 31
0
  0
LINE
  5
F7A
330
1A
100
AcDbEntity
  8
BLACK
  6
CONTINUOUS
100
AcDbLine
 10
1.8911309842519683
 20
1.3094103543307087
 30
0
 11
1.8893747637795275
 21
1.3082368897637795
 31
0
  0
LINE
  5
F7B
330
1A
100
AcDbEntity
  8
BLACK
  6
CONTINUOUS
100
AcDbLine
 10
1.8893747637795275
 20
1.3082368897637795
 30
0
 11
1.8873031496062991
 21
1.3078248031496063
 31
0
  0
LINE
  5
F7C
330
1A
100
AcDbEntity
  8
BLACK
  6
CONTINUOUS
100
AcDbLine
 10
1.8873031496062991
 20
1.3078248031496063
 30
0
 11
1.8302165354330708
 21
1.3078248031496063
 31
0
  0
LINE
  5
F7D
330
1A
100
AcDbEntity
  8
BLACK
  6
CONTINUOUS
100
AcDbLine
 10
1.8302165354330708
 20
1.3078248031496063
 30
0
 11
1.8281449212598424
 21
1.3082368897637795
 31
0
  0
LINE
  5
F7E
330
1A
100
AcDbEntity
  8
BLACK
  6
CONTINUOUS
100
AcDbLine
 10
1.8281449212598424
 20
1.3082368897637795
 30
0
 11
1.8263887007874016
 21
1.3094103543307087
 31
0
  0
LINE
  5
F7F
330
1A
100
AcDbEntity
  8
BLACK
  6
CONTINUOUS
100
AcDbLine
 10
1.8263887007874016
 20
1.3094103543307087
 30
0
 11
1.8252152362204723
 21
1.3111665748031496
 31
0
  0
LINE
  5
F80
330
1A
100
AcDbEntity
  8
BLACK
  6
CONTINUOUS
100
AcDbLine
 10
1.8252152362204723
 20
1.3111665748031496
 30
0
 11
1.8248031496062991
 21
1.313238188976378
 31
0
  0
LINE
  5
F81
330
1A
100
AcDbEntity
  8
BLACK
  6
CONTINUOUS
100
AcDbLine
 10
1.8248031496062991
 20
1.313238188976378
 30
0
 11
1.8248031496062991
 21
1.3201279527559056
 31
0
  0
LINE
  5
F82
330
1A
100
AcDbEntity
  8
BLACK
  6
CONTINUOUS
100
AcDbLine
 10
1.8248031496062991
 20
1.3201279527559056
 30
0
 11
1.8252152362204723
 21
1.3221995669291338
 31
0
  0
LINE
  5
F83
330
1A
100
AcDbEntity
  8
BLACK
  6
CONTINUOUS
100
AcDbLine
 10
1.8252152362204723
 20
1.3221995669291338
 30
0
 11
1.8263887007874016
 21
1.3239557874015748
 31
0
  0
LINE
  5
F84
330
1A
100
AcDbEntity
  8
BLACK
  6
CONTINUOUS
100
AcDbLine
 10
1.8263887007874016
 20
1.3239557874015748
 30
0
 11
1.8281449212598424
 21
1.3251292519685038
 31
0
  0
LINE
  5
F85
330
1A
100
AcDbEntity
  8
BLACK
  6
CONTINUOUS
100
AcDbLine
 10
1.8281449212598424
 20
1.3251292519685038
 30
0
 11
1.8302165354330708
 21
1.3255413385826771
 31
0
  0
LINE
  5
F86
330
1A
100
AcDbEntity
  8
BLACK
  6
CONTINUOUS
100
AcDbLine
 10
1.8302165354330708
 20
1.3255413385826771
 30
0
 11
1.8873031496062991
 21
1.3255413385826771
 31
0
  0
LINE
  5
F87
330
1A
100
AcDbEntity
  8
BLACK
  6
CONTINUOUS
100
AcDbLine
 10
1.8873031496062991
 20
1.3255413385826771
 30
0
 11
1.8893747637795275
 21
1.3251292519685038
 31
0
  0
LINE
  5
F88
330
1A
100
AcDbEntity
  8
BLACK
  6
CONTINUOUS
100
AcDbLine
 10
0.9483734251968504
 20
1.3819697244094489
 30
0
 11
0.9523441338582677
 21
1.3802164960629921
 31
0
  0
LINE
  5
F89
330
1A
100
AcDbEntity
  8
BLACK
  6
CONTINUOUS
100
AcDbLine
 10
0.9523441338582677
 20
1.3802164960629921
 30
0
 11
0.9554133464566928
 21
1.3771472834645668
 31
0
  0
LINE
  5
F8A
330
1A
100
AcDbEntity
  8
BLACK
  6
CONTINUOUS
100
AcDbLine
 10
0.9554133464566928
 20
1.3771472834645668
 30
0
 11
0.9571665748031496
 21
1.3731765748031495
 31
0
  0
LINE
  5
F8B
330
1A
100
AcDbEntity
  8
BLACK
  6
CONTINUOUS
100
AcDbLine
 10
0.9571665748031496
 20
1.3731765748031495
 30
0
 11
0.9574803149606299
 21
1.3704724409448819
 31
0
  0
LINE
  5
F8C
330
1A
100
AcDbEntity
  8
BLACK
  6
CONTINUOUS
100
AcDbLine
 10
0.9574803149606299
 20
1.3704724409448819
 30
0
 11
0.9574803149606299
 21
1.3350393700787402
 31
0
  0
LINE
  5
F8D
330
1A
100
AcDbEntity
  8
BLACK
  6
CONTINUOUS
100
AcDbLine
 10
0.9574803149606299
 20
1.3350393700787402
 30
0
 11
0.9571665748031496
 21
1.3323352362204723
 31
0
  0
LINE
  5
F8E
330
1A
100
AcDbEntity
  8
BLACK
  6
CONTINUOUS
100
AcDbLine
 10
0.9571665748031496
 20
1.3323352362204723
 30
0
 11
0.9554133464566928
 21
1.328364527559055
 31
0
  0
LINE
  5
F8F
330
1A
100
AcDbEntity
  8
BLACK
  6
CONTINUOUS
100
AcDbLine
 10
0.9554133464566928
 20
1.328364527559055
 30
0
 11
0.9523441338582677
 21
1.3252953149606299
 31
0
  0
LINE
  5
F90
330
1A
100
AcDbEntity
  8
BLACK
  6
CONTINUOUS
100
AcDbLine
 10
0.9523441338582677
 20
1.3252953149606299
 30
0
 11
0.9483734251968504
 21
1.3235420866141732
 31
0
  0
LINE
  5
F91
330
1A
100
AcDbEntity
  8
BLACK
  6
CONTINUOUS
100
AcDbLine
 10
0.9483734251968504
 20
1.3235420866141732
 30
0
 11
0.9456692913385827
 21
1.323228346456693
 31
0
  0
LINE
  5
F92
330
1A
100
AcDbEntity
  8
BLACK
  6
CONTINUOUS
100
AcDbLine
 10
0.9456692913385827
 20
1.323228346456693
 30
0
 11
0.9249999999999999
 21
1.323228346456693
 31
0
  0
LINE
  5
F93
330
1A
100
AcDbEntity
  8
BLACK
  6
CONTINUOUS
100
AcDbLine
 10
0.9249999999999999
 20
1.323228346456693
 30
0
 11
0.9222958661417323
 21
1.3235420866141732
 31
0
  0
LINE
  5
F94
330
1A
100
AcDbEntity
  8
BLACK
  6
CONTINUOUS
100
AcDbLine
 10
0.9222958661417323
 20
1.3235420866141732
 30
0
 11
0.918325157480315
 21
1.3252953149606299
 31
0
  0
LINE
  5
F95
330
1A
100
AcDbEntity
  8
BLACK
  6
CONTINUOUS
100
AcDbLine
 10
0.918325157480315
 20
1.3252953149606299
 30
0
 11
0.9152559448818898
 21
1.328364527559055
 31
0
  0
LINE
  5
F96
330
1A
100
AcDbEntity
  8
BLACK
  6
CONTINUOUS
100
AcDbLine
 10
0.9152559448818898
 20
1.328364527559055
 30
0
 11
0.913502716535433
 21
1.3323352362204723
 31
0
  0
LINE
  5
F97
330
1A
100
AcDbEntity
  8
BLACK
  6
CONTINUOUS
100
AcDbLine
 10
0.913502716535433
 20
1.3323352362204723
 30
0
 11
0.9131889763779527
 21
1.3350393700787402
 31
0
  0
LINE
  5
F98
330
1A
100
AcDbEntity
  8
BLACK
  6
CONTINUOUS
100
AcDbLine
 10
0.9131889763779527
 20
1.3350393700787402
 30
0
 11
0.9131889763779527
 21
1.3704724409448819
 31
0
  0
LINE
  5
F99
330
1A
100
AcDbEntity
  8
BLACK
  6
CONTINUOUS
100
AcDbLine
 10
0.9131889763779527
 20
1.3704724409448819
 30
0
 11
0.913502716535433
 21
1.3731765748031495
 31
0
  0
LINE
  5
F9A
330
1A
100
AcDbEntity
  8
BLACK
  6
CONTINUOUS
100
AcDbLine
 10
0.913502716535433
 20
1.3731765748031495
 30
0
 11
0.9152559448818898
 21
1.3771472834645668
 31
0
  0
LINE
  5
F9B
330
1A
100
AcDbEntity
  8
BLACK
  6
CONTINUOUS
100
AcDbLine
 10
0.9152559448818898
 20
1.3771472834645668
 30
0
 11
0.918325157480315
 21
1.3802164960629921
 31
0
  0
LINE
  5
F9C
330
1A
100
AcDbEntity
  8
BLACK
  6
CONTINUOUS
100
AcDbLine
 10
0.918325157480315
 20
1.3802164960629921
 30
0
 11
0.9222958661417323
 21
1.3819697244094489
 31
0
  0
LINE
  5
F9D
330
1A
100
AcDbEntity
  8
BLACK
  6
CONTINUOUS
100
AcDbLine
 10
0.9222958661417323
 20
1.3819697244094489
 30
0
 11
0.9249999999999999
 21
1.3822834645669291
 31
0
  0
LINE
  5
F9E
330
1A
100
AcDbEntity
  8
BLACK
  6
CONTINUOUS
100
AcDbLine
 10
0.9249999999999999
 20
1.3822834645669291
 30
0
 11
0.9456692913385827
 21
1.3822834645669291
 31
0
  0
LINE
  5
F9F
330
1A
100
AcDbEntity
  8
BLACK
  6
CONTINUOUS
100
AcDbLine
 10
0.9456692913385827
 20
1.3822834645669291
 30
0
 11
0.9483734251968504
 21
1.3819697244094489
 31
0
  0
LINE
  5
FA0
330
1A
100
AcDbEntity
  8
BLACK
  6
CONTINUOUS
100
AcDbLine
 10
1.0202238188976378
 20
1.3819697244094489
 30
0
 11
1.0241945275590552
 21
1.3802164960629921
 31
0
  0
LINE
  5
FA1
330
1A
100
AcDbEntity
  8
BLACK
  6
CONTINUOUS
100
AcDbLine
 10
1.0241945275590552
 20
1.3802164960629921
 30
0
 11
1.0272637401574802
 21
1.3771472834645668
 31
0
  0
LINE
  5
FA2
330
1A
100
AcDbEntity
  8
BLACK
  6
CONTINUOUS
100
AcDbLine
 10
1.0272637401574802
 20
1.3771472834645668
 30
0
 11
1.029016968503937
 21
1.3731765748031495
 31
0
  0
LINE
  5
FA3
330
1A
100
AcDbEntity
  8
BLACK
  6
CONTINUOUS
100
AcDbLine
 10
1.029016968503937
 20
1.3731765748031495
 30
0
 11
1.0293307086614174
 21
1.3704724409448819
 31
0
  0
LINE
  5
FA4
330
1A
100
AcDbEntity
  8
BLACK
  6
CONTINUOUS
100
AcDbLine
 10
1.0293307086614174
 20
1.3704724409448819
 30
0
 11
1.0293307086614174
 21
1.3350393700787402
 31
0
  0
LINE
  5
FA5
330
1A
100
AcDbEntity
  8
BLACK
  6
CONTINUOUS
100
AcDbLine
 10
1.0293307086614174
 20
1.3350393700787402
 30
0
 11
1.029016968503937
 21
1.3323352362204723
 31
0
  0
LINE
  5
FA6
330
1A
100
AcDbEntity
  8
BLACK
  6
CONTINUOUS
100
AcDbLine
 10
1.029016968503937
 20
1.3323352362204723
 30
0
 11
1.0272637401574802
 21
1.328364527559055
 31
0
  0
LINE
  5
FA7
330
1A
100
AcDbEntity
  8
BLACK
  6
CONTINUOUS
100
AcDbLine
 10
1.0272637401574802
 20
1.328364527559055
 30
0
 11
1.0241945275590552
 21
1.3252953149606299
 31
0
  0
LINE
  5
FA8
330
1A
100
AcDbEntity
  8
BLACK
  6
CONTINUOUS
100
AcDbLine
 10
1.0241945275590552
 20
1.3252953149606299
 30
0
 11
1.0202238188976378
 21
1.3235420866141732
 31
0
  0
LINE
  5
FA9
330
1A
100
AcDbEntity
  8
BLACK
  6
CONTINUOUS
100
AcDbLine
 10
1.0202238188976378
 20
1.3235420866141732
 30
0
 11
1.01751968503937
 21
1.323228346456693
 31
0
  0
LINE
  5
FAA
330
1A
100
AcDbEntity
  8
BLACK
  6
CONTINUOUS
100
AcDbLine
 10
1.01751968503937
 20
1.323228346456693
 30
0
 11
0.9968503937007874
 21
1.323228346456693
 31
0
  0
LINE
  5
FAB
330
1A
100
AcDbEntity
  8
BLACK
  6
CONTINUOUS
100
AcDbLine
 10
0.9968503937007874
 20
1.323228346456693
 30
0
 11
0.9941462598425197
 21
1.3235420866141732
 31
0
  0
LINE
  5
FAC
330
1A
100
AcDbEntity
  8
BLACK
  6
CONTINUOUS
100
AcDbLine
 10
0.9941462598425197
 20
1.3235420866141732
 30
0
 11
0.9901755511811023
 21
1.3252953149606299
 31
0
  0
LINE
  5
FAD
330
1A
100
AcDbEntity
  8
BLACK
  6
CONTINUOUS
100
AcDbLine
 10
0.9901755511811023
 20
1.3252953149606299
 30
0
 11
0.9871063385826772
 21
1.328364527559055
 31
0
  0
LINE
  5
FAE
330
1A
100
AcDbEntity
  8
BLACK
  6
CONTINUOUS
100
AcDbLine
 10
0.9871063385826772
 20
1.328364527559055
 30
0
 11
0.9853531102362204
 21
1.3323352362204723
 31
0
  0
LINE
  5
FAF
330
1A
100
AcDbEntity
  8
BLACK
  6
CONTINUOUS
100
AcDbLine
 10
0.9853531102362204
 20
1.3323352362204723
 30
0
 11
0.9850393700787401
 21
1.3350393700787402
 31
0
  0
LINE
  5
FB0
330
1A
100
AcDbEntity
  8
BLACK
  6
CONTINUOUS
100
AcDbLine
 10
0.9850393700787401
 20
1.3350393700787402
 30
0
 11
0.9850393700787401
 21
1.3704724409448819
 31
0
  0
LINE
  5
FB1
330
1A
100
AcDbEntity
  8
BLACK
  6
CONTINUOUS
100
AcDbLine
 10
0.9850393700787401
 20
1.3704724409448819
 30
0
 11
0.9853531102362204
 21
1.3731765748031495
 31
0
  0
LINE
  5
FB2
330
1A
100
AcDbEntity
  8
BLACK
  6
CONTINUOUS
100
AcDbLine
 10
0.9853531102362204
 20
1.3731765748031495
 30
0
 11
0.9871063385826772
 21
1.3771472834645668
 31
0
  0
LINE
  5
FB3
330
1A
100
AcDbEntity
  8
BLACK
  6
CONTINUOUS
100
AcDbLine
 10
0.9871063385826772
 20
1.3771472834645668
 30
0
 11
0.9901755511811023
 21
1.3802164960629921
 31
0
  0
LINE
  5
FB4
330
1A
100
AcDbEntity
  8
BLACK
  6
CONTINUOUS
100
AcDbLine
 10
0.9901755511811023
 20
1.3802164960629921
 30
0
 11
0.9941462598425197
 21
1.3819697244094489
 31
0
  0
LINE
  5
FB5
330
1A
100
AcDbEntity
  8
BLACK
  6
CONTINUOUS
100
AcDbLine
 10
0.9941462598425197
 20
1.3819697244094489
 30
0
 11
0.9968503937007874
 21
1.3822834645669291
 31
0
  0
LINE
  5
FB6
330
1A
100
AcDbEntity
  8
BLACK
  6
CONTINUOUS
100
AcDbLine
 10
0.9968503937007874
 20
1.3822834645669291
 30
0
 11
1.01751968503937
 21
1.3822834645669291
 31
0
  0
LINE
  5
FB7
330
1A
100
AcDbEntity
  8
BLACK
  6
CONTINUOUS
100
AcDbLine
 10
1.01751968503937
 20
1.3822834645669291
 30
0
 11
1.0202238188976378
 21
1.3819697244094489
 31
0
  0
LINE
  5
FB8
330
1A
100
AcDbEntity
  8
BLACK
  6
CONTINUOUS
100
AcDbLine
 10
1.7230361811023622
 20
1.3448142913385825
 30
0
 11
1.7247924015748031
 21
1.3436408267716535
 31
0
  0
LINE
  5
FB9
330
1A
100
AcDbEntity
  8
BLACK
  6
CONTINUOUS
100
AcDbLine
 10
1.7247924015748031
 20
1.3436408267716535
 30
0
 11
1.7259658661417323
 21
1.3418846062992125
 31
0
  0
LINE
  5
FBA
330
1A
100
AcDbEntity
  8
BLACK
  6
CONTINUOUS
100
AcDbLine
 10
1.7259658661417323
 20
1.3418846062992125
 30
0
 11
1.7263779527559056
 21
1.3398129921259843
 31
0
  0
LINE
  5
FBB
330
1A
100
AcDbEntity
  8
BLACK
  6
CONTINUOUS
100
AcDbLine
 10
1.7263779527559056
 20
1.3398129921259843
 30
0
 11
1.7263779527559056
 21
1.3329232283464567
 31
0
  0
LINE
  5
FBC
330
1A
100
AcDbEntity
  8
BLACK
  6
CONTINUOUS
100
AcDbLine
 10
1.7263779527559056
 20
1.3329232283464567
 30
0
 11
1.7259658661417323
 21
1.3308516141732283
 31
0
  0
LINE
  5
FBD
330
1A
100
AcDbEntity
  8
BLACK
  6
CONTINUOUS
100
AcDbLine
 10
1.7259658661417323
 20
1.3308516141732283
 30
0
 11
1.7247924015748031
 21
1.3290953937007874
 31
0
  0
LINE
  5
FBE
330
1A
100
AcDbEntity
  8
BLACK
  6
CONTINUOUS
100
AcDbLine
 10
1.7247924015748031
 20
1.3290953937007874
 30
0
 11
1.7230361811023622
 21
1.3279219291338582
 31
0
  0
LINE
  5
FBF
330
1A
100
AcDbEntity
  8
BLACK
  6
CONTINUOUS
100
AcDbLine
 10
1.7230361811023622
 20
1.3279219291338582
 30
0
 11
1.7209645669291338
 21
1.327509842519685
 31
0
  0
LINE
  5
FC0
330
1A
100
AcDbEntity
  8
BLACK
  6
CONTINUOUS
100
AcDbLine
 10
1.7209645669291338
 20
1.327509842519685
 30
0
 11
1.6638779527559056
 21
1.327509842519685
 31
0
  0
LINE
  5
FC1
330
1A
100
AcDbEntity
  8
BLACK
  6
CONTINUOUS
100
AcDbLine
 10
1.6638779527559056
 20
1.327509842519685
 30
0
 11
1.6618063385826771
 21
1.3279219291338582
 31
0
  0
LINE
  5
FC2
330
1A
100
AcDbEntity
  8
BLACK
  6
CONTINUOUS
100
AcDbLine
 10
1.6618063385826771
 20
1.3279219291338582
 30
0
 11
1.6600501181102363
 21
1.3290953937007874
 31
0
  0
LINE
  5
FC3
330
1A
100
AcDbEntity
  8
BLACK
  6
CONTINUOUS
100
AcDbLine
 10
1.6600501181102363
 20
1.3290953937007874
 30
0
 11
1.658876653543307
 21
1.3308516141732283
 31
0
  0
LINE
  5
FC4
330
1A
100
AcDbEntity
  8
BLACK
  6
CONTINUOUS
100
AcDbLine
 10
1.658876653543307
 20
1.3308516141732283
 30
0
 11
1.6584645669291338
 21
1.3329232283464567
 31
0
  0
LINE
  5
FC5
330
1A
100
AcDbEntity
  8
BLACK
  6
CONTINUOUS
100
AcDbLine
 10
1.6584645669291338
 20
1.3329232283464567
 30
0
 11
1.6584645669291338
 21
1.3398129921259843
 31
0
  0
LINE
  5
FC6
330
1A
100
AcDbEntity
  8
BLACK
  6
CONTINUOUS
100
AcDbLine
 10
1.6584645669291338
 20
1.3398129921259843
 30
0
 11
1.658876653543307
 21
1.3418846062992125
 31
0
  0
LINE
  5
FC7
330
1A
100
AcDbEntity
  8
BLACK
  6
CONTINUOUS
100
AcDbLine
 10
1.658876653543307
 20
1.3418846062992125
 30
0
 11
1.6600501181102363
 21
1.3436408267716535
 31
0
  0
LINE
  5
FC8
330
1A
100
AcDbEntity
  8
BLACK
  6
CONTINUOUS
100
AcDbLine
 10
1.6600501181102363
 20
1.3436408267716535
 30
0
 11
1.6618063385826771
 21
1.3448142913385825
 31
0
  0
LINE
  5
FC9
330
1A
100
AcDbEntity
  8
BLACK
  6
CONTINUOUS
100
AcDbLine
 10
1.6618063385826771
 20
1.3448142913385825
 30
0
 11
1.6638779527559056
 21
1.3452263779527558
 31
0
  0
LINE
  5
FCA
330
1A
100
AcDbEntity
  8
BLACK
  6
CONTINUOUS
100
AcDbLine
 10
1.6638779527559056
 20
1.3452263779527558
 30
0
 11
1.7209645669291338
 21
1.3452263779527558
 31
0
  0
LINE
  5
FCB
330
1A
100
AcDbEntity
  8
BLACK
  6
CONTINUOUS
100
AcDbLine
 10
1.7209645669291338
 20
1.3452263779527558
 30
0
 11
1.7230361811023622
 21
1.3448142913385825
 31
0
  0
LINE
  5
FCC
330
1A
100
AcDbEntity
  8
BLACK
  6
CONTINUOUS
100
AcDbLine
 10
1.8893747637795275
 20
1.3448142913385825
 30
0
 11
1.8911309842519683
 21
1.3436408267716535
 31
0
  0
LINE
  5
FCD
330
1A
100
AcDbEntity
  8
BLACK
  6
CONTINUOUS
100
AcDbLine
 10
1.8911309842519683
 20
1.3436408267716535
 30
0
 11
1.8923044488188976
 21
1.3418846062992125
 31
0
  0
LINE
  5
FCE
330
1A
100
AcDbEntity
  8
BLACK
  6
CONTINUOUS
100
AcDbLine
 10
1.8923044488188976
 20
1.3418846062992125
 30
0
 11
1.8927165354330708
 21
1.3398129921259843
 31
0
  0
LINE
  5
FCF
330
1A
100
AcDbEntity
  8
BLACK
  6
CONTINUOUS
100
AcDbLine
 10
1.8927165354330708
 20
1.3398129921259843
 30
0
 11
1.8927165354330708
 21
1.3329232283464567
 31
0
  0
LINE
  5
FD0
330
1A
100
AcDbEntity
  8
BLACK
  6
CONTINUOUS
100
AcDbLine
 10
1.8927165354330708
 20
1.3329232283464567
 30
0
 11
1.8923044488188976
 21
1.3308516141732283
 31
0
  0
LINE
  5
FD1
330
1A
100
AcDbEntity
  8
BLACK
  6
CONTINUOUS
100
AcDbLine
 10
1.8923044488188976
 20
1.3308516141732283
 30
0
 11
1.8911309842519683
 21
1.3290953937007874
 31
0
  0
LINE
  5
FD2
330
1A
100
AcDbEntity
  8
BLACK
  6
CONTINUOUS
100
AcDbLine
 10
1.8911309842519683
 20
1.3290953937007874
 30
0
 11
1.8893747637795275
 21
1.3279219291338582
 31
0
  0
LINE
  5
FD3
330
1A
100
AcDbEntity
  8
BLACK
  6
CONTINUOUS
100
AcDbLine
 10
1.8893747637795275
 20
1.3279219291338582
 30
0
 11
1.8873031496062991
 21
1.327509842519685
 31
0
  0
LINE
  5
FD4
330
1A
100
AcDbEntity
  8
BLACK
  6
CONTINUOUS
100
AcDbLine
 10
1.8873031496062991
 20
1.327509842519685
 30
0
 11
1.8302165354330708
 21
1.327509842519685
 31
0
  0
LINE
  5
FD5
330
1A
100
AcDbEntity
  8
BLACK
  6
CONTINUOUS
100
AcDbLine
 10
1.8302165354330708
 20
1.327509842519685
 30
0
 11
1.8281449212598424
 21
1.3279219291338582
 31
0
  0
LINE
  5
FD6
330
1A
100
AcDbEntity
  8
BLACK
  6
CONTINUOUS
100
AcDbLine
 10
1.8281449212598424
 20
1.3279219291338582
 30
0
 11
1.8263887007874016
 21
1.3290953937007874
 31
0
  0
LINE
  5
FD7
330
1A
100
AcDbEntity
  8
BLACK
  6
CONTINUOUS
100
AcDbLine
 10
1.8263887007874016
 20
1.3290953937007874
 30
0
 11
1.8252152362204723
 21
1.3308516141732283
 31
0
  0
LINE
  5
FD8
330
1A
100
AcDbEntity
  8
BLACK
  6
CONTINUOUS
100
AcDbLine
 10
1.8252152362204723
 20
1.3308516141732283
 30
0
 11
1.8248031496062991
 21
1.3329232283464567
 31
0
  0
LINE
  5
FD9
330
1A
100
AcDbEntity
  8
BLACK
  6
CONTINUOUS
100
AcDbLine
 10
1.8248031496062991
 20
1.3329232283464567
 30
0
 11
1.8248031496062991
 21
1.3398129921259843
 31
0
  0
LINE
  5
FDA
330
1A
100
AcDbEntity
  8
BLACK
  6
CONTINUOUS
100
AcDbLine
 10
1.8248031496062991
 20
1.3398129921259843
 30
0
 11
1.8252152362204723
 21
1.3418846062992125
 31
0
  0
LINE
  5
FDB
330
1A
100
AcDbEntity
  8
BLACK
  6
CONTINUOUS
100
AcDbLine
 10
1.8252152362204723
 20
1.3418846062992125
 30
0
 11
1.8263887007874016
 21
1.3436408267716535
 31
0
  0
LINE
  5
FDC
330
1A
100
AcDbEntity
  8
BLACK
  6
CONTINUOUS
100
AcDbLine
 10
1.8263887007874016
 20
1.3436408267716535
 30
0
 11
1.8281449212598424
 21
1.3448142913385825
 31
0
  0
LINE
  5
FDD
330
1A
100
AcDbEntity
  8
BLACK
  6
CONTINUOUS
100
AcDbLine
 10
1.8281449212598424
 20
1.3448142913385825
 30
0
 11
1.8302165354330708
 21
1.3452263779527558
 31
0
  0
LINE
  5
FDE
330
1A
100
AcDbEntity
  8
BLACK
  6
CONTINUOUS
100
AcDbLine
 10
1.8302165354330708
 20
1.3452263779527558
 30
0
 11
1.8873031496062991
 21
1.3452263779527558
 31
0
  0
LINE
  5
FDF
330
1A
100
AcDbEntity
  8
BLACK
  6
CONTINUOUS
100
AcDbLine
 10
1.8873031496062991
 20
1.3452263779527558
 30
0
 11
1.8893747637795275
 21
1.3448142913385825
 31
0
  0
LINE
  5
FE0
330
1A
100
AcDbEntity
  8
BLACK
  6
CONTINUOUS
100
AcDbLine
 10
0.8668773622047244
 20
1.3862512204724409
 30
0
 11
0.8708480708661417
 21
1.3844979921259841
 31
0
  0
LINE
  5
FE1
330
1A
100
AcDbEntity
  8
BLACK
  6
CONTINUOUS
100
AcDbLine
 10
0.8708480708661417
 20
1.3844979921259841
 30
0
 11
0.8739172834645669
 21
1.381428779527559
 31
0
  0
LINE
  5
FE2
330
1A
100
AcDbEntity
  8
BLACK
  6
CONTINUOUS
100
AcDbLine
 10
0.8739172834645669
 20
1.381428779527559
 30
0
 11
0.8756705118110236
 21
1.3774580708661417
 31
0
  0
LINE
  5
FE3
330
1A
100
AcDbEntity
  8
BLACK
  6
CONTINUOUS
100
AcDbLine
 10
0.8756705118110236
 20
1.3774580708661417
 30
0
 11
0.8759842519685039
 21
1.3747539370078741
 31
0
  0
LINE
  5
FE4
330
1A
100
AcDbEntity
  8
BLACK
  6
CONTINUOUS
100
AcDbLine
 10
0.8759842519685039
 20
1.3747539370078741
 30
0
 11
0.8759842519685039
 21
1.3540846456692912
 31
0
  0
LINE
  5
FE5
330
1A
100
AcDbEntity
  8
BLACK
  6
CONTINUOUS
100
AcDbLine
 10
0.8759842519685039
 20
1.3540846456692912
 30
0
 11
0.8756705118110236
 21
1.3513805118110236
 31
0
  0
LINE
  5
FE6
330
1A
100
AcDbEntity
  8
BLACK
  6
CONTINUOUS
100
AcDbLine
 10
0.8756705118110236
 20
1.3513805118110236
 30
0
 11
0.8739172834645669
 21
1.3474098031496062
 31
0
  0
LINE
  5
FE7
330
1A
100
AcDbEntity
  8
BLACK
  6
CONTINUOUS
100
AcDbLine
 10
0.8739172834645669
 20
1.3474098031496062
 30
0
 11
0.8708480708661417
 21
1.3443405905511812
 31
0
  0
LINE
  5
FE8
330
1A
100
AcDbEntity
  8
BLACK
  6
CONTINUOUS
100
AcDbLine
 10
0.8708480708661417
 20
1.3443405905511812
 30
0
 11
0.8668773622047244
 21
1.3425873622047244
 31
0
  0
LINE
  5
FE9
330
1A
100
AcDbEntity
  8
BLACK
  6
CONTINUOUS
100
AcDbLine
 10
0.8668773622047244
 20
1.3425873622047244
 30
0
 11
0.8641732283464567
 21
1.342273622047244
 31
0
  0
LINE
  5
FEA
330
1A
100
AcDbEntity
  8
BLACK
  6
CONTINUOUS
100
AcDbLine
 10
0.8641732283464567
 20
1.342273622047244
 30
0
 11
0.8287401574803149
 21
1.342273622047244
 31
0
  0
LINE
  5
FEB
330
1A
100
AcDbEntity
  8
BLACK
  6
CONTINUOUS
100
AcDbLine
 10
0.8287401574803149
 20
1.342273622047244
 30
0
 11
0.8260360236220472
 21
1.3425873622047244
 31
0
  0
LINE
  5
FEC
330
1A
100
AcDbEntity
  8
BLACK
  6
CONTINUOUS
100
AcDbLine
 10
0.8260360236220472
 20
1.3425873622047244
 30
0
 11
0.82206531496063
 21
1.3443405905511812
 31
0
  0
LINE
  5
FED
330
1A
100
AcDbEntity
  8
BLACK
  6
CONTINUOUS
100
AcDbLine
 10
0.82206531496063
 20
1.3443405905511812
 30
0
 11
0.8189961023622047
 21
1.3474098031496062
 31
0
  0
LINE
  5
FEE
330
1A
100
AcDbEntity
  8
BLACK
  6
CONTINUOUS
100
AcDbLine
 10
0.8189961023622047
 20
1.3474098031496062
 30
0
 11
0.817242874015748
 21
1.3513805118110236
 31
0
  0
LINE
  5
FEF
330
1A
100
AcDbEntity
  8
BLACK
  6
CONTINUOUS
100
AcDbLine
 10
0.817242874015748
 20
1.3513805118110236
 30
0
 11
0.8169291338582677
 21
1.3540846456692912
 31
0
  0
LINE
  5
FF0
330
1A
100
AcDbEntity
  8
BLACK
  6
CONTINUOUS
100
AcDbLine
 10
0.8169291338582677
 20
1.3540846456692912
 30
0
 11
0.8169291338582677
 21
1.3747539370078741
 31
0
  0
LINE
  5
FF1
330
1A
100
AcDbEntity
  8
BLACK
  6
CONTINUOUS
100
AcDbLine
 10
0.8169291338582677
 20
1.3747539370078741
 30
0
 11
0.817242874015748
 21
1.3774580708661417
 31
0
  0
LINE
  5
FF2
330
1A
100
AcDbEntity
  8
BLACK
  6
CONTINUOUS
100
AcDbLine
 10
0.817242874015748
 20
1.3774580708661417
 30
0
 11
0.8189961023622047
 21
1.381428779527559
 31
0
  0
LINE
  5
FF3
330
1A
100
AcDbEntity
  8
BLACK
  6
CONTINUOUS
100
AcDbLine
 10
0.8189961023622047
 20
1.381428779527559
 30
0
 11
0.82206531496063
 21
1.3844979921259841
 31
0
  0
LINE
  5
FF4
330
1A
100
AcDbEntity
  8
BLACK
  6
CONTINUOUS
100
AcDbLine
 10
0.82206531496063
 20
1.3844979921259841
 30
0
 11
0.8260360236220472
 21
1.3862512204724409
 31
0
  0
LINE
  5
FF5
330
1A
100
AcDbEntity
  8
BLACK
  6
CONTINUOUS
100
AcDbLine
 10
0.8260360236220472
 20
1.3862512204724409
 30
0
 11
0.8287401574803149
 21
1.3865649606299213
 31
0
  0
LINE
  5
FF6
330
1A
100
AcDbEntity
  8
BLACK
  6
CONTINUOUS
100
AcDbLine
 10
0.8287401574803149
 20
1.3865649606299213
 30
0
 11
0.8641732283464567
 21
1.3865649606299213
 31
0
  0
LINE
  5
FF7
330
1A
100
AcDbEntity
  8
BLACK
  6
CONTINUOUS
100
AcDbLine
 10
0.8641732283464567
 20
1.3865649606299213
 30
0
 11
0.8668773622047244
 21
1.3862512204724409
 31
0
  0
LINE
  5
FF8
330
1A
100
AcDbEntity
  8
BLACK
  6
CONTINUOUS
100
AcDbLine
 10
1.7230361811023622
 20
1.3644993307086615
 30
0
 11
1.7247924015748031
 21
1.3633258661417322
 31
0
  0
LINE
  5
FF9
330
1A
100
AcDbEntity
  8
BLACK
  6
CONTINUOUS
100
AcDbLine
 10
1.7247924015748031
 20
1.3633258661417322
 30
0
 11
1.7259658661417323
 21
1.3615696456692914
 31
0
  0
LINE
  5
FFA
330
1A
100
AcDbEntity
  8
BLACK
  6
CONTINUOUS
100
AcDbLine
 10
1.7259658661417323
 20
1.3615696456692914
 30
0
 11
1.7263779527559056
 21
1.359498031496063
 31
0
  0
LINE
  5
FFB
330
1A
100
AcDbEntity
  8
BLACK
  6
CONTINUOUS
100
AcDbLine
 10
1.7263779527559056
 20
1.359498031496063
 30
0
 11
1.7263779527559056
 21
1.3526082677165354
 31
0
  0
LINE
  5
FFC
330
1A
100
AcDbEntity
  8
BLACK
  6
CONTINUOUS
100
AcDbLine
 10
1.7263779527559056
 20
1.3526082677165354
 30
0
 11
1.7259658661417323
 21
1.350536653543307
 31
0
  0
LINE
  5
FFD
330
1A
100
AcDbEntity
  8
BLACK
  6
CONTINUOUS
100
AcDbLine
 10
1.7259658661417323
 20
1.350536653543307
 30
0
 11
1.7247924015748031
 21
1.3487804330708661
 31
0
  0
LINE
  5
FFE
330
1A
100
AcDbEntity
  8
BLACK
  6
CONTINUOUS
100
AcDbLine
 10
1.7247924015748031
 20
1.3487804330708661
 30
0
 11
1.7230361811023622
 21
1.3476069685039369
 31
0
  0
LINE
  5
FFF
330
1A
100
AcDbEntity
  8
BLACK
  6
CONTINUOUS
100
AcDbLine
 10
1.7230361811023622
 20
1.3476069685039369
 30
0
 11
1.7209645669291338
 21
1.3471948818897637
 31
0
  0
LINE
  5
1000
330
1A
100
AcDbEntity
  8
BLACK
  6
CONTINUOUS
100
AcDbLine
 10
1.7209645669291338
 20
1.3471948818897637
 30
0
 11
1.6638779527559056
 21
1.3471948818897637
 31
0
  0
LINE
  5
1001
330
1A
100
AcDbEntity
  8
BLACK
  6
CONTINUOUS
100
AcDbLine
 10
1.6638779527559056
 20
1.3471948818897637
 30
0
 11
1.6618063385826771
 21
1.3476069685039369
 31
0
  0
LINE
  5
1002
330
1A
100
AcDbEntity
  8
BLACK
  6
CONTINUOUS
100
AcDbLine
 10
1.6618063385826771
 20
1.3476069685039369
 30
0
 11
1.6600501181102363
 21
1.3487804330708661
 31
0
  0
LINE
  5
1003
330
1A
100
AcDbEntity
  8
BLACK
  6
CONTINUOUS
100
AcDbLine
 10
1.6600501181102363
 20
1.3487804330708661
 30
0
 11
1.658876653543307
 21
1.350536653543307
 31
0
  0
LINE
  5
1004
330
1A
100
AcDbEntity
  8
BLACK
  6
CONTINUOUS
100
AcDbLine
 10
1.658876653543307
 20
1.350536653543307
 30
0
 11
1.6584645669291338
 21
1.3526082677165354
 31
0
  0
LINE
  5
1005
330
1A
100
AcDbEntity
  8
BLACK
  6
CONTINUOUS
100
AcDbLine
 10
1.6584645669291338
 20
1.3526082677165354
 30
0
 11
1.6584645669291338
 21
1.359498031496063
 31
0
  0
LINE
  5
1006
330
1A
100
AcDbEntity
  8
BLACK
  6
CONTINUOUS
100
AcDbLine
 10
1.6584645669291338
 20
1.359498031496063
 30
0
 11
1.658876653543307
 21
1.3615696456692914
 31
0
  0
LINE
  5
1007
330
1A
100
AcDbEntity
  8
BLACK
  6
CONTINUOUS
100
AcDbLine
 10
1.658876653543307
 20
1.3615696456692914
 30
0
 11
1.6600501181102363
 21
1.3633258661417322
 31
0
  0
LINE
  5
1008
330
1A
100
AcDbEntity
  8
BLACK
  6
CONTINUOUS
100
AcDbLine
 10
1.6600501181102363
 20
1.3633258661417322
 30
0
 11
1.6618063385826771
 21
1.3644993307086615
 31
0
  0
LINE
  5
1009
330
1A
100
AcDbEntity
  8
BLACK
  6
CONTINUOUS
100
AcDbLine
 10
1.6618063385826771
 20
1.3644993307086615
 30
0
 11
1.6638779527559056
 21
1.3649114173228347
 31
0
  0
LINE
  5
100A
330
1A
100
AcDbEntity
  8
BLACK
  6
CONTINUOUS
100
AcDbLine
 10
1.6638779527559056
 20
1.3649114173228347
 30
0
 11
1.7209645669291338
 21
1.3649114173228347
 31
0
  0
LINE
  5
100B
330
1A
100
AcDbEntity
  8
BLACK
  6
CONTINUOUS
100
AcDbLine
 10
1.7209645669291338
 20
1.3649114173228347
 30
0
 11
1.7230361811023622
 21
1.3644993307086615
 31
0
  0
LINE
  5
100C
330
1A
100
AcDbEntity
  8
BLACK
  6
CONTINUOUS
100
AcDbLine
 10
1.8893747637795275
 20
1.3644993307086615
 30
0
 11
1.8911309842519683
 21
1.3633258661417322
 31
0
  0
LINE
  5
100D
330
1A
100
AcDbEntity
  8
BLACK
  6
CONTINUOUS
100
AcDbLine
 10
1.8911309842519683
 20
1.3633258661417322
 30
0
 11
1.8923044488188976
 21
1.3615696456692914
 31
0
  0
LINE
  5
100E
330
1A
100
AcDbEntity
  8
BLACK
  6
CONTINUOUS
100
AcDbLine
 10
1.8923044488188976
 20
1.3615696456692914
 30
0
 11
1.8927165354330708
 21
1.359498031496063
 31
0
  0
LINE
  5
100F
330
1A
100
AcDbEntity
  8
BLACK
  6
CONTINUOUS
100
AcDbLine
 10
1.8927165354330708
 20
1.359498031496063
 30
0
 11
1.8927165354330708
 21
1.3526082677165354
 31
0
  0
LINE
  5
1010
330
1A
100
AcDbEntity
  8
BLACK
  6
CONTINUOUS
100
AcDbLine
 10
1.8927165354330708
 20
1.3526082677165354
 30
0
 11
1.8923044488188976
 21
1.350536653543307
 31
0
  0
LINE
  5
1011
330
1A
100
AcDbEntity
  8
BLACK
  6
CONTINUOUS
100
AcDbLine
 10
1.8923044488188976
 20
1.350536653543307
 30
0
 11
1.8911309842519683
 21
1.3487804330708661
 31
0
  0
LINE
  5
1012
330
1A
100
AcDbEntity
  8
BLACK
  6
CONTINUOUS
100
AcDbLine
 10
1.8911309842519683
 20
1.3487804330708661
 30
0
 11
1.8893747637795275
 21
1.3476069685039369
 31
0
  0
LINE
  5
1013
330
1A
100
AcDbEntity
  8
BLACK
  6
CONTINUOUS
100
AcDbLine
 10
1.8893747637795275
 20
1.3476069685039369
 30
0
 11
1.8873031496062991
 21
1.3471948818897637
 31
0
  0
LINE
  5
1014
330
1A
100
AcDbEntity
  8
BLACK
  6
CONTINUOUS
100
AcDbLine
 10
1.8873031496062991
 20
1.3471948818897637
 30
0
 11
1.8302165354330708
 21
1.3471948818897637
 31
0
  0
LINE
  5
1015
330
1A
100
AcDbEntity
  8
BLACK
  6
CONTINUOUS
100
AcDbLine
 10
1.8302165354330708
 20
1.3471948818897637
 30
0
 11
1.8281449212598424
 21
1.3476069685039369
 31
0
  0
LINE
  5
1016
330
1A
100
AcDbEntity
  8
BLACK
  6
CONTINUOUS
100
AcDbLine
 10
1.8281449212598424
 20
1.3476069685039369
 30
0
 11
1.8263887007874016
 21
1.3487804330708661
 31
0
  0
LINE
  5
1017
330
1A
100
AcDbEntity
  8
BLACK
  6
CONTINUOUS
100
AcDbLine
 10
1.8263887007874016
 20
1.3487804330708661
 30
0
 11
1.8252152362204723
 21
1.350536653543307
 31
0
  0
LINE
  5
1018
330
1A
100
AcDbEntity
  8
BLACK
  6
CONTINUOUS
100
AcDbLine
 10
1.8252152362204723
 20
1.350536653543307
 30
0
 11
1.8248031496062991
 21
1.3526082677165354
 31
0
  0
LINE
  5
1019
330
1A
100
AcDbEntity
  8
BLACK
  6
CONTINUOUS
100
AcDbLine
 10
1.8248031496062991
 20
1.3526082677165354
 30
0
 11
1.8248031496062991
 21
1.359498031496063
 31
0
  0
LINE
  5
101A
330
1A
100
AcDbEntity
  8
BLACK
  6
CONTINUOUS
100
AcDbLine
 10
1.8248031496062991
 20
1.359498031496063
 30
0
 11
1.8252152362204723
 21
1.3615696456692914
 31
0
  0
LINE
  5
101B
330
1A
100
AcDbEntity
  8
BLACK
  6
CONTINUOUS
100
AcDbLine
 10
1.8252152362204723
 20
1.3615696456692914
 30
0
 11
1.8263887007874016
 21
1.3633258661417322
 31
0
  0
LINE
  5
101C
330
1A
100
AcDbEntity
  8
BLACK
  6
CONTINUOUS
100
AcDbLine
 10
1.8263887007874016
 20
1.3633258661417322
 30
0
 11
1.8281449212598424
 21
1.3644993307086615
 31
0
  0
LINE
  5
101D
330
1A
100
AcDbEntity
  8
BLACK
  6
CONTINUOUS
100
AcDbLine
 10
1.8281449212598424
 20
1.3644993307086615
 30
0
 11
1.8302165354330708
 21
1.3649114173228347
 31
0
  0
LINE
  5
101E
330
1A
100
AcDbEntity
  8
BLACK
  6
CONTINUOUS
100
AcDbLine
 10
1.8302165354330708
 20
1.3649114173228347
 30
0
 11
1.8873031496062991
 21
1.3649114173228347
 31
0
  0
LINE
  5
101F
330
1A
100
AcDbEntity
  8
BLACK
  6
CONTINUOUS
100
AcDbLine
 10
1.8873031496062991
 20
1.3649114173228347
 30
0
 11
1.8893747637795275
 21
1.3644993307086615
 31
0
  0
LINE
  5
1020
330
1A
100
AcDbEntity
  8
BLACK
  6
CONTINUOUS
100
AcDbLine
 10
2.084290118110236
 20
1.3787655118110236
 30
0
 11
2.0855929133858266
 21
1.3778949999999999
 31
0
  0
LINE
  5
1021
330
1A
100
AcDbEntity
  8
BLACK
  6
CONTINUOUS
100
AcDbLine
 10
2.0855929133858266
 20
1.3778949999999999
 30
0
 11
2.0864634251968504
 21
1.3765922047244095
 31
0
  0
LINE
  5
1022
330
1A
100
AcDbEntity
  8
BLACK
  6
CONTINUOUS
100
AcDbLine
 10
2.0864634251968504
 20
1.3765922047244095
 30
0
 11
2.0867690944881891
 21
1.3750554330708662
 31
0
  0
LINE
  5
1023
330
1A
100
AcDbEntity
  8
BLACK
  6
CONTINUOUS
100
AcDbLine
 10
2.0867690944881891
 20
1.3750554330708662
 30
0
 11
2.0867690944881891
 21
1.3610554330708662
 31
0
  0
LINE
  5
1024
330
1A
100
AcDbEntity
  8
BLACK
  6
CONTINUOUS
100
AcDbLine
 10
2.0867690944881891
 20
1.3610554330708662
 30
0
 11
2.0864634251968504
 21
1.3595186614173227
 31
0
  0
LINE
  5
1025
330
1A
100
AcDbEntity
  8
BLACK
  6
CONTINUOUS
100
AcDbLine
 10
2.0864634251968504
 20
1.3595186614173227
 30
0
 11
2.0855929133858266
 21
1.3582158661417323
 31
0
  0
LINE
  5
1026
330
1A
100
AcDbEntity
  8
BLACK
  6
CONTINUOUS
100
AcDbLine
 10
2.0855929133858266
 20
1.3582158661417323
 30
0
 11
2.084290118110236
 21
1.3573453543307086
 31
0
  0
LINE
  5
1027
330
1A
100
AcDbEntity
  8
BLACK
  6
CONTINUOUS
100
AcDbLine
 10
2.084290118110236
 20
1.3573453543307086
 30
0
 11
2.082753346456693
 21
1.35703968503937
 31
0
  0
LINE
  5
1028
330
1A
100
AcDbEntity
  8
BLACK
  6
CONTINUOUS
100
AcDbLine
 10
2.082753346456693
 20
1.35703968503937
 30
0
 11
2.0367533464566927
 21
1.35703968503937
 31
0
  0
LINE
  5
1029
330
1A
100
AcDbEntity
  8
BLACK
  6
CONTINUOUS
100
AcDbLine
 10
2.0367533464566927
 20
1.35703968503937
 30
0
 11
2.0352165748031497
 21
1.3573453543307086
 31
0
  0
LINE
  5
102A
330
1A
100
AcDbEntity
  8
BLACK
  6
CONTINUOUS
100
AcDbLine
 10
2.0352165748031497
 20
1.3573453543307086
 30
0
 11
2.033913779527559
 21
1.3582158661417323
 31
0
  0
LINE
  5
102B
330
1A
100
AcDbEntity
  8
BLACK
  6
CONTINUOUS
100
AcDbLine
 10
2.033913779527559
 20
1.3582158661417323
 30
0
 11
2.0330432677165353
 21
1.3595186614173227
 31
0
  0
LINE
  5
102C
330
1A
100
AcDbEntity
  8
BLACK
  6
CONTINUOUS
100
AcDbLine
 10
2.0330432677165353
 20
1.3595186614173227
 30
0
 11
2.032737598425197
 21
1.3610554330708662
 31
0
  0
LINE
  5
102D
330
1A
100
AcDbEntity
  8
BLACK
  6
CONTINUOUS
100
AcDbLine
 10
2.032737598425197
 20
1.3610554330708662
 30
0
 11
2.032737598425197
 21
1.3750554330708662
 31
0
  0
LINE
  5
102E
330
1A
100
AcDbEntity
  8
BLACK
  6
CONTINUOUS
100
AcDbLine
 10
2.032737598425197
 20
1.3750554330708662
 30
0
 11
2.0330432677165353
 21
1.3765922047244095
 31
0
  0
LINE
  5
102F
330
1A
100
AcDbEntity
  8
BLACK
  6
CONTINUOUS
100
AcDbLine
 10
2.0330432677165353
 20
1.3765922047244095
 30
0
 11
2.033913779527559
 21
1.3778949999999999
 31
0
  0
LINE
  5
1030
330
1A
100
AcDbEntity
  8
BLACK
  6
CONTINUOUS
100
AcDbLine
 10
2.033913779527559
 20
1.3778949999999999
 30
0
 11
2.0352165748031497
 21
1.3787655118110236
 31
0
  0
LINE
  5
1031
330
1A
100
AcDbEntity
  8
BLACK
  6
CONTINUOUS
100
AcDbLine
 10
2.0352165748031497
 20
1.3787655118110236
 30
0
 11
2.0367533464566927
 21
1.3790711811023622
 31
0
  0
LINE
  5
1032
330
1A
100
AcDbEntity
  8
BLACK
  6
CONTINUOUS
100
AcDbLine
 10
2.0367533464566927
 20
1.3790711811023622
 30
0
 11
2.082753346456693
 21
1.3790711811023622
 31
0
  0
LINE
  5
1033
330
1A
100
AcDbEntity
  8
BLACK
  6
CONTINUOUS
100
AcDbLine
 10
2.082753346456693
 20
1.3790711811023622
 30
0
 11
2.084290118110236
 21
1.3787655118110236
 31
0
  0
LINE
  5
1034
330
1A
100
AcDbEntity
  8
BLACK
  6
CONTINUOUS
100
AcDbLine
 10
2.1662901181102363
 20
1.3787655118110236
 30
0
 11
2.1675929133858269
 21
1.3778949999999999
 31
0
  0
LINE
  5
1035
330
1A
100
AcDbEntity
  8
BLACK
  6
CONTINUOUS
100
AcDbLine
 10
2.1675929133858269
 20
1.3778949999999999
 30
0
 11
2.1684634251968502
 21
1.3765922047244095
 31
0
  0
LINE
  5
1036
330
1A
100
AcDbEntity
  8
BLACK
  6
CONTINUOUS
100
AcDbLine
 10
2.1684634251968502
 20
1.3765922047244095
 30
0
 11
2.168769094488189
 21
1.3750554330708662
 31
0
  0
LINE
  5
1037
330
1A
100
AcDbEntity
  8
BLACK
  6
CONTINUOUS
100
AcDbLine
 10
2.168769094488189
 20
1.3750554330708662
 30
0
 11
2.168769094488189
 21
1.3610554330708662
 31
0
  0
LINE
  5
1038
330
1A
100
AcDbEntity
  8
BLACK
  6
CONTINUOUS
100
AcDbLine
 10
2.168769094488189
 20
1.3610554330708662
 30
0
 11
2.1684634251968502
 21
1.3595186614173227
 31
0
  0
LINE
  5
1039
330
1A
100
AcDbEntity
  8
BLACK
  6
CONTINUOUS
100
AcDbLine
 10
2.1684634251968502
 20
1.3595186614173227
 30
0
 11
2.1675929133858269
 21
1.3582158661417323
 31
0
  0
LINE
  5
103A
330
1A
100
AcDbEntity
  8
BLACK
  6
CONTINUOUS
100
AcDbLine
 10
2.1675929133858269
 20
1.3582158661417323
 30
0
 11
2.1662901181102363
 21
1.3573453543307086
 31
0
  0
LINE
  5
103B
330
1A
100
AcDbEntity
  8
BLACK
  6
CONTINUOUS
100
AcDbLine
 10
2.1662901181102363
 20
1.3573453543307086
 30
0
 11
2.1647533464566928
 21
1.35703968503937
 31
0
  0
LINE
  5
103C
330
1A
100
AcDbEntity
  8
BLACK
  6
CONTINUOUS
100
AcDbLine
 10
2.1647533464566928
 20
1.35703968503937
 30
0
 11
2.118753346456693
 21
1.35703968503937
 31
0
  0
LINE
  5
103D
330
1A
100
AcDbEntity
  8
BLACK
  6
CONTINUOUS
100
AcDbLine
 10
2.118753346456693
 20
1.35703968503937
 30
0
 11
2.1172165748031495
 21
1.3573453543307086
 31
0
  0
LINE
  5
103E
330
1A
100
AcDbEntity
  8
BLACK
  6
CONTINUOUS
100
AcDbLine
 10
2.1172165748031495
 20
1.3573453543307086
 30
0
 11
2.1159137795275589
 21
1.3582158661417323
 31
0
  0
LINE
  5
103F
330
1A
100
AcDbEntity
  8
BLACK
  6
CONTINUOUS
100
AcDbLine
 10
2.1159137795275589
 20
1.3582158661417323
 30
0
 11
2.1150432677165352
 21
1.3595186614173227
 31
0
  0
LINE
  5
1040
330
1A
100
AcDbEntity
  8
BLACK
  6
CONTINUOUS
100
AcDbLine
 10
2.1150432677165352
 20
1.3595186614173227
 30
0
 11
2.1147375984251968
 21
1.3610554330708662
 31
0
  0
LINE
  5
1041
330
1A
100
AcDbEntity
  8
BLACK
  6
CONTINUOUS
100
AcDbLine
 10
2.1147375984251968
 20
1.3610554330708662
 30
0
 11
2.1147375984251968
 21
1.3750554330708662
 31
0
  0
LINE
  5
1042
330
1A
100
AcDbEntity
  8
BLACK
  6
CONTINUOUS
100
AcDbLine
 10
2.1147375984251968
 20
1.3750554330708662
 30
0
 11
2.1150432677165352
 21
1.3765922047244095
 31
0
  0
LINE
  5
1043
330
1A
100
AcDbEntity
  8
BLACK
  6
CONTINUOUS
100
AcDbLine
 10
2.1150432677165352
 20
1.3765922047244095
 30
0
 11
2.1159137795275589
 21
1.3778949999999999
 31
0
  0
LINE
  5
1044
330
1A
100
AcDbEntity
  8
BLACK
  6
CONTINUOUS
100
AcDbLine
 10
2.1159137795275589
 20
1.3778949999999999
 30
0
 11
2.1172165748031495
 21
1.3787655118110236
 31
0
  0
LINE
  5
1045
330
1A
100
AcDbEntity
  8
BLACK
  6
CONTINUOUS
100
AcDbLine
 10
2.1172165748031495
 20
1.3787655118110236
 30
0
 11
2.118753346456693
 21
1.3790711811023622
 31
0
  0
LINE
  5
1046
330
1A
100
AcDbEntity
  8
BLACK
  6
CONTINUOUS
100
AcDbLine
 10
2.118753346456693
 20
1.3790711811023622
 30
0
 11
2.1647533464566928
 21
1.3790711811023622
 31
0
  0
LINE
  5
1047
330
1A
100
AcDbEntity
  8
BLACK
  6
CONTINUOUS
100
AcDbLine
 10
2.1647533464566928
 20
1.3790711811023622
 30
0
 11
2.1662901181102363
 21
1.3787655118110236
 31
0
  0
LINE
  5
1048
330
1A
100
AcDbEntity
  8
BLACK
  6
CONTINUOUS
100
AcDbLine
 10
1.306162874015748
 20
1.4164774015748032
 30
0
 11
1.3087173622047243
 21
1.4147705118110236
 31
0
  0
LINE
  5
1049
330
1A
100
AcDbEntity
  8
BLACK
  6
CONTINUOUS
100
AcDbLine
 10
1.3087173622047243
 20
1.4147705118110236
 30
0
 11
1.3104242519685039
 21
1.4122160236220471
 31
0
  0
LINE
  5
104A
330
1A
100
AcDbEntity
  8
BLACK
  6
CONTINUOUS
100
AcDbLine
 10
1.3104242519685039
 20
1.4122160236220471
 30
0
 11
1.311023622047244
 21
1.4092027559055118
 31
0
  0
LINE
  5
104B
330
1A
100
AcDbEntity
  8
BLACK
  6
CONTINUOUS
100
AcDbLine
 10
1.311023622047244
 20
1.4092027559055118
 30
0
 11
1.311023622047244
 21
1.3688484251968505
 31
0
  0
LINE
  5
104C
330
1A
100
AcDbEntity
  8
BLACK
  6
CONTINUOUS
100
AcDbLine
 10
1.311023622047244
 20
1.3688484251968505
 30
0
 11
1.3104242519685039
 21
1.3658351574803149
 31
0
  0
LINE
  5
104D
330
1A
100
AcDbEntity
  8
BLACK
  6
CONTINUOUS
100
AcDbLine
 10
1.3104242519685039
 20
1.3658351574803149
 30
0
 11
1.3087173622047243
 21
1.3632806692913386
 31
0
  0
LINE
  5
104E
330
1A
100
AcDbEntity
  8
BLACK
  6
CONTINUOUS
100
AcDbLine
 10
1.3087173622047243
 20
1.3632806692913386
 30
0
 11
1.306162874015748
 21
1.3615737795275591
 31
0
  0
LINE
  5
104F
330
1A
100
AcDbEntity
  8
BLACK
  6
CONTINUOUS
100
AcDbLine
 10
1.306162874015748
 20
1.3615737795275591
 30
0
 11
1.3031496062992125
 21
1.3609744094488188
 31
0
  0
LINE
  5
1050
330
1A
100
AcDbEntity
  8
BLACK
  6
CONTINUOUS
100
AcDbLine
 10
1.3031496062992125
 20
1.3609744094488188
 30
0
 11
1.2913385826771653
 21
1.3609744094488188
 31
0
  0
LINE
  5
1051
330
1A
100
AcDbEntity
  8
BLACK
  6
CONTINUOUS
100
AcDbLine
 10
1.2913385826771653
 20
1.3609744094488188
 30
0
 11
1.28832531496063
 21
1.3615737795275591
 31
0
  0
LINE
  5
1052
330
1A
100
AcDbEntity
  8
BLACK
  6
CONTINUOUS
100
AcDbLine
 10
1.28832531496063
 20
1.3615737795275591
 30
0
 11
1.2857708267716534
 21
1.3632806692913386
 31
0
  0
LINE
  5
1053
330
1A
100
AcDbEntity
  8
BLACK
  6
CONTINUOUS
100
AcDbLine
 10
1.2857708267716534
 20
1.3632806692913386
 30
0
 11
1.2840639370078739
 21
1.3658351574803149
 31
0
  0
LINE
  5
1054
330
1A
100
AcDbEntity
  8
BLACK
  6
CONTINUOUS
100
AcDbLine
 10
1.2840639370078739
 20
1.3658351574803149
 30
0
 11
1.2834645669291338
 21
1.3688484251968505
 31
0
  0
LINE
  5
1055
330
1A
100
AcDbEntity
  8
BLACK
  6
CONTINUOUS
100
AcDbLine
 10
1.2834645669291338
 20
1.3688484251968505
 30
0
 11
1.2834645669291338
 21
1.4092027559055118
 31
0
  0
LINE
  5
1056
330
1A
100
AcDbEntity
  8
BLACK
  6
CONTINUOUS
100
AcDbLine
 10
1.2834645669291338
 20
1.4092027559055118
 30
0
 11
1.2840639370078739
 21
1.4122160236220471
 31
0
  0
LINE
  5
1057
330
1A
100
AcDbEntity
  8
BLACK
  6
CONTINUOUS
100
AcDbLine
 10
1.2840639370078739
 20
1.4122160236220471
 30
0
 11
1.2857708267716534
 21
1.4147705118110236
 31
0
  0
LINE
  5
1058
330
1A
100
AcDbEntity
  8
BLACK
  6
CONTINUOUS
100
AcDbLine
 10
1.2857708267716534
 20
1.4147705118110236
 30
0
 11
1.28832531496063
 21
1.4164774015748032
 31
0
  0
LINE
  5
1059
330
1A
100
AcDbEntity
  8
BLACK
  6
CONTINUOUS
100
AcDbLine
 10
1.28832531496063
 20
1.4164774015748032
 30
0
 11
1.2913385826771653
 21
1.4170767716535433
 31
0
  0
LINE
  5
105A
330
1A
100
AcDbEntity
  8
BLACK
  6
CONTINUOUS
100
AcDbLine
 10
1.2913385826771653
 20
1.4170767716535433
 30
0
 11
1.3031496062992125
 21
1.4170767716535433
 31
0
  0
LINE
  5
105B
330
1A
100
AcDbEntity
  8
BLACK
  6
CONTINUOUS
100
AcDbLine
 10
1.3031496062992125
 20
1.4170767716535433
 30
0
 11
1.306162874015748
 21
1.4164774015748032
 31
0
  0
LINE
  5
105C
330
1A
100
AcDbEntity
  8
BLACK
  6
CONTINUOUS
100
AcDbLine
 10
1.3435644488188976
 20
1.4164774015748032
 30
0
 11
1.3461189370078739
 21
1.4147705118110236
 31
0
  0
LINE
  5
105D
330
1A
100
AcDbEntity
  8
BLACK
  6
CONTINUOUS
100
AcDbLine
 10
1.3461189370078739
 20
1.4147705118110236
 30
0
 11
1.3478258267716534
 21
1.4122160236220471
 31
0
  0
LINE
  5
105E
330
1A
100
AcDbEntity
  8
BLACK
  6
CONTINUOUS
100
AcDbLine
 10
1.3478258267716534
 20
1.4122160236220471
 30
0
 11
1.3484251968503937
 21
1.4092027559055118
 31
0
  0
LINE
  5
105F
330
1A
100
AcDbEntity
  8
BLACK
  6
CONTINUOUS
100
AcDbLine
 10
1.3484251968503937
 20
1.4092027559055118
 30
0
 11
1.3484251968503937
 21
1.3688484251968505
 31
0
  0
LINE
  5
1060
330
1A
100
AcDbEntity
  8
BLACK
  6
CONTINUOUS
100
AcDbLine
 10
1.3484251968503937
 20
1.3688484251968505
 30
0
 11
1.3478258267716534
 21
1.3658351574803149
 31
0
  0
LINE
  5
1061
330
1A
100
AcDbEntity
  8
BLACK
  6
CONTINUOUS
100
AcDbLine
 10
1.3478258267716534
 20
1.3658351574803149
 30
0
 11
1.3461189370078739
 21
1.3632806692913386
 31
0
  0
LINE
  5
1062
330
1A
100
AcDbEntity
  8
BLACK
  6
CONTINUOUS
100
AcDbLine
 10
1.3461189370078739
 20
1.3632806692913386
 30
0
 11
1.3435644488188976
 21
1.3615737795275591
 31
0
  0
LINE
  5
1063
330
1A
100
AcDbEntity
  8
BLACK
  6
CONTINUOUS
100
AcDbLine
 10
1.3435644488188976
 20
1.3615737795275591
 30
0
 11
1.3405511811023623
 21
1.3609744094488188
 31
0
  0
LINE
  5
1064
330
1A
100
AcDbEntity
  8
BLACK
  6
CONTINUOUS
100
AcDbLine
 10
1.3405511811023623
 20
1.3609744094488188
 30
0
 11
1.3287401574803148
 21
1.3609744094488188
 31
0
  0
LINE
  5
1065
330
1A
100
AcDbEntity
  8
BLACK
  6
CONTINUOUS
100
AcDbLine
 10
1.3287401574803148
 20
1.3609744094488188
 30
0
 11
1.3257268897637795
 21
1.3615737795275591
 31
0
  0
LINE
  5
1066
330
1A
100
AcDbEntity
  8
BLACK
  6
CONTINUOUS
100
AcDbLine
 10
1.3257268897637795
 20
1.3615737795275591
 30
0
 11
1.3231724015748032
 21
1.3632806692913386
 31
0
  0
LINE
  5
1067
330
1A
100
AcDbEntity
  8
BLACK
  6
CONTINUOUS
100
AcDbLine
 10
1.3231724015748032
 20
1.3632806692913386
 30
0
 11
1.3214655118110237
 21
1.3658351574803149
 31
0
  0
LINE
  5
1068
330
1A
100
AcDbEntity
  8
BLACK
  6
CONTINUOUS
100
AcDbLine
 10
1.3214655118110237
 20
1.3658351574803149
 30
0
 11
1.3208661417322833
 21
1.3688484251968505
 31
0
  0
LINE
  5
1069
330
1A
100
AcDbEntity
  8
BLACK
  6
CONTINUOUS
100
AcDbLine
 10
1.3208661417322833
 20
1.3688484251968505
 30
0
 11
1.3208661417322833
 21
1.4092027559055118
 31
0
  0
LINE
  5
106A
330
1A
100
AcDbEntity
  8
BLACK
  6
CONTINUOUS
100
AcDbLine
 10
1.3208661417322833
 20
1.4092027559055118
 30
0
 11
1.3214655118110237
 21
1.4122160236220471
 31
0
  0
LINE
  5
106B
330
1A
100
AcDbEntity
  8
BLACK
  6
CONTINUOUS
100
AcDbLine
 10
1.3214655118110237
 20
1.4122160236220471
 30
0
 11
1.3231724015748032
 21
1.4147705118110236
 31
0
  0
LINE
  5
106C
330
1A
100
AcDbEntity
  8
BLACK
  6
CONTINUOUS
100
AcDbLine
 10
1.3231724015748032
 20
1.4147705118110236
 30
0
 11
1.3257268897637795
 21
1.4164774015748032
 31
0
  0
LINE
  5
106D
330
1A
100
AcDbEntity
  8
BLACK
  6
CONTINUOUS
100
AcDbLine
 10
1.3257268897637795
 20
1.4164774015748032
 30
0
 11
1.3287401574803148
 21
1.4170767716535433
 31
0
  0
LINE
  5
106E
330
1A
100
AcDbEntity
  8
BLACK
  6
CONTINUOUS
100
AcDbLine
 10
1.3287401574803148
 20
1.4170767716535433
 30
0
 11
1.3405511811023623
 21
1.4170767716535433
 31
0
  0
LINE
  5
106F
330
1A
100
AcDbEntity
  8
BLACK
  6
CONTINUOUS
100
AcDbLine
 10
1.3405511811023623
 20
1.4170767716535433
 30
0
 11
1.3435644488188976
 21
1.4164774015748032
 31
0
  0
LINE
  5
1070
330
1A
100
AcDbEntity
  8
BLACK
  6
CONTINUOUS
100
AcDbLine
 10
1.3809660236220471
 20
1.4164774015748032
 30
0
 11
1.3835205118110236
 21
1.4147705118110236
 31
0
  0
LINE
  5
1071
330
1A
100
AcDbEntity
  8
BLACK
  6
CONTINUOUS
100
AcDbLine
 10
1.3835205118110236
 20
1.4147705118110236
 30
0
 11
1.3852274015748032
 21
1.4122160236220471
 31
0
  0
LINE
  5
1072
330
1A
100
AcDbEntity
  8
BLACK
  6
CONTINUOUS
100
AcDbLine
 10
1.3852274015748032
 20
1.4122160236220471
 30
0
 11
1.3858267716535433
 21
1.4092027559055118
 31
0
  0
LINE
  5
1073
330
1A
100
AcDbEntity
  8
BLACK
  6
CONTINUOUS
100
AcDbLine
 10
1.3858267716535433
 20
1.4092027559055118
 30
0
 11
1.3858267716535433
 21
1.3688484251968505
 31
0
  0
LINE
  5
1074
330
1A
100
AcDbEntity
  8
BLACK
  6
CONTINUOUS
100
AcDbLine
 10
1.3858267716535433
 20
1.3688484251968505
 30
0
 11
1.3852274015748032
 21
1.3658351574803149
 31
0
  0
LINE
  5
1075
330
1A
100
AcDbEntity
  8
BLACK
  6
CONTINUOUS
100
AcDbLine
 10
1.3852274015748032
 20
1.3658351574803149
 30
0
 11
1.3835205118110236
 21
1.3632806692913386
 31
0
  0
LINE
  5
1076
330
1A
100
AcDbEntity
  8
BLACK
  6
CONTINUOUS
100
AcDbLine
 10
1.3835205118110236
 20
1.3632806692913386
 30
0
 11
1.3809660236220471
 21
1.3615737795275591
 31
0
  0
LINE
  5
1077
330
1A
100
AcDbEntity
  8
BLACK
  6
CONTINUOUS
100
AcDbLine
 10
1.3809660236220471
 20
1.3615737795275591
 30
0
 11
1.3779527559055118
 21
1.3609744094488188
 31
0
  0
LINE
  5
1078
330
1A
100
AcDbEntity
  8
BLACK
  6
CONTINUOUS
100
AcDbLine
 10
1.3779527559055118
 20
1.3609744094488188
 30
0
 11
1.3661417322834646
 21
1.3609744094488188
 31
0
  0
LINE
  5
1079
330
1A
100
AcDbEntity
  8
BLACK
  6
CONTINUOUS
100
AcDbLine
 10
1.3661417322834646
 20
1.3609744094488188
 30
0
 11
1.363128464566929
 21
1.3615737795275591
 31
0
  0
LINE
  5
107A
330
1A
100
AcDbEntity
  8
BLACK
  6
CONTINUOUS
100
AcDbLine
 10
1.363128464566929
 20
1.3615737795275591
 30
0
 11
1.3605739763779527
 21
1.3632806692913386
 31
0
  0
LINE
  5
107B
330
1A
100
AcDbEntity
  8
BLACK
  6
CONTINUOUS
100
AcDbLine
 10
1.3605739763779527
 20
1.3632806692913386
 30
0
 11
1.3588670866141732
 21
1.3658351574803149
 31
0
  0
LINE
  5
107C
330
1A
100
AcDbEntity
  8
BLACK
  6
CONTINUOUS
100
AcDbLine
 10
1.3588670866141732
 20
1.3658351574803149
 30
0
 11
1.3582677165354331
 21
1.3688484251968505
 31
0
  0
LINE
  5
107D
330
1A
100
AcDbEntity
  8
BLACK
  6
CONTINUOUS
100
AcDbLine
 10
1.3582677165354331
 20
1.3688484251968505
 30
0
 11
1.3582677165354331
 21
1.4092027559055118
 31
0
  0
LINE
  5
107E
330
1A
100
AcDbEntity
  8
BLACK
  6
CONTINUOUS
100
AcDbLine
 10
1.3582677165354331
 20
1.4092027559055118
 30
0
 11
1.3588670866141732
 21
1.4122160236220471
 31
0
  0
LINE
  5
107F
330
1A
100
AcDbEntity
  8
BLACK
  6
CONTINUOUS
100
AcDbLine
 10
1.3588670866141732
 20
1.4122160236220471
 30
0
 11
1.3605739763779527
 21
1.4147705118110236
 31
0
  0
LINE
  5
1080
330
1A
100
AcDbEntity
  8
BLACK
  6
CONTINUOUS
100
AcDbLine
 10
1.3605739763779527
 20
1.4147705118110236
 30
0
 11
1.363128464566929
 21
1.4164774015748032
 31
0
  0
LINE
  5
1081
330
1A
100
AcDbEntity
  8
BLACK
  6
CONTINUOUS
100
AcDbLine
 10
1.363128464566929
 20
1.4164774015748032
 30
0
 11
1.3661417322834646
 21
1.4170767716535433
 31
0
  0
LINE
  5
1082
330
1A
100
AcDbEntity
  8
BLACK
  6
CONTINUOUS
100
AcDbLine
 10
1.3661417322834646
 20
1.4170767716535433
 30
0
 11
1.3779527559055118
 21
1.4170767716535433
 31
0
  0
LINE
  5
1083
330
1A
100
AcDbEntity
  8
BLACK
  6
CONTINUOUS
100
AcDbLine
 10
1.3779527559055118
 20
1.4170767716535433
 30
0
 11
1.3809660236220471
 21
1.4164774015748032
 31
0
  0
LINE
  5
1084
330
1A
100
AcDbEntity
  8
BLACK
  6
CONTINUOUS
100
AcDbLine
 10
1.7230361811023622
 20
1.3841843700787402
 30
0
 11
1.7247924015748031
 21
1.3830109055118109
 31
0
  0
LINE
  5
1085
330
1A
100
AcDbEntity
  8
BLACK
  6
CONTINUOUS
100
AcDbLine
 10
1.7247924015748031
 20
1.3830109055118109
 30
0
 11
1.7259658661417323
 21
1.3812546850393701
 31
0
  0
LINE
  5
1086
330
1A
100
AcDbEntity
  8
BLACK
  6
CONTINUOUS
100
AcDbLine
 10
1.7259658661417323
 20
1.3812546850393701
 30
0
 11
1.7263779527559056
 21
1.3791830708661417
 31
0
  0
LINE
  5
1087
330
1A
100
AcDbEntity
  8
BLACK
  6
CONTINUOUS
100
AcDbLine
 10
1.7263779527559056
 20
1.3791830708661417
 30
0
 11
1.7263779527559056
 21
1.3722933070866141
 31
0
  0
LINE
  5
1088
330
1A
100
AcDbEntity
  8
BLACK
  6
CONTINUOUS
100
AcDbLine
 10
1.7263779527559056
 20
1.3722933070866141
 30
0
 11
1.7259658661417323
 21
1.3702216929133857
 31
0
  0
LINE
  5
1089
330
1A
100
AcDbEntity
  8
BLACK
  6
CONTINUOUS
100
AcDbLine
 10
1.7259658661417323
 20
1.3702216929133857
 30
0
 11
1.7247924015748031
 21
1.3684654724409449
 31
0
  0
LINE
  5
108A
330
1A
100
AcDbEntity
  8
BLACK
  6
CONTINUOUS
100
AcDbLine
 10
1.7247924015748031
 20
1.3684654724409449
 30
0
 11
1.7230361811023622
 21
1.3672920078740156
 31
0
  0
LINE
  5
108B
330
1A
100
AcDbEntity
  8
BLACK
  6
CONTINUOUS
100
AcDbLine
 10
1.7230361811023622
 20
1.3672920078740156
 30
0
 11
1.7209645669291338
 21
1.3668799212598426
 31
0
  0
LINE
  5
108C
330
1A
100
AcDbEntity
  8
BLACK
  6
CONTINUOUS
100
AcDbLine
 10
1.7209645669291338
 20
1.3668799212598426
 30
0
 11
1.6638779527559056
 21
1.3668799212598426
 31
0
  0
LINE
  5
108D
330
1A
100
AcDbEntity
  8
BLACK
  6
CONTINUOUS
100
AcDbLine
 10
1.6638779527559056
 20
1.3668799212598426
 30
0
 11
1.6618063385826771
 21
1.3672920078740156
 31
0
  0
LINE
  5
108E
330
1A
100
AcDbEntity
  8
BLACK
  6
CONTINUOUS
100
AcDbLine
 10
1.6618063385826771
 20
1.3672920078740156
 30
0
 11
1.6600501181102363
 21
1.3684654724409449
 31
0
  0
LINE
  5
108F
330
1A
100
AcDbEntity
  8
BLACK
  6
CONTINUOUS
100
AcDbLine
 10
1.6600501181102363
 20
1.3684654724409449
 30
0
 11
1.658876653543307
 21
1.3702216929133857
 31
0
  0
LINE
  5
1090
330
1A
100
AcDbEntity
  8
BLACK
  6
CONTINUOUS
100
AcDbLine
 10
1.658876653543307
 20
1.3702216929133857
 30
0
 11
1.6584645669291338
 21
1.3722933070866141
 31
0
  0
LINE
  5
1091
330
1A
100
AcDbEntity
  8
BLACK
  6
CONTINUOUS
100
AcDbLine
 10
1.6584645669291338
 20
1.3722933070866141
 30
0
 11
1.6584645669291338
 21
1.3791830708661417
 31
0
  0
LINE
  5
1092
330
1A
100
AcDbEntity
  8
BLACK
  6
CONTINUOUS
100
AcDbLine
 10
1.6584645669291338
 20
1.3791830708661417
 30
0
 11
1.658876653543307
 21
1.3812546850393701
 31
0
  0
LINE
  5
1093
330
1A
100
AcDbEntity
  8
BLACK
  6
CONTINUOUS
100
AcDbLine
 10
1.658876653543307
 20
1.3812546850393701
 30
0
 11
1.6600501181102363
 21
1.3830109055118109
 31
0
  0
LINE
  5
1094
330
1A
100
AcDbEntity
  8
BLACK
  6
CONTINUOUS
100
AcDbLine
 10
1.6600501181102363
 20
1.3830109055118109
 30
0
 11
1.6618063385826771
 21
1.3841843700787402
 31
0
  0
LINE
  5
1095
330
1A
100
AcDbEntity
  8
BLACK
  6
CONTINUOUS
100
AcDbLine
 10
1.6618063385826771
 20
1.3841843700787402
 30
0
 11
1.6638779527559056
 21
1.3845964566929134
 31
0
  0
LINE
  5
1096
330
1A
100
AcDbEntity
  8
BLACK
  6
CONTINUOUS
100
AcDbLine
 10
1.6638779527559056
 20
1.3845964566929134
 30
0
 11
1.7209645669291338
 21
1.3845964566929134
 31
0
  0
LINE
  5
1097
330
1A
100
AcDbEntity
  8
BLACK
  6
CONTINUOUS
100
AcDbLine
 10
1.7209645669291338
 20
1.3845964566929134
 30
0
 11
1.7230361811023622
 21
1.3841843700787402
 31
0
  0
LINE
  5
1098
330
1A
100
AcDbEntity
  8
BLACK
  6
CONTINUOUS
100
AcDbLine
 10
1.8893747637795275
 20
1.3841843700787402
 30
0
 11
1.8911309842519683
 21
1.3830109055118109
 31
0
  0
LINE
  5
1099
330
1A
100
AcDbEntity
  8
BLACK
  6
CONTINUOUS
100
AcDbLine
 10
1.8911309842519683
 20
1.3830109055118109
 30
0
 11
1.8923044488188976
 21
1.3812546850393701
 31
0
  0
LINE
  5
109A
330
1A
100
AcDbEntity
  8
BLACK
  6
CONTINUOUS
100
AcDbLine
 10
1.8923044488188976
 20
1.3812546850393701
 30
0
 11
1.8927165354330708
 21
1.3791830708661417
 31
0
  0
LINE
  5
109B
330
1A
100
AcDbEntity
  8
BLACK
  6
CONTINUOUS
100
AcDbLine
 10
1.8927165354330708
 20
1.3791830708661417
 30
0
 11
1.8927165354330708
 21
1.3722933070866141
 31
0
  0
LINE
  5
109C
330
1A
100
AcDbEntity
  8
BLACK
  6
CONTINUOUS
100
AcDbLine
 10
1.8927165354330708
 20
1.3722933070866141
 30
0
 11
1.8923044488188976
 21
1.3702216929133857
 31
0
  0
LINE
  5
109D
330
1A
100
AcDbEntity
  8
BLACK
  6
CONTINUOUS
100
AcDbLine
 10
1.8923044488188976
 20
1.3702216929133857
 30
0
 11
1.8911309842519683
 21
1.3684654724409449
 31
0
  0
LINE
  5
109E
330
1A
100
AcDbEntity
  8
BLACK
  6
CONTINUOUS
100
AcDbLine
 10
1.8911309842519683
 20
1.3684654724409449
 30
0
 11
1.8893747637795275
 21
1.3672920078740156
 31
0
  0
LINE
  5
109F
330
1A
100
AcDbEntity
  8
BLACK
  6
CONTINUOUS
100
AcDbLine
 10
1.8893747637795275
 20
1.3672920078740156
 30
0
 11
1.8873031496062991
 21
1.3668799212598426
 31
0
  0
LINE
  5
10A0
330
1A
100
AcDbEntity
  8
BLACK
  6
CONTINUOUS
100
AcDbLine
 10
1.8873031496062991
 20
1.3668799212598426
 30
0
 11
1.8302165354330708
 21
1.3668799212598426
 31
0
  0
LINE
  5
10A1
330
1A
100
AcDbEntity
  8
BLACK
  6
CONTINUOUS
100
AcDbLine
 10
1.8302165354330708
 20
1.3668799212598426
 30
0
 11
1.8281449212598424
 21
1.3672920078740156
 31
0
  0
LINE
  5
10A2
330
1A
100
AcDbEntity
  8
BLACK
  6
CONTINUOUS
100
AcDbLine
 10
1.8281449212598424
 20
1.3672920078740156
 30
0
 11
1.8263887007874016
 21
1.3684654724409449
 31
0
  0
LINE
  5
10A3
330
1A
100
AcDbEntity
  8
BLACK
  6
CONTINUOUS
100
AcDbLine
 10
1.8263887007874016
 20
1.3684654724409449
 30
0
 11
1.8252152362204723
 21
1.3702216929133857
 31
0
  0
LINE
  5
10A4
330
1A
100
AcDbEntity
  8
BLACK
  6
CONTINUOUS
100
AcDbLine
 10
1.8252152362204723
 20
1.3702216929133857
 30
0
 11
1.8248031496062991
 21
1.3722933070866141
 31
0
  0
LINE
  5
10A5
330
1A
100
AcDbEntity
  8
BLACK
  6
CONTINUOUS
100
AcDbLine
 10
1.8248031496062991
 20
1.3722933070866141
 30
0
 11
1.8248031496062991
 21
1.3791830708661417
 31
0
  0
LINE
  5
10A6
330
1A
100
AcDbEntity
  8
BLACK
  6
CONTINUOUS
100
AcDbLine
 10
1.8248031496062991
 20
1.3791830708661417
 30
0
 11
1.8252152362204723
 21
1.3812546850393701
 31
0
  0
LINE
  5
10A7
330
1A
100
AcDbEntity
  8
BLACK
  6
CONTINUOUS
100
AcDbLine
 10
1.8252152362204723
 20
1.3812546850393701
 30
0
 11
1.8263887007874016
 21
1.3830109055118109
 31
0
  0
LINE
  5
10A8
330
1A
100
AcDbEntity
  8
BLACK
  6
CONTINUOUS
100
AcDbLine
 10
1.8263887007874016
 20
1.3830109055118109
 30
0
 11
1.8281449212598424
 21
1.3841843700787402
 31
0
  0
LINE
  5
10A9
330
1A
100
AcDbEntity
  8
BLACK
  6
CONTINUOUS
100
AcDbLine
 10
1.8281449212598424
 20
1.3841843700787402
 30
0
 11
1.8302165354330708
 21
1.3845964566929134
 31
0
  0
LINE
  5
10AA
330
1A
100
AcDbEntity
  8
BLACK
  6
CONTINUOUS
100
AcDbLine
 10
1.8302165354330708
 20
1.3845964566929134
 30
0
 11
1.8873031496062991
 21
1.3845964566929134
 31
0
  0
LINE
  5
10AB
330
1A
100
AcDbEntity
  8
BLACK
  6
CONTINUOUS
100
AcDbLine
 10
1.8873031496062991
 20
1.3845964566929134
 30
0
 11
1.8893747637795275
 21
1.3841843700787402
 31
0
  0
LINE
  5
10AC
330
1A
100
AcDbEntity
  8
BLACK
  6
CONTINUOUS
100
AcDbLine
 10
0.6932729921259843
 20
1.526621811023622
 30
0
 11
0.6939116141732283
 21
1.5261950787401575
 31
0
  0
LINE
  5
10AD
330
1A
100
AcDbEntity
  8
BLACK
  6
CONTINUOUS
100
AcDbLine
 10
0.6939116141732283
 20
1.5261950787401575
 30
0
 11
0.6943383464566929
 21
1.5255564566929134
 31
0
  0
LINE
  5
10AE
330
1A
100
AcDbEntity
  8
BLACK
  6
CONTINUOUS
100
AcDbLine
 10
0.6943383464566929
 20
1.5255564566929134
 30
0
 11
0.694488188976378
 21
1.5248031496062993
 31
0
  0
LINE
  5
10AF
330
1A
100
AcDbEntity
  8
BLACK
  6
CONTINUOUS
100
AcDbLine
 10
0.694488188976378
 20
1.5248031496062993
 30
0
 11
0.694488188976378
 21
1.3751968503937007
 31
0
  0
LINE
  5
10B0
330
1A
100
AcDbEntity
  8
BLACK
  6
CONTINUOUS
100
AcDbLine
 10
0.694488188976378
 20
1.3751968503937007
 30
0
 11
0.6943383464566929
 21
1.3744435433070865
 31
0
  0
LINE
  5
10B1
330
1A
100
AcDbEntity
  8
BLACK
  6
CONTINUOUS
100
AcDbLine
 10
0.6943383464566929
 20
1.3744435433070865
 30
0
 11
0.6939116141732283
 21
1.3738049212598424
 31
0
  0
LINE
  5
10B2
330
1A
100
AcDbEntity
  8
BLACK
  6
CONTINUOUS
100
AcDbLine
 10
0.6939116141732283
 20
1.3738049212598424
 30
0
 11
0.6932729921259843
 21
1.3733781889763779
 31
0
  0
LINE
  5
10B3
330
1A
100
AcDbEntity
  8
BLACK
  6
CONTINUOUS
100
AcDbLine
 10
0.6932729921259843
 20
1.3733781889763779
 30
0
 11
0.6925196850393701
 21
1.3732283464566928
 31
0
  0
LINE
  5
10B4
330
1A
100
AcDbEntity
  8
BLACK
  6
CONTINUOUS
100
AcDbLine
 10
0.6925196850393701
 20
1.3732283464566928
 30
0
 11
0.6531496062992126
 21
1.3732283464566928
 31
0
  0
LINE
  5
10B5
330
1A
100
AcDbEntity
  8
BLACK
  6
CONTINUOUS
100
AcDbLine
 10
0.6531496062992126
 20
1.3732283464566928
 30
0
 11
0.6523962992125985
 21
1.3733781889763779
 31
0
  0
LINE
  5
10B6
330
1A
100
AcDbEntity
  8
BLACK
  6
CONTINUOUS
100
AcDbLine
 10
0.6523962992125985
 20
1.3733781889763779
 30
0
 11
0.6517576771653543
 21
1.3738049212598424
 31
0
  0
LINE
  5
10B7
330
1A
100
AcDbEntity
  8
BLACK
  6
CONTINUOUS
100
AcDbLine
 10
0.6517576771653543
 20
1.3738049212598424
 30
0
 11
0.6513309448818897
 21
1.3744435433070865
 31
0
  0
LINE
  5
10B8
330
1A
100
AcDbEntity
  8
BLACK
  6
CONTINUOUS
100
AcDbLine
 10
0.6513309448818897
 20
1.3744435433070865
 30
0
 11
0.6511811023622047
 21
1.3751968503937007
 31
0
  0
LINE
  5
10B9
330
1A
100
AcDbEntity
  8
BLACK
  6
CONTINUOUS
100
AcDbLine
 10
0.6511811023622047
 20
1.3751968503937007
 30
0
 11
0.6511811023622047
 21
1.5248031496062993
 31
0
  0
LINE
  5
10BA
330
1A
100
AcDbEntity
  8
BLACK
  6
CONTINUOUS
100
AcDbLine
 10
0.6511811023622047
 20
1.5248031496062993
 30
0
 11
0.6513309448818897
 21
1.5255564566929134
 31
0
  0
LINE
  5
10BB
330
1A
100
AcDbEntity
  8
BLACK
  6
CONTINUOUS
100
AcDbLine
 10
0.6513309448818897
 20
1.5255564566929134
 30
0
 11
0.6517576771653543
 21
1.5261950787401575
 31
0
  0
LINE
  5
10BC
330
1A
100
AcDbEntity
  8
BLACK
  6
CONTINUOUS
100
AcDbLine
 10
0.6517576771653543
 20
1.5261950787401575
 30
0
 11
0.6523962992125985
 21
1.526621811023622
 31
0
  0
LINE
  5
10BD
330
1A
100
AcDbEntity
  8
BLACK
  6
CONTINUOUS
100
AcDbLine
 10
0.6523962992125985
 20
1.526621811023622
 30
0
 11
0.6531496062992126
 21
1.5267716535433071
 31
0
  0
LINE
  5
10BE
330
1A
100
AcDbEntity
  8
BLACK
  6
CONTINUOUS
100
AcDbLine
 10
0.6531496062992126
 20
1.5267716535433071
 30
0
 11
0.6925196850393701
 21
1.5267716535433071
 31
0
  0
LINE
  5
10BF
330
1A
100
AcDbEntity
  8
BLACK
  6
CONTINUOUS
100
AcDbLine
 10
0.6925196850393701
 20
1.5267716535433071
 30
0
 11
0.6932729921259843
 21
1.526621811023622
 31
0
  0
LINE
  5
10C0
330
1A
100
AcDbEntity
  8
BLACK
  6
CONTINUOUS
100
AcDbLine
 10
2.417682440944882
 20
1.526621811023622
 30
0
 11
2.4183210629921259
 21
1.5261950787401575
 31
0
  0
LINE
  5
10C1
330
1A
100
AcDbEntity
  8
BLACK
  6
CONTINUOUS
100
AcDbLine
 10
2.4183210629921259
 20
1.5261950787401575
 30
0
 11
2.4187477952755905
 21
1.5255564566929134
 31
0
  0
LINE
  5
10C2
330
1A
100
AcDbEntity
  8
BLACK
  6
CONTINUOUS
100
AcDbLine
 10
2.4187477952755905
 20
1.5255564566929134
 30
0
 11
2.4188976377952756
 21
1.5248031496062993
 31
0
  0
LINE
  5
10C3
330
1A
100
AcDbEntity
  8
BLACK
  6
CONTINUOUS
100
AcDbLine
 10
2.4188976377952756
 20
1.5248031496062993
 30
0
 11
2.4188976377952756
 21
1.3751968503937007
 31
0
  0
LINE
  5
10C4
330
1A
100
AcDbEntity
  8
BLACK
  6
CONTINUOUS
100
AcDbLine
 10
2.4188976377952756
 20
1.3751968503937007
 30
0
 11
2.4187477952755905
 21
1.3744435433070865
 31
0
  0
LINE
  5
10C5
330
1A
100
AcDbEntity
  8
BLACK
  6
CONTINUOUS
100
AcDbLine
 10
2.4187477952755905
 20
1.3744435433070865
 30
0
 11
2.4183210629921259
 21
1.3738049212598424
 31
0
  0
LINE
  5
10C6
330
1A
100
AcDbEntity
  8
BLACK
  6
CONTINUOUS
100
AcDbLine
 10
2.4183210629921259
 20
1.3738049212598424
 30
0
 11
2.417682440944882
 21
1.3733781889763779
 31
0
  0
LINE
  5
10C7
330
1A
100
AcDbEntity
  8
BLACK
  6
CONTINUOUS
100
AcDbLine
 10
2.417682440944882
 20
1.3733781889763779
 30
0
 11
2.4169291338582677
 21
1.3732283464566928
 31
0
  0
LINE
  5
10C8
330
1A
100
AcDbEntity
  8
BLACK
  6
CONTINUOUS
100
AcDbLine
 10
2.4169291338582677
 20
1.3732283464566928
 30
0
 11
2.3775590551181103
 21
1.3732283464566928
 31
0
  0
LINE
  5
10C9
330
1A
100
AcDbEntity
  8
BLACK
  6
CONTINUOUS
100
AcDbLine
 10
2.3775590551181103
 20
1.3732283464566928
 30
0
 11
2.3768057480314959
 21
1.3733781889763779
 31
0
  0
LINE
  5
10CA
330
1A
100
AcDbEntity
  8
BLACK
  6
CONTINUOUS
100
AcDbLine
 10
2.3768057480314959
 20
1.3733781889763779
 30
0
 11
2.3761671259842521
 21
1.3738049212598424
 31
0
  0
LINE
  5
10CB
330
1A
100
AcDbEntity
  8
BLACK
  6
CONTINUOUS
100
AcDbLine
 10
2.3761671259842521
 20
1.3738049212598424
 30
0
 11
2.3757403937007875
 21
1.3744435433070865
 31
0
  0
LINE
  5
10CC
330
1A
100
AcDbEntity
  8
BLACK
  6
CONTINUOUS
100
AcDbLine
 10
2.3757403937007875
 20
1.3744435433070865
 30
0
 11
2.3755905511811024
 21
1.3751968503937007
 31
0
  0
LINE
  5
10CD
330
1A
100
AcDbEntity
  8
BLACK
  6
CONTINUOUS
100
AcDbLine
 10
2.3755905511811024
 20
1.3751968503937007
 30
0
 11
2.3755905511811024
 21
1.5248031496062993
 31
0
  0
LINE
  5
10CE
330
1A
100
AcDbEntity
  8
BLACK
  6
CONTINUOUS
100
AcDbLine
 10
2.3755905511811024
 20
1.5248031496062993
 30
0
 11
2.3757403937007875
 21
1.5255564566929134
 31
0
  0
LINE
  5
10CF
330
1A
100
AcDbEntity
  8
BLACK
  6
CONTINUOUS
100
AcDbLine
 10
2.3757403937007875
 20
1.5255564566929134
 30
0
 11
2.3761671259842521
 21
1.5261950787401575
 31
0
  0
LINE
  5
10D0
330
1A
100
AcDbEntity
  8
BLACK
  6
CONTINUOUS
100
AcDbLine
 10
2.3761671259842521
 20
1.5261950787401575
 30
0
 11
2.3768057480314959
 21
1.526621811023622
 31
0
  0
LINE
  5
10D1
330
1A
100
AcDbEntity
  8
BLACK
  6
CONTINUOUS
100
AcDbLine
 10
2.3768057480314959
 20
1.526621811023622
 30
0
 11
2.3775590551181103
 21
1.5267716535433071
 31
0
  0
LINE
  5
10D2
330
1A
100
AcDbEntity
  8
BLACK
  6
CONTINUOUS
100
AcDbLine
 10
2.3775590551181103
 20
1.5267716535433071
 30
0
 11
2.4169291338582677
 21
1.5267716535433071
 31
0
  0
LINE
  5
10D3
330
1A
100
AcDbEntity
  8
BLACK
  6
CONTINUOUS
100
AcDbLine
 10
2.4169291338582677
 20
1.5267716535433071
 30
0
 11
2.417682440944882
 21
1.526621811023622
 31
0
  0
LINE
  5
10D4
330
1A
100
AcDbEntity
  8
BLACK
  6
CONTINUOUS
100
AcDbLine
 10
1.1385309055118109
 20
1.4403850787401575
 30
0
 11
1.1425016141732283
 21
1.4386318503937008
 31
0
  0
LINE
  5
10D5
330
1A
100
AcDbEntity
  8
BLACK
  6
CONTINUOUS
100
AcDbLine
 10
1.1425016141732283
 20
1.4386318503937008
 30
0
 11
1.1455708267716536
 21
1.4355626377952755
 31
0
  0
LINE
  5
10D6
330
1A
100
AcDbEntity
  8
BLACK
  6
CONTINUOUS
100
AcDbLine
 10
1.1455708267716536
 20
1.4355626377952755
 30
0
 11
1.1473240551181103
 21
1.4315919291338581
 31
0
  0
LINE
  5
10D7
330
1A
100
AcDbEntity
  8
BLACK
  6
CONTINUOUS
100
AcDbLine
 10
1.1473240551181103
 20
1.4315919291338581
 30
0
 11
1.1476377952755905
 21
1.4288877952755905
 31
0
  0
LINE
  5
10D8
330
1A
100
AcDbEntity
  8
BLACK
  6
CONTINUOUS
100
AcDbLine
 10
1.1476377952755905
 20
1.4288877952755905
 30
0
 11
1.1476377952755905
 21
1.3934547244094488
 31
0
  0
LINE
  5
10D9
330
1A
100
AcDbEntity
  8
BLACK
  6
CONTINUOUS
100
AcDbLine
 10
1.1476377952755905
 20
1.3934547244094488
 30
0
 11
1.1473240551181103
 21
1.390750590551181
 31
0
  0
LINE
  5
10DA
330
1A
100
AcDbEntity
  8
BLACK
  6
CONTINUOUS
100
AcDbLine
 10
1.1473240551181103
 20
1.390750590551181
 30
0
 11
1.1455708267716536
 21
1.3867798818897636
 31
0
  0
LINE
  5
10DB
330
1A
100
AcDbEntity
  8
BLACK
  6
CONTINUOUS
100
AcDbLine
 10
1.1455708267716536
 20
1.3867798818897636
 30
0
 11
1.1425016141732283
 21
1.3837106692913386
 31
0
  0
LINE
  5
10DC
330
1A
100
AcDbEntity
  8
BLACK
  6
CONTINUOUS
100
AcDbLine
 10
1.1425016141732283
 20
1.3837106692913386
 30
0
 11
1.1385309055118109
 21
1.3819574409448818
 31
0
  0
LINE
  5
10DD
330
1A
100
AcDbEntity
  8
BLACK
  6
CONTINUOUS
100
AcDbLine
 10
1.1385309055118109
 20
1.3819574409448818
 30
0
 11
1.1358267716535433
 21
1.3816437007874016
 31
0
  0
LINE
  5
10DE
330
1A
100
AcDbEntity
  8
BLACK
  6
CONTINUOUS
100
AcDbLine
 10
1.1358267716535433
 20
1.3816437007874016
 30
0
 11
1.1151574803149606
 21
1.3816437007874016
 31
0
  0
LINE
  5
10DF
330
1A
100
AcDbEntity
  8
BLACK
  6
CONTINUOUS
100
AcDbLine
 10
1.1151574803149606
 20
1.3816437007874016
 30
0
 11
1.1124533464566928
 21
1.3819574409448818
 31
0
  0
LINE
  5
10E0
330
1A
100
AcDbEntity
  8
BLACK
  6
CONTINUOUS
100
AcDbLine
 10
1.1124533464566928
 20
1.3819574409448818
 30
0
 11
1.1084826377952757
 21
1.3837106692913386
 31
0
  0
LINE
  5
10E1
330
1A
100
AcDbEntity
  8
BLACK
  6
CONTINUOUS
100
AcDbLine
 10
1.1084826377952757
 20
1.3837106692913386
 30
0
 11
1.1054134251968504
 21
1.3867798818897636
 31
0
  0
LINE
  5
10E2
330
1A
100
AcDbEntity
  8
BLACK
  6
CONTINUOUS
100
AcDbLine
 10
1.1054134251968504
 20
1.3867798818897636
 30
0
 11
1.1036601968503936
 21
1.390750590551181
 31
0
  0
LINE
  5
10E3
330
1A
100
AcDbEntity
  8
BLACK
  6
CONTINUOUS
100
AcDbLine
 10
1.1036601968503936
 20
1.390750590551181
 30
0
 11
1.1033464566929134
 21
1.3934547244094488
 31
0
  0
LINE
  5
10E4
330
1A
100
AcDbEntity
  8
BLACK
  6
CONTINUOUS
100
AcDbLine
 10
1.1033464566929134
 20
1.3934547244094488
 30
0
 11
1.1033464566929134
 21
1.4288877952755905
 31
0
  0
LINE
  5
10E5
330
1A
100
AcDbEntity
  8
BLACK
  6
CONTINUOUS
100
AcDbLine
 10
1.1033464566929134
 20
1.4288877952755905
 30
0
 11
1.1036601968503936
 21
1.4315919291338581
 31
0
  0
LINE
  5
10E6
330
1A
100
AcDbEntity
  8
BLACK
  6
CONTINUOUS
100
AcDbLine
 10
1.1036601968503936
 20
1.4315919291338581
 30
0
 11
1.1054134251968504
 21
1.4355626377952755
 31
0
  0
LINE
  5
10E7
330
1A
100
AcDbEntity
  8
BLACK
  6
CONTINUOUS
100
AcDbLine
 10
1.1054134251968504
 20
1.4355626377952755
 30
0
 11
1.1084826377952757
 21
1.4386318503937008
 31
0
  0
LINE
  5
10E8
330
1A
100
AcDbEntity
  8
BLACK
  6
CONTINUOUS
100
AcDbLine
 10
1.1084826377952757
 20
1.4386318503937008
 30
0
 11
1.1124533464566928
 21
1.4403850787401575
 31
0
  0
LINE
  5
10E9
330
1A
100
AcDbEntity
  8
BLACK
  6
CONTINUOUS
100
AcDbLine
 10
1.1124533464566928
 20
1.4403850787401575
 30
0
 11
1.1151574803149606
 21
1.4406988188976377
 31
0
  0
LINE
  5
10EA
330
1A
100
AcDbEntity
  8
BLACK
  6
CONTINUOUS
100
AcDbLine
 10
1.1151574803149606
 20
1.4406988188976377
 30
0
 11
1.1358267716535433
 21
1.4406988188976377
 31
0
  0
LINE
  5
10EB
330
1A
100
AcDbEntity
  8
BLACK
  6
CONTINUOUS
100
AcDbLine
 10
1.1358267716535433
 20
1.4406988188976377
 30
0
 11
1.1385309055118109
 21
1.4403850787401575
 31
0
  0
LINE
  5
10EC
330
1A
100
AcDbEntity
  8
BLACK
  6
CONTINUOUS
100
AcDbLine
 10
1.2103812992125984
 20
1.4403850787401575
 30
0
 11
1.2143520078740158
 21
1.4386318503937008
 31
0
  0
LINE
  5
10ED
330
1A
100
AcDbEntity
  8
BLACK
  6
CONTINUOUS
100
AcDbLine
 10
1.2143520078740158
 20
1.4386318503937008
 30
0
 11
1.2174212204724408
 21
1.4355626377952755
 31
0
  0
LINE
  5
10EE
330
1A
100
AcDbEntity
  8
BLACK
  6
CONTINUOUS
100
AcDbLine
 10
1.2174212204724408
 20
1.4355626377952755
 30
0
 11
1.2191744488188976
 21
1.4315919291338581
 31
0
  0
LINE
  5
10EF
330
1A
100
AcDbEntity
  8
BLACK
  6
CONTINUOUS
100
AcDbLine
 10
1.2191744488188976
 20
1.4315919291338581
 30
0
 11
1.219488188976378
 21
1.4288877952755905
 31
0
  0
LINE
  5
10F0
330
1A
100
AcDbEntity
  8
BLACK
  6
CONTINUOUS
100
AcDbLine
 10
1.219488188976378
 20
1.4288877952755905
 30
0
 11
1.219488188976378
 21
1.3934547244094488
 31
0
  0
LINE
  5
10F1
330
1A
100
AcDbEntity
  8
BLACK
  6
CONTINUOUS
100
AcDbLine
 10
1.219488188976378
 20
1.3934547244094488
 30
0
 11
1.2191744488188976
 21
1.390750590551181
 31
0
  0
LINE
  5
10F2
330
1A
100
AcDbEntity
  8
BLACK
  6
CONTINUOUS
100
AcDbLine
 10
1.2191744488188976
 20
1.390750590551181
 30
0
 11
1.2174212204724408
 21
1.3867798818897636
 31
0
  0
LINE
  5
10F3
330
1A
100
AcDbEntity
  8
BLACK
  6
CONTINUOUS
100
AcDbLine
 10
1.2174212204724408
 20
1.3867798818897636
 30
0
 11
1.2143520078740158
 21
1.3837106692913386
 31
0
  0
LINE
  5
10F4
330
1A
100
AcDbEntity
  8
BLACK
  6
CONTINUOUS
100
AcDbLine
 10
1.2143520078740158
 20
1.3837106692913386
 30
0
 11
1.2103812992125984
 21
1.3819574409448818
 31
0
  0
LINE
  5
10F5
330
1A
100
AcDbEntity
  8
BLACK
  6
CONTINUOUS
100
AcDbLine
 10
1.2103812992125984
 20
1.3819574409448818
 30
0
 11
1.2076771653543308
 21
1.3816437007874016
 31
0
  0
LINE
  5
10F6
330
1A
100
AcDbEntity
  8
BLACK
  6
CONTINUOUS
100
AcDbLine
 10
1.2076771653543308
 20
1.3816437007874016
 30
0
 11
1.1870078740157479
 21
1.3816437007874016
 31
0
  0
LINE
  5
10F7
330
1A
100
AcDbEntity
  8
BLACK
  6
CONTINUOUS
100
AcDbLine
 10
1.1870078740157479
 20
1.3816437007874016
 30
0
 11
1.1843037401574803
 21
1.3819574409448818
 31
0
  0
LINE
  5
10F8
330
1A
100
AcDbEntity
  8
BLACK
  6
CONTINUOUS
100
AcDbLine
 10
1.1843037401574803
 20
1.3819574409448818
 30
0
 11
1.1803330314960629
 21
1.3837106692913386
 31
0
  0
LINE
  5
10F9
330
1A
100
AcDbEntity
  8
BLACK
  6
CONTINUOUS
100
AcDbLine
 10
1.1803330314960629
 20
1.3837106692913386
 30
0
 11
1.1772638188976379
 21
1.3867798818897636
 31
0
  0
LINE
  5
10FA
330
1A
100
AcDbEntity
  8
BLACK
  6
CONTINUOUS
100
AcDbLine
 10
1.1772638188976379
 20
1.3867798818897636
 30
0
 11
1.1755105905511811
 21
1.390750590551181
 31
0
  0
LINE
  5
10FB
330
1A
100
AcDbEntity
  8
BLACK
  6
CONTINUOUS
100
AcDbLine
 10
1.1755105905511811
 20
1.390750590551181
 30
0
 11
1.1751968503937007
 21
1.3934547244094488
 31
0
  0
LINE
  5
10FC
330
1A
100
AcDbEntity
  8
BLACK
  6
CONTINUOUS
100
AcDbLine
 10
1.1751968503937007
 20
1.3934547244094488
 30
0
 11
1.1751968503937007
 21
1.4288877952755905
 31
0
  0
LINE
  5
10FD
330
1A
100
AcDbEntity
  8
BLACK
  6
CONTINUOUS
100
AcDbLine
 10
1.1751968503937007
 20
1.4288877952755905
 30
0
 11
1.1755105905511811
 21
1.4315919291338581
 31
0
  0
LINE
  5
10FE
330
1A
100
AcDbEntity
  8
BLACK
  6
CONTINUOUS
100
AcDbLine
 10
1.1755105905511811
 20
1.4315919291338581
 30
0
 11
1.1772638188976379
 21
1.4355626377952755
 31
0
  0
LINE
  5
10FF
330
1A
100
AcDbEntity
  8
BLACK
  6
CONTINUOUS
100
AcDbLine
 10
1.1772638188976379
 20
1.4355626377952755
 30
0
 11
1.1803330314960629
 21
1.4386318503937008
 31
0
  0
LINE
  5
1100
330
1A
100
AcDbEntity
  8
BLACK
  6
CONTINUOUS
100
AcDbLine
 10
1.1803330314960629
 20
1.4386318503937008
 30
0
 11
1.1843037401574803
 21
1.4403850787401575
 31
0
  0
LINE
  5
1101
330
1A
100
AcDbEntity
  8
BLACK
  6
CONTINUOUS
100
AcDbLine
 10
1.1843037401574803
 20
1.4403850787401575
 30
0
 11
1.1870078740157479
 21
1.4406988188976377
 31
0
  0
LINE
  5
1102
330
1A
100
AcDbEntity
  8
BLACK
  6
CONTINUOUS
100
AcDbLine
 10
1.1870078740157479
 20
1.4406988188976377
 30
0
 11
1.2076771653543308
 21
1.4406988188976377
 31
0
  0
LINE
  5
1103
330
1A
100
AcDbEntity
  8
BLACK
  6
CONTINUOUS
100
AcDbLine
 10
1.2076771653543308
 20
1.4406988188976377
 30
0
 11
1.2103812992125984
 21
1.4403850787401575
 31
0
  0
LINE
  5
1104
330
1A
100
AcDbEntity
  8
BLACK
  6
CONTINUOUS
100
AcDbLine
 10
2.084290118110236
 20
1.4047655118110236
 30
0
 11
2.0855929133858266
 21
1.4038949999999999
 31
0
  0
LINE
  5
1105
330
1A
100
AcDbEntity
  8
BLACK
  6
CONTINUOUS
100
AcDbLine
 10
2.0855929133858266
 20
1.4038949999999999
 30
0
 11
2.0864634251968504
 21
1.4025922047244095
 31
0
  0
LINE
  5
1106
330
1A
100
AcDbEntity
  8
BLACK
  6
CONTINUOUS
100
AcDbLine
 10
2.0864634251968504
 20
1.4025922047244095
 30
0
 11
2.0867690944881891
 21
1.4010554330708662
 31
0
  0
LINE
  5
1107
330
1A
100
AcDbEntity
  8
BLACK
  6
CONTINUOUS
100
AcDbLine
 10
2.0867690944881891
 20
1.4010554330708662
 30
0
 11
2.0867690944881891
 21
1.3870554330708662
 31
0
  0
LINE
  5
1108
330
1A
100
AcDbEntity
  8
BLACK
  6
CONTINUOUS
100
AcDbLine
 10
2.0867690944881891
 20
1.3870554330708662
 30
0
 11
2.0864634251968504
 21
1.3855186614173227
 31
0
  0
LINE
  5
1109
330
1A
100
AcDbEntity
  8
BLACK
  6
CONTINUOUS
100
AcDbLine
 10
2.0864634251968504
 20
1.3855186614173227
 30
0
 11
2.0855929133858266
 21
1.3842158661417323
 31
0
  0
LINE
  5
110A
330
1A
100
AcDbEntity
  8
BLACK
  6
CONTINUOUS
100
AcDbLine
 10
2.0855929133858266
 20
1.3842158661417323
 30
0
 11
2.084290118110236
 21
1.3833453543307086
 31
0
  0
LINE
  5
110B
330
1A
100
AcDbEntity
  8
BLACK
  6
CONTINUOUS
100
AcDbLine
 10
2.084290118110236
 20
1.3833453543307086
 30
0
 11
2.082753346456693
 21
1.38303968503937
 31
0
  0
LINE
  5
110C
330
1A
100
AcDbEntity
  8
BLACK
  6
CONTINUOUS
100
AcDbLine
 10
2.082753346456693
 20
1.38303968503937
 30
0
 11
2.0367533464566927
 21
1.38303968503937
 31
0
  0
LINE
  5
110D
330
1A
100
AcDbEntity
  8
BLACK
  6
CONTINUOUS
100
AcDbLine
 10
2.0367533464566927
 20
1.38303968503937
 30
0
 11
2.0352165748031497
 21
1.3833453543307086
 31
0
  0
LINE
  5
110E
330
1A
100
AcDbEntity
  8
BLACK
  6
CONTINUOUS
100
AcDbLine
 10
2.0352165748031497
 20
1.3833453543307086
 30
0
 11
2.033913779527559
 21
1.3842158661417323
 31
0
  0
LINE
  5
110F
330
1A
100
AcDbEntity
  8
BLACK
  6
CONTINUOUS
100
AcDbLine
 10
2.033913779527559
 20
1.3842158661417323
 30
0
 11
2.0330432677165353
 21
1.3855186614173227
 31
0
  0
LINE
  5
1110
330
1A
100
AcDbEntity
  8
BLACK
  6
CONTINUOUS
100
AcDbLine
 10
2.0330432677165353
 20
1.3855186614173227
 30
0
 11
2.032737598425197
 21
1.3870554330708662
 31
0
  0
LINE
  5
1111
330
1A
100
AcDbEntity
  8
BLACK
  6
CONTINUOUS
100
AcDbLine
 10
2.032737598425197
 20
1.3870554330708662
 30
0
 11
2.032737598425197
 21
1.4010554330708662
 31
0
  0
LINE
  5
1112
330
1A
100
AcDbEntity
  8
BLACK
  6
CONTINUOUS
100
AcDbLine
 10
2.032737598425197
 20
1.4010554330708662
 30
0
 11
2.0330432677165353
 21
1.4025922047244095
 31
0
  0
LINE
  5
1113
330
1A
100
AcDbEntity
  8
BLACK
  6
CONTINUOUS
100
AcDbLine
 10
2.0330432677165353
 20
1.4025922047244095
 30
0
 11
2.033913779527559
 21
1.4038949999999999
 31
0
  0
LINE
  5
1114
330
1A
100
AcDbEntity
  8
BLACK
  6
CONTINUOUS
100
AcDbLine
 10
2.033913779527559
 20
1.4038949999999999
 30
0
 11
2.0352165748031497
 21
1.4047655118110236
 31
0
  0
LINE
  5
1115
330
1A
100
AcDbEntity
  8
BLACK
  6
CONTINUOUS
100
AcDbLine
 10
2.0352165748031497
 20
1.4047655118110236
 30
0
 11
2.0367533464566927
 21
1.4050711811023622
 31
0
  0
LINE
  5
1116
330
1A
100
AcDbEntity
  8
BLACK
  6
CONTINUOUS
100
AcDbLine
 10
2.0367533464566927
 20
1.4050711811023622
 30
0
 11
2.082753346456693
 21
1.4050711811023622
 31
0
  0
LINE
  5
1117
330
1A
100
AcDbEntity
  8
BLACK
  6
CONTINUOUS
100
AcDbLine
 10
2.082753346456693
 20
1.4050711811023622
 30
0
 11
2.084290118110236
 21
1.4047655118110236
 31
0
  0
LINE
  5
1118
330
1A
100
AcDbEntity
  8
BLACK
  6
CONTINUOUS
100
AcDbLine
 10
1.7230361811023622
 20
1.4038694094488189
 30
0
 11
1.7247924015748031
 21
1.4026959448818896
 31
0
  0
LINE
  5
1119
330
1A
100
AcDbEntity
  8
BLACK
  6
CONTINUOUS
100
AcDbLine
 10
1.7247924015748031
 20
1.4026959448818896
 30
0
 11
1.7259658661417323
 21
1.4009397244094488
 31
0
  0
LINE
  5
111A
330
1A
100
AcDbEntity
  8
BLACK
  6
CONTINUOUS
100
AcDbLine
 10
1.7259658661417323
 20
1.4009397244094488
 30
0
 11
1.7263779527559056
 21
1.3988681102362204
 31
0
  0
LINE
  5
111B
330
1A
100
AcDbEntity
  8
BLACK
  6
CONTINUOUS
100
AcDbLine
 10
1.7263779527559056
 20
1.3988681102362204
 30
0
 11
1.7263779527559056
 21
1.3919783464566928
 31
0
  0
LINE
  5
111C
330
1A
100
AcDbEntity
  8
BLACK
  6
CONTINUOUS
100
AcDbLine
 10
1.7263779527559056
 20
1.3919783464566928
 30
0
 11
1.7259658661417323
 21
1.3899067322834646
 31
0
  0
LINE
  5
111D
330
1A
100
AcDbEntity
  8
BLACK
  6
CONTINUOUS
100
AcDbLine
 10
1.7259658661417323
 20
1.3899067322834646
 30
0
 11
1.7247924015748031
 21
1.3881505118110236
 31
0
  0
LINE
  5
111E
330
1A
100
AcDbEntity
  8
BLACK
  6
CONTINUOUS
100
AcDbLine
 10
1.7247924015748031
 20
1.3881505118110236
 30
0
 11
1.7230361811023622
 21
1.3869770472440945
 31
0
  0
LINE
  5
111F
330
1A
100
AcDbEntity
  8
BLACK
  6
CONTINUOUS
100
AcDbLine
 10
1.7230361811023622
 20
1.3869770472440945
 30
0
 11
1.7209645669291338
 21
1.3865649606299213
 31
0
  0
LINE
  5
1120
330
1A
100
AcDbEntity
  8
BLACK
  6
CONTINUOUS
100
AcDbLine
 10
1.7209645669291338
 20
1.3865649606299213
 30
0
 11
1.6638779527559056
 21
1.3865649606299213
 31
0
  0
LINE
  5
1121
330
1A
100
AcDbEntity
  8
BLACK
  6
CONTINUOUS
100
AcDbLine
 10
1.6638779527559056
 20
1.3865649606299213
 30
0
 11
1.6618063385826771
 21
1.3869770472440945
 31
0
  0
LINE
  5
1122
330
1A
100
AcDbEntity
  8
BLACK
  6
CONTINUOUS
100
AcDbLine
 10
1.6618063385826771
 20
1.3869770472440945
 30
0
 11
1.6600501181102363
 21
1.3881505118110236
 31
0
  0
LINE
  5
1123
330
1A
100
AcDbEntity
  8
BLACK
  6
CONTINUOUS
100
AcDbLine
 10
1.6600501181102363
 20
1.3881505118110236
 30
0
 11
1.658876653543307
 21
1.3899067322834646
 31
0
  0
LINE
  5
1124
330
1A
100
AcDbEntity
  8
BLACK
  6
CONTINUOUS
100
AcDbLine
 10
1.658876653543307
 20
1.3899067322834646
 30
0
 11
1.6584645669291338
 21
1.3919783464566928
 31
0
  0
LINE
  5
1125
330
1A
100
AcDbEntity
  8
BLACK
  6
CONTINUOUS
100
AcDbLine
 10
1.6584645669291338
 20
1.3919783464566928
 30
0
 11
1.6584645669291338
 21
1.3988681102362204
 31
0
  0
LINE
  5
1126
330
1A
100
AcDbEntity
  8
BLACK
  6
CONTINUOUS
100
AcDbLine
 10
1.6584645669291338
 20
1.3988681102362204
 30
0
 11
1.658876653543307
 21
1.4009397244094488
 31
0
  0
LINE
  5
1127
330
1A
100
AcDbEntity
  8
BLACK
  6
CONTINUOUS
100
AcDbLine
 10
1.658876653543307
 20
1.4009397244094488
 30
0
 11
1.6600501181102363
 21
1.4026959448818896
 31
0
  0
LINE
  5
1128
330
1A
100
AcDbEntity
  8
BLACK
  6
CONTINUOUS
100
AcDbLine
 10
1.6600501181102363
 20
1.4026959448818896
 30
0
 11
1.6618063385826771
 21
1.4038694094488189
 31
0
  0
LINE
  5
1129
330
1A
100
AcDbEntity
  8
BLACK
  6
CONTINUOUS
100
AcDbLine
 10
1.6618063385826771
 20
1.4038694094488189
 30
0
 11
1.6638779527559056
 21
1.4042814960629921
 31
0
  0
LINE
  5
112A
330
1A
100
AcDbEntity
  8
BLACK
  6
CONTINUOUS
100
AcDbLine
 10
1.6638779527559056
 20
1.4042814960629921
 30
0
 11
1.7209645669291338
 21
1.4042814960629921
 31
0
  0
LINE
  5
112B
330
1A
100
AcDbEntity
  8
BLACK
  6
CONTINUOUS
100
AcDbLine
 10
1.7209645669291338
 20
1.4042814960629921
 30
0
 11
1.7230361811023622
 21
1.4038694094488189
 31
0
  0
LINE
  5
112C
330
1A
100
AcDbEntity
  8
BLACK
  6
CONTINUOUS
100
AcDbLine
 10
1.8893747637795275
 20
1.4038694094488189
 30
0
 11
1.8911309842519683
 21
1.4026959448818896
 31
0
  0
LINE
  5
112D
330
1A
100
AcDbEntity
  8
BLACK
  6
CONTINUOUS
100
AcDbLine
 10
1.8911309842519683
 20
1.4026959448818896
 30
0
 11
1.8923044488188976
 21
1.4009397244094488
 31
0
  0
LINE
  5
112E
330
1A
100
AcDbEntity
  8
BLACK
  6
CONTINUOUS
100
AcDbLine
 10
1.8923044488188976
 20
1.4009397244094488
 30
0
 11
1.8927165354330708
 21
1.3988681102362204
 31
0
  0
LINE
  5
112F
330
1A
100
AcDbEntity
  8
BLACK
  6
CONTINUOUS
100
AcDbLine
 10
1.8927165354330708
 20
1.3988681102362204
 30
0
 11
1.8927165354330708
 21
1.3919783464566928
 31
0
  0
LINE
  5
1130
330
1A
100
AcDbEntity
  8
BLACK
  6
CONTINUOUS
100
AcDbLine
 10
1.8927165354330708
 20
1.3919783464566928
 30
0
 11
1.8923044488188976
 21
1.3899067322834646
 31
0
  0
LINE
  5
1131
330
1A
100
AcDbEntity
  8
BLACK
  6
CONTINUOUS
100
AcDbLine
 10
1.8923044488188976
 20
1.3899067322834646
 30
0
 11
1.8911309842519683
 21
1.3881505118110236
 31
0
  0
LINE
  5
1132
330
1A
100
AcDbEntity
  8
BLACK
  6
CONTINUOUS
100
AcDbLine
 10
1.8911309842519683
 20
1.3881505118110236
 30
0
 11
1.8893747637795275
 21
1.3869770472440945
 31
0
  0
LINE
  5
1133
330
1A
100
AcDbEntity
  8
BLACK
  6
CONTINUOUS
100
AcDbLine
 10
1.8893747637795275
 20
1.3869770472440945
 30
0
 11
1.8873031496062991
 21
1.3865649606299213
 31
0
  0
LINE
  5
1134
330
1A
100
AcDbEntity
  8
BLACK
  6
CONTINUOUS
100
AcDbLine
 10
1.8873031496062991
 20
1.3865649606299213
 30
0
 11
1.8302165354330708
 21
1.3865649606299213
 31
0
  0
LINE
  5
1135
330
1A
100
AcDbEntity
  8
BLACK
  6
CONTINUOUS
100
AcDbLine
 10
1.8302165354330708
 20
1.3865649606299213
 30
0
 11
1.8281449212598424
 21
1.3869770472440945
 31
0
  0
LINE
  5
1136
330
1A
100
AcDbEntity
  8
BLACK
  6
CONTINUOUS
100
AcDbLine
 10
1.8281449212598424
 20
1.3869770472440945
 30
0
 11
1.8263887007874016
 21
1.3881505118110236
 31
0
  0
LINE
  5
1137
330
1A
100
AcDbEntity
  8
BLACK
  6
CONTINUOUS
100
AcDbLine
 10
1.8263887007874016
 20
1.3881505118110236
 30
0
 11
1.8252152362204723
 21
1.3899067322834646
 31
0
  0
LINE
  5
1138
330
1A
100
AcDbEntity
  8
BLACK
  6
CONTINUOUS
100
AcDbLine
 10
1.8252152362204723
 20
1.3899067322834646
 30
0
 11
1.8248031496062991
 21
1.3919783464566928
 31
0
  0
LINE
  5
1139
330
1A
100
AcDbEntity
  8
BLACK
  6
CONTINUOUS
100
AcDbLine
 10
1.8248031496062991
 20
1.3919783464566928
 30
0
 11
1.8248031496062991
 21
1.3988681102362204
 31
0
  0
LINE
  5
113A
330
1A
100
AcDbEntity
  8
BLACK
  6
CONTINUOUS
100
AcDbLine
 10
1.8248031496062991
 20
1.3988681102362204
 30
0
 11
1.8252152362204723
 21
1.4009397244094488
 31
0
  0
LINE
  5
113B
330
1A
100
AcDbEntity
  8
BLACK
  6
CONTINUOUS
100
AcDbLine
 10
1.8252152362204723
 20
1.4009397244094488
 30
0
 11
1.8263887007874016
 21
1.4026959448818896
 31
0
  0
LINE
  5
113C
330
1A
100
AcDbEntity
  8
BLACK
  6
CONTINUOUS
100
AcDbLine
 10
1.8263887007874016
 20
1.4026959448818896
 30
0
 11
1.8281449212598424
 21
1.4038694094488189
 31
0
  0
LINE
  5
113D
330
1A
100
AcDbEntity
  8
BLACK
  6
CONTINUOUS
100
AcDbLine
 10
1.8281449212598424
 20
1.4038694094488189
 30
0
 11
1.8302165354330708
 21
1.4042814960629921
 31
0
  0
LINE
  5
113E
330
1A
100
AcDbEntity
  8
BLACK
  6
CONTINUOUS
100
AcDbLine
 10
1.8302165354330708
 20
1.4042814960629921
 30
0
 11
1.8873031496062991
 21
1.4042814960629921
 31
0
  0
LINE
  5
113F
330
1A
100
AcDbEntity
  8
BLACK
  6
CONTINUOUS
100
AcDbLine
 10
1.8873031496062991
 20
1.4042814960629921
 30
0
 11
1.8893747637795275
 21
1.4038694094488189
 31
0
  0
LINE
  5
1140
330
1A
100
AcDbEntity
  8
BLACK
  6
CONTINUOUS
100
AcDbLine
 10
2.084290118110236
 20
1.4307655118110236
 30
0
 11
2.0855929133858266
 21
1.4298949999999999
 31
0
  0
LINE
  5
1141
330
1A
100
AcDbEntity
  8
BLACK
  6
CONTINUOUS
100
AcDbLine
 10
2.0855929133858266
 20
1.4298949999999999
 30
0
 11
2.0864634251968504
 21
1.4285922047244095
 31
0
  0
LINE
  5
1142
330
1A
100
AcDbEntity
  8
BLACK
  6
CONTINUOUS
100
AcDbLine
 10
2.0864634251968504
 20
1.4285922047244095
 30
0
 11
2.0867690944881891
 21
1.427055433070866
 31
0
  0
LINE
  5
1143
330
1A
100
AcDbEntity
  8
BLACK
  6
CONTINUOUS
100
AcDbLine
 10
2.0867690944881891
 20
1.427055433070866
 30
0
 11
2.0867690944881891
 21
1.413055433070866
 31
0
  0
LINE
  5
1144
330
1A
100
AcDbEntity
  8
BLACK
  6
CONTINUOUS
100
AcDbLine
 10
2.0867690944881891
 20
1.413055433070866
 30
0
 11
2.0864634251968504
 21
1.4115186614173227
 31
0
  0
LINE
  5
1145
330
1A
100
AcDbEntity
  8
BLACK
  6
CONTINUOUS
100
AcDbLine
 10
2.0864634251968504
 20
1.4115186614173227
 30
0
 11
2.0855929133858266
 21
1.4102158661417323
 31
0
  0
LINE
  5
1146
330
1A
100
AcDbEntity
  8
BLACK
  6
CONTINUOUS
100
AcDbLine
 10
2.0855929133858266
 20
1.4102158661417323
 30
0
 11
2.084290118110236
 21
1.4093453543307086
 31
0
  0
LINE
  5
1147
330
1A
100
AcDbEntity
  8
BLACK
  6
CONTINUOUS
100
AcDbLine
 10
2.084290118110236
 20
1.4093453543307086
 30
0
 11
2.082753346456693
 21
1.40903968503937
 31
0
  0
LINE
  5
1148
330
1A
100
AcDbEntity
  8
BLACK
  6
CONTINUOUS
100
AcDbLine
 10
2.082753346456693
 20
1.40903968503937
 30
0
 11
2.0367533464566927
 21
1.40903968503937
 31
0
  0
LINE
  5
1149
330
1A
100
AcDbEntity
  8
BLACK
  6
CONTINUOUS
100
AcDbLine
 10
2.0367533464566927
 20
1.40903968503937
 30
0
 11
2.0352165748031497
 21
1.4093453543307086
 31
0
  0
LINE
  5
114A
330
1A
100
AcDbEntity
  8
BLACK
  6
CONTINUOUS
100
AcDbLine
 10
2.0352165748031497
 20
1.4093453543307086
 30
0
 11
2.033913779527559
 21
1.4102158661417323
 31
0
  0
LINE
  5
114B
330
1A
100
AcDbEntity
  8
BLACK
  6
CONTINUOUS
100
AcDbLine
 10
2.033913779527559
 20
1.4102158661417323
 30
0
 11
2.0330432677165353
 21
1.4115186614173227
 31
0
  0
LINE
  5
114C
330
1A
100
AcDbEntity
  8
BLACK
  6
CONTINUOUS
100
AcDbLine
 10
2.0330432677165353
 20
1.4115186614173227
 30
0
 11
2.032737598425197
 21
1.413055433070866
 31
0
  0
LINE
  5
114D
330
1A
100
AcDbEntity
  8
BLACK
  6
CONTINUOUS
100
AcDbLine
 10
2.032737598425197
 20
1.413055433070866
 30
0
 11
2.032737598425197
 21
1.427055433070866
 31
0
  0
LINE
  5
114E
330
1A
100
AcDbEntity
  8
BLACK
  6
CONTINUOUS
100
AcDbLine
 10
2.032737598425197
 20
1.427055433070866
 30
0
 11
2.0330432677165353
 21
1.4285922047244095
 31
0
  0
LINE
  5
114F
330
1A
100
AcDbEntity
  8
BLACK
  6
CONTINUOUS
100
AcDbLine
 10
2.0330432677165353
 20
1.4285922047244095
 30
0
 11
2.033913779527559
 21
1.4298949999999999
 31
0
  0
LINE
  5
1150
330
1A
100
AcDbEntity
  8
BLACK
  6
CONTINUOUS
100
AcDbLine
 10
2.033913779527559
 20
1.4298949999999999
 30
0
 11
2.0352165748031497
 21
1.4307655118110236
 31
0
  0
LINE
  5
1151
330
1A
100
AcDbEntity
  8
BLACK
  6
CONTINUOUS
100
AcDbLine
 10
2.0352165748031497
 20
1.4307655118110236
 30
0
 11
2.0367533464566927
 21
1.4310711811023622
 31
0
  0
LINE
  5
1152
330
1A
100
AcDbEntity
  8
BLACK
  6
CONTINUOUS
100
AcDbLine
 10
2.0367533464566927
 20
1.4310711811023622
 30
0
 11
2.082753346456693
 21
1.4310711811023622
 31
0
  0
LINE
  5
1153
330
1A
100
AcDbEntity
  8
BLACK
  6
CONTINUOUS
100
AcDbLine
 10
2.082753346456693
 20
1.4310711811023622
 30
0
 11
2.084290118110236
 21
1.4307655118110236
 31
0
  0
LINE
  5
1154
330
1A
100
AcDbEntity
  8
BLACK
  6
CONTINUOUS
100
AcDbLine
 10
2.1662901181102363
 20
1.4307655118110236
 30
0
 11
2.1675929133858269
 21
1.4298949999999999
 31
0
  0
LINE
  5
1155
330
1A
100
AcDbEntity
  8
BLACK
  6
CONTINUOUS
100
AcDbLine
 10
2.1675929133858269
 20
1.4298949999999999
 30
0
 11
2.1684634251968502
 21
1.4285922047244095
 31
0
  0
LINE
  5
1156
330
1A
100
AcDbEntity
  8
BLACK
  6
CONTINUOUS
100
AcDbLine
 10
2.1684634251968502
 20
1.4285922047244095
 30
0
 11
2.168769094488189
 21
1.427055433070866
 31
0
  0
LINE
  5
1157
330
1A
100
AcDbEntity
  8
BLACK
  6
CONTINUOUS
100
AcDbLine
 10
2.168769094488189
 20
1.427055433070866
 30
0
 11
2.168769094488189
 21
1.413055433070866
 31
0
  0
LINE
  5
1158
330
1A
100
AcDbEntity
  8
BLACK
  6
CONTINUOUS
100
AcDbLine
 10
2.168769094488189
 20
1.413055433070866
 30
0
 11
2.1684634251968502
 21
1.4115186614173227
 31
0
  0
LINE
  5
1159
330
1A
100
AcDbEntity
  8
BLACK
  6
CONTINUOUS
100
AcDbLine
 10
2.1684634251968502
 20
1.4115186614173227
 30
0
 11
2.1675929133858269
 21
1.4102158661417323
 31
0
  0
LINE
  5
115A
330
1A
100
AcDbEntity
  8
BLACK
  6
CONTINUOUS
100
AcDbLine
 10
2.1675929133858269
 20
1.4102158661417323
 30
0
 11
2.1662901181102363
 21
1.4093453543307086
 31
0
  0
LINE
  5
115B
330
1A
100
AcDbEntity
  8
BLACK
  6
CONTINUOUS
100
AcDbLine
 10
2.1662901181102363
 20
1.4093453543307086
 30
0
 11
2.1647533464566928
 21
1.40903968503937
 31
0
  0
LINE
  5
115C
330
1A
100
AcDbEntity
  8
BLACK
  6
CONTINUOUS
100
AcDbLine
 10
2.1647533464566928
 20
1.40903968503937
 30
0
 11
2.118753346456693
 21
1.40903968503937
 31
0
  0
LINE
  5
115D
330
1A
100
AcDbEntity
  8
BLACK
  6
CONTINUOUS
100
AcDbLine
 10
2.118753346456693
 20
1.40903968503937
 30
0
 11
2.1172165748031495
 21
1.4093453543307086
 31
0
  0
LINE
  5
115E
330
1A
100
AcDbEntity
  8
BLACK
  6
CONTINUOUS
100
AcDbLine
 10
2.1172165748031495
 20
1.4093453543307086
 30
0
 11
2.1159137795275589
 21
1.4102158661417323
 31
0
  0
LINE
  5
115F
330
1A
100
AcDbEntity
  8
BLACK
  6
CONTINUOUS
100
AcDbLine
 10
2.1159137795275589
 20
1.4102158661417323
 30
0
 11
2.1150432677165352
 21
1.4115186614173227
 31
0
  0
LINE
  5
1160
330
1A
100
AcDbEntity
  8
BLACK
  6
CONTINUOUS
100
AcDbLine
 10
2.1150432677165352
 20
1.4115186614173227
 30
0
 11
2.1147375984251968
 21
1.413055433070866
 31
0
  0
LINE
  5
1161
330
1A
100
AcDbEntity
  8
BLACK
  6
CONTINUOUS
100
AcDbLine
 10
2.1147375984251968
 20
1.413055433070866
 30
0
 11
2.1147375984251968
 21
1.427055433070866
 31
0
  0
LINE
  5
1162
330
1A
100
AcDbEntity
  8
BLACK
  6
CONTINUOUS
100
AcDbLine
 10
2.1147375984251968
 20
1.427055433070866
 30
0
 11
2.1150432677165352
 21
1.4285922047244095
 31
0
  0
LINE
  5
1163
330
1A
100
AcDbEntity
  8
BLACK
  6
CONTINUOUS
100
AcDbLine
 10
2.1150432677165352
 20
1.4285922047244095
 30
0
 11
2.1159137795275589
 21
1.4298949999999999
 31
0
  0
LINE
  5
1164
330
1A
100
AcDbEntity
  8
BLACK
  6
CONTINUOUS
100
AcDbLine
 10
2.1159137795275589
 20
1.4298949999999999
 30
0
 11
2.1172165748031495
 21
1.4307655118110236
 31
0
  0
LINE
  5
1165
330
1A
100
AcDbEntity
  8
BLACK
  6
CONTINUOUS
100
AcDbLine
 10
2.1172165748031495
 20
1.4307655118110236
 30
0
 11
2.118753346456693
 21
1.4310711811023622
 31
0
  0
LINE
  5
1166
330
1A
100
AcDbEntity
  8
BLACK
  6
CONTINUOUS
100
AcDbLine
 10
2.118753346456693
 20
1.4310711811023622
 30
0
 11
2.1647533464566928
 21
1.4310711811023622
 31
0
  0
LINE
  5
1167
330
1A
100
AcDbEntity
  8
BLACK
  6
CONTINUOUS
100
AcDbLine
 10
2.1647533464566928
 20
1.4310711811023622
 30
0
 11
2.1662901181102363
 21
1.4307655118110236
 31
0
  0
LINE
  5
1168
330
1A
100
AcDbEntity
  8
BLACK
  6
CONTINUOUS
100
AcDbLine
 10
1.8767198818897637
 20
1.5004244488188976
 30
0
 11
1.880690590551181
 21
1.4986712204724408
 31
0
  0
LINE
  5
1169
330
1A
100
AcDbEntity
  8
BLACK
  6
CONTINUOUS
100
AcDbLine
 10
1.880690590551181
 20
1.4986712204724408
 30
0
 11
1.8837598031496063
 21
1.4956020078740158
 31
0
  0
LINE
  5
116A
330
1A
100
AcDbEntity
  8
BLACK
  6
CONTINUOUS
100
AcDbLine
 10
1.8837598031496063
 20
1.4956020078740158
 30
0
 11
1.8855130314960629
 21
1.4916312992125984
 31
0
  0
LINE
  5
116B
330
1A
100
AcDbEntity
  8
BLACK
  6
CONTINUOUS
100
AcDbLine
 10
1.8855130314960629
 20
1.4916312992125984
 30
0
 11
1.8858267716535433
 21
1.4889271653543308
 31
0
  0
LINE
  5
116C
330
1A
100
AcDbEntity
  8
BLACK
  6
CONTINUOUS
100
AcDbLine
 10
1.8858267716535433
 20
1.4889271653543308
 30
0
 11
1.8858267716535433
 21
1.451525590551181
 31
0
  0
LINE
  5
116D
330
1A
100
AcDbEntity
  8
BLACK
  6
CONTINUOUS
100
AcDbLine
 10
1.8858267716535433
 20
1.451525590551181
 30
0
 11
1.8855130314960629
 21
1.4488214566929134
 31
0
  0
LINE
  5
116E
330
1A
100
AcDbEntity
  8
BLACK
  6
CONTINUOUS
100
AcDbLine
 10
1.8855130314960629
 20
1.4488214566929134
 30
0
 11
1.8837598031496063
 21
1.444850748031496
 31
0
  0
LINE
  5
116F
330
1A
100
AcDbEntity
  8
BLACK
  6
CONTINUOUS
100
AcDbLine
 10
1.8837598031496063
 20
1.444850748031496
 30
0
 11
1.880690590551181
 21
1.4417815354330707
 31
0
  0
LINE
  5
1170
330
1A
100
AcDbEntity
  8
BLACK
  6
CONTINUOUS
100
AcDbLine
 10
1.880690590551181
 20
1.4417815354330707
 30
0
 11
1.8767198818897637
 21
1.4400283070866142
 31
0
  0
LINE
  5
1171
330
1A
100
AcDbEntity
  8
BLACK
  6
CONTINUOUS
100
AcDbLine
 10
1.8767198818897637
 20
1.4400283070866142
 30
0
 11
1.8740157480314961
 21
1.4397145669291338
 31
0
  0
LINE
  5
1172
330
1A
100
AcDbEntity
  8
BLACK
  6
CONTINUOUS
100
AcDbLine
 10
1.8740157480314961
 20
1.4397145669291338
 30
0
 11
1.8543307086614174
 21
1.4397145669291338
 31
0
  0
LINE
  5
1173
330
1A
100
AcDbEntity
  8
BLACK
  6
CONTINUOUS
100
AcDbLine
 10
1.8543307086614174
 20
1.4397145669291338
 30
0
 11
1.8516265748031495
 21
1.4400283070866142
 31
0
  0
LINE
  5
1174
330
1A
100
AcDbEntity
  8
BLACK
  6
CONTINUOUS
100
AcDbLine
 10
1.8516265748031495
 20
1.4400283070866142
 30
0
 11
1.8476558661417322
 21
1.4417815354330707
 31
0
  0
LINE
  5
1175
330
1A
100
AcDbEntity
  8
BLACK
  6
CONTINUOUS
100
AcDbLine
 10
1.8476558661417322
 20
1.4417815354330707
 30
0
 11
1.8445866535433071
 21
1.444850748031496
 31
0
  0
LINE
  5
1176
330
1A
100
AcDbEntity
  8
BLACK
  6
CONTINUOUS
100
AcDbLine
 10
1.8445866535433071
 20
1.444850748031496
 30
0
 11
1.8428334251968503
 21
1.4488214566929134
 31
0
  0
LINE
  5
1177
330
1A
100
AcDbEntity
  8
BLACK
  6
CONTINUOUS
100
AcDbLine
 10
1.8428334251968503
 20
1.4488214566929134
 30
0
 11
1.8425196850393701
 21
1.451525590551181
 31
0
  0
LINE
  5
1178
330
1A
100
AcDbEntity
  8
BLACK
  6
CONTINUOUS
100
AcDbLine
 10
1.8425196850393701
 20
1.451525590551181
 30
0
 11
1.8425196850393701
 21
1.4889271653543308
 31
0
  0
LINE
  5
1179
330
1A
100
AcDbEntity
  8
BLACK
  6
CONTINUOUS
100
AcDbLine
 10
1.8425196850393701
 20
1.4889271653543308
 30
0
 11
1.8428334251968503
 21
1.4916312992125984
 31
0
  0
LINE
  5
117A
330
1A
100
AcDbEntity
  8
BLACK
  6
CONTINUOUS
100
AcDbLine
 10
1.8428334251968503
 20
1.4916312992125984
 30
0
 11
1.8445866535433071
 21
1.4956020078740158
 31
0
  0
LINE
  5
117B
330
1A
100
AcDbEntity
  8
BLACK
  6
CONTINUOUS
100
AcDbLine
 10
1.8445866535433071
 20
1.4956020078740158
 30
0
 11
1.8476558661417322
 21
1.4986712204724408
 31
0
  0
LINE
  5
117C
330
1A
100
AcDbEntity
  8
BLACK
  6
CONTINUOUS
100
AcDbLine
 10
1.8476558661417322
 20
1.4986712204724408
 30
0
 11
1.8516265748031495
 21
1.5004244488188976
 31
0
  0
LINE
  5
117D
330
1A
100
AcDbEntity
  8
BLACK
  6
CONTINUOUS
100
AcDbLine
 10
1.8516265748031495
 20
1.5004244488188976
 30
0
 11
1.8543307086614174
 21
1.500738188976378
 31
0
  0
LINE
  5
117E
330
1A
100
AcDbEntity
  8
BLACK
  6
CONTINUOUS
100
AcDbLine
 10
1.8543307086614174
 20
1.500738188976378
 30
0
 11
1.8740157480314961
 21
1.500738188976378
 31
0
  0
LINE
  5
117F
330
1A
100
AcDbEntity
  8
BLACK
  6
CONTINUOUS
100
AcDbLine
 10
1.8740157480314961
 20
1.500738188976378
 30
0
 11
1.8767198818897637
 21
1.5004244488188976
 31
0
  0
LINE
  5
1180
330
1A
100
AcDbEntity
  8
BLACK
  6
CONTINUOUS
100
AcDbLine
 10
1.951523031496063
 20
1.5004244488188976
 30
0
 11
1.9554937401574803
 21
1.4986712204724408
 31
0
  0
LINE
  5
1181
330
1A
100
AcDbEntity
  8
BLACK
  6
CONTINUOUS
100
AcDbLine
 10
1.9554937401574803
 20
1.4986712204724408
 30
0
 11
1.9585629527559054
 21
1.4956020078740158
 31
0
  0
LINE
  5
1182
330
1A
100
AcDbEntity
  8
BLACK
  6
CONTINUOUS
100
AcDbLine
 10
1.9585629527559054
 20
1.4956020078740158
 30
0
 11
1.9603161811023622
 21
1.4916312992125984
 31
0
  0
LINE
  5
1183
330
1A
100
AcDbEntity
  8
BLACK
  6
CONTINUOUS
100
AcDbLine
 10
1.9603161811023622
 20
1.4916312992125984
 30
0
 11
1.9606299212598424
 21
1.4889271653543308
 31
0
  0
LINE
  5
1184
330
1A
100
AcDbEntity
  8
BLACK
  6
CONTINUOUS
100
AcDbLine
 10
1.9606299212598424
 20
1.4889271653543308
 30
0
 11
1.9606299212598424
 21
1.451525590551181
 31
0
  0
LINE
  5
1185
330
1A
100
AcDbEntity
  8
BLACK
  6
CONTINUOUS
100
AcDbLine
 10
1.9606299212598424
 20
1.451525590551181
 30
0
 11
1.9603161811023622
 21
1.4488214566929134
 31
0
  0
LINE
  5
1186
330
1A
100
AcDbEntity
  8
BLACK
  6
CONTINUOUS
100
AcDbLine
 10
1.9603161811023622
 20
1.4488214566929134
 30
0
 11
1.9585629527559054
 21
1.444850748031496
 31
0
  0
LINE
  5
1187
330
1A
100
AcDbEntity
  8
BLACK
  6
CONTINUOUS
100
AcDbLine
 10
1.9585629527559054
 20
1.444850748031496
 30
0
 11
1.9554937401574803
 21
1.4417815354330707
 31
0
  0
LINE
  5
1188
330
1A
100
AcDbEntity
  8
BLACK
  6
CONTINUOUS
100
AcDbLine
 10
1.9554937401574803
 20
1.4417815354330707
 30
0
 11
1.951523031496063
 21
1.4400283070866142
 31
0
  0
LINE
  5
1189
330
1A
100
AcDbEntity
  8
BLACK
  6
CONTINUOUS
100
AcDbLine
 10
1.951523031496063
 20
1.4400283070866142
 30
0
 11
1.9488188976377951
 21
1.4397145669291338
 31
0
  0
LINE
  5
118A
330
1A
100
AcDbEntity
  8
BLACK
  6
CONTINUOUS
100
AcDbLine
 10
1.9488188976377951
 20
1.4397145669291338
 30
0
 11
1.9291338582677164
 21
1.4397145669291338
 31
0
  0
LINE
  5
118B
330
1A
100
AcDbEntity
  8
BLACK
  6
CONTINUOUS
100
AcDbLine
 10
1.9291338582677164
 20
1.4397145669291338
 30
0
 11
1.9264297244094488
 21
1.4400283070866142
 31
0
  0
LINE
  5
118C
330
1A
100
AcDbEntity
  8
BLACK
  6
CONTINUOUS
100
AcDbLine
 10
1.9264297244094488
 20
1.4400283070866142
 30
0
 11
1.9224590157480315
 21
1.4417815354330707
 31
0
  0
LINE
  5
118D
330
1A
100
AcDbEntity
  8
BLACK
  6
CONTINUOUS
100
AcDbLine
 10
1.9224590157480315
 20
1.4417815354330707
 30
0
 11
1.9193898031496062
 21
1.444850748031496
 31
0
  0
LINE
  5
118E
330
1A
100
AcDbEntity
  8
BLACK
  6
CONTINUOUS
100
AcDbLine
 10
1.9193898031496062
 20
1.444850748031496
 30
0
 11
1.9176365748031496
 21
1.4488214566929134
 31
0
  0
LINE
  5
118F
330
1A
100
AcDbEntity
  8
BLACK
  6
CONTINUOUS
100
AcDbLine
 10
1.9176365748031496
 20
1.4488214566929134
 30
0
 11
1.9173228346456692
 21
1.451525590551181
 31
0
  0
LINE
  5
1190
330
1A
100
AcDbEntity
  8
BLACK
  6
CONTINUOUS
100
AcDbLine
 10
1.9173228346456692
 20
1.451525590551181
 30
0
 11
1.9173228346456692
 21
1.4889271653543308
 31
0
  0
LINE
  5
1191
330
1A
100
AcDbEntity
  8
BLACK
  6
CONTINUOUS
100
AcDbLine
 10
1.9173228346456692
 20
1.4889271653543308
 30
0
 11
1.9176365748031496
 21
1.4916312992125984
 31
0
  0
LINE
  5
1192
330
1A
100
AcDbEntity
  8
BLACK
  6
CONTINUOUS
100
AcDbLine
 10
1.9176365748031496
 20
1.4916312992125984
 30
0
 11
1.9193898031496062
 21
1.4956020078740158
 31
0
  0
LINE
  5
1193
330
1A
100
AcDbEntity
  8
BLACK
  6
CONTINUOUS
100
AcDbLine
 10
1.9193898031496062
 20
1.4956020078740158
 30
0
 11
1.9224590157480315
 21
1.4986712204724408
 31
0
  0
LINE
  5
1194
330
1A
100
AcDbEntity
  8
BLACK
  6
CONTINUOUS
100
AcDbLine
 10
1.9224590157480315
 20
1.4986712204724408
 30
0
 11
1.9264297244094488
 21
1.5004244488188976
 31
0
  0
LINE
  5
1195
330
1A
100
AcDbEntity
  8
BLACK
  6
CONTINUOUS
100
AcDbLine
 10
1.9264297244094488
 20
1.5004244488188976
 30
0
 11
1.9291338582677164
 21
1.500738188976378
 31
0
  0
LINE
  5
1196
330
1A
100
AcDbEntity
  8
BLACK
  6
CONTINUOUS
100
AcDbLine
 10
1.9291338582677164
 20
1.500738188976378
 30
0
 11
1.9488188976377951
 21
1.500738188976378
 31
0
  0
LINE
  5
1197
330
1A
100
AcDbEntity
  8
BLACK
  6
CONTINUOUS
100
AcDbLine
 10
1.9488188976377951
 20
1.500738188976378
 30
0
 11
1.951523031496063
 21
1.5004244488188976
 31
0
  0
LINE
  5
1198
330
1A
100
AcDbEntity
  8
BLACK
  6
CONTINUOUS
100
AcDbLine
 10
1.7074285433070866
 20
1.4984559448818897
 30
0
 11
1.711399251968504
 21
1.496702716535433
 31
0
  0
LINE
  5
1199
330
1A
100
AcDbEntity
  8
BLACK
  6
CONTINUOUS
100
AcDbLine
 10
1.711399251968504
 20
1.496702716535433
 30
0
 11
1.714468464566929
 21
1.4936335039370079
 31
0
  0
LINE
  5
119A
330
1A
100
AcDbEntity
  8
BLACK
  6
CONTINUOUS
100
AcDbLine
 10
1.714468464566929
 20
1.4936335039370079
 30
0
 11
1.7162216929133858
 21
1.4896627952755905
 31
0
  0
LINE
  5
119B
330
1A
100
AcDbEntity
  8
BLACK
  6
CONTINUOUS
100
AcDbLine
 10
1.7162216929133858
 20
1.4896627952755905
 30
0
 11
1.7165354330708662
 21
1.4869586614173227
 31
0
  0
LINE
  5
119C
330
1A
100
AcDbEntity
  8
BLACK
  6
CONTINUOUS
100
AcDbLine
 10
1.7165354330708662
 20
1.4869586614173227
 30
0
 11
1.7165354330708662
 21
1.4534940944881889
 31
0
  0
LINE
  5
119D
330
1A
100
AcDbEntity
  8
BLACK
  6
CONTINUOUS
100
AcDbLine
 10
1.7165354330708662
 20
1.4534940944881889
 30
0
 11
1.7162216929133858
 21
1.4507899606299213
 31
0
  0
LINE
  5
119E
330
1A
100
AcDbEntity
  8
BLACK
  6
CONTINUOUS
100
AcDbLine
 10
1.7162216929133858
 20
1.4507899606299213
 30
0
 11
1.714468464566929
 21
1.4468192519685039
 31
0
  0
LINE
  5
119F
330
1A
100
AcDbEntity
  8
BLACK
  6
CONTINUOUS
100
AcDbLine
 10
1.714468464566929
 20
1.4468192519685039
 30
0
 11
1.711399251968504
 21
1.4437500393700786
 31
0
  0
LINE
  5
11A0
330
1A
100
AcDbEntity
  8
BLACK
  6
CONTINUOUS
100
AcDbLine
 10
1.711399251968504
 20
1.4437500393700786
 30
0
 11
1.7074285433070866
 21
1.4419968110236221
 31
0
  0
LINE
  5
11A1
330
1A
100
AcDbEntity
  8
BLACK
  6
CONTINUOUS
100
AcDbLine
 10
1.7074285433070866
 20
1.4419968110236221
 30
0
 11
1.7047244094488188
 21
1.4416830708661417
 31
0
  0
LINE
  5
11A2
330
1A
100
AcDbEntity
  8
BLACK
  6
CONTINUOUS
100
AcDbLine
 10
1.7047244094488188
 20
1.4416830708661417
 30
0
 11
1.6692913385826771
 21
1.4416830708661417
 31
0
  0
LINE
  5
11A3
330
1A
100
AcDbEntity
  8
BLACK
  6
CONTINUOUS
100
AcDbLine
 10
1.6692913385826771
 20
1.4416830708661417
 30
0
 11
1.6665872047244095
 21
1.4419968110236221
 31
0
  0
LINE
  5
11A4
330
1A
100
AcDbEntity
  8
BLACK
  6
CONTINUOUS
100
AcDbLine
 10
1.6665872047244095
 20
1.4419968110236221
 30
0
 11
1.6626164960629921
 21
1.4437500393700786
 31
0
  0
LINE
  5
11A5
330
1A
100
AcDbEntity
  8
BLACK
  6
CONTINUOUS
100
AcDbLine
 10
1.6626164960629921
 20
1.4437500393700786
 30
0
 11
1.6595472834645668
 21
1.4468192519685039
 31
0
  0
LINE
  5
11A6
330
1A
100
AcDbEntity
  8
BLACK
  6
CONTINUOUS
100
AcDbLine
 10
1.6595472834645668
 20
1.4468192519685039
 30
0
 11
1.6577940551181103
 21
1.4507899606299213
 31
0
  0
LINE
  5
11A7
330
1A
100
AcDbEntity
  8
BLACK
  6
CONTINUOUS
100
AcDbLine
 10
1.6577940551181103
 20
1.4507899606299213
 30
0
 11
1.6574803149606299
 21
1.4534940944881889
 31
0
  0
LINE
  5
11A8
330
1A
100
AcDbEntity
  8
BLACK
  6
CONTINUOUS
100
AcDbLine
 10
1.6574803149606299
 20
1.4534940944881889
 30
0
 11
1.6574803149606299
 21
1.4869586614173227
 31
0
  0
LINE
  5
11A9
330
1A
100
AcDbEntity
  8
BLACK
  6
CONTINUOUS
100
AcDbLine
 10
1.6574803149606299
 20
1.4869586614173227
 30
0
 11
1.6577940551181103
 21
1.4896627952755905
 31
0
  0
LINE
  5
11AA
330
1A
100
AcDbEntity
  8
BLACK
  6
CONTINUOUS
100
AcDbLine
 10
1.6577940551181103
 20
1.4896627952755905
 30
0
 11
1.6595472834645668
 21
1.4936335039370079
 31
0
  0
LINE
  5
11AB
330
1A
100
AcDbEntity
  8
BLACK
  6
CONTINUOUS
100
AcDbLine
 10
1.6595472834645668
 20
1.4936335039370079
 30
0
 11
1.6626164960629921
 21
1.496702716535433
 31
0
  0
LINE
  5
11AC
330
1A
100
AcDbEntity
  8
BLACK
  6
CONTINUOUS
100
AcDbLine
 10
1.6626164960629921
 20
1.496702716535433
 30
0
 11
1.6665872047244095
 21
1.4984559448818897
 31
0
  0
LINE
  5
11AD
330
1A
100
AcDbEntity
  8
BLACK
  6
CONTINUOUS
100
AcDbLine
 10
1.6665872047244095
 20
1.4984559448818897
 30
0
 11
1.6692913385826771
 21
1.4987696850393701
 31
0
  0
LINE
  5
11AE
330
1A
100
AcDbEntity
  8
BLACK
  6
CONTINUOUS
100
AcDbLine
 10
1.6692913385826771
 20
1.4987696850393701
 30
0
 11
1.7047244094488188
 21
1.4987696850393701
 31
0
  0
LINE
  5
11AF
330
1A
100
AcDbEntity
  8
BLACK
  6
CONTINUOUS
100
AcDbLine
 10
1.7047244094488188
 20
1.4987696850393701
 30
0
 11
1.7074285433070866
 21
1.4984559448818897
 31
0
  0
LINE
  5
11B0
330
1A
100
AcDbEntity
  8
BLACK
  6
CONTINUOUS
100
AcDbLine
 10
1.8137277559055118
 20
1.4984559448818897
 30
0
 11
1.8176984645669292
 21
1.496702716535433
 31
0
  0
LINE
  5
11B1
330
1A
100
AcDbEntity
  8
BLACK
  6
CONTINUOUS
100
AcDbLine
 10
1.8176984645669292
 20
1.496702716535433
 30
0
 11
1.8207676771653543
 21
1.4936335039370079
 31
0
  0
LINE
  5
11B2
330
1A
100
AcDbEntity
  8
BLACK
  6
CONTINUOUS
100
AcDbLine
 10
1.8207676771653543
 20
1.4936335039370079
 30
0
 11
1.822520905511811
 21
1.4896627952755905
 31
0
  0
LINE
  5
11B3
330
1A
100
AcDbEntity
  8
BLACK
  6
CONTINUOUS
100
AcDbLine
 10
1.822520905511811
 20
1.4896627952755905
 30
0
 11
1.8228346456692912
 21
1.4869586614173227
 31
0
  0
LINE
  5
11B4
330
1A
100
AcDbEntity
  8
BLACK
  6
CONTINUOUS
100
AcDbLine
 10
1.8228346456692912
 20
1.4869586614173227
 30
0
 11
1.8228346456692912
 21
1.4534940944881889
 31
0
  0
LINE
  5
11B5
330
1A
100
AcDbEntity
  8
BLACK
  6
CONTINUOUS
100
AcDbLine
 10
1.8228346456692912
 20
1.4534940944881889
 30
0
 11
1.822520905511811
 21
1.4507899606299213
 31
0
  0
LINE
  5
11B6
330
1A
100
AcDbEntity
  8
BLACK
  6
CONTINUOUS
100
AcDbLine
 10
1.822520905511811
 20
1.4507899606299213
 30
0
 11
1.8207676771653543
 21
1.4468192519685039
 31
0
  0
LINE
  5
11B7
330
1A
100
AcDbEntity
  8
BLACK
  6
CONTINUOUS
100
AcDbLine
 10
1.8207676771653543
 20
1.4468192519685039
 30
0
 11
1.8176984645669292
 21
1.4437500393700786
 31
0
  0
LINE
  5
11B8
330
1A
100
AcDbEntity
  8
BLACK
  6
CONTINUOUS
100
AcDbLine
 10
1.8176984645669292
 20
1.4437500393700786
 30
0
 11
1.8137277559055118
 21
1.4419968110236221
 31
0
  0
LINE
  5
11B9
330
1A
100
AcDbEntity
  8
BLACK
  6
CONTINUOUS
100
AcDbLine
 10
1.8137277559055118
 20
1.4419968110236221
 30
0
 11
1.811023622047244
 21
1.4416830708661417
 31
0
  0
LINE
  5
11BA
330
1A
100
AcDbEntity
  8
BLACK
  6
CONTINUOUS
100
AcDbLine
 10
1.811023622047244
 20
1.4416830708661417
 30
0
 11
1.7755905511811023
 21
1.4416830708661417
 31
0
  0
LINE
  5
11BB
330
1A
100
AcDbEntity
  8
BLACK
  6
CONTINUOUS
100
AcDbLine
 10
1.7755905511811023
 20
1.4416830708661417
 30
0
 11
1.7728864173228347
 21
1.4419968110236221
 31
0
  0
LINE
  5
11BC
330
1A
100
AcDbEntity
  8
BLACK
  6
CONTINUOUS
100
AcDbLine
 10
1.7728864173228347
 20
1.4419968110236221
 30
0
 11
1.7689157086614173
 21
1.4437500393700786
 31
0
  0
LINE
  5
11BD
330
1A
100
AcDbEntity
  8
BLACK
  6
CONTINUOUS
100
AcDbLine
 10
1.7689157086614173
 20
1.4437500393700786
 30
0
 11
1.765846496062992
 21
1.4468192519685039
 31
0
  0
LINE
  5
11BE
330
1A
100
AcDbEntity
  8
BLACK
  6
CONTINUOUS
100
AcDbLine
 10
1.765846496062992
 20
1.4468192519685039
 30
0
 11
1.7640932677165353
 21
1.4507899606299213
 31
0
  0
LINE
  5
11BF
330
1A
100
AcDbEntity
  8
BLACK
  6
CONTINUOUS
100
AcDbLine
 10
1.7640932677165353
 20
1.4507899606299213
 30
0
 11
1.7637795275590551
 21
1.4534940944881889
 31
0
  0
LINE
  5
11C0
330
1A
100
AcDbEntity
  8
BLACK
  6
CONTINUOUS
100
AcDbLine
 10
1.7637795275590551
 20
1.4534940944881889
 30
0
 11
1.7637795275590551
 21
1.4869586614173227
 31
0
  0
LINE
  5
11C1
330
1A
100
AcDbEntity
  8
BLACK
  6
CONTINUOUS
100
AcDbLine
 10
1.7637795275590551
 20
1.4869586614173227
 30
0
 11
1.7640932677165353
 21
1.4896627952755905
 31
0
  0
LINE
  5
11C2
330
1A
100
AcDbEntity
  8
BLACK
  6
CONTINUOUS
100
AcDbLine
 10
1.7640932677165353
 20
1.4896627952755905
 30
0
 11
1.765846496062992
 21
1.4936335039370079
 31
0
  0
LINE
  5
11C3
330
1A
100
AcDbEntity
  8
BLACK
  6
CONTINUOUS
100
AcDbLine
 10
1.765846496062992
 20
1.4936335039370079
 30
0
 11
1.7689157086614173
 21
1.496702716535433
 31
0
  0
LINE
  5
11C4
330
1A
100
AcDbEntity
  8
BLACK
  6
CONTINUOUS
100
AcDbLine
 10
1.7689157086614173
 20
1.496702716535433
 30
0
 11
1.7728864173228347
 21
1.4984559448818897
 31
0
  0
LINE
  5
11C5
330
1A
100
AcDbEntity
  8
BLACK
  6
CONTINUOUS
100
AcDbLine
 10
1.7728864173228347
 20
1.4984559448818897
 30
0
 11
1.7755905511811023
 21
1.4987696850393701
 31
0
  0
LINE
  5
11C6
330
1A
100
AcDbEntity
  8
BLACK
  6
CONTINUOUS
100
AcDbLine
 10
1.7755905511811023
 20
1.4987696850393701
 30
0
 11
1.811023622047244
 21
1.4987696850393701
 31
0
  0
LINE
  5
11C7
330
1A
100
AcDbEntity
  8
BLACK
  6
CONTINUOUS
100
AcDbLine
 10
1.811023622047244
 20
1.4987696850393701
 30
0
 11
1.8137277559055118
 21
1.4984559448818897
 31
0
  0
LINE
  5
11C8
330
1A
100
AcDbEntity
  8
BLACK
  6
CONTINUOUS
100
AcDbLine
 10
0.420113937007874
 20
1.7183821653543307
 30
0
 11
0.4332420472440945
 21
1.715385748031496
 31
0
  0
LINE
  5
11C9
330
1A
100
AcDbEntity
  8
BLACK
  6
CONTINUOUS
100
AcDbLine
 10
0.4332420472440945
 20
1.715385748031496
 30
0
 11
0.4459521259842519
 21
1.7109383070866142
 31
0
  0
LINE
  5
11CA
330
1A
100
AcDbEntity
  8
BLACK
  6
CONTINUOUS
100
AcDbLine
 10
0.4459521259842519
 20
1.7109383070866142
 30
0
 11
0.4580843700787401
 21
1.7050957086614174
 31
0
  0
LINE
  5
11CB
330
1A
100
AcDbEntity
  8
BLACK
  6
CONTINUOUS
100
AcDbLine
 10
0.4580843700787401
 20
1.7050957086614174
 30
0
 11
0.4694861023622047
 21
1.6979315354330708
 31
0
  0
LINE
  5
11CC
330
1A
100
AcDbEntity
  8
BLACK
  6
CONTINUOUS
100
AcDbLine
 10
0.4694861023622047
 20
1.6979315354330708
 30
0
 11
0.4800140551181102
 21
1.6895357874015748
 31
0
  0
LINE
  5
11CD
330
1A
100
AcDbEntity
  8
BLACK
  6
CONTINUOUS
100
AcDbLine
 10
0.4800140551181102
 20
1.6895357874015748
 30
0
 11
0.4895357874015748
 21
1.6800140551181102
 31
0
  0
LINE
  5
11CE
330
1A
100
AcDbEntity
  8
BLACK
  6
CONTINUOUS
100
AcDbLine
 10
0.4895357874015748
 20
1.6800140551181102
 30
0
 11
0.4979315354330708
 21
1.6694861023622047
 31
0
  0
LINE
  5
11CF
330
1A
100
AcDbEntity
  8
BLACK
  6
CONTINUOUS
100
AcDbLine
 10
0.4979315354330708
 20
1.6694861023622047
 30
0
 11
0.5050957086614173
 21
1.6580843700787402
 31
0
  0
LINE
  5
11D0
330
1A
100
AcDbEntity
  8
BLACK
  6
CONTINUOUS
100
AcDbLine
 10
0.5050957086614173
 20
1.6580843700787402
 30
0
 11
0.5109383070866141
 21
1.645952125984252
 31
0
  0
LINE
  5
11D1
330
1A
100
AcDbEntity
  8
BLACK
  6
CONTINUOUS
100
AcDbLine
 10
0.5109383070866141
 20
1.645952125984252
 30
0
 11
0.5153857480314961
 21
1.6332420472440945
 31
0
  0
LINE
  5
11D2
330
1A
100
AcDbEntity
  8
BLACK
  6
CONTINUOUS
100
AcDbLine
 10
0.5153857480314961
 20
1.6332420472440945
 30
0
 11
0.5183821653543307
 21
1.6201139370078739
 31
0
  0
LINE
  5
11D3
330
1A
100
AcDbEntity
  8
BLACK
  6
CONTINUOUS
100
AcDbLine
 10
0.5183821653543307
 20
1.6201139370078739
 30
0
 11
0.5198898425196851
 21
1.606732874015748
 31
0
  0
LINE
  5
11D4
330
1A
100
AcDbEntity
  8
BLACK
  6
CONTINUOUS
100
AcDbLine
 10
0.5198898425196851
 20
1.606732874015748
 30
0
 11
0.5198898425196851
 21
1.5932671259842519
 31
0
  0
LINE
  5
11D5
330
1A
100
AcDbEntity
  8
BLACK
  6
CONTINUOUS
100
AcDbLine
 10
0.5198898425196851
 20
1.5932671259842519
 30
0
 11
0.5183821653543307
 21
1.5798860629921259
 31
0
  0
LINE
  5
11D6
330
1A
100
AcDbEntity
  8
BLACK
  6
CONTINUOUS
100
AcDbLine
 10
0.5183821653543307
 20
1.5798860629921259
 30
0
 11
0.5153857480314961
 21
1.5667579527559055
 31
0
  0
LINE
  5
11D7
330
1A
100
AcDbEntity
  8
BLACK
  6
CONTINUOUS
100
AcDbLine
 10
0.5153857480314961
 20
1.5667579527559055
 30
0
 11
0.5109383070866141
 21
1.554047874015748
 31
0
  0
LINE
  5
11D8
330
1A
100
AcDbEntity
  8
BLACK
  6
CONTINUOUS
100
AcDbLine
 10
0.5109383070866141
 20
1.554047874015748
 30
0
 11
0.5050957086614173
 21
1.5419156299212597
 31
0
  0
LINE
  5
11D9
330
1A
100
AcDbEntity
  8
BLACK
  6
CONTINUOUS
100
AcDbLine
 10
0.5050957086614173
 20
1.5419156299212597
 30
0
 11
0.4979315354330708
 21
1.5305138976377952
 31
0
  0
LINE
  5
11DA
330
1A
100
AcDbEntity
  8
BLACK
  6
CONTINUOUS
100
AcDbLine
 10
0.4979315354330708
 20
1.5305138976377952
 30
0
 11
0.4895357874015748
 21
1.5199859448818898
 31
0
  0
LINE
  5
11DB
330
1A
100
AcDbEntity
  8
BLACK
  6
CONTINUOUS
100
AcDbLine
 10
0.4895357874015748
 20
1.5199859448818898
 30
0
 11
0.4800140551181102
 21
1.5104642125984251
 31
0
  0
LINE
  5
11DC
330
1A
100
AcDbEntity
  8
BLACK
  6
CONTINUOUS
100
AcDbLine
 10
0.4800140551181102
 20
1.5104642125984251
 30
0
 11
0.4694861023622047
 21
1.5020684645669291
 31
0
  0
LINE
  5
11DD
330
1A
100
AcDbEntity
  8
BLACK
  6
CONTINUOUS
100
AcDbLine
 10
0.4694861023622047
 20
1.5020684645669291
 30
0
 11
0.4580843700787401
 21
1.4949042913385826
 31
0
  0
LINE
  5
11DE
330
1A
100
AcDbEntity
  8
BLACK
  6
CONTINUOUS
100
AcDbLine
 10
0.4580843700787401
 20
1.4949042913385826
 30
0
 11
0.4459521259842519
 21
1.4890616929133857
 31
0
  0
LINE
  5
11DF
330
1A
100
AcDbEntity
  8
BLACK
  6
CONTINUOUS
100
AcDbLine
 10
0.4459521259842519
 20
1.4890616929133857
 30
0
 11
0.4332420472440945
 21
1.4846142519685039
 31
0
  0
LINE
  5
11E0
330
1A
100
AcDbEntity
  8
BLACK
  6
CONTINUOUS
100
AcDbLine
 10
0.4332420472440945
 20
1.4846142519685039
 30
0
 11
0.420113937007874
 21
1.4816178346456692
 31
0
  0
LINE
  5
11E1
330
1A
100
AcDbEntity
  8
BLACK
  6
CONTINUOUS
100
AcDbLine
 10
0.420113937007874
 20
1.4816178346456692
 30
0
 11
0.406732874015748
 21
1.4801101574803148
 31
0
  0
LINE
  5
11E2
330
1A
100
AcDbEntity
  8
BLACK
  6
CONTINUOUS
100
AcDbLine
 10
0.406732874015748
 20
1.4801101574803148
 30
0
 11
0.393267125984252
 21
1.4801101574803148
 31
0
  0
LINE
  5
11E3
330
1A
100
AcDbEntity
  8
BLACK
  6
CONTINUOUS
100
AcDbLine
 10
0.393267125984252
 20
1.4801101574803148
 30
0
 11
0.379886062992126
 21
1.4816178346456692
 31
0
  0
LINE
  5
11E4
330
1A
100
AcDbEntity
  8
BLACK
  6
CONTINUOUS
100
AcDbLine
 10
0.379886062992126
 20
1.4816178346456692
 30
0
 11
0.3667579527559055
 21
1.4846142519685039
 31
0
  0
LINE
  5
11E5
330
1A
100
AcDbEntity
  8
BLACK
  6
CONTINUOUS
100
AcDbLine
 10
0.3667579527559055
 20
1.4846142519685039
 30
0
 11
0.354047874015748
 21
1.4890616929133857
 31
0
  0
LINE
  5
11E6
330
1A
100
AcDbEntity
  8
BLACK
  6
CONTINUOUS
100
AcDbLine
 10
0.354047874015748
 20
1.4890616929133857
 30
0
 11
0.3419156299212598
 21
1.4949042913385826
 31
0
  0
LINE
  5
11E7
330
1A
100
AcDbEntity
  8
BLACK
  6
CONTINUOUS
100
AcDbLine
 10
0.3419156299212598
 20
1.4949042913385826
 30
0
 11
0.3305138976377953
 21
1.5020684645669291
 31
0
  0
LINE
  5
11E8
330
1A
100
AcDbEntity
  8
BLACK
  6
CONTINUOUS
100
AcDbLine
 10
0.3305138976377953
 20
1.5020684645669291
 30
0
 11
0.3199859448818898
 21
1.5104642125984251
 31
0
  0
LINE
  5
11E9
330
1A
100
AcDbEntity
  8
BLACK
  6
CONTINUOUS
100
AcDbLine
 10
0.3199859448818898
 20
1.5104642125984251
 30
0
 11
0.3104642125984252
 21
1.5199859448818898
 31
0
  0
LINE
  5
11EA
330
1A
100
AcDbEntity
  8
BLACK
  6
CONTINUOUS
100
AcDbLine
 10
0.3104642125984252
 20
1.5199859448818898
 30
0
 11
0.3020684645669292
 21
1.5305138976377952
 31
0
  0
LINE
  5
11EB
330
1A
100
AcDbEntity
  8
BLACK
  6
CONTINUOUS
100
AcDbLine
 10
0.3020684645669292
 20
1.5305138976377952
 30
0
 11
0.2949042913385826
 21
1.5419156299212597
 31
0
  0
LINE
  5
11EC
330
1A
100
AcDbEntity
  8
BLACK
  6
CONTINUOUS
100
AcDbLine
 10
0.2949042913385826
 20
1.5419156299212597
 30
0
 11
0.2890616929133858
 21
1.554047874015748
 31
0
  0
LINE
  5
11ED
330
1A
100
AcDbEntity
  8
BLACK
  6
CONTINUOUS
100
AcDbLine
 10
0.2890616929133858
 20
1.554047874015748
 30
0
 11
0.2846142519685039
 21
1.5667579527559055
 31
0
  0
LINE
  5
11EE
330
1A
100
AcDbEntity
  8
BLACK
  6
CONTINUOUS
100
AcDbLine
 10
0.2846142519685039
 20
1.5667579527559055
 30
0
 11
0.2816178346456693
 21
1.5798860629921259
 31
0
  0
LINE
  5
11EF
330
1A
100
AcDbEntity
  8
BLACK
  6
CONTINUOUS
100
AcDbLine
 10
0.2816178346456693
 20
1.5798860629921259
 30
0
 11
0.280110157480315
 21
1.5932671259842519
 31
0
  0
LINE
  5
11F0
330
1A
100
AcDbEntity
  8
BLACK
  6
CONTINUOUS
100
AcDbLine
 10
0.280110157480315
 20
1.5932671259842519
 30
0
 11
0.280110157480315
 21
1.606732874015748
 31
0
  0
LINE
  5
11F1
330
1A
100
AcDbEntity
  8
BLACK
  6
CONTINUOUS
100
AcDbLine
 10
0.280110157480315
 20
1.606732874015748
 30
0
 11
0.2816178346456693
 21
1.6201139370078739
 31
0
  0
LINE
  5
11F2
330
1A
100
AcDbEntity
  8
BLACK
  6
CONTINUOUS
100
AcDbLine
 10
0.2816178346456693
 20
1.6201139370078739
 30
0
 11
0.2846142519685039
 21
1.6332420472440945
 31
0
  0
LINE
  5
11F3
330
1A
100
AcDbEntity
  8
BLACK
  6
CONTINUOUS
100
AcDbLine
 10
0.2846142519685039
 20
1.6332420472440945
 30
0
 11
0.2890616929133858
 21
1.645952125984252
 31
0
  0
LINE
  5
11F4
330
1A
100
AcDbEntity
  8
BLACK
  6
CONTINUOUS
100
AcDbLine
 10
0.2890616929133858
 20
1.645952125984252
 30
0
 11
0.2949042913385826
 21
1.6580843700787402
 31
0
  0
LINE
  5
11F5
330
1A
100
AcDbEntity
  8
BLACK
  6
CONTINUOUS
100
AcDbLine
 10
0.2949042913385826
 20
1.6580843700787402
 30
0
 11
0.3020684645669292
 21
1.6694861023622047
 31
0
  0
LINE
  5
11F6
330
1A
100
AcDbEntity
  8
BLACK
  6
CONTINUOUS
100
AcDbLine
 10
0.3020684645669292
 20
1.6694861023622047
 30
0
 11
0.3104642125984252
 21
1.6800140551181102
 31
0
  0
LINE
  5
11F7
330
1A
100
AcDbEntity
  8
BLACK
  6
CONTINUOUS
100
AcDbLine
 10
0.3104642125984252
 20
1.6800140551181102
 30
0
 11
0.3199859448818898
 21
1.6895357874015748
 31
0
  0
LINE
  5
11F8
330
1A
100
AcDbEntity
  8
BLACK
  6
CONTINUOUS
100
AcDbLine
 10
0.3199859448818898
 20
1.6895357874015748
 30
0
 11
0.3305138976377953
 21
1.6979315354330708
 31
0
  0
LINE
  5
11F9
330
1A
100
AcDbEntity
  8
BLACK
  6
CONTINUOUS
100
AcDbLine
 10
0.3305138976377953
 20
1.6979315354330708
 30
0
 11
0.3419156299212598
 21
1.7050957086614174
 31
0
  0
LINE
  5
11FA
330
1A
100
AcDbEntity
  8
BLACK
  6
CONTINUOUS
100
AcDbLine
 10
0.3419156299212598
 20
1.7050957086614174
 30
0
 11
0.354047874015748
 21
1.7109383070866142
 31
0
  0
LINE
  5
11FB
330
1A
100
AcDbEntity
  8
BLACK
  6
CONTINUOUS
100
AcDbLine
 10
0.354047874015748
 20
1.7109383070866142
 30
0
 11
0.3667579527559055
 21
1.715385748031496
 31
0
  0
LINE
  5
11FC
330
1A
100
AcDbEntity
  8
BLACK
  6
CONTINUOUS
100
AcDbLine
 10
0.3667579527559055
 20
1.715385748031496
 30
0
 11
0.379886062992126
 21
1.7183821653543307
 31
0
  0
LINE
  5
11FD
330
1A
100
AcDbEntity
  8
BLACK
  6
CONTINUOUS
100
AcDbLine
 10
0.379886062992126
 20
1.7183821653543307
 30
0
 11
0.393267125984252
 21
1.7198898425196849
 31
0
  0
LINE
  5
11FE
330
1A
100
AcDbEntity
  8
BLACK
  6
CONTINUOUS
100
AcDbLine
 10
0.393267125984252
 20
1.7198898425196849
 30
0
 11
0.406732874015748
 21
1.7198898425196849
 31
0
  0
LINE
  5
11FF
330
1A
100
AcDbEntity
  8
BLACK
  6
CONTINUOUS
100
AcDbLine
 10
0.406732874015748
 20
1.7198898425196849
 30
0
 11
0.420113937007874
 21
1.7183821653543307
 31
0
  0
LINE
  5
1200
330
1A
100
AcDbEntity
  8
BLACK
  6
CONTINUOUS
100
AcDbLine
 10
2.8098777165354329
 20
1.7183821653543307
 30
0
 11
2.8230058267716536
 21
1.715385748031496
 31
0
  0
LINE
  5
1201
330
1A
100
AcDbEntity
  8
BLACK
  6
CONTINUOUS
100
AcDbLine
 10
2.8230058267716536
 20
1.715385748031496
 30
0
 11
2.8357159055118109
 21
1.7109383070866142
 31
0
  0
LINE
  5
1202
330
1A
100
AcDbEntity
  8
BLACK
  6
CONTINUOUS
100
AcDbLine
 10
2.8357159055118109
 20
1.7109383070866142
 30
0
 11
2.8478481496062993
 21
1.7050957086614174
 31
0
  0
LINE
  5
1203
330
1A
100
AcDbEntity
  8
BLACK
  6
CONTINUOUS
100
AcDbLine
 10
2.8478481496062993
 20
1.7050957086614174
 30
0
 11
2.8592498818897636
 21
1.6979315354330708
 31
0
  0
LINE
  5
1204
330
1A
100
AcDbEntity
  8
BLACK
  6
CONTINUOUS
100
AcDbLine
 10
2.8592498818897636
 20
1.6979315354330708
 30
0
 11
2.869777834645669
 21
1.6895357874015748
 31
0
  0
LINE
  5
1205
330
1A
100
AcDbEntity
  8
BLACK
  6
CONTINUOUS
100
AcDbLine
 10
2.869777834645669
 20
1.6895357874015748
 30
0
 11
2.8792995669291339
 21
1.6800140551181102
 31
0
  0
LINE
  5
1206
330
1A
100
AcDbEntity
  8
BLACK
  6
CONTINUOUS
100
AcDbLine
 10
2.8792995669291339
 20
1.6800140551181102
 30
0
 11
2.8876953149606299
 21
1.6694861023622047
 31
0
  0
LINE
  5
1207
330
1A
100
AcDbEntity
  8
BLACK
  6
CONTINUOUS
100
AcDbLine
 10
2.8876953149606299
 20
1.6694861023622047
 30
0
 11
2.8948594881889762
 21
1.6580843700787402
 31
0
  0
LINE
  5
1208
330
1A
100
AcDbEntity
  8
BLACK
  6
CONTINUOUS
100
AcDbLine
 10
2.8948594881889762
 20
1.6580843700787402
 30
0
 11
2.9007020866141731
 21
1.645952125984252
 31
0
  0
LINE
  5
1209
330
1A
100
AcDbEntity
  8
BLACK
  6
CONTINUOUS
100
AcDbLine
 10
2.9007020866141731
 20
1.645952125984252
 30
0
 11
2.9051495275590549
 21
1.6332420472440945
 31
0
  0
LINE
  5
120A
330
1A
100
AcDbEntity
  8
BLACK
  6
CONTINUOUS
100
AcDbLine
 10
2.9051495275590549
 20
1.6332420472440945
 30
0
 11
2.9081459448818898
 21
1.6201139370078739
 31
0
  0
LINE
  5
120B
330
1A
100
AcDbEntity
  8
BLACK
  6
CONTINUOUS
100
AcDbLine
 10
2.9081459448818898
 20
1.6201139370078739
 30
0
 11
2.909653622047244
 21
1.606732874015748
 31
0
  0
LINE
  5
120C
330
1A
100
AcDbEntity
  8
BLACK
  6
CONTINUOUS
100
AcDbLine
 10
2.909653622047244
 20
1.606732874015748
 30
0
 11
2.909653622047244
 21
1.5932671259842519
 31
0
  0
LINE
  5
120D
330
1A
100
AcDbEntity
  8
BLACK
  6
CONTINUOUS
100
AcDbLine
 10
2.909653622047244
 20
1.5932671259842519
 30
0
 11
2.9081459448818898
 21
1.5798860629921259
 31
0
  0
LINE
  5
120E
330
1A
100
AcDbEntity
  8
BLACK
  6
CONTINUOUS
100
AcDbLine
 10
2.9081459448818898
 20
1.5798860629921259
 30
0
 11
2.9051495275590549
 21
1.5667579527559055
 31
0
  0
LINE
  5
120F
330
1A
100
AcDbEntity
  8
BLACK
  6
CONTINUOUS
100
AcDbLine
 10
2.9051495275590549
 20
1.5667579527559055
 30
0
 11
2.9007020866141731
 21
1.554047874015748
 31
0
  0
LINE
  5
1210
330
1A
100
AcDbEntity
  8
BLACK
  6
CONTINUOUS
100
AcDbLine
 10
2.9007020866141731
 20
1.554047874015748
 30
0
 11
2.8948594881889762
 21
1.5419156299212597
 31
0
  0
LINE
  5
1211
330
1A
100
AcDbEntity
  8
BLACK
  6
CONTINUOUS
100
AcDbLine
 10
2.8948594881889762
 20
1.5419156299212597
 30
0
 11
2.8876953149606299
 21
1.5305138976377952
 31
0
  0
LINE
  5
1212
330
1A
100
AcDbEntity
  8
BLACK
  6
CONTINUOUS
100
AcDbLine
 10
2.8876953149606299
 20
1.5305138976377952
 30
0
 11
2.8792995669291339
 21
1.5199859448818898
 31
0
  0
LINE
  5
1213
330
1A
100
AcDbEntity
  8
BLACK
  6
CONTINUOUS
100
AcDbLine
 10
2.8792995669291339
 20
1.5199859448818898
 30
0
 11
2.869777834645669
 21
1.5104642125984251
 31
0
  0
LINE
  5
1214
330
1A
100
AcDbEntity
  8
BLACK
  6
CONTINUOUS
100
AcDbLine
 10
2.869777834645669
 20
1.5104642125984251
 30
0
 11
2.8592498818897636
 21
1.5020684645669291
 31
0
  0
LINE
  5
1215
330
1A
100
AcDbEntity
  8
BLACK
  6
CONTINUOUS
100
AcDbLine
 10
2.8592498818897636
 20
1.5020684645669291
 30
0
 11
2.8478481496062993
 21
1.4949042913385826
 31
0
  0
LINE
  5
1216
330
1A
100
AcDbEntity
  8
BLACK
  6
CONTINUOUS
100
AcDbLine
 10
2.8478481496062993
 20
1.4949042913385826
 30
0
 11
2.8357159055118109
 21
1.4890616929133857
 31
0
  0
LINE
  5
1217
330
1A
100
AcDbEntity
  8
BLACK
  6
CONTINUOUS
100
AcDbLine
 10
2.8357159055118109
 20
1.4890616929133857
 30
0
 11
2.8230058267716536
 21
1.4846142519685039
 31
0
  0
LINE
  5
1218
330
1A
100
AcDbEntity
  8
BLACK
  6
CONTINUOUS
100
AcDbLine
 10
2.8230058267716536
 20
1.4846142519685039
 30
0
 11
2.8098777165354329
 21
1.4816178346456692
 31
0
  0
LINE
  5
1219
330
1A
100
AcDbEntity
  8
BLACK
  6
CONTINUOUS
100
AcDbLine
 10
2.8098777165354329
 20
1.4816178346456692
 30
0
 11
2.7964966535433069
 21
1.4801101574803148
 31
0
  0
LINE
  5
121A
330
1A
100
AcDbEntity
  8
BLACK
  6
CONTINUOUS
100
AcDbLine
 10
2.7964966535433069
 20
1.4801101574803148
 30
0
 11
2.783030905511811
 21
1.4801101574803148
 31
0
  0
LINE
  5
121B
330
1A
100
AcDbEntity
  8
BLACK
  6
CONTINUOUS
100
AcDbLine
 10
2.783030905511811
 20
1.4801101574803148
 30
0
 11
2.7696498425196849
 21
1.4816178346456692
 31
0
  0
LINE
  5
121C
330
1A
100
AcDbEntity
  8
BLACK
  6
CONTINUOUS
100
AcDbLine
 10
2.7696498425196849
 20
1.4816178346456692
 30
0
 11
2.7565217322834643
 21
1.4846142519685039
 31
0
  0
LINE
  5
121D
330
1A
100
AcDbEntity
  8
BLACK
  6
CONTINUOUS
100
AcDbLine
 10
2.7565217322834643
 20
1.4846142519685039
 30
0
 11
2.743811653543307
 21
1.4890616929133857
 31
0
  0
LINE
  5
121E
330
1A
100
AcDbEntity
  8
BLACK
  6
CONTINUOUS
100
AcDbLine
 10
2.743811653543307
 20
1.4890616929133857
 30
0
 11
2.731679409448819
 21
1.4949042913385826
 31
0
  0
LINE
  5
121F
330
1A
100
AcDbEntity
  8
BLACK
  6
CONTINUOUS
100
AcDbLine
 10
2.731679409448819
 20
1.4949042913385826
 30
0
 11
2.7202776771653543
 21
1.5020684645669291
 31
0
  0
LINE
  5
1220
330
1A
100
AcDbEntity
  8
BLACK
  6
CONTINUOUS
100
AcDbLine
 10
2.7202776771653543
 20
1.5020684645669291
 30
0
 11
2.7097497244094488
 21
1.5104642125984251
 31
0
  0
LINE
  5
1221
330
1A
100
AcDbEntity
  8
BLACK
  6
CONTINUOUS
100
AcDbLine
 10
2.7097497244094488
 20
1.5104642125984251
 30
0
 11
2.7002279921259844
 21
1.5199859448818898
 31
0
  0
LINE
  5
1222
330
1A
100
AcDbEntity
  8
BLACK
  6
CONTINUOUS
100
AcDbLine
 10
2.7002279921259844
 20
1.5199859448818898
 30
0
 11
2.691832244094488
 21
1.5305138976377952
 31
0
  0
LINE
  5
1223
330
1A
100
AcDbEntity
  8
BLACK
  6
CONTINUOUS
100
AcDbLine
 10
2.691832244094488
 20
1.5305138976377952
 30
0
 11
2.6846680708661417
 21
1.5419156299212597
 31
0
  0
LINE
  5
1224
330
1A
100
AcDbEntity
  8
BLACK
  6
CONTINUOUS
100
AcDbLine
 10
2.6846680708661417
 20
1.5419156299212597
 30
0
 11
2.6788254724409448
 21
1.554047874015748
 31
0
  0
LINE
  5
1225
330
1A
100
AcDbEntity
  8
BLACK
  6
CONTINUOUS
100
AcDbLine
 10
2.6788254724409448
 20
1.554047874015748
 30
0
 11
2.674378031496063
 21
1.5667579527559055
 31
0
  0
LINE
  5
1226
330
1A
100
AcDbEntity
  8
BLACK
  6
CONTINUOUS
100
AcDbLine
 10
2.674378031496063
 20
1.5667579527559055
 30
0
 11
2.6713816141732285
 21
1.5798860629921259
 31
0
  0
LINE
  5
1227
330
1A
100
AcDbEntity
  8
BLACK
  6
CONTINUOUS
100
AcDbLine
 10
2.6713816141732285
 20
1.5798860629921259
 30
0
 11
2.6698739370078739
 21
1.5932671259842519
 31
0
  0
LINE
  5
1228
330
1A
100
AcDbEntity
  8
BLACK
  6
CONTINUOUS
100
AcDbLine
 10
2.6698739370078739
 20
1.5932671259842519
 30
0
 11
2.6698739370078739
 21
1.606732874015748
 31
0
  0
LINE
  5
1229
330
1A
100
AcDbEntity
  8
BLACK
  6
CONTINUOUS
100
AcDbLine
 10
2.6698739370078739
 20
1.606732874015748
 30
0
 11
2.6713816141732285
 21
1.6201139370078739
 31
0
  0
LINE
  5
122A
330
1A
100
AcDbEntity
  8
BLACK
  6
CONTINUOUS
100
AcDbLine
 10
2.6713816141732285
 20
1.6201139370078739
 30
0
 11
2.674378031496063
 21
1.6332420472440945
 31
0
  0
LINE
  5
122B
330
1A
100
AcDbEntity
  8
BLACK
  6
CONTINUOUS
100
AcDbLine
 10
2.674378031496063
 20
1.6332420472440945
 30
0
 11
2.6788254724409448
 21
1.645952125984252
 31
0
  0
LINE
  5
122C
330
1A
100
AcDbEntity
  8
BLACK
  6
CONTINUOUS
100
AcDbLine
 10
2.6788254724409448
 20
1.645952125984252
 30
0
 11
2.6846680708661417
 21
1.6580843700787402
 31
0
  0
LINE
  5
122D
330
1A
100
AcDbEntity
  8
BLACK
  6
CONTINUOUS
100
AcDbLine
 10
2.6846680708661417
 20
1.6580843700787402
 30
0
 11
2.691832244094488
 21
1.6694861023622047
 31
0
  0
LINE
  5
122E
330
1A
100
AcDbEntity
  8
BLACK
  6
CONTINUOUS
100
AcDbLine
 10
2.691832244094488
 20
1.6694861023622047
 30
0
 11
2.7002279921259844
 21
1.6800140551181102
 31
0
  0
LINE
  5
122F
330
1A
100
AcDbEntity
  8
BLACK
  6
CONTINUOUS
100
AcDbLine
 10
2.7002279921259844
 20
1.6800140551181102
 30
0
 11
2.7097497244094488
 21
1.6895357874015748
 31
0
  0
LINE
  5
1230
330
1A
100
AcDbEntity
  8
BLACK
  6
CONTINUOUS
100
AcDbLine
 10
2.7097497244094488
 20
1.6895357874015748
 30
0
 11
2.7202776771653543
 21
1.6979315354330708
 31
0
  0
LINE
  5
1231
330
1A
100
AcDbEntity
  8
BLACK
  6
CONTINUOUS
100
AcDbLine
 10
2.7202776771653543
 20
1.6979315354330708
 30
0
 11
2.731679409448819
 21
1.7050957086614174
 31
0
  0
LINE
  5
1232
330
1A
100
AcDbEntity
  8
BLACK
  6
CONTINUOUS
100
AcDbLine
 10
2.731679409448819
 20
1.7050957086614174
 30
0
 11
2.743811653543307
 21
1.7109383070866142
 31
0
  0
LINE
  5
1233
330
1A
100
AcDbEntity
  8
BLACK
  6
CONTINUOUS
100
AcDbLine
 10
2.743811653543307
 20
1.7109383070866142
 30
0
 11
2.7565217322834643
 21
1.715385748031496
 31
0
  0
LINE
  5
1234
330
1A
100
AcDbEntity
  8
BLACK
  6
CONTINUOUS
100
AcDbLine
 10
2.7565217322834643
 20
1.715385748031496
 30
0
 11
2.7696498425196849
 21
1.7183821653543307
 31
0
  0
LINE
  5
1235
330
1A
100
AcDbEntity
  8
BLACK
  6
CONTINUOUS
100
AcDbLine
 10
2.7696498425196849
 20
1.7183821653543307
 30
0
 11
2.783030905511811
 21
1.7198898425196849
 31
0
  0
LINE
  5
1236
330
1A
100
AcDbEntity
  8
BLACK
  6
CONTINUOUS
100
AcDbLine
 10
2.783030905511811
 20
1.7198898425196849
 30
0
 11
2.7964966535433069
 21
1.7198898425196849
 31
0
  0
LINE
  5
1237
330
1A
100
AcDbEntity
  8
BLACK
  6
CONTINUOUS
100
AcDbLine
 10
2.7964966535433069
 20
1.7198898425196849
 30
0
 11
2.8098777165354329
 21
1.7183821653543307
 31
0
  0
LINE
  5
1238
330
1A
100
AcDbEntity
  8
BLACK
  6
CONTINUOUS
100
AcDbLine
 10
0.6925196850393701
 20
1.713779527559055
 30
0
 11
0.7830708661417323
 21
1.713779527559055
 31
0
  0
LINE
  5
1239
330
1A
100
AcDbEntity
  8
BLACK
  6
CONTINUOUS
100
AcDbLine
 10
0.7830708661417323
 20
1.713779527559055
 30
0
 11
0.7838241732283464
 21
1.71362968503937
 31
0
  0
LINE
  5
123A
330
1A
100
AcDbEntity
  8
BLACK
  6
CONTINUOUS
100
AcDbLine
 10
0.7838241732283464
 20
1.71362968503937
 30
0
 11
0.7844627952755905
 21
1.7132029527559054
 31
0
  0
LINE
  5
123B
330
1A
100
AcDbEntity
  8
BLACK
  6
CONTINUOUS
100
AcDbLine
 10
0.7844627952755905
 20
1.7132029527559054
 30
0
 11
0.7848895275590551
 21
1.7125643307086613
 31
0
  0
LINE
  5
123C
330
1A
100
AcDbEntity
  8
BLACK
  6
CONTINUOUS
100
AcDbLine
 10
0.7848895275590551
 20
1.7125643307086613
 30
0
 11
0.7850393700787401
 21
1.7118110236220472
 31
0
  0
LINE
  5
123D
330
1A
100
AcDbEntity
  8
BLACK
  6
CONTINUOUS
100
AcDbLine
 10
0.7850393700787401
 20
1.7118110236220472
 30
0
 11
0.7850393700787401
 21
1.6724409448818898
 31
0
  0
LINE
  5
123E
330
1A
100
AcDbEntity
  8
BLACK
  6
CONTINUOUS
100
AcDbLine
 10
0.7850393700787401
 20
1.6724409448818898
 30
0
 11
0.7848895275590551
 21
1.6716876377952756
 31
0
  0
LINE
  5
123F
330
1A
100
AcDbEntity
  8
BLACK
  6
CONTINUOUS
100
AcDbLine
 10
0.7848895275590551
 20
1.6716876377952756
 30
0
 11
0.7844627952755905
 21
1.6710490157480316
 31
0
  0
LINE
  5
1240
330
1A
100
AcDbEntity
  8
BLACK
  6
CONTINUOUS
100
AcDbLine
 10
0.7844627952755905
 20
1.6710490157480316
 30
0
 11
0.7838241732283464
 21
1.670622283464567
 31
0
  0
LINE
  5
1241
330
1A
100
AcDbEntity
  8
BLACK
  6
CONTINUOUS
100
AcDbLine
 10
0.7838241732283464
 20
1.670622283464567
 30
0
 11
0.7830708661417323
 21
1.6704724409448819
 31
0
  0
LINE
  5
1242
330
1A
100
AcDbEntity
  8
BLACK
  6
CONTINUOUS
100
AcDbLine
 10
0.7830708661417323
 20
1.6704724409448819
 30
0
 11
0.694488188976378
 21
1.6704724409448819
 31
0
  0
LINE
  5
1243
330
1A
100
AcDbEntity
  8
BLACK
  6
CONTINUOUS
100
AcDbLine
 10
0.694488188976378
 20
1.6704724409448819
 30
0
 11
0.694488188976378
 21
1.6114173228346456
 31
0
  0
LINE
  5
1244
330
1A
100
AcDbEntity
  8
BLACK
  6
CONTINUOUS
100
AcDbLine
 10
0.694488188976378
 20
1.6114173228346456
 30
0
 11
0.6943383464566929
 21
1.6106640157480314
 31
0
  0
LINE
  5
1245
330
1A
100
AcDbEntity
  8
BLACK
  6
CONTINUOUS
100
AcDbLine
 10
0.6943383464566929
 20
1.6106640157480314
 30
0
 11
0.6939116141732283
 21
1.6100253937007873
 31
0
  0
LINE
  5
1246
330
1A
100
AcDbEntity
  8
BLACK
  6
CONTINUOUS
100
AcDbLine
 10
0.6939116141732283
 20
1.6100253937007873
 30
0
 11
0.6932729921259843
 21
1.6095986614173228
 31
0
  0
LINE
  5
1247
330
1A
100
AcDbEntity
  8
BLACK
  6
CONTINUOUS
100
AcDbLine
 10
0.6932729921259843
 20
1.6095986614173228
 30
0
 11
0.6925196850393701
 21
1.6094488188976377
 31
0
  0
LINE
  5
1248
330
1A
100
AcDbEntity
  8
BLACK
  6
CONTINUOUS
100
AcDbLine
 10
0.6925196850393701
 20
1.6094488188976377
 30
0
 11
0.6531496062992126
 21
1.6094488188976377
 31
0
  0
LINE
  5
1249
330
1A
100
AcDbEntity
  8
BLACK
  6
CONTINUOUS
100
AcDbLine
 10
0.6531496062992126
 20
1.6094488188976377
 30
0
 11
0.6523962992125985
 21
1.6095986614173228
 31
0
  0
LINE
  5
124A
330
1A
100
AcDbEntity
  8
BLACK
  6
CONTINUOUS
100
AcDbLine
 10
0.6523962992125985
 20
1.6095986614173228
 30
0
 11
0.6517576771653543
 21
1.6100253937007873
 31
0
  0
LINE
  5
124B
330
1A
100
AcDbEntity
  8
BLACK
  6
CONTINUOUS
100
AcDbLine
 10
0.6517576771653543
 20
1.6100253937007873
 30
0
 11
0.6513309448818897
 21
1.6106640157480314
 31
0
  0
LINE
  5
124C
330
1A
100
AcDbEntity
  8
BLACK
  6
CONTINUOUS
100
AcDbLine
 10
0.6513309448818897
 20
1.6106640157480314
 30
0
 11
0.6511811023622047
 21
1.6114173228346456
 31
0
  0
LINE
  5
124D
330
1A
100
AcDbEntity
  8
BLACK
  6
CONTINUOUS
100
AcDbLine
 10
0.6511811023622047
 20
1.6114173228346456
 30
0
 11
0.6511811023622047
 21
1.6724409448818898
 31
0
  0
LINE
  5
124E
330
1A
100
AcDbEntity
  8
BLACK
  6
CONTINUOUS
100
AcDbLine
 10
0.6511811023622047
 20
1.6724409448818898
 30
0
 11
0.6511811023622047
 21
1.7118110236220472
 31
0
  0
LINE
  5
124F
330
1A
100
AcDbEntity
  8
BLACK
  6
CONTINUOUS
100
AcDbLine
 10
0.6511811023622047
 20
1.7118110236220472
 30
0
 11
0.6513309448818897
 21
1.7125643307086613
 31
0
  0
LINE
  5
1250
330
1A
100
AcDbEntity
  8
BLACK
  6
CONTINUOUS
100
AcDbLine
 10
0.6513309448818897
 20
1.7125643307086613
 30
0
 11
0.6517576771653543
 21
1.7132029527559054
 31
0
  0
LINE
  5
1251
330
1A
100
AcDbEntity
  8
BLACK
  6
CONTINUOUS
100
AcDbLine
 10
0.6517576771653543
 20
1.7132029527559054
 30
0
 11
0.6523962992125985
 21
1.71362968503937
 31
0
  0
LINE
  5
1252
330
1A
100
AcDbEntity
  8
BLACK
  6
CONTINUOUS
100
AcDbLine
 10
0.6523962992125985
 20
1.71362968503937
 30
0
 11
0.6531496062992126
 21
1.713779527559055
 31
0
  0
LINE
  5
1253
330
1A
100
AcDbEntity
  8
BLACK
  6
CONTINUOUS
100
AcDbLine
 10
0.6531496062992126
 20
1.713779527559055
 30
0
 11
0.6925196850393701
 21
1.713779527559055
 31
0
  0
LINE
  5
1254
330
1A
100
AcDbEntity
  8
BLACK
  6
CONTINUOUS
100
AcDbLine
 10
2.3775590551181103
 20
1.713779527559055
 30
0
 11
2.4169291338582677
 21
1.713779527559055
 31
0
  0
LINE
  5
1255
330
1A
100
AcDbEntity
  8
BLACK
  6
CONTINUOUS
100
AcDbLine
 10
2.4169291338582677
 20
1.713779527559055
 30
0
 11
2.417682440944882
 21
1.71362968503937
 31
0
  0
LINE
  5
1256
330
1A
100
AcDbEntity
  8
BLACK
  6
CONTINUOUS
100
AcDbLine
 10
2.417682440944882
 20
1.71362968503937
 30
0
 11
2.4183210629921259
 21
1.7132029527559054
 31
0
  0
LINE
  5
1257
330
1A
100
AcDbEntity
  8
BLACK
  6
CONTINUOUS
100
AcDbLine
 10
2.4183210629921259
 20
1.7132029527559054
 30
0
 11
2.4187477952755905
 21
1.7125643307086613
 31
0
  0
LINE
  5
1258
330
1A
100
AcDbEntity
  8
BLACK
  6
CONTINUOUS
100
AcDbLine
 10
2.4187477952755905
 20
1.7125643307086613
 30
0
 11
2.4188976377952756
 21
1.7118110236220472
 31
0
  0
LINE
  5
1259
330
1A
100
AcDbEntity
  8
BLACK
  6
CONTINUOUS
100
AcDbLine
 10
2.4188976377952756
 20
1.7118110236220472
 30
0
 11
2.4188976377952756
 21
1.6724409448818898
 31
0
  0
LINE
  5
125A
330
1A
100
AcDbEntity
  8
BLACK
  6
CONTINUOUS
100
AcDbLine
 10
2.4188976377952756
 20
1.6724409448818898
 30
0
 11
2.4188976377952756
 21
1.6114173228346456
 31
0
  0
LINE
  5
125B
330
1A
100
AcDbEntity
  8
BLACK
  6
CONTINUOUS
100
AcDbLine
 10
2.4188976377952756
 20
1.6114173228346456
 30
0
 11
2.4187477952755905
 21
1.6106640157480314
 31
0
  0
LINE
  5
125C
330
1A
100
AcDbEntity
  8
BLACK
  6
CONTINUOUS
100
AcDbLine
 10
2.4187477952755905
 20
1.6106640157480314
 30
0
 11
2.4183210629921259
 21
1.6100253937007873
 31
0
  0
LINE
  5
125D
330
1A
100
AcDbEntity
  8
BLACK
  6
CONTINUOUS
100
AcDbLine
 10
2.4183210629921259
 20
1.6100253937007873
 30
0
 11
2.417682440944882
 21
1.6095986614173228
 31
0
  0
LINE
  5
125E
330
1A
100
AcDbEntity
  8
BLACK
  6
CONTINUOUS
100
AcDbLine
 10
2.417682440944882
 20
1.6095986614173228
 30
0
 11
2.4169291338582677
 21
1.6094488188976377
 31
0
  0
LINE
  5
125F
330
1A
100
AcDbEntity
  8
BLACK
  6
CONTINUOUS
100
AcDbLine
 10
2.4169291338582677
 20
1.6094488188976377
 30
0
 11
2.3775590551181103
 21
1.6094488188976377
 31
0
  0
LINE
  5
1260
330
1A
100
AcDbEntity
  8
BLACK
  6
CONTINUOUS
100
AcDbLine
 10
2.3775590551181103
 20
1.6094488188976377
 30
0
 11
2.3768057480314959
 21
1.6095986614173228
 31
0
  0
LINE
  5
1261
330
1A
100
AcDbEntity
  8
BLACK
  6
CONTINUOUS
100
AcDbLine
 10
2.3768057480314959
 20
1.6095986614173228
 30
0
 11
2.3761671259842521
 21
1.6100253937007873
 31
0
  0
LINE
  5
1262
330
1A
100
AcDbEntity
  8
BLACK
  6
CONTINUOUS
100
AcDbLine
 10
2.3761671259842521
 20
1.6100253937007873
 30
0
 11
2.3757403937007875
 21
1.6106640157480314
 31
0
  0
LINE
  5
1263
330
1A
100
AcDbEntity
  8
BLACK
  6
CONTINUOUS
100
AcDbLine
 10
2.3757403937007875
 20
1.6106640157480314
 30
0
 11
2.3755905511811024
 21
1.6114173228346456
 31
0
  0
LINE
  5
1264
330
1A
100
AcDbEntity
  8
BLACK
  6
CONTINUOUS
100
AcDbLine
 10
2.3755905511811024
 20
1.6114173228346456
 30
0
 11
2.3755905511811024
 21
1.6704724409448819
 31
0
  0
LINE
  5
1265
330
1A
100
AcDbEntity
  8
BLACK
  6
CONTINUOUS
100
AcDbLine
 10
2.3755905511811024
 20
1.6704724409448819
 30
0
 11
2.2870078740157478
 21
1.6704724409448819
 31
0
  0
LINE
  5
1266
330
1A
100
AcDbEntity
  8
BLACK
  6
CONTINUOUS
100
AcDbLine
 10
2.2870078740157478
 20
1.6704724409448819
 30
0
 11
2.2862545669291339
 21
1.670622283464567
 31
0
  0
LINE
  5
1267
330
1A
100
AcDbEntity
  8
BLACK
  6
CONTINUOUS
100
AcDbLine
 10
2.2862545669291339
 20
1.670622283464567
 30
0
 11
2.2856159448818896
 21
1.6710490157480316
 31
0
  0
LINE
  5
1268
330
1A
100
AcDbEntity
  8
BLACK
  6
CONTINUOUS
100
AcDbLine
 10
2.2856159448818896
 20
1.6710490157480316
 30
0
 11
2.285189212598425
 21
1.6716876377952756
 31
0
  0
LINE
  5
1269
330
1A
100
AcDbEntity
  8
BLACK
  6
CONTINUOUS
100
AcDbLine
 10
2.285189212598425
 20
1.6716876377952756
 30
0
 11
2.2850393700787399
 21
1.6724409448818898
 31
0
  0
LINE
  5
126A
330
1A
100
AcDbEntity
  8
BLACK
  6
CONTINUOUS
100
AcDbLine
 10
2.2850393700787399
 20
1.6724409448818898
 30
0
 11
2.2850393700787399
 21
1.7118110236220472
 31
0
  0
LINE
  5
126B
330
1A
100
AcDbEntity
  8
BLACK
  6
CONTINUOUS
100
AcDbLine
 10
2.2850393700787399
 20
1.7118110236220472
 30
0
 11
2.285189212598425
 21
1.7125643307086613
 31
0
  0
LINE
  5
126C
330
1A
100
AcDbEntity
  8
BLACK
  6
CONTINUOUS
100
AcDbLine
 10
2.285189212598425
 20
1.7125643307086613
 30
0
 11
2.2856159448818896
 21
1.7132029527559054
 31
0
  0
LINE
  5
126D
330
1A
100
AcDbEntity
  8
BLACK
  6
CONTINUOUS
100
AcDbLine
 10
2.2856159448818896
 20
1.7132029527559054
 30
0
 11
2.2862545669291339
 21
1.71362968503937
 31
0
  0
LINE
  5
126E
330
1A
100
AcDbEntity
  8
BLACK
  6
CONTINUOUS
100
AcDbLine
 10
2.2862545669291339
 20
1.71362968503937
 30
0
 11
2.2870078740157478
 21
1.713779527559055
 31
0
  0
LINE
  5
126F
330
1A
100
AcDbEntity
  8
BLACK
  6
CONTINUOUS
100
AcDbLine
 10
2.2870078740157478
 20
1.713779527559055
 30
0
 11
2.3775590551181103
 21
1.713779527559055
 31
0
  0
LINE
  5
1270
330
1A
100
AcDbEntity
  8
BLACK
  6
CONTINUOUS
100
AcDbLine
 10
1.0200446456692913
 20
1.71362968503937
 30
0
 11
1.0206832677165354
 21
1.7132029527559054
 31
0
  0
LINE
  5
1271
330
1A
100
AcDbEntity
  8
BLACK
  6
CONTINUOUS
100
AcDbLine
 10
1.0206832677165354
 20
1.7132029527559054
 30
0
 11
1.02111
 21
1.7125643307086613
 31
0
  0
LINE
  5
1272
330
1A
100
AcDbEntity
  8
BLACK
  6
CONTINUOUS
100
AcDbLine
 10
1.02111
 20
1.7125643307086613
 30
0
 11
1.021259842519685
 21
1.7118110236220472
 31
0
  0
LINE
  5
1273
330
1A
100
AcDbEntity
  8
BLACK
  6
CONTINUOUS
100
AcDbLine
 10
1.021259842519685
 20
1.7118110236220472
 30
0
 11
1.021259842519685
 21
1.6724409448818898
 31
0
  0
LINE
  5
1274
330
1A
100
AcDbEntity
  8
BLACK
  6
CONTINUOUS
100
AcDbLine
 10
1.021259842519685
 20
1.6724409448818898
 30
0
 11
1.02111
 21
1.6716876377952756
 31
0
  0
LINE
  5
1275
330
1A
100
AcDbEntity
  8
BLACK
  6
CONTINUOUS
100
AcDbLine
 10
1.02111
 20
1.6716876377952756
 30
0
 11
1.0206832677165354
 21
1.6710490157480316
 31
0
  0
LINE
  5
1276
330
1A
100
AcDbEntity
  8
BLACK
  6
CONTINUOUS
100
AcDbLine
 10
1.0206832677165354
 20
1.6710490157480316
 30
0
 11
1.0200446456692913
 21
1.670622283464567
 31
0
  0
LINE
  5
1277
330
1A
100
AcDbEntity
  8
BLACK
  6
CONTINUOUS
100
AcDbLine
 10
1.0200446456692913
 20
1.670622283464567
 30
0
 11
1.0192913385826772
 21
1.6704724409448819
 31
0
  0
LINE
  5
1278
330
1A
100
AcDbEntity
  8
BLACK
  6
CONTINUOUS
100
AcDbLine
 10
1.0192913385826772
 20
1.6704724409448819
 30
0
 11
0.8696850393700787
 21
1.6704724409448819
 31
0
  0
LINE
  5
1279
330
1A
100
AcDbEntity
  8
BLACK
  6
CONTINUOUS
100
AcDbLine
 10
0.8696850393700787
 20
1.6704724409448819
 30
0
 11
0.8689317322834645
 21
1.670622283464567
 31
0
  0
LINE
  5
127A
330
1A
100
AcDbEntity
  8
BLACK
  6
CONTINUOUS
100
AcDbLine
 10
0.8689317322834645
 20
1.670622283464567
 30
0
 11
0.8682931102362205
 21
1.6710490157480316
 31
0
  0
LINE
  5
127B
330
1A
100
AcDbEntity
  8
BLACK
  6
CONTINUOUS
100
AcDbLine
 10
0.8682931102362205
 20
1.6710490157480316
 30
0
 11
0.8678663779527559
 21
1.6716876377952756
 31
0
  0
LINE
  5
127C
330
1A
100
AcDbEntity
  8
BLACK
  6
CONTINUOUS
100
AcDbLine
 10
0.8678663779527559
 20
1.6716876377952756
 30
0
 11
0.8677165354330708
 21
1.6724409448818898
 31
0
  0
LINE
  5
127D
330
1A
100
AcDbEntity
  8
BLACK
  6
CONTINUOUS
100
AcDbLine
 10
0.8677165354330708
 20
1.6724409448818898
 30
0
 11
0.8677165354330708
 21
1.7118110236220472
 31
0
  0
LINE
  5
127E
330
1A
100
AcDbEntity
  8
BLACK
  6
CONTINUOUS
100
AcDbLine
 10
0.8677165354330708
 20
1.7118110236220472
 30
0
 11
0.8678663779527559
 21
1.7125643307086613
 31
0
  0
LINE
  5
127F
330
1A
100
AcDbEntity
  8
BLACK
  6
CONTINUOUS
100
AcDbLine
 10
0.8678663779527559
 20
1.7125643307086613
 30
0
 11
0.8682931102362205
 21
1.7132029527559054
 31
0
  0
LINE
  5
1280
330
1A
100
AcDbEntity
  8
BLACK
  6
CONTINUOUS
100
AcDbLine
 10
0.8682931102362205
 20
1.7132029527559054
 30
0
 11
0.8689317322834645
 21
1.71362968503937
 31
0
  0
LINE
  5
1281
330
1A
100
AcDbEntity
  8
BLACK
  6
CONTINUOUS
100
AcDbLine
 10
0.8689317322834645
 20
1.71362968503937
 30
0
 11
0.8696850393700787
 21
1.713779527559055
 31
0
  0
LINE
  5
1282
330
1A
100
AcDbEntity
  8
BLACK
  6
CONTINUOUS
100
AcDbLine
 10
0.8696850393700787
 20
1.713779527559055
 30
0
 11
1.0192913385826772
 21
1.713779527559055
 31
0
  0
LINE
  5
1283
330
1A
100
AcDbEntity
  8
BLACK
  6
CONTINUOUS
100
AcDbLine
 10
1.0192913385826772
 20
1.713779527559055
 30
0
 11
1.0200446456692913
 21
1.71362968503937
 31
0
  0
LINE
  5
1284
330
1A
100
AcDbEntity
  8
BLACK
  6
CONTINUOUS
100
AcDbLine
 10
1.2562651181102362
 20
1.71362968503937
 30
0
 11
1.2569037401574803
 21
1.7132029527559054
 31
0
  0
LINE
  5
1285
330
1A
100
AcDbEntity
  8
BLACK
  6
CONTINUOUS
100
AcDbLine
 10
1.2569037401574803
 20
1.7132029527559054
 30
0
 11
1.2573304724409449
 21
1.7125643307086613
 31
0
  0
LINE
  5
1286
330
1A
100
AcDbEntity
  8
BLACK
  6
CONTINUOUS
100
AcDbLine
 10
1.2573304724409449
 20
1.7125643307086613
 30
0
 11
1.25748031496063
 21
1.7118110236220472
 31
0
  0
LINE
  5
1287
330
1A
100
AcDbEntity
  8
BLACK
  6
CONTINUOUS
100
AcDbLine
 10
1.25748031496063
 20
1.7118110236220472
 30
0
 11
1.25748031496063
 21
1.6724409448818898
 31
0
  0
LINE
  5
1288
330
1A
100
AcDbEntity
  8
BLACK
  6
CONTINUOUS
100
AcDbLine
 10
1.25748031496063
 20
1.6724409448818898
 30
0
 11
1.2573304724409449
 21
1.6716876377952756
 31
0
  0
LINE
  5
1289
330
1A
100
AcDbEntity
  8
BLACK
  6
CONTINUOUS
100
AcDbLine
 10
1.2573304724409449
 20
1.6716876377952756
 30
0
 11
1.2569037401574803
 21
1.6710490157480316
 31
0
  0
LINE
  5
128A
330
1A
100
AcDbEntity
  8
BLACK
  6
CONTINUOUS
100
AcDbLine
 10
1.2569037401574803
 20
1.6710490157480316
 30
0
 11
1.2562651181102362
 21
1.670622283464567
 31
0
  0
LINE
  5
128B
330
1A
100
AcDbEntity
  8
BLACK
  6
CONTINUOUS
100
AcDbLine
 10
1.2562651181102362
 20
1.670622283464567
 30
0
 11
1.2555118110236221
 21
1.6704724409448819
 31
0
  0
LINE
  5
128C
330
1A
100
AcDbEntity
  8
BLACK
  6
CONTINUOUS
100
AcDbLine
 10
1.2555118110236221
 20
1.6704724409448819
 30
0
 11
1.1059055118110237
 21
1.6704724409448819
 31
0
  0
LINE
  5
128D
330
1A
100
AcDbEntity
  8
BLACK
  6
CONTINUOUS
100
AcDbLine
 10
1.1059055118110237
 20
1.6704724409448819
 30
0
 11
1.1051522047244093
 21
1.670622283464567
 31
0
  0
LINE
  5
128E
330
1A
100
AcDbEntity
  8
BLACK
  6
CONTINUOUS
100
AcDbLine
 10
1.1051522047244093
 20
1.670622283464567
 30
0
 11
1.1045135826771653
 21
1.6710490157480316
 31
0
  0
LINE
  5
128F
330
1A
100
AcDbEntity
  8
BLACK
  6
CONTINUOUS
100
AcDbLine
 10
1.1045135826771653
 20
1.6710490157480316
 30
0
 11
1.1040868503937007
 21
1.6716876377952756
 31
0
  0
LINE
  5
1290
330
1A
100
AcDbEntity
  8
BLACK
  6
CONTINUOUS
100
AcDbLine
 10
1.1040868503937007
 20
1.6716876377952756
 30
0
 11
1.1039370078740158
 21
1.6724409448818898
 31
0
  0
LINE
  5
1291
330
1A
100
AcDbEntity
  8
BLACK
  6
CONTINUOUS
100
AcDbLine
 10
1.1039370078740158
 20
1.6724409448818898
 30
0
 11
1.1039370078740158
 21
1.7118110236220472
 31
0
  0
LINE
  5
1292
330
1A
100
AcDbEntity
  8
BLACK
  6
CONTINUOUS
100
AcDbLine
 10
1.1039370078740158
 20
1.7118110236220472
 30
0
 11
1.1040868503937007
 21
1.7125643307086613
 31
0
  0
LINE
  5
1293
330
1A
100
AcDbEntity
  8
BLACK
  6
CONTINUOUS
100
AcDbLine
 10
1.1040868503937007
 20
1.7125643307086613
 30
0
 11
1.1045135826771653
 21
1.7132029527559054
 31
0
  0
LINE
  5
1294
330
1A
100
AcDbEntity
  8
BLACK
  6
CONTINUOUS
100
AcDbLine
 10
1.1045135826771653
 20
1.7132029527559054
 30
0
 11
1.1051522047244093
 21
1.71362968503937
 31
0
  0
LINE
  5
1295
330
1A
100
AcDbEntity
  8
BLACK
  6
CONTINUOUS
100
AcDbLine
 10
1.1051522047244093
 20
1.71362968503937
 30
0
 11
1.1059055118110237
 21
1.713779527559055
 31
0
  0
LINE
  5
1296
330
1A
100
AcDbEntity
  8
BLACK
  6
CONTINUOUS
100
AcDbLine
 10
1.1059055118110237
 20
1.713779527559055
 30
0
 11
1.2555118110236221
 21
1.713779527559055
 31
0
  0
LINE
  5
1297
330
1A
100
AcDbEntity
  8
BLACK
  6
CONTINUOUS
100
AcDbLine
 10
1.2555118110236221
 20
1.713779527559055
 30
0
 11
1.2562651181102362
 21
1.71362968503937
 31
0
  0
LINE
  5
1298
330
1A
100
AcDbEntity
  8
BLACK
  6
CONTINUOUS
100
AcDbLine
 10
1.4924855905511811
 20
1.71362968503937
 30
0
 11
1.4931242125984252
 21
1.7132029527559054
 31
0
  0
LINE
  5
1299
330
1A
100
AcDbEntity
  8
BLACK
  6
CONTINUOUS
100
AcDbLine
 10
1.4931242125984252
 20
1.7132029527559054
 30
0
 11
1.4935509448818898
 21
1.7125643307086613
 31
0
  0
LINE
  5
129A
330
1A
100
AcDbEntity
  8
BLACK
  6
CONTINUOUS
100
AcDbLine
 10
1.4935509448818898
 20
1.7125643307086613
 30
0
 11
1.4937007874015749
 21
1.7118110236220472
 31
0
  0
LINE
  5
129B
330
1A
100
AcDbEntity
  8
BLACK
  6
CONTINUOUS
100
AcDbLine
 10
1.4937007874015749
 20
1.7118110236220472
 30
0
 11
1.4937007874015749
 21
1.6724409448818898
 31
0
  0
LINE
  5
129C
330
1A
100
AcDbEntity
  8
BLACK
  6
CONTINUOUS
100
AcDbLine
 10
1.4937007874015749
 20
1.6724409448818898
 30
0
 11
1.4935509448818898
 21
1.6716876377952756
 31
0
  0
LINE
  5
129D
330
1A
100
AcDbEntity
  8
BLACK
  6
CONTINUOUS
100
AcDbLine
 10
1.4935509448818898
 20
1.6716876377952756
 30
0
 11
1.4931242125984252
 21
1.6710490157480316
 31
0
  0
LINE
  5
129E
330
1A
100
AcDbEntity
  8
BLACK
  6
CONTINUOUS
100
AcDbLine
 10
1.4931242125984252
 20
1.6710490157480316
 30
0
 11
1.4924855905511811
 21
1.670622283464567
 31
0
  0
LINE
  5
129F
330
1A
100
AcDbEntity
  8
BLACK
  6
CONTINUOUS
100
AcDbLine
 10
1.4924855905511811
 20
1.670622283464567
 30
0
 11
1.491732283464567
 21
1.6704724409448819
 31
0
  0
LINE
  5
12A0
330
1A
100
AcDbEntity
  8
BLACK
  6
CONTINUOUS
100
AcDbLine
 10
1.491732283464567
 20
1.6704724409448819
 30
0
 11
1.3421259842519684
 21
1.6704724409448819
 31
0
  0
LINE
  5
12A1
330
1A
100
AcDbEntity
  8
BLACK
  6
CONTINUOUS
100
AcDbLine
 10
1.3421259842519684
 20
1.6704724409448819
 30
0
 11
1.3413726771653542
 21
1.670622283464567
 31
0
  0
LINE
  5
12A2
330
1A
100
AcDbEntity
  8
BLACK
  6
CONTINUOUS
100
AcDbLine
 10
1.3413726771653542
 20
1.670622283464567
 30
0
 11
1.3407340551181102
 21
1.6710490157480316
 31
0
  0
LINE
  5
12A3
330
1A
100
AcDbEntity
  8
BLACK
  6
CONTINUOUS
100
AcDbLine
 10
1.3407340551181102
 20
1.6710490157480316
 30
0
 11
1.3403073228346456
 21
1.6716876377952756
 31
0
  0
LINE
  5
12A4
330
1A
100
AcDbEntity
  8
BLACK
  6
CONTINUOUS
100
AcDbLine
 10
1.3403073228346456
 20
1.6716876377952756
 30
0
 11
1.3401574803149605
 21
1.6724409448818898
 31
0
  0
LINE
  5
12A5
330
1A
100
AcDbEntity
  8
BLACK
  6
CONTINUOUS
100
AcDbLine
 10
1.3401574803149605
 20
1.6724409448818898
 30
0
 11
1.3401574803149605
 21
1.7118110236220472
 31
0
  0
LINE
  5
12A6
330
1A
100
AcDbEntity
  8
BLACK
  6
CONTINUOUS
100
AcDbLine
 10
1.3401574803149605
 20
1.7118110236220472
 30
0
 11
1.3403073228346456
 21
1.7125643307086613
 31
0
  0
LINE
  5
12A7
330
1A
100
AcDbEntity
  8
BLACK
  6
CONTINUOUS
100
AcDbLine
 10
1.3403073228346456
 20
1.7125643307086613
 30
0
 11
1.3407340551181102
 21
1.7132029527559054
 31
0
  0
LINE
  5
12A8
330
1A
100
AcDbEntity
  8
BLACK
  6
CONTINUOUS
100
AcDbLine
 10
1.3407340551181102
 20
1.7132029527559054
 30
0
 11
1.3413726771653542
 21
1.71362968503937
 31
0
  0
LINE
  5
12A9
330
1A
100
AcDbEntity
  8
BLACK
  6
CONTINUOUS
100
AcDbLine
 10
1.3413726771653542
 20
1.71362968503937
 30
0
 11
1.3421259842519684
 21
1.713779527559055
 31
0
  0
LINE
  5
12AA
330
1A
100
AcDbEntity
  8
BLACK
  6
CONTINUOUS
100
AcDbLine
 10
1.3421259842519684
 20
1.713779527559055
 30
0
 11
1.491732283464567
 21
1.713779527559055
 31
0
  0
LINE
  5
12AB
330
1A
100
AcDbEntity
  8
BLACK
  6
CONTINUOUS
100
AcDbLine
 10
1.491732283464567
 20
1.713779527559055
 30
0
 11
1.4924855905511811
 21
1.71362968503937
 31
0
  0
LINE
  5
12AC
330
1A
100
AcDbEntity
  8
BLACK
  6
CONTINUOUS
100
AcDbLine
 10
1.728706062992126
 20
1.71362968503937
 30
0
 11
1.7293446850393701
 21
1.7132029527559054
 31
0
  0
LINE
  5
12AD
330
1A
100
AcDbEntity
  8
BLACK
  6
CONTINUOUS
100
AcDbLine
 10
1.7293446850393701
 20
1.7132029527559054
 30
0
 11
1.7297714173228347
 21
1.7125643307086613
 31
0
  0
LINE
  5
12AE
330
1A
100
AcDbEntity
  8
BLACK
  6
CONTINUOUS
100
AcDbLine
 10
1.7297714173228347
 20
1.7125643307086613
 30
0
 11
1.7299212598425195
 21
1.7118110236220472
 31
0
  0
LINE
  5
12AF
330
1A
100
AcDbEntity
  8
BLACK
  6
CONTINUOUS
100
AcDbLine
 10
1.7299212598425195
 20
1.7118110236220472
 30
0
 11
1.7299212598425195
 21
1.6724409448818898
 31
0
  0
LINE
  5
12B0
330
1A
100
AcDbEntity
  8
BLACK
  6
CONTINUOUS
100
AcDbLine
 10
1.7299212598425195
 20
1.6724409448818898
 30
0
 11
1.7297714173228347
 21
1.6716876377952756
 31
0
  0
LINE
  5
12B1
330
1A
100
AcDbEntity
  8
BLACK
  6
CONTINUOUS
100
AcDbLine
 10
1.7297714173228347
 20
1.6716876377952756
 30
0
 11
1.7293446850393701
 21
1.6710490157480316
 31
0
  0
LINE
  5
12B2
330
1A
100
AcDbEntity
  8
BLACK
  6
CONTINUOUS
100
AcDbLine
 10
1.7293446850393701
 20
1.6710490157480316
 30
0
 11
1.728706062992126
 21
1.670622283464567
 31
0
  0
LINE
  5
12B3
330
1A
100
AcDbEntity
  8
BLACK
  6
CONTINUOUS
100
AcDbLine
 10
1.728706062992126
 20
1.670622283464567
 30
0
 11
1.7279527559055117
 21
1.6704724409448819
 31
0
  0
LINE
  5
12B4
330
1A
100
AcDbEntity
  8
BLACK
  6
CONTINUOUS
100
AcDbLine
 10
1.7279527559055117
 20
1.6704724409448819
 30
0
 11
1.5783464566929133
 21
1.6704724409448819
 31
0
  0
LINE
  5
12B5
330
1A
100
AcDbEntity
  8
BLACK
  6
CONTINUOUS
100
AcDbLine
 10
1.5783464566929133
 20
1.6704724409448819
 30
0
 11
1.5775931496062991
 21
1.670622283464567
 31
0
  0
LINE
  5
12B6
330
1A
100
AcDbEntity
  8
BLACK
  6
CONTINUOUS
100
AcDbLine
 10
1.5775931496062991
 20
1.670622283464567
 30
0
 11
1.5769545275590551
 21
1.6710490157480316
 31
0
  0
LINE
  5
12B7
330
1A
100
AcDbEntity
  8
BLACK
  6
CONTINUOUS
100
AcDbLine
 10
1.5769545275590551
 20
1.6710490157480316
 30
0
 11
1.5765277952755905
 21
1.6716876377952756
 31
0
  0
LINE
  5
12B8
330
1A
100
AcDbEntity
  8
BLACK
  6
CONTINUOUS
100
AcDbLine
 10
1.5765277952755905
 20
1.6716876377952756
 30
0
 11
1.5763779527559054
 21
1.6724409448818898
 31
0
  0
LINE
  5
12B9
330
1A
100
AcDbEntity
  8
BLACK
  6
CONTINUOUS
100
AcDbLine
 10
1.5763779527559054
 20
1.6724409448818898
 30
0
 11
1.5763779527559054
 21
1.7118110236220472
 31
0
  0
LINE
  5
12BA
330
1A
100
AcDbEntity
  8
BLACK
  6
CONTINUOUS
100
AcDbLine
 10
1.5763779527559054
 20
1.7118110236220472
 30
0
 11
1.5765277952755905
 21
1.7125643307086613
 31
0
  0
LINE
  5
12BB
330
1A
100
AcDbEntity
  8
BLACK
  6
CONTINUOUS
100
AcDbLine
 10
1.5765277952755905
 20
1.7125643307086613
 30
0
 11
1.5769545275590551
 21
1.7132029527559054
 31
0
  0
LINE
  5
12BC
330
1A
100
AcDbEntity
  8
BLACK
  6
CONTINUOUS
100
AcDbLine
 10
1.5769545275590551
 20
1.7132029527559054
 30
0
 11
1.5775931496062991
 21
1.71362968503937
 31
0
  0
LINE
  5
12BD
330
1A
100
AcDbEntity
  8
BLACK
  6
CONTINUOUS
100
AcDbLine
 10
1.5775931496062991
 20
1.71362968503937
 30
0
 11
1.5783464566929133
 21
1.713779527559055
 31
0
  0
LINE
  5
12BE
330
1A
100
AcDbEntity
  8
BLACK
  6
CONTINUOUS
100
AcDbLine
 10
1.5783464566929133
 20
1.713779527559055
 30
0
 11
1.7279527559055117
 21
1.713779527559055
 31
0
  0
LINE
  5
12BF
330
1A
100
AcDbEntity
  8
BLACK
  6
CONTINUOUS
100
AcDbLine
 10
1.7279527559055117
 20
1.713779527559055
 30
0
 11
1.728706062992126
 21
1.71362968503937
 31
0
  0
LINE
  5
12C0
330
1A
100
AcDbEntity
  8
BLACK
  6
CONTINUOUS
100
AcDbLine
 10
1.9649265354330707
 20
1.71362968503937
 30
0
 11
1.965565157480315
 21
1.7132029527559054
 31
0
  0
LINE
  5
12C1
330
1A
100
AcDbEntity
  8
BLACK
  6
CONTINUOUS
100
AcDbLine
 10
1.965565157480315
 20
1.7132029527559054
 30
0
 11
1.9659918897637796
 21
1.7125643307086613
 31
0
  0
LINE
  5
12C2
330
1A
100
AcDbEntity
  8
BLACK
  6
CONTINUOUS
100
AcDbLine
 10
1.9659918897637796
 20
1.7125643307086613
 30
0
 11
1.9661417322834644
 21
1.7118110236220472
 31
0
  0
LINE
  5
12C3
330
1A
100
AcDbEntity
  8
BLACK
  6
CONTINUOUS
100
AcDbLine
 10
1.9661417322834644
 20
1.7118110236220472
 30
0
 11
1.9661417322834644
 21
1.6724409448818898
 31
0
  0
LINE
  5
12C4
330
1A
100
AcDbEntity
  8
BLACK
  6
CONTINUOUS
100
AcDbLine
 10
1.9661417322834644
 20
1.6724409448818898
 30
0
 11
1.9659918897637796
 21
1.6716876377952756
 31
0
  0
LINE
  5
12C5
330
1A
100
AcDbEntity
  8
BLACK
  6
CONTINUOUS
100
AcDbLine
 10
1.9659918897637796
 20
1.6716876377952756
 30
0
 11
1.965565157480315
 21
1.6710490157480316
 31
0
  0
LINE
  5
12C6
330
1A
100
AcDbEntity
  8
BLACK
  6
CONTINUOUS
100
AcDbLine
 10
1.965565157480315
 20
1.6710490157480316
 30
0
 11
1.9649265354330707
 21
1.670622283464567
 31
0
  0
LINE
  5
12C7
330
1A
100
AcDbEntity
  8
BLACK
  6
CONTINUOUS
100
AcDbLine
 10
1.9649265354330707
 20
1.670622283464567
 30
0
 11
1.9641732283464566
 21
1.6704724409448819
 31
0
  0
LINE
  5
12C8
330
1A
100
AcDbEntity
  8
BLACK
  6
CONTINUOUS
100
AcDbLine
 10
1.9641732283464566
 20
1.6704724409448819
 30
0
 11
1.8145669291338582
 21
1.6704724409448819
 31
0
  0
LINE
  5
12C9
330
1A
100
AcDbEntity
  8
BLACK
  6
CONTINUOUS
100
AcDbLine
 10
1.8145669291338582
 20
1.6704724409448819
 30
0
 11
1.8138136220472441
 21
1.670622283464567
 31
0
  0
LINE
  5
12CA
330
1A
100
AcDbEntity
  8
BLACK
  6
CONTINUOUS
100
AcDbLine
 10
1.8138136220472441
 20
1.670622283464567
 30
0
 11
1.813175
 21
1.6710490157480316
 31
0
  0
LINE
  5
12CB
330
1A
100
AcDbEntity
  8
BLACK
  6
CONTINUOUS
100
AcDbLine
 10
1.813175
 20
1.6710490157480316
 30
0
 11
1.8127482677165354
 21
1.6716876377952756
 31
0
  0
LINE
  5
12CC
330
1A
100
AcDbEntity
  8
BLACK
  6
CONTINUOUS
100
AcDbLine
 10
1.8127482677165354
 20
1.6716876377952756
 30
0
 11
1.8125984251968503
 21
1.6724409448818898
 31
0
  0
LINE
  5
12CD
330
1A
100
AcDbEntity
  8
BLACK
  6
CONTINUOUS
100
AcDbLine
 10
1.8125984251968503
 20
1.6724409448818898
 30
0
 11
1.8125984251968503
 21
1.7118110236220472
 31
0
  0
LINE
  5
12CE
330
1A
100
AcDbEntity
  8
BLACK
  6
CONTINUOUS
100
AcDbLine
 10
1.8125984251968503
 20
1.7118110236220472
 30
0
 11
1.8127482677165354
 21
1.7125643307086613
 31
0
  0
LINE
  5
12CF
330
1A
100
AcDbEntity
  8
BLACK
  6
CONTINUOUS
100
AcDbLine
 10
1.8127482677165354
 20
1.7125643307086613
 30
0
 11
1.813175
 21
1.7132029527559054
 31
0
  0
LINE
  5
12D0
330
1A
100
AcDbEntity
  8
BLACK
  6
CONTINUOUS
100
AcDbLine
 10
1.813175
 20
1.7132029527559054
 30
0
 11
1.8138136220472441
 21
1.71362968503937
 31
0
  0
LINE
  5
12D1
330
1A
100
AcDbEntity
  8
BLACK
  6
CONTINUOUS
100
AcDbLine
 10
1.8138136220472441
 20
1.71362968503937
 30
0
 11
1.8145669291338582
 21
1.713779527559055
 31
0
  0
LINE
  5
12D2
330
1A
100
AcDbEntity
  8
BLACK
  6
CONTINUOUS
100
AcDbLine
 10
1.8145669291338582
 20
1.713779527559055
 30
0
 11
1.9641732283464566
 21
1.713779527559055
 31
0
  0
LINE
  5
12D3
330
1A
100
AcDbEntity
  8
BLACK
  6
CONTINUOUS
100
AcDbLine
 10
1.9641732283464566
 20
1.713779527559055
 30
0
 11
1.9649265354330707
 21
1.71362968503937
 31
0
  0
LINE
  5
12D4
330
1A
100
AcDbEntity
  8
BLACK
  6
CONTINUOUS
100
AcDbLine
 10
2.2011470078740158
 20
1.71362968503937
 30
0
 11
2.2017856299212597
 21
1.7132029527559054
 31
0
  0
LINE
  5
12D5
330
1A
100
AcDbEntity
  8
BLACK
  6
CONTINUOUS
100
AcDbLine
 10
2.2017856299212597
 20
1.7132029527559054
 30
0
 11
2.2022123622047243
 21
1.7125643307086613
 31
0
  0
LINE
  5
12D6
330
1A
100
AcDbEntity
  8
BLACK
  6
CONTINUOUS
100
AcDbLine
 10
2.2022123622047243
 20
1.7125643307086613
 30
0
 11
2.2023622047244094
 21
1.7118110236220472
 31
0
  0
LINE
  5
12D7
330
1A
100
AcDbEntity
  8
BLACK
  6
CONTINUOUS
100
AcDbLine
 10
2.2023622047244094
 20
1.7118110236220472
 30
0
 11
2.2023622047244094
 21
1.6724409448818898
 31
0
  0
LINE
  5
12D8
330
1A
100
AcDbEntity
  8
BLACK
  6
CONTINUOUS
100
AcDbLine
 10
2.2023622047244094
 20
1.6724409448818898
 30
0
 11
2.2022123622047243
 21
1.6716876377952756
 31
0
  0
LINE
  5
12D9
330
1A
100
AcDbEntity
  8
BLACK
  6
CONTINUOUS
100
AcDbLine
 10
2.2022123622047243
 20
1.6716876377952756
 30
0
 11
2.2017856299212597
 21
1.6710490157480316
 31
0
  0
LINE
  5
12DA
330
1A
100
AcDbEntity
  8
BLACK
  6
CONTINUOUS
100
AcDbLine
 10
2.2017856299212597
 20
1.6710490157480316
 30
0
 11
2.2011470078740158
 21
1.670622283464567
 31
0
  0
LINE
  5
12DB
330
1A
100
AcDbEntity
  8
BLACK
  6
CONTINUOUS
100
AcDbLine
 10
2.2011470078740158
 20
1.670622283464567
 30
0
 11
2.2003937007874015
 21
1.6704724409448819
 31
0
  0
LINE
  5
12DC
330
1A
100
AcDbEntity
  8
BLACK
  6
CONTINUOUS
100
AcDbLine
 10
2.2003937007874015
 20
1.6704724409448819
 30
0
 11
2.0507874015748029
 21
1.6704724409448819
 31
0
  0
LINE
  5
12DD
330
1A
100
AcDbEntity
  8
BLACK
  6
CONTINUOUS
100
AcDbLine
 10
2.0507874015748029
 20
1.6704724409448819
 30
0
 11
2.050034094488189
 21
1.670622283464567
 31
0
  0
LINE
  5
12DE
330
1A
100
AcDbEntity
  8
BLACK
  6
CONTINUOUS
100
AcDbLine
 10
2.050034094488189
 20
1.670622283464567
 30
0
 11
2.0493954724409447
 21
1.6710490157480316
 31
0
  0
LINE
  5
12DF
330
1A
100
AcDbEntity
  8
BLACK
  6
CONTINUOUS
100
AcDbLine
 10
2.0493954724409447
 20
1.6710490157480316
 30
0
 11
2.0489687401574801
 21
1.6716876377952756
 31
0
  0
LINE
  5
12E0
330
1A
100
AcDbEntity
  8
BLACK
  6
CONTINUOUS
100
AcDbLine
 10
2.0489687401574801
 20
1.6716876377952756
 30
0
 11
2.048818897637795
 21
1.6724409448818898
 31
0
  0
LINE
  5
12E1
330
1A
100
AcDbEntity
  8
BLACK
  6
CONTINUOUS
100
AcDbLine
 10
2.048818897637795
 20
1.6724409448818898
 30
0
 11
2.048818897637795
 21
1.7118110236220472
 31
0
  0
LINE
  5
12E2
330
1A
100
AcDbEntity
  8
BLACK
  6
CONTINUOUS
100
AcDbLine
 10
2.048818897637795
 20
1.7118110236220472
 30
0
 11
2.0489687401574801
 21
1.7125643307086613
 31
0
  0
LINE
  5
12E3
330
1A
100
AcDbEntity
  8
BLACK
  6
CONTINUOUS
100
AcDbLine
 10
2.0489687401574801
 20
1.7125643307086613
 30
0
 11
2.0493954724409447
 21
1.7132029527559054
 31
0
  0
LINE
  5
12E4
330
1A
100
AcDbEntity
  8
BLACK
  6
CONTINUOUS
100
AcDbLine
 10
2.0493954724409447
 20
1.7132029527559054
 30
0
 11
2.050034094488189
 21
1.71362968503937
 31
0
  0
LINE
  5
12E5
330
1A
100
AcDbEntity
  8
BLACK
  6
CONTINUOUS
100
AcDbLine
 10
2.050034094488189
 20
1.71362968503937
 30
0
 11
2.0507874015748029
 21
1.713779527559055
 31
0
  0
LINE
  5
12E6
330
1A
100
AcDbEntity
  8
BLACK
  6
CONTINUOUS
100
AcDbLine
 10
2.0507874015748029
 20
1.713779527559055
 30
0
 11
2.2003937007874015
 21
1.713779527559055
 31
0
  0
LINE
  5
12E7
330
1A
100
AcDbEntity
  8
BLACK
  6
CONTINUOUS
100
AcDbLine
 10
2.2003937007874015
 20
1.713779527559055
 30
0
 11
2.2011470078740158
 21
1.71362968503937
 31
0
  0
CIRCLE
  5
12E8
330
1A
100
AcDbEntity
  8
BLACK
100
AcDbCircle
 10
0.4
 20
0.4
 30
0
 40
0.0068897637795276
  0
CIRCLE
  5
12E9
330
1A
100
AcDbEntity
  8
BLACK
100
AcDbCircle
 10
2.7897637795275592
 20
1.5999999999999999
 30
0
 40
0.0068897637795276
  0
CIRCLE
  5
12EA
330
1A
100
AcDbEntity
  8
BLACK
100
AcDbCircle
 10
0.4
 20
1.5999999999999999
 30
0
 40
0.0068897637795276
  0
CIRCLE
  5
12EB
330
1A
100
AcDbEntity
  8
BLACK
100
AcDbCircle
 10
2.512992125984252
 20
0.3937007874015748
 30
0
 40
0.0068897637795276
  0
CIRCLE
  5
12EC
330
1A
100
AcDbEntity
  8
BLACK
100
AcDbCircle
 10
2.512992125984252
 20
0.2937007874015748
 30
0
 40
0.0068897637795276
  0
CIRCLE
  5
12ED
330
1A
100
AcDbEntity
  8
BLACK
100
AcDbCircle
 10
2.4129921259842519
 20
0.3937007874015748
 30
0
 40
0.0068897637795276
  0
CIRCLE
  5
12EE
330
1A
100
AcDbEntity
  8
BLACK
100
AcDbCircle
 10
2.4129921259842519
 20
0.2937007874015748
 30
0
 40
0.0068897637795276
  0
CIRCLE
  5
12EF
330
1A
100
AcDbEntity
  8
BLACK
100
AcDbCircle
 10
2.3129921259842519
 20
0.3937007874015748
 30
0
 40
0.0068897637795276
  0
CIRCLE
  5
12F0
330
1A
100
AcDbEntity
  8
BLACK
100
AcDbCircle
 10
2.3129921259842519
 20
0.2937007874015748
 30
0
 40
0.0068897637795276
  0
CIRCLE
  5
12F1
330
1A
100
AcDbEntity
  8
BLACK
100
AcDbCircle
 10
0.4208661417322834
 20
1.1744094488188976
 30
0
 40
0.0068897637795276
  0
CIRCLE
  5
12F2
330
1A
100
AcDbEntity
  8
BLACK
100
AcDbCircle
 10
0.3208661417322834
 20
1.2744094488188975
 30
0
 40
0.0068897637795276
  0
CIRCLE
  5
12F3
330
1A
100
AcDbEntity
  8
BLACK
100
AcDbCircle
 10
0.3208661417322834
 20
1.0744094488188976
 30
0
 40
0.0068897637795276
  0
CIRCLE
  5
12F4
330
1A
100
AcDbEntity
  8
BLACK
100
AcDbCircle
 10
0.5208661417322834
 20
1.2744094488188975
 30
0
 40
0.0068897637795276
  0
CIRCLE
  5
12F5
330
1A
100
AcDbEntity
  8
BLACK
100
AcDbCircle
 10
0.5208661417322834
 20
1.0744094488188976
 30
0
 40
0.0068897637795276
  0
CIRCLE
  5
12F6
330
1A
100
AcDbEntity
  8
BLACK
100
AcDbCircle
 10
2.7897637795275592
 20
0.4
 30
0
 40
0.0068897637795276
  0
CIRCLE
  5
12F7
330
1A
100
AcDbEntity
  8
BLACK
100
AcDbCircle
 10
2.6929133858267718
 20
0.6299212598425197
 30
0
 40
0.0068897637795276
  0
CIRCLE
  5
12F8
330
1A
100
AcDbEntity
  8
BLACK
100
AcDbCircle
 10
2.7929133858267714
 20
0.6299212598425197
 30
0
 40
0.0068897637795276
  0
CIRCLE
  5
12F9
330
1A
100
AcDbEntity
  8
BLACK
100
AcDbCircle
 10
2.6929133858267718
 20
0.7299212598425197
 30
0
 40
0.0068897637795276
  0
CIRCLE
  5
12FA
330
1A
100
AcDbEntity
  8
BLACK
100
AcDbCircle
 10
2.7929133858267714
 20
0.7299212598425197
 30
0
 40
0.0068897637795276
  0
CIRCLE
  5
12FB
330
1A
100
AcDbEntity
  8
BLACK
100
AcDbCircle
 10
2.6929133858267718
 20
0.8299212598425196
 30
0
 40
0.0068897637795276
  0
CIRCLE
  5
12FC
330
1A
100
AcDbEntity
  8
BLACK
100
AcDbCircle
 10
2.7929133858267714
 20
0.8299212598425196
 30
0
 40
0.0068897637795276
  0
CIRCLE
  5
12FD
330
1A
100
AcDbEntity
  8
BLACK
100
AcDbCircle
 10
2.6929133858267718
 20
0.9299212598425196
 30
0
 40
0.0068897637795276
  0
CIRCLE
  5
12FE
330
1A
100
AcDbEntity
  8
BLACK
100
AcDbCircle
 10
2.7929133858267714
 20
0.9299212598425196
 30
0
 40
0.0068897637795276
  0
CIRCLE
  5
12FF
330
1A
100
AcDbEntity
  8
BLACK
100
AcDbCircle
 10
2.6929133858267718
 20
1.0299212598425196
 30
0
 40
0.0068897637795276
  0
CIRCLE
  5
1300
330
1A
100
AcDbEntity
  8
BLACK
100
AcDbCircle
 10
2.7929133858267714
 20
1.0299212598425196
 30
0
 40
0.0068897637795276
  0
CIRCLE
  5
1301
330
1A
100
AcDbEntity
  8
BLACK
100
AcDbCircle
 10
2.6929133858267718
 20
1.1299212598425197
 30
0
 40
0.0068897637795276
  0
CIRCLE
  5
1302
330
1A
100
AcDbEntity
  8
BLACK
100
AcDbCircle
 10
2.7929133858267714
 20
1.1299212598425197
 30
0
 40
0.0068897637795276
  0
CIRCLE
  5
1303
330
1A
100
AcDbEntity
  8
BLACK
100
AcDbCircle
 10
2.6929133858267718
 20
1.2299212598425198
 30
0
 40
0.0068897637795276
  0
CIRCLE
  5
1304
330
1A
100
AcDbEntity
  8
BLACK
100
AcDbCircle
 10
2.7929133858267714
 20
1.2299212598425198
 30
0
 40
0.0068897637795276
  0
CIRCLE
  5
1305
330
1A
100
AcDbEntity
  8
BLACK
100
AcDbCircle
 10
2.6929133858267718
 20
1.3299212598425196
 30
0
 40
0.0068897637795276
  0
CIRCLE
  5
1306
330
1A
100
AcDbEntity
  8
BLACK
100
AcDbCircle
 10
2.7929133858267714
 20
1.3299212598425196
 30
0
 40
0.0068897637795276
  0
CIRCLE
  5
1307
330
1A
100
AcDbEntity
  8
BLACK
100
AcDbCircle
 10
0.4043307086614173
 20
0.7059055118110236
 30
0
 40
0.0068897637795276
  0
CIRCLE
  5
1308
330
1A
100
AcDbEntity
  8
BLACK
100
AcDbCircle
 10
0.5043307086614173
 20
0.7059055118110236
 30
0
 40
0.0068897637795276
  0
CIRCLE
  5
1309
330
1A
100
AcDbEntity
  8
WHITE
100
AcDbCircle
 10
0.4
 20
0.4
 30
0
 40
0.0068897637795276
  0
CIRCLE
  5
130A
330
1A
100
AcDbEntity
  8
WHITE
100
AcDbCircle
 10
2.7897637795275592
 20
1.5999999999999999
 30
0
 40
0.0068897637795276
  0
CIRCLE
  5
130B
330
1A
100
AcDbEntity
  8
WHITE
100
AcDbCircle
 10
0.4
 20
1.5999999999999999
 30
0
 40
0.0068897637795276
  0
CIRCLE
  5
130C
330
1A
100
AcDbEntity
  8
WHITE
100
AcDbCircle
 10
2.512992125984252
 20
0.3937007874015748
 30
0
 40
0.0068897637795276
  0
CIRCLE
  5
130D
330
1A
100
AcDbEntity
  8
WHITE
100
AcDbCircle
 10
2.512992125984252
 20
0.2937007874015748
 30
0
 40
0.0068897637795276
  0
CIRCLE
  5
130E
330
1A
100
AcDbEntity
  8
WHITE
100
AcDbCircle
 10
2.4129921259842519
 20
0.3937007874015748
 30
0
 40
0.0068897637795276
  0
CIRCLE
  5
130F
330
1A
100
AcDbEntity
  8
WHITE
100
AcDbCircle
 10
2.4129921259842519
 20
0.2937007874015748
 30
0
 40
0.0068897637795276
  0
CIRCLE
  5
1310
330
1A
100
AcDbEntity
  8
WHITE
100
AcDbCircle
 10
2.3129921259842519
 20
0.3937007874015748
 30
0
 40
0.0068897637795276
  0
CIRCLE
  5
1311
330
1A
100
AcDbEntity
  8
WHITE
100
AcDbCircle
 10
2.3129921259842519
 20
0.2937007874015748
 30
0
 40
0.0068897637795276
  0
CIRCLE
  5
1312
330
1A
100
AcDbEntity
  8
WHITE
100
AcDbCircle
 10
0.4208661417322834
 20
1.1744094488188976
 30
0
 40
0.0068897637795276
  0
CIRCLE
  5
1313
330
1A
100
AcDbEntity
  8
WHITE
100
AcDbCircle
 10
0.3208661417322834
 20
1.2744094488188975
 30
0
 40
0.0068897637795276
  0
CIRCLE
  5
1314
330
1A
100
AcDbEntity
  8
WHITE
100
AcDbCircle
 10
0.3208661417322834
 20
1.0744094488188976
 30
0
 40
0.0068897637795276
  0
CIRCLE
  5
1315
330
1A
100
AcDbEntity
  8
WHITE
100
AcDbCircle
 10
0.5208661417322834
 20
1.2744094488188975
 30
0
 40
0.0068897637795276
  0
CIRCLE
  5
1316
330
1A
100
AcDbEntity
  8
WHITE
100
AcDbCircle
 10
0.5208661417322834
 20
1.0744094488188976
 30
0
 40
0.0068897637795276
  0
CIRCLE
  5
1317
330
1A
100
AcDbEntity
  8
WHITE
100
AcDbCircle
 10
2.7897637795275592
 20
0.4
 30
0
 40
0.0068897637795276
  0
CIRCLE
  5
1318
330
1A
100
AcDbEntity
  8
WHITE
100
AcDbCircle
 10
2.6929133858267718
 20
0.6299212598425197
 30
0
 40
0.0068897637795276
  0
CIRCLE
  5
1319
330
1A
100
AcDbEntity
  8
WHITE
100
AcDbCircle
 10
2.7929133858267714
 20
0.6299212598425197
 30
0
 40
0.0068897637795276
  0
CIRCLE
  5
131A
330
1A
100
AcDbEntity
  8
WHITE
100
AcDbCircle
 10
2.6929133858267718
 20
0.7299212598425197
 30
0
 40
0.0068897637795276
  0
CIRCLE
  5
131B
330
1A
100
AcDbEntity
  8
WHITE
100
AcDbCircle
 10
2.7929133858267714
 20
0.7299212598425197
 30
0
 40
0.0068897637795276
  0
CIRCLE
  5
131C
330
1A
100
AcDbEntity
  8
WHITE
100
AcDbCircle
 10
2.6929133858267718
 20
0.8299212598425196
 30
0
 40
0.0068897637795276
  0
CIRCLE
  5
131D
330
1A
100
AcDbEntity
  8
WHITE
100
AcDbCircle
 10
2.7929133858267714
 20
0.8299212598425196
 30
0
 40
0.0068897637795276
  0
CIRCLE
  5
131E
330
1A
100
AcDbEntity
  8
WHITE
100
AcDbCircle
 10
2.6929133858267718
 20
0.9299212598425196
 30
0
 40
0.0068897637795276
  0
CIRCLE
  5
131F
330
1A
100
AcDbEntity
  8
WHITE
100
AcDbCircle
 10
2.7929133858267714
 20
0.9299212598425196
 30
0
 40
0.0068897637795276
  0
CIRCLE
  5
1320
330
1A
100
AcDbEntity
  8
WHITE
100
AcDbCircle
 10
2.6929133858267718
 20
1.0299212598425196
 30
0
 40
0.0068897637795276
  0
CIRCLE
  5
1321
330
1A
100
AcDbEntity
  8
WHITE
100
AcDbCircle
 10
2.7929133858267714
 20
1.0299212598425196
 30
0
 40
0.0068897637795276
  0
CIRCLE
  5
1322
330
1A
100
AcDbEntity
  8
WHITE
100
AcDbCircle
 10
2.6929133858267718
 20
1.1299212598425197
 30
0
 40
0.0068897637795276
  0
CIRCLE
  5
1323
330
1A
100
AcDbEntity
  8
WHITE
100
AcDbCircle
 10
2.7929133858267714
 20
1.1299212598425197
 30
0
 40
0.0068897637795276
  0
CIRCLE
  5
1324
330
1A
100
AcDbEntity
  8
WHITE
100
AcDbCircle
 10
2.6929133858267718
 20
1.2299212598425198
 30
0
 40
0.0068897637795276
  0
CIRCLE
  5
1325
330
1A
100
AcDbEntity
  8
WHITE
100
AcDbCircle
 10
2.7929133858267714
 20
1.2299212598425198
 30
0
 40
0.0068897637795276
  0
CIRCLE
  5
1326
330
1A
100
AcDbEntity
  8
WHITE
100
AcDbCircle
 10
2.6929133858267718
 20
1.3299212598425196
 30
0
 40
0.0068897637795276
  0
CIRCLE
  5
1327
330
1A
100
AcDbEntity
  8
WHITE
100
AcDbCircle
 10
2.7929133858267714
 20
1.3299212598425196
 30
0
 40
0.0068897637795276
  0
CIRCLE
  5
1328
330
1A
100
AcDbEntity
  8
WHITE
100
AcDbCircle
 10
0.4043307086614173
 20
0.7059055118110236
 30
0
 40
0.0068897637795276
  0
CIRCLE
  5
1329
330
1A
100
AcDbEntity
  8
WHITE
100
AcDbCircle
 10
0.5043307086614173
 20
0.7059055118110236
 30
0
 40
0.0068897637795276
  0
ENDSEC
  0
SECTION
  2
OBJECTS
  0
DICTIONARY
  5
20
330
0
100
AcDbDictionary
281
1
  3
ACAD_GROUP
350
132A
  3
ACAD_LAYOUT
350
21
  3
ACAD_PLOTSTYLENAME
350
11
  0
DICTIONARY
  5
132A
330
20
100
AcDbDictionary
281
1
  0
ACDBDICTIONARYWDFLT
  5
11
330
20
100
AcDbDictionary
281
1
  3
Normal
350
10
100
AcDbDictionaryWithDefault
340
10
  0
ACDBPLACEHOLDER
  5
10
330
11
  0
DICTIONARY
  5
21
330
20
100
AcDbDictionary
281
1
  3
Model
350
1D
  3
Layout1
350
1E
  3
Layout2
350
1F
  0
LAYOUT
  5
1D
330
21
100
AcDbPlotSettings
  1

  2
none_device
  4
A3
  6

 40
0.0
 41
0.0
 42
0.0
 43
0.0
 44
420.0
 45
297.0
 46
0.0
 47
0.0
 48
0.0
 49
0.0
140
0.0
141
0.0
142
1.0
143
1.0
 70
1024
 72
1
 73
0
 74
5
  7

 75
16
 76
0
 77
2
 78
300
147
1.0
148
0.0
149
0.0
100
AcDbLayout
  1
Model
 70
1
 71
0
 10
0.0
 20
0.0
 11
420.0
 21
297.0
 12
0.0
 22
0.0
 32
0.0
 14
1e+20
 24
1e+20
 34
1e+20
 15
-1e+20
 25
-1e+20
 35
-1e+20
146
0.0
 13
0.0
 23
0.0
 33
0.0
 16
1.0
 26
0.0
 36
0.0
 17
0.0
 27
1.0
 37
0.0
 76
0
330
1A
  0
LAYOUT
  5
1E
330
21
100
AcDbPlotSettings
  1

  2
none_device
  4
A3
  6

 40
0.0
 41
0.0
 42
0.0
 43
0.0
 44
420.0
 45
297.0
 46
0.0
 47
0.0
 48
0.0
 49
0.0
140
0.0
141
0.0
142
1.0
143
1.0
 70
0
 72
1
 73
0
 74
5
  7

 75
16
 76
0
 77
2
 78
300
147
1.0
148
0.0
149
0.0
100
AcDbLayout
  1
Layout1
 70
1
 71
1
 10
0.0
 20
0.0
 11
420.0
 21
297.0
 12
0.0
 22
0.0
 32
0.0
 14
1e+20
 24
1e+20
 34
1e+20
 15
-1e+20
 25
-1e+20
 35
-1e+20
146
0.0
 13
0.0
 23
0.0
 33
0.0
 16
1.0
 26
0.0
 36
0.0
 17
0.0
 27
1.0
 37
0.0
 76
0
330
1B
  0
LAYOUT
  5
1F
330
21
100
AcDbPlotSettings
  1

  2
none_device
  4
A3
  6

 40
0.0
 41
0.0
 42
0.0
 43
0.0
 44
420.0
 45
297.0
 46
0.0
 47
0.0
 48
0.0
 49
0.0
140
0.0
141
0.0
142
1.0
143
1.0
 70
0
 72
1
 73
0
 74
5
  7

 75
16
 76
0
 77
2
 78
300
147
1.0
148
0.0
149
0.0
100
AcDbLayout
  1
Layout2
 70
1
 71
2
 10
0.0
 20
0.0
 11
420.0
 21
297.0
 12
0.0
 22
0.0
 32
0.0
 14
1e+20
 24
1e+20
 34
1e+20
 15
-1e+20
 25
-1e+20
 35
-1e+20
146
0.0
 13
0.0
 23
0.0
 33
0.0
 16
1.0
 26
0.0
 36
0.0
 17
0.0
 27
1.0
 37
0.0
 76
0
330
1C
  0
ENDSEC
  0
EOF
