  0
SECTION
  2
HEADER
  9
$ACADVER
  1
AC1018
  9
$HANDSEED
  5
FFFFFFFF
  9
$ANGBASE
  50
0.0
  9
$ANGDIR
  70
1
  9
$MEASUREMENT
  70
0
  9
$INSUNITS
  70
1
  0
ENDSEC
  0
SECTION
  2
TABLES
  0
TABLE
  2
APPID
  5
1
330
0
100
AcDbSymbolTable
 70
1
  0
APPID
  5
2
330
1
100
AcDbSymbolTableRecord
100
AcDbRegAppTableRecord
  2
ACAD
 70
0
  0
ENDTAB
  0
TABLE
  2
LTYPE
  5
3
330
0
100
AcDbSymbolTable
 70
6
  0
LTYPE
  5
4
330
3
100
AcDbSymbolTableRecord
100
AcDbLinetypeTableRecord
  2
ByBlock
 70
0
  3

 72
65
 73
0
 40
0
  0
LTYPE
  5
5
330
3
100
AcDbSymbolTableRecord
100
AcDbLinetypeTableRecord
  2
ByLayer
 70
0
  3

 72
65
 73
0
 40
0
  0
LTYPE
  5
6
330
3
100
AcDbSymbolTableRecord
100
AcDbLinetypeTableRecord
  2
CONTINUOUS
 70
0
  3
Solid line
 72
65
 73
0
 40
0
  0
LTYPE
  5
7
330
3
100
AcDbSymbolTableRecord
100
AcDbLinetypeTableRecord
  2
DASHDOT
 70
0
  3
Dash Dot ____ _ ____ _
 72
65
 73
4
 40
2
 49
1.25
 74
0
 49
-0.25
 74
0
 49
0.25
 74
0
 49
-0.25
 74
0
  0
LTYPE
  5
8
330
3
100
AcDbSymbolTableRecord
100
AcDbLinetypeTableRecord
  2
DASHED
 70
0
  3
Dashed __ __ __ __ __
 72
65
 73
2
 40
0.75
 49
0.5
 74
0
 49
-0.25
 74
0
  0
LTYPE
  5
9
330
3
100
AcDbSymbolTableRecord
100
AcDbLinetypeTableRecord
  2
DOTTED
 70
0
  3
Dotted .  .  .  .
 72
65
 73
2
 40
0.2
 49
0.0
 74
0
 49
-0.2
 74
0
  0
ENDTAB
  0
TABLE
  2
STYLE
  5
A
330
0
100
AcDbSymbolTable
 70
4
  0
STYLE
  5
B
330
A
100
AcDbSymbolTableRecord
100
AcDbTextStyleTableRecord
  2
KICAD
 70
0
 40
0
 41
1
 42
1
 50
0
 71
0
  3
isocp.shx
  0
STYLE
  5
C
330
A
100
AcDbSymbolTableRecord
100
AcDbTextStyleTableRecord
  2
KICADB
 70
0
 40
0
 41
1
 42
1
 50
0
 71
0
  3
isocp.shx
  0
STYLE
  5
D
330
A
100
AcDbSymbolTableRecord
100
AcDbTextStyleTableRecord
  2
KICADI
 70
0
 40
0
 41
1
 42
1
 50
15
 71
0
  3
isocp.shx
  0
STYLE
  5
E
330
A
100
AcDbSymbolTableRecord
100
AcDbTextStyleTableRecord
  2
KICADBI
 70
0
 40
0
 41
1
 42
1
 50
15
 71
0
  3
isocp.shx
  0
ENDTAB
  0
TABLE
  2
LAYER
  5
F
330
0
100
AcDbSymbolTable
 70
2
  0
LAYER
  5
12
330
F
100
AcDbSymbolTableRecord
100
AcDbLayerTableRecord
  2
0
 70
0
 62
7
  6
CONTINUOUS
390
10
  0
LAYER
  5
13
330
F
100
AcDbSymbolTableRecord
100
AcDbLayerTableRecord
  2
BLACK
 70
0
 62
250
  6
CONTINUOUS
390
10
  0
ENDTAB
  0
TABLE
  2
VPORT
  5
14
330
0
100
AcDbSymbolTable
 70
0
  0
ENDTAB
  0
TABLE
  2
VIEW
  5
15
330
0
100
AcDbSymbolTable
 70
0
  0
ENDTAB
  0
TABLE
  2
UCS
  5
16
330
0
100
AcDbSymbolTable
 70
0
  0
ENDTAB
  0
TABLE
  2
DIMSTYLE
  5
17
330
0
100
AcDbSymbolTable
 70
1
100
AcDbDimStyleTable
 71
0
  0
DIMSTYLE
105
18
330
17
100
AcDbSymbolTableRecord
100
AcDbDimStyleTableRecord
  2
Standard
 70
0
  0
ENDTAB
  0
TABLE
  2
BLOCK_RECORD
  5
19
330
0
100
AcDbSymbolTable
 70
3
  0
BLOCK_RECORD
  5
1A
330
19
100
AcDbSymbolTableRecord
100
AcDbBlockTableRecord
  2
*Model_Space
340
1D
 70
0
280
1
281
0
  0
BLOCK_RECORD
  5
1B
330
19
100
AcDbSymbolTableRecord
100
AcDbBlockTableRecord
  2
*Paper_Space
340
1E
 70
0
280
1
281
0
  0
BLOCK_RECORD
  5
1C
330
19
100
AcDbSymbolTableRecord
100
AcDbBlockTableRecord
  2
*Paper_Space0
340
1F
 70
0
280
1
281
0
  0
ENDTAB
  0
ENDSEC
  0
SECTION
  2
BLOCKS
  0
BLOCK
  5
23
330
1A
100
AcDbEntity
  8
0
100
AcDbBlockBegin
  2
*Model_Space
 70
0
 10
0.0
 20
0.0
 30
0.0
  3
*Model_Space
  1

  0
ENDBLK
  5
22
330
1A
100
AcDbEntity
  8
0
100
AcDbBlockEnd
  0
BLOCK
  5
25
330
1B
100
AcDbEntity
 67
1
  8
0
100
AcDbBlockBegin
  2
*Paper_Space
 70
0
 10
0.0
 20
0.0
 30
0.0
  3
*Paper_Space
  1

  0
ENDBLK
  5
24
330
1B
100
AcDbEntity
 67
1
  8
0
100
AcDbBlockEnd
  0
BLOCK
  5
27
330
1C
100
AcDbEntity
 67
1
  8
0
100
AcDbBlockBegin
  2
*Paper_Space0
 70
0
 10
0.0
 20
0.0
 30
0.0
  3
*Paper_Space0
  1

  0
ENDBLK
  5
26
330
1C
100
AcDbEntity
 67
1
  8
0
100
AcDbBlockEnd
  0
ENDSEC
  0
SECTION
  2
ENTITIES
  0
LINE
  5
28
330
1A
100
AcDbEntity
  8
BLACK
  6
CONTINUOUS
100
AcDbLine
 10
1.5743924015748032
 20
0.7349152362204724
 30
0
 11
1.5749250787401574
 21
0.7343825590551181
 31
0
  0
LINE
  5
29
330
1A
100
AcDbEntity
  8
BLACK
  6
CONTINUOUS
100
AcDbLine
 10
1.5749250787401574
 20
0.7343825590551181
 30
0
 11
1.575
 21
0.734005905511811
 31
0
  0
LINE
  5
2A
330
1A
100
AcDbEntity
  8
BLACK
  6
CONTINUOUS
100
AcDbLine
 10
1.575
 20
0.734005905511811
 30
0
 11
1.575
 21
0.6001476377952756
 31
0
  0
LINE
  5
2B
330
1A
100
AcDbEntity
  8
BLACK
  6
CONTINUOUS
100
AcDbLine
 10
1.575
 20
0.6001476377952756
 30
0
 11
1.5749250787401574
 21
0.5997709842519685
 31
0
  0
LINE
  5
2C
330
1A
100
AcDbEntity
  8
BLACK
  6
CONTINUOUS
100
AcDbLine
 10
1.5749250787401574
 20
0.5997709842519685
 30
0
 11
1.5743924015748032
 21
0.5992383070866142
 31
0
  0
LINE
  5
2D
330
1A
100
AcDbEntity
  8
BLACK
  6
CONTINUOUS
100
AcDbLine
 10
1.5743924015748032
 20
0.5992383070866142
 30
0
 11
1.574015748031496
 21
0.5991633858267716
 31
0
  0
LINE
  5
2E
330
1A
100
AcDbEntity
  8
BLACK
  6
CONTINUOUS
100
AcDbLine
 10
1.574015748031496
 20
0.5991633858267716
 30
0
 11
1.4968503937007873
 21
0.5991633858267716
 31
0
  0
LINE
  5
2F
330
1A
100
AcDbEntity
  8
BLACK
  6
CONTINUOUS
100
AcDbLine
 10
1.4968503937007873
 20
0.5991633858267716
 30
0
 11
1.4964737401574804
 21
0.5992383070866142
 31
0
  0
LINE
  5
30
330
1A
100
AcDbEntity
  8
BLACK
  6
CONTINUOUS
100
AcDbLine
 10
1.4964737401574804
 20
0.5992383070866142
 30
0
 11
1.4959410629921259
 21
0.5997709842519685
 31
0
  0
LINE
  5
31
330
1A
100
AcDbEntity
  8
BLACK
  6
CONTINUOUS
100
AcDbLine
 10
1.4959410629921259
 20
0.5997709842519685
 30
0
 11
1.4958661417322834
 21
0.6001476377952756
 31
0
  0
LINE
  5
32
330
1A
100
AcDbEntity
  8
BLACK
  6
CONTINUOUS
100
AcDbLine
 10
1.4958661417322834
 20
0.6001476377952756
 30
0
 11
1.4958661417322834
 21
0.734005905511811
 31
0
  0
LINE
  5
33
330
1A
100
AcDbEntity
  8
BLACK
  6
CONTINUOUS
100
AcDbLine
 10
1.4958661417322834
 20
0.734005905511811
 30
0
 11
1.4959410629921259
 21
0.7343825590551181
 31
0
  0
LINE
  5
34
330
1A
100
AcDbEntity
  8
BLACK
  6
CONTINUOUS
100
AcDbLine
 10
1.4959410629921259
 20
0.7343825590551181
 30
0
 11
1.4964737401574804
 21
0.7349152362204724
 31
0
  0
LINE
  5
35
330
1A
100
AcDbEntity
  8
BLACK
  6
CONTINUOUS
100
AcDbLine
 10
1.4964737401574804
 20
0.7349152362204724
 30
0
 11
1.4968503937007873
 21
0.7349901574803149
 31
0
  0
LINE
  5
36
330
1A
100
AcDbEntity
  8
BLACK
  6
CONTINUOUS
100
AcDbLine
 10
1.4968503937007873
 20
0.7349901574803149
 30
0
 11
1.574015748031496
 21
0.7349901574803149
 31
0
  0
LINE
  5
37
330
1A
100
AcDbEntity
  8
BLACK
  6
CONTINUOUS
100
AcDbLine
 10
1.574015748031496
 20
0.7349901574803149
 30
0
 11
1.5743924015748032
 21
0.7349152362204724
 31
0
  0
LINE
  5
38
330
1A
100
AcDbEntity
  8
BLACK
  6
CONTINUOUS
100
AcDbLine
 10
1.4978346456692913
 20
0.7330216535433071
 30
0
 11
1.4978346456692913
 21
0.6011318897637795
 31
0
  0
LINE
  5
39
330
1A
100
AcDbEntity
  8
BLACK
  6
CONTINUOUS
100
AcDbLine
 10
1.4978346456692913
 20
0.6011318897637795
 30
0
 11
1.5730314960629921
 21
0.6011318897637795
 31
0
  0
LINE
  5
3A
330
1A
100
AcDbEntity
  8
BLACK
  6
CONTINUOUS
100
AcDbLine
 10
1.5730314960629921
 20
0.6011318897637795
 30
0
 11
1.5730314960629921
 21
0.7330216535433071
 31
0
  0
LINE
  5
3B
330
1A
100
AcDbEntity
  8
BLACK
  6
CONTINUOUS
100
AcDbLine
 10
1.5730314960629921
 20
0.7330216535433071
 30
0
 11
1.4978346456692913
 21
0.7330216535433071
 31
0
  0
LINE
  5
3C
330
1A
100
AcDbEntity
  8
BLACK
  6
CONTINUOUS
100
AcDbLine
 10
1.6570695669291338
 20
0.7349152362204724
 30
0
 11
1.6576022440944882
 21
0.7343825590551181
 31
0
  0
LINE
  5
3D
330
1A
100
AcDbEntity
  8
BLACK
  6
CONTINUOUS
100
AcDbLine
 10
1.6576022440944882
 20
0.7343825590551181
 30
0
 11
1.6576771653543307
 21
0.734005905511811
 31
0
  0
LINE
  5
3E
330
1A
100
AcDbEntity
  8
BLACK
  6
CONTINUOUS
100
AcDbLine
 10
1.6576771653543307
 20
0.734005905511811
 30
0
 11
1.6576771653543307
 21
0.6001476377952756
 31
0
  0
LINE
  5
3F
330
1A
100
AcDbEntity
  8
BLACK
  6
CONTINUOUS
100
AcDbLine
 10
1.6576771653543307
 20
0.6001476377952756
 30
0
 11
1.6576022440944882
 21
0.5997709842519685
 31
0
  0
LINE
  5
40
330
1A
100
AcDbEntity
  8
BLACK
  6
CONTINUOUS
100
AcDbLine
 10
1.6576022440944882
 20
0.5997709842519685
 30
0
 11
1.6570695669291338
 21
0.5992383070866142
 31
0
  0
LINE
  5
41
330
1A
100
AcDbEntity
  8
BLACK
  6
CONTINUOUS
100
AcDbLine
 10
1.6570695669291338
 20
0.5992383070866142
 30
0
 11
1.6566929133858268
 21
0.5991633858267716
 31
0
  0
LINE
  5
42
330
1A
100
AcDbEntity
  8
BLACK
  6
CONTINUOUS
100
AcDbLine
 10
1.6566929133858268
 20
0.5991633858267716
 30
0
 11
1.5795275590551181
 21
0.5991633858267716
 31
0
  0
LINE
  5
43
330
1A
100
AcDbEntity
  8
BLACK
  6
CONTINUOUS
100
AcDbLine
 10
1.5795275590551181
 20
0.5991633858267716
 30
0
 11
1.5791509055118109
 21
0.5992383070866142
 31
0
  0
LINE
  5
44
330
1A
100
AcDbEntity
  8
BLACK
  6
CONTINUOUS
100
AcDbLine
 10
1.5791509055118109
 20
0.5992383070866142
 30
0
 11
1.5786182283464567
 21
0.5997709842519685
 31
0
  0
LINE
  5
45
330
1A
100
AcDbEntity
  8
BLACK
  6
CONTINUOUS
100
AcDbLine
 10
1.5786182283464567
 20
0.5997709842519685
 30
0
 11
1.5785433070866142
 21
0.6001476377952756
 31
0
  0
LINE
  5
46
330
1A
100
AcDbEntity
  8
BLACK
  6
CONTINUOUS
100
AcDbLine
 10
1.5785433070866142
 20
0.6001476377952756
 30
0
 11
1.5785433070866142
 21
0.734005905511811
 31
0
  0
LINE
  5
47
330
1A
100
AcDbEntity
  8
BLACK
  6
CONTINUOUS
100
AcDbLine
 10
1.5785433070866142
 20
0.734005905511811
 30
0
 11
1.5786182283464567
 21
0.7343825590551181
 31
0
  0
LINE
  5
48
330
1A
100
AcDbEntity
  8
BLACK
  6
CONTINUOUS
100
AcDbLine
 10
1.5786182283464567
 20
0.7343825590551181
 30
0
 11
1.5791509055118109
 21
0.7349152362204724
 31
0
  0
LINE
  5
49
330
1A
100
AcDbEntity
  8
BLACK
  6
CONTINUOUS
100
AcDbLine
 10
1.5791509055118109
 20
0.7349152362204724
 30
0
 11
1.5795275590551181
 21
0.7349901574803149
 31
0
  0
LINE
  5
4A
330
1A
100
AcDbEntity
  8
BLACK
  6
CONTINUOUS
100
AcDbLine
 10
1.5795275590551181
 20
0.7349901574803149
 30
0
 11
1.6566929133858268
 21
0.7349901574803149
 31
0
  0
LINE
  5
4B
330
1A
100
AcDbEntity
  8
BLACK
  6
CONTINUOUS
100
AcDbLine
 10
1.6566929133858268
 20
0.7349901574803149
 30
0
 11
1.6570695669291338
 21
0.7349152362204724
 31
0
  0
LINE
  5
4C
330
1A
100
AcDbEntity
  8
BLACK
  6
CONTINUOUS
100
AcDbLine
 10
1.580511811023622
 20
0.7330216535433071
 30
0
 11
1.580511811023622
 21
0.6011318897637795
 31
0
  0
LINE
  5
4D
330
1A
100
AcDbEntity
  8
BLACK
  6
CONTINUOUS
100
AcDbLine
 10
1.580511811023622
 20
0.6011318897637795
 30
0
 11
1.6557086614173229
 21
0.6011318897637795
 31
0
  0
LINE
  5
4E
330
1A
100
AcDbEntity
  8
BLACK
  6
CONTINUOUS
100
AcDbLine
 10
1.6557086614173229
 20
0.6011318897637795
 30
0
 11
1.6557086614173229
 21
0.7330216535433071
 31
0
  0
LINE
  5
4F
330
1A
100
AcDbEntity
  8
BLACK
  6
CONTINUOUS
100
AcDbLine
 10
1.6557086614173229
 20
0.7330216535433071
 30
0
 11
1.580511811023622
 21
0.7330216535433071
 31
0
  0
LINE
  5
50
330
1A
100
AcDbEntity
  8
BLACK
  6
CONTINUOUS
100
AcDbLine
 10
1.9953422047244094
 20
0.7626219291338583
 30
0
 11
1.9958748818897638
 21
0.762089251968504
 31
0
  0
LINE
  5
51
330
1A
100
AcDbEntity
  8
BLACK
  6
CONTINUOUS
100
AcDbLine
 10
1.9958748818897638
 20
0.762089251968504
 30
0
 11
1.9959498031496063
 21
0.7617125984251968
 31
0
  0
LINE
  5
52
330
1A
100
AcDbEntity
  8
BLACK
  6
CONTINUOUS
100
AcDbLine
 10
1.9959498031496063
 20
0.7617125984251968
 30
0
 11
1.9959498031496063
 21
0.6278543307086614
 31
0
  0
LINE
  5
53
330
1A
100
AcDbEntity
  8
BLACK
  6
CONTINUOUS
100
AcDbLine
 10
1.9959498031496063
 20
0.6278543307086614
 30
0
 11
1.9958748818897638
 21
0.6274776771653543
 31
0
  0
LINE
  5
54
330
1A
100
AcDbEntity
  8
BLACK
  6
CONTINUOUS
100
AcDbLine
 10
1.9958748818897638
 20
0.6274776771653543
 30
0
 11
1.9953422047244094
 21
0.626945
 31
0
  0
LINE
  5
55
330
1A
100
AcDbEntity
  8
BLACK
  6
CONTINUOUS
100
AcDbLine
 10
1.9953422047244094
 20
0.626945
 30
0
 11
1.9949655511811024
 21
0.6268700787401574
 31
0
  0
LINE
  5
56
330
1A
100
AcDbEntity
  8
BLACK
  6
CONTINUOUS
100
AcDbLine
 10
1.9949655511811024
 20
0.6268700787401574
 30
0
 11
1.9178001968503937
 21
0.6268700787401574
 31
0
  0
LINE
  5
57
330
1A
100
AcDbEntity
  8
BLACK
  6
CONTINUOUS
100
AcDbLine
 10
1.9178001968503937
 20
0.6268700787401574
 30
0
 11
1.9174235433070865
 21
0.626945
 31
0
  0
LINE
  5
58
330
1A
100
AcDbEntity
  8
BLACK
  6
CONTINUOUS
100
AcDbLine
 10
1.9174235433070865
 20
0.626945
 30
0
 11
1.9168908661417323
 21
0.6274776771653543
 31
0
  0
LINE
  5
59
330
1A
100
AcDbEntity
  8
BLACK
  6
CONTINUOUS
100
AcDbLine
 10
1.9168908661417323
 20
0.6274776771653543
 30
0
 11
1.9168159448818898
 21
0.6278543307086614
 31
0
  0
LINE
  5
5A
330
1A
100
AcDbEntity
  8
BLACK
  6
CONTINUOUS
100
AcDbLine
 10
1.9168159448818898
 20
0.6278543307086614
 30
0
 11
1.9168159448818898
 21
0.7617125984251968
 31
0
  0
LINE
  5
5B
330
1A
100
AcDbEntity
  8
BLACK
  6
CONTINUOUS
100
AcDbLine
 10
1.9168159448818898
 20
0.7617125984251968
 30
0
 11
1.9168908661417323
 21
0.762089251968504
 31
0
  0
LINE
  5
5C
330
1A
100
AcDbEntity
  8
BLACK
  6
CONTINUOUS
100
AcDbLine
 10
1.9168908661417323
 20
0.762089251968504
 30
0
 11
1.9174235433070865
 21
0.7626219291338583
 31
0
  0
LINE
  5
5D
330
1A
100
AcDbEntity
  8
BLACK
  6
CONTINUOUS
100
AcDbLine
 10
1.9174235433070865
 20
0.7626219291338583
 30
0
 11
1.9178001968503937
 21
0.7626968503937007
 31
0
  0
LINE
  5
5E
330
1A
100
AcDbEntity
  8
BLACK
  6
CONTINUOUS
100
AcDbLine
 10
1.9178001968503937
 20
0.7626968503937007
 30
0
 11
1.9949655511811024
 21
0.7626968503937007
 31
0
  0
LINE
  5
5F
330
1A
100
AcDbEntity
  8
BLACK
  6
CONTINUOUS
100
AcDbLine
 10
1.9949655511811024
 20
0.7626968503937007
 30
0
 11
1.9953422047244094
 21
0.7626219291338583
 31
0
  0
LINE
  5
60
330
1A
100
AcDbEntity
  8
BLACK
  6
CONTINUOUS
100
AcDbLine
 10
1.9187844488188976
 20
0.7607283464566928
 30
0
 11
1.9187844488188976
 21
0.6288385826771653
 31
0
  0
LINE
  5
61
330
1A
100
AcDbEntity
  8
BLACK
  6
CONTINUOUS
100
AcDbLine
 10
1.9187844488188976
 20
0.6288385826771653
 30
0
 11
1.9939812992125985
 21
0.6288385826771653
 31
0
  0
LINE
  5
62
330
1A
100
AcDbEntity
  8
BLACK
  6
CONTINUOUS
100
AcDbLine
 10
1.9939812992125985
 20
0.6288385826771653
 30
0
 11
1.9939812992125985
 21
0.7607283464566928
 31
0
  0
LINE
  5
63
330
1A
100
AcDbEntity
  8
BLACK
  6
CONTINUOUS
100
AcDbLine
 10
1.9939812992125985
 20
0.7607283464566928
 30
0
 11
1.9187844488188976
 21
0.7607283464566928
 31
0
  0
LINE
  5
64
330
1A
100
AcDbEntity
  8
BLACK
  6
CONTINUOUS
100
AcDbLine
 10
1.9110902362204725
 20
0.7634093307086613
 30
0
 11
1.9116229133858267
 21
0.762876653543307
 31
0
  0
LINE
  5
65
330
1A
100
AcDbEntity
  8
BLACK
  6
CONTINUOUS
100
AcDbLine
 10
1.9116229133858267
 20
0.762876653543307
 30
0
 11
1.9116978346456692
 21
0.7625
 31
0
  0
LINE
  5
66
330
1A
100
AcDbEntity
  8
BLACK
  6
CONTINUOUS
100
AcDbLine
 10
1.9116978346456692
 20
0.7625
 30
0
 11
1.9116978346456692
 21
0.6286417322834645
 31
0
  0
LINE
  5
67
330
1A
100
AcDbEntity
  8
BLACK
  6
CONTINUOUS
100
AcDbLine
 10
1.9116978346456692
 20
0.6286417322834645
 30
0
 11
1.9116229133858267
 21
0.6282650787401575
 31
0
  0
LINE
  5
68
330
1A
100
AcDbEntity
  8
BLACK
  6
CONTINUOUS
100
AcDbLine
 10
1.9116229133858267
 20
0.6282650787401575
 30
0
 11
1.9110902362204725
 21
0.6277324015748031
 31
0
  0
LINE
  5
69
330
1A
100
AcDbEntity
  8
BLACK
  6
CONTINUOUS
100
AcDbLine
 10
1.9110902362204725
 20
0.6277324015748031
 30
0
 11
1.9107135826771653
 21
0.6276574803149606
 31
0
  0
LINE
  5
6A
330
1A
100
AcDbEntity
  8
BLACK
  6
CONTINUOUS
100
AcDbLine
 10
1.9107135826771653
 20
0.6276574803149606
 30
0
 11
1.8335482283464566
 21
0.6276574803149606
 31
0
  0
LINE
  5
6B
330
1A
100
AcDbEntity
  8
BLACK
  6
CONTINUOUS
100
AcDbLine
 10
1.8335482283464566
 20
0.6276574803149606
 30
0
 11
1.8331715748031496
 21
0.6277324015748031
 31
0
  0
LINE
  5
6C
330
1A
100
AcDbEntity
  8
BLACK
  6
CONTINUOUS
100
AcDbLine
 10
1.8331715748031496
 20
0.6277324015748031
 30
0
 11
1.8326388976377952
 21
0.6282650787401575
 31
0
  0
LINE
  5
6D
330
1A
100
AcDbEntity
  8
BLACK
  6
CONTINUOUS
100
AcDbLine
 10
1.8326388976377952
 20
0.6282650787401575
 30
0
 11
1.8325639763779527
 21
0.6286417322834645
 31
0
  0
LINE
  5
6E
330
1A
100
AcDbEntity
  8
BLACK
  6
CONTINUOUS
100
AcDbLine
 10
1.8325639763779527
 20
0.6286417322834645
 30
0
 11
1.8325639763779527
 21
0.7625
 31
0
  0
LINE
  5
6F
330
1A
100
AcDbEntity
  8
BLACK
  6
CONTINUOUS
100
AcDbLine
 10
1.8325639763779527
 20
0.7625
 30
0
 11
1.8326388976377952
 21
0.762876653543307
 31
0
  0
LINE
  5
70
330
1A
100
AcDbEntity
  8
BLACK
  6
CONTINUOUS
100
AcDbLine
 10
1.8326388976377952
 20
0.762876653543307
 30
0
 11
1.8331715748031496
 21
0.7634093307086613
 31
0
  0
LINE
  5
71
330
1A
100
AcDbEntity
  8
BLACK
  6
CONTINUOUS
100
AcDbLine
 10
1.8331715748031496
 20
0.7634093307086613
 30
0
 11
1.8335482283464566
 21
0.7634842519685039
 31
0
  0
LINE
  5
72
330
1A
100
AcDbEntity
  8
BLACK
  6
CONTINUOUS
100
AcDbLine
 10
1.8335482283464566
 20
0.7634842519685039
 30
0
 11
1.9107135826771653
 21
0.7634842519685039
 31
0
  0
LINE
  5
73
330
1A
100
AcDbEntity
  8
BLACK
  6
CONTINUOUS
100
AcDbLine
 10
1.9107135826771653
 20
0.7634842519685039
 30
0
 11
1.9110902362204725
 21
0.7634093307086613
 31
0
  0
LINE
  5
74
330
1A
100
AcDbEntity
  8
BLACK
  6
CONTINUOUS
100
AcDbLine
 10
1.8345324803149605
 20
0.761515748031496
 30
0
 11
1.8345324803149605
 21
0.6296259842519685
 31
0
  0
LINE
  5
75
330
1A
100
AcDbEntity
  8
BLACK
  6
CONTINUOUS
100
AcDbLine
 10
1.8345324803149605
 20
0.6296259842519685
 30
0
 11
1.9097293307086614
 21
0.6296259842519685
 31
0
  0
LINE
  5
76
330
1A
100
AcDbEntity
  8
BLACK
  6
CONTINUOUS
100
AcDbLine
 10
1.9097293307086614
 20
0.6296259842519685
 30
0
 11
1.9097293307086614
 21
0.761515748031496
 31
0
  0
LINE
  5
77
330
1A
100
AcDbEntity
  8
BLACK
  6
CONTINUOUS
100
AcDbLine
 10
1.9097293307086614
 20
0.761515748031496
 30
0
 11
1.8345324803149605
 21
0.761515748031496
 31
0
  0
LINE
  5
78
330
1A
100
AcDbEntity
  8
BLACK
  6
CONTINUOUS
100
AcDbLine
 10
2.1047725196850395
 20
0.7198041338582677
 30
0
 11
2.1048541338582676
 21
0.7198095669291339
 31
0
  0
LINE
  5
79
330
1A
100
AcDbEntity
  8
BLACK
  6
CONTINUOUS
100
AcDbLine
 10
2.1048541338582676
 20
0.7198095669291339
 30
0
 11
2.104886181102362
 21
0.7197815354330709
 31
0
  0
LINE
  5
7A
330
1A
100
AcDbEntity
  8
BLACK
  6
CONTINUOUS
100
AcDbLine
 10
2.104886181102362
 20
0.7197815354330709
 30
0
 11
2.1049767716535435
 21
0.7197635039370078
 31
0
  0
LINE
  5
7B
330
1A
100
AcDbEntity
  8
BLACK
  6
CONTINUOUS
100
AcDbLine
 10
2.1049767716535435
 20
0.7197635039370078
 30
0
 11
2.1054665354330706
 21
0.7192737401574802
 31
0
  0
LINE
  5
7C
330
1A
100
AcDbEntity
  8
BLACK
  6
CONTINUOUS
100
AcDbLine
 10
2.1054665354330706
 20
0.7192737401574802
 30
0
 11
2.1059879921259843
 21
0.7188174803149606
 31
0
  0
LINE
  5
7D
330
1A
100
AcDbEntity
  8
BLACK
  6
CONTINUOUS
100
AcDbLine
 10
2.1059879921259843
 20
0.7188174803149606
 30
0
 11
2.1059926377952753
 21
0.7187476377952756
 31
0
  0
LINE
  5
7E
330
1A
100
AcDbEntity
  8
BLACK
  6
CONTINUOUS
100
AcDbLine
 10
2.1059926377952753
 20
0.7187476377952756
 30
0
 11
2.1060421259842519
 21
0.7186981496062992
 31
0
  0
LINE
  5
7F
330
1A
100
AcDbEntity
  8
BLACK
  6
CONTINUOUS
100
AcDbLine
 10
2.1060421259842519
 20
0.7186981496062992
 30
0
 11
2.1060421259842519
 21
0.7180053149606299
 31
0
  0
LINE
  5
80
330
1A
100
AcDbEntity
  8
BLACK
  6
CONTINUOUS
100
AcDbLine
 10
2.1060421259842519
 20
0.7180053149606299
 30
0
 11
2.1060881889763778
 21
0.7173141732283465
 31
0
  0
LINE
  5
81
330
1A
100
AcDbEntity
  8
BLACK
  6
CONTINUOUS
100
AcDbLine
 10
2.1060881889763778
 20
0.7173141732283465
 30
0
 11
2.1060421259842519
 21
0.7172342125984252
 31
0
  0
LINE
  5
82
330
1A
100
AcDbEntity
  8
BLACK
  6
CONTINUOUS
100
AcDbLine
 10
2.1060421259842519
 20
0.7172342125984252
 30
0
 11
2.1060421259842519
 21
0.7171915354330709
 31
0
  0
LINE
  5
83
330
1A
100
AcDbEntity
  8
BLACK
  6
CONTINUOUS
100
AcDbLine
 10
2.1060421259842519
 20
0.7171915354330709
 30
0
 11
2.1059842125984249
 21
0.7171336614173228
 31
0
  0
LINE
  5
84
330
1A
100
AcDbEntity
  8
BLACK
  6
CONTINUOUS
100
AcDbLine
 10
2.1059842125984249
 20
0.7171336614173228
 30
0
 11
2.1057049212598424
 21
0.7166485826771654
 31
0
  0
LINE
  5
85
330
1A
100
AcDbEntity
  8
BLACK
  6
CONTINUOUS
100
AcDbLine
 10
2.1057049212598424
 20
0.7166485826771654
 30
0
 11
2.1016768897637794
 21
0.7120451574803149
 31
0
  0
LINE
  5
86
330
1A
100
AcDbEntity
  8
BLACK
  6
CONTINUOUS
100
AcDbLine
 10
2.1016768897637794
 20
0.7120451574803149
 30
0
 11
2.1032290551181103
 21
0.7112690551181102
 31
0
  0
LINE
  5
87
330
1A
100
AcDbEntity
  8
BLACK
  6
CONTINUOUS
100
AcDbLine
 10
2.1032290551181103
 20
0.7112690551181102
 30
0
 11
2.1034784251968501
 21
0.7110755511811023
 31
0
  0
LINE
  5
88
330
1A
100
AcDbEntity
  8
BLACK
  6
CONTINUOUS
100
AcDbLine
 10
2.1034784251968501
 20
0.7110755511811023
 30
0
 11
2.1037406299212598
 21
0.7109003149606299
 31
0
  0
LINE
  5
89
330
1A
100
AcDbEntity
  8
BLACK
  6
CONTINUOUS
100
AcDbLine
 10
2.1037406299212598
 20
0.7109003149606299
 30
0
 11
2.1046779921259842
 21
0.7099629527559055
 31
0
  0
LINE
  5
8A
330
1A
100
AcDbEntity
  8
BLACK
  6
CONTINUOUS
100
AcDbLine
 10
2.1046779921259842
 20
0.7099629527559055
 30
0
 11
2.104853188976378
 21
0.7097007874015748
 31
0
  0
LINE
  5
8B
330
1A
100
AcDbEntity
  8
BLACK
  6
CONTINUOUS
100
AcDbLine
 10
2.104853188976378
 20
0.7097007874015748
 30
0
 11
2.1050467322834647
 21
0.7094513779527559
 31
0
  0
LINE
  5
8C
330
1A
100
AcDbEntity
  8
BLACK
  6
CONTINUOUS
100
AcDbLine
 10
2.1050467322834647
 20
0.7094513779527559
 30
0
 11
2.1059841338582679
 21
0.7075766141732284
 31
0
  0
LINE
  5
8D
330
1A
100
AcDbEntity
  8
BLACK
  6
CONTINUOUS
100
AcDbLine
 10
2.1059841338582679
 20
0.7075766141732284
 30
0
 11
2.1060101574803149
 21
0.7074815354330708
 31
0
  0
LINE
  5
8E
330
1A
100
AcDbEntity
  8
BLACK
  6
CONTINUOUS
100
AcDbLine
 10
2.1060101574803149
 20
0.7074815354330708
 30
0
 11
2.1060421259842519
 21
0.7074495669291339
 31
0
  0
LINE
  5
8F
330
1A
100
AcDbEntity
  8
BLACK
  6
CONTINUOUS
100
AcDbLine
 10
2.1060421259842519
 20
0.7074495669291339
 30
0
 11
2.1061036614173227
 21
0.7071400787401575
 31
0
  0
LINE
  5
90
330
1A
100
AcDbEntity
  8
BLACK
  6
CONTINUOUS
100
AcDbLine
 10
2.1061036614173227
 20
0.7071400787401575
 30
0
 11
2.1061870078740159
 21
0.7068358267716536
 31
0
  0
LINE
  5
91
330
1A
100
AcDbEntity
  8
BLACK
  6
CONTINUOUS
100
AcDbLine
 10
2.1061870078740159
 20
0.7068358267716536
 30
0
 11
2.1061727165354331
 21
0.7067929921259842
 31
0
  0
LINE
  5
92
330
1A
100
AcDbEntity
  8
BLACK
  6
CONTINUOUS
100
AcDbLine
 10
2.1061727165354331
 20
0.7067929921259842
 30
0
 11
2.106191968503937
 21
0.7066962598425197
 31
0
  0
LINE
  5
93
330
1A
100
AcDbEntity
  8
BLACK
  6
CONTINUOUS
100
AcDbLine
 10
2.106191968503937
 20
0.7066962598425197
 30
0
 11
2.106191968503937
 21
0.7020093307086614
 31
0
  0
LINE
  5
94
330
1A
100
AcDbEntity
  8
BLACK
  6
CONTINUOUS
100
AcDbLine
 10
2.106191968503937
 20
0.7020093307086614
 30
0
 11
2.1061727165354331
 21
0.7019126377952756
 31
0
  0
LINE
  5
95
330
1A
100
AcDbEntity
  8
BLACK
  6
CONTINUOUS
100
AcDbLine
 10
2.1061727165354331
 20
0.7019126377952756
 30
0
 11
2.1061870078740159
 21
0.7018697637795276
 31
0
  0
LINE
  5
96
330
1A
100
AcDbEntity
  8
BLACK
  6
CONTINUOUS
100
AcDbLine
 10
2.1061870078740159
 20
0.7018697637795276
 30
0
 11
2.1061036614173227
 21
0.7015655511811023
 31
0
  0
LINE
  5
97
330
1A
100
AcDbEntity
  8
BLACK
  6
CONTINUOUS
100
AcDbLine
 10
2.1061036614173227
 20
0.7015655511811023
 30
0
 11
2.1060421259842519
 21
0.7012560236220472
 31
0
  0
LINE
  5
98
330
1A
100
AcDbEntity
  8
BLACK
  6
CONTINUOUS
100
AcDbLine
 10
2.1060421259842519
 20
0.7012560236220472
 30
0
 11
2.1060101574803149
 21
0.701224094488189
 31
0
  0
LINE
  5
99
330
1A
100
AcDbEntity
  8
BLACK
  6
CONTINUOUS
100
AcDbLine
 10
2.1060101574803149
 20
0.701224094488189
 30
0
 11
2.1059841338582679
 21
0.7011289763779528
 31
0
  0
LINE
  5
9A
330
1A
100
AcDbEntity
  8
BLACK
  6
CONTINUOUS
100
AcDbLine
 10
2.1059841338582679
 20
0.7011289763779528
 30
0
 11
2.1050467322834647
 21
0.6992542125984251
 31
0
  0
LINE
  5
9B
330
1A
100
AcDbEntity
  8
BLACK
  6
CONTINUOUS
100
AcDbLine
 10
2.1050467322834647
 20
0.6992542125984251
 30
0
 11
2.1048531496062992
 21
0.699004842519685
 31
0
  0
LINE
  5
9C
330
1A
100
AcDbEntity
  8
BLACK
  6
CONTINUOUS
100
AcDbLine
 10
2.1048531496062992
 20
0.699004842519685
 30
0
 11
2.1046780314960629
 21
0.6987426771653543
 31
0
  0
LINE
  5
9D
330
1A
100
AcDbEntity
  8
BLACK
  6
CONTINUOUS
100
AcDbLine
 10
2.1046780314960629
 20
0.6987426771653543
 30
0
 11
2.1037406692913385
 21
0.6978052362204724
 31
0
  0
LINE
  5
9E
330
1A
100
AcDbEntity
  8
BLACK
  6
CONTINUOUS
100
AcDbLine
 10
2.1037406692913385
 20
0.6978052362204724
 30
0
 11
2.1034783858267718
 21
0.6976300393700787
 31
0
  0
LINE
  5
9F
330
1A
100
AcDbEntity
  8
BLACK
  6
CONTINUOUS
100
AcDbLine
 10
2.1034783858267718
 20
0.6976300393700787
 30
0
 11
2.1032290157480316
 21
0.6974364566929133
 31
0
  0
LINE
  5
A0
330
1A
100
AcDbEntity
  8
BLACK
  6
CONTINUOUS
100
AcDbLine
 10
2.1032290157480316
 20
0.6974364566929133
 30
0
 11
2.101354251968504
 21
0.6964990944881889
 31
0
  0
LINE
  5
A1
330
1A
100
AcDbEntity
  8
BLACK
  6
CONTINUOUS
100
AcDbLine
 10
2.101354251968504
 20
0.6964990944881889
 30
0
 11
2.1012591338582678
 21
0.6964730708661417
 31
0
  0
LINE
  5
A2
330
1A
100
AcDbEntity
  8
BLACK
  6
CONTINUOUS
100
AcDbLine
 10
2.1012591338582678
 20
0.6964730708661417
 30
0
 11
2.1012272440944884
 21
0.6964411417322834
 31
0
  0
LINE
  5
A3
330
1A
100
AcDbEntity
  8
BLACK
  6
CONTINUOUS
100
AcDbLine
 10
2.1012272440944884
 20
0.6964411417322834
 30
0
 11
2.1009177559055119
 21
0.6963796062992126
 31
0
  0
LINE
  5
A4
330
1A
100
AcDbEntity
  8
BLACK
  6
CONTINUOUS
100
AcDbLine
 10
2.1009177559055119
 20
0.6963796062992126
 30
0
 11
2.100613464566929
 21
0.6962962598425196
 31
0
  0
LINE
  5
A5
330
1A
100
AcDbEntity
  8
BLACK
  6
CONTINUOUS
100
AcDbLine
 10
2.100613464566929
 20
0.6962962598425196
 30
0
 11
2.1005706299212599
 21
0.6963105511811023
 31
0
  0
LINE
  5
A6
330
1A
100
AcDbEntity
  8
BLACK
  6
CONTINUOUS
100
AcDbLine
 10
2.1005706299212599
 20
0.6963105511811023
 30
0
 11
2.100473937007874
 21
0.6962912992125984
 31
0
  0
LINE
  5
A7
330
1A
100
AcDbEntity
  8
BLACK
  6
CONTINUOUS
100
AcDbLine
 10
2.100473937007874
 20
0.6962912992125984
 30
0
 11
2.0948496456692913
 21
0.6962912992125984
 31
0
  0
LINE
  5
A8
330
1A
100
AcDbEntity
  8
BLACK
  6
CONTINUOUS
100
AcDbLine
 10
2.0948496456692913
 20
0.6962912992125984
 30
0
 11
2.0947529133858267
 21
0.6963105511811023
 31
0
  0
LINE
  5
A9
330
1A
100
AcDbEntity
  8
BLACK
  6
CONTINUOUS
100
AcDbLine
 10
2.0947529133858267
 20
0.6963105511811023
 30
0
 11
2.0947100787401576
 21
0.6962962598425196
 31
0
  0
LINE
  5
AA
330
1A
100
AcDbEntity
  8
BLACK
  6
CONTINUOUS
100
AcDbLine
 10
2.0947100787401576
 20
0.6962962598425196
 30
0
 11
2.0944058267716534
 21
0.6963796062992126
 31
0
  0
LINE
  5
AB
330
1A
100
AcDbEntity
  8
BLACK
  6
CONTINUOUS
100
AcDbLine
 10
2.0944058267716534
 20
0.6963796062992126
 30
0
 11
2.094096338582677
 21
0.6964411417322834
 31
0
  0
LINE
  5
AC
330
1A
100
AcDbEntity
  8
BLACK
  6
CONTINUOUS
100
AcDbLine
 10
2.094096338582677
 20
0.6964411417322834
 30
0
 11
2.09406437007874
 21
0.6964731102362205
 31
0
  0
LINE
  5
AD
330
1A
100
AcDbEntity
  8
BLACK
  6
CONTINUOUS
100
AcDbLine
 10
2.09406437007874
 20
0.6964731102362205
 30
0
 11
2.0939692913385826
 21
0.6964991338582677
 31
0
  0
LINE
  5
AE
330
1A
100
AcDbEntity
  8
BLACK
  6
CONTINUOUS
100
AcDbLine
 10
2.0939692913385826
 20
0.6964991338582677
 30
0
 11
2.0920945669291338
 21
0.6974364566929133
 31
0
  0
LINE
  5
AF
330
1A
100
AcDbEntity
  8
BLACK
  6
CONTINUOUS
100
AcDbLine
 10
2.0920945669291338
 20
0.6974364566929133
 30
0
 11
2.091845275590551
 21
0.6976299212598425
 31
0
  0
LINE
  5
B0
330
1A
100
AcDbEntity
  8
BLACK
  6
CONTINUOUS
100
AcDbLine
 10
2.091845275590551
 20
0.6976299212598425
 30
0
 11
2.0915829133858268
 21
0.6978052362204724
 31
0
  0
LINE
  5
B1
330
1A
100
AcDbEntity
  8
BLACK
  6
CONTINUOUS
100
AcDbLine
 10
2.0915829133858268
 20
0.6978052362204724
 30
0
 11
2.0906455511811024
 21
0.6987426377952756
 31
0
  0
LINE
  5
B2
330
1A
100
AcDbEntity
  8
BLACK
  6
CONTINUOUS
100
AcDbLine
 10
2.0906455511811024
 20
0.6987426377952756
 30
0
 11
2.0902188188976378
 21
0.6993812598425196
 31
0
  0
LINE
  5
B3
330
1A
100
AcDbEntity
  8
BLACK
  6
CONTINUOUS
100
AcDbLine
 10
2.0902188188976378
 20
0.6993812598425196
 30
0
 11
2.0902188188976378
 21
0.700887874015748
 31
0
  0
LINE
  5
B4
330
1A
100
AcDbEntity
  8
BLACK
  6
CONTINUOUS
100
AcDbLine
 10
2.0902188188976378
 20
0.700887874015748
 30
0
 11
2.0912841732283463
 21
0.7019532283464567
 31
0
  0
LINE
  5
B5
330
1A
100
AcDbEntity
  8
BLACK
  6
CONTINUOUS
100
AcDbLine
 10
2.0912841732283463
 20
0.7019532283464567
 30
0
 11
2.0927907874015745
 21
0.7019532283464567
 31
0
  0
LINE
  5
B6
330
1A
100
AcDbEntity
  8
BLACK
  6
CONTINUOUS
100
AcDbLine
 10
2.0927907874015745
 20
0.7019532283464567
 30
0
 11
2.0934294094488188
 21
0.7015264960629921
 31
0
  0
LINE
  5
B7
330
1A
100
AcDbEntity
  8
BLACK
  6
CONTINUOUS
100
AcDbLine
 10
2.0934294094488188
 20
0.7015264960629921
 30
0
 11
2.0941409055118108
 21
0.7008150393700787
 31
0
  0
LINE
  5
B8
330
1A
100
AcDbEntity
  8
BLACK
  6
CONTINUOUS
100
AcDbLine
 10
2.0941409055118108
 20
0.7008150393700787
 30
0
 11
2.0953143700787402
 21
0.7002283070866142
 31
0
  0
LINE
  5
B9
330
1A
100
AcDbEntity
  8
BLACK
  6
CONTINUOUS
100
AcDbLine
 10
2.0953143700787402
 20
0.7002283070866142
 30
0
 11
2.1000092125984251
 21
0.7002283070866142
 31
0
  0
LINE
  5
BA
330
1A
100
AcDbEntity
  8
BLACK
  6
CONTINUOUS
100
AcDbLine
 10
2.1000092125984251
 20
0.7002283070866142
 30
0
 11
2.1011825590551179
 21
0.700815
 31
0
  0
LINE
  5
BB
330
1A
100
AcDbEntity
  8
BLACK
  6
CONTINUOUS
100
AcDbLine
 10
2.1011825590551179
 20
0.700815
 30
0
 11
2.1016682283464565
 21
0.7013006692913386
 31
0
  0
LINE
  5
BC
330
1A
100
AcDbEntity
  8
BLACK
  6
CONTINUOUS
100
AcDbLine
 10
2.1016682283464565
 20
0.7013006692913386
 30
0
 11
2.1022549606299212
 21
0.7024740551181102
 31
0
  0
LINE
  5
BD
330
1A
100
AcDbEntity
  8
BLACK
  6
CONTINUOUS
100
AcDbLine
 10
2.1022549606299212
 20
0.7024740551181102
 30
0
 11
2.1022549606299212
 21
0.7062315748031496
 31
0
  0
LINE
  5
BE
330
1A
100
AcDbEntity
  8
BLACK
  6
CONTINUOUS
100
AcDbLine
 10
2.1022549606299212
 20
0.7062315748031496
 30
0
 11
2.1016682283464565
 21
0.707405
 31
0
  0
LINE
  5
BF
330
1A
100
AcDbEntity
  8
BLACK
  6
CONTINUOUS
100
AcDbLine
 10
2.1016682283464565
 20
0.707405
 30
0
 11
2.1011826377952754
 21
0.7078905905511811
 31
0
  0
LINE
  5
C0
330
1A
100
AcDbEntity
  8
BLACK
  6
CONTINUOUS
100
AcDbLine
 10
2.1011826377952754
 20
0.7078905905511811
 30
0
 11
2.1000092519685039
 21
0.708477283464567
 31
0
  0
LINE
  5
C1
330
1A
100
AcDbEntity
  8
BLACK
  6
CONTINUOUS
100
AcDbLine
 10
2.1000092519685039
 20
0.708477283464567
 30
0
 11
2.0976617716535433
 21
0.708477283464567
 31
0
  0
LINE
  5
C2
330
1A
100
AcDbEntity
  8
BLACK
  6
CONTINUOUS
100
AcDbLine
 10
2.0976617716535433
 20
0.708477283464567
 30
0
 11
2.0971126771653541
 21
0.7085865354330708
 31
0
  0
LINE
  5
C3
330
1A
100
AcDbEntity
  8
BLACK
  6
CONTINUOUS
100
AcDbLine
 10
2.0971126771653541
 20
0.7085865354330708
 30
0
 11
2.0970311023622048
 21
0.708581062992126
 31
0
  0
LINE
  5
C4
330
1A
100
AcDbEntity
  8
BLACK
  6
CONTINUOUS
100
AcDbLine
 10
2.0970311023622048
 20
0.708581062992126
 30
0
 11
2.0969990157480316
 21
0.7086091338582677
 31
0
  0
LINE
  5
C5
330
1A
100
AcDbEntity
  8
BLACK
  6
CONTINUOUS
100
AcDbLine
 10
2.0969990157480316
 20
0.7086091338582677
 30
0
 11
2.0969084645669289
 21
0.7086271259842519
 31
0
  0
LINE
  5
C6
330
1A
100
AcDbEntity
  8
BLACK
  6
CONTINUOUS
100
AcDbLine
 10
2.0969084645669289
 20
0.7086271259842519
 30
0
 11
2.0964186614173226
 21
0.7091169291338583
 31
0
  0
LINE
  5
C7
330
1A
100
AcDbEntity
  8
BLACK
  6
CONTINUOUS
100
AcDbLine
 10
2.0964186614173226
 20
0.7091169291338583
 30
0
 11
2.0958972440944881
 21
0.7095731496062992
 31
0
  0
LINE
  5
C8
330
1A
100
AcDbEntity
  8
BLACK
  6
CONTINUOUS
100
AcDbLine
 10
2.0958972440944881
 20
0.7095731496062992
 30
0
 11
2.0958925590551178
 21
0.709643031496063
 31
0
  0
LINE
  5
C9
330
1A
100
AcDbEntity
  8
BLACK
  6
CONTINUOUS
100
AcDbLine
 10
2.0958925590551178
 20
0.709643031496063
 30
0
 11
2.0958431102362205
 21
0.7096924803149606
 31
0
  0
LINE
  5
CA
330
1A
100
AcDbEntity
  8
BLACK
  6
CONTINUOUS
100
AcDbLine
 10
2.0958431102362205
 20
0.7096924803149606
 30
0
 11
2.0958431102362205
 21
0.7103853543307086
 31
0
  0
LINE
  5
CB
330
1A
100
AcDbEntity
  8
BLACK
  6
CONTINUOUS
100
AcDbLine
 10
2.0958431102362205
 20
0.7103853543307086
 30
0
 11
2.0957970472440945
 21
0.7110764566929134
 31
0
  0
LINE
  5
CC
330
1A
100
AcDbEntity
  8
BLACK
  6
CONTINUOUS
100
AcDbLine
 10
2.0957970472440945
 20
0.7110764566929134
 30
0
 11
2.0958431102362205
 21
0.7111564566929134
 31
0
  0
LINE
  5
CD
330
1A
100
AcDbEntity
  8
BLACK
  6
CONTINUOUS
100
AcDbLine
 10
2.0958431102362205
 20
0.7111564566929134
 30
0
 11
2.0958431102362205
 21
0.711199094488189
 31
0
  0
LINE
  5
CE
330
1A
100
AcDbEntity
  8
BLACK
  6
CONTINUOUS
100
AcDbLine
 10
2.0958431102362205
 20
0.711199094488189
 30
0
 11
2.0959009842519682
 21
0.7112570078740157
 31
0
  0
LINE
  5
CF
330
1A
100
AcDbEntity
  8
BLACK
  6
CONTINUOUS
100
AcDbLine
 10
2.0959009842519682
 20
0.7112570078740157
 30
0
 11
2.09618031496063
 21
0.7117420472440945
 31
0
  0
LINE
  5
D0
330
1A
100
AcDbEntity
  8
BLACK
  6
CONTINUOUS
100
AcDbLine
 10
2.09618031496063
 20
0.7117420472440945
 30
0
 11
2.09988531496063
 21
0.7159763385826772
 31
0
  0
LINE
  5
D1
330
1A
100
AcDbEntity
  8
BLACK
  6
CONTINUOUS
100
AcDbLine
 10
2.09988531496063
 20
0.7159763385826772
 30
0
 11
2.0920374803149606
 21
0.7159763385826772
 31
0
  0
LINE
  5
D2
330
1A
100
AcDbEntity
  8
BLACK
  6
CONTINUOUS
100
AcDbLine
 10
2.0920374803149606
 20
0.7159763385826772
 30
0
 11
2.0912841732283463
 21
0.7161261811023621
 31
0
  0
LINE
  5
D3
330
1A
100
AcDbEntity
  8
BLACK
  6
CONTINUOUS
100
AcDbLine
 10
2.0912841732283463
 20
0.7161261811023621
 30
0
 11
2.0902188188976378
 21
0.7171915354330709
 31
0
  0
LINE
  5
D4
330
1A
100
AcDbEntity
  8
BLACK
  6
CONTINUOUS
100
AcDbLine
 10
2.0902188188976378
 20
0.7171915354330709
 30
0
 11
2.0902188188976378
 21
0.7186981496062992
 31
0
  0
LINE
  5
D5
330
1A
100
AcDbEntity
  8
BLACK
  6
CONTINUOUS
100
AcDbLine
 10
2.0902188188976378
 20
0.7186981496062992
 30
0
 11
2.0912841732283463
 21
0.7197635039370078
 31
0
  0
LINE
  5
D6
330
1A
100
AcDbEntity
  8
BLACK
  6
CONTINUOUS
100
AcDbLine
 10
2.0912841732283463
 20
0.7197635039370078
 30
0
 11
2.0920374803149606
 21
0.7199133464566929
 31
0
  0
LINE
  5
D7
330
1A
100
AcDbEntity
  8
BLACK
  6
CONTINUOUS
100
AcDbLine
 10
2.0920374803149606
 20
0.7199133464566929
 30
0
 11
2.1042234645669291
 21
0.7199133464566929
 31
0
  0
LINE
  5
D8
330
1A
100
AcDbEntity
  8
BLACK
  6
CONTINUOUS
100
AcDbLine
 10
2.1042234645669291
 20
0.7199133464566929
 30
0
 11
2.1047725196850395
 21
0.7198041338582677
 31
0
  0
LINE
  5
D9
330
1A
100
AcDbEntity
  8
BLACK
  6
CONTINUOUS
100
AcDbLine
 10
2.1385182677165355
 20
0.7198041338582677
 30
0
 11
2.1385998818897636
 21
0.7198095669291339
 31
0
  0
LINE
  5
DA
330
1A
100
AcDbEntity
  8
BLACK
  6
CONTINUOUS
100
AcDbLine
 10
2.1385998818897636
 20
0.7198095669291339
 30
0
 11
2.138631929133858
 21
0.7197815354330709
 31
0
  0
LINE
  5
DB
330
1A
100
AcDbEntity
  8
BLACK
  6
CONTINUOUS
100
AcDbLine
 10
2.138631929133858
 20
0.7197815354330709
 30
0
 11
2.1387225196850395
 21
0.7197635039370078
 31
0
  0
LINE
  5
DC
330
1A
100
AcDbEntity
  8
BLACK
  6
CONTINUOUS
100
AcDbLine
 10
2.1387225196850395
 20
0.7197635039370078
 30
0
 11
2.139212283464567
 21
0.7192737401574802
 31
0
  0
LINE
  5
DD
330
1A
100
AcDbEntity
  8
BLACK
  6
CONTINUOUS
100
AcDbLine
 10
2.139212283464567
 20
0.7192737401574802
 30
0
 11
2.1397337401574803
 21
0.7188174803149606
 31
0
  0
LINE
  5
DE
330
1A
100
AcDbEntity
  8
BLACK
  6
CONTINUOUS
100
AcDbLine
 10
2.1397337401574803
 20
0.7188174803149606
 30
0
 11
2.1397383858267718
 21
0.7187476377952756
 31
0
  0
LINE
  5
DF
330
1A
100
AcDbEntity
  8
BLACK
  6
CONTINUOUS
100
AcDbLine
 10
2.1397383858267718
 20
0.7187476377952756
 30
0
 11
2.1397878740157479
 21
0.7186981496062992
 31
0
  0
LINE
  5
E0
330
1A
100
AcDbEntity
  8
BLACK
  6
CONTINUOUS
100
AcDbLine
 10
2.1397878740157479
 20
0.7186981496062992
 30
0
 11
2.1397878740157479
 21
0.7180053149606299
 31
0
  0
LINE
  5
E1
330
1A
100
AcDbEntity
  8
BLACK
  6
CONTINUOUS
100
AcDbLine
 10
2.1397878740157479
 20
0.7180053149606299
 30
0
 11
2.1398339370078738
 21
0.7173141732283465
 31
0
  0
LINE
  5
E2
330
1A
100
AcDbEntity
  8
BLACK
  6
CONTINUOUS
100
AcDbLine
 10
2.1398339370078738
 20
0.7173141732283465
 30
0
 11
2.1397878740157479
 21
0.7172342125984252
 31
0
  0
LINE
  5
E3
330
1A
100
AcDbEntity
  8
BLACK
  6
CONTINUOUS
100
AcDbLine
 10
2.1397878740157479
 20
0.7172342125984252
 30
0
 11
2.1397878740157479
 21
0.7171915354330709
 31
0
  0
LINE
  5
E4
330
1A
100
AcDbEntity
  8
BLACK
  6
CONTINUOUS
100
AcDbLine
 10
2.1397878740157479
 20
0.7171915354330709
 30
0
 11
2.1397299606299214
 21
0.7171336614173228
 31
0
  0
LINE
  5
E5
330
1A
100
AcDbEntity
  8
BLACK
  6
CONTINUOUS
100
AcDbLine
 10
2.1397299606299214
 20
0.7171336614173228
 30
0
 11
2.1394506692913384
 21
0.7166485826771654
 31
0
  0
LINE
  5
E6
330
1A
100
AcDbEntity
  8
BLACK
  6
CONTINUOUS
100
AcDbLine
 10
2.1394506692913384
 20
0.7166485826771654
 30
0
 11
2.1354226377952754
 21
0.7120451574803149
 31
0
  0
LINE
  5
E7
330
1A
100
AcDbEntity
  8
BLACK
  6
CONTINUOUS
100
AcDbLine
 10
2.1354226377952754
 20
0.7120451574803149
 30
0
 11
2.1369748031496063
 21
0.7112690551181102
 31
0
  0
LINE
  5
E8
330
1A
100
AcDbEntity
  8
BLACK
  6
CONTINUOUS
100
AcDbLine
 10
2.1369748031496063
 20
0.7112690551181102
 30
0
 11
2.1372241732283466
 21
0.7110755511811023
 31
0
  0
LINE
  5
E9
330
1A
100
AcDbEntity
  8
BLACK
  6
CONTINUOUS
100
AcDbLine
 10
2.1372241732283466
 20
0.7110755511811023
 30
0
 11
2.1374863779527558
 21
0.7109003149606299
 31
0
  0
LINE
  5
EA
330
1A
100
AcDbEntity
  8
BLACK
  6
CONTINUOUS
100
AcDbLine
 10
2.1374863779527558
 20
0.7109003149606299
 30
0
 11
2.1384237401574802
 21
0.7099629527559055
 31
0
  0
LINE
  5
EB
330
1A
100
AcDbEntity
  8
BLACK
  6
CONTINUOUS
100
AcDbLine
 10
2.1384237401574802
 20
0.7099629527559055
 30
0
 11
2.138598937007874
 21
0.7097007874015748
 31
0
  0
LINE
  5
EC
330
1A
100
AcDbEntity
  8
BLACK
  6
CONTINUOUS
100
AcDbLine
 10
2.138598937007874
 20
0.7097007874015748
 30
0
 11
2.1387924803149607
 21
0.7094513779527559
 31
0
  0
LINE
  5
ED
330
1A
100
AcDbEntity
  8
BLACK
  6
CONTINUOUS
100
AcDbLine
 10
2.1387924803149607
 20
0.7094513779527559
 30
0
 11
2.1397298818897639
 21
0.7075766141732284
 31
0
  0
LINE
  5
EE
330
1A
100
AcDbEntity
  8
BLACK
  6
CONTINUOUS
100
AcDbLine
 10
2.1397298818897639
 20
0.7075766141732284
 30
0
 11
2.1397559055118109
 21
0.7074815354330708
 31
0
  0
LINE
  5
EF
330
1A
100
AcDbEntity
  8
BLACK
  6
CONTINUOUS
100
AcDbLine
 10
2.1397559055118109
 20
0.7074815354330708
 30
0
 11
2.1397878740157479
 21
0.7074495669291339
 31
0
  0
LINE
  5
F0
330
1A
100
AcDbEntity
  8
BLACK
  6
CONTINUOUS
100
AcDbLine
 10
2.1397878740157479
 20
0.7074495669291339
 30
0
 11
2.1398494094488187
 21
0.7071400787401575
 31
0
  0
LINE
  5
F1
330
1A
100
AcDbEntity
  8
BLACK
  6
CONTINUOUS
100
AcDbLine
 10
2.1398494094488187
 20
0.7071400787401575
 30
0
 11
2.1399327559055119
 21
0.7068358267716536
 31
0
  0
LINE
  5
F2
330
1A
100
AcDbEntity
  8
BLACK
  6
CONTINUOUS
100
AcDbLine
 10
2.1399327559055119
 20
0.7068358267716536
 30
0
 11
2.1399184645669291
 21
0.7067929921259842
 31
0
  0
LINE
  5
F3
330
1A
100
AcDbEntity
  8
BLACK
  6
CONTINUOUS
100
AcDbLine
 10
2.1399184645669291
 20
0.7067929921259842
 30
0
 11
2.139937716535433
 21
0.7066962598425197
 31
0
  0
LINE
  5
F4
330
1A
100
AcDbEntity
  8
BLACK
  6
CONTINUOUS
100
AcDbLine
 10
2.139937716535433
 20
0.7066962598425197
 30
0
 11
2.139937716535433
 21
0.7020093307086614
 31
0
  0
LINE
  5
F5
330
1A
100
AcDbEntity
  8
BLACK
  6
CONTINUOUS
100
AcDbLine
 10
2.139937716535433
 20
0.7020093307086614
 30
0
 11
2.1399184645669291
 21
0.7019126377952756
 31
0
  0
LINE
  5
F6
330
1A
100
AcDbEntity
  8
BLACK
  6
CONTINUOUS
100
AcDbLine
 10
2.1399184645669291
 20
0.7019126377952756
 30
0
 11
2.1399327559055119
 21
0.7018697637795276
 31
0
  0
LINE
  5
F7
330
1A
100
AcDbEntity
  8
BLACK
  6
CONTINUOUS
100
AcDbLine
 10
2.1399327559055119
 20
0.7018697637795276
 30
0
 11
2.1398494094488187
 21
0.7015655511811023
 31
0
  0
LINE
  5
F8
330
1A
100
AcDbEntity
  8
BLACK
  6
CONTINUOUS
100
AcDbLine
 10
2.1398494094488187
 20
0.7015655511811023
 30
0
 11
2.1397878740157479
 21
0.7012560236220472
 31
0
  0
LINE
  5
F9
330
1A
100
AcDbEntity
  8
BLACK
  6
CONTINUOUS
100
AcDbLine
 10
2.1397878740157479
 20
0.7012560236220472
 30
0
 11
2.1397559055118109
 21
0.701224094488189
 31
0
  0
LINE
  5
FA
330
1A
100
AcDbEntity
  8
BLACK
  6
CONTINUOUS
100
AcDbLine
 10
2.1397559055118109
 20
0.701224094488189
 30
0
 11
2.1397298818897639
 21
0.7011289763779528
 31
0
  0
LINE
  5
FB
330
1A
100
AcDbEntity
  8
BLACK
  6
CONTINUOUS
100
AcDbLine
 10
2.1397298818897639
 20
0.7011289763779528
 30
0
 11
2.1387924803149607
 21
0.6992542125984251
 31
0
  0
LINE
  5
FC
330
1A
100
AcDbEntity
  8
BLACK
  6
CONTINUOUS
100
AcDbLine
 10
2.1387924803149607
 20
0.6992542125984251
 30
0
 11
2.1385988976377952
 21
0.699004842519685
 31
0
  0
LINE
  5
FD
330
1A
100
AcDbEntity
  8
BLACK
  6
CONTINUOUS
100
AcDbLine
 10
2.1385988976377952
 20
0.699004842519685
 30
0
 11
2.1384237795275589
 21
0.6987426771653543
 31
0
  0
LINE
  5
FE
330
1A
100
AcDbEntity
  8
BLACK
  6
CONTINUOUS
100
AcDbLine
 10
2.1384237795275589
 20
0.6987426771653543
 30
0
 11
2.1374864173228345
 21
0.6978052362204724
 31
0
  0
LINE
  5
FF
330
1A
100
AcDbEntity
  8
BLACK
  6
CONTINUOUS
100
AcDbLine
 10
2.1374864173228345
 20
0.6978052362204724
 30
0
 11
2.1372241338582678
 21
0.6976300393700787
 31
0
  0
LINE
  5
100
330
1A
100
AcDbEntity
  8
BLACK
  6
CONTINUOUS
100
AcDbLine
 10
2.1372241338582678
 20
0.6976300393700787
 30
0
 11
2.1369747637795276
 21
0.6974364566929133
 31
0
  0
LINE
  5
101
330
1A
100
AcDbEntity
  8
BLACK
  6
CONTINUOUS
100
AcDbLine
 10
2.1369747637795276
 20
0.6974364566929133
 30
0
 11
2.1351
 21
0.6964990944881889
 31
0
  0
LINE
  5
102
330
1A
100
AcDbEntity
  8
BLACK
  6
CONTINUOUS
100
AcDbLine
 10
2.1351
 20
0.6964990944881889
 30
0
 11
2.1350048818897638
 21
0.6964730708661417
 31
0
  0
LINE
  5
103
330
1A
100
AcDbEntity
  8
BLACK
  6
CONTINUOUS
100
AcDbLine
 10
2.1350048818897638
 20
0.6964730708661417
 30
0
 11
2.1349729921259843
 21
0.6964411417322834
 31
0
  0
LINE
  5
104
330
1A
100
AcDbEntity
  8
BLACK
  6
CONTINUOUS
100
AcDbLine
 10
2.1349729921259843
 20
0.6964411417322834
 30
0
 11
2.1346635039370079
 21
0.6963796062992126
 31
0
  0
LINE
  5
105
330
1A
100
AcDbEntity
  8
BLACK
  6
CONTINUOUS
100
AcDbLine
 10
2.1346635039370079
 20
0.6963796062992126
 30
0
 11
2.134359212598425
 21
0.6962962598425196
 31
0
  0
LINE
  5
106
330
1A
100
AcDbEntity
  8
BLACK
  6
CONTINUOUS
100
AcDbLine
 10
2.134359212598425
 20
0.6962962598425196
 30
0
 11
2.1343163779527559
 21
0.6963105511811023
 31
0
  0
LINE
  5
107
330
1A
100
AcDbEntity
  8
BLACK
  6
CONTINUOUS
100
AcDbLine
 10
2.1343163779527559
 20
0.6963105511811023
 30
0
 11
2.13421968503937
 21
0.6962912992125984
 31
0
  0
LINE
  5
108
330
1A
100
AcDbEntity
  8
BLACK
  6
CONTINUOUS
100
AcDbLine
 10
2.13421968503937
 20
0.6962912992125984
 30
0
 11
2.1285953937007873
 21
0.6962912992125984
 31
0
  0
LINE
  5
109
330
1A
100
AcDbEntity
  8
BLACK
  6
CONTINUOUS
100
AcDbLine
 10
2.1285953937007873
 20
0.6962912992125984
 30
0
 11
2.1284986614173227
 21
0.6963105511811023
 31
0
  0
LINE
  5
10A
330
1A
100
AcDbEntity
  8
BLACK
  6
CONTINUOUS
100
AcDbLine
 10
2.1284986614173227
 20
0.6963105511811023
 30
0
 11
2.1284558267716536
 21
0.6962962598425196
 31
0
  0
LINE
  5
10B
330
1A
100
AcDbEntity
  8
BLACK
  6
CONTINUOUS
100
AcDbLine
 10
2.1284558267716536
 20
0.6962962598425196
 30
0
 11
2.1281515748031494
 21
0.6963796062992126
 31
0
  0
LINE
  5
10C
330
1A
100
AcDbEntity
  8
BLACK
  6
CONTINUOUS
100
AcDbLine
 10
2.1281515748031494
 20
0.6963796062992126
 30
0
 11
2.1278420866141734
 21
0.6964411417322834
 31
0
  0
LINE
  5
10D
330
1A
100
AcDbEntity
  8
BLACK
  6
CONTINUOUS
100
AcDbLine
 10
2.1278420866141734
 20
0.6964411417322834
 30
0
 11
2.127810118110236
 21
0.6964731102362205
 31
0
  0
LINE
  5
10E
330
1A
100
AcDbEntity
  8
BLACK
  6
CONTINUOUS
100
AcDbLine
 10
2.127810118110236
 20
0.6964731102362205
 30
0
 11
2.1277150393700786
 21
0.6964991338582677
 31
0
  0
LINE
  5
10F
330
1A
100
AcDbEntity
  8
BLACK
  6
CONTINUOUS
100
AcDbLine
 10
2.1277150393700786
 20
0.6964991338582677
 30
0
 11
2.1258403149606298
 21
0.6974364566929133
 31
0
  0
LINE
  5
110
330
1A
100
AcDbEntity
  8
BLACK
  6
CONTINUOUS
100
AcDbLine
 10
2.1258403149606298
 20
0.6974364566929133
 30
0
 11
2.125591023622047
 21
0.6976299212598425
 31
0
  0
LINE
  5
111
330
1A
100
AcDbEntity
  8
BLACK
  6
CONTINUOUS
100
AcDbLine
 10
2.125591023622047
 20
0.6976299212598425
 30
0
 11
2.1253286614173228
 21
0.6978052362204724
 31
0
  0
LINE
  5
112
330
1A
100
AcDbEntity
  8
BLACK
  6
CONTINUOUS
100
AcDbLine
 10
2.1253286614173228
 20
0.6978052362204724
 30
0
 11
2.1243912992125984
 21
0.6987426377952756
 31
0
  0
LINE
  5
113
330
1A
100
AcDbEntity
  8
BLACK
  6
CONTINUOUS
100
AcDbLine
 10
2.1243912992125984
 20
0.6987426377952756
 30
0
 11
2.1239645669291338
 21
0.6993812598425196
 31
0
  0
LINE
  5
114
330
1A
100
AcDbEntity
  8
BLACK
  6
CONTINUOUS
100
AcDbLine
 10
2.1239645669291338
 20
0.6993812598425196
 30
0
 11
2.1239645669291338
 21
0.700887874015748
 31
0
  0
LINE
  5
115
330
1A
100
AcDbEntity
  8
BLACK
  6
CONTINUOUS
100
AcDbLine
 10
2.1239645669291338
 20
0.700887874015748
 30
0
 11
2.1250299212598427
 21
0.7019532283464567
 31
0
  0
LINE
  5
116
330
1A
100
AcDbEntity
  8
BLACK
  6
CONTINUOUS
100
AcDbLine
 10
2.1250299212598427
 20
0.7019532283464567
 30
0
 11
2.126536535433071
 21
0.7019532283464567
 31
0
  0
LINE
  5
117
330
1A
100
AcDbEntity
  8
BLACK
  6
CONTINUOUS
100
AcDbLine
 10
2.126536535433071
 20
0.7019532283464567
 30
0
 11
2.1271751574803148
 21
0.7015264960629921
 31
0
  0
LINE
  5
118
330
1A
100
AcDbEntity
  8
BLACK
  6
CONTINUOUS
100
AcDbLine
 10
2.1271751574803148
 20
0.7015264960629921
 30
0
 11
2.1278866535433072
 21
0.7008150393700787
 31
0
  0
LINE
  5
119
330
1A
100
AcDbEntity
  8
BLACK
  6
CONTINUOUS
100
AcDbLine
 10
2.1278866535433072
 20
0.7008150393700787
 30
0
 11
2.1290601181102362
 21
0.7002283070866142
 31
0
  0
LINE
  5
11A
330
1A
100
AcDbEntity
  8
BLACK
  6
CONTINUOUS
100
AcDbLine
 10
2.1290601181102362
 20
0.7002283070866142
 30
0
 11
2.1337549606299211
 21
0.7002283070866142
 31
0
  0
LINE
  5
11B
330
1A
100
AcDbEntity
  8
BLACK
  6
CONTINUOUS
100
AcDbLine
 10
2.1337549606299211
 20
0.7002283070866142
 30
0
 11
2.1349283070866143
 21
0.700815
 31
0
  0
LINE
  5
11C
330
1A
100
AcDbEntity
  8
BLACK
  6
CONTINUOUS
100
AcDbLine
 10
2.1349283070866143
 20
0.700815
 30
0
 11
2.1354139763779525
 21
0.7013006692913386
 31
0
  0
LINE
  5
11D
330
1A
100
AcDbEntity
  8
BLACK
  6
CONTINUOUS
100
AcDbLine
 10
2.1354139763779525
 20
0.7013006692913386
 30
0
 11
2.1360007086614172
 21
0.7024740551181102
 31
0
  0
LINE
  5
11E
330
1A
100
AcDbEntity
  8
BLACK
  6
CONTINUOUS
100
AcDbLine
 10
2.1360007086614172
 20
0.7024740551181102
 30
0
 11
2.1360007086614172
 21
0.7062315748031496
 31
0
  0
LINE
  5
11F
330
1A
100
AcDbEntity
  8
BLACK
  6
CONTINUOUS
100
AcDbLine
 10
2.1360007086614172
 20
0.7062315748031496
 30
0
 11
2.1354139763779525
 21
0.707405
 31
0
  0
LINE
  5
120
330
1A
100
AcDbEntity
  8
BLACK
  6
CONTINUOUS
100
AcDbLine
 10
2.1354139763779525
 20
0.707405
 30
0
 11
2.1349283858267718
 21
0.7078905905511811
 31
0
  0
LINE
  5
121
330
1A
100
AcDbEntity
  8
BLACK
  6
CONTINUOUS
100
AcDbLine
 10
2.1349283858267718
 20
0.7078905905511811
 30
0
 11
2.1337549999999998
 21
0.708477283464567
 31
0
  0
LINE
  5
122
330
1A
100
AcDbEntity
  8
BLACK
  6
CONTINUOUS
100
AcDbLine
 10
2.1337549999999998
 20
0.708477283464567
 30
0
 11
2.1314075196850393
 21
0.708477283464567
 31
0
  0
LINE
  5
123
330
1A
100
AcDbEntity
  8
BLACK
  6
CONTINUOUS
100
AcDbLine
 10
2.1314075196850393
 20
0.708477283464567
 30
0
 11
2.1308584251968505
 21
0.7085865354330708
 31
0
  0
LINE
  5
124
330
1A
100
AcDbEntity
  8
BLACK
  6
CONTINUOUS
100
AcDbLine
 10
2.1308584251968505
 20
0.7085865354330708
 30
0
 11
2.1307768503937008
 21
0.708581062992126
 31
0
  0
LINE
  5
125
330
1A
100
AcDbEntity
  8
BLACK
  6
CONTINUOUS
100
AcDbLine
 10
2.1307768503937008
 20
0.708581062992126
 30
0
 11
2.1307447637795276
 21
0.7086091338582677
 31
0
  0
LINE
  5
126
330
1A
100
AcDbEntity
  8
BLACK
  6
CONTINUOUS
100
AcDbLine
 10
2.1307447637795276
 20
0.7086091338582677
 30
0
 11
2.1306542125984254
 21
0.7086271259842519
 31
0
  0
LINE
  5
127
330
1A
100
AcDbEntity
  8
BLACK
  6
CONTINUOUS
100
AcDbLine
 10
2.1306542125984254
 20
0.7086271259842519
 30
0
 11
2.130164409448819
 21
0.7091169291338583
 31
0
  0
LINE
  5
128
330
1A
100
AcDbEntity
  8
BLACK
  6
CONTINUOUS
100
AcDbLine
 10
2.130164409448819
 20
0.7091169291338583
 30
0
 11
2.1296429921259841
 21
0.7095731496062992
 31
0
  0
LINE
  5
129
330
1A
100
AcDbEntity
  8
BLACK
  6
CONTINUOUS
100
AcDbLine
 10
2.1296429921259841
 20
0.7095731496062992
 30
0
 11
2.1296383070866143
 21
0.709643031496063
 31
0
  0
LINE
  5
12A
330
1A
100
AcDbEntity
  8
BLACK
  6
CONTINUOUS
100
AcDbLine
 10
2.1296383070866143
 20
0.709643031496063
 30
0
 11
2.1295888582677165
 21
0.7096924803149606
 31
0
  0
LINE
  5
12B
330
1A
100
AcDbEntity
  8
BLACK
  6
CONTINUOUS
100
AcDbLine
 10
2.1295888582677165
 20
0.7096924803149606
 30
0
 11
2.1295888582677165
 21
0.7103853543307086
 31
0
  0
LINE
  5
12C
330
1A
100
AcDbEntity
  8
BLACK
  6
CONTINUOUS
100
AcDbLine
 10
2.1295888582677165
 20
0.7103853543307086
 30
0
 11
2.1295427952755905
 21
0.7110764566929134
 31
0
  0
LINE
  5
12D
330
1A
100
AcDbEntity
  8
BLACK
  6
CONTINUOUS
100
AcDbLine
 10
2.1295427952755905
 20
0.7110764566929134
 30
0
 11
2.1295888582677165
 21
0.7111564566929134
 31
0
  0
LINE
  5
12E
330
1A
100
AcDbEntity
  8
BLACK
  6
CONTINUOUS
100
AcDbLine
 10
2.1295888582677165
 20
0.7111564566929134
 30
0
 11
2.1295888582677165
 21
0.711199094488189
 31
0
  0
LINE
  5
12F
330
1A
100
AcDbEntity
  8
BLACK
  6
CONTINUOUS
100
AcDbLine
 10
2.1295888582677165
 20
0.711199094488189
 30
0
 11
2.1296467322834647
 21
0.7112570078740157
 31
0
  0
LINE
  5
130
330
1A
100
AcDbEntity
  8
BLACK
  6
CONTINUOUS
100
AcDbLine
 10
2.1296467322834647
 20
0.7112570078740157
 30
0
 11
2.1299260629921259
 21
0.7117420472440945
 31
0
  0
LINE
  5
131
330
1A
100
AcDbEntity
  8
BLACK
  6
CONTINUOUS
100
AcDbLine
 10
2.1299260629921259
 20
0.7117420472440945
 30
0
 11
2.133631062992126
 21
0.7159763385826772
 31
0
  0
LINE
  5
132
330
1A
100
AcDbEntity
  8
BLACK
  6
CONTINUOUS
100
AcDbLine
 10
2.133631062992126
 20
0.7159763385826772
 30
0
 11
2.1257832283464566
 21
0.7159763385826772
 31
0
  0
LINE
  5
133
330
1A
100
AcDbEntity
  8
BLACK
  6
CONTINUOUS
100
AcDbLine
 10
2.1257832283464566
 20
0.7159763385826772
 30
0
 11
2.1250299212598427
 21
0.7161261811023621
 31
0
  0
LINE
  5
134
330
1A
100
AcDbEntity
  8
BLACK
  6
CONTINUOUS
100
AcDbLine
 10
2.1250299212598427
 20
0.7161261811023621
 30
0
 11
2.1239645669291338
 21
0.7171915354330709
 31
0
  0
LINE
  5
135
330
1A
100
AcDbEntity
  8
BLACK
  6
CONTINUOUS
100
AcDbLine
 10
2.1239645669291338
 20
0.7171915354330709
 30
0
 11
2.1239645669291338
 21
0.7186981496062992
 31
0
  0
LINE
  5
136
330
1A
100
AcDbEntity
  8
BLACK
  6
CONTINUOUS
100
AcDbLine
 10
2.1239645669291338
 20
0.7186981496062992
 30
0
 11
2.1250299212598427
 21
0.7197635039370078
 31
0
  0
LINE
  5
137
330
1A
100
AcDbEntity
  8
BLACK
  6
CONTINUOUS
100
AcDbLine
 10
2.1250299212598427
 20
0.7197635039370078
 30
0
 11
2.1257832283464566
 21
0.7199133464566929
 31
0
  0
LINE
  5
138
330
1A
100
AcDbEntity
  8
BLACK
  6
CONTINUOUS
100
AcDbLine
 10
2.1257832283464566
 20
0.7199133464566929
 30
0
 11
2.1379692125984251
 21
0.7199133464566929
 31
0
  0
LINE
  5
139
330
1A
100
AcDbEntity
  8
BLACK
  6
CONTINUOUS
100
AcDbLine
 10
2.1379692125984251
 20
0.7199133464566929
 30
0
 11
2.1385182677165355
 21
0.7198041338582677
 31
0
  0
LINE
  5
13A
330
1A
100
AcDbEntity
  8
BLACK
  6
CONTINUOUS
100
AcDbLine
 10
2.1661873622047243
 20
0.7133324409448819
 30
0
 11
2.1662301968503939
 21
0.7133466929133858
 31
0
  0
LINE
  5
13B
330
1A
100
AcDbEntity
  8
BLACK
  6
CONTINUOUS
100
AcDbLine
 10
2.1662301968503939
 20
0.7133466929133858
 30
0
 11
2.1665344881889763
 21
0.7132633858267716
 31
0
  0
LINE
  5
13C
330
1A
100
AcDbEntity
  8
BLACK
  6
CONTINUOUS
100
AcDbLine
 10
2.1665344881889763
 20
0.7132633858267716
 30
0
 11
2.1668439763779528
 21
0.713201811023622
 31
0
  0
LINE
  5
13D
330
1A
100
AcDbEntity
  8
BLACK
  6
CONTINUOUS
100
AcDbLine
 10
2.1668439763779528
 20
0.713201811023622
 30
0
 11
2.1668758661417322
 21
0.7131699212598425
 31
0
  0
LINE
  5
13E
330
1A
100
AcDbEntity
  8
BLACK
  6
CONTINUOUS
100
AcDbLine
 10
2.1668758661417322
 20
0.7131699212598425
 30
0
 11
2.1669709842519684
 21
0.7131438582677165
 31
0
  0
LINE
  5
13F
330
1A
100
AcDbEntity
  8
BLACK
  6
CONTINUOUS
100
AcDbLine
 10
2.1669709842519684
 20
0.7131438582677165
 30
0
 11
2.168845748031496
 21
0.7122064960629921
 31
0
  0
LINE
  5
140
330
1A
100
AcDbEntity
  8
BLACK
  6
CONTINUOUS
100
AcDbLine
 10
2.168845748031496
 20
0.7122064960629921
 30
0
 11
2.1694525196850392
 21
0.7117355905511811
 31
0
  0
LINE
  5
141
330
1A
100
AcDbEntity
  8
BLACK
  6
CONTINUOUS
100
AcDbLine
 10
2.1694525196850392
 20
0.7117355905511811
 30
0
 11
2.1699289763779528
 21
0.7103062598425197
 31
0
  0
LINE
  5
142
330
1A
100
AcDbEntity
  8
BLACK
  6
CONTINUOUS
100
AcDbLine
 10
2.1699289763779528
 20
0.7103062598425197
 30
0
 11
2.1692551968503935
 21
0.7089587007874015
 31
0
  0
LINE
  5
143
330
1A
100
AcDbEntity
  8
BLACK
  6
CONTINUOUS
100
AcDbLine
 10
2.1692551968503935
 20
0.7089587007874015
 30
0
 11
2.1678258661417322
 21
0.7084822440944881
 31
0
  0
LINE
  5
144
330
1A
100
AcDbEntity
  8
BLACK
  6
CONTINUOUS
100
AcDbLine
 10
2.1678258661417322
 20
0.7084822440944881
 30
0
 11
2.1670850787401572
 21
0.7086851181102362
 31
0
  0
LINE
  5
145
330
1A
100
AcDbEntity
  8
BLACK
  6
CONTINUOUS
100
AcDbLine
 10
2.1670850787401572
 20
0.7086851181102362
 30
0
 11
2.1656259448818895
 21
0.7094146456692914
 31
0
  0
LINE
  5
146
330
1A
100
AcDbEntity
  8
BLACK
  6
CONTINUOUS
100
AcDbLine
 10
2.1656259448818895
 20
0.7094146456692914
 30
0
 11
2.1637432283464566
 21
0.7094146456692914
 31
0
  0
LINE
  5
147
330
1A
100
AcDbEntity
  8
BLACK
  6
CONTINUOUS
100
AcDbLine
 10
2.1637432283464566
 20
0.7094146456692914
 30
0
 11
2.1628709448818899
 21
0.7089785433070867
 31
0
  0
LINE
  5
148
330
1A
100
AcDbEntity
  8
BLACK
  6
CONTINUOUS
100
AcDbLine
 10
2.1628709448818899
 20
0.7089785433070867
 30
0
 11
2.1624348818897636
 21
0.7081063385826771
 31
0
  0
LINE
  5
149
330
1A
100
AcDbEntity
  8
BLACK
  6
CONTINUOUS
100
AcDbLine
 10
2.1624348818897636
 20
0.7081063385826771
 30
0
 11
2.1624348818897636
 21
0.7080983464566929
 31
0
  0
LINE
  5
14A
330
1A
100
AcDbEntity
  8
BLACK
  6
CONTINUOUS
100
AcDbLine
 10
2.1624348818897636
 20
0.7080983464566929
 30
0
 11
2.1628709448818899
 21
0.7072261417322835
 31
0
  0
LINE
  5
14B
330
1A
100
AcDbEntity
  8
BLACK
  6
CONTINUOUS
100
AcDbLine
 10
2.1628709448818899
 20
0.7072261417322835
 30
0
 11
2.1637432283464566
 21
0.70679
 31
0
  0
LINE
  5
14C
330
1A
100
AcDbEntity
  8
BLACK
  6
CONTINUOUS
100
AcDbLine
 10
2.1637432283464566
 20
0.70679
 30
0
 11
2.1660906692913384
 21
0.70679
 31
0
  0
LINE
  5
14D
330
1A
100
AcDbEntity
  8
BLACK
  6
CONTINUOUS
100
AcDbLine
 10
2.1660906692913384
 20
0.70679
 30
0
 11
2.1661873622047243
 21
0.7067707874015748
 31
0
  0
LINE
  5
14E
330
1A
100
AcDbEntity
  8
BLACK
  6
CONTINUOUS
100
AcDbLine
 10
2.1661873622047243
 20
0.7067707874015748
 30
0
 11
2.1662302362204722
 21
0.7067850393700787
 31
0
  0
LINE
  5
14F
330
1A
100
AcDbEntity
  8
BLACK
  6
CONTINUOUS
100
AcDbLine
 10
2.1662302362204722
 20
0.7067850393700787
 30
0
 11
2.1665344488188976
 21
0.7067017322834646
 31
0
  0
LINE
  5
150
330
1A
100
AcDbEntity
  8
BLACK
  6
CONTINUOUS
100
AcDbLine
 10
2.1665344488188976
 20
0.7067017322834646
 30
0
 11
2.1668439763779528
 21
0.7066401574803149
 31
0
  0
LINE
  5
151
330
1A
100
AcDbEntity
  8
BLACK
  6
CONTINUOUS
100
AcDbLine
 10
2.1668439763779528
 20
0.7066401574803149
 30
0
 11
2.166875905511811
 21
0.7066082283464566
 31
0
  0
LINE
  5
152
330
1A
100
AcDbEntity
  8
BLACK
  6
CONTINUOUS
100
AcDbLine
 10
2.166875905511811
 20
0.7066082283464566
 30
0
 11
2.1669710236220472
 21
0.7065821653543307
 31
0
  0
LINE
  5
153
330
1A
100
AcDbEntity
  8
BLACK
  6
CONTINUOUS
100
AcDbLine
 10
2.1669710236220472
 20
0.7065821653543307
 30
0
 11
2.1688457874015747
 21
0.7056447637795276
 31
0
  0
LINE
  5
154
330
1A
100
AcDbEntity
  8
BLACK
  6
CONTINUOUS
100
AcDbLine
 10
2.1688457874015747
 20
0.7056447637795276
 30
0
 11
2.1691554330708662
 21
0.7054044488188976
 31
0
  0
LINE
  5
155
330
1A
100
AcDbEntity
  8
BLACK
  6
CONTINUOUS
100
AcDbLine
 10
2.1691554330708662
 20
0.7054044488188976
 30
0
 11
2.1692552362204722
 21
0.7053711811023622
 31
0
  0
LINE
  5
156
330
1A
100
AcDbEntity
  8
BLACK
  6
CONTINUOUS
100
AcDbLine
 10
2.1692552362204722
 20
0.7053711811023622
 30
0
 11
2.1693414566929135
 21
0.7052601181102363
 31
0
  0
LINE
  5
157
330
1A
100
AcDbEntity
  8
BLACK
  6
CONTINUOUS
100
AcDbLine
 10
2.1693414566929135
 20
0.7052601181102363
 30
0
 11
2.1694525590551179
 21
0.7051738582677165
 31
0
  0
LINE
  5
158
330
1A
100
AcDbEntity
  8
BLACK
  6
CONTINUOUS
100
AcDbLine
 10
2.1694525590551179
 20
0.7051738582677165
 30
0
 11
2.1694857874015749
 21
0.7050740944881889
 31
0
  0
LINE
  5
159
330
1A
100
AcDbEntity
  8
BLACK
  6
CONTINUOUS
100
AcDbLine
 10
2.1694857874015749
 20
0.7050740944881889
 30
0
 11
2.1697261417322835
 21
0.7047644094488189
 31
0
  0
LINE
  5
15A
330
1A
100
AcDbEntity
  8
BLACK
  6
CONTINUOUS
100
AcDbLine
 10
2.1697261417322835
 20
0.7047644094488189
 30
0
 11
2.1706634645669292
 21
0.7028896850393701
 31
0
  0
LINE
  5
15B
330
1A
100
AcDbEntity
  8
BLACK
  6
CONTINUOUS
100
AcDbLine
 10
2.1706634645669292
 20
0.7028896850393701
 30
0
 11
2.1706894881889762
 21
0.7027946062992125
 31
0
  0
LINE
  5
15C
330
1A
100
AcDbEntity
  8
BLACK
  6
CONTINUOUS
100
AcDbLine
 10
2.1706894881889762
 20
0.7027946062992125
 30
0
 11
2.1707214566929132
 21
0.7027626377952756
 31
0
  0
LINE
  5
15D
330
1A
100
AcDbEntity
  8
BLACK
  6
CONTINUOUS
100
AcDbLine
 10
2.1707214566929132
 20
0.7027626377952756
 30
0
 11
2.170782992125984
 21
0.7024531496062992
 31
0
  0
LINE
  5
15E
330
1A
100
AcDbEntity
  8
BLACK
  6
CONTINUOUS
100
AcDbLine
 10
2.170782992125984
 20
0.7024531496062992
 30
0
 11
2.1708663385826772
 21
0.7021488976377953
 31
0
  0
LINE
  5
15F
330
1A
100
AcDbEntity
  8
BLACK
  6
CONTINUOUS
100
AcDbLine
 10
2.1708663385826772
 20
0.7021488976377953
 30
0
 11
2.1708520472440944
 21
0.702106062992126
 31
0
  0
LINE
  5
160
330
1A
100
AcDbEntity
  8
BLACK
  6
CONTINUOUS
100
AcDbLine
 10
2.1708520472440944
 20
0.702106062992126
 30
0
 11
2.1708712992125982
 21
0.7020093307086614
 31
0
  0
LINE
  5
161
330
1A
100
AcDbEntity
  8
BLACK
  6
CONTINUOUS
100
AcDbLine
 10
2.1708712992125982
 20
0.7020093307086614
 30
0
 11
2.1708712992125982
 21
0.7010719685039369
 31
0
  0
LINE
  5
162
330
1A
100
AcDbEntity
  8
BLACK
  6
CONTINUOUS
100
AcDbLine
 10
2.1708712992125982
 20
0.7010719685039369
 30
0
 11
2.1708520472440944
 21
0.7009752755905512
 31
0
  0
LINE
  5
163
330
1A
100
AcDbEntity
  8
BLACK
  6
CONTINUOUS
100
AcDbLine
 10
2.1708520472440944
 20
0.7009752755905512
 30
0
 11
2.1708663385826772
 21
0.7009324409448818
 31
0
  0
LINE
  5
164
330
1A
100
AcDbEntity
  8
BLACK
  6
CONTINUOUS
100
AcDbLine
 10
2.1708663385826772
 20
0.7009324409448818
 30
0
 11
2.170782992125984
 21
0.7006281496062992
 31
0
  0
LINE
  5
165
330
1A
100
AcDbEntity
  8
BLACK
  6
CONTINUOUS
100
AcDbLine
 10
2.170782992125984
 20
0.7006281496062992
 30
0
 11
2.1707214566929132
 21
0.7003186614173228
 31
0
  0
LINE
  5
166
330
1A
100
AcDbEntity
  8
BLACK
  6
CONTINUOUS
100
AcDbLine
 10
2.1707214566929132
 20
0.7003186614173228
 30
0
 11
2.170689527559055
 21
0.7002867716535432
 31
0
  0
LINE
  5
167
330
1A
100
AcDbEntity
  8
BLACK
  6
CONTINUOUS
100
AcDbLine
 10
2.170689527559055
 20
0.7002867716535432
 30
0
 11
2.1706635039370079
 21
0.700191653543307
 31
0
  0
LINE
  5
168
330
1A
100
AcDbEntity
  8
BLACK
  6
CONTINUOUS
100
AcDbLine
 10
2.1706635039370079
 20
0.700191653543307
 30
0
 11
2.1697261417322835
 21
0.6983168503937007
 31
0
  0
LINE
  5
169
330
1A
100
AcDbEntity
  8
BLACK
  6
CONTINUOUS
100
AcDbLine
 10
2.1697261417322835
 20
0.6983168503937007
 30
0
 11
2.1694857480314962
 21
0.6980071653543307
 31
0
  0
LINE
  5
16A
330
1A
100
AcDbEntity
  8
BLACK
  6
CONTINUOUS
100
AcDbLine
 10
2.1694857480314962
 20
0.6980071653543307
 30
0
 11
2.1694525196850392
 21
0.6979073622047244
 31
0
  0
LINE
  5
16B
330
1A
100
AcDbEntity
  8
BLACK
  6
CONTINUOUS
100
AcDbLine
 10
2.1694525196850392
 20
0.6979073622047244
 30
0
 11
2.1693414173228347
 21
0.6978211811023622
 31
0
  0
LINE
  5
16C
330
1A
100
AcDbEntity
  8
BLACK
  6
CONTINUOUS
100
AcDbLine
 10
2.1693414173228347
 20
0.6978211811023622
 30
0
 11
2.1692552362204722
 21
0.6977100787401574
 31
0
  0
LINE
  5
16D
330
1A
100
AcDbEntity
  8
BLACK
  6
CONTINUOUS
100
AcDbLine
 10
2.1692552362204722
 20
0.6977100787401574
 30
0
 11
2.1691554330708662
 21
0.6976768503937008
 31
0
  0
LINE
  5
16E
330
1A
100
AcDbEntity
  8
BLACK
  6
CONTINUOUS
100
AcDbLine
 10
2.1691554330708662
 20
0.6976768503937008
 30
0
 11
2.168845748031496
 21
0.6974364566929133
 31
0
  0
LINE
  5
16F
330
1A
100
AcDbEntity
  8
BLACK
  6
CONTINUOUS
100
AcDbLine
 10
2.168845748031496
 20
0.6974364566929133
 30
0
 11
2.1669709842519684
 21
0.6964990944881889
 31
0
  0
LINE
  5
170
330
1A
100
AcDbEntity
  8
BLACK
  6
CONTINUOUS
100
AcDbLine
 10
2.1669709842519684
 20
0.6964990944881889
 30
0
 11
2.1668758661417322
 21
0.6964730708661417
 31
0
  0
LINE
  5
171
330
1A
100
AcDbEntity
  8
BLACK
  6
CONTINUOUS
100
AcDbLine
 10
2.1668758661417322
 20
0.6964730708661417
 30
0
 11
2.1668439763779528
 21
0.6964411417322834
 31
0
  0
LINE
  5
172
330
1A
100
AcDbEntity
  8
BLACK
  6
CONTINUOUS
100
AcDbLine
 10
2.1668439763779528
 20
0.6964411417322834
 30
0
 11
2.1665344881889763
 21
0.6963796062992126
 31
0
  0
LINE
  5
173
330
1A
100
AcDbEntity
  8
BLACK
  6
CONTINUOUS
100
AcDbLine
 10
2.1665344881889763
 20
0.6963796062992126
 30
0
 11
2.1662301968503939
 21
0.6962962598425196
 31
0
  0
LINE
  5
174
330
1A
100
AcDbEntity
  8
BLACK
  6
CONTINUOUS
100
AcDbLine
 10
2.1662301968503939
 20
0.6962962598425196
 30
0
 11
2.1661873622047243
 21
0.6963105511811023
 31
0
  0
LINE
  5
175
330
1A
100
AcDbEntity
  8
BLACK
  6
CONTINUOUS
100
AcDbLine
 10
2.1661873622047243
 20
0.6963105511811023
 30
0
 11
2.1660906692913384
 21
0.6962912992125984
 31
0
  0
LINE
  5
176
330
1A
100
AcDbEntity
  8
BLACK
  6
CONTINUOUS
100
AcDbLine
 10
2.1660906692913384
 20
0.6962912992125984
 30
0
 11
2.1623411417322833
 21
0.6962912992125984
 31
0
  0
LINE
  5
177
330
1A
100
AcDbEntity
  8
BLACK
  6
CONTINUOUS
100
AcDbLine
 10
2.1623411417322833
 20
0.6962912992125984
 30
0
 11
2.1622444094488187
 21
0.6963105511811023
 31
0
  0
LINE
  5
178
330
1A
100
AcDbEntity
  8
BLACK
  6
CONTINUOUS
100
AcDbLine
 10
2.1622444094488187
 20
0.6963105511811023
 30
0
 11
2.1622015748031496
 21
0.6962962598425196
 31
0
  0
LINE
  5
179
330
1A
100
AcDbEntity
  8
BLACK
  6
CONTINUOUS
100
AcDbLine
 10
2.1622015748031496
 20
0.6962962598425196
 30
0
 11
2.1618973228346454
 21
0.6963796062992126
 31
0
  0
LINE
  5
17A
330
1A
100
AcDbEntity
  8
BLACK
  6
CONTINUOUS
100
AcDbLine
 10
2.1618973228346454
 20
0.6963796062992126
 30
0
 11
2.1615878346456694
 21
0.6964411417322834
 31
0
  0
LINE
  5
17B
330
1A
100
AcDbEntity
  8
BLACK
  6
CONTINUOUS
100
AcDbLine
 10
2.1615878346456694
 20
0.6964411417322834
 30
0
 11
2.1615558661417325
 21
0.6964731102362205
 31
0
  0
LINE
  5
17C
330
1A
100
AcDbEntity
  8
BLACK
  6
CONTINUOUS
100
AcDbLine
 10
2.1615558661417325
 20
0.6964731102362205
 30
0
 11
2.1614607874015745
 21
0.6964991338582677
 31
0
  0
LINE
  5
17D
330
1A
100
AcDbEntity
  8
BLACK
  6
CONTINUOUS
100
AcDbLine
 10
2.1614607874015745
 20
0.6964991338582677
 30
0
 11
2.1595860629921257
 21
0.6974364566929133
 31
0
  0
LINE
  5
17E
330
1A
100
AcDbEntity
  8
BLACK
  6
CONTINUOUS
100
AcDbLine
 10
2.1595860629921257
 20
0.6974364566929133
 30
0
 11
2.1589792913385826
 21
0.6979073622047244
 31
0
  0
LINE
  5
17F
330
1A
100
AcDbEntity
  8
BLACK
  6
CONTINUOUS
100
AcDbLine
 10
2.1589792913385826
 20
0.6979073622047244
 30
0
 11
2.1585028346456694
 21
0.6993366929133858
 31
0
  0
LINE
  5
180
330
1A
100
AcDbEntity
  8
BLACK
  6
CONTINUOUS
100
AcDbLine
 10
2.1585028346456694
 20
0.6993366929133858
 30
0
 11
2.1591765748031495
 21
0.7006842519685039
 31
0
  0
LINE
  5
181
330
1A
100
AcDbEntity
  8
BLACK
  6
CONTINUOUS
100
AcDbLine
 10
2.1591765748031495
 20
0.7006842519685039
 30
0
 11
2.1606059055118108
 21
0.7011607086614173
 31
0
  0
LINE
  5
182
330
1A
100
AcDbEntity
  8
BLACK
  6
CONTINUOUS
100
AcDbLine
 10
2.1606059055118108
 20
0.7011607086614173
 30
0
 11
2.1613466929133858
 21
0.7009578740157481
 31
0
  0
LINE
  5
183
330
1A
100
AcDbEntity
  8
BLACK
  6
CONTINUOUS
100
AcDbLine
 10
2.1613466929133858
 20
0.7009578740157481
 30
0
 11
2.1628058661417322
 21
0.7002283070866142
 31
0
  0
LINE
  5
184
330
1A
100
AcDbEntity
  8
BLACK
  6
CONTINUOUS
100
AcDbLine
 10
2.1628058661417322
 20
0.7002283070866142
 30
0
 11
2.1656259448818895
 21
0.7002283070866142
 31
0
  0
LINE
  5
185
330
1A
100
AcDbEntity
  8
BLACK
  6
CONTINUOUS
100
AcDbLine
 10
2.1656259448818895
 20
0.7002283070866142
 30
0
 11
2.1664981496062992
 21
0.7006644094488189
 31
0
  0
LINE
  5
186
330
1A
100
AcDbEntity
  8
BLACK
  6
CONTINUOUS
100
AcDbLine
 10
2.1664981496062992
 20
0.7006644094488189
 30
0
 11
2.1669342913385825
 21
0.7015366929133858
 31
0
  0
LINE
  5
187
330
1A
100
AcDbEntity
  8
BLACK
  6
CONTINUOUS
100
AcDbLine
 10
2.1669342913385825
 20
0.7015366929133858
 30
0
 11
2.1669342913385825
 21
0.7015446456692913
 31
0
  0
LINE
  5
188
330
1A
100
AcDbEntity
  8
BLACK
  6
CONTINUOUS
100
AcDbLine
 10
2.1669342913385825
 20
0.7015446456692913
 30
0
 11
2.1664981496062992
 21
0.7024168897637795
 31
0
  0
LINE
  5
189
330
1A
100
AcDbEntity
  8
BLACK
  6
CONTINUOUS
100
AcDbLine
 10
2.1664981496062992
 20
0.7024168897637795
 30
0
 11
2.1656259842519683
 21
0.7028529921259843
 31
0
  0
LINE
  5
18A
330
1A
100
AcDbEntity
  8
BLACK
  6
CONTINUOUS
100
AcDbLine
 10
2.1656259842519683
 20
0.7028529921259843
 30
0
 11
2.1632785039370077
 21
0.7028529921259843
 31
0
  0
LINE
  5
18B
330
1A
100
AcDbEntity
  8
BLACK
  6
CONTINUOUS
100
AcDbLine
 10
2.1632785039370077
 20
0.7028529921259843
 30
0
 11
2.1631817716535431
 21
0.7028722440944881
 31
0
  0
LINE
  5
18C
330
1A
100
AcDbEntity
  8
BLACK
  6
CONTINUOUS
100
AcDbLine
 10
2.1631817716535431
 20
0.7028722440944881
 30
0
 11
2.163138937007874
 21
0.7028579527559055
 31
0
  0
LINE
  5
18D
330
1A
100
AcDbEntity
  8
BLACK
  6
CONTINUOUS
100
AcDbLine
 10
2.163138937007874
 20
0.7028579527559055
 30
0
 11
2.1628346850393698
 21
0.7029412992125984
 31
0
  0
LINE
  5
18E
330
1A
100
AcDbEntity
  8
BLACK
  6
CONTINUOUS
100
AcDbLine
 10
2.1628346850393698
 20
0.7029412992125984
 30
0
 11
2.1625251968503938
 21
0.7030028346456693
 31
0
  0
LINE
  5
18F
330
1A
100
AcDbEntity
  8
BLACK
  6
CONTINUOUS
100
AcDbLine
 10
2.1625251968503938
 20
0.7030028346456693
 30
0
 11
2.1624932283464569
 21
0.7030348031496063
 31
0
  0
LINE
  5
190
330
1A
100
AcDbEntity
  8
BLACK
  6
CONTINUOUS
100
AcDbLine
 10
2.1624932283464569
 20
0.7030348031496063
 30
0
 11
2.1623981496062989
 21
0.7030608267716535
 31
0
  0
LINE
  5
191
330
1A
100
AcDbEntity
  8
BLACK
  6
CONTINUOUS
100
AcDbLine
 10
2.1623981496062989
 20
0.7030608267716535
 30
0
 11
2.1605234251968501
 21
0.7039981496062993
 31
0
  0
LINE
  5
192
330
1A
100
AcDbEntity
  8
BLACK
  6
CONTINUOUS
100
AcDbLine
 10
2.1605234251968501
 20
0.7039981496062993
 30
0
 11
2.1602137007874016
 21
0.7042385433070866
 31
0
  0
LINE
  5
193
330
1A
100
AcDbEntity
  8
BLACK
  6
CONTINUOUS
100
AcDbLine
 10
2.1602137007874016
 20
0.7042385433070866
 30
0
 11
2.1601139370078739
 21
0.7042717716535433
 31
0
  0
LINE
  5
194
330
1A
100
AcDbEntity
  8
BLACK
  6
CONTINUOUS
100
AcDbLine
 10
2.1601139370078739
 20
0.7042717716535433
 30
0
 11
2.1600277165354331
 21
0.7043828740157481
 31
0
  0
LINE
  5
195
330
1A
100
AcDbEntity
  8
BLACK
  6
CONTINUOUS
100
AcDbLine
 10
2.1600277165354331
 20
0.7043828740157481
 30
0
 11
2.159916653543307
 21
0.7044690551181102
 31
0
  0
LINE
  5
196
330
1A
100
AcDbEntity
  8
BLACK
  6
CONTINUOUS
100
AcDbLine
 10
2.159916653543307
 20
0.7044690551181102
 30
0
 11
2.1598833858267716
 21
0.7045688582677165
 31
0
  0
LINE
  5
197
330
1A
100
AcDbEntity
  8
BLACK
  6
CONTINUOUS
100
AcDbLine
 10
2.1598833858267716
 20
0.7045688582677165
 30
0
 11
2.1596430314960631
 21
0.7048785433070865
 31
0
  0
LINE
  5
198
330
1A
100
AcDbEntity
  8
BLACK
  6
CONTINUOUS
100
AcDbLine
 10
2.1596430314960631
 20
0.7048785433070865
 30
0
 11
2.1587056692913387
 21
0.7067533070866141
 31
0
  0
LINE
  5
199
330
1A
100
AcDbEntity
  8
BLACK
  6
CONTINUOUS
100
AcDbLine
 10
2.1587056692913387
 20
0.7067533070866141
 30
0
 11
2.1586796062992124
 21
0.7068484251968504
 31
0
  0
LINE
  5
19A
330
1A
100
AcDbEntity
  8
BLACK
  6
CONTINUOUS
100
AcDbLine
 10
2.1586796062992124
 20
0.7068484251968504
 30
0
 11
2.158647716535433
 21
0.7068803149606299
 31
0
  0
LINE
  5
19B
330
1A
100
AcDbEntity
  8
BLACK
  6
CONTINUOUS
100
AcDbLine
 10
2.158647716535433
 20
0.7068803149606299
 30
0
 11
2.1585861417322834
 21
0.7071898031496063
 31
0
  0
LINE
  5
19C
330
1A
100
AcDbEntity
  8
BLACK
  6
CONTINUOUS
100
AcDbLine
 10
2.1585861417322834
 20
0.7071898031496063
 30
0
 11
2.1585028346456694
 21
0.707494094488189
 31
0
  0
LINE
  5
19D
330
1A
100
AcDbEntity
  8
BLACK
  6
CONTINUOUS
100
AcDbLine
 10
2.1585028346456694
 20
0.707494094488189
 30
0
 11
2.158517086614173
 21
0.7075369291338582
 31
0
  0
LINE
  5
19E
330
1A
100
AcDbEntity
  8
BLACK
  6
CONTINUOUS
100
AcDbLine
 10
2.158517086614173
 20
0.7075369291338582
 30
0
 11
2.1584978740157479
 21
0.7076336220472441
 31
0
  0
LINE
  5
19F
330
1A
100
AcDbEntity
  8
BLACK
  6
CONTINUOUS
100
AcDbLine
 10
2.1584978740157479
 20
0.7076336220472441
 30
0
 11
2.1584978740157479
 21
0.7085710236220473
 31
0
  0
LINE
  5
1A0
330
1A
100
AcDbEntity
  8
BLACK
  6
CONTINUOUS
100
AcDbLine
 10
2.1584978740157479
 20
0.7085710236220473
 30
0
 11
2.158517086614173
 21
0.7086677559055118
 31
0
  0
LINE
  5
1A1
330
1A
100
AcDbEntity
  8
BLACK
  6
CONTINUOUS
100
AcDbLine
 10
2.158517086614173
 20
0.7086677559055118
 30
0
 11
2.1585028346456694
 21
0.7087105511811024
 31
0
  0
LINE
  5
1A2
330
1A
100
AcDbEntity
  8
BLACK
  6
CONTINUOUS
100
AcDbLine
 10
2.1585028346456694
 20
0.7087105511811024
 30
0
 11
2.1585861417322834
 21
0.7090148818897638
 31
0
  0
LINE
  5
1A3
330
1A
100
AcDbEntity
  8
BLACK
  6
CONTINUOUS
100
AcDbLine
 10
2.1585861417322834
 20
0.7090148818897638
 30
0
 11
2.158647716535433
 21
0.7093243307086614
 31
0
  0
LINE
  5
1A4
330
1A
100
AcDbEntity
  8
BLACK
  6
CONTINUOUS
100
AcDbLine
 10
2.158647716535433
 20
0.7093243307086614
 30
0
 11
2.1586796062992124
 21
0.7093562598425197
 31
0
  0
LINE
  5
1A5
330
1A
100
AcDbEntity
  8
BLACK
  6
CONTINUOUS
100
AcDbLine
 10
2.1586796062992124
 20
0.7093562598425197
 30
0
 11
2.1587056692913387
 21
0.7094513385826772
 31
0
  0
LINE
  5
1A6
330
1A
100
AcDbEntity
  8
BLACK
  6
CONTINUOUS
100
AcDbLine
 10
2.1587056692913387
 20
0.7094513385826772
 30
0
 11
2.1596430314960631
 21
0.7113261023622047
 31
0
  0
LINE
  5
1A7
330
1A
100
AcDbEntity
  8
BLACK
  6
CONTINUOUS
100
AcDbLine
 10
2.1596430314960631
 20
0.7113261023622047
 30
0
 11
2.1598833858267716
 21
0.7116358267716535
 31
0
  0
LINE
  5
1A8
330
1A
100
AcDbEntity
  8
BLACK
  6
CONTINUOUS
100
AcDbLine
 10
2.1598833858267716
 20
0.7116358267716535
 30
0
 11
2.159916653543307
 21
0.7117355905511811
 31
0
  0
LINE
  5
1A9
330
1A
100
AcDbEntity
  8
BLACK
  6
CONTINUOUS
100
AcDbLine
 10
2.159916653543307
 20
0.7117355905511811
 30
0
 11
2.1600277165354331
 21
0.7118218110236221
 31
0
  0
LINE
  5
1AA
330
1A
100
AcDbEntity
  8
BLACK
  6
CONTINUOUS
100
AcDbLine
 10
2.1600277165354331
 20
0.7118218110236221
 30
0
 11
2.1601139370078739
 21
0.711932874015748
 31
0
  0
LINE
  5
1AB
330
1A
100
AcDbEntity
  8
BLACK
  6
CONTINUOUS
100
AcDbLine
 10
2.1601139370078739
 20
0.711932874015748
 30
0
 11
2.1602137007874016
 21
0.7119661417322835
 31
0
  0
LINE
  5
1AC
330
1A
100
AcDbEntity
  8
BLACK
  6
CONTINUOUS
100
AcDbLine
 10
2.1602137007874016
 20
0.7119661417322835
 30
0
 11
2.1605234251968501
 21
0.7122064960629921
 31
0
  0
LINE
  5
1AD
330
1A
100
AcDbEntity
  8
BLACK
  6
CONTINUOUS
100
AcDbLine
 10
2.1605234251968501
 20
0.7122064960629921
 30
0
 11
2.1623981496062989
 21
0.7131438188976378
 31
0
  0
LINE
  5
1AE
330
1A
100
AcDbEntity
  8
BLACK
  6
CONTINUOUS
100
AcDbLine
 10
2.1623981496062989
 20
0.7131438188976378
 30
0
 11
2.1624932283464569
 21
0.7131698818897637
 31
0
  0
LINE
  5
1AF
330
1A
100
AcDbEntity
  8
BLACK
  6
CONTINUOUS
100
AcDbLine
 10
2.1624932283464569
 20
0.7131698818897637
 30
0
 11
2.1625251968503938
 21
0.713201811023622
 31
0
  0
LINE
  5
1B0
330
1A
100
AcDbEntity
  8
BLACK
  6
CONTINUOUS
100
AcDbLine
 10
2.1625251968503938
 20
0.713201811023622
 30
0
 11
2.1628346850393698
 21
0.7132633858267716
 31
0
  0
LINE
  5
1B1
330
1A
100
AcDbEntity
  8
BLACK
  6
CONTINUOUS
100
AcDbLine
 10
2.1628346850393698
 20
0.7132633858267716
 30
0
 11
2.163138937007874
 21
0.7133466929133858
 31
0
  0
LINE
  5
1B2
330
1A
100
AcDbEntity
  8
BLACK
  6
CONTINUOUS
100
AcDbLine
 10
2.163138937007874
 20
0.7133466929133858
 30
0
 11
2.1631817716535431
 21
0.7133324409448819
 31
0
  0
LINE
  5
1B3
330
1A
100
AcDbEntity
  8
BLACK
  6
CONTINUOUS
100
AcDbLine
 10
2.1631817716535431
 20
0.7133324409448819
 30
0
 11
2.1632785039370077
 21
0.7133516535433071
 31
0
  0
LINE
  5
1B4
330
1A
100
AcDbEntity
  8
BLACK
  6
CONTINUOUS
100
AcDbLine
 10
2.1632785039370077
 20
0.7133516535433071
 30
0
 11
2.1660906692913384
 21
0.7133516535433071
 31
0
  0
LINE
  5
1B5
330
1A
100
AcDbEntity
  8
BLACK
  6
CONTINUOUS
100
AcDbLine
 10
2.1660906692913384
 20
0.7133516535433071
 30
0
 11
2.1661873622047243
 21
0.7133324409448819
 31
0
  0
LINE
  5
1B6
330
1A
100
AcDbEntity
  8
BLACK
  6
CONTINUOUS
100
AcDbLine
 10
2.1791579133858265
 20
0.7186981496062992
 30
0
 11
2.1793077559055116
 21
0.717944842519685
 31
0
  0
LINE
  5
1B7
330
1A
100
AcDbEntity
  8
BLACK
  6
CONTINUOUS
100
AcDbLine
 10
2.1793077559055116
 20
0.717944842519685
 30
0
 11
2.1793077559055116
 21
0.7133516535433071
 31
0
  0
LINE
  5
1B8
330
1A
100
AcDbEntity
  8
BLACK
  6
CONTINUOUS
100
AcDbLine
 10
2.1793077559055116
 20
0.7133516535433071
 30
0
 11
2.182026181102362
 21
0.7133516535433071
 31
0
  0
LINE
  5
1B9
330
1A
100
AcDbEntity
  8
BLACK
  6
CONTINUOUS
100
AcDbLine
 10
2.182026181102362
 20
0.7133516535433071
 30
0
 11
2.1827794881889764
 21
0.713201811023622
 31
0
  0
LINE
  5
1BA
330
1A
100
AcDbEntity
  8
BLACK
  6
CONTINUOUS
100
AcDbLine
 10
2.1827794881889764
 20
0.713201811023622
 30
0
 11
2.1838448425196848
 21
0.7121364566929134
 31
0
  0
LINE
  5
1BB
330
1A
100
AcDbEntity
  8
BLACK
  6
CONTINUOUS
100
AcDbLine
 10
2.1838448425196848
 20
0.7121364566929134
 30
0
 11
2.1838448425196848
 21
0.710629842519685
 31
0
  0
LINE
  5
1BC
330
1A
100
AcDbEntity
  8
BLACK
  6
CONTINUOUS
100
AcDbLine
 10
2.1838448425196848
 20
0.710629842519685
 30
0
 11
2.1827794881889764
 21
0.7095644881889763
 31
0
  0
LINE
  5
1BD
330
1A
100
AcDbEntity
  8
BLACK
  6
CONTINUOUS
100
AcDbLine
 10
2.1827794881889764
 20
0.7095644881889763
 30
0
 11
2.182026181102362
 21
0.7094146456692914
 31
0
  0
LINE
  5
1BE
330
1A
100
AcDbEntity
  8
BLACK
  6
CONTINUOUS
100
AcDbLine
 10
2.182026181102362
 20
0.7094146456692914
 30
0
 11
2.1793077559055116
 21
0.7094146456692914
 31
0
  0
LINE
  5
1BF
330
1A
100
AcDbEntity
  8
BLACK
  6
CONTINUOUS
100
AcDbLine
 10
2.1793077559055116
 20
0.7094146456692914
 30
0
 11
2.1793077559055116
 21
0.7015366535433071
 31
0
  0
LINE
  5
1C0
330
1A
100
AcDbEntity
  8
BLACK
  6
CONTINUOUS
100
AcDbLine
 10
2.1793077559055116
 20
0.7015366535433071
 30
0
 11
2.1797438188976379
 21
0.7006644488188977
 31
0
  0
LINE
  5
1C1
330
1A
100
AcDbEntity
  8
BLACK
  6
CONTINUOUS
100
AcDbLine
 10
2.1797438188976379
 20
0.7006644488188977
 30
0
 11
2.1806161417322834
 21
0.7002283070866142
 31
0
  0
LINE
  5
1C2
330
1A
100
AcDbEntity
  8
BLACK
  6
CONTINUOUS
100
AcDbLine
 10
2.1806161417322834
 20
0.7002283070866142
 30
0
 11
2.182026181102362
 21
0.7002283070866142
 31
0
  0
LINE
  5
1C3
330
1A
100
AcDbEntity
  8
BLACK
  6
CONTINUOUS
100
AcDbLine
 10
2.182026181102362
 20
0.7002283070866142
 30
0
 11
2.1827794881889764
 21
0.7000784645669291
 31
0
  0
LINE
  5
1C4
330
1A
100
AcDbEntity
  8
BLACK
  6
CONTINUOUS
100
AcDbLine
 10
2.1827794881889764
 20
0.7000784645669291
 30
0
 11
2.1838448425196848
 21
0.6990131102362205
 31
0
  0
LINE
  5
1C5
330
1A
100
AcDbEntity
  8
BLACK
  6
CONTINUOUS
100
AcDbLine
 10
2.1838448425196848
 20
0.6990131102362205
 30
0
 11
2.1838448425196848
 21
0.6975064960629921
 31
0
  0
LINE
  5
1C6
330
1A
100
AcDbEntity
  8
BLACK
  6
CONTINUOUS
100
AcDbLine
 10
2.1838448425196848
 20
0.6975064960629921
 30
0
 11
2.1827794881889764
 21
0.6964411417322834
 31
0
  0
LINE
  5
1C7
330
1A
100
AcDbEntity
  8
BLACK
  6
CONTINUOUS
100
AcDbLine
 10
2.1827794881889764
 20
0.6964411417322834
 30
0
 11
2.182026181102362
 21
0.6962912992125984
 31
0
  0
LINE
  5
1C8
330
1A
100
AcDbEntity
  8
BLACK
  6
CONTINUOUS
100
AcDbLine
 10
2.182026181102362
 20
0.6962912992125984
 30
0
 11
2.1801514173228345
 21
0.6962912992125984
 31
0
  0
LINE
  5
1C9
330
1A
100
AcDbEntity
  8
BLACK
  6
CONTINUOUS
100
AcDbLine
 10
2.1801514173228345
 20
0.6962912992125984
 30
0
 11
2.1800546850393698
 21
0.6963105511811023
 31
0
  0
LINE
  5
1CA
330
1A
100
AcDbEntity
  8
BLACK
  6
CONTINUOUS
100
AcDbLine
 10
2.1800546850393698
 20
0.6963105511811023
 30
0
 11
2.1800118503937007
 21
0.6962962598425196
 31
0
  0
LINE
  5
1CB
330
1A
100
AcDbEntity
  8
BLACK
  6
CONTINUOUS
100
AcDbLine
 10
2.1800118503937007
 20
0.6962962598425196
 30
0
 11
2.179707598425197
 21
0.6963796062992126
 31
0
  0
LINE
  5
1CC
330
1A
100
AcDbEntity
  8
BLACK
  6
CONTINUOUS
100
AcDbLine
 10
2.179707598425197
 20
0.6963796062992126
 30
0
 11
2.1793981102362205
 21
0.6964411417322834
 31
0
  0
LINE
  5
1CD
330
1A
100
AcDbEntity
  8
BLACK
  6
CONTINUOUS
100
AcDbLine
 10
2.1793981102362205
 20
0.6964411417322834
 30
0
 11
2.1793661417322836
 21
0.6964731102362205
 31
0
  0
LINE
  5
1CE
330
1A
100
AcDbEntity
  8
BLACK
  6
CONTINUOUS
100
AcDbLine
 10
2.1793661417322836
 20
0.6964731102362205
 30
0
 11
2.1792710629921261
 21
0.6964991338582677
 31
0
  0
LINE
  5
1CF
330
1A
100
AcDbEntity
  8
BLACK
  6
CONTINUOUS
100
AcDbLine
 10
2.1792710629921261
 20
0.6964991338582677
 30
0
 11
2.1773963385826773
 21
0.6974364566929133
 31
0
  0
LINE
  5
1D0
330
1A
100
AcDbEntity
  8
BLACK
  6
CONTINUOUS
100
AcDbLine
 10
2.1773963385826773
 20
0.6974364566929133
 30
0
 11
2.1770866535433071
 21
0.697676811023622
 31
0
  0
LINE
  5
1D1
330
1A
100
AcDbEntity
  8
BLACK
  6
CONTINUOUS
100
AcDbLine
 10
2.1770866535433071
 20
0.697676811023622
 30
0
 11
2.1769868897637794
 21
0.6977100393700787
 31
0
  0
LINE
  5
1D2
330
1A
100
AcDbEntity
  8
BLACK
  6
CONTINUOUS
100
AcDbLine
 10
2.1769868897637794
 20
0.6977100393700787
 30
0
 11
2.1769006299212599
 21
0.6978211417322835
 31
0
  0
LINE
  5
1D3
330
1A
100
AcDbEntity
  8
BLACK
  6
CONTINUOUS
100
AcDbLine
 10
2.1769006299212599
 20
0.6978211417322835
 30
0
 11
2.1767895669291337
 21
0.6979073622047244
 31
0
  0
LINE
  5
1D4
330
1A
100
AcDbEntity
  8
BLACK
  6
CONTINUOUS
100
AcDbLine
 10
2.1767895669291337
 20
0.6979073622047244
 30
0
 11
2.1767562992125984
 21
0.6980071653543307
 31
0
  0
LINE
  5
1D5
330
1A
100
AcDbEntity
  8
BLACK
  6
CONTINUOUS
100
AcDbLine
 10
2.1767562992125984
 20
0.6980071653543307
 30
0
 11
2.1765159842519686
 21
0.6983168110236221
 31
0
  0
LINE
  5
1D6
330
1A
100
AcDbEntity
  8
BLACK
  6
CONTINUOUS
100
AcDbLine
 10
2.1765159842519686
 20
0.6983168110236221
 30
0
 11
2.1755785826771654
 21
0.7001916141732283
 31
0
  0
LINE
  5
1D7
330
1A
100
AcDbEntity
  8
BLACK
  6
CONTINUOUS
100
AcDbLine
 10
2.1755785826771654
 20
0.7001916141732283
 30
0
 11
2.1755525196850392
 21
0.7002867322834645
 31
0
  0
LINE
  5
1D8
330
1A
100
AcDbEntity
  8
BLACK
  6
CONTINUOUS
100
AcDbLine
 10
2.1755525196850392
 20
0.7002867322834645
 30
0
 11
2.175520590551181
 21
0.7003186614173228
 31
0
  0
LINE
  5
1D9
330
1A
100
AcDbEntity
  8
BLACK
  6
CONTINUOUS
100
AcDbLine
 10
2.175520590551181
 20
0.7003186614173228
 30
0
 11
2.1754590157480314
 21
0.7006281889763779
 31
0
  0
LINE
  5
1DA
330
1A
100
AcDbEntity
  8
BLACK
  6
CONTINUOUS
100
AcDbLine
 10
2.1754590157480314
 20
0.7006281889763779
 30
0
 11
2.1753757086614174
 21
0.7009324015748032
 31
0
  0
LINE
  5
1DB
330
1A
100
AcDbEntity
  8
BLACK
  6
CONTINUOUS
100
AcDbLine
 10
2.1753757086614174
 20
0.7009324015748032
 30
0
 11
2.1753899606299214
 21
0.7009752755905512
 31
0
  0
LINE
  5
1DC
330
1A
100
AcDbEntity
  8
BLACK
  6
CONTINUOUS
100
AcDbLine
 10
2.1753899606299214
 20
0.7009752755905512
 30
0
 11
2.1753707480314959
 21
0.7010719685039369
 31
0
  0
LINE
  5
1DD
330
1A
100
AcDbEntity
  8
BLACK
  6
CONTINUOUS
100
AcDbLine
 10
2.1753707480314959
 20
0.7010719685039369
 30
0
 11
2.1753707480314959
 21
0.7094146456692914
 31
0
  0
LINE
  5
1DE
330
1A
100
AcDbEntity
  8
BLACK
  6
CONTINUOUS
100
AcDbLine
 10
2.1753707480314959
 20
0.7094146456692914
 30
0
 11
2.1745271259842518
 21
0.7094146456692914
 31
0
  0
LINE
  5
1DF
330
1A
100
AcDbEntity
  8
BLACK
  6
CONTINUOUS
100
AcDbLine
 10
2.1745271259842518
 20
0.7094146456692914
 30
0
 11
2.1737738188976379
 21
0.7095644881889763
 31
0
  0
LINE
  5
1E0
330
1A
100
AcDbEntity
  8
BLACK
  6
CONTINUOUS
100
AcDbLine
 10
2.1737738188976379
 20
0.7095644881889763
 30
0
 11
2.172708464566929
 21
0.710629842519685
 31
0
  0
LINE
  5
1E1
330
1A
100
AcDbEntity
  8
BLACK
  6
CONTINUOUS
100
AcDbLine
 10
2.172708464566929
 20
0.710629842519685
 30
0
 11
2.172708464566929
 21
0.7121364566929134
 31
0
  0
LINE
  5
1E2
330
1A
100
AcDbEntity
  8
BLACK
  6
CONTINUOUS
100
AcDbLine
 10
2.172708464566929
 20
0.7121364566929134
 30
0
 11
2.1737738188976379
 21
0.713201811023622
 31
0
  0
LINE
  5
1E3
330
1A
100
AcDbEntity
  8
BLACK
  6
CONTINUOUS
100
AcDbLine
 10
2.1737738188976379
 20
0.713201811023622
 30
0
 11
2.1745271259842518
 21
0.7133516535433071
 31
0
  0
LINE
  5
1E4
330
1A
100
AcDbEntity
  8
BLACK
  6
CONTINUOUS
100
AcDbLine
 10
2.1745271259842518
 20
0.7133516535433071
 30
0
 11
2.1753707480314959
 21
0.7133516535433071
 31
0
  0
LINE
  5
1E5
330
1A
100
AcDbEntity
  8
BLACK
  6
CONTINUOUS
100
AcDbLine
 10
2.1753707480314959
 20
0.7133516535433071
 30
0
 11
2.1753707480314959
 21
0.717944842519685
 31
0
  0
LINE
  5
1E6
330
1A
100
AcDbEntity
  8
BLACK
  6
CONTINUOUS
100
AcDbLine
 10
2.1753707480314959
 20
0.717944842519685
 30
0
 11
2.175520590551181
 21
0.7186981496062992
 31
0
  0
LINE
  5
1E7
330
1A
100
AcDbEntity
  8
BLACK
  6
CONTINUOUS
100
AcDbLine
 10
2.175520590551181
 20
0.7186981496062992
 30
0
 11
2.1765859448818898
 21
0.7197635039370078
 31
0
  0
LINE
  5
1E8
330
1A
100
AcDbEntity
  8
BLACK
  6
CONTINUOUS
100
AcDbLine
 10
2.1765859448818898
 20
0.7197635039370078
 30
0
 11
2.1780925590551181
 21
0.7197635039370078
 31
0
  0
LINE
  5
1E9
330
1A
100
AcDbEntity
  8
BLACK
  6
CONTINUOUS
100
AcDbLine
 10
2.1780925590551181
 20
0.7197635039370078
 30
0
 11
2.1791579133858265
 21
0.7186981496062992
 31
0
  0
LINE
  5
1EA
330
1A
100
AcDbEntity
  8
BLACK
  6
CONTINUOUS
100
AcDbLine
 10
2.1214800393700788
 20
0.7128424803149606
 30
0
 11
2.122125
 21
0.7114808661417322
 31
0
  0
LINE
  5
1EB
330
1A
100
AcDbEntity
  8
BLACK
  6
CONTINUOUS
100
AcDbLine
 10
2.122125
 20
0.7114808661417322
 30
0
 11
2.1220127559055117
 21
0.710721062992126
 31
0
  0
LINE
  5
1EC
330
1A
100
AcDbEntity
  8
BLACK
  6
CONTINUOUS
100
AcDbLine
 10
2.1220127559055117
 20
0.710721062992126
 30
0
 11
2.1173258661417322
 21
0.697597716535433
 31
0
  0
LINE
  5
1ED
330
1A
100
AcDbEntity
  8
BLACK
  6
CONTINUOUS
100
AcDbLine
 10
2.1173258661417322
 20
0.697597716535433
 30
0
 11
2.1169313779527559
 21
0.6969387007874016
 31
0
  0
LINE
  5
1EE
330
1A
100
AcDbEntity
  8
BLACK
  6
CONTINUOUS
100
AcDbLine
 10
2.1169313779527559
 20
0.6969387007874016
 30
0
 11
2.1168375590551181
 21
0.6968942913385827
 31
0
  0
LINE
  5
1EF
330
1A
100
AcDbEntity
  8
BLACK
  6
CONTINUOUS
100
AcDbLine
 10
2.1168375590551181
 20
0.6968942913385827
 30
0
 11
2.1167931496062993
 21
0.6968004724409449
 31
0
  0
LINE
  5
1F0
330
1A
100
AcDbEntity
  8
BLACK
  6
CONTINUOUS
100
AcDbLine
 10
2.1167931496062993
 20
0.6968004724409449
 30
0
 11
2.1161688582677165
 21
0.6965775196850393
 31
0
  0
LINE
  5
1F1
330
1A
100
AcDbEntity
  8
BLACK
  6
CONTINUOUS
100
AcDbLine
 10
2.1161688582677165
 20
0.6965775196850393
 30
0
 11
2.1155698031496062
 21
0.6962937401574802
 31
0
  0
LINE
  5
1F2
330
1A
100
AcDbEntity
  8
BLACK
  6
CONTINUOUS
100
AcDbLine
 10
2.1155698031496062
 20
0.6962937401574802
 30
0
 11
2.1154720472440944
 21
0.6963286614173229
 31
0
  0
LINE
  5
1F3
330
1A
100
AcDbEntity
  8
BLACK
  6
CONTINUOUS
100
AcDbLine
 10
2.1154720472440944
 20
0.6963286614173229
 30
0
 11
2.1153743307086614
 21
0.6962937401574802
 31
0
  0
LINE
  5
1F4
330
1A
100
AcDbEntity
  8
BLACK
  6
CONTINUOUS
100
AcDbLine
 10
2.1153743307086614
 20
0.6962937401574802
 30
0
 11
2.1147752362204724
 21
0.6965775196850393
 31
0
  0
LINE
  5
1F5
330
1A
100
AcDbEntity
  8
BLACK
  6
CONTINUOUS
100
AcDbLine
 10
2.1147752362204724
 20
0.6965775196850393
 30
0
 11
2.1141509448818896
 21
0.6968004724409449
 31
0
  0
LINE
  5
1F6
330
1A
100
AcDbEntity
  8
BLACK
  6
CONTINUOUS
100
AcDbLine
 10
2.1141509448818896
 20
0.6968004724409449
 30
0
 11
2.1141064960629921
 21
0.6968942913385827
 31
0
  0
LINE
  5
1F7
330
1A
100
AcDbEntity
  8
BLACK
  6
CONTINUOUS
100
AcDbLine
 10
2.1141064960629921
 20
0.6968942913385827
 30
0
 11
2.114012716535433
 21
0.6969387007874016
 31
0
  0
LINE
  5
1F8
330
1A
100
AcDbEntity
  8
BLACK
  6
CONTINUOUS
100
AcDbLine
 10
2.114012716535433
 20
0.6969387007874016
 30
0
 11
2.1136182283464566
 21
0.697597716535433
 31
0
  0
LINE
  5
1F9
330
1A
100
AcDbEntity
  8
BLACK
  6
CONTINUOUS
100
AcDbLine
 10
2.1136182283464566
 20
0.697597716535433
 30
0
 11
2.1089312992125984
 21
0.710721062992126
 31
0
  0
LINE
  5
1FA
330
1A
100
AcDbEntity
  8
BLACK
  6
CONTINUOUS
100
AcDbLine
 10
2.1089312992125984
 20
0.710721062992126
 30
0
 11
2.1088190551181101
 21
0.7114808661417322
 31
0
  0
LINE
  5
1FB
330
1A
100
AcDbEntity
  8
BLACK
  6
CONTINUOUS
100
AcDbLine
 10
2.1088190551181101
 20
0.7114808661417322
 30
0
 11
2.1094640157480313
 21
0.7128424803149606
 31
0
  0
LINE
  5
1FC
330
1A
100
AcDbEntity
  8
BLACK
  6
CONTINUOUS
100
AcDbLine
 10
2.1094640157480313
 20
0.7128424803149606
 30
0
 11
2.1108828346456692
 21
0.7133492125984252
 31
0
  0
LINE
  5
1FD
330
1A
100
AcDbEntity
  8
BLACK
  6
CONTINUOUS
100
AcDbLine
 10
2.1108828346456692
 20
0.7133492125984252
 30
0
 11
2.1122444488188976
 21
0.712704251968504
 31
0
  0
LINE
  5
1FE
330
1A
100
AcDbEntity
  8
BLACK
  6
CONTINUOUS
100
AcDbLine
 10
2.1122444488188976
 20
0.712704251968504
 30
0
 11
2.112638937007874
 21
0.7120452362204724
 31
0
  0
LINE
  5
1FF
330
1A
100
AcDbEntity
  8
BLACK
  6
CONTINUOUS
100
AcDbLine
 10
2.112638937007874
 20
0.7120452362204724
 30
0
 11
2.1154720078740157
 21
0.7041125984251968
 31
0
  0
LINE
  5
200
330
1A
100
AcDbEntity
  8
BLACK
  6
CONTINUOUS
100
AcDbLine
 10
2.1154720078740157
 20
0.7041125984251968
 30
0
 11
2.1183051181102361
 21
0.7120451968503937
 31
0
  0
LINE
  5
201
330
1A
100
AcDbEntity
  8
BLACK
  6
CONTINUOUS
100
AcDbLine
 10
2.1183051181102361
 20
0.7120451968503937
 30
0
 11
2.1186995669291337
 21
0.7127042125984252
 31
0
  0
LINE
  5
202
330
1A
100
AcDbEntity
  8
BLACK
  6
CONTINUOUS
100
AcDbLine
 10
2.1186995669291337
 20
0.7127042125984252
 30
0
 11
2.1200611811023622
 21
0.7133492125984252
 31
0
  0
LINE
  5
203
330
1A
100
AcDbEntity
  8
BLACK
  6
CONTINUOUS
100
AcDbLine
 10
2.1200611811023622
 20
0.7133492125984252
 30
0
 11
2.1214800393700788
 21
0.7128424803149606
 31
0
  0
LINE
  5
204
330
1A
100
AcDbEntity
  8
BLACK
  6
CONTINUOUS
100
AcDbLine
 10
2.1981339370078739
 20
0.7911419291338583
 30
0
 11
2.1986666141732285
 21
0.790609251968504
 31
0
  0
LINE
  5
205
330
1A
100
AcDbEntity
  8
BLACK
  6
CONTINUOUS
100
AcDbLine
 10
2.1986666141732285
 20
0.790609251968504
 30
0
 11
2.1987415354330708
 21
0.7902325984251969
 31
0
  0
LINE
  5
206
330
1A
100
AcDbEntity
  8
BLACK
  6
CONTINUOUS
100
AcDbLine
 10
2.1987415354330708
 20
0.7902325984251969
 30
0
 11
2.1987415354330708
 21
0.7095382283464566
 31
0
  0
LINE
  5
207
330
1A
100
AcDbEntity
  8
BLACK
  6
CONTINUOUS
100
AcDbLine
 10
2.1987415354330708
 20
0.7095382283464566
 30
0
 11
2.1987849606299212
 21
0.7094513779527559
 31
0
  0
LINE
  5
208
330
1A
100
AcDbEntity
  8
BLACK
  6
CONTINUOUS
100
AcDbLine
 10
2.1987849606299212
 20
0.7094513779527559
 30
0
 11
2.1988109842519683
 21
0.7093562992125985
 31
0
  0
LINE
  5
209
330
1A
100
AcDbEntity
  8
BLACK
  6
CONTINUOUS
100
AcDbLine
 10
2.1988109842519683
 20
0.7093562992125985
 30
0
 11
2.1988429527559052
 21
0.7093243307086614
 31
0
  0
LINE
  5
20A
330
1A
100
AcDbEntity
  8
BLACK
  6
CONTINUOUS
100
AcDbLine
 10
2.1988429527559052
 20
0.7093243307086614
 30
0
 11
2.1989044881889765
 21
0.7090148425196851
 31
0
  0
LINE
  5
20B
330
1A
100
AcDbEntity
  8
BLACK
  6
CONTINUOUS
100
AcDbLine
 10
2.1989044881889765
 20
0.7090148425196851
 30
0
 11
2.1989878346456693
 21
0.7087105905511811
 31
0
  0
LINE
  5
20C
330
1A
100
AcDbEntity
  8
BLACK
  6
CONTINUOUS
100
AcDbLine
 10
2.1989878346456693
 20
0.7087105905511811
 30
0
 11
2.1989735433070865
 21
0.7086677559055118
 31
0
  0
LINE
  5
20D
330
1A
100
AcDbEntity
  8
BLACK
  6
CONTINUOUS
100
AcDbLine
 10
2.1989735433070865
 20
0.7086677559055118
 30
0
 11
2.1989927952755903
 21
0.7085710236220473
 31
0
  0
LINE
  5
20E
330
1A
100
AcDbEntity
  8
BLACK
  6
CONTINUOUS
100
AcDbLine
 10
2.1989927952755903
 20
0.7085710236220473
 30
0
 11
2.1989927952755903
 21
0.6982598031496062
 31
0
  0
LINE
  5
20F
330
1A
100
AcDbEntity
  8
BLACK
  6
CONTINUOUS
100
AcDbLine
 10
2.1989927952755903
 20
0.6982598031496062
 30
0
 11
2.1988429527559052
 21
0.6975064960629921
 31
0
  0
LINE
  5
210
330
1A
100
AcDbEntity
  8
BLACK
  6
CONTINUOUS
100
AcDbLine
 10
2.1988429527559052
 20
0.6975064960629921
 30
0
 11
2.1987415354330708
 21
0.6974050787401574
 31
0
  0
LINE
  5
211
330
1A
100
AcDbEntity
  8
BLACK
  6
CONTINUOUS
100
AcDbLine
 10
2.1987415354330708
 20
0.6974050787401574
 30
0
 11
2.1987415354330708
 21
0.6288152755905512
 31
0
  0
LINE
  5
212
330
1A
100
AcDbEntity
  8
BLACK
  6
CONTINUOUS
100
AcDbLine
 10
2.1987415354330708
 20
0.6288152755905512
 30
0
 11
2.1986666141732285
 21
0.6284386220472441
 31
0
  0
LINE
  5
213
330
1A
100
AcDbEntity
  8
BLACK
  6
CONTINUOUS
100
AcDbLine
 10
2.1986666141732285
 20
0.6284386220472441
 30
0
 11
2.1981339370078739
 21
0.6279059448818898
 31
0
  0
LINE
  5
214
330
1A
100
AcDbEntity
  8
BLACK
  6
CONTINUOUS
100
AcDbLine
 10
2.1981339370078739
 20
0.6279059448818898
 30
0
 11
2.1977572834645667
 21
0.6278310236220472
 31
0
  0
LINE
  5
215
330
1A
100
AcDbEntity
  8
BLACK
  6
CONTINUOUS
100
AcDbLine
 10
2.1977572834645667
 20
0.6278310236220472
 30
0
 11
2.0638990157480315
 21
0.6278310236220472
 31
0
  0
LINE
  5
216
330
1A
100
AcDbEntity
  8
BLACK
  6
CONTINUOUS
100
AcDbLine
 10
2.0638990157480315
 20
0.6278310236220472
 30
0
 11
2.0635223622047243
 21
0.6279059448818898
 31
0
  0
LINE
  5
217
330
1A
100
AcDbEntity
  8
BLACK
  6
CONTINUOUS
100
AcDbLine
 10
2.0635223622047243
 20
0.6279059448818898
 30
0
 11
2.0629896850393701
 21
0.6284386220472441
 31
0
  0
LINE
  5
218
330
1A
100
AcDbEntity
  8
BLACK
  6
CONTINUOUS
100
AcDbLine
 10
2.0629896850393701
 20
0.6284386220472441
 30
0
 11
2.0629147637795273
 21
0.6288152755905512
 31
0
  0
LINE
  5
219
330
1A
100
AcDbEntity
  8
BLACK
  6
CONTINUOUS
100
AcDbLine
 10
2.0629147637795273
 20
0.6288152755905512
 30
0
 11
2.0629147637795273
 21
0.7902325984251969
 31
0
  0
LINE
  5
21A
330
1A
100
AcDbEntity
  8
BLACK
  6
CONTINUOUS
100
AcDbLine
 10
2.0629147637795273
 20
0.7902325984251969
 30
0
 11
2.0629896850393701
 21
0.790609251968504
 31
0
  0
LINE
  5
21B
330
1A
100
AcDbEntity
  8
BLACK
  6
CONTINUOUS
100
AcDbLine
 10
2.0629896850393701
 20
0.790609251968504
 30
0
 11
2.0635223622047243
 21
0.7911419291338583
 31
0
  0
LINE
  5
21C
330
1A
100
AcDbEntity
  8
BLACK
  6
CONTINUOUS
100
AcDbLine
 10
2.0635223622047243
 20
0.7911419291338583
 30
0
 11
2.0638990157480315
 21
0.7912168503937008
 31
0
  0
LINE
  5
21D
330
1A
100
AcDbEntity
  8
BLACK
  6
CONTINUOUS
100
AcDbLine
 10
2.0638990157480315
 20
0.7912168503937008
 30
0
 11
2.1977572834645667
 21
0.7912168503937008
 31
0
  0
LINE
  5
21E
330
1A
100
AcDbEntity
  8
BLACK
  6
CONTINUOUS
100
AcDbLine
 10
2.1977572834645667
 20
0.7912168503937008
 30
0
 11
2.1981339370078739
 21
0.7911419291338583
 31
0
  0
LINE
  5
21F
330
1A
100
AcDbEntity
  8
BLACK
  6
CONTINUOUS
100
AcDbLine
 10
2.0648832677165352
 20
0.789248346456693
 30
0
 11
2.0648832677165352
 21
0.6297995275590551
 31
0
  0
LINE
  5
220
330
1A
100
AcDbEntity
  8
BLACK
  6
CONTINUOUS
100
AcDbLine
 10
2.0648832677165352
 20
0.6297995275590551
 30
0
 11
2.196773031496063
 21
0.6297995275590551
 31
0
  0
LINE
  5
221
330
1A
100
AcDbEntity
  8
BLACK
  6
CONTINUOUS
100
AcDbLine
 10
2.196773031496063
 20
0.6297995275590551
 30
0
 11
2.196773031496063
 21
0.6964411417322834
 31
0
  0
LINE
  5
222
330
1A
100
AcDbEntity
  8
BLACK
  6
CONTINUOUS
100
AcDbLine
 10
2.196773031496063
 20
0.6964411417322834
 30
0
 11
2.1962709842519685
 21
0.6964411417322834
 31
0
  0
LINE
  5
223
330
1A
100
AcDbEntity
  8
BLACK
  6
CONTINUOUS
100
AcDbLine
 10
2.1962709842519685
 20
0.6964411417322834
 30
0
 11
2.196151968503937
 21
0.696560157480315
 31
0
  0
LINE
  5
224
330
1A
100
AcDbEntity
  8
BLACK
  6
CONTINUOUS
100
AcDbLine
 10
2.196151968503937
 20
0.696560157480315
 30
0
 11
2.1960298425196849
 21
0.6964990944881889
 31
0
  0
LINE
  5
225
330
1A
100
AcDbEntity
  8
BLACK
  6
CONTINUOUS
100
AcDbLine
 10
2.1960298425196849
 20
0.6964990944881889
 30
0
 11
2.1959347244094487
 21
0.6964730708661417
 31
0
  0
LINE
  5
226
330
1A
100
AcDbEntity
  8
BLACK
  6
CONTINUOUS
100
AcDbLine
 10
2.1959347244094487
 20
0.6964730708661417
 30
0
 11
2.1959028346456693
 21
0.6964411417322834
 31
0
  0
LINE
  5
227
330
1A
100
AcDbEntity
  8
BLACK
  6
CONTINUOUS
100
AcDbLine
 10
2.1959028346456693
 20
0.6964411417322834
 30
0
 11
2.1955933464566928
 21
0.6963796062992126
 31
0
  0
LINE
  5
228
330
1A
100
AcDbEntity
  8
BLACK
  6
CONTINUOUS
100
AcDbLine
 10
2.1955933464566928
 20
0.6963796062992126
 30
0
 11
2.1952890551181103
 21
0.6962962598425196
 31
0
  0
LINE
  5
229
330
1A
100
AcDbEntity
  8
BLACK
  6
CONTINUOUS
100
AcDbLine
 10
2.1952890551181103
 20
0.6962962598425196
 30
0
 11
2.1952462204724408
 21
0.6963105511811023
 31
0
  0
LINE
  5
22A
330
1A
100
AcDbEntity
  8
BLACK
  6
CONTINUOUS
100
AcDbLine
 10
2.1952462204724408
 20
0.6963105511811023
 30
0
 11
2.1951495275590549
 21
0.6962912992125984
 31
0
  0
LINE
  5
22B
330
1A
100
AcDbEntity
  8
BLACK
  6
CONTINUOUS
100
AcDbLine
 10
2.1951495275590549
 20
0.6962912992125984
 30
0
 11
2.1904625984251966
 21
0.6962912992125984
 31
0
  0
LINE
  5
22C
330
1A
100
AcDbEntity
  8
BLACK
  6
CONTINUOUS
100
AcDbLine
 10
2.1904625984251966
 20
0.6962912992125984
 30
0
 11
2.1903658661417325
 21
0.6963105511811023
 31
0
  0
LINE
  5
22D
330
1A
100
AcDbEntity
  8
BLACK
  6
CONTINUOUS
100
AcDbLine
 10
2.1903658661417325
 20
0.6963105511811023
 30
0
 11
2.1903230314960629
 21
0.6962962598425196
 31
0
  0
LINE
  5
22E
330
1A
100
AcDbEntity
  8
BLACK
  6
CONTINUOUS
100
AcDbLine
 10
2.1903230314960629
 20
0.6962962598425196
 30
0
 11
2.1900187795275592
 21
0.6963796062992126
 31
0
  0
LINE
  5
22F
330
1A
100
AcDbEntity
  8
BLACK
  6
CONTINUOUS
100
AcDbLine
 10
2.1900187795275592
 20
0.6963796062992126
 30
0
 11
2.1897092913385827
 21
0.6964411417322834
 31
0
  0
LINE
  5
230
330
1A
100
AcDbEntity
  8
BLACK
  6
CONTINUOUS
100
AcDbLine
 10
2.1897092913385827
 20
0.6964411417322834
 30
0
 11
2.1896773228346458
 21
0.6964731102362205
 31
0
  0
LINE
  5
231
330
1A
100
AcDbEntity
  8
BLACK
  6
CONTINUOUS
100
AcDbLine
 10
2.1896773228346458
 20
0.6964731102362205
 30
0
 11
2.1895822440944883
 21
0.6964991338582677
 31
0
  0
LINE
  5
232
330
1A
100
AcDbEntity
  8
BLACK
  6
CONTINUOUS
100
AcDbLine
 10
2.1895822440944883
 20
0.6964991338582677
 30
0
 11
2.1877075196850395
 21
0.6974364566929133
 31
0
  0
LINE
  5
233
330
1A
100
AcDbEntity
  8
BLACK
  6
CONTINUOUS
100
AcDbLine
 10
2.1877075196850395
 20
0.6974364566929133
 30
0
 11
2.1873977952755905
 21
0.6976768503937008
 31
0
  0
LINE
  5
234
330
1A
100
AcDbEntity
  8
BLACK
  6
CONTINUOUS
100
AcDbLine
 10
2.1873977952755905
 20
0.6976768503937008
 30
0
 11
2.1872980314960628
 21
0.6977100787401574
 31
0
  0
LINE
  5
235
330
1A
100
AcDbEntity
  8
BLACK
  6
CONTINUOUS
100
AcDbLine
 10
2.1872980314960628
 20
0.6977100787401574
 30
0
 11
2.1872118110236221
 21
0.6978211811023622
 31
0
  0
LINE
  5
236
330
1A
100
AcDbEntity
  8
BLACK
  6
CONTINUOUS
100
AcDbLine
 10
2.1872118110236221
 20
0.6978211811023622
 30
0
 11
2.1871007480314959
 21
0.6979073622047244
 31
0
  0
LINE
  5
237
330
1A
100
AcDbEntity
  8
BLACK
  6
CONTINUOUS
100
AcDbLine
 10
2.1871007480314959
 20
0.6979073622047244
 30
0
 11
2.1870674803149606
 21
0.6980071653543307
 31
0
  0
LINE
  5
238
330
1A
100
AcDbEntity
  8
BLACK
  6
CONTINUOUS
100
AcDbLine
 10
2.1870674803149606
 20
0.6980071653543307
 30
0
 11
2.186827125984252
 21
0.6983168503937007
 31
0
  0
LINE
  5
239
330
1A
100
AcDbEntity
  8
BLACK
  6
CONTINUOUS
100
AcDbLine
 10
2.186827125984252
 20
0.6983168503937007
 30
0
 11
2.1858897637795276
 21
0.700191653543307
 31
0
  0
LINE
  5
23A
330
1A
100
AcDbEntity
  8
BLACK
  6
CONTINUOUS
100
AcDbLine
 10
2.1858897637795276
 20
0.700191653543307
 30
0
 11
2.1858637007874013
 21
0.7002867716535432
 31
0
  0
LINE
  5
23B
330
1A
100
AcDbEntity
  8
BLACK
  6
CONTINUOUS
100
AcDbLine
 10
2.1858637007874013
 20
0.7002867716535432
 30
0
 11
2.1858318110236219
 21
0.7003186614173228
 31
0
  0
LINE
  5
23C
330
1A
100
AcDbEntity
  8
BLACK
  6
CONTINUOUS
100
AcDbLine
 10
2.1858318110236219
 20
0.7003186614173228
 30
0
 11
2.1857702362204723
 21
0.7006281496062992
 31
0
  0
LINE
  5
23D
330
1A
100
AcDbEntity
  8
BLACK
  6
CONTINUOUS
100
AcDbLine
 10
2.1857702362204723
 20
0.7006281496062992
 30
0
 11
2.1856869291338583
 21
0.7009324409448818
 31
0
  0
LINE
  5
23E
330
1A
100
AcDbEntity
  8
BLACK
  6
CONTINUOUS
100
AcDbLine
 10
2.1856869291338583
 20
0.7009324409448818
 30
0
 11
2.1857011811023623
 21
0.7009752755905512
 31
0
  0
LINE
  5
23F
330
1A
100
AcDbEntity
  8
BLACK
  6
CONTINUOUS
100
AcDbLine
 10
2.1857011811023623
 20
0.7009752755905512
 30
0
 11
2.1856819685039368
 21
0.7010719685039369
 31
0
  0
LINE
  5
240
330
1A
100
AcDbEntity
  8
BLACK
  6
CONTINUOUS
100
AcDbLine
 10
2.1856819685039368
 20
0.7010719685039369
 30
0
 11
2.1856819685039368
 21
0.7029467322834646
 31
0
  0
LINE
  5
241
330
1A
100
AcDbEntity
  8
BLACK
  6
CONTINUOUS
100
AcDbLine
 10
2.1856819685039368
 20
0.7029467322834646
 30
0
 11
2.1857011811023623
 21
0.7030434645669291
 31
0
  0
LINE
  5
242
330
1A
100
AcDbEntity
  8
BLACK
  6
CONTINUOUS
100
AcDbLine
 10
2.1857011811023623
 20
0.7030434645669291
 30
0
 11
2.1856869291338583
 21
0.7030862598425197
 31
0
  0
LINE
  5
243
330
1A
100
AcDbEntity
  8
BLACK
  6
CONTINUOUS
100
AcDbLine
 10
2.1856869291338583
 20
0.7030862598425197
 30
0
 11
2.1857702362204723
 21
0.7033905905511811
 31
0
  0
LINE
  5
244
330
1A
100
AcDbEntity
  8
BLACK
  6
CONTINUOUS
100
AcDbLine
 10
2.1857702362204723
 20
0.7033905905511811
 30
0
 11
2.1858318110236219
 21
0.7037000393700787
 31
0
  0
LINE
  5
245
330
1A
100
AcDbEntity
  8
BLACK
  6
CONTINUOUS
100
AcDbLine
 10
2.1858318110236219
 20
0.7037000393700787
 30
0
 11
2.1858637007874013
 21
0.703731968503937
 31
0
  0
LINE
  5
246
330
1A
100
AcDbEntity
  8
BLACK
  6
CONTINUOUS
100
AcDbLine
 10
2.1858637007874013
 20
0.703731968503937
 30
0
 11
2.1858897637795276
 21
0.7038270472440945
 31
0
  0
LINE
  5
247
330
1A
100
AcDbEntity
  8
BLACK
  6
CONTINUOUS
100
AcDbLine
 10
2.1858897637795276
 20
0.7038270472440945
 30
0
 11
2.186827125984252
 21
0.7057018110236221
 31
0
  0
LINE
  5
248
330
1A
100
AcDbEntity
  8
BLACK
  6
CONTINUOUS
100
AcDbLine
 10
2.186827125984252
 20
0.7057018110236221
 30
0
 11
2.1870674803149606
 21
0.7060115354330708
 31
0
  0
LINE
  5
249
330
1A
100
AcDbEntity
  8
BLACK
  6
CONTINUOUS
100
AcDbLine
 10
2.1870674803149606
 20
0.7060115354330708
 30
0
 11
2.1871007480314959
 21
0.7061112992125984
 31
0
  0
LINE
  5
24A
330
1A
100
AcDbEntity
  8
BLACK
  6
CONTINUOUS
100
AcDbLine
 10
2.1871007480314959
 20
0.7061112992125984
 30
0
 11
2.1872118110236221
 21
0.7061975196850393
 31
0
  0
LINE
  5
24B
330
1A
100
AcDbEntity
  8
BLACK
  6
CONTINUOUS
100
AcDbLine
 10
2.1872118110236221
 20
0.7061975196850393
 30
0
 11
2.1872980314960628
 21
0.7063085826771653
 31
0
  0
LINE
  5
24C
330
1A
100
AcDbEntity
  8
BLACK
  6
CONTINUOUS
100
AcDbLine
 10
2.1872980314960628
 20
0.7063085826771653
 30
0
 11
2.1873977952755905
 21
0.7063418503937008
 31
0
  0
LINE
  5
24D
330
1A
100
AcDbEntity
  8
BLACK
  6
CONTINUOUS
100
AcDbLine
 10
2.1873977952755905
 20
0.7063418503937008
 30
0
 11
2.1877075196850395
 21
0.7065822047244095
 31
0
  0
LINE
  5
24E
330
1A
100
AcDbEntity
  8
BLACK
  6
CONTINUOUS
100
AcDbLine
 10
2.1877075196850395
 20
0.7065822047244095
 30
0
 11
2.1895822440944883
 21
0.7075195275590551
 31
0
  0
LINE
  5
24F
330
1A
100
AcDbEntity
  8
BLACK
  6
CONTINUOUS
100
AcDbLine
 10
2.1895822440944883
 20
0.7075195275590551
 30
0
 11
2.1896773228346458
 21
0.707545590551181
 31
0
  0
LINE
  5
250
330
1A
100
AcDbEntity
  8
BLACK
  6
CONTINUOUS
100
AcDbLine
 10
2.1896773228346458
 20
0.707545590551181
 30
0
 11
2.1897092913385827
 21
0.7075775196850393
 31
0
  0
LINE
  5
251
330
1A
100
AcDbEntity
  8
BLACK
  6
CONTINUOUS
100
AcDbLine
 10
2.1897092913385827
 20
0.7075775196850393
 30
0
 11
2.1900187795275592
 21
0.707639094488189
 31
0
  0
LINE
  5
252
330
1A
100
AcDbEntity
  8
BLACK
  6
CONTINUOUS
100
AcDbLine
 10
2.1900187795275592
 20
0.707639094488189
 30
0
 11
2.1903230314960629
 21
0.7077224015748032
 31
0
  0
LINE
  5
253
330
1A
100
AcDbEntity
  8
BLACK
  6
CONTINUOUS
100
AcDbLine
 10
2.1903230314960629
 20
0.7077224015748032
 30
0
 11
2.1903658661417325
 21
0.7077081496062992
 31
0
  0
LINE
  5
254
330
1A
100
AcDbEntity
  8
BLACK
  6
CONTINUOUS
100
AcDbLine
 10
2.1903658661417325
 20
0.7077081496062992
 30
0
 11
2.1904625984251966
 21
0.7077273622047244
 31
0
  0
LINE
  5
255
330
1A
100
AcDbEntity
  8
BLACK
  6
CONTINUOUS
100
AcDbLine
 10
2.1904625984251966
 20
0.7077273622047244
 30
0
 11
2.1946848425196852
 21
0.7077273622047244
 31
0
  0
LINE
  5
256
330
1A
100
AcDbEntity
  8
BLACK
  6
CONTINUOUS
100
AcDbLine
 10
2.1946848425196852
 20
0.7077273622047244
 30
0
 11
2.1950557874015746
 21
0.707912874015748
 31
0
  0
LINE
  5
257
330
1A
100
AcDbEntity
  8
BLACK
  6
CONTINUOUS
100
AcDbLine
 10
2.1950557874015746
 20
0.707912874015748
 30
0
 11
2.1950557874015746
 21
0.7081063385826771
 31
0
  0
LINE
  5
258
330
1A
100
AcDbEntity
  8
BLACK
  6
CONTINUOUS
100
AcDbLine
 10
2.1950557874015746
 20
0.7081063385826771
 30
0
 11
2.1946196456692912
 21
0.7089785433070867
 31
0
  0
LINE
  5
259
330
1A
100
AcDbEntity
  8
BLACK
  6
CONTINUOUS
100
AcDbLine
 10
2.1946196456692912
 20
0.7089785433070867
 30
0
 11
2.1937474015748033
 21
0.7094146456692914
 31
0
  0
LINE
  5
25A
330
1A
100
AcDbEntity
  8
BLACK
  6
CONTINUOUS
100
AcDbLine
 10
2.1937474015748033
 20
0.7094146456692914
 30
0
 11
2.1909273228346455
 21
0.7094146456692914
 31
0
  0
LINE
  5
25B
330
1A
100
AcDbEntity
  8
BLACK
  6
CONTINUOUS
100
AcDbLine
 10
2.1909273228346455
 20
0.7094146456692914
 30
0
 11
2.1894681496062991
 21
0.7086850787401575
 31
0
  0
LINE
  5
25C
330
1A
100
AcDbEntity
  8
BLACK
  6
CONTINUOUS
100
AcDbLine
 10
2.1894681496062991
 20
0.7086850787401575
 30
0
 11
2.1887273622047245
 21
0.7084822440944881
 31
0
  0
LINE
  5
25D
330
1A
100
AcDbEntity
  8
BLACK
  6
CONTINUOUS
100
AcDbLine
 10
2.1887273622047245
 20
0.7084822440944881
 30
0
 11
2.1872980314960628
 21
0.7089587007874015
 31
0
  0
LINE
  5
25E
330
1A
100
AcDbEntity
  8
BLACK
  6
CONTINUOUS
100
AcDbLine
 10
2.1872980314960628
 20
0.7089587007874015
 30
0
 11
2.1866242913385827
 21
0.7103062598425197
 31
0
  0
LINE
  5
25F
330
1A
100
AcDbEntity
  8
BLACK
  6
CONTINUOUS
100
AcDbLine
 10
2.1866242913385827
 20
0.7103062598425197
 30
0
 11
2.1871007480314959
 21
0.7117355905511811
 31
0
  0
LINE
  5
260
330
1A
100
AcDbEntity
  8
BLACK
  6
CONTINUOUS
100
AcDbLine
 10
2.1871007480314959
 20
0.7117355905511811
 30
0
 11
2.1877075196850395
 21
0.7122064960629921
 31
0
  0
LINE
  5
261
330
1A
100
AcDbEntity
  8
BLACK
  6
CONTINUOUS
100
AcDbLine
 10
2.1877075196850395
 20
0.7122064960629921
 30
0
 11
2.1895822440944883
 21
0.7131438188976378
 31
0
  0
LINE
  5
262
330
1A
100
AcDbEntity
  8
BLACK
  6
CONTINUOUS
100
AcDbLine
 10
2.1895822440944883
 20
0.7131438188976378
 30
0
 11
2.1896773228346458
 21
0.7131698818897637
 31
0
  0
LINE
  5
263
330
1A
100
AcDbEntity
  8
BLACK
  6
CONTINUOUS
100
AcDbLine
 10
2.1896773228346458
 20
0.7131698818897637
 30
0
 11
2.1897092913385827
 21
0.713201811023622
 31
0
  0
LINE
  5
264
330
1A
100
AcDbEntity
  8
BLACK
  6
CONTINUOUS
100
AcDbLine
 10
2.1897092913385827
 20
0.713201811023622
 30
0
 11
2.1900187795275592
 21
0.7132633858267716
 31
0
  0
LINE
  5
265
330
1A
100
AcDbEntity
  8
BLACK
  6
CONTINUOUS
100
AcDbLine
 10
2.1900187795275592
 20
0.7132633858267716
 30
0
 11
2.1903230314960629
 21
0.7133466929133858
 31
0
  0
LINE
  5
266
330
1A
100
AcDbEntity
  8
BLACK
  6
CONTINUOUS
100
AcDbLine
 10
2.1903230314960629
 20
0.7133466929133858
 30
0
 11
2.1903658661417325
 21
0.7133324409448819
 31
0
  0
LINE
  5
267
330
1A
100
AcDbEntity
  8
BLACK
  6
CONTINUOUS
100
AcDbLine
 10
2.1903658661417325
 20
0.7133324409448819
 30
0
 11
2.1904625984251966
 21
0.7133516535433071
 31
0
  0
LINE
  5
268
330
1A
100
AcDbEntity
  8
BLACK
  6
CONTINUOUS
100
AcDbLine
 10
2.1904625984251966
 20
0.7133516535433071
 30
0
 11
2.1942121259842517
 21
0.7133516535433071
 31
0
  0
LINE
  5
269
330
1A
100
AcDbEntity
  8
BLACK
  6
CONTINUOUS
100
AcDbLine
 10
2.1942121259842517
 20
0.7133516535433071
 30
0
 11
2.1943088188976376
 21
0.7133324409448819
 31
0
  0
LINE
  5
26A
330
1A
100
AcDbEntity
  8
BLACK
  6
CONTINUOUS
100
AcDbLine
 10
2.1943088188976376
 20
0.7133324409448819
 30
0
 11
2.1943516535433072
 21
0.7133466929133858
 31
0
  0
LINE
  5
26B
330
1A
100
AcDbEntity
  8
BLACK
  6
CONTINUOUS
100
AcDbLine
 10
2.1943516535433072
 20
0.7133466929133858
 30
0
 11
2.1946559448818896
 21
0.7132633858267716
 31
0
  0
LINE
  5
26C
330
1A
100
AcDbEntity
  8
BLACK
  6
CONTINUOUS
100
AcDbLine
 10
2.1946559448818896
 20
0.7132633858267716
 30
0
 11
2.1949654330708661
 21
0.713201811023622
 31
0
  0
LINE
  5
26D
330
1A
100
AcDbEntity
  8
BLACK
  6
CONTINUOUS
100
AcDbLine
 10
2.1949654330708661
 20
0.713201811023622
 30
0
 11
2.1949973228346455
 21
0.7131699212598425
 31
0
  0
LINE
  5
26E
330
1A
100
AcDbEntity
  8
BLACK
  6
CONTINUOUS
100
AcDbLine
 10
2.1949973228346455
 20
0.7131699212598425
 30
0
 11
2.1950924409448818
 21
0.7131438582677165
 31
0
  0
LINE
  5
26F
330
1A
100
AcDbEntity
  8
BLACK
  6
CONTINUOUS
100
AcDbLine
 10
2.1950924409448818
 20
0.7131438582677165
 30
0
 11
2.196773031496063
 21
0.7123035826771653
 31
0
  0
LINE
  5
270
330
1A
100
AcDbEntity
  8
BLACK
  6
CONTINUOUS
100
AcDbLine
 10
2.196773031496063
 20
0.7123035826771653
 30
0
 11
2.196773031496063
 21
0.789248346456693
 31
0
  0
LINE
  5
271
330
1A
100
AcDbEntity
  8
BLACK
  6
CONTINUOUS
100
AcDbLine
 10
2.196773031496063
 20
0.789248346456693
 30
0
 11
2.0648832677165352
 21
0.789248346456693
 31
0
  0
LINE
  5
272
330
1A
100
AcDbEntity
  8
BLACK
  6
CONTINUOUS
100
AcDbLine
 10
2.1900550393700788
 20
0.7033542519685039
 30
0
 11
2.1896189763779526
 21
0.7024820472440945
 31
0
  0
LINE
  5
273
330
1A
100
AcDbEntity
  8
BLACK
  6
CONTINUOUS
100
AcDbLine
 10
2.1896189763779526
 20
0.7024820472440945
 30
0
 11
2.1896189763779526
 21
0.7015366929133858
 31
0
  0
LINE
  5
274
330
1A
100
AcDbEntity
  8
BLACK
  6
CONTINUOUS
100
AcDbLine
 10
2.1896189763779526
 20
0.7015366929133858
 30
0
 11
2.1900550787401576
 21
0.7006644488188977
 31
0
  0
LINE
  5
275
330
1A
100
AcDbEntity
  8
BLACK
  6
CONTINUOUS
100
AcDbLine
 10
2.1900550787401576
 20
0.7006644488188977
 30
0
 11
2.1909273228346455
 21
0.7002283070866142
 31
0
  0
LINE
  5
276
330
1A
100
AcDbEntity
  8
BLACK
  6
CONTINUOUS
100
AcDbLine
 10
2.1909273228346455
 20
0.7002283070866142
 30
0
 11
2.1946848031496065
 21
0.7002283070866142
 31
0
  0
LINE
  5
277
330
1A
100
AcDbEntity
  8
BLACK
  6
CONTINUOUS
100
AcDbLine
 10
2.1946848031496065
 20
0.7002283070866142
 30
0
 11
2.1950557874015746
 21
0.7004138188976378
 31
0
  0
LINE
  5
278
330
1A
100
AcDbEntity
  8
BLACK
  6
CONTINUOUS
100
AcDbLine
 10
2.1950557874015746
 20
0.7004138188976378
 30
0
 11
2.1950557874015746
 21
0.7037903543307087
 31
0
  0
LINE
  5
279
330
1A
100
AcDbEntity
  8
BLACK
  6
CONTINUOUS
100
AcDbLine
 10
2.1950557874015746
 20
0.7037903543307087
 30
0
 11
2.1909273228346455
 21
0.7037903543307087
 31
0
  0
LINE
  5
27A
330
1A
100
AcDbEntity
  8
BLACK
  6
CONTINUOUS
100
AcDbLine
 10
2.1909273228346455
 20
0.7037903543307087
 30
0
 11
2.1900550393700788
 21
0.7033542519685039
 31
0
  0
LINE
  5
27B
330
1A
100
AcDbEntity
  8
BLACK
  6
CONTINUOUS
100
AcDbLine
 10
1.3023451574803149
 20
0.7624742913385827
 30
0
 11
1.3028778346456693
 21
0.7619416141732284
 31
0
  0
LINE
  5
27C
330
1A
100
AcDbEntity
  8
BLACK
  6
CONTINUOUS
100
AcDbLine
 10
1.3028778346456693
 20
0.7619416141732284
 30
0
 11
1.3029527559055119
 21
0.7615649606299213
 31
0
  0
LINE
  5
27D
330
1A
100
AcDbEntity
  8
BLACK
  6
CONTINUOUS
100
AcDbLine
 10
1.3029527559055119
 20
0.7615649606299213
 30
0
 11
1.3029527559055119
 21
0.6316437007874015
 31
0
  0
LINE
  5
27E
330
1A
100
AcDbEntity
  8
BLACK
  6
CONTINUOUS
100
AcDbLine
 10
1.3029527559055119
 20
0.6316437007874015
 30
0
 11
1.3028778346456693
 21
0.6312670472440944
 31
0
  0
LINE
  5
27F
330
1A
100
AcDbEntity
  8
BLACK
  6
CONTINUOUS
100
AcDbLine
 10
1.3028778346456693
 20
0.6312670472440944
 30
0
 11
1.3023451574803149
 21
0.6307343700787401
 31
0
  0
LINE
  5
280
330
1A
100
AcDbEntity
  8
BLACK
  6
CONTINUOUS
100
AcDbLine
 10
1.3023451574803149
 20
0.6307343700787401
 30
0
 11
1.3019685039370079
 21
0.6306594488188976
 31
0
  0
LINE
  5
281
330
1A
100
AcDbEntity
  8
BLACK
  6
CONTINUOUS
100
AcDbLine
 10
1.3019685039370079
 20
0.6306594488188976
 30
0
 11
1.2444881889763779
 21
0.6306594488188976
 31
0
  0
LINE
  5
282
330
1A
100
AcDbEntity
  8
BLACK
  6
CONTINUOUS
100
AcDbLine
 10
1.2444881889763779
 20
0.6306594488188976
 30
0
 11
1.2441115354330707
 21
0.6307343700787401
 31
0
  0
LINE
  5
283
330
1A
100
AcDbEntity
  8
BLACK
  6
CONTINUOUS
100
AcDbLine
 10
1.2441115354330707
 20
0.6307343700787401
 30
0
 11
1.2435788582677165
 21
0.6312670472440944
 31
0
  0
LINE
  5
284
330
1A
100
AcDbEntity
  8
BLACK
  6
CONTINUOUS
100
AcDbLine
 10
1.2435788582677165
 20
0.6312670472440944
 30
0
 11
1.243503937007874
 21
0.6316437007874015
 31
0
  0
LINE
  5
285
330
1A
100
AcDbEntity
  8
BLACK
  6
CONTINUOUS
100
AcDbLine
 10
1.243503937007874
 20
0.6316437007874015
 30
0
 11
1.243503937007874
 21
0.7615649606299213
 31
0
  0
LINE
  5
286
330
1A
100
AcDbEntity
  8
BLACK
  6
CONTINUOUS
100
AcDbLine
 10
1.243503937007874
 20
0.7615649606299213
 30
0
 11
1.2435788582677165
 21
0.7619416141732284
 31
0
  0
LINE
  5
287
330
1A
100
AcDbEntity
  8
BLACK
  6
CONTINUOUS
100
AcDbLine
 10
1.2435788582677165
 20
0.7619416141732284
 30
0
 11
1.2441115354330707
 21
0.7624742913385827
 31
0
  0
LINE
  5
288
330
1A
100
AcDbEntity
  8
BLACK
  6
CONTINUOUS
100
AcDbLine
 10
1.2441115354330707
 20
0.7624742913385827
 30
0
 11
1.2444881889763779
 21
0.7625492125984252
 31
0
  0
LINE
  5
289
330
1A
100
AcDbEntity
  8
BLACK
  6
CONTINUOUS
100
AcDbLine
 10
1.2444881889763779
 20
0.7625492125984252
 30
0
 11
1.3019685039370079
 21
0.7625492125984252
 31
0
  0
LINE
  5
28A
330
1A
100
AcDbEntity
  8
BLACK
  6
CONTINUOUS
100
AcDbLine
 10
1.3019685039370079
 20
0.7625492125984252
 30
0
 11
1.3023451574803149
 21
0.7624742913385827
 31
0
  0
LINE
  5
28B
330
1A
100
AcDbEntity
  8
BLACK
  6
CONTINUOUS
100
AcDbLine
 10
1.2454724409448819
 20
0.7605807086614174
 30
0
 11
1.2454724409448819
 21
0.6326279527559054
 31
0
  0
LINE
  5
28C
330
1A
100
AcDbEntity
  8
BLACK
  6
CONTINUOUS
100
AcDbLine
 10
1.2454724409448819
 20
0.6326279527559054
 30
0
 11
1.300984251968504
 21
0.6326279527559054
 31
0
  0
LINE
  5
28D
330
1A
100
AcDbEntity
  8
BLACK
  6
CONTINUOUS
100
AcDbLine
 10
1.300984251968504
 20
0.6326279527559054
 30
0
 11
1.300984251968504
 21
0.7605807086614174
 31
0
  0
LINE
  5
28E
330
1A
100
AcDbEntity
  8
BLACK
  6
CONTINUOUS
100
AcDbLine
 10
1.300984251968504
 20
0.7605807086614174
 30
0
 11
1.2454724409448819
 21
0.7605807086614174
 31
0
  0
LINE
  5
28F
330
1A
100
AcDbEntity
  8
BLACK
  6
CONTINUOUS
100
AcDbLine
 10
2.2130564960629919
 20
0.7133324409448819
 30
0
 11
2.2130993307086615
 21
0.7133466929133858
 31
0
  0
LINE
  5
290
330
1A
100
AcDbEntity
  8
BLACK
  6
CONTINUOUS
100
AcDbLine
 10
2.2130993307086615
 20
0.7133466929133858
 30
0
 11
2.2134036220472439
 21
0.7132633858267716
 31
0
  0
LINE
  5
291
330
1A
100
AcDbEntity
  8
BLACK
  6
CONTINUOUS
100
AcDbLine
 10
2.2134036220472439
 20
0.7132633858267716
 30
0
 11
2.2137131102362204
 21
0.713201811023622
 31
0
  0
LINE
  5
292
330
1A
100
AcDbEntity
  8
BLACK
  6
CONTINUOUS
100
AcDbLine
 10
2.2137131102362204
 20
0.713201811023622
 30
0
 11
2.2137449999999999
 21
0.7131699212598425
 31
0
  0
LINE
  5
293
330
1A
100
AcDbEntity
  8
BLACK
  6
CONTINUOUS
100
AcDbLine
 10
2.2137449999999999
 20
0.7131699212598425
 30
0
 11
2.2138401181102361
 21
0.7131438582677165
 31
0
  0
LINE
  5
294
330
1A
100
AcDbEntity
  8
BLACK
  6
CONTINUOUS
100
AcDbLine
 10
2.2138401181102361
 20
0.7131438582677165
 30
0
 11
2.2157148818897636
 21
0.7122064960629921
 31
0
  0
LINE
  5
295
330
1A
100
AcDbEntity
  8
BLACK
  6
CONTINUOUS
100
AcDbLine
 10
2.2157148818897636
 20
0.7122064960629921
 30
0
 11
2.2163216535433072
 21
0.7117355905511811
 31
0
  0
LINE
  5
296
330
1A
100
AcDbEntity
  8
BLACK
  6
CONTINUOUS
100
AcDbLine
 10
2.2163216535433072
 20
0.7117355905511811
 30
0
 11
2.2167981102362204
 21
0.7103062598425197
 31
0
  0
LINE
  5
297
330
1A
100
AcDbEntity
  8
BLACK
  6
CONTINUOUS
100
AcDbLine
 10
2.2167981102362204
 20
0.7103062598425197
 30
0
 11
2.2161243307086615
 21
0.7089587007874015
 31
0
  0
LINE
  5
298
330
1A
100
AcDbEntity
  8
BLACK
  6
CONTINUOUS
100
AcDbLine
 10
2.2161243307086615
 20
0.7089587007874015
 30
0
 11
2.2146949999999999
 21
0.7084822440944881
 31
0
  0
LINE
  5
299
330
1A
100
AcDbEntity
  8
BLACK
  6
CONTINUOUS
100
AcDbLine
 10
2.2146949999999999
 20
0.7084822440944881
 30
0
 11
2.2139542125984253
 21
0.7086851181102362
 31
0
  0
LINE
  5
29A
330
1A
100
AcDbEntity
  8
BLACK
  6
CONTINUOUS
100
AcDbLine
 10
2.2139542125984253
 20
0.7086851181102362
 30
0
 11
2.2124950787401576
 21
0.7094146456692914
 31
0
  0
LINE
  5
29B
330
1A
100
AcDbEntity
  8
BLACK
  6
CONTINUOUS
100
AcDbLine
 10
2.2124950787401576
 20
0.7094146456692914
 30
0
 11
2.2096749999999998
 21
0.7094146456692914
 31
0
  0
LINE
  5
29C
330
1A
100
AcDbEntity
  8
BLACK
  6
CONTINUOUS
100
AcDbLine
 10
2.2096749999999998
 20
0.7094146456692914
 30
0
 11
2.2085015354330708
 21
0.7088279527559055
 31
0
  0
LINE
  5
29D
330
1A
100
AcDbEntity
  8
BLACK
  6
CONTINUOUS
100
AcDbLine
 10
2.2085015354330708
 20
0.7088279527559055
 30
0
 11
2.2080159448818897
 21
0.7083423622047244
 31
0
  0
LINE
  5
29E
330
1A
100
AcDbEntity
  8
BLACK
  6
CONTINUOUS
100
AcDbLine
 10
2.2080159448818897
 20
0.7083423622047244
 30
0
 11
2.2074292519685037
 21
0.707168937007874
 31
0
  0
LINE
  5
29F
330
1A
100
AcDbEntity
  8
BLACK
  6
CONTINUOUS
100
AcDbLine
 10
2.2074292519685037
 20
0.707168937007874
 30
0
 11
2.2074292519685037
 21
0.7024740551181102
 31
0
  0
LINE
  5
2A0
330
1A
100
AcDbEntity
  8
BLACK
  6
CONTINUOUS
100
AcDbLine
 10
2.2074292519685037
 20
0.7024740551181102
 30
0
 11
2.2080159448818897
 21
0.7013006299212599
 31
0
  0
LINE
  5
2A1
330
1A
100
AcDbEntity
  8
BLACK
  6
CONTINUOUS
100
AcDbLine
 10
2.2080159448818897
 20
0.7013006299212599
 30
0
 11
2.2085015354330708
 21
0.7008150393700787
 31
0
  0
LINE
  5
2A2
330
1A
100
AcDbEntity
  8
BLACK
  6
CONTINUOUS
100
AcDbLine
 10
2.2085015354330708
 20
0.7008150393700787
 30
0
 11
2.2096749999999998
 21
0.7002283070866142
 31
0
  0
LINE
  5
2A3
330
1A
100
AcDbEntity
  8
BLACK
  6
CONTINUOUS
100
AcDbLine
 10
2.2096749999999998
 20
0.7002283070866142
 30
0
 11
2.2124950787401576
 21
0.7002283070866142
 31
0
  0
LINE
  5
2A4
330
1A
100
AcDbEntity
  8
BLACK
  6
CONTINUOUS
100
AcDbLine
 10
2.2124950787401576
 20
0.7002283070866142
 30
0
 11
2.2139542125984253
 21
0.7009578346456693
 31
0
  0
LINE
  5
2A5
330
1A
100
AcDbEntity
  8
BLACK
  6
CONTINUOUS
100
AcDbLine
 10
2.2139542125984253
 20
0.7009578346456693
 30
0
 11
2.2146949999999999
 21
0.7011607086614173
 31
0
  0
LINE
  5
2A6
330
1A
100
AcDbEntity
  8
BLACK
  6
CONTINUOUS
100
AcDbLine
 10
2.2146949999999999
 20
0.7011607086614173
 30
0
 11
2.2161243307086615
 21
0.7006842519685039
 31
0
  0
LINE
  5
2A7
330
1A
100
AcDbEntity
  8
BLACK
  6
CONTINUOUS
100
AcDbLine
 10
2.2161243307086615
 20
0.7006842519685039
 30
0
 11
2.2167981102362204
 21
0.6993366929133858
 31
0
  0
LINE
  5
2A8
330
1A
100
AcDbEntity
  8
BLACK
  6
CONTINUOUS
100
AcDbLine
 10
2.2167981102362204
 20
0.6993366929133858
 30
0
 11
2.2163216535433072
 21
0.6979073622047244
 31
0
  0
LINE
  5
2A9
330
1A
100
AcDbEntity
  8
BLACK
  6
CONTINUOUS
100
AcDbLine
 10
2.2163216535433072
 20
0.6979073622047244
 30
0
 11
2.2157148818897636
 21
0.6974364566929133
 31
0
  0
LINE
  5
2AA
330
1A
100
AcDbEntity
  8
BLACK
  6
CONTINUOUS
100
AcDbLine
 10
2.2157148818897636
 20
0.6974364566929133
 30
0
 11
2.2138401181102361
 21
0.6964990944881889
 31
0
  0
LINE
  5
2AB
330
1A
100
AcDbEntity
  8
BLACK
  6
CONTINUOUS
100
AcDbLine
 10
2.2138401181102361
 20
0.6964990944881889
 30
0
 11
2.2137449999999999
 21
0.6964730708661417
 31
0
  0
LINE
  5
2AC
330
1A
100
AcDbEntity
  8
BLACK
  6
CONTINUOUS
100
AcDbLine
 10
2.2137449999999999
 20
0.6964730708661417
 30
0
 11
2.2137131102362204
 21
0.6964411417322834
 31
0
  0
LINE
  5
2AD
330
1A
100
AcDbEntity
  8
BLACK
  6
CONTINUOUS
100
AcDbLine
 10
2.2137131102362204
 20
0.6964411417322834
 30
0
 11
2.2134036220472439
 21
0.6963796062992126
 31
0
  0
LINE
  5
2AE
330
1A
100
AcDbEntity
  8
BLACK
  6
CONTINUOUS
100
AcDbLine
 10
2.2134036220472439
 20
0.6963796062992126
 30
0
 11
2.2130993307086615
 21
0.6962962598425196
 31
0
  0
LINE
  5
2AF
330
1A
100
AcDbEntity
  8
BLACK
  6
CONTINUOUS
100
AcDbLine
 10
2.2130993307086615
 20
0.6962962598425196
 30
0
 11
2.2130564960629919
 21
0.6963105511811023
 31
0
  0
LINE
  5
2B0
330
1A
100
AcDbEntity
  8
BLACK
  6
CONTINUOUS
100
AcDbLine
 10
2.2130564960629919
 20
0.6963105511811023
 30
0
 11
2.2129598031496061
 21
0.6962912992125984
 31
0
  0
LINE
  5
2B1
330
1A
100
AcDbEntity
  8
BLACK
  6
CONTINUOUS
100
AcDbLine
 10
2.2129598031496061
 20
0.6962912992125984
 30
0
 11
2.2092102755905509
 21
0.6962912992125984
 31
0
  0
LINE
  5
2B2
330
1A
100
AcDbEntity
  8
BLACK
  6
CONTINUOUS
100
AcDbLine
 10
2.2092102755905509
 20
0.6962912992125984
 30
0
 11
2.2091135433070868
 21
0.6963105511811023
 31
0
  0
LINE
  5
2B3
330
1A
100
AcDbEntity
  8
BLACK
  6
CONTINUOUS
100
AcDbLine
 10
2.2091135433070868
 20
0.6963105511811023
 30
0
 11
2.2090707086614172
 21
0.6962962598425196
 31
0
  0
LINE
  5
2B4
330
1A
100
AcDbEntity
  8
BLACK
  6
CONTINUOUS
100
AcDbLine
 10
2.2090707086614172
 20
0.6962962598425196
 30
0
 11
2.2087664566929135
 21
0.6963796062992126
 31
0
  0
LINE
  5
2B5
330
1A
100
AcDbEntity
  8
BLACK
  6
CONTINUOUS
100
AcDbLine
 10
2.2087664566929135
 20
0.6963796062992126
 30
0
 11
2.208456968503937
 21
0.6964411417322834
 31
0
  0
LINE
  5
2B6
330
1A
100
AcDbEntity
  8
BLACK
  6
CONTINUOUS
100
AcDbLine
 10
2.208456968503937
 20
0.6964411417322834
 30
0
 11
2.2084250000000001
 21
0.6964731102362205
 31
0
  0
LINE
  5
2B7
330
1A
100
AcDbEntity
  8
BLACK
  6
CONTINUOUS
100
AcDbLine
 10
2.2084250000000001
 20
0.6964731102362205
 30
0
 11
2.2083299212598426
 21
0.6964991338582677
 31
0
  0
LINE
  5
2B8
330
1A
100
AcDbEntity
  8
BLACK
  6
CONTINUOUS
100
AcDbLine
 10
2.2083299212598426
 20
0.6964991338582677
 30
0
 11
2.2064551968503938
 21
0.6974364566929133
 31
0
  0
LINE
  5
2B9
330
1A
100
AcDbEntity
  8
BLACK
  6
CONTINUOUS
100
AcDbLine
 10
2.2064551968503938
 20
0.6974364566929133
 30
0
 11
2.2062059055118111
 21
0.6976299212598425
 31
0
  0
LINE
  5
2BA
330
1A
100
AcDbEntity
  8
BLACK
  6
CONTINUOUS
100
AcDbLine
 10
2.2062059055118111
 20
0.6976299212598425
 30
0
 11
2.2059435433070864
 21
0.6978052362204724
 31
0
  0
LINE
  5
2BB
330
1A
100
AcDbEntity
  8
BLACK
  6
CONTINUOUS
100
AcDbLine
 10
2.2059435433070864
 20
0.6978052362204724
 30
0
 11
2.205006181102362
 21
0.6987426377952756
 31
0
  0
LINE
  5
2BC
330
1A
100
AcDbEntity
  8
BLACK
  6
CONTINUOUS
100
AcDbLine
 10
2.205006181102362
 20
0.6987426377952756
 30
0
 11
2.2048310236220474
 21
0.6990047637795276
 31
0
  0
LINE
  5
2BD
330
1A
100
AcDbEntity
  8
BLACK
  6
CONTINUOUS
100
AcDbLine
 10
2.2048310236220474
 20
0.6990047637795276
 30
0
 11
2.2046374015748031
 21
0.6992542519685039
 31
0
  0
LINE
  5
2BE
330
1A
100
AcDbEntity
  8
BLACK
  6
CONTINUOUS
100
AcDbLine
 10
2.2046374015748031
 20
0.6992542519685039
 30
0
 11
2.2037000393700787
 21
0.7011290157480314
 31
0
  0
LINE
  5
2BF
330
1A
100
AcDbEntity
  8
BLACK
  6
CONTINUOUS
100
AcDbLine
 10
2.2037000393700787
 20
0.7011290157480314
 30
0
 11
2.2036739763779529
 21
0.7012241338582677
 31
0
  0
LINE
  5
2C0
330
1A
100
AcDbEntity
  8
BLACK
  6
CONTINUOUS
100
AcDbLine
 10
2.2036739763779529
 20
0.7012241338582677
 30
0
 11
2.203642086614173
 21
0.7012560236220472
 31
0
  0
LINE
  5
2C1
330
1A
100
AcDbEntity
  8
BLACK
  6
CONTINUOUS
100
AcDbLine
 10
2.203642086614173
 20
0.7012560236220472
 30
0
 11
2.2035805118110234
 21
0.7015655118110236
 31
0
  0
LINE
  5
2C2
330
1A
100
AcDbEntity
  8
BLACK
  6
CONTINUOUS
100
AcDbLine
 10
2.2035805118110234
 20
0.7015655118110236
 30
0
 11
2.2034972047244095
 21
0.7018698031496062
 31
0
  0
LINE
  5
2C3
330
1A
100
AcDbEntity
  8
BLACK
  6
CONTINUOUS
100
AcDbLine
 10
2.2034972047244095
 20
0.7018698031496062
 30
0
 11
2.2035114566929135
 21
0.7019126377952756
 31
0
  0
LINE
  5
2C4
330
1A
100
AcDbEntity
  8
BLACK
  6
CONTINUOUS
100
AcDbLine
 10
2.2035114566929135
 20
0.7019126377952756
 30
0
 11
2.203492244094488
 21
0.7020093307086614
 31
0
  0
LINE
  5
2C5
330
1A
100
AcDbEntity
  8
BLACK
  6
CONTINUOUS
100
AcDbLine
 10
2.203492244094488
 20
0.7020093307086614
 30
0
 11
2.203492244094488
 21
0.7076336220472441
 31
0
  0
LINE
  5
2C6
330
1A
100
AcDbEntity
  8
BLACK
  6
CONTINUOUS
100
AcDbLine
 10
2.203492244094488
 20
0.7076336220472441
 30
0
 11
2.2035114566929135
 21
0.7077303543307086
 31
0
  0
LINE
  5
2C7
330
1A
100
AcDbEntity
  8
BLACK
  6
CONTINUOUS
100
AcDbLine
 10
2.2035114566929135
 20
0.7077303543307086
 30
0
 11
2.2034972047244095
 21
0.7077731496062992
 31
0
  0
LINE
  5
2C8
330
1A
100
AcDbEntity
  8
BLACK
  6
CONTINUOUS
100
AcDbLine
 10
2.2034972047244095
 20
0.7077731496062992
 30
0
 11
2.2035805118110234
 21
0.7080774803149606
 31
0
  0
LINE
  5
2C9
330
1A
100
AcDbEntity
  8
BLACK
  6
CONTINUOUS
100
AcDbLine
 10
2.2035805118110234
 20
0.7080774803149606
 30
0
 11
2.203642086614173
 21
0.7083869291338583
 31
0
  0
LINE
  5
2CA
330
1A
100
AcDbEntity
  8
BLACK
  6
CONTINUOUS
100
AcDbLine
 10
2.203642086614173
 20
0.7083869291338583
 30
0
 11
2.2036739763779529
 21
0.7084188582677166
 31
0
  0
LINE
  5
2CB
330
1A
100
AcDbEntity
  8
BLACK
  6
CONTINUOUS
100
AcDbLine
 10
2.2036739763779529
 20
0.7084188582677166
 30
0
 11
2.2037000393700787
 21
0.708513937007874
 31
0
  0
LINE
  5
2CC
330
1A
100
AcDbEntity
  8
BLACK
  6
CONTINUOUS
100
AcDbLine
 10
2.2037000393700787
 20
0.708513937007874
 30
0
 11
2.2046374015748031
 21
0.7103887007874016
 31
0
  0
LINE
  5
2CD
330
1A
100
AcDbEntity
  8
BLACK
  6
CONTINUOUS
100
AcDbLine
 10
2.2046374015748031
 20
0.7103887007874016
 30
0
 11
2.2048310236220474
 21
0.7106382283464566
 31
0
  0
LINE
  5
2CE
330
1A
100
AcDbEntity
  8
BLACK
  6
CONTINUOUS
100
AcDbLine
 10
2.2048310236220474
 20
0.7106382283464566
 30
0
 11
2.205006181102362
 21
0.7109003149606299
 31
0
  0
LINE
  5
2CF
330
1A
100
AcDbEntity
  8
BLACK
  6
CONTINUOUS
100
AcDbLine
 10
2.205006181102362
 20
0.7109003149606299
 30
0
 11
2.2059435433070864
 21
0.711837716535433
 31
0
  0
LINE
  5
2D0
330
1A
100
AcDbEntity
  8
BLACK
  6
CONTINUOUS
100
AcDbLine
 10
2.2059435433070864
 20
0.711837716535433
 30
0
 11
2.2062059055118111
 21
0.7120130708661417
 31
0
  0
LINE
  5
2D1
330
1A
100
AcDbEntity
  8
BLACK
  6
CONTINUOUS
100
AcDbLine
 10
2.2062059055118111
 20
0.7120130708661417
 30
0
 11
2.2064551968503938
 21
0.7122064960629921
 31
0
  0
LINE
  5
2D2
330
1A
100
AcDbEntity
  8
BLACK
  6
CONTINUOUS
100
AcDbLine
 10
2.2064551968503938
 20
0.7122064960629921
 30
0
 11
2.2083299212598426
 21
0.7131438188976378
 31
0
  0
LINE
  5
2D3
330
1A
100
AcDbEntity
  8
BLACK
  6
CONTINUOUS
100
AcDbLine
 10
2.2083299212598426
 20
0.7131438188976378
 30
0
 11
2.2084250000000001
 21
0.7131698818897637
 31
0
  0
LINE
  5
2D4
330
1A
100
AcDbEntity
  8
BLACK
  6
CONTINUOUS
100
AcDbLine
 10
2.2084250000000001
 20
0.7131698818897637
 30
0
 11
2.208456968503937
 21
0.713201811023622
 31
0
  0
LINE
  5
2D5
330
1A
100
AcDbEntity
  8
BLACK
  6
CONTINUOUS
100
AcDbLine
 10
2.208456968503937
 20
0.713201811023622
 30
0
 11
2.2087664566929135
 21
0.7132633858267716
 31
0
  0
LINE
  5
2D6
330
1A
100
AcDbEntity
  8
BLACK
  6
CONTINUOUS
100
AcDbLine
 10
2.2087664566929135
 20
0.7132633858267716
 30
0
 11
2.2090707086614172
 21
0.7133466929133858
 31
0
  0
LINE
  5
2D7
330
1A
100
AcDbEntity
  8
BLACK
  6
CONTINUOUS
100
AcDbLine
 10
2.2090707086614172
 20
0.7133466929133858
 30
0
 11
2.2091135433070868
 21
0.7133324409448819
 31
0
  0
LINE
  5
2D8
330
1A
100
AcDbEntity
  8
BLACK
  6
CONTINUOUS
100
AcDbLine
 10
2.2091135433070868
 20
0.7133324409448819
 30
0
 11
2.2092102755905509
 21
0.7133516535433071
 31
0
  0
LINE
  5
2D9
330
1A
100
AcDbEntity
  8
BLACK
  6
CONTINUOUS
100
AcDbLine
 10
2.2092102755905509
 20
0.7133516535433071
 30
0
 11
2.2129598031496061
 21
0.7133516535433071
 31
0
  0
LINE
  5
2DA
330
1A
100
AcDbEntity
  8
BLACK
  6
CONTINUOUS
100
AcDbLine
 10
2.2129598031496061
 20
0.7133516535433071
 30
0
 11
2.2130564960629919
 21
0.7133324409448819
 31
0
  0
LINE
  5
2DB
330
1A
100
AcDbEntity
  8
BLACK
  6
CONTINUOUS
100
AcDbLine
 10
2.2250896456692915
 20
0.7186981496062992
 30
0
 11
2.2252394881889765
 21
0.717944842519685
 31
0
  0
LINE
  5
2DC
330
1A
100
AcDbEntity
  8
BLACK
  6
CONTINUOUS
100
AcDbLine
 10
2.2252394881889765
 20
0.717944842519685
 30
0
 11
2.2252394881889765
 21
0.7086364960629921
 31
0
  0
LINE
  5
2DD
330
1A
100
AcDbEntity
  8
BLACK
  6
CONTINUOUS
100
AcDbLine
 10
2.2252394881889765
 20
0.7086364960629921
 30
0
 11
2.2293781102362202
 21
0.7127751181102362
 31
0
  0
LINE
  5
2DE
330
1A
100
AcDbEntity
  8
BLACK
  6
CONTINUOUS
100
AcDbLine
 10
2.2293781102362202
 20
0.7127751181102362
 30
0
 11
2.2300167322834645
 21
0.713201811023622
 31
0
  0
LINE
  5
2DF
330
1A
100
AcDbEntity
  8
BLACK
  6
CONTINUOUS
100
AcDbLine
 10
2.2300167322834645
 20
0.713201811023622
 30
0
 11
2.2315233464566928
 21
0.713201811023622
 31
0
  0
LINE
  5
2E0
330
1A
100
AcDbEntity
  8
BLACK
  6
CONTINUOUS
100
AcDbLine
 10
2.2315233464566928
 20
0.713201811023622
 30
0
 11
2.2325887007874017
 21
0.7121364566929134
 31
0
  0
LINE
  5
2E1
330
1A
100
AcDbEntity
  8
BLACK
  6
CONTINUOUS
100
AcDbLine
 10
2.2325887007874017
 20
0.7121364566929134
 30
0
 11
2.2325887007874017
 21
0.710629842519685
 31
0
  0
LINE
  5
2E2
330
1A
100
AcDbEntity
  8
BLACK
  6
CONTINUOUS
100
AcDbLine
 10
2.2325887007874017
 20
0.710629842519685
 30
0
 11
2.2321620078740159
 21
0.7099912204724409
 31
0
  0
LINE
  5
2E3
330
1A
100
AcDbEntity
  8
BLACK
  6
CONTINUOUS
100
AcDbLine
 10
2.2321620078740159
 20
0.7099912204724409
 30
0
 11
2.2277448818897638
 21
0.7055741732283465
 31
0
  0
LINE
  5
2E4
330
1A
100
AcDbEntity
  8
BLACK
  6
CONTINUOUS
100
AcDbLine
 10
2.2277448818897638
 20
0.7055741732283465
 30
0
 11
2.232344842519685
 21
0.699440905511811
 31
0
  0
LINE
  5
2E5
330
1A
100
AcDbEntity
  8
BLACK
  6
CONTINUOUS
100
AcDbLine
 10
2.232344842519685
 20
0.699440905511811
 30
0
 11
2.2326769685039372
 21
0.6987483464566929
 31
0
  0
LINE
  5
2E6
330
1A
100
AcDbEntity
  8
BLACK
  6
CONTINUOUS
100
AcDbLine
 10
2.2326769685039372
 20
0.6987483464566929
 30
0
 11
2.2324638976377953
 21
0.6972568503937008
 31
0
  0
LINE
  5
2E7
330
1A
100
AcDbEntity
  8
BLACK
  6
CONTINUOUS
100
AcDbLine
 10
2.2324638976377953
 20
0.6972568503937008
 30
0
 11
2.2312585826771651
 21
0.696352874015748
 31
0
  0
LINE
  5
2E8
330
1A
100
AcDbEntity
  8
BLACK
  6
CONTINUOUS
100
AcDbLine
 10
2.2312585826771651
 20
0.696352874015748
 30
0
 11
2.229767086614173
 21
0.6965659448818897
 31
0
  0
LINE
  5
2E9
330
1A
100
AcDbEntity
  8
BLACK
  6
CONTINUOUS
100
AcDbLine
 10
2.229767086614173
 20
0.6965659448818897
 30
0
 11
2.2291952362204723
 21
0.6970787007874015
 31
0
  0
LINE
  5
2EA
330
1A
100
AcDbEntity
  8
BLACK
  6
CONTINUOUS
100
AcDbLine
 10
2.2291952362204723
 20
0.6970787007874015
 30
0
 11
2.2252394881889765
 21
0.702353031496063
 31
0
  0
LINE
  5
2EB
330
1A
100
AcDbEntity
  8
BLACK
  6
CONTINUOUS
100
AcDbLine
 10
2.2252394881889765
 20
0.702353031496063
 30
0
 11
2.2252394881889765
 21
0.6982598031496062
 31
0
  0
LINE
  5
2EC
330
1A
100
AcDbEntity
  8
BLACK
  6
CONTINUOUS
100
AcDbLine
 10
2.2252394881889765
 20
0.6982598031496062
 30
0
 11
2.2250896456692915
 21
0.6975064960629921
 31
0
  0
LINE
  5
2ED
330
1A
100
AcDbEntity
  8
BLACK
  6
CONTINUOUS
100
AcDbLine
 10
2.2250896456692915
 20
0.6975064960629921
 30
0
 11
2.2240242913385826
 21
0.6964411417322834
 31
0
  0
LINE
  5
2EE
330
1A
100
AcDbEntity
  8
BLACK
  6
CONTINUOUS
100
AcDbLine
 10
2.2240242913385826
 20
0.6964411417322834
 30
0
 11
2.2225176771653543
 21
0.6964411417322834
 31
0
  0
LINE
  5
2EF
330
1A
100
AcDbEntity
  8
BLACK
  6
CONTINUOUS
100
AcDbLine
 10
2.2225176771653543
 20
0.6964411417322834
 30
0
 11
2.2214523228346454
 21
0.6975064960629921
 31
0
  0
LINE
  5
2F0
330
1A
100
AcDbEntity
  8
BLACK
  6
CONTINUOUS
100
AcDbLine
 10
2.2214523228346454
 20
0.6975064960629921
 30
0
 11
2.2213024803149604
 21
0.6982598031496062
 31
0
  0
LINE
  5
2F1
330
1A
100
AcDbEntity
  8
BLACK
  6
CONTINUOUS
100
AcDbLine
 10
2.2213024803149604
 20
0.6982598031496062
 30
0
 11
2.2213024803149604
 21
0.717944842519685
 31
0
  0
LINE
  5
2F2
330
1A
100
AcDbEntity
  8
BLACK
  6
CONTINUOUS
100
AcDbLine
 10
2.2213024803149604
 20
0.717944842519685
 30
0
 11
2.2214523228346454
 21
0.7186981496062992
 31
0
  0
LINE
  5
2F3
330
1A
100
AcDbEntity
  8
BLACK
  6
CONTINUOUS
100
AcDbLine
 10
2.2214523228346454
 20
0.7186981496062992
 30
0
 11
2.2225176771653543
 21
0.7197635039370078
 31
0
  0
LINE
  5
2F4
330
1A
100
AcDbEntity
  8
BLACK
  6
CONTINUOUS
100
AcDbLine
 10
2.2225176771653543
 20
0.7197635039370078
 30
0
 11
2.2240242913385826
 21
0.7197635039370078
 31
0
  0
LINE
  5
2F5
330
1A
100
AcDbEntity
  8
BLACK
  6
CONTINUOUS
100
AcDbLine
 10
2.2240242913385826
 20
0.7197635039370078
 30
0
 11
2.2250896456692915
 21
0.7186981496062992
 31
0
  0
LINE
  5
2F6
330
1A
100
AcDbEntity
  8
BLACK
  6
CONTINUOUS
100
AcDbLine
 10
1.1521295669291338
 20
0.8387046062992126
 30
0
 11
1.1526622440944883
 21
0.8381719291338583
 31
0
  0
LINE
  5
2F7
330
1A
100
AcDbEntity
  8
BLACK
  6
CONTINUOUS
100
AcDbLine
 10
1.1526622440944883
 20
0.8381719291338583
 30
0
 11
1.1527371653543306
 21
0.8377952755905511
 31
0
  0
LINE
  5
2F8
330
1A
100
AcDbEntity
  8
BLACK
  6
CONTINUOUS
100
AcDbLine
 10
1.1527371653543306
 20
0.8377952755905511
 30
0
 11
1.1527371653543306
 21
0.7039370078740157
 31
0
  0
LINE
  5
2F9
330
1A
100
AcDbEntity
  8
BLACK
  6
CONTINUOUS
100
AcDbLine
 10
1.1527371653543306
 20
0.7039370078740157
 30
0
 11
1.1526622440944883
 21
0.7035603543307086
 31
0
  0
LINE
  5
2FA
330
1A
100
AcDbEntity
  8
BLACK
  6
CONTINUOUS
100
AcDbLine
 10
1.1526622440944883
 20
0.7035603543307086
 30
0
 11
1.1521295669291338
 21
0.7030276771653543
 31
0
  0
LINE
  5
2FB
330
1A
100
AcDbEntity
  8
BLACK
  6
CONTINUOUS
100
AcDbLine
 10
1.1521295669291338
 20
0.7030276771653543
 30
0
 11
1.1517529133858266
 21
0.7029527559055118
 31
0
  0
LINE
  5
2FC
330
1A
100
AcDbEntity
  8
BLACK
  6
CONTINUOUS
100
AcDbLine
 10
1.1517529133858266
 20
0.7029527559055118
 30
0
 11
1.0745875590551182
 21
0.7029527559055118
 31
0
  0
LINE
  5
2FD
330
1A
100
AcDbEntity
  8
BLACK
  6
CONTINUOUS
100
AcDbLine
 10
1.0745875590551182
 20
0.7029527559055118
 30
0
 11
1.074210905511811
 21
0.7030276771653543
 31
0
  0
LINE
  5
2FE
330
1A
100
AcDbEntity
  8
BLACK
  6
CONTINUOUS
100
AcDbLine
 10
1.074210905511811
 20
0.7030276771653543
 30
0
 11
1.0736782283464568
 21
0.7035603543307086
 31
0
  0
LINE
  5
2FF
330
1A
100
AcDbEntity
  8
BLACK
  6
CONTINUOUS
100
AcDbLine
 10
1.0736782283464568
 20
0.7035603543307086
 30
0
 11
1.0736033070866142
 21
0.7039370078740157
 31
0
  0
LINE
  5
300
330
1A
100
AcDbEntity
  8
BLACK
  6
CONTINUOUS
100
AcDbLine
 10
1.0736033070866142
 20
0.7039370078740157
 30
0
 11
1.0736033070866142
 21
0.8377952755905511
 31
0
  0
LINE
  5
301
330
1A
100
AcDbEntity
  8
BLACK
  6
CONTINUOUS
100
AcDbLine
 10
1.0736033070866142
 20
0.8377952755905511
 30
0
 11
1.0736782283464568
 21
0.8381719291338583
 31
0
  0
LINE
  5
302
330
1A
100
AcDbEntity
  8
BLACK
  6
CONTINUOUS
100
AcDbLine
 10
1.0736782283464568
 20
0.8381719291338583
 30
0
 11
1.074210905511811
 21
0.8387046062992126
 31
0
  0
LINE
  5
303
330
1A
100
AcDbEntity
  8
BLACK
  6
CONTINUOUS
100
AcDbLine
 10
1.074210905511811
 20
0.8387046062992126
 30
0
 11
1.0745875590551182
 21
0.838779527559055
 31
0
  0
LINE
  5
304
330
1A
100
AcDbEntity
  8
BLACK
  6
CONTINUOUS
100
AcDbLine
 10
1.0745875590551182
 20
0.838779527559055
 30
0
 11
1.1517529133858266
 21
0.838779527559055
 31
0
  0
LINE
  5
305
330
1A
100
AcDbEntity
  8
BLACK
  6
CONTINUOUS
100
AcDbLine
 10
1.1517529133858266
 20
0.838779527559055
 30
0
 11
1.1521295669291338
 21
0.8387046062992126
 31
0
  0
LINE
  5
306
330
1A
100
AcDbEntity
  8
BLACK
  6
CONTINUOUS
100
AcDbLine
 10
1.0755718110236221
 20
0.8368110236220472
 30
0
 11
1.0755718110236221
 21
0.7049212598425196
 31
0
  0
LINE
  5
307
330
1A
100
AcDbEntity
  8
BLACK
  6
CONTINUOUS
100
AcDbLine
 10
1.0755718110236221
 20
0.7049212598425196
 30
0
 11
1.1507686614173227
 21
0.7049212598425196
 31
0
  0
LINE
  5
308
330
1A
100
AcDbEntity
  8
BLACK
  6
CONTINUOUS
100
AcDbLine
 10
1.1507686614173227
 20
0.7049212598425196
 30
0
 11
1.1507686614173227
 21
0.8368110236220472
 31
0
  0
LINE
  5
309
330
1A
100
AcDbEntity
  8
BLACK
  6
CONTINUOUS
100
AcDbLine
 10
1.1507686614173227
 20
0.8368110236220472
 30
0
 11
1.0755718110236221
 21
0.8368110236220472
 31
0
  0
LINE
  5
30A
330
1A
100
AcDbEntity
  8
BLACK
  6
CONTINUOUS
100
AcDbLine
 10
1.2411059448818897
 20
0.8406051574803149
 30
0
 11
1.241638622047244
 21
0.8400724803149606
 31
0
  0
LINE
  5
30B
330
1A
100
AcDbEntity
  8
BLACK
  6
CONTINUOUS
100
AcDbLine
 10
1.241638622047244
 20
0.8400724803149606
 30
0
 11
1.2417135433070865
 21
0.8396958267716536
 31
0
  0
LINE
  5
30C
330
1A
100
AcDbEntity
  8
BLACK
  6
CONTINUOUS
100
AcDbLine
 10
1.2417135433070865
 20
0.8396958267716536
 30
0
 11
1.2417135433070865
 21
0.7058375590551181
 31
0
  0
LINE
  5
30D
330
1A
100
AcDbEntity
  8
BLACK
  6
CONTINUOUS
100
AcDbLine
 10
1.2417135433070865
 20
0.7058375590551181
 30
0
 11
1.241638622047244
 21
0.705460905511811
 31
0
  0
LINE
  5
30E
330
1A
100
AcDbEntity
  8
BLACK
  6
CONTINUOUS
100
AcDbLine
 10
1.241638622047244
 20
0.705460905511811
 30
0
 11
1.2411059448818897
 21
0.7049282283464566
 31
0
  0
LINE
  5
30F
330
1A
100
AcDbEntity
  8
BLACK
  6
CONTINUOUS
100
AcDbLine
 10
1.2411059448818897
 20
0.7049282283464566
 30
0
 11
1.2407292913385826
 21
0.7048533070866142
 31
0
  0
LINE
  5
310
330
1A
100
AcDbEntity
  8
BLACK
  6
CONTINUOUS
100
AcDbLine
 10
1.2407292913385826
 20
0.7048533070866142
 30
0
 11
1.1635639370078741
 21
0.7048533070866142
 31
0
  0
LINE
  5
311
330
1A
100
AcDbEntity
  8
BLACK
  6
CONTINUOUS
100
AcDbLine
 10
1.1635639370078741
 20
0.7048533070866142
 30
0
 11
1.1631872834645669
 21
0.7049282283464566
 31
0
  0
LINE
  5
312
330
1A
100
AcDbEntity
  8
BLACK
  6
CONTINUOUS
100
AcDbLine
 10
1.1631872834645669
 20
0.7049282283464566
 30
0
 11
1.1626546062992125
 21
0.705460905511811
 31
0
  0
LINE
  5
313
330
1A
100
AcDbEntity
  8
BLACK
  6
CONTINUOUS
100
AcDbLine
 10
1.1626546062992125
 20
0.705460905511811
 30
0
 11
1.1625796850393701
 21
0.7058375590551181
 31
0
  0
LINE
  5
314
330
1A
100
AcDbEntity
  8
BLACK
  6
CONTINUOUS
100
AcDbLine
 10
1.1625796850393701
 20
0.7058375590551181
 30
0
 11
1.1625796850393701
 21
0.8396958267716536
 31
0
  0
LINE
  5
315
330
1A
100
AcDbEntity
  8
BLACK
  6
CONTINUOUS
100
AcDbLine
 10
1.1625796850393701
 20
0.8396958267716536
 30
0
 11
1.1626546062992125
 21
0.8400724803149606
 31
0
  0
LINE
  5
316
330
1A
100
AcDbEntity
  8
BLACK
  6
CONTINUOUS
100
AcDbLine
 10
1.1626546062992125
 20
0.8400724803149606
 30
0
 11
1.1631872834645669
 21
0.8406051574803149
 31
0
  0
LINE
  5
317
330
1A
100
AcDbEntity
  8
BLACK
  6
CONTINUOUS
100
AcDbLine
 10
1.1631872834645669
 20
0.8406051574803149
 30
0
 11
1.1635639370078741
 21
0.8406800787401575
 31
0
  0
LINE
  5
318
330
1A
100
AcDbEntity
  8
BLACK
  6
CONTINUOUS
100
AcDbLine
 10
1.1635639370078741
 20
0.8406800787401575
 30
0
 11
1.2407292913385826
 21
0.8406800787401575
 31
0
  0
LINE
  5
319
330
1A
100
AcDbEntity
  8
BLACK
  6
CONTINUOUS
100
AcDbLine
 10
1.2407292913385826
 20
0.8406800787401575
 30
0
 11
1.2411059448818897
 21
0.8406051574803149
 31
0
  0
LINE
  5
31A
330
1A
100
AcDbEntity
  8
BLACK
  6
CONTINUOUS
100
AcDbLine
 10
1.164548188976378
 20
0.8387115748031496
 30
0
 11
1.164548188976378
 21
0.7068218110236221
 31
0
  0
LINE
  5
31B
330
1A
100
AcDbEntity
  8
BLACK
  6
CONTINUOUS
100
AcDbLine
 10
1.164548188976378
 20
0.7068218110236221
 30
0
 11
1.2397450393700786
 21
0.7068218110236221
 31
0
  0
LINE
  5
31C
330
1A
100
AcDbEntity
  8
BLACK
  6
CONTINUOUS
100
AcDbLine
 10
1.2397450393700786
 20
0.7068218110236221
 30
0
 11
1.2397450393700786
 21
0.8387115748031496
 31
0
  0
LINE
  5
31D
330
1A
100
AcDbEntity
  8
BLACK
  6
CONTINUOUS
100
AcDbLine
 10
1.2397450393700786
 20
0.8387115748031496
 30
0
 11
1.164548188976378
 21
0.8387115748031496
 31
0
  0
LINE
  5
31E
330
1A
100
AcDbEntity
  8
BLACK
  6
CONTINUOUS
100
AcDbLine
 10
0.920849094488189
 20
0.8392459448818897
 30
0
 11
0.9213817716535433
 21
0.8387132677165354
 31
0
  0
LINE
  5
31F
330
1A
100
AcDbEntity
  8
BLACK
  6
CONTINUOUS
100
AcDbLine
 10
0.9213817716535433
 20
0.8387132677165354
 30
0
 11
0.9214566929133858
 21
0.8383366141732284
 31
0
  0
LINE
  5
320
330
1A
100
AcDbEntity
  8
BLACK
  6
CONTINUOUS
100
AcDbLine
 10
0.9214566929133858
 20
0.8383366141732284
 30
0
 11
0.9214566929133858
 21
0.7635334645669292
 31
0
  0
LINE
  5
321
330
1A
100
AcDbEntity
  8
BLACK
  6
CONTINUOUS
100
AcDbLine
 10
0.9214566929133858
 20
0.7635334645669292
 30
0
 11
0.9213817716535433
 21
0.763156811023622
 31
0
  0
LINE
  5
322
330
1A
100
AcDbEntity
  8
BLACK
  6
CONTINUOUS
100
AcDbLine
 10
0.9213817716535433
 20
0.763156811023622
 30
0
 11
0.920849094488189
 21
0.7626241338582677
 31
0
  0
LINE
  5
323
330
1A
100
AcDbEntity
  8
BLACK
  6
CONTINUOUS
100
AcDbLine
 10
0.920849094488189
 20
0.7626241338582677
 30
0
 11
0.9204724409448819
 21
0.7625492125984252
 31
0
  0
LINE
  5
324
330
1A
100
AcDbEntity
  8
BLACK
  6
CONTINUOUS
100
AcDbLine
 10
0.9204724409448819
 20
0.7625492125984252
 30
0
 11
0.7881889763779527
 21
0.7625492125984252
 31
0
  0
LINE
  5
325
330
1A
100
AcDbEntity
  8
BLACK
  6
CONTINUOUS
100
AcDbLine
 10
0.7881889763779527
 20
0.7625492125984252
 30
0
 11
0.7878123228346456
 21
0.7626241338582677
 31
0
  0
LINE
  5
326
330
1A
100
AcDbEntity
  8
BLACK
  6
CONTINUOUS
100
AcDbLine
 10
0.7878123228346456
 20
0.7626241338582677
 30
0
 11
0.7872796456692913
 21
0.763156811023622
 31
0
  0
LINE
  5
327
330
1A
100
AcDbEntity
  8
BLACK
  6
CONTINUOUS
100
AcDbLine
 10
0.7872796456692913
 20
0.763156811023622
 30
0
 11
0.7872047244094488
 21
0.7635334645669292
 31
0
  0
LINE
  5
328
330
1A
100
AcDbEntity
  8
BLACK
  6
CONTINUOUS
100
AcDbLine
 10
0.7872047244094488
 20
0.7635334645669292
 30
0
 11
0.7872047244094488
 21
0.8383366141732284
 31
0
  0
LINE
  5
329
330
1A
100
AcDbEntity
  8
BLACK
  6
CONTINUOUS
100
AcDbLine
 10
0.7872047244094488
 20
0.8383366141732284
 30
0
 11
0.7872796456692913
 21
0.8387132677165354
 31
0
  0
LINE
  5
32A
330
1A
100
AcDbEntity
  8
BLACK
  6
CONTINUOUS
100
AcDbLine
 10
0.7872796456692913
 20
0.8387132677165354
 30
0
 11
0.7878123228346456
 21
0.8392459448818897
 31
0
  0
LINE
  5
32B
330
1A
100
AcDbEntity
  8
BLACK
  6
CONTINUOUS
100
AcDbLine
 10
0.7878123228346456
 20
0.8392459448818897
 30
0
 11
0.7881889763779527
 21
0.8393208661417323
 31
0
  0
LINE
  5
32C
330
1A
100
AcDbEntity
  8
BLACK
  6
CONTINUOUS
100
AcDbLine
 10
0.7881889763779527
 20
0.8393208661417323
 30
0
 11
0.9204724409448819
 21
0.8393208661417323
 31
0
  0
LINE
  5
32D
330
1A
100
AcDbEntity
  8
BLACK
  6
CONTINUOUS
100
AcDbLine
 10
0.9204724409448819
 20
0.8393208661417323
 30
0
 11
0.920849094488189
 21
0.8392459448818897
 31
0
  0
LINE
  5
32E
330
1A
100
AcDbEntity
  8
BLACK
  6
CONTINUOUS
100
AcDbLine
 10
0.7891732283464566
 20
0.8373523622047244
 30
0
 11
0.7891732283464566
 21
0.7645177165354331
 31
0
  0
LINE
  5
32F
330
1A
100
AcDbEntity
  8
BLACK
  6
CONTINUOUS
100
AcDbLine
 10
0.7891732283464566
 20
0.7645177165354331
 30
0
 11
0.919488188976378
 21
0.7645177165354331
 31
0
  0
LINE
  5
330
330
1A
100
AcDbEntity
  8
BLACK
  6
CONTINUOUS
100
AcDbLine
 10
0.919488188976378
 20
0.7645177165354331
 30
0
 11
0.919488188976378
 21
0.8373523622047244
 31
0
  0
LINE
  5
331
330
1A
100
AcDbEntity
  8
BLACK
  6
CONTINUOUS
100
AcDbLine
 10
0.919488188976378
 20
0.8373523622047244
 30
0
 11
0.7891732283464566
 21
0.8373523622047244
 31
0
  0
LINE
  5
332
330
1A
100
AcDbEntity
  8
BLACK
  6
CONTINUOUS
100
AcDbLine
 10
2.1972481102362202
 20
0.8752954724409449
 30
0
 11
2.1977807874015749
 21
0.8747627952755905
 31
0
  0
LINE
  5
333
330
1A
100
AcDbEntity
  8
BLACK
  6
CONTINUOUS
100
AcDbLine
 10
2.1977807874015749
 20
0.8747627952755905
 30
0
 11
2.1978557086614172
 21
0.8743861417322835
 31
0
  0
LINE
  5
334
330
1A
100
AcDbEntity
  8
BLACK
  6
CONTINUOUS
100
AcDbLine
 10
2.1978557086614172
 20
0.8743861417322835
 30
0
 11
2.1978557086614172
 21
0.7972207874015748
 31
0
  0
LINE
  5
335
330
1A
100
AcDbEntity
  8
BLACK
  6
CONTINUOUS
100
AcDbLine
 10
2.1978557086614172
 20
0.7972207874015748
 30
0
 11
2.1977807874015749
 21
0.7968441338582677
 31
0
  0
LINE
  5
336
330
1A
100
AcDbEntity
  8
BLACK
  6
CONTINUOUS
100
AcDbLine
 10
2.1977807874015749
 20
0.7968441338582677
 30
0
 11
2.1972481102362202
 21
0.7963114566929134
 31
0
  0
LINE
  5
337
330
1A
100
AcDbEntity
  8
BLACK
  6
CONTINUOUS
100
AcDbLine
 10
2.1972481102362202
 20
0.7963114566929134
 30
0
 11
2.1968714566929135
 21
0.7962365354330708
 31
0
  0
LINE
  5
338
330
1A
100
AcDbEntity
  8
BLACK
  6
CONTINUOUS
100
AcDbLine
 10
2.1968714566929135
 20
0.7962365354330708
 30
0
 11
2.0630131889763779
 21
0.7962365354330708
 31
0
  0
LINE
  5
339
330
1A
100
AcDbEntity
  8
BLACK
  6
CONTINUOUS
100
AcDbLine
 10
2.0630131889763779
 20
0.7962365354330708
 30
0
 11
2.0626365354330707
 21
0.7963114566929134
 31
0
  0
LINE
  5
33A
330
1A
100
AcDbEntity
  8
BLACK
  6
CONTINUOUS
100
AcDbLine
 10
2.0626365354330707
 20
0.7963114566929134
 30
0
 11
2.0621038582677165
 21
0.7968441338582677
 31
0
  0
LINE
  5
33B
330
1A
100
AcDbEntity
  8
BLACK
  6
CONTINUOUS
100
AcDbLine
 10
2.0621038582677165
 20
0.7968441338582677
 30
0
 11
2.0620289370078742
 21
0.7972207874015748
 31
0
  0
LINE
  5
33C
330
1A
100
AcDbEntity
  8
BLACK
  6
CONTINUOUS
100
AcDbLine
 10
2.0620289370078742
 20
0.7972207874015748
 30
0
 11
2.0620289370078742
 21
0.8743861417322835
 31
0
  0
LINE
  5
33D
330
1A
100
AcDbEntity
  8
BLACK
  6
CONTINUOUS
100
AcDbLine
 10
2.0620289370078742
 20
0.8743861417322835
 30
0
 11
2.0621038582677165
 21
0.8747627952755905
 31
0
  0
LINE
  5
33E
330
1A
100
AcDbEntity
  8
BLACK
  6
CONTINUOUS
100
AcDbLine
 10
2.0621038582677165
 20
0.8747627952755905
 30
0
 11
2.0626365354330707
 21
0.8752954724409449
 31
0
  0
LINE
  5
33F
330
1A
100
AcDbEntity
  8
BLACK
  6
CONTINUOUS
100
AcDbLine
 10
2.0626365354330707
 20
0.8752954724409449
 30
0
 11
2.0630131889763779
 21
0.8753703937007874
 31
0
  0
LINE
  5
340
330
1A
100
AcDbEntity
  8
BLACK
  6
CONTINUOUS
100
AcDbLine
 10
2.0630131889763779
 20
0.8753703937007874
 30
0
 11
2.1968714566929135
 21
0.8753703937007874
 31
0
  0
LINE
  5
341
330
1A
100
AcDbEntity
  8
BLACK
  6
CONTINUOUS
100
AcDbLine
 10
2.1968714566929135
 20
0.8753703937007874
 30
0
 11
2.1972481102362202
 21
0.8752954724409449
 31
0
  0
LINE
  5
342
330
1A
100
AcDbEntity
  8
BLACK
  6
CONTINUOUS
100
AcDbLine
 10
2.063997440944882
 20
0.8734018897637795
 30
0
 11
2.063997440944882
 21
0.7982050393700787
 31
0
  0
LINE
  5
343
330
1A
100
AcDbEntity
  8
BLACK
  6
CONTINUOUS
100
AcDbLine
 10
2.063997440944882
 20
0.7982050393700787
 30
0
 11
2.1958872047244093
 21
0.7982050393700787
 31
0
  0
LINE
  5
344
330
1A
100
AcDbEntity
  8
BLACK
  6
CONTINUOUS
100
AcDbLine
 10
2.1958872047244093
 20
0.7982050393700787
 30
0
 11
2.1958872047244093
 21
0.8734018897637795
 31
0
  0
LINE
  5
345
330
1A
100
AcDbEntity
  8
BLACK
  6
CONTINUOUS
100
AcDbLine
 10
2.1958872047244093
 20
0.8734018897637795
 30
0
 11
2.063997440944882
 21
0.8734018897637795
 31
0
  0
LINE
  5
346
330
1A
100
AcDbEntity
  8
BLACK
  6
CONTINUOUS
100
AcDbLine
 10
1.7917152362204725
 20
0.879797125984252
 30
0
 11
1.7922479133858267
 21
0.8792644488188976
 31
0
  0
LINE
  5
347
330
1A
100
AcDbEntity
  8
BLACK
  6
CONTINUOUS
100
AcDbLine
 10
1.7922479133858267
 20
0.8792644488188976
 30
0
 11
1.7923228346456692
 21
0.8788877952755906
 31
0
  0
LINE
  5
348
330
1A
100
AcDbEntity
  8
BLACK
  6
CONTINUOUS
100
AcDbLine
 10
1.7923228346456692
 20
0.8788877952755906
 30
0
 11
1.7923228346456692
 21
0.8017224409448819
 31
0
  0
LINE
  5
349
330
1A
100
AcDbEntity
  8
BLACK
  6
CONTINUOUS
100
AcDbLine
 10
1.7923228346456692
 20
0.8017224409448819
 30
0
 11
1.7922479133858267
 21
0.8013457874015748
 31
0
  0
LINE
  5
34A
330
1A
100
AcDbEntity
  8
BLACK
  6
CONTINUOUS
100
AcDbLine
 10
1.7922479133858267
 20
0.8013457874015748
 30
0
 11
1.7917152362204725
 21
0.8008131102362205
 31
0
  0
LINE
  5
34B
330
1A
100
AcDbEntity
  8
BLACK
  6
CONTINUOUS
100
AcDbLine
 10
1.7917152362204725
 20
0.8008131102362205
 30
0
 11
1.7913385826771653
 21
0.8007381889763779
 31
0
  0
LINE
  5
34C
330
1A
100
AcDbEntity
  8
BLACK
  6
CONTINUOUS
100
AcDbLine
 10
1.7913385826771653
 20
0.8007381889763779
 30
0
 11
1.6574803149606299
 21
0.8007381889763779
 31
0
  0
LINE
  5
34D
330
1A
100
AcDbEntity
  8
BLACK
  6
CONTINUOUS
100
AcDbLine
 10
1.6574803149606299
 20
0.8007381889763779
 30
0
 11
1.6571036614173229
 21
0.8008131102362205
 31
0
  0
LINE
  5
34E
330
1A
100
AcDbEntity
  8
BLACK
  6
CONTINUOUS
100
AcDbLine
 10
1.6571036614173229
 20
0.8008131102362205
 30
0
 11
1.6565709842519685
 21
0.8013457874015748
 31
0
  0
LINE
  5
34F
330
1A
100
AcDbEntity
  8
BLACK
  6
CONTINUOUS
100
AcDbLine
 10
1.6565709842519685
 20
0.8013457874015748
 30
0
 11
1.6564960629921259
 21
0.8017224409448819
 31
0
  0
LINE
  5
350
330
1A
100
AcDbEntity
  8
BLACK
  6
CONTINUOUS
100
AcDbLine
 10
1.6564960629921259
 20
0.8017224409448819
 30
0
 11
1.6564960629921259
 21
0.8788877952755906
 31
0
  0
LINE
  5
351
330
1A
100
AcDbEntity
  8
BLACK
  6
CONTINUOUS
100
AcDbLine
 10
1.6564960629921259
 20
0.8788877952755906
 30
0
 11
1.6565709842519685
 21
0.8792644488188976
 31
0
  0
LINE
  5
352
330
1A
100
AcDbEntity
  8
BLACK
  6
CONTINUOUS
100
AcDbLine
 10
1.6565709842519685
 20
0.8792644488188976
 30
0
 11
1.6571036614173229
 21
0.879797125984252
 31
0
  0
LINE
  5
353
330
1A
100
AcDbEntity
  8
BLACK
  6
CONTINUOUS
100
AcDbLine
 10
1.6571036614173229
 20
0.879797125984252
 30
0
 11
1.6574803149606299
 21
0.8798720472440945
 31
0
  0
LINE
  5
354
330
1A
100
AcDbEntity
  8
BLACK
  6
CONTINUOUS
100
AcDbLine
 10
1.6574803149606299
 20
0.8798720472440945
 30
0
 11
1.7913385826771653
 21
0.8798720472440945
 31
0
  0
LINE
  5
355
330
1A
100
AcDbEntity
  8
BLACK
  6
CONTINUOUS
100
AcDbLine
 10
1.7913385826771653
 20
0.8798720472440945
 30
0
 11
1.7917152362204725
 21
0.879797125984252
 31
0
  0
LINE
  5
356
330
1A
100
AcDbEntity
  8
BLACK
  6
CONTINUOUS
100
AcDbLine
 10
1.6584645669291338
 20
0.8779035433070866
 30
0
 11
1.6584645669291338
 21
0.8027066929133858
 31
0
  0
LINE
  5
357
330
1A
100
AcDbEntity
  8
BLACK
  6
CONTINUOUS
100
AcDbLine
 10
1.6584645669291338
 20
0.8027066929133858
 30
0
 11
1.7903543307086613
 21
0.8027066929133858
 31
0
  0
LINE
  5
358
330
1A
100
AcDbEntity
  8
BLACK
  6
CONTINUOUS
100
AcDbLine
 10
1.7903543307086613
 20
0.8027066929133858
 30
0
 11
1.7903543307086613
 21
0.8779035433070866
 31
0
  0
LINE
  5
359
330
1A
100
AcDbEntity
  8
BLACK
  6
CONTINUOUS
100
AcDbLine
 10
1.7903543307086613
 20
0.8779035433070866
 30
0
 11
1.6584645669291338
 21
0.8779035433070866
 31
0
  0
LINE
  5
35A
330
1A
100
AcDbEntity
  8
BLACK
  6
CONTINUOUS
100
AcDbLine
 10
1.357856968503937
 20
0.9422479133858267
 30
0
 11
1.3583896456692912
 21
0.9417152362204724
 31
0
  0
LINE
  5
35B
330
1A
100
AcDbEntity
  8
BLACK
  6
CONTINUOUS
100
AcDbLine
 10
1.3583896456692912
 20
0.9417152362204724
 30
0
 11
1.3584645669291338
 21
0.9413385826771653
 31
0
  0
LINE
  5
35C
330
1A
100
AcDbEntity
  8
BLACK
  6
CONTINUOUS
100
AcDbLine
 10
1.3584645669291338
 20
0.9413385826771653
 30
0
 11
1.3584645669291338
 21
0.8090551181102362
 31
0
  0
LINE
  5
35D
330
1A
100
AcDbEntity
  8
BLACK
  6
CONTINUOUS
100
AcDbLine
 10
1.3584645669291338
 20
0.8090551181102362
 30
0
 11
1.3583896456692912
 21
0.8086784645669292
 31
0
  0
LINE
  5
35E
330
1A
100
AcDbEntity
  8
BLACK
  6
CONTINUOUS
100
AcDbLine
 10
1.3583896456692912
 20
0.8086784645669292
 30
0
 11
1.357856968503937
 21
0.8081457874015748
 31
0
  0
LINE
  5
35F
330
1A
100
AcDbEntity
  8
BLACK
  6
CONTINUOUS
100
AcDbLine
 10
1.357856968503937
 20
0.8081457874015748
 30
0
 11
1.3574803149606298
 21
0.8080708661417323
 31
0
  0
LINE
  5
360
330
1A
100
AcDbEntity
  8
BLACK
  6
CONTINUOUS
100
AcDbLine
 10
1.3574803149606298
 20
0.8080708661417323
 30
0
 11
1.2826771653543307
 21
0.8080708661417323
 31
0
  0
LINE
  5
361
330
1A
100
AcDbEntity
  8
BLACK
  6
CONTINUOUS
100
AcDbLine
 10
1.2826771653543307
 20
0.8080708661417323
 30
0
 11
1.2823005118110236
 21
0.8081457874015748
 31
0
  0
LINE
  5
362
330
1A
100
AcDbEntity
  8
BLACK
  6
CONTINUOUS
100
AcDbLine
 10
1.2823005118110236
 20
0.8081457874015748
 30
0
 11
1.2817678346456693
 21
0.8086784645669292
 31
0
  0
LINE
  5
363
330
1A
100
AcDbEntity
  8
BLACK
  6
CONTINUOUS
100
AcDbLine
 10
1.2817678346456693
 20
0.8086784645669292
 30
0
 11
1.2816929133858268
 21
0.8090551181102362
 31
0
  0
LINE
  5
364
330
1A
100
AcDbEntity
  8
BLACK
  6
CONTINUOUS
100
AcDbLine
 10
1.2816929133858268
 20
0.8090551181102362
 30
0
 11
1.2816929133858268
 21
0.9413385826771653
 31
0
  0
LINE
  5
365
330
1A
100
AcDbEntity
  8
BLACK
  6
CONTINUOUS
100
AcDbLine
 10
1.2816929133858268
 20
0.9413385826771653
 30
0
 11
1.2817678346456693
 21
0.9417152362204724
 31
0
  0
LINE
  5
366
330
1A
100
AcDbEntity
  8
BLACK
  6
CONTINUOUS
100
AcDbLine
 10
1.2817678346456693
 20
0.9417152362204724
 30
0
 11
1.2823005118110236
 21
0.9422479133858267
 31
0
  0
LINE
  5
367
330
1A
100
AcDbEntity
  8
BLACK
  6
CONTINUOUS
100
AcDbLine
 10
1.2823005118110236
 20
0.9422479133858267
 30
0
 11
1.2826771653543307
 21
0.9423228346456692
 31
0
  0
LINE
  5
368
330
1A
100
AcDbEntity
  8
BLACK
  6
CONTINUOUS
100
AcDbLine
 10
1.2826771653543307
 20
0.9423228346456692
 30
0
 11
1.3574803149606298
 21
0.9423228346456692
 31
0
  0
LINE
  5
369
330
1A
100
AcDbEntity
  8
BLACK
  6
CONTINUOUS
100
AcDbLine
 10
1.3574803149606298
 20
0.9423228346456692
 30
0
 11
1.357856968503937
 21
0.9422479133858267
 31
0
  0
LINE
  5
36A
330
1A
100
AcDbEntity
  8
BLACK
  6
CONTINUOUS
100
AcDbLine
 10
1.2836614173228347
 20
0.9403543307086614
 30
0
 11
1.2836614173228347
 21
0.8100393700787402
 31
0
  0
LINE
  5
36B
330
1A
100
AcDbEntity
  8
BLACK
  6
CONTINUOUS
100
AcDbLine
 10
1.2836614173228347
 20
0.8100393700787402
 30
0
 11
1.3564960629921259
 21
0.8100393700787402
 31
0
  0
LINE
  5
36C
330
1A
100
AcDbEntity
  8
BLACK
  6
CONTINUOUS
100
AcDbLine
 10
1.3564960629921259
 20
0.8100393700787402
 30
0
 11
1.3564960629921259
 21
0.9403543307086614
 31
0
  0
LINE
  5
36D
330
1A
100
AcDbEntity
  8
BLACK
  6
CONTINUOUS
100
AcDbLine
 10
1.3564960629921259
 20
0.9403543307086614
 30
0
 11
1.2836614173228347
 21
0.9403543307086614
 31
0
  0
LINE
  5
36E
330
1A
100
AcDbEntity
  8
BLACK
  6
CONTINUOUS
100
AcDbLine
 10
0.9216364960629921
 20
0.9231042125984251
 30
0
 11
0.9221691732283465
 21
0.9225715354330708
 31
0
  0
LINE
  5
36F
330
1A
100
AcDbEntity
  8
BLACK
  6
CONTINUOUS
100
AcDbLine
 10
0.9221691732283465
 20
0.9225715354330708
 30
0
 11
0.922244094488189
 21
0.9221948818897637
 31
0
  0
LINE
  5
370
330
1A
100
AcDbEntity
  8
BLACK
  6
CONTINUOUS
100
AcDbLine
 10
0.922244094488189
 20
0.9221948818897637
 30
0
 11
0.922244094488189
 21
0.8450295275590551
 31
0
  0
LINE
  5
371
330
1A
100
AcDbEntity
  8
BLACK
  6
CONTINUOUS
100
AcDbLine
 10
0.922244094488189
 20
0.8450295275590551
 30
0
 11
0.9221691732283465
 21
0.8446528740157481
 31
0
  0
LINE
  5
372
330
1A
100
AcDbEntity
  8
BLACK
  6
CONTINUOUS
100
AcDbLine
 10
0.9221691732283465
 20
0.8446528740157481
 30
0
 11
0.9216364960629921
 21
0.8441201968503936
 31
0
  0
LINE
  5
373
330
1A
100
AcDbEntity
  8
BLACK
  6
CONTINUOUS
100
AcDbLine
 10
0.9216364960629921
 20
0.8441201968503936
 30
0
 11
0.9212598425196851
 21
0.8440452755905512
 31
0
  0
LINE
  5
374
330
1A
100
AcDbEntity
  8
BLACK
  6
CONTINUOUS
100
AcDbLine
 10
0.9212598425196851
 20
0.8440452755905512
 30
0
 11
0.7874015748031495
 21
0.8440452755905512
 31
0
  0
LINE
  5
375
330
1A
100
AcDbEntity
  8
BLACK
  6
CONTINUOUS
100
AcDbLine
 10
0.7874015748031495
 20
0.8440452755905512
 30
0
 11
0.7870249212598425
 21
0.8441201968503936
 31
0
  0
LINE
  5
376
330
1A
100
AcDbEntity
  8
BLACK
  6
CONTINUOUS
100
AcDbLine
 10
0.7870249212598425
 20
0.8441201968503936
 30
0
 11
0.7864922440944881
 21
0.8446528740157481
 31
0
  0
LINE
  5
377
330
1A
100
AcDbEntity
  8
BLACK
  6
CONTINUOUS
100
AcDbLine
 10
0.7864922440944881
 20
0.8446528740157481
 30
0
 11
0.7864173228346456
 21
0.8450295275590551
 31
0
  0
LINE
  5
378
330
1A
100
AcDbEntity
  8
BLACK
  6
CONTINUOUS
100
AcDbLine
 10
0.7864173228346456
 20
0.8450295275590551
 30
0
 11
0.7864173228346456
 21
0.9221948818897637
 31
0
  0
LINE
  5
379
330
1A
100
AcDbEntity
  8
BLACK
  6
CONTINUOUS
100
AcDbLine
 10
0.7864173228346456
 20
0.9221948818897637
 30
0
 11
0.7864922440944881
 21
0.9225715354330708
 31
0
  0
LINE
  5
37A
330
1A
100
AcDbEntity
  8
BLACK
  6
CONTINUOUS
100
AcDbLine
 10
0.7864922440944881
 20
0.9225715354330708
 30
0
 11
0.7870249212598425
 21
0.9231042125984251
 31
0
  0
LINE
  5
37B
330
1A
100
AcDbEntity
  8
BLACK
  6
CONTINUOUS
100
AcDbLine
 10
0.7870249212598425
 20
0.9231042125984251
 30
0
 11
0.7874015748031495
 21
0.9231791338582677
 31
0
  0
LINE
  5
37C
330
1A
100
AcDbEntity
  8
BLACK
  6
CONTINUOUS
100
AcDbLine
 10
0.7874015748031495
 20
0.9231791338582677
 30
0
 11
0.9212598425196851
 21
0.9231791338582677
 31
0
  0
LINE
  5
37D
330
1A
100
AcDbEntity
  8
BLACK
  6
CONTINUOUS
100
AcDbLine
 10
0.9212598425196851
 20
0.9231791338582677
 30
0
 11
0.9216364960629921
 21
0.9231042125984251
 31
0
  0
LINE
  5
37E
330
1A
100
AcDbEntity
  8
BLACK
  6
CONTINUOUS
100
AcDbLine
 10
0.7883858267716535
 20
0.9212106299212598
 30
0
 11
0.7883858267716535
 21
0.8460137795275591
 31
0
  0
LINE
  5
37F
330
1A
100
AcDbEntity
  8
BLACK
  6
CONTINUOUS
100
AcDbLine
 10
0.7883858267716535
 20
0.8460137795275591
 30
0
 11
0.9202755905511811
 21
0.8460137795275591
 31
0
  0
LINE
  5
380
330
1A
100
AcDbEntity
  8
BLACK
  6
CONTINUOUS
100
AcDbLine
 10
0.9202755905511811
 20
0.8460137795275591
 30
0
 11
0.9202755905511811
 21
0.9212106299212598
 31
0
  0
LINE
  5
381
330
1A
100
AcDbEntity
  8
BLACK
  6
CONTINUOUS
100
AcDbLine
 10
0.9202755905511811
 20
0.9212106299212598
 30
0
 11
0.7883858267716535
 21
0.9212106299212598
 31
0
  0
LINE
  5
382
330
1A
100
AcDbEntity
  8
BLACK
  6
CONTINUOUS
100
AcDbLine
 10
1.3204988582677164
 20
1.1049419291338582
 30
0
 11
1.3206487007874015
 21
1.1041886220472441
 31
0
  0
LINE
  5
383
330
1A
100
AcDbEntity
  8
BLACK
  6
CONTINUOUS
100
AcDbLine
 10
1.3206487007874015
 20
1.1041886220472441
 30
0
 11
1.3206487007874015
 21
1.0948802755905511
 31
0
  0
LINE
  5
384
330
1A
100
AcDbEntity
  8
BLACK
  6
CONTINUOUS
100
AcDbLine
 10
1.3206487007874015
 20
1.0948802755905511
 30
0
 11
1.3247873228346456
 21
1.0990188976377953
 31
0
  0
LINE
  5
385
330
1A
100
AcDbEntity
  8
BLACK
  6
CONTINUOUS
100
AcDbLine
 10
1.3247873228346456
 20
1.0990188976377953
 30
0
 11
1.3254259448818897
 21
1.0994455905511811
 31
0
  0
LINE
  5
386
330
1A
100
AcDbEntity
  8
BLACK
  6
CONTINUOUS
100
AcDbLine
 10
1.3254259448818897
 20
1.0994455905511811
 30
0
 11
1.326932559055118
 21
1.0994455905511811
 31
0
  0
LINE
  5
387
330
1A
100
AcDbEntity
  8
BLACK
  6
CONTINUOUS
100
AcDbLine
 10
1.326932559055118
 20
1.0994455905511811
 30
0
 11
1.3279979133858268
 21
1.0983802362204724
 31
0
  0
LINE
  5
388
330
1A
100
AcDbEntity
  8
BLACK
  6
CONTINUOUS
100
AcDbLine
 10
1.3279979133858268
 20
1.0983802362204724
 30
0
 11
1.3279979133858268
 21
1.0968736220472441
 31
0
  0
LINE
  5
389
330
1A
100
AcDbEntity
  8
BLACK
  6
CONTINUOUS
100
AcDbLine
 10
1.3279979133858268
 20
1.0968736220472441
 30
0
 11
1.3275712204724408
 21
1.0962350000000001
 31
0
  0
LINE
  5
38A
330
1A
100
AcDbEntity
  8
BLACK
  6
CONTINUOUS
100
AcDbLine
 10
1.3275712204724408
 20
1.0962350000000001
 30
0
 11
1.323154094488189
 21
1.0918179527559055
 31
0
  0
LINE
  5
38B
330
1A
100
AcDbEntity
  8
BLACK
  6
CONTINUOUS
100
AcDbLine
 10
1.323154094488189
 20
1.0918179527559055
 30
0
 11
1.3277540551181102
 21
1.08568468503937
 31
0
  0
LINE
  5
38C
330
1A
100
AcDbEntity
  8
BLACK
  6
CONTINUOUS
100
AcDbLine
 10
1.3277540551181102
 20
1.08568468503937
 30
0
 11
1.3280861811023621
 21
1.0849921259842519
 31
0
  0
LINE
  5
38D
330
1A
100
AcDbEntity
  8
BLACK
  6
CONTINUOUS
100
AcDbLine
 10
1.3280861811023621
 20
1.0849921259842519
 30
0
 11
1.3278731102362205
 21
1.0835006299212597
 31
0
  0
LINE
  5
38E
330
1A
100
AcDbEntity
  8
BLACK
  6
CONTINUOUS
100
AcDbLine
 10
1.3278731102362205
 20
1.0835006299212597
 30
0
 11
1.3266677952755905
 21
1.0825966535433071
 31
0
  0
LINE
  5
38F
330
1A
100
AcDbEntity
  8
BLACK
  6
CONTINUOUS
100
AcDbLine
 10
1.3266677952755905
 20
1.0825966535433071
 30
0
 11
1.3251762992125984
 21
1.0828097244094488
 31
0
  0
LINE
  5
390
330
1A
100
AcDbEntity
  8
BLACK
  6
CONTINUOUS
100
AcDbLine
 10
1.3251762992125984
 20
1.0828097244094488
 30
0
 11
1.3246044488188977
 21
1.0833224803149606
 31
0
  0
LINE
  5
391
330
1A
100
AcDbEntity
  8
BLACK
  6
CONTINUOUS
100
AcDbLine
 10
1.3246044488188977
 20
1.0833224803149606
 30
0
 11
1.3206487007874015
 21
1.0885968110236219
 31
0
  0
LINE
  5
392
330
1A
100
AcDbEntity
  8
BLACK
  6
CONTINUOUS
100
AcDbLine
 10
1.3206487007874015
 20
1.0885968110236219
 30
0
 11
1.3206487007874015
 21
1.0845035826771654
 31
0
  0
LINE
  5
393
330
1A
100
AcDbEntity
  8
BLACK
  6
CONTINUOUS
100
AcDbLine
 10
1.3206487007874015
 20
1.0845035826771654
 30
0
 11
1.3204988582677164
 21
1.0837502755905513
 31
0
  0
LINE
  5
394
330
1A
100
AcDbEntity
  8
BLACK
  6
CONTINUOUS
100
AcDbLine
 10
1.3204988582677164
 20
1.0837502755905513
 30
0
 11
1.3194335039370078
 21
1.0826849212598424
 31
0
  0
LINE
  5
395
330
1A
100
AcDbEntity
  8
BLACK
  6
CONTINUOUS
100
AcDbLine
 10
1.3194335039370078
 20
1.0826849212598424
 30
0
 11
1.3179268897637795
 21
1.0826849212598424
 31
0
  0
LINE
  5
396
330
1A
100
AcDbEntity
  8
BLACK
  6
CONTINUOUS
100
AcDbLine
 10
1.3179268897637795
 20
1.0826849212598424
 30
0
 11
1.3168615354330708
 21
1.0837502755905513
 31
0
  0
LINE
  5
397
330
1A
100
AcDbEntity
  8
BLACK
  6
CONTINUOUS
100
AcDbLine
 10
1.3168615354330708
 20
1.0837502755905513
 30
0
 11
1.3167116929133857
 21
1.0845035826771654
 31
0
  0
LINE
  5
398
330
1A
100
AcDbEntity
  8
BLACK
  6
CONTINUOUS
100
AcDbLine
 10
1.3167116929133857
 20
1.0845035826771654
 30
0
 11
1.3167116929133857
 21
1.1041886220472441
 31
0
  0
LINE
  5
399
330
1A
100
AcDbEntity
  8
BLACK
  6
CONTINUOUS
100
AcDbLine
 10
1.3167116929133857
 20
1.1041886220472441
 30
0
 11
1.3168615354330708
 21
1.1049419291338582
 31
0
  0
LINE
  5
39A
330
1A
100
AcDbEntity
  8
BLACK
  6
CONTINUOUS
100
AcDbLine
 10
1.3168615354330708
 20
1.1049419291338582
 30
0
 11
1.3179268897637795
 21
1.1060072834645669
 31
0
  0
LINE
  5
39B
330
1A
100
AcDbEntity
  8
BLACK
  6
CONTINUOUS
100
AcDbLine
 10
1.3179268897637795
 20
1.1060072834645669
 30
0
 11
1.3194335039370078
 21
1.1060072834645669
 31
0
  0
LINE
  5
39C
330
1A
100
AcDbEntity
  8
BLACK
  6
CONTINUOUS
100
AcDbLine
 10
1.3194335039370078
 20
1.1060072834645669
 30
0
 11
1.3204988582677164
 21
1.1049419291338582
 31
0
  0
LINE
  5
39D
330
1A
100
AcDbEntity
  8
BLACK
  6
CONTINUOUS
100
AcDbLine
 10
1.3070695669291339
 20
1.1776809842519684
 30
0
 11
1.3076022440944881
 21
1.1771483070866142
 31
0
  0
LINE
  5
39E
330
1A
100
AcDbEntity
  8
BLACK
  6
CONTINUOUS
100
AcDbLine
 10
1.3076022440944881
 20
1.1771483070866142
 30
0
 11
1.3076771653543307
 21
1.176771653543307
 31
0
  0
LINE
  5
39F
330
1A
100
AcDbEntity
  8
BLACK
  6
CONTINUOUS
100
AcDbLine
 10
1.3076771653543307
 20
1.176771653543307
 30
0
 11
1.3076771653543307
 21
1.0995954330708662
 31
0
  0
LINE
  5
3A0
330
1A
100
AcDbEntity
  8
BLACK
  6
CONTINUOUS
100
AcDbLine
 10
1.3076771653543307
 20
1.0995954330708662
 30
0
 11
1.3083690157480314
 21
1.0995954330708662
 31
0
  0
LINE
  5
3A1
330
1A
100
AcDbEntity
  8
BLACK
  6
CONTINUOUS
100
AcDbLine
 10
1.3083690157480314
 20
1.0995954330708662
 30
0
 11
1.3084657086614173
 21
1.0995762204724409
 31
0
  0
LINE
  5
3A2
330
1A
100
AcDbEntity
  8
BLACK
  6
CONTINUOUS
100
AcDbLine
 10
1.3084657086614173
 20
1.0995762204724409
 30
0
 11
1.3085085433070867
 21
1.0995904724409449
 31
0
  0
LINE
  5
3A3
330
1A
100
AcDbEntity
  8
BLACK
  6
CONTINUOUS
100
AcDbLine
 10
1.3085085433070867
 20
1.0995904724409449
 30
0
 11
1.3088128346456693
 21
1.0995071653543307
 31
0
  0
LINE
  5
3A4
330
1A
100
AcDbEntity
  8
BLACK
  6
CONTINUOUS
100
AcDbLine
 10
1.3088128346456693
 20
1.0995071653543307
 30
0
 11
1.3091223228346456
 21
1.0994455905511811
 31
0
  0
LINE
  5
3A5
330
1A
100
AcDbEntity
  8
BLACK
  6
CONTINUOUS
100
AcDbLine
 10
1.3091223228346456
 20
1.0994455905511811
 30
0
 11
1.3091542125984252
 21
1.0994137007874016
 31
0
  0
LINE
  5
3A6
330
1A
100
AcDbEntity
  8
BLACK
  6
CONTINUOUS
100
AcDbLine
 10
1.3091542125984252
 20
1.0994137007874016
 30
0
 11
1.3092493307086615
 21
1.0993876377952756
 31
0
  0
LINE
  5
3A7
330
1A
100
AcDbEntity
  8
BLACK
  6
CONTINUOUS
100
AcDbLine
 10
1.3092493307086615
 20
1.0993876377952756
 30
0
 11
1.311124094488189
 21
1.0984502755905512
 31
0
  0
LINE
  5
3A8
330
1A
100
AcDbEntity
  8
BLACK
  6
CONTINUOUS
100
AcDbLine
 10
1.311124094488189
 20
1.0984502755905512
 30
0
 11
1.3117308661417322
 21
1.0979793700787401
 31
0
  0
LINE
  5
3A9
330
1A
100
AcDbEntity
  8
BLACK
  6
CONTINUOUS
100
AcDbLine
 10
1.3117308661417322
 20
1.0979793700787401
 30
0
 11
1.3121062992125985
 21
1.0968531102362205
 31
0
  0
LINE
  5
3AA
330
1A
100
AcDbEntity
  8
BLACK
  6
CONTINUOUS
100
AcDbLine
 10
1.3121062992125985
 20
1.0968531102362205
 30
0
 11
1.3121062992125985
 21
1.1232283464566928
 31
0
  0
LINE
  5
3AB
330
1A
100
AcDbEntity
  8
BLACK
  6
CONTINUOUS
100
AcDbLine
 10
1.3121062992125985
 20
1.1232283464566928
 30
0
 11
1.312181220472441
 21
1.123605
 31
0
  0
LINE
  5
3AC
330
1A
100
AcDbEntity
  8
BLACK
  6
CONTINUOUS
100
AcDbLine
 10
1.312181220472441
 20
1.123605
 30
0
 11
1.3127138976377952
 21
1.1241376771653544
 31
0
  0
LINE
  5
3AD
330
1A
100
AcDbEntity
  8
BLACK
  6
CONTINUOUS
100
AcDbLine
 10
1.3127138976377952
 20
1.1241376771653544
 30
0
 11
1.3130905511811024
 21
1.1242125984251967
 31
0
  0
LINE
  5
3AE
330
1A
100
AcDbEntity
  8
BLACK
  6
CONTINUOUS
100
AcDbLine
 10
1.3130905511811024
 20
1.1242125984251967
 30
0
 11
1.4941929133858267
 21
1.1242125984251967
 31
0
  0
LINE
  5
3AF
330
1A
100
AcDbEntity
  8
BLACK
  6
CONTINUOUS
100
AcDbLine
 10
1.4941929133858267
 20
1.1242125984251967
 30
0
 11
1.4945695669291339
 21
1.1241376771653544
 31
0
  0
LINE
  5
3B0
330
1A
100
AcDbEntity
  8
BLACK
  6
CONTINUOUS
100
AcDbLine
 10
1.4945695669291339
 20
1.1241376771653544
 30
0
 11
1.4951022440944881
 21
1.123605
 31
0
  0
LINE
  5
3B1
330
1A
100
AcDbEntity
  8
BLACK
  6
CONTINUOUS
100
AcDbLine
 10
1.4951022440944881
 20
1.123605
 30
0
 11
1.4951771653543307
 21
1.1232283464566928
 31
0
  0
LINE
  5
3B2
330
1A
100
AcDbEntity
  8
BLACK
  6
CONTINUOUS
100
AcDbLine
 10
1.4951771653543307
 20
1.1232283464566928
 30
0
 11
1.4951771653543307
 21
1.0405511811023622
 31
0
  0
LINE
  5
3B3
330
1A
100
AcDbEntity
  8
BLACK
  6
CONTINUOUS
100
AcDbLine
 10
1.4951771653543307
 20
1.0405511811023622
 30
0
 11
1.4951022440944881
 21
1.040174527559055
 31
0
  0
LINE
  5
3B4
330
1A
100
AcDbEntity
  8
BLACK
  6
CONTINUOUS
100
AcDbLine
 10
1.4951022440944881
 20
1.040174527559055
 30
0
 11
1.4945695669291339
 21
1.0396418503937008
 31
0
  0
LINE
  5
3B5
330
1A
100
AcDbEntity
  8
BLACK
  6
CONTINUOUS
100
AcDbLine
 10
1.4945695669291339
 20
1.0396418503937008
 30
0
 11
1.4941929133858267
 21
1.0395669291338583
 31
0
  0
LINE
  5
3B6
330
1A
100
AcDbEntity
  8
BLACK
  6
CONTINUOUS
100
AcDbLine
 10
1.4941929133858267
 20
1.0395669291338583
 30
0
 11
1.4912524015748032
 21
1.0395669291338583
 31
0
  0
LINE
  5
3B7
330
1A
100
AcDbEntity
  8
BLACK
  6
CONTINUOUS
100
AcDbLine
 10
1.4912524015748032
 20
1.0395669291338583
 30
0
 11
1.4912524015748032
 21
1.0364173228346456
 31
0
  0
LINE
  5
3B8
330
1A
100
AcDbEntity
  8
BLACK
  6
CONTINUOUS
100
AcDbLine
 10
1.4912524015748032
 20
1.0364173228346456
 30
0
 11
1.4948818897637794
 21
1.0364173228346456
 31
0
  0
LINE
  5
3B9
330
1A
100
AcDbEntity
  8
BLACK
  6
CONTINUOUS
100
AcDbLine
 10
1.4948818897637794
 20
1.0364173228346456
 30
0
 11
1.4952585433070866
 21
1.0363424015748031
 31
0
  0
LINE
  5
3BA
330
1A
100
AcDbEntity
  8
BLACK
  6
CONTINUOUS
100
AcDbLine
 10
1.4952585433070866
 20
1.0363424015748031
 30
0
 11
1.4957518503937008
 21
1.0358490944881888
 31
0
  0
LINE
  5
3BB
330
1A
100
AcDbEntity
  8
BLACK
  6
CONTINUOUS
100
AcDbLine
 10
1.4957518503937008
 20
1.0358490944881888
 30
0
 11
1.4957518503937008
 21
1.0387592913385826
 31
0
  0
LINE
  5
3BC
330
1A
100
AcDbEntity
  8
BLACK
  6
CONTINUOUS
100
AcDbLine
 10
1.4957518503937008
 20
1.0387592913385826
 30
0
 11
1.4957710629921259
 21
1.0388560236220472
 31
0
  0
LINE
  5
3BD
330
1A
100
AcDbEntity
  8
BLACK
  6
CONTINUOUS
100
AcDbLine
 10
1.4957710629921259
 20
1.0388560236220472
 30
0
 11
1.4957568110236221
 21
1.0388988188976378
 31
0
  0
LINE
  5
3BE
330
1A
100
AcDbEntity
  8
BLACK
  6
CONTINUOUS
100
AcDbLine
 10
1.4957568110236221
 20
1.0388988188976378
 30
0
 11
1.4958401181102361
 21
1.0392031496062992
 31
0
  0
LINE
  5
3BF
330
1A
100
AcDbEntity
  8
BLACK
  6
CONTINUOUS
100
AcDbLine
 10
1.4958401181102361
 20
1.0392031496062992
 30
0
 11
1.4959016929133857
 21
1.0395125984251967
 31
0
  0
LINE
  5
3C0
330
1A
100
AcDbEntity
  8
BLACK
  6
CONTINUOUS
100
AcDbLine
 10
1.4959016929133857
 20
1.0395125984251967
 30
0
 11
1.4959335826771654
 21
1.0395445275590551
 31
0
  0
LINE
  5
3C1
330
1A
100
AcDbEntity
  8
BLACK
  6
CONTINUOUS
100
AcDbLine
 10
1.4959335826771654
 20
1.0395445275590551
 30
0
 11
1.4959596456692914
 21
1.0396396062992126
 31
0
  0
LINE
  5
3C2
330
1A
100
AcDbEntity
  8
BLACK
  6
CONTINUOUS
100
AcDbLine
 10
1.4959596456692914
 20
1.0396396062992126
 30
0
 11
1.4968970078740158
 21
1.0415143700787401
 31
0
  0
LINE
  5
3C3
330
1A
100
AcDbEntity
  8
BLACK
  6
CONTINUOUS
100
AcDbLine
 10
1.4968970078740158
 20
1.0415143700787401
 30
0
 11
1.4970906299212599
 21
1.0417638976377952
 31
0
  0
LINE
  5
3C4
330
1A
100
AcDbEntity
  8
BLACK
  6
CONTINUOUS
100
AcDbLine
 10
1.4970906299212599
 20
1.0417638976377952
 30
0
 11
1.4972657874015747
 21
1.0420259842519686
 31
0
  0
LINE
  5
3C5
330
1A
100
AcDbEntity
  8
BLACK
  6
CONTINUOUS
100
AcDbLine
 10
1.4972657874015747
 20
1.0420259842519686
 30
0
 11
1.4982031496062991
 21
1.0429633858267717
 31
0
  0
LINE
  5
3C6
330
1A
100
AcDbEntity
  8
BLACK
  6
CONTINUOUS
100
AcDbLine
 10
1.4982031496062991
 20
1.0429633858267717
 30
0
 11
1.4984655118110235
 21
1.0431387401574803
 31
0
  0
LINE
  5
3C7
330
1A
100
AcDbEntity
  8
BLACK
  6
CONTINUOUS
100
AcDbLine
 10
1.4984655118110235
 20
1.0431387401574803
 30
0
 11
1.4987148031496063
 21
1.0433321653543306
 31
0
  0
LINE
  5
3C8
330
1A
100
AcDbEntity
  8
BLACK
  6
CONTINUOUS
100
AcDbLine
 10
1.4987148031496063
 20
1.0433321653543306
 30
0
 11
1.5005895275590551
 21
1.0442694881889762
 31
0
  0
LINE
  5
3C9
330
1A
100
AcDbEntity
  8
BLACK
  6
CONTINUOUS
100
AcDbLine
 10
1.5005895275590551
 20
1.0442694881889762
 30
0
 11
1.5006846062992125
 21
1.0442955511811023
 31
0
  0
LINE
  5
3CA
330
1A
100
AcDbEntity
  8
BLACK
  6
CONTINUOUS
100
AcDbLine
 10
1.5006846062992125
 20
1.0442955511811023
 30
0
 11
1.5007165748031495
 21
1.0443274803149607
 31
0
  0
LINE
  5
3CB
330
1A
100
AcDbEntity
  8
BLACK
  6
CONTINUOUS
100
AcDbLine
 10
1.5007165748031495
 20
1.0443274803149607
 30
0
 11
1.5010260629921259
 21
1.0443890551181103
 31
0
  0
LINE
  5
3CC
330
1A
100
AcDbEntity
  8
BLACK
  6
CONTINUOUS
100
AcDbLine
 10
1.5010260629921259
 20
1.0443890551181103
 30
0
 11
1.5013303149606299
 21
1.0444723622047243
 31
0
  0
LINE
  5
3CD
330
1A
100
AcDbEntity
  8
BLACK
  6
CONTINUOUS
100
AcDbLine
 10
1.5013303149606299
 20
1.0444723622047243
 30
0
 11
1.5013731496062992
 21
1.0444581102362205
 31
0
  0
LINE
  5
3CE
330
1A
100
AcDbEntity
  8
BLACK
  6
CONTINUOUS
100
AcDbLine
 10
1.5013731496062992
 20
1.0444581102362205
 30
0
 11
1.5014698818897638
 21
1.0444773228346456
 31
0
  0
LINE
  5
3CF
330
1A
100
AcDbEntity
  8
BLACK
  6
CONTINUOUS
100
AcDbLine
 10
1.5014698818897638
 20
1.0444773228346456
 30
0
 11
1.5052194094488189
 21
1.0444773228346456
 31
0
  0
LINE
  5
3D0
330
1A
100
AcDbEntity
  8
BLACK
  6
CONTINUOUS
100
AcDbLine
 10
1.5052194094488189
 20
1.0444773228346456
 30
0
 11
1.5053161023622046
 21
1.0444581102362205
 31
0
  0
LINE
  5
3D1
330
1A
100
AcDbEntity
  8
BLACK
  6
CONTINUOUS
100
AcDbLine
 10
1.5053161023622046
 20
1.0444581102362205
 30
0
 11
1.5053589370078739
 21
1.0444723622047243
 31
0
  0
LINE
  5
3D2
330
1A
100
AcDbEntity
  8
BLACK
  6
CONTINUOUS
100
AcDbLine
 10
1.5053589370078739
 20
1.0444723622047243
 30
0
 11
1.5056632283464566
 21
1.0443890551181103
 31
0
  0
LINE
  5
3D3
330
1A
100
AcDbEntity
  8
BLACK
  6
CONTINUOUS
100
AcDbLine
 10
1.5056632283464566
 20
1.0443890551181103
 30
0
 11
1.5059727165354331
 21
1.0443274803149607
 31
0
  0
LINE
  5
3D4
330
1A
100
AcDbEntity
  8
BLACK
  6
CONTINUOUS
100
AcDbLine
 10
1.5059727165354331
 20
1.0443274803149607
 30
0
 11
1.5060046062992125
 21
1.044295590551181
 31
0
  0
LINE
  5
3D5
330
1A
100
AcDbEntity
  8
BLACK
  6
CONTINUOUS
100
AcDbLine
 10
1.5060046062992125
 20
1.044295590551181
 30
0
 11
1.5060997244094487
 21
1.044269527559055
 31
0
  0
LINE
  5
3D6
330
1A
100
AcDbEntity
  8
BLACK
  6
CONTINUOUS
100
AcDbLine
 10
1.5060997244094487
 20
1.044269527559055
 30
0
 11
1.5079744881889763
 21
1.0433321653543306
 31
0
  0
LINE
  5
3D7
330
1A
100
AcDbEntity
  8
BLACK
  6
CONTINUOUS
100
AcDbLine
 10
1.5079744881889763
 20
1.0433321653543306
 30
0
 11
1.5085812598425197
 21
1.0428612598425198
 31
0
  0
LINE
  5
3D8
330
1A
100
AcDbEntity
  8
BLACK
  6
CONTINUOUS
100
AcDbLine
 10
1.5085812598425197
 20
1.0428612598425198
 30
0
 11
1.5090577165354331
 21
1.0414319291338583
 31
0
  0
LINE
  5
3D9
330
1A
100
AcDbEntity
  8
BLACK
  6
CONTINUOUS
100
AcDbLine
 10
1.5090577165354331
 20
1.0414319291338583
 30
0
 11
1.508383937007874
 21
1.0400843700787401
 31
0
  0
LINE
  5
3DA
330
1A
100
AcDbEntity
  8
BLACK
  6
CONTINUOUS
100
AcDbLine
 10
1.508383937007874
 20
1.0400843700787401
 30
0
 11
1.5069546062992125
 21
1.0396079133858267
 31
0
  0
LINE
  5
3DB
330
1A
100
AcDbEntity
  8
BLACK
  6
CONTINUOUS
100
AcDbLine
 10
1.5069546062992125
 20
1.0396079133858267
 30
0
 11
1.5062138188976377
 21
1.0398107874015747
 31
0
  0
LINE
  5
3DC
330
1A
100
AcDbEntity
  8
BLACK
  6
CONTINUOUS
100
AcDbLine
 10
1.5062138188976377
 20
1.0398107874015747
 30
0
 11
1.50475468503937
 21
1.0405403149606298
 31
0
  0
LINE
  5
3DD
330
1A
100
AcDbEntity
  8
BLACK
  6
CONTINUOUS
100
AcDbLine
 10
1.50475468503937
 20
1.0405403149606298
 30
0
 11
1.5019346062992125
 21
1.0405403149606298
 31
0
  0
LINE
  5
3DE
330
1A
100
AcDbEntity
  8
BLACK
  6
CONTINUOUS
100
AcDbLine
 10
1.5019346062992125
 20
1.0405403149606298
 30
0
 11
1.5007611417322835
 21
1.0399536220472441
 31
0
  0
LINE
  5
3DF
330
1A
100
AcDbEntity
  8
BLACK
  6
CONTINUOUS
100
AcDbLine
 10
1.5007611417322835
 20
1.0399536220472441
 30
0
 11
1.5002755511811023
 21
1.0394680314960629
 31
0
  0
LINE
  5
3E0
330
1A
100
AcDbEntity
  8
BLACK
  6
CONTINUOUS
100
AcDbLine
 10
1.5002755511811023
 20
1.0394680314960629
 30
0
 11
1.4996888582677166
 21
1.0382946062992127
 31
0
  0
LINE
  5
3E1
330
1A
100
AcDbEntity
  8
BLACK
  6
CONTINUOUS
100
AcDbLine
 10
1.4996888582677166
 20
1.0382946062992127
 30
0
 11
1.4996888582677166
 21
1.0335997244094488
 31
0
  0
LINE
  5
3E2
330
1A
100
AcDbEntity
  8
BLACK
  6
CONTINUOUS
100
AcDbLine
 10
1.4996888582677166
 20
1.0335997244094488
 30
0
 11
1.5002755511811023
 21
1.0324262992125983
 31
0
  0
LINE
  5
3E3
330
1A
100
AcDbEntity
  8
BLACK
  6
CONTINUOUS
100
AcDbLine
 10
1.5002755511811023
 20
1.0324262992125983
 30
0
 11
1.5007611417322835
 21
1.0319407086614174
 31
0
  0
LINE
  5
3E4
330
1A
100
AcDbEntity
  8
BLACK
  6
CONTINUOUS
100
AcDbLine
 10
1.5007611417322835
 20
1.0319407086614174
 30
0
 11
1.5019346062992125
 21
1.0313539763779527
 31
0
  0
LINE
  5
3E5
330
1A
100
AcDbEntity
  8
BLACK
  6
CONTINUOUS
100
AcDbLine
 10
1.5019346062992125
 20
1.0313539763779527
 30
0
 11
1.50475468503937
 21
1.0313539763779527
 31
0
  0
LINE
  5
3E6
330
1A
100
AcDbEntity
  8
BLACK
  6
CONTINUOUS
100
AcDbLine
 10
1.50475468503937
 20
1.0313539763779527
 30
0
 11
1.5062138188976377
 21
1.0320835039370078
 31
0
  0
LINE
  5
3E7
330
1A
100
AcDbEntity
  8
BLACK
  6
CONTINUOUS
100
AcDbLine
 10
1.5062138188976377
 20
1.0320835039370078
 30
0
 11
1.5069546062992125
 21
1.0322863779527558
 31
0
  0
LINE
  5
3E8
330
1A
100
AcDbEntity
  8
BLACK
  6
CONTINUOUS
100
AcDbLine
 10
1.5069546062992125
 20
1.0322863779527558
 30
0
 11
1.508383937007874
 21
1.0318099212598424
 31
0
  0
LINE
  5
3E9
330
1A
100
AcDbEntity
  8
BLACK
  6
CONTINUOUS
100
AcDbLine
 10
1.508383937007874
 20
1.0318099212598424
 30
0
 11
1.5090577165354331
 21
1.0304623622047244
 31
0
  0
LINE
  5
3EA
330
1A
100
AcDbEntity
  8
BLACK
  6
CONTINUOUS
100
AcDbLine
 10
1.5090577165354331
 20
1.0304623622047244
 30
0
 11
1.5085812598425197
 21
1.029033031496063
 31
0
  0
LINE
  5
3EB
330
1A
100
AcDbEntity
  8
BLACK
  6
CONTINUOUS
100
AcDbLine
 10
1.5085812598425197
 20
1.029033031496063
 30
0
 11
1.5079744881889763
 21
1.0285621259842519
 31
0
  0
LINE
  5
3EC
330
1A
100
AcDbEntity
  8
BLACK
  6
CONTINUOUS
100
AcDbLine
 10
1.5079744881889763
 20
1.0285621259842519
 30
0
 11
1.5060997244094487
 21
1.0276247637795275
 31
0
  0
LINE
  5
3ED
330
1A
100
AcDbEntity
  8
BLACK
  6
CONTINUOUS
100
AcDbLine
 10
1.5060997244094487
 20
1.0276247637795275
 30
0
 11
1.5060046062992125
 21
1.0275987401574802
 31
0
  0
LINE
  5
3EE
330
1A
100
AcDbEntity
  8
BLACK
  6
CONTINUOUS
100
AcDbLine
 10
1.5060046062992125
 20
1.0275987401574802
 30
0
 11
1.5059727165354331
 21
1.027566811023622
 31
0
  0
LINE
  5
3EF
330
1A
100
AcDbEntity
  8
BLACK
  6
CONTINUOUS
100
AcDbLine
 10
1.5059727165354331
 20
1.027566811023622
 30
0
 11
1.5056632283464566
 21
1.0275052755905512
 31
0
  0
LINE
  5
3F0
330
1A
100
AcDbEntity
  8
BLACK
  6
CONTINUOUS
100
AcDbLine
 10
1.5056632283464566
 20
1.0275052755905512
 30
0
 11
1.5053589370078739
 21
1.0274219291338582
 31
0
  0
LINE
  5
3F1
330
1A
100
AcDbEntity
  8
BLACK
  6
CONTINUOUS
100
AcDbLine
 10
1.5053589370078739
 20
1.0274219291338582
 30
0
 11
1.5053161023622046
 21
1.027436220472441
 31
0
  0
LINE
  5
3F2
330
1A
100
AcDbEntity
  8
BLACK
  6
CONTINUOUS
100
AcDbLine
 10
1.5053161023622046
 20
1.027436220472441
 30
0
 11
1.5052194094488189
 21
1.0274169685039369
 31
0
  0
LINE
  5
3F3
330
1A
100
AcDbEntity
  8
BLACK
  6
CONTINUOUS
100
AcDbLine
 10
1.5052194094488189
 20
1.0274169685039369
 30
0
 11
1.5014698818897638
 21
1.0274169685039369
 31
0
  0
LINE
  5
3F4
330
1A
100
AcDbEntity
  8
BLACK
  6
CONTINUOUS
100
AcDbLine
 10
1.5014698818897638
 20
1.0274169685039369
 30
0
 11
1.5013731496062992
 21
1.027436220472441
 31
0
  0
LINE
  5
3F5
330
1A
100
AcDbEntity
  8
BLACK
  6
CONTINUOUS
100
AcDbLine
 10
1.5013731496062992
 20
1.027436220472441
 30
0
 11
1.5013303149606299
 21
1.0274219291338582
 31
0
  0
LINE
  5
3F6
330
1A
100
AcDbEntity
  8
BLACK
  6
CONTINUOUS
100
AcDbLine
 10
1.5013303149606299
 20
1.0274219291338582
 30
0
 11
1.5010260629921259
 21
1.0275052755905512
 31
0
  0
LINE
  5
3F7
330
1A
100
AcDbEntity
  8
BLACK
  6
CONTINUOUS
100
AcDbLine
 10
1.5010260629921259
 20
1.0275052755905512
 30
0
 11
1.5007165748031495
 21
1.027566811023622
 31
0
  0
LINE
  5
3F8
330
1A
100
AcDbEntity
  8
BLACK
  6
CONTINUOUS
100
AcDbLine
 10
1.5007165748031495
 20
1.027566811023622
 30
0
 11
1.5006846062992125
 21
1.027598779527559
 31
0
  0
LINE
  5
3F9
330
1A
100
AcDbEntity
  8
BLACK
  6
CONTINUOUS
100
AcDbLine
 10
1.5006846062992125
 20
1.027598779527559
 30
0
 11
1.5005895275590551
 21
1.0276248031496062
 31
0
  0
LINE
  5
3FA
330
1A
100
AcDbEntity
  8
BLACK
  6
CONTINUOUS
100
AcDbLine
 10
1.5005895275590551
 20
1.0276248031496062
 30
0
 11
1.4987148031496063
 21
1.0285621259842519
 31
0
  0
LINE
  5
3FB
330
1A
100
AcDbEntity
  8
BLACK
  6
CONTINUOUS
100
AcDbLine
 10
1.4987148031496063
 20
1.0285621259842519
 30
0
 11
1.4984655118110235
 21
1.0287555905511812
 31
0
  0
LINE
  5
3FC
330
1A
100
AcDbEntity
  8
BLACK
  6
CONTINUOUS
100
AcDbLine
 10
1.4984655118110235
 20
1.0287555905511812
 30
0
 11
1.4982031496062991
 21
1.028930905511811
 31
0
  0
LINE
  5
3FD
330
1A
100
AcDbEntity
  8
BLACK
  6
CONTINUOUS
100
AcDbLine
 10
1.4982031496062991
 20
1.028930905511811
 30
0
 11
1.4972657874015747
 21
1.0298683070866141
 31
0
  0
LINE
  5
3FE
330
1A
100
AcDbEntity
  8
BLACK
  6
CONTINUOUS
100
AcDbLine
 10
1.4972657874015747
 20
1.0298683070866141
 30
0
 11
1.4970906299212599
 21
1.030130433070866
 31
0
  0
LINE
  5
3FF
330
1A
100
AcDbEntity
  8
BLACK
  6
CONTINUOUS
100
AcDbLine
 10
1.4970906299212599
 20
1.030130433070866
 30
0
 11
1.4968970078740158
 21
1.0303799212598426
 31
0
  0
LINE
  5
400
330
1A
100
AcDbEntity
  8
BLACK
  6
CONTINUOUS
100
AcDbLine
 10
1.4968970078740158
 20
1.0303799212598426
 30
0
 11
1.4959596456692914
 21
1.0322546850393701
 31
0
  0
LINE
  5
401
330
1A
100
AcDbEntity
  8
BLACK
  6
CONTINUOUS
100
AcDbLine
 10
1.4959596456692914
 20
1.0322546850393701
 30
0
 11
1.4959335826771654
 21
1.0323498031496063
 31
0
  0
LINE
  5
402
330
1A
100
AcDbEntity
  8
BLACK
  6
CONTINUOUS
100
AcDbLine
 10
1.4959335826771654
 20
1.0323498031496063
 30
0
 11
1.4959016929133857
 21
1.0323816929133858
 31
0
  0
LINE
  5
403
330
1A
100
AcDbEntity
  8
BLACK
  6
CONTINUOUS
100
AcDbLine
 10
1.4959016929133857
 20
1.0323816929133858
 30
0
 11
1.4958661417322834
 21
1.0325603937007874
 31
0
  0
LINE
  5
404
330
1A
100
AcDbEntity
  8
BLACK
  6
CONTINUOUS
100
AcDbLine
 10
1.4958661417322834
 20
1.0325603937007874
 30
0
 11
1.4958661417322834
 21
0.9582677165354331
 31
0
  0
LINE
  5
405
330
1A
100
AcDbEntity
  8
BLACK
  6
CONTINUOUS
100
AcDbLine
 10
1.4958661417322834
 20
0.9582677165354331
 30
0
 11
1.4957912204724408
 21
0.957891062992126
 31
0
  0
LINE
  5
406
330
1A
100
AcDbEntity
  8
BLACK
  6
CONTINUOUS
100
AcDbLine
 10
1.4957912204724408
 20
0.957891062992126
 30
0
 11
1.4952585433070866
 21
0.9573583858267717
 31
0
  0
LINE
  5
407
330
1A
100
AcDbEntity
  8
BLACK
  6
CONTINUOUS
100
AcDbLine
 10
1.4952585433070866
 20
0.9573583858267717
 30
0
 11
1.4948818897637794
 21
0.9572834645669291
 31
0
  0
LINE
  5
408
330
1A
100
AcDbEntity
  8
BLACK
  6
CONTINUOUS
100
AcDbLine
 10
1.4948818897637794
 20
0.9572834645669291
 30
0
 11
1.361023622047244
 21
0.9572834645669291
 31
0
  0
LINE
  5
409
330
1A
100
AcDbEntity
  8
BLACK
  6
CONTINUOUS
100
AcDbLine
 10
1.361023622047244
 20
0.9572834645669291
 30
0
 11
1.3606469685039371
 21
0.9573583858267717
 31
0
  0
LINE
  5
40A
330
1A
100
AcDbEntity
  8
BLACK
  6
CONTINUOUS
100
AcDbLine
 10
1.3606469685039371
 20
0.9573583858267717
 30
0
 11
1.3601142913385826
 21
0.957891062992126
 31
0
  0
LINE
  5
40B
330
1A
100
AcDbEntity
  8
BLACK
  6
CONTINUOUS
100
AcDbLine
 10
1.3601142913385826
 20
0.957891062992126
 30
0
 11
1.3600393700787401
 21
0.9582677165354331
 31
0
  0
LINE
  5
40C
330
1A
100
AcDbEntity
  8
BLACK
  6
CONTINUOUS
100
AcDbLine
 10
1.3600393700787401
 20
0.9582677165354331
 30
0
 11
1.3600393700787401
 21
1.0354330708661417
 31
0
  0
LINE
  5
40D
330
1A
100
AcDbEntity
  8
BLACK
  6
CONTINUOUS
100
AcDbLine
 10
1.3600393700787401
 20
1.0354330708661417
 30
0
 11
1.3601142913385826
 21
1.0358097244094489
 31
0
  0
LINE
  5
40E
330
1A
100
AcDbEntity
  8
BLACK
  6
CONTINUOUS
100
AcDbLine
 10
1.3601142913385826
 20
1.0358097244094489
 30
0
 11
1.3606469685039371
 21
1.0363424015748031
 31
0
  0
LINE
  5
40F
330
1A
100
AcDbEntity
  8
BLACK
  6
CONTINUOUS
100
AcDbLine
 10
1.3606469685039371
 20
1.0363424015748031
 30
0
 11
1.361023622047244
 21
1.0364173228346456
 31
0
  0
LINE
  5
410
330
1A
100
AcDbEntity
  8
BLACK
  6
CONTINUOUS
100
AcDbLine
 10
1.361023622047244
 20
1.0364173228346456
 30
0
 11
1.3630052755905511
 21
1.0364173228346456
 31
0
  0
LINE
  5
411
330
1A
100
AcDbEntity
  8
BLACK
  6
CONTINUOUS
100
AcDbLine
 10
1.3630052755905511
 20
1.0364173228346456
 30
0
 11
1.3619553937007873
 21
1.0395669291338583
 31
0
  0
LINE
  5
412
330
1A
100
AcDbEntity
  8
BLACK
  6
CONTINUOUS
100
AcDbLine
 10
1.3619553937007873
 20
1.0395669291338583
 30
0
 11
1.3130905511811024
 21
1.0395669291338583
 31
0
  0
LINE
  5
413
330
1A
100
AcDbEntity
  8
BLACK
  6
CONTINUOUS
100
AcDbLine
 10
1.3130905511811024
 20
1.0395669291338583
 30
0
 11
1.3127138976377952
 21
1.0396418503937008
 31
0
  0
LINE
  5
414
330
1A
100
AcDbEntity
  8
BLACK
  6
CONTINUOUS
100
AcDbLine
 10
1.3127138976377952
 20
1.0396418503937008
 30
0
 11
1.312181220472441
 21
1.040174527559055
 31
0
  0
LINE
  5
415
330
1A
100
AcDbEntity
  8
BLACK
  6
CONTINUOUS
100
AcDbLine
 10
1.312181220472441
 20
1.040174527559055
 30
0
 11
1.3121062992125985
 21
1.0405511811023622
 31
0
  0
LINE
  5
416
330
1A
100
AcDbEntity
  8
BLACK
  6
CONTINUOUS
100
AcDbLine
 10
1.3121062992125985
 20
1.0405511811023622
 30
0
 11
1.3121062992125985
 21
1.0852774409448818
 31
0
  0
LINE
  5
417
330
1A
100
AcDbEntity
  8
BLACK
  6
CONTINUOUS
100
AcDbLine
 10
1.3121062992125985
 20
1.0852774409448818
 30
0
 11
1.3117308661417322
 21
1.0841511417322833
 31
0
  0
LINE
  5
418
330
1A
100
AcDbEntity
  8
BLACK
  6
CONTINUOUS
100
AcDbLine
 10
1.3117308661417322
 20
1.0841511417322833
 30
0
 11
1.311124094488189
 21
1.0836802362204725
 31
0
  0
LINE
  5
419
330
1A
100
AcDbEntity
  8
BLACK
  6
CONTINUOUS
100
AcDbLine
 10
1.311124094488189
 20
1.0836802362204725
 30
0
 11
1.3092493307086615
 21
1.0827428740157481
 31
0
  0
LINE
  5
41A
330
1A
100
AcDbEntity
  8
BLACK
  6
CONTINUOUS
100
AcDbLine
 10
1.3092493307086615
 20
1.0827428740157481
 30
0
 11
1.3091542125984252
 21
1.0827168503937008
 31
0
  0
LINE
  5
41B
330
1A
100
AcDbEntity
  8
BLACK
  6
CONTINUOUS
100
AcDbLine
 10
1.3091542125984252
 20
1.0827168503937008
 30
0
 11
1.3091223228346456
 21
1.0826849212598424
 31
0
  0
LINE
  5
41C
330
1A
100
AcDbEntity
  8
BLACK
  6
CONTINUOUS
100
AcDbLine
 10
1.3091223228346456
 20
1.0826849212598424
 30
0
 11
1.3088128346456693
 21
1.0826233858267715
 31
0
  0
LINE
  5
41D
330
1A
100
AcDbEntity
  8
BLACK
  6
CONTINUOUS
100
AcDbLine
 10
1.3088128346456693
 20
1.0826233858267715
 30
0
 11
1.3085085433070867
 21
1.0825400393700788
 31
0
  0
LINE
  5
41E
330
1A
100
AcDbEntity
  8
BLACK
  6
CONTINUOUS
100
AcDbLine
 10
1.3085085433070867
 20
1.0825400393700788
 30
0
 11
1.3084657086614173
 21
1.0825543307086614
 31
0
  0
LINE
  5
41F
330
1A
100
AcDbEntity
  8
BLACK
  6
CONTINUOUS
100
AcDbLine
 10
1.3084657086614173
 20
1.0825543307086614
 30
0
 11
1.3083690157480314
 21
1.0825350787401575
 31
0
  0
LINE
  5
420
330
1A
100
AcDbEntity
  8
BLACK
  6
CONTINUOUS
100
AcDbLine
 10
1.3083690157480314
 20
1.0825350787401575
 30
0
 11
1.3064960629921261
 21
1.0825350787401575
 31
0
  0
LINE
  5
421
330
1A
100
AcDbEntity
  8
BLACK
  6
CONTINUOUS
100
AcDbLine
 10
1.3064960629921261
 20
1.0825350787401575
 30
0
 11
1.3064960629921261
 21
1.012992125984252
 31
0
  0
LINE
  5
422
330
1A
100
AcDbEntity
  8
BLACK
  6
CONTINUOUS
100
AcDbLine
 10
1.3064960629921261
 20
1.012992125984252
 30
0
 11
1.3064211417322835
 21
1.0126154724409449
 31
0
  0
LINE
  5
423
330
1A
100
AcDbEntity
  8
BLACK
  6
CONTINUOUS
100
AcDbLine
 10
1.3064211417322835
 20
1.0126154724409449
 30
0
 11
1.3058884645669291
 21
1.0120827952755904
 31
0
  0
LINE
  5
424
330
1A
100
AcDbEntity
  8
BLACK
  6
CONTINUOUS
100
AcDbLine
 10
1.3058884645669291
 20
1.0120827952755904
 30
0
 11
1.3055118110236221
 21
1.0120078740157481
 31
0
  0
LINE
  5
425
330
1A
100
AcDbEntity
  8
BLACK
  6
CONTINUOUS
100
AcDbLine
 10
1.3055118110236221
 20
1.0120078740157481
 30
0
 11
1.1732283464566928
 21
1.0120078740157481
 31
0
  0
LINE
  5
426
330
1A
100
AcDbEntity
  8
BLACK
  6
CONTINUOUS
100
AcDbLine
 10
1.1732283464566928
 20
1.0120078740157481
 30
0
 11
1.1728516929133859
 21
1.0120827952755904
 31
0
  0
LINE
  5
427
330
1A
100
AcDbEntity
  8
BLACK
  6
CONTINUOUS
100
AcDbLine
 10
1.1728516929133859
 20
1.0120827952755904
 30
0
 11
1.1723190157480314
 21
1.0126154724409449
 31
0
  0
LINE
  5
428
330
1A
100
AcDbEntity
  8
BLACK
  6
CONTINUOUS
100
AcDbLine
 10
1.1723190157480314
 20
1.0126154724409449
 30
0
 11
1.1722440944881889
 21
1.012992125984252
 31
0
  0
LINE
  5
429
330
1A
100
AcDbEntity
  8
BLACK
  6
CONTINUOUS
100
AcDbLine
 10
1.1722440944881889
 20
1.012992125984252
 30
0
 11
1.1722440944881889
 21
1.0835352362204724
 31
0
  0
LINE
  5
42A
330
1A
100
AcDbEntity
  8
BLACK
  6
CONTINUOUS
100
AcDbLine
 10
1.1722440944881889
 20
1.0835352362204724
 30
0
 11
1.172060905511811
 21
1.0832138188976377
 31
0
  0
LINE
  5
42B
330
1A
100
AcDbEntity
  8
BLACK
  6
CONTINUOUS
100
AcDbLine
 10
1.172060905511811
 20
1.0832138188976377
 30
0
 11
1.1719292913385826
 21
1.0831480708661416
 31
0
  0
LINE
  5
42C
330
1A
100
AcDbEntity
  8
BLACK
  6
CONTINUOUS
100
AcDbLine
 10
1.1719292913385826
 20
1.0831480708661416
 30
0
 11
1.1718635433070865
 21
1.0830164566929135
 31
0
  0
LINE
  5
42D
330
1A
100
AcDbEntity
  8
BLACK
  6
CONTINUOUS
100
AcDbLine
 10
1.1718635433070865
 20
1.0830164566929135
 30
0
 11
1.1712714173228347
 21
1.082819094488189
 31
0
  0
LINE
  5
42E
330
1A
100
AcDbEntity
  8
BLACK
  6
CONTINUOUS
100
AcDbLine
 10
1.1712714173228347
 20
1.082819094488189
 30
0
 11
1.1707133070866143
 21
1.0825400393700788
 31
0
  0
LINE
  5
42F
330
1A
100
AcDbEntity
  8
BLACK
  6
CONTINUOUS
100
AcDbLine
 10
1.1707133070866143
 20
1.0825400393700788
 30
0
 11
1.170573779527559
 21
1.0825865748031496
 31
0
  0
LINE
  5
430
330
1A
100
AcDbEntity
  8
BLACK
  6
CONTINUOUS
100
AcDbLine
 10
1.170573779527559
 20
1.0825865748031496
 30
0
 11
1.1704342519685038
 21
1.0825400393700788
 31
0
  0
LINE
  5
431
330
1A
100
AcDbEntity
  8
BLACK
  6
CONTINUOUS
100
AcDbLine
 10
1.1704342519685038
 20
1.0825400393700788
 30
0
 11
1.1698761023622046
 21
1.082819094488189
 31
0
  0
LINE
  5
432
330
1A
100
AcDbEntity
  8
BLACK
  6
CONTINUOUS
100
AcDbLine
 10
1.1698761023622046
 20
1.082819094488189
 30
0
 11
1.1692840157480315
 21
1.0830164566929135
 31
0
  0
LINE
  5
433
330
1A
100
AcDbEntity
  8
BLACK
  6
CONTINUOUS
100
AcDbLine
 10
1.1692840157480315
 20
1.0830164566929135
 30
0
 11
1.1692182283464567
 21
1.0831480708661416
 31
0
  0
LINE
  5
434
330
1A
100
AcDbEntity
  8
BLACK
  6
CONTINUOUS
100
AcDbLine
 10
1.1692182283464567
 20
1.0831480708661416
 30
0
 11
1.1690866535433071
 21
1.0832138188976377
 31
0
  0
LINE
  5
435
330
1A
100
AcDbEntity
  8
BLACK
  6
CONTINUOUS
100
AcDbLine
 10
1.1690866535433071
 20
1.0832138188976377
 30
0
 11
1.1687062992125985
 21
1.0838811023622048
 31
0
  0
LINE
  5
436
330
1A
100
AcDbEntity
  8
BLACK
  6
CONTINUOUS
100
AcDbLine
 10
1.1687062992125985
 20
1.0838811023622048
 30
0
 11
1.1684055118110237
 21
1.084783503937008
 31
0
  0
LINE
  5
437
330
1A
100
AcDbEntity
  8
BLACK
  6
CONTINUOUS
100
AcDbLine
 10
1.1684055118110237
 20
1.084783503937008
 30
0
 11
1.1684055118110237
 21
1.0056102362204724
 31
0
  0
LINE
  5
438
330
1A
100
AcDbEntity
  8
BLACK
  6
CONTINUOUS
100
AcDbLine
 10
1.1684055118110237
 20
1.0056102362204724
 30
0
 11
1.1683305905511812
 21
1.0052335826771652
 31
0
  0
LINE
  5
439
330
1A
100
AcDbEntity
  8
BLACK
  6
CONTINUOUS
100
AcDbLine
 10
1.1683305905511812
 20
1.0052335826771652
 30
0
 11
1.1677979133858267
 21
1.004700905511811
 31
0
  0
LINE
  5
43A
330
1A
100
AcDbEntity
  8
BLACK
  6
CONTINUOUS
100
AcDbLine
 10
1.1677979133858267
 20
1.004700905511811
 30
0
 11
1.1674212598425198
 21
1.0046259842519685
 31
0
  0
LINE
  5
43B
330
1A
100
AcDbEntity
  8
BLACK
  6
CONTINUOUS
100
AcDbLine
 10
1.1674212598425198
 20
1.0046259842519685
 30
0
 11
1.1638547637795276
 21
1.0046259842519685
 31
0
  0
LINE
  5
43C
330
1A
100
AcDbEntity
  8
BLACK
  6
CONTINUOUS
100
AcDbLine
 10
1.1638547637795276
 20
1.0046259842519685
 30
0
 11
1.1645887007874016
 21
1.0038920472440944
 31
0
  0
LINE
  5
43D
330
1A
100
AcDbEntity
  8
BLACK
  6
CONTINUOUS
100
AcDbLine
 10
1.1645887007874016
 20
1.0038920472440944
 30
0
 11
1.1645887007874016
 21
1.0023854330708661
 31
0
  0
LINE
  5
43E
330
1A
100
AcDbEntity
  8
BLACK
  6
CONTINUOUS
100
AcDbLine
 10
1.1645887007874016
 20
1.0023854330708661
 30
0
 11
1.163523346456693
 21
1.0013200787401575
 31
0
  0
LINE
  5
43F
330
1A
100
AcDbEntity
  8
BLACK
  6
CONTINUOUS
100
AcDbLine
 10
1.163523346456693
 20
1.0013200787401575
 30
0
 11
1.1627700393700786
 21
1.0011702362204724
 31
0
  0
LINE
  5
440
330
1A
100
AcDbEntity
  8
BLACK
  6
CONTINUOUS
100
AcDbLine
 10
1.1627700393700786
 20
1.0011702362204724
 30
0
 11
1.1600516141732282
 21
1.0011702362204724
 31
0
  0
LINE
  5
441
330
1A
100
AcDbEntity
  8
BLACK
  6
CONTINUOUS
100
AcDbLine
 10
1.1600516141732282
 20
1.0011702362204724
 30
0
 11
1.1600516141732282
 21
0.9985236220472441
 31
0
  0
LINE
  5
442
330
1A
100
AcDbEntity
  8
BLACK
  6
CONTINUOUS
100
AcDbLine
 10
1.1600516141732282
 20
0.9985236220472441
 30
0
 11
1.168823031496063
 21
0.9985236220472441
 31
0
  0
LINE
  5
443
330
1A
100
AcDbEntity
  8
BLACK
  6
CONTINUOUS
100
AcDbLine
 10
1.168823031496063
 20
0.9985236220472441
 30
0
 11
1.1703261023622047
 21
0.9992751181102362
 31
0
  0
LINE
  5
444
330
1A
100
AcDbEntity
  8
BLACK
  6
CONTINUOUS
100
AcDbLine
 10
1.1703261023622047
 20
0.9992751181102362
 30
0
 11
1.1704211811023622
 21
0.9993011811023622
 31
0
  0
LINE
  5
445
330
1A
100
AcDbEntity
  8
BLACK
  6
CONTINUOUS
100
AcDbLine
 10
1.1704211811023622
 20
0.9993011811023622
 30
0
 11
1.1704531496062991
 21
0.9993331102362204
 31
0
  0
LINE
  5
446
330
1A
100
AcDbEntity
  8
BLACK
  6
CONTINUOUS
100
AcDbLine
 10
1.1704531496062991
 20
0.9993331102362204
 30
0
 11
1.1707626377952756
 21
0.99939468503937
 31
0
  0
LINE
  5
447
330
1A
100
AcDbEntity
  8
BLACK
  6
CONTINUOUS
100
AcDbLine
 10
1.1707626377952756
 20
0.99939468503937
 30
0
 11
1.1710668897637795
 21
0.9994779921259842
 31
0
  0
LINE
  5
448
330
1A
100
AcDbEntity
  8
BLACK
  6
CONTINUOUS
100
AcDbLine
 10
1.1710668897637795
 20
0.9994779921259842
 30
0
 11
1.1711097244094488
 21
0.9994637401574803
 31
0
  0
LINE
  5
449
330
1A
100
AcDbEntity
  8
BLACK
  6
CONTINUOUS
100
AcDbLine
 10
1.1711097244094488
 20
0.9994637401574803
 30
0
 11
1.1712064566929135
 21
0.9994829527559055
 31
0
  0
LINE
  5
44A
330
1A
100
AcDbEntity
  8
BLACK
  6
CONTINUOUS
100
AcDbLine
 10
1.1712064566929135
 20
0.9994829527559055
 30
0
 11
1.1754287007874016
 21
0.9994829527559055
 31
0
  0
LINE
  5
44B
330
1A
100
AcDbEntity
  8
BLACK
  6
CONTINUOUS
100
AcDbLine
 10
1.1754287007874016
 20
0.9994829527559055
 30
0
 11
1.1757996456692914
 21
0.9996684645669291
 31
0
  0
LINE
  5
44C
330
1A
100
AcDbEntity
  8
BLACK
  6
CONTINUOUS
100
AcDbLine
 10
1.1757996456692914
 20
0.9996684645669291
 30
0
 11
1.1757996456692914
 21
0.9998619291338583
 31
0
  0
LINE
  5
44D
330
1A
100
AcDbEntity
  8
BLACK
  6
CONTINUOUS
100
AcDbLine
 10
1.1757996456692914
 20
0.9998619291338583
 30
0
 11
1.1753635039370078
 21
1.0007341338582676
 31
0
  0
LINE
  5
44E
330
1A
100
AcDbEntity
  8
BLACK
  6
CONTINUOUS
100
AcDbLine
 10
1.1753635039370078
 20
1.0007341338582676
 30
0
 11
1.1744912598425197
 21
1.0011702362204724
 31
0
  0
LINE
  5
44F
330
1A
100
AcDbEntity
  8
BLACK
  6
CONTINUOUS
100
AcDbLine
 10
1.1744912598425197
 20
1.0011702362204724
 30
0
 11
1.1716711811023621
 21
1.0011702362204724
 31
0
  0
LINE
  5
450
330
1A
100
AcDbEntity
  8
BLACK
  6
CONTINUOUS
100
AcDbLine
 10
1.1716711811023621
 20
1.0011702362204724
 30
0
 11
1.1702120078740157
 21
1.0004406692913386
 31
0
  0
LINE
  5
451
330
1A
100
AcDbEntity
  8
BLACK
  6
CONTINUOUS
100
AcDbLine
 10
1.1702120078740157
 20
1.0004406692913386
 30
0
 11
1.1694712204724409
 21
1.0002378346456693
 31
0
  0
LINE
  5
452
330
1A
100
AcDbEntity
  8
BLACK
  6
CONTINUOUS
100
AcDbLine
 10
1.1694712204724409
 20
1.0002378346456693
 30
0
 11
1.1680418897637794
 21
1.0007142913385827
 31
0
  0
LINE
  5
453
330
1A
100
AcDbEntity
  8
BLACK
  6
CONTINUOUS
100
AcDbLine
 10
1.1680418897637794
 20
1.0007142913385827
 30
0
 11
1.1673681496062991
 21
1.0020618503937007
 31
0
  0
LINE
  5
454
330
1A
100
AcDbEntity
  8
BLACK
  6
CONTINUOUS
100
AcDbLine
 10
1.1673681496062991
 20
1.0020618503937007
 30
0
 11
1.1678446062992125
 21
1.0034911811023621
 31
0
  0
LINE
  5
455
330
1A
100
AcDbEntity
  8
BLACK
  6
CONTINUOUS
100
AcDbLine
 10
1.1678446062992125
 20
1.0034911811023621
 30
0
 11
1.1684513779527559
 21
1.0039620866141732
 31
0
  0
LINE
  5
456
330
1A
100
AcDbEntity
  8
BLACK
  6
CONTINUOUS
100
AcDbLine
 10
1.1684513779527559
 20
1.0039620866141732
 30
0
 11
1.1703261023622047
 21
1.0048994094488188
 31
0
  0
LINE
  5
457
330
1A
100
AcDbEntity
  8
BLACK
  6
CONTINUOUS
100
AcDbLine
 10
1.1703261023622047
 20
1.0048994094488188
 30
0
 11
1.1704211811023622
 21
1.0049254724409449
 31
0
  0
LINE
  5
458
330
1A
100
AcDbEntity
  8
BLACK
  6
CONTINUOUS
100
AcDbLine
 10
1.1704211811023622
 20
1.0049254724409449
 30
0
 11
1.1704531496062991
 21
1.0049574015748031
 31
0
  0
LINE
  5
459
330
1A
100
AcDbEntity
  8
BLACK
  6
CONTINUOUS
100
AcDbLine
 10
1.1704531496062991
 20
1.0049574015748031
 30
0
 11
1.1707626377952756
 21
1.0050189763779527
 31
0
  0
LINE
  5
45A
330
1A
100
AcDbEntity
  8
BLACK
  6
CONTINUOUS
100
AcDbLine
 10
1.1707626377952756
 20
1.0050189763779527
 30
0
 11
1.1710668897637795
 21
1.0051022834645669
 31
0
  0
LINE
  5
45B
330
1A
100
AcDbEntity
  8
BLACK
  6
CONTINUOUS
100
AcDbLine
 10
1.1710668897637795
 20
1.0051022834645669
 30
0
 11
1.1711097244094488
 21
1.0050880314960631
 31
0
  0
LINE
  5
45C
330
1A
100
AcDbEntity
  8
BLACK
  6
CONTINUOUS
100
AcDbLine
 10
1.1711097244094488
 20
1.0050880314960631
 30
0
 11
1.1712064566929135
 21
1.0051072440944882
 31
0
  0
LINE
  5
45D
330
1A
100
AcDbEntity
  8
BLACK
  6
CONTINUOUS
100
AcDbLine
 10
1.1712064566929135
 20
1.0051072440944882
 30
0
 11
1.1749559842519686
 21
1.0051072440944882
 31
0
  0
LINE
  5
45E
330
1A
100
AcDbEntity
  8
BLACK
  6
CONTINUOUS
100
AcDbLine
 10
1.1749559842519686
 20
1.0051072440944882
 30
0
 11
1.1750526771653542
 21
1.0050880314960631
 31
0
  0
LINE
  5
45F
330
1A
100
AcDbEntity
  8
BLACK
  6
CONTINUOUS
100
AcDbLine
 10
1.1750526771653542
 20
1.0050880314960631
 30
0
 11
1.1750955118110236
 21
1.0051022834645669
 31
0
  0
LINE
  5
460
330
1A
100
AcDbEntity
  8
BLACK
  6
CONTINUOUS
100
AcDbLine
 10
1.1750955118110236
 20
1.0051022834645669
 30
0
 11
1.1753998031496062
 21
1.0050189763779527
 31
0
  0
LINE
  5
461
330
1A
100
AcDbEntity
  8
BLACK
  6
CONTINUOUS
100
AcDbLine
 10
1.1753998031496062
 20
1.0050189763779527
 30
0
 11
1.1757092913385827
 21
1.0049574015748031
 31
0
  0
LINE
  5
462
330
1A
100
AcDbEntity
  8
BLACK
  6
CONTINUOUS
100
AcDbLine
 10
1.1757092913385827
 20
1.0049574015748031
 30
0
 11
1.1757411811023621
 21
1.0049255118110236
 31
0
  0
LINE
  5
463
330
1A
100
AcDbEntity
  8
BLACK
  6
CONTINUOUS
100
AcDbLine
 10
1.1757411811023621
 20
1.0049255118110236
 30
0
 11
1.1758362992125984
 21
1.0048994488188976
 31
0
  0
LINE
  5
464
330
1A
100
AcDbEntity
  8
BLACK
  6
CONTINUOUS
100
AcDbLine
 10
1.1758362992125984
 20
1.0048994488188976
 30
0
 11
1.1777110629921259
 21
1.0039620866141732
 31
0
  0
LINE
  5
465
330
1A
100
AcDbEntity
  8
BLACK
  6
CONTINUOUS
100
AcDbLine
 10
1.1777110629921259
 20
1.0039620866141732
 30
0
 11
1.1780207086614174
 21
1.0037217716535434
 31
0
  0
LINE
  5
466
330
1A
100
AcDbEntity
  8
BLACK
  6
CONTINUOUS
100
AcDbLine
 10
1.1780207086614174
 20
1.0037217716535434
 30
0
 11
1.1781205118110236
 21
1.0036885039370078
 31
0
  0
LINE
  5
467
330
1A
100
AcDbEntity
  8
BLACK
  6
CONTINUOUS
100
AcDbLine
 10
1.1781205118110236
 20
1.0036885039370078
 30
0
 11
1.1782067322834646
 21
1.0035774409448819
 31
0
  0
LINE
  5
468
330
1A
100
AcDbEntity
  8
BLACK
  6
CONTINUOUS
100
AcDbLine
 10
1.1782067322834646
 20
1.0035774409448819
 30
0
 11
1.1783178346456693
 21
1.0034911811023621
 31
0
  0
LINE
  5
469
330
1A
100
AcDbEntity
  8
BLACK
  6
CONTINUOUS
100
AcDbLine
 10
1.1783178346456693
 20
1.0034911811023621
 30
0
 11
1.1783510629921259
 21
1.0033914173228347
 31
0
  0
LINE
  5
46A
330
1A
100
AcDbEntity
  8
BLACK
  6
CONTINUOUS
100
AcDbLine
 10
1.1783510629921259
 20
1.0033914173228347
 30
0
 11
1.1785914173228347
 21
1.0030817322834646
 31
0
  0
LINE
  5
46B
330
1A
100
AcDbEntity
  8
BLACK
  6
CONTINUOUS
100
AcDbLine
 10
1.1785914173228347
 20
1.0030817322834646
 30
0
 11
1.1795288188976378
 21
1.0012069685039371
 31
0
  0
LINE
  5
46C
330
1A
100
AcDbEntity
  8
BLACK
  6
CONTINUOUS
100
AcDbLine
 10
1.1795288188976378
 20
1.0012069685039371
 30
0
 11
1.1795548425196851
 21
1.0011118897637794
 31
0
  0
LINE
  5
46D
330
1A
100
AcDbEntity
  8
BLACK
  6
CONTINUOUS
100
AcDbLine
 10
1.1795548425196851
 20
1.0011118897637794
 30
0
 11
1.1795868110236221
 21
1.0010799212598425
 31
0
  0
LINE
  5
46E
330
1A
100
AcDbEntity
  8
BLACK
  6
CONTINUOUS
100
AcDbLine
 10
1.1795868110236221
 20
1.0010799212598425
 30
0
 11
1.1796483464566929
 21
1.0007704330708662
 31
0
  0
LINE
  5
46F
330
1A
100
AcDbEntity
  8
BLACK
  6
CONTINUOUS
100
AcDbLine
 10
1.1796483464566929
 20
1.0007704330708662
 30
0
 11
1.1797316929133859
 21
1.0004661811023621
 31
0
  0
LINE
  5
470
330
1A
100
AcDbEntity
  8
BLACK
  6
CONTINUOUS
100
AcDbLine
 10
1.1797316929133859
 20
1.0004661811023621
 30
0
 11
1.1797174015748031
 21
1.000423346456693
 31
0
  0
LINE
  5
471
330
1A
100
AcDbEntity
  8
BLACK
  6
CONTINUOUS
100
AcDbLine
 10
1.1797174015748031
 20
1.000423346456693
 30
0
 11
1.1797366535433071
 21
1.0003266141732283
 31
0
  0
LINE
  5
472
330
1A
100
AcDbEntity
  8
BLACK
  6
CONTINUOUS
100
AcDbLine
 10
1.1797366535433071
 20
1.0003266141732283
 30
0
 11
1.1797366535433071
 21
0.9985236220472441
 31
0
  0
LINE
  5
473
330
1A
100
AcDbEntity
  8
BLACK
  6
CONTINUOUS
100
AcDbLine
 10
1.1797366535433071
 20
0.9985236220472441
 30
0
 11
1.1842361023622048
 21
0.9985236220472441
 31
0
  0
LINE
  5
474
330
1A
100
AcDbEntity
  8
BLACK
  6
CONTINUOUS
100
AcDbLine
 10
1.1842361023622048
 20
0.9985236220472441
 30
0
 11
1.1842361023622048
 21
0.9993892125984252
 31
0
  0
LINE
  5
475
330
1A
100
AcDbEntity
  8
BLACK
  6
CONTINUOUS
100
AcDbLine
 10
1.1842361023622048
 20
0.9993892125984252
 30
0
 11
1.1842553149606299
 21
0.9994859448818897
 31
0
  0
LINE
  5
476
330
1A
100
AcDbEntity
  8
BLACK
  6
CONTINUOUS
100
AcDbLine
 10
1.1842553149606299
 20
0.9994859448818897
 30
0
 11
1.1842410629921261
 21
0.9995287401574803
 31
0
  0
LINE
  5
477
330
1A
100
AcDbEntity
  8
BLACK
  6
CONTINUOUS
100
AcDbLine
 10
1.1842410629921261
 20
0.9995287401574803
 30
0
 11
1.18432437007874
 21
0.9998330708661417
 31
0
  0
LINE
  5
478
330
1A
100
AcDbEntity
  8
BLACK
  6
CONTINUOUS
100
AcDbLine
 10
1.18432437007874
 20
0.9998330708661417
 30
0
 11
1.1843859448818896
 21
1.0001425196850393
 31
0
  0
LINE
  5
479
330
1A
100
AcDbEntity
  8
BLACK
  6
CONTINUOUS
100
AcDbLine
 10
1.1843859448818896
 20
1.0001425196850393
 30
0
 11
1.1844178346456693
 21
1.0001744488188977
 31
0
  0
LINE
  5
47A
330
1A
100
AcDbEntity
  8
BLACK
  6
CONTINUOUS
100
AcDbLine
 10
1.1844178346456693
 20
1.0001744488188977
 30
0
 11
1.1844438976377953
 21
1.0002695275590552
 31
0
  0
LINE
  5
47B
330
1A
100
AcDbEntity
  8
BLACK
  6
CONTINUOUS
100
AcDbLine
 10
1.1844438976377953
 20
1.0002695275590552
 30
0
 11
1.1853812598425197
 21
1.0021442913385827
 31
0
  0
LINE
  5
47C
330
1A
100
AcDbEntity
  8
BLACK
  6
CONTINUOUS
100
AcDbLine
 10
1.1853812598425197
 20
1.0021442913385827
 30
0
 11
1.1855748818897638
 21
1.0023938188976378
 31
0
  0
LINE
  5
47D
330
1A
100
AcDbEntity
  8
BLACK
  6
CONTINUOUS
100
AcDbLine
 10
1.1855748818897638
 20
1.0023938188976378
 30
0
 11
1.1857500393700786
 21
1.0026559055118109
 31
0
  0
LINE
  5
47E
330
1A
100
AcDbEntity
  8
BLACK
  6
CONTINUOUS
100
AcDbLine
 10
1.1857500393700786
 20
1.0026559055118109
 30
0
 11
1.186687401574803
 21
1.0035933070866141
 31
0
  0
LINE
  5
47F
330
1A
100
AcDbEntity
  8
BLACK
  6
CONTINUOUS
100
AcDbLine
 10
1.186687401574803
 20
1.0035933070866141
 30
0
 11
1.1869497637795274
 21
1.0037686614173229
 31
0
  0
LINE
  5
480
330
1A
100
AcDbEntity
  8
BLACK
  6
CONTINUOUS
100
AcDbLine
 10
1.1869497637795274
 20
1.0037686614173229
 30
0
 11
1.1871990551181102
 21
1.0039620866141732
 31
0
  0
LINE
  5
481
330
1A
100
AcDbEntity
  8
BLACK
  6
CONTINUOUS
100
AcDbLine
 10
1.1871990551181102
 20
1.0039620866141732
 30
0
 11
1.189073779527559
 21
1.0048994094488188
 31
0
  0
LINE
  5
482
330
1A
100
AcDbEntity
  8
BLACK
  6
CONTINUOUS
100
AcDbLine
 10
1.189073779527559
 20
1.0048994094488188
 30
0
 11
1.1891688582677165
 21
1.0049254724409449
 31
0
  0
LINE
  5
483
330
1A
100
AcDbEntity
  8
BLACK
  6
CONTINUOUS
100
AcDbLine
 10
1.1891688582677165
 20
1.0049254724409449
 30
0
 11
1.1892008267716536
 21
1.0049574015748031
 31
0
  0
LINE
  5
484
330
1A
100
AcDbEntity
  8
BLACK
  6
CONTINUOUS
100
AcDbLine
 10
1.1892008267716536
 20
1.0049574015748031
 30
0
 11
1.1895103149606299
 21
1.0050189763779527
 31
0
  0
LINE
  5
485
330
1A
100
AcDbEntity
  8
BLACK
  6
CONTINUOUS
100
AcDbLine
 10
1.1895103149606299
 20
1.0050189763779527
 30
0
 11
1.1898145669291338
 21
1.0051022834645669
 31
0
  0
LINE
  5
486
330
1A
100
AcDbEntity
  8
BLACK
  6
CONTINUOUS
100
AcDbLine
 10
1.1898145669291338
 20
1.0051022834645669
 30
0
 11
1.1898574015748031
 21
1.0050880314960631
 31
0
  0
LINE
  5
487
330
1A
100
AcDbEntity
  8
BLACK
  6
CONTINUOUS
100
AcDbLine
 10
1.1898574015748031
 20
1.0050880314960631
 30
0
 11
1.1899541338582678
 21
1.0051072440944882
 31
0
  0
LINE
  5
488
330
1A
100
AcDbEntity
  8
BLACK
  6
CONTINUOUS
100
AcDbLine
 10
1.1899541338582678
 20
1.0051072440944882
 30
0
 11
1.1937036614173229
 21
1.0051072440944882
 31
0
  0
LINE
  5
489
330
1A
100
AcDbEntity
  8
BLACK
  6
CONTINUOUS
100
AcDbLine
 10
1.1937036614173229
 20
1.0051072440944882
 30
0
 11
1.1938003543307085
 21
1.0050880314960631
 31
0
  0
LINE
  5
48A
330
1A
100
AcDbEntity
  8
BLACK
  6
CONTINUOUS
100
AcDbLine
 10
1.1938003543307085
 20
1.0050880314960631
 30
0
 11
1.1938431889763779
 21
1.0051022834645669
 31
0
  0
LINE
  5
48B
330
1A
100
AcDbEntity
  8
BLACK
  6
CONTINUOUS
100
AcDbLine
 10
1.1938431889763779
 20
1.0051022834645669
 30
0
 11
1.1941474803149605
 21
1.0050189763779527
 31
0
  0
LINE
  5
48C
330
1A
100
AcDbEntity
  8
BLACK
  6
CONTINUOUS
100
AcDbLine
 10
1.1941474803149605
 20
1.0050189763779527
 30
0
 11
1.194456968503937
 21
1.0049574015748031
 31
0
  0
LINE
  5
48D
330
1A
100
AcDbEntity
  8
BLACK
  6
CONTINUOUS
100
AcDbLine
 10
1.194456968503937
 20
1.0049574015748031
 30
0
 11
1.1944888582677164
 21
1.0049255118110236
 31
0
  0
LINE
  5
48E
330
1A
100
AcDbEntity
  8
BLACK
  6
CONTINUOUS
100
AcDbLine
 10
1.1944888582677164
 20
1.0049255118110236
 30
0
 11
1.1945839763779527
 21
1.0048994488188976
 31
0
  0
LINE
  5
48F
330
1A
100
AcDbEntity
  8
BLACK
  6
CONTINUOUS
100
AcDbLine
 10
1.1945839763779527
 20
1.0048994488188976
 30
0
 11
1.1964587401574802
 21
1.0039620866141732
 31
0
  0
LINE
  5
490
330
1A
100
AcDbEntity
  8
BLACK
  6
CONTINUOUS
100
AcDbLine
 10
1.1964587401574802
 20
1.0039620866141732
 30
0
 11
1.1970655118110236
 21
1.0034911811023621
 31
0
  0
LINE
  5
491
330
1A
100
AcDbEntity
  8
BLACK
  6
CONTINUOUS
100
AcDbLine
 10
1.1970655118110236
 20
1.0034911811023621
 30
0
 11
1.197541968503937
 21
1.0020618503937007
 31
0
  0
LINE
  5
492
330
1A
100
AcDbEntity
  8
BLACK
  6
CONTINUOUS
100
AcDbLine
 10
1.197541968503937
 20
1.0020618503937007
 30
0
 11
1.1968681889763779
 21
1.0007142913385827
 31
0
  0
LINE
  5
493
330
1A
100
AcDbEntity
  8
BLACK
  6
CONTINUOUS
100
AcDbLine
 10
1.1968681889763779
 20
1.0007142913385827
 30
0
 11
1.1954388582677165
 21
1.0002378346456693
 31
0
  0
LINE
  5
494
330
1A
100
AcDbEntity
  8
BLACK
  6
CONTINUOUS
100
AcDbLine
 10
1.1954388582677165
 20
1.0002378346456693
 30
0
 11
1.1946980708661417
 21
1.0004407086614173
 31
0
  0
LINE
  5
495
330
1A
100
AcDbEntity
  8
BLACK
  6
CONTINUOUS
100
AcDbLine
 10
1.1946980708661417
 20
1.0004407086614173
 30
0
 11
1.193238937007874
 21
1.0011702362204724
 31
0
  0
LINE
  5
496
330
1A
100
AcDbEntity
  8
BLACK
  6
CONTINUOUS
100
AcDbLine
 10
1.193238937007874
 20
1.0011702362204724
 30
0
 11
1.1904188582677164
 21
1.0011702362204724
 31
0
  0
LINE
  5
497
330
1A
100
AcDbEntity
  8
BLACK
  6
CONTINUOUS
100
AcDbLine
 10
1.1904188582677164
 20
1.0011702362204724
 30
0
 11
1.1892453937007874
 21
1.0005835433070867
 31
0
  0
LINE
  5
498
330
1A
100
AcDbEntity
  8
BLACK
  6
CONTINUOUS
100
AcDbLine
 10
1.1892453937007874
 20
1.0005835433070867
 30
0
 11
1.1887598031496063
 21
1.0000979527559055
 31
0
  0
LINE
  5
499
330
1A
100
AcDbEntity
  8
BLACK
  6
CONTINUOUS
100
AcDbLine
 10
1.1887598031496063
 20
1.0000979527559055
 30
0
 11
1.1881731102362205
 21
0.9989245275590551
 31
0
  0
LINE
  5
49A
330
1A
100
AcDbEntity
  8
BLACK
  6
CONTINUOUS
100
AcDbLine
 10
1.1881731102362205
 20
0.9989245275590551
 30
0
 11
1.1881731102362205
 21
0.9985236220472441
 31
0
  0
LINE
  5
49B
330
1A
100
AcDbEntity
  8
BLACK
  6
CONTINUOUS
100
AcDbLine
 10
1.1881731102362205
 20
0.9985236220472441
 30
0
 11
1.1964566929133857
 21
0.9985236220472441
 31
0
  0
LINE
  5
49C
330
1A
100
AcDbEntity
  8
BLACK
  6
CONTINUOUS
100
AcDbLine
 10
1.1964566929133857
 20
0.9985236220472441
 30
0
 11
1.1968333464566929
 21
0.9984487007874016
 31
0
  0
LINE
  5
49D
330
1A
100
AcDbEntity
  8
BLACK
  6
CONTINUOUS
100
AcDbLine
 10
1.1968333464566929
 20
0.9984487007874016
 30
0
 11
1.1973660236220471
 21
0.9979160236220472
 31
0
  0
LINE
  5
49E
330
1A
100
AcDbEntity
  8
BLACK
  6
CONTINUOUS
100
AcDbLine
 10
1.1973660236220471
 20
0.9979160236220472
 30
0
 11
1.1974409448818897
 21
0.9975393700787402
 31
0
  0
LINE
  5
49F
330
1A
100
AcDbEntity
  8
BLACK
  6
CONTINUOUS
100
AcDbLine
 10
1.1974409448818897
 20
0.9975393700787402
 30
0
 11
1.1974409448818897
 21
0.9912943307086614
 31
0
  0
LINE
  5
4A0
330
1A
100
AcDbEntity
  8
BLACK
  6
CONTINUOUS
100
AcDbLine
 10
1.1974409448818897
 20
0.9912943307086614
 30
0
 11
1.197541968503937
 21
0.9910922834645669
 31
0
  0
LINE
  5
4A1
330
1A
100
AcDbEntity
  8
BLACK
  6
CONTINUOUS
100
AcDbLine
 10
1.197541968503937
 20
0.9910922834645669
 30
0
 11
1.1974409448818897
 21
0.9907892519685039
 31
0
  0
LINE
  5
4A2
330
1A
100
AcDbEntity
  8
BLACK
  6
CONTINUOUS
100
AcDbLine
 10
1.1974409448818897
 20
0.9907892519685039
 30
0
 11
1.1974409448818897
 21
0.8463582677165354
 31
0
  0
LINE
  5
4A3
330
1A
100
AcDbEntity
  8
BLACK
  6
CONTINUOUS
100
AcDbLine
 10
1.1974409448818897
 20
0.8463582677165354
 30
0
 11
1.1973660236220471
 21
0.8459816141732284
 31
0
  0
LINE
  5
4A4
330
1A
100
AcDbEntity
  8
BLACK
  6
CONTINUOUS
100
AcDbLine
 10
1.1973660236220471
 20
0.8459816141732284
 30
0
 11
1.1968333464566929
 21
0.845448937007874
 31
0
  0
LINE
  5
4A5
330
1A
100
AcDbEntity
  8
BLACK
  6
CONTINUOUS
100
AcDbLine
 10
1.1968333464566929
 20
0.845448937007874
 30
0
 11
1.1964566929133857
 21
0.8453740157480315
 31
0
  0
LINE
  5
4A6
330
1A
100
AcDbEntity
  8
BLACK
  6
CONTINUOUS
100
AcDbLine
 10
1.1964566929133857
 20
0.8453740157480315
 30
0
 11
1.0625984251968503
 21
0.8453740157480315
 31
0
  0
LINE
  5
4A7
330
1A
100
AcDbEntity
  8
BLACK
  6
CONTINUOUS
100
AcDbLine
 10
1.0625984251968503
 20
0.8453740157480315
 30
0
 11
1.0622217716535434
 21
0.845448937007874
 31
0
  0
LINE
  5
4A8
330
1A
100
AcDbEntity
  8
BLACK
  6
CONTINUOUS
100
AcDbLine
 10
1.0622217716535434
 20
0.845448937007874
 30
0
 11
1.0616890944881889
 21
0.8459816141732284
 31
0
  0
LINE
  5
4A9
330
1A
100
AcDbEntity
  8
BLACK
  6
CONTINUOUS
100
AcDbLine
 10
1.0616890944881889
 20
0.8459816141732284
 30
0
 11
1.0616141732283464
 21
0.8463582677165354
 31
0
  0
LINE
  5
4AA
330
1A
100
AcDbEntity
  8
BLACK
  6
CONTINUOUS
100
AcDbLine
 10
1.0616141732283464
 20
0.8463582677165354
 30
0
 11
1.0616141732283464
 21
0.9975393700787402
 31
0
  0
LINE
  5
4AB
330
1A
100
AcDbEntity
  8
BLACK
  6
CONTINUOUS
100
AcDbLine
 10
1.0616141732283464
 20
0.9975393700787402
 30
0
 11
1.0616890944881889
 21
0.9979160236220472
 31
0
  0
LINE
  5
4AC
330
1A
100
AcDbEntity
  8
BLACK
  6
CONTINUOUS
100
AcDbLine
 10
1.0616890944881889
 20
0.9979160236220472
 30
0
 11
1.0622217716535434
 21
0.9984487007874016
 31
0
  0
LINE
  5
4AD
330
1A
100
AcDbEntity
  8
BLACK
  6
CONTINUOUS
100
AcDbLine
 10
1.0622217716535434
 20
0.9984487007874016
 30
0
 11
1.0625984251968503
 21
0.9985236220472441
 31
0
  0
LINE
  5
4AE
330
1A
100
AcDbEntity
  8
BLACK
  6
CONTINUOUS
100
AcDbLine
 10
1.0625984251968503
 20
0.9985236220472441
 30
0
 11
1.0661259055118111
 21
0.9985236220472441
 31
0
  0
LINE
  5
4AF
330
1A
100
AcDbEntity
  8
BLACK
  6
CONTINUOUS
100
AcDbLine
 10
1.0661259055118111
 20
0.9985236220472441
 30
0
 11
1.0661259055118111
 21
1.0012639763779527
 31
0
  0
LINE
  5
4B0
330
1A
100
AcDbEntity
  8
BLACK
  6
CONTINUOUS
100
AcDbLine
 10
1.0661259055118111
 20
1.0012639763779527
 30
0
 11
1.0661729527559054
 21
1.0015005905511811
 31
0
  0
LINE
  5
4B1
330
1A
100
AcDbEntity
  8
BLACK
  6
CONTINUOUS
100
AcDbLine
 10
1.0661729527559054
 20
1.0015005905511811
 30
0
 11
1.0661846850393701
 21
1.0017414173228347
 31
0
  0
LINE
  5
4B2
330
1A
100
AcDbEntity
  8
BLACK
  6
CONTINUOUS
100
AcDbLine
 10
1.0661846850393701
 20
1.0017414173228347
 30
0
 11
1.0669058267716536
 21
1.0046259842519685
 31
0
  0
LINE
  5
4B3
330
1A
100
AcDbEntity
  8
BLACK
  6
CONTINUOUS
100
AcDbLine
 10
1.0669058267716536
 20
1.0046259842519685
 30
0
 11
1.062853622047244
 21
1.0046259842519685
 31
0
  0
LINE
  5
4B4
330
1A
100
AcDbEntity
  8
BLACK
  6
CONTINUOUS
100
AcDbLine
 10
1.062853622047244
 20
1.0046259842519685
 30
0
 11
1.0581692913385827
 21
0.9905730708661417
 31
0
  0
LINE
  5
4B5
330
1A
100
AcDbEntity
  8
BLACK
  6
CONTINUOUS
100
AcDbLine
 10
1.0581692913385827
 20
0.9905730708661417
 30
0
 11
1.0581692913385827
 21
0.8626968503937008
 31
0
  0
LINE
  5
4B6
330
1A
100
AcDbEntity
  8
BLACK
  6
CONTINUOUS
100
AcDbLine
 10
1.0581692913385827
 20
0.8626968503937008
 30
0
 11
1.0580943700787402
 21
0.8623201968503936
 31
0
  0
LINE
  5
4B7
330
1A
100
AcDbEntity
  8
BLACK
  6
CONTINUOUS
100
AcDbLine
 10
1.0580943700787402
 20
0.8623201968503936
 30
0
 11
1.0575616929133858
 21
0.8617875196850393
 31
0
  0
LINE
  5
4B8
330
1A
100
AcDbEntity
  8
BLACK
  6
CONTINUOUS
100
AcDbLine
 10
1.0575616929133858
 20
0.8617875196850393
 30
0
 11
1.0571850393700788
 21
0.8617125984251969
 31
0
  0
LINE
  5
4B9
330
1A
100
AcDbEntity
  8
BLACK
  6
CONTINUOUS
100
AcDbLine
 10
1.0571850393700788
 20
0.8617125984251969
 30
0
 11
0.9823818897637795
 21
0.8617125984251969
 31
0
  0
LINE
  5
4BA
330
1A
100
AcDbEntity
  8
BLACK
  6
CONTINUOUS
100
AcDbLine
 10
0.9823818897637795
 20
0.8617125984251969
 30
0
 11
0.9820052362204724
 21
0.8617875196850393
 31
0
  0
LINE
  5
4BB
330
1A
100
AcDbEntity
  8
BLACK
  6
CONTINUOUS
100
AcDbLine
 10
0.9820052362204724
 20
0.8617875196850393
 30
0
 11
0.9814725590551181
 21
0.8623201968503936
 31
0
  0
LINE
  5
4BC
330
1A
100
AcDbEntity
  8
BLACK
  6
CONTINUOUS
100
AcDbLine
 10
0.9814725590551181
 20
0.8623201968503936
 30
0
 11
0.9813976377952756
 21
0.8626968503937008
 31
0
  0
LINE
  5
4BD
330
1A
100
AcDbEntity
  8
BLACK
  6
CONTINUOUS
100
AcDbLine
 10
0.9813976377952756
 20
0.8626968503937008
 30
0
 11
0.9813976377952756
 21
0.9949803149606299
 31
0
  0
LINE
  5
4BE
330
1A
100
AcDbEntity
  8
BLACK
  6
CONTINUOUS
100
AcDbLine
 10
0.9813976377952756
 20
0.9949803149606299
 30
0
 11
0.9814725590551181
 21
0.995356968503937
 31
0
  0
LINE
  5
4BF
330
1A
100
AcDbEntity
  8
BLACK
  6
CONTINUOUS
100
AcDbLine
 10
0.9814725590551181
 20
0.995356968503937
 30
0
 11
0.9820052362204724
 21
0.9958896456692913
 31
0
  0
LINE
  5
4C0
330
1A
100
AcDbEntity
  8
BLACK
  6
CONTINUOUS
100
AcDbLine
 10
0.9820052362204724
 20
0.9958896456692913
 30
0
 11
0.9823818897637795
 21
0.9959645669291338
 31
0
  0
LINE
  5
4C1
330
1A
100
AcDbEntity
  8
BLACK
  6
CONTINUOUS
100
AcDbLine
 10
0.9823818897637795
 20
0.9959645669291338
 30
0
 11
1.0518503937007875
 21
0.9959645669291338
 31
0
  0
LINE
  5
4C2
330
1A
100
AcDbEntity
  8
BLACK
  6
CONTINUOUS
100
AcDbLine
 10
1.0518503937007875
 20
0.9959645669291338
 30
0
 11
1.0489632677165355
 21
1.0046259842519685
 31
0
  0
LINE
  5
4C3
330
1A
100
AcDbEntity
  8
BLACK
  6
CONTINUOUS
100
AcDbLine
 10
1.0489632677165355
 20
1.0046259842519685
 30
0
 11
0.9863188976377952
 21
1.0046259842519685
 31
0
  0
LINE
  5
4C4
330
1A
100
AcDbEntity
  8
BLACK
  6
CONTINUOUS
100
AcDbLine
 10
0.9863188976377952
 20
1.0046259842519685
 30
0
 11
0.9859422440944882
 21
1.004700905511811
 31
0
  0
LINE
  5
4C5
330
1A
100
AcDbEntity
  8
BLACK
  6
CONTINUOUS
100
AcDbLine
 10
0.9859422440944882
 20
1.004700905511811
 30
0
 11
0.9854095669291338
 21
1.0052335826771652
 31
0
  0
LINE
  5
4C6
330
1A
100
AcDbEntity
  8
BLACK
  6
CONTINUOUS
100
AcDbLine
 10
0.9854095669291338
 20
1.0052335826771652
 30
0
 11
0.9853346456692913
 21
1.0056102362204724
 31
0
  0
LINE
  5
4C7
330
1A
100
AcDbEntity
  8
BLACK
  6
CONTINUOUS
100
AcDbLine
 10
0.9853346456692913
 20
1.0056102362204724
 30
0
 11
0.9853346456692913
 21
1.0882874015748032
 31
0
  0
LINE
  5
4C8
330
1A
100
AcDbEntity
  8
BLACK
  6
CONTINUOUS
100
AcDbLine
 10
0.9853346456692913
 20
1.0882874015748032
 30
0
 11
0.9854095669291338
 21
1.0886640551181102
 31
0
  0
LINE
  5
4C9
330
1A
100
AcDbEntity
  8
BLACK
  6
CONTINUOUS
100
AcDbLine
 10
0.9854095669291338
 20
1.0886640551181102
 30
0
 11
0.9859422440944882
 21
1.0891967322834646
 31
0
  0
LINE
  5
4CA
330
1A
100
AcDbEntity
  8
BLACK
  6
CONTINUOUS
100
AcDbLine
 10
0.9859422440944882
 20
1.0891967322834646
 30
0
 11
0.9863188976377952
 21
1.0892716535433071
 31
0
  0
LINE
  5
4CB
330
1A
100
AcDbEntity
  8
BLACK
  6
CONTINUOUS
100
AcDbLine
 10
0.9863188976377952
 20
1.0892716535433071
 30
0
 11
1.1669094488188976
 21
1.0892716535433071
 31
0
  0
LINE
  5
4CC
330
1A
100
AcDbEntity
  8
BLACK
  6
CONTINUOUS
100
AcDbLine
 10
1.1669094488188976
 20
1.0892716535433071
 30
0
 11
1.1656299212598424
 21
1.0931102362204723
 31
0
  0
LINE
  5
4CD
330
1A
100
AcDbEntity
  8
BLACK
  6
CONTINUOUS
100
AcDbLine
 10
1.1656299212598424
 20
1.0931102362204723
 30
0
 11
1.1255905511811024
 21
1.0931102362204723
 31
0
  0
LINE
  5
4CE
330
1A
100
AcDbEntity
  8
BLACK
  6
CONTINUOUS
100
AcDbLine
 10
1.1255905511811024
 20
1.0931102362204723
 30
0
 11
1.1252138976377952
 21
1.0931851574803149
 31
0
  0
LINE
  5
4CF
330
1A
100
AcDbEntity
  8
BLACK
  6
CONTINUOUS
100
AcDbLine
 10
1.1252138976377952
 20
1.0931851574803149
 30
0
 11
1.124681220472441
 21
1.0937178346456693
 31
0
  0
LINE
  5
4D0
330
1A
100
AcDbEntity
  8
BLACK
  6
CONTINUOUS
100
AcDbLine
 10
1.124681220472441
 20
1.0937178346456693
 30
0
 11
1.1246062992125985
 21
1.0940944881889763
 31
0
  0
LINE
  5
4D1
330
1A
100
AcDbEntity
  8
BLACK
  6
CONTINUOUS
100
AcDbLine
 10
1.1246062992125985
 20
1.0940944881889763
 30
0
 11
1.1246062992125985
 21
1.176771653543307
 31
0
  0
LINE
  5
4D2
330
1A
100
AcDbEntity
  8
BLACK
  6
CONTINUOUS
100
AcDbLine
 10
1.1246062992125985
 20
1.176771653543307
 30
0
 11
1.124681220472441
 21
1.1771483070866142
 31
0
  0
LINE
  5
4D3
330
1A
100
AcDbEntity
  8
BLACK
  6
CONTINUOUS
100
AcDbLine
 10
1.124681220472441
 20
1.1771483070866142
 30
0
 11
1.1252138976377952
 21
1.1776809842519684
 31
0
  0
LINE
  5
4D4
330
1A
100
AcDbEntity
  8
BLACK
  6
CONTINUOUS
100
AcDbLine
 10
1.1252138976377952
 20
1.1776809842519684
 30
0
 11
1.1255905511811024
 21
1.177755905511811
 31
0
  0
LINE
  5
4D5
330
1A
100
AcDbEntity
  8
BLACK
  6
CONTINUOUS
100
AcDbLine
 10
1.1255905511811024
 20
1.177755905511811
 30
0
 11
1.3066929133858267
 21
1.177755905511811
 31
0
  0
LINE
  5
4D6
330
1A
100
AcDbEntity
  8
BLACK
  6
CONTINUOUS
100
AcDbLine
 10
1.3066929133858267
 20
1.177755905511811
 30
0
 11
1.3070695669291339
 21
1.1776809842519684
 31
0
  0
LINE
  5
4D7
330
1A
100
AcDbEntity
  8
BLACK
  6
CONTINUOUS
100
AcDbLine
 10
1.1797366535433071
 20
0.9965551181102362
 30
0
 11
1.1797366535433071
 21
0.9900153937007874
 31
0
  0
LINE
  5
4D8
330
1A
100
AcDbEntity
  8
BLACK
  6
CONTINUOUS
100
AcDbLine
 10
1.1797366535433071
 20
0.9900153937007874
 30
0
 11
1.1795868110236221
 21
0.9892620866141733
 31
0
  0
LINE
  5
4D9
330
1A
100
AcDbEntity
  8
BLACK
  6
CONTINUOUS
100
AcDbLine
 10
1.1795868110236221
 20
0.9892620866141733
 30
0
 11
1.1785214566929134
 21
0.9881967322834645
 31
0
  0
LINE
  5
4DA
330
1A
100
AcDbEntity
  8
BLACK
  6
CONTINUOUS
100
AcDbLine
 10
1.1785214566929134
 20
0.9881967322834645
 30
0
 11
1.1770148425196849
 21
0.9881967322834645
 31
0
  0
LINE
  5
4DB
330
1A
100
AcDbEntity
  8
BLACK
  6
CONTINUOUS
100
AcDbLine
 10
1.1770148425196849
 20
0.9881967322834645
 30
0
 11
1.1768958267716536
 21
0.988315748031496
 31
0
  0
LINE
  5
4DC
330
1A
100
AcDbEntity
  8
BLACK
  6
CONTINUOUS
100
AcDbLine
 10
1.1768958267716536
 20
0.988315748031496
 30
0
 11
1.1767737007874015
 21
0.9882546850393701
 31
0
  0
LINE
  5
4DD
330
1A
100
AcDbEntity
  8
BLACK
  6
CONTINUOUS
100
AcDbLine
 10
1.1767737007874015
 20
0.9882546850393701
 30
0
 11
1.1766785826771653
 21
0.9882286614173228
 31
0
  0
LINE
  5
4DE
330
1A
100
AcDbEntity
  8
BLACK
  6
CONTINUOUS
100
AcDbLine
 10
1.1766785826771653
 20
0.9882286614173228
 30
0
 11
1.1766466929133859
 21
0.9881967322834645
 31
0
  0
LINE
  5
4DF
330
1A
100
AcDbEntity
  8
BLACK
  6
CONTINUOUS
100
AcDbLine
 10
1.1766466929133859
 20
0.9881967322834645
 30
0
 11
1.1763372047244094
 21
0.9881351968503936
 31
0
  0
LINE
  5
4E0
330
1A
100
AcDbEntity
  8
BLACK
  6
CONTINUOUS
100
AcDbLine
 10
1.1763372047244094
 20
0.9881351968503936
 30
0
 11
1.1760329133858267
 21
0.9880518503937008
 31
0
  0
LINE
  5
4E1
330
1A
100
AcDbEntity
  8
BLACK
  6
CONTINUOUS
100
AcDbLine
 10
1.1760329133858267
 20
0.9880518503937008
 30
0
 11
1.1759900787401574
 21
0.9880661417322835
 31
0
  0
LINE
  5
4E2
330
1A
100
AcDbEntity
  8
BLACK
  6
CONTINUOUS
100
AcDbLine
 10
1.1759900787401574
 20
0.9880661417322835
 30
0
 11
1.1758933858267717
 21
0.9880468897637795
 31
0
  0
LINE
  5
4E3
330
1A
100
AcDbEntity
  8
BLACK
  6
CONTINUOUS
100
AcDbLine
 10
1.1758933858267717
 20
0.9880468897637795
 30
0
 11
1.1712064566929135
 21
0.9880468897637795
 31
0
  0
LINE
  5
4E4
330
1A
100
AcDbEntity
  8
BLACK
  6
CONTINUOUS
100
AcDbLine
 10
1.1712064566929135
 20
0.9880468897637795
 30
0
 11
1.1711097244094488
 21
0.9880661417322835
 31
0
  0
LINE
  5
4E5
330
1A
100
AcDbEntity
  8
BLACK
  6
CONTINUOUS
100
AcDbLine
 10
1.1711097244094488
 20
0.9880661417322835
 30
0
 11
1.1710668897637795
 21
0.9880518503937008
 31
0
  0
LINE
  5
4E6
330
1A
100
AcDbEntity
  8
BLACK
  6
CONTINUOUS
100
AcDbLine
 10
1.1710668897637795
 20
0.9880518503937008
 30
0
 11
1.1707626377952756
 21
0.9881351968503936
 31
0
  0
LINE
  5
4E7
330
1A
100
AcDbEntity
  8
BLACK
  6
CONTINUOUS
100
AcDbLine
 10
1.1707626377952756
 20
0.9881351968503936
 30
0
 11
1.1704531496062991
 21
0.9881967322834645
 31
0
  0
LINE
  5
4E8
330
1A
100
AcDbEntity
  8
BLACK
  6
CONTINUOUS
100
AcDbLine
 10
1.1704531496062991
 20
0.9881967322834645
 30
0
 11
1.1704211811023622
 21
0.9882287007874015
 31
0
  0
LINE
  5
4E9
330
1A
100
AcDbEntity
  8
BLACK
  6
CONTINUOUS
100
AcDbLine
 10
1.1704211811023622
 20
0.9882287007874015
 30
0
 11
1.1703261023622047
 21
0.9882547244094488
 31
0
  0
LINE
  5
4EA
330
1A
100
AcDbEntity
  8
BLACK
  6
CONTINUOUS
100
AcDbLine
 10
1.1703261023622047
 20
0.9882547244094488
 30
0
 11
1.1684513779527559
 21
0.9891920472440945
 31
0
  0
LINE
  5
4EB
330
1A
100
AcDbEntity
  8
BLACK
  6
CONTINUOUS
100
AcDbLine
 10
1.1684513779527559
 20
0.9891920472440945
 30
0
 11
1.1681416535433071
 21
0.9894324409448819
 31
0
  0
LINE
  5
4EC
330
1A
100
AcDbEntity
  8
BLACK
  6
CONTINUOUS
100
AcDbLine
 10
1.1681416535433071
 20
0.9894324409448819
 30
0
 11
1.1680418897637794
 21
0.9894656692913386
 31
0
  0
LINE
  5
4ED
330
1A
100
AcDbEntity
  8
BLACK
  6
CONTINUOUS
100
AcDbLine
 10
1.1680418897637794
 20
0.9894656692913386
 30
0
 11
1.1679556692913386
 21
0.9895767716535433
 31
0
  0
LINE
  5
4EE
330
1A
100
AcDbEntity
  8
BLACK
  6
CONTINUOUS
100
AcDbLine
 10
1.1679556692913386
 20
0.9895767716535433
 30
0
 11
1.1678446062992125
 21
0.9896629527559054
 31
0
  0
LINE
  5
4EF
330
1A
100
AcDbEntity
  8
BLACK
  6
CONTINUOUS
100
AcDbLine
 10
1.1678446062992125
 20
0.9896629527559054
 30
0
 11
1.1678113385826772
 21
0.9897627559055118
 31
0
  0
LINE
  5
4F0
330
1A
100
AcDbEntity
  8
BLACK
  6
CONTINUOUS
100
AcDbLine
 10
1.1678113385826772
 20
0.9897627559055118
 30
0
 11
1.1675709842519684
 21
0.9900724409448819
 31
0
  0
LINE
  5
4F1
330
1A
100
AcDbEntity
  8
BLACK
  6
CONTINUOUS
100
AcDbLine
 10
1.1675709842519684
 20
0.9900724409448819
 30
0
 11
1.166633622047244
 21
0.9919472440944882
 31
0
  0
LINE
  5
4F2
330
1A
100
AcDbEntity
  8
BLACK
  6
CONTINUOUS
100
AcDbLine
 10
1.166633622047244
 20
0.9919472440944882
 30
0
 11
1.1666075590551181
 21
0.9920423622047244
 31
0
  0
LINE
  5
4F3
330
1A
100
AcDbEntity
  8
BLACK
  6
CONTINUOUS
100
AcDbLine
 10
1.1666075590551181
 20
0.9920423622047244
 30
0
 11
1.1665756692913385
 21
0.992074251968504
 31
0
  0
LINE
  5
4F4
330
1A
100
AcDbEntity
  8
BLACK
  6
CONTINUOUS
100
AcDbLine
 10
1.1665756692913385
 20
0.992074251968504
 30
0
 11
1.1665140944881889
 21
0.9923837401574803
 31
0
  0
LINE
  5
4F5
330
1A
100
AcDbEntity
  8
BLACK
  6
CONTINUOUS
100
AcDbLine
 10
1.1665140944881889
 20
0.9923837401574803
 30
0
 11
1.1664307874015747
 21
0.992688031496063
 31
0
  0
LINE
  5
4F6
330
1A
100
AcDbEntity
  8
BLACK
  6
CONTINUOUS
100
AcDbLine
 10
1.1664307874015747
 20
0.992688031496063
 30
0
 11
1.1664450393700787
 21
0.9927308661417322
 31
0
  0
LINE
  5
4F7
330
1A
100
AcDbEntity
  8
BLACK
  6
CONTINUOUS
100
AcDbLine
 10
1.1664450393700787
 20
0.9927308661417322
 30
0
 11
1.1664258267716534
 21
0.9928275590551181
 31
0
  0
LINE
  5
4F8
330
1A
100
AcDbEntity
  8
BLACK
  6
CONTINUOUS
100
AcDbLine
 10
1.1664258267716534
 20
0.9928275590551181
 30
0
 11
1.1664258267716534
 21
0.9947023228346457
 31
0
  0
LINE
  5
4F9
330
1A
100
AcDbEntity
  8
BLACK
  6
CONTINUOUS
100
AcDbLine
 10
1.1664258267716534
 20
0.9947023228346457
 30
0
 11
1.1664450393700787
 21
0.9947990551181102
 31
0
  0
LINE
  5
4FA
330
1A
100
AcDbEntity
  8
BLACK
  6
CONTINUOUS
100
AcDbLine
 10
1.1664450393700787
 20
0.9947990551181102
 30
0
 11
1.1664307874015747
 21
0.9948418503937008
 31
0
  0
LINE
  5
4FB
330
1A
100
AcDbEntity
  8
BLACK
  6
CONTINUOUS
100
AcDbLine
 10
1.1664307874015747
 20
0.9948418503937008
 30
0
 11
1.1665140944881889
 21
0.9951461811023622
 31
0
  0
LINE
  5
4FC
330
1A
100
AcDbEntity
  8
BLACK
  6
CONTINUOUS
100
AcDbLine
 10
1.1665140944881889
 20
0.9951461811023622
 30
0
 11
1.1665756692913385
 21
0.9954556299212598
 31
0
  0
LINE
  5
4FD
330
1A
100
AcDbEntity
  8
BLACK
  6
CONTINUOUS
100
AcDbLine
 10
1.1665756692913385
 20
0.9954556299212598
 30
0
 11
1.1666075590551181
 21
0.9954875590551181
 31
0
  0
LINE
  5
4FE
330
1A
100
AcDbEntity
  8
BLACK
  6
CONTINUOUS
100
AcDbLine
 10
1.1666075590551181
 20
0.9954875590551181
 30
0
 11
1.166633622047244
 21
0.9955826377952756
 31
0
  0
LINE
  5
4FF
330
1A
100
AcDbEntity
  8
BLACK
  6
CONTINUOUS
100
AcDbLine
 10
1.166633622047244
 20
0.9955826377952756
 30
0
 11
1.1671198425196849
 21
0.9965551181102362
 31
0
  0
LINE
  5
500
330
1A
100
AcDbEntity
  8
BLACK
  6
CONTINUOUS
100
AcDbLine
 10
1.1671198425196849
 20
0.9965551181102362
 30
0
 11
1.1600516141732282
 21
0.9965551181102362
 31
0
  0
LINE
  5
501
330
1A
100
AcDbEntity
  8
BLACK
  6
CONTINUOUS
100
AcDbLine
 10
1.1600516141732282
 20
0.9965551181102362
 30
0
 11
1.1600516141732282
 21
0.9932922440944881
 31
0
  0
LINE
  5
502
330
1A
100
AcDbEntity
  8
BLACK
  6
CONTINUOUS
100
AcDbLine
 10
1.1600516141732282
 20
0.9932922440944881
 30
0
 11
1.1604876771653543
 21
0.9924200393700787
 31
0
  0
LINE
  5
503
330
1A
100
AcDbEntity
  8
BLACK
  6
CONTINUOUS
100
AcDbLine
 10
1.1604876771653543
 20
0.9924200393700787
 30
0
 11
1.1613599999999999
 21
0.9919838976377953
 31
0
  0
LINE
  5
504
330
1A
100
AcDbEntity
  8
BLACK
  6
CONTINUOUS
100
AcDbLine
 10
1.1613599999999999
 20
0.9919838976377953
 30
0
 11
1.1627700393700786
 21
0.9919838976377953
 31
0
  0
LINE
  5
505
330
1A
100
AcDbEntity
  8
BLACK
  6
CONTINUOUS
100
AcDbLine
 10
1.1627700393700786
 20
0.9919838976377953
 30
0
 11
1.163523346456693
 21
0.9918340551181102
 31
0
  0
LINE
  5
506
330
1A
100
AcDbEntity
  8
BLACK
  6
CONTINUOUS
100
AcDbLine
 10
1.163523346456693
 20
0.9918340551181102
 30
0
 11
1.1645887007874016
 21
0.9907687007874015
 31
0
  0
LINE
  5
507
330
1A
100
AcDbEntity
  8
BLACK
  6
CONTINUOUS
100
AcDbLine
 10
1.1645887007874016
 20
0.9907687007874015
 30
0
 11
1.1645887007874016
 21
0.9892620866141733
 31
0
  0
LINE
  5
508
330
1A
100
AcDbEntity
  8
BLACK
  6
CONTINUOUS
100
AcDbLine
 10
1.1645887007874016
 20
0.9892620866141733
 30
0
 11
1.163523346456693
 21
0.9881967322834645
 31
0
  0
LINE
  5
509
330
1A
100
AcDbEntity
  8
BLACK
  6
CONTINUOUS
100
AcDbLine
 10
1.163523346456693
 20
0.9881967322834645
 30
0
 11
1.1627700393700786
 21
0.9880468897637795
 31
0
  0
LINE
  5
50A
330
1A
100
AcDbEntity
  8
BLACK
  6
CONTINUOUS
100
AcDbLine
 10
1.1627700393700786
 20
0.9880468897637795
 30
0
 11
1.1608952755905511
 21
0.9880468897637795
 31
0
  0
LINE
  5
50B
330
1A
100
AcDbEntity
  8
BLACK
  6
CONTINUOUS
100
AcDbLine
 10
1.1608952755905511
 20
0.9880468897637795
 30
0
 11
1.1607985433070866
 21
0.9880661417322835
 31
0
  0
LINE
  5
50C
330
1A
100
AcDbEntity
  8
BLACK
  6
CONTINUOUS
100
AcDbLine
 10
1.1607985433070866
 20
0.9880661417322835
 30
0
 11
1.1607557086614173
 21
0.9880518503937008
 31
0
  0
LINE
  5
50D
330
1A
100
AcDbEntity
  8
BLACK
  6
CONTINUOUS
100
AcDbLine
 10
1.1607557086614173
 20
0.9880518503937008
 30
0
 11
1.1604514566929134
 21
0.9881351968503936
 31
0
  0
LINE
  5
50E
330
1A
100
AcDbEntity
  8
BLACK
  6
CONTINUOUS
100
AcDbLine
 10
1.1604514566929134
 20
0.9881351968503936
 30
0
 11
1.1601419685039369
 21
0.9881967322834645
 31
0
  0
LINE
  5
50F
330
1A
100
AcDbEntity
  8
BLACK
  6
CONTINUOUS
100
AcDbLine
 10
1.1601419685039369
 20
0.9881967322834645
 30
0
 11
1.16011
 21
0.9882287007874015
 31
0
  0
LINE
  5
510
330
1A
100
AcDbEntity
  8
BLACK
  6
CONTINUOUS
100
AcDbLine
 10
1.16011
 20
0.9882287007874015
 30
0
 11
1.1600149212598425
 21
0.9882547244094488
 31
0
  0
LINE
  5
511
330
1A
100
AcDbEntity
  8
BLACK
  6
CONTINUOUS
100
AcDbLine
 10
1.1600149212598425
 20
0.9882547244094488
 30
0
 11
1.1581401968503937
 21
0.9891920472440945
 31
0
  0
LINE
  5
512
330
1A
100
AcDbEntity
  8
BLACK
  6
CONTINUOUS
100
AcDbLine
 10
1.1581401968503937
 20
0.9891920472440945
 30
0
 11
1.1578305118110237
 21
0.9894324015748032
 31
0
  0
LINE
  5
513
330
1A
100
AcDbEntity
  8
BLACK
  6
CONTINUOUS
100
AcDbLine
 10
1.1578305118110237
 20
0.9894324015748032
 30
0
 11
1.157730748031496
 21
0.9894656299212599
 31
0
  0
LINE
  5
514
330
1A
100
AcDbEntity
  8
BLACK
  6
CONTINUOUS
100
AcDbLine
 10
1.157730748031496
 20
0.9894656299212599
 30
0
 11
1.1576444881889763
 21
0.9895767322834645
 31
0
  0
LINE
  5
515
330
1A
100
AcDbEntity
  8
BLACK
  6
CONTINUOUS
100
AcDbLine
 10
1.1576444881889763
 20
0.9895767322834645
 30
0
 11
1.1575334251968503
 21
0.9896629527559054
 31
0
  0
LINE
  5
516
330
1A
100
AcDbEntity
  8
BLACK
  6
CONTINUOUS
100
AcDbLine
 10
1.1575334251968503
 20
0.9896629527559054
 30
0
 11
1.157500157480315
 21
0.9897627559055118
 31
0
  0
LINE
  5
517
330
1A
100
AcDbEntity
  8
BLACK
  6
CONTINUOUS
100
AcDbLine
 10
1.157500157480315
 20
0.9897627559055118
 30
0
 11
1.1572598425196849
 21
0.9900724015748031
 31
0
  0
LINE
  5
518
330
1A
100
AcDbEntity
  8
BLACK
  6
CONTINUOUS
100
AcDbLine
 10
1.1572598425196849
 20
0.9900724015748031
 30
0
 11
1.1563224409448818
 21
0.9919472047244094
 31
0
  0
LINE
  5
519
330
1A
100
AcDbEntity
  8
BLACK
  6
CONTINUOUS
100
AcDbLine
 10
1.1563224409448818
 20
0.9919472047244094
 30
0
 11
1.156296377952756
 21
0.9920423228346457
 31
0
  0
LINE
  5
51A
330
1A
100
AcDbEntity
  8
BLACK
  6
CONTINUOUS
100
AcDbLine
 10
1.156296377952756
 20
0.9920423228346457
 30
0
 11
1.1562644488188976
 21
0.992074251968504
 31
0
  0
LINE
  5
51B
330
1A
100
AcDbEntity
  8
BLACK
  6
CONTINUOUS
100
AcDbLine
 10
1.1562644488188976
 20
0.992074251968504
 30
0
 11
1.156202874015748
 21
0.9923837795275591
 31
0
  0
LINE
  5
51C
330
1A
100
AcDbEntity
  8
BLACK
  6
CONTINUOUS
100
AcDbLine
 10
1.156202874015748
 20
0.9923837795275591
 30
0
 11
1.1561195669291338
 21
0.9926879921259842
 31
0
  0
LINE
  5
51D
330
1A
100
AcDbEntity
  8
BLACK
  6
CONTINUOUS
100
AcDbLine
 10
1.1561195669291338
 20
0.9926879921259842
 30
0
 11
1.1561338188976378
 21
0.9927308661417322
 31
0
  0
LINE
  5
51E
330
1A
100
AcDbEntity
  8
BLACK
  6
CONTINUOUS
100
AcDbLine
 10
1.1561338188976378
 20
0.9927308661417322
 30
0
 11
1.1561146062992125
 21
0.9928275590551181
 31
0
  0
LINE
  5
51F
330
1A
100
AcDbEntity
  8
BLACK
  6
CONTINUOUS
100
AcDbLine
 10
1.1561146062992125
 20
0.9928275590551181
 30
0
 11
1.1561146062992125
 21
0.9965551181102362
 31
0
  0
LINE
  5
520
330
1A
100
AcDbEntity
  8
BLACK
  6
CONTINUOUS
100
AcDbLine
 10
1.1561146062992125
 20
0.9965551181102362
 30
0
 11
1.1504427559055117
 21
0.9965551181102362
 31
0
  0
LINE
  5
521
330
1A
100
AcDbEntity
  8
BLACK
  6
CONTINUOUS
100
AcDbLine
 10
1.1504427559055117
 20
0.9965551181102362
 30
0
 11
1.1504699999999999
 21
0.99652
 31
0
  0
LINE
  5
522
330
1A
100
AcDbEntity
  8
BLACK
  6
CONTINUOUS
100
AcDbLine
 10
1.1504699999999999
 20
0.99652
 30
0
 11
1.1514073228346458
 21
0.9946452755905512
 31
0
  0
LINE
  5
523
330
1A
100
AcDbEntity
  8
BLACK
  6
CONTINUOUS
100
AcDbLine
 10
1.1514073228346458
 20
0.9946452755905512
 30
0
 11
1.1514333464566928
 21
0.9945501968503937
 31
0
  0
LINE
  5
524
330
1A
100
AcDbEntity
  8
BLACK
  6
CONTINUOUS
100
AcDbLine
 10
1.1514333464566928
 20
0.9945501968503937
 30
0
 11
1.15146531496063
 21
0.9945182283464566
 31
0
  0
LINE
  5
525
330
1A
100
AcDbEntity
  8
BLACK
  6
CONTINUOUS
100
AcDbLine
 10
1.15146531496063
 20
0.9945182283464566
 30
0
 11
1.1515268503937008
 21
0.9942087401574803
 31
0
  0
LINE
  5
526
330
1A
100
AcDbEntity
  8
BLACK
  6
CONTINUOUS
100
AcDbLine
 10
1.1515268503937008
 20
0.9942087401574803
 30
0
 11
1.1516101968503936
 21
0.9939044881889764
 31
0
  0
LINE
  5
527
330
1A
100
AcDbEntity
  8
BLACK
  6
CONTINUOUS
100
AcDbLine
 10
1.1516101968503936
 20
0.9939044881889764
 30
0
 11
1.151595905511811
 21
0.993861653543307
 31
0
  0
LINE
  5
528
330
1A
100
AcDbEntity
  8
BLACK
  6
CONTINUOUS
100
AcDbLine
 10
1.151595905511811
 20
0.993861653543307
 30
0
 11
1.1516151574803148
 21
0.9937649212598425
 31
0
  0
LINE
  5
529
330
1A
100
AcDbEntity
  8
BLACK
  6
CONTINUOUS
100
AcDbLine
 10
1.1516151574803148
 20
0.9937649212598425
 30
0
 11
1.1516151574803148
 21
0.9928275590551181
 31
0
  0
LINE
  5
52A
330
1A
100
AcDbEntity
  8
BLACK
  6
CONTINUOUS
100
AcDbLine
 10
1.1516151574803148
 20
0.9928275590551181
 30
0
 11
1.151595905511811
 21
0.9927308661417322
 31
0
  0
LINE
  5
52B
330
1A
100
AcDbEntity
  8
BLACK
  6
CONTINUOUS
100
AcDbLine
 10
1.151595905511811
 20
0.9927308661417322
 30
0
 11
1.1516101968503936
 21
0.992688031496063
 31
0
  0
LINE
  5
52C
330
1A
100
AcDbEntity
  8
BLACK
  6
CONTINUOUS
100
AcDbLine
 10
1.1516101968503936
 20
0.992688031496063
 30
0
 11
1.1515268503937008
 21
0.9923837401574803
 31
0
  0
LINE
  5
52D
330
1A
100
AcDbEntity
  8
BLACK
  6
CONTINUOUS
100
AcDbLine
 10
1.1515268503937008
 20
0.9923837401574803
 30
0
 11
1.15146531496063
 21
0.992074251968504
 31
0
  0
LINE
  5
52E
330
1A
100
AcDbEntity
  8
BLACK
  6
CONTINUOUS
100
AcDbLine
 10
1.15146531496063
 20
0.992074251968504
 30
0
 11
1.1514333858267716
 21
0.9920423622047244
 31
0
  0
LINE
  5
52F
330
1A
100
AcDbEntity
  8
BLACK
  6
CONTINUOUS
100
AcDbLine
 10
1.1514333858267716
 20
0.9920423622047244
 30
0
 11
1.1514073622047243
 21
0.9919472440944882
 31
0
  0
LINE
  5
530
330
1A
100
AcDbEntity
  8
BLACK
  6
CONTINUOUS
100
AcDbLine
 10
1.1514073622047243
 20
0.9919472440944882
 30
0
 11
1.1504699999999999
 21
0.9900724409448819
 31
0
  0
LINE
  5
531
330
1A
100
AcDbEntity
  8
BLACK
  6
CONTINUOUS
100
AcDbLine
 10
1.1504699999999999
 20
0.9900724409448819
 30
0
 11
1.1502296062992126
 21
0.9897627559055118
 31
0
  0
LINE
  5
532
330
1A
100
AcDbEntity
  8
BLACK
  6
CONTINUOUS
100
AcDbLine
 10
1.1502296062992126
 20
0.9897627559055118
 30
0
 11
1.150196377952756
 21
0.9896629527559054
 31
0
  0
LINE
  5
533
330
1A
100
AcDbEntity
  8
BLACK
  6
CONTINUOUS
100
AcDbLine
 10
1.150196377952756
 20
0.9896629527559054
 30
0
 11
1.1500852755905511
 21
0.9895767716535433
 31
0
  0
LINE
  5
534
330
1A
100
AcDbEntity
  8
BLACK
  6
CONTINUOUS
100
AcDbLine
 10
1.1500852755905511
 20
0.9895767716535433
 30
0
 11
1.149999094488189
 21
0.9894656692913386
 31
0
  0
LINE
  5
535
330
1A
100
AcDbEntity
  8
BLACK
  6
CONTINUOUS
100
AcDbLine
 10
1.149999094488189
 20
0.9894656692913386
 30
0
 11
1.1498992913385826
 21
0.9894324409448819
 31
0
  0
LINE
  5
536
330
1A
100
AcDbEntity
  8
BLACK
  6
CONTINUOUS
100
AcDbLine
 10
1.1498992913385826
 20
0.9894324409448819
 30
0
 11
1.1495896062992126
 21
0.9891920472440945
 31
0
  0
LINE
  5
537
330
1A
100
AcDbEntity
  8
BLACK
  6
CONTINUOUS
100
AcDbLine
 10
1.1495896062992126
 20
0.9891920472440945
 30
0
 11
1.147714842519685
 21
0.9882546850393701
 31
0
  0
LINE
  5
538
330
1A
100
AcDbEntity
  8
BLACK
  6
CONTINUOUS
100
AcDbLine
 10
1.147714842519685
 20
0.9882546850393701
 30
0
 11
1.1476197244094488
 21
0.9882286614173228
 31
0
  0
LINE
  5
539
330
1A
100
AcDbEntity
  8
BLACK
  6
CONTINUOUS
100
AcDbLine
 10
1.1476197244094488
 20
0.9882286614173228
 30
0
 11
1.1475878346456692
 21
0.9881967322834645
 31
0
  0
LINE
  5
53A
330
1A
100
AcDbEntity
  8
BLACK
  6
CONTINUOUS
100
AcDbLine
 10
1.1475878346456692
 20
0.9881967322834645
 30
0
 11
1.1472783464566929
 21
0.9881351968503936
 31
0
  0
LINE
  5
53B
330
1A
100
AcDbEntity
  8
BLACK
  6
CONTINUOUS
100
AcDbLine
 10
1.1472783464566929
 20
0.9881351968503936
 30
0
 11
1.1469740551181102
 21
0.9880518503937008
 31
0
  0
LINE
  5
53C
330
1A
100
AcDbEntity
  8
BLACK
  6
CONTINUOUS
100
AcDbLine
 10
1.1469740551181102
 20
0.9880518503937008
 30
0
 11
1.1469312204724409
 21
0.9880661417322835
 31
0
  0
LINE
  5
53D
330
1A
100
AcDbEntity
  8
BLACK
  6
CONTINUOUS
100
AcDbLine
 10
1.1469312204724409
 20
0.9880661417322835
 30
0
 11
1.146834527559055
 21
0.9880468897637795
 31
0
  0
LINE
  5
53E
330
1A
100
AcDbEntity
  8
BLACK
  6
CONTINUOUS
100
AcDbLine
 10
1.146834527559055
 20
0.9880468897637795
 30
0
 11
1.1430849999999999
 21
0.9880468897637795
 31
0
  0
LINE
  5
53F
330
1A
100
AcDbEntity
  8
BLACK
  6
CONTINUOUS
100
AcDbLine
 10
1.1430849999999999
 20
0.9880468897637795
 30
0
 11
1.1429882677165355
 21
0.9880661417322835
 31
0
  0
LINE
  5
540
330
1A
100
AcDbEntity
  8
BLACK
  6
CONTINUOUS
100
AcDbLine
 10
1.1429882677165355
 20
0.9880661417322835
 30
0
 11
1.1429454330708662
 21
0.9880518503937008
 31
0
  0
LINE
  5
541
330
1A
100
AcDbEntity
  8
BLACK
  6
CONTINUOUS
100
AcDbLine
 10
1.1429454330708662
 20
0.9880518503937008
 30
0
 11
1.1426411811023622
 21
0.9881351968503936
 31
0
  0
LINE
  5
542
330
1A
100
AcDbEntity
  8
BLACK
  6
CONTINUOUS
100
AcDbLine
 10
1.1426411811023622
 20
0.9881351968503936
 30
0
 11
1.1423316929133858
 21
0.9881967322834645
 31
0
  0
LINE
  5
543
330
1A
100
AcDbEntity
  8
BLACK
  6
CONTINUOUS
100
AcDbLine
 10
1.1423316929133858
 20
0.9881967322834645
 30
0
 11
1.1422997244094488
 21
0.9882287007874015
 31
0
  0
LINE
  5
544
330
1A
100
AcDbEntity
  8
BLACK
  6
CONTINUOUS
100
AcDbLine
 10
1.1422997244094488
 20
0.9882287007874015
 30
0
 11
1.1422046456692914
 21
0.9882547244094488
 31
0
  0
LINE
  5
545
330
1A
100
AcDbEntity
  8
BLACK
  6
CONTINUOUS
100
AcDbLine
 10
1.1422046456692914
 20
0.9882547244094488
 30
0
 11
1.1403299212598426
 21
0.9891920472440945
 31
0
  0
LINE
  5
546
330
1A
100
AcDbEntity
  8
BLACK
  6
CONTINUOUS
100
AcDbLine
 10
1.1403299212598426
 20
0.9891920472440945
 30
0
 11
1.1397231496062992
 21
0.9896629527559054
 31
0
  0
LINE
  5
547
330
1A
100
AcDbEntity
  8
BLACK
  6
CONTINUOUS
100
AcDbLine
 10
1.1397231496062992
 20
0.9896629527559054
 30
0
 11
1.1392466929133858
 21
0.9910922834645669
 31
0
  0
LINE
  5
548
330
1A
100
AcDbEntity
  8
BLACK
  6
CONTINUOUS
100
AcDbLine
 10
1.1392466929133858
 20
0.9910922834645669
 30
0
 11
1.1399204330708661
 21
0.992439842519685
 31
0
  0
LINE
  5
549
330
1A
100
AcDbEntity
  8
BLACK
  6
CONTINUOUS
100
AcDbLine
 10
1.1399204330708661
 20
0.992439842519685
 30
0
 11
1.1413497637795276
 21
0.9929162992125984
 31
0
  0
LINE
  5
54A
330
1A
100
AcDbEntity
  8
BLACK
  6
CONTINUOUS
100
AcDbLine
 10
1.1413497637795276
 20
0.9929162992125984
 30
0
 11
1.1420905511811024
 21
0.9927134645669291
 31
0
  0
LINE
  5
54B
330
1A
100
AcDbEntity
  8
BLACK
  6
CONTINUOUS
100
AcDbLine
 10
1.1420905511811024
 20
0.9927134645669291
 30
0
 11
1.1435497244094488
 21
0.9919838976377953
 31
0
  0
LINE
  5
54C
330
1A
100
AcDbEntity
  8
BLACK
  6
CONTINUOUS
100
AcDbLine
 10
1.1435497244094488
 20
0.9919838976377953
 30
0
 11
1.1463698031496063
 21
0.9919838976377953
 31
0
  0
LINE
  5
54D
330
1A
100
AcDbEntity
  8
BLACK
  6
CONTINUOUS
100
AcDbLine
 10
1.1463698031496063
 20
0.9919838976377953
 30
0
 11
1.1472420078740158
 21
0.99242
 31
0
  0
LINE
  5
54E
330
1A
100
AcDbEntity
  8
BLACK
  6
CONTINUOUS
100
AcDbLine
 10
1.1472420078740158
 20
0.99242
 30
0
 11
1.1476781496062991
 21
0.9932922834645669
 31
0
  0
LINE
  5
54F
330
1A
100
AcDbEntity
  8
BLACK
  6
CONTINUOUS
100
AcDbLine
 10
1.1476781496062991
 20
0.9932922834645669
 30
0
 11
1.1476781496062991
 21
0.9933002362204724
 31
0
  0
LINE
  5
550
330
1A
100
AcDbEntity
  8
BLACK
  6
CONTINUOUS
100
AcDbLine
 10
1.1476781496062991
 20
0.9933002362204724
 30
0
 11
1.1472420078740158
 21
0.9941724803149606
 31
0
  0
LINE
  5
551
330
1A
100
AcDbEntity
  8
BLACK
  6
CONTINUOUS
100
AcDbLine
 10
1.1472420078740158
 20
0.9941724803149606
 30
0
 11
1.1463698425196851
 21
0.9946085826771653
 31
0
  0
LINE
  5
552
330
1A
100
AcDbEntity
  8
BLACK
  6
CONTINUOUS
100
AcDbLine
 10
1.1463698425196851
 20
0.9946085826771653
 30
0
 11
1.1440223622047243
 21
0.9946085826771653
 31
0
  0
LINE
  5
553
330
1A
100
AcDbEntity
  8
BLACK
  6
CONTINUOUS
100
AcDbLine
 10
1.1440223622047243
 20
0.9946085826771653
 30
0
 11
1.1439256299212599
 21
0.9946278346456693
 31
0
  0
LINE
  5
554
330
1A
100
AcDbEntity
  8
BLACK
  6
CONTINUOUS
100
AcDbLine
 10
1.1439256299212599
 20
0.9946278346456693
 30
0
 11
1.1438827952755906
 21
0.9946135433070866
 31
0
  0
LINE
  5
555
330
1A
100
AcDbEntity
  8
BLACK
  6
CONTINUOUS
100
AcDbLine
 10
1.1438827952755906
 20
0.9946135433070866
 30
0
 11
1.1435785433070866
 21
0.9946968897637795
 31
0
  0
LINE
  5
556
330
1A
100
AcDbEntity
  8
BLACK
  6
CONTINUOUS
100
AcDbLine
 10
1.1435785433070866
 20
0.9946968897637795
 30
0
 11
1.1432690551181102
 21
0.9947584251968504
 31
0
  0
LINE
  5
557
330
1A
100
AcDbEntity
  8
BLACK
  6
CONTINUOUS
100
AcDbLine
 10
1.1432690551181102
 20
0.9947584251968504
 30
0
 11
1.1432370866141732
 21
0.9947903937007874
 31
0
  0
LINE
  5
558
330
1A
100
AcDbEntity
  8
BLACK
  6
CONTINUOUS
100
AcDbLine
 10
1.1432370866141732
 20
0.9947903937007874
 30
0
 11
1.1431420078740158
 21
0.9948164173228347
 31
0
  0
LINE
  5
559
330
1A
100
AcDbEntity
  8
BLACK
  6
CONTINUOUS
100
AcDbLine
 10
1.1431420078740158
 20
0.9948164173228347
 30
0
 11
1.141267283464567
 21
0.9957537401574803
 31
0
  0
LINE
  5
55A
330
1A
100
AcDbEntity
  8
BLACK
  6
CONTINUOUS
100
AcDbLine
 10
1.141267283464567
 20
0.9957537401574803
 30
0
 11
1.140957559055118
 21
0.9959941338582677
 31
0
  0
LINE
  5
55B
330
1A
100
AcDbEntity
  8
BLACK
  6
CONTINUOUS
100
AcDbLine
 10
1.140957559055118
 20
0.9959941338582677
 30
0
 11
1.1408577952755905
 21
0.9960273622047244
 31
0
  0
LINE
  5
55C
330
1A
100
AcDbEntity
  8
BLACK
  6
CONTINUOUS
100
AcDbLine
 10
1.1408577952755905
 20
0.9960273622047244
 30
0
 11
1.1407715748031495
 21
0.9961384645669291
 31
0
  0
LINE
  5
55D
330
1A
100
AcDbEntity
  8
BLACK
  6
CONTINUOUS
100
AcDbLine
 10
1.1407715748031495
 20
0.9961384645669291
 30
0
 11
1.1406605118110236
 21
0.9962246456692914
 31
0
  0
LINE
  5
55E
330
1A
100
AcDbEntity
  8
BLACK
  6
CONTINUOUS
100
AcDbLine
 10
1.1406605118110236
 20
0.9962246456692914
 30
0
 11
1.1406272440944882
 21
0.9963244488188976
 31
0
  0
LINE
  5
55F
330
1A
100
AcDbEntity
  8
BLACK
  6
CONTINUOUS
100
AcDbLine
 10
1.1406272440944882
 20
0.9963244488188976
 30
0
 11
1.1404482283464568
 21
0.9965551181102362
 31
0
  0
LINE
  5
560
330
1A
100
AcDbEntity
  8
BLACK
  6
CONTINUOUS
100
AcDbLine
 10
1.1404482283464568
 20
0.9965551181102362
 30
0
 11
1.1206815748031496
 21
0.9965551181102362
 31
0
  0
LINE
  5
561
330
1A
100
AcDbEntity
  8
BLACK
  6
CONTINUOUS
100
AcDbLine
 10
1.1206815748031496
 20
0.9965551181102362
 30
0
 11
1.1206815748031496
 21
0.9937649212598425
 31
0
  0
LINE
  5
562
330
1A
100
AcDbEntity
  8
BLACK
  6
CONTINUOUS
100
AcDbLine
 10
1.1206815748031496
 20
0.9937649212598425
 30
0
 11
1.1206623228346457
 21
0.9936682283464566
 31
0
  0
LINE
  5
563
330
1A
100
AcDbEntity
  8
BLACK
  6
CONTINUOUS
100
AcDbLine
 10
1.1206623228346457
 20
0.9936682283464566
 30
0
 11
1.1206766141732283
 21
0.9936253543307086
 31
0
  0
LINE
  5
564
330
1A
100
AcDbEntity
  8
BLACK
  6
CONTINUOUS
100
AcDbLine
 10
1.1206766141732283
 20
0.9936253543307086
 30
0
 11
1.1205932677165353
 21
0.9933211417322835
 31
0
  0
LINE
  5
565
330
1A
100
AcDbEntity
  8
BLACK
  6
CONTINUOUS
100
AcDbLine
 10
1.1205932677165353
 20
0.9933211417322835
 30
0
 11
1.1205317322834645
 21
0.9930116141732284
 31
0
  0
LINE
  5
566
330
1A
100
AcDbEntity
  8
BLACK
  6
CONTINUOUS
100
AcDbLine
 10
1.1205317322834645
 20
0.9930116141732284
 30
0
 11
1.1204997637795275
 21
0.9929796850393701
 31
0
  0
LINE
  5
567
330
1A
100
AcDbEntity
  8
BLACK
  6
CONTINUOUS
100
AcDbLine
 10
1.1204997637795275
 20
0.9929796850393701
 30
0
 11
1.1204737401574802
 21
0.9928845669291338
 31
0
  0
LINE
  5
568
330
1A
100
AcDbEntity
  8
BLACK
  6
CONTINUOUS
100
AcDbLine
 10
1.1204737401574802
 20
0.9928845669291338
 30
0
 11
1.1195363385826771
 21
0.9910098031496063
 31
0
  0
LINE
  5
569
330
1A
100
AcDbEntity
  8
BLACK
  6
CONTINUOUS
100
AcDbLine
 10
1.1195363385826771
 20
0.9910098031496063
 30
0
 11
1.1193427559055118
 21
0.9907604330708661
 31
0
  0
LINE
  5
56A
330
1A
100
AcDbEntity
  8
BLACK
  6
CONTINUOUS
100
AcDbLine
 10
1.1193427559055118
 20
0.9907604330708661
 30
0
 11
1.1191676377952755
 21
0.9904982677165354
 31
0
  0
LINE
  5
56B
330
1A
100
AcDbEntity
  8
BLACK
  6
CONTINUOUS
100
AcDbLine
 10
1.1191676377952755
 20
0.9904982677165354
 30
0
 11
1.1182302755905511
 21
0.9895608267716535
 31
0
  0
LINE
  5
56C
330
1A
100
AcDbEntity
  8
BLACK
  6
CONTINUOUS
100
AcDbLine
 10
1.1182302755905511
 20
0.9895608267716535
 30
0
 11
1.1179679921259842
 21
0.9893856299212598
 31
0
  0
LINE
  5
56D
330
1A
100
AcDbEntity
  8
BLACK
  6
CONTINUOUS
100
AcDbLine
 10
1.1179679921259842
 20
0.9893856299212598
 30
0
 11
1.1177186220472441
 21
0.9891920472440945
 31
0
  0
LINE
  5
56E
330
1A
100
AcDbEntity
  8
BLACK
  6
CONTINUOUS
100
AcDbLine
 10
1.1177186220472441
 20
0.9891920472440945
 30
0
 11
1.1158438582677166
 21
0.9882546850393701
 31
0
  0
LINE
  5
56F
330
1A
100
AcDbEntity
  8
BLACK
  6
CONTINUOUS
100
AcDbLine
 10
1.1158438582677166
 20
0.9882546850393701
 30
0
 11
1.1157487401574804
 21
0.9882286614173228
 31
0
  0
LINE
  5
570
330
1A
100
AcDbEntity
  8
BLACK
  6
CONTINUOUS
100
AcDbLine
 10
1.1157487401574804
 20
0.9882286614173228
 30
0
 11
1.1157168503937007
 21
0.9881967322834645
 31
0
  0
LINE
  5
571
330
1A
100
AcDbEntity
  8
BLACK
  6
CONTINUOUS
100
AcDbLine
 10
1.1157168503937007
 20
0.9881967322834645
 30
0
 11
1.1154073622047245
 21
0.9881351968503936
 31
0
  0
LINE
  5
572
330
1A
100
AcDbEntity
  8
BLACK
  6
CONTINUOUS
100
AcDbLine
 10
1.1154073622047245
 20
0.9881351968503936
 30
0
 11
1.1151030708661418
 21
0.9880518503937008
 31
0
  0
LINE
  5
573
330
1A
100
AcDbEntity
  8
BLACK
  6
CONTINUOUS
100
AcDbLine
 10
1.1151030708661418
 20
0.9880518503937008
 30
0
 11
1.1150602362204725
 21
0.9880661417322835
 31
0
  0
LINE
  5
574
330
1A
100
AcDbEntity
  8
BLACK
  6
CONTINUOUS
100
AcDbLine
 10
1.1150602362204725
 20
0.9880661417322835
 30
0
 11
1.1149635433070866
 21
0.9880468897637795
 31
0
  0
LINE
  5
575
330
1A
100
AcDbEntity
  8
BLACK
  6
CONTINUOUS
100
AcDbLine
 10
1.1149635433070866
 20
0.9880468897637795
 30
0
 11
1.1102766141732283
 21
0.9880468897637795
 31
0
  0
LINE
  5
576
330
1A
100
AcDbEntity
  8
BLACK
  6
CONTINUOUS
100
AcDbLine
 10
1.1102766141732283
 20
0.9880468897637795
 30
0
 11
1.1101798818897637
 21
0.9880661417322835
 31
0
  0
LINE
  5
577
330
1A
100
AcDbEntity
  8
BLACK
  6
CONTINUOUS
100
AcDbLine
 10
1.1101798818897637
 20
0.9880661417322835
 30
0
 11
1.1101370472440946
 21
0.9880518503937008
 31
0
  0
LINE
  5
578
330
1A
100
AcDbEntity
  8
BLACK
  6
CONTINUOUS
100
AcDbLine
 10
1.1101370472440946
 20
0.9880518503937008
 30
0
 11
1.1098327952755904
 21
0.9881351968503936
 31
0
  0
LINE
  5
579
330
1A
100
AcDbEntity
  8
BLACK
  6
CONTINUOUS
100
AcDbLine
 10
1.1098327952755904
 20
0.9881351968503936
 30
0
 11
1.1095233070866142
 21
0.9881967322834645
 31
0
  0
LINE
  5
57A
330
1A
100
AcDbEntity
  8
BLACK
  6
CONTINUOUS
100
AcDbLine
 10
1.1095233070866142
 20
0.9881967322834645
 30
0
 11
1.1094913385826772
 21
0.9882287007874015
 31
0
  0
LINE
  5
57B
330
1A
100
AcDbEntity
  8
BLACK
  6
CONTINUOUS
100
AcDbLine
 10
1.1094913385826772
 20
0.9882287007874015
 30
0
 11
1.1093962598425195
 21
0.9882547244094488
 31
0
  0
LINE
  5
57C
330
1A
100
AcDbEntity
  8
BLACK
  6
CONTINUOUS
100
AcDbLine
 10
1.1093962598425195
 20
0.9882547244094488
 30
0
 11
1.1075215354330707
 21
0.9891920472440945
 31
0
  0
LINE
  5
57D
330
1A
100
AcDbEntity
  8
BLACK
  6
CONTINUOUS
100
AcDbLine
 10
1.1075215354330707
 20
0.9891920472440945
 30
0
 11
1.1072722440944882
 21
0.9893855118110236
 31
0
  0
LINE
  5
57E
330
1A
100
AcDbEntity
  8
BLACK
  6
CONTINUOUS
100
AcDbLine
 10
1.1072722440944882
 20
0.9893855118110236
 30
0
 11
1.1070098818897638
 21
0.9895608267716535
 31
0
  0
LINE
  5
57F
330
1A
100
AcDbEntity
  8
BLACK
  6
CONTINUOUS
100
AcDbLine
 10
1.1070098818897638
 20
0.9895608267716535
 30
0
 11
1.1060725196850394
 21
0.9904982283464566
 31
0
  0
LINE
  5
580
330
1A
100
AcDbEntity
  8
BLACK
  6
CONTINUOUS
100
AcDbLine
 10
1.1060725196850394
 20
0.9904982283464566
 30
0
 11
1.1056458267716536
 21
0.9911368897637794
 31
0
  0
LINE
  5
581
330
1A
100
AcDbEntity
  8
BLACK
  6
CONTINUOUS
100
AcDbLine
 10
1.1056458267716536
 20
0.9911368897637794
 30
0
 11
1.1056458661417323
 21
0.9926435039370078
 31
0
  0
LINE
  5
582
330
1A
100
AcDbEntity
  8
BLACK
  6
CONTINUOUS
100
AcDbLine
 10
1.1056458661417323
 20
0.9926435039370078
 30
0
 11
1.106711220472441
 21
0.9937088188976377
 31
0
  0
LINE
  5
583
330
1A
100
AcDbEntity
  8
BLACK
  6
CONTINUOUS
100
AcDbLine
 10
1.106711220472441
 20
0.9937088188976377
 30
0
 11
1.1082178346456693
 21
0.993708779527559
 31
0
  0
LINE
  5
584
330
1A
100
AcDbEntity
  8
BLACK
  6
CONTINUOUS
100
AcDbLine
 10
1.1082178346456693
 20
0.993708779527559
 30
0
 11
1.1088564566929133
 21
0.9932820866141732
 31
0
  0
LINE
  5
585
330
1A
100
AcDbEntity
  8
BLACK
  6
CONTINUOUS
100
AcDbLine
 10
1.1088564566929133
 20
0.9932820866141732
 30
0
 11
1.1095678346456692
 21
0.9925706299212598
 31
0
  0
LINE
  5
586
330
1A
100
AcDbEntity
  8
BLACK
  6
CONTINUOUS
100
AcDbLine
 10
1.1095678346456692
 20
0.9925706299212598
 30
0
 11
1.1107413385826772
 21
0.9919838976377953
 31
0
  0
LINE
  5
587
330
1A
100
AcDbEntity
  8
BLACK
  6
CONTINUOUS
100
AcDbLine
 10
1.1107413385826772
 20
0.9919838976377953
 30
0
 11
1.1144988188976377
 21
0.9919838976377953
 31
0
  0
LINE
  5
588
330
1A
100
AcDbEntity
  8
BLACK
  6
CONTINUOUS
100
AcDbLine
 10
1.1144988188976377
 20
0.9919838976377953
 30
0
 11
1.1156721653543307
 21
0.9925705905511811
 31
0
  0
LINE
  5
589
330
1A
100
AcDbEntity
  8
BLACK
  6
CONTINUOUS
100
AcDbLine
 10
1.1156721653543307
 20
0.9925705905511811
 30
0
 11
1.1161578346456693
 21
0.9930562598425197
 31
0
  0
LINE
  5
58A
330
1A
100
AcDbEntity
  8
BLACK
  6
CONTINUOUS
100
AcDbLine
 10
1.1161578346456693
 20
0.9930562598425197
 30
0
 11
1.1167445669291338
 21
0.9942296456692913
 31
0
  0
LINE
  5
58B
330
1A
100
AcDbEntity
  8
BLACK
  6
CONTINUOUS
100
AcDbLine
 10
1.1167445669291338
 20
0.9942296456692913
 30
0
 11
1.1167445669291338
 21
0.9965551181102362
 31
0
  0
LINE
  5
58C
330
1A
100
AcDbEntity
  8
BLACK
  6
CONTINUOUS
100
AcDbLine
 10
1.1167445669291338
 20
0.9965551181102362
 30
0
 11
1.090282716535433
 21
0.9965551181102362
 31
0
  0
LINE
  5
58D
330
1A
100
AcDbEntity
  8
BLACK
  6
CONTINUOUS
100
AcDbLine
 10
1.090282716535433
 20
0.9965551181102362
 30
0
 11
1.0905741338582677
 21
0.9953894094488189
 31
0
  0
LINE
  5
58E
330
1A
100
AcDbEntity
  8
BLACK
  6
CONTINUOUS
100
AcDbLine
 10
1.0905741338582677
 20
0.9953894094488189
 30
0
 11
1.0912719685039369
 21
0.9939936614173228
 31
0
  0
LINE
  5
58F
330
1A
100
AcDbEntity
  8
BLACK
  6
CONTINUOUS
100
AcDbLine
 10
1.0912719685039369
 20
0.9939936614173228
 30
0
 11
1.0925923622047244
 21
0.9926733070866142
 31
0
  0
LINE
  5
590
330
1A
100
AcDbEntity
  8
BLACK
  6
CONTINUOUS
100
AcDbLine
 10
1.0925923622047244
 20
0.9926733070866142
 30
0
 11
1.0946605511811023
 21
0.9919838976377953
 31
0
  0
LINE
  5
591
330
1A
100
AcDbEntity
  8
BLACK
  6
CONTINUOUS
100
AcDbLine
 10
1.0946605511811023
 20
0.9919838976377953
 30
0
 11
1.0958964566929135
 21
0.9919838976377953
 31
0
  0
LINE
  5
592
330
1A
100
AcDbEntity
  8
BLACK
  6
CONTINUOUS
100
AcDbLine
 10
1.0958964566929135
 20
0.9919838976377953
 30
0
 11
1.0979646062992126
 21
0.9926732677165354
 31
0
  0
LINE
  5
593
330
1A
100
AcDbEntity
  8
BLACK
  6
CONTINUOUS
100
AcDbLine
 10
1.0979646062992126
 20
0.9926732677165354
 30
0
 11
1.0985734251968504
 21
0.9932820866141732
 31
0
  0
LINE
  5
594
330
1A
100
AcDbEntity
  8
BLACK
  6
CONTINUOUS
100
AcDbLine
 10
1.0985734251968504
 20
0.9932820866141732
 30
0
 11
1.0992120472440945
 21
0.9937088188976377
 31
0
  0
LINE
  5
595
330
1A
100
AcDbEntity
  8
BLACK
  6
CONTINUOUS
100
AcDbLine
 10
1.0992120472440945
 20
0.9937088188976377
 30
0
 11
1.1007187007874015
 21
0.9937088188976377
 31
0
  0
LINE
  5
596
330
1A
100
AcDbEntity
  8
BLACK
  6
CONTINUOUS
100
AcDbLine
 10
1.1007187007874015
 20
0.9937088188976377
 30
0
 11
1.1017840551181102
 21
0.9926435039370078
 31
0
  0
LINE
  5
597
330
1A
100
AcDbEntity
  8
BLACK
  6
CONTINUOUS
100
AcDbLine
 10
1.1017840551181102
 20
0.9926435039370078
 30
0
 11
1.1017840551181102
 21
0.9911368897637794
 31
0
  0
LINE
  5
598
330
1A
100
AcDbEntity
  8
BLACK
  6
CONTINUOUS
100
AcDbLine
 10
1.1017840551181102
 20
0.9911368897637794
 30
0
 11
1.1013573622047244
 21
0.9904982677165354
 31
0
  0
LINE
  5
599
330
1A
100
AcDbEntity
  8
BLACK
  6
CONTINUOUS
100
AcDbLine
 10
1.1013573622047244
 20
0.9904982677165354
 30
0
 11
1.10042
 21
0.9895608267716535
 31
0
  0
LINE
  5
59A
330
1A
100
AcDbEntity
  8
BLACK
  6
CONTINUOUS
100
AcDbLine
 10
1.10042
 20
0.9895608267716535
 30
0
 11
1.1003379921259842
 21
0.989506062992126
 31
0
  0
LINE
  5
59B
330
1A
100
AcDbEntity
  8
BLACK
  6
CONTINUOUS
100
AcDbLine
 10
1.1003379921259842
 20
0.989506062992126
 30
0
 11
1.1003177952755905
 21
0.9894656299212599
 31
0
  0
LINE
  5
59C
330
1A
100
AcDbEntity
  8
BLACK
  6
CONTINUOUS
100
AcDbLine
 10
1.1003177952755905
 20
0.9894656299212599
 30
0
 11
1.1000435826771653
 21
0.9893093700787401
 31
0
  0
LINE
  5
59D
330
1A
100
AcDbEntity
  8
BLACK
  6
CONTINUOUS
100
AcDbLine
 10
1.1000435826771653
 20
0.9893093700787401
 30
0
 11
1.0997813779527559
 21
0.9891341338582677
 31
0
  0
LINE
  5
59E
330
1A
100
AcDbEntity
  8
BLACK
  6
CONTINUOUS
100
AcDbLine
 10
1.0997813779527559
 20
0.9891341338582677
 30
0
 11
1.099736220472441
 21
0.9891341338582677
 31
0
  0
LINE
  5
59F
330
1A
100
AcDbEntity
  8
BLACK
  6
CONTINUOUS
100
AcDbLine
 10
1.099736220472441
 20
0.9891341338582677
 30
0
 11
1.0996505118110236
 21
0.9890852755905511
 31
0
  0
LINE
  5
5A0
330
1A
100
AcDbEntity
  8
BLACK
  6
CONTINUOUS
100
AcDbLine
 10
1.0996505118110236
 20
0.9890852755905511
 30
0
 11
1.0968383464566929
 21
0.9881479133858267
 31
0
  0
LINE
  5
5A1
330
1A
100
AcDbEntity
  8
BLACK
  6
CONTINUOUS
100
AcDbLine
 10
1.0968383464566929
 20
0.9881479133858267
 30
0
 11
1.096525433070866
 21
0.9881085039370079
 31
0
  0
LINE
  5
5A2
330
1A
100
AcDbEntity
  8
BLACK
  6
CONTINUOUS
100
AcDbLine
 10
1.096525433070866
 20
0.9881085039370079
 30
0
 11
1.0962158661417323
 21
0.9880468897637795
 31
0
  0
LINE
  5
5A3
330
1A
100
AcDbEntity
  8
BLACK
  6
CONTINUOUS
100
AcDbLine
 10
1.0962158661417323
 20
0.9880468897637795
 30
0
 11
1.0943411023622047
 21
0.9880468897637795
 31
0
  0
LINE
  5
5A4
330
1A
100
AcDbEntity
  8
BLACK
  6
CONTINUOUS
100
AcDbLine
 10
1.0943411023622047
 20
0.9880468897637795
 30
0
 11
1.094031496062992
 21
0.9881085039370079
 31
0
  0
LINE
  5
5A5
330
1A
100
AcDbEntity
  8
BLACK
  6
CONTINUOUS
100
AcDbLine
 10
1.094031496062992
 20
0.9881085039370079
 30
0
 11
1.0937186220472441
 21
0.9881479133858267
 31
0
  0
LINE
  5
5A6
330
1A
100
AcDbEntity
  8
BLACK
  6
CONTINUOUS
100
AcDbLine
 10
1.0937186220472441
 20
0.9881479133858267
 30
0
 11
1.0909064960629922
 21
0.9890852755905511
 31
0
  0
LINE
  5
5A7
330
1A
100
AcDbEntity
  8
BLACK
  6
CONTINUOUS
100
AcDbLine
 10
1.0909064960629922
 20
0.9890852755905511
 30
0
 11
1.0908208661417322
 21
0.989134094488189
 31
0
  0
LINE
  5
5A8
330
1A
100
AcDbEntity
  8
BLACK
  6
CONTINUOUS
100
AcDbLine
 10
1.0908208661417322
 20
0.989134094488189
 30
0
 11
1.0907756299212599
 21
0.989134094488189
 31
0
  0
LINE
  5
5A9
330
1A
100
AcDbEntity
  8
BLACK
  6
CONTINUOUS
100
AcDbLine
 10
1.0907756299212599
 20
0.989134094488189
 30
0
 11
1.0905131496062992
 21
0.9893094881889763
 31
0
  0
LINE
  5
5AA
330
1A
100
AcDbEntity
  8
BLACK
  6
CONTINUOUS
100
AcDbLine
 10
1.0905131496062992
 20
0.9893094881889763
 30
0
 11
1.0902392125984253
 21
0.9894656299212599
 31
0
  0
LINE
  5
5AB
330
1A
100
AcDbEntity
  8
BLACK
  6
CONTINUOUS
100
AcDbLine
 10
1.0902392125984253
 20
0.9894656299212599
 30
0
 11
1.0902189763779528
 21
0.989506062992126
 31
0
  0
LINE
  5
5AC
330
1A
100
AcDbEntity
  8
BLACK
  6
CONTINUOUS
100
AcDbLine
 10
1.0902189763779528
 20
0.989506062992126
 30
0
 11
1.0901370078740158
 21
0.9895608267716535
 31
0
  0
LINE
  5
5AD
330
1A
100
AcDbEntity
  8
BLACK
  6
CONTINUOUS
100
AcDbLine
 10
1.0901370078740158
 20
0.9895608267716535
 30
0
 11
1.0882622440944882
 21
0.9914356299212598
 31
0
  0
LINE
  5
5AE
330
1A
100
AcDbEntity
  8
BLACK
  6
CONTINUOUS
100
AcDbLine
 10
1.0882622440944882
 20
0.9914356299212598
 30
0
 11
1.0880868897637794
 21
0.9916980708661417
 31
0
  0
LINE
  5
5AF
330
1A
100
AcDbEntity
  8
BLACK
  6
CONTINUOUS
100
AcDbLine
 10
1.0880868897637794
 20
0.9916980708661417
 30
0
 11
1.0878935433070867
 21
0.9919472047244094
 31
0
  0
LINE
  5
5B0
330
1A
100
AcDbEntity
  8
BLACK
  6
CONTINUOUS
100
AcDbLine
 10
1.0878935433070867
 20
0.9919472047244094
 30
0
 11
1.0869561417322835
 21
0.993821968503937
 31
0
  0
LINE
  5
5B1
330
1A
100
AcDbEntity
  8
BLACK
  6
CONTINUOUS
100
AcDbLine
 10
1.0869561417322835
 20
0.993821968503937
 30
0
 11
1.0868991732283464
 21
0.9940299212598425
 31
0
  0
LINE
  5
5B2
330
1A
100
AcDbEntity
  8
BLACK
  6
CONTINUOUS
100
AcDbLine
 10
1.0868991732283464
 20
0.9940299212598425
 30
0
 11
1.0868070866141732
 21
0.9942248818897638
 31
0
  0
LINE
  5
5B3
330
1A
100
AcDbEntity
  8
BLACK
  6
CONTINUOUS
100
AcDbLine
 10
1.0868070866141732
 20
0.9942248818897638
 30
0
 11
1.0862245275590552
 21
0.9965551181102362
 31
0
  0
LINE
  5
5B4
330
1A
100
AcDbEntity
  8
BLACK
  6
CONTINUOUS
100
AcDbLine
 10
1.0862245275590552
 20
0.9965551181102362
 30
0
 11
1.0705976771653543
 21
0.9965551181102362
 31
0
  0
LINE
  5
5B5
330
1A
100
AcDbEntity
  8
BLACK
  6
CONTINUOUS
100
AcDbLine
 10
1.0705976771653543
 20
0.9965551181102362
 30
0
 11
1.070889094488189
 21
0.9953894094488189
 31
0
  0
LINE
  5
5B6
330
1A
100
AcDbEntity
  8
BLACK
  6
CONTINUOUS
100
AcDbLine
 10
1.070889094488189
 20
0.9953894094488189
 30
0
 11
1.0715869291338582
 21
0.9939936614173228
 31
0
  0
LINE
  5
5B7
330
1A
100
AcDbEntity
  8
BLACK
  6
CONTINUOUS
100
AcDbLine
 10
1.0715869291338582
 20
0.9939936614173228
 30
0
 11
1.0729073228346457
 21
0.9926733070866142
 31
0
  0
LINE
  5
5B8
330
1A
100
AcDbEntity
  8
BLACK
  6
CONTINUOUS
100
AcDbLine
 10
1.0729073228346457
 20
0.9926733070866142
 30
0
 11
1.0749755118110236
 21
0.9919838976377953
 31
0
  0
LINE
  5
5B9
330
1A
100
AcDbEntity
  8
BLACK
  6
CONTINUOUS
100
AcDbLine
 10
1.0749755118110236
 20
0.9919838976377953
 30
0
 11
1.0762114173228345
 21
0.9919838976377953
 31
0
  0
LINE
  5
5BA
330
1A
100
AcDbEntity
  8
BLACK
  6
CONTINUOUS
100
AcDbLine
 10
1.0762114173228345
 20
0.9919838976377953
 30
0
 11
1.0782795669291338
 21
0.9926732677165354
 31
0
  0
LINE
  5
5BB
330
1A
100
AcDbEntity
  8
BLACK
  6
CONTINUOUS
100
AcDbLine
 10
1.0782795669291338
 20
0.9926732677165354
 30
0
 11
1.0788883858267717
 21
0.9932820866141732
 31
0
  0
LINE
  5
5BC
330
1A
100
AcDbEntity
  8
BLACK
  6
CONTINUOUS
100
AcDbLine
 10
1.0788883858267717
 20
0.9932820866141732
 30
0
 11
1.0795270078740158
 21
0.9937088188976377
 31
0
  0
LINE
  5
5BD
330
1A
100
AcDbEntity
  8
BLACK
  6
CONTINUOUS
100
AcDbLine
 10
1.0795270078740158
 20
0.9937088188976377
 30
0
 11
1.0810336614173228
 21
0.9937088188976377
 31
0
  0
LINE
  5
5BE
330
1A
100
AcDbEntity
  8
BLACK
  6
CONTINUOUS
100
AcDbLine
 10
1.0810336614173228
 20
0.9937088188976377
 30
0
 11
1.0820990157480315
 21
0.9926435039370078
 31
0
  0
LINE
  5
5BF
330
1A
100
AcDbEntity
  8
BLACK
  6
CONTINUOUS
100
AcDbLine
 10
1.0820990157480315
 20
0.9926435039370078
 30
0
 11
1.0820990157480315
 21
0.9911368897637794
 31
0
  0
LINE
  5
5C0
330
1A
100
AcDbEntity
  8
BLACK
  6
CONTINUOUS
100
AcDbLine
 10
1.0820990157480315
 20
0.9911368897637794
 30
0
 11
1.0816723228346456
 21
0.9904982677165354
 31
0
  0
LINE
  5
5C1
330
1A
100
AcDbEntity
  8
BLACK
  6
CONTINUOUS
100
AcDbLine
 10
1.0816723228346456
 20
0.9904982677165354
 30
0
 11
1.0807349606299212
 21
0.9895608267716535
 31
0
  0
LINE
  5
5C2
330
1A
100
AcDbEntity
  8
BLACK
  6
CONTINUOUS
100
AcDbLine
 10
1.0807349606299212
 20
0.9895608267716535
 30
0
 11
1.0806529527559054
 21
0.989506062992126
 31
0
  0
LINE
  5
5C3
330
1A
100
AcDbEntity
  8
BLACK
  6
CONTINUOUS
100
AcDbLine
 10
1.0806529527559054
 20
0.989506062992126
 30
0
 11
1.0806327559055118
 21
0.9894656299212599
 31
0
  0
LINE
  5
5C4
330
1A
100
AcDbEntity
  8
BLACK
  6
CONTINUOUS
100
AcDbLine
 10
1.0806327559055118
 20
0.9894656299212599
 30
0
 11
1.0803585433070866
 21
0.9893093700787401
 31
0
  0
LINE
  5
5C5
330
1A
100
AcDbEntity
  8
BLACK
  6
CONTINUOUS
100
AcDbLine
 10
1.0803585433070866
 20
0.9893093700787401
 30
0
 11
1.0800963385826772
 21
0.9891341338582677
 31
0
  0
LINE
  5
5C6
330
1A
100
AcDbEntity
  8
BLACK
  6
CONTINUOUS
100
AcDbLine
 10
1.0800963385826772
 20
0.9891341338582677
 30
0
 11
1.0800511811023621
 21
0.9891341338582677
 31
0
  0
LINE
  5
5C7
330
1A
100
AcDbEntity
  8
BLACK
  6
CONTINUOUS
100
AcDbLine
 10
1.0800511811023621
 20
0.9891341338582677
 30
0
 11
1.0799654724409449
 21
0.9890852755905511
 31
0
  0
LINE
  5
5C8
330
1A
100
AcDbEntity
  8
BLACK
  6
CONTINUOUS
100
AcDbLine
 10
1.0799654724409449
 20
0.9890852755905511
 30
0
 11
1.0771533070866142
 21
0.9881479133858267
 31
0
  0
LINE
  5
5C9
330
1A
100
AcDbEntity
  8
BLACK
  6
CONTINUOUS
100
AcDbLine
 10
1.0771533070866142
 20
0.9881479133858267
 30
0
 11
1.0768403937007873
 21
0.9881085039370079
 31
0
  0
LINE
  5
5CA
330
1A
100
AcDbEntity
  8
BLACK
  6
CONTINUOUS
100
AcDbLine
 10
1.0768403937007873
 20
0.9881085039370079
 30
0
 11
1.0765308267716536
 21
0.9880468897637795
 31
0
  0
LINE
  5
5CB
330
1A
100
AcDbEntity
  8
BLACK
  6
CONTINUOUS
100
AcDbLine
 10
1.0765308267716536
 20
0.9880468897637795
 30
0
 11
1.074656062992126
 21
0.9880468897637795
 31
0
  0
LINE
  5
5CC
330
1A
100
AcDbEntity
  8
BLACK
  6
CONTINUOUS
100
AcDbLine
 10
1.074656062992126
 20
0.9880468897637795
 30
0
 11
1.0743464566929133
 21
0.9881085039370079
 31
0
  0
LINE
  5
5CD
330
1A
100
AcDbEntity
  8
BLACK
  6
CONTINUOUS
100
AcDbLine
 10
1.0743464566929133
 20
0.9881085039370079
 30
0
 11
1.0740335826771654
 21
0.9881479133858267
 31
0
  0
LINE
  5
5CE
330
1A
100
AcDbEntity
  8
BLACK
  6
CONTINUOUS
100
AcDbLine
 10
1.0740335826771654
 20
0.9881479133858267
 30
0
 11
1.0712214566929135
 21
0.9890852755905511
 31
0
  0
LINE
  5
5CF
330
1A
100
AcDbEntity
  8
BLACK
  6
CONTINUOUS
100
AcDbLine
 10
1.0712214566929135
 20
0.9890852755905511
 30
0
 11
1.0711358267716535
 21
0.989134094488189
 31
0
  0
LINE
  5
5D0
330
1A
100
AcDbEntity
  8
BLACK
  6
CONTINUOUS
100
AcDbLine
 10
1.0711358267716535
 20
0.989134094488189
 30
0
 11
1.0710905905511812
 21
0.989134094488189
 31
0
  0
LINE
  5
5D1
330
1A
100
AcDbEntity
  8
BLACK
  6
CONTINUOUS
100
AcDbLine
 10
1.0710905905511812
 20
0.989134094488189
 30
0
 11
1.0708281102362205
 21
0.9893094881889763
 31
0
  0
LINE
  5
5D2
330
1A
100
AcDbEntity
  8
BLACK
  6
CONTINUOUS
100
AcDbLine
 10
1.0708281102362205
 20
0.9893094881889763
 30
0
 11
1.0705541732283463
 21
0.9894656299212599
 31
0
  0
LINE
  5
5D3
330
1A
100
AcDbEntity
  8
BLACK
  6
CONTINUOUS
100
AcDbLine
 10
1.0705541732283463
 20
0.9894656299212599
 30
0
 11
1.0705339370078739
 21
0.989506062992126
 31
0
  0
LINE
  5
5D4
330
1A
100
AcDbEntity
  8
BLACK
  6
CONTINUOUS
100
AcDbLine
 10
1.0705339370078739
 20
0.989506062992126
 30
0
 11
1.0704519685039371
 21
0.9895608267716535
 31
0
  0
LINE
  5
5D5
330
1A
100
AcDbEntity
  8
BLACK
  6
CONTINUOUS
100
AcDbLine
 10
1.0704519685039371
 20
0.9895608267716535
 30
0
 11
1.0685772047244095
 21
0.9914356299212598
 31
0
  0
LINE
  5
5D6
330
1A
100
AcDbEntity
  8
BLACK
  6
CONTINUOUS
100
AcDbLine
 10
1.0685772047244095
 20
0.9914356299212598
 30
0
 11
1.0684018503937007
 21
0.9916980708661417
 31
0
  0
LINE
  5
5D7
330
1A
100
AcDbEntity
  8
BLACK
  6
CONTINUOUS
100
AcDbLine
 10
1.0684018503937007
 20
0.9916980708661417
 30
0
 11
1.0682085039370079
 21
0.9919472047244094
 31
0
  0
LINE
  5
5D8
330
1A
100
AcDbEntity
  8
BLACK
  6
CONTINUOUS
100
AcDbLine
 10
1.0682085039370079
 20
0.9919472047244094
 30
0
 11
1.0672711023622048
 21
0.993821968503937
 31
0
  0
LINE
  5
5D9
330
1A
100
AcDbEntity
  8
BLACK
  6
CONTINUOUS
100
AcDbLine
 10
1.0672711023622048
 20
0.993821968503937
 30
0
 11
1.0672141338582677
 21
0.9940299212598425
 31
0
  0
LINE
  5
5DA
330
1A
100
AcDbEntity
  8
BLACK
  6
CONTINUOUS
100
AcDbLine
 10
1.0672141338582677
 20
0.9940299212598425
 30
0
 11
1.0671220472440945
 21
0.9942248818897638
 31
0
  0
LINE
  5
5DB
330
1A
100
AcDbEntity
  8
BLACK
  6
CONTINUOUS
100
AcDbLine
 10
1.0671220472440945
 20
0.9942248818897638
 30
0
 11
1.0665394881889763
 21
0.9965551181102362
 31
0
  0
LINE
  5
5DC
330
1A
100
AcDbEntity
  8
BLACK
  6
CONTINUOUS
100
AcDbLine
 10
1.0665394881889763
 20
0.9965551181102362
 30
0
 11
1.0635826771653543
 21
0.9965551181102362
 31
0
  0
LINE
  5
5DD
330
1A
100
AcDbEntity
  8
BLACK
  6
CONTINUOUS
100
AcDbLine
 10
1.0635826771653543
 20
0.9965551181102362
 30
0
 11
1.0635826771653543
 21
0.8473425196850394
 31
0
  0
LINE
  5
5DE
330
1A
100
AcDbEntity
  8
BLACK
  6
CONTINUOUS
100
AcDbLine
 10
1.0635826771653543
 20
0.8473425196850394
 30
0
 11
1.1954724409448818
 21
0.8473425196850394
 31
0
  0
LINE
  5
5DF
330
1A
100
AcDbEntity
  8
BLACK
  6
CONTINUOUS
100
AcDbLine
 10
1.1954724409448818
 20
0.8473425196850394
 30
0
 11
1.1954724409448818
 21
0.988698937007874
 31
0
  0
LINE
  5
5E0
330
1A
100
AcDbEntity
  8
BLACK
  6
CONTINUOUS
100
AcDbLine
 10
1.1954724409448818
 20
0.988698937007874
 30
0
 11
1.1945839763779527
 21
0.9882546850393701
 31
0
  0
LINE
  5
5E1
330
1A
100
AcDbEntity
  8
BLACK
  6
CONTINUOUS
100
AcDbLine
 10
1.1945839763779527
 20
0.9882546850393701
 30
0
 11
1.1944888582677164
 21
0.9882286614173228
 31
0
  0
LINE
  5
5E2
330
1A
100
AcDbEntity
  8
BLACK
  6
CONTINUOUS
100
AcDbLine
 10
1.1944888582677164
 20
0.9882286614173228
 30
0
 11
1.194456968503937
 21
0.9881967322834645
 31
0
  0
LINE
  5
5E3
330
1A
100
AcDbEntity
  8
BLACK
  6
CONTINUOUS
100
AcDbLine
 10
1.194456968503937
 20
0.9881967322834645
 30
0
 11
1.1941474803149605
 21
0.9881351968503936
 31
0
  0
LINE
  5
5E4
330
1A
100
AcDbEntity
  8
BLACK
  6
CONTINUOUS
100
AcDbLine
 10
1.1941474803149605
 20
0.9881351968503936
 30
0
 11
1.1938431889763779
 21
0.9880518503937008
 31
0
  0
LINE
  5
5E5
330
1A
100
AcDbEntity
  8
BLACK
  6
CONTINUOUS
100
AcDbLine
 10
1.1938431889763779
 20
0.9880518503937008
 30
0
 11
1.1938003543307085
 21
0.9880661417322835
 31
0
  0
LINE
  5
5E6
330
1A
100
AcDbEntity
  8
BLACK
  6
CONTINUOUS
100
AcDbLine
 10
1.1938003543307085
 20
0.9880661417322835
 30
0
 11
1.1937036614173229
 21
0.9880468897637795
 31
0
  0
LINE
  5
5E7
330
1A
100
AcDbEntity
  8
BLACK
  6
CONTINUOUS
100
AcDbLine
 10
1.1937036614173229
 20
0.9880468897637795
 30
0
 11
1.1899541338582678
 21
0.9880468897637795
 31
0
  0
LINE
  5
5E8
330
1A
100
AcDbEntity
  8
BLACK
  6
CONTINUOUS
100
AcDbLine
 10
1.1899541338582678
 20
0.9880468897637795
 30
0
 11
1.1898574015748031
 21
0.9880661417322835
 31
0
  0
LINE
  5
5E9
330
1A
100
AcDbEntity
  8
BLACK
  6
CONTINUOUS
100
AcDbLine
 10
1.1898574015748031
 20
0.9880661417322835
 30
0
 11
1.1898145669291338
 21
0.9880518503937008
 31
0
  0
LINE
  5
5EA
330
1A
100
AcDbEntity
  8
BLACK
  6
CONTINUOUS
100
AcDbLine
 10
1.1898145669291338
 20
0.9880518503937008
 30
0
 11
1.1895103149606299
 21
0.9881351968503936
 31
0
  0
LINE
  5
5EB
330
1A
100
AcDbEntity
  8
BLACK
  6
CONTINUOUS
100
AcDbLine
 10
1.1895103149606299
 20
0.9881351968503936
 30
0
 11
1.1892008267716536
 21
0.9881967322834645
 31
0
  0
LINE
  5
5EC
330
1A
100
AcDbEntity
  8
BLACK
  6
CONTINUOUS
100
AcDbLine
 10
1.1892008267716536
 20
0.9881967322834645
 30
0
 11
1.1891688582677165
 21
0.9882287007874015
 31
0
  0
LINE
  5
5ED
330
1A
100
AcDbEntity
  8
BLACK
  6
CONTINUOUS
100
AcDbLine
 10
1.1891688582677165
 20
0.9882287007874015
 30
0
 11
1.189073779527559
 21
0.9882547244094488
 31
0
  0
LINE
  5
5EE
330
1A
100
AcDbEntity
  8
BLACK
  6
CONTINUOUS
100
AcDbLine
 10
1.189073779527559
 20
0.9882547244094488
 30
0
 11
1.1871990551181102
 21
0.9891920472440945
 31
0
  0
LINE
  5
5EF
330
1A
100
AcDbEntity
  8
BLACK
  6
CONTINUOUS
100
AcDbLine
 10
1.1871990551181102
 20
0.9891920472440945
 30
0
 11
1.1869497637795274
 21
0.9893855118110236
 31
0
  0
LINE
  5
5F0
330
1A
100
AcDbEntity
  8
BLACK
  6
CONTINUOUS
100
AcDbLine
 10
1.1869497637795274
 20
0.9893855118110236
 30
0
 11
1.186687401574803
 21
0.9895608267716535
 31
0
  0
LINE
  5
5F1
330
1A
100
AcDbEntity
  8
BLACK
  6
CONTINUOUS
100
AcDbLine
 10
1.186687401574803
 20
0.9895608267716535
 30
0
 11
1.1857500393700786
 21
0.9904982283464566
 31
0
  0
LINE
  5
5F2
330
1A
100
AcDbEntity
  8
BLACK
  6
CONTINUOUS
100
AcDbLine
 10
1.1857500393700786
 20
0.9904982283464566
 30
0
 11
1.1855748818897638
 21
0.9907603543307086
 31
0
  0
LINE
  5
5F3
330
1A
100
AcDbEntity
  8
BLACK
  6
CONTINUOUS
100
AcDbLine
 10
1.1855748818897638
 20
0.9907603543307086
 30
0
 11
1.1853812598425197
 21
0.991009842519685
 31
0
  0
LINE
  5
5F4
330
1A
100
AcDbEntity
  8
BLACK
  6
CONTINUOUS
100
AcDbLine
 10
1.1853812598425197
 20
0.991009842519685
 30
0
 11
1.1844438976377953
 21
0.9928846062992126
 31
0
  0
LINE
  5
5F5
330
1A
100
AcDbEntity
  8
BLACK
  6
CONTINUOUS
100
AcDbLine
 10
1.1844438976377953
 20
0.9928846062992126
 30
0
 11
1.1844178346456693
 21
0.9929797244094488
 31
0
  0
LINE
  5
5F6
330
1A
100
AcDbEntity
  8
BLACK
  6
CONTINUOUS
100
AcDbLine
 10
1.1844178346456693
 20
0.9929797244094488
 30
0
 11
1.1843859448818896
 21
0.9930116141732284
 31
0
  0
LINE
  5
5F7
330
1A
100
AcDbEntity
  8
BLACK
  6
CONTINUOUS
100
AcDbLine
 10
1.1843859448818896
 20
0.9930116141732284
 30
0
 11
1.18432437007874
 21
0.9933211023622047
 31
0
  0
LINE
  5
5F8
330
1A
100
AcDbEntity
  8
BLACK
  6
CONTINUOUS
100
AcDbLine
 10
1.18432437007874
 20
0.9933211023622047
 30
0
 11
1.1842410629921261
 21
0.9936253937007874
 31
0
  0
LINE
  5
5F9
330
1A
100
AcDbEntity
  8
BLACK
  6
CONTINUOUS
100
AcDbLine
 10
1.1842410629921261
 20
0.9936253937007874
 30
0
 11
1.1842553149606299
 21
0.9936682283464566
 31
0
  0
LINE
  5
5FA
330
1A
100
AcDbEntity
  8
BLACK
  6
CONTINUOUS
100
AcDbLine
 10
1.1842553149606299
 20
0.9936682283464566
 30
0
 11
1.1842361023622048
 21
0.9937649212598425
 31
0
  0
LINE
  5
5FB
330
1A
100
AcDbEntity
  8
BLACK
  6
CONTINUOUS
100
AcDbLine
 10
1.1842361023622048
 20
0.9937649212598425
 30
0
 11
1.1842361023622048
 21
0.9965551181102362
 31
0
  0
LINE
  5
5FC
330
1A
100
AcDbEntity
  8
BLACK
  6
CONTINUOUS
100
AcDbLine
 10
1.1842361023622048
 20
0.9965551181102362
 30
0
 11
1.1797366535433071
 21
0.9965551181102362
 31
0
  0
LINE
  5
5FD
330
1A
100
AcDbEntity
  8
BLACK
  6
CONTINUOUS
100
AcDbLine
 10
0.9833661417322834
 20
0.993996062992126
 30
0
 11
0.9833661417322834
 21
0.8636811023622047
 31
0
  0
LINE
  5
5FE
330
1A
100
AcDbEntity
  8
BLACK
  6
CONTINUOUS
100
AcDbLine
 10
0.9833661417322834
 20
0.8636811023622047
 30
0
 11
1.0562007874015749
 21
0.8636811023622047
 31
0
  0
LINE
  5
5FF
330
1A
100
AcDbEntity
  8
BLACK
  6
CONTINUOUS
100
AcDbLine
 10
1.0562007874015749
 20
0.8636811023622047
 30
0
 11
1.0562007874015749
 21
0.9881282677165354
 31
0
  0
LINE
  5
600
330
1A
100
AcDbEntity
  8
BLACK
  6
CONTINUOUS
100
AcDbLine
 10
1.0562007874015749
 20
0.9881282677165354
 30
0
 11
1.0560479527559055
 21
0.9880518503937008
 31
0
  0
LINE
  5
601
330
1A
100
AcDbEntity
  8
BLACK
  6
CONTINUOUS
100
AcDbLine
 10
1.0560479527559055
 20
0.9880518503937008
 30
0
 11
1.0559084251968505
 21
0.9880983858267717
 31
0
  0
LINE
  5
602
330
1A
100
AcDbEntity
  8
BLACK
  6
CONTINUOUS
100
AcDbLine
 10
1.0559084251968505
 20
0.9880983858267717
 30
0
 11
1.0557688976377952
 21
0.9880518503937008
 31
0
  0
LINE
  5
603
330
1A
100
AcDbEntity
  8
BLACK
  6
CONTINUOUS
100
AcDbLine
 10
1.0557688976377952
 20
0.9880518503937008
 30
0
 11
1.0552107480314961
 21
0.988330905511811
 31
0
  0
LINE
  5
604
330
1A
100
AcDbEntity
  8
BLACK
  6
CONTINUOUS
100
AcDbLine
 10
1.0552107480314961
 20
0.988330905511811
 30
0
 11
1.0546186614173227
 21
0.9885282677165355
 31
0
  0
LINE
  5
605
330
1A
100
AcDbEntity
  8
BLACK
  6
CONTINUOUS
100
AcDbLine
 10
1.0546186614173227
 20
0.9885282677165355
 30
0
 11
1.0545528740157479
 21
0.9886598818897637
 31
0
  0
LINE
  5
606
330
1A
100
AcDbEntity
  8
BLACK
  6
CONTINUOUS
100
AcDbLine
 10
1.0545528740157479
 20
0.9886598818897637
 30
0
 11
1.0544212992125983
 21
0.9887256299212598
 31
0
  0
LINE
  5
607
330
1A
100
AcDbEntity
  8
BLACK
  6
CONTINUOUS
100
AcDbLine
 10
1.0544212992125983
 20
0.9887256299212598
 30
0
 11
1.0540409448818897
 21
0.9893929133858268
 31
0
  0
LINE
  5
608
330
1A
100
AcDbEntity
  8
BLACK
  6
CONTINUOUS
100
AcDbLine
 10
1.0540409448818897
 20
0.9893929133858268
 30
0
 11
1.0525065748031497
 21
0.993996062992126
 31
0
  0
LINE
  5
609
330
1A
100
AcDbEntity
  8
BLACK
  6
CONTINUOUS
100
AcDbLine
 10
1.0525065748031497
 20
0.993996062992126
 30
0
 11
0.9833661417322834
 21
0.993996062992126
 31
0
  0
LINE
  5
60A
330
1A
100
AcDbEntity
  8
BLACK
  6
CONTINUOUS
100
AcDbLine
 10
1.4912524015748032
 20
1.0344488188976377
 30
0
 11
1.4912524015748032
 21
1.0293854724409448
 31
0
  0
LINE
  5
60B
330
1A
100
AcDbEntity
  8
BLACK
  6
CONTINUOUS
100
AcDbLine
 10
1.4912524015748032
 20
1.0293854724409448
 30
0
 11
1.4911025590551181
 21
1.0286321653543307
 31
0
  0
LINE
  5
60C
330
1A
100
AcDbEntity
  8
BLACK
  6
CONTINUOUS
100
AcDbLine
 10
1.4911025590551181
 20
1.0286321653543307
 30
0
 11
1.4900372047244095
 21
1.027566811023622
 31
0
  0
LINE
  5
60D
330
1A
100
AcDbEntity
  8
BLACK
  6
CONTINUOUS
100
AcDbLine
 10
1.4900372047244095
 20
1.027566811023622
 30
0
 11
1.488530590551181
 21
1.027566811023622
 31
0
  0
LINE
  5
60E
330
1A
100
AcDbEntity
  8
BLACK
  6
CONTINUOUS
100
AcDbLine
 10
1.488530590551181
 20
1.027566811023622
 30
0
 11
1.4884115748031497
 21
1.0276858267716535
 31
0
  0
LINE
  5
60F
330
1A
100
AcDbEntity
  8
BLACK
  6
CONTINUOUS
100
AcDbLine
 10
1.4884115748031497
 20
1.0276858267716535
 30
0
 11
1.4882894488188976
 21
1.0276247637795275
 31
0
  0
LINE
  5
610
330
1A
100
AcDbEntity
  8
BLACK
  6
CONTINUOUS
100
AcDbLine
 10
1.4882894488188976
 20
1.0276247637795275
 30
0
 11
1.4881943307086614
 21
1.0275987401574802
 31
0
  0
LINE
  5
611
330
1A
100
AcDbEntity
  8
BLACK
  6
CONTINUOUS
100
AcDbLine
 10
1.4881943307086614
 20
1.0275987401574802
 30
0
 11
1.4881624409448819
 21
1.027566811023622
 31
0
  0
LINE
  5
612
330
1A
100
AcDbEntity
  8
BLACK
  6
CONTINUOUS
100
AcDbLine
 10
1.4881624409448819
 20
1.027566811023622
 30
0
 11
1.4878529527559055
 21
1.0275052755905512
 31
0
  0
LINE
  5
613
330
1A
100
AcDbEntity
  8
BLACK
  6
CONTINUOUS
100
AcDbLine
 10
1.4878529527559055
 20
1.0275052755905512
 30
0
 11
1.4875486614173228
 21
1.0274219291338582
 31
0
  0
LINE
  5
614
330
1A
100
AcDbEntity
  8
BLACK
  6
CONTINUOUS
100
AcDbLine
 10
1.4875486614173228
 20
1.0274219291338582
 30
0
 11
1.4875058267716534
 21
1.027436220472441
 31
0
  0
LINE
  5
615
330
1A
100
AcDbEntity
  8
BLACK
  6
CONTINUOUS
100
AcDbLine
 10
1.4875058267716534
 20
1.027436220472441
 30
0
 11
1.4874091338582678
 21
1.0274169685039369
 31
0
  0
LINE
  5
616
330
1A
100
AcDbEntity
  8
BLACK
  6
CONTINUOUS
100
AcDbLine
 10
1.4874091338582678
 20
1.0274169685039369
 30
0
 11
1.4827222047244095
 21
1.0274169685039369
 31
0
  0
LINE
  5
617
330
1A
100
AcDbEntity
  8
BLACK
  6
CONTINUOUS
100
AcDbLine
 10
1.4827222047244095
 20
1.0274169685039369
 30
0
 11
1.4826254724409449
 21
1.027436220472441
 31
0
  0
LINE
  5
618
330
1A
100
AcDbEntity
  8
BLACK
  6
CONTINUOUS
100
AcDbLine
 10
1.4826254724409449
 20
1.027436220472441
 30
0
 11
1.4825826377952755
 21
1.0274219291338582
 31
0
  0
LINE
  5
619
330
1A
100
AcDbEntity
  8
BLACK
  6
CONTINUOUS
100
AcDbLine
 10
1.4825826377952755
 20
1.0274219291338582
 30
0
 11
1.4822783858267716
 21
1.0275052755905512
 31
0
  0
LINE
  5
61A
330
1A
100
AcDbEntity
  8
BLACK
  6
CONTINUOUS
100
AcDbLine
 10
1.4822783858267716
 20
1.0275052755905512
 30
0
 11
1.4819688976377952
 21
1.027566811023622
 31
0
  0
LINE
  5
61B
330
1A
100
AcDbEntity
  8
BLACK
  6
CONTINUOUS
100
AcDbLine
 10
1.4819688976377952
 20
1.027566811023622
 30
0
 11
1.4819369291338582
 21
1.027598779527559
 31
0
  0
LINE
  5
61C
330
1A
100
AcDbEntity
  8
BLACK
  6
CONTINUOUS
100
AcDbLine
 10
1.4819369291338582
 20
1.027598779527559
 30
0
 11
1.4818418503937008
 21
1.0276248031496062
 31
0
  0
LINE
  5
61D
330
1A
100
AcDbEntity
  8
BLACK
  6
CONTINUOUS
100
AcDbLine
 10
1.4818418503937008
 20
1.0276248031496062
 30
0
 11
1.479967125984252
 21
1.0285621259842519
 31
0
  0
LINE
  5
61E
330
1A
100
AcDbEntity
  8
BLACK
  6
CONTINUOUS
100
AcDbLine
 10
1.479967125984252
 20
1.0285621259842519
 30
0
 11
1.4796574015748032
 21
1.0288025196850394
 31
0
  0
LINE
  5
61F
330
1A
100
AcDbEntity
  8
BLACK
  6
CONTINUOUS
100
AcDbLine
 10
1.4796574015748032
 20
1.0288025196850394
 30
0
 11
1.4795576377952755
 21
1.028835748031496
 31
0
  0
LINE
  5
620
330
1A
100
AcDbEntity
  8
BLACK
  6
CONTINUOUS
100
AcDbLine
 10
1.4795576377952755
 20
1.028835748031496
 30
0
 11
1.4794714173228347
 21
1.0289468503937007
 31
0
  0
LINE
  5
621
330
1A
100
AcDbEntity
  8
BLACK
  6
CONTINUOUS
100
AcDbLine
 10
1.4794714173228347
 20
1.0289468503937007
 30
0
 11
1.4793603543307086
 21
1.029033031496063
 31
0
  0
LINE
  5
622
330
1A
100
AcDbEntity
  8
BLACK
  6
CONTINUOUS
100
AcDbLine
 10
1.4793603543307086
 20
1.029033031496063
 30
0
 11
1.4793270866141732
 21
1.0291328346456692
 31
0
  0
LINE
  5
623
330
1A
100
AcDbEntity
  8
BLACK
  6
CONTINUOUS
100
AcDbLine
 10
1.4793270866141732
 20
1.0291328346456692
 30
0
 11
1.4790867322834644
 21
1.0294425196850394
 31
0
  0
LINE
  5
624
330
1A
100
AcDbEntity
  8
BLACK
  6
CONTINUOUS
100
AcDbLine
 10
1.4790867322834644
 20
1.0294425196850394
 30
0
 11
1.47814937007874
 21
1.0313173228346457
 31
0
  0
LINE
  5
625
330
1A
100
AcDbEntity
  8
BLACK
  6
CONTINUOUS
100
AcDbLine
 10
1.47814937007874
 20
1.0313173228346457
 30
0
 11
1.4781233070866142
 21
1.0314124409448819
 31
0
  0
LINE
  5
626
330
1A
100
AcDbEntity
  8
BLACK
  6
CONTINUOUS
100
AcDbLine
 10
1.4781233070866142
 20
1.0314124409448819
 30
0
 11
1.4780914173228346
 21
1.0314443307086614
 31
0
  0
LINE
  5
627
330
1A
100
AcDbEntity
  8
BLACK
  6
CONTINUOUS
100
AcDbLine
 10
1.4780914173228346
 20
1.0314443307086614
 30
0
 11
1.4780298425196849
 21
1.0317538188976378
 31
0
  0
LINE
  5
628
330
1A
100
AcDbEntity
  8
BLACK
  6
CONTINUOUS
100
AcDbLine
 10
1.4780298425196849
 20
1.0317538188976378
 30
0
 11
1.4779465354330708
 21
1.0320581102362205
 31
0
  0
LINE
  5
629
330
1A
100
AcDbEntity
  8
BLACK
  6
CONTINUOUS
100
AcDbLine
 10
1.4779465354330708
 20
1.0320581102362205
 30
0
 11
1.4779607874015748
 21
1.0321009448818896
 31
0
  0
LINE
  5
62A
330
1A
100
AcDbEntity
  8
BLACK
  6
CONTINUOUS
100
AcDbLine
 10
1.4779607874015748
 20
1.0321009448818896
 30
0
 11
1.4779415748031495
 21
1.0321976377952755
 31
0
  0
LINE
  5
62B
330
1A
100
AcDbEntity
  8
BLACK
  6
CONTINUOUS
100
AcDbLine
 10
1.4779415748031495
 20
1.0321976377952755
 30
0
 11
1.4779415748031495
 21
1.0340724015748031
 31
0
  0
LINE
  5
62C
330
1A
100
AcDbEntity
  8
BLACK
  6
CONTINUOUS
100
AcDbLine
 10
1.4779415748031495
 20
1.0340724015748031
 30
0
 11
1.4779607874015748
 21
1.0341691338582677
 31
0
  0
LINE
  5
62D
330
1A
100
AcDbEntity
  8
BLACK
  6
CONTINUOUS
100
AcDbLine
 10
1.4779607874015748
 20
1.0341691338582677
 30
0
 11
1.4779465354330708
 21
1.0342119291338583
 31
0
  0
LINE
  5
62E
330
1A
100
AcDbEntity
  8
BLACK
  6
CONTINUOUS
100
AcDbLine
 10
1.4779465354330708
 20
1.0342119291338583
 30
0
 11
1.4780113779527559
 21
1.0344488188976377
 31
0
  0
LINE
  5
62F
330
1A
100
AcDbEntity
  8
BLACK
  6
CONTINUOUS
100
AcDbLine
 10
1.4780113779527559
 20
1.0344488188976377
 30
0
 11
1.4715673622047243
 21
1.0344488188976377
 31
0
  0
LINE
  5
630
330
1A
100
AcDbEntity
  8
BLACK
  6
CONTINUOUS
100
AcDbLine
 10
1.4715673622047243
 20
1.0344488188976377
 30
0
 11
1.4715673622047243
 21
1.0326623228346457
 31
0
  0
LINE
  5
631
330
1A
100
AcDbEntity
  8
BLACK
  6
CONTINUOUS
100
AcDbLine
 10
1.4715673622047243
 20
1.0326623228346457
 30
0
 11
1.4720034251968503
 21
1.0317901181102362
 31
0
  0
LINE
  5
632
330
1A
100
AcDbEntity
  8
BLACK
  6
CONTINUOUS
100
AcDbLine
 10
1.4720034251968503
 20
1.0317901181102362
 30
0
 11
1.472875748031496
 21
1.0313539763779527
 31
0
  0
LINE
  5
633
330
1A
100
AcDbEntity
  8
BLACK
  6
CONTINUOUS
100
AcDbLine
 10
1.472875748031496
 20
1.0313539763779527
 30
0
 11
1.4742857874015747
 21
1.0313539763779527
 31
0
  0
LINE
  5
634
330
1A
100
AcDbEntity
  8
BLACK
  6
CONTINUOUS
100
AcDbLine
 10
1.4742857874015747
 20
1.0313539763779527
 30
0
 11
1.475039094488189
 21
1.0312041338582676
 31
0
  0
LINE
  5
635
330
1A
100
AcDbEntity
  8
BLACK
  6
CONTINUOUS
100
AcDbLine
 10
1.475039094488189
 20
1.0312041338582676
 30
0
 11
1.4761044488188977
 21
1.0301387795275589
 31
0
  0
LINE
  5
636
330
1A
100
AcDbEntity
  8
BLACK
  6
CONTINUOUS
100
AcDbLine
 10
1.4761044488188977
 20
1.0301387795275589
 30
0
 11
1.4761044488188977
 21
1.0286321653543307
 31
0
  0
LINE
  5
637
330
1A
100
AcDbEntity
  8
BLACK
  6
CONTINUOUS
100
AcDbLine
 10
1.4761044488188977
 20
1.0286321653543307
 30
0
 11
1.475039094488189
 21
1.027566811023622
 31
0
  0
LINE
  5
638
330
1A
100
AcDbEntity
  8
BLACK
  6
CONTINUOUS
100
AcDbLine
 10
1.475039094488189
 20
1.027566811023622
 30
0
 11
1.4742857874015747
 21
1.0274169685039369
 31
0
  0
LINE
  5
639
330
1A
100
AcDbEntity
  8
BLACK
  6
CONTINUOUS
100
AcDbLine
 10
1.4742857874015747
 20
1.0274169685039369
 30
0
 11
1.4724110236220471
 21
1.0274169685039369
 31
0
  0
LINE
  5
63A
330
1A
100
AcDbEntity
  8
BLACK
  6
CONTINUOUS
100
AcDbLine
 10
1.4724110236220471
 20
1.0274169685039369
 30
0
 11
1.4723142913385827
 21
1.027436220472441
 31
0
  0
LINE
  5
63B
330
1A
100
AcDbEntity
  8
BLACK
  6
CONTINUOUS
100
AcDbLine
 10
1.4723142913385827
 20
1.027436220472441
 30
0
 11
1.4722714566929134
 21
1.0274219291338582
 31
0
  0
LINE
  5
63C
330
1A
100
AcDbEntity
  8
BLACK
  6
CONTINUOUS
100
AcDbLine
 10
1.4722714566929134
 20
1.0274219291338582
 30
0
 11
1.4719672047244095
 21
1.0275052755905512
 31
0
  0
LINE
  5
63D
330
1A
100
AcDbEntity
  8
BLACK
  6
CONTINUOUS
100
AcDbLine
 10
1.4719672047244095
 20
1.0275052755905512
 30
0
 11
1.471657716535433
 21
1.027566811023622
 31
0
  0
LINE
  5
63E
330
1A
100
AcDbEntity
  8
BLACK
  6
CONTINUOUS
100
AcDbLine
 10
1.471657716535433
 20
1.027566811023622
 30
0
 11
1.471625748031496
 21
1.027598779527559
 31
0
  0
LINE
  5
63F
330
1A
100
AcDbEntity
  8
BLACK
  6
CONTINUOUS
100
AcDbLine
 10
1.471625748031496
 20
1.027598779527559
 30
0
 11
1.4715306692913386
 21
1.0276248031496062
 31
0
  0
LINE
  5
640
330
1A
100
AcDbEntity
  8
BLACK
  6
CONTINUOUS
100
AcDbLine
 10
1.4715306692913386
 20
1.0276248031496062
 30
0
 11
1.4696559448818898
 21
1.0285621259842519
 31
0
  0
LINE
  5
641
330
1A
100
AcDbEntity
  8
BLACK
  6
CONTINUOUS
100
AcDbLine
 10
1.4696559448818898
 20
1.0285621259842519
 30
0
 11
1.4693462598425195
 21
1.0288024803149607
 31
0
  0
LINE
  5
642
330
1A
100
AcDbEntity
  8
BLACK
  6
CONTINUOUS
100
AcDbLine
 10
1.4693462598425195
 20
1.0288024803149607
 30
0
 11
1.4692464960629921
 21
1.0288357086614173
 31
0
  0
LINE
  5
643
330
1A
100
AcDbEntity
  8
BLACK
  6
CONTINUOUS
100
AcDbLine
 10
1.4692464960629921
 20
1.0288357086614173
 30
0
 11
1.4691602362204723
 21
1.028946811023622
 31
0
  0
LINE
  5
644
330
1A
100
AcDbEntity
  8
BLACK
  6
CONTINUOUS
100
AcDbLine
 10
1.4691602362204723
 20
1.028946811023622
 30
0
 11
1.4690491732283464
 21
1.029033031496063
 31
0
  0
LINE
  5
645
330
1A
100
AcDbEntity
  8
BLACK
  6
CONTINUOUS
100
AcDbLine
 10
1.4690491732283464
 20
1.029033031496063
 30
0
 11
1.469015905511811
 21
1.0291328346456692
 31
0
  0
LINE
  5
646
330
1A
100
AcDbEntity
  8
BLACK
  6
CONTINUOUS
100
AcDbLine
 10
1.469015905511811
 20
1.0291328346456692
 30
0
 11
1.468775590551181
 21
1.0294424803149607
 31
0
  0
LINE
  5
647
330
1A
100
AcDbEntity
  8
BLACK
  6
CONTINUOUS
100
AcDbLine
 10
1.468775590551181
 20
1.0294424803149607
 30
0
 11
1.4678381889763779
 21
1.031317283464567
 31
0
  0
LINE
  5
648
330
1A
100
AcDbEntity
  8
BLACK
  6
CONTINUOUS
100
AcDbLine
 10
1.4678381889763779
 20
1.031317283464567
 30
0
 11
1.467812125984252
 21
1.0314124015748032
 31
0
  0
LINE
  5
649
330
1A
100
AcDbEntity
  8
BLACK
  6
CONTINUOUS
100
AcDbLine
 10
1.467812125984252
 20
1.0314124015748032
 30
0
 11
1.4677801968503936
 21
1.0314443307086614
 31
0
  0
LINE
  5
64A
330
1A
100
AcDbEntity
  8
BLACK
  6
CONTINUOUS
100
AcDbLine
 10
1.4677801968503936
 20
1.0314443307086614
 30
0
 11
1.467718622047244
 21
1.0317538582677166
 31
0
  0
LINE
  5
64B
330
1A
100
AcDbEntity
  8
BLACK
  6
CONTINUOUS
100
AcDbLine
 10
1.467718622047244
 20
1.0317538582677166
 30
0
 11
1.4676353149606298
 21
1.0320580708661418
 31
0
  0
LINE
  5
64C
330
1A
100
AcDbEntity
  8
BLACK
  6
CONTINUOUS
100
AcDbLine
 10
1.4676353149606298
 20
1.0320580708661418
 30
0
 11
1.4676495669291338
 21
1.0321009448818896
 31
0
  0
LINE
  5
64D
330
1A
100
AcDbEntity
  8
BLACK
  6
CONTINUOUS
100
AcDbLine
 10
1.4676495669291338
 20
1.0321009448818896
 30
0
 11
1.4676303543307085
 21
1.0321976377952755
 31
0
  0
LINE
  5
64E
330
1A
100
AcDbEntity
  8
BLACK
  6
CONTINUOUS
100
AcDbLine
 10
1.4676303543307085
 20
1.0321976377952755
 30
0
 11
1.4676303543307085
 21
1.0344488188976377
 31
0
  0
LINE
  5
64F
330
1A
100
AcDbEntity
  8
BLACK
  6
CONTINUOUS
100
AcDbLine
 10
1.4676303543307085
 20
1.0344488188976377
 30
0
 11
1.4627063385826771
 21
1.0344488188976377
 31
0
  0
LINE
  5
650
330
1A
100
AcDbEntity
  8
BLACK
  6
CONTINUOUS
100
AcDbLine
 10
1.4627063385826771
 20
1.0344488188976377
 30
0
 11
1.4629230708661416
 21
1.0340153543307087
 31
0
  0
LINE
  5
651
330
1A
100
AcDbEntity
  8
BLACK
  6
CONTINUOUS
100
AcDbLine
 10
1.4629230708661416
 20
1.0340153543307087
 30
0
 11
1.4629490944881889
 21
1.0339202755905512
 31
0
  0
LINE
  5
652
330
1A
100
AcDbEntity
  8
BLACK
  6
CONTINUOUS
100
AcDbLine
 10
1.4629490944881889
 20
1.0339202755905512
 30
0
 11
1.462981062992126
 21
1.0338883070866141
 31
0
  0
LINE
  5
653
330
1A
100
AcDbEntity
  8
BLACK
  6
CONTINUOUS
100
AcDbLine
 10
1.462981062992126
 20
1.0338883070866141
 30
0
 11
1.4630425984251969
 21
1.0335788188976378
 31
0
  0
LINE
  5
654
330
1A
100
AcDbEntity
  8
BLACK
  6
CONTINUOUS
100
AcDbLine
 10
1.4630425984251969
 20
1.0335788188976378
 30
0
 11
1.4631259448818896
 21
1.0332745669291339
 31
0
  0
LINE
  5
655
330
1A
100
AcDbEntity
  8
BLACK
  6
CONTINUOUS
100
AcDbLine
 10
1.4631259448818896
 20
1.0332745669291339
 30
0
 11
1.4631116535433071
 21
1.0332317322834645
 31
0
  0
LINE
  5
656
330
1A
100
AcDbEntity
  8
BLACK
  6
CONTINUOUS
100
AcDbLine
 10
1.4631116535433071
 20
1.0332317322834645
 30
0
 11
1.4631309055118109
 21
1.0331349999999999
 31
0
  0
LINE
  5
657
330
1A
100
AcDbEntity
  8
BLACK
  6
CONTINUOUS
100
AcDbLine
 10
1.4631309055118109
 20
1.0331349999999999
 30
0
 11
1.4631309055118109
 21
1.0321976377952755
 31
0
  0
LINE
  5
658
330
1A
100
AcDbEntity
  8
BLACK
  6
CONTINUOUS
100
AcDbLine
 10
1.4631309055118109
 20
1.0321976377952755
 30
0
 11
1.4631116535433071
 21
1.0321009448818896
 31
0
  0
LINE
  5
659
330
1A
100
AcDbEntity
  8
BLACK
  6
CONTINUOUS
100
AcDbLine
 10
1.4631116535433071
 20
1.0321009448818896
 30
0
 11
1.4631259448818896
 21
1.0320581102362205
 31
0
  0
LINE
  5
65A
330
1A
100
AcDbEntity
  8
BLACK
  6
CONTINUOUS
100
AcDbLine
 10
1.4631259448818896
 20
1.0320581102362205
 30
0
 11
1.4630425984251969
 21
1.0317538188976378
 31
0
  0
LINE
  5
65B
330
1A
100
AcDbEntity
  8
BLACK
  6
CONTINUOUS
100
AcDbLine
 10
1.4630425984251969
 20
1.0317538188976378
 30
0
 11
1.462981062992126
 21
1.0314443307086614
 31
0
  0
LINE
  5
65C
330
1A
100
AcDbEntity
  8
BLACK
  6
CONTINUOUS
100
AcDbLine
 10
1.462981062992126
 20
1.0314443307086614
 30
0
 11
1.4629491338582676
 21
1.0314124409448819
 31
0
  0
LINE
  5
65D
330
1A
100
AcDbEntity
  8
BLACK
  6
CONTINUOUS
100
AcDbLine
 10
1.4629491338582676
 20
1.0314124409448819
 30
0
 11
1.4629231102362203
 21
1.0313173228346457
 31
0
  0
LINE
  5
65E
330
1A
100
AcDbEntity
  8
BLACK
  6
CONTINUOUS
100
AcDbLine
 10
1.4629231102362203
 20
1.0313173228346457
 30
0
 11
1.4619857480314959
 21
1.0294425196850394
 31
0
  0
LINE
  5
65F
330
1A
100
AcDbEntity
  8
BLACK
  6
CONTINUOUS
100
AcDbLine
 10
1.4619857480314959
 20
1.0294425196850394
 30
0
 11
1.4617453543307086
 21
1.0291328346456692
 31
0
  0
LINE
  5
660
330
1A
100
AcDbEntity
  8
BLACK
  6
CONTINUOUS
100
AcDbLine
 10
1.4617453543307086
 20
1.0291328346456692
 30
0
 11
1.461712125984252
 21
1.029033031496063
 31
0
  0
LINE
  5
661
330
1A
100
AcDbEntity
  8
BLACK
  6
CONTINUOUS
100
AcDbLine
 10
1.461712125984252
 20
1.029033031496063
 30
0
 11
1.4616010236220471
 21
1.0289468503937007
 31
0
  0
LINE
  5
662
330
1A
100
AcDbEntity
  8
BLACK
  6
CONTINUOUS
100
AcDbLine
 10
1.4616010236220471
 20
1.0289468503937007
 30
0
 11
1.4615148425196851
 21
1.028835748031496
 31
0
  0
LINE
  5
663
330
1A
100
AcDbEntity
  8
BLACK
  6
CONTINUOUS
100
AcDbLine
 10
1.4615148425196851
 20
1.028835748031496
 30
0
 11
1.4614150393700787
 21
1.0288025196850394
 31
0
  0
LINE
  5
664
330
1A
100
AcDbEntity
  8
BLACK
  6
CONTINUOUS
100
AcDbLine
 10
1.4614150393700787
 20
1.0288025196850394
 30
0
 11
1.4611053543307086
 21
1.0285621259842519
 31
0
  0
LINE
  5
665
330
1A
100
AcDbEntity
  8
BLACK
  6
CONTINUOUS
100
AcDbLine
 10
1.4611053543307086
 20
1.0285621259842519
 30
0
 11
1.4592305905511811
 21
1.0276247637795275
 31
0
  0
LINE
  5
666
330
1A
100
AcDbEntity
  8
BLACK
  6
CONTINUOUS
100
AcDbLine
 10
1.4592305905511811
 20
1.0276247637795275
 30
0
 11
1.4591354724409449
 21
1.0275987401574802
 31
0
  0
LINE
  5
667
330
1A
100
AcDbEntity
  8
BLACK
  6
CONTINUOUS
100
AcDbLine
 10
1.4591354724409449
 20
1.0275987401574802
 30
0
 11
1.4591035826771652
 21
1.027566811023622
 31
0
  0
LINE
  5
668
330
1A
100
AcDbEntity
  8
BLACK
  6
CONTINUOUS
100
AcDbLine
 10
1.4591035826771652
 20
1.027566811023622
 30
0
 11
1.458794094488189
 21
1.0275052755905512
 31
0
  0
LINE
  5
669
330
1A
100
AcDbEntity
  8
BLACK
  6
CONTINUOUS
100
AcDbLine
 10
1.458794094488189
 20
1.0275052755905512
 30
0
 11
1.4584898031496063
 21
1.0274219291338582
 31
0
  0
LINE
  5
66A
330
1A
100
AcDbEntity
  8
BLACK
  6
CONTINUOUS
100
AcDbLine
 10
1.4584898031496063
 20
1.0274219291338582
 30
0
 11
1.458446968503937
 21
1.027436220472441
 31
0
  0
LINE
  5
66B
330
1A
100
AcDbEntity
  8
BLACK
  6
CONTINUOUS
100
AcDbLine
 10
1.458446968503937
 20
1.027436220472441
 30
0
 11
1.4583502755905511
 21
1.0274169685039369
 31
0
  0
LINE
  5
66C
330
1A
100
AcDbEntity
  8
BLACK
  6
CONTINUOUS
100
AcDbLine
 10
1.4583502755905511
 20
1.0274169685039369
 30
0
 11
1.454600748031496
 21
1.0274169685039369
 31
0
  0
LINE
  5
66D
330
1A
100
AcDbEntity
  8
BLACK
  6
CONTINUOUS
100
AcDbLine
 10
1.454600748031496
 20
1.0274169685039369
 30
0
 11
1.4545040157480316
 21
1.027436220472441
 31
0
  0
LINE
  5
66E
330
1A
100
AcDbEntity
  8
BLACK
  6
CONTINUOUS
100
AcDbLine
 10
1.4545040157480316
 20
1.027436220472441
 30
0
 11
1.4544611811023622
 21
1.0274219291338582
 31
0
  0
LINE
  5
66F
330
1A
100
AcDbEntity
  8
BLACK
  6
CONTINUOUS
100
AcDbLine
 10
1.4544611811023622
 20
1.0274219291338582
 30
0
 11
1.4541569291338583
 21
1.0275052755905512
 31
0
  0
LINE
  5
670
330
1A
100
AcDbEntity
  8
BLACK
  6
CONTINUOUS
100
AcDbLine
 10
1.4541569291338583
 20
1.0275052755905512
 30
0
 11
1.4538474409448818
 21
1.027566811023622
 31
0
  0
LINE
  5
671
330
1A
100
AcDbEntity
  8
BLACK
  6
CONTINUOUS
100
AcDbLine
 10
1.4538474409448818
 20
1.027566811023622
 30
0
 11
1.4538154724409449
 21
1.027598779527559
 31
0
  0
LINE
  5
672
330
1A
100
AcDbEntity
  8
BLACK
  6
CONTINUOUS
100
AcDbLine
 10
1.4538154724409449
 20
1.027598779527559
 30
0
 11
1.4537203937007874
 21
1.0276248031496062
 31
0
  0
LINE
  5
673
330
1A
100
AcDbEntity
  8
BLACK
  6
CONTINUOUS
100
AcDbLine
 10
1.4537203937007874
 20
1.0276248031496062
 30
0
 11
1.4518456692913386
 21
1.0285621259842519
 31
0
  0
LINE
  5
674
330
1A
100
AcDbEntity
  8
BLACK
  6
CONTINUOUS
100
AcDbLine
 10
1.4518456692913386
 20
1.0285621259842519
 30
0
 11
1.4512388976377952
 21
1.029033031496063
 31
0
  0
LINE
  5
675
330
1A
100
AcDbEntity
  8
BLACK
  6
CONTINUOUS
100
AcDbLine
 10
1.4512388976377952
 20
1.029033031496063
 30
0
 11
1.4507624409448818
 21
1.0304623622047244
 31
0
  0
LINE
  5
676
330
1A
100
AcDbEntity
  8
BLACK
  6
CONTINUOUS
100
AcDbLine
 10
1.4507624409448818
 20
1.0304623622047244
 30
0
 11
1.4514361811023622
 21
1.0318099212598424
 31
0
  0
LINE
  5
677
330
1A
100
AcDbEntity
  8
BLACK
  6
CONTINUOUS
100
AcDbLine
 10
1.4514361811023622
 20
1.0318099212598424
 30
0
 11
1.4528655118110236
 21
1.0322863779527558
 31
0
  0
LINE
  5
678
330
1A
100
AcDbEntity
  8
BLACK
  6
CONTINUOUS
100
AcDbLine
 10
1.4528655118110236
 20
1.0322863779527558
 30
0
 11
1.4536062992125984
 21
1.0320835433070865
 31
0
  0
LINE
  5
679
330
1A
100
AcDbEntity
  8
BLACK
  6
CONTINUOUS
100
AcDbLine
 10
1.4536062992125984
 20
1.0320835433070865
 30
0
 11
1.4550654724409449
 21
1.0313539763779527
 31
0
  0
LINE
  5
67A
330
1A
100
AcDbEntity
  8
BLACK
  6
CONTINUOUS
100
AcDbLine
 10
1.4550654724409449
 20
1.0313539763779527
 30
0
 11
1.4578855511811024
 21
1.0313539763779527
 31
0
  0
LINE
  5
67B
330
1A
100
AcDbEntity
  8
BLACK
  6
CONTINUOUS
100
AcDbLine
 10
1.4578855511811024
 20
1.0313539763779527
 30
0
 11
1.4587577559055118
 21
1.0317900787401575
 31
0
  0
LINE
  5
67C
330
1A
100
AcDbEntity
  8
BLACK
  6
CONTINUOUS
100
AcDbLine
 10
1.4587577559055118
 20
1.0317900787401575
 30
0
 11
1.4591938976377952
 21
1.0326623622047244
 31
0
  0
LINE
  5
67D
330
1A
100
AcDbEntity
  8
BLACK
  6
CONTINUOUS
100
AcDbLine
 10
1.4591938976377952
 20
1.0326623622047244
 30
0
 11
1.4591938976377952
 21
1.03267031496063
 31
0
  0
LINE
  5
67E
330
1A
100
AcDbEntity
  8
BLACK
  6
CONTINUOUS
100
AcDbLine
 10
1.4591938976377952
 20
1.03267031496063
 30
0
 11
1.4587577559055118
 21
1.0335425590551182
 31
0
  0
LINE
  5
67F
330
1A
100
AcDbEntity
  8
BLACK
  6
CONTINUOUS
100
AcDbLine
 10
1.4587577559055118
 20
1.0335425590551182
 30
0
 11
1.4578855905511812
 21
1.0339786614173228
 31
0
  0
LINE
  5
680
330
1A
100
AcDbEntity
  8
BLACK
  6
CONTINUOUS
100
AcDbLine
 10
1.4578855905511812
 20
1.0339786614173228
 30
0
 11
1.4555381102362204
 21
1.0339786614173228
 31
0
  0
LINE
  5
681
330
1A
100
AcDbEntity
  8
BLACK
  6
CONTINUOUS
100
AcDbLine
 10
1.4555381102362204
 20
1.0339786614173228
 30
0
 11
1.455441377952756
 21
1.0339979133858268
 31
0
  0
LINE
  5
682
330
1A
100
AcDbEntity
  8
BLACK
  6
CONTINUOUS
100
AcDbLine
 10
1.455441377952756
 20
1.0339979133858268
 30
0
 11
1.4553985433070866
 21
1.033983622047244
 31
0
  0
LINE
  5
683
330
1A
100
AcDbEntity
  8
BLACK
  6
CONTINUOUS
100
AcDbLine
 10
1.4553985433070866
 20
1.033983622047244
 30
0
 11
1.4550942913385827
 21
1.034066968503937
 31
0
  0
LINE
  5
684
330
1A
100
AcDbEntity
  8
BLACK
  6
CONTINUOUS
100
AcDbLine
 10
1.4550942913385827
 20
1.034066968503937
 30
0
 11
1.4547848031496062
 21
1.0341285039370078
 31
0
  0
LINE
  5
685
330
1A
100
AcDbEntity
  8
BLACK
  6
CONTINUOUS
100
AcDbLine
 10
1.4547848031496062
 20
1.0341285039370078
 30
0
 11
1.4547528346456693
 21
1.0341604724409448
 31
0
  0
LINE
  5
686
330
1A
100
AcDbEntity
  8
BLACK
  6
CONTINUOUS
100
AcDbLine
 10
1.4547528346456693
 20
1.0341604724409448
 30
0
 11
1.4546577559055118
 21
1.0341864960629921
 31
0
  0
LINE
  5
687
330
1A
100
AcDbEntity
  8
BLACK
  6
CONTINUOUS
100
AcDbLine
 10
1.4546577559055118
 20
1.0341864960629921
 30
0
 11
1.4541330708661417
 21
1.0344488188976377
 31
0
  0
LINE
  5
688
330
1A
100
AcDbEntity
  8
BLACK
  6
CONTINUOUS
100
AcDbLine
 10
1.4541330708661417
 20
1.0344488188976377
 30
0
 11
1.4321973228346456
 21
1.0344488188976377
 31
0
  0
LINE
  5
689
330
1A
100
AcDbEntity
  8
BLACK
  6
CONTINUOUS
100
AcDbLine
 10
1.4321973228346456
 20
1.0344488188976377
 30
0
 11
1.4321973228346456
 21
1.0331349999999999
 31
0
  0
LINE
  5
68A
330
1A
100
AcDbEntity
  8
BLACK
  6
CONTINUOUS
100
AcDbLine
 10
1.4321973228346456
 20
1.0331349999999999
 30
0
 11
1.4321780708661418
 21
1.0330383070866143
 31
0
  0
LINE
  5
68B
330
1A
100
AcDbEntity
  8
BLACK
  6
CONTINUOUS
100
AcDbLine
 10
1.4321780708661418
 20
1.0330383070866143
 30
0
 11
1.4321923622047243
 21
1.0329954330708662
 31
0
  0
LINE
  5
68C
330
1A
100
AcDbEntity
  8
BLACK
  6
CONTINUOUS
100
AcDbLine
 10
1.4321923622047243
 20
1.0329954330708662
 30
0
 11
1.4321090157480314
 21
1.032691220472441
 31
0
  0
LINE
  5
68D
330
1A
100
AcDbEntity
  8
BLACK
  6
CONTINUOUS
100
AcDbLine
 10
1.4321090157480314
 20
1.032691220472441
 30
0
 11
1.4320474803149605
 21
1.0323816929133858
 31
0
  0
LINE
  5
68E
330
1A
100
AcDbEntity
  8
BLACK
  6
CONTINUOUS
100
AcDbLine
 10
1.4320474803149605
 20
1.0323816929133858
 30
0
 11
1.4320155118110236
 21
1.0323497637795276
 31
0
  0
LINE
  5
68F
330
1A
100
AcDbEntity
  8
BLACK
  6
CONTINUOUS
100
AcDbLine
 10
1.4320155118110236
 20
1.0323497637795276
 30
0
 11
1.4319894881889763
 21
1.0322546456692914
 31
0
  0
LINE
  5
690
330
1A
100
AcDbEntity
  8
BLACK
  6
CONTINUOUS
100
AcDbLine
 10
1.4319894881889763
 20
1.0322546456692914
 30
0
 11
1.4310520866141732
 21
1.0303798818897638
 31
0
  0
LINE
  5
691
330
1A
100
AcDbEntity
  8
BLACK
  6
CONTINUOUS
100
AcDbLine
 10
1.4310520866141732
 20
1.0303798818897638
 30
0
 11
1.4308585039370079
 21
1.0301305118110236
 31
0
  0
LINE
  5
692
330
1A
100
AcDbEntity
  8
BLACK
  6
CONTINUOUS
100
AcDbLine
 10
1.4308585039370079
 20
1.0301305118110236
 30
0
 11
1.4306833858267716
 21
1.0298683464566929
 31
0
  0
LINE
  5
693
330
1A
100
AcDbEntity
  8
BLACK
  6
CONTINUOUS
100
AcDbLine
 10
1.4306833858267716
 20
1.0298683464566929
 30
0
 11
1.4297460236220472
 21
1.028930905511811
 31
0
  0
LINE
  5
694
330
1A
100
AcDbEntity
  8
BLACK
  6
CONTINUOUS
100
AcDbLine
 10
1.4297460236220472
 20
1.028930905511811
 30
0
 11
1.4294837401574803
 21
1.0287557086614172
 31
0
  0
LINE
  5
695
330
1A
100
AcDbEntity
  8
BLACK
  6
CONTINUOUS
100
AcDbLine
 10
1.4294837401574803
 20
1.0287557086614172
 30
0
 11
1.4292343700787402
 21
1.0285621259842519
 31
0
  0
LINE
  5
696
330
1A
100
AcDbEntity
  8
BLACK
  6
CONTINUOUS
100
AcDbLine
 10
1.4292343700787402
 20
1.0285621259842519
 30
0
 11
1.4273596062992127
 21
1.0276247637795275
 31
0
  0
LINE
  5
697
330
1A
100
AcDbEntity
  8
BLACK
  6
CONTINUOUS
100
AcDbLine
 10
1.4273596062992127
 20
1.0276247637795275
 30
0
 11
1.4272644881889764
 21
1.0275987401574802
 31
0
  0
LINE
  5
698
330
1A
100
AcDbEntity
  8
BLACK
  6
CONTINUOUS
100
AcDbLine
 10
1.4272644881889764
 20
1.0275987401574802
 30
0
 11
1.4272325984251968
 21
1.027566811023622
 31
0
  0
LINE
  5
699
330
1A
100
AcDbEntity
  8
BLACK
  6
CONTINUOUS
100
AcDbLine
 10
1.4272325984251968
 20
1.027566811023622
 30
0
 11
1.4269231102362205
 21
1.0275052755905512
 31
0
  0
LINE
  5
69A
330
1A
100
AcDbEntity
  8
BLACK
  6
CONTINUOUS
100
AcDbLine
 10
1.4269231102362205
 20
1.0275052755905512
 30
0
 11
1.4266188188976379
 21
1.0274219291338582
 31
0
  0
LINE
  5
69B
330
1A
100
AcDbEntity
  8
BLACK
  6
CONTINUOUS
100
AcDbLine
 10
1.4266188188976379
 20
1.0274219291338582
 30
0
 11
1.4265759842519685
 21
1.027436220472441
 31
0
  0
LINE
  5
69C
330
1A
100
AcDbEntity
  8
BLACK
  6
CONTINUOUS
100
AcDbLine
 10
1.4265759842519685
 20
1.027436220472441
 30
0
 11
1.4264792913385826
 21
1.0274169685039369
 31
0
  0
LINE
  5
69D
330
1A
100
AcDbEntity
  8
BLACK
  6
CONTINUOUS
100
AcDbLine
 10
1.4264792913385826
 20
1.0274169685039369
 30
0
 11
1.420855
 21
1.0274169685039369
 31
0
  0
LINE
  5
69E
330
1A
100
AcDbEntity
  8
BLACK
  6
CONTINUOUS
100
AcDbLine
 10
1.420855
 20
1.0274169685039369
 30
0
 11
1.4207582677165354
 21
1.027436220472441
 31
0
  0
LINE
  5
69F
330
1A
100
AcDbEntity
  8
BLACK
  6
CONTINUOUS
100
AcDbLine
 10
1.4207582677165354
 20
1.027436220472441
 30
0
 11
1.420715433070866
 21
1.0274219291338582
 31
0
  0
LINE
  5
6A0
330
1A
100
AcDbEntity
  8
BLACK
  6
CONTINUOUS
100
AcDbLine
 10
1.420715433070866
 20
1.0274219291338582
 30
0
 11
1.4204111811023621
 21
1.0275052755905512
 31
0
  0
LINE
  5
6A1
330
1A
100
AcDbEntity
  8
BLACK
  6
CONTINUOUS
100
AcDbLine
 10
1.4204111811023621
 20
1.0275052755905512
 30
0
 11
1.4201016929133858
 21
1.027566811023622
 31
0
  0
LINE
  5
6A2
330
1A
100
AcDbEntity
  8
BLACK
  6
CONTINUOUS
100
AcDbLine
 10
1.4201016929133858
 20
1.027566811023622
 30
0
 11
1.4200697244094489
 21
1.027598779527559
 31
0
  0
LINE
  5
6A3
330
1A
100
AcDbEntity
  8
BLACK
  6
CONTINUOUS
100
AcDbLine
 10
1.4200697244094489
 20
1.027598779527559
 30
0
 11
1.4199746456692912
 21
1.0276248031496062
 31
0
  0
LINE
  5
6A4
330
1A
100
AcDbEntity
  8
BLACK
  6
CONTINUOUS
100
AcDbLine
 10
1.4199746456692912
 20
1.0276248031496062
 30
0
 11
1.4180999212598424
 21
1.0285621259842519
 31
0
  0
LINE
  5
6A5
330
1A
100
AcDbEntity
  8
BLACK
  6
CONTINUOUS
100
AcDbLine
 10
1.4180999212598424
 20
1.0285621259842519
 30
0
 11
1.4178506299212599
 21
1.0287555905511812
 31
0
  0
LINE
  5
6A6
330
1A
100
AcDbEntity
  8
BLACK
  6
CONTINUOUS
100
AcDbLine
 10
1.4178506299212599
 20
1.0287555905511812
 30
0
 11
1.4175882677165355
 21
1.028930905511811
 31
0
  0
LINE
  5
6A7
330
1A
100
AcDbEntity
  8
BLACK
  6
CONTINUOUS
100
AcDbLine
 10
1.4175882677165355
 20
1.028930905511811
 30
0
 11
1.4166509055118111
 21
1.0298683070866141
 31
0
  0
LINE
  5
6A8
330
1A
100
AcDbEntity
  8
BLACK
  6
CONTINUOUS
100
AcDbLine
 10
1.4166509055118111
 20
1.0298683070866141
 30
0
 11
1.4162241732283465
 21
1.0305069291338582
 31
0
  0
LINE
  5
6A9
330
1A
100
AcDbEntity
  8
BLACK
  6
CONTINUOUS
100
AcDbLine
 10
1.4162241732283465
 20
1.0305069291338582
 30
0
 11
1.4162241732283465
 21
1.0320135433070865
 31
0
  0
LINE
  5
6AA
330
1A
100
AcDbEntity
  8
BLACK
  6
CONTINUOUS
100
AcDbLine
 10
1.4162241732283465
 20
1.0320135433070865
 30
0
 11
1.4172895275590551
 21
1.0330788976377951
 31
0
  0
LINE
  5
6AB
330
1A
100
AcDbEntity
  8
BLACK
  6
CONTINUOUS
100
AcDbLine
 10
1.4172895275590551
 20
1.0330788976377951
 30
0
 11
1.4187961417322834
 21
1.0330788976377951
 31
0
  0
LINE
  5
6AC
330
1A
100
AcDbEntity
  8
BLACK
  6
CONTINUOUS
100
AcDbLine
 10
1.4187961417322834
 20
1.0330788976377951
 30
0
 11
1.4194347637795275
 21
1.0326521653543306
 31
0
  0
LINE
  5
6AD
330
1A
100
AcDbEntity
  8
BLACK
  6
CONTINUOUS
100
AcDbLine
 10
1.4194347637795275
 20
1.0326521653543306
 30
0
 11
1.4201462598425196
 21
1.0319407086614174
 31
0
  0
LINE
  5
6AE
330
1A
100
AcDbEntity
  8
BLACK
  6
CONTINUOUS
100
AcDbLine
 10
1.4201462598425196
 20
1.0319407086614174
 30
0
 11
1.4213197244094489
 21
1.0313539763779527
 31
0
  0
LINE
  5
6AF
330
1A
100
AcDbEntity
  8
BLACK
  6
CONTINUOUS
100
AcDbLine
 10
1.4213197244094489
 20
1.0313539763779527
 30
0
 11
1.4260145669291338
 21
1.0313539763779527
 31
0
  0
LINE
  5
6B0
330
1A
100
AcDbEntity
  8
BLACK
  6
CONTINUOUS
100
AcDbLine
 10
1.4260145669291338
 20
1.0313539763779527
 30
0
 11
1.4271879133858267
 21
1.0319406692913387
 31
0
  0
LINE
  5
6B1
330
1A
100
AcDbEntity
  8
BLACK
  6
CONTINUOUS
100
AcDbLine
 10
1.4271879133858267
 20
1.0319406692913387
 30
0
 11
1.4276735826771654
 21
1.0324263385826771
 31
0
  0
LINE
  5
6B2
330
1A
100
AcDbEntity
  8
BLACK
  6
CONTINUOUS
100
AcDbLine
 10
1.4276735826771654
 20
1.0324263385826771
 30
0
 11
1.4282603149606299
 21
1.0335997244094488
 31
0
  0
LINE
  5
6B3
330
1A
100
AcDbEntity
  8
BLACK
  6
CONTINUOUS
100
AcDbLine
 10
1.4282603149606299
 20
1.0335997244094488
 30
0
 11
1.4282603149606299
 21
1.0344488188976377
 31
0
  0
LINE
  5
6B4
330
1A
100
AcDbEntity
  8
BLACK
  6
CONTINUOUS
100
AcDbLine
 10
1.4282603149606299
 20
1.0344488188976377
 30
0
 11
1.4022451968503937
 21
1.0344488188976377
 31
0
  0
LINE
  5
6B5
330
1A
100
AcDbEntity
  8
BLACK
  6
CONTINUOUS
100
AcDbLine
 10
1.4022451968503937
 20
1.0344488188976377
 30
0
 11
1.402787716535433
 21
1.0333637401574802
 31
0
  0
LINE
  5
6B6
330
1A
100
AcDbEntity
  8
BLACK
  6
CONTINUOUS
100
AcDbLine
 10
1.402787716535433
 20
1.0333637401574802
 30
0
 11
1.4041081102362205
 21
1.0320433858267717
 31
0
  0
LINE
  5
6B7
330
1A
100
AcDbEntity
  8
BLACK
  6
CONTINUOUS
100
AcDbLine
 10
1.4041081102362205
 20
1.0320433858267717
 30
0
 11
1.4061762992125983
 21
1.0313539763779527
 31
0
  0
LINE
  5
6B8
330
1A
100
AcDbEntity
  8
BLACK
  6
CONTINUOUS
100
AcDbLine
 10
1.4061762992125983
 20
1.0313539763779527
 30
0
 11
1.4074122047244093
 21
1.0313539763779527
 31
0
  0
LINE
  5
6B9
330
1A
100
AcDbEntity
  8
BLACK
  6
CONTINUOUS
100
AcDbLine
 10
1.4074122047244093
 20
1.0313539763779527
 30
0
 11
1.4094803543307086
 21
1.0320433464566929
 31
0
  0
LINE
  5
6BA
330
1A
100
AcDbEntity
  8
BLACK
  6
CONTINUOUS
100
AcDbLine
 10
1.4094803543307086
 20
1.0320433464566929
 30
0
 11
1.4100891732283465
 21
1.0326521653543306
 31
0
  0
LINE
  5
6BB
330
1A
100
AcDbEntity
  8
BLACK
  6
CONTINUOUS
100
AcDbLine
 10
1.4100891732283465
 20
1.0326521653543306
 30
0
 11
1.4107277952755906
 21
1.0330788976377951
 31
0
  0
LINE
  5
6BC
330
1A
100
AcDbEntity
  8
BLACK
  6
CONTINUOUS
100
AcDbLine
 10
1.4107277952755906
 20
1.0330788976377951
 30
0
 11
1.4122344488188976
 21
1.0330788976377951
 31
0
  0
LINE
  5
6BD
330
1A
100
AcDbEntity
  8
BLACK
  6
CONTINUOUS
100
AcDbLine
 10
1.4122344488188976
 20
1.0330788976377951
 30
0
 11
1.4132998031496062
 21
1.0320135826771653
 31
0
  0
LINE
  5
6BE
330
1A
100
AcDbEntity
  8
BLACK
  6
CONTINUOUS
100
AcDbLine
 10
1.4132998031496062
 20
1.0320135826771653
 30
0
 11
1.4132998031496062
 21
1.030506968503937
 31
0
  0
LINE
  5
6BF
330
1A
100
AcDbEntity
  8
BLACK
  6
CONTINUOUS
100
AcDbLine
 10
1.4132998031496062
 20
1.030506968503937
 30
0
 11
1.4128731102362204
 21
1.0298683464566929
 31
0
  0
LINE
  5
6C0
330
1A
100
AcDbEntity
  8
BLACK
  6
CONTINUOUS
100
AcDbLine
 10
1.4128731102362204
 20
1.0298683464566929
 30
0
 11
1.411935748031496
 21
1.028930905511811
 31
0
  0
LINE
  5
6C1
330
1A
100
AcDbEntity
  8
BLACK
  6
CONTINUOUS
100
AcDbLine
 10
1.411935748031496
 20
1.028930905511811
 30
0
 11
1.4118537401574802
 21
1.0288761417322834
 31
0
  0
LINE
  5
6C2
330
1A
100
AcDbEntity
  8
BLACK
  6
CONTINUOUS
100
AcDbLine
 10
1.4118537401574802
 20
1.0288761417322834
 30
0
 11
1.4118335433070865
 21
1.0288357086614173
 31
0
  0
LINE
  5
6C3
330
1A
100
AcDbEntity
  8
BLACK
  6
CONTINUOUS
100
AcDbLine
 10
1.4118335433070865
 20
1.0288357086614173
 30
0
 11
1.4115593307086614
 21
1.0286794488188977
 31
0
  0
LINE
  5
6C4
330
1A
100
AcDbEntity
  8
BLACK
  6
CONTINUOUS
100
AcDbLine
 10
1.4115593307086614
 20
1.0286794488188977
 30
0
 11
1.4112971259842519
 21
1.0285042125984252
 31
0
  0
LINE
  5
6C5
330
1A
100
AcDbEntity
  8
BLACK
  6
CONTINUOUS
100
AcDbLine
 10
1.4112971259842519
 20
1.0285042125984252
 30
0
 11
1.4112519685039371
 21
1.0285042125984252
 31
0
  0
LINE
  5
6C6
330
1A
100
AcDbEntity
  8
BLACK
  6
CONTINUOUS
100
AcDbLine
 10
1.4112519685039371
 20
1.0285042125984252
 30
0
 11
1.4111662598425196
 21
1.0284553543307087
 31
0
  0
LINE
  5
6C7
330
1A
100
AcDbEntity
  8
BLACK
  6
CONTINUOUS
100
AcDbLine
 10
1.4111662598425196
 20
1.0284553543307087
 30
0
 11
1.4083540944881889
 21
1.0275179921259843
 31
0
  0
LINE
  5
6C8
330
1A
100
AcDbEntity
  8
BLACK
  6
CONTINUOUS
100
AcDbLine
 10
1.4083540944881889
 20
1.0275179921259843
 30
0
 11
1.4080411811023621
 21
1.0274785826771653
 31
0
  0
LINE
  5
6C9
330
1A
100
AcDbEntity
  8
BLACK
  6
CONTINUOUS
100
AcDbLine
 10
1.4080411811023621
 20
1.0274785826771653
 30
0
 11
1.4077316141732283
 21
1.0274169685039369
 31
0
  0
LINE
  5
6CA
330
1A
100
AcDbEntity
  8
BLACK
  6
CONTINUOUS
100
AcDbLine
 10
1.4077316141732283
 20
1.0274169685039369
 30
0
 11
1.4058568503937008
 21
1.0274169685039369
 31
0
  0
LINE
  5
6CB
330
1A
100
AcDbEntity
  8
BLACK
  6
CONTINUOUS
100
AcDbLine
 10
1.4058568503937008
 20
1.0274169685039369
 30
0
 11
1.4055472440944881
 21
1.0274785826771653
 31
0
  0
LINE
  5
6CC
330
1A
100
AcDbEntity
  8
BLACK
  6
CONTINUOUS
100
AcDbLine
 10
1.4055472440944881
 20
1.0274785826771653
 30
0
 11
1.4052343700787402
 21
1.0275179921259843
 31
0
  0
LINE
  5
6CD
330
1A
100
AcDbEntity
  8
BLACK
  6
CONTINUOUS
100
AcDbLine
 10
1.4052343700787402
 20
1.0275179921259843
 30
0
 11
1.4024222440944882
 21
1.0284553543307087
 31
0
  0
LINE
  5
6CE
330
1A
100
AcDbEntity
  8
BLACK
  6
CONTINUOUS
100
AcDbLine
 10
1.4024222440944882
 20
1.0284553543307087
 30
0
 11
1.4023366141732283
 21
1.0285041732283464
 31
0
  0
LINE
  5
6CF
330
1A
100
AcDbEntity
  8
BLACK
  6
CONTINUOUS
100
AcDbLine
 10
1.4023366141732283
 20
1.0285041732283464
 30
0
 11
1.4022913779527559
 21
1.0285041732283464
 31
0
  0
LINE
  5
6D0
330
1A
100
AcDbEntity
  8
BLACK
  6
CONTINUOUS
100
AcDbLine
 10
1.4022913779527559
 20
1.0285041732283464
 30
0
 11
1.4020288976377953
 21
1.0286795669291338
 31
0
  0
LINE
  5
6D1
330
1A
100
AcDbEntity
  8
BLACK
  6
CONTINUOUS
100
AcDbLine
 10
1.4020288976377953
 20
1.0286795669291338
 30
0
 11
1.4017549606299213
 21
1.0288357086614173
 31
0
  0
LINE
  5
6D2
330
1A
100
AcDbEntity
  8
BLACK
  6
CONTINUOUS
100
AcDbLine
 10
1.4017549606299213
 20
1.0288357086614173
 30
0
 11
1.4017347244094487
 21
1.0288761417322834
 31
0
  0
LINE
  5
6D3
330
1A
100
AcDbEntity
  8
BLACK
  6
CONTINUOUS
100
AcDbLine
 10
1.4017347244094487
 20
1.0288761417322834
 30
0
 11
1.4016527559055119
 21
1.028930905511811
 31
0
  0
LINE
  5
6D4
330
1A
100
AcDbEntity
  8
BLACK
  6
CONTINUOUS
100
AcDbLine
 10
1.4016527559055119
 20
1.028930905511811
 30
0
 11
1.3997779921259843
 21
1.0308057086614173
 31
0
  0
LINE
  5
6D5
330
1A
100
AcDbEntity
  8
BLACK
  6
CONTINUOUS
100
AcDbLine
 10
1.3997779921259843
 20
1.0308057086614173
 30
0
 11
1.3996026377952755
 21
1.0310681496062992
 31
0
  0
LINE
  5
6D6
330
1A
100
AcDbEntity
  8
BLACK
  6
CONTINUOUS
100
AcDbLine
 10
1.3996026377952755
 20
1.0310681496062992
 30
0
 11
1.3994092913385827
 21
1.031317283464567
 31
0
  0
LINE
  5
6D7
330
1A
100
AcDbEntity
  8
BLACK
  6
CONTINUOUS
100
AcDbLine
 10
1.3994092913385827
 20
1.031317283464567
 30
0
 11
1.3984718897637796
 21
1.0331920472440945
 31
0
  0
LINE
  5
6D8
330
1A
100
AcDbEntity
  8
BLACK
  6
CONTINUOUS
100
AcDbLine
 10
1.3984718897637796
 20
1.0331920472440945
 30
0
 11
1.3984149212598425
 21
1.0333999999999999
 31
0
  0
LINE
  5
6D9
330
1A
100
AcDbEntity
  8
BLACK
  6
CONTINUOUS
100
AcDbLine
 10
1.3984149212598425
 20
1.0333999999999999
 30
0
 11
1.3983228346456693
 21
1.0335949606299213
 31
0
  0
LINE
  5
6DA
330
1A
100
AcDbEntity
  8
BLACK
  6
CONTINUOUS
100
AcDbLine
 10
1.3983228346456693
 20
1.0335949606299213
 30
0
 11
1.3981093700787401
 21
1.0344488188976377
 31
0
  0
LINE
  5
6DB
330
1A
100
AcDbEntity
  8
BLACK
  6
CONTINUOUS
100
AcDbLine
 10
1.3981093700787401
 20
1.0344488188976377
 30
0
 11
1.382560157480315
 21
1.0344488188976377
 31
0
  0
LINE
  5
6DC
330
1A
100
AcDbEntity
  8
BLACK
  6
CONTINUOUS
100
AcDbLine
 10
1.382560157480315
 20
1.0344488188976377
 30
0
 11
1.3831026771653543
 21
1.0333637401574802
 31
0
  0
LINE
  5
6DD
330
1A
100
AcDbEntity
  8
BLACK
  6
CONTINUOUS
100
AcDbLine
 10
1.3831026771653543
 20
1.0333637401574802
 30
0
 11
1.3844230708661418
 21
1.0320433858267717
 31
0
  0
LINE
  5
6DE
330
1A
100
AcDbEntity
  8
BLACK
  6
CONTINUOUS
100
AcDbLine
 10
1.3844230708661418
 20
1.0320433858267717
 30
0
 11
1.3864912598425196
 21
1.0313539763779527
 31
0
  0
LINE
  5
6DF
330
1A
100
AcDbEntity
  8
BLACK
  6
CONTINUOUS
100
AcDbLine
 10
1.3864912598425196
 20
1.0313539763779527
 30
0
 11
1.3877271653543306
 21
1.0313539763779527
 31
0
  0
LINE
  5
6E0
330
1A
100
AcDbEntity
  8
BLACK
  6
CONTINUOUS
100
AcDbLine
 10
1.3877271653543306
 20
1.0313539763779527
 30
0
 11
1.3897953149606299
 21
1.0320433464566929
 31
0
  0
LINE
  5
6E1
330
1A
100
AcDbEntity
  8
BLACK
  6
CONTINUOUS
100
AcDbLine
 10
1.3897953149606299
 20
1.0320433464566929
 30
0
 11
1.3904041338582678
 21
1.0326521653543306
 31
0
  0
LINE
  5
6E2
330
1A
100
AcDbEntity
  8
BLACK
  6
CONTINUOUS
100
AcDbLine
 10
1.3904041338582678
 20
1.0326521653543306
 30
0
 11
1.3910427559055119
 21
1.0330788976377951
 31
0
  0
LINE
  5
6E3
330
1A
100
AcDbEntity
  8
BLACK
  6
CONTINUOUS
100
AcDbLine
 10
1.3910427559055119
 20
1.0330788976377951
 30
0
 11
1.3925494094488189
 21
1.0330788976377951
 31
0
  0
LINE
  5
6E4
330
1A
100
AcDbEntity
  8
BLACK
  6
CONTINUOUS
100
AcDbLine
 10
1.3925494094488189
 20
1.0330788976377951
 30
0
 11
1.3936147637795275
 21
1.0320135826771653
 31
0
  0
LINE
  5
6E5
330
1A
100
AcDbEntity
  8
BLACK
  6
CONTINUOUS
100
AcDbLine
 10
1.3936147637795275
 20
1.0320135826771653
 30
0
 11
1.3936147637795275
 21
1.030506968503937
 31
0
  0
LINE
  5
6E6
330
1A
100
AcDbEntity
  8
BLACK
  6
CONTINUOUS
100
AcDbLine
 10
1.3936147637795275
 20
1.030506968503937
 30
0
 11
1.3931880708661417
 21
1.0298683464566929
 31
0
  0
LINE
  5
6E7
330
1A
100
AcDbEntity
  8
BLACK
  6
CONTINUOUS
100
AcDbLine
 10
1.3931880708661417
 20
1.0298683464566929
 30
0
 11
1.3922507086614173
 21
1.028930905511811
 31
0
  0
LINE
  5
6E8
330
1A
100
AcDbEntity
  8
BLACK
  6
CONTINUOUS
100
AcDbLine
 10
1.3922507086614173
 20
1.028930905511811
 30
0
 11
1.3921687007874015
 21
1.0288761417322834
 31
0
  0
LINE
  5
6E9
330
1A
100
AcDbEntity
  8
BLACK
  6
CONTINUOUS
100
AcDbLine
 10
1.3921687007874015
 20
1.0288761417322834
 30
0
 11
1.3921485039370078
 21
1.0288357086614173
 31
0
  0
LINE
  5
6EA
330
1A
100
AcDbEntity
  8
BLACK
  6
CONTINUOUS
100
AcDbLine
 10
1.3921485039370078
 20
1.0288357086614173
 30
0
 11
1.3918742913385826
 21
1.0286794488188977
 31
0
  0
LINE
  5
6EB
330
1A
100
AcDbEntity
  8
BLACK
  6
CONTINUOUS
100
AcDbLine
 10
1.3918742913385826
 20
1.0286794488188977
 30
0
 11
1.3916120866141732
 21
1.0285042125984252
 31
0
  0
LINE
  5
6EC
330
1A
100
AcDbEntity
  8
BLACK
  6
CONTINUOUS
100
AcDbLine
 10
1.3916120866141732
 20
1.0285042125984252
 30
0
 11
1.3915669291338582
 21
1.0285042125984252
 31
0
  0
LINE
  5
6ED
330
1A
100
AcDbEntity
  8
BLACK
  6
CONTINUOUS
100
AcDbLine
 10
1.3915669291338582
 20
1.0285042125984252
 30
0
 11
1.3914812204724409
 21
1.0284553543307087
 31
0
  0
LINE
  5
6EE
330
1A
100
AcDbEntity
  8
BLACK
  6
CONTINUOUS
100
AcDbLine
 10
1.3914812204724409
 20
1.0284553543307087
 30
0
 11
1.3886690551181102
 21
1.0275179921259843
 31
0
  0
LINE
  5
6EF
330
1A
100
AcDbEntity
  8
BLACK
  6
CONTINUOUS
100
AcDbLine
 10
1.3886690551181102
 20
1.0275179921259843
 30
0
 11
1.3883561417322834
 21
1.0274785826771653
 31
0
  0
LINE
  5
6F0
330
1A
100
AcDbEntity
  8
BLACK
  6
CONTINUOUS
100
AcDbLine
 10
1.3883561417322834
 20
1.0274785826771653
 30
0
 11
1.3880465748031496
 21
1.0274169685039369
 31
0
  0
LINE
  5
6F1
330
1A
100
AcDbEntity
  8
BLACK
  6
CONTINUOUS
100
AcDbLine
 10
1.3880465748031496
 20
1.0274169685039369
 30
0
 11
1.3861718110236221
 21
1.0274169685039369
 31
0
  0
LINE
  5
6F2
330
1A
100
AcDbEntity
  8
BLACK
  6
CONTINUOUS
100
AcDbLine
 10
1.3861718110236221
 20
1.0274169685039369
 30
0
 11
1.3858622047244094
 21
1.0274785826771653
 31
0
  0
LINE
  5
6F3
330
1A
100
AcDbEntity
  8
BLACK
  6
CONTINUOUS
100
AcDbLine
 10
1.3858622047244094
 20
1.0274785826771653
 30
0
 11
1.3855493307086615
 21
1.0275179921259843
 31
0
  0
LINE
  5
6F4
330
1A
100
AcDbEntity
  8
BLACK
  6
CONTINUOUS
100
AcDbLine
 10
1.3855493307086615
 20
1.0275179921259843
 30
0
 11
1.3827372047244093
 21
1.0284553543307087
 31
0
  0
LINE
  5
6F5
330
1A
100
AcDbEntity
  8
BLACK
  6
CONTINUOUS
100
AcDbLine
 10
1.3827372047244093
 20
1.0284553543307087
 30
0
 11
1.3826515748031496
 21
1.0285041732283464
 31
0
  0
LINE
  5
6F6
330
1A
100
AcDbEntity
  8
BLACK
  6
CONTINUOUS
100
AcDbLine
 10
1.3826515748031496
 20
1.0285041732283464
 30
0
 11
1.3826063385826772
 21
1.0285041732283464
 31
0
  0
LINE
  5
6F7
330
1A
100
AcDbEntity
  8
BLACK
  6
CONTINUOUS
100
AcDbLine
 10
1.3826063385826772
 20
1.0285041732283464
 30
0
 11
1.3823438582677166
 21
1.0286795669291338
 31
0
  0
LINE
  5
6F8
330
1A
100
AcDbEntity
  8
BLACK
  6
CONTINUOUS
100
AcDbLine
 10
1.3823438582677166
 20
1.0286795669291338
 30
0
 11
1.3820699212598424
 21
1.0288357086614173
 31
0
  0
LINE
  5
6F9
330
1A
100
AcDbEntity
  8
BLACK
  6
CONTINUOUS
100
AcDbLine
 10
1.3820699212598424
 20
1.0288357086614173
 30
0
 11
1.38204968503937
 21
1.0288761417322834
 31
0
  0
LINE
  5
6FA
330
1A
100
AcDbEntity
  8
BLACK
  6
CONTINUOUS
100
AcDbLine
 10
1.38204968503937
 20
1.0288761417322834
 30
0
 11
1.3819677165354329
 21
1.028930905511811
 31
0
  0
LINE
  5
6FB
330
1A
100
AcDbEntity
  8
BLACK
  6
CONTINUOUS
100
AcDbLine
 10
1.3819677165354329
 20
1.028930905511811
 30
0
 11
1.3800929527559054
 21
1.0308057086614173
 31
0
  0
LINE
  5
6FC
330
1A
100
AcDbEntity
  8
BLACK
  6
CONTINUOUS
100
AcDbLine
 10
1.3800929527559054
 20
1.0308057086614173
 30
0
 11
1.3799175984251968
 21
1.0310681496062992
 31
0
  0
LINE
  5
6FD
330
1A
100
AcDbEntity
  8
BLACK
  6
CONTINUOUS
100
AcDbLine
 10
1.3799175984251968
 20
1.0310681496062992
 30
0
 11
1.379724251968504
 21
1.031317283464567
 31
0
  0
LINE
  5
6FE
330
1A
100
AcDbEntity
  8
BLACK
  6
CONTINUOUS
100
AcDbLine
 10
1.379724251968504
 20
1.031317283464567
 30
0
 11
1.3787868503937009
 21
1.0331920472440945
 31
0
  0
LINE
  5
6FF
330
1A
100
AcDbEntity
  8
BLACK
  6
CONTINUOUS
100
AcDbLine
 10
1.3787868503937009
 20
1.0331920472440945
 30
0
 11
1.3787298818897638
 21
1.0333999999999999
 31
0
  0
LINE
  5
700
330
1A
100
AcDbEntity
  8
BLACK
  6
CONTINUOUS
100
AcDbLine
 10
1.3787298818897638
 20
1.0333999999999999
 30
0
 11
1.3786377952755906
 21
1.0335949606299213
 31
0
  0
LINE
  5
701
330
1A
100
AcDbEntity
  8
BLACK
  6
CONTINUOUS
100
AcDbLine
 10
1.3786377952755906
 20
1.0335949606299213
 30
0
 11
1.3784243307086614
 21
1.0344488188976377
 31
0
  0
LINE
  5
702
330
1A
100
AcDbEntity
  8
BLACK
  6
CONTINUOUS
100
AcDbLine
 10
1.3784243307086614
 20
1.0344488188976377
 30
0
 11
1.3711869291338583
 21
1.0344488188976377
 31
0
  0
LINE
  5
703
330
1A
100
AcDbEntity
  8
BLACK
  6
CONTINUOUS
100
AcDbLine
 10
1.3711869291338583
 20
1.0344488188976377
 30
0
 11
1.3692916535433071
 21
1.0287629921259842
 31
0
  0
LINE
  5
704
330
1A
100
AcDbEntity
  8
BLACK
  6
CONTINUOUS
100
AcDbLine
 10
1.3692916535433071
 20
1.0287629921259842
 30
0
 11
1.3689112992125985
 21
1.0280957086614173
 31
0
  0
LINE
  5
705
330
1A
100
AcDbEntity
  8
BLACK
  6
CONTINUOUS
100
AcDbLine
 10
1.3689112992125985
 20
1.0280957086614173
 30
0
 11
1.3687796850393701
 21
1.0280299606299212
 31
0
  0
LINE
  5
706
330
1A
100
AcDbEntity
  8
BLACK
  6
CONTINUOUS
100
AcDbLine
 10
1.3687796850393701
 20
1.0280299606299212
 30
0
 11
1.368713937007874
 21
1.0278983464566929
 31
0
  0
LINE
  5
707
330
1A
100
AcDbEntity
  8
BLACK
  6
CONTINUOUS
100
AcDbLine
 10
1.368713937007874
 20
1.0278983464566929
 30
0
 11
1.368121811023622
 21
1.0277009842519684
 31
0
  0
LINE
  5
708
330
1A
100
AcDbEntity
  8
BLACK
  6
CONTINUOUS
100
AcDbLine
 10
1.368121811023622
 20
1.0277009842519684
 30
0
 11
1.3675637007874015
 21
1.0274219291338582
 31
0
  0
LINE
  5
709
330
1A
100
AcDbEntity
  8
BLACK
  6
CONTINUOUS
100
AcDbLine
 10
1.3675637007874015
 20
1.0274219291338582
 30
0
 11
1.3674241732283465
 21
1.0274684645669292
 31
0
  0
LINE
  5
70A
330
1A
100
AcDbEntity
  8
BLACK
  6
CONTINUOUS
100
AcDbLine
 10
1.3674241732283465
 20
1.0274684645669292
 30
0
 11
1.3672846456692913
 21
1.0274219291338582
 31
0
  0
LINE
  5
70B
330
1A
100
AcDbEntity
  8
BLACK
  6
CONTINUOUS
100
AcDbLine
 10
1.3672846456692913
 20
1.0274219291338582
 30
0
 11
1.3667264960629921
 21
1.0277009842519684
 31
0
  0
LINE
  5
70C
330
1A
100
AcDbEntity
  8
BLACK
  6
CONTINUOUS
100
AcDbLine
 10
1.3667264960629921
 20
1.0277009842519684
 30
0
 11
1.3661344094488188
 21
1.0278983464566929
 31
0
  0
LINE
  5
70D
330
1A
100
AcDbEntity
  8
BLACK
  6
CONTINUOUS
100
AcDbLine
 10
1.3661344094488188
 20
1.0278983464566929
 30
0
 11
1.366068622047244
 21
1.0280299606299212
 31
0
  0
LINE
  5
70E
330
1A
100
AcDbEntity
  8
BLACK
  6
CONTINUOUS
100
AcDbLine
 10
1.366068622047244
 20
1.0280299606299212
 30
0
 11
1.3659370472440944
 21
1.0280957086614173
 31
0
  0
LINE
  5
70F
330
1A
100
AcDbEntity
  8
BLACK
  6
CONTINUOUS
100
AcDbLine
 10
1.3659370472440944
 20
1.0280957086614173
 30
0
 11
1.3655566929133858
 21
1.0287629921259842
 31
0
  0
LINE
  5
710
330
1A
100
AcDbEntity
  8
BLACK
  6
CONTINUOUS
100
AcDbLine
 10
1.3655566929133858
 20
1.0287629921259842
 30
0
 11
1.3636614173228345
 21
1.0344488188976377
 31
0
  0
LINE
  5
711
330
1A
100
AcDbEntity
  8
BLACK
  6
CONTINUOUS
100
AcDbLine
 10
1.3636614173228345
 20
1.0344488188976377
 30
0
 11
1.362007874015748
 21
1.0344488188976377
 31
0
  0
LINE
  5
712
330
1A
100
AcDbEntity
  8
BLACK
  6
CONTINUOUS
100
AcDbLine
 10
1.362007874015748
 20
1.0344488188976377
 30
0
 11
1.362007874015748
 21
0.959251968503937
 31
0
  0
LINE
  5
713
330
1A
100
AcDbEntity
  8
BLACK
  6
CONTINUOUS
100
AcDbLine
 10
1.362007874015748
 20
0.959251968503937
 30
0
 11
1.4938976377952755
 21
0.959251968503937
 31
0
  0
LINE
  5
714
330
1A
100
AcDbEntity
  8
BLACK
  6
CONTINUOUS
100
AcDbLine
 10
1.4938976377952755
 20
0.959251968503937
 30
0
 11
1.4938976377952755
 21
1.0344488188976377
 31
0
  0
LINE
  5
715
330
1A
100
AcDbEntity
  8
BLACK
  6
CONTINUOUS
100
AcDbLine
 10
1.4938976377952755
 20
1.0344488188976377
 30
0
 11
1.4912524015748032
 21
1.0344488188976377
 31
0
  0
LINE
  5
716
330
1A
100
AcDbEntity
  8
BLACK
  6
CONTINUOUS
100
AcDbLine
 10
1.1707988976377952
 20
0.995109842519685
 30
0
 11
1.1703628346456694
 21
0.9942376377952755
 31
0
  0
LINE
  5
717
330
1A
100
AcDbEntity
  8
BLACK
  6
CONTINUOUS
100
AcDbLine
 10
1.1703628346456694
 20
0.9942376377952755
 30
0
 11
1.1703628346456694
 21
0.9932922834645669
 31
0
  0
LINE
  5
718
330
1A
100
AcDbEntity
  8
BLACK
  6
CONTINUOUS
100
AcDbLine
 10
1.1703628346456694
 20
0.9932922834645669
 30
0
 11
1.170798937007874
 21
0.9924200393700787
 31
0
  0
LINE
  5
719
330
1A
100
AcDbEntity
  8
BLACK
  6
CONTINUOUS
100
AcDbLine
 10
1.170798937007874
 20
0.9924200393700787
 30
0
 11
1.1716711811023621
 21
0.9919838976377953
 31
0
  0
LINE
  5
71A
330
1A
100
AcDbEntity
  8
BLACK
  6
CONTINUOUS
100
AcDbLine
 10
1.1716711811023621
 20
0.9919838976377953
 30
0
 11
1.1754286614173228
 21
0.9919838976377953
 31
0
  0
LINE
  5
71B
330
1A
100
AcDbEntity
  8
BLACK
  6
CONTINUOUS
100
AcDbLine
 10
1.1754286614173228
 20
0.9919838976377953
 30
0
 11
1.1757996456692914
 21
0.9921694094488189
 31
0
  0
LINE
  5
71C
330
1A
100
AcDbEntity
  8
BLACK
  6
CONTINUOUS
100
AcDbLine
 10
1.1757996456692914
 20
0.9921694094488189
 30
0
 11
1.1757996456692914
 21
0.9955459448818897
 31
0
  0
LINE
  5
71D
330
1A
100
AcDbEntity
  8
BLACK
  6
CONTINUOUS
100
AcDbLine
 10
1.1757996456692914
 20
0.9955459448818897
 30
0
 11
1.1716711811023621
 21
0.9955459448818897
 31
0
  0
LINE
  5
71E
330
1A
100
AcDbEntity
  8
BLACK
  6
CONTINUOUS
100
AcDbLine
 10
1.1716711811023621
 20
0.9955459448818897
 30
0
 11
1.1707988976377952
 21
0.995109842519685
 31
0
  0
LINE
  5
71F
330
1A
100
AcDbEntity
  8
BLACK
  6
CONTINUOUS
100
AcDbLine
 10
1.1881731102362205
 20
0.9965551181102362
 30
0
 11
1.1881731102362205
 21
0.9942296456692913
 31
0
  0
LINE
  5
720
330
1A
100
AcDbEntity
  8
BLACK
  6
CONTINUOUS
100
AcDbLine
 10
1.1881731102362205
 20
0.9942296456692913
 30
0
 11
1.1887598031496063
 21
0.9930562204724409
 31
0
  0
LINE
  5
721
330
1A
100
AcDbEntity
  8
BLACK
  6
CONTINUOUS
100
AcDbLine
 10
1.1887598031496063
 20
0.9930562204724409
 30
0
 11
1.1892453937007874
 21
0.9925706299212598
 31
0
  0
LINE
  5
722
330
1A
100
AcDbEntity
  8
BLACK
  6
CONTINUOUS
100
AcDbLine
 10
1.1892453937007874
 20
0.9925706299212598
 30
0
 11
1.1904188582677164
 21
0.9919838976377953
 31
0
  0
LINE
  5
723
330
1A
100
AcDbEntity
  8
BLACK
  6
CONTINUOUS
100
AcDbLine
 10
1.1904188582677164
 20
0.9919838976377953
 30
0
 11
1.193238937007874
 21
0.9919838976377953
 31
0
  0
LINE
  5
724
330
1A
100
AcDbEntity
  8
BLACK
  6
CONTINUOUS
100
AcDbLine
 10
1.193238937007874
 20
0.9919838976377953
 30
0
 11
1.1946980708661417
 21
0.9927134251968504
 31
0
  0
LINE
  5
725
330
1A
100
AcDbEntity
  8
BLACK
  6
CONTINUOUS
100
AcDbLine
 10
1.1946980708661417
 20
0.9927134251968504
 30
0
 11
1.1954388582677165
 21
0.9929162992125984
 31
0
  0
LINE
  5
726
330
1A
100
AcDbEntity
  8
BLACK
  6
CONTINUOUS
100
AcDbLine
 10
1.1954388582677165
 20
0.9929162992125984
 30
0
 11
1.1954724409448818
 21
0.9929051181102362
 31
0
  0
LINE
  5
727
330
1A
100
AcDbEntity
  8
BLACK
  6
CONTINUOUS
100
AcDbLine
 10
1.1954724409448818
 20
0.9929051181102362
 30
0
 11
1.1954724409448818
 21
0.9965551181102362
 31
0
  0
LINE
  5
728
330
1A
100
AcDbEntity
  8
BLACK
  6
CONTINUOUS
100
AcDbLine
 10
1.1954724409448818
 20
0.9965551181102362
 30
0
 11
1.1881731102362205
 21
0.9965551181102362
 31
0
  0
LINE
  5
729
330
1A
100
AcDbEntity
  8
BLACK
  6
CONTINUOUS
100
AcDbLine
 10
1.0531132283464566
 20
1.0046259842519685
 30
0
 11
1.0559084251968505
 21
0.9962403543307087
 31
0
  0
LINE
  5
72A
330
1A
100
AcDbEntity
  8
BLACK
  6
CONTINUOUS
100
AcDbLine
 10
1.0559084251968505
 20
0.9962403543307087
 30
0
 11
1.0587036614173229
 21
1.0046259842519685
 31
0
  0
LINE
  5
72B
330
1A
100
AcDbEntity
  8
BLACK
  6
CONTINUOUS
100
AcDbLine
 10
1.0587036614173229
 20
1.0046259842519685
 30
0
 11
1.0531132283464566
 21
1.0046259842519685
 31
0
  0
LINE
  5
72C
330
1A
100
AcDbEntity
  8
BLACK
  6
CONTINUOUS
100
AcDbLine
 10
1.0710388582677166
 20
1.0046259842519685
 30
0
 11
1.070889094488189
 21
1.0043264566929133
 31
0
  0
LINE
  5
72D
330
1A
100
AcDbEntity
  8
BLACK
  6
CONTINUOUS
100
AcDbLine
 10
1.070889094488189
 20
1.0043264566929133
 30
0
 11
1.0700629133858268
 21
1.0010216929133857
 31
0
  0
LINE
  5
72E
330
1A
100
AcDbEntity
  8
BLACK
  6
CONTINUOUS
100
AcDbLine
 10
1.0700629133858268
 20
1.0010216929133857
 30
0
 11
1.0700629133858268
 21
0.9986941732283464
 31
0
  0
LINE
  5
72F
330
1A
100
AcDbEntity
  8
BLACK
  6
CONTINUOUS
100
AcDbLine
 10
1.0700629133858268
 20
0.9986941732283464
 30
0
 11
1.0701055511811024
 21
0.9985236220472441
 31
0
  0
LINE
  5
730
330
1A
100
AcDbEntity
  8
BLACK
  6
CONTINUOUS
100
AcDbLine
 10
1.0701055511811024
 20
0.9985236220472441
 30
0
 11
1.0858109448818898
 21
0.9985236220472441
 31
0
  0
LINE
  5
731
330
1A
100
AcDbEntity
  8
BLACK
  6
CONTINUOUS
100
AcDbLine
 10
1.0858109448818898
 20
0.9985236220472441
 30
0
 11
1.0858109448818898
 21
1.0012639763779527
 31
0
  0
LINE
  5
732
330
1A
100
AcDbEntity
  8
BLACK
  6
CONTINUOUS
100
AcDbLine
 10
1.0858109448818898
 20
1.0012639763779527
 30
0
 11
1.0858579921259843
 21
1.0015005905511811
 31
0
  0
LINE
  5
733
330
1A
100
AcDbEntity
  8
BLACK
  6
CONTINUOUS
100
AcDbLine
 10
1.0858579921259843
 20
1.0015005905511811
 30
0
 11
1.0858697244094488
 21
1.0017414173228347
 31
0
  0
LINE
  5
734
330
1A
100
AcDbEntity
  8
BLACK
  6
CONTINUOUS
100
AcDbLine
 10
1.0858697244094488
 20
1.0017414173228347
 30
0
 11
1.0865908661417323
 21
1.0046259842519685
 31
0
  0
LINE
  5
735
330
1A
100
AcDbEntity
  8
BLACK
  6
CONTINUOUS
100
AcDbLine
 10
1.0865908661417323
 20
1.0046259842519685
 30
0
 11
1.0710388582677166
 21
1.0046259842519685
 31
0
  0
LINE
  5
736
330
1A
100
AcDbEntity
  8
BLACK
  6
CONTINUOUS
100
AcDbLine
 10
1.0907238976377953
 20
1.0046259842519685
 30
0
 11
1.0905741338582677
 21
1.0043264566929133
 31
0
  0
LINE
  5
737
330
1A
100
AcDbEntity
  8
BLACK
  6
CONTINUOUS
100
AcDbLine
 10
1.0905741338582677
 20
1.0043264566929133
 30
0
 11
1.0897479527559055
 21
1.0010216929133857
 31
0
  0
LINE
  5
738
330
1A
100
AcDbEntity
  8
BLACK
  6
CONTINUOUS
100
AcDbLine
 10
1.0897479527559055
 20
1.0010216929133857
 30
0
 11
1.0897479527559055
 21
0.9986941732283464
 31
0
  0
LINE
  5
739
330
1A
100
AcDbEntity
  8
BLACK
  6
CONTINUOUS
100
AcDbLine
 10
1.0897479527559055
 20
0.9986941732283464
 30
0
 11
1.0897905905511811
 21
0.9985236220472441
 31
0
  0
LINE
  5
73A
330
1A
100
AcDbEntity
  8
BLACK
  6
CONTINUOUS
100
AcDbLine
 10
1.0897905905511811
 20
0.9985236220472441
 30
0
 11
1.1066955118110235
 21
0.9985236220472441
 31
0
  0
LINE
  5
73B
330
1A
100
AcDbEntity
  8
BLACK
  6
CONTINUOUS
100
AcDbLine
 10
1.1066955118110235
 20
0.9985236220472441
 30
0
 11
1.1066375590551181
 21
0.9985815748031496
 31
0
  0
LINE
  5
73C
330
1A
100
AcDbEntity
  8
BLACK
  6
CONTINUOUS
100
AcDbLine
 10
1.1066375590551181
 20
0.9985815748031496
 30
0
 11
1.1065339763779527
 21
0.9985919291338582
 31
0
  0
LINE
  5
73D
330
1A
100
AcDbEntity
  8
BLACK
  6
CONTINUOUS
100
AcDbLine
 10
1.1065339763779527
 20
0.9985919291338582
 30
0
 11
1.1061143307086614
 21
0.9991048031496063
 31
0
  0
LINE
  5
73E
330
1A
100
AcDbEntity
  8
BLACK
  6
CONTINUOUS
100
AcDbLine
 10
1.1061143307086614
 20
0.9991048031496063
 30
0
 11
1.1056458267716536
 21
0.9995733070866142
 31
0
  0
LINE
  5
73F
330
1A
100
AcDbEntity
  8
BLACK
  6
CONTINUOUS
100
AcDbLine
 10
1.1056458267716536
 20
0.9995733070866142
 30
0
 11
1.1056458267716536
 21
0.9996774015748031
 31
0
  0
LINE
  5
740
330
1A
100
AcDbEntity
  8
BLACK
  6
CONTINUOUS
100
AcDbLine
 10
1.1056458267716536
 20
0.9996774015748031
 30
0
 11
1.1055798818897637
 21
0.9997579921259843
 31
0
  0
LINE
  5
741
330
1A
100
AcDbEntity
  8
BLACK
  6
CONTINUOUS
100
AcDbLine
 10
1.1055798818897637
 20
0.9997579921259843
 30
0
 11
1.105505748031496
 21
1.0005224803149606
 31
0
  0
LINE
  5
742
330
1A
100
AcDbEntity
  8
BLACK
  6
CONTINUOUS
100
AcDbLine
 10
1.105505748031496
 20
1.0005224803149606
 30
0
 11
1.1059161023622046
 21
1.0046259842519685
 31
0
  0
LINE
  5
743
330
1A
100
AcDbEntity
  8
BLACK
  6
CONTINUOUS
100
AcDbLine
 10
1.1059161023622046
 20
1.0046259842519685
 30
0
 11
1.0907238976377953
 21
1.0046259842519685
 31
0
  0
LINE
  5
744
330
1A
100
AcDbEntity
  8
BLACK
  6
CONTINUOUS
100
AcDbLine
 10
1.109567874015748
 20
0.9996461811023621
 30
0
 11
1.1088564173228346
 21
0.9989346850393701
 31
0
  0
LINE
  5
745
330
1A
100
AcDbEntity
  8
BLACK
  6
CONTINUOUS
100
AcDbLine
 10
1.1088564173228346
 20
0.9989346850393701
 30
0
 11
1.1082412598425198
 21
0.9985236220472441
 31
0
  0
LINE
  5
746
330
1A
100
AcDbEntity
  8
BLACK
  6
CONTINUOUS
100
AcDbLine
 10
1.1082412598425198
 20
0.9985236220472441
 30
0
 11
1.116476338582677
 21
0.9985236220472441
 31
0
  0
LINE
  5
747
330
1A
100
AcDbEntity
  8
BLACK
  6
CONTINUOUS
100
AcDbLine
 10
1.116476338582677
 20
0.9985236220472441
 30
0
 11
1.1161578346456693
 21
0.9991605905511811
 31
0
  0
LINE
  5
748
330
1A
100
AcDbEntity
  8
BLACK
  6
CONTINUOUS
100
AcDbLine
 10
1.1161578346456693
 20
0.9991605905511811
 30
0
 11
1.1156722440944882
 21
0.9996461811023621
 31
0
  0
LINE
  5
749
330
1A
100
AcDbEntity
  8
BLACK
  6
CONTINUOUS
100
AcDbLine
 10
1.1156722440944882
 20
0.9996461811023621
 30
0
 11
1.1144988582677164
 21
1.000232874015748
 31
0
  0
LINE
  5
74A
330
1A
100
AcDbEntity
  8
BLACK
  6
CONTINUOUS
100
AcDbLine
 10
1.1144988582677164
 20
1.000232874015748
 30
0
 11
1.1107412992125985
 21
1.000232874015748
 31
0
  0
LINE
  5
74B
330
1A
100
AcDbEntity
  8
BLACK
  6
CONTINUOUS
100
AcDbLine
 10
1.1107412992125985
 20
1.000232874015748
 30
0
 11
1.109567874015748
 21
0.9996461811023621
 31
0
  0
LINE
  5
74C
330
1A
100
AcDbEntity
  8
BLACK
  6
CONTINUOUS
100
AcDbLine
 10
1.109872716535433
 20
1.0046259842519685
 30
0
 11
1.1098179921259843
 21
1.0040786614173227
 31
0
  0
LINE
  5
74D
330
1A
100
AcDbEntity
  8
BLACK
  6
CONTINUOUS
100
AcDbLine
 10
1.1098179921259843
 20
1.0040786614173227
 30
0
 11
1.1098327952755904
 21
1.0040816141732283
 31
0
  0
LINE
  5
74E
330
1A
100
AcDbEntity
  8
BLACK
  6
CONTINUOUS
100
AcDbLine
 10
1.1098327952755904
 20
1.0040816141732283
 30
0
 11
1.1101370472440946
 21
1.0041649212598425
 31
0
  0
LINE
  5
74F
330
1A
100
AcDbEntity
  8
BLACK
  6
CONTINUOUS
100
AcDbLine
 10
1.1101370472440946
 20
1.0041649212598425
 30
0
 11
1.1101798818897637
 21
1.0041506692913384
 31
0
  0
LINE
  5
750
330
1A
100
AcDbEntity
  8
BLACK
  6
CONTINUOUS
100
AcDbLine
 10
1.1101798818897637
 20
1.0041506692913384
 30
0
 11
1.1102766141732283
 21
1.0041698818897637
 31
0
  0
LINE
  5
751
330
1A
100
AcDbEntity
  8
BLACK
  6
CONTINUOUS
100
AcDbLine
 10
1.1102766141732283
 20
1.0041698818897637
 30
0
 11
1.1149635433070866
 21
1.0041698818897637
 31
0
  0
LINE
  5
752
330
1A
100
AcDbEntity
  8
BLACK
  6
CONTINUOUS
100
AcDbLine
 10
1.1149635433070866
 20
1.0041698818897637
 30
0
 11
1.1150602362204725
 21
1.0041506692913384
 31
0
  0
LINE
  5
753
330
1A
100
AcDbEntity
  8
BLACK
  6
CONTINUOUS
100
AcDbLine
 10
1.1150602362204725
 20
1.0041506692913384
 30
0
 11
1.1151031102362206
 21
1.0041649212598425
 31
0
  0
LINE
  5
754
330
1A
100
AcDbEntity
  8
BLACK
  6
CONTINUOUS
100
AcDbLine
 10
1.1151031102362206
 20
1.0041649212598425
 30
0
 11
1.1154073228346457
 21
1.0040816141732283
 31
0
  0
LINE
  5
755
330
1A
100
AcDbEntity
  8
BLACK
  6
CONTINUOUS
100
AcDbLine
 10
1.1154073228346457
 20
1.0040816141732283
 30
0
 11
1.1157168503937007
 21
1.0040200393700787
 31
0
  0
LINE
  5
756
330
1A
100
AcDbEntity
  8
BLACK
  6
CONTINUOUS
100
AcDbLine
 10
1.1157168503937007
 20
1.0040200393700787
 30
0
 11
1.1157487795275591
 21
1.0039881102362205
 31
0
  0
LINE
  5
757
330
1A
100
AcDbEntity
  8
BLACK
  6
CONTINUOUS
100
AcDbLine
 10
1.1157487795275591
 20
1.0039881102362205
 30
0
 11
1.1158438976377953
 21
1.0039620472440944
 31
0
  0
LINE
  5
758
330
1A
100
AcDbEntity
  8
BLACK
  6
CONTINUOUS
100
AcDbLine
 10
1.1158438976377953
 20
1.0039620472440944
 30
0
 11
1.1177186614173229
 21
1.0030246456692913
 31
0
  0
LINE
  5
759
330
1A
100
AcDbEntity
  8
BLACK
  6
CONTINUOUS
100
AcDbLine
 10
1.1177186614173229
 20
1.0030246456692913
 30
0
 11
1.1179680314960629
 21
1.0028311417322835
 31
0
  0
LINE
  5
75A
330
1A
100
AcDbEntity
  8
BLACK
  6
CONTINUOUS
100
AcDbLine
 10
1.1179680314960629
 20
1.0028311417322835
 30
0
 11
1.1182302362204724
 21
1.0026559055118109
 31
0
  0
LINE
  5
75B
330
1A
100
AcDbEntity
  8
BLACK
  6
CONTINUOUS
100
AcDbLine
 10
1.1182302362204724
 20
1.0026559055118109
 30
0
 11
1.1191675984251968
 21
1.0017185433070865
 31
0
  0
LINE
  5
75C
330
1A
100
AcDbEntity
  8
BLACK
  6
CONTINUOUS
100
AcDbLine
 10
1.1191675984251968
 20
1.0017185433070865
 30
0
 11
1.1193427952755906
 21
1.0014563779527559
 31
0
  0
LINE
  5
75D
330
1A
100
AcDbEntity
  8
BLACK
  6
CONTINUOUS
100
AcDbLine
 10
1.1193427952755906
 20
1.0014563779527559
 30
0
 11
1.1195363385826771
 21
1.0012069685039371
 31
0
  0
LINE
  5
75E
330
1A
100
AcDbEntity
  8
BLACK
  6
CONTINUOUS
100
AcDbLine
 10
1.1195363385826771
 20
1.0012069685039371
 30
0
 11
1.1204737401574802
 21
0.9993322047244094
 31
0
  0
LINE
  5
75F
330
1A
100
AcDbEntity
  8
BLACK
  6
CONTINUOUS
100
AcDbLine
 10
1.1204737401574802
 20
0.9993322047244094
 30
0
 11
1.1204997637795275
 21
0.999237125984252
 31
0
  0
LINE
  5
760
330
1A
100
AcDbEntity
  8
BLACK
  6
CONTINUOUS
100
AcDbLine
 10
1.1204997637795275
 20
0.999237125984252
 30
0
 11
1.1205317322834645
 21
0.9992051574803149
 31
0
  0
LINE
  5
761
330
1A
100
AcDbEntity
  8
BLACK
  6
CONTINUOUS
100
AcDbLine
 10
1.1205317322834645
 20
0.9992051574803149
 30
0
 11
1.1205932677165353
 21
0.9988956692913386
 31
0
  0
LINE
  5
762
330
1A
100
AcDbEntity
  8
BLACK
  6
CONTINUOUS
100
AcDbLine
 10
1.1205932677165353
 20
0.9988956692913386
 30
0
 11
1.1206766141732283
 21
0.9985914173228346
 31
0
  0
LINE
  5
763
330
1A
100
AcDbEntity
  8
BLACK
  6
CONTINUOUS
100
AcDbLine
 10
1.1206766141732283
 20
0.9985914173228346
 30
0
 11
1.1206623228346457
 21
0.9985485826771653
 31
0
  0
LINE
  5
764
330
1A
100
AcDbEntity
  8
BLACK
  6
CONTINUOUS
100
AcDbLine
 10
1.1206623228346457
 20
0.9985485826771653
 30
0
 11
1.120667283464567
 21
0.9985236220472441
 31
0
  0
LINE
  5
765
330
1A
100
AcDbEntity
  8
BLACK
  6
CONTINUOUS
100
AcDbLine
 10
1.120667283464567
 20
0.9985236220472441
 30
0
 11
1.1394455118110236
 21
0.9985236220472441
 31
0
  0
LINE
  5
766
330
1A
100
AcDbEntity
  8
BLACK
  6
CONTINUOUS
100
AcDbLine
 10
1.1394455118110236
 20
0.9985236220472441
 30
0
 11
1.139423464566929
 21
0.9986040157480315
 31
0
  0
LINE
  5
767
330
1A
100
AcDbEntity
  8
BLACK
  6
CONTINUOUS
100
AcDbLine
 10
1.139423464566929
 20
0.9986040157480315
 30
0
 11
1.1393915748031496
 21
0.998635905511811
 31
0
  0
LINE
  5
768
330
1A
100
AcDbEntity
  8
BLACK
  6
CONTINUOUS
100
AcDbLine
 10
1.1393915748031496
 20
0.998635905511811
 30
0
 11
1.13933
 21
0.9989453937007874
 31
0
  0
LINE
  5
769
330
1A
100
AcDbEntity
  8
BLACK
  6
CONTINUOUS
100
AcDbLine
 10
1.13933
 20
0.9989453937007874
 30
0
 11
1.1392466929133858
 21
0.9992496850393701
 31
0
  0
LINE
  5
76A
330
1A
100
AcDbEntity
  8
BLACK
  6
CONTINUOUS
100
AcDbLine
 10
1.1392466929133858
 20
0.9992496850393701
 30
0
 11
1.1392609448818898
 21
0.9992925196850393
 31
0
  0
LINE
  5
76B
330
1A
100
AcDbEntity
  8
BLACK
  6
CONTINUOUS
100
AcDbLine
 10
1.1392609448818898
 20
0.9992925196850393
 30
0
 11
1.1392417322834645
 21
0.9993892125984252
 31
0
  0
LINE
  5
76C
330
1A
100
AcDbEntity
  8
BLACK
  6
CONTINUOUS
100
AcDbLine
 10
1.1392417322834645
 20
0.9993892125984252
 30
0
 11
1.1392417322834645
 21
1.0003266141732283
 31
0
  0
LINE
  5
76D
330
1A
100
AcDbEntity
  8
BLACK
  6
CONTINUOUS
100
AcDbLine
 10
1.1392417322834645
 20
1.0003266141732283
 30
0
 11
1.1392609448818898
 21
1.000423346456693
 31
0
  0
LINE
  5
76E
330
1A
100
AcDbEntity
  8
BLACK
  6
CONTINUOUS
100
AcDbLine
 10
1.1392609448818898
 20
1.000423346456693
 30
0
 11
1.1392466929133858
 21
1.0004661417322835
 31
0
  0
LINE
  5
76F
330
1A
100
AcDbEntity
  8
BLACK
  6
CONTINUOUS
100
AcDbLine
 10
1.1392466929133858
 20
1.0004661417322835
 30
0
 11
1.13933
 21
1.000770472440945
 31
0
  0
LINE
  5
770
330
1A
100
AcDbEntity
  8
BLACK
  6
CONTINUOUS
100
AcDbLine
 10
1.13933
 20
1.000770472440945
 30
0
 11
1.1393915748031496
 21
1.0010799212598425
 31
0
  0
LINE
  5
771
330
1A
100
AcDbEntity
  8
BLACK
  6
CONTINUOUS
100
AcDbLine
 10
1.1393915748031496
 20
1.0010799212598425
 30
0
 11
1.139423464566929
 21
1.0011118503937009
 31
0
  0
LINE
  5
772
330
1A
100
AcDbEntity
  8
BLACK
  6
CONTINUOUS
100
AcDbLine
 10
1.139423464566929
 20
1.0011118503937009
 30
0
 11
1.139449527559055
 21
1.0012069291338583
 31
0
  0
LINE
  5
773
330
1A
100
AcDbEntity
  8
BLACK
  6
CONTINUOUS
100
AcDbLine
 10
1.139449527559055
 20
1.0012069291338583
 30
0
 11
1.1403868897637794
 21
1.0030816929133859
 31
0
  0
LINE
  5
774
330
1A
100
AcDbEntity
  8
BLACK
  6
CONTINUOUS
100
AcDbLine
 10
1.1403868897637794
 20
1.0030816929133859
 30
0
 11
1.1406272440944882
 21
1.0033914173228347
 31
0
  0
LINE
  5
775
330
1A
100
AcDbEntity
  8
BLACK
  6
CONTINUOUS
100
AcDbLine
 10
1.1406272440944882
 20
1.0033914173228347
 30
0
 11
1.1406605118110236
 21
1.0034911811023621
 31
0
  0
LINE
  5
776
330
1A
100
AcDbEntity
  8
BLACK
  6
CONTINUOUS
100
AcDbLine
 10
1.1406605118110236
 20
1.0034911811023621
 30
0
 11
1.1407715748031495
 21
1.0035774015748031
 31
0
  0
LINE
  5
777
330
1A
100
AcDbEntity
  8
BLACK
  6
CONTINUOUS
100
AcDbLine
 10
1.1407715748031495
 20
1.0035774015748031
 30
0
 11
1.1408577952755905
 21
1.0036884645669291
 31
0
  0
LINE
  5
778
330
1A
100
AcDbEntity
  8
BLACK
  6
CONTINUOUS
100
AcDbLine
 10
1.1408577952755905
 20
1.0036884645669291
 30
0
 11
1.140957559055118
 21
1.0037217322834646
 31
0
  0
LINE
  5
779
330
1A
100
AcDbEntity
  8
BLACK
  6
CONTINUOUS
100
AcDbLine
 10
1.140957559055118
 20
1.0037217322834646
 30
0
 11
1.141267283464567
 21
1.0039620866141732
 31
0
  0
LINE
  5
77A
330
1A
100
AcDbEntity
  8
BLACK
  6
CONTINUOUS
100
AcDbLine
 10
1.141267283464567
 20
1.0039620866141732
 30
0
 11
1.1425951181102363
 21
1.0046259842519685
 31
0
  0
LINE
  5
77B
330
1A
100
AcDbEntity
  8
BLACK
  6
CONTINUOUS
100
AcDbLine
 10
1.1425951181102363
 20
1.0046259842519685
 30
0
 11
1.109872716535433
 21
1.0046259842519685
 31
0
  0
LINE
  5
77C
330
1A
100
AcDbEntity
  8
BLACK
  6
CONTINUOUS
100
AcDbLine
 10
1.1482617716535433
 20
1.0046259842519685
 30
0
 11
1.1495896062992126
 21
1.0039620866141732
 31
0
  0
LINE
  5
77D
330
1A
100
AcDbEntity
  8
BLACK
  6
CONTINUOUS
100
AcDbLine
 10
1.1495896062992126
 20
1.0039620866141732
 30
0
 11
1.150196377952756
 21
1.0034911811023621
 31
0
  0
LINE
  5
77E
330
1A
100
AcDbEntity
  8
BLACK
  6
CONTINUOUS
100
AcDbLine
 10
1.150196377952756
 20
1.0034911811023621
 30
0
 11
1.1506728346456692
 21
1.0020618503937007
 31
0
  0
LINE
  5
77F
330
1A
100
AcDbEntity
  8
BLACK
  6
CONTINUOUS
100
AcDbLine
 10
1.1506728346456692
 20
1.0020618503937007
 30
0
 11
1.1499990551181103
 21
1.0007142913385827
 31
0
  0
LINE
  5
780
330
1A
100
AcDbEntity
  8
BLACK
  6
CONTINUOUS
100
AcDbLine
 10
1.1499990551181103
 20
1.0007142913385827
 30
0
 11
1.1485697244094488
 21
1.0002378346456693
 31
0
  0
LINE
  5
781
330
1A
100
AcDbEntity
  8
BLACK
  6
CONTINUOUS
100
AcDbLine
 10
1.1485697244094488
 20
1.0002378346456693
 30
0
 11
1.147828937007874
 21
1.0004407086614173
 31
0
  0
LINE
  5
782
330
1A
100
AcDbEntity
  8
BLACK
  6
CONTINUOUS
100
AcDbLine
 10
1.147828937007874
 20
1.0004407086614173
 30
0
 11
1.1463698031496063
 21
1.0011702362204724
 31
0
  0
LINE
  5
783
330
1A
100
AcDbEntity
  8
BLACK
  6
CONTINUOUS
100
AcDbLine
 10
1.1463698031496063
 20
1.0011702362204724
 30
0
 11
1.1444870866141732
 21
1.0011702362204724
 31
0
  0
LINE
  5
784
330
1A
100
AcDbEntity
  8
BLACK
  6
CONTINUOUS
100
AcDbLine
 10
1.1444870866141732
 20
1.0011702362204724
 30
0
 11
1.1436148031496063
 21
1.0007341338582676
 31
0
  0
LINE
  5
785
330
1A
100
AcDbEntity
  8
BLACK
  6
CONTINUOUS
100
AcDbLine
 10
1.1436148031496063
 20
1.0007341338582676
 30
0
 11
1.1431787401574802
 21
0.9998619291338583
 31
0
  0
LINE
  5
786
330
1A
100
AcDbEntity
  8
BLACK
  6
CONTINUOUS
100
AcDbLine
 10
1.1431787401574802
 20
0.9998619291338583
 30
0
 11
1.1431787401574802
 21
0.9998539370078739
 31
0
  0
LINE
  5
787
330
1A
100
AcDbEntity
  8
BLACK
  6
CONTINUOUS
100
AcDbLine
 10
1.1431787401574802
 20
0.9998539370078739
 30
0
 11
1.1436148031496063
 21
0.9989817322834645
 31
0
  0
LINE
  5
788
330
1A
100
AcDbEntity
  8
BLACK
  6
CONTINUOUS
100
AcDbLine
 10
1.1436148031496063
 20
0.9989817322834645
 30
0
 11
1.1444870866141732
 21
0.9985455905511811
 31
0
  0
LINE
  5
789
330
1A
100
AcDbEntity
  8
BLACK
  6
CONTINUOUS
100
AcDbLine
 10
1.1444870866141732
 20
0.9985455905511811
 30
0
 11
1.146834527559055
 21
0.9985455905511811
 31
0
  0
LINE
  5
78A
330
1A
100
AcDbEntity
  8
BLACK
  6
CONTINUOUS
100
AcDbLine
 10
1.146834527559055
 20
0.9985455905511811
 30
0
 11
1.1469312204724409
 21
0.9985263779527559
 31
0
  0
LINE
  5
78B
330
1A
100
AcDbEntity
  8
BLACK
  6
CONTINUOUS
100
AcDbLine
 10
1.1469312204724409
 20
0.9985263779527559
 30
0
 11
1.146974094488189
 21
0.9985406299212598
 31
0
  0
LINE
  5
78C
330
1A
100
AcDbEntity
  8
BLACK
  6
CONTINUOUS
100
AcDbLine
 10
1.146974094488189
 20
0.9985406299212598
 30
0
 11
1.1470362204724409
 21
0.9985236220472441
 31
0
  0
LINE
  5
78D
330
1A
100
AcDbEntity
  8
BLACK
  6
CONTINUOUS
100
AcDbLine
 10
1.1470362204724409
 20
0.9985236220472441
 30
0
 11
1.1561146062992125
 21
0.9985236220472441
 31
0
  0
LINE
  5
78E
330
1A
100
AcDbEntity
  8
BLACK
  6
CONTINUOUS
100
AcDbLine
 10
1.1561146062992125
 20
0.9985236220472441
 30
0
 11
1.1561146062992125
 21
1.0011702362204724
 31
0
  0
LINE
  5
78F
330
1A
100
AcDbEntity
  8
BLACK
  6
CONTINUOUS
100
AcDbLine
 10
1.1561146062992125
 20
1.0011702362204724
 30
0
 11
1.1552709842519684
 21
1.0011702362204724
 31
0
  0
LINE
  5
790
330
1A
100
AcDbEntity
  8
BLACK
  6
CONTINUOUS
100
AcDbLine
 10
1.1552709842519684
 20
1.0011702362204724
 30
0
 11
1.1545176771653543
 21
1.0013200787401575
 31
0
  0
LINE
  5
791
330
1A
100
AcDbEntity
  8
BLACK
  6
CONTINUOUS
100
AcDbLine
 10
1.1545176771653543
 20
1.0013200787401575
 30
0
 11
1.1534523228346456
 21
1.0023854330708661
 31
0
  0
LINE
  5
792
330
1A
100
AcDbEntity
  8
BLACK
  6
CONTINUOUS
100
AcDbLine
 10
1.1534523228346456
 20
1.0023854330708661
 30
0
 11
1.1534523228346456
 21
1.0038920472440944
 31
0
  0
LINE
  5
793
330
1A
100
AcDbEntity
  8
BLACK
  6
CONTINUOUS
100
AcDbLine
 10
1.1534523228346456
 20
1.0038920472440944
 30
0
 11
1.1541862598425197
 21
1.0046259842519685
 31
0
  0
LINE
  5
794
330
1A
100
AcDbEntity
  8
BLACK
  6
CONTINUOUS
100
AcDbLine
 10
1.1541862598425197
 20
1.0046259842519685
 30
0
 11
1.1482617716535433
 21
1.0046259842519685
 31
0
  0
LINE
  5
795
330
1A
100
AcDbEntity
  8
BLACK
  6
CONTINUOUS
100
AcDbLine
 10
0.9873031496062992
 20
1.0873031496062993
 30
0
 11
0.9873031496062992
 21
1.0065944881889763
 31
0
  0
LINE
  5
796
330
1A
100
AcDbEntity
  8
BLACK
  6
CONTINUOUS
100
AcDbLine
 10
0.9873031496062992
 20
1.0065944881889763
 30
0
 11
1.048307125984252
 21
1.0065944881889763
 31
0
  0
LINE
  5
797
330
1A
100
AcDbEntity
  8
BLACK
  6
CONTINUOUS
100
AcDbLine
 10
1.048307125984252
 20
1.0065944881889763
 30
0
 11
1.0474792913385826
 21
1.0090779527559055
 31
0
  0
LINE
  5
798
330
1A
100
AcDbEntity
  8
BLACK
  6
CONTINUOUS
100
AcDbLine
 10
1.0474792913385826
 20
1.0090779527559055
 30
0
 11
1.0473832283464566
 21
1.0098399606299213
 31
0
  0
LINE
  5
799
330
1A
100
AcDbEntity
  8
BLACK
  6
CONTINUOUS
100
AcDbLine
 10
1.0473832283464566
 20
1.0098399606299213
 30
0
 11
1.0480570078740157
 21
1.011187559055118
 31
0
  0
LINE
  5
79A
330
1A
100
AcDbEntity
  8
BLACK
  6
CONTINUOUS
100
AcDbLine
 10
1.0480570078740157
 20
1.011187559055118
 30
0
 11
1.0494862992125984
 21
1.0116639763779527
 31
0
  0
LINE
  5
79B
330
1A
100
AcDbEntity
  8
BLACK
  6
CONTINUOUS
100
AcDbLine
 10
1.0494862992125984
 20
1.0116639763779527
 30
0
 11
1.0508338976377953
 21
1.0109901968503936
 31
0
  0
LINE
  5
79C
330
1A
100
AcDbEntity
  8
BLACK
  6
CONTINUOUS
100
AcDbLine
 10
1.0508338976377953
 20
1.0109901968503936
 30
0
 11
1.0512142519685039
 21
1.0103229133858267
 31
0
  0
LINE
  5
79D
330
1A
100
AcDbEntity
  8
BLACK
  6
CONTINUOUS
100
AcDbLine
 10
1.0512142519685039
 20
1.0103229133858267
 30
0
 11
1.0524570472440944
 21
1.0065944881889763
 31
0
  0
LINE
  5
79E
330
1A
100
AcDbEntity
  8
BLACK
  6
CONTINUOUS
100
AcDbLine
 10
1.0524570472440944
 20
1.0065944881889763
 30
0
 11
1.0593598031496063
 21
1.0065944881889763
 31
0
  0
LINE
  5
79F
330
1A
100
AcDbEntity
  8
BLACK
  6
CONTINUOUS
100
AcDbLine
 10
1.0593598031496063
 20
1.0065944881889763
 30
0
 11
1.0606026377952755
 21
1.0103229133858267
 31
0
  0
LINE
  5
7A0
330
1A
100
AcDbEntity
  8
BLACK
  6
CONTINUOUS
100
AcDbLine
 10
1.0606026377952755
 20
1.0103229133858267
 30
0
 11
1.0609829921259841
 21
1.0109901968503936
 31
0
  0
LINE
  5
7A1
330
1A
100
AcDbEntity
  8
BLACK
  6
CONTINUOUS
100
AcDbLine
 10
1.0609829921259841
 20
1.0109901968503936
 30
0
 11
1.0623305905511811
 21
1.0116639763779527
 31
0
  0
LINE
  5
7A2
330
1A
100
AcDbEntity
  8
BLACK
  6
CONTINUOUS
100
AcDbLine
 10
1.0623305905511811
 20
1.0116639763779527
 30
0
 11
1.0637598818897638
 21
1.0111875196850393
 31
0
  0
LINE
  5
7A3
330
1A
100
AcDbEntity
  8
BLACK
  6
CONTINUOUS
100
AcDbLine
 10
1.0637598818897638
 20
1.0111875196850393
 30
0
 11
1.0644336614173229
 21
1.0098399606299213
 31
0
  0
LINE
  5
7A4
330
1A
100
AcDbEntity
  8
BLACK
  6
CONTINUOUS
100
AcDbLine
 10
1.0644336614173229
 20
1.0098399606299213
 30
0
 11
1.0643375984251968
 21
1.0090779133858268
 31
0
  0
LINE
  5
7A5
330
1A
100
AcDbEntity
  8
BLACK
  6
CONTINUOUS
100
AcDbLine
 10
1.0643375984251968
 20
1.0090779133858268
 30
0
 11
1.0635098031496062
 21
1.0065944881889763
 31
0
  0
LINE
  5
7A6
330
1A
100
AcDbEntity
  8
BLACK
  6
CONTINUOUS
100
AcDbLine
 10
1.0635098031496062
 20
1.0065944881889763
 30
0
 11
1.0676214173228347
 21
1.0065944881889763
 31
0
  0
LINE
  5
7A7
330
1A
100
AcDbEntity
  8
BLACK
  6
CONTINUOUS
100
AcDbLine
 10
1.0676214173228347
 20
1.0065944881889763
 30
0
 11
1.0682085039370079
 21
1.0077686220472442
 31
0
  0
LINE
  5
7A8
330
1A
100
AcDbEntity
  8
BLACK
  6
CONTINUOUS
100
AcDbLine
 10
1.0682085039370079
 20
1.0077686220472442
 30
0
 11
1.0684020078740157
 21
1.0080180314960629
 31
0
  0
LINE
  5
7A9
330
1A
100
AcDbEntity
  8
BLACK
  6
CONTINUOUS
100
AcDbLine
 10
1.0684020078740157
 20
1.0080180314960629
 30
0
 11
1.0685772440944881
 21
1.0082801968503936
 31
0
  0
LINE
  5
7AA
330
1A
100
AcDbEntity
  8
BLACK
  6
CONTINUOUS
100
AcDbLine
 10
1.0685772440944881
 20
1.0082801968503936
 30
0
 11
1.0704519685039371
 21
1.0101549606299212
 31
0
  0
LINE
  5
7AB
330
1A
100
AcDbEntity
  8
BLACK
  6
CONTINUOUS
100
AcDbLine
 10
1.0704519685039371
 20
1.0101549606299212
 30
0
 11
1.0705339763779527
 21
1.0102098031496063
 31
0
  0
LINE
  5
7AC
330
1A
100
AcDbEntity
  8
BLACK
  6
CONTINUOUS
100
AcDbLine
 10
1.0705339763779527
 20
1.0102098031496063
 30
0
 11
1.0705541732283463
 21
1.0102501181102361
 31
0
  0
LINE
  5
7AD
330
1A
100
AcDbEntity
  8
BLACK
  6
CONTINUOUS
100
AcDbLine
 10
1.0705541732283463
 20
1.0102501181102361
 30
0
 11
1.0708279527559055
 21
1.0104062204724409
 31
0
  0
LINE
  5
7AE
330
1A
100
AcDbEntity
  8
BLACK
  6
CONTINUOUS
100
AcDbLine
 10
1.0708279527559055
 20
1.0104062204724409
 30
0
 11
1.0710905905511812
 21
1.0105816929133857
 31
0
  0
LINE
  5
7AF
330
1A
100
AcDbEntity
  8
BLACK
  6
CONTINUOUS
100
AcDbLine
 10
1.0710905905511812
 20
1.0105816929133857
 30
0
 11
1.0711357874015748
 21
1.0105816929133857
 31
0
  0
LINE
  5
7B0
330
1A
100
AcDbEntity
  8
BLACK
  6
CONTINUOUS
100
AcDbLine
 10
1.0711357874015748
 20
1.0105816929133857
 30
0
 11
1.0712214173228347
 21
1.0106305118110237
 31
0
  0
LINE
  5
7B1
330
1A
100
AcDbEntity
  8
BLACK
  6
CONTINUOUS
100
AcDbLine
 10
1.0712214173228347
 20
1.0106305118110237
 30
0
 11
1.0740335433070867
 21
1.0115679133858269
 31
0
  0
LINE
  5
7B2
330
1A
100
AcDbEntity
  8
BLACK
  6
CONTINUOUS
100
AcDbLine
 10
1.0740335433070867
 20
1.0115679133858269
 30
0
 11
1.0743465354330708
 21
1.0116074015748031
 31
0
  0
LINE
  5
7B3
330
1A
100
AcDbEntity
  8
BLACK
  6
CONTINUOUS
100
AcDbLine
 10
1.0743465354330708
 20
1.0116074015748031
 30
0
 11
1.074656062992126
 21
1.011668937007874
 31
0
  0
LINE
  5
7B4
330
1A
100
AcDbEntity
  8
BLACK
  6
CONTINUOUS
100
AcDbLine
 10
1.074656062992126
 20
1.011668937007874
 30
0
 11
1.0765308267716536
 21
1.011668937007874
 31
0
  0
LINE
  5
7B5
330
1A
100
AcDbEntity
  8
BLACK
  6
CONTINUOUS
100
AcDbLine
 10
1.0765308267716536
 20
1.011668937007874
 30
0
 11
1.0768403149606298
 21
1.0116074015748031
 31
0
  0
LINE
  5
7B6
330
1A
100
AcDbEntity
  8
BLACK
  6
CONTINUOUS
100
AcDbLine
 10
1.0768403149606298
 20
1.0116074015748031
 30
0
 11
1.0771533464566929
 21
1.0115679133858269
 31
0
  0
LINE
  5
7B7
330
1A
100
AcDbEntity
  8
BLACK
  6
CONTINUOUS
100
AcDbLine
 10
1.0771533464566929
 20
1.0115679133858269
 30
0
 11
1.0799655118110236
 21
1.0106305118110237
 31
0
  0
LINE
  5
7B8
330
1A
100
AcDbEntity
  8
BLACK
  6
CONTINUOUS
100
AcDbLine
 10
1.0799655118110236
 20
1.0106305118110237
 30
0
 11
1.0800511417322833
 21
1.0105816929133857
 31
0
  0
LINE
  5
7B9
330
1A
100
AcDbEntity
  8
BLACK
  6
CONTINUOUS
100
AcDbLine
 10
1.0800511417322833
 20
1.0105816929133857
 30
0
 11
1.0800962992125984
 21
1.0105816929133857
 31
0
  0
LINE
  5
7BA
330
1A
100
AcDbEntity
  8
BLACK
  6
CONTINUOUS
100
AcDbLine
 10
1.0800962992125984
 20
1.0105816929133857
 30
0
 11
1.0803584251968503
 21
1.0104065354330709
 31
0
  0
LINE
  5
7BB
330
1A
100
AcDbEntity
  8
BLACK
  6
CONTINUOUS
100
AcDbLine
 10
1.0803584251968503
 20
1.0104065354330709
 30
0
 11
1.0806327559055118
 21
1.0102501574803149
 31
0
  0
LINE
  5
7BC
330
1A
100
AcDbEntity
  8
BLACK
  6
CONTINUOUS
100
AcDbLine
 10
1.0806327559055118
 20
1.0102501574803149
 30
0
 11
1.0806529527559054
 21
1.0102097244094488
 31
0
  0
LINE
  5
7BD
330
1A
100
AcDbEntity
  8
BLACK
  6
CONTINUOUS
100
AcDbLine
 10
1.0806529527559054
 20
1.0102097244094488
 30
0
 11
1.0807349212598425
 21
1.0101549606299212
 31
0
  0
LINE
  5
7BE
330
1A
100
AcDbEntity
  8
BLACK
  6
CONTINUOUS
100
AcDbLine
 10
1.0807349212598425
 20
1.0101549606299212
 30
0
 11
1.0816722834645669
 21
1.0092175984251968
 31
0
  0
LINE
  5
7BF
330
1A
100
AcDbEntity
  8
BLACK
  6
CONTINUOUS
100
AcDbLine
 10
1.0816722834645669
 20
1.0092175984251968
 30
0
 11
1.0820990157480315
 21
1.0085789763779527
 31
0
  0
LINE
  5
7C0
330
1A
100
AcDbEntity
  8
BLACK
  6
CONTINUOUS
100
AcDbLine
 10
1.0820990157480315
 20
1.0085789763779527
 30
0
 11
1.0820990157480315
 21
1.0070723622047244
 31
0
  0
LINE
  5
7C1
330
1A
100
AcDbEntity
  8
BLACK
  6
CONTINUOUS
100
AcDbLine
 10
1.0820990157480315
 20
1.0070723622047244
 30
0
 11
1.0816211417322834
 21
1.0065944881889763
 31
0
  0
LINE
  5
7C2
330
1A
100
AcDbEntity
  8
BLACK
  6
CONTINUOUS
100
AcDbLine
 10
1.0816211417322834
 20
1.0065944881889763
 30
0
 11
1.0873064566929134
 21
1.0065944881889763
 31
0
  0
LINE
  5
7C3
330
1A
100
AcDbEntity
  8
BLACK
  6
CONTINUOUS
100
AcDbLine
 10
1.0873064566929134
 20
1.0065944881889763
 30
0
 11
1.0878935433070867
 21
1.0077686220472442
 31
0
  0
LINE
  5
7C4
330
1A
100
AcDbEntity
  8
BLACK
  6
CONTINUOUS
100
AcDbLine
 10
1.0878935433070867
 20
1.0077686220472442
 30
0
 11
1.0880870472440944
 21
1.0080180314960629
 31
0
  0
LINE
  5
7C5
330
1A
100
AcDbEntity
  8
BLACK
  6
CONTINUOUS
100
AcDbLine
 10
1.0880870472440944
 20
1.0080180314960629
 30
0
 11
1.088262283464567
 21
1.0082801968503936
 31
0
  0
LINE
  5
7C6
330
1A
100
AcDbEntity
  8
BLACK
  6
CONTINUOUS
100
AcDbLine
 10
1.088262283464567
 20
1.0082801968503936
 30
0
 11
1.0901370078740158
 21
1.0101549606299212
 31
0
  0
LINE
  5
7C7
330
1A
100
AcDbEntity
  8
BLACK
  6
CONTINUOUS
100
AcDbLine
 10
1.0901370078740158
 20
1.0101549606299212
 30
0
 11
1.0902190157480314
 21
1.0102098031496063
 31
0
  0
LINE
  5
7C8
330
1A
100
AcDbEntity
  8
BLACK
  6
CONTINUOUS
100
AcDbLine
 10
1.0902190157480314
 20
1.0102098031496063
 30
0
 11
1.0902392125984253
 21
1.0102501181102361
 31
0
  0
LINE
  5
7C9
330
1A
100
AcDbEntity
  8
BLACK
  6
CONTINUOUS
100
AcDbLine
 10
1.0902392125984253
 20
1.0102501181102361
 30
0
 11
1.0905129921259842
 21
1.0104062204724409
 31
0
  0
LINE
  5
7CA
330
1A
100
AcDbEntity
  8
BLACK
  6
CONTINUOUS
100
AcDbLine
 10
1.0905129921259842
 20
1.0104062204724409
 30
0
 11
1.0907756299212599
 21
1.0105816929133857
 31
0
  0
LINE
  5
7CB
330
1A
100
AcDbEntity
  8
BLACK
  6
CONTINUOUS
100
AcDbLine
 10
1.0907756299212599
 20
1.0105816929133857
 30
0
 11
1.0908208267716535
 21
1.0105816929133857
 31
0
  0
LINE
  5
7CC
330
1A
100
AcDbEntity
  8
BLACK
  6
CONTINUOUS
100
AcDbLine
 10
1.0908208267716535
 20
1.0105816929133857
 30
0
 11
1.0909064566929134
 21
1.0106305118110237
 31
0
  0
LINE
  5
7CD
330
1A
100
AcDbEntity
  8
BLACK
  6
CONTINUOUS
100
AcDbLine
 10
1.0909064566929134
 20
1.0106305118110237
 30
0
 11
1.0937185826771654
 21
1.0115679133858269
 31
0
  0
LINE
  5
7CE
330
1A
100
AcDbEntity
  8
BLACK
  6
CONTINUOUS
100
AcDbLine
 10
1.0937185826771654
 20
1.0115679133858269
 30
0
 11
1.0940315748031495
 21
1.0116074015748031
 31
0
  0
LINE
  5
7CF
330
1A
100
AcDbEntity
  8
BLACK
  6
CONTINUOUS
100
AcDbLine
 10
1.0940315748031495
 20
1.0116074015748031
 30
0
 11
1.0943411023622047
 21
1.011668937007874
 31
0
  0
LINE
  5
7D0
330
1A
100
AcDbEntity
  8
BLACK
  6
CONTINUOUS
100
AcDbLine
 10
1.0943411023622047
 20
1.011668937007874
 30
0
 11
1.0962158661417323
 21
1.011668937007874
 31
0
  0
LINE
  5
7D1
330
1A
100
AcDbEntity
  8
BLACK
  6
CONTINUOUS
100
AcDbLine
 10
1.0962158661417323
 20
1.011668937007874
 30
0
 11
1.0965253543307087
 21
1.0116074015748031
 31
0
  0
LINE
  5
7D2
330
1A
100
AcDbEntity
  8
BLACK
  6
CONTINUOUS
100
AcDbLine
 10
1.0965253543307087
 20
1.0116074015748031
 30
0
 11
1.0968383858267716
 21
1.0115679133858269
 31
0
  0
LINE
  5
7D3
330
1A
100
AcDbEntity
  8
BLACK
  6
CONTINUOUS
100
AcDbLine
 10
1.0968383858267716
 20
1.0115679133858269
 30
0
 11
1.0996505511811023
 21
1.0106305118110237
 31
0
  0
LINE
  5
7D4
330
1A
100
AcDbEntity
  8
BLACK
  6
CONTINUOUS
100
AcDbLine
 10
1.0996505511811023
 20
1.0106305118110237
 30
0
 11
1.0997361811023623
 21
1.0105816929133857
 31
0
  0
LINE
  5
7D5
330
1A
100
AcDbEntity
  8
BLACK
  6
CONTINUOUS
100
AcDbLine
 10
1.0997361811023623
 20
1.0105816929133857
 30
0
 11
1.0997813385826771
 21
1.0105816929133857
 31
0
  0
LINE
  5
7D6
330
1A
100
AcDbEntity
  8
BLACK
  6
CONTINUOUS
100
AcDbLine
 10
1.0997813385826771
 20
1.0105816929133857
 30
0
 11
1.100043464566929
 21
1.0104065354330709
 31
0
  0
LINE
  5
7D7
330
1A
100
AcDbEntity
  8
BLACK
  6
CONTINUOUS
100
AcDbLine
 10
1.100043464566929
 20
1.0104065354330709
 30
0
 11
1.1003177952755905
 21
1.0102501574803149
 31
0
  0
LINE
  5
7D8
330
1A
100
AcDbEntity
  8
BLACK
  6
CONTINUOUS
100
AcDbLine
 10
1.1003177952755905
 20
1.0102501574803149
 30
0
 11
1.1003379921259842
 21
1.0102097244094488
 31
0
  0
LINE
  5
7D9
330
1A
100
AcDbEntity
  8
BLACK
  6
CONTINUOUS
100
AcDbLine
 10
1.1003379921259842
 20
1.0102097244094488
 30
0
 11
1.1004199606299212
 21
1.0101549606299212
 31
0
  0
LINE
  5
7DA
330
1A
100
AcDbEntity
  8
BLACK
  6
CONTINUOUS
100
AcDbLine
 10
1.1004199606299212
 20
1.0101549606299212
 30
0
 11
1.1013573228346456
 21
1.0092175984251968
 31
0
  0
LINE
  5
7DB
330
1A
100
AcDbEntity
  8
BLACK
  6
CONTINUOUS
100
AcDbLine
 10
1.1013573228346456
 20
1.0092175984251968
 30
0
 11
1.1017840551181102
 21
1.0085789763779527
 31
0
  0
LINE
  5
7DC
330
1A
100
AcDbEntity
  8
BLACK
  6
CONTINUOUS
100
AcDbLine
 10
1.1017840551181102
 20
1.0085789763779527
 30
0
 11
1.1017840551181102
 21
1.0070723622047244
 31
0
  0
LINE
  5
7DD
330
1A
100
AcDbEntity
  8
BLACK
  6
CONTINUOUS
100
AcDbLine
 10
1.1017840551181102
 20
1.0070723622047244
 30
0
 11
1.1013061811023621
 21
1.0065944881889763
 31
0
  0
LINE
  5
7DE
330
1A
100
AcDbEntity
  8
BLACK
  6
CONTINUOUS
100
AcDbLine
 10
1.1013061811023621
 20
1.0065944881889763
 30
0
 11
1.1061129527559055
 21
1.0065944881889763
 31
0
  0
LINE
  5
7DF
330
1A
100
AcDbEntity
  8
BLACK
  6
CONTINUOUS
100
AcDbLine
 10
1.1061129527559055
 20
1.0065944881889763
 30
0
 11
1.1064431102362204
 21
1.0098962992125984
 31
0
  0
LINE
  5
7E0
330
1A
100
AcDbEntity
  8
BLACK
  6
CONTINUOUS
100
AcDbLine
 10
1.1064431102362204
 20
1.0098962992125984
 30
0
 11
1.106583188976378
 21
1.0103556299212597
 31
0
  0
LINE
  5
7E1
330
1A
100
AcDbEntity
  8
BLACK
  6
CONTINUOUS
100
AcDbLine
 10
1.106583188976378
 20
1.0103556299212597
 30
0
 11
1.106583188976378
 21
1.0104537401574802
 31
0
  0
LINE
  5
7E2
330
1A
100
AcDbEntity
  8
BLACK
  6
CONTINUOUS
100
AcDbLine
 10
1.106583188976378
 20
1.0104537401574802
 30
0
 11
1.1066262204724409
 21
1.0104968110236221
 31
0
  0
LINE
  5
7E3
330
1A
100
AcDbEntity
  8
BLACK
  6
CONTINUOUS
100
AcDbLine
 10
1.1066262204724409
 20
1.0104968110236221
 30
0
 11
1.1066671653543307
 21
1.0106309448818898
 31
0
  0
LINE
  5
7E4
330
1A
100
AcDbEntity
  8
BLACK
  6
CONTINUOUS
100
AcDbLine
 10
1.1066671653543307
 20
1.0106309448818898
 30
0
 11
1.1071799212598425
 21
1.0110505118110236
 31
0
  0
LINE
  5
7E5
330
1A
100
AcDbEntity
  8
BLACK
  6
CONTINUOUS
100
AcDbLine
 10
1.1071799212598425
 20
1.0110505118110236
 30
0
 11
1.1076485433070866
 21
1.0115190944881889
 31
0
  0
LINE
  5
7E6
330
1A
100
AcDbEntity
  8
BLACK
  6
CONTINUOUS
100
AcDbLine
 10
1.1076485433070866
 20
1.0115190944881889
 30
0
 11
1.1077861023622046
 21
1.0115464960629921
 31
0
  0
LINE
  5
7E7
330
1A
100
AcDbEntity
  8
BLACK
  6
CONTINUOUS
100
AcDbLine
 10
1.1077861023622046
 20
1.0115464960629921
 30
0
 11
1.1078332283464567
 21
1.011585
 31
0
  0
LINE
  5
7E8
330
1A
100
AcDbEntity
  8
BLACK
  6
CONTINUOUS
100
AcDbLine
 10
1.1078332283464567
 20
1.011585
 30
0
 11
1.1079307874015747
 21
1.0115752755905512
 31
0
  0
LINE
  5
7E9
330
1A
100
AcDbEntity
  8
BLACK
  6
CONTINUOUS
100
AcDbLine
 10
1.1079307874015747
 20
1.0115752755905512
 30
0
 11
1.1084018503937008
 21
1.011668937007874
 31
0
  0
LINE
  5
7EA
330
1A
100
AcDbEntity
  8
BLACK
  6
CONTINUOUS
100
AcDbLine
 10
1.1084018503937008
 20
1.011668937007874
 30
0
 11
1.1177756692913385
 21
1.011668937007874
 31
0
  0
LINE
  5
7EB
330
1A
100
AcDbEntity
  8
BLACK
  6
CONTINUOUS
100
AcDbLine
 10
1.1177756692913385
 20
1.011668937007874
 30
0
 11
1.1185289763779527
 21
1.0115190944881889
 31
0
  0
LINE
  5
7EC
330
1A
100
AcDbEntity
  8
BLACK
  6
CONTINUOUS
100
AcDbLine
 10
1.1185289763779527
 20
1.0115190944881889
 30
0
 11
1.1195943307086613
 21
1.0104537401574802
 31
0
  0
LINE
  5
7ED
330
1A
100
AcDbEntity
  8
BLACK
  6
CONTINUOUS
100
AcDbLine
 10
1.1195943307086613
 20
1.0104537401574802
 30
0
 11
1.1195943307086613
 21
1.008947125984252
 31
0
  0
LINE
  5
7EE
330
1A
100
AcDbEntity
  8
BLACK
  6
CONTINUOUS
100
AcDbLine
 10
1.1195943307086613
 20
1.008947125984252
 30
0
 11
1.1185289763779527
 21
1.0078817716535433
 31
0
  0
LINE
  5
7EF
330
1A
100
AcDbEntity
  8
BLACK
  6
CONTINUOUS
100
AcDbLine
 10
1.1185289763779527
 20
1.0078817716535433
 30
0
 11
1.1177756692913385
 21
1.0077319291338582
 31
0
  0
LINE
  5
7F0
330
1A
100
AcDbEntity
  8
BLACK
  6
CONTINUOUS
100
AcDbLine
 10
1.1177756692913385
 20
1.0077319291338582
 30
0
 11
1.1101833464566928
 21
1.0077319291338582
 31
0
  0
LINE
  5
7F1
330
1A
100
AcDbEntity
  8
BLACK
  6
CONTINUOUS
100
AcDbLine
 10
1.1101833464566928
 20
1.0077319291338582
 30
0
 11
1.1100696062992126
 21
1.0065944881889763
 31
0
  0
LINE
  5
7F2
330
1A
100
AcDbEntity
  8
BLACK
  6
CONTINUOUS
100
AcDbLine
 10
1.1100696062992126
 20
1.0065944881889763
 30
0
 11
1.1561146062992125
 21
1.0065944881889763
 31
0
  0
LINE
  5
7F3
330
1A
100
AcDbEntity
  8
BLACK
  6
CONTINUOUS
100
AcDbLine
 10
1.1561146062992125
 20
1.0065944881889763
 30
0
 11
1.1561146062992125
 21
1.0097004330708661
 31
0
  0
LINE
  5
7F4
330
1A
100
AcDbEntity
  8
BLACK
  6
CONTINUOUS
100
AcDbLine
 10
1.1561146062992125
 20
1.0097004330708661
 30
0
 11
1.1562644488188976
 21
1.0104537401574802
 31
0
  0
LINE
  5
7F5
330
1A
100
AcDbEntity
  8
BLACK
  6
CONTINUOUS
100
AcDbLine
 10
1.1562644488188976
 20
1.0104537401574802
 30
0
 11
1.1573298031496062
 21
1.0115190944881889
 31
0
  0
LINE
  5
7F6
330
1A
100
AcDbEntity
  8
BLACK
  6
CONTINUOUS
100
AcDbLine
 10
1.1573298031496062
 20
1.0115190944881889
 30
0
 11
1.1588364173228347
 21
1.0115190944881889
 31
0
  0
LINE
  5
7F7
330
1A
100
AcDbEntity
  8
BLACK
  6
CONTINUOUS
100
AcDbLine
 10
1.1588364173228347
 20
1.0115190944881889
 30
0
 11
1.1599017716535434
 21
1.0104537401574802
 31
0
  0
LINE
  5
7F8
330
1A
100
AcDbEntity
  8
BLACK
  6
CONTINUOUS
100
AcDbLine
 10
1.1599017716535434
 20
1.0104537401574802
 30
0
 11
1.1600516141732282
 21
1.0097004330708661
 31
0
  0
LINE
  5
7F9
330
1A
100
AcDbEntity
  8
BLACK
  6
CONTINUOUS
100
AcDbLine
 10
1.1600516141732282
 20
1.0097004330708661
 30
0
 11
1.1600516141732282
 21
1.0065944881889763
 31
0
  0
LINE
  5
7FA
330
1A
100
AcDbEntity
  8
BLACK
  6
CONTINUOUS
100
AcDbLine
 10
1.1600516141732282
 20
1.0065944881889763
 30
0
 11
1.1664370078740158
 21
1.0065944881889763
 31
0
  0
LINE
  5
7FB
330
1A
100
AcDbEntity
  8
BLACK
  6
CONTINUOUS
100
AcDbLine
 10
1.1664370078740158
 20
1.0065944881889763
 30
0
 11
1.1664370078740158
 21
1.0873031496062993
 31
0
  0
LINE
  5
7FC
330
1A
100
AcDbEntity
  8
BLACK
  6
CONTINUOUS
100
AcDbLine
 10
1.1664370078740158
 20
1.0873031496062993
 30
0
 11
0.9873031496062992
 21
1.0873031496062993
 31
0
  0
LINE
  5
7FD
330
1A
100
AcDbEntity
  8
BLACK
  6
CONTINUOUS
100
AcDbLine
 10
1.072907283464567
 20
1.0070425196850394
 30
0
 11
1.0724592519685039
 21
1.0065944881889763
 31
0
  0
LINE
  5
7FE
330
1A
100
AcDbEntity
  8
BLACK
  6
CONTINUOUS
100
AcDbLine
 10
1.0724592519685039
 20
1.0065944881889763
 30
0
 11
1.0787276771653542
 21
1.0065944881889763
 31
0
  0
LINE
  5
7FF
330
1A
100
AcDbEntity
  8
BLACK
  6
CONTINUOUS
100
AcDbLine
 10
1.0787276771653542
 20
1.0065944881889763
 30
0
 11
1.0782796456692914
 21
1.0070425196850394
 31
0
  0
LINE
  5
800
330
1A
100
AcDbEntity
  8
BLACK
  6
CONTINUOUS
100
AcDbLine
 10
1.0782796456692914
 20
1.0070425196850394
 30
0
 11
1.0762113779527558
 21
1.0077319291338582
 31
0
  0
LINE
  5
801
330
1A
100
AcDbEntity
  8
BLACK
  6
CONTINUOUS
100
AcDbLine
 10
1.0762113779527558
 20
1.0077319291338582
 30
0
 11
1.0749755118110236
 21
1.0077319291338582
 31
0
  0
LINE
  5
802
330
1A
100
AcDbEntity
  8
BLACK
  6
CONTINUOUS
100
AcDbLine
 10
1.0749755118110236
 20
1.0077319291338582
 30
0
 11
1.072907283464567
 21
1.0070425196850394
 31
0
  0
LINE
  5
803
330
1A
100
AcDbEntity
  8
BLACK
  6
CONTINUOUS
100
AcDbLine
 10
1.0925923228346457
 20
1.0070425196850394
 30
0
 11
1.0921442913385826
 21
1.0065944881889763
 31
0
  0
LINE
  5
804
330
1A
100
AcDbEntity
  8
BLACK
  6
CONTINUOUS
100
AcDbLine
 10
1.0921442913385826
 20
1.0065944881889763
 30
0
 11
1.0984127165354332
 21
1.0065944881889763
 31
0
  0
LINE
  5
805
330
1A
100
AcDbEntity
  8
BLACK
  6
CONTINUOUS
100
AcDbLine
 10
1.0984127165354332
 20
1.0065944881889763
 30
0
 11
1.0979646850393701
 21
1.0070425196850394
 31
0
  0
LINE
  5
806
330
1A
100
AcDbEntity
  8
BLACK
  6
CONTINUOUS
100
AcDbLine
 10
1.0979646850393701
 20
1.0070425196850394
 30
0
 11
1.0958964173228347
 21
1.0077319291338582
 31
0
  0
LINE
  5
807
330
1A
100
AcDbEntity
  8
BLACK
  6
CONTINUOUS
100
AcDbLine
 10
1.0958964173228347
 20
1.0077319291338582
 30
0
 11
1.0946605511811023
 21
1.0077319291338582
 31
0
  0
LINE
  5
808
330
1A
100
AcDbEntity
  8
BLACK
  6
CONTINUOUS
100
AcDbLine
 10
1.0946605511811023
 20
1.0077319291338582
 30
0
 11
1.0925923228346457
 21
1.0070425196850394
 31
0
  0
LINE
  5
809
330
1A
100
AcDbEntity
  8
BLACK
  6
CONTINUOUS
100
AcDbLine
 10
1.2944020078740157
 20
1.0868110236220472
 30
0
 11
1.2944020078740157
 21
1.0845035826771654
 31
0
  0
LINE
  5
80A
330
1A
100
AcDbEntity
  8
BLACK
  6
CONTINUOUS
100
AcDbLine
 10
1.2944020078740157
 20
1.0845035826771654
 30
0
 11
1.2942521653543306
 21
1.0837502755905513
 31
0
  0
LINE
  5
80B
330
1A
100
AcDbEntity
  8
BLACK
  6
CONTINUOUS
100
AcDbLine
 10
1.2942521653543306
 20
1.0837502755905513
 30
0
 11
1.293186811023622
 21
1.0826849212598424
 31
0
  0
LINE
  5
80C
330
1A
100
AcDbEntity
  8
BLACK
  6
CONTINUOUS
100
AcDbLine
 10
1.293186811023622
 20
1.0826849212598424
 30
0
 11
1.2916801968503937
 21
1.0826849212598424
 31
0
  0
LINE
  5
80D
330
1A
100
AcDbEntity
  8
BLACK
  6
CONTINUOUS
100
AcDbLine
 10
1.2916801968503937
 20
1.0826849212598424
 30
0
 11
1.2915611811023622
 21
1.0828039370078739
 31
0
  0
LINE
  5
80E
330
1A
100
AcDbEntity
  8
BLACK
  6
CONTINUOUS
100
AcDbLine
 10
1.2915611811023622
 20
1.0828039370078739
 30
0
 11
1.2914390551181103
 21
1.0827428740157481
 31
0
  0
LINE
  5
80F
330
1A
100
AcDbEntity
  8
BLACK
  6
CONTINUOUS
100
AcDbLine
 10
1.2914390551181103
 20
1.0827428740157481
 30
0
 11
1.2913439370078741
 21
1.0827168503937008
 31
0
  0
LINE
  5
810
330
1A
100
AcDbEntity
  8
BLACK
  6
CONTINUOUS
100
AcDbLine
 10
1.2913439370078741
 20
1.0827168503937008
 30
0
 11
1.2913120472440944
 21
1.0826849212598424
 31
0
  0
LINE
  5
811
330
1A
100
AcDbEntity
  8
BLACK
  6
CONTINUOUS
100
AcDbLine
 10
1.2913120472440944
 20
1.0826849212598424
 30
0
 11
1.2910025590551182
 21
1.0826233858267715
 31
0
  0
LINE
  5
812
330
1A
100
AcDbEntity
  8
BLACK
  6
CONTINUOUS
100
AcDbLine
 10
1.2910025590551182
 20
1.0826233858267715
 30
0
 11
1.2906982677165355
 21
1.0825400393700788
 31
0
  0
LINE
  5
813
330
1A
100
AcDbEntity
  8
BLACK
  6
CONTINUOUS
100
AcDbLine
 10
1.2906982677165355
 20
1.0825400393700788
 30
0
 11
1.2906554330708662
 21
1.0825543307086614
 31
0
  0
LINE
  5
814
330
1A
100
AcDbEntity
  8
BLACK
  6
CONTINUOUS
100
AcDbLine
 10
1.2906554330708662
 20
1.0825543307086614
 30
0
 11
1.2905587401574803
 21
1.0825350787401575
 31
0
  0
LINE
  5
815
330
1A
100
AcDbEntity
  8
BLACK
  6
CONTINUOUS
100
AcDbLine
 10
1.2905587401574803
 20
1.0825350787401575
 30
0
 11
1.285871811023622
 21
1.0825350787401575
 31
0
  0
LINE
  5
816
330
1A
100
AcDbEntity
  8
BLACK
  6
CONTINUOUS
100
AcDbLine
 10
1.285871811023622
 20
1.0825350787401575
 30
0
 11
1.2857750787401574
 21
1.0825543307086614
 31
0
  0
LINE
  5
817
330
1A
100
AcDbEntity
  8
BLACK
  6
CONTINUOUS
100
AcDbLine
 10
1.2857750787401574
 20
1.0825543307086614
 30
0
 11
1.2857322440944881
 21
1.0825400393700788
 31
0
  0
LINE
  5
818
330
1A
100
AcDbEntity
  8
BLACK
  6
CONTINUOUS
100
AcDbLine
 10
1.2857322440944881
 20
1.0825400393700788
 30
0
 11
1.2854279921259841
 21
1.0826233858267715
 31
0
  0
LINE
  5
819
330
1A
100
AcDbEntity
  8
BLACK
  6
CONTINUOUS
100
AcDbLine
 10
1.2854279921259841
 20
1.0826233858267715
 30
0
 11
1.2851185039370079
 21
1.0826849212598424
 31
0
  0
LINE
  5
81A
330
1A
100
AcDbEntity
  8
BLACK
  6
CONTINUOUS
100
AcDbLine
 10
1.2851185039370079
 20
1.0826849212598424
 30
0
 11
1.2850865354330709
 21
1.0827168897637796
 31
0
  0
LINE
  5
81B
330
1A
100
AcDbEntity
  8
BLACK
  6
CONTINUOUS
100
AcDbLine
 10
1.2850865354330709
 20
1.0827168897637796
 30
0
 11
1.2849914566929133
 21
1.0827429133858268
 31
0
  0
LINE
  5
81C
330
1A
100
AcDbEntity
  8
BLACK
  6
CONTINUOUS
100
AcDbLine
 10
1.2849914566929133
 20
1.0827429133858268
 30
0
 11
1.2831167322834645
 21
1.0836802362204725
 31
0
  0
LINE
  5
81D
330
1A
100
AcDbEntity
  8
BLACK
  6
CONTINUOUS
100
AcDbLine
 10
1.2831167322834645
 20
1.0836802362204725
 30
0
 11
1.2828070078740157
 21
1.0839206299212598
 31
0
  0
LINE
  5
81E
330
1A
100
AcDbEntity
  8
BLACK
  6
CONTINUOUS
100
AcDbLine
 10
1.2828070078740157
 20
1.0839206299212598
 30
0
 11
1.2827072440944882
 21
1.0839538582677166
 31
0
  0
LINE
  5
81F
330
1A
100
AcDbEntity
  8
BLACK
  6
CONTINUOUS
100
AcDbLine
 10
1.2827072440944882
 20
1.0839538582677166
 30
0
 11
1.2826210236220472
 21
1.0840649606299213
 31
0
  0
LINE
  5
820
330
1A
100
AcDbEntity
  8
BLACK
  6
CONTINUOUS
100
AcDbLine
 10
1.2826210236220472
 20
1.0840649606299213
 30
0
 11
1.2825099606299213
 21
1.0841511417322833
 31
0
  0
LINE
  5
821
330
1A
100
AcDbEntity
  8
BLACK
  6
CONTINUOUS
100
AcDbLine
 10
1.2825099606299213
 20
1.0841511417322833
 30
0
 11
1.2824766929133857
 21
1.0842509448818898
 31
0
  0
LINE
  5
822
330
1A
100
AcDbEntity
  8
BLACK
  6
CONTINUOUS
100
AcDbLine
 10
1.2824766929133857
 20
1.0842509448818898
 30
0
 11
1.2822363385826772
 21
1.0845606299212598
 31
0
  0
LINE
  5
823
330
1A
100
AcDbEntity
  8
BLACK
  6
CONTINUOUS
100
AcDbLine
 10
1.2822363385826772
 20
1.0845606299212598
 30
0
 11
1.2812989763779528
 21
1.0864354330708661
 31
0
  0
LINE
  5
824
330
1A
100
AcDbEntity
  8
BLACK
  6
CONTINUOUS
100
AcDbLine
 10
1.2812989763779528
 20
1.0864354330708661
 30
0
 11
1.2812729133858267
 21
1.0865305511811023
 31
0
  0
LINE
  5
825
330
1A
100
AcDbEntity
  8
BLACK
  6
CONTINUOUS
100
AcDbLine
 10
1.2812729133858267
 20
1.0865305511811023
 30
0
 11
1.2812410236220473
 21
1.086562440944882
 31
0
  0
LINE
  5
826
330
1A
100
AcDbEntity
  8
BLACK
  6
CONTINUOUS
100
AcDbLine
 10
1.2812410236220473
 20
1.086562440944882
 30
0
 11
1.2811915748031495
 21
1.0868110236220472
 31
0
  0
LINE
  5
827
330
1A
100
AcDbEntity
  8
BLACK
  6
CONTINUOUS
100
AcDbLine
 10
1.2811915748031495
 20
1.0868110236220472
 30
0
 11
1.2753474409448819
 21
1.0868110236220472
 31
0
  0
LINE
  5
828
330
1A
100
AcDbEntity
  8
BLACK
  6
CONTINUOUS
100
AcDbLine
 10
1.2753474409448819
 20
1.0868110236220472
 30
0
 11
1.2760253543307087
 21
1.0864720866141733
 31
0
  0
LINE
  5
829
330
1A
100
AcDbEntity
  8
BLACK
  6
CONTINUOUS
100
AcDbLine
 10
1.2760253543307087
 20
1.0864720866141733
 30
0
 11
1.2774353937007874
 21
1.0864720866141733
 31
0
  0
LINE
  5
82A
330
1A
100
AcDbEntity
  8
BLACK
  6
CONTINUOUS
100
AcDbLine
 10
1.2774353937007874
 20
1.0864720866141733
 30
0
 11
1.2781887007874015
 21
1.0863222440944882
 31
0
  0
LINE
  5
82B
330
1A
100
AcDbEntity
  8
BLACK
  6
CONTINUOUS
100
AcDbLine
 10
1.2781887007874015
 20
1.0863222440944882
 30
0
 11
1.2792540551181102
 21
1.0852568897637795
 31
0
  0
LINE
  5
82C
330
1A
100
AcDbEntity
  8
BLACK
  6
CONTINUOUS
100
AcDbLine
 10
1.2792540551181102
 20
1.0852568897637795
 30
0
 11
1.2792540551181102
 21
1.0837502755905513
 31
0
  0
LINE
  5
82D
330
1A
100
AcDbEntity
  8
BLACK
  6
CONTINUOUS
100
AcDbLine
 10
1.2792540551181102
 20
1.0837502755905513
 30
0
 11
1.2781887007874015
 21
1.0826849212598424
 31
0
  0
LINE
  5
82E
330
1A
100
AcDbEntity
  8
BLACK
  6
CONTINUOUS
100
AcDbLine
 10
1.2781887007874015
 20
1.0826849212598424
 30
0
 11
1.2774353937007874
 21
1.0825350787401575
 31
0
  0
LINE
  5
82F
330
1A
100
AcDbEntity
  8
BLACK
  6
CONTINUOUS
100
AcDbLine
 10
1.2774353937007874
 20
1.0825350787401575
 30
0
 11
1.2755606299212598
 21
1.0825350787401575
 31
0
  0
LINE
  5
830
330
1A
100
AcDbEntity
  8
BLACK
  6
CONTINUOUS
100
AcDbLine
 10
1.2755606299212598
 20
1.0825350787401575
 30
0
 11
1.2754638976377952
 21
1.0825543307086614
 31
0
  0
LINE
  5
831
330
1A
100
AcDbEntity
  8
BLACK
  6
CONTINUOUS
100
AcDbLine
 10
1.2754638976377952
 20
1.0825543307086614
 30
0
 11
1.2754210629921259
 21
1.0825400393700788
 31
0
  0
LINE
  5
832
330
1A
100
AcDbEntity
  8
BLACK
  6
CONTINUOUS
100
AcDbLine
 10
1.2754210629921259
 20
1.0825400393700788
 30
0
 11
1.275116811023622
 21
1.0826233858267715
 31
0
  0
LINE
  5
833
330
1A
100
AcDbEntity
  8
BLACK
  6
CONTINUOUS
100
AcDbLine
 10
1.275116811023622
 20
1.0826233858267715
 30
0
 11
1.2748073228346457
 21
1.0826849212598424
 31
0
  0
LINE
  5
834
330
1A
100
AcDbEntity
  8
BLACK
  6
CONTINUOUS
100
AcDbLine
 10
1.2748073228346457
 20
1.0826849212598424
 30
0
 11
1.2747753543307085
 21
1.0827168897637796
 31
0
  0
LINE
  5
835
330
1A
100
AcDbEntity
  8
BLACK
  6
CONTINUOUS
100
AcDbLine
 10
1.2747753543307085
 20
1.0827168897637796
 30
0
 11
1.2746802755905511
 21
1.0827429133858268
 31
0
  0
LINE
  5
836
330
1A
100
AcDbEntity
  8
BLACK
  6
CONTINUOUS
100
AcDbLine
 10
1.2746802755905511
 20
1.0827429133858268
 30
0
 11
1.2728055511811023
 21
1.0836802362204725
 31
0
  0
LINE
  5
837
330
1A
100
AcDbEntity
  8
BLACK
  6
CONTINUOUS
100
AcDbLine
 10
1.2728055511811023
 20
1.0836802362204725
 30
0
 11
1.2724958661417323
 21
1.0839205905511811
 31
0
  0
LINE
  5
838
330
1A
100
AcDbEntity
  8
BLACK
  6
CONTINUOUS
100
AcDbLine
 10
1.2724958661417323
 20
1.0839205905511811
 30
0
 11
1.2723961023622048
 21
1.0839538188976379
 31
0
  0
LINE
  5
839
330
1A
100
AcDbEntity
  8
BLACK
  6
CONTINUOUS
100
AcDbLine
 10
1.2723961023622048
 20
1.0839538188976379
 30
0
 11
1.272309842519685
 21
1.0840649212598426
 31
0
  0
LINE
  5
83A
330
1A
100
AcDbEntity
  8
BLACK
  6
CONTINUOUS
100
AcDbLine
 10
1.272309842519685
 20
1.0840649212598426
 30
0
 11
1.2721987795275591
 21
1.0841511417322833
 31
0
  0
LINE
  5
83B
330
1A
100
AcDbEntity
  8
BLACK
  6
CONTINUOUS
100
AcDbLine
 10
1.2721987795275591
 20
1.0841511417322833
 30
0
 11
1.2721655118110236
 21
1.0842509448818898
 31
0
  0
LINE
  5
83C
330
1A
100
AcDbEntity
  8
BLACK
  6
CONTINUOUS
100
AcDbLine
 10
1.2721655118110236
 20
1.0842509448818898
 30
0
 11
1.2719251968503937
 21
1.084560590551181
 31
0
  0
LINE
  5
83D
330
1A
100
AcDbEntity
  8
BLACK
  6
CONTINUOUS
100
AcDbLine
 10
1.2719251968503937
 20
1.084560590551181
 30
0
 11
1.2709877952755906
 21
1.0864353937007873
 31
0
  0
LINE
  5
83E
330
1A
100
AcDbEntity
  8
BLACK
  6
CONTINUOUS
100
AcDbLine
 10
1.2709877952755906
 20
1.0864353937007873
 30
0
 11
1.2709617322834645
 21
1.0865305118110236
 31
0
  0
LINE
  5
83F
330
1A
100
AcDbEntity
  8
BLACK
  6
CONTINUOUS
100
AcDbLine
 10
1.2709617322834645
 20
1.0865305118110236
 30
0
 11
1.2709298031496064
 21
1.086562440944882
 31
0
  0
LINE
  5
840
330
1A
100
AcDbEntity
  8
BLACK
  6
CONTINUOUS
100
AcDbLine
 10
1.2709298031496064
 20
1.086562440944882
 30
0
 11
1.2708803543307086
 21
1.0868110236220472
 31
0
  0
LINE
  5
841
330
1A
100
AcDbEntity
  8
BLACK
  6
CONTINUOUS
100
AcDbLine
 10
1.2708803543307086
 20
1.0868110236220472
 30
0
 11
1.2661800787401574
 21
1.0868110236220472
 31
0
  0
LINE
  5
842
330
1A
100
AcDbEntity
  8
BLACK
  6
CONTINUOUS
100
AcDbLine
 10
1.2661800787401574
 20
1.0868110236220472
 30
0
 11
1.2661306692913386
 21
1.086562440944882
 31
0
  0
LINE
  5
843
330
1A
100
AcDbEntity
  8
BLACK
  6
CONTINUOUS
100
AcDbLine
 10
1.2661306692913386
 20
1.086562440944882
 30
0
 11
1.2660987401574804
 21
1.0865305511811023
 31
0
  0
LINE
  5
844
330
1A
100
AcDbEntity
  8
BLACK
  6
CONTINUOUS
100
AcDbLine
 10
1.2660987401574804
 20
1.0865305511811023
 30
0
 11
1.2660727165354331
 21
1.0864354330708661
 31
0
  0
LINE
  5
845
330
1A
100
AcDbEntity
  8
BLACK
  6
CONTINUOUS
100
AcDbLine
 10
1.2660727165354331
 20
1.0864354330708661
 30
0
 11
1.2651353543307087
 21
1.0845606299212598
 31
0
  0
LINE
  5
846
330
1A
100
AcDbEntity
  8
BLACK
  6
CONTINUOUS
100
AcDbLine
 10
1.2651353543307087
 20
1.0845606299212598
 30
0
 11
1.2648949606299211
 21
1.0842509448818898
 31
0
  0
LINE
  5
847
330
1A
100
AcDbEntity
  8
BLACK
  6
CONTINUOUS
100
AcDbLine
 10
1.2648949606299211
 20
1.0842509448818898
 30
0
 11
1.2648617322834645
 21
1.0841511417322833
 31
0
  0
LINE
  5
848
330
1A
100
AcDbEntity
  8
BLACK
  6
CONTINUOUS
100
AcDbLine
 10
1.2648617322834645
 20
1.0841511417322833
 30
0
 11
1.2647506299212599
 21
1.0840649606299213
 31
0
  0
LINE
  5
849
330
1A
100
AcDbEntity
  8
BLACK
  6
CONTINUOUS
100
AcDbLine
 10
1.2647506299212599
 20
1.0840649606299213
 30
0
 11
1.2646644488188976
 21
1.0839538582677166
 31
0
  0
LINE
  5
84A
330
1A
100
AcDbEntity
  8
BLACK
  6
CONTINUOUS
100
AcDbLine
 10
1.2646644488188976
 20
1.0839538582677166
 30
0
 11
1.2645646456692914
 21
1.0839206299212598
 31
0
  0
LINE
  5
84B
330
1A
100
AcDbEntity
  8
BLACK
  6
CONTINUOUS
100
AcDbLine
 10
1.2645646456692914
 20
1.0839206299212598
 30
0
 11
1.2642549606299212
 21
1.0836802362204725
 31
0
  0
LINE
  5
84C
330
1A
100
AcDbEntity
  8
BLACK
  6
CONTINUOUS
100
AcDbLine
 10
1.2642549606299212
 20
1.0836802362204725
 30
0
 11
1.2623801968503936
 21
1.0827428740157481
 31
0
  0
LINE
  5
84D
330
1A
100
AcDbEntity
  8
BLACK
  6
CONTINUOUS
100
AcDbLine
 10
1.2623801968503936
 20
1.0827428740157481
 30
0
 11
1.2622850787401574
 21
1.0827168503937008
 31
0
  0
LINE
  5
84E
330
1A
100
AcDbEntity
  8
BLACK
  6
CONTINUOUS
100
AcDbLine
 10
1.2622850787401574
 20
1.0827168503937008
 30
0
 11
1.2622531889763779
 21
1.0826849212598424
 31
0
  0
LINE
  5
84F
330
1A
100
AcDbEntity
  8
BLACK
  6
CONTINUOUS
100
AcDbLine
 10
1.2622531889763779
 20
1.0826849212598424
 30
0
 11
1.2619437007874015
 21
1.0826233858267715
 31
0
  0
LINE
  5
850
330
1A
100
AcDbEntity
  8
BLACK
  6
CONTINUOUS
100
AcDbLine
 10
1.2619437007874015
 20
1.0826233858267715
 30
0
 11
1.2616394094488188
 21
1.0825400393700788
 31
0
  0
LINE
  5
851
330
1A
100
AcDbEntity
  8
BLACK
  6
CONTINUOUS
100
AcDbLine
 10
1.2616394094488188
 20
1.0825400393700788
 30
0
 11
1.2615965748031497
 21
1.0825543307086614
 31
0
  0
LINE
  5
852
330
1A
100
AcDbEntity
  8
BLACK
  6
CONTINUOUS
100
AcDbLine
 10
1.2615965748031497
 20
1.0825543307086614
 30
0
 11
1.2614998818897638
 21
1.0825350787401575
 31
0
  0
LINE
  5
853
330
1A
100
AcDbEntity
  8
BLACK
  6
CONTINUOUS
100
AcDbLine
 10
1.2614998818897638
 20
1.0825350787401575
 30
0
 11
1.2577503543307087
 21
1.0825350787401575
 31
0
  0
LINE
  5
854
330
1A
100
AcDbEntity
  8
BLACK
  6
CONTINUOUS
100
AcDbLine
 10
1.2577503543307087
 20
1.0825350787401575
 30
0
 11
1.2576536220472441
 21
1.0825543307086614
 31
0
  0
LINE
  5
855
330
1A
100
AcDbEntity
  8
BLACK
  6
CONTINUOUS
100
AcDbLine
 10
1.2576536220472441
 20
1.0825543307086614
 30
0
 11
1.2576107874015747
 21
1.0825400393700788
 31
0
  0
LINE
  5
856
330
1A
100
AcDbEntity
  8
BLACK
  6
CONTINUOUS
100
AcDbLine
 10
1.2576107874015747
 20
1.0825400393700788
 30
0
 11
1.2573065354330708
 21
1.0826233858267715
 31
0
  0
LINE
  5
857
330
1A
100
AcDbEntity
  8
BLACK
  6
CONTINUOUS
100
AcDbLine
 10
1.2573065354330708
 20
1.0826233858267715
 30
0
 11
1.2569970472440946
 21
1.0826849212598424
 31
0
  0
LINE
  5
858
330
1A
100
AcDbEntity
  8
BLACK
  6
CONTINUOUS
100
AcDbLine
 10
1.2569970472440946
 20
1.0826849212598424
 30
0
 11
1.2569650787401574
 21
1.0827168897637796
 31
0
  0
LINE
  5
859
330
1A
100
AcDbEntity
  8
BLACK
  6
CONTINUOUS
100
AcDbLine
 10
1.2569650787401574
 20
1.0827168897637796
 30
0
 11
1.2568699999999999
 21
1.0827429133858268
 31
0
  0
LINE
  5
85A
330
1A
100
AcDbEntity
  8
BLACK
  6
CONTINUOUS
100
AcDbLine
 10
1.2568699999999999
 20
1.0827429133858268
 30
0
 11
1.2549952755905511
 21
1.0836802362204725
 31
0
  0
LINE
  5
85B
330
1A
100
AcDbEntity
  8
BLACK
  6
CONTINUOUS
100
AcDbLine
 10
1.2549952755905511
 20
1.0836802362204725
 30
0
 11
1.2543885039370077
 21
1.0841511417322833
 31
0
  0
LINE
  5
85C
330
1A
100
AcDbEntity
  8
BLACK
  6
CONTINUOUS
100
AcDbLine
 10
1.2543885039370077
 20
1.0841511417322833
 30
0
 11
1.2539120472440946
 21
1.0855804724409448
 31
0
  0
LINE
  5
85D
330
1A
100
AcDbEntity
  8
BLACK
  6
CONTINUOUS
100
AcDbLine
 10
1.2539120472440946
 20
1.0855804724409448
 30
0
 11
1.2545272834645669
 21
1.0868110236220472
 31
0
  0
LINE
  5
85E
330
1A
100
AcDbEntity
  8
BLACK
  6
CONTINUOUS
100
AcDbLine
 10
1.2545272834645669
 20
1.0868110236220472
 30
0
 11
1.2262837401574802
 21
1.0868110236220472
 31
0
  0
LINE
  5
85F
330
1A
100
AcDbEntity
  8
BLACK
  6
CONTINUOUS
100
AcDbLine
 10
1.2262837401574802
 20
1.0868110236220472
 30
0
 11
1.2259448031496063
 21
1.0864720866141733
 31
0
  0
LINE
  5
860
330
1A
100
AcDbEntity
  8
BLACK
  6
CONTINUOUS
100
AcDbLine
 10
1.2259448031496063
 20
1.0864720866141733
 30
0
 11
1.2333784251968503
 21
1.0864720866141733
 31
0
  0
LINE
  5
861
330
1A
100
AcDbEntity
  8
BLACK
  6
CONTINUOUS
100
AcDbLine
 10
1.2333784251968503
 20
1.0864720866141733
 30
0
 11
1.2341317322834646
 21
1.0863222440944882
 31
0
  0
LINE
  5
862
330
1A
100
AcDbEntity
  8
BLACK
  6
CONTINUOUS
100
AcDbLine
 10
1.2341317322834646
 20
1.0863222440944882
 30
0
 11
1.2351970866141733
 21
1.0852568897637795
 31
0
  0
LINE
  5
863
330
1A
100
AcDbEntity
  8
BLACK
  6
CONTINUOUS
100
AcDbLine
 10
1.2351970866141733
 20
1.0852568897637795
 30
0
 11
1.2351970866141733
 21
1.0837502755905513
 31
0
  0
LINE
  5
864
330
1A
100
AcDbEntity
  8
BLACK
  6
CONTINUOUS
100
AcDbLine
 10
1.2351970866141733
 20
1.0837502755905513
 30
0
 11
1.2341317322834646
 21
1.0826849212598424
 31
0
  0
LINE
  5
865
330
1A
100
AcDbEntity
  8
BLACK
  6
CONTINUOUS
100
AcDbLine
 10
1.2341317322834646
 20
1.0826849212598424
 30
0
 11
1.2333784251968503
 21
1.0825350787401575
 31
0
  0
LINE
  5
866
330
1A
100
AcDbEntity
  8
BLACK
  6
CONTINUOUS
100
AcDbLine
 10
1.2333784251968503
 20
1.0825350787401575
 30
0
 11
1.2211924409448818
 21
1.0825350787401575
 31
0
  0
LINE
  5
867
330
1A
100
AcDbEntity
  8
BLACK
  6
CONTINUOUS
100
AcDbLine
 10
1.2211924409448818
 20
1.0825350787401575
 30
0
 11
1.2204391338582676
 21
1.0826849212598424
 31
0
  0
LINE
  5
868
330
1A
100
AcDbEntity
  8
BLACK
  6
CONTINUOUS
100
AcDbLine
 10
1.2204391338582676
 20
1.0826849212598424
 30
0
 11
1.219373779527559
 21
1.0837502755905513
 31
0
  0
LINE
  5
869
330
1A
100
AcDbEntity
  8
BLACK
  6
CONTINUOUS
100
AcDbLine
 10
1.219373779527559
 20
1.0837502755905513
 30
0
 11
1.219373779527559
 21
1.0852568897637795
 31
0
  0
LINE
  5
86A
330
1A
100
AcDbEntity
  8
BLACK
  6
CONTINUOUS
100
AcDbLine
 10
1.219373779527559
 20
1.0852568897637795
 30
0
 11
1.2198005118110236
 21
1.0858955118110236
 31
0
  0
LINE
  5
86B
330
1A
100
AcDbEntity
  8
BLACK
  6
CONTINUOUS
100
AcDbLine
 10
1.2198005118110236
 20
1.0858955118110236
 30
0
 11
1.2207160236220471
 21
1.0868110236220472
 31
0
  0
LINE
  5
86C
330
1A
100
AcDbEntity
  8
BLACK
  6
CONTINUOUS
100
AcDbLine
 10
1.2207160236220471
 20
1.0868110236220472
 30
0
 11
1.216449409448819
 21
1.0868110236220472
 31
0
  0
LINE
  5
86D
330
1A
100
AcDbEntity
  8
BLACK
  6
CONTINUOUS
100
AcDbLine
 10
1.216449409448819
 20
1.0868110236220472
 30
0
 11
1.216449409448819
 21
1.0856250787401573
 31
0
  0
LINE
  5
86E
330
1A
100
AcDbEntity
  8
BLACK
  6
CONTINUOUS
100
AcDbLine
 10
1.216449409448819
 20
1.0856250787401573
 30
0
 11
1.2160227165354331
 21
1.0849864566929133
 31
0
  0
LINE
  5
86F
330
1A
100
AcDbEntity
  8
BLACK
  6
CONTINUOUS
100
AcDbLine
 10
1.2160227165354331
 20
1.0849864566929133
 30
0
 11
1.2150853543307087
 21
1.0840490157480314
 31
0
  0
LINE
  5
870
330
1A
100
AcDbEntity
  8
BLACK
  6
CONTINUOUS
100
AcDbLine
 10
1.2150853543307087
 20
1.0840490157480314
 30
0
 11
1.2150033464566929
 21
1.083994251968504
 31
0
  0
LINE
  5
871
330
1A
100
AcDbEntity
  8
BLACK
  6
CONTINUOUS
100
AcDbLine
 10
1.2150033464566929
 20
1.083994251968504
 30
0
 11
1.2149831496062993
 21
1.0839538188976379
 31
0
  0
LINE
  5
872
330
1A
100
AcDbEntity
  8
BLACK
  6
CONTINUOUS
100
AcDbLine
 10
1.2149831496062993
 20
1.0839538188976379
 30
0
 11
1.2147089370078741
 21
1.0837975590551181
 31
0
  0
LINE
  5
873
330
1A
100
AcDbEntity
  8
BLACK
  6
CONTINUOUS
100
AcDbLine
 10
1.2147089370078741
 20
1.0837975590551181
 30
0
 11
1.2144467322834644
 21
1.0836223228346455
 31
0
  0
LINE
  5
874
330
1A
100
AcDbEntity
  8
BLACK
  6
CONTINUOUS
100
AcDbLine
 10
1.2144467322834644
 20
1.0836223228346455
 30
0
 11
1.2144015748031496
 21
1.0836223228346455
 31
0
  0
LINE
  5
875
330
1A
100
AcDbEntity
  8
BLACK
  6
CONTINUOUS
100
AcDbLine
 10
1.2144015748031496
 20
1.0836223228346455
 30
0
 11
1.2143158661417321
 21
1.083573464566929
 31
0
  0
LINE
  5
876
330
1A
100
AcDbEntity
  8
BLACK
  6
CONTINUOUS
100
AcDbLine
 10
1.2143158661417321
 20
1.083573464566929
 30
0
 11
1.2115037007874014
 21
1.0826361023622046
 31
0
  0
LINE
  5
877
330
1A
100
AcDbEntity
  8
BLACK
  6
CONTINUOUS
100
AcDbLine
 10
1.2115037007874014
 20
1.0826361023622046
 30
0
 11
1.2111907874015748
 21
1.0825966929133859
 31
0
  0
LINE
  5
878
330
1A
100
AcDbEntity
  8
BLACK
  6
CONTINUOUS
100
AcDbLine
 10
1.2111907874015748
 20
1.0825966929133859
 30
0
 11
1.2108812204724408
 21
1.0825350787401575
 31
0
  0
LINE
  5
879
330
1A
100
AcDbEntity
  8
BLACK
  6
CONTINUOUS
100
AcDbLine
 10
1.2108812204724408
 20
1.0825350787401575
 30
0
 11
1.2090064566929133
 21
1.0825350787401575
 31
0
  0
LINE
  5
87A
330
1A
100
AcDbEntity
  8
BLACK
  6
CONTINUOUS
100
AcDbLine
 10
1.2090064566929133
 20
1.0825350787401575
 30
0
 11
1.2086968503937008
 21
1.0825966929133859
 31
0
  0
LINE
  5
87B
330
1A
100
AcDbEntity
  8
BLACK
  6
CONTINUOUS
100
AcDbLine
 10
1.2086968503937008
 20
1.0825966929133859
 30
0
 11
1.2083839763779527
 21
1.0826361023622046
 31
0
  0
LINE
  5
87C
330
1A
100
AcDbEntity
  8
BLACK
  6
CONTINUOUS
100
AcDbLine
 10
1.2083839763779527
 20
1.0826361023622046
 30
0
 11
1.2055718503937007
 21
1.083573464566929
 31
0
  0
LINE
  5
87D
330
1A
100
AcDbEntity
  8
BLACK
  6
CONTINUOUS
100
AcDbLine
 10
1.2055718503937007
 20
1.083573464566929
 30
0
 11
1.205486220472441
 21
1.083622283464567
 31
0
  0
LINE
  5
87E
330
1A
100
AcDbEntity
  8
BLACK
  6
CONTINUOUS
100
AcDbLine
 10
1.205486220472441
 20
1.083622283464567
 30
0
 11
1.2054409842519684
 21
1.083622283464567
 31
0
  0
LINE
  5
87F
330
1A
100
AcDbEntity
  8
BLACK
  6
CONTINUOUS
100
AcDbLine
 10
1.2054409842519684
 20
1.083622283464567
 30
0
 11
1.2051785039370078
 21
1.0837976771653544
 31
0
  0
LINE
  5
880
330
1A
100
AcDbEntity
  8
BLACK
  6
CONTINUOUS
100
AcDbLine
 10
1.2051785039370078
 20
1.0837976771653544
 30
0
 11
1.2049045669291338
 21
1.0839538188976379
 31
0
  0
LINE
  5
881
330
1A
100
AcDbEntity
  8
BLACK
  6
CONTINUOUS
100
AcDbLine
 10
1.2049045669291338
 20
1.0839538188976379
 30
0
 11
1.2048843307086614
 21
1.083994251968504
 31
0
  0
LINE
  5
882
330
1A
100
AcDbEntity
  8
BLACK
  6
CONTINUOUS
100
AcDbLine
 10
1.2048843307086614
 20
1.083994251968504
 30
0
 11
1.2048023622047244
 21
1.0840490157480314
 31
0
  0
LINE
  5
883
330
1A
100
AcDbEntity
  8
BLACK
  6
CONTINUOUS
100
AcDbLine
 10
1.2048023622047244
 20
1.0840490157480314
 30
0
 11
1.2029275984251968
 21
1.0859238188976377
 31
0
  0
LINE
  5
884
330
1A
100
AcDbEntity
  8
BLACK
  6
CONTINUOUS
100
AcDbLine
 10
1.2029275984251968
 20
1.0859238188976377
 30
0
 11
1.2027522440944882
 21
1.0861862598425196
 31
0
  0
LINE
  5
885
330
1A
100
AcDbEntity
  8
BLACK
  6
CONTINUOUS
100
AcDbLine
 10
1.2027522440944882
 20
1.0861862598425196
 30
0
 11
1.2025588976377952
 21
1.0864353937007873
 31
0
  0
LINE
  5
886
330
1A
100
AcDbEntity
  8
BLACK
  6
CONTINUOUS
100
AcDbLine
 10
1.2025588976377952
 20
1.0864353937007873
 30
0
 11
1.202371062992126
 21
1.0868110236220472
 31
0
  0
LINE
  5
887
330
1A
100
AcDbEntity
  8
BLACK
  6
CONTINUOUS
100
AcDbLine
 10
1.202371062992126
 20
1.0868110236220472
 30
0
 11
1.19676437007874
 21
1.0868110236220472
 31
0
  0
LINE
  5
888
330
1A
100
AcDbEntity
  8
BLACK
  6
CONTINUOUS
100
AcDbLine
 10
1.19676437007874
 20
1.0868110236220472
 30
0
 11
1.19676437007874
 21
1.0856250787401573
 31
0
  0
LINE
  5
889
330
1A
100
AcDbEntity
  8
BLACK
  6
CONTINUOUS
100
AcDbLine
 10
1.19676437007874
 20
1.0856250787401573
 30
0
 11
1.1963376771653542
 21
1.0849864566929133
 31
0
  0
LINE
  5
88A
330
1A
100
AcDbEntity
  8
BLACK
  6
CONTINUOUS
100
AcDbLine
 10
1.1963376771653542
 20
1.0849864566929133
 30
0
 11
1.1954003149606298
 21
1.0840490157480314
 31
0
  0
LINE
  5
88B
330
1A
100
AcDbEntity
  8
BLACK
  6
CONTINUOUS
100
AcDbLine
 10
1.1954003149606298
 20
1.0840490157480314
 30
0
 11
1.1953183070866142
 21
1.083994251968504
 31
0
  0
LINE
  5
88C
330
1A
100
AcDbEntity
  8
BLACK
  6
CONTINUOUS
100
AcDbLine
 10
1.1953183070866142
 20
1.083994251968504
 30
0
 11
1.1952981102362203
 21
1.0839538188976379
 31
0
  0
LINE
  5
88D
330
1A
100
AcDbEntity
  8
BLACK
  6
CONTINUOUS
100
AcDbLine
 10
1.1952981102362203
 20
1.0839538188976379
 30
0
 11
1.1950238976377952
 21
1.0837975590551181
 31
0
  0
LINE
  5
88E
330
1A
100
AcDbEntity
  8
BLACK
  6
CONTINUOUS
100
AcDbLine
 10
1.1950238976377952
 20
1.0837975590551181
 30
0
 11
1.1947616929133857
 21
1.0836223228346455
 31
0
  0
LINE
  5
88F
330
1A
100
AcDbEntity
  8
BLACK
  6
CONTINUOUS
100
AcDbLine
 10
1.1947616929133857
 20
1.0836223228346455
 30
0
 11
1.1947165354330709
 21
1.0836223228346455
 31
0
  0
LINE
  5
890
330
1A
100
AcDbEntity
  8
BLACK
  6
CONTINUOUS
100
AcDbLine
 10
1.1947165354330709
 20
1.0836223228346455
 30
0
 11
1.1946308267716534
 21
1.083573464566929
 31
0
  0
LINE
  5
891
330
1A
100
AcDbEntity
  8
BLACK
  6
CONTINUOUS
100
AcDbLine
 10
1.1946308267716534
 20
1.083573464566929
 30
0
 11
1.1918186614173227
 21
1.0826361023622046
 31
0
  0
LINE
  5
892
330
1A
100
AcDbEntity
  8
BLACK
  6
CONTINUOUS
100
AcDbLine
 10
1.1918186614173227
 20
1.0826361023622046
 30
0
 11
1.1915057480314961
 21
1.0825966929133859
 31
0
  0
LINE
  5
893
330
1A
100
AcDbEntity
  8
BLACK
  6
CONTINUOUS
100
AcDbLine
 10
1.1915057480314961
 20
1.0825966929133859
 30
0
 11
1.1911961811023621
 21
1.0825350787401575
 31
0
  0
LINE
  5
894
330
1A
100
AcDbEntity
  8
BLACK
  6
CONTINUOUS
100
AcDbLine
 10
1.1911961811023621
 20
1.0825350787401575
 30
0
 11
1.1893214173228346
 21
1.0825350787401575
 31
0
  0
LINE
  5
895
330
1A
100
AcDbEntity
  8
BLACK
  6
CONTINUOUS
100
AcDbLine
 10
1.1893214173228346
 20
1.0825350787401575
 30
0
 11
1.1890118110236221
 21
1.0825966929133859
 31
0
  0
LINE
  5
896
330
1A
100
AcDbEntity
  8
BLACK
  6
CONTINUOUS
100
AcDbLine
 10
1.1890118110236221
 20
1.0825966929133859
 30
0
 11
1.188698937007874
 21
1.0826361023622046
 31
0
  0
LINE
  5
897
330
1A
100
AcDbEntity
  8
BLACK
  6
CONTINUOUS
100
AcDbLine
 10
1.188698937007874
 20
1.0826361023622046
 30
0
 11
1.185886811023622
 21
1.083573464566929
 31
0
  0
LINE
  5
898
330
1A
100
AcDbEntity
  8
BLACK
  6
CONTINUOUS
100
AcDbLine
 10
1.185886811023622
 20
1.083573464566929
 30
0
 11
1.1858011811023621
 21
1.083622283464567
 31
0
  0
LINE
  5
899
330
1A
100
AcDbEntity
  8
BLACK
  6
CONTINUOUS
100
AcDbLine
 10
1.1858011811023621
 20
1.083622283464567
 30
0
 11
1.1857559448818897
 21
1.083622283464567
 31
0
  0
LINE
  5
89A
330
1A
100
AcDbEntity
  8
BLACK
  6
CONTINUOUS
100
AcDbLine
 10
1.1857559448818897
 20
1.083622283464567
 30
0
 11
1.1854934645669291
 21
1.0837976771653544
 31
0
  0
LINE
  5
89B
330
1A
100
AcDbEntity
  8
BLACK
  6
CONTINUOUS
100
AcDbLine
 10
1.1854934645669291
 20
1.0837976771653544
 30
0
 11
1.1852195275590551
 21
1.0839538188976379
 31
0
  0
LINE
  5
89C
330
1A
100
AcDbEntity
  8
BLACK
  6
CONTINUOUS
100
AcDbLine
 10
1.1852195275590551
 20
1.0839538188976379
 30
0
 11
1.1851992913385827
 21
1.083994251968504
 31
0
  0
LINE
  5
89D
330
1A
100
AcDbEntity
  8
BLACK
  6
CONTINUOUS
100
AcDbLine
 10
1.1851992913385827
 20
1.083994251968504
 30
0
 11
1.1851173228346457
 21
1.0840490157480314
 31
0
  0
LINE
  5
89E
330
1A
100
AcDbEntity
  8
BLACK
  6
CONTINUOUS
100
AcDbLine
 10
1.1851173228346457
 20
1.0840490157480314
 30
0
 11
1.1832425590551181
 21
1.0859238188976377
 31
0
  0
LINE
  5
89F
330
1A
100
AcDbEntity
  8
BLACK
  6
CONTINUOUS
100
AcDbLine
 10
1.1832425590551181
 20
1.0859238188976377
 30
0
 11
1.1830672047244095
 21
1.0861862598425196
 31
0
  0
LINE
  5
8A0
330
1A
100
AcDbEntity
  8
BLACK
  6
CONTINUOUS
100
AcDbLine
 10
1.1830672047244095
 20
1.0861862598425196
 30
0
 11
1.1828738582677165
 21
1.0864353937007873
 31
0
  0
LINE
  5
8A1
330
1A
100
AcDbEntity
  8
BLACK
  6
CONTINUOUS
100
AcDbLine
 10
1.1828738582677165
 20
1.0864353937007873
 30
0
 11
1.1826860236220471
 21
1.0868110236220472
 31
0
  0
LINE
  5
8A2
330
1A
100
AcDbEntity
  8
BLACK
  6
CONTINUOUS
100
AcDbLine
 10
1.1826860236220471
 20
1.0868110236220472
 30
0
 11
1.1742125984251968
 21
1.0868110236220472
 31
0
  0
LINE
  5
8A3
330
1A
100
AcDbEntity
  8
BLACK
  6
CONTINUOUS
100
AcDbLine
 10
1.1742125984251968
 20
1.0868110236220472
 30
0
 11
1.1742125984251968
 21
1.013976377952756
 31
0
  0
LINE
  5
8A4
330
1A
100
AcDbEntity
  8
BLACK
  6
CONTINUOUS
100
AcDbLine
 10
1.1742125984251968
 20
1.013976377952756
 30
0
 11
1.3045275590551182
 21
1.013976377952756
 31
0
  0
LINE
  5
8A5
330
1A
100
AcDbEntity
  8
BLACK
  6
CONTINUOUS
100
AcDbLine
 10
1.3045275590551182
 20
1.013976377952756
 30
0
 11
1.3045275590551182
 21
1.0825533858267715
 31
0
  0
LINE
  5
8A6
330
1A
100
AcDbEntity
  8
BLACK
  6
CONTINUOUS
100
AcDbLine
 10
1.3045275590551182
 20
1.0825533858267715
 30
0
 11
1.3045227559055117
 21
1.0825543307086614
 31
0
  0
LINE
  5
8A7
330
1A
100
AcDbEntity
  8
BLACK
  6
CONTINUOUS
100
AcDbLine
 10
1.3045227559055117
 20
1.0825543307086614
 30
0
 11
1.3044799212598426
 21
1.0825400393700788
 31
0
  0
LINE
  5
8A8
330
1A
100
AcDbEntity
  8
BLACK
  6
CONTINUOUS
100
AcDbLine
 10
1.3044799212598426
 20
1.0825400393700788
 30
0
 11
1.3041756692913387
 21
1.0826233858267715
 31
0
  0
LINE
  5
8A9
330
1A
100
AcDbEntity
  8
BLACK
  6
CONTINUOUS
100
AcDbLine
 10
1.3041756692913387
 20
1.0826233858267715
 30
0
 11
1.3038661811023622
 21
1.0826849212598424
 31
0
  0
LINE
  5
8AA
330
1A
100
AcDbEntity
  8
BLACK
  6
CONTINUOUS
100
AcDbLine
 10
1.3038661811023622
 20
1.0826849212598424
 30
0
 11
1.3038342125984252
 21
1.0827168897637796
 31
0
  0
LINE
  5
8AB
330
1A
100
AcDbEntity
  8
BLACK
  6
CONTINUOUS
100
AcDbLine
 10
1.3038342125984252
 20
1.0827168897637796
 30
0
 11
1.3037391338582678
 21
1.0827429133858268
 31
0
  0
LINE
  5
8AC
330
1A
100
AcDbEntity
  8
BLACK
  6
CONTINUOUS
100
AcDbLine
 10
1.3037391338582678
 20
1.0827429133858268
 30
0
 11
1.3018644094488188
 21
1.0836802362204725
 31
0
  0
LINE
  5
8AD
330
1A
100
AcDbEntity
  8
BLACK
  6
CONTINUOUS
100
AcDbLine
 10
1.3018644094488188
 20
1.0836802362204725
 30
0
 11
1.3016151181102362
 21
1.0838737007874015
 31
0
  0
LINE
  5
8AE
330
1A
100
AcDbEntity
  8
BLACK
  6
CONTINUOUS
100
AcDbLine
 10
1.3016151181102362
 20
1.0838737007874015
 30
0
 11
1.3013527559055118
 21
1.0840490157480314
 31
0
  0
LINE
  5
8AF
330
1A
100
AcDbEntity
  8
BLACK
  6
CONTINUOUS
100
AcDbLine
 10
1.3013527559055118
 20
1.0840490157480314
 30
0
 11
1.3004153937007874
 21
1.0849864173228345
 31
0
  0
LINE
  5
8B0
330
1A
100
AcDbEntity
  8
BLACK
  6
CONTINUOUS
100
AcDbLine
 10
1.3004153937007874
 20
1.0849864173228345
 30
0
 11
1.3002402362204724
 21
1.0852485433070866
 31
0
  0
LINE
  5
8B1
330
1A
100
AcDbEntity
  8
BLACK
  6
CONTINUOUS
100
AcDbLine
 10
1.3002402362204724
 20
1.0852485433070866
 30
0
 11
1.3000466141732283
 21
1.0854980314960629
 31
0
  0
LINE
  5
8B2
330
1A
100
AcDbEntity
  8
BLACK
  6
CONTINUOUS
100
AcDbLine
 10
1.3000466141732283
 20
1.0854980314960629
 30
0
 11
1.2993901181102361
 21
1.0868110236220472
 31
0
  0
LINE
  5
8B3
330
1A
100
AcDbEntity
  8
BLACK
  6
CONTINUOUS
100
AcDbLine
 10
1.2993901181102361
 20
1.0868110236220472
 30
0
 11
1.2944020078740157
 21
1.0868110236220472
 31
0
  0
LINE
  5
8B4
330
1A
100
AcDbEntity
  8
BLACK
  6
CONTINUOUS
100
AcDbLine
 10
1.4822990944881889
 20
1.0344488188976377
 30
0
 11
1.4818785826771652
 21
1.0336077165354332
 31
0
  0
LINE
  5
8B5
330
1A
100
AcDbEntity
  8
BLACK
  6
CONTINUOUS
100
AcDbLine
 10
1.4818785826771652
 20
1.0336077165354332
 30
0
 11
1.4818785826771652
 21
1.0326623622047244
 31
0
  0
LINE
  5
8B6
330
1A
100
AcDbEntity
  8
BLACK
  6
CONTINUOUS
100
AcDbLine
 10
1.4818785826771652
 20
1.0326623622047244
 30
0
 11
1.48231468503937
 21
1.0317901181102362
 31
0
  0
LINE
  5
8B7
330
1A
100
AcDbEntity
  8
BLACK
  6
CONTINUOUS
100
AcDbLine
 10
1.48231468503937
 20
1.0317901181102362
 30
0
 11
1.4831869291338582
 21
1.0313539763779527
 31
0
  0
LINE
  5
8B8
330
1A
100
AcDbEntity
  8
BLACK
  6
CONTINUOUS
100
AcDbLine
 10
1.4831869291338582
 20
1.0313539763779527
 30
0
 11
1.4869444094488189
 21
1.0313539763779527
 31
0
  0
LINE
  5
8B9
330
1A
100
AcDbEntity
  8
BLACK
  6
CONTINUOUS
100
AcDbLine
 10
1.4869444094488189
 20
1.0313539763779527
 30
0
 11
1.4873153937007875
 21
1.0315394881889763
 31
0
  0
LINE
  5
8BA
330
1A
100
AcDbEntity
  8
BLACK
  6
CONTINUOUS
100
AcDbLine
 10
1.4873153937007875
 20
1.0315394881889763
 30
0
 11
1.4873153937007875
 21
1.0344488188976377
 31
0
  0
LINE
  5
8BB
330
1A
100
AcDbEntity
  8
BLACK
  6
CONTINUOUS
100
AcDbLine
 10
1.4873153937007875
 20
1.0344488188976377
 30
0
 11
1.4822990944881889
 21
1.0344488188976377
 31
0
  0
LINE
  5
8BC
330
1A
100
AcDbEntity
  8
BLACK
  6
CONTINUOUS
100
AcDbLine
 10
1.3661053543307087
 20
1.0395669291338583
 30
0
 11
1.3671551968503937
 21
1.0364173228346456
 31
0
  0
LINE
  5
8BD
330
1A
100
AcDbEntity
  8
BLACK
  6
CONTINUOUS
100
AcDbLine
 10
1.3671551968503937
 20
1.0364173228346456
 30
0
 11
1.3676931496062992
 21
1.0364173228346456
 31
0
  0
LINE
  5
8BE
330
1A
100
AcDbEntity
  8
BLACK
  6
CONTINUOUS
100
AcDbLine
 10
1.3676931496062992
 20
1.0364173228346456
 30
0
 11
1.3687430314960629
 21
1.0395669291338583
 31
0
  0
LINE
  5
8BF
330
1A
100
AcDbEntity
  8
BLACK
  6
CONTINUOUS
100
AcDbLine
 10
1.3687430314960629
 20
1.0395669291338583
 30
0
 11
1.3661053543307087
 21
1.0395669291338583
 31
0
  0
LINE
  5
8C0
330
1A
100
AcDbEntity
  8
BLACK
  6
CONTINUOUS
100
AcDbLine
 10
1.3728929921259843
 20
1.0395669291338583
 30
0
 11
1.3718431102362205
 21
1.0364173228346456
 31
0
  0
LINE
  5
8C1
330
1A
100
AcDbEntity
  8
BLACK
  6
CONTINUOUS
100
AcDbLine
 10
1.3718431102362205
 20
1.0364173228346456
 30
0
 11
1.3779322047244094
 21
1.0364173228346456
 31
0
  0
LINE
  5
8C2
330
1A
100
AcDbEntity
  8
BLACK
  6
CONTINUOUS
100
AcDbLine
 10
1.3779322047244094
 20
1.0364173228346456
 30
0
 11
1.3777004330708662
 21
1.0373444881889764
 31
0
  0
LINE
  5
8C3
330
1A
100
AcDbEntity
  8
BLACK
  6
CONTINUOUS
100
AcDbLine
 10
1.3777004330708662
 20
1.0373444881889764
 30
0
 11
1.3776887007874015
 21
1.0375853543307085
 31
0
  0
LINE
  5
8C4
330
1A
100
AcDbEntity
  8
BLACK
  6
CONTINUOUS
100
AcDbLine
 10
1.3776887007874015
 20
1.0375853543307085
 30
0
 11
1.3776416535433071
 21
1.0378219291338582
 31
0
  0
LINE
  5
8C5
330
1A
100
AcDbEntity
  8
BLACK
  6
CONTINUOUS
100
AcDbLine
 10
1.3776416535433071
 20
1.0378219291338582
 30
0
 11
1.3776416535433071
 21
1.0395669291338583
 31
0
  0
LINE
  5
8C6
330
1A
100
AcDbEntity
  8
BLACK
  6
CONTINUOUS
100
AcDbLine
 10
1.3776416535433071
 20
1.0395669291338583
 30
0
 11
1.3728929921259843
 21
1.0395669291338583
 31
0
  0
LINE
  5
8C7
330
1A
100
AcDbEntity
  8
BLACK
  6
CONTINUOUS
100
AcDbLine
 10
1.3815786614173229
 20
1.0395669291338583
 30
0
 11
1.3815786614173229
 21
1.0380642519685039
 31
0
  0
LINE
  5
8C8
330
1A
100
AcDbEntity
  8
BLACK
  6
CONTINUOUS
100
AcDbLine
 10
1.3815786614173229
 20
1.0380642519685039
 30
0
 11
1.3819903937007874
 21
1.0364173228346456
 31
0
  0
LINE
  5
8C9
330
1A
100
AcDbEntity
  8
BLACK
  6
CONTINUOUS
100
AcDbLine
 10
1.3819903937007874
 20
1.0364173228346456
 30
0
 11
1.3976172440944881
 21
1.0364173228346456
 31
0
  0
LINE
  5
8CA
330
1A
100
AcDbEntity
  8
BLACK
  6
CONTINUOUS
100
AcDbLine
 10
1.3976172440944881
 20
1.0364173228346456
 30
0
 11
1.3973854724409449
 21
1.0373444881889764
 31
0
  0
LINE
  5
8CB
330
1A
100
AcDbEntity
  8
BLACK
  6
CONTINUOUS
100
AcDbLine
 10
1.3973854724409449
 20
1.0373444881889764
 30
0
 11
1.3973737401574804
 21
1.0375853543307085
 31
0
  0
LINE
  5
8CC
330
1A
100
AcDbEntity
  8
BLACK
  6
CONTINUOUS
100
AcDbLine
 10
1.3973737401574804
 20
1.0375853543307085
 30
0
 11
1.3973266929133858
 21
1.0378219291338582
 31
0
  0
LINE
  5
8CD
330
1A
100
AcDbEntity
  8
BLACK
  6
CONTINUOUS
100
AcDbLine
 10
1.3973266929133858
 20
1.0378219291338582
 30
0
 11
1.3973266929133858
 21
1.0395669291338583
 31
0
  0
LINE
  5
8CE
330
1A
100
AcDbEntity
  8
BLACK
  6
CONTINUOUS
100
AcDbLine
 10
1.3973266929133858
 20
1.0395669291338583
 30
0
 11
1.3815786614173229
 21
1.0395669291338583
 31
0
  0
LINE
  5
8CF
330
1A
100
AcDbEntity
  8
BLACK
  6
CONTINUOUS
100
AcDbLine
 10
1.4012637007874016
 20
1.0395669291338583
 30
0
 11
1.4012637007874016
 21
1.0380642519685039
 31
0
  0
LINE
  5
8D0
330
1A
100
AcDbEntity
  8
BLACK
  6
CONTINUOUS
100
AcDbLine
 10
1.4012637007874016
 20
1.0380642519685039
 30
0
 11
1.4016754330708661
 21
1.0364173228346456
 31
0
  0
LINE
  5
8D1
330
1A
100
AcDbEntity
  8
BLACK
  6
CONTINUOUS
100
AcDbLine
 10
1.4016754330708661
 20
1.0364173228346456
 30
0
 11
1.4282603149606299
 21
1.0364173228346456
 31
0
  0
LINE
  5
8D2
330
1A
100
AcDbEntity
  8
BLACK
  6
CONTINUOUS
100
AcDbLine
 10
1.4282603149606299
 20
1.0364173228346456
 30
0
 11
1.4282603149606299
 21
1.0373572440944883
 31
0
  0
LINE
  5
8D3
330
1A
100
AcDbEntity
  8
BLACK
  6
CONTINUOUS
100
AcDbLine
 10
1.4282603149606299
 20
1.0373572440944883
 30
0
 11
1.4276735826771654
 21
1.0385306692913385
 31
0
  0
LINE
  5
8D4
330
1A
100
AcDbEntity
  8
BLACK
  6
CONTINUOUS
100
AcDbLine
 10
1.4276735826771654
 20
1.0385306692913385
 30
0
 11
1.4271879921259842
 21
1.0390162598425197
 31
0
  0
LINE
  5
8D5
330
1A
100
AcDbEntity
  8
BLACK
  6
CONTINUOUS
100
AcDbLine
 10
1.4271879921259842
 20
1.0390162598425197
 30
0
 11
1.426086653543307
 21
1.0395669291338583
 31
0
  0
LINE
  5
8D6
330
1A
100
AcDbEntity
  8
BLACK
  6
CONTINUOUS
100
AcDbLine
 10
1.426086653543307
 20
1.0395669291338583
 30
0
 11
1.4012637007874016
 21
1.0395669291338583
 31
0
  0
LINE
  5
8D7
330
1A
100
AcDbEntity
  8
BLACK
  6
CONTINUOUS
100
AcDbLine
 10
1.4315571653543306
 20
1.0395669291338583
 30
0
 11
1.4319894881889763
 21
1.0387022834645669
 31
0
  0
LINE
  5
8D8
330
1A
100
AcDbEntity
  8
BLACK
  6
CONTINUOUS
100
AcDbLine
 10
1.4319894881889763
 20
1.0387022834645669
 30
0
 11
1.4320155118110236
 21
1.0386072047244095
 31
0
  0
LINE
  5
8D9
330
1A
100
AcDbEntity
  8
BLACK
  6
CONTINUOUS
100
AcDbLine
 10
1.4320155118110236
 20
1.0386072047244095
 30
0
 11
1.4320474803149605
 21
1.0385752362204723
 31
0
  0
LINE
  5
8DA
330
1A
100
AcDbEntity
  8
BLACK
  6
CONTINUOUS
100
AcDbLine
 10
1.4320474803149605
 20
1.0385752362204723
 30
0
 11
1.4321090157480314
 21
1.0382657480314961
 31
0
  0
LINE
  5
8DB
330
1A
100
AcDbEntity
  8
BLACK
  6
CONTINUOUS
100
AcDbLine
 10
1.4321090157480314
 20
1.0382657480314961
 30
0
 11
1.4321923622047243
 21
1.0379614960629922
 31
0
  0
LINE
  5
8DC
330
1A
100
AcDbEntity
  8
BLACK
  6
CONTINUOUS
100
AcDbLine
 10
1.4321923622047243
 20
1.0379614960629922
 30
0
 11
1.4321780708661418
 21
1.0379186614173228
 31
0
  0
LINE
  5
8DD
330
1A
100
AcDbEntity
  8
BLACK
  6
CONTINUOUS
100
AcDbLine
 10
1.4321780708661418
 20
1.0379186614173228
 30
0
 11
1.4321973228346456
 21
1.0378219291338582
 31
0
  0
LINE
  5
8DE
330
1A
100
AcDbEntity
  8
BLACK
  6
CONTINUOUS
100
AcDbLine
 10
1.4321973228346456
 20
1.0378219291338582
 30
0
 11
1.4321973228346456
 21
1.0364173228346456
 31
0
  0
LINE
  5
8DF
330
1A
100
AcDbEntity
  8
BLACK
  6
CONTINUOUS
100
AcDbLine
 10
1.4321973228346456
 20
1.0364173228346456
 30
0
 11
1.4516961023622046
 21
1.0364173228346456
 31
0
  0
LINE
  5
8E0
330
1A
100
AcDbEntity
  8
BLACK
  6
CONTINUOUS
100
AcDbLine
 10
1.4516961023622046
 20
1.0364173228346456
 30
0
 11
1.4509652755905511
 21
1.0378789763779528
 31
0
  0
LINE
  5
8E1
330
1A
100
AcDbEntity
  8
BLACK
  6
CONTINUOUS
100
AcDbLine
 10
1.4509652755905511
 20
1.0378789763779528
 30
0
 11
1.4509392125984251
 21
1.037974094488189
 31
0
  0
LINE
  5
8E2
330
1A
100
AcDbEntity
  8
BLACK
  6
CONTINUOUS
100
AcDbLine
 10
1.4509392125984251
 20
1.037974094488189
 30
0
 11
1.4509073228346456
 21
1.0380059842519684
 31
0
  0
LINE
  5
8E3
330
1A
100
AcDbEntity
  8
BLACK
  6
CONTINUOUS
100
AcDbLine
 10
1.4509073228346456
 20
1.0380059842519684
 30
0
 11
1.450845748031496
 21
1.0383154724409449
 31
0
  0
LINE
  5
8E4
330
1A
100
AcDbEntity
  8
BLACK
  6
CONTINUOUS
100
AcDbLine
 10
1.450845748031496
 20
1.0383154724409449
 30
0
 11
1.4507624409448818
 21
1.0386197637795276
 31
0
  0
LINE
  5
8E5
330
1A
100
AcDbEntity
  8
BLACK
  6
CONTINUOUS
100
AcDbLine
 10
1.4507624409448818
 20
1.0386197637795276
 30
0
 11
1.4507766929133858
 21
1.0386625984251969
 31
0
  0
LINE
  5
8E6
330
1A
100
AcDbEntity
  8
BLACK
  6
CONTINUOUS
100
AcDbLine
 10
1.4507766929133858
 20
1.0386625984251969
 30
0
 11
1.4507574803149605
 21
1.0387592913385826
 31
0
  0
LINE
  5
8E7
330
1A
100
AcDbEntity
  8
BLACK
  6
CONTINUOUS
100
AcDbLine
 10
1.4507574803149605
 20
1.0387592913385826
 30
0
 11
1.4507574803149605
 21
1.0395669291338583
 31
0
  0
LINE
  5
8E8
330
1A
100
AcDbEntity
  8
BLACK
  6
CONTINUOUS
100
AcDbLine
 10
1.4507574803149605
 20
1.0395669291338583
 30
0
 11
1.4315571653543306
 21
1.0395669291338583
 31
0
  0
LINE
  5
8E9
330
1A
100
AcDbEntity
  8
BLACK
  6
CONTINUOUS
100
AcDbLine
 10
1.4548619291338583
 20
1.0395669291338583
 30
0
 11
1.4546944881889763
 21
1.0392320078740158
 31
0
  0
LINE
  5
8EA
330
1A
100
AcDbEntity
  8
BLACK
  6
CONTINUOUS
100
AcDbLine
 10
1.4546944881889763
 20
1.0392320078740158
 30
0
 11
1.4546944881889763
 21
1.0392240157480315
 31
0
  0
LINE
  5
8EB
330
1A
100
AcDbEntity
  8
BLACK
  6
CONTINUOUS
100
AcDbLine
 10
1.4546944881889763
 20
1.0392240157480315
 30
0
 11
1.4551305511811023
 21
1.0383518110236221
 31
0
  0
LINE
  5
8EC
330
1A
100
AcDbEntity
  8
BLACK
  6
CONTINUOUS
100
AcDbLine
 10
1.4551305511811023
 20
1.0383518110236221
 30
0
 11
1.4560028346456693
 21
1.0379156692913385
 31
0
  0
LINE
  5
8ED
330
1A
100
AcDbEntity
  8
BLACK
  6
CONTINUOUS
100
AcDbLine
 10
1.4560028346456693
 20
1.0379156692913385
 30
0
 11
1.4583502755905511
 21
1.0379156692913385
 31
0
  0
LINE
  5
8EE
330
1A
100
AcDbEntity
  8
BLACK
  6
CONTINUOUS
100
AcDbLine
 10
1.4583502755905511
 20
1.0379156692913385
 30
0
 11
1.458446968503937
 21
1.0378964566929134
 31
0
  0
LINE
  5
8EF
330
1A
100
AcDbEntity
  8
BLACK
  6
CONTINUOUS
100
AcDbLine
 10
1.458446968503937
 20
1.0378964566929134
 30
0
 11
1.4584898425196851
 21
1.0379107086614172
 31
0
  0
LINE
  5
8F0
330
1A
100
AcDbEntity
  8
BLACK
  6
CONTINUOUS
100
AcDbLine
 10
1.4584898425196851
 20
1.0379107086614172
 30
0
 11
1.4587940551181102
 21
1.037827401574803
 31
0
  0
LINE
  5
8F1
330
1A
100
AcDbEntity
  8
BLACK
  6
CONTINUOUS
100
AcDbLine
 10
1.4587940551181102
 20
1.037827401574803
 30
0
 11
1.4591035826771652
 21
1.0377658267716534
 31
0
  0
LINE
  5
8F2
330
1A
100
AcDbEntity
  8
BLACK
  6
CONTINUOUS
100
AcDbLine
 10
1.4591035826771652
 20
1.0377658267716534
 30
0
 11
1.4591355118110236
 21
1.0377338976377952
 31
0
  0
LINE
  5
8F3
330
1A
100
AcDbEntity
  8
BLACK
  6
CONTINUOUS
100
AcDbLine
 10
1.4591355118110236
 20
1.0377338976377952
 30
0
 11
1.4592306299212598
 21
1.0377078346456692
 31
0
  0
LINE
  5
8F4
330
1A
100
AcDbEntity
  8
BLACK
  6
CONTINUOUS
100
AcDbLine
 10
1.4592306299212598
 20
1.0377078346456692
 30
0
 11
1.4611053937007874
 21
1.036770433070866
 31
0
  0
LINE
  5
8F5
330
1A
100
AcDbEntity
  8
BLACK
  6
CONTINUOUS
100
AcDbLine
 10
1.4611053937007874
 20
1.036770433070866
 30
0
 11
1.4614150393700787
 21
1.0365301181102362
 31
0
  0
LINE
  5
8F6
330
1A
100
AcDbEntity
  8
BLACK
  6
CONTINUOUS
100
AcDbLine
 10
1.4614150393700787
 20
1.0365301181102362
 30
0
 11
1.4615148425196851
 21
1.0364968503937009
 31
0
  0
LINE
  5
8F7
330
1A
100
AcDbEntity
  8
BLACK
  6
CONTINUOUS
100
AcDbLine
 10
1.4615148425196851
 20
1.0364968503937009
 30
0
 11
1.4615765748031495
 21
1.0364173228346456
 31
0
  0
LINE
  5
8F8
330
1A
100
AcDbEntity
  8
BLACK
  6
CONTINUOUS
100
AcDbLine
 10
1.4615765748031495
 20
1.0364173228346456
 30
0
 11
1.4676303543307085
 21
1.0364173228346456
 31
0
  0
LINE
  5
8F9
330
1A
100
AcDbEntity
  8
BLACK
  6
CONTINUOUS
100
AcDbLine
 10
1.4676303543307085
 20
1.0364173228346456
 30
0
 11
1.4676303543307085
 21
1.0395669291338583
 31
0
  0
LINE
  5
8FA
330
1A
100
AcDbEntity
  8
BLACK
  6
CONTINUOUS
100
AcDbLine
 10
1.4676303543307085
 20
1.0395669291338583
 30
0
 11
1.4548619291338583
 21
1.0395669291338583
 31
0
  0
LINE
  5
8FB
330
1A
100
AcDbEntity
  8
BLACK
  6
CONTINUOUS
100
AcDbLine
 10
1.4715673622047243
 20
1.0395669291338583
 30
0
 11
1.4715673622047243
 21
1.0364173228346456
 31
0
  0
LINE
  5
8FC
330
1A
100
AcDbEntity
  8
BLACK
  6
CONTINUOUS
100
AcDbLine
 10
1.4715673622047243
 20
1.0364173228346456
 30
0
 11
1.4788816535433071
 21
1.0364173228346456
 31
0
  0
LINE
  5
8FD
330
1A
100
AcDbEntity
  8
BLACK
  6
CONTINUOUS
100
AcDbLine
 10
1.4788816535433071
 20
1.0364173228346456
 30
0
 11
1.4790867322834644
 21
1.0368274803149606
 31
0
  0
LINE
  5
8FE
330
1A
100
AcDbEntity
  8
BLACK
  6
CONTINUOUS
100
AcDbLine
 10
1.4790867322834644
 20
1.0368274803149606
 30
0
 11
1.4793270866141732
 21
1.0371372047244094
 31
0
  0
LINE
  5
8FF
330
1A
100
AcDbEntity
  8
BLACK
  6
CONTINUOUS
100
AcDbLine
 10
1.4793270866141732
 20
1.0371372047244094
 30
0
 11
1.4793603543307086
 21
1.0372369685039369
 31
0
  0
LINE
  5
900
330
1A
100
AcDbEntity
  8
BLACK
  6
CONTINUOUS
100
AcDbLine
 10
1.4793603543307086
 20
1.0372369685039369
 30
0
 11
1.4794714173228347
 21
1.0373231889763779
 31
0
  0
LINE
  5
901
330
1A
100
AcDbEntity
  8
BLACK
  6
CONTINUOUS
100
AcDbLine
 10
1.4794714173228347
 20
1.0373231889763779
 30
0
 11
1.4795576377952755
 21
1.0374342519685038
 31
0
  0
LINE
  5
902
330
1A
100
AcDbEntity
  8
BLACK
  6
CONTINUOUS
100
AcDbLine
 10
1.4795576377952755
 20
1.0374342519685038
 30
0
 11
1.4796574015748032
 21
1.0374675196850394
 31
0
  0
LINE
  5
903
330
1A
100
AcDbEntity
  8
BLACK
  6
CONTINUOUS
100
AcDbLine
 10
1.4796574015748032
 20
1.0374675196850394
 30
0
 11
1.479967125984252
 21
1.0377078740157479
 31
0
  0
LINE
  5
904
330
1A
100
AcDbEntity
  8
BLACK
  6
CONTINUOUS
100
AcDbLine
 10
1.479967125984252
 20
1.0377078740157479
 30
0
 11
1.4818418503937008
 21
1.0386451968503936
 31
0
  0
LINE
  5
905
330
1A
100
AcDbEntity
  8
BLACK
  6
CONTINUOUS
100
AcDbLine
 10
1.4818418503937008
 20
1.0386451968503936
 30
0
 11
1.4819369291338582
 21
1.0386712598425196
 31
0
  0
LINE
  5
906
330
1A
100
AcDbEntity
  8
BLACK
  6
CONTINUOUS
100
AcDbLine
 10
1.4819369291338582
 20
1.0386712598425196
 30
0
 11
1.4819688976377952
 21
1.038703188976378
 31
0
  0
LINE
  5
907
330
1A
100
AcDbEntity
  8
BLACK
  6
CONTINUOUS
100
AcDbLine
 10
1.4819688976377952
 20
1.038703188976378
 30
0
 11
1.4822783858267716
 21
1.0387647637795276
 31
0
  0
LINE
  5
908
330
1A
100
AcDbEntity
  8
BLACK
  6
CONTINUOUS
100
AcDbLine
 10
1.4822783858267716
 20
1.0387647637795276
 30
0
 11
1.4825826377952755
 21
1.0388480708661416
 31
0
  0
LINE
  5
909
330
1A
100
AcDbEntity
  8
BLACK
  6
CONTINUOUS
100
AcDbLine
 10
1.4825826377952755
 20
1.0388480708661416
 30
0
 11
1.4826254724409449
 21
1.0388338188976378
 31
0
  0
LINE
  5
90A
330
1A
100
AcDbEntity
  8
BLACK
  6
CONTINUOUS
100
AcDbLine
 10
1.4826254724409449
 20
1.0388338188976378
 30
0
 11
1.4827222047244095
 21
1.0388530314960629
 31
0
  0
LINE
  5
90B
330
1A
100
AcDbEntity
  8
BLACK
  6
CONTINUOUS
100
AcDbLine
 10
1.4827222047244095
 20
1.0388530314960629
 30
0
 11
1.4869444488188976
 21
1.0388530314960629
 31
0
  0
LINE
  5
90C
330
1A
100
AcDbEntity
  8
BLACK
  6
CONTINUOUS
100
AcDbLine
 10
1.4869444488188976
 20
1.0388530314960629
 30
0
 11
1.4873153937007875
 21
1.0390385433070866
 31
0
  0
LINE
  5
90D
330
1A
100
AcDbEntity
  8
BLACK
  6
CONTINUOUS
100
AcDbLine
 10
1.4873153937007875
 20
1.0390385433070866
 30
0
 11
1.4873153937007875
 21
1.0392320078740158
 31
0
  0
LINE
  5
90E
330
1A
100
AcDbEntity
  8
BLACK
  6
CONTINUOUS
100
AcDbLine
 10
1.4873153937007875
 20
1.0392320078740158
 30
0
 11
1.4871479133858267
 21
1.0395669291338583
 31
0
  0
LINE
  5
90F
330
1A
100
AcDbEntity
  8
BLACK
  6
CONTINUOUS
100
AcDbLine
 10
1.4871479133858267
 20
1.0395669291338583
 30
0
 11
1.4715673622047243
 21
1.0395669291338583
 31
0
  0
LINE
  5
910
330
1A
100
AcDbEntity
  8
BLACK
  6
CONTINUOUS
100
AcDbLine
 10
1.3140748031496063
 20
1.1222440944881888
 30
0
 11
1.3140748031496063
 21
1.0415354330708662
 31
0
  0
LINE
  5
911
330
1A
100
AcDbEntity
  8
BLACK
  6
CONTINUOUS
100
AcDbLine
 10
1.3140748031496063
 20
1.0415354330708662
 30
0
 11
1.3612992125984251
 21
1.0415354330708662
 31
0
  0
LINE
  5
912
330
1A
100
AcDbEntity
  8
BLACK
  6
CONTINUOUS
100
AcDbLine
 10
1.3612992125984251
 20
1.0415354330708662
 30
0
 11
1.3589950393700787
 21
1.0484480314960629
 31
0
  0
LINE
  5
913
330
1A
100
AcDbEntity
  8
BLACK
  6
CONTINUOUS
100
AcDbLine
 10
1.3589950393700787
 20
1.0484480314960629
 30
0
 11
1.3588989763779526
 21
1.0492100393700787
 31
0
  0
LINE
  5
914
330
1A
100
AcDbEntity
  8
BLACK
  6
CONTINUOUS
100
AcDbLine
 10
1.3588989763779526
 20
1.0492100393700787
 30
0
 11
1.3595727559055117
 21
1.0505576377952757
 31
0
  0
LINE
  5
915
330
1A
100
AcDbEntity
  8
BLACK
  6
CONTINUOUS
100
AcDbLine
 10
1.3595727559055117
 20
1.0505576377952757
 30
0
 11
1.3610020472440945
 21
1.0510340551181103
 31
0
  0
LINE
  5
916
330
1A
100
AcDbEntity
  8
BLACK
  6
CONTINUOUS
100
AcDbLine
 10
1.3610020472440945
 20
1.0510340551181103
 30
0
 11
1.3623496456692914
 21
1.0503602755905512
 31
0
  0
LINE
  5
917
330
1A
100
AcDbEntity
  8
BLACK
  6
CONTINUOUS
100
AcDbLine
 10
1.3623496456692914
 20
1.0503602755905512
 30
0
 11
1.36273
 21
1.0496929921259843
 31
0
  0
LINE
  5
918
330
1A
100
AcDbEntity
  8
BLACK
  6
CONTINUOUS
100
AcDbLine
 10
1.36273
 20
1.0496929921259843
 30
0
 11
1.3654491732283465
 21
1.0415354330708662
 31
0
  0
LINE
  5
919
330
1A
100
AcDbEntity
  8
BLACK
  6
CONTINUOUS
100
AcDbLine
 10
1.3654491732283465
 20
1.0415354330708662
 30
0
 11
1.3693991732283464
 21
1.0415354330708662
 31
0
  0
LINE
  5
91A
330
1A
100
AcDbEntity
  8
BLACK
  6
CONTINUOUS
100
AcDbLine
 10
1.3693991732283464
 20
1.0415354330708662
 30
0
 11
1.3721183858267716
 21
1.0496929921259843
 31
0
  0
LINE
  5
91B
330
1A
100
AcDbEntity
  8
BLACK
  6
CONTINUOUS
100
AcDbLine
 10
1.3721183858267716
 20
1.0496929921259843
 30
0
 11
1.3724987401574802
 21
1.0503602755905512
 31
0
  0
LINE
  5
91C
330
1A
100
AcDbEntity
  8
BLACK
  6
CONTINUOUS
100
AcDbLine
 10
1.3724987401574802
 20
1.0503602755905512
 30
0
 11
1.3738463385826771
 21
1.0510340551181103
 31
0
  0
LINE
  5
91D
330
1A
100
AcDbEntity
  8
BLACK
  6
CONTINUOUS
100
AcDbLine
 10
1.3738463385826771
 20
1.0510340551181103
 30
0
 11
1.3752756299212598
 21
1.0505575984251969
 31
0
  0
LINE
  5
91E
330
1A
100
AcDbEntity
  8
BLACK
  6
CONTINUOUS
100
AcDbLine
 10
1.3752756299212598
 20
1.0505575984251969
 30
0
 11
1.3759494094488189
 21
1.0492100393700787
 31
0
  0
LINE
  5
91F
330
1A
100
AcDbEntity
  8
BLACK
  6
CONTINUOUS
100
AcDbLine
 10
1.3759494094488189
 20
1.0492100393700787
 30
0
 11
1.3758533464566929
 21
1.0484479921259842
 31
0
  0
LINE
  5
920
330
1A
100
AcDbEntity
  8
BLACK
  6
CONTINUOUS
100
AcDbLine
 10
1.3758533464566929
 20
1.0484479921259842
 30
0
 11
1.3735491338582677
 21
1.0415354330708662
 31
0
  0
LINE
  5
921
330
1A
100
AcDbEntity
  8
BLACK
  6
CONTINUOUS
100
AcDbLine
 10
1.3735491338582677
 20
1.0415354330708662
 30
0
 11
1.3778064173228346
 21
1.0415354330708662
 31
0
  0
LINE
  5
922
330
1A
100
AcDbEntity
  8
BLACK
  6
CONTINUOUS
100
AcDbLine
 10
1.3778064173228346
 20
1.0415354330708662
 30
0
 11
1.3786377952755906
 21
1.0448610236220472
 31
0
  0
LINE
  5
923
330
1A
100
AcDbEntity
  8
BLACK
  6
CONTINUOUS
100
AcDbLine
 10
1.3786377952755906
 20
1.0448610236220472
 30
0
 11
1.3787298818897638
 21
1.0450560236220472
 31
0
  0
LINE
  5
924
330
1A
100
AcDbEntity
  8
BLACK
  6
CONTINUOUS
100
AcDbLine
 10
1.3787298818897638
 20
1.0450560236220472
 30
0
 11
1.3787868503937009
 21
1.045263937007874
 31
0
  0
LINE
  5
925
330
1A
100
AcDbEntity
  8
BLACK
  6
CONTINUOUS
100
AcDbLine
 10
1.3787868503937009
 20
1.045263937007874
 30
0
 11
1.379724251968504
 21
1.0471387007874016
 31
0
  0
LINE
  5
926
330
1A
100
AcDbEntity
  8
BLACK
  6
CONTINUOUS
100
AcDbLine
 10
1.379724251968504
 20
1.0471387007874016
 30
0
 11
1.3799177559055118
 21
1.0473881102362204
 31
0
  0
LINE
  5
927
330
1A
100
AcDbEntity
  8
BLACK
  6
CONTINUOUS
100
AcDbLine
 10
1.3799177559055118
 20
1.0473881102362204
 30
0
 11
1.3800929921259841
 21
1.0476502755905512
 31
0
  0
LINE
  5
928
330
1A
100
AcDbEntity
  8
BLACK
  6
CONTINUOUS
100
AcDbLine
 10
1.3800929921259841
 20
1.0476502755905512
 30
0
 11
1.3819677165354329
 21
1.0495250393700788
 31
0
  0
LINE
  5
929
330
1A
100
AcDbEntity
  8
BLACK
  6
CONTINUOUS
100
AcDbLine
 10
1.3819677165354329
 20
1.0495250393700788
 30
0
 11
1.3820497244094487
 21
1.0495798818897637
 31
0
  0
LINE
  5
92A
330
1A
100
AcDbEntity
  8
BLACK
  6
CONTINUOUS
100
AcDbLine
 10
1.3820497244094487
 20
1.0495798818897637
 30
0
 11
1.3820699212598424
 21
1.0496201968503938
 31
0
  0
LINE
  5
92B
330
1A
100
AcDbEntity
  8
BLACK
  6
CONTINUOUS
100
AcDbLine
 10
1.3820699212598424
 20
1.0496201968503938
 30
0
 11
1.3823437007874015
 21
1.0497762992125983
 31
0
  0
LINE
  5
92C
330
1A
100
AcDbEntity
  8
BLACK
  6
CONTINUOUS
100
AcDbLine
 10
1.3823437007874015
 20
1.0497762992125983
 30
0
 11
1.3826063385826772
 21
1.0499517716535434
 31
0
  0
LINE
  5
92D
330
1A
100
AcDbEntity
  8
BLACK
  6
CONTINUOUS
100
AcDbLine
 10
1.3826063385826772
 20
1.0499517716535434
 30
0
 11
1.3826515354330708
 21
1.0499517716535434
 31
0
  0
LINE
  5
92E
330
1A
100
AcDbEntity
  8
BLACK
  6
CONTINUOUS
100
AcDbLine
 10
1.3826515354330708
 20
1.0499517716535434
 30
0
 11
1.3827371653543308
 21
1.0500005905511811
 31
0
  0
LINE
  5
92F
330
1A
100
AcDbEntity
  8
BLACK
  6
CONTINUOUS
100
AcDbLine
 10
1.3827371653543308
 20
1.0500005905511811
 30
0
 11
1.3855492913385827
 21
1.0509379921259843
 31
0
  0
LINE
  5
930
330
1A
100
AcDbEntity
  8
BLACK
  6
CONTINUOUS
100
AcDbLine
 10
1.3855492913385827
 20
1.0509379921259843
 30
0
 11
1.3858622834645669
 21
1.0509774803149605
 31
0
  0
LINE
  5
931
330
1A
100
AcDbEntity
  8
BLACK
  6
CONTINUOUS
100
AcDbLine
 10
1.3858622834645669
 20
1.0509774803149605
 30
0
 11
1.3861718110236221
 21
1.0510390157480314
 31
0
  0
LINE
  5
932
330
1A
100
AcDbEntity
  8
BLACK
  6
CONTINUOUS
100
AcDbLine
 10
1.3861718110236221
 20
1.0510390157480314
 30
0
 11
1.3880465748031496
 21
1.0510390157480314
 31
0
  0
LINE
  5
933
330
1A
100
AcDbEntity
  8
BLACK
  6
CONTINUOUS
100
AcDbLine
 10
1.3880465748031496
 20
1.0510390157480314
 30
0
 11
1.3883560629921259
 21
1.0509774803149605
 31
0
  0
LINE
  5
934
330
1A
100
AcDbEntity
  8
BLACK
  6
CONTINUOUS
100
AcDbLine
 10
1.3883560629921259
 20
1.0509774803149605
 30
0
 11
1.388669094488189
 21
1.0509379921259843
 31
0
  0
LINE
  5
935
330
1A
100
AcDbEntity
  8
BLACK
  6
CONTINUOUS
100
AcDbLine
 10
1.388669094488189
 20
1.0509379921259843
 30
0
 11
1.3914812598425197
 21
1.0500005905511811
 31
0
  0
LINE
  5
936
330
1A
100
AcDbEntity
  8
BLACK
  6
CONTINUOUS
100
AcDbLine
 10
1.3914812598425197
 20
1.0500005905511811
 30
0
 11
1.3915668897637794
 21
1.0499517716535434
 31
0
  0
LINE
  5
937
330
1A
100
AcDbEntity
  8
BLACK
  6
CONTINUOUS
100
AcDbLine
 10
1.3915668897637794
 20
1.0499517716535434
 30
0
 11
1.3916120472440945
 21
1.0499517716535434
 31
0
  0
LINE
  5
938
330
1A
100
AcDbEntity
  8
BLACK
  6
CONTINUOUS
100
AcDbLine
 10
1.3916120472440945
 20
1.0499517716535434
 30
0
 11
1.3918741732283464
 21
1.0497766141732283
 31
0
  0
LINE
  5
939
330
1A
100
AcDbEntity
  8
BLACK
  6
CONTINUOUS
100
AcDbLine
 10
1.3918741732283464
 20
1.0497766141732283
 30
0
 11
1.3921485039370078
 21
1.0496202362204725
 31
0
  0
LINE
  5
93A
330
1A
100
AcDbEntity
  8
BLACK
  6
CONTINUOUS
100
AcDbLine
 10
1.3921485039370078
 20
1.0496202362204725
 30
0
 11
1.3921687007874015
 21
1.0495798031496062
 31
0
  0
LINE
  5
93B
330
1A
100
AcDbEntity
  8
BLACK
  6
CONTINUOUS
100
AcDbLine
 10
1.3921687007874015
 20
1.0495798031496062
 30
0
 11
1.3922506692913386
 21
1.0495250393700788
 31
0
  0
LINE
  5
93C
330
1A
100
AcDbEntity
  8
BLACK
  6
CONTINUOUS
100
AcDbLine
 10
1.3922506692913386
 20
1.0495250393700788
 30
0
 11
1.393188031496063
 21
1.0485876771653544
 31
0
  0
LINE
  5
93D
330
1A
100
AcDbEntity
  8
BLACK
  6
CONTINUOUS
100
AcDbLine
 10
1.393188031496063
 20
1.0485876771653544
 30
0
 11
1.3936147637795275
 21
1.0479490551181103
 31
0
  0
LINE
  5
93E
330
1A
100
AcDbEntity
  8
BLACK
  6
CONTINUOUS
100
AcDbLine
 10
1.3936147637795275
 20
1.0479490551181103
 30
0
 11
1.3936147637795275
 21
1.0464424409448818
 31
0
  0
LINE
  5
93F
330
1A
100
AcDbEntity
  8
BLACK
  6
CONTINUOUS
100
AcDbLine
 10
1.3936147637795275
 20
1.0464424409448818
 30
0
 11
1.3925494094488189
 21
1.0453770866141732
 31
0
  0
LINE
  5
940
330
1A
100
AcDbEntity
  8
BLACK
  6
CONTINUOUS
100
AcDbLine
 10
1.3925494094488189
 20
1.0453770866141732
 30
0
 11
1.3910427952755906
 21
1.0453770866141732
 31
0
  0
LINE
  5
941
330
1A
100
AcDbEntity
  8
BLACK
  6
CONTINUOUS
100
AcDbLine
 10
1.3910427952755906
 20
1.0453770866141732
 30
0
 11
1.3904041732283465
 21
1.0458038188976377
 31
0
  0
LINE
  5
942
330
1A
100
AcDbEntity
  8
BLACK
  6
CONTINUOUS
100
AcDbLine
 10
1.3904041732283465
 20
1.0458038188976377
 30
0
 11
1.3897953937007874
 21
1.0464125984251968
 31
0
  0
LINE
  5
943
330
1A
100
AcDbEntity
  8
BLACK
  6
CONTINUOUS
100
AcDbLine
 10
1.3897953937007874
 20
1.0464125984251968
 30
0
 11
1.3877271259842519
 21
1.0471020078740156
 31
0
  0
LINE
  5
944
330
1A
100
AcDbEntity
  8
BLACK
  6
CONTINUOUS
100
AcDbLine
 10
1.3877271259842519
 20
1.0471020078740156
 30
0
 11
1.3864912598425196
 21
1.0471020078740156
 31
0
  0
LINE
  5
945
330
1A
100
AcDbEntity
  8
BLACK
  6
CONTINUOUS
100
AcDbLine
 10
1.3864912598425196
 20
1.0471020078740156
 30
0
 11
1.3844230314960631
 21
1.0464125984251968
 31
0
  0
LINE
  5
946
330
1A
100
AcDbEntity
  8
BLACK
  6
CONTINUOUS
100
AcDbLine
 10
1.3844230314960631
 20
1.0464125984251968
 30
0
 11
1.383102716535433
 21
1.0450923228346456
 31
0
  0
LINE
  5
947
330
1A
100
AcDbEntity
  8
BLACK
  6
CONTINUOUS
100
AcDbLine
 10
1.383102716535433
 20
1.0450923228346456
 30
0
 11
1.3824048425196851
 21
1.0436965354330709
 31
0
  0
LINE
  5
948
330
1A
100
AcDbEntity
  8
BLACK
  6
CONTINUOUS
100
AcDbLine
 10
1.3824048425196851
 20
1.0436965354330709
 30
0
 11
1.3818645669291338
 21
1.0415354330708662
 31
0
  0
LINE
  5
949
330
1A
100
AcDbEntity
  8
BLACK
  6
CONTINUOUS
100
AcDbLine
 10
1.3818645669291338
 20
1.0415354330708662
 30
0
 11
1.3974914566929133
 21
1.0415354330708662
 31
0
  0
LINE
  5
94A
330
1A
100
AcDbEntity
  8
BLACK
  6
CONTINUOUS
100
AcDbLine
 10
1.3974914566929133
 20
1.0415354330708662
 30
0
 11
1.3983228346456693
 21
1.0448610236220472
 31
0
  0
LINE
  5
94B
330
1A
100
AcDbEntity
  8
BLACK
  6
CONTINUOUS
100
AcDbLine
 10
1.3983228346456693
 20
1.0448610236220472
 30
0
 11
1.3984149212598425
 21
1.0450560236220472
 31
0
  0
LINE
  5
94C
330
1A
100
AcDbEntity
  8
BLACK
  6
CONTINUOUS
100
AcDbLine
 10
1.3984149212598425
 20
1.0450560236220472
 30
0
 11
1.3984718897637796
 21
1.045263937007874
 31
0
  0
LINE
  5
94D
330
1A
100
AcDbEntity
  8
BLACK
  6
CONTINUOUS
100
AcDbLine
 10
1.3984718897637796
 20
1.045263937007874
 30
0
 11
1.3994092913385827
 21
1.0471387007874016
 31
0
  0
LINE
  5
94E
330
1A
100
AcDbEntity
  8
BLACK
  6
CONTINUOUS
100
AcDbLine
 10
1.3994092913385827
 20
1.0471387007874016
 30
0
 11
1.3996027952755905
 21
1.0473881102362204
 31
0
  0
LINE
  5
94F
330
1A
100
AcDbEntity
  8
BLACK
  6
CONTINUOUS
100
AcDbLine
 10
1.3996027952755905
 20
1.0473881102362204
 30
0
 11
1.3997780314960631
 21
1.0476502755905512
 31
0
  0
LINE
  5
950
330
1A
100
AcDbEntity
  8
BLACK
  6
CONTINUOUS
100
AcDbLine
 10
1.3997780314960631
 20
1.0476502755905512
 30
0
 11
1.4016527559055119
 21
1.0495250393700788
 31
0
  0
LINE
  5
951
330
1A
100
AcDbEntity
  8
BLACK
  6
CONTINUOUS
100
AcDbLine
 10
1.4016527559055119
 20
1.0495250393700788
 30
0
 11
1.4017347637795274
 21
1.0495798818897637
 31
0
  0
LINE
  5
952
330
1A
100
AcDbEntity
  8
BLACK
  6
CONTINUOUS
100
AcDbLine
 10
1.4017347637795274
 20
1.0495798818897637
 30
0
 11
1.4017549606299213
 21
1.0496201968503938
 31
0
  0
LINE
  5
953
330
1A
100
AcDbEntity
  8
BLACK
  6
CONTINUOUS
100
AcDbLine
 10
1.4017549606299213
 20
1.0496201968503938
 30
0
 11
1.4020287401574802
 21
1.0497762992125983
 31
0
  0
LINE
  5
954
330
1A
100
AcDbEntity
  8
BLACK
  6
CONTINUOUS
100
AcDbLine
 10
1.4020287401574802
 20
1.0497762992125983
 30
0
 11
1.4022913779527559
 21
1.0499517716535434
 31
0
  0
LINE
  5
955
330
1A
100
AcDbEntity
  8
BLACK
  6
CONTINUOUS
100
AcDbLine
 10
1.4022913779527559
 20
1.0499517716535434
 30
0
 11
1.4023365748031495
 21
1.0499517716535434
 31
0
  0
LINE
  5
956
330
1A
100
AcDbEntity
  8
BLACK
  6
CONTINUOUS
100
AcDbLine
 10
1.4023365748031495
 20
1.0499517716535434
 30
0
 11
1.4024222047244095
 21
1.0500005905511811
 31
0
  0
LINE
  5
957
330
1A
100
AcDbEntity
  8
BLACK
  6
CONTINUOUS
100
AcDbLine
 10
1.4024222047244095
 20
1.0500005905511811
 30
0
 11
1.4052343307086614
 21
1.0509379921259843
 31
0
  0
LINE
  5
958
330
1A
100
AcDbEntity
  8
BLACK
  6
CONTINUOUS
100
AcDbLine
 10
1.4052343307086614
 20
1.0509379921259843
 30
0
 11
1.4055473228346456
 21
1.0509774803149605
 31
0
  0
LINE
  5
959
330
1A
100
AcDbEntity
  8
BLACK
  6
CONTINUOUS
100
AcDbLine
 10
1.4055473228346456
 20
1.0509774803149605
 30
0
 11
1.4058568503937008
 21
1.0510390157480314
 31
0
  0
LINE
  5
95A
330
1A
100
AcDbEntity
  8
BLACK
  6
CONTINUOUS
100
AcDbLine
 10
1.4058568503937008
 20
1.0510390157480314
 30
0
 11
1.4077316141732283
 21
1.0510390157480314
 31
0
  0
LINE
  5
95B
330
1A
100
AcDbEntity
  8
BLACK
  6
CONTINUOUS
100
AcDbLine
 10
1.4077316141732283
 20
1.0510390157480314
 30
0
 11
1.4080411023622046
 21
1.0509774803149605
 31
0
  0
LINE
  5
95C
330
1A
100
AcDbEntity
  8
BLACK
  6
CONTINUOUS
100
AcDbLine
 10
1.4080411023622046
 20
1.0509774803149605
 30
0
 11
1.4083541338582677
 21
1.0509379921259843
 31
0
  0
LINE
  5
95D
330
1A
100
AcDbEntity
  8
BLACK
  6
CONTINUOUS
100
AcDbLine
 10
1.4083541338582677
 20
1.0509379921259843
 30
0
 11
1.4111662992125984
 21
1.0500005905511811
 31
0
  0
LINE
  5
95E
330
1A
100
AcDbEntity
  8
BLACK
  6
CONTINUOUS
100
AcDbLine
 10
1.4111662992125984
 20
1.0500005905511811
 30
0
 11
1.4112519291338583
 21
1.0499517716535434
 31
0
  0
LINE
  5
95F
330
1A
100
AcDbEntity
  8
BLACK
  6
CONTINUOUS
100
AcDbLine
 10
1.4112519291338583
 20
1.0499517716535434
 30
0
 11
1.4112970866141732
 21
1.0499517716535434
 31
0
  0
LINE
  5
960
330
1A
100
AcDbEntity
  8
BLACK
  6
CONTINUOUS
100
AcDbLine
 10
1.4112970866141732
 20
1.0499517716535434
 30
0
 11
1.4115592125984251
 21
1.0497766141732283
 31
0
  0
LINE
  5
961
330
1A
100
AcDbEntity
  8
BLACK
  6
CONTINUOUS
100
AcDbLine
 10
1.4115592125984251
 20
1.0497766141732283
 30
0
 11
1.4118335433070865
 21
1.0496202362204725
 31
0
  0
LINE
  5
962
330
1A
100
AcDbEntity
  8
BLACK
  6
CONTINUOUS
100
AcDbLine
 10
1.4118335433070865
 20
1.0496202362204725
 30
0
 11
1.4118537401574802
 21
1.0495798031496062
 31
0
  0
LINE
  5
963
330
1A
100
AcDbEntity
  8
BLACK
  6
CONTINUOUS
100
AcDbLine
 10
1.4118537401574802
 20
1.0495798031496062
 30
0
 11
1.4119357086614173
 21
1.0495250393700788
 31
0
  0
LINE
  5
964
330
1A
100
AcDbEntity
  8
BLACK
  6
CONTINUOUS
100
AcDbLine
 10
1.4119357086614173
 20
1.0495250393700788
 30
0
 11
1.4128730708661417
 21
1.0485876771653544
 31
0
  0
LINE
  5
965
330
1A
100
AcDbEntity
  8
BLACK
  6
CONTINUOUS
100
AcDbLine
 10
1.4128730708661417
 20
1.0485876771653544
 30
0
 11
1.4132998031496062
 21
1.0479490551181103
 31
0
  0
LINE
  5
966
330
1A
100
AcDbEntity
  8
BLACK
  6
CONTINUOUS
100
AcDbLine
 10
1.4132998031496062
 20
1.0479490551181103
 30
0
 11
1.4132998031496062
 21
1.0464424409448818
 31
0
  0
LINE
  5
967
330
1A
100
AcDbEntity
  8
BLACK
  6
CONTINUOUS
100
AcDbLine
 10
1.4132998031496062
 20
1.0464424409448818
 30
0
 11
1.4122344488188976
 21
1.0453770866141732
 31
0
  0
LINE
  5
968
330
1A
100
AcDbEntity
  8
BLACK
  6
CONTINUOUS
100
AcDbLine
 10
1.4122344488188976
 20
1.0453770866141732
 30
0
 11
1.4107278346456693
 21
1.0453770866141732
 31
0
  0
LINE
  5
969
330
1A
100
AcDbEntity
  8
BLACK
  6
CONTINUOUS
100
AcDbLine
 10
1.4107278346456693
 20
1.0453770866141732
 30
0
 11
1.4100892125984252
 21
1.0458038188976377
 31
0
  0
LINE
  5
96A
330
1A
100
AcDbEntity
  8
BLACK
  6
CONTINUOUS
100
AcDbLine
 10
1.4100892125984252
 20
1.0458038188976377
 30
0
 11
1.4094804330708661
 21
1.0464125984251968
 31
0
  0
LINE
  5
96B
330
1A
100
AcDbEntity
  8
BLACK
  6
CONTINUOUS
100
AcDbLine
 10
1.4094804330708661
 20
1.0464125984251968
 30
0
 11
1.4074121653543308
 21
1.0471020078740156
 31
0
  0
LINE
  5
96C
330
1A
100
AcDbEntity
  8
BLACK
  6
CONTINUOUS
100
AcDbLine
 10
1.4074121653543308
 20
1.0471020078740156
 30
0
 11
1.4061762992125983
 21
1.0471020078740156
 31
0
  0
LINE
  5
96D
330
1A
100
AcDbEntity
  8
BLACK
  6
CONTINUOUS
100
AcDbLine
 10
1.4061762992125983
 20
1.0471020078740156
 30
0
 11
1.4041080708661418
 21
1.0464125984251968
 31
0
  0
LINE
  5
96E
330
1A
100
AcDbEntity
  8
BLACK
  6
CONTINUOUS
100
AcDbLine
 10
1.4041080708661418
 20
1.0464125984251968
 30
0
 11
1.4027877559055117
 21
1.0450923228346456
 31
0
  0
LINE
  5
96F
330
1A
100
AcDbEntity
  8
BLACK
  6
CONTINUOUS
100
AcDbLine
 10
1.4027877559055117
 20
1.0450923228346456
 30
0
 11
1.4020898818897638
 21
1.0436965354330709
 31
0
  0
LINE
  5
970
330
1A
100
AcDbEntity
  8
BLACK
  6
CONTINUOUS
100
AcDbLine
 10
1.4020898818897638
 20
1.0436965354330709
 30
0
 11
1.4015496062992125
 21
1.0415354330708662
 31
0
  0
LINE
  5
971
330
1A
100
AcDbEntity
  8
BLACK
  6
CONTINUOUS
100
AcDbLine
 10
1.4015496062992125
 20
1.0415354330708662
 30
0
 11
1.4218468503937007
 21
1.0415354330708662
 31
0
  0
LINE
  5
972
330
1A
100
AcDbEntity
  8
BLACK
  6
CONTINUOUS
100
AcDbLine
 10
1.4218468503937007
 20
1.0415354330708662
 30
0
 11
1.4218024015748032
 21
1.042202125984252
 31
0
  0
LINE
  5
973
330
1A
100
AcDbEntity
  8
BLACK
  6
CONTINUOUS
100
AcDbLine
 10
1.4218024015748032
 20
1.042202125984252
 30
0
 11
1.4218484645669291
 21
1.0422821259842519
 31
0
  0
LINE
  5
974
330
1A
100
AcDbEntity
  8
BLACK
  6
CONTINUOUS
100
AcDbLine
 10
1.4218484645669291
 20
1.0422821259842519
 30
0
 11
1.4218484645669291
 21
1.0423247637795274
 31
0
  0
LINE
  5
975
330
1A
100
AcDbEntity
  8
BLACK
  6
CONTINUOUS
100
AcDbLine
 10
1.4218484645669291
 20
1.0423247637795274
 30
0
 11
1.4219063385826771
 21
1.0423826771653544
 31
0
  0
LINE
  5
976
330
1A
100
AcDbEntity
  8
BLACK
  6
CONTINUOUS
100
AcDbLine
 10
1.4219063385826771
 20
1.0423826771653544
 30
0
 11
1.4221856692913386
 21
1.042867716535433
 31
0
  0
LINE
  5
977
330
1A
100
AcDbEntity
  8
BLACK
  6
CONTINUOUS
100
AcDbLine
 10
1.4221856692913386
 20
1.042867716535433
 30
0
 11
1.4258906692913385
 21
1.0471020078740156
 31
0
  0
LINE
  5
978
330
1A
100
AcDbEntity
  8
BLACK
  6
CONTINUOUS
100
AcDbLine
 10
1.4258906692913385
 20
1.0471020078740156
 30
0
 11
1.4180428346456693
 21
1.0471020078740156
 31
0
  0
LINE
  5
979
330
1A
100
AcDbEntity
  8
BLACK
  6
CONTINUOUS
100
AcDbLine
 10
1.4180428346456693
 20
1.0471020078740156
 30
0
 11
1.4172895275590551
 21
1.0472518503937007
 31
0
  0
LINE
  5
97A
330
1A
100
AcDbEntity
  8
BLACK
  6
CONTINUOUS
100
AcDbLine
 10
1.4172895275590551
 20
1.0472518503937007
 30
0
 11
1.4162241732283465
 21
1.0483172047244094
 31
0
  0
LINE
  5
97B
330
1A
100
AcDbEntity
  8
BLACK
  6
CONTINUOUS
100
AcDbLine
 10
1.4162241732283465
 20
1.0483172047244094
 30
0
 11
1.4162241732283465
 21
1.0498238188976379
 31
0
  0
LINE
  5
97C
330
1A
100
AcDbEntity
  8
BLACK
  6
CONTINUOUS
100
AcDbLine
 10
1.4162241732283465
 20
1.0498238188976379
 30
0
 11
1.4172895275590551
 21
1.0508891732283465
 31
0
  0
LINE
  5
97D
330
1A
100
AcDbEntity
  8
BLACK
  6
CONTINUOUS
100
AcDbLine
 10
1.4172895275590551
 20
1.0508891732283465
 30
0
 11
1.4180428346456693
 21
1.0510390157480314
 31
0
  0
LINE
  5
97E
330
1A
100
AcDbEntity
  8
BLACK
  6
CONTINUOUS
100
AcDbLine
 10
1.4180428346456693
 20
1.0510390157480314
 30
0
 11
1.4302288188976378
 21
1.0510390157480314
 31
0
  0
LINE
  5
97F
330
1A
100
AcDbEntity
  8
BLACK
  6
CONTINUOUS
100
AcDbLine
 10
1.4302288188976378
 20
1.0510390157480314
 30
0
 11
1.430777874015748
 21
1.0509298031496064
 31
0
  0
LINE
  5
980
330
1A
100
AcDbEntity
  8
BLACK
  6
CONTINUOUS
100
AcDbLine
 10
1.430777874015748
 20
1.0509298031496064
 30
0
 11
1.4308594881889762
 21
1.0509352362204725
 31
0
  0
LINE
  5
981
330
1A
100
AcDbEntity
  8
BLACK
  6
CONTINUOUS
100
AcDbLine
 10
1.4308594881889762
 20
1.0509352362204725
 30
0
 11
1.4308915354330709
 21
1.0509072047244095
 31
0
  0
LINE
  5
982
330
1A
100
AcDbEntity
  8
BLACK
  6
CONTINUOUS
100
AcDbLine
 10
1.4308915354330709
 20
1.0509072047244095
 30
0
 11
1.4309821259842519
 21
1.0508891732283465
 31
0
  0
LINE
  5
983
330
1A
100
AcDbEntity
  8
BLACK
  6
CONTINUOUS
100
AcDbLine
 10
1.4309821259842519
 20
1.0508891732283465
 30
0
 11
1.4314718897637795
 21
1.0503994094488189
 31
0
  0
LINE
  5
984
330
1A
100
AcDbEntity
  8
BLACK
  6
CONTINUOUS
100
AcDbLine
 10
1.4314718897637795
 20
1.0503994094488189
 30
0
 11
1.431993346456693
 21
1.0499431496062992
 31
0
  0
LINE
  5
985
330
1A
100
AcDbEntity
  8
BLACK
  6
CONTINUOUS
100
AcDbLine
 10
1.431993346456693
 20
1.0499431496062992
 30
0
 11
1.4319979921259842
 21
1.0498733070866142
 31
0
  0
LINE
  5
986
330
1A
100
AcDbEntity
  8
BLACK
  6
CONTINUOUS
100
AcDbLine
 10
1.4319979921259842
 20
1.0498733070866142
 30
0
 11
1.4320474803149605
 21
1.0498238188976379
 31
0
  0
LINE
  5
987
330
1A
100
AcDbEntity
  8
BLACK
  6
CONTINUOUS
100
AcDbLine
 10
1.4320474803149605
 20
1.0498238188976379
 30
0
 11
1.4320474803149605
 21
1.0491309842519685
 31
0
  0
LINE
  5
988
330
1A
100
AcDbEntity
  8
BLACK
  6
CONTINUOUS
100
AcDbLine
 10
1.4320474803149605
 20
1.0491309842519685
 30
0
 11
1.4320935433070865
 21
1.048439842519685
 31
0
  0
LINE
  5
989
330
1A
100
AcDbEntity
  8
BLACK
  6
CONTINUOUS
100
AcDbLine
 10
1.4320935433070865
 20
1.048439842519685
 30
0
 11
1.4320474803149605
 21
1.0483598818897637
 31
0
  0
LINE
  5
98A
330
1A
100
AcDbEntity
  8
BLACK
  6
CONTINUOUS
100
AcDbLine
 10
1.4320474803149605
 20
1.0483598818897637
 30
0
 11
1.4320474803149605
 21
1.0483172047244094
 31
0
  0
LINE
  5
98B
330
1A
100
AcDbEntity
  8
BLACK
  6
CONTINUOUS
100
AcDbLine
 10
1.4320474803149605
 20
1.0483172047244094
 30
0
 11
1.4319895669291338
 21
1.0482593307086614
 31
0
  0
LINE
  5
98C
330
1A
100
AcDbEntity
  8
BLACK
  6
CONTINUOUS
100
AcDbLine
 10
1.4319895669291338
 20
1.0482593307086614
 30
0
 11
1.4317102755905511
 21
1.0477742519685038
 31
0
  0
LINE
  5
98D
330
1A
100
AcDbEntity
  8
BLACK
  6
CONTINUOUS
100
AcDbLine
 10
1.4317102755905511
 20
1.0477742519685038
 30
0
 11
1.4276822440944881
 21
1.0431708267716535
 31
0
  0
LINE
  5
98E
330
1A
100
AcDbEntity
  8
BLACK
  6
CONTINUOUS
100
AcDbLine
 10
1.4276822440944881
 20
1.0431708267716535
 30
0
 11
1.429234409448819
 21
1.0423947244094487
 31
0
  0
LINE
  5
98F
330
1A
100
AcDbEntity
  8
BLACK
  6
CONTINUOUS
100
AcDbLine
 10
1.429234409448819
 20
1.0423947244094487
 30
0
 11
1.429483779527559
 21
1.0422012204724409
 31
0
  0
LINE
  5
990
330
1A
100
AcDbEntity
  8
BLACK
  6
CONTINUOUS
100
AcDbLine
 10
1.429483779527559
 20
1.0422012204724409
 30
0
 11
1.4297459842519684
 21
1.0420259842519686
 31
0
  0
LINE
  5
991
330
1A
100
AcDbEntity
  8
BLACK
  6
CONTINUOUS
100
AcDbLine
 10
1.4297459842519684
 20
1.0420259842519686
 30
0
 11
1.4302365354330708
 21
1.0415354330708662
 31
0
  0
LINE
  5
992
330
1A
100
AcDbEntity
  8
BLACK
  6
CONTINUOUS
100
AcDbLine
 10
1.4302365354330708
 20
1.0415354330708662
 30
0
 11
1.4514444881889763
 21
1.0415354330708662
 31
0
  0
LINE
  5
993
330
1A
100
AcDbEntity
  8
BLACK
  6
CONTINUOUS
100
AcDbLine
 10
1.4514444881889763
 20
1.0415354330708662
 30
0
 11
1.4519026377952755
 21
1.0424517716535433
 31
0
  0
LINE
  5
994
330
1A
100
AcDbEntity
  8
BLACK
  6
CONTINUOUS
100
AcDbLine
 10
1.4519026377952755
 20
1.0424517716535433
 30
0
 11
1.4521429921259843
 21
1.0427614960629921
 31
0
  0
LINE
  5
995
330
1A
100
AcDbEntity
  8
BLACK
  6
CONTINUOUS
100
AcDbLine
 10
1.4521429921259843
 20
1.0427614960629921
 30
0
 11
1.4521762598425196
 21
1.0428612598425198
 31
0
  0
LINE
  5
996
330
1A
100
AcDbEntity
  8
BLACK
  6
CONTINUOUS
100
AcDbLine
 10
1.4521762598425196
 20
1.0428612598425198
 30
0
 11
1.4522873228346456
 21
1.0429474803149605
 31
0
  0
LINE
  5
997
330
1A
100
AcDbEntity
  8
BLACK
  6
CONTINUOUS
100
AcDbLine
 10
1.4522873228346456
 20
1.0429474803149605
 30
0
 11
1.4523735433070866
 21
1.0430585433070867
 31
0
  0
LINE
  5
998
330
1A
100
AcDbEntity
  8
BLACK
  6
CONTINUOUS
100
AcDbLine
 10
1.4523735433070866
 20
1.0430585433070867
 30
0
 11
1.452473307086614
 21
1.043091811023622
 31
0
  0
LINE
  5
999
330
1A
100
AcDbEntity
  8
BLACK
  6
CONTINUOUS
100
AcDbLine
 10
1.452473307086614
 20
1.043091811023622
 30
0
 11
1.452783031496063
 21
1.0433321653543306
 31
0
  0
LINE
  5
99A
330
1A
100
AcDbEntity
  8
BLACK
  6
CONTINUOUS
100
AcDbLine
 10
1.452783031496063
 20
1.0433321653543306
 30
0
 11
1.4546577559055118
 21
1.0442694881889762
 31
0
  0
LINE
  5
99B
330
1A
100
AcDbEntity
  8
BLACK
  6
CONTINUOUS
100
AcDbLine
 10
1.4546577559055118
 20
1.0442694881889762
 30
0
 11
1.4547528346456693
 21
1.0442955511811023
 31
0
  0
LINE
  5
99C
330
1A
100
AcDbEntity
  8
BLACK
  6
CONTINUOUS
100
AcDbLine
 10
1.4547528346456693
 20
1.0442955511811023
 30
0
 11
1.4547848031496062
 21
1.0443274803149607
 31
0
  0
LINE
  5
99D
330
1A
100
AcDbEntity
  8
BLACK
  6
CONTINUOUS
100
AcDbLine
 10
1.4547848031496062
 20
1.0443274803149607
 30
0
 11
1.4550942913385827
 21
1.0443890551181103
 31
0
  0
LINE
  5
99E
330
1A
100
AcDbEntity
  8
BLACK
  6
CONTINUOUS
100
AcDbLine
 10
1.4550942913385827
 20
1.0443890551181103
 30
0
 11
1.4553985433070866
 21
1.0444723622047243
 31
0
  0
LINE
  5
99F
330
1A
100
AcDbEntity
  8
BLACK
  6
CONTINUOUS
100
AcDbLine
 10
1.4553985433070866
 20
1.0444723622047243
 30
0
 11
1.455441377952756
 21
1.0444581102362205
 31
0
  0
LINE
  5
9A0
330
1A
100
AcDbEntity
  8
BLACK
  6
CONTINUOUS
100
AcDbLine
 10
1.455441377952756
 20
1.0444581102362205
 30
0
 11
1.4555381102362204
 21
1.0444773228346456
 31
0
  0
LINE
  5
9A1
330
1A
100
AcDbEntity
  8
BLACK
  6
CONTINUOUS
100
AcDbLine
 10
1.4555381102362204
 20
1.0444773228346456
 30
0
 11
1.4583502755905511
 21
1.0444773228346456
 31
0
  0
LINE
  5
9A2
330
1A
100
AcDbEntity
  8
BLACK
  6
CONTINUOUS
100
AcDbLine
 10
1.4583502755905511
 20
1.0444773228346456
 30
0
 11
1.458446968503937
 21
1.0444581102362205
 31
0
  0
LINE
  5
9A3
330
1A
100
AcDbEntity
  8
BLACK
  6
CONTINUOUS
100
AcDbLine
 10
1.458446968503937
 20
1.0444581102362205
 30
0
 11
1.4584898031496063
 21
1.0444723622047243
 31
0
  0
LINE
  5
9A4
330
1A
100
AcDbEntity
  8
BLACK
  6
CONTINUOUS
100
AcDbLine
 10
1.4584898031496063
 20
1.0444723622047243
 30
0
 11
1.458794094488189
 21
1.0443890551181103
 31
0
  0
LINE
  5
9A5
330
1A
100
AcDbEntity
  8
BLACK
  6
CONTINUOUS
100
AcDbLine
 10
1.458794094488189
 20
1.0443890551181103
 30
0
 11
1.4591035826771652
 21
1.0443274803149607
 31
0
  0
LINE
  5
9A6
330
1A
100
AcDbEntity
  8
BLACK
  6
CONTINUOUS
100
AcDbLine
 10
1.4591035826771652
 20
1.0443274803149607
 30
0
 11
1.4591354724409449
 21
1.044295590551181
 31
0
  0
LINE
  5
9A7
330
1A
100
AcDbEntity
  8
BLACK
  6
CONTINUOUS
100
AcDbLine
 10
1.4591354724409449
 20
1.044295590551181
 30
0
 11
1.4592305905511811
 21
1.044269527559055
 31
0
  0
LINE
  5
9A8
330
1A
100
AcDbEntity
  8
BLACK
  6
CONTINUOUS
100
AcDbLine
 10
1.4592305905511811
 20
1.044269527559055
 30
0
 11
1.4611053543307086
 21
1.0433321653543306
 31
0
  0
LINE
  5
9A9
330
1A
100
AcDbEntity
  8
BLACK
  6
CONTINUOUS
100
AcDbLine
 10
1.4611053543307086
 20
1.0433321653543306
 30
0
 11
1.461712125984252
 21
1.0428612598425198
 31
0
  0
LINE
  5
9AA
330
1A
100
AcDbEntity
  8
BLACK
  6
CONTINUOUS
100
AcDbLine
 10
1.461712125984252
 20
1.0428612598425198
 30
0
 11
1.462154094488189
 21
1.0415354330708662
 31
0
  0
LINE
  5
9AB
330
1A
100
AcDbEntity
  8
BLACK
  6
CONTINUOUS
100
AcDbLine
 10
1.462154094488189
 20
1.0415354330708662
 30
0
 11
1.4651881496062993
 21
1.0415354330708662
 31
0
  0
LINE
  5
9AC
330
1A
100
AcDbEntity
  8
BLACK
  6
CONTINUOUS
100
AcDbLine
 10
1.4651881496062993
 20
1.0415354330708662
 30
0
 11
1.4649680708661417
 21
1.0417555118110235
 31
0
  0
LINE
  5
9AD
330
1A
100
AcDbEntity
  8
BLACK
  6
CONTINUOUS
100
AcDbLine
 10
1.4649680708661417
 20
1.0417555118110235
 30
0
 11
1.4649680708661417
 21
1.0432621259842521
 31
0
  0
LINE
  5
9AE
330
1A
100
AcDbEntity
  8
BLACK
  6
CONTINUOUS
100
AcDbLine
 10
1.4649680708661417
 20
1.0432621259842521
 30
0
 11
1.4660334251968503
 21
1.0443274803149607
 31
0
  0
LINE
  5
9AF
330
1A
100
AcDbEntity
  8
BLACK
  6
CONTINUOUS
100
AcDbLine
 10
1.4660334251968503
 20
1.0443274803149607
 30
0
 11
1.4667867322834645
 21
1.0444773228346456
 31
0
  0
LINE
  5
9B0
330
1A
100
AcDbEntity
  8
BLACK
  6
CONTINUOUS
100
AcDbLine
 10
1.4667867322834645
 20
1.0444773228346456
 30
0
 11
1.4676303543307085
 21
1.0444773228346456
 31
0
  0
LINE
  5
9B1
330
1A
100
AcDbEntity
  8
BLACK
  6
CONTINUOUS
100
AcDbLine
 10
1.4676303543307085
 20
1.0444773228346456
 30
0
 11
1.4676303543307085
 21
1.0490705118110235
 31
0
  0
LINE
  5
9B2
330
1A
100
AcDbEntity
  8
BLACK
  6
CONTINUOUS
100
AcDbLine
 10
1.4676303543307085
 20
1.0490705118110235
 30
0
 11
1.4677801968503936
 21
1.0498238188976379
 31
0
  0
LINE
  5
9B3
330
1A
100
AcDbEntity
  8
BLACK
  6
CONTINUOUS
100
AcDbLine
 10
1.4677801968503936
 20
1.0498238188976379
 30
0
 11
1.4688455511811023
 21
1.0508891732283465
 31
0
  0
LINE
  5
9B4
330
1A
100
AcDbEntity
  8
BLACK
  6
CONTINUOUS
100
AcDbLine
 10
1.4688455511811023
 20
1.0508891732283465
 30
0
 11
1.4703521653543308
 21
1.0508891732283465
 31
0
  0
LINE
  5
9B5
330
1A
100
AcDbEntity
  8
BLACK
  6
CONTINUOUS
100
AcDbLine
 10
1.4703521653543308
 20
1.0508891732283465
 30
0
 11
1.4714175196850394
 21
1.0498238188976379
 31
0
  0
LINE
  5
9B6
330
1A
100
AcDbEntity
  8
BLACK
  6
CONTINUOUS
100
AcDbLine
 10
1.4714175196850394
 20
1.0498238188976379
 30
0
 11
1.4715673622047243
 21
1.0490705118110235
 31
0
  0
LINE
  5
9B7
330
1A
100
AcDbEntity
  8
BLACK
  6
CONTINUOUS
100
AcDbLine
 10
1.4715673622047243
 20
1.0490705118110235
 30
0
 11
1.4715673622047243
 21
1.0444773228346456
 31
0
  0
LINE
  5
9B8
330
1A
100
AcDbEntity
  8
BLACK
  6
CONTINUOUS
100
AcDbLine
 10
1.4715673622047243
 20
1.0444773228346456
 30
0
 11
1.4742857874015747
 21
1.0444773228346456
 31
0
  0
LINE
  5
9B9
330
1A
100
AcDbEntity
  8
BLACK
  6
CONTINUOUS
100
AcDbLine
 10
1.4742857874015747
 20
1.0444773228346456
 30
0
 11
1.475039094488189
 21
1.0443274803149607
 31
0
  0
LINE
  5
9BA
330
1A
100
AcDbEntity
  8
BLACK
  6
CONTINUOUS
100
AcDbLine
 10
1.475039094488189
 20
1.0443274803149607
 30
0
 11
1.4761044488188977
 21
1.0432621259842521
 31
0
  0
LINE
  5
9BB
330
1A
100
AcDbEntity
  8
BLACK
  6
CONTINUOUS
100
AcDbLine
 10
1.4761044488188977
 20
1.0432621259842521
 30
0
 11
1.4761044488188977
 21
1.0417555118110235
 31
0
  0
LINE
  5
9BC
330
1A
100
AcDbEntity
  8
BLACK
  6
CONTINUOUS
100
AcDbLine
 10
1.4761044488188977
 20
1.0417555118110235
 30
0
 11
1.4758843700787401
 21
1.0415354330708662
 31
0
  0
LINE
  5
9BD
330
1A
100
AcDbEntity
  8
BLACK
  6
CONTINUOUS
100
AcDbLine
 10
1.4758843700787401
 20
1.0415354330708662
 30
0
 11
1.4789183858267716
 21
1.0415354330708662
 31
0
  0
LINE
  5
9BE
330
1A
100
AcDbEntity
  8
BLACK
  6
CONTINUOUS
100
AcDbLine
 10
1.4789183858267716
 20
1.0415354330708662
 30
0
 11
1.4793603543307086
 21
1.0428612598425198
 31
0
  0
LINE
  5
9BF
330
1A
100
AcDbEntity
  8
BLACK
  6
CONTINUOUS
100
AcDbLine
 10
1.4793603543307086
 20
1.0428612598425198
 30
0
 11
1.479967125984252
 21
1.0433321653543306
 31
0
  0
LINE
  5
9C0
330
1A
100
AcDbEntity
  8
BLACK
  6
CONTINUOUS
100
AcDbLine
 10
1.479967125984252
 20
1.0433321653543306
 30
0
 11
1.4818418503937008
 21
1.0442694881889762
 31
0
  0
LINE
  5
9C1
330
1A
100
AcDbEntity
  8
BLACK
  6
CONTINUOUS
100
AcDbLine
 10
1.4818418503937008
 20
1.0442694881889762
 30
0
 11
1.4819369291338582
 21
1.0442955511811023
 31
0
  0
LINE
  5
9C2
330
1A
100
AcDbEntity
  8
BLACK
  6
CONTINUOUS
100
AcDbLine
 10
1.4819369291338582
 20
1.0442955511811023
 30
0
 11
1.4819688976377952
 21
1.0443274803149607
 31
0
  0
LINE
  5
9C3
330
1A
100
AcDbEntity
  8
BLACK
  6
CONTINUOUS
100
AcDbLine
 10
1.4819688976377952
 20
1.0443274803149607
 30
0
 11
1.4822783858267716
 21
1.0443890551181103
 31
0
  0
LINE
  5
9C4
330
1A
100
AcDbEntity
  8
BLACK
  6
CONTINUOUS
100
AcDbLine
 10
1.4822783858267716
 20
1.0443890551181103
 30
0
 11
1.4825826377952755
 21
1.0444723622047243
 31
0
  0
LINE
  5
9C5
330
1A
100
AcDbEntity
  8
BLACK
  6
CONTINUOUS
100
AcDbLine
 10
1.4825826377952755
 20
1.0444723622047243
 30
0
 11
1.4826254724409449
 21
1.0444581102362205
 31
0
  0
LINE
  5
9C6
330
1A
100
AcDbEntity
  8
BLACK
  6
CONTINUOUS
100
AcDbLine
 10
1.4826254724409449
 20
1.0444581102362205
 30
0
 11
1.4827222047244095
 21
1.0444773228346456
 31
0
  0
LINE
  5
9C7
330
1A
100
AcDbEntity
  8
BLACK
  6
CONTINUOUS
100
AcDbLine
 10
1.4827222047244095
 20
1.0444773228346456
 30
0
 11
1.4864717322834646
 21
1.0444773228346456
 31
0
  0
LINE
  5
9C8
330
1A
100
AcDbEntity
  8
BLACK
  6
CONTINUOUS
100
AcDbLine
 10
1.4864717322834646
 20
1.0444773228346456
 30
0
 11
1.4865684251968503
 21
1.0444581102362205
 31
0
  0
LINE
  5
9C9
330
1A
100
AcDbEntity
  8
BLACK
  6
CONTINUOUS
100
AcDbLine
 10
1.4865684251968503
 20
1.0444581102362205
 30
0
 11
1.4866112598425196
 21
1.0444723622047243
 31
0
  0
LINE
  5
9CA
330
1A
100
AcDbEntity
  8
BLACK
  6
CONTINUOUS
100
AcDbLine
 10
1.4866112598425196
 20
1.0444723622047243
 30
0
 11
1.4869155511811023
 21
1.0443890551181103
 31
0
  0
LINE
  5
9CB
330
1A
100
AcDbEntity
  8
BLACK
  6
CONTINUOUS
100
AcDbLine
 10
1.4869155511811023
 20
1.0443890551181103
 30
0
 11
1.4872250393700788
 21
1.0443274803149607
 31
0
  0
LINE
  5
9CC
330
1A
100
AcDbEntity
  8
BLACK
  6
CONTINUOUS
100
AcDbLine
 10
1.4872250393700788
 20
1.0443274803149607
 30
0
 11
1.4872569291338582
 21
1.044295590551181
 31
0
  0
LINE
  5
9CD
330
1A
100
AcDbEntity
  8
BLACK
  6
CONTINUOUS
100
AcDbLine
 10
1.4872569291338582
 20
1.044295590551181
 30
0
 11
1.4873520472440944
 21
1.044269527559055
 31
0
  0
LINE
  5
9CE
330
1A
100
AcDbEntity
  8
BLACK
  6
CONTINUOUS
100
AcDbLine
 10
1.4873520472440944
 20
1.044269527559055
 30
0
 11
1.489226811023622
 21
1.0433321653543306
 31
0
  0
LINE
  5
9CF
330
1A
100
AcDbEntity
  8
BLACK
  6
CONTINUOUS
100
AcDbLine
 10
1.489226811023622
 20
1.0433321653543306
 30
0
 11
1.4895364566929135
 21
1.0430918503937008
 31
0
  0
LINE
  5
9D0
330
1A
100
AcDbEntity
  8
BLACK
  6
CONTINUOUS
100
AcDbLine
 10
1.4895364566929135
 20
1.0430918503937008
 30
0
 11
1.4896362598425197
 21
1.0430585826771652
 31
0
  0
LINE
  5
9D1
330
1A
100
AcDbEntity
  8
BLACK
  6
CONTINUOUS
100
AcDbLine
 10
1.4896362598425197
 20
1.0430585826771652
 30
0
 11
1.4897224803149607
 21
1.0429475196850393
 31
0
  0
LINE
  5
9D2
330
1A
100
AcDbEntity
  8
BLACK
  6
CONTINUOUS
100
AcDbLine
 10
1.4897224803149607
 20
1.0429475196850393
 30
0
 11
1.4898335826771654
 21
1.0428612598425198
 31
0
  0
LINE
  5
9D3
330
1A
100
AcDbEntity
  8
BLACK
  6
CONTINUOUS
100
AcDbLine
 10
1.4898335826771654
 20
1.0428612598425198
 30
0
 11
1.489866811023622
 21
1.0427614960629921
 31
0
  0
LINE
  5
9D4
330
1A
100
AcDbEntity
  8
BLACK
  6
CONTINUOUS
100
AcDbLine
 10
1.489866811023622
 20
1.0427614960629921
 30
0
 11
1.4901071653543307
 21
1.0424518110236221
 31
0
  0
LINE
  5
9D5
330
1A
100
AcDbEntity
  8
BLACK
  6
CONTINUOUS
100
AcDbLine
 10
1.4901071653543307
 20
1.0424518110236221
 30
0
 11
1.4905653543307087
 21
1.0415354330708662
 31
0
  0
LINE
  5
9D6
330
1A
100
AcDbEntity
  8
BLACK
  6
CONTINUOUS
100
AcDbLine
 10
1.4905653543307087
 20
1.0415354330708662
 30
0
 11
1.4932086614173228
 21
1.0415354330708662
 31
0
  0
LINE
  5
9D7
330
1A
100
AcDbEntity
  8
BLACK
  6
CONTINUOUS
100
AcDbLine
 10
1.4932086614173228
 20
1.0415354330708662
 30
0
 11
1.4932086614173228
 21
1.1222440944881888
 31
0
  0
LINE
  5
9D8
330
1A
100
AcDbEntity
  8
BLACK
  6
CONTINUOUS
100
AcDbLine
 10
1.4932086614173228
 20
1.1222440944881888
 30
0
 11
1.3140748031496063
 21
1.1222440944881888
 31
0
  0
LINE
  5
9D9
330
1A
100
AcDbEntity
  8
BLACK
  6
CONTINUOUS
100
AcDbLine
 10
1.3115335433070865
 20
1.0952024803149607
 30
0
 11
1.3101042125984252
 21
1.0947260236220473
 31
0
  0
LINE
  5
9DA
330
1A
100
AcDbEntity
  8
BLACK
  6
CONTINUOUS
100
AcDbLine
 10
1.3101042125984252
 20
1.0947260236220473
 30
0
 11
1.3093634251968505
 21
1.0949288976377953
 31
0
  0
LINE
  5
9DB
330
1A
100
AcDbEntity
  8
BLACK
  6
CONTINUOUS
100
AcDbLine
 10
1.3093634251968505
 20
1.0949288976377953
 30
0
 11
1.3079042913385825
 21
1.0956584251968504
 31
0
  0
LINE
  5
9DC
330
1A
100
AcDbEntity
  8
BLACK
  6
CONTINUOUS
100
AcDbLine
 10
1.3079042913385825
 20
1.0956584251968504
 30
0
 11
1.3076771653543307
 21
1.0956584251968504
 31
0
  0
LINE
  5
9DD
330
1A
100
AcDbEntity
  8
BLACK
  6
CONTINUOUS
100
AcDbLine
 10
1.3076771653543307
 20
1.0956584251968504
 30
0
 11
1.3076771653543307
 21
1.0940944881889763
 31
0
  0
LINE
  5
9DE
330
1A
100
AcDbEntity
  8
BLACK
  6
CONTINUOUS
100
AcDbLine
 10
1.3076771653543307
 20
1.0940944881889763
 30
0
 11
1.3076022440944881
 21
1.0937178346456693
 31
0
  0
LINE
  5
9DF
330
1A
100
AcDbEntity
  8
BLACK
  6
CONTINUOUS
100
AcDbLine
 10
1.3076022440944881
 20
1.0937178346456693
 30
0
 11
1.3070695669291339
 21
1.0931851574803149
 31
0
  0
LINE
  5
9E0
330
1A
100
AcDbEntity
  8
BLACK
  6
CONTINUOUS
100
AcDbLine
 10
1.3070695669291339
 20
1.0931851574803149
 30
0
 11
1.3066929133858267
 21
1.0931102362204723
 31
0
  0
LINE
  5
9E1
330
1A
100
AcDbEntity
  8
BLACK
  6
CONTINUOUS
100
AcDbLine
 10
1.3066929133858267
 20
1.0931102362204723
 30
0
 11
1.3028384645669291
 21
1.0931102362204723
 31
0
  0
LINE
  5
9E2
330
1A
100
AcDbEntity
  8
BLACK
  6
CONTINUOUS
100
AcDbLine
 10
1.3028384645669291
 20
1.0931102362204723
 30
0
 11
1.3028384645669291
 21
1.088779527559055
 31
0
  0
LINE
  5
9E3
330
1A
100
AcDbEntity
  8
BLACK
  6
CONTINUOUS
100
AcDbLine
 10
1.3028384645669291
 20
1.088779527559055
 30
0
 11
1.3055118110236221
 21
1.088779527559055
 31
0
  0
LINE
  5
9E4
330
1A
100
AcDbEntity
  8
BLACK
  6
CONTINUOUS
100
AcDbLine
 10
1.3055118110236221
 20
1.088779527559055
 30
0
 11
1.3058884645669291
 21
1.0887046062992125
 31
0
  0
LINE
  5
9E5
330
1A
100
AcDbEntity
  8
BLACK
  6
CONTINUOUS
100
AcDbLine
 10
1.3058884645669291
 20
1.0887046062992125
 30
0
 11
1.3064211417322835
 21
1.0881719291338583
 31
0
  0
LINE
  5
9E6
330
1A
100
AcDbEntity
  8
BLACK
  6
CONTINUOUS
100
AcDbLine
 10
1.3064211417322835
 20
1.0881719291338583
 30
0
 11
1.3064960629921261
 21
1.0877952755905511
 31
0
  0
LINE
  5
9E7
330
1A
100
AcDbEntity
  8
BLACK
  6
CONTINUOUS
100
AcDbLine
 10
1.3064960629921261
 20
1.0877952755905511
 30
0
 11
1.3064960629921261
 21
1.0864720866141733
 31
0
  0
LINE
  5
9E8
330
1A
100
AcDbEntity
  8
BLACK
  6
CONTINUOUS
100
AcDbLine
 10
1.3064960629921261
 20
1.0864720866141733
 30
0
 11
1.3079042913385825
 21
1.0864720866141733
 31
0
  0
LINE
  5
9E9
330
1A
100
AcDbEntity
  8
BLACK
  6
CONTINUOUS
100
AcDbLine
 10
1.3079042913385825
 20
1.0864720866141733
 30
0
 11
1.3093634251968505
 21
1.0872016141732284
 31
0
  0
LINE
  5
9EA
330
1A
100
AcDbEntity
  8
BLACK
  6
CONTINUOUS
100
AcDbLine
 10
1.3093634251968505
 20
1.0872016141732284
 30
0
 11
1.3101042125984252
 21
1.0874044881889764
 31
0
  0
LINE
  5
9EB
330
1A
100
AcDbEntity
  8
BLACK
  6
CONTINUOUS
100
AcDbLine
 10
1.3101042125984252
 20
1.0874044881889764
 30
0
 11
1.3115335433070865
 21
1.086928031496063
 31
0
  0
LINE
  5
9EC
330
1A
100
AcDbEntity
  8
BLACK
  6
CONTINUOUS
100
AcDbLine
 10
1.3115335433070865
 20
1.086928031496063
 30
0
 11
1.3121062992125985
 21
1.0857825196850392
 31
0
  0
LINE
  5
9ED
330
1A
100
AcDbEntity
  8
BLACK
  6
CONTINUOUS
100
AcDbLine
 10
1.3121062992125985
 20
1.0857825196850392
 30
0
 11
1.3121062992125985
 21
1.0963479921259842
 31
0
  0
LINE
  5
9EE
330
1A
100
AcDbEntity
  8
BLACK
  6
CONTINUOUS
100
AcDbLine
 10
1.3121062992125985
 20
1.0963479921259842
 30
0
 11
1.3115335433070865
 21
1.0952024803149607
 31
0
  0
LINE
  5
9EF
330
1A
100
AcDbEntity
  8
BLACK
  6
CONTINUOUS
100
AcDbLine
 10
1.1886240551181102
 20
1.0868110236220472
 30
0
 11
1.1896408661417324
 21
1.0864720866141733
 31
0
  0
LINE
  5
9F0
330
1A
100
AcDbEntity
  8
BLACK
  6
CONTINUOUS
100
AcDbLine
 10
1.1896408661417324
 20
1.0864720866141733
 30
0
 11
1.1908767716535433
 21
1.0864720866141733
 31
0
  0
LINE
  5
9F1
330
1A
100
AcDbEntity
  8
BLACK
  6
CONTINUOUS
100
AcDbLine
 10
1.1908767716535433
 20
1.0864720866141733
 30
0
 11
1.1918935826771653
 21
1.0868110236220472
 31
0
  0
LINE
  5
9F2
330
1A
100
AcDbEntity
  8
BLACK
  6
CONTINUOUS
100
AcDbLine
 10
1.1918935826771653
 20
1.0868110236220472
 30
0
 11
1.1886240551181102
 21
1.0868110236220472
 31
0
  0
LINE
  5
9F3
330
1A
100
AcDbEntity
  8
BLACK
  6
CONTINUOUS
100
AcDbLine
 10
1.2083090944881889
 20
1.0868110236220472
 30
0
 11
1.2093259055118111
 21
1.0864720866141733
 31
0
  0
LINE
  5
9F4
330
1A
100
AcDbEntity
  8
BLACK
  6
CONTINUOUS
100
AcDbLine
 10
1.2093259055118111
 20
1.0864720866141733
 30
0
 11
1.210561811023622
 21
1.0864720866141733
 31
0
  0
LINE
  5
9F5
330
1A
100
AcDbEntity
  8
BLACK
  6
CONTINUOUS
100
AcDbLine
 10
1.210561811023622
 20
1.0864720866141733
 30
0
 11
1.211578622047244
 21
1.0868110236220472
 31
0
  0
LINE
  5
9F6
330
1A
100
AcDbEntity
  8
BLACK
  6
CONTINUOUS
100
AcDbLine
 10
1.211578622047244
 20
1.0868110236220472
 30
0
 11
1.2083090944881889
 21
1.0868110236220472
 31
0
  0
LINE
  5
9F7
330
1A
100
AcDbEntity
  8
BLACK
  6
CONTINUOUS
100
AcDbLine
 10
1.2575372047244093
 20
1.0868110236220472
 30
0
 11
1.2582150787401574
 21
1.0864720866141733
 31
0
  0
LINE
  5
9F8
330
1A
100
AcDbEntity
  8
BLACK
  6
CONTINUOUS
100
AcDbLine
 10
1.2582150787401574
 20
1.0864720866141733
 30
0
 11
1.2610351574803149
 21
1.0864720866141733
 31
0
  0
LINE
  5
9F9
330
1A
100
AcDbEntity
  8
BLACK
  6
CONTINUOUS
100
AcDbLine
 10
1.2610351574803149
 20
1.0864720866141733
 30
0
 11
1.261713031496063
 21
1.0868110236220472
 31
0
  0
LINE
  5
9FA
330
1A
100
AcDbEntity
  8
BLACK
  6
CONTINUOUS
100
AcDbLine
 10
1.261713031496063
 20
1.0868110236220472
 30
0
 11
1.2575372047244093
 21
1.0868110236220472
 31
0
  0
LINE
  5
9FB
330
1A
100
AcDbEntity
  8
BLACK
  6
CONTINUOUS
100
AcDbLine
 10
1.2856587007874016
 20
1.0868110236220472
 30
0
 11
1.2863365354330709
 21
1.0864720866141733
 31
0
  0
LINE
  5
9FC
330
1A
100
AcDbEntity
  8
BLACK
  6
CONTINUOUS
100
AcDbLine
 10
1.2863365354330709
 20
1.0864720866141733
 30
0
 11
1.2900940157480314
 21
1.0864720866141733
 31
0
  0
LINE
  5
9FD
330
1A
100
AcDbEntity
  8
BLACK
  6
CONTINUOUS
100
AcDbLine
 10
1.2900940157480314
 20
1.0864720866141733
 30
0
 11
1.290465
 21
1.0866575984251969
 31
0
  0
LINE
  5
9FE
330
1A
100
AcDbEntity
  8
BLACK
  6
CONTINUOUS
100
AcDbLine
 10
1.290465
 20
1.0866575984251969
 30
0
 11
1.290465
 21
1.0868110236220472
 31
0
  0
LINE
  5
9FF
330
1A
100
AcDbEntity
  8
BLACK
  6
CONTINUOUS
100
AcDbLine
 10
1.290465
 20
1.0868110236220472
 30
0
 11
1.2856587007874016
 21
1.0868110236220472
 31
0
  0
LINE
  5
A00
330
1A
100
AcDbEntity
  8
BLACK
  6
CONTINUOUS
100
AcDbLine
 10
1.3044063385826772
 20
1.0868110236220472
 30
0
 11
1.3045275590551182
 21
1.0867504330708662
 31
0
  0
LINE
  5
A01
330
1A
100
AcDbEntity
  8
BLACK
  6
CONTINUOUS
100
AcDbLine
 10
1.3045275590551182
 20
1.0867504330708662
 30
0
 11
1.3045275590551182
 21
1.0868110236220472
 31
0
  0
LINE
  5
A02
330
1A
100
AcDbEntity
  8
BLACK
  6
CONTINUOUS
100
AcDbLine
 10
1.3045275590551182
 20
1.0868110236220472
 30
0
 11
1.3044063385826772
 21
1.0868110236220472
 31
0
  0
LINE
  5
A03
330
1A
100
AcDbEntity
  8
BLACK
  6
CONTINUOUS
100
AcDbLine
 10
1.1755176377952756
 20
1.0931102362204723
 30
0
 11
1.1740740551181101
 21
1.088779527559055
 31
0
  0
LINE
  5
A04
330
1A
100
AcDbEntity
  8
BLACK
  6
CONTINUOUS
100
AcDbLine
 10
1.1740740551181101
 20
1.088779527559055
 30
0
 11
1.1817707874015748
 21
1.088779527559055
 31
0
  0
LINE
  5
A05
330
1A
100
AcDbEntity
  8
BLACK
  6
CONTINUOUS
100
AcDbLine
 10
1.1817707874015748
 20
1.088779527559055
 30
0
 11
1.1808500393700787
 21
1.0924625984251968
 31
0
  0
LINE
  5
A06
330
1A
100
AcDbEntity
  8
BLACK
  6
CONTINUOUS
100
AcDbLine
 10
1.1808500393700787
 20
1.0924625984251968
 30
0
 11
1.1808383070866142
 21
1.0927034645669291
 31
0
  0
LINE
  5
A07
330
1A
100
AcDbEntity
  8
BLACK
  6
CONTINUOUS
100
AcDbLine
 10
1.1808383070866142
 20
1.0927034645669291
 30
0
 11
1.1807912598425196
 21
1.0929400393700788
 31
0
  0
LINE
  5
A08
330
1A
100
AcDbEntity
  8
BLACK
  6
CONTINUOUS
100
AcDbLine
 10
1.1807912598425196
 20
1.0929400393700788
 30
0
 11
1.1807912598425196
 21
1.0931102362204723
 31
0
  0
LINE
  5
A09
330
1A
100
AcDbEntity
  8
BLACK
  6
CONTINUOUS
100
AcDbLine
 10
1.1807912598425196
 20
1.0931102362204723
 30
0
 11
1.1755176377952756
 21
1.0931102362204723
 31
0
  0
LINE
  5
A0A
330
1A
100
AcDbEntity
  8
BLACK
  6
CONTINUOUS
100
AcDbLine
 10
1.1847462992125983
 20
1.0931102362204723
 30
0
 11
1.1855544488188976
 21
1.0898775984251969
 31
0
  0
LINE
  5
A0B
330
1A
100
AcDbEntity
  8
BLACK
  6
CONTINUOUS
100
AcDbLine
 10
1.1855544488188976
 20
1.0898775984251969
 30
0
 11
1.1861034645669291
 21
1.088779527559055
 31
0
  0
LINE
  5
A0C
330
1A
100
AcDbEntity
  8
BLACK
  6
CONTINUOUS
100
AcDbLine
 10
1.1861034645669291
 20
1.088779527559055
 30
0
 11
1.2014558267716535
 21
1.088779527559055
 31
0
  0
LINE
  5
A0D
330
1A
100
AcDbEntity
  8
BLACK
  6
CONTINUOUS
100
AcDbLine
 10
1.2014558267716535
 20
1.088779527559055
 30
0
 11
1.2005350787401574
 21
1.0924625984251968
 31
0
  0
LINE
  5
A0E
330
1A
100
AcDbEntity
  8
BLACK
  6
CONTINUOUS
100
AcDbLine
 10
1.2005350787401574
 20
1.0924625984251968
 30
0
 11
1.2005233464566929
 21
1.0927034645669291
 31
0
  0
LINE
  5
A0F
330
1A
100
AcDbEntity
  8
BLACK
  6
CONTINUOUS
100
AcDbLine
 10
1.2005233464566929
 20
1.0927034645669291
 30
0
 11
1.2004762992125984
 21
1.0929400393700788
 31
0
  0
LINE
  5
A10
330
1A
100
AcDbEntity
  8
BLACK
  6
CONTINUOUS
100
AcDbLine
 10
1.2004762992125984
 20
1.0929400393700788
 30
0
 11
1.2004762992125984
 21
1.0931102362204723
 31
0
  0
LINE
  5
A11
330
1A
100
AcDbEntity
  8
BLACK
  6
CONTINUOUS
100
AcDbLine
 10
1.2004762992125984
 20
1.0931102362204723
 30
0
 11
1.1847462992125983
 21
1.0931102362204723
 31
0
  0
LINE
  5
A12
330
1A
100
AcDbEntity
  8
BLACK
  6
CONTINUOUS
100
AcDbLine
 10
1.204431338582677
 20
1.0931102362204723
 30
0
 11
1.2052394881889763
 21
1.0898775984251969
 31
0
  0
LINE
  5
A13
330
1A
100
AcDbEntity
  8
BLACK
  6
CONTINUOUS
100
AcDbLine
 10
1.2052394881889763
 20
1.0898775984251969
 30
0
 11
1.2057885039370078
 21
1.088779527559055
 31
0
  0
LINE
  5
A14
330
1A
100
AcDbEntity
  8
BLACK
  6
CONTINUOUS
100
AcDbLine
 10
1.2057885039370078
 20
1.088779527559055
 30
0
 11
1.2226844881889765
 21
1.088779527559055
 31
0
  0
LINE
  5
A15
330
1A
100
AcDbEntity
  8
BLACK
  6
CONTINUOUS
100
AcDbLine
 10
1.2226844881889765
 20
1.088779527559055
 30
0
 11
1.2270151968503937
 21
1.0931102362204723
 31
0
  0
LINE
  5
A16
330
1A
100
AcDbEntity
  8
BLACK
  6
CONTINUOUS
100
AcDbLine
 10
1.2270151968503937
 20
1.0931102362204723
 30
0
 11
1.204431338582677
 21
1.0931102362204723
 31
0
  0
LINE
  5
A17
330
1A
100
AcDbEntity
  8
BLACK
  6
CONTINUOUS
100
AcDbLine
 10
1.2325829921259843
 20
1.0931102362204723
 30
0
 11
1.2282522440944881
 21
1.088779527559055
 31
0
  0
LINE
  5
A18
330
1A
100
AcDbEntity
  8
BLACK
  6
CONTINUOUS
100
AcDbLine
 10
1.2282522440944881
 20
1.088779527559055
 30
0
 11
1.2616696456692913
 21
1.088779527559055
 31
0
  0
LINE
  5
A19
330
1A
100
AcDbEntity
  8
BLACK
  6
CONTINUOUS
100
AcDbLine
 10
1.2616696456692913
 20
1.088779527559055
 30
0
 11
1.2610351968503937
 21
1.0890967716535433
 31
0
  0
LINE
  5
A1A
330
1A
100
AcDbEntity
  8
BLACK
  6
CONTINUOUS
100
AcDbLine
 10
1.2610351968503937
 20
1.0890967716535433
 30
0
 11
1.2586877165354331
 21
1.0890967716535433
 31
0
  0
LINE
  5
A1B
330
1A
100
AcDbEntity
  8
BLACK
  6
CONTINUOUS
100
AcDbLine
 10
1.2586877165354331
 20
1.0890967716535433
 30
0
 11
1.2585909842519685
 21
1.0891160236220472
 31
0
  0
LINE
  5
A1C
330
1A
100
AcDbEntity
  8
BLACK
  6
CONTINUOUS
100
AcDbLine
 10
1.2585909842519685
 20
1.0891160236220472
 30
0
 11
1.2585481496062991
 21
1.0891017322834646
 31
0
  0
LINE
  5
A1D
330
1A
100
AcDbEntity
  8
BLACK
  6
CONTINUOUS
100
AcDbLine
 10
1.2585481496062991
 20
1.0891017322834646
 30
0
 11
1.2582438976377952
 21
1.0891850787401574
 31
0
  0
LINE
  5
A1E
330
1A
100
AcDbEntity
  8
BLACK
  6
CONTINUOUS
100
AcDbLine
 10
1.2582438976377952
 20
1.0891850787401574
 30
0
 11
1.257934409448819
 21
1.0892466141732282
 31
0
  0
LINE
  5
A1F
330
1A
100
AcDbEntity
  8
BLACK
  6
CONTINUOUS
100
AcDbLine
 10
1.257934409448819
 20
1.0892466141732282
 30
0
 11
1.2579024409448818
 21
1.0892785826771654
 31
0
  0
LINE
  5
A20
330
1A
100
AcDbEntity
  8
BLACK
  6
CONTINUOUS
100
AcDbLine
 10
1.2579024409448818
 20
1.0892785826771654
 30
0
 11
1.2578073622047243
 21
1.0893046062992127
 31
0
  0
LINE
  5
A21
330
1A
100
AcDbEntity
  8
BLACK
  6
CONTINUOUS
100
AcDbLine
 10
1.2578073622047243
 20
1.0893046062992127
 30
0
 11
1.2559326377952755
 21
1.0902419291338583
 31
0
  0
LINE
  5
A22
330
1A
100
AcDbEntity
  8
BLACK
  6
CONTINUOUS
100
AcDbLine
 10
1.2559326377952755
 20
1.0902419291338583
 30
0
 11
1.2556229133858268
 21
1.0904823228346456
 31
0
  0
LINE
  5
A23
330
1A
100
AcDbEntity
  8
BLACK
  6
CONTINUOUS
100
AcDbLine
 10
1.2556229133858268
 20
1.0904823228346456
 30
0
 11
1.2555231496062993
 21
1.0905155511811024
 31
0
  0
LINE
  5
A24
330
1A
100
AcDbEntity
  8
BLACK
  6
CONTINUOUS
100
AcDbLine
 10
1.2555231496062993
 20
1.0905155511811024
 30
0
 11
1.2554369291338583
 21
1.0906266535433071
 31
0
  0
LINE
  5
A25
330
1A
100
AcDbEntity
  8
BLACK
  6
CONTINUOUS
100
AcDbLine
 10
1.2554369291338583
 20
1.0906266535433071
 30
0
 11
1.2553258661417324
 21
1.0907128346456694
 31
0
  0
LINE
  5
A26
330
1A
100
AcDbEntity
  8
BLACK
  6
CONTINUOUS
100
AcDbLine
 10
1.2553258661417324
 20
1.0907128346456694
 30
0
 11
1.2552925984251968
 21
1.0908126377952756
 31
0
  0
LINE
  5
A27
330
1A
100
AcDbEntity
  8
BLACK
  6
CONTINUOUS
100
AcDbLine
 10
1.2552925984251968
 20
1.0908126377952756
 30
0
 11
1.2550522440944882
 21
1.0911223228346456
 31
0
  0
LINE
  5
A28
330
1A
100
AcDbEntity
  8
BLACK
  6
CONTINUOUS
100
AcDbLine
 10
1.2550522440944882
 20
1.0911223228346456
 30
0
 11
1.2541148818897638
 21
1.0929970866141732
 31
0
  0
LINE
  5
A29
330
1A
100
AcDbEntity
  8
BLACK
  6
CONTINUOUS
100
AcDbLine
 10
1.2541148818897638
 20
1.0929970866141732
 30
0
 11
1.2540888188976378
 21
1.0930922047244094
 31
0
  0
LINE
  5
A2A
330
1A
100
AcDbEntity
  8
BLACK
  6
CONTINUOUS
100
AcDbLine
 10
1.2540888188976378
 20
1.0930922047244094
 30
0
 11
1.2540707874015748
 21
1.0931102362204723
 31
0
  0
LINE
  5
A2B
330
1A
100
AcDbEntity
  8
BLACK
  6
CONTINUOUS
100
AcDbLine
 10
1.2540707874015748
 20
1.0931102362204723
 30
0
 11
1.2325829921259843
 21
1.0931102362204723
 31
0
  0
LINE
  5
A2C
330
1A
100
AcDbEntity
  8
BLACK
  6
CONTINUOUS
100
AcDbLine
 10
1.2589995275590551
 20
1.0931102362204723
 30
0
 11
1.2591524409448818
 21
1.0930337795275591
 31
0
  0
LINE
  5
A2D
330
1A
100
AcDbEntity
  8
BLACK
  6
CONTINUOUS
100
AcDbLine
 10
1.2591524409448818
 20
1.0930337795275591
 30
0
 11
1.2614998818897638
 21
1.0930337795275591
 31
0
  0
LINE
  5
A2E
330
1A
100
AcDbEntity
  8
BLACK
  6
CONTINUOUS
100
AcDbLine
 10
1.2614998818897638
 20
1.0930337795275591
 30
0
 11
1.2615965748031497
 21
1.0930145669291338
 31
0
  0
LINE
  5
A2F
330
1A
100
AcDbEntity
  8
BLACK
  6
CONTINUOUS
100
AcDbLine
 10
1.2615965748031497
 20
1.0930145669291338
 30
0
 11
1.2616394488188976
 21
1.0930288188976378
 31
0
  0
LINE
  5
A30
330
1A
100
AcDbEntity
  8
BLACK
  6
CONTINUOUS
100
AcDbLine
 10
1.2616394488188976
 20
1.0930288188976378
 30
0
 11
1.2619436614173227
 21
1.0929455118110236
 31
0
  0
LINE
  5
A31
330
1A
100
AcDbEntity
  8
BLACK
  6
CONTINUOUS
100
AcDbLine
 10
1.2619436614173227
 20
1.0929455118110236
 30
0
 11
1.2622531889763779
 21
1.092883937007874
 31
0
  0
LINE
  5
A32
330
1A
100
AcDbEntity
  8
BLACK
  6
CONTINUOUS
100
AcDbLine
 10
1.2622531889763779
 20
1.092883937007874
 30
0
 11
1.2622851181102361
 21
1.0928520078740158
 31
0
  0
LINE
  5
A33
330
1A
100
AcDbEntity
  8
BLACK
  6
CONTINUOUS
100
AcDbLine
 10
1.2622851181102361
 20
1.0928520078740158
 30
0
 11
1.2623802362204724
 21
1.0928259448818898
 31
0
  0
LINE
  5
A34
330
1A
100
AcDbEntity
  8
BLACK
  6
CONTINUOUS
100
AcDbLine
 10
1.2623802362204724
 20
1.0928259448818898
 30
0
 11
1.2642549999999999
 21
1.0918885433070866
 31
0
  0
LINE
  5
A35
330
1A
100
AcDbEntity
  8
BLACK
  6
CONTINUOUS
100
AcDbLine
 10
1.2642549999999999
 20
1.0918885433070866
 30
0
 11
1.2645646456692914
 21
1.0916482283464566
 31
0
  0
LINE
  5
A36
330
1A
100
AcDbEntity
  8
BLACK
  6
CONTINUOUS
100
AcDbLine
 10
1.2645646456692914
 20
1.0916482283464566
 30
0
 11
1.2646644488188976
 21
1.0916149606299212
 31
0
  0
LINE
  5
A37
330
1A
100
AcDbEntity
  8
BLACK
  6
CONTINUOUS
100
AcDbLine
 10
1.2646644488188976
 20
1.0916149606299212
 30
0
 11
1.2647506692913386
 21
1.0915038976377953
 31
0
  0
LINE
  5
A38
330
1A
100
AcDbEntity
  8
BLACK
  6
CONTINUOUS
100
AcDbLine
 10
1.2647506692913386
 20
1.0915038976377953
 30
0
 11
1.2648617716535433
 21
1.0914176377952756
 31
0
  0
LINE
  5
A39
330
1A
100
AcDbEntity
  8
BLACK
  6
CONTINUOUS
100
AcDbLine
 10
1.2648617716535433
 20
1.0914176377952756
 30
0
 11
1.2648949999999999
 21
1.0913178740157481
 31
0
  0
LINE
  5
A3A
330
1A
100
AcDbEntity
  8
BLACK
  6
CONTINUOUS
100
AcDbLine
 10
1.2648949999999999
 20
1.0913178740157481
 30
0
 11
1.2651353543307087
 21
1.0910081889763779
 31
0
  0
LINE
  5
A3B
330
1A
100
AcDbEntity
  8
BLACK
  6
CONTINUOUS
100
AcDbLine
 10
1.2651353543307087
 20
1.0910081889763779
 30
0
 11
1.2660726771653543
 21
1.0891334645669291
 31
0
  0
LINE
  5
A3C
330
1A
100
AcDbEntity
  8
BLACK
  6
CONTINUOUS
100
AcDbLine
 10
1.2660726771653543
 20
1.0891334645669291
 30
0
 11
1.2660987007874016
 21
1.0890383858267716
 31
0
  0
LINE
  5
A3D
330
1A
100
AcDbEntity
  8
BLACK
  6
CONTINUOUS
100
AcDbLine
 10
1.2660987007874016
 20
1.0890383858267716
 30
0
 11
1.2661306692913386
 21
1.0890064173228347
 31
0
  0
LINE
  5
A3E
330
1A
100
AcDbEntity
  8
BLACK
  6
CONTINUOUS
100
AcDbLine
 10
1.2661306692913386
 20
1.0890064173228347
 30
0
 11
1.2661757874015749
 21
1.088779527559055
 31
0
  0
LINE
  5
A3F
330
1A
100
AcDbEntity
  8
BLACK
  6
CONTINUOUS
100
AcDbLine
 10
1.2661757874015749
 20
1.088779527559055
 30
0
 11
1.2707799606299213
 21
1.088779527559055
 31
0
  0
LINE
  5
A40
330
1A
100
AcDbEntity
  8
BLACK
  6
CONTINUOUS
100
AcDbLine
 10
1.2707799606299213
 20
1.088779527559055
 30
0
 11
1.2707799606299213
 21
1.0931102362204723
 31
0
  0
LINE
  5
A41
330
1A
100
AcDbEntity
  8
BLACK
  6
CONTINUOUS
100
AcDbLine
 10
1.2707799606299213
 20
1.0931102362204723
 30
0
 11
1.2589995275590551
 21
1.0931102362204723
 31
0
  0
LINE
  5
A42
330
1A
100
AcDbEntity
  8
BLACK
  6
CONTINUOUS
100
AcDbLine
 10
1.274716968503937
 20
1.0931102362204723
 30
0
 11
1.274716968503937
 21
1.088779527559055
 31
0
  0
LINE
  5
A43
330
1A
100
AcDbEntity
  8
BLACK
  6
CONTINUOUS
100
AcDbLine
 10
1.274716968503937
 20
1.088779527559055
 30
0
 11
1.2810911811023622
 21
1.088779527559055
 31
0
  0
LINE
  5
A44
330
1A
100
AcDbEntity
  8
BLACK
  6
CONTINUOUS
100
AcDbLine
 10
1.2810911811023622
 20
1.088779527559055
 30
0
 11
1.2810911811023622
 21
1.0891905118110237
 31
0
  0
LINE
  5
A45
330
1A
100
AcDbEntity
  8
BLACK
  6
CONTINUOUS
100
AcDbLine
 10
1.2810911811023622
 20
1.0891905118110237
 30
0
 11
1.2811103937007873
 21
1.0892872440944881
 31
0
  0
LINE
  5
A46
330
1A
100
AcDbEntity
  8
BLACK
  6
CONTINUOUS
100
AcDbLine
 10
1.2811103937007873
 20
1.0892872440944881
 30
0
 11
1.2810961417322835
 21
1.0893300393700787
 31
0
  0
LINE
  5
A47
330
1A
100
AcDbEntity
  8
BLACK
  6
CONTINUOUS
100
AcDbLine
 10
1.2810961417322835
 20
1.0893300393700787
 30
0
 11
1.2811794488188977
 21
1.0896343700787401
 31
0
  0
LINE
  5
A48
330
1A
100
AcDbEntity
  8
BLACK
  6
CONTINUOUS
100
AcDbLine
 10
1.2811794488188977
 20
1.0896343700787401
 30
0
 11
1.2812410236220473
 21
1.0899438188976378
 31
0
  0
LINE
  5
A49
330
1A
100
AcDbEntity
  8
BLACK
  6
CONTINUOUS
100
AcDbLine
 10
1.2812410236220473
 20
1.0899438188976378
 30
0
 11
1.2812729133858267
 21
1.089975748031496
 31
0
  0
LINE
  5
A4A
330
1A
100
AcDbEntity
  8
BLACK
  6
CONTINUOUS
100
AcDbLine
 10
1.2812729133858267
 20
1.089975748031496
 30
0
 11
1.2812989763779528
 21
1.0900708267716535
 31
0
  0
LINE
  5
A4B
330
1A
100
AcDbEntity
  8
BLACK
  6
CONTINUOUS
100
AcDbLine
 10
1.2812989763779528
 20
1.0900708267716535
 30
0
 11
1.2822363385826772
 21
1.091945590551181
 31
0
  0
LINE
  5
A4C
330
1A
100
AcDbEntity
  8
BLACK
  6
CONTINUOUS
100
AcDbLine
 10
1.2822363385826772
 20
1.091945590551181
 30
0
 11
1.2824766929133857
 21
1.09225531496063
 31
0
  0
LINE
  5
A4D
330
1A
100
AcDbEntity
  8
BLACK
  6
CONTINUOUS
100
AcDbLine
 10
1.2824766929133857
 20
1.09225531496063
 30
0
 11
1.2825099606299213
 21
1.0923550787401575
 31
0
  0
LINE
  5
A4E
330
1A
100
AcDbEntity
  8
BLACK
  6
CONTINUOUS
100
AcDbLine
 10
1.2825099606299213
 20
1.0923550787401575
 30
0
 11
1.2826210236220472
 21
1.0924412992125985
 31
0
  0
LINE
  5
A4F
330
1A
100
AcDbEntity
  8
BLACK
  6
CONTINUOUS
100
AcDbLine
 10
1.2826210236220472
 20
1.0924412992125985
 30
0
 11
1.2827072440944882
 21
1.0925523622047244
 31
0
  0
LINE
  5
A50
330
1A
100
AcDbEntity
  8
BLACK
  6
CONTINUOUS
100
AcDbLine
 10
1.2827072440944882
 20
1.0925523622047244
 30
0
 11
1.2828070078740157
 21
1.0925856299212597
 31
0
  0
LINE
  5
A51
330
1A
100
AcDbEntity
  8
BLACK
  6
CONTINUOUS
100
AcDbLine
 10
1.2828070078740157
 20
1.0925856299212597
 30
0
 11
1.2831167322834645
 21
1.0928259842519685
 31
0
  0
LINE
  5
A52
330
1A
100
AcDbEntity
  8
BLACK
  6
CONTINUOUS
100
AcDbLine
 10
1.2831167322834645
 20
1.0928259842519685
 30
0
 11
1.2836852755905512
 21
1.0931102362204723
 31
0
  0
LINE
  5
A53
330
1A
100
AcDbEntity
  8
BLACK
  6
CONTINUOUS
100
AcDbLine
 10
1.2836852755905512
 20
1.0931102362204723
 30
0
 11
1.274716968503937
 21
1.0931102362204723
 31
0
  0
LINE
  5
A54
330
1A
100
AcDbEntity
  8
BLACK
  6
CONTINUOUS
100
AcDbLine
 10
1.285464251968504
 20
1.0895980314960629
 30
0
 11
1.2850550393700788
 21
1.088779527559055
 31
0
  0
LINE
  5
A55
330
1A
100
AcDbEntity
  8
BLACK
  6
CONTINUOUS
100
AcDbLine
 10
1.2850550393700788
 20
1.088779527559055
 30
0
 11
1.290465
 21
1.088779527559055
 31
0
  0
LINE
  5
A56
330
1A
100
AcDbEntity
  8
BLACK
  6
CONTINUOUS
100
AcDbLine
 10
1.290465
 20
1.088779527559055
 30
0
 11
1.290465
 21
1.0900341338582678
 31
0
  0
LINE
  5
A57
330
1A
100
AcDbEntity
  8
BLACK
  6
CONTINUOUS
100
AcDbLine
 10
1.290465
 20
1.0900341338582678
 30
0
 11
1.2863365354330709
 21
1.0900341338582678
 31
0
  0
LINE
  5
A58
330
1A
100
AcDbEntity
  8
BLACK
  6
CONTINUOUS
100
AcDbLine
 10
1.2863365354330709
 20
1.0900341338582678
 30
0
 11
1.285464251968504
 21
1.0895980314960629
 31
0
  0
LINE
  5
A59
330
1A
100
AcDbEntity
  8
BLACK
  6
CONTINUOUS
100
AcDbLine
 10
1.2944020078740157
 20
1.0931102362204723
 30
0
 11
1.2944020078740157
 21
1.088779527559055
 31
0
  0
LINE
  5
A5A
330
1A
100
AcDbEntity
  8
BLACK
  6
CONTINUOUS
100
AcDbLine
 10
1.2944020078740157
 20
1.088779527559055
 30
0
 11
1.2989014566929133
 21
1.088779527559055
 31
0
  0
LINE
  5
A5B
330
1A
100
AcDbEntity
  8
BLACK
  6
CONTINUOUS
100
AcDbLine
 10
1.2989014566929133
 20
1.088779527559055
 30
0
 11
1.2989014566929133
 21
1.0931102362204723
 31
0
  0
LINE
  5
A5C
330
1A
100
AcDbEntity
  8
BLACK
  6
CONTINUOUS
100
AcDbLine
 10
1.2989014566929133
 20
1.0931102362204723
 30
0
 11
1.2944020078740157
 21
1.0931102362204723
 31
0
  0
LINE
  5
A5D
330
1A
100
AcDbEntity
  8
BLACK
  6
CONTINUOUS
100
AcDbLine
 10
1.1697798818897638
 20
1.0931102362204723
 30
0
 11
1.170573779527559
 21
1.0907285433070866
 31
0
  0
LINE
  5
A5E
330
1A
100
AcDbEntity
  8
BLACK
  6
CONTINUOUS
100
AcDbLine
 10
1.170573779527559
 20
1.0907285433070866
 30
0
 11
1.1713676771653543
 21
1.0931102362204723
 31
0
  0
LINE
  5
A5F
330
1A
100
AcDbEntity
  8
BLACK
  6
CONTINUOUS
100
AcDbLine
 10
1.1713676771653543
 20
1.0931102362204723
 30
0
 11
1.1697798818897638
 21
1.0931102362204723
 31
0
  0
LINE
  5
A60
330
1A
100
AcDbEntity
  8
BLACK
  6
CONTINUOUS
100
AcDbLine
 10
1.1265748031496063
 20
1.1757874015748031
 30
0
 11
1.1265748031496063
 21
1.0950787401574802
 31
0
  0
LINE
  5
A61
330
1A
100
AcDbEntity
  8
BLACK
  6
CONTINUOUS
100
AcDbLine
 10
1.1265748031496063
 20
1.0950787401574802
 30
0
 11
1.164973779527559
 21
1.0950787401574802
 31
0
  0
LINE
  5
A62
330
1A
100
AcDbEntity
  8
BLACK
  6
CONTINUOUS
100
AcDbLine
 10
1.164973779527559
 20
1.0950787401574802
 30
0
 11
1.1621446456692912
 21
1.1035661417322835
 31
0
  0
LINE
  5
A63
330
1A
100
AcDbEntity
  8
BLACK
  6
CONTINUOUS
100
AcDbLine
 10
1.1621446456692912
 20
1.1035661417322835
 30
0
 11
1.1620485826771654
 21
1.1043281496062991
 31
0
  0
LINE
  5
A64
330
1A
100
AcDbEntity
  8
BLACK
  6
CONTINUOUS
100
AcDbLine
 10
1.1620485826771654
 20
1.1043281496062991
 30
0
 11
1.1627223622047245
 21
1.105675748031496
 31
0
  0
LINE
  5
A65
330
1A
100
AcDbEntity
  8
BLACK
  6
CONTINUOUS
100
AcDbLine
 10
1.1627223622047245
 20
1.105675748031496
 30
0
 11
1.164151653543307
 21
1.1061521653543307
 31
0
  0
LINE
  5
A66
330
1A
100
AcDbEntity
  8
BLACK
  6
CONTINUOUS
100
AcDbLine
 10
1.164151653543307
 20
1.1061521653543307
 30
0
 11
1.1654992519685039
 21
1.1054783858267716
 31
0
  0
LINE
  5
A67
330
1A
100
AcDbEntity
  8
BLACK
  6
CONTINUOUS
100
AcDbLine
 10
1.1654992519685039
 20
1.1054783858267716
 30
0
 11
1.1658796062992125
 21
1.1048111023622047
 31
0
  0
LINE
  5
A68
330
1A
100
AcDbEntity
  8
BLACK
  6
CONTINUOUS
100
AcDbLine
 10
1.1658796062992125
 20
1.1048111023622047
 30
0
 11
1.1691237007874016
 21
1.0950787401574802
 31
0
  0
LINE
  5
A69
330
1A
100
AcDbEntity
  8
BLACK
  6
CONTINUOUS
100
AcDbLine
 10
1.1691237007874016
 20
1.0950787401574802
 30
0
 11
1.1720238582677165
 21
1.0950787401574802
 31
0
  0
LINE
  5
A6A
330
1A
100
AcDbEntity
  8
BLACK
  6
CONTINUOUS
100
AcDbLine
 10
1.1720238582677165
 20
1.0950787401574802
 30
0
 11
1.1752679921259843
 21
1.1048111023622047
 31
0
  0
LINE
  5
A6B
330
1A
100
AcDbEntity
  8
BLACK
  6
CONTINUOUS
100
AcDbLine
 10
1.1752679921259843
 20
1.1048111023622047
 30
0
 11
1.1756483464566929
 21
1.1054783858267716
 31
0
  0
LINE
  5
A6C
330
1A
100
AcDbEntity
  8
BLACK
  6
CONTINUOUS
100
AcDbLine
 10
1.1756483464566929
 20
1.1054783858267716
 30
0
 11
1.1769959448818896
 21
1.1061521653543307
 31
0
  0
LINE
  5
A6D
330
1A
100
AcDbEntity
  8
BLACK
  6
CONTINUOUS
100
AcDbLine
 10
1.1769959448818896
 20
1.1061521653543307
 30
0
 11
1.1784252362204723
 21
1.1056757086614173
 31
0
  0
LINE
  5
A6E
330
1A
100
AcDbEntity
  8
BLACK
  6
CONTINUOUS
100
AcDbLine
 10
1.1784252362204723
 20
1.1056757086614173
 30
0
 11
1.1790990157480314
 21
1.1043281496062991
 31
0
  0
LINE
  5
A6F
330
1A
100
AcDbEntity
  8
BLACK
  6
CONTINUOUS
100
AcDbLine
 10
1.1790990157480314
 20
1.1043281496062991
 30
0
 11
1.1790029527559054
 21
1.1035661023622048
 31
0
  0
LINE
  5
A70
330
1A
100
AcDbEntity
  8
BLACK
  6
CONTINUOUS
100
AcDbLine
 10
1.1790029527559054
 20
1.1035661023622048
 30
0
 11
1.1761738188976378
 21
1.0950787401574802
 31
0
  0
LINE
  5
A71
330
1A
100
AcDbEntity
  8
BLACK
  6
CONTINUOUS
100
AcDbLine
 10
1.1761738188976378
 20
1.0950787401574802
 30
0
 11
1.1807912598425196
 21
1.0950787401574802
 31
0
  0
LINE
  5
A72
330
1A
100
AcDbEntity
  8
BLACK
  6
CONTINUOUS
100
AcDbLine
 10
1.1807912598425196
 20
1.0950787401574802
 30
0
 11
1.1807912598425196
 21
1.0957521653543307
 31
0
  0
LINE
  5
A73
330
1A
100
AcDbEntity
  8
BLACK
  6
CONTINUOUS
100
AcDbLine
 10
1.1807912598425196
 20
1.0957521653543307
 30
0
 11
1.1808383070866142
 21
1.0959887795275591
 31
0
  0
LINE
  5
A74
330
1A
100
AcDbEntity
  8
BLACK
  6
CONTINUOUS
100
AcDbLine
 10
1.1808383070866142
 20
1.0959887795275591
 30
0
 11
1.1808500393700787
 21
1.0962296062992125
 31
0
  0
LINE
  5
A75
330
1A
100
AcDbEntity
  8
BLACK
  6
CONTINUOUS
100
AcDbLine
 10
1.1808500393700787
 20
1.0962296062992125
 30
0
 11
1.1817874015748031
 21
1.0999791338582676
 31
0
  0
LINE
  5
A76
330
1A
100
AcDbEntity
  8
BLACK
  6
CONTINUOUS
100
AcDbLine
 10
1.1817874015748031
 20
1.0999791338582676
 30
0
 11
1.1818794881889763
 21
1.1001741338582678
 31
0
  0
LINE
  5
A77
330
1A
100
AcDbEntity
  8
BLACK
  6
CONTINUOUS
100
AcDbLine
 10
1.1818794881889763
 20
1.1001741338582678
 30
0
 11
1.1819364566929134
 21
1.1003820472440944
 31
0
  0
LINE
  5
A78
330
1A
100
AcDbEntity
  8
BLACK
  6
CONTINUOUS
100
AcDbLine
 10
1.1819364566929134
 20
1.1003820472440944
 30
0
 11
1.1828738582677165
 21
1.1022568110236219
 31
0
  0
LINE
  5
A79
330
1A
100
AcDbEntity
  8
BLACK
  6
CONTINUOUS
100
AcDbLine
 10
1.1828738582677165
 20
1.1022568110236219
 30
0
 11
1.1830673622047243
 21
1.102506220472441
 31
0
  0
LINE
  5
A7A
330
1A
100
AcDbEntity
  8
BLACK
  6
CONTINUOUS
100
AcDbLine
 10
1.1830673622047243
 20
1.102506220472441
 30
0
 11
1.1832425984251969
 21
1.1027683858267716
 31
0
  0
LINE
  5
A7B
330
1A
100
AcDbEntity
  8
BLACK
  6
CONTINUOUS
100
AcDbLine
 10
1.1832425984251969
 20
1.1027683858267716
 30
0
 11
1.1851173228346457
 21
1.1046431496062992
 31
0
  0
LINE
  5
A7C
330
1A
100
AcDbEntity
  8
BLACK
  6
CONTINUOUS
100
AcDbLine
 10
1.1851173228346457
 20
1.1046431496062992
 30
0
 11
1.1851993307086615
 21
1.1046979921259843
 31
0
  0
LINE
  5
A7D
330
1A
100
AcDbEntity
  8
BLACK
  6
CONTINUOUS
100
AcDbLine
 10
1.1851993307086615
 20
1.1046979921259843
 30
0
 11
1.1852195275590551
 21
1.1047383070866141
 31
0
  0
LINE
  5
A7E
330
1A
100
AcDbEntity
  8
BLACK
  6
CONTINUOUS
100
AcDbLine
 10
1.1852195275590551
 20
1.1047383070866141
 30
0
 11
1.185493307086614
 21
1.1048944094488189
 31
0
  0
LINE
  5
A7F
330
1A
100
AcDbEntity
  8
BLACK
  6
CONTINUOUS
100
AcDbLine
 10
1.185493307086614
 20
1.1048944094488189
 30
0
 11
1.1857559448818897
 21
1.1050698818897637
 31
0
  0
LINE
  5
A80
330
1A
100
AcDbEntity
  8
BLACK
  6
CONTINUOUS
100
AcDbLine
 10
1.1857559448818897
 20
1.1050698818897637
 30
0
 11
1.1858011417322833
 21
1.1050698818897637
 31
0
  0
LINE
  5
A81
330
1A
100
AcDbEntity
  8
BLACK
  6
CONTINUOUS
100
AcDbLine
 10
1.1858011417322833
 20
1.1050698818897637
 30
0
 11
1.1858867716535433
 21
1.1051187007874015
 31
0
  0
LINE
  5
A82
330
1A
100
AcDbEntity
  8
BLACK
  6
CONTINUOUS
100
AcDbLine
 10
1.1858867716535433
 20
1.1051187007874015
 30
0
 11
1.1886988976377952
 21
1.1060561023622046
 31
0
  0
LINE
  5
A83
330
1A
100
AcDbEntity
  8
BLACK
  6
CONTINUOUS
100
AcDbLine
 10
1.1886988976377952
 20
1.1060561023622046
 30
0
 11
1.1890118897637796
 21
1.1060955905511811
 31
0
  0
LINE
  5
A84
330
1A
100
AcDbEntity
  8
BLACK
  6
CONTINUOUS
100
AcDbLine
 10
1.1890118897637796
 20
1.1060955905511811
 30
0
 11
1.1893214173228346
 21
1.106157125984252
 31
0
  0
LINE
  5
A85
330
1A
100
AcDbEntity
  8
BLACK
  6
CONTINUOUS
100
AcDbLine
 10
1.1893214173228346
 20
1.106157125984252
 30
0
 11
1.1911961811023621
 21
1.106157125984252
 31
0
  0
LINE
  5
A86
330
1A
100
AcDbEntity
  8
BLACK
  6
CONTINUOUS
100
AcDbLine
 10
1.1911961811023621
 20
1.106157125984252
 30
0
 11
1.1915056692913386
 21
1.1060955905511811
 31
0
  0
LINE
  5
A87
330
1A
100
AcDbEntity
  8
BLACK
  6
CONTINUOUS
100
AcDbLine
 10
1.1915056692913386
 20
1.1060955905511811
 30
0
 11
1.1918187007874015
 21
1.1060561023622046
 31
0
  0
LINE
  5
A88
330
1A
100
AcDbEntity
  8
BLACK
  6
CONTINUOUS
100
AcDbLine
 10
1.1918187007874015
 20
1.1060561023622046
 30
0
 11
1.1946308661417322
 21
1.1051187007874015
 31
0
  0
LINE
  5
A89
330
1A
100
AcDbEntity
  8
BLACK
  6
CONTINUOUS
100
AcDbLine
 10
1.1946308661417322
 20
1.1051187007874015
 30
0
 11
1.1947164960629921
 21
1.1050698818897637
 31
0
  0
LINE
  5
A8A
330
1A
100
AcDbEntity
  8
BLACK
  6
CONTINUOUS
100
AcDbLine
 10
1.1947164960629921
 20
1.1050698818897637
 30
0
 11
1.194761653543307
 21
1.1050698818897637
 31
0
  0
LINE
  5
A8B
330
1A
100
AcDbEntity
  8
BLACK
  6
CONTINUOUS
100
AcDbLine
 10
1.194761653543307
 20
1.1050698818897637
 30
0
 11
1.1950237795275591
 21
1.1048947244094487
 31
0
  0
LINE
  5
A8C
330
1A
100
AcDbEntity
  8
BLACK
  6
CONTINUOUS
100
AcDbLine
 10
1.1950237795275591
 20
1.1048947244094487
 30
0
 11
1.1952981102362203
 21
1.1047383464566929
 31
0
  0
LINE
  5
A8D
330
1A
100
AcDbEntity
  8
BLACK
  6
CONTINUOUS
100
AcDbLine
 10
1.1952981102362203
 20
1.1047383464566929
 30
0
 11
1.1953183070866142
 21
1.1046979133858268
 31
0
  0
LINE
  5
A8E
330
1A
100
AcDbEntity
  8
BLACK
  6
CONTINUOUS
100
AcDbLine
 10
1.1953183070866142
 20
1.1046979133858268
 30
0
 11
1.1954002755905511
 21
1.1046431496062992
 31
0
  0
LINE
  5
A8F
330
1A
100
AcDbEntity
  8
BLACK
  6
CONTINUOUS
100
AcDbLine
 10
1.1954002755905511
 20
1.1046431496062992
 30
0
 11
1.1963376377952755
 21
1.1037057874015748
 31
0
  0
LINE
  5
A90
330
1A
100
AcDbEntity
  8
BLACK
  6
CONTINUOUS
100
AcDbLine
 10
1.1963376377952755
 20
1.1037057874015748
 30
0
 11
1.19676437007874
 21
1.1030671653543307
 31
0
  0
LINE
  5
A91
330
1A
100
AcDbEntity
  8
BLACK
  6
CONTINUOUS
100
AcDbLine
 10
1.19676437007874
 20
1.1030671653543307
 30
0
 11
1.19676437007874
 21
1.1015605511811024
 31
0
  0
LINE
  5
A92
330
1A
100
AcDbEntity
  8
BLACK
  6
CONTINUOUS
100
AcDbLine
 10
1.19676437007874
 20
1.1015605511811024
 30
0
 11
1.1956990157480314
 21
1.1004951968503938
 31
0
  0
LINE
  5
A93
330
1A
100
AcDbEntity
  8
BLACK
  6
CONTINUOUS
100
AcDbLine
 10
1.1956990157480314
 20
1.1004951968503938
 30
0
 11
1.1941924015748031
 21
1.1004951968503938
 31
0
  0
LINE
  5
A94
330
1A
100
AcDbEntity
  8
BLACK
  6
CONTINUOUS
100
AcDbLine
 10
1.1941924015748031
 20
1.1004951968503938
 30
0
 11
1.193553779527559
 21
1.1009219291338583
 31
0
  0
LINE
  5
A95
330
1A
100
AcDbEntity
  8
BLACK
  6
CONTINUOUS
100
AcDbLine
 10
1.193553779527559
 20
1.1009219291338583
 30
0
 11
1.1929449999999999
 21
1.1015307086614172
 31
0
  0
LINE
  5
A96
330
1A
100
AcDbEntity
  8
BLACK
  6
CONTINUOUS
100
AcDbLine
 10
1.1929449999999999
 20
1.1015307086614172
 30
0
 11
1.1908767322834646
 21
1.1022201181102362
 31
0
  0
LINE
  5
A97
330
1A
100
AcDbEntity
  8
BLACK
  6
CONTINUOUS
100
AcDbLine
 10
1.1908767322834646
 20
1.1022201181102362
 30
0
 11
1.1896408661417324
 21
1.1022201181102362
 31
0
  0
LINE
  5
A98
330
1A
100
AcDbEntity
  8
BLACK
  6
CONTINUOUS
100
AcDbLine
 10
1.1896408661417324
 20
1.1022201181102362
 30
0
 11
1.1875726377952756
 21
1.1015307086614172
 31
0
  0
LINE
  5
A99
330
1A
100
AcDbEntity
  8
BLACK
  6
CONTINUOUS
100
AcDbLine
 10
1.1875726377952756
 20
1.1015307086614172
 30
0
 11
1.1862523228346455
 21
1.1002104330708662
 31
0
  0
LINE
  5
A9A
330
1A
100
AcDbEntity
  8
BLACK
  6
CONTINUOUS
100
AcDbLine
 10
1.1862523228346455
 20
1.1002104330708662
 30
0
 11
1.1855544488188976
 21
1.0988146456692913
 31
0
  0
LINE
  5
A9B
330
1A
100
AcDbEntity
  8
BLACK
  6
CONTINUOUS
100
AcDbLine
 10
1.1855544488188976
 20
1.0988146456692913
 30
0
 11
1.1847282677165354
 21
1.0955098818897637
 31
0
  0
LINE
  5
A9C
330
1A
100
AcDbEntity
  8
BLACK
  6
CONTINUOUS
100
AcDbLine
 10
1.1847282677165354
 20
1.0955098818897637
 30
0
 11
1.1847282677165354
 21
1.0950787401574802
 31
0
  0
LINE
  5
A9D
330
1A
100
AcDbEntity
  8
BLACK
  6
CONTINUOUS
100
AcDbLine
 10
1.1847282677165354
 20
1.0950787401574802
 30
0
 11
1.2004762992125984
 21
1.0950787401574802
 31
0
  0
LINE
  5
A9E
330
1A
100
AcDbEntity
  8
BLACK
  6
CONTINUOUS
100
AcDbLine
 10
1.2004762992125984
 20
1.0950787401574802
 30
0
 11
1.2004762992125984
 21
1.0957521653543307
 31
0
  0
LINE
  5
A9F
330
1A
100
AcDbEntity
  8
BLACK
  6
CONTINUOUS
100
AcDbLine
 10
1.2004762992125984
 20
1.0957521653543307
 30
0
 11
1.2005233464566929
 21
1.0959887795275591
 31
0
  0
LINE
  5
AA0
330
1A
100
AcDbEntity
  8
BLACK
  6
CONTINUOUS
100
AcDbLine
 10
1.2005233464566929
 20
1.0959887795275591
 30
0
 11
1.2005350787401574
 21
1.0962296062992125
 31
0
  0
LINE
  5
AA1
330
1A
100
AcDbEntity
  8
BLACK
  6
CONTINUOUS
100
AcDbLine
 10
1.2005350787401574
 20
1.0962296062992125
 30
0
 11
1.2014724409448818
 21
1.0999791338582676
 31
0
  0
LINE
  5
AA2
330
1A
100
AcDbEntity
  8
BLACK
  6
CONTINUOUS
100
AcDbLine
 10
1.2014724409448818
 20
1.0999791338582676
 30
0
 11
1.2015645275590552
 21
1.1001741338582678
 31
0
  0
LINE
  5
AA3
330
1A
100
AcDbEntity
  8
BLACK
  6
CONTINUOUS
100
AcDbLine
 10
1.2015645275590552
 20
1.1001741338582678
 30
0
 11
1.2016214960629921
 21
1.1003820472440944
 31
0
  0
LINE
  5
AA4
330
1A
100
AcDbEntity
  8
BLACK
  6
CONTINUOUS
100
AcDbLine
 10
1.2016214960629921
 20
1.1003820472440944
 30
0
 11
1.2025588976377952
 21
1.1022568110236219
 31
0
  0
LINE
  5
AA5
330
1A
100
AcDbEntity
  8
BLACK
  6
CONTINUOUS
100
AcDbLine
 10
1.2025588976377952
 20
1.1022568110236219
 30
0
 11
1.2027524015748032
 21
1.102506220472441
 31
0
  0
LINE
  5
AA6
330
1A
100
AcDbEntity
  8
BLACK
  6
CONTINUOUS
100
AcDbLine
 10
1.2027524015748032
 20
1.102506220472441
 30
0
 11
1.2029276377952756
 21
1.1027683858267716
 31
0
  0
LINE
  5
AA7
330
1A
100
AcDbEntity
  8
BLACK
  6
CONTINUOUS
100
AcDbLine
 10
1.2029276377952756
 20
1.1027683858267716
 30
0
 11
1.2048023622047244
 21
1.1046431496062992
 31
0
  0
LINE
  5
AA8
330
1A
100
AcDbEntity
  8
BLACK
  6
CONTINUOUS
100
AcDbLine
 10
1.2048023622047244
 20
1.1046431496062992
 30
0
 11
1.2048843700787402
 21
1.1046979921259843
 31
0
  0
LINE
  5
AA9
330
1A
100
AcDbEntity
  8
BLACK
  6
CONTINUOUS
100
AcDbLine
 10
1.2048843700787402
 20
1.1046979921259843
 30
0
 11
1.2049045669291338
 21
1.1047383070866141
 31
0
  0
LINE
  5
AAA
330
1A
100
AcDbEntity
  8
BLACK
  6
CONTINUOUS
100
AcDbLine
 10
1.2049045669291338
 20
1.1047383070866141
 30
0
 11
1.205178346456693
 21
1.1048944094488189
 31
0
  0
LINE
  5
AAB
330
1A
100
AcDbEntity
  8
BLACK
  6
CONTINUOUS
100
AcDbLine
 10
1.205178346456693
 20
1.1048944094488189
 30
0
 11
1.2054409842519684
 21
1.1050698818897637
 31
0
  0
LINE
  5
AAC
330
1A
100
AcDbEntity
  8
BLACK
  6
CONTINUOUS
100
AcDbLine
 10
1.2054409842519684
 20
1.1050698818897637
 30
0
 11
1.2054861811023623
 21
1.1050698818897637
 31
0
  0
LINE
  5
AAD
330
1A
100
AcDbEntity
  8
BLACK
  6
CONTINUOUS
100
AcDbLine
 10
1.2054861811023623
 20
1.1050698818897637
 30
0
 11
1.205571811023622
 21
1.1051187007874015
 31
0
  0
LINE
  5
AAE
330
1A
100
AcDbEntity
  8
BLACK
  6
CONTINUOUS
100
AcDbLine
 10
1.205571811023622
 20
1.1051187007874015
 30
0
 11
1.2083839370078739
 21
1.1060561023622046
 31
0
  0
LINE
  5
AAF
330
1A
100
AcDbEntity
  8
BLACK
  6
CONTINUOUS
100
AcDbLine
 10
1.2083839370078739
 20
1.1060561023622046
 30
0
 11
1.2086969291338583
 21
1.1060955905511811
 31
0
  0
LINE
  5
AB0
330
1A
100
AcDbEntity
  8
BLACK
  6
CONTINUOUS
100
AcDbLine
 10
1.2086969291338583
 20
1.1060955905511811
 30
0
 11
1.2090064566929133
 21
1.106157125984252
 31
0
  0
LINE
  5
AB1
330
1A
100
AcDbEntity
  8
BLACK
  6
CONTINUOUS
100
AcDbLine
 10
1.2090064566929133
 20
1.106157125984252
 30
0
 11
1.2108812204724408
 21
1.106157125984252
 31
0
  0
LINE
  5
AB2
330
1A
100
AcDbEntity
  8
BLACK
  6
CONTINUOUS
100
AcDbLine
 10
1.2108812204724408
 20
1.106157125984252
 30
0
 11
1.2111907086614173
 21
1.1060955905511811
 31
0
  0
LINE
  5
AB3
330
1A
100
AcDbEntity
  8
BLACK
  6
CONTINUOUS
100
AcDbLine
 10
1.2111907086614173
 20
1.1060955905511811
 30
0
 11
1.2115037401574802
 21
1.1060561023622046
 31
0
  0
LINE
  5
AB4
330
1A
100
AcDbEntity
  8
BLACK
  6
CONTINUOUS
100
AcDbLine
 10
1.2115037401574802
 20
1.1060561023622046
 30
0
 11
1.2143159055118109
 21
1.1051187007874015
 31
0
  0
LINE
  5
AB5
330
1A
100
AcDbEntity
  8
BLACK
  6
CONTINUOUS
100
AcDbLine
 10
1.2143159055118109
 20
1.1051187007874015
 30
0
 11
1.2144015354330708
 21
1.1050698818897637
 31
0
  0
LINE
  5
AB6
330
1A
100
AcDbEntity
  8
BLACK
  6
CONTINUOUS
100
AcDbLine
 10
1.2144015354330708
 20
1.1050698818897637
 30
0
 11
1.2144466929133857
 21
1.1050698818897637
 31
0
  0
LINE
  5
AB7
330
1A
100
AcDbEntity
  8
BLACK
  6
CONTINUOUS
100
AcDbLine
 10
1.2144466929133857
 20
1.1050698818897637
 30
0
 11
1.2147088188976378
 21
1.1048947244094487
 31
0
  0
LINE
  5
AB8
330
1A
100
AcDbEntity
  8
BLACK
  6
CONTINUOUS
100
AcDbLine
 10
1.2147088188976378
 20
1.1048947244094487
 30
0
 11
1.2149831496062993
 21
1.1047383464566929
 31
0
  0
LINE
  5
AB9
330
1A
100
AcDbEntity
  8
BLACK
  6
CONTINUOUS
100
AcDbLine
 10
1.2149831496062993
 20
1.1047383464566929
 30
0
 11
1.2150033464566929
 21
1.1046979133858268
 31
0
  0
LINE
  5
ABA
330
1A
100
AcDbEntity
  8
BLACK
  6
CONTINUOUS
100
AcDbLine
 10
1.2150033464566929
 20
1.1046979133858268
 30
0
 11
1.21508531496063
 21
1.1046431496062992
 31
0
  0
LINE
  5
ABB
330
1A
100
AcDbEntity
  8
BLACK
  6
CONTINUOUS
100
AcDbLine
 10
1.21508531496063
 20
1.1046431496062992
 30
0
 11
1.2160226771653544
 21
1.1037057874015748
 31
0
  0
LINE
  5
ABC
330
1A
100
AcDbEntity
  8
BLACK
  6
CONTINUOUS
100
AcDbLine
 10
1.2160226771653544
 20
1.1037057874015748
 30
0
 11
1.216449409448819
 21
1.1030671653543307
 31
0
  0
LINE
  5
ABD
330
1A
100
AcDbEntity
  8
BLACK
  6
CONTINUOUS
100
AcDbLine
 10
1.216449409448819
 20
1.1030671653543307
 30
0
 11
1.216449409448819
 21
1.1015605511811024
 31
0
  0
LINE
  5
ABE
330
1A
100
AcDbEntity
  8
BLACK
  6
CONTINUOUS
100
AcDbLine
 10
1.216449409448819
 20
1.1015605511811024
 30
0
 11
1.2153840551181103
 21
1.1004951968503938
 31
0
  0
LINE
  5
ABF
330
1A
100
AcDbEntity
  8
BLACK
  6
CONTINUOUS
100
AcDbLine
 10
1.2153840551181103
 20
1.1004951968503938
 30
0
 11
1.2138774409448818
 21
1.1004951968503938
 31
0
  0
LINE
  5
AC0
330
1A
100
AcDbEntity
  8
BLACK
  6
CONTINUOUS
100
AcDbLine
 10
1.2138774409448818
 20
1.1004951968503938
 30
0
 11
1.2132388188976377
 21
1.1009219291338583
 31
0
  0
LINE
  5
AC1
330
1A
100
AcDbEntity
  8
BLACK
  6
CONTINUOUS
100
AcDbLine
 10
1.2132388188976377
 20
1.1009219291338583
 30
0
 11
1.2126300393700786
 21
1.1015307086614172
 31
0
  0
LINE
  5
AC2
330
1A
100
AcDbEntity
  8
BLACK
  6
CONTINUOUS
100
AcDbLine
 10
1.2126300393700786
 20
1.1015307086614172
 30
0
 11
1.2105617716535433
 21
1.1022201181102362
 31
0
  0
LINE
  5
AC3
330
1A
100
AcDbEntity
  8
BLACK
  6
CONTINUOUS
100
AcDbLine
 10
1.2105617716535433
 20
1.1022201181102362
 30
0
 11
1.2093259055118111
 21
1.1022201181102362
 31
0
  0
LINE
  5
AC4
330
1A
100
AcDbEntity
  8
BLACK
  6
CONTINUOUS
100
AcDbLine
 10
1.2093259055118111
 20
1.1022201181102362
 30
0
 11
1.2072576771653543
 21
1.1015307086614172
 31
0
  0
LINE
  5
AC5
330
1A
100
AcDbEntity
  8
BLACK
  6
CONTINUOUS
100
AcDbLine
 10
1.2072576771653543
 20
1.1015307086614172
 30
0
 11
1.2059373622047245
 21
1.1002104330708662
 31
0
  0
LINE
  5
AC6
330
1A
100
AcDbEntity
  8
BLACK
  6
CONTINUOUS
100
AcDbLine
 10
1.2059373622047245
 20
1.1002104330708662
 30
0
 11
1.2052394881889763
 21
1.0988146456692913
 31
0
  0
LINE
  5
AC7
330
1A
100
AcDbEntity
  8
BLACK
  6
CONTINUOUS
100
AcDbLine
 10
1.2052394881889763
 20
1.0988146456692913
 30
0
 11
1.2044133070866141
 21
1.0955098818897637
 31
0
  0
LINE
  5
AC8
330
1A
100
AcDbEntity
  8
BLACK
  6
CONTINUOUS
100
AcDbLine
 10
1.2044133070866141
 20
1.0955098818897637
 30
0
 11
1.2044133070866141
 21
1.0950787401574802
 31
0
  0
LINE
  5
AC9
330
1A
100
AcDbEntity
  8
BLACK
  6
CONTINUOUS
100
AcDbLine
 10
1.2044133070866141
 20
1.0950787401574802
 30
0
 11
1.2289836614173228
 21
1.0950787401574802
 31
0
  0
LINE
  5
ACA
330
1A
100
AcDbEntity
  8
BLACK
  6
CONTINUOUS
100
AcDbLine
 10
1.2289836614173228
 20
1.0950787401574802
 30
0
 11
1.2307204724409448
 21
1.0968155511811024
 31
0
  0
LINE
  5
ACB
330
1A
100
AcDbEntity
  8
BLACK
  6
CONTINUOUS
100
AcDbLine
 10
1.2307204724409448
 20
1.0968155511811024
 30
0
 11
1.2314099212598424
 21
1.0988838188976378
 31
0
  0
LINE
  5
ACC
330
1A
100
AcDbEntity
  8
BLACK
  6
CONTINUOUS
100
AcDbLine
 10
1.2314099212598424
 20
1.0988838188976378
 30
0
 11
1.2314099212598424
 21
1.0999744094488189
 31
0
  0
LINE
  5
ACD
330
1A
100
AcDbEntity
  8
BLACK
  6
CONTINUOUS
100
AcDbLine
 10
1.2314099212598424
 20
1.0999744094488189
 30
0
 11
1.2308231889763779
 21
1.1011478346456693
 31
0
  0
LINE
  5
ACE
330
1A
100
AcDbEntity
  8
BLACK
  6
CONTINUOUS
100
AcDbLine
 10
1.2308231889763779
 20
1.1011478346456693
 30
0
 11
1.2303375984251967
 21
1.1016334251968503
 31
0
  0
LINE
  5
ACF
330
1A
100
AcDbEntity
  8
BLACK
  6
CONTINUOUS
100
AcDbLine
 10
1.2303375984251967
 20
1.1016334251968503
 30
0
 11
1.2291642125984252
 21
1.1022201181102362
 31
0
  0
LINE
  5
AD0
330
1A
100
AcDbEntity
  8
BLACK
  6
CONTINUOUS
100
AcDbLine
 10
1.2291642125984252
 20
1.1022201181102362
 30
0
 11
1.225406653543307
 21
1.1022201181102362
 31
0
  0
LINE
  5
AD1
330
1A
100
AcDbEntity
  8
BLACK
  6
CONTINUOUS
100
AcDbLine
 10
1.225406653543307
 20
1.1022201181102362
 30
0
 11
1.2242332283464568
 21
1.1016334251968503
 31
0
  0
LINE
  5
AD2
330
1A
100
AcDbEntity
  8
BLACK
  6
CONTINUOUS
100
AcDbLine
 10
1.2242332283464568
 20
1.1016334251968503
 30
0
 11
1.2235217716535434
 21
1.1009219291338583
 31
0
  0
LINE
  5
AD3
330
1A
100
AcDbEntity
  8
BLACK
  6
CONTINUOUS
100
AcDbLine
 10
1.2235217716535434
 20
1.1009219291338583
 30
0
 11
1.2228831496062993
 21
1.1004951968503938
 31
0
  0
LINE
  5
AD4
330
1A
100
AcDbEntity
  8
BLACK
  6
CONTINUOUS
100
AcDbLine
 10
1.2228831496062993
 20
1.1004951968503938
 30
0
 11
1.2213765354330708
 21
1.1004951968503938
 31
0
  0
LINE
  5
AD5
330
1A
100
AcDbEntity
  8
BLACK
  6
CONTINUOUS
100
AcDbLine
 10
1.2213765354330708
 20
1.1004951968503938
 30
0
 11
1.2203111811023621
 21
1.1015605511811024
 31
0
  0
LINE
  5
AD6
330
1A
100
AcDbEntity
  8
BLACK
  6
CONTINUOUS
100
AcDbLine
 10
1.2203111811023621
 20
1.1015605511811024
 30
0
 11
1.2203111811023621
 21
1.1030671653543307
 31
0
  0
LINE
  5
AD7
330
1A
100
AcDbEntity
  8
BLACK
  6
CONTINUOUS
100
AcDbLine
 10
1.2203111811023621
 20
1.1030671653543307
 30
0
 11
1.2207379133858267
 21
1.1037057874015748
 31
0
  0
LINE
  5
AD8
330
1A
100
AcDbEntity
  8
BLACK
  6
CONTINUOUS
100
AcDbLine
 10
1.2207379133858267
 20
1.1037057874015748
 30
0
 11
1.2216752755905511
 21
1.1046431496062992
 31
0
  0
LINE
  5
AD9
330
1A
100
AcDbEntity
  8
BLACK
  6
CONTINUOUS
100
AcDbLine
 10
1.2216752755905511
 20
1.1046431496062992
 30
0
 11
1.2219374409448818
 21
1.1048183858267717
 31
0
  0
LINE
  5
ADA
330
1A
100
AcDbEntity
  8
BLACK
  6
CONTINUOUS
100
AcDbLine
 10
1.2219374409448818
 20
1.1048183858267717
 30
0
 11
1.2221868503937008
 21
1.1050118897637795
 31
0
  0
LINE
  5
ADB
330
1A
100
AcDbEntity
  8
BLACK
  6
CONTINUOUS
100
AcDbLine
 10
1.2221868503937008
 20
1.1050118897637795
 30
0
 11
1.2240616141732283
 21
1.1059492913385827
 31
0
  0
LINE
  5
ADC
330
1A
100
AcDbEntity
  8
BLACK
  6
CONTINUOUS
100
AcDbLine
 10
1.2240616141732283
 20
1.1059492913385827
 30
0
 11
1.2241566929133858
 21
1.1059753543307087
 31
0
  0
LINE
  5
ADD
330
1A
100
AcDbEntity
  8
BLACK
  6
CONTINUOUS
100
AcDbLine
 10
1.2241566929133858
 20
1.1059753543307087
 30
0
 11
1.2241886614173227
 21
1.1060072834645669
 31
0
  0
LINE
  5
ADE
330
1A
100
AcDbEntity
  8
BLACK
  6
CONTINUOUS
100
AcDbLine
 10
1.2241886614173227
 20
1.1060072834645669
 30
0
 11
1.2244981496062992
 21
1.1060688582677165
 31
0
  0
LINE
  5
ADF
330
1A
100
AcDbEntity
  8
BLACK
  6
CONTINUOUS
100
AcDbLine
 10
1.2244981496062992
 20
1.1060688582677165
 30
0
 11
1.2248024015748031
 21
1.1061521653543307
 31
0
  0
LINE
  5
AE0
330
1A
100
AcDbEntity
  8
BLACK
  6
CONTINUOUS
100
AcDbLine
 10
1.2248024015748031
 20
1.1061521653543307
 30
0
 11
1.2248452362204725
 21
1.1061379133858267
 31
0
  0
LINE
  5
AE1
330
1A
100
AcDbEntity
  8
BLACK
  6
CONTINUOUS
100
AcDbLine
 10
1.2248452362204725
 20
1.1061379133858267
 30
0
 11
1.2249419685039369
 21
1.106157125984252
 31
0
  0
LINE
  5
AE2
330
1A
100
AcDbEntity
  8
BLACK
  6
CONTINUOUS
100
AcDbLine
 10
1.2249419685039369
 20
1.106157125984252
 30
0
 11
1.2296288976377951
 21
1.106157125984252
 31
0
  0
LINE
  5
AE3
330
1A
100
AcDbEntity
  8
BLACK
  6
CONTINUOUS
100
AcDbLine
 10
1.2296288976377951
 20
1.106157125984252
 30
0
 11
1.229725590551181
 21
1.1061379133858267
 31
0
  0
LINE
  5
AE4
330
1A
100
AcDbEntity
  8
BLACK
  6
CONTINUOUS
100
AcDbLine
 10
1.229725590551181
 20
1.1061379133858267
 30
0
 11
1.2297684645669291
 21
1.1061521653543307
 31
0
  0
LINE
  5
AE5
330
1A
100
AcDbEntity
  8
BLACK
  6
CONTINUOUS
100
AcDbLine
 10
1.2297684645669291
 20
1.1061521653543307
 30
0
 11
1.2300726771653543
 21
1.1060688582677165
 31
0
  0
LINE
  5
AE6
330
1A
100
AcDbEntity
  8
BLACK
  6
CONTINUOUS
100
AcDbLine
 10
1.2300726771653543
 20
1.1060688582677165
 30
0
 11
1.2303822047244095
 21
1.1060072834645669
 31
0
  0
LINE
  5
AE7
330
1A
100
AcDbEntity
  8
BLACK
  6
CONTINUOUS
100
AcDbLine
 10
1.2303822047244095
 20
1.1060072834645669
 30
0
 11
1.2304141338582677
 21
1.1059753543307087
 31
0
  0
LINE
  5
AE8
330
1A
100
AcDbEntity
  8
BLACK
  6
CONTINUOUS
100
AcDbLine
 10
1.2304141338582677
 20
1.1059753543307087
 30
0
 11
1.2305092519685039
 21
1.1059492913385827
 31
0
  0
LINE
  5
AE9
330
1A
100
AcDbEntity
  8
BLACK
  6
CONTINUOUS
100
AcDbLine
 10
1.2305092519685039
 20
1.1059492913385827
 30
0
 11
1.2323840157480315
 21
1.1050118897637795
 31
0
  0
LINE
  5
AEA
330
1A
100
AcDbEntity
  8
BLACK
  6
CONTINUOUS
100
AcDbLine
 10
1.2323840157480315
 20
1.1050118897637795
 30
0
 11
1.2326333858267717
 21
1.1048183858267717
 31
0
  0
LINE
  5
AEB
330
1A
100
AcDbEntity
  8
BLACK
  6
CONTINUOUS
100
AcDbLine
 10
1.2326333858267717
 20
1.1048183858267717
 30
0
 11
1.2328955905511811
 21
1.1046431496062992
 31
0
  0
LINE
  5
AEC
330
1A
100
AcDbEntity
  8
BLACK
  6
CONTINUOUS
100
AcDbLine
 10
1.2328955905511811
 20
1.1046431496062992
 30
0
 11
1.2338329527559055
 21
1.1037057874015748
 31
0
  0
LINE
  5
AED
330
1A
100
AcDbEntity
  8
BLACK
  6
CONTINUOUS
100
AcDbLine
 10
1.2338329527559055
 20
1.1037057874015748
 30
0
 11
1.2340081496062991
 21
1.1034436220472441
 31
0
  0
LINE
  5
AEE
330
1A
100
AcDbEntity
  8
BLACK
  6
CONTINUOUS
100
AcDbLine
 10
1.2340081496062991
 20
1.1034436220472441
 30
0
 11
1.2342016929133859
 21
1.1031942125984251
 31
0
  0
LINE
  5
AEF
330
1A
100
AcDbEntity
  8
BLACK
  6
CONTINUOUS
100
AcDbLine
 10
1.2342016929133859
 20
1.1031942125984251
 30
0
 11
1.235139094488189
 21
1.1013194488188975
 31
0
  0
LINE
  5
AF0
330
1A
100
AcDbEntity
  8
BLACK
  6
CONTINUOUS
100
AcDbLine
 10
1.235139094488189
 20
1.1013194488188975
 30
0
 11
1.2351651181102361
 21
1.1012243700787401
 31
0
  0
LINE
  5
AF1
330
1A
100
AcDbEntity
  8
BLACK
  6
CONTINUOUS
100
AcDbLine
 10
1.2351651181102361
 20
1.1012243700787401
 30
0
 11
1.2351970866141733
 21
1.1011924015748031
 31
0
  0
LINE
  5
AF2
330
1A
100
AcDbEntity
  8
BLACK
  6
CONTINUOUS
100
AcDbLine
 10
1.2351970866141733
 20
1.1011924015748031
 30
0
 11
1.2352586220472441
 21
1.1008829133858267
 31
0
  0
LINE
  5
AF3
330
1A
100
AcDbEntity
  8
BLACK
  6
CONTINUOUS
100
AcDbLine
 10
1.2352586220472441
 20
1.1008829133858267
 30
0
 11
1.2353419685039371
 21
1.1005786614173227
 31
0
  0
LINE
  5
AF4
330
1A
100
AcDbEntity
  8
BLACK
  6
CONTINUOUS
100
AcDbLine
 10
1.2353419685039371
 20
1.1005786614173227
 30
0
 11
1.2353276771653543
 21
1.1005358267716536
 31
0
  0
LINE
  5
AF5
330
1A
100
AcDbEntity
  8
BLACK
  6
CONTINUOUS
100
AcDbLine
 10
1.2353276771653543
 20
1.1005358267716536
 30
0
 11
1.2353469291338581
 21
1.100439094488189
 31
0
  0
LINE
  5
AF6
330
1A
100
AcDbEntity
  8
BLACK
  6
CONTINUOUS
100
AcDbLine
 10
1.2353469291338581
 20
1.100439094488189
 30
0
 11
1.2353469291338581
 21
1.0985643307086614
 31
0
  0
LINE
  5
AF7
330
1A
100
AcDbEntity
  8
BLACK
  6
CONTINUOUS
100
AcDbLine
 10
1.2353469291338581
 20
1.0985643307086614
 30
0
 11
1.2352853543307087
 21
1.0982548031496062
 31
0
  0
LINE
  5
AF8
330
1A
100
AcDbEntity
  8
BLACK
  6
CONTINUOUS
100
AcDbLine
 10
1.2352853543307087
 20
1.0982548031496062
 30
0
 11
1.235245905511811
 21
1.0979418503937008
 31
0
  0
LINE
  5
AF9
330
1A
100
AcDbEntity
  8
BLACK
  6
CONTINUOUS
100
AcDbLine
 10
1.235245905511811
 20
1.0979418503937008
 30
0
 11
1.2343085039370079
 21
1.0951296456692914
 31
0
  0
LINE
  5
AFA
330
1A
100
AcDbEntity
  8
BLACK
  6
CONTINUOUS
100
AcDbLine
 10
1.2343085039370079
 20
1.0951296456692914
 30
0
 11
1.2342794881889763
 21
1.0950787401574802
 31
0
  0
LINE
  5
AFB
330
1A
100
AcDbEntity
  8
BLACK
  6
CONTINUOUS
100
AcDbLine
 10
1.2342794881889763
 20
1.0950787401574802
 30
0
 11
1.2539461023622047
 21
1.0950787401574802
 31
0
  0
LINE
  5
AFC
330
1A
100
AcDbEntity
  8
BLACK
  6
CONTINUOUS
100
AcDbLine
 10
1.2539461023622047
 20
1.0950787401574802
 30
0
 11
1.2539953543307085
 21
1.0952586614173228
 31
0
  0
LINE
  5
AFD
330
1A
100
AcDbEntity
  8
BLACK
  6
CONTINUOUS
100
AcDbLine
 10
1.2539953543307085
 20
1.0952586614173228
 30
0
 11
1.2540569291338581
 21
1.0955681102362205
 31
0
  0
LINE
  5
AFE
330
1A
100
AcDbEntity
  8
BLACK
  6
CONTINUOUS
100
AcDbLine
 10
1.2540569291338581
 20
1.0955681102362205
 30
0
 11
1.2540888188976378
 21
1.0956000393700787
 31
0
  0
LINE
  5
AFF
330
1A
100
AcDbEntity
  8
BLACK
  6
CONTINUOUS
100
AcDbLine
 10
1.2540888188976378
 20
1.0956000393700787
 30
0
 11
1.2541148818897638
 21
1.0956951181102361
 31
0
  0
LINE
  5
B00
330
1A
100
AcDbEntity
  8
BLACK
  6
CONTINUOUS
100
AcDbLine
 10
1.2541148818897638
 20
1.0956951181102361
 30
0
 11
1.2550522440944882
 21
1.0975698818897637
 31
0
  0
LINE
  5
B01
330
1A
100
AcDbEntity
  8
BLACK
  6
CONTINUOUS
100
AcDbLine
 10
1.2550522440944882
 20
1.0975698818897637
 30
0
 11
1.2552925984251968
 21
1.0978796062992127
 31
0
  0
LINE
  5
B02
330
1A
100
AcDbEntity
  8
BLACK
  6
CONTINUOUS
100
AcDbLine
 10
1.2552925984251968
 20
1.0978796062992127
 30
0
 11
1.2553258661417324
 21
1.0979793700787401
 31
0
  0
LINE
  5
B03
330
1A
100
AcDbEntity
  8
BLACK
  6
CONTINUOUS
100
AcDbLine
 10
1.2553258661417324
 20
1.0979793700787401
 30
0
 11
1.2554369291338583
 21
1.0980655905511811
 31
0
  0
LINE
  5
B04
330
1A
100
AcDbEntity
  8
BLACK
  6
CONTINUOUS
100
AcDbLine
 10
1.2554369291338583
 20
1.0980655905511811
 30
0
 11
1.2555231496062993
 21
1.0981766535433071
 31
0
  0
LINE
  5
B05
330
1A
100
AcDbEntity
  8
BLACK
  6
CONTINUOUS
100
AcDbLine
 10
1.2555231496062993
 20
1.0981766535433071
 30
0
 11
1.2556229133858268
 21
1.0982099212598424
 31
0
  0
LINE
  5
B06
330
1A
100
AcDbEntity
  8
BLACK
  6
CONTINUOUS
100
AcDbLine
 10
1.2556229133858268
 20
1.0982099212598424
 30
0
 11
1.2559326377952755
 21
1.0984502755905512
 31
0
  0
LINE
  5
B07
330
1A
100
AcDbEntity
  8
BLACK
  6
CONTINUOUS
100
AcDbLine
 10
1.2559326377952755
 20
1.0984502755905512
 30
0
 11
1.2578073622047243
 21
1.0993875984251968
 31
0
  0
LINE
  5
B08
330
1A
100
AcDbEntity
  8
BLACK
  6
CONTINUOUS
100
AcDbLine
 10
1.2578073622047243
 20
1.0993875984251968
 30
0
 11
1.2579024409448818
 21
1.0994136614173229
 31
0
  0
LINE
  5
B09
330
1A
100
AcDbEntity
  8
BLACK
  6
CONTINUOUS
100
AcDbLine
 10
1.2579024409448818
 20
1.0994136614173229
 30
0
 11
1.257934409448819
 21
1.0994455905511811
 31
0
  0
LINE
  5
B0A
330
1A
100
AcDbEntity
  8
BLACK
  6
CONTINUOUS
100
AcDbLine
 10
1.257934409448819
 20
1.0994455905511811
 30
0
 11
1.2582438976377952
 21
1.0995071653543307
 31
0
  0
LINE
  5
B0B
330
1A
100
AcDbEntity
  8
BLACK
  6
CONTINUOUS
100
AcDbLine
 10
1.2582438976377952
 20
1.0995071653543307
 30
0
 11
1.2585481496062991
 21
1.0995904724409449
 31
0
  0
LINE
  5
B0C
330
1A
100
AcDbEntity
  8
BLACK
  6
CONTINUOUS
100
AcDbLine
 10
1.2585481496062991
 20
1.0995904724409449
 30
0
 11
1.2585909842519685
 21
1.0995762204724409
 31
0
  0
LINE
  5
B0D
330
1A
100
AcDbEntity
  8
BLACK
  6
CONTINUOUS
100
AcDbLine
 10
1.2585909842519685
 20
1.0995762204724409
 30
0
 11
1.2586877165354331
 21
1.0995954330708662
 31
0
  0
LINE
  5
B0E
330
1A
100
AcDbEntity
  8
BLACK
  6
CONTINUOUS
100
AcDbLine
 10
1.2586877165354331
 20
1.0995954330708662
 30
0
 11
1.2614998818897638
 21
1.0995954330708662
 31
0
  0
LINE
  5
B0F
330
1A
100
AcDbEntity
  8
BLACK
  6
CONTINUOUS
100
AcDbLine
 10
1.2614998818897638
 20
1.0995954330708662
 30
0
 11
1.2615965748031497
 21
1.0995762204724409
 31
0
  0
LINE
  5
B10
330
1A
100
AcDbEntity
  8
BLACK
  6
CONTINUOUS
100
AcDbLine
 10
1.2615965748031497
 20
1.0995762204724409
 30
0
 11
1.2616394094488188
 21
1.0995904724409449
 31
0
  0
LINE
  5
B11
330
1A
100
AcDbEntity
  8
BLACK
  6
CONTINUOUS
100
AcDbLine
 10
1.2616394094488188
 20
1.0995904724409449
 30
0
 11
1.2619437007874015
 21
1.0995071653543307
 31
0
  0
LINE
  5
B12
330
1A
100
AcDbEntity
  8
BLACK
  6
CONTINUOUS
100
AcDbLine
 10
1.2619437007874015
 20
1.0995071653543307
 30
0
 11
1.2622531889763779
 21
1.0994455905511811
 31
0
  0
LINE
  5
B13
330
1A
100
AcDbEntity
  8
BLACK
  6
CONTINUOUS
100
AcDbLine
 10
1.2622531889763779
 20
1.0994455905511811
 30
0
 11
1.2622850787401574
 21
1.0994137007874016
 31
0
  0
LINE
  5
B14
330
1A
100
AcDbEntity
  8
BLACK
  6
CONTINUOUS
100
AcDbLine
 10
1.2622850787401574
 20
1.0994137007874016
 30
0
 11
1.2623801968503936
 21
1.0993876377952756
 31
0
  0
LINE
  5
B15
330
1A
100
AcDbEntity
  8
BLACK
  6
CONTINUOUS
100
AcDbLine
 10
1.2623801968503936
 20
1.0993876377952756
 30
0
 11
1.2642549606299212
 21
1.0984502755905512
 31
0
  0
LINE
  5
B16
330
1A
100
AcDbEntity
  8
BLACK
  6
CONTINUOUS
100
AcDbLine
 10
1.2642549606299212
 20
1.0984502755905512
 30
0
 11
1.2648617322834645
 21
1.0979793700787401
 31
0
  0
LINE
  5
B17
330
1A
100
AcDbEntity
  8
BLACK
  6
CONTINUOUS
100
AcDbLine
 10
1.2648617322834645
 20
1.0979793700787401
 30
0
 11
1.265338188976378
 21
1.0965500393700787
 31
0
  0
LINE
  5
B18
330
1A
100
AcDbEntity
  8
BLACK
  6
CONTINUOUS
100
AcDbLine
 10
1.265338188976378
 20
1.0965500393700787
 30
0
 11
1.2646644094488189
 21
1.0952024803149607
 31
0
  0
LINE
  5
B19
330
1A
100
AcDbEntity
  8
BLACK
  6
CONTINUOUS
100
AcDbLine
 10
1.2646644094488189
 20
1.0952024803149607
 30
0
 11
1.264293188976378
 21
1.0950787401574802
 31
0
  0
LINE
  5
B1A
330
1A
100
AcDbEntity
  8
BLACK
  6
CONTINUOUS
100
AcDbLine
 10
1.264293188976378
 20
1.0950787401574802
 30
0
 11
1.2707799606299213
 21
1.0950787401574802
 31
0
  0
LINE
  5
B1B
330
1A
100
AcDbEntity
  8
BLACK
  6
CONTINUOUS
100
AcDbLine
 10
1.2707799606299213
 20
1.0950787401574802
 30
0
 11
1.2707799606299213
 21
1.0956584251968504
 31
0
  0
LINE
  5
B1C
330
1A
100
AcDbEntity
  8
BLACK
  6
CONTINUOUS
100
AcDbLine
 10
1.2707799606299213
 20
1.0956584251968504
 30
0
 11
1.2699363385826772
 21
1.0956584251968504
 31
0
  0
LINE
  5
B1D
330
1A
100
AcDbEntity
  8
BLACK
  6
CONTINUOUS
100
AcDbLine
 10
1.2699363385826772
 20
1.0956584251968504
 30
0
 11
1.269183031496063
 21
1.0958082677165355
 31
0
  0
LINE
  5
B1E
330
1A
100
AcDbEntity
  8
BLACK
  6
CONTINUOUS
100
AcDbLine
 10
1.269183031496063
 20
1.0958082677165355
 30
0
 11
1.2681176771653544
 21
1.0968736220472441
 31
0
  0
LINE
  5
B1F
330
1A
100
AcDbEntity
  8
BLACK
  6
CONTINUOUS
100
AcDbLine
 10
1.2681176771653544
 20
1.0968736220472441
 30
0
 11
1.2681176771653544
 21
1.0983802362204724
 31
0
  0
LINE
  5
B20
330
1A
100
AcDbEntity
  8
BLACK
  6
CONTINUOUS
100
AcDbLine
 10
1.2681176771653544
 20
1.0983802362204724
 30
0
 11
1.269183031496063
 21
1.0994455905511811
 31
0
  0
LINE
  5
B21
330
1A
100
AcDbEntity
  8
BLACK
  6
CONTINUOUS
100
AcDbLine
 10
1.269183031496063
 20
1.0994455905511811
 30
0
 11
1.2699363385826772
 21
1.0995954330708662
 31
0
  0
LINE
  5
B22
330
1A
100
AcDbEntity
  8
BLACK
  6
CONTINUOUS
100
AcDbLine
 10
1.2699363385826772
 20
1.0995954330708662
 30
0
 11
1.2707799606299213
 21
1.0995954330708662
 31
0
  0
LINE
  5
B23
330
1A
100
AcDbEntity
  8
BLACK
  6
CONTINUOUS
100
AcDbLine
 10
1.2707799606299213
 20
1.0995954330708662
 30
0
 11
1.2707799606299213
 21
1.1041886220472441
 31
0
  0
LINE
  5
B24
330
1A
100
AcDbEntity
  8
BLACK
  6
CONTINUOUS
100
AcDbLine
 10
1.2707799606299213
 20
1.1041886220472441
 30
0
 11
1.2709298031496064
 21
1.1049419291338582
 31
0
  0
LINE
  5
B25
330
1A
100
AcDbEntity
  8
BLACK
  6
CONTINUOUS
100
AcDbLine
 10
1.2709298031496064
 20
1.1049419291338582
 30
0
 11
1.271995157480315
 21
1.1060072834645669
 31
0
  0
LINE
  5
B26
330
1A
100
AcDbEntity
  8
BLACK
  6
CONTINUOUS
100
AcDbLine
 10
1.271995157480315
 20
1.1060072834645669
 30
0
 11
1.2735017716535433
 21
1.1060072834645669
 31
0
  0
LINE
  5
B27
330
1A
100
AcDbEntity
  8
BLACK
  6
CONTINUOUS
100
AcDbLine
 10
1.2735017716535433
 20
1.1060072834645669
 30
0
 11
1.2745671259842519
 21
1.1049419291338582
 31
0
  0
LINE
  5
B28
330
1A
100
AcDbEntity
  8
BLACK
  6
CONTINUOUS
100
AcDbLine
 10
1.2745671259842519
 20
1.1049419291338582
 30
0
 11
1.274716968503937
 21
1.1041886220472441
 31
0
  0
LINE
  5
B29
330
1A
100
AcDbEntity
  8
BLACK
  6
CONTINUOUS
100
AcDbLine
 10
1.274716968503937
 20
1.1041886220472441
 30
0
 11
1.274716968503937
 21
1.0995954330708662
 31
0
  0
LINE
  5
B2A
330
1A
100
AcDbEntity
  8
BLACK
  6
CONTINUOUS
100
AcDbLine
 10
1.274716968503937
 20
1.0995954330708662
 30
0
 11
1.2774353937007874
 21
1.0995954330708662
 31
0
  0
LINE
  5
B2B
330
1A
100
AcDbEntity
  8
BLACK
  6
CONTINUOUS
100
AcDbLine
 10
1.2774353937007874
 20
1.0995954330708662
 30
0
 11
1.2781887007874015
 21
1.0994455905511811
 31
0
  0
LINE
  5
B2C
330
1A
100
AcDbEntity
  8
BLACK
  6
CONTINUOUS
100
AcDbLine
 10
1.2781887007874015
 20
1.0994455905511811
 30
0
 11
1.2792540551181102
 21
1.0983802362204724
 31
0
  0
LINE
  5
B2D
330
1A
100
AcDbEntity
  8
BLACK
  6
CONTINUOUS
100
AcDbLine
 10
1.2792540551181102
 20
1.0983802362204724
 30
0
 11
1.2792540551181102
 21
1.0968736220472441
 31
0
  0
LINE
  5
B2E
330
1A
100
AcDbEntity
  8
BLACK
  6
CONTINUOUS
100
AcDbLine
 10
1.2792540551181102
 20
1.0968736220472441
 30
0
 11
1.2781887007874015
 21
1.0958082677165355
 31
0
  0
LINE
  5
B2F
330
1A
100
AcDbEntity
  8
BLACK
  6
CONTINUOUS
100
AcDbLine
 10
1.2781887007874015
 20
1.0958082677165355
 30
0
 11
1.2774353937007874
 21
1.0956584251968504
 31
0
  0
LINE
  5
B30
330
1A
100
AcDbEntity
  8
BLACK
  6
CONTINUOUS
100
AcDbLine
 10
1.2774353937007874
 20
1.0956584251968504
 30
0
 11
1.274716968503937
 21
1.0956584251968504
 31
0
  0
LINE
  5
B31
330
1A
100
AcDbEntity
  8
BLACK
  6
CONTINUOUS
100
AcDbLine
 10
1.274716968503937
 20
1.0956584251968504
 30
0
 11
1.274716968503937
 21
1.0950787401574802
 31
0
  0
LINE
  5
B32
330
1A
100
AcDbEntity
  8
BLACK
  6
CONTINUOUS
100
AcDbLine
 10
1.274716968503937
 20
1.0950787401574802
 30
0
 11
1.2830784645669291
 21
1.0950787401574802
 31
0
  0
LINE
  5
B33
330
1A
100
AcDbEntity
  8
BLACK
  6
CONTINUOUS
100
AcDbLine
 10
1.2830784645669291
 20
1.0950787401574802
 30
0
 11
1.2827072440944882
 21
1.0952024803149607
 31
0
  0
LINE
  5
B34
330
1A
100
AcDbEntity
  8
BLACK
  6
CONTINUOUS
100
AcDbLine
 10
1.2827072440944882
 20
1.0952024803149607
 30
0
 11
1.2820335039370079
 21
1.0965500393700787
 31
0
  0
LINE
  5
B35
330
1A
100
AcDbEntity
  8
BLACK
  6
CONTINUOUS
100
AcDbLine
 10
1.2820335039370079
 20
1.0965500393700787
 30
0
 11
1.2825099606299213
 21
1.0979793700787401
 31
0
  0
LINE
  5
B36
330
1A
100
AcDbEntity
  8
BLACK
  6
CONTINUOUS
100
AcDbLine
 10
1.2825099606299213
 20
1.0979793700787401
 30
0
 11
1.2831167322834645
 21
1.0984502755905512
 31
0
  0
LINE
  5
B37
330
1A
100
AcDbEntity
  8
BLACK
  6
CONTINUOUS
100
AcDbLine
 10
1.2831167322834645
 20
1.0984502755905512
 30
0
 11
1.2849914566929133
 21
1.0993875984251968
 31
0
  0
LINE
  5
B38
330
1A
100
AcDbEntity
  8
BLACK
  6
CONTINUOUS
100
AcDbLine
 10
1.2849914566929133
 20
1.0993875984251968
 30
0
 11
1.2850865354330709
 21
1.0994136614173229
 31
0
  0
LINE
  5
B39
330
1A
100
AcDbEntity
  8
BLACK
  6
CONTINUOUS
100
AcDbLine
 10
1.2850865354330709
 20
1.0994136614173229
 30
0
 11
1.2851185039370079
 21
1.0994455905511811
 31
0
  0
LINE
  5
B3A
330
1A
100
AcDbEntity
  8
BLACK
  6
CONTINUOUS
100
AcDbLine
 10
1.2851185039370079
 20
1.0994455905511811
 30
0
 11
1.2854279921259841
 21
1.0995071653543307
 31
0
  0
LINE
  5
B3B
330
1A
100
AcDbEntity
  8
BLACK
  6
CONTINUOUS
100
AcDbLine
 10
1.2854279921259841
 20
1.0995071653543307
 30
0
 11
1.2857322440944881
 21
1.0995904724409449
 31
0
  0
LINE
  5
B3C
330
1A
100
AcDbEntity
  8
BLACK
  6
CONTINUOUS
100
AcDbLine
 10
1.2857322440944881
 20
1.0995904724409449
 30
0
 11
1.2857750787401574
 21
1.0995762204724409
 31
0
  0
LINE
  5
B3D
330
1A
100
AcDbEntity
  8
BLACK
  6
CONTINUOUS
100
AcDbLine
 10
1.2857750787401574
 20
1.0995762204724409
 30
0
 11
1.285871811023622
 21
1.0995954330708662
 31
0
  0
LINE
  5
B3E
330
1A
100
AcDbEntity
  8
BLACK
  6
CONTINUOUS
100
AcDbLine
 10
1.285871811023622
 20
1.0995954330708662
 30
0
 11
1.2896213385826771
 21
1.0995954330708662
 31
0
  0
LINE
  5
B3F
330
1A
100
AcDbEntity
  8
BLACK
  6
CONTINUOUS
100
AcDbLine
 10
1.2896213385826771
 20
1.0995954330708662
 30
0
 11
1.289718031496063
 21
1.0995762204724409
 31
0
  0
LINE
  5
B40
330
1A
100
AcDbEntity
  8
BLACK
  6
CONTINUOUS
100
AcDbLine
 10
1.289718031496063
 20
1.0995762204724409
 30
0
 11
1.2897608661417324
 21
1.0995904724409449
 31
0
  0
LINE
  5
B41
330
1A
100
AcDbEntity
  8
BLACK
  6
CONTINUOUS
100
AcDbLine
 10
1.2897608661417324
 20
1.0995904724409449
 30
0
 11
1.290065157480315
 21
1.0995071653543307
 31
0
  0
LINE
  5
B42
330
1A
100
AcDbEntity
  8
BLACK
  6
CONTINUOUS
100
AcDbLine
 10
1.290065157480315
 20
1.0995071653543307
 30
0
 11
1.2903746456692913
 21
1.0994455905511811
 31
0
  0
LINE
  5
B43
330
1A
100
AcDbEntity
  8
BLACK
  6
CONTINUOUS
100
AcDbLine
 10
1.2903746456692913
 20
1.0994455905511811
 30
0
 11
1.2904065354330709
 21
1.0994137007874016
 31
0
  0
LINE
  5
B44
330
1A
100
AcDbEntity
  8
BLACK
  6
CONTINUOUS
100
AcDbLine
 10
1.2904065354330709
 20
1.0994137007874016
 30
0
 11
1.2905016535433071
 21
1.0993876377952756
 31
0
  0
LINE
  5
B45
330
1A
100
AcDbEntity
  8
BLACK
  6
CONTINUOUS
100
AcDbLine
 10
1.2905016535433071
 20
1.0993876377952756
 30
0
 11
1.2923764173228347
 21
1.0984502755905512
 31
0
  0
LINE
  5
B46
330
1A
100
AcDbEntity
  8
BLACK
  6
CONTINUOUS
100
AcDbLine
 10
1.2923764173228347
 20
1.0984502755905512
 30
0
 11
1.292686062992126
 21
1.0982099606299212
 31
0
  0
LINE
  5
B47
330
1A
100
AcDbEntity
  8
BLACK
  6
CONTINUOUS
100
AcDbLine
 10
1.292686062992126
 20
1.0982099606299212
 30
0
 11
1.2927858661417322
 21
1.0981766929133858
 31
0
  0
LINE
  5
B48
330
1A
100
AcDbEntity
  8
BLACK
  6
CONTINUOUS
100
AcDbLine
 10
1.2927858661417322
 20
1.0981766929133858
 30
0
 11
1.2928720866141732
 21
1.0980656299212599
 31
0
  0
LINE
  5
B49
330
1A
100
AcDbEntity
  8
BLACK
  6
CONTINUOUS
100
AcDbLine
 10
1.2928720866141732
 20
1.0980656299212599
 30
0
 11
1.2929831889763779
 21
1.0979793700787401
 31
0
  0
LINE
  5
B4A
330
1A
100
AcDbEntity
  8
BLACK
  6
CONTINUOUS
100
AcDbLine
 10
1.2929831889763779
 20
1.0979793700787401
 30
0
 11
1.2930164173228347
 21
1.0978796062992127
 31
0
  0
LINE
  5
B4B
330
1A
100
AcDbEntity
  8
BLACK
  6
CONTINUOUS
100
AcDbLine
 10
1.2930164173228347
 20
1.0978796062992127
 30
0
 11
1.2932567716535432
 21
1.0975699212598424
 31
0
  0
LINE
  5
B4C
330
1A
100
AcDbEntity
  8
BLACK
  6
CONTINUOUS
100
AcDbLine
 10
1.2932567716535432
 20
1.0975699212598424
 30
0
 11
1.2941941732283464
 21
1.0956951574803149
 31
0
  0
LINE
  5
B4D
330
1A
100
AcDbEntity
  8
BLACK
  6
CONTINUOUS
100
AcDbLine
 10
1.2941941732283464
 20
1.0956951574803149
 30
0
 11
1.2942201968503937
 21
1.0956000787401574
 31
0
  0
LINE
  5
B4E
330
1A
100
AcDbEntity
  8
BLACK
  6
CONTINUOUS
100
AcDbLine
 10
1.2942201968503937
 20
1.0956000787401574
 30
0
 11
1.2942521653543306
 21
1.0955681102362205
 31
0
  0
LINE
  5
B4F
330
1A
100
AcDbEntity
  8
BLACK
  6
CONTINUOUS
100
AcDbLine
 10
1.2942521653543306
 20
1.0955681102362205
 30
0
 11
1.2943137007874015
 21
1.095258622047244
 31
0
  0
LINE
  5
B50
330
1A
100
AcDbEntity
  8
BLACK
  6
CONTINUOUS
100
AcDbLine
 10
1.2943137007874015
 20
1.095258622047244
 30
0
 11
1.2943629921259843
 21
1.0950787401574802
 31
0
  0
LINE
  5
B51
330
1A
100
AcDbEntity
  8
BLACK
  6
CONTINUOUS
100
AcDbLine
 10
1.2943629921259843
 20
1.0950787401574802
 30
0
 11
1.2992697637795276
 21
1.0950787401574802
 31
0
  0
LINE
  5
B52
330
1A
100
AcDbEntity
  8
BLACK
  6
CONTINUOUS
100
AcDbLine
 10
1.2992697637795276
 20
1.0950787401574802
 30
0
 11
1.3000466141732283
 21
1.0966324803149605
 31
0
  0
LINE
  5
B53
330
1A
100
AcDbEntity
  8
BLACK
  6
CONTINUOUS
100
AcDbLine
 10
1.3000466141732283
 20
1.0966324803149605
 30
0
 11
1.3002402362204724
 21
1.0968820078740158
 31
0
  0
LINE
  5
B54
330
1A
100
AcDbEntity
  8
BLACK
  6
CONTINUOUS
100
AcDbLine
 10
1.3002402362204724
 20
1.0968820078740158
 30
0
 11
1.3004153937007874
 21
1.0971440944881889
 31
0
  0
LINE
  5
B55
330
1A
100
AcDbEntity
  8
BLACK
  6
CONTINUOUS
100
AcDbLine
 10
1.3004153937007874
 20
1.0971440944881889
 30
0
 11
1.3013527559055118
 21
1.0980814960629921
 31
0
  0
LINE
  5
B56
330
1A
100
AcDbEntity
  8
BLACK
  6
CONTINUOUS
100
AcDbLine
 10
1.3013527559055118
 20
1.0980814960629921
 30
0
 11
1.3016151181102362
 21
1.0982568503937007
 31
0
  0
LINE
  5
B57
330
1A
100
AcDbEntity
  8
BLACK
  6
CONTINUOUS
100
AcDbLine
 10
1.3016151181102362
 20
1.0982568503937007
 30
0
 11
1.3018644094488188
 21
1.0984502755905512
 31
0
  0
LINE
  5
B58
330
1A
100
AcDbEntity
  8
BLACK
  6
CONTINUOUS
100
AcDbLine
 10
1.3018644094488188
 20
1.0984502755905512
 30
0
 11
1.3037391338582678
 21
1.0993875984251968
 31
0
  0
LINE
  5
B59
330
1A
100
AcDbEntity
  8
BLACK
  6
CONTINUOUS
100
AcDbLine
 10
1.3037391338582678
 20
1.0993875984251968
 30
0
 11
1.3038342125984252
 21
1.0994136614173229
 31
0
  0
LINE
  5
B5A
330
1A
100
AcDbEntity
  8
BLACK
  6
CONTINUOUS
100
AcDbLine
 10
1.3038342125984252
 20
1.0994136614173229
 30
0
 11
1.3038661811023622
 21
1.0994455905511811
 31
0
  0
LINE
  5
B5B
330
1A
100
AcDbEntity
  8
BLACK
  6
CONTINUOUS
100
AcDbLine
 10
1.3038661811023622
 20
1.0994455905511811
 30
0
 11
1.3041756692913387
 21
1.0995071653543307
 31
0
  0
LINE
  5
B5C
330
1A
100
AcDbEntity
  8
BLACK
  6
CONTINUOUS
100
AcDbLine
 10
1.3041756692913387
 20
1.0995071653543307
 30
0
 11
1.3044799212598426
 21
1.0995904724409449
 31
0
  0
LINE
  5
B5D
330
1A
100
AcDbEntity
  8
BLACK
  6
CONTINUOUS
100
AcDbLine
 10
1.3044799212598426
 20
1.0995904724409449
 30
0
 11
1.3045227559055117
 21
1.0995762204724409
 31
0
  0
LINE
  5
B5E
330
1A
100
AcDbEntity
  8
BLACK
  6
CONTINUOUS
100
AcDbLine
 10
1.3045227559055117
 20
1.0995762204724409
 30
0
 11
1.3046194881889763
 21
1.0995954330708662
 31
0
  0
LINE
  5
B5F
330
1A
100
AcDbEntity
  8
BLACK
  6
CONTINUOUS
100
AcDbLine
 10
1.3046194881889763
 20
1.0995954330708662
 30
0
 11
1.3057086614173228
 21
1.0995954330708662
 31
0
  0
LINE
  5
B60
330
1A
100
AcDbEntity
  8
BLACK
  6
CONTINUOUS
100
AcDbLine
 10
1.3057086614173228
 20
1.0995954330708662
 30
0
 11
1.3057086614173228
 21
1.1757874015748031
 31
0
  0
LINE
  5
B61
330
1A
100
AcDbEntity
  8
BLACK
  6
CONTINUOUS
100
AcDbLine
 10
1.3057086614173228
 20
1.1757874015748031
 30
0
 11
1.1265748031496063
 21
1.1757874015748031
 31
0
  0
LINE
  5
B62
330
1A
100
AcDbEntity
  8
BLACK
  6
CONTINUOUS
100
AcDbLine
 10
1.2582801574803149
 20
1.0952223228346456
 30
0
 11
1.2582083858267716
 21
1.0950787401574802
 31
0
  0
LINE
  5
B63
330
1A
100
AcDbEntity
  8
BLACK
  6
CONTINUOUS
100
AcDbLine
 10
1.2582083858267716
 20
1.0950787401574802
 30
0
 11
1.2621946062992127
 21
1.0950787401574802
 31
0
  0
LINE
  5
B64
330
1A
100
AcDbEntity
  8
BLACK
  6
CONTINUOUS
100
AcDbLine
 10
1.2621946062992127
 20
1.0950787401574802
 30
0
 11
1.2610351574803149
 21
1.0956584251968504
 31
0
  0
LINE
  5
B65
330
1A
100
AcDbEntity
  8
BLACK
  6
CONTINUOUS
100
AcDbLine
 10
1.2610351574803149
 20
1.0956584251968504
 30
0
 11
1.2591524409448818
 21
1.0956584251968504
 31
0
  0
LINE
  5
B66
330
1A
100
AcDbEntity
  8
BLACK
  6
CONTINUOUS
100
AcDbLine
 10
1.2591524409448818
 20
1.0956584251968504
 30
0
 11
1.2582801574803149
 21
1.0952223228346456
 31
0
  0
LINE
  5
B67
330
1A
100
AcDbEntity
  8
BLACK
  6
CONTINUOUS
100
AcDbLine
 10
1.2851771259842519
 20
1.0950787401574802
 30
0
 11
1.2901006692913386
 21
1.0950787401574802
 31
0
  0
LINE
  5
B68
330
1A
100
AcDbEntity
  8
BLACK
  6
CONTINUOUS
100
AcDbLine
 10
1.2901006692913386
 20
1.0950787401574802
 30
0
 11
1.2900288582677164
 21
1.0952223228346456
 31
0
  0
LINE
  5
B69
330
1A
100
AcDbEntity
  8
BLACK
  6
CONTINUOUS
100
AcDbLine
 10
1.2900288582677164
 20
1.0952223228346456
 30
0
 11
1.2891566141732282
 21
1.0956584251968504
 31
0
  0
LINE
  5
B6A
330
1A
100
AcDbEntity
  8
BLACK
  6
CONTINUOUS
100
AcDbLine
 10
1.2891566141732282
 20
1.0956584251968504
 30
0
 11
1.2863365354330709
 21
1.0956584251968504
 31
0
  0
LINE
  5
B6B
330
1A
100
AcDbEntity
  8
BLACK
  6
CONTINUOUS
100
AcDbLine
 10
1.2863365354330709
 20
1.0956584251968504
 30
0
 11
1.2851771259842519
 21
1.0950787401574802
 31
0
  0
LINE
  5
B6C
330
1A
100
AcDbEntity
  8
BLACK
  6
CONTINUOUS
100
AcDbLine
 10
1.3039247637795275
 20
1.0950787401574802
 30
0
 11
1.3057086614173228
 21
1.0950787401574802
 31
0
  0
LINE
  5
B6D
330
1A
100
AcDbEntity
  8
BLACK
  6
CONTINUOUS
100
AcDbLine
 10
1.3057086614173228
 20
1.0950787401574802
 30
0
 11
1.3057086614173228
 21
1.0956584251968504
 31
0
  0
LINE
  5
B6E
330
1A
100
AcDbEntity
  8
BLACK
  6
CONTINUOUS
100
AcDbLine
 10
1.3057086614173228
 20
1.0956584251968504
 30
0
 11
1.3050842125984252
 21
1.0956584251968504
 31
0
  0
LINE
  5
B6F
330
1A
100
AcDbEntity
  8
BLACK
  6
CONTINUOUS
100
AcDbLine
 10
1.3050842125984252
 20
1.0956584251968504
 30
0
 11
1.3039247637795275
 21
1.0950787401574802
 31
0
  0
LINE
  5
B70
330
1A
100
AcDbEntity
  8
BLACK
  6
CONTINUOUS
100
AcDbLine
 10
1.6019514566929134
 20
0.9947577559055117
 30
0
 11
1.6024841338582676
 21
0.9942250787401574
 31
0
  0
LINE
  5
B71
330
1A
100
AcDbEntity
  8
BLACK
  6
CONTINUOUS
100
AcDbLine
 10
1.6024841338582676
 20
0.9942250787401574
 30
0
 11
1.6025590551181101
 21
0.9938484251968503
 31
0
  0
LINE
  5
B72
330
1A
100
AcDbEntity
  8
BLACK
  6
CONTINUOUS
100
AcDbLine
 10
1.6025590551181101
 20
0.9938484251968503
 30
0
 11
1.6025590551181101
 21
0.8599901574803149
 31
0
  0
LINE
  5
B73
330
1A
100
AcDbEntity
  8
BLACK
  6
CONTINUOUS
100
AcDbLine
 10
1.6025590551181101
 20
0.8599901574803149
 30
0
 11
1.6024841338582676
 21
0.8596135039370079
 31
0
  0
LINE
  5
B74
330
1A
100
AcDbEntity
  8
BLACK
  6
CONTINUOUS
100
AcDbLine
 10
1.6024841338582676
 20
0.8596135039370079
 30
0
 11
1.6019514566929134
 21
0.8590808267716535
 31
0
  0
LINE
  5
B75
330
1A
100
AcDbEntity
  8
BLACK
  6
CONTINUOUS
100
AcDbLine
 10
1.6019514566929134
 20
0.8590808267716535
 30
0
 11
1.6015748031496062
 21
0.859005905511811
 31
0
  0
LINE
  5
B76
330
1A
100
AcDbEntity
  8
BLACK
  6
CONTINUOUS
100
AcDbLine
 10
1.6015748031496062
 20
0.859005905511811
 30
0
 11
1.5244094488188975
 21
0.859005905511811
 31
0
  0
LINE
  5
B77
330
1A
100
AcDbEntity
  8
BLACK
  6
CONTINUOUS
100
AcDbLine
 10
1.5244094488188975
 20
0.859005905511811
 30
0
 11
1.5240327952755905
 21
0.8590808267716535
 31
0
  0
LINE
  5
B78
330
1A
100
AcDbEntity
  8
BLACK
  6
CONTINUOUS
100
AcDbLine
 10
1.5240327952755905
 20
0.8590808267716535
 30
0
 11
1.5235001181102361
 21
0.8596135039370079
 31
0
  0
LINE
  5
B79
330
1A
100
AcDbEntity
  8
BLACK
  6
CONTINUOUS
100
AcDbLine
 10
1.5235001181102361
 20
0.8596135039370079
 30
0
 11
1.5234251968503936
 21
0.8599901574803149
 31
0
  0
LINE
  5
B7A
330
1A
100
AcDbEntity
  8
BLACK
  6
CONTINUOUS
100
AcDbLine
 10
1.5234251968503936
 20
0.8599901574803149
 30
0
 11
1.5234251968503936
 21
0.9938484251968503
 31
0
  0
LINE
  5
B7B
330
1A
100
AcDbEntity
  8
BLACK
  6
CONTINUOUS
100
AcDbLine
 10
1.5234251968503936
 20
0.9938484251968503
 30
0
 11
1.5235001181102361
 21
0.9942250787401574
 31
0
  0
LINE
  5
B7C
330
1A
100
AcDbEntity
  8
BLACK
  6
CONTINUOUS
100
AcDbLine
 10
1.5235001181102361
 20
0.9942250787401574
 30
0
 11
1.5240327952755905
 21
0.9947577559055117
 31
0
  0
LINE
  5
B7D
330
1A
100
AcDbEntity
  8
BLACK
  6
CONTINUOUS
100
AcDbLine
 10
1.5240327952755905
 20
0.9947577559055117
 30
0
 11
1.5244094488188975
 21
0.9948326771653543
 31
0
  0
LINE
  5
B7E
330
1A
100
AcDbEntity
  8
BLACK
  6
CONTINUOUS
100
AcDbLine
 10
1.5244094488188975
 20
0.9948326771653543
 30
0
 11
1.6015748031496062
 21
0.9948326771653543
 31
0
  0
LINE
  5
B7F
330
1A
100
AcDbEntity
  8
BLACK
  6
CONTINUOUS
100
AcDbLine
 10
1.6015748031496062
 20
0.9948326771653543
 30
0
 11
1.6019514566929134
 21
0.9947577559055117
 31
0
  0
LINE
  5
B80
330
1A
100
AcDbEntity
  8
BLACK
  6
CONTINUOUS
100
AcDbLine
 10
1.5253937007874014
 20
0.9928641732283464
 30
0
 11
1.5253937007874014
 21
0.8609744094488189
 31
0
  0
LINE
  5
B81
330
1A
100
AcDbEntity
  8
BLACK
  6
CONTINUOUS
100
AcDbLine
 10
1.5253937007874014
 20
0.8609744094488189
 30
0
 11
1.6005905511811023
 21
0.8609744094488189
 31
0
  0
LINE
  5
B82
330
1A
100
AcDbEntity
  8
BLACK
  6
CONTINUOUS
100
AcDbLine
 10
1.6005905511811023
 20
0.8609744094488189
 30
0
 11
1.6005905511811023
 21
0.9928641732283464
 31
0
  0
LINE
  5
B83
330
1A
100
AcDbEntity
  8
BLACK
  6
CONTINUOUS
100
AcDbLine
 10
1.6005905511811023
 20
0.9928641732283464
 30
0
 11
1.5253937007874014
 21
0.9928641732283464
 31
0
  0
LINE
  5
B84
330
1A
100
AcDbEntity
  8
BLACK
  6
CONTINUOUS
100
AcDbLine
 10
1.2058335039370078
 20
1.0104537401574802
 30
0
 11
1.2059833464566929
 21
1.0097004330708661
 31
0
  0
LINE
  5
B85
330
1A
100
AcDbEntity
  8
BLACK
  6
CONTINUOUS
100
AcDbLine
 10
1.2059833464566929
 20
1.0097004330708661
 30
0
 11
1.2059833464566929
 21
1.0072834645669291
 31
0
  0
LINE
  5
B86
330
1A
100
AcDbEntity
  8
BLACK
  6
CONTINUOUS
100
AcDbLine
 10
1.2059833464566929
 20
1.0072834645669291
 30
0
 11
1.2799212598425196
 21
1.0072834645669291
 31
0
  0
LINE
  5
B87
330
1A
100
AcDbEntity
  8
BLACK
  6
CONTINUOUS
100
AcDbLine
 10
1.2799212598425196
 20
1.0072834645669291
 30
0
 11
1.2802979133858268
 21
1.0072085433070865
 31
0
  0
LINE
  5
B88
330
1A
100
AcDbEntity
  8
BLACK
  6
CONTINUOUS
100
AcDbLine
 10
1.2802979133858268
 20
1.0072085433070865
 30
0
 11
1.280830590551181
 21
1.0066758661417323
 31
0
  0
LINE
  5
B89
330
1A
100
AcDbEntity
  8
BLACK
  6
CONTINUOUS
100
AcDbLine
 10
1.280830590551181
 20
1.0066758661417323
 30
0
 11
1.2809055118110235
 21
1.0062992125984251
 31
0
  0
LINE
  5
B8A
330
1A
100
AcDbEntity
  8
BLACK
  6
CONTINUOUS
100
AcDbLine
 10
1.2809055118110235
 20
1.0062992125984251
 30
0
 11
1.2809055118110235
 21
0.8724409448818897
 31
0
  0
LINE
  5
B8B
330
1A
100
AcDbEntity
  8
BLACK
  6
CONTINUOUS
100
AcDbLine
 10
1.2809055118110235
 20
0.8724409448818897
 30
0
 11
1.280830590551181
 21
0.8720642913385827
 31
0
  0
LINE
  5
B8C
330
1A
100
AcDbEntity
  8
BLACK
  6
CONTINUOUS
100
AcDbLine
 10
1.280830590551181
 20
0.8720642913385827
 30
0
 11
1.2802979133858268
 21
0.8715316141732283
 31
0
  0
LINE
  5
B8D
330
1A
100
AcDbEntity
  8
BLACK
  6
CONTINUOUS
100
AcDbLine
 10
1.2802979133858268
 20
0.8715316141732283
 30
0
 11
1.2799212598425196
 21
0.8714566929133858
 31
0
  0
LINE
  5
B8E
330
1A
100
AcDbEntity
  8
BLACK
  6
CONTINUOUS
100
AcDbLine
 10
1.2799212598425196
 20
0.8714566929133858
 30
0
 11
1.2027559055118109
 21
0.8714566929133858
 31
0
  0
LINE
  5
B8F
330
1A
100
AcDbEntity
  8
BLACK
  6
CONTINUOUS
100
AcDbLine
 10
1.2027559055118109
 20
0.8714566929133858
 30
0
 11
1.2023792519685039
 21
0.8715316141732283
 31
0
  0
LINE
  5
B90
330
1A
100
AcDbEntity
  8
BLACK
  6
CONTINUOUS
100
AcDbLine
 10
1.2023792519685039
 20
0.8715316141732283
 30
0
 11
1.2018465748031495
 21
0.8720642913385827
 31
0
  0
LINE
  5
B91
330
1A
100
AcDbEntity
  8
BLACK
  6
CONTINUOUS
100
AcDbLine
 10
1.2018465748031495
 20
0.8720642913385827
 30
0
 11
1.201771653543307
 21
0.8724409448818897
 31
0
  0
LINE
  5
B92
330
1A
100
AcDbEntity
  8
BLACK
  6
CONTINUOUS
100
AcDbLine
 10
1.201771653543307
 20
0.8724409448818897
 30
0
 11
1.201771653543307
 21
1.0062992125984251
 31
0
  0
LINE
  5
B93
330
1A
100
AcDbEntity
  8
BLACK
  6
CONTINUOUS
100
AcDbLine
 10
1.201771653543307
 20
1.0062992125984251
 30
0
 11
1.2018465748031495
 21
1.0066758661417323
 31
0
  0
LINE
  5
B94
330
1A
100
AcDbEntity
  8
BLACK
  6
CONTINUOUS
100
AcDbLine
 10
1.2018465748031495
 20
1.0066758661417323
 30
0
 11
1.2020463385826772
 21
1.0068756299212598
 31
0
  0
LINE
  5
B95
330
1A
100
AcDbEntity
  8
BLACK
  6
CONTINUOUS
100
AcDbLine
 10
1.2020463385826772
 20
1.0068756299212598
 30
0
 11
1.2020463385826772
 21
1.0097004330708661
 31
0
  0
LINE
  5
B96
330
1A
100
AcDbEntity
  8
BLACK
  6
CONTINUOUS
100
AcDbLine
 10
1.2020463385826772
 20
1.0097004330708661
 30
0
 11
1.2021961811023623
 21
1.0104537401574802
 31
0
  0
LINE
  5
B97
330
1A
100
AcDbEntity
  8
BLACK
  6
CONTINUOUS
100
AcDbLine
 10
1.2021961811023623
 20
1.0104537401574802
 30
0
 11
1.2032615354330709
 21
1.0115190944881889
 31
0
  0
LINE
  5
B98
330
1A
100
AcDbEntity
  8
BLACK
  6
CONTINUOUS
100
AcDbLine
 10
1.2032615354330709
 20
1.0115190944881889
 30
0
 11
1.2047681496062992
 21
1.0115190944881889
 31
0
  0
LINE
  5
B99
330
1A
100
AcDbEntity
  8
BLACK
  6
CONTINUOUS
100
AcDbLine
 10
1.2047681496062992
 20
1.0115190944881889
 30
0
 11
1.2058335039370078
 21
1.0104537401574802
 31
0
  0
LINE
  5
B9A
330
1A
100
AcDbEntity
  8
BLACK
  6
CONTINUOUS
100
AcDbLine
 10
1.2059833464566929
 20
1.0053149606299212
 30
0
 11
1.2059833464566929
 21
1.0003920866141731
 31
0
  0
LINE
  5
B9B
330
1A
100
AcDbEntity
  8
BLACK
  6
CONTINUOUS
100
AcDbLine
 10
1.2059833464566929
 20
1.0003920866141731
 30
0
 11
1.2101219685039371
 21
1.0045307086614172
 31
0
  0
LINE
  5
B9C
330
1A
100
AcDbEntity
  8
BLACK
  6
CONTINUOUS
100
AcDbLine
 10
1.2101219685039371
 20
1.0045307086614172
 30
0
 11
1.2107605905511811
 21
1.0049574015748031
 31
0
  0
LINE
  5
B9D
330
1A
100
AcDbEntity
  8
BLACK
  6
CONTINUOUS
100
AcDbLine
 10
1.2107605905511811
 20
1.0049574015748031
 30
0
 11
1.2122672047244094
 21
1.0049574015748031
 31
0
  0
LINE
  5
B9E
330
1A
100
AcDbEntity
  8
BLACK
  6
CONTINUOUS
100
AcDbLine
 10
1.2122672047244094
 20
1.0049574015748031
 30
0
 11
1.2133325590551181
 21
1.0038920472440944
 31
0
  0
LINE
  5
B9F
330
1A
100
AcDbEntity
  8
BLACK
  6
CONTINUOUS
100
AcDbLine
 10
1.2133325590551181
 20
1.0038920472440944
 30
0
 11
1.2133325590551181
 21
1.0023854330708661
 31
0
  0
LINE
  5
BA0
330
1A
100
AcDbEntity
  8
BLACK
  6
CONTINUOUS
100
AcDbLine
 10
1.2133325590551181
 20
1.0023854330708661
 30
0
 11
1.2129058661417322
 21
1.0017468110236221
 31
0
  0
LINE
  5
BA1
330
1A
100
AcDbEntity
  8
BLACK
  6
CONTINUOUS
100
AcDbLine
 10
1.2129058661417322
 20
1.0017468110236221
 30
0
 11
1.2084887401574802
 21
0.9973297637795275
 31
0
  0
LINE
  5
BA2
330
1A
100
AcDbEntity
  8
BLACK
  6
CONTINUOUS
100
AcDbLine
 10
1.2084887401574802
 20
0.9973297637795275
 30
0
 11
1.2130887007874016
 21
0.9911964960629921
 31
0
  0
LINE
  5
BA3
330
1A
100
AcDbEntity
  8
BLACK
  6
CONTINUOUS
100
AcDbLine
 10
1.2130887007874016
 20
0.9911964960629921
 30
0
 11
1.2134208267716535
 21
0.990503937007874
 31
0
  0
LINE
  5
BA4
330
1A
100
AcDbEntity
  8
BLACK
  6
CONTINUOUS
100
AcDbLine
 10
1.2134208267716535
 20
0.990503937007874
 30
0
 11
1.2132077559055119
 21
0.9890124409448818
 31
0
  0
LINE
  5
BA5
330
1A
100
AcDbEntity
  8
BLACK
  6
CONTINUOUS
100
AcDbLine
 10
1.2132077559055119
 20
0.9890124409448818
 30
0
 11
1.212002440944882
 21
0.9881084645669291
 31
0
  0
LINE
  5
BA6
330
1A
100
AcDbEntity
  8
BLACK
  6
CONTINUOUS
100
AcDbLine
 10
1.212002440944882
 20
0.9881084645669291
 30
0
 11
1.2105109448818898
 21
0.9883215354330709
 31
0
  0
LINE
  5
BA7
330
1A
100
AcDbEntity
  8
BLACK
  6
CONTINUOUS
100
AcDbLine
 10
1.2105109448818898
 20
0.9883215354330709
 30
0
 11
1.2099390944881889
 21
0.9888342913385827
 31
0
  0
LINE
  5
BA8
330
1A
100
AcDbEntity
  8
BLACK
  6
CONTINUOUS
100
AcDbLine
 10
1.2099390944881889
 20
0.9888342913385827
 30
0
 11
1.2059833464566929
 21
0.994108622047244
 31
0
  0
LINE
  5
BA9
330
1A
100
AcDbEntity
  8
BLACK
  6
CONTINUOUS
100
AcDbLine
 10
1.2059833464566929
 20
0.994108622047244
 30
0
 11
1.2059833464566929
 21
0.9900153937007874
 31
0
  0
LINE
  5
BAA
330
1A
100
AcDbEntity
  8
BLACK
  6
CONTINUOUS
100
AcDbLine
 10
1.2059833464566929
 20
0.9900153937007874
 30
0
 11
1.2058335039370078
 21
0.9892620866141733
 31
0
  0
LINE
  5
BAB
330
1A
100
AcDbEntity
  8
BLACK
  6
CONTINUOUS
100
AcDbLine
 10
1.2058335039370078
 20
0.9892620866141733
 30
0
 11
1.2047681496062992
 21
0.9881967322834645
 31
0
  0
LINE
  5
BAC
330
1A
100
AcDbEntity
  8
BLACK
  6
CONTINUOUS
100
AcDbLine
 10
1.2047681496062992
 20
0.9881967322834645
 30
0
 11
1.203740157480315
 21
0.9881967322834645
 31
0
  0
LINE
  5
BAD
330
1A
100
AcDbEntity
  8
BLACK
  6
CONTINUOUS
100
AcDbLine
 10
1.203740157480315
 20
0.9881967322834645
 30
0
 11
1.203740157480315
 21
0.8734251968503937
 31
0
  0
LINE
  5
BAE
330
1A
100
AcDbEntity
  8
BLACK
  6
CONTINUOUS
100
AcDbLine
 10
1.203740157480315
 20
0.8734251968503937
 30
0
 11
1.2789370078740157
 21
0.8734251968503937
 31
0
  0
LINE
  5
BAF
330
1A
100
AcDbEntity
  8
BLACK
  6
CONTINUOUS
100
AcDbLine
 10
1.2789370078740157
 20
0.8734251968503937
 30
0
 11
1.2789370078740157
 21
1.0053149606299212
 31
0
  0
LINE
  5
BB0
330
1A
100
AcDbEntity
  8
BLACK
  6
CONTINUOUS
100
AcDbLine
 10
1.2789370078740157
 20
1.0053149606299212
 30
0
 11
1.2059833464566929
 21
1.0053149606299212
 31
0
  0
LINE
  5
BB1
330
1A
100
AcDbEntity
  8
BLACK
  6
CONTINUOUS
100
AcDbLine
 10
1.4944711417322833
 20
0.9516967322834645
 30
0
 11
1.4950038188976378
 21
0.9511640551181102
 31
0
  0
LINE
  5
BB2
330
1A
100
AcDbEntity
  8
BLACK
  6
CONTINUOUS
100
AcDbLine
 10
1.4950038188976378
 20
0.9511640551181102
 30
0
 11
1.4950787401574803
 21
0.9507874015748031
 31
0
  0
LINE
  5
BB3
330
1A
100
AcDbEntity
  8
BLACK
  6
CONTINUOUS
100
AcDbLine
 10
1.4950787401574803
 20
0.9507874015748031
 30
0
 11
1.4950787401574803
 21
0.8759842519685039
 31
0
  0
LINE
  5
BB4
330
1A
100
AcDbEntity
  8
BLACK
  6
CONTINUOUS
100
AcDbLine
 10
1.4950787401574803
 20
0.8759842519685039
 30
0
 11
1.4950038188976378
 21
0.8756075984251969
 31
0
  0
LINE
  5
BB5
330
1A
100
AcDbEntity
  8
BLACK
  6
CONTINUOUS
100
AcDbLine
 10
1.4950038188976378
 20
0.8756075984251969
 30
0
 11
1.4944711417322833
 21
0.8750749212598425
 31
0
  0
LINE
  5
BB6
330
1A
100
AcDbEntity
  8
BLACK
  6
CONTINUOUS
100
AcDbLine
 10
1.4944711417322833
 20
0.8750749212598425
 30
0
 11
1.4940944881889764
 21
0.875
 31
0
  0
LINE
  5
BB7
330
1A
100
AcDbEntity
  8
BLACK
  6
CONTINUOUS
100
AcDbLine
 10
1.4940944881889764
 20
0.875
 30
0
 11
1.3618110236220473
 21
0.875
 31
0
  0
LINE
  5
BB8
330
1A
100
AcDbEntity
  8
BLACK
  6
CONTINUOUS
100
AcDbLine
 10
1.3618110236220473
 20
0.875
 30
0
 11
1.3614343700787401
 21
0.8750749212598425
 31
0
  0
LINE
  5
BB9
330
1A
100
AcDbEntity
  8
BLACK
  6
CONTINUOUS
100
AcDbLine
 10
1.3614343700787401
 20
0.8750749212598425
 30
0
 11
1.3609016929133857
 21
0.8756075984251969
 31
0
  0
LINE
  5
BBA
330
1A
100
AcDbEntity
  8
BLACK
  6
CONTINUOUS
100
AcDbLine
 10
1.3609016929133857
 20
0.8756075984251969
 30
0
 11
1.3608267716535434
 21
0.8759842519685039
 31
0
  0
LINE
  5
BBB
330
1A
100
AcDbEntity
  8
BLACK
  6
CONTINUOUS
100
AcDbLine
 10
1.3608267716535434
 20
0.8759842519685039
 30
0
 11
1.3608267716535434
 21
0.9507874015748031
 31
0
  0
LINE
  5
BBC
330
1A
100
AcDbEntity
  8
BLACK
  6
CONTINUOUS
100
AcDbLine
 10
1.3608267716535434
 20
0.9507874015748031
 30
0
 11
1.3609016929133857
 21
0.9511640551181102
 31
0
  0
LINE
  5
BBD
330
1A
100
AcDbEntity
  8
BLACK
  6
CONTINUOUS
100
AcDbLine
 10
1.3609016929133857
 20
0.9511640551181102
 30
0
 11
1.3614343700787401
 21
0.9516967322834645
 31
0
  0
LINE
  5
BBE
330
1A
100
AcDbEntity
  8
BLACK
  6
CONTINUOUS
100
AcDbLine
 10
1.3614343700787401
 20
0.9516967322834645
 30
0
 11
1.3618110236220473
 21
0.9517716535433071
 31
0
  0
LINE
  5
BBF
330
1A
100
AcDbEntity
  8
BLACK
  6
CONTINUOUS
100
AcDbLine
 10
1.3618110236220473
 20
0.9517716535433071
 30
0
 11
1.4940944881889764
 21
0.9517716535433071
 31
0
  0
LINE
  5
BC0
330
1A
100
AcDbEntity
  8
BLACK
  6
CONTINUOUS
100
AcDbLine
 10
1.4940944881889764
 20
0.9517716535433071
 30
0
 11
1.4944711417322833
 21
0.9516967322834645
 31
0
  0
LINE
  5
BC1
330
1A
100
AcDbEntity
  8
BLACK
  6
CONTINUOUS
100
AcDbLine
 10
1.3627952755905512
 20
0.9498031496062992
 30
0
 11
1.3627952755905512
 21
0.8769685039370079
 31
0
  0
LINE
  5
BC2
330
1A
100
AcDbEntity
  8
BLACK
  6
CONTINUOUS
100
AcDbLine
 10
1.3627952755905512
 20
0.8769685039370079
 30
0
 11
1.4931102362204725
 21
0.8769685039370079
 31
0
  0
LINE
  5
BC3
330
1A
100
AcDbEntity
  8
BLACK
  6
CONTINUOUS
100
AcDbLine
 10
1.4931102362204725
 20
0.8769685039370079
 30
0
 11
1.4931102362204725
 21
0.9498031496062992
 31
0
  0
LINE
  5
BC4
330
1A
100
AcDbEntity
  8
BLACK
  6
CONTINUOUS
100
AcDbLine
 10
1.4931102362204725
 20
0.9498031496062992
 30
0
 11
1.3627952755905512
 21
0.9498031496062992
 31
0
  0
LINE
  5
BC5
330
1A
100
AcDbEntity
  8
BLACK
  6
CONTINUOUS
100
AcDbLine
 10
2.1972481102362202
 20
0.9579726377952755
 30
0
 11
2.1977807874015749
 21
0.9574399606299212
 31
0
  0
LINE
  5
BC6
330
1A
100
AcDbEntity
  8
BLACK
  6
CONTINUOUS
100
AcDbLine
 10
2.1977807874015749
 20
0.9574399606299212
 30
0
 11
2.1978557086614172
 21
0.9570633070866141
 31
0
  0
LINE
  5
BC7
330
1A
100
AcDbEntity
  8
BLACK
  6
CONTINUOUS
100
AcDbLine
 10
2.1978557086614172
 20
0.9570633070866141
 30
0
 11
2.1978557086614172
 21
0.8798979527559055
 31
0
  0
LINE
  5
BC8
330
1A
100
AcDbEntity
  8
BLACK
  6
CONTINUOUS
100
AcDbLine
 10
2.1978557086614172
 20
0.8798979527559055
 30
0
 11
2.1977807874015749
 21
0.8795212992125984
 31
0
  0
LINE
  5
BC9
330
1A
100
AcDbEntity
  8
BLACK
  6
CONTINUOUS
100
AcDbLine
 10
2.1977807874015749
 20
0.8795212992125984
 30
0
 11
2.1972481102362202
 21
0.878988622047244
 31
0
  0
LINE
  5
BCA
330
1A
100
AcDbEntity
  8
BLACK
  6
CONTINUOUS
100
AcDbLine
 10
2.1972481102362202
 20
0.878988622047244
 30
0
 11
2.1968714566929135
 21
0.8789137007874016
 31
0
  0
LINE
  5
BCB
330
1A
100
AcDbEntity
  8
BLACK
  6
CONTINUOUS
100
AcDbLine
 10
2.1968714566929135
 20
0.8789137007874016
 30
0
 11
2.0630131889763779
 21
0.8789137007874016
 31
0
  0
LINE
  5
BCC
330
1A
100
AcDbEntity
  8
BLACK
  6
CONTINUOUS
100
AcDbLine
 10
2.0630131889763779
 20
0.8789137007874016
 30
0
 11
2.0626365354330707
 21
0.878988622047244
 31
0
  0
LINE
  5
BCD
330
1A
100
AcDbEntity
  8
BLACK
  6
CONTINUOUS
100
AcDbLine
 10
2.0626365354330707
 20
0.878988622047244
 30
0
 11
2.0621038582677165
 21
0.8795212992125984
 31
0
  0
LINE
  5
BCE
330
1A
100
AcDbEntity
  8
BLACK
  6
CONTINUOUS
100
AcDbLine
 10
2.0621038582677165
 20
0.8795212992125984
 30
0
 11
2.0620289370078742
 21
0.8798979527559055
 31
0
  0
LINE
  5
BCF
330
1A
100
AcDbEntity
  8
BLACK
  6
CONTINUOUS
100
AcDbLine
 10
2.0620289370078742
 20
0.8798979527559055
 30
0
 11
2.0620289370078742
 21
0.9570633070866141
 31
0
  0
LINE
  5
BD0
330
1A
100
AcDbEntity
  8
BLACK
  6
CONTINUOUS
100
AcDbLine
 10
2.0620289370078742
 20
0.9570633070866141
 30
0
 11
2.0621038582677165
 21
0.9574399606299212
 31
0
  0
LINE
  5
BD1
330
1A
100
AcDbEntity
  8
BLACK
  6
CONTINUOUS
100
AcDbLine
 10
2.0621038582677165
 20
0.9574399606299212
 30
0
 11
2.0626365354330707
 21
0.9579726377952755
 31
0
  0
LINE
  5
BD2
330
1A
100
AcDbEntity
  8
BLACK
  6
CONTINUOUS
100
AcDbLine
 10
2.0626365354330707
 20
0.9579726377952755
 30
0
 11
2.0630131889763779
 21
0.9580475590551181
 31
0
  0
LINE
  5
BD3
330
1A
100
AcDbEntity
  8
BLACK
  6
CONTINUOUS
100
AcDbLine
 10
2.0630131889763779
 20
0.9580475590551181
 30
0
 11
2.1968714566929135
 21
0.9580475590551181
 31
0
  0
LINE
  5
BD4
330
1A
100
AcDbEntity
  8
BLACK
  6
CONTINUOUS
100
AcDbLine
 10
2.1968714566929135
 20
0.9580475590551181
 30
0
 11
2.1972481102362202
 21
0.9579726377952755
 31
0
  0
LINE
  5
BD5
330
1A
100
AcDbEntity
  8
BLACK
  6
CONTINUOUS
100
AcDbLine
 10
2.063997440944882
 20
0.9560790551181102
 30
0
 11
2.063997440944882
 21
0.8808822047244095
 31
0
  0
LINE
  5
BD6
330
1A
100
AcDbEntity
  8
BLACK
  6
CONTINUOUS
100
AcDbLine
 10
2.063997440944882
 20
0.8808822047244095
 30
0
 11
2.1958872047244093
 21
0.8808822047244095
 31
0
  0
LINE
  5
BD7
330
1A
100
AcDbEntity
  8
BLACK
  6
CONTINUOUS
100
AcDbLine
 10
2.1958872047244093
 20
0.8808822047244095
 30
0
 11
2.1958872047244093
 21
0.9560790551181102
 31
0
  0
LINE
  5
BD8
330
1A
100
AcDbEntity
  8
BLACK
  6
CONTINUOUS
100
AcDbLine
 10
2.1958872047244093
 20
0.9560790551181102
 30
0
 11
2.063997440944882
 21
0.9560790551181102
 31
0
  0
LINE
  5
BD9
330
1A
100
AcDbEntity
  8
BLACK
  6
CONTINUOUS
100
AcDbLine
 10
2.0594528346456693
 20
0.9595474409448819
 30
0
 11
2.0599855118110235
 21
0.9590147637795275
 31
0
  0
LINE
  5
BDA
330
1A
100
AcDbEntity
  8
BLACK
  6
CONTINUOUS
100
AcDbLine
 10
2.0599855118110235
 20
0.9590147637795275
 30
0
 11
2.0600604330708663
 21
0.9586381102362205
 31
0
  0
LINE
  5
BDB
330
1A
100
AcDbEntity
  8
BLACK
  6
CONTINUOUS
100
AcDbLine
 10
2.0600604330708663
 20
0.9586381102362205
 30
0
 11
2.0600604330708663
 21
0.8814727559055118
 31
0
  0
LINE
  5
BDC
330
1A
100
AcDbEntity
  8
BLACK
  6
CONTINUOUS
100
AcDbLine
 10
2.0600604330708663
 20
0.8814727559055118
 30
0
 11
2.0599855118110235
 21
0.8810961023622047
 31
0
  0
LINE
  5
BDD
330
1A
100
AcDbEntity
  8
BLACK
  6
CONTINUOUS
100
AcDbLine
 10
2.0599855118110235
 20
0.8810961023622047
 30
0
 11
2.0594528346456693
 21
0.8805634251968504
 31
0
  0
LINE
  5
BDE
330
1A
100
AcDbEntity
  8
BLACK
  6
CONTINUOUS
100
AcDbLine
 10
2.0594528346456693
 20
0.8805634251968504
 30
0
 11
2.0590761811023621
 21
0.8804885039370078
 31
0
  0
LINE
  5
BDF
330
1A
100
AcDbEntity
  8
BLACK
  6
CONTINUOUS
100
AcDbLine
 10
2.0590761811023621
 20
0.8804885039370078
 30
0
 11
1.9252179133858267
 21
0.8804885039370078
 31
0
  0
LINE
  5
BE0
330
1A
100
AcDbEntity
  8
BLACK
  6
CONTINUOUS
100
AcDbLine
 10
1.9252179133858267
 20
0.8804885039370078
 30
0
 11
1.9248412598425197
 21
0.8805634251968504
 31
0
  0
LINE
  5
BE1
330
1A
100
AcDbEntity
  8
BLACK
  6
CONTINUOUS
100
AcDbLine
 10
1.9248412598425197
 20
0.8805634251968504
 30
0
 11
1.9243085826771653
 21
0.8810961023622047
 31
0
  0
LINE
  5
BE2
330
1A
100
AcDbEntity
  8
BLACK
  6
CONTINUOUS
100
AcDbLine
 10
1.9243085826771653
 20
0.8810961023622047
 30
0
 11
1.9242336614173228
 21
0.8814727559055118
 31
0
  0
LINE
  5
BE3
330
1A
100
AcDbEntity
  8
BLACK
  6
CONTINUOUS
100
AcDbLine
 10
1.9242336614173228
 20
0.8814727559055118
 30
0
 11
1.9242336614173228
 21
0.9586381102362205
 31
0
  0
LINE
  5
BE4
330
1A
100
AcDbEntity
  8
BLACK
  6
CONTINUOUS
100
AcDbLine
 10
1.9242336614173228
 20
0.9586381102362205
 30
0
 11
1.9243085826771653
 21
0.9590147637795275
 31
0
  0
LINE
  5
BE5
330
1A
100
AcDbEntity
  8
BLACK
  6
CONTINUOUS
100
AcDbLine
 10
1.9243085826771653
 20
0.9590147637795275
 30
0
 11
1.9248412598425197
 21
0.9595474409448819
 31
0
  0
LINE
  5
BE6
330
1A
100
AcDbEntity
  8
BLACK
  6
CONTINUOUS
100
AcDbLine
 10
1.9248412598425197
 20
0.9595474409448819
 30
0
 11
1.9252179133858267
 21
0.9596223622047244
 31
0
  0
LINE
  5
BE7
330
1A
100
AcDbEntity
  8
BLACK
  6
CONTINUOUS
100
AcDbLine
 10
1.9252179133858267
 20
0.9596223622047244
 30
0
 11
2.0590761811023621
 21
0.9596223622047244
 31
0
  0
LINE
  5
BE8
330
1A
100
AcDbEntity
  8
BLACK
  6
CONTINUOUS
100
AcDbLine
 10
2.0590761811023621
 20
0.9596223622047244
 30
0
 11
2.0594528346456693
 21
0.9595474409448819
 31
0
  0
LINE
  5
BE9
330
1A
100
AcDbEntity
  8
BLACK
  6
CONTINUOUS
100
AcDbLine
 10
1.9262021653543306
 20
0.9576538582677165
 30
0
 11
1.9262021653543306
 21
0.8824570078740157
 31
0
  0
LINE
  5
BEA
330
1A
100
AcDbEntity
  8
BLACK
  6
CONTINUOUS
100
AcDbLine
 10
1.9262021653543306
 20
0.8824570078740157
 30
0
 11
2.0580919291338584
 21
0.8824570078740157
 31
0
  0
LINE
  5
BEB
330
1A
100
AcDbEntity
  8
BLACK
  6
CONTINUOUS
100
AcDbLine
 10
2.0580919291338584
 20
0.8824570078740157
 30
0
 11
2.0580919291338584
 21
0.9576538582677165
 31
0
  0
LINE
  5
BEC
330
1A
100
AcDbEntity
  8
BLACK
  6
CONTINUOUS
100
AcDbLine
 10
2.0580919291338584
 20
0.9576538582677165
 30
0
 11
1.9262021653543306
 21
0.9576538582677165
 31
0
  0
LINE
  5
BED
330
1A
100
AcDbEntity
  8
BLACK
  6
CONTINUOUS
100
AcDbLine
 10
1.766336968503937
 20
0.9335324015748031
 30
0
 11
1.767010748031496
 21
0.932184842519685
 31
0
  0
LINE
  5
BEE
330
1A
100
AcDbEntity
  8
BLACK
  6
CONTINUOUS
100
AcDbLine
 10
1.767010748031496
 20
0.932184842519685
 30
0
 11
1.76691468503937
 21
0.9314227952755906
 31
0
  0
LINE
  5
BEF
330
1A
100
AcDbEntity
  8
BLACK
  6
CONTINUOUS
100
AcDbLine
 10
1.76691468503937
 20
0.9314227952755906
 30
0
 11
1.7630914566929135
 21
0.9199530708661418
 31
0
  0
LINE
  5
BF0
330
1A
100
AcDbEntity
  8
BLACK
  6
CONTINUOUS
100
AcDbLine
 10
1.7630914566929135
 20
0.9199530708661418
 30
0
 11
1.7677656299212599
 21
0.9199530708661418
 31
0
  0
LINE
  5
BF1
330
1A
100
AcDbEntity
  8
BLACK
  6
CONTINUOUS
100
AcDbLine
 10
1.7677656299212599
 20
0.9199530708661418
 30
0
 11
1.7677656299212599
 21
0.9245462204724409
 31
0
  0
LINE
  5
BF2
330
1A
100
AcDbEntity
  8
BLACK
  6
CONTINUOUS
100
AcDbLine
 10
1.7677656299212599
 20
0.9245462204724409
 30
0
 11
1.7679154724409449
 21
0.9252995275590551
 31
0
  0
LINE
  5
BF3
330
1A
100
AcDbEntity
  8
BLACK
  6
CONTINUOUS
100
AcDbLine
 10
1.7679154724409449
 20
0.9252995275590551
 30
0
 11
1.7689808267716536
 21
0.9263648818897637
 31
0
  0
LINE
  5
BF4
330
1A
100
AcDbEntity
  8
BLACK
  6
CONTINUOUS
100
AcDbLine
 10
1.7689808267716536
 20
0.9263648818897637
 30
0
 11
1.7704874409448819
 21
0.9263648818897637
 31
0
  0
LINE
  5
BF5
330
1A
100
AcDbEntity
  8
BLACK
  6
CONTINUOUS
100
AcDbLine
 10
1.7704874409448819
 20
0.9263648818897637
 30
0
 11
1.7715527952755905
 21
0.9252995275590551
 31
0
  0
LINE
  5
BF6
330
1A
100
AcDbEntity
  8
BLACK
  6
CONTINUOUS
100
AcDbLine
 10
1.7715527952755905
 20
0.9252995275590551
 30
0
 11
1.7717026377952756
 21
0.9245462204724409
 31
0
  0
LINE
  5
BF7
330
1A
100
AcDbEntity
  8
BLACK
  6
CONTINUOUS
100
AcDbLine
 10
1.7717026377952756
 20
0.9245462204724409
 30
0
 11
1.7717026377952756
 21
0.9199530708661418
 31
0
  0
LINE
  5
BF8
330
1A
100
AcDbEntity
  8
BLACK
  6
CONTINUOUS
100
AcDbLine
 10
1.7717026377952756
 20
0.9199530708661418
 30
0
 11
1.7725462598425197
 21
0.9199530708661418
 31
0
  0
LINE
  5
BF9
330
1A
100
AcDbEntity
  8
BLACK
  6
CONTINUOUS
100
AcDbLine
 10
1.7725462598425197
 20
0.9199530708661418
 30
0
 11
1.7732995669291338
 21
0.9198032283464567
 31
0
  0
LINE
  5
BFA
330
1A
100
AcDbEntity
  8
BLACK
  6
CONTINUOUS
100
AcDbLine
 10
1.7732995669291338
 20
0.9198032283464567
 30
0
 11
1.7743649212598425
 21
0.918737874015748
 31
0
  0
LINE
  5
BFB
330
1A
100
AcDbEntity
  8
BLACK
  6
CONTINUOUS
100
AcDbLine
 10
1.7743649212598425
 20
0.918737874015748
 30
0
 11
1.7743649212598425
 21
0.9172312598425196
 31
0
  0
LINE
  5
BFC
330
1A
100
AcDbEntity
  8
BLACK
  6
CONTINUOUS
100
AcDbLine
 10
1.7743649212598425
 20
0.9172312598425196
 30
0
 11
1.7732995669291338
 21
0.916165905511811
 31
0
  0
LINE
  5
BFD
330
1A
100
AcDbEntity
  8
BLACK
  6
CONTINUOUS
100
AcDbLine
 10
1.7732995669291338
 20
0.916165905511811
 30
0
 11
1.7725462598425197
 21
0.916016062992126
 31
0
  0
LINE
  5
BFE
330
1A
100
AcDbEntity
  8
BLACK
  6
CONTINUOUS
100
AcDbLine
 10
1.7725462598425197
 20
0.916016062992126
 30
0
 11
1.7717026377952756
 21
0.916016062992126
 31
0
  0
LINE
  5
BFF
330
1A
100
AcDbEntity
  8
BLACK
  6
CONTINUOUS
100
AcDbLine
 10
1.7717026377952756
 20
0.916016062992126
 30
0
 11
1.7717026377952756
 21
0.9114228740157481
 31
0
  0
LINE
  5
C00
330
1A
100
AcDbEntity
  8
BLACK
  6
CONTINUOUS
100
AcDbLine
 10
1.7717026377952756
 20
0.9114228740157481
 30
0
 11
1.7715527952755905
 21
0.9106695669291338
 31
0
  0
LINE
  5
C01
330
1A
100
AcDbEntity
  8
BLACK
  6
CONTINUOUS
100
AcDbLine
 10
1.7715527952755905
 20
0.9106695669291338
 30
0
 11
1.7704874409448819
 21
0.9096042125984252
 31
0
  0
LINE
  5
C02
330
1A
100
AcDbEntity
  8
BLACK
  6
CONTINUOUS
100
AcDbLine
 10
1.7704874409448819
 20
0.9096042125984252
 30
0
 11
1.7689808267716536
 21
0.9096042125984252
 31
0
  0
LINE
  5
C03
330
1A
100
AcDbEntity
  8
BLACK
  6
CONTINUOUS
100
AcDbLine
 10
1.7689808267716536
 20
0.9096042125984252
 30
0
 11
1.7679154724409449
 21
0.9106695669291338
 31
0
  0
LINE
  5
C04
330
1A
100
AcDbEntity
  8
BLACK
  6
CONTINUOUS
100
AcDbLine
 10
1.7679154724409449
 20
0.9106695669291338
 30
0
 11
1.7677656299212599
 21
0.9114228740157481
 31
0
  0
LINE
  5
C05
330
1A
100
AcDbEntity
  8
BLACK
  6
CONTINUOUS
100
AcDbLine
 10
1.7677656299212599
 20
0.9114228740157481
 30
0
 11
1.7677656299212599
 21
0.916016062992126
 31
0
  0
LINE
  5
C06
330
1A
100
AcDbEntity
  8
BLACK
  6
CONTINUOUS
100
AcDbLine
 10
1.7677656299212599
 20
0.916016062992126
 30
0
 11
1.7603603149606299
 21
0.916016062992126
 31
0
  0
LINE
  5
C07
330
1A
100
AcDbEntity
  8
BLACK
  6
CONTINUOUS
100
AcDbLine
 10
1.7603603149606299
 20
0.916016062992126
 30
0
 11
1.7596070078740158
 21
0.916165905511811
 31
0
  0
LINE
  5
C08
330
1A
100
AcDbEntity
  8
BLACK
  6
CONTINUOUS
100
AcDbLine
 10
1.7596070078740158
 20
0.916165905511811
 30
0
 11
1.7593779133858267
 21
0.916395
 31
0
  0
LINE
  5
C09
330
1A
100
AcDbEntity
  8
BLACK
  6
CONTINUOUS
100
AcDbLine
 10
1.7593779133858267
 20
0.916395
 30
0
 11
1.7590705511811022
 21
0.9164974409448818
 31
0
  0
LINE
  5
C0A
330
1A
100
AcDbEntity
  8
BLACK
  6
CONTINUOUS
100
AcDbLine
 10
1.7590705511811022
 20
0.9164974409448818
 30
0
 11
1.7588656299212597
 21
0.916907283464567
 31
0
  0
LINE
  5
C0B
330
1A
100
AcDbEntity
  8
BLACK
  6
CONTINUOUS
100
AcDbLine
 10
1.7588656299212597
 20
0.916907283464567
 30
0
 11
1.7585416535433069
 21
0.9172312598425196
 31
0
  0
LINE
  5
C0C
330
1A
100
AcDbEntity
  8
BLACK
  6
CONTINUOUS
100
AcDbLine
 10
1.7585416535433069
 20
0.9172312598425196
 30
0
 11
1.7585416535433069
 21
0.9175552755905512
 31
0
  0
LINE
  5
C0D
330
1A
100
AcDbEntity
  8
BLACK
  6
CONTINUOUS
100
AcDbLine
 10
1.7585416535433069
 20
0.9175552755905512
 30
0
 11
1.7583967716535434
 21
0.9178450393700788
 31
0
  0
LINE
  5
C0E
330
1A
100
AcDbEntity
  8
BLACK
  6
CONTINUOUS
100
AcDbLine
 10
1.7583967716535434
 20
0.9178450393700788
 30
0
 11
1.7584928346456692
 21
0.9186070472440945
 31
0
  0
LINE
  5
C0F
330
1A
100
AcDbEntity
  8
BLACK
  6
CONTINUOUS
100
AcDbLine
 10
1.7584928346456692
 20
0.9186070472440945
 30
0
 11
1.7631797244094487
 21
0.9326677952755905
 31
0
  0
LINE
  5
C10
330
1A
100
AcDbEntity
  8
BLACK
  6
CONTINUOUS
100
AcDbLine
 10
1.7631797244094487
 20
0.9326677952755905
 30
0
 11
1.7635600787401575
 21
0.9333350393700787
 31
0
  0
LINE
  5
C11
330
1A
100
AcDbEntity
  8
BLACK
  6
CONTINUOUS
100
AcDbLine
 10
1.7635600787401575
 20
0.9333350393700787
 30
0
 11
1.7649076771653542
 21
0.9340088582677165
 31
0
  0
LINE
  5
C12
330
1A
100
AcDbEntity
  8
BLACK
  6
CONTINUOUS
100
AcDbLine
 10
1.7649076771653542
 20
0.9340088582677165
 30
0
 11
1.766336968503937
 21
0.9335324015748031
 31
0
  0
LINE
  5
C13
330
1A
100
AcDbEntity
  8
BLACK
  6
CONTINUOUS
100
AcDbLine
 10
1.7814372440944881
 20
0.9146895669291338
 30
0
 11
1.7823746456692913
 21
0.9137522047244094
 31
0
  0
LINE
  5
C14
330
1A
100
AcDbEntity
  8
BLACK
  6
CONTINUOUS
100
AcDbLine
 10
1.7823746456692913
 20
0.9137522047244094
 30
0
 11
1.7828013779527558
 21
0.9131135826771654
 31
0
  0
LINE
  5
C15
330
1A
100
AcDbEntity
  8
BLACK
  6
CONTINUOUS
100
AcDbLine
 10
1.7828013779527558
 20
0.9131135826771654
 30
0
 11
1.7828013779527558
 21
0.9131135433070866
 31
0
  0
LINE
  5
C16
330
1A
100
AcDbEntity
  8
BLACK
  6
CONTINUOUS
100
AcDbLine
 10
1.7828013779527558
 20
0.9131135433070866
 30
0
 11
1.7828013779527558
 21
0.9116068897637795
 31
0
  0
LINE
  5
C17
330
1A
100
AcDbEntity
  8
BLACK
  6
CONTINUOUS
100
AcDbLine
 10
1.7828013779527558
 20
0.9116068897637795
 30
0
 11
1.7823746456692913
 21
0.9109682677165354
 31
0
  0
LINE
  5
C18
330
1A
100
AcDbEntity
  8
BLACK
  6
CONTINUOUS
100
AcDbLine
 10
1.7823746456692913
 20
0.9109682677165354
 30
0
 11
1.7814372440944881
 21
0.910030905511811
 31
0
  0
LINE
  5
C19
330
1A
100
AcDbEntity
  8
BLACK
  6
CONTINUOUS
100
AcDbLine
 10
1.7814372440944881
 20
0.910030905511811
 30
0
 11
1.7807987007874015
 21
0.9096043307086614
 31
0
  0
LINE
  5
C1A
330
1A
100
AcDbEntity
  8
BLACK
  6
CONTINUOUS
100
AcDbLine
 10
1.7807987007874015
 20
0.9096043307086614
 30
0
 11
1.780798622047244
 21
0.9096042125984252
 31
0
  0
LINE
  5
C1B
330
1A
100
AcDbEntity
  8
BLACK
  6
CONTINUOUS
100
AcDbLine
 10
1.780798622047244
 20
0.9096042125984252
 30
0
 11
1.7807985826771653
 21
0.9096042125984252
 31
0
  0
LINE
  5
C1C
330
1A
100
AcDbEntity
  8
BLACK
  6
CONTINUOUS
100
AcDbLine
 10
1.7807985826771653
 20
0.9096042125984252
 30
0
 11
1.7792920078740158
 21
0.9096042125984252
 31
0
  0
LINE
  5
C1D
330
1A
100
AcDbEntity
  8
BLACK
  6
CONTINUOUS
100
AcDbLine
 10
1.7792920078740158
 20
0.9096042125984252
 30
0
 11
1.7786533858267717
 21
0.9100309448818897
 31
0
  0
LINE
  5
C1E
330
1A
100
AcDbEntity
  8
BLACK
  6
CONTINUOUS
100
AcDbLine
 10
1.7786533858267717
 20
0.9100309448818897
 30
0
 11
1.7777160236220473
 21
0.9109683070866141
 31
0
  0
LINE
  5
C1F
330
1A
100
AcDbEntity
  8
BLACK
  6
CONTINUOUS
100
AcDbLine
 10
1.7777160236220473
 20
0.9109683070866141
 30
0
 11
1.7772892913385827
 21
0.9116069291338582
 31
0
  0
LINE
  5
C20
330
1A
100
AcDbEntity
  8
BLACK
  6
CONTINUOUS
100
AcDbLine
 10
1.7772892913385827
 20
0.9116069291338582
 30
0
 11
1.7772892913385827
 21
0.9131135433070866
 31
0
  0
LINE
  5
C21
330
1A
100
AcDbEntity
  8
BLACK
  6
CONTINUOUS
100
AcDbLine
 10
1.7772892913385827
 20
0.9131135433070866
 30
0
 11
1.7772893700787402
 21
0.9131136614173229
 31
0
  0
LINE
  5
C22
330
1A
100
AcDbEntity
  8
BLACK
  6
CONTINUOUS
100
AcDbLine
 10
1.7772893700787402
 20
0.9131136614173229
 30
0
 11
1.7777159842519685
 21
0.9137521653543307
 31
0
  0
LINE
  5
C23
330
1A
100
AcDbEntity
  8
BLACK
  6
CONTINUOUS
100
AcDbLine
 10
1.7777159842519685
 20
0.9137521653543307
 30
0
 11
1.7786533464566929
 21
0.9146895669291338
 31
0
  0
LINE
  5
C24
330
1A
100
AcDbEntity
  8
BLACK
  6
CONTINUOUS
100
AcDbLine
 10
1.7786533464566929
 20
0.9146895669291338
 30
0
 11
1.779291968503937
 21
0.9151162992125984
 31
0
  0
LINE
  5
C25
330
1A
100
AcDbEntity
  8
BLACK
  6
CONTINUOUS
100
AcDbLine
 10
1.779291968503937
 20
0.9151162992125984
 30
0
 11
1.780798622047244
 21
0.9151162992125984
 31
0
  0
LINE
  5
C26
330
1A
100
AcDbEntity
  8
BLACK
  6
CONTINUOUS
100
AcDbLine
 10
1.780798622047244
 20
0.9151162992125984
 30
0
 11
1.7814372440944881
 21
0.9146895669291338
 31
0
  0
LINE
  5
C27
330
1A
100
AcDbEntity
  8
BLACK
  6
CONTINUOUS
100
AcDbLine
 10
1.7936837401574803
 20
1.0648364960629921
 30
0
 11
1.7942164173228345
 21
1.0643038188976377
 31
0
  0
LINE
  5
C28
330
1A
100
AcDbEntity
  8
BLACK
  6
CONTINUOUS
100
AcDbLine
 10
1.7942164173228345
 20
1.0643038188976377
 30
0
 11
1.7942913385826771
 21
1.0639271653543307
 31
0
  0
LINE
  5
C29
330
1A
100
AcDbEntity
  8
BLACK
  6
CONTINUOUS
100
AcDbLine
 10
1.7942913385826771
 20
1.0639271653543307
 30
0
 11
1.7942913385826771
 21
0.93299968503937
 31
0
  0
LINE
  5
C2A
330
1A
100
AcDbEntity
  8
BLACK
  6
CONTINUOUS
100
AcDbLine
 10
1.7942913385826771
 20
0.93299968503937
 30
0
 11
1.7944880708661417
 21
0.9330390157480315
 31
0
  0
LINE
  5
C2B
330
1A
100
AcDbEntity
  8
BLACK
  6
CONTINUOUS
100
AcDbLine
 10
1.7944880708661417
 20
0.9330390157480315
 30
0
 11
1.7946567322834646
 21
0.9329265748031496
 31
0
  0
LINE
  5
C2C
330
1A
100
AcDbEntity
  8
BLACK
  6
CONTINUOUS
100
AcDbLine
 10
1.7946567322834646
 20
0.9329265748031496
 30
0
 11
1.7948593700787401
 21
0.9329265748031496
 31
0
  0
LINE
  5
C2D
330
1A
100
AcDbEntity
  8
BLACK
  6
CONTINUOUS
100
AcDbLine
 10
1.7948593700787401
 20
0.9329265748031496
 30
0
 11
1.7952646850393701
 21
0.9325212598425197
 31
0
  0
LINE
  5
C2E
330
1A
100
AcDbEntity
  8
BLACK
  6
CONTINUOUS
100
AcDbLine
 10
1.7952646850393701
 20
0.9325212598425197
 30
0
 11
1.7957416535433071
 21
0.9322032677165354
 31
0
  0
LINE
  5
C2F
330
1A
100
AcDbEntity
  8
BLACK
  6
CONTINUOUS
100
AcDbLine
 10
1.7957416535433071
 20
0.9322032677165354
 30
0
 11
1.7957813779527558
 21
0.9320045669291338
 31
0
  0
LINE
  5
C30
330
1A
100
AcDbEntity
  8
BLACK
  6
CONTINUOUS
100
AcDbLine
 10
1.7957813779527558
 20
0.9320045669291338
 30
0
 11
1.7959247244094487
 21
0.9318612204724409
 31
0
  0
LINE
  5
C31
330
1A
100
AcDbEntity
  8
BLACK
  6
CONTINUOUS
100
AcDbLine
 10
1.7959247244094487
 20
0.9318612204724409
 30
0
 11
1.7960745669291338
 21
0.9311079133858268
 31
0
  0
LINE
  5
C32
330
1A
100
AcDbEntity
  8
BLACK
  6
CONTINUOUS
100
AcDbLine
 10
1.7960745669291338
 20
0.9311079133858268
 30
0
 11
1.7960745669291338
 21
0.9133913779527559
 31
0
  0
LINE
  5
C33
330
1A
100
AcDbEntity
  8
BLACK
  6
CONTINUOUS
100
AcDbLine
 10
1.7960745669291338
 20
0.9133913779527559
 30
0
 11
1.7997303543307086
 21
0.9133913779527559
 31
0
  0
LINE
  5
C34
330
1A
100
AcDbEntity
  8
BLACK
  6
CONTINUOUS
100
AcDbLine
 10
1.7997303543307086
 20
0.9133913779527559
 30
0
 11
1.8004836614173227
 21
0.9132415354330709
 31
0
  0
LINE
  5
C35
330
1A
100
AcDbEntity
  8
BLACK
  6
CONTINUOUS
100
AcDbLine
 10
1.8004836614173227
 20
0.9132415354330709
 30
0
 11
1.8015490157480314
 21
0.9121761811023622
 31
0
  0
LINE
  5
C36
330
1A
100
AcDbEntity
  8
BLACK
  6
CONTINUOUS
100
AcDbLine
 10
1.8015490157480314
 20
0.9121761811023622
 30
0
 11
1.8015490157480314
 21
0.9106695669291338
 31
0
  0
LINE
  5
C37
330
1A
100
AcDbEntity
  8
BLACK
  6
CONTINUOUS
100
AcDbLine
 10
1.8015490157480314
 20
0.9106695669291338
 30
0
 11
1.8004836614173227
 21
0.9096042125984252
 31
0
  0
LINE
  5
C38
330
1A
100
AcDbEntity
  8
BLACK
  6
CONTINUOUS
100
AcDbLine
 10
1.8004836614173227
 20
0.9096042125984252
 30
0
 11
1.7997303543307086
 21
0.9094543700787401
 31
0
  0
LINE
  5
C39
330
1A
100
AcDbEntity
  8
BLACK
  6
CONTINUOUS
100
AcDbLine
 10
1.7997303543307086
 20
0.9094543700787401
 30
0
 11
1.7942913385826771
 21
0.9094543700787401
 31
0
  0
LINE
  5
C3A
330
1A
100
AcDbEntity
  8
BLACK
  6
CONTINUOUS
100
AcDbLine
 10
1.7942913385826771
 20
0.9094543700787401
 30
0
 11
1.7942913385826771
 21
0.8843996062992125
 31
0
  0
LINE
  5
C3B
330
1A
100
AcDbEntity
  8
BLACK
  6
CONTINUOUS
100
AcDbLine
 10
1.7942913385826771
 20
0.8843996062992125
 30
0
 11
1.7942164173228345
 21
0.8840229527559055
 31
0
  0
LINE
  5
C3C
330
1A
100
AcDbEntity
  8
BLACK
  6
CONTINUOUS
100
AcDbLine
 10
1.7942164173228345
 20
0.8840229527559055
 30
0
 11
1.7936837401574803
 21
0.8834902755905512
 31
0
  0
LINE
  5
C3D
330
1A
100
AcDbEntity
  8
BLACK
  6
CONTINUOUS
100
AcDbLine
 10
1.7936837401574803
 20
0.8834902755905512
 30
0
 11
1.7933070866141732
 21
0.8834153543307086
 31
0
  0
LINE
  5
C3E
330
1A
100
AcDbEntity
  8
BLACK
  6
CONTINUOUS
100
AcDbLine
 10
1.7933070866141732
 20
0.8834153543307086
 30
0
 11
1.6948818897637794
 21
0.8834153543307086
 31
0
  0
LINE
  5
C3F
330
1A
100
AcDbEntity
  8
BLACK
  6
CONTINUOUS
100
AcDbLine
 10
1.6948818897637794
 20
0.8834153543307086
 30
0
 11
1.6945052362204724
 21
0.8834902755905512
 31
0
  0
LINE
  5
C40
330
1A
100
AcDbEntity
  8
BLACK
  6
CONTINUOUS
100
AcDbLine
 10
1.6945052362204724
 20
0.8834902755905512
 30
0
 11
1.693972559055118
 21
0.8840229527559055
 31
0
  0
LINE
  5
C41
330
1A
100
AcDbEntity
  8
BLACK
  6
CONTINUOUS
100
AcDbLine
 10
1.693972559055118
 20
0.8840229527559055
 30
0
 11
1.6938976377952755
 21
0.8843996062992125
 31
0
  0
LINE
  5
C42
330
1A
100
AcDbEntity
  8
BLACK
  6
CONTINUOUS
100
AcDbLine
 10
1.6938976377952755
 20
0.8843996062992125
 30
0
 11
1.6938976377952755
 21
1.0639271653543307
 31
0
  0
LINE
  5
C43
330
1A
100
AcDbEntity
  8
BLACK
  6
CONTINUOUS
100
AcDbLine
 10
1.6938976377952755
 20
1.0639271653543307
 30
0
 11
1.693972559055118
 21
1.0643038188976377
 31
0
  0
LINE
  5
C44
330
1A
100
AcDbEntity
  8
BLACK
  6
CONTINUOUS
100
AcDbLine
 10
1.693972559055118
 20
1.0643038188976377
 30
0
 11
1.6945052362204724
 21
1.0648364960629921
 31
0
  0
LINE
  5
C45
330
1A
100
AcDbEntity
  8
BLACK
  6
CONTINUOUS
100
AcDbLine
 10
1.6945052362204724
 20
1.0648364960629921
 30
0
 11
1.6948818897637794
 21
1.0649114173228347
 31
0
  0
LINE
  5
C46
330
1A
100
AcDbEntity
  8
BLACK
  6
CONTINUOUS
100
AcDbLine
 10
1.6948818897637794
 20
1.0649114173228347
 30
0
 11
1.7933070866141732
 21
1.0649114173228347
 31
0
  0
LINE
  5
C47
330
1A
100
AcDbEntity
  8
BLACK
  6
CONTINUOUS
100
AcDbLine
 10
1.7933070866141732
 20
1.0649114173228347
 30
0
 11
1.7936837401574803
 21
1.0648364960629921
 31
0
  0
LINE
  5
C48
330
1A
100
AcDbEntity
  8
BLACK
  6
CONTINUOUS
100
AcDbLine
 10
1.6958661417322833
 20
1.0629429133858268
 30
0
 11
1.6958661417322833
 21
0.8853838582677165
 31
0
  0
LINE
  5
C49
330
1A
100
AcDbEntity
  8
BLACK
  6
CONTINUOUS
100
AcDbLine
 10
1.6958661417322833
 20
0.8853838582677165
 30
0
 11
1.7923228346456692
 21
0.8853838582677165
 31
0
  0
LINE
  5
C4A
330
1A
100
AcDbEntity
  8
BLACK
  6
CONTINUOUS
100
AcDbLine
 10
1.7923228346456692
 20
0.8853838582677165
 30
0
 11
1.7923228346456692
 21
0.9094543700787401
 31
0
  0
LINE
  5
C4B
330
1A
100
AcDbEntity
  8
BLACK
  6
CONTINUOUS
100
AcDbLine
 10
1.7923228346456692
 20
0.9094543700787401
 30
0
 11
1.7884817716535433
 21
0.9094543700787401
 31
0
  0
LINE
  5
C4C
330
1A
100
AcDbEntity
  8
BLACK
  6
CONTINUOUS
100
AcDbLine
 10
1.7884817716535433
 20
0.9094543700787401
 30
0
 11
1.7877284645669291
 21
0.9096042125984252
 31
0
  0
LINE
  5
C4D
330
1A
100
AcDbEntity
  8
BLACK
  6
CONTINUOUS
100
AcDbLine
 10
1.7877284645669291
 20
0.9096042125984252
 30
0
 11
1.7866631102362205
 21
0.9106695669291338
 31
0
  0
LINE
  5
C4E
330
1A
100
AcDbEntity
  8
BLACK
  6
CONTINUOUS
100
AcDbLine
 10
1.7866631102362205
 20
0.9106695669291338
 30
0
 11
1.7866631102362205
 21
0.9121761811023622
 31
0
  0
LINE
  5
C4F
330
1A
100
AcDbEntity
  8
BLACK
  6
CONTINUOUS
100
AcDbLine
 10
1.7866631102362205
 20
0.9121761811023622
 30
0
 11
1.7877284645669291
 21
0.9132415354330709
 31
0
  0
LINE
  5
C50
330
1A
100
AcDbEntity
  8
BLACK
  6
CONTINUOUS
100
AcDbLine
 10
1.7877284645669291
 20
0.9132415354330709
 30
0
 11
1.7884817716535433
 21
0.9133913779527559
 31
0
  0
LINE
  5
C51
330
1A
100
AcDbEntity
  8
BLACK
  6
CONTINUOUS
100
AcDbLine
 10
1.7884817716535433
 20
0.9133913779527559
 30
0
 11
1.7921375590551181
 21
0.9133913779527559
 31
0
  0
LINE
  5
C52
330
1A
100
AcDbEntity
  8
BLACK
  6
CONTINUOUS
100
AcDbLine
 10
1.7921375590551181
 20
0.9133913779527559
 30
0
 11
1.7921375590551181
 21
0.9254181496062992
 31
0
  0
LINE
  5
C53
330
1A
100
AcDbEntity
  8
BLACK
  6
CONTINUOUS
100
AcDbLine
 10
1.7921375590551181
 20
0.9254181496062992
 30
0
 11
1.791748464566929
 21
0.9250290551181102
 31
0
  0
LINE
  5
C54
330
1A
100
AcDbEntity
  8
BLACK
  6
CONTINUOUS
100
AcDbLine
 10
1.791748464566929
 20
0.9250290551181102
 30
0
 11
1.7914863385826771
 21
0.924853937007874
 31
0
  0
LINE
  5
C55
330
1A
100
AcDbEntity
  8
BLACK
  6
CONTINUOUS
100
AcDbLine
 10
1.7914863385826771
 20
0.924853937007874
 30
0
 11
1.7912368503937008
 21
0.9246602755905512
 31
0
  0
LINE
  5
C56
330
1A
100
AcDbEntity
  8
BLACK
  6
CONTINUOUS
100
AcDbLine
 10
1.7912368503937008
 20
0.9246602755905512
 30
0
 11
1.7893620866141733
 21
0.9237229133858268
 31
0
  0
LINE
  5
C57
330
1A
100
AcDbEntity
  8
BLACK
  6
CONTINUOUS
100
AcDbLine
 10
1.7893620866141733
 20
0.9237229133858268
 30
0
 11
1.7886212992125985
 21
0.9235200787401575
 31
0
  0
LINE
  5
C58
330
1A
100
AcDbEntity
  8
BLACK
  6
CONTINUOUS
100
AcDbLine
 10
1.7886212992125985
 20
0.9235200787401575
 30
0
 11
1.787191968503937
 21
0.9239965354330708
 31
0
  0
LINE
  5
C59
330
1A
100
AcDbEntity
  8
BLACK
  6
CONTINUOUS
100
AcDbLine
 10
1.787191968503937
 20
0.9239965354330708
 30
0
 11
1.7865182283464567
 21
0.925344094488189
 31
0
  0
LINE
  5
C5A
330
1A
100
AcDbEntity
  8
BLACK
  6
CONTINUOUS
100
AcDbLine
 10
1.7865182283464567
 20
0.925344094488189
 30
0
 11
1.7869946850393701
 21
0.9267734251968504
 31
0
  0
LINE
  5
C5B
330
1A
100
AcDbEntity
  8
BLACK
  6
CONTINUOUS
100
AcDbLine
 10
1.7869946850393701
 20
0.9267734251968504
 30
0
 11
1.7876014566929133
 21
0.9272443307086614
 31
0
  0
LINE
  5
C5C
330
1A
100
AcDbEntity
  8
BLACK
  6
CONTINUOUS
100
AcDbLine
 10
1.7876014566929133
 20
0.9272443307086614
 30
0
 11
1.7891905118110236
 21
0.9280388582677165
 31
0
  0
LINE
  5
C5D
330
1A
100
AcDbEntity
  8
BLACK
  6
CONTINUOUS
100
AcDbLine
 10
1.7891905118110236
 20
0.9280388582677165
 30
0
 11
1.7907014566929134
 21
0.929549842519685
 31
0
  0
LINE
  5
C5E
330
1A
100
AcDbEntity
  8
BLACK
  6
CONTINUOUS
100
AcDbLine
 10
1.7907014566929134
 20
0.929549842519685
 30
0
 11
1.7923228346456692
 21
0.9319818503937007
 31
0
  0
LINE
  5
C5F
330
1A
100
AcDbEntity
  8
BLACK
  6
CONTINUOUS
100
AcDbLine
 10
1.7923228346456692
 20
0.9319818503937007
 30
0
 11
1.7923228346456692
 21
1.0629429133858268
 31
0
  0
LINE
  5
C60
330
1A
100
AcDbEntity
  8
BLACK
  6
CONTINUOUS
100
AcDbLine
 10
1.7923228346456692
 20
1.0629429133858268
 30
0
 11
1.6958661417322833
 21
1.0629429133858268
 31
0
  0
LINE
  5
C61
330
1A
100
AcDbEntity
  8
BLACK
  6
CONTINUOUS
100
AcDbLine
 10
1.8448213779527558
 20
0.9264955118110236
 30
0
 11
1.8448642125984251
 21
0.9265097637795275
 31
0
  0
LINE
  5
C62
330
1A
100
AcDbEntity
  8
BLACK
  6
CONTINUOUS
100
AcDbLine
 10
1.8448642125984251
 20
0.9265097637795275
 30
0
 11
1.8451685039370078
 21
0.9264264566929133
 31
0
  0
LINE
  5
C63
330
1A
100
AcDbEntity
  8
BLACK
  6
CONTINUOUS
100
AcDbLine
 10
1.8451685039370078
 20
0.9264264566929133
 30
0
 11
1.8454779921259843
 21
0.9263648818897637
 31
0
  0
LINE
  5
C64
330
1A
100
AcDbEntity
  8
BLACK
  6
CONTINUOUS
100
AcDbLine
 10
1.8454779921259843
 20
0.9263648818897637
 30
0
 11
1.8455098818897637
 21
0.9263329921259842
 31
0
  0
LINE
  5
C65
330
1A
100
AcDbEntity
  8
BLACK
  6
CONTINUOUS
100
AcDbLine
 10
1.8455098818897637
 20
0.9263329921259842
 30
0
 11
1.8456049999999999
 21
0.9263069291338583
 31
0
  0
LINE
  5
C66
330
1A
100
AcDbEntity
  8
BLACK
  6
CONTINUOUS
100
AcDbLine
 10
1.8456049999999999
 20
0.9263069291338583
 30
0
 11
1.8474797637795275
 21
0.9253695669291339
 31
0
  0
LINE
  5
C67
330
1A
100
AcDbEntity
  8
BLACK
  6
CONTINUOUS
100
AcDbLine
 10
1.8474797637795275
 20
0.9253695669291339
 30
0
 11
1.8480865354330709
 21
0.9248986614173228
 31
0
  0
LINE
  5
C68
330
1A
100
AcDbEntity
  8
BLACK
  6
CONTINUOUS
100
AcDbLine
 10
1.8480865354330709
 20
0.9248986614173228
 30
0
 11
1.8485629921259843
 21
0.9234693307086614
 31
0
  0
LINE
  5
C69
330
1A
100
AcDbEntity
  8
BLACK
  6
CONTINUOUS
100
AcDbLine
 10
1.8485629921259843
 20
0.9234693307086614
 30
0
 11
1.8478892125984252
 21
0.9221217716535433
 31
0
  0
LINE
  5
C6A
330
1A
100
AcDbEntity
  8
BLACK
  6
CONTINUOUS
100
AcDbLine
 10
1.8478892125984252
 20
0.9221217716535433
 30
0
 11
1.8464598818897637
 21
0.9216453149606298
 31
0
  0
LINE
  5
C6B
330
1A
100
AcDbEntity
  8
BLACK
  6
CONTINUOUS
100
AcDbLine
 10
1.8464598818897637
 20
0.9216453149606298
 30
0
 11
1.8457190944881889
 21
0.9218481889763779
 31
0
  0
LINE
  5
C6C
330
1A
100
AcDbEntity
  8
BLACK
  6
CONTINUOUS
100
AcDbLine
 10
1.8457190944881889
 20
0.9218481889763779
 30
0
 11
1.8442599606299213
 21
0.9225777165354331
 31
0
  0
LINE
  5
C6D
330
1A
100
AcDbEntity
  8
BLACK
  6
CONTINUOUS
100
AcDbLine
 10
1.8442599606299213
 20
0.9225777165354331
 30
0
 11
1.8423772440944881
 21
0.9225777165354331
 31
0
  0
LINE
  5
C6E
330
1A
100
AcDbEntity
  8
BLACK
  6
CONTINUOUS
100
AcDbLine
 10
1.8423772440944881
 20
0.9225777165354331
 30
0
 11
1.8415049606299212
 21
0.9221416141732284
 31
0
  0
LINE
  5
C6F
330
1A
100
AcDbEntity
  8
BLACK
  6
CONTINUOUS
100
AcDbLine
 10
1.8415049606299212
 20
0.9221416141732284
 30
0
 11
1.8410688976377951
 21
0.9212694094488189
 31
0
  0
LINE
  5
C70
330
1A
100
AcDbEntity
  8
BLACK
  6
CONTINUOUS
100
AcDbLine
 10
1.8410688976377951
 20
0.9212694094488189
 30
0
 11
1.8410688976377951
 21
0.9212614173228346
 31
0
  0
LINE
  5
C71
330
1A
100
AcDbEntity
  8
BLACK
  6
CONTINUOUS
100
AcDbLine
 10
1.8410688976377951
 20
0.9212614173228346
 30
0
 11
1.8415049606299212
 21
0.9203892125984252
 31
0
  0
LINE
  5
C72
330
1A
100
AcDbEntity
  8
BLACK
  6
CONTINUOUS
100
AcDbLine
 10
1.8415049606299212
 20
0.9203892125984252
 30
0
 11
1.8423772440944881
 21
0.9199530708661418
 31
0
  0
LINE
  5
C73
330
1A
100
AcDbEntity
  8
BLACK
  6
CONTINUOUS
100
AcDbLine
 10
1.8423772440944881
 20
0.9199530708661418
 30
0
 11
1.8447246850393699
 21
0.9199530708661418
 31
0
  0
LINE
  5
C74
330
1A
100
AcDbEntity
  8
BLACK
  6
CONTINUOUS
100
AcDbLine
 10
1.8447246850393699
 20
0.9199530708661418
 30
0
 11
1.8448213779527558
 21
0.9199338582677166
 31
0
  0
LINE
  5
C75
330
1A
100
AcDbEntity
  8
BLACK
  6
CONTINUOUS
100
AcDbLine
 10
1.8448213779527558
 20
0.9199338582677166
 30
0
 11
1.8448642519685039
 21
0.9199481102362205
 31
0
  0
LINE
  5
C76
330
1A
100
AcDbEntity
  8
BLACK
  6
CONTINUOUS
100
AcDbLine
 10
1.8448642519685039
 20
0.9199481102362205
 30
0
 11
1.8451684645669291
 21
0.9198648031496063
 31
0
  0
LINE
  5
C77
330
1A
100
AcDbEntity
  8
BLACK
  6
CONTINUOUS
100
AcDbLine
 10
1.8451684645669291
 20
0.9198648031496063
 30
0
 11
1.8454779921259843
 21
0.9198032283464567
 31
0
  0
LINE
  5
C78
330
1A
100
AcDbEntity
  8
BLACK
  6
CONTINUOUS
100
AcDbLine
 10
1.8454779921259843
 20
0.9198032283464567
 30
0
 11
1.8455099212598425
 21
0.9197712992125984
 31
0
  0
LINE
  5
C79
330
1A
100
AcDbEntity
  8
BLACK
  6
CONTINUOUS
100
AcDbLine
 10
1.8455099212598425
 20
0.9197712992125984
 30
0
 11
1.8456050393700787
 21
0.9197452362204724
 31
0
  0
LINE
  5
C7A
330
1A
100
AcDbEntity
  8
BLACK
  6
CONTINUOUS
100
AcDbLine
 10
1.8456050393700787
 20
0.9197452362204724
 30
0
 11
1.8474798031496062
 21
0.9188078346456693
 31
0
  0
LINE
  5
C7B
330
1A
100
AcDbEntity
  8
BLACK
  6
CONTINUOUS
100
AcDbLine
 10
1.8474798031496062
 20
0.9188078346456693
 30
0
 11
1.8477894488188975
 21
0.9185675196850394
 31
0
  0
LINE
  5
C7C
330
1A
100
AcDbEntity
  8
BLACK
  6
CONTINUOUS
100
AcDbLine
 10
1.8477894488188975
 20
0.9185675196850394
 30
0
 11
1.847889251968504
 21
0.9185342519685039
 31
0
  0
LINE
  5
C7D
330
1A
100
AcDbEntity
  8
BLACK
  6
CONTINUOUS
100
AcDbLine
 10
1.847889251968504
 20
0.9185342519685039
 30
0
 11
1.8479754724409447
 21
0.918423188976378
 31
0
  0
LINE
  5
C7E
330
1A
100
AcDbEntity
  8
BLACK
  6
CONTINUOUS
100
AcDbLine
 10
1.8479754724409447
 20
0.918423188976378
 30
0
 11
1.8480865748031496
 21
0.9183369291338582
 31
0
  0
LINE
  5
C7F
330
1A
100
AcDbEntity
  8
BLACK
  6
CONTINUOUS
100
AcDbLine
 10
1.8480865748031496
 20
0.9183369291338582
 30
0
 11
1.8481198031496062
 21
0.9182371653543306
 31
0
  0
LINE
  5
C80
330
1A
100
AcDbEntity
  8
BLACK
  6
CONTINUOUS
100
AcDbLine
 10
1.8481198031496062
 20
0.9182371653543306
 30
0
 11
1.848360157480315
 21
0.9179274803149606
 31
0
  0
LINE
  5
C81
330
1A
100
AcDbEntity
  8
BLACK
  6
CONTINUOUS
100
AcDbLine
 10
1.848360157480315
 20
0.9179274803149606
 30
0
 11
1.8492974803149607
 21
0.9160527559055118
 31
0
  0
LINE
  5
C82
330
1A
100
AcDbEntity
  8
BLACK
  6
CONTINUOUS
100
AcDbLine
 10
1.8492974803149607
 20
0.9160527559055118
 30
0
 11
1.8493235039370077
 21
0.9159576771653543
 31
0
  0
LINE
  5
C83
330
1A
100
AcDbEntity
  8
BLACK
  6
CONTINUOUS
100
AcDbLine
 10
1.8493235039370077
 20
0.9159576771653543
 30
0
 11
1.8493554724409449
 21
0.9159257086614173
 31
0
  0
LINE
  5
C84
330
1A
100
AcDbEntity
  8
BLACK
  6
CONTINUOUS
100
AcDbLine
 10
1.8493554724409449
 20
0.9159257086614173
 30
0
 11
1.8494170078740158
 21
0.915616220472441
 31
0
  0
LINE
  5
C85
330
1A
100
AcDbEntity
  8
BLACK
  6
CONTINUOUS
100
AcDbLine
 10
1.8494170078740158
 20
0.915616220472441
 30
0
 11
1.8495003543307087
 21
0.915311968503937
 31
0
  0
LINE
  5
C86
330
1A
100
AcDbEntity
  8
BLACK
  6
CONTINUOUS
100
AcDbLine
 10
1.8495003543307087
 20
0.915311968503937
 30
0
 11
1.8494860629921259
 21
0.9152691338582677
 31
0
  0
LINE
  5
C87
330
1A
100
AcDbEntity
  8
BLACK
  6
CONTINUOUS
100
AcDbLine
 10
1.8494860629921259
 20
0.9152691338582677
 30
0
 11
1.84950531496063
 21
0.9151724015748032
 31
0
  0
LINE
  5
C88
330
1A
100
AcDbEntity
  8
BLACK
  6
CONTINUOUS
100
AcDbLine
 10
1.84950531496063
 20
0.9151724015748032
 30
0
 11
1.84950531496063
 21
0.9142350393700788
 31
0
  0
LINE
  5
C89
330
1A
100
AcDbEntity
  8
BLACK
  6
CONTINUOUS
100
AcDbLine
 10
1.84950531496063
 20
0.9142350393700788
 30
0
 11
1.8494860629921259
 21
0.9141383464566929
 31
0
  0
LINE
  5
C8A
330
1A
100
AcDbEntity
  8
BLACK
  6
CONTINUOUS
100
AcDbLine
 10
1.8494860629921259
 20
0.9141383464566929
 30
0
 11
1.8495003543307087
 21
0.9140955118110236
 31
0
  0
LINE
  5
C8B
330
1A
100
AcDbEntity
  8
BLACK
  6
CONTINUOUS
100
AcDbLine
 10
1.8495003543307087
 20
0.9140955118110236
 30
0
 11
1.8494170078740158
 21
0.9137912204724409
 31
0
  0
LINE
  5
C8C
330
1A
100
AcDbEntity
  8
BLACK
  6
CONTINUOUS
100
AcDbLine
 10
1.8494170078740158
 20
0.9137912204724409
 30
0
 11
1.8493554724409449
 21
0.9134817322834645
 31
0
  0
LINE
  5
C8D
330
1A
100
AcDbEntity
  8
BLACK
  6
CONTINUOUS
100
AcDbLine
 10
1.8493554724409449
 20
0.9134817322834645
 30
0
 11
1.8493235433070865
 21
0.913449842519685
 31
0
  0
LINE
  5
C8E
330
1A
100
AcDbEntity
  8
BLACK
  6
CONTINUOUS
100
AcDbLine
 10
1.8493235433070865
 20
0.913449842519685
 30
0
 11
1.8492975196850394
 21
0.9133547244094488
 31
0
  0
LINE
  5
C8F
330
1A
100
AcDbEntity
  8
BLACK
  6
CONTINUOUS
100
AcDbLine
 10
1.8492975196850394
 20
0.9133547244094488
 30
0
 11
1.848360157480315
 21
0.9114799212598425
 31
0
  0
LINE
  5
C90
330
1A
100
AcDbEntity
  8
BLACK
  6
CONTINUOUS
100
AcDbLine
 10
1.848360157480315
 20
0.9114799212598425
 30
0
 11
1.8481197637795275
 21
0.9111702362204724
 31
0
  0
LINE
  5
C91
330
1A
100
AcDbEntity
  8
BLACK
  6
CONTINUOUS
100
AcDbLine
 10
1.8481197637795275
 20
0.9111702362204724
 30
0
 11
1.8480865354330709
 21
0.9110704330708661
 31
0
  0
LINE
  5
C92
330
1A
100
AcDbEntity
  8
BLACK
  6
CONTINUOUS
100
AcDbLine
 10
1.8480865354330709
 20
0.9110704330708661
 30
0
 11
1.8479754330708662
 21
0.910984251968504
 31
0
  0
LINE
  5
C93
330
1A
100
AcDbEntity
  8
BLACK
  6
CONTINUOUS
100
AcDbLine
 10
1.8479754330708662
 20
0.910984251968504
 30
0
 11
1.847889251968504
 21
0.9108731496062992
 31
0
  0
LINE
  5
C94
330
1A
100
AcDbEntity
  8
BLACK
  6
CONTINUOUS
100
AcDbLine
 10
1.847889251968504
 20
0.9108731496062992
 30
0
 11
1.8477894488188975
 21
0.9108399212598425
 31
0
  0
LINE
  5
C95
330
1A
100
AcDbEntity
  8
BLACK
  6
CONTINUOUS
100
AcDbLine
 10
1.8477894488188975
 20
0.9108399212598425
 30
0
 11
1.8474797637795275
 21
0.910599527559055
 31
0
  0
LINE
  5
C96
330
1A
100
AcDbEntity
  8
BLACK
  6
CONTINUOUS
100
AcDbLine
 10
1.8474797637795275
 20
0.910599527559055
 30
0
 11
1.8456049999999999
 21
0.9096621653543306
 31
0
  0
LINE
  5
C97
330
1A
100
AcDbEntity
  8
BLACK
  6
CONTINUOUS
100
AcDbLine
 10
1.8456049999999999
 20
0.9096621653543306
 30
0
 11
1.8455098818897637
 21
0.9096361417322835
 31
0
  0
LINE
  5
C98
330
1A
100
AcDbEntity
  8
BLACK
  6
CONTINUOUS
100
AcDbLine
 10
1.8455098818897637
 20
0.9096361417322835
 30
0
 11
1.8454779921259843
 21
0.9096042125984252
 31
0
  0
LINE
  5
C99
330
1A
100
AcDbEntity
  8
BLACK
  6
CONTINUOUS
100
AcDbLine
 10
1.8454779921259843
 20
0.9096042125984252
 30
0
 11
1.8451685039370078
 21
0.9095426771653543
 31
0
  0
LINE
  5
C9A
330
1A
100
AcDbEntity
  8
BLACK
  6
CONTINUOUS
100
AcDbLine
 10
1.8451685039370078
 20
0.9095426771653543
 30
0
 11
1.8448642125984251
 21
0.9094593307086614
 31
0
  0
LINE
  5
C9B
330
1A
100
AcDbEntity
  8
BLACK
  6
CONTINUOUS
100
AcDbLine
 10
1.8448642125984251
 20
0.9094593307086614
 30
0
 11
1.8448213779527558
 21
0.909473622047244
 31
0
  0
LINE
  5
C9C
330
1A
100
AcDbEntity
  8
BLACK
  6
CONTINUOUS
100
AcDbLine
 10
1.8448213779527558
 20
0.909473622047244
 30
0
 11
1.8447246850393699
 21
0.9094543700787401
 31
0
  0
LINE
  5
C9D
330
1A
100
AcDbEntity
  8
BLACK
  6
CONTINUOUS
100
AcDbLine
 10
1.8447246850393699
 20
0.9094543700787401
 30
0
 11
1.8409751574803148
 21
0.9094543700787401
 31
0
  0
LINE
  5
C9E
330
1A
100
AcDbEntity
  8
BLACK
  6
CONTINUOUS
100
AcDbLine
 10
1.8409751574803148
 20
0.9094543700787401
 30
0
 11
1.8408784251968504
 21
0.909473622047244
 31
0
  0
LINE
  5
C9F
330
1A
100
AcDbEntity
  8
BLACK
  6
CONTINUOUS
100
AcDbLine
 10
1.8408784251968504
 20
0.909473622047244
 30
0
 11
1.8408355905511811
 21
0.9094593307086614
 31
0
  0
LINE
  5
CA0
330
1A
100
AcDbEntity
  8
BLACK
  6
CONTINUOUS
100
AcDbLine
 10
1.8408355905511811
 20
0.9094593307086614
 30
0
 11
1.8405313385826771
 21
0.9095426771653543
 31
0
  0
LINE
  5
CA1
330
1A
100
AcDbEntity
  8
BLACK
  6
CONTINUOUS
100
AcDbLine
 10
1.8405313385826771
 20
0.9095426771653543
 30
0
 11
1.8402218503937007
 21
0.9096042125984252
 31
0
  0
LINE
  5
CA2
330
1A
100
AcDbEntity
  8
BLACK
  6
CONTINUOUS
100
AcDbLine
 10
1.8402218503937007
 20
0.9096042125984252
 30
0
 11
1.8401898818897637
 21
0.9096361811023622
 31
0
  0
LINE
  5
CA3
330
1A
100
AcDbEntity
  8
BLACK
  6
CONTINUOUS
100
AcDbLine
 10
1.8401898818897637
 20
0.9096361811023622
 30
0
 11
1.8400948031496063
 21
0.9096622047244094
 31
0
  0
LINE
  5
CA4
330
1A
100
AcDbEntity
  8
BLACK
  6
CONTINUOUS
100
AcDbLine
 10
1.8400948031496063
 20
0.9096622047244094
 30
0
 11
1.8382200787401575
 21
0.910599527559055
 31
0
  0
LINE
  5
CA5
330
1A
100
AcDbEntity
  8
BLACK
  6
CONTINUOUS
100
AcDbLine
 10
1.8382200787401575
 20
0.910599527559055
 30
0
 11
1.8376133070866141
 21
0.9110704330708661
 31
0
  0
LINE
  5
CA6
330
1A
100
AcDbEntity
  8
BLACK
  6
CONTINUOUS
100
AcDbLine
 10
1.8376133070866141
 20
0.9110704330708661
 30
0
 11
1.8371368503937007
 21
0.9124997637795276
 31
0
  0
LINE
  5
CA7
330
1A
100
AcDbEntity
  8
BLACK
  6
CONTINUOUS
100
AcDbLine
 10
1.8371368503937007
 20
0.9124997637795276
 30
0
 11
1.837810590551181
 21
0.9138473228346456
 31
0
  0
LINE
  5
CA8
330
1A
100
AcDbEntity
  8
BLACK
  6
CONTINUOUS
100
AcDbLine
 10
1.837810590551181
 20
0.9138473228346456
 30
0
 11
1.8392399212598425
 21
0.9143237795275591
 31
0
  0
LINE
  5
CA9
330
1A
100
AcDbEntity
  8
BLACK
  6
CONTINUOUS
100
AcDbLine
 10
1.8392399212598425
 20
0.9143237795275591
 30
0
 11
1.8399807086614173
 21
0.9141209448818898
 31
0
  0
LINE
  5
CAA
330
1A
100
AcDbEntity
  8
BLACK
  6
CONTINUOUS
100
AcDbLine
 10
1.8399807086614173
 20
0.9141209448818898
 30
0
 11
1.8414398818897637
 21
0.9133913779527559
 31
0
  0
LINE
  5
CAB
330
1A
100
AcDbEntity
  8
BLACK
  6
CONTINUOUS
100
AcDbLine
 10
1.8414398818897637
 20
0.9133913779527559
 30
0
 11
1.8442599606299213
 21
0.9133913779527559
 31
0
  0
LINE
  5
CAC
330
1A
100
AcDbEntity
  8
BLACK
  6
CONTINUOUS
100
AcDbLine
 10
1.8442599606299213
 20
0.9133913779527559
 30
0
 11
1.8451321653543307
 21
0.9138274803149606
 31
0
  0
LINE
  5
CAD
330
1A
100
AcDbEntity
  8
BLACK
  6
CONTINUOUS
100
AcDbLine
 10
1.8451321653543307
 20
0.9138274803149606
 30
0
 11
1.8455683070866142
 21
0.9146997637795276
 31
0
  0
LINE
  5
CAE
330
1A
100
AcDbEntity
  8
BLACK
  6
CONTINUOUS
100
AcDbLine
 10
1.8455683070866142
 20
0.9146997637795276
 30
0
 11
1.8455683070866142
 21
0.914707716535433
 31
0
  0
LINE
  5
CAF
330
1A
100
AcDbEntity
  8
BLACK
  6
CONTINUOUS
100
AcDbLine
 10
1.8455683070866142
 20
0.914707716535433
 30
0
 11
1.8451321653543307
 21
0.9155799606299212
 31
0
  0
LINE
  5
CB0
330
1A
100
AcDbEntity
  8
BLACK
  6
CONTINUOUS
100
AcDbLine
 10
1.8451321653543307
 20
0.9155799606299212
 30
0
 11
1.84426
 21
0.916016062992126
 31
0
  0
LINE
  5
CB1
330
1A
100
AcDbEntity
  8
BLACK
  6
CONTINUOUS
100
AcDbLine
 10
1.84426
 20
0.916016062992126
 30
0
 11
1.8419125196850392
 21
0.916016062992126
 31
0
  0
LINE
  5
CB2
330
1A
100
AcDbEntity
  8
BLACK
  6
CONTINUOUS
100
AcDbLine
 10
1.8419125196850392
 20
0.916016062992126
 30
0
 11
1.8418157874015748
 21
0.91603531496063
 31
0
  0
LINE
  5
CB3
330
1A
100
AcDbEntity
  8
BLACK
  6
CONTINUOUS
100
AcDbLine
 10
1.8418157874015748
 20
0.91603531496063
 30
0
 11
1.8417729527559055
 21
0.9160210236220472
 31
0
  0
LINE
  5
CB4
330
1A
100
AcDbEntity
  8
BLACK
  6
CONTINUOUS
100
AcDbLine
 10
1.8417729527559055
 20
0.9160210236220472
 30
0
 11
1.8414687007874015
 21
0.9161043700787401
 31
0
  0
LINE
  5
CB5
330
1A
100
AcDbEntity
  8
BLACK
  6
CONTINUOUS
100
AcDbLine
 10
1.8414687007874015
 20
0.9161043700787401
 30
0
 11
1.8411592125984251
 21
0.916165905511811
 31
0
  0
LINE
  5
CB6
330
1A
100
AcDbEntity
  8
BLACK
  6
CONTINUOUS
100
AcDbLine
 10
1.8411592125984251
 20
0.916165905511811
 30
0
 11
1.8411272440944881
 21
0.916197874015748
 31
0
  0
LINE
  5
CB7
330
1A
100
AcDbEntity
  8
BLACK
  6
CONTINUOUS
100
AcDbLine
 10
1.8411272440944881
 20
0.916197874015748
 30
0
 11
1.8410321653543307
 21
0.9162238976377952
 31
0
  0
LINE
  5
CB8
330
1A
100
AcDbEntity
  8
BLACK
  6
CONTINUOUS
100
AcDbLine
 10
1.8410321653543307
 20
0.9162238976377952
 30
0
 11
1.8391574409448819
 21
0.917161220472441
 31
0
  0
LINE
  5
CB9
330
1A
100
AcDbEntity
  8
BLACK
  6
CONTINUOUS
100
AcDbLine
 10
1.8391574409448819
 20
0.917161220472441
 30
0
 11
1.8388477165354331
 21
0.9174016141732283
 31
0
  0
LINE
  5
CBA
330
1A
100
AcDbEntity
  8
BLACK
  6
CONTINUOUS
100
AcDbLine
 10
1.8388477165354331
 20
0.9174016141732283
 30
0
 11
1.8387479527559054
 21
0.917434842519685
 31
0
  0
LINE
  5
CBB
330
1A
100
AcDbEntity
  8
BLACK
  6
CONTINUOUS
100
AcDbLine
 10
1.8387479527559054
 20
0.917434842519685
 30
0
 11
1.8386617322834646
 21
0.9175459448818898
 31
0
  0
LINE
  5
CBC
330
1A
100
AcDbEntity
  8
BLACK
  6
CONTINUOUS
100
AcDbLine
 10
1.8386617322834646
 20
0.9175459448818898
 30
0
 11
1.8385506692913385
 21
0.9176321259842519
 31
0
  0
LINE
  5
CBD
330
1A
100
AcDbEntity
  8
BLACK
  6
CONTINUOUS
100
AcDbLine
 10
1.8385506692913385
 20
0.9176321259842519
 30
0
 11
1.8385174015748031
 21
0.9177319291338583
 31
0
  0
LINE
  5
CBE
330
1A
100
AcDbEntity
  8
BLACK
  6
CONTINUOUS
100
AcDbLine
 10
1.8385174015748031
 20
0.9177319291338583
 30
0
 11
1.8382770472440944
 21
0.9180416141732283
 31
0
  0
LINE
  5
CBF
330
1A
100
AcDbEntity
  8
BLACK
  6
CONTINUOUS
100
AcDbLine
 10
1.8382770472440944
 20
0.9180416141732283
 30
0
 11
1.83733968503937
 21
0.9199163779527559
 31
0
  0
LINE
  5
CC0
330
1A
100
AcDbEntity
  8
BLACK
  6
CONTINUOUS
100
AcDbLine
 10
1.83733968503937
 20
0.9199163779527559
 30
0
 11
1.8373136220472441
 21
0.9200114960629922
 31
0
  0
LINE
  5
CC1
330
1A
100
AcDbEntity
  8
BLACK
  6
CONTINUOUS
100
AcDbLine
 10
1.8373136220472441
 20
0.9200114960629922
 30
0
 11
1.8372817322834645
 21
0.9200433858267716
 31
0
  0
LINE
  5
CC2
330
1A
100
AcDbEntity
  8
BLACK
  6
CONTINUOUS
100
AcDbLine
 10
1.8372817322834645
 20
0.9200433858267716
 30
0
 11
1.8372201574803149
 21
0.9203528740157481
 31
0
  0
LINE
  5
CC3
330
1A
100
AcDbEntity
  8
BLACK
  6
CONTINUOUS
100
AcDbLine
 10
1.8372201574803149
 20
0.9203528740157481
 30
0
 11
1.8371368503937007
 21
0.9206571653543307
 31
0
  0
LINE
  5
CC4
330
1A
100
AcDbEntity
  8
BLACK
  6
CONTINUOUS
100
AcDbLine
 10
1.8371368503937007
 20
0.9206571653543307
 30
0
 11
1.8371511023622047
 21
0.9207
 31
0
  0
LINE
  5
CC5
330
1A
100
AcDbEntity
  8
BLACK
  6
CONTINUOUS
100
AcDbLine
 10
1.8371511023622047
 20
0.9207
 30
0
 11
1.8371318897637794
 21
0.9207966929133858
 31
0
  0
LINE
  5
CC6
330
1A
100
AcDbEntity
  8
BLACK
  6
CONTINUOUS
100
AcDbLine
 10
1.8371318897637794
 20
0.9207966929133858
 30
0
 11
1.8371318897637794
 21
0.921734094488189
 31
0
  0
LINE
  5
CC7
330
1A
100
AcDbEntity
  8
BLACK
  6
CONTINUOUS
100
AcDbLine
 10
1.8371318897637794
 20
0.921734094488189
 30
0
 11
1.8371511023622047
 21
0.9218308267716535
 31
0
  0
LINE
  5
CC8
330
1A
100
AcDbEntity
  8
BLACK
  6
CONTINUOUS
100
AcDbLine
 10
1.8371511023622047
 20
0.9218308267716535
 30
0
 11
1.8371368503937007
 21
0.9218736220472441
 31
0
  0
LINE
  5
CC9
330
1A
100
AcDbEntity
  8
BLACK
  6
CONTINUOUS
100
AcDbLine
 10
1.8371368503937007
 20
0.9218736220472441
 30
0
 11
1.8372201574803149
 21
0.9221779527559055
 31
0
  0
LINE
  5
CCA
330
1A
100
AcDbEntity
  8
BLACK
  6
CONTINUOUS
100
AcDbLine
 10
1.8372201574803149
 20
0.9221779527559055
 30
0
 11
1.8372817322834645
 21
0.9224874015748031
 31
0
  0
LINE
  5
CCB
330
1A
100
AcDbEntity
  8
BLACK
  6
CONTINUOUS
100
AcDbLine
 10
1.8372817322834645
 20
0.9224874015748031
 30
0
 11
1.8373136220472441
 21
0.9225193307086614
 31
0
  0
LINE
  5
CCC
330
1A
100
AcDbEntity
  8
BLACK
  6
CONTINUOUS
100
AcDbLine
 10
1.8373136220472441
 20
0.9225193307086614
 30
0
 11
1.83733968503937
 21
0.9226144094488189
 31
0
  0
LINE
  5
CCD
330
1A
100
AcDbEntity
  8
BLACK
  6
CONTINUOUS
100
AcDbLine
 10
1.83733968503937
 20
0.9226144094488189
 30
0
 11
1.8382770472440944
 21
0.9244891732283465
 31
0
  0
LINE
  5
CCE
330
1A
100
AcDbEntity
  8
BLACK
  6
CONTINUOUS
100
AcDbLine
 10
1.8382770472440944
 20
0.9244891732283465
 30
0
 11
1.8385174015748031
 21
0.9247988976377952
 31
0
  0
LINE
  5
CCF
330
1A
100
AcDbEntity
  8
BLACK
  6
CONTINUOUS
100
AcDbLine
 10
1.8385174015748031
 20
0.9247988976377952
 30
0
 11
1.8385506692913385
 21
0.9248986614173228
 31
0
  0
LINE
  5
CD0
330
1A
100
AcDbEntity
  8
BLACK
  6
CONTINUOUS
100
AcDbLine
 10
1.8385506692913385
 20
0.9248986614173228
 30
0
 11
1.8386617322834646
 21
0.9249848818897638
 31
0
  0
LINE
  5
CD1
330
1A
100
AcDbEntity
  8
BLACK
  6
CONTINUOUS
100
AcDbLine
 10
1.8386617322834646
 20
0.9249848818897638
 30
0
 11
1.8387479527559054
 21
0.9250959448818897
 31
0
  0
LINE
  5
CD2
330
1A
100
AcDbEntity
  8
BLACK
  6
CONTINUOUS
100
AcDbLine
 10
1.8387479527559054
 20
0.9250959448818897
 30
0
 11
1.8388477165354331
 21
0.9251292125984252
 31
0
  0
LINE
  5
CD3
330
1A
100
AcDbEntity
  8
BLACK
  6
CONTINUOUS
100
AcDbLine
 10
1.8388477165354331
 20
0.9251292125984252
 30
0
 11
1.8391574409448819
 21
0.9253695669291339
 31
0
  0
LINE
  5
CD4
330
1A
100
AcDbEntity
  8
BLACK
  6
CONTINUOUS
100
AcDbLine
 10
1.8391574409448819
 20
0.9253695669291339
 30
0
 11
1.8410321653543307
 21
0.9263068897637795
 31
0
  0
LINE
  5
CD5
330
1A
100
AcDbEntity
  8
BLACK
  6
CONTINUOUS
100
AcDbLine
 10
1.8410321653543307
 20
0.9263068897637795
 30
0
 11
1.8411272440944881
 21
0.9263329527559054
 31
0
  0
LINE
  5
CD6
330
1A
100
AcDbEntity
  8
BLACK
  6
CONTINUOUS
100
AcDbLine
 10
1.8411272440944881
 20
0.9263329527559054
 30
0
 11
1.8411592125984251
 21
0.9263648818897637
 31
0
  0
LINE
  5
CD7
330
1A
100
AcDbEntity
  8
BLACK
  6
CONTINUOUS
100
AcDbLine
 10
1.8411592125984251
 20
0.9263648818897637
 30
0
 11
1.8414687007874015
 21
0.9264264566929133
 31
0
  0
LINE
  5
CD8
330
1A
100
AcDbEntity
  8
BLACK
  6
CONTINUOUS
100
AcDbLine
 10
1.8414687007874015
 20
0.9264264566929133
 30
0
 11
1.8417729527559055
 21
0.9265097637795275
 31
0
  0
LINE
  5
CD9
330
1A
100
AcDbEntity
  8
BLACK
  6
CONTINUOUS
100
AcDbLine
 10
1.8417729527559055
 20
0.9265097637795275
 30
0
 11
1.8418157874015748
 21
0.9264955118110236
 31
0
  0
LINE
  5
CDA
330
1A
100
AcDbEntity
  8
BLACK
  6
CONTINUOUS
100
AcDbLine
 10
1.8418157874015748
 20
0.9264955118110236
 30
0
 11
1.8419125196850392
 21
0.9265147244094488
 31
0
  0
LINE
  5
CDB
330
1A
100
AcDbEntity
  8
BLACK
  6
CONTINUOUS
100
AcDbLine
 10
1.8419125196850392
 20
0.9265147244094488
 30
0
 11
1.8447246850393699
 21
0.9265147244094488
 31
0
  0
LINE
  5
CDC
330
1A
100
AcDbEntity
  8
BLACK
  6
CONTINUOUS
100
AcDbLine
 10
1.8447246850393699
 20
0.9265147244094488
 30
0
 11
1.8448213779527558
 21
0.9264955118110236
 31
0
  0
LINE
  5
CDD
330
1A
100
AcDbEntity
  8
BLACK
  6
CONTINUOUS
100
AcDbLine
 10
1.8577919291338583
 20
0.9318612204724409
 30
0
 11
1.8579417716535434
 21
0.9311079133858268
 31
0
  0
LINE
  5
CDE
330
1A
100
AcDbEntity
  8
BLACK
  6
CONTINUOUS
100
AcDbLine
 10
1.8579417716535434
 20
0.9311079133858268
 30
0
 11
1.8579417716535434
 21
0.9265147244094488
 31
0
  0
LINE
  5
CDF
330
1A
100
AcDbEntity
  8
BLACK
  6
CONTINUOUS
100
AcDbLine
 10
1.8579417716535434
 20
0.9265147244094488
 30
0
 11
1.8606601968503937
 21
0.9265147244094488
 31
0
  0
LINE
  5
CE0
330
1A
100
AcDbEntity
  8
BLACK
  6
CONTINUOUS
100
AcDbLine
 10
1.8606601968503937
 20
0.9265147244094488
 30
0
 11
1.8614135039370079
 21
0.9263648818897637
 31
0
  0
LINE
  5
CE1
330
1A
100
AcDbEntity
  8
BLACK
  6
CONTINUOUS
100
AcDbLine
 10
1.8614135039370079
 20
0.9263648818897637
 30
0
 11
1.8624788582677165
 21
0.9252995275590551
 31
0
  0
LINE
  5
CE2
330
1A
100
AcDbEntity
  8
BLACK
  6
CONTINUOUS
100
AcDbLine
 10
1.8624788582677165
 20
0.9252995275590551
 30
0
 11
1.8624788582677165
 21
0.9237929133858267
 31
0
  0
LINE
  5
CE3
330
1A
100
AcDbEntity
  8
BLACK
  6
CONTINUOUS
100
AcDbLine
 10
1.8624788582677165
 20
0.9237929133858267
 30
0
 11
1.8614135039370079
 21
0.9227275590551181
 31
0
  0
LINE
  5
CE4
330
1A
100
AcDbEntity
  8
BLACK
  6
CONTINUOUS
100
AcDbLine
 10
1.8614135039370079
 20
0.9227275590551181
 30
0
 11
1.8606601968503937
 21
0.9225777165354331
 31
0
  0
LINE
  5
CE5
330
1A
100
AcDbEntity
  8
BLACK
  6
CONTINUOUS
100
AcDbLine
 10
1.8606601968503937
 20
0.9225777165354331
 30
0
 11
1.8579417716535434
 21
0.9225777165354331
 31
0
  0
LINE
  5
CE6
330
1A
100
AcDbEntity
  8
BLACK
  6
CONTINUOUS
100
AcDbLine
 10
1.8579417716535434
 20
0.9225777165354331
 30
0
 11
1.8579417716535434
 21
0.9146997244094488
 31
0
  0
LINE
  5
CE7
330
1A
100
AcDbEntity
  8
BLACK
  6
CONTINUOUS
100
AcDbLine
 10
1.8579417716535434
 20
0.9146997244094488
 30
0
 11
1.8583778346456692
 21
0.9138275196850394
 31
0
  0
LINE
  5
CE8
330
1A
100
AcDbEntity
  8
BLACK
  6
CONTINUOUS
100
AcDbLine
 10
1.8583778346456692
 20
0.9138275196850394
 30
0
 11
1.8592501574803149
 21
0.9133913779527559
 31
0
  0
LINE
  5
CE9
330
1A
100
AcDbEntity
  8
BLACK
  6
CONTINUOUS
100
AcDbLine
 10
1.8592501574803149
 20
0.9133913779527559
 30
0
 11
1.8606601968503937
 21
0.9133913779527559
 31
0
  0
LINE
  5
CEA
330
1A
100
AcDbEntity
  8
BLACK
  6
CONTINUOUS
100
AcDbLine
 10
1.8606601968503937
 20
0.9133913779527559
 30
0
 11
1.8614135039370079
 21
0.9132415354330709
 31
0
  0
LINE
  5
CEB
330
1A
100
AcDbEntity
  8
BLACK
  6
CONTINUOUS
100
AcDbLine
 10
1.8614135039370079
 20
0.9132415354330709
 30
0
 11
1.8624788582677165
 21
0.9121761811023622
 31
0
  0
LINE
  5
CEC
330
1A
100
AcDbEntity
  8
BLACK
  6
CONTINUOUS
100
AcDbLine
 10
1.8624788582677165
 20
0.9121761811023622
 30
0
 11
1.8624788582677165
 21
0.9106695669291338
 31
0
  0
LINE
  5
CED
330
1A
100
AcDbEntity
  8
BLACK
  6
CONTINUOUS
100
AcDbLine
 10
1.8624788582677165
 20
0.9106695669291338
 30
0
 11
1.8614135039370079
 21
0.9096042125984252
 31
0
  0
LINE
  5
CEE
330
1A
100
AcDbEntity
  8
BLACK
  6
CONTINUOUS
100
AcDbLine
 10
1.8614135039370079
 20
0.9096042125984252
 30
0
 11
1.8606601968503937
 21
0.9094543700787401
 31
0
  0
LINE
  5
CEF
330
1A
100
AcDbEntity
  8
BLACK
  6
CONTINUOUS
100
AcDbLine
 10
1.8606601968503937
 20
0.9094543700787401
 30
0
 11
1.8587854330708662
 21
0.9094543700787401
 31
0
  0
LINE
  5
CF0
330
1A
100
AcDbEntity
  8
BLACK
  6
CONTINUOUS
100
AcDbLine
 10
1.8587854330708662
 20
0.9094543700787401
 30
0
 11
1.8586887007874016
 21
0.909473622047244
 31
0
  0
LINE
  5
CF1
330
1A
100
AcDbEntity
  8
BLACK
  6
CONTINUOUS
100
AcDbLine
 10
1.8586887007874016
 20
0.909473622047244
 30
0
 11
1.8586458661417322
 21
0.9094593307086614
 31
0
  0
LINE
  5
CF2
330
1A
100
AcDbEntity
  8
BLACK
  6
CONTINUOUS
100
AcDbLine
 10
1.8586458661417322
 20
0.9094593307086614
 30
0
 11
1.8583416141732283
 21
0.9095426771653543
 31
0
  0
LINE
  5
CF3
330
1A
100
AcDbEntity
  8
BLACK
  6
CONTINUOUS
100
AcDbLine
 10
1.8583416141732283
 20
0.9095426771653543
 30
0
 11
1.8580321259842518
 21
0.9096042125984252
 31
0
  0
LINE
  5
CF4
330
1A
100
AcDbEntity
  8
BLACK
  6
CONTINUOUS
100
AcDbLine
 10
1.8580321259842518
 20
0.9096042125984252
 30
0
 11
1.8580001574803149
 21
0.9096361811023622
 31
0
  0
LINE
  5
CF5
330
1A
100
AcDbEntity
  8
BLACK
  6
CONTINUOUS
100
AcDbLine
 10
1.8580001574803149
 20
0.9096361811023622
 30
0
 11
1.8579050787401574
 21
0.9096622047244094
 31
0
  0
LINE
  5
CF6
330
1A
100
AcDbEntity
  8
BLACK
  6
CONTINUOUS
100
AcDbLine
 10
1.8579050787401574
 20
0.9096622047244094
 30
0
 11
1.8560303543307086
 21
0.910599527559055
 31
0
  0
LINE
  5
CF7
330
1A
100
AcDbEntity
  8
BLACK
  6
CONTINUOUS
100
AcDbLine
 10
1.8560303543307086
 20
0.910599527559055
 30
0
 11
1.8557206692913386
 21
0.9108398818897637
 31
0
  0
LINE
  5
CF8
330
1A
100
AcDbEntity
  8
BLACK
  6
CONTINUOUS
100
AcDbLine
 10
1.8557206692913386
 20
0.9108398818897637
 30
0
 11
1.8556209055118109
 21
0.9108731102362204
 31
0
  0
LINE
  5
CF9
330
1A
100
AcDbEntity
  8
BLACK
  6
CONTINUOUS
100
AcDbLine
 10
1.8556209055118109
 20
0.9108731102362204
 30
0
 11
1.8555346456692914
 21
0.9109842125984252
 31
0
  0
LINE
  5
CFA
330
1A
100
AcDbEntity
  8
BLACK
  6
CONTINUOUS
100
AcDbLine
 10
1.8555346456692914
 20
0.9109842125984252
 30
0
 11
1.8554235826771652
 21
0.9110704330708661
 31
0
  0
LINE
  5
CFB
330
1A
100
AcDbEntity
  8
BLACK
  6
CONTINUOUS
100
AcDbLine
 10
1.8554235826771652
 20
0.9110704330708661
 30
0
 11
1.8553903149606299
 21
0.9111702362204724
 31
0
  0
LINE
  5
CFC
330
1A
100
AcDbEntity
  8
BLACK
  6
CONTINUOUS
100
AcDbLine
 10
1.8553903149606299
 20
0.9111702362204724
 30
0
 11
1.8551499999999999
 21
0.9114798818897638
 31
0
  0
LINE
  5
CFD
330
1A
100
AcDbEntity
  8
BLACK
  6
CONTINUOUS
100
AcDbLine
 10
1.8551499999999999
 20
0.9114798818897638
 30
0
 11
1.8542125984251967
 21
0.91335468503937
 31
0
  0
LINE
  5
CFE
330
1A
100
AcDbEntity
  8
BLACK
  6
CONTINUOUS
100
AcDbLine
 10
1.8542125984251967
 20
0.91335468503937
 30
0
 11
1.8541865354330709
 21
0.9134498031496063
 31
0
  0
LINE
  5
CFF
330
1A
100
AcDbEntity
  8
BLACK
  6
CONTINUOUS
100
AcDbLine
 10
1.8541865354330709
 20
0.9134498031496063
 30
0
 11
1.8541546062992125
 21
0.9134817322834645
 31
0
  0
LINE
  5
D00
330
1A
100
AcDbEntity
  8
BLACK
  6
CONTINUOUS
100
AcDbLine
 10
1.8541546062992125
 20
0.9134817322834645
 30
0
 11
1.8540930314960629
 21
0.9137912598425196
 31
0
  0
LINE
  5
D01
330
1A
100
AcDbEntity
  8
BLACK
  6
CONTINUOUS
100
AcDbLine
 10
1.8540930314960629
 20
0.9137912598425196
 30
0
 11
1.8540097244094487
 21
0.9140954724409449
 31
0
  0
LINE
  5
D02
330
1A
100
AcDbEntity
  8
BLACK
  6
CONTINUOUS
100
AcDbLine
 10
1.8540097244094487
 20
0.9140954724409449
 30
0
 11
1.8540239763779527
 21
0.9141383464566929
 31
0
  0
LINE
  5
D03
330
1A
100
AcDbEntity
  8
BLACK
  6
CONTINUOUS
100
AcDbLine
 10
1.8540239763779527
 20
0.9141383464566929
 30
0
 11
1.8540047637795276
 21
0.9142350393700788
 31
0
  0
LINE
  5
D04
330
1A
100
AcDbEntity
  8
BLACK
  6
CONTINUOUS
100
AcDbLine
 10
1.8540047637795276
 20
0.9142350393700788
 30
0
 11
1.8540047637795276
 21
0.9225777165354331
 31
0
  0
LINE
  5
D05
330
1A
100
AcDbEntity
  8
BLACK
  6
CONTINUOUS
100
AcDbLine
 10
1.8540047637795276
 20
0.9225777165354331
 30
0
 11
1.8531611417322835
 21
0.9225777165354331
 31
0
  0
LINE
  5
D06
330
1A
100
AcDbEntity
  8
BLACK
  6
CONTINUOUS
100
AcDbLine
 10
1.8531611417322835
 20
0.9225777165354331
 30
0
 11
1.8524078346456692
 21
0.9227275590551181
 31
0
  0
LINE
  5
D07
330
1A
100
AcDbEntity
  8
BLACK
  6
CONTINUOUS
100
AcDbLine
 10
1.8524078346456692
 20
0.9227275590551181
 30
0
 11
1.8513424803149605
 21
0.9237929133858267
 31
0
  0
LINE
  5
D08
330
1A
100
AcDbEntity
  8
BLACK
  6
CONTINUOUS
100
AcDbLine
 10
1.8513424803149605
 20
0.9237929133858267
 30
0
 11
1.8513424803149605
 21
0.9252995275590551
 31
0
  0
LINE
  5
D09
330
1A
100
AcDbEntity
  8
BLACK
  6
CONTINUOUS
100
AcDbLine
 10
1.8513424803149605
 20
0.9252995275590551
 30
0
 11
1.8524078346456692
 21
0.9263648818897637
 31
0
  0
LINE
  5
D0A
330
1A
100
AcDbEntity
  8
BLACK
  6
CONTINUOUS
100
AcDbLine
 10
1.8524078346456692
 20
0.9263648818897637
 30
0
 11
1.8531611417322835
 21
0.9265147244094488
 31
0
  0
LINE
  5
D0B
330
1A
100
AcDbEntity
  8
BLACK
  6
CONTINUOUS
100
AcDbLine
 10
1.8531611417322835
 20
0.9265147244094488
 30
0
 11
1.8540047637795276
 21
0.9265147244094488
 31
0
  0
LINE
  5
D0C
330
1A
100
AcDbEntity
  8
BLACK
  6
CONTINUOUS
100
AcDbLine
 10
1.8540047637795276
 20
0.9265147244094488
 30
0
 11
1.8540047637795276
 21
0.9311079133858268
 31
0
  0
LINE
  5
D0D
330
1A
100
AcDbEntity
  8
BLACK
  6
CONTINUOUS
100
AcDbLine
 10
1.8540047637795276
 20
0.9311079133858268
 30
0
 11
1.8541546062992125
 21
0.9318612204724409
 31
0
  0
LINE
  5
D0E
330
1A
100
AcDbEntity
  8
BLACK
  6
CONTINUOUS
100
AcDbLine
 10
1.8541546062992125
 20
0.9318612204724409
 30
0
 11
1.8552199606299211
 21
0.9329265748031496
 31
0
  0
LINE
  5
D0F
330
1A
100
AcDbEntity
  8
BLACK
  6
CONTINUOUS
100
AcDbLine
 10
1.8552199606299211
 20
0.9329265748031496
 30
0
 11
1.8567265748031496
 21
0.9329265748031496
 31
0
  0
LINE
  5
D10
330
1A
100
AcDbEntity
  8
BLACK
  6
CONTINUOUS
100
AcDbLine
 10
1.8567265748031496
 20
0.9329265748031496
 30
0
 11
1.8577919291338583
 21
0.9318612204724409
 31
0
  0
LINE
  5
D11
330
1A
100
AcDbEntity
  8
BLACK
  6
CONTINUOUS
100
AcDbLine
 10
1.8729428346456694
 20
0.9264955118110236
 30
0
 11
1.8729856692913385
 21
0.9265097637795275
 31
0
  0
LINE
  5
D12
330
1A
100
AcDbEntity
  8
BLACK
  6
CONTINUOUS
100
AcDbLine
 10
1.8729856692913385
 20
0.9265097637795275
 30
0
 11
1.8732899606299211
 21
0.9264264566929133
 31
0
  0
LINE
  5
D13
330
1A
100
AcDbEntity
  8
BLACK
  6
CONTINUOUS
100
AcDbLine
 10
1.8732899606299211
 20
0.9264264566929133
 30
0
 11
1.8735994488188976
 21
0.9263648818897637
 31
0
  0
LINE
  5
D14
330
1A
100
AcDbEntity
  8
BLACK
  6
CONTINUOUS
100
AcDbLine
 10
1.8735994488188976
 20
0.9263648818897637
 30
0
 11
1.8736313385826771
 21
0.9263329921259842
 31
0
  0
LINE
  5
D15
330
1A
100
AcDbEntity
  8
BLACK
  6
CONTINUOUS
100
AcDbLine
 10
1.8736313385826771
 20
0.9263329921259842
 30
0
 11
1.8737264566929133
 21
0.9263069291338583
 31
0
  0
LINE
  5
D16
330
1A
100
AcDbEntity
  8
BLACK
  6
CONTINUOUS
100
AcDbLine
 10
1.8737264566929133
 20
0.9263069291338583
 30
0
 11
1.8756012204724408
 21
0.9253695669291339
 31
0
  0
LINE
  5
D17
330
1A
100
AcDbEntity
  8
BLACK
  6
CONTINUOUS
100
AcDbLine
 10
1.8756012204724408
 20
0.9253695669291339
 30
0
 11
1.8759108661417323
 21
0.9251292519685039
 31
0
  0
LINE
  5
D18
330
1A
100
AcDbEntity
  8
BLACK
  6
CONTINUOUS
100
AcDbLine
 10
1.8759108661417323
 20
0.9251292519685039
 30
0
 11
1.8760106692913385
 21
0.9250959842519685
 31
0
  0
LINE
  5
D19
330
1A
100
AcDbEntity
  8
BLACK
  6
CONTINUOUS
100
AcDbLine
 10
1.8760106692913385
 20
0.9250959842519685
 30
0
 11
1.8760968897637795
 21
0.9249849212598426
 31
0
  0
LINE
  5
D1A
330
1A
100
AcDbEntity
  8
BLACK
  6
CONTINUOUS
100
AcDbLine
 10
1.8760968897637795
 20
0.9249849212598426
 30
0
 11
1.8762079921259842
 21
0.9248986614173228
 31
0
  0
LINE
  5
D1B
330
1A
100
AcDbEntity
  8
BLACK
  6
CONTINUOUS
100
AcDbLine
 10
1.8762079921259842
 20
0.9248986614173228
 30
0
 11
1.8762412204724408
 21
0.9247988976377952
 31
0
  0
LINE
  5
D1C
330
1A
100
AcDbEntity
  8
BLACK
  6
CONTINUOUS
100
AcDbLine
 10
1.8762412204724408
 20
0.9247988976377952
 30
0
 11
1.8764815748031496
 21
0.9244892125984252
 31
0
  0
LINE
  5
D1D
330
1A
100
AcDbEntity
  8
BLACK
  6
CONTINUOUS
100
AcDbLine
 10
1.8764815748031496
 20
0.9244892125984252
 30
0
 11
1.8774189763779527
 21
0.9226144488188976
 31
0
  0
LINE
  5
D1E
330
1A
100
AcDbEntity
  8
BLACK
  6
CONTINUOUS
100
AcDbLine
 10
1.8774189763779527
 20
0.9226144488188976
 30
0
 11
1.877445
 21
0.9225193700787402
 31
0
  0
LINE
  5
D1F
330
1A
100
AcDbEntity
  8
BLACK
  6
CONTINUOUS
100
AcDbLine
 10
1.877445
 20
0.9225193700787402
 30
0
 11
1.877476968503937
 21
0.9224874015748031
 31
0
  0
LINE
  5
D20
330
1A
100
AcDbEntity
  8
BLACK
  6
CONTINUOUS
100
AcDbLine
 10
1.877476968503937
 20
0.9224874015748031
 30
0
 11
1.8775385039370078
 21
0.9221779133858268
 31
0
  0
LINE
  5
D21
330
1A
100
AcDbEntity
  8
BLACK
  6
CONTINUOUS
100
AcDbLine
 10
1.8775385039370078
 20
0.9221779133858268
 30
0
 11
1.8776218503937008
 21
0.9218736614173229
 31
0
  0
LINE
  5
D22
330
1A
100
AcDbEntity
  8
BLACK
  6
CONTINUOUS
100
AcDbLine
 10
1.8776218503937008
 20
0.9218736614173229
 30
0
 11
1.877607559055118
 21
0.9218308267716535
 31
0
  0
LINE
  5
D23
330
1A
100
AcDbEntity
  8
BLACK
  6
CONTINUOUS
100
AcDbLine
 10
1.877607559055118
 20
0.9218308267716535
 30
0
 11
1.8776268110236221
 21
0.921734094488189
 31
0
  0
LINE
  5
D24
330
1A
100
AcDbEntity
  8
BLACK
  6
CONTINUOUS
100
AcDbLine
 10
1.8776268110236221
 20
0.921734094488189
 30
0
 11
1.8776268110236221
 21
0.9114228740157481
 31
0
  0
LINE
  5
D25
330
1A
100
AcDbEntity
  8
BLACK
  6
CONTINUOUS
100
AcDbLine
 10
1.8776268110236221
 20
0.9114228740157481
 30
0
 11
1.877476968503937
 21
0.9106695669291338
 31
0
  0
LINE
  5
D26
330
1A
100
AcDbEntity
  8
BLACK
  6
CONTINUOUS
100
AcDbLine
 10
1.877476968503937
 20
0.9106695669291338
 30
0
 11
1.8764116141732283
 21
0.9096042125984252
 31
0
  0
LINE
  5
D27
330
1A
100
AcDbEntity
  8
BLACK
  6
CONTINUOUS
100
AcDbLine
 10
1.8764116141732283
 20
0.9096042125984252
 30
0
 11
1.874905
 21
0.9096042125984252
 31
0
  0
LINE
  5
D28
330
1A
100
AcDbEntity
  8
BLACK
  6
CONTINUOUS
100
AcDbLine
 10
1.874905
 20
0.9096042125984252
 30
0
 11
1.8747859842519685
 21
0.9097232283464567
 31
0
  0
LINE
  5
D29
330
1A
100
AcDbEntity
  8
BLACK
  6
CONTINUOUS
100
AcDbLine
 10
1.8747859842519685
 20
0.9097232283464567
 30
0
 11
1.8746638582677164
 21
0.9096621653543306
 31
0
  0
LINE
  5
D2A
330
1A
100
AcDbEntity
  8
BLACK
  6
CONTINUOUS
100
AcDbLine
 10
1.8746638582677164
 20
0.9096621653543306
 30
0
 11
1.8745687401574802
 21
0.9096361417322835
 31
0
  0
LINE
  5
D2B
330
1A
100
AcDbEntity
  8
BLACK
  6
CONTINUOUS
100
AcDbLine
 10
1.8745687401574802
 20
0.9096361417322835
 30
0
 11
1.8745368503937008
 21
0.9096042125984252
 31
0
  0
LINE
  5
D2C
330
1A
100
AcDbEntity
  8
BLACK
  6
CONTINUOUS
100
AcDbLine
 10
1.8745368503937008
 20
0.9096042125984252
 30
0
 11
1.8742273622047243
 21
0.9095426771653543
 31
0
  0
LINE
  5
D2D
330
1A
100
AcDbEntity
  8
BLACK
  6
CONTINUOUS
100
AcDbLine
 10
1.8742273622047243
 20
0.9095426771653543
 30
0
 11
1.8739230708661416
 21
0.9094593307086614
 31
0
  0
LINE
  5
D2E
330
1A
100
AcDbEntity
  8
BLACK
  6
CONTINUOUS
100
AcDbLine
 10
1.8739230708661416
 20
0.9094593307086614
 30
0
 11
1.8738802362204725
 21
0.909473622047244
 31
0
  0
LINE
  5
D2F
330
1A
100
AcDbEntity
  8
BLACK
  6
CONTINUOUS
100
AcDbLine
 10
1.8738802362204725
 20
0.909473622047244
 30
0
 11
1.8737835433070866
 21
0.9094543700787401
 31
0
  0
LINE
  5
D30
330
1A
100
AcDbEntity
  8
BLACK
  6
CONTINUOUS
100
AcDbLine
 10
1.8737835433070866
 20
0.9094543700787401
 30
0
 11
1.8690966141732284
 21
0.9094543700787401
 31
0
  0
LINE
  5
D31
330
1A
100
AcDbEntity
  8
BLACK
  6
CONTINUOUS
100
AcDbLine
 10
1.8690966141732284
 20
0.9094543700787401
 30
0
 11
1.8689998818897637
 21
0.909473622047244
 31
0
  0
LINE
  5
D32
330
1A
100
AcDbEntity
  8
BLACK
  6
CONTINUOUS
100
AcDbLine
 10
1.8689998818897637
 20
0.909473622047244
 30
0
 11
1.8689570472440944
 21
0.9094593307086614
 31
0
  0
LINE
  5
D33
330
1A
100
AcDbEntity
  8
BLACK
  6
CONTINUOUS
100
AcDbLine
 10
1.8689570472440944
 20
0.9094593307086614
 30
0
 11
1.8686527952755905
 21
0.9095426771653543
 31
0
  0
LINE
  5
D34
330
1A
100
AcDbEntity
  8
BLACK
  6
CONTINUOUS
100
AcDbLine
 10
1.8686527952755905
 20
0.9095426771653543
 30
0
 11
1.8683433070866142
 21
0.9096042125984252
 31
0
  0
LINE
  5
D35
330
1A
100
AcDbEntity
  8
BLACK
  6
CONTINUOUS
100
AcDbLine
 10
1.8683433070866142
 20
0.9096042125984252
 30
0
 11
1.8683113385826771
 21
0.9096361811023622
 31
0
  0
LINE
  5
D36
330
1A
100
AcDbEntity
  8
BLACK
  6
CONTINUOUS
100
AcDbLine
 10
1.8683113385826771
 20
0.9096361811023622
 30
0
 11
1.8682162598425196
 21
0.9096622047244094
 31
0
  0
LINE
  5
D37
330
1A
100
AcDbEntity
  8
BLACK
  6
CONTINUOUS
100
AcDbLine
 10
1.8682162598425196
 20
0.9096622047244094
 30
0
 11
1.8663415354330708
 21
0.910599527559055
 31
0
  0
LINE
  5
D38
330
1A
100
AcDbEntity
  8
BLACK
  6
CONTINUOUS
100
AcDbLine
 10
1.8663415354330708
 20
0.910599527559055
 30
0
 11
1.866031811023622
 21
0.9108399212598425
 31
0
  0
LINE
  5
D39
330
1A
100
AcDbEntity
  8
BLACK
  6
CONTINUOUS
100
AcDbLine
 10
1.866031811023622
 20
0.9108399212598425
 30
0
 11
1.8659320472440943
 21
0.9108731496062992
 31
0
  0
LINE
  5
D3A
330
1A
100
AcDbEntity
  8
BLACK
  6
CONTINUOUS
100
AcDbLine
 10
1.8659320472440943
 20
0.9108731496062992
 30
0
 11
1.8658458267716536
 21
0.910984251968504
 31
0
  0
LINE
  5
D3B
330
1A
100
AcDbEntity
  8
BLACK
  6
CONTINUOUS
100
AcDbLine
 10
1.8658458267716536
 20
0.910984251968504
 30
0
 11
1.8657347637795276
 21
0.9110704330708661
 31
0
  0
LINE
  5
D3C
330
1A
100
AcDbEntity
  8
BLACK
  6
CONTINUOUS
100
AcDbLine
 10
1.8657347637795276
 20
0.9110704330708661
 30
0
 11
1.8657014960629921
 21
0.9111702362204724
 31
0
  0
LINE
  5
D3D
330
1A
100
AcDbEntity
  8
BLACK
  6
CONTINUOUS
100
AcDbLine
 10
1.8657014960629921
 20
0.9111702362204724
 30
0
 11
1.8654611417322835
 21
0.9114799212598425
 31
0
  0
LINE
  5
D3E
330
1A
100
AcDbEntity
  8
BLACK
  6
CONTINUOUS
100
AcDbLine
 10
1.8654611417322835
 20
0.9114799212598425
 30
0
 11
1.8645237795275591
 21
0.9133547244094488
 31
0
  0
LINE
  5
D3F
330
1A
100
AcDbEntity
  8
BLACK
  6
CONTINUOUS
100
AcDbLine
 10
1.8645237795275591
 20
0.9133547244094488
 30
0
 11
1.8644977165354331
 21
0.913449842519685
 31
0
  0
LINE
  5
D40
330
1A
100
AcDbEntity
  8
BLACK
  6
CONTINUOUS
100
AcDbLine
 10
1.8644977165354331
 20
0.913449842519685
 30
0
 11
1.8644658267716534
 21
0.9134817322834645
 31
0
  0
LINE
  5
D41
330
1A
100
AcDbEntity
  8
BLACK
  6
CONTINUOUS
100
AcDbLine
 10
1.8644658267716534
 20
0.9134817322834645
 30
0
 11
1.8644042519685038
 21
0.9137912204724409
 31
0
  0
LINE
  5
D42
330
1A
100
AcDbEntity
  8
BLACK
  6
CONTINUOUS
100
AcDbLine
 10
1.8644042519685038
 20
0.9137912204724409
 30
0
 11
1.8643209448818898
 21
0.9140955118110236
 31
0
  0
LINE
  5
D43
330
1A
100
AcDbEntity
  8
BLACK
  6
CONTINUOUS
100
AcDbLine
 10
1.8643209448818898
 20
0.9140955118110236
 30
0
 11
1.8643351968503936
 21
0.9141383464566929
 31
0
  0
LINE
  5
D44
330
1A
100
AcDbEntity
  8
BLACK
  6
CONTINUOUS
100
AcDbLine
 10
1.8643351968503936
 20
0.9141383464566929
 30
0
 11
1.8643159842519685
 21
0.9142350393700788
 31
0
  0
LINE
  5
D45
330
1A
100
AcDbEntity
  8
BLACK
  6
CONTINUOUS
100
AcDbLine
 10
1.8643159842519685
 20
0.9142350393700788
 30
0
 11
1.8643159842519685
 21
0.9161098031496063
 31
0
  0
LINE
  5
D46
330
1A
100
AcDbEntity
  8
BLACK
  6
CONTINUOUS
100
AcDbLine
 10
1.8643159842519685
 20
0.9161098031496063
 30
0
 11
1.8643351968503936
 21
0.9162065354330708
 31
0
  0
LINE
  5
D47
330
1A
100
AcDbEntity
  8
BLACK
  6
CONTINUOUS
100
AcDbLine
 10
1.8643351968503936
 20
0.9162065354330708
 30
0
 11
1.8643209448818898
 21
0.9162493307086614
 31
0
  0
LINE
  5
D48
330
1A
100
AcDbEntity
  8
BLACK
  6
CONTINUOUS
100
AcDbLine
 10
1.8643209448818898
 20
0.9162493307086614
 30
0
 11
1.8644042519685038
 21
0.9165536614173229
 31
0
  0
LINE
  5
D49
330
1A
100
AcDbEntity
  8
BLACK
  6
CONTINUOUS
100
AcDbLine
 10
1.8644042519685038
 20
0.9165536614173229
 30
0
 11
1.8644658267716534
 21
0.9168631102362205
 31
0
  0
LINE
  5
D4A
330
1A
100
AcDbEntity
  8
BLACK
  6
CONTINUOUS
100
AcDbLine
 10
1.8644658267716534
 20
0.9168631102362205
 30
0
 11
1.8644977165354331
 21
0.9168950393700788
 31
0
  0
LINE
  5
D4B
330
1A
100
AcDbEntity
  8
BLACK
  6
CONTINUOUS
100
AcDbLine
 10
1.8644977165354331
 20
0.9168950393700788
 30
0
 11
1.8645237795275591
 21
0.9169901181102362
 31
0
  0
LINE
  5
D4C
330
1A
100
AcDbEntity
  8
BLACK
  6
CONTINUOUS
100
AcDbLine
 10
1.8645237795275591
 20
0.9169901181102362
 30
0
 11
1.8654611417322835
 21
0.9188648818897638
 31
0
  0
LINE
  5
D4D
330
1A
100
AcDbEntity
  8
BLACK
  6
CONTINUOUS
100
AcDbLine
 10
1.8654611417322835
 20
0.9188648818897638
 30
0
 11
1.8657014960629921
 21
0.9191746062992125
 31
0
  0
LINE
  5
D4E
330
1A
100
AcDbEntity
  8
BLACK
  6
CONTINUOUS
100
AcDbLine
 10
1.8657014960629921
 20
0.9191746062992125
 30
0
 11
1.8657347637795276
 21
0.9192743700787401
 31
0
  0
LINE
  5
D4F
330
1A
100
AcDbEntity
  8
BLACK
  6
CONTINUOUS
100
AcDbLine
 10
1.8657347637795276
 20
0.9192743700787401
 30
0
 11
1.8658458267716536
 21
0.9193605905511811
 31
0
  0
LINE
  5
D50
330
1A
100
AcDbEntity
  8
BLACK
  6
CONTINUOUS
100
AcDbLine
 10
1.8658458267716536
 20
0.9193605905511811
 30
0
 11
1.8659320472440943
 21
0.9194716535433071
 31
0
  0
LINE
  5
D51
330
1A
100
AcDbEntity
  8
BLACK
  6
CONTINUOUS
100
AcDbLine
 10
1.8659320472440943
 20
0.9194716535433071
 30
0
 11
1.866031811023622
 21
0.9195049212598425
 31
0
  0
LINE
  5
D52
330
1A
100
AcDbEntity
  8
BLACK
  6
CONTINUOUS
100
AcDbLine
 10
1.866031811023622
 20
0.9195049212598425
 30
0
 11
1.8663415354330708
 21
0.9197452755905512
 31
0
  0
LINE
  5
D53
330
1A
100
AcDbEntity
  8
BLACK
  6
CONTINUOUS
100
AcDbLine
 10
1.8663415354330708
 20
0.9197452755905512
 30
0
 11
1.8682162598425196
 21
0.9206825984251968
 31
0
  0
LINE
  5
D54
330
1A
100
AcDbEntity
  8
BLACK
  6
CONTINUOUS
100
AcDbLine
 10
1.8682162598425196
 20
0.9206825984251968
 30
0
 11
1.8683113385826771
 21
0.9207086614173228
 31
0
  0
LINE
  5
D55
330
1A
100
AcDbEntity
  8
BLACK
  6
CONTINUOUS
100
AcDbLine
 10
1.8683113385826771
 20
0.9207086614173228
 30
0
 11
1.8683433070866142
 21
0.9207405905511811
 31
0
  0
LINE
  5
D56
330
1A
100
AcDbEntity
  8
BLACK
  6
CONTINUOUS
100
AcDbLine
 10
1.8683433070866142
 20
0.9207405905511811
 30
0
 11
1.8686527952755905
 21
0.9208021653543307
 31
0
  0
LINE
  5
D57
330
1A
100
AcDbEntity
  8
BLACK
  6
CONTINUOUS
100
AcDbLine
 10
1.8686527952755905
 20
0.9208021653543307
 30
0
 11
1.8689570472440944
 21
0.9208854724409449
 31
0
  0
LINE
  5
D58
330
1A
100
AcDbEntity
  8
BLACK
  6
CONTINUOUS
100
AcDbLine
 10
1.8689570472440944
 20
0.9208854724409449
 30
0
 11
1.8689998818897637
 21
0.920871220472441
 31
0
  0
LINE
  5
D59
330
1A
100
AcDbEntity
  8
BLACK
  6
CONTINUOUS
100
AcDbLine
 10
1.8689998818897637
 20
0.920871220472441
 30
0
 11
1.8690966141732284
 21
0.9208904330708662
 31
0
  0
LINE
  5
D5A
330
1A
100
AcDbEntity
  8
BLACK
  6
CONTINUOUS
100
AcDbLine
 10
1.8690966141732284
 20
0.9208904330708662
 30
0
 11
1.8733188582677165
 21
0.9208904330708662
 31
0
  0
LINE
  5
D5B
330
1A
100
AcDbEntity
  8
BLACK
  6
CONTINUOUS
100
AcDbLine
 10
1.8733188582677165
 20
0.9208904330708662
 30
0
 11
1.8736898031496063
 21
0.9210759448818897
 31
0
  0
LINE
  5
D5C
330
1A
100
AcDbEntity
  8
BLACK
  6
CONTINUOUS
100
AcDbLine
 10
1.8736898031496063
 20
0.9210759448818897
 30
0
 11
1.8736898031496063
 21
0.9212694094488189
 31
0
  0
LINE
  5
D5D
330
1A
100
AcDbEntity
  8
BLACK
  6
CONTINUOUS
100
AcDbLine
 10
1.8736898031496063
 20
0.9212694094488189
 30
0
 11
1.8732536614173227
 21
0.9221416141732284
 31
0
  0
LINE
  5
D5E
330
1A
100
AcDbEntity
  8
BLACK
  6
CONTINUOUS
100
AcDbLine
 10
1.8732536614173227
 20
0.9221416141732284
 30
0
 11
1.8723814173228346
 21
0.9225777165354331
 31
0
  0
LINE
  5
D5F
330
1A
100
AcDbEntity
  8
BLACK
  6
CONTINUOUS
100
AcDbLine
 10
1.8723814173228346
 20
0.9225777165354331
 30
0
 11
1.869561338582677
 21
0.9225777165354331
 31
0
  0
LINE
  5
D60
330
1A
100
AcDbEntity
  8
BLACK
  6
CONTINUOUS
100
AcDbLine
 10
1.869561338582677
 20
0.9225777165354331
 30
0
 11
1.8681021653543306
 21
0.9218481496062992
 31
0
  0
LINE
  5
D61
330
1A
100
AcDbEntity
  8
BLACK
  6
CONTINUOUS
100
AcDbLine
 10
1.8681021653543306
 20
0.9218481496062992
 30
0
 11
1.8673613779527558
 21
0.9216453149606298
 31
0
  0
LINE
  5
D62
330
1A
100
AcDbEntity
  8
BLACK
  6
CONTINUOUS
100
AcDbLine
 10
1.8673613779527558
 20
0.9216453149606298
 30
0
 11
1.8659320472440943
 21
0.9221217716535433
 31
0
  0
LINE
  5
D63
330
1A
100
AcDbEntity
  8
BLACK
  6
CONTINUOUS
100
AcDbLine
 10
1.8659320472440943
 20
0.9221217716535433
 30
0
 11
1.8652583070866142
 21
0.9234693307086614
 31
0
  0
LINE
  5
D64
330
1A
100
AcDbEntity
  8
BLACK
  6
CONTINUOUS
100
AcDbLine
 10
1.8652583070866142
 20
0.9234693307086614
 30
0
 11
1.8657347637795276
 21
0.9248986614173228
 31
0
  0
LINE
  5
D65
330
1A
100
AcDbEntity
  8
BLACK
  6
CONTINUOUS
100
AcDbLine
 10
1.8657347637795276
 20
0.9248986614173228
 30
0
 11
1.8663415354330708
 21
0.9253695669291339
 31
0
  0
LINE
  5
D66
330
1A
100
AcDbEntity
  8
BLACK
  6
CONTINUOUS
100
AcDbLine
 10
1.8663415354330708
 20
0.9253695669291339
 30
0
 11
1.8682162598425196
 21
0.9263068897637795
 31
0
  0
LINE
  5
D67
330
1A
100
AcDbEntity
  8
BLACK
  6
CONTINUOUS
100
AcDbLine
 10
1.8682162598425196
 20
0.9263068897637795
 30
0
 11
1.8683113385826771
 21
0.9263329527559054
 31
0
  0
LINE
  5
D68
330
1A
100
AcDbEntity
  8
BLACK
  6
CONTINUOUS
100
AcDbLine
 10
1.8683113385826771
 20
0.9263329527559054
 30
0
 11
1.8683433070866142
 21
0.9263648818897637
 31
0
  0
LINE
  5
D69
330
1A
100
AcDbEntity
  8
BLACK
  6
CONTINUOUS
100
AcDbLine
 10
1.8683433070866142
 20
0.9263648818897637
 30
0
 11
1.8686527952755905
 21
0.9264264566929133
 31
0
  0
LINE
  5
D6A
330
1A
100
AcDbEntity
  8
BLACK
  6
CONTINUOUS
100
AcDbLine
 10
1.8686527952755905
 20
0.9264264566929133
 30
0
 11
1.8689570472440944
 21
0.9265097637795275
 31
0
  0
LINE
  5
D6B
330
1A
100
AcDbEntity
  8
BLACK
  6
CONTINUOUS
100
AcDbLine
 10
1.8689570472440944
 20
0.9265097637795275
 30
0
 11
1.8689998818897637
 21
0.9264955118110236
 31
0
  0
LINE
  5
D6C
330
1A
100
AcDbEntity
  8
BLACK
  6
CONTINUOUS
100
AcDbLine
 10
1.8689998818897637
 20
0.9264955118110236
 30
0
 11
1.8690966141732284
 21
0.9265147244094488
 31
0
  0
LINE
  5
D6D
330
1A
100
AcDbEntity
  8
BLACK
  6
CONTINUOUS
100
AcDbLine
 10
1.8690966141732284
 20
0.9265147244094488
 30
0
 11
1.8728461417322835
 21
0.9265147244094488
 31
0
  0
LINE
  5
D6E
330
1A
100
AcDbEntity
  8
BLACK
  6
CONTINUOUS
100
AcDbLine
 10
1.8728461417322835
 20
0.9265147244094488
 30
0
 11
1.8729428346456694
 21
0.9264955118110236
 31
0
  0
LINE
  5
D6F
330
1A
100
AcDbEntity
  8
BLACK
  6
CONTINUOUS
100
AcDbLine
 10
1.8686890551181101
 20
0.9165173228346456
 30
0
 11
1.8682529921259843
 21
0.9156451181102362
 31
0
  0
LINE
  5
D70
330
1A
100
AcDbEntity
  8
BLACK
  6
CONTINUOUS
100
AcDbLine
 10
1.8682529921259843
 20
0.9156451181102362
 30
0
 11
1.8682529921259843
 21
0.9146997637795276
 31
0
  0
LINE
  5
D71
330
1A
100
AcDbEntity
  8
BLACK
  6
CONTINUOUS
100
AcDbLine
 10
1.8682529921259843
 20
0.9146997637795276
 30
0
 11
1.8686890944881889
 21
0.9138275196850394
 31
0
  0
LINE
  5
D72
330
1A
100
AcDbEntity
  8
BLACK
  6
CONTINUOUS
100
AcDbLine
 10
1.8686890944881889
 20
0.9138275196850394
 30
0
 11
1.869561338582677
 21
0.9133913779527559
 31
0
  0
LINE
  5
D73
330
1A
100
AcDbEntity
  8
BLACK
  6
CONTINUOUS
100
AcDbLine
 10
1.869561338582677
 20
0.9133913779527559
 30
0
 11
1.8733188188976377
 21
0.9133913779527559
 31
0
  0
LINE
  5
D74
330
1A
100
AcDbEntity
  8
BLACK
  6
CONTINUOUS
100
AcDbLine
 10
1.8733188188976377
 20
0.9133913779527559
 30
0
 11
1.8736898031496063
 21
0.9135768897637795
 31
0
  0
LINE
  5
D75
330
1A
100
AcDbEntity
  8
BLACK
  6
CONTINUOUS
100
AcDbLine
 10
1.8736898031496063
 20
0.9135768897637795
 30
0
 11
1.8736898031496063
 21
0.9169534251968504
 31
0
  0
LINE
  5
D76
330
1A
100
AcDbEntity
  8
BLACK
  6
CONTINUOUS
100
AcDbLine
 10
1.8736898031496063
 20
0.9169534251968504
 30
0
 11
1.869561338582677
 21
0.9169534251968504
 31
0
  0
LINE
  5
D77
330
1A
100
AcDbEntity
  8
BLACK
  6
CONTINUOUS
100
AcDbLine
 10
1.869561338582677
 20
0.9169534251968504
 30
0
 11
1.8686890551181101
 21
0.9165173228346456
 31
0
  0
LINE
  5
D78
330
1A
100
AcDbEntity
  8
BLACK
  6
CONTINUOUS
100
AcDbLine
 10
1.8916905118110237
 20
0.9264955118110236
 30
0
 11
1.8917333464566928
 21
0.9265097637795275
 31
0
  0
LINE
  5
D79
330
1A
100
AcDbEntity
  8
BLACK
  6
CONTINUOUS
100
AcDbLine
 10
1.8917333464566928
 20
0.9265097637795275
 30
0
 11
1.8920376377952755
 21
0.9264264566929133
 31
0
  0
LINE
  5
D7A
330
1A
100
AcDbEntity
  8
BLACK
  6
CONTINUOUS
100
AcDbLine
 10
1.8920376377952755
 20
0.9264264566929133
 30
0
 11
1.8923471259842519
 21
0.9263648818897637
 31
0
  0
LINE
  5
D7B
330
1A
100
AcDbEntity
  8
BLACK
  6
CONTINUOUS
100
AcDbLine
 10
1.8923471259842519
 20
0.9263648818897637
 30
0
 11
1.8923790157480314
 21
0.9263329921259842
 31
0
  0
LINE
  5
D7C
330
1A
100
AcDbEntity
  8
BLACK
  6
CONTINUOUS
100
AcDbLine
 10
1.8923790157480314
 20
0.9263329921259842
 30
0
 11
1.8924741338582676
 21
0.9263069291338583
 31
0
  0
LINE
  5
D7D
330
1A
100
AcDbEntity
  8
BLACK
  6
CONTINUOUS
100
AcDbLine
 10
1.8924741338582676
 20
0.9263069291338583
 30
0
 11
1.8943488976377951
 21
0.9253695669291339
 31
0
  0
LINE
  5
D7E
330
1A
100
AcDbEntity
  8
BLACK
  6
CONTINUOUS
100
AcDbLine
 10
1.8943488976377951
 20
0.9253695669291339
 30
0
 11
1.8949556692913385
 21
0.9248986614173228
 31
0
  0
LINE
  5
D7F
330
1A
100
AcDbEntity
  8
BLACK
  6
CONTINUOUS
100
AcDbLine
 10
1.8949556692913385
 20
0.9248986614173228
 30
0
 11
1.8954321259842519
 21
0.9234693307086614
 31
0
  0
LINE
  5
D80
330
1A
100
AcDbEntity
  8
BLACK
  6
CONTINUOUS
100
AcDbLine
 10
1.8954321259842519
 20
0.9234693307086614
 30
0
 11
1.8947583464566928
 21
0.9221217716535433
 31
0
  0
LINE
  5
D81
330
1A
100
AcDbEntity
  8
BLACK
  6
CONTINUOUS
100
AcDbLine
 10
1.8947583464566928
 20
0.9221217716535433
 30
0
 11
1.8933290157480314
 21
0.9216453149606298
 31
0
  0
LINE
  5
D82
330
1A
100
AcDbEntity
  8
BLACK
  6
CONTINUOUS
100
AcDbLine
 10
1.8933290157480314
 20
0.9216453149606298
 30
0
 11
1.8925882283464566
 21
0.9218481889763779
 31
0
  0
LINE
  5
D83
330
1A
100
AcDbEntity
  8
BLACK
  6
CONTINUOUS
100
AcDbLine
 10
1.8925882283464566
 20
0.9218481889763779
 30
0
 11
1.8911290944881889
 21
0.9225777165354331
 31
0
  0
LINE
  5
D84
330
1A
100
AcDbEntity
  8
BLACK
  6
CONTINUOUS
100
AcDbLine
 10
1.8911290944881889
 20
0.9225777165354331
 30
0
 11
1.8883090157480316
 21
0.9225777165354331
 31
0
  0
LINE
  5
D85
330
1A
100
AcDbEntity
  8
BLACK
  6
CONTINUOUS
100
AcDbLine
 10
1.8883090157480316
 20
0.9225777165354331
 30
0
 11
1.8871355511811023
 21
0.9219910236220472
 31
0
  0
LINE
  5
D86
330
1A
100
AcDbEntity
  8
BLACK
  6
CONTINUOUS
100
AcDbLine
 10
1.8871355511811023
 20
0.9219910236220472
 30
0
 11
1.8866499606299212
 21
0.9215054330708661
 31
0
  0
LINE
  5
D87
330
1A
100
AcDbEntity
  8
BLACK
  6
CONTINUOUS
100
AcDbLine
 10
1.8866499606299212
 20
0.9215054330708661
 30
0
 11
1.8860632677165354
 21
0.9203320078740157
 31
0
  0
LINE
  5
D88
330
1A
100
AcDbEntity
  8
BLACK
  6
CONTINUOUS
100
AcDbLine
 10
1.8860632677165354
 20
0.9203320078740157
 30
0
 11
1.8860632677165354
 21
0.915637125984252
 31
0
  0
LINE
  5
D89
330
1A
100
AcDbEntity
  8
BLACK
  6
CONTINUOUS
100
AcDbLine
 10
1.8860632677165354
 20
0.915637125984252
 30
0
 11
1.8866499606299212
 21
0.9144637007874016
 31
0
  0
LINE
  5
D8A
330
1A
100
AcDbEntity
  8
BLACK
  6
CONTINUOUS
100
AcDbLine
 10
1.8866499606299212
 20
0.9144637007874016
 30
0
 11
1.8871355511811023
 21
0.9139781102362204
 31
0
  0
LINE
  5
D8B
330
1A
100
AcDbEntity
  8
BLACK
  6
CONTINUOUS
100
AcDbLine
 10
1.8871355511811023
 20
0.9139781102362204
 30
0
 11
1.8883090157480316
 21
0.9133913779527559
 31
0
  0
LINE
  5
D8C
330
1A
100
AcDbEntity
  8
BLACK
  6
CONTINUOUS
100
AcDbLine
 10
1.8883090157480316
 20
0.9133913779527559
 30
0
 11
1.8911290944881889
 21
0.9133913779527559
 31
0
  0
LINE
  5
D8D
330
1A
100
AcDbEntity
  8
BLACK
  6
CONTINUOUS
100
AcDbLine
 10
1.8911290944881889
 20
0.9133913779527559
 30
0
 11
1.8925882283464566
 21
0.914120905511811
 31
0
  0
LINE
  5
D8E
330
1A
100
AcDbEntity
  8
BLACK
  6
CONTINUOUS
100
AcDbLine
 10
1.8925882283464566
 20
0.914120905511811
 30
0
 11
1.8933290157480314
 21
0.9143237795275591
 31
0
  0
LINE
  5
D8F
330
1A
100
AcDbEntity
  8
BLACK
  6
CONTINUOUS
100
AcDbLine
 10
1.8933290157480314
 20
0.9143237795275591
 30
0
 11
1.8947583464566928
 21
0.9138473228346456
 31
0
  0
LINE
  5
D90
330
1A
100
AcDbEntity
  8
BLACK
  6
CONTINUOUS
100
AcDbLine
 10
1.8947583464566928
 20
0.9138473228346456
 30
0
 11
1.8954321259842519
 21
0.9124997637795276
 31
0
  0
LINE
  5
D91
330
1A
100
AcDbEntity
  8
BLACK
  6
CONTINUOUS
100
AcDbLine
 10
1.8954321259842519
 20
0.9124997637795276
 30
0
 11
1.8949556692913385
 21
0.9110704330708661
 31
0
  0
LINE
  5
D92
330
1A
100
AcDbEntity
  8
BLACK
  6
CONTINUOUS
100
AcDbLine
 10
1.8949556692913385
 20
0.9110704330708661
 30
0
 11
1.8943488976377951
 21
0.910599527559055
 31
0
  0
LINE
  5
D93
330
1A
100
AcDbEntity
  8
BLACK
  6
CONTINUOUS
100
AcDbLine
 10
1.8943488976377951
 20
0.910599527559055
 30
0
 11
1.8924741338582676
 21
0.9096621653543306
 31
0
  0
LINE
  5
D94
330
1A
100
AcDbEntity
  8
BLACK
  6
CONTINUOUS
100
AcDbLine
 10
1.8924741338582676
 20
0.9096621653543306
 30
0
 11
1.8923790157480314
 21
0.9096361417322835
 31
0
  0
LINE
  5
D95
330
1A
100
AcDbEntity
  8
BLACK
  6
CONTINUOUS
100
AcDbLine
 10
1.8923790157480314
 20
0.9096361417322835
 30
0
 11
1.8923471259842519
 21
0.9096042125984252
 31
0
  0
LINE
  5
D96
330
1A
100
AcDbEntity
  8
BLACK
  6
CONTINUOUS
100
AcDbLine
 10
1.8923471259842519
 20
0.9096042125984252
 30
0
 11
1.8920376377952755
 21
0.9095426771653543
 31
0
  0
LINE
  5
D97
330
1A
100
AcDbEntity
  8
BLACK
  6
CONTINUOUS
100
AcDbLine
 10
1.8920376377952755
 20
0.9095426771653543
 30
0
 11
1.8917333464566928
 21
0.9094593307086614
 31
0
  0
LINE
  5
D98
330
1A
100
AcDbEntity
  8
BLACK
  6
CONTINUOUS
100
AcDbLine
 10
1.8917333464566928
 20
0.9094593307086614
 30
0
 11
1.8916905118110237
 21
0.909473622047244
 31
0
  0
LINE
  5
D99
330
1A
100
AcDbEntity
  8
BLACK
  6
CONTINUOUS
100
AcDbLine
 10
1.8916905118110237
 20
0.909473622047244
 30
0
 11
1.8915938188976378
 21
0.9094543700787401
 31
0
  0
LINE
  5
D9A
330
1A
100
AcDbEntity
  8
BLACK
  6
CONTINUOUS
100
AcDbLine
 10
1.8915938188976378
 20
0.9094543700787401
 30
0
 11
1.8878442913385827
 21
0.9094543700787401
 31
0
  0
LINE
  5
D9B
330
1A
100
AcDbEntity
  8
BLACK
  6
CONTINUOUS
100
AcDbLine
 10
1.8878442913385827
 20
0.9094543700787401
 30
0
 11
1.887747559055118
 21
0.909473622047244
 31
0
  0
LINE
  5
D9C
330
1A
100
AcDbEntity
  8
BLACK
  6
CONTINUOUS
100
AcDbLine
 10
1.887747559055118
 20
0.909473622047244
 30
0
 11
1.8877047244094487
 21
0.9094593307086614
 31
0
  0
LINE
  5
D9D
330
1A
100
AcDbEntity
  8
BLACK
  6
CONTINUOUS
100
AcDbLine
 10
1.8877047244094487
 20
0.9094593307086614
 30
0
 11
1.8874004724409448
 21
0.9095426771653543
 31
0
  0
LINE
  5
D9E
330
1A
100
AcDbEntity
  8
BLACK
  6
CONTINUOUS
100
AcDbLine
 10
1.8874004724409448
 20
0.9095426771653543
 30
0
 11
1.8870909842519685
 21
0.9096042125984252
 31
0
  0
LINE
  5
D9F
330
1A
100
AcDbEntity
  8
BLACK
  6
CONTINUOUS
100
AcDbLine
 10
1.8870909842519685
 20
0.9096042125984252
 30
0
 11
1.8870590157480314
 21
0.9096361811023622
 31
0
  0
LINE
  5
DA0
330
1A
100
AcDbEntity
  8
BLACK
  6
CONTINUOUS
100
AcDbLine
 10
1.8870590157480314
 20
0.9096361811023622
 30
0
 11
1.8869639370078739
 21
0.9096622047244094
 31
0
  0
LINE
  5
DA1
330
1A
100
AcDbEntity
  8
BLACK
  6
CONTINUOUS
100
AcDbLine
 10
1.8869639370078739
 20
0.9096622047244094
 30
0
 11
1.8850892125984251
 21
0.910599527559055
 31
0
  0
LINE
  5
DA2
330
1A
100
AcDbEntity
  8
BLACK
  6
CONTINUOUS
100
AcDbLine
 10
1.8850892125984251
 20
0.910599527559055
 30
0
 11
1.8848399212598426
 21
0.9107929921259842
 31
0
  0
LINE
  5
DA3
330
1A
100
AcDbEntity
  8
BLACK
  6
CONTINUOUS
100
AcDbLine
 10
1.8848399212598426
 20
0.9107929921259842
 30
0
 11
1.8845775590551181
 21
0.9109683070866141
 31
0
  0
LINE
  5
DA4
330
1A
100
AcDbEntity
  8
BLACK
  6
CONTINUOUS
100
AcDbLine
 10
1.8845775590551181
 20
0.9109683070866141
 30
0
 11
1.8836401968503937
 21
0.9119057086614173
 31
0
  0
LINE
  5
DA5
330
1A
100
AcDbEntity
  8
BLACK
  6
CONTINUOUS
100
AcDbLine
 10
1.8836401968503937
 20
0.9119057086614173
 30
0
 11
1.8834650393700787
 21
0.9121678346456693
 31
0
  0
LINE
  5
DA6
330
1A
100
AcDbEntity
  8
BLACK
  6
CONTINUOUS
100
AcDbLine
 10
1.8834650393700787
 20
0.9121678346456693
 30
0
 11
1.8832714173228347
 21
0.9124173228346456
 31
0
  0
LINE
  5
DA7
330
1A
100
AcDbEntity
  8
BLACK
  6
CONTINUOUS
100
AcDbLine
 10
1.8832714173228347
 20
0.9124173228346456
 30
0
 11
1.8823340551181102
 21
0.9142920866141732
 31
0
  0
LINE
  5
DA8
330
1A
100
AcDbEntity
  8
BLACK
  6
CONTINUOUS
100
AcDbLine
 10
1.8823340551181102
 20
0.9142920866141732
 30
0
 11
1.8823079921259842
 21
0.9143872047244094
 31
0
  0
LINE
  5
DA9
330
1A
100
AcDbEntity
  8
BLACK
  6
CONTINUOUS
100
AcDbLine
 10
1.8823079921259842
 20
0.9143872047244094
 30
0
 11
1.8822761023622048
 21
0.9144190944881889
 31
0
  0
LINE
  5
DAA
330
1A
100
AcDbEntity
  8
BLACK
  6
CONTINUOUS
100
AcDbLine
 10
1.8822761023622048
 20
0.9144190944881889
 30
0
 11
1.8822145275590552
 21
0.9147285826771653
 31
0
  0
LINE
  5
DAB
330
1A
100
AcDbEntity
  8
BLACK
  6
CONTINUOUS
100
AcDbLine
 10
1.8822145275590552
 20
0.9147285826771653
 30
0
 11
1.882131220472441
 21
0.9150328740157481
 31
0
  0
LINE
  5
DAC
330
1A
100
AcDbEntity
  8
BLACK
  6
CONTINUOUS
100
AcDbLine
 10
1.882131220472441
 20
0.9150328740157481
 30
0
 11
1.8821454724409448
 21
0.9150757086614173
 31
0
  0
LINE
  5
DAD
330
1A
100
AcDbEntity
  8
BLACK
  6
CONTINUOUS
100
AcDbLine
 10
1.8821454724409448
 20
0.9150757086614173
 30
0
 11
1.8821262598425197
 21
0.9151724015748032
 31
0
  0
LINE
  5
DAE
330
1A
100
AcDbEntity
  8
BLACK
  6
CONTINUOUS
100
AcDbLine
 10
1.8821262598425197
 20
0.9151724015748032
 30
0
 11
1.8821262598425197
 21
0.9207966929133858
 31
0
  0
LINE
  5
DAF
330
1A
100
AcDbEntity
  8
BLACK
  6
CONTINUOUS
100
AcDbLine
 10
1.8821262598425197
 20
0.9207966929133858
 30
0
 11
1.8821454724409448
 21
0.9208934251968504
 31
0
  0
LINE
  5
DB0
330
1A
100
AcDbEntity
  8
BLACK
  6
CONTINUOUS
100
AcDbLine
 10
1.8821454724409448
 20
0.9208934251968504
 30
0
 11
1.882131220472441
 21
0.9209362204724409
 31
0
  0
LINE
  5
DB1
330
1A
100
AcDbEntity
  8
BLACK
  6
CONTINUOUS
100
AcDbLine
 10
1.882131220472441
 20
0.9209362204724409
 30
0
 11
1.8822145275590552
 21
0.9212405511811024
 31
0
  0
LINE
  5
DB2
330
1A
100
AcDbEntity
  8
BLACK
  6
CONTINUOUS
100
AcDbLine
 10
1.8822145275590552
 20
0.9212405511811024
 30
0
 11
1.8822761023622048
 21
0.92155
 31
0
  0
LINE
  5
DB3
330
1A
100
AcDbEntity
  8
BLACK
  6
CONTINUOUS
100
AcDbLine
 10
1.8822761023622048
 20
0.92155
 30
0
 11
1.8823079921259842
 21
0.9215819291338583
 31
0
  0
LINE
  5
DB4
330
1A
100
AcDbEntity
  8
BLACK
  6
CONTINUOUS
100
AcDbLine
 10
1.8823079921259842
 20
0.9215819291338583
 30
0
 11
1.8823340551181102
 21
0.9216770078740157
 31
0
  0
LINE
  5
DB5
330
1A
100
AcDbEntity
  8
BLACK
  6
CONTINUOUS
100
AcDbLine
 10
1.8823340551181102
 20
0.9216770078740157
 30
0
 11
1.8832714173228347
 21
0.9235517716535433
 31
0
  0
LINE
  5
DB6
330
1A
100
AcDbEntity
  8
BLACK
  6
CONTINUOUS
100
AcDbLine
 10
1.8832714173228347
 20
0.9235517716535433
 30
0
 11
1.8834650393700787
 21
0.9238012992125985
 31
0
  0
LINE
  5
DB7
330
1A
100
AcDbEntity
  8
BLACK
  6
CONTINUOUS
100
AcDbLine
 10
1.8834650393700787
 20
0.9238012992125985
 30
0
 11
1.8836401968503937
 21
0.9240633858267716
 31
0
  0
LINE
  5
DB8
330
1A
100
AcDbEntity
  8
BLACK
  6
CONTINUOUS
100
AcDbLine
 10
1.8836401968503937
 20
0.9240633858267716
 30
0
 11
1.8845775590551181
 21
0.9250007874015748
 31
0
  0
LINE
  5
DB9
330
1A
100
AcDbEntity
  8
BLACK
  6
CONTINUOUS
100
AcDbLine
 10
1.8845775590551181
 20
0.9250007874015748
 30
0
 11
1.8848399212598426
 21
0.9251761417322835
 31
0
  0
LINE
  5
DBA
330
1A
100
AcDbEntity
  8
BLACK
  6
CONTINUOUS
100
AcDbLine
 10
1.8848399212598426
 20
0.9251761417322835
 30
0
 11
1.8850892125984251
 21
0.9253695669291339
 31
0
  0
LINE
  5
DBB
330
1A
100
AcDbEntity
  8
BLACK
  6
CONTINUOUS
100
AcDbLine
 10
1.8850892125984251
 20
0.9253695669291339
 30
0
 11
1.8869639370078739
 21
0.9263068897637795
 31
0
  0
LINE
  5
DBC
330
1A
100
AcDbEntity
  8
BLACK
  6
CONTINUOUS
100
AcDbLine
 10
1.8869639370078739
 20
0.9263068897637795
 30
0
 11
1.8870590157480314
 21
0.9263329527559054
 31
0
  0
LINE
  5
DBD
330
1A
100
AcDbEntity
  8
BLACK
  6
CONTINUOUS
100
AcDbLine
 10
1.8870590157480314
 20
0.9263329527559054
 30
0
 11
1.8870909842519685
 21
0.9263648818897637
 31
0
  0
LINE
  5
DBE
330
1A
100
AcDbEntity
  8
BLACK
  6
CONTINUOUS
100
AcDbLine
 10
1.8870909842519685
 20
0.9263648818897637
 30
0
 11
1.8874004724409448
 21
0.9264264566929133
 31
0
  0
LINE
  5
DBF
330
1A
100
AcDbEntity
  8
BLACK
  6
CONTINUOUS
100
AcDbLine
 10
1.8874004724409448
 20
0.9264264566929133
 30
0
 11
1.8877047244094487
 21
0.9265097637795275
 31
0
  0
LINE
  5
DC0
330
1A
100
AcDbEntity
  8
BLACK
  6
CONTINUOUS
100
AcDbLine
 10
1.8877047244094487
 20
0.9265097637795275
 30
0
 11
1.887747559055118
 21
0.9264955118110236
 31
0
  0
LINE
  5
DC1
330
1A
100
AcDbEntity
  8
BLACK
  6
CONTINUOUS
100
AcDbLine
 10
1.887747559055118
 20
0.9264955118110236
 30
0
 11
1.8878442913385827
 21
0.9265147244094488
 31
0
  0
LINE
  5
DC2
330
1A
100
AcDbEntity
  8
BLACK
  6
CONTINUOUS
100
AcDbLine
 10
1.8878442913385827
 20
0.9265147244094488
 30
0
 11
1.8915938188976378
 21
0.9265147244094488
 31
0
  0
LINE
  5
DC3
330
1A
100
AcDbEntity
  8
BLACK
  6
CONTINUOUS
100
AcDbLine
 10
1.8915938188976378
 20
0.9265147244094488
 30
0
 11
1.8916905118110237
 21
0.9264955118110236
 31
0
  0
LINE
  5
DC4
330
1A
100
AcDbEntity
  8
BLACK
  6
CONTINUOUS
100
AcDbLine
 10
1.8197677559055119
 20
0.932595
 30
0
 11
1.8204415354330707
 21
0.9312474409448819
 31
0
  0
LINE
  5
DC5
330
1A
100
AcDbEntity
  8
BLACK
  6
CONTINUOUS
100
AcDbLine
 10
1.8204415354330707
 20
0.9312474409448819
 30
0
 11
1.8203454724409449
 21
0.9304853937007874
 31
0
  0
LINE
  5
DC6
330
1A
100
AcDbEntity
  8
BLACK
  6
CONTINUOUS
100
AcDbLine
 10
1.8203454724409449
 20
0.9304853937007874
 30
0
 11
1.8137837795275591
 21
0.9108003937007874
 31
0
  0
LINE
  5
DC7
330
1A
100
AcDbEntity
  8
BLACK
  6
CONTINUOUS
100
AcDbLine
 10
1.8137837795275591
 20
0.9108003937007874
 30
0
 11
1.8134034251968503
 21
0.9101331102362205
 31
0
  0
LINE
  5
DC8
330
1A
100
AcDbEntity
  8
BLACK
  6
CONTINUOUS
100
AcDbLine
 10
1.8134034251968503
 20
0.9101331102362205
 30
0
 11
1.8132718110236221
 21
0.9100673622047244
 31
0
  0
LINE
  5
DC9
330
1A
100
AcDbEntity
  8
BLACK
  6
CONTINUOUS
100
AcDbLine
 10
1.8132718110236221
 20
0.9100673622047244
 30
0
 11
1.8132060629921258
 21
0.909935748031496
 31
0
  0
LINE
  5
DCA
330
1A
100
AcDbEntity
  8
BLACK
  6
CONTINUOUS
100
AcDbLine
 10
1.8132060629921258
 20
0.909935748031496
 30
0
 11
1.812613937007874
 21
0.9097383858267716
 31
0
  0
LINE
  5
DCB
330
1A
100
AcDbEntity
  8
BLACK
  6
CONTINUOUS
100
AcDbLine
 10
1.812613937007874
 20
0.9097383858267716
 30
0
 11
1.8120558267716536
 21
0.9094593307086614
 31
0
  0
LINE
  5
DCC
330
1A
100
AcDbEntity
  8
BLACK
  6
CONTINUOUS
100
AcDbLine
 10
1.8120558267716536
 20
0.9094593307086614
 30
0
 11
1.8119162992125983
 21
0.9095058661417322
 31
0
  0
LINE
  5
DCD
330
1A
100
AcDbEntity
  8
BLACK
  6
CONTINUOUS
100
AcDbLine
 10
1.8119162992125983
 20
0.9095058661417322
 30
0
 11
1.8117767716535433
 21
0.9094593307086614
 31
0
  0
LINE
  5
DCE
330
1A
100
AcDbEntity
  8
BLACK
  6
CONTINUOUS
100
AcDbLine
 10
1.8117767716535433
 20
0.9094593307086614
 30
0
 11
1.8112186220472442
 21
0.9097383858267716
 31
0
  0
LINE
  5
DCF
330
1A
100
AcDbEntity
  8
BLACK
  6
CONTINUOUS
100
AcDbLine
 10
1.8112186220472442
 20
0.9097383858267716
 30
0
 11
1.8106265354330708
 21
0.909935748031496
 31
0
  0
LINE
  5
DD0
330
1A
100
AcDbEntity
  8
BLACK
  6
CONTINUOUS
100
AcDbLine
 10
1.8106265354330708
 20
0.909935748031496
 30
0
 11
1.810560748031496
 21
0.9100673622047244
 31
0
  0
LINE
  5
DD1
330
1A
100
AcDbEntity
  8
BLACK
  6
CONTINUOUS
100
AcDbLine
 10
1.810560748031496
 20
0.9100673622047244
 30
0
 11
1.8104291732283464
 21
0.9101331102362205
 31
0
  0
LINE
  5
DD2
330
1A
100
AcDbEntity
  8
BLACK
  6
CONTINUOUS
100
AcDbLine
 10
1.8104291732283464
 20
0.9101331102362205
 30
0
 11
1.8100488188976378
 21
0.9108003937007874
 31
0
  0
LINE
  5
DD3
330
1A
100
AcDbEntity
  8
BLACK
  6
CONTINUOUS
100
AcDbLine
 10
1.8100488188976378
 20
0.9108003937007874
 30
0
 11
1.8034871653543307
 21
0.9304854330708662
 31
0
  0
LINE
  5
DD4
330
1A
100
AcDbEntity
  8
BLACK
  6
CONTINUOUS
100
AcDbLine
 10
1.8034871653543307
 20
0.9304854330708662
 30
0
 11
1.8033911023622047
 21
0.9312474409448819
 31
0
  0
LINE
  5
DD5
330
1A
100
AcDbEntity
  8
BLACK
  6
CONTINUOUS
100
AcDbLine
 10
1.8033911023622047
 20
0.9312474409448819
 30
0
 11
1.8040648818897638
 21
0.9325950393700787
 31
0
  0
LINE
  5
DD6
330
1A
100
AcDbEntity
  8
BLACK
  6
CONTINUOUS
100
AcDbLine
 10
1.8040648818897638
 20
0.9325950393700787
 30
0
 11
1.8054941732283465
 21
0.9330714566929134
 31
0
  0
LINE
  5
DD7
330
1A
100
AcDbEntity
  8
BLACK
  6
CONTINUOUS
100
AcDbLine
 10
1.8054941732283465
 20
0.9330714566929134
 30
0
 11
1.8068417716535432
 21
0.9323976771653543
 31
0
  0
LINE
  5
DD8
330
1A
100
AcDbEntity
  8
BLACK
  6
CONTINUOUS
100
AcDbLine
 10
1.8068417716535432
 20
0.9323976771653543
 30
0
 11
1.807222125984252
 21
0.9317303937007874
 31
0
  0
LINE
  5
DD9
330
1A
100
AcDbEntity
  8
BLACK
  6
CONTINUOUS
100
AcDbLine
 10
1.807222125984252
 20
0.9317303937007874
 30
0
 11
1.8119162992125983
 21
0.9176478346456692
 31
0
  0
LINE
  5
DDA
330
1A
100
AcDbEntity
  8
BLACK
  6
CONTINUOUS
100
AcDbLine
 10
1.8119162992125983
 20
0.9176478346456692
 30
0
 11
1.8166105118110236
 21
0.9317303937007874
 31
0
  0
LINE
  5
DDB
330
1A
100
AcDbEntity
  8
BLACK
  6
CONTINUOUS
100
AcDbLine
 10
1.8166105118110236
 20
0.9317303937007874
 30
0
 11
1.8169908661417322
 21
0.9323976771653543
 31
0
  0
LINE
  5
DDC
330
1A
100
AcDbEntity
  8
BLACK
  6
CONTINUOUS
100
AcDbLine
 10
1.8169908661417322
 20
0.9323976771653543
 30
0
 11
1.8183384645669292
 21
0.9330714566929134
 31
0
  0
LINE
  5
DDD
330
1A
100
AcDbEntity
  8
BLACK
  6
CONTINUOUS
100
AcDbLine
 10
1.8183384645669292
 20
0.9330714566929134
 30
0
 11
1.8197677559055119
 21
0.932595
 31
0
  0
LINE
  5
DDE
330
1A
100
AcDbEntity
  8
BLACK
  6
CONTINUOUS
100
AcDbLine
 10
1.9037236614173227
 20
0.9318612204724409
 30
0
 11
1.9038735039370078
 21
0.9311079133858268
 31
0
  0
LINE
  5
DDF
330
1A
100
AcDbEntity
  8
BLACK
  6
CONTINUOUS
100
AcDbLine
 10
1.9038735039370078
 20
0.9311079133858268
 30
0
 11
1.9038735039370078
 21
0.9217995669291338
 31
0
  0
LINE
  5
DE0
330
1A
100
AcDbEntity
  8
BLACK
  6
CONTINUOUS
100
AcDbLine
 10
1.9038735039370078
 20
0.9217995669291338
 30
0
 11
1.908012125984252
 21
0.9259381889763779
 31
0
  0
LINE
  5
DE1
330
1A
100
AcDbEntity
  8
BLACK
  6
CONTINUOUS
100
AcDbLine
 10
1.908012125984252
 20
0.9259381889763779
 30
0
 11
1.908650748031496
 21
0.9263648818897637
 31
0
  0
LINE
  5
DE2
330
1A
100
AcDbEntity
  8
BLACK
  6
CONTINUOUS
100
AcDbLine
 10
1.908650748031496
 20
0.9263648818897637
 30
0
 11
1.9101573622047243
 21
0.9263648818897637
 31
0
  0
LINE
  5
DE3
330
1A
100
AcDbEntity
  8
BLACK
  6
CONTINUOUS
100
AcDbLine
 10
1.9101573622047243
 20
0.9263648818897637
 30
0
 11
1.911222716535433
 21
0.9252995275590551
 31
0
  0
LINE
  5
DE4
330
1A
100
AcDbEntity
  8
BLACK
  6
CONTINUOUS
100
AcDbLine
 10
1.911222716535433
 20
0.9252995275590551
 30
0
 11
1.911222716535433
 21
0.9237929133858267
 31
0
  0
LINE
  5
DE5
330
1A
100
AcDbEntity
  8
BLACK
  6
CONTINUOUS
100
AcDbLine
 10
1.911222716535433
 20
0.9237929133858267
 30
0
 11
1.9107960236220471
 21
0.9231542913385826
 31
0
  0
LINE
  5
DE6
330
1A
100
AcDbEntity
  8
BLACK
  6
CONTINUOUS
100
AcDbLine
 10
1.9107960236220471
 20
0.9231542913385826
 30
0
 11
1.9063788976377953
 21
0.9187372440944882
 31
0
  0
LINE
  5
DE7
330
1A
100
AcDbEntity
  8
BLACK
  6
CONTINUOUS
100
AcDbLine
 10
1.9063788976377953
 20
0.9187372440944882
 30
0
 11
1.9109788582677165
 21
0.9126039763779528
 31
0
  0
LINE
  5
DE8
330
1A
100
AcDbEntity
  8
BLACK
  6
CONTINUOUS
100
AcDbLine
 10
1.9109788582677165
 20
0.9126039763779528
 30
0
 11
1.9113109842519684
 21
0.9119114173228346
 31
0
  0
LINE
  5
DE9
330
1A
100
AcDbEntity
  8
BLACK
  6
CONTINUOUS
100
AcDbLine
 10
1.9113109842519684
 20
0.9119114173228346
 30
0
 11
1.9110979133858268
 21
0.9104199212598425
 31
0
  0
LINE
  5
DEA
330
1A
100
AcDbEntity
  8
BLACK
  6
CONTINUOUS
100
AcDbLine
 10
1.9110979133858268
 20
0.9104199212598425
 30
0
 11
1.9098925984251969
 21
0.9095159448818897
 31
0
  0
LINE
  5
DEB
330
1A
100
AcDbEntity
  8
BLACK
  6
CONTINUOUS
100
AcDbLine
 10
1.9098925984251969
 20
0.9095159448818897
 30
0
 11
1.9084011023622047
 21
0.9097290157480314
 31
0
  0
LINE
  5
DEC
330
1A
100
AcDbEntity
  8
BLACK
  6
CONTINUOUS
100
AcDbLine
 10
1.9084011023622047
 20
0.9097290157480314
 30
0
 11
1.9078292519685038
 21
0.9102417716535433
 31
0
  0
LINE
  5
DED
330
1A
100
AcDbEntity
  8
BLACK
  6
CONTINUOUS
100
AcDbLine
 10
1.9078292519685038
 20
0.9102417716535433
 30
0
 11
1.9038735039370078
 21
0.9155161023622047
 31
0
  0
LINE
  5
DEE
330
1A
100
AcDbEntity
  8
BLACK
  6
CONTINUOUS
100
AcDbLine
 10
1.9038735039370078
 20
0.9155161023622047
 30
0
 11
1.9038735039370078
 21
0.9114228740157481
 31
0
  0
LINE
  5
DEF
330
1A
100
AcDbEntity
  8
BLACK
  6
CONTINUOUS
100
AcDbLine
 10
1.9038735039370078
 20
0.9114228740157481
 30
0
 11
1.9037236614173227
 21
0.9106695669291338
 31
0
  0
LINE
  5
DF0
330
1A
100
AcDbEntity
  8
BLACK
  6
CONTINUOUS
100
AcDbLine
 10
1.9037236614173227
 20
0.9106695669291338
 30
0
 11
1.9026583070866141
 21
0.9096042125984252
 31
0
  0
LINE
  5
DF1
330
1A
100
AcDbEntity
  8
BLACK
  6
CONTINUOUS
100
AcDbLine
 10
1.9026583070866141
 20
0.9096042125984252
 30
0
 11
1.9011516929133858
 21
0.9096042125984252
 31
0
  0
LINE
  5
DF2
330
1A
100
AcDbEntity
  8
BLACK
  6
CONTINUOUS
100
AcDbLine
 10
1.9011516929133858
 20
0.9096042125984252
 30
0
 11
1.9000863385826772
 21
0.9106695669291338
 31
0
  0
LINE
  5
DF3
330
1A
100
AcDbEntity
  8
BLACK
  6
CONTINUOUS
100
AcDbLine
 10
1.9000863385826772
 20
0.9106695669291338
 30
0
 11
1.8999364960629921
 21
0.9114228740157481
 31
0
  0
LINE
  5
DF4
330
1A
100
AcDbEntity
  8
BLACK
  6
CONTINUOUS
100
AcDbLine
 10
1.8999364960629921
 20
0.9114228740157481
 30
0
 11
1.8999364960629921
 21
0.9311079133858268
 31
0
  0
LINE
  5
DF5
330
1A
100
AcDbEntity
  8
BLACK
  6
CONTINUOUS
100
AcDbLine
 10
1.8999364960629921
 20
0.9311079133858268
 30
0
 11
1.9000863385826772
 21
0.9318612204724409
 31
0
  0
LINE
  5
DF6
330
1A
100
AcDbEntity
  8
BLACK
  6
CONTINUOUS
100
AcDbLine
 10
1.9000863385826772
 20
0.9318612204724409
 30
0
 11
1.9011516929133858
 21
0.9329265748031496
 31
0
  0
LINE
  5
DF7
330
1A
100
AcDbEntity
  8
BLACK
  6
CONTINUOUS
100
AcDbLine
 10
1.9011516929133858
 20
0.9329265748031496
 30
0
 11
1.9026583070866141
 21
0.9329265748031496
 31
0
  0
LINE
  5
DF8
330
1A
100
AcDbEntity
  8
BLACK
  6
CONTINUOUS
100
AcDbLine
 10
1.9026583070866141
 20
0.9329265748031496
 30
0
 11
1.9037236614173227
 21
0.9318612204724409
 31
0
  0
LINE
  5
DF9
330
1A
100
AcDbEntity
  8
BLACK
  6
CONTINUOUS
100
AcDbLine
 10
0.968880590551181
 20
1.0124742913385827
 30
0
 11
0.9694132677165355
 21
1.0119416141732283
 31
0
  0
LINE
  5
DFA
330
1A
100
AcDbEntity
  8
BLACK
  6
CONTINUOUS
100
AcDbLine
 10
0.9694132677165355
 20
1.0119416141732283
 30
0
 11
0.9694881889763779
 21
1.0115649606299213
 31
0
  0
LINE
  5
DFB
330
1A
100
AcDbEntity
  8
BLACK
  6
CONTINUOUS
100
AcDbLine
 10
0.9694881889763779
 20
1.0115649606299213
 30
0
 11
0.9694881889763779
 21
0.9288877952755905
 31
0
  0
LINE
  5
DFC
330
1A
100
AcDbEntity
  8
BLACK
  6
CONTINUOUS
100
AcDbLine
 10
0.9694881889763779
 20
0.9288877952755905
 30
0
 11
0.9694132677165355
 21
0.9285111417322834
 31
0
  0
LINE
  5
DFD
330
1A
100
AcDbEntity
  8
BLACK
  6
CONTINUOUS
100
AcDbLine
 10
0.9694132677165355
 20
0.9285111417322834
 30
0
 11
0.968880590551181
 21
0.9279784645669291
 31
0
  0
LINE
  5
DFE
330
1A
100
AcDbEntity
  8
BLACK
  6
CONTINUOUS
100
AcDbLine
 10
0.968880590551181
 20
0.9279784645669291
 30
0
 11
0.968503937007874
 21
0.9279035433070866
 31
0
  0
LINE
  5
DFF
330
1A
100
AcDbEntity
  8
BLACK
  6
CONTINUOUS
100
AcDbLine
 10
0.968503937007874
 20
0.9279035433070866
 30
0
 11
0.7874015748031495
 21
0.9279035433070866
 31
0
  0
LINE
  5
E00
330
1A
100
AcDbEntity
  8
BLACK
  6
CONTINUOUS
100
AcDbLine
 10
0.7874015748031495
 20
0.9279035433070866
 30
0
 11
0.7870249212598425
 21
0.9279784645669291
 31
0
  0
LINE
  5
E01
330
1A
100
AcDbEntity
  8
BLACK
  6
CONTINUOUS
100
AcDbLine
 10
0.7870249212598425
 20
0.9279784645669291
 30
0
 11
0.7864922440944881
 21
0.9285111417322834
 31
0
  0
LINE
  5
E02
330
1A
100
AcDbEntity
  8
BLACK
  6
CONTINUOUS
100
AcDbLine
 10
0.7864922440944881
 20
0.9285111417322834
 30
0
 11
0.7864173228346456
 21
0.9288877952755905
 31
0
  0
LINE
  5
E03
330
1A
100
AcDbEntity
  8
BLACK
  6
CONTINUOUS
100
AcDbLine
 10
0.7864173228346456
 20
0.9288877952755905
 30
0
 11
0.7864173228346456
 21
1.0115649606299213
 31
0
  0
LINE
  5
E04
330
1A
100
AcDbEntity
  8
BLACK
  6
CONTINUOUS
100
AcDbLine
 10
0.7864173228346456
 20
1.0115649606299213
 30
0
 11
0.7864922440944881
 21
1.0119416141732283
 31
0
  0
LINE
  5
E05
330
1A
100
AcDbEntity
  8
BLACK
  6
CONTINUOUS
100
AcDbLine
 10
0.7864922440944881
 20
1.0119416141732283
 30
0
 11
0.7870249212598425
 21
1.0124742913385827
 31
0
  0
LINE
  5
E06
330
1A
100
AcDbEntity
  8
BLACK
  6
CONTINUOUS
100
AcDbLine
 10
0.7870249212598425
 20
1.0124742913385827
 30
0
 11
0.7874015748031495
 21
1.0125492125984252
 31
0
  0
LINE
  5
E07
330
1A
100
AcDbEntity
  8
BLACK
  6
CONTINUOUS
100
AcDbLine
 10
0.7874015748031495
 20
1.0125492125984252
 30
0
 11
0.968503937007874
 21
1.0125492125984252
 31
0
  0
LINE
  5
E08
330
1A
100
AcDbEntity
  8
BLACK
  6
CONTINUOUS
100
AcDbLine
 10
0.968503937007874
 20
1.0125492125984252
 30
0
 11
0.968880590551181
 21
1.0124742913385827
 31
0
  0
LINE
  5
E09
330
1A
100
AcDbEntity
  8
BLACK
  6
CONTINUOUS
100
AcDbLine
 10
0.7883858267716535
 20
1.0105807086614174
 30
0
 11
0.7883858267716535
 21
0.9298720472440944
 31
0
  0
LINE
  5
E0A
330
1A
100
AcDbEntity
  8
BLACK
  6
CONTINUOUS
100
AcDbLine
 10
0.7883858267716535
 20
0.9298720472440944
 30
0
 11
0.96751968503937
 21
0.9298720472440944
 31
0
  0
LINE
  5
E0B
330
1A
100
AcDbEntity
  8
BLACK
  6
CONTINUOUS
100
AcDbLine
 10
0.96751968503937
 20
0.9298720472440944
 30
0
 11
0.96751968503937
 21
1.0105807086614174
 31
0
  0
LINE
  5
E0C
330
1A
100
AcDbEntity
  8
BLACK
  6
CONTINUOUS
100
AcDbLine
 10
0.96751968503937
 20
1.0105807086614174
 30
0
 11
0.7883858267716535
 21
1.0105807086614174
 31
0
  0
LINE
  5
E0D
330
1A
100
AcDbEntity
  8
BLACK
  6
CONTINUOUS
100
AcDbLine
 10
2.1972481102362202
 20
1.0382875984251969
 30
0
 11
2.1977807874015749
 21
1.0377549212598425
 31
0
  0
LINE
  5
E0E
330
1A
100
AcDbEntity
  8
BLACK
  6
CONTINUOUS
100
AcDbLine
 10
2.1977807874015749
 20
1.0377549212598425
 30
0
 11
2.1978557086614172
 21
1.0373782677165355
 31
0
  0
LINE
  5
E0F
330
1A
100
AcDbEntity
  8
BLACK
  6
CONTINUOUS
100
AcDbLine
 10
2.1978557086614172
 20
1.0373782677165355
 30
0
 11
2.1978557086614172
 21
0.9602129133858267
 31
0
  0
LINE
  5
E10
330
1A
100
AcDbEntity
  8
BLACK
  6
CONTINUOUS
100
AcDbLine
 10
2.1978557086614172
 20
0.9602129133858267
 30
0
 11
2.1977807874015749
 21
0.9598362598425196
 31
0
  0
LINE
  5
E11
330
1A
100
AcDbEntity
  8
BLACK
  6
CONTINUOUS
100
AcDbLine
 10
2.1977807874015749
 20
0.9598362598425196
 30
0
 11
2.1972481102362202
 21
0.9593035826771653
 31
0
  0
LINE
  5
E12
330
1A
100
AcDbEntity
  8
BLACK
  6
CONTINUOUS
100
AcDbLine
 10
2.1972481102362202
 20
0.9593035826771653
 30
0
 11
2.1968714566929135
 21
0.9592286614173228
 31
0
  0
LINE
  5
E13
330
1A
100
AcDbEntity
  8
BLACK
  6
CONTINUOUS
100
AcDbLine
 10
2.1968714566929135
 20
0.9592286614173228
 30
0
 11
2.0630131889763779
 21
0.9592286614173228
 31
0
  0
LINE
  5
E14
330
1A
100
AcDbEntity
  8
BLACK
  6
CONTINUOUS
100
AcDbLine
 10
2.0630131889763779
 20
0.9592286614173228
 30
0
 11
2.0626365354330707
 21
0.9593035826771653
 31
0
  0
LINE
  5
E15
330
1A
100
AcDbEntity
  8
BLACK
  6
CONTINUOUS
100
AcDbLine
 10
2.0626365354330707
 20
0.9593035826771653
 30
0
 11
2.0621038582677165
 21
0.9598362598425196
 31
0
  0
LINE
  5
E16
330
1A
100
AcDbEntity
  8
BLACK
  6
CONTINUOUS
100
AcDbLine
 10
2.0621038582677165
 20
0.9598362598425196
 30
0
 11
2.0620289370078742
 21
0.9602129133858267
 31
0
  0
LINE
  5
E17
330
1A
100
AcDbEntity
  8
BLACK
  6
CONTINUOUS
100
AcDbLine
 10
2.0620289370078742
 20
0.9602129133858267
 30
0
 11
2.0620289370078742
 21
1.0373782677165355
 31
0
  0
LINE
  5
E18
330
1A
100
AcDbEntity
  8
BLACK
  6
CONTINUOUS
100
AcDbLine
 10
2.0620289370078742
 20
1.0373782677165355
 30
0
 11
2.0621038582677165
 21
1.0377549212598425
 31
0
  0
LINE
  5
E19
330
1A
100
AcDbEntity
  8
BLACK
  6
CONTINUOUS
100
AcDbLine
 10
2.0621038582677165
 20
1.0377549212598425
 30
0
 11
2.0626365354330707
 21
1.0382875984251969
 31
0
  0
LINE
  5
E1A
330
1A
100
AcDbEntity
  8
BLACK
  6
CONTINUOUS
100
AcDbLine
 10
2.0626365354330707
 20
1.0382875984251969
 30
0
 11
2.0630131889763779
 21
1.0383625196850395
 31
0
  0
LINE
  5
E1B
330
1A
100
AcDbEntity
  8
BLACK
  6
CONTINUOUS
100
AcDbLine
 10
2.0630131889763779
 20
1.0383625196850395
 30
0
 11
2.1968714566929135
 21
1.0383625196850395
 31
0
  0
LINE
  5
E1C
330
1A
100
AcDbEntity
  8
BLACK
  6
CONTINUOUS
100
AcDbLine
 10
2.1968714566929135
 20
1.0383625196850395
 30
0
 11
2.1972481102362202
 21
1.0382875984251969
 31
0
  0
LINE
  5
E1D
330
1A
100
AcDbEntity
  8
BLACK
  6
CONTINUOUS
100
AcDbLine
 10
2.063997440944882
 20
1.0363940157480316
 30
0
 11
2.063997440944882
 21
0.9611971653543306
 31
0
  0
LINE
  5
E1E
330
1A
100
AcDbEntity
  8
BLACK
  6
CONTINUOUS
100
AcDbLine
 10
2.063997440944882
 20
0.9611971653543306
 30
0
 11
2.1958872047244093
 21
0.9611971653543306
 31
0
  0
LINE
  5
E1F
330
1A
100
AcDbEntity
  8
BLACK
  6
CONTINUOUS
100
AcDbLine
 10
2.1958872047244093
 20
0.9611971653543306
 30
0
 11
2.1958872047244093
 21
1.0363940157480316
 31
0
  0
LINE
  5
E20
330
1A
100
AcDbEntity
  8
BLACK
  6
CONTINUOUS
100
AcDbLine
 10
2.1958872047244093
 20
1.0363940157480316
 30
0
 11
2.063997440944882
 21
1.0363940157480316
 31
0
  0
LINE
  5
E21
330
1A
100
AcDbEntity
  8
BLACK
  6
CONTINUOUS
100
AcDbLine
 10
1.6743924015748031
 20
1.132553031496063
 30
0
 11
1.6749250787401575
 21
1.1320203543307086
 31
0
  0
LINE
  5
E22
330
1A
100
AcDbEntity
  8
BLACK
  6
CONTINUOUS
100
AcDbLine
 10
1.6749250787401575
 20
1.1320203543307086
 30
0
 11
1.675
 21
1.1316437007874016
 31
0
  0
LINE
  5
E23
330
1A
100
AcDbEntity
  8
BLACK
  6
CONTINUOUS
100
AcDbLine
 10
1.675
 20
1.1316437007874016
 30
0
 11
1.675
 21
0.9977854330708661
 31
0
  0
LINE
  5
E24
330
1A
100
AcDbEntity
  8
BLACK
  6
CONTINUOUS
100
AcDbLine
 10
1.675
 20
0.9977854330708661
 30
0
 11
1.6749250787401575
 21
0.997408779527559
 31
0
  0
LINE
  5
E25
330
1A
100
AcDbEntity
  8
BLACK
  6
CONTINUOUS
100
AcDbLine
 10
1.6749250787401575
 20
0.997408779527559
 30
0
 11
1.6743924015748031
 21
0.9968761023622047
 31
0
  0
LINE
  5
E26
330
1A
100
AcDbEntity
  8
BLACK
  6
CONTINUOUS
100
AcDbLine
 10
1.6743924015748031
 20
0.9968761023622047
 30
0
 11
1.6740157480314961
 21
0.9968011811023622
 31
0
  0
LINE
  5
E27
330
1A
100
AcDbEntity
  8
BLACK
  6
CONTINUOUS
100
AcDbLine
 10
1.6740157480314961
 20
0.9968011811023622
 30
0
 11
1.5228346456692914
 21
0.9968011811023622
 31
0
  0
LINE
  5
E28
330
1A
100
AcDbEntity
  8
BLACK
  6
CONTINUOUS
100
AcDbLine
 10
1.5228346456692914
 20
0.9968011811023622
 30
0
 11
1.5224579921259842
 21
0.9968761023622047
 31
0
  0
LINE
  5
E29
330
1A
100
AcDbEntity
  8
BLACK
  6
CONTINUOUS
100
AcDbLine
 10
1.5224579921259842
 20
0.9968761023622047
 30
0
 11
1.52192531496063
 21
0.997408779527559
 31
0
  0
LINE
  5
E2A
330
1A
100
AcDbEntity
  8
BLACK
  6
CONTINUOUS
100
AcDbLine
 10
1.52192531496063
 20
0.997408779527559
 30
0
 11
1.5218503937007875
 21
0.9977854330708661
 31
0
  0
LINE
  5
E2B
330
1A
100
AcDbEntity
  8
BLACK
  6
CONTINUOUS
100
AcDbLine
 10
1.5218503937007875
 20
0.9977854330708661
 30
0
 11
1.5218503937007875
 21
1.0278497244094489
 31
0
  0
LINE
  5
E2C
330
1A
100
AcDbEntity
  8
BLACK
  6
CONTINUOUS
100
AcDbLine
 10
1.5218503937007875
 20
1.0278497244094489
 30
0
 11
1.521454842519685
 21
1.0282043700787402
 31
0
  0
LINE
  5
E2D
330
1A
100
AcDbEntity
  8
BLACK
  6
CONTINUOUS
100
AcDbLine
 10
1.521454842519685
 20
1.0282043700787402
 30
0
 11
1.517499094488189
 21
1.0334787007874016
 31
0
  0
LINE
  5
E2E
330
1A
100
AcDbEntity
  8
BLACK
  6
CONTINUOUS
100
AcDbLine
 10
1.517499094488189
 20
1.0334787007874016
 30
0
 11
1.517499094488189
 21
1.0293854724409448
 31
0
  0
LINE
  5
E2F
330
1A
100
AcDbEntity
  8
BLACK
  6
CONTINUOUS
100
AcDbLine
 10
1.517499094488189
 20
1.0293854724409448
 30
0
 11
1.5173492519685039
 21
1.0286321653543307
 31
0
  0
LINE
  5
E30
330
1A
100
AcDbEntity
  8
BLACK
  6
CONTINUOUS
100
AcDbLine
 10
1.5173492519685039
 20
1.0286321653543307
 30
0
 11
1.5162838976377953
 21
1.027566811023622
 31
0
  0
LINE
  5
E31
330
1A
100
AcDbEntity
  8
BLACK
  6
CONTINUOUS
100
AcDbLine
 10
1.5162838976377953
 20
1.027566811023622
 30
0
 11
1.514777283464567
 21
1.027566811023622
 31
0
  0
LINE
  5
E32
330
1A
100
AcDbEntity
  8
BLACK
  6
CONTINUOUS
100
AcDbLine
 10
1.514777283464567
 20
1.027566811023622
 30
0
 11
1.5137119291338583
 21
1.0286321653543307
 31
0
  0
LINE
  5
E33
330
1A
100
AcDbEntity
  8
BLACK
  6
CONTINUOUS
100
AcDbLine
 10
1.5137119291338583
 20
1.0286321653543307
 30
0
 11
1.5135620866141732
 21
1.0293854724409448
 31
0
  0
LINE
  5
E34
330
1A
100
AcDbEntity
  8
BLACK
  6
CONTINUOUS
100
AcDbLine
 10
1.5135620866141732
 20
1.0293854724409448
 30
0
 11
1.5135620866141732
 21
1.0490705118110235
 31
0
  0
LINE
  5
E35
330
1A
100
AcDbEntity
  8
BLACK
  6
CONTINUOUS
100
AcDbLine
 10
1.5135620866141732
 20
1.0490705118110235
 30
0
 11
1.5137119291338583
 21
1.0498238188976379
 31
0
  0
LINE
  5
E36
330
1A
100
AcDbEntity
  8
BLACK
  6
CONTINUOUS
100
AcDbLine
 10
1.5137119291338583
 20
1.0498238188976379
 30
0
 11
1.514777283464567
 21
1.0508891732283465
 31
0
  0
LINE
  5
E37
330
1A
100
AcDbEntity
  8
BLACK
  6
CONTINUOUS
100
AcDbLine
 10
1.514777283464567
 20
1.0508891732283465
 30
0
 11
1.5162838976377953
 21
1.0508891732283465
 31
0
  0
LINE
  5
E38
330
1A
100
AcDbEntity
  8
BLACK
  6
CONTINUOUS
100
AcDbLine
 10
1.5162838976377953
 20
1.0508891732283465
 30
0
 11
1.5173492519685039
 21
1.0498238188976379
 31
0
  0
LINE
  5
E39
330
1A
100
AcDbEntity
  8
BLACK
  6
CONTINUOUS
100
AcDbLine
 10
1.5173492519685039
 20
1.0498238188976379
 30
0
 11
1.517499094488189
 21
1.0490705118110235
 31
0
  0
LINE
  5
E3A
330
1A
100
AcDbEntity
  8
BLACK
  6
CONTINUOUS
100
AcDbLine
 10
1.517499094488189
 20
1.0490705118110235
 30
0
 11
1.517499094488189
 21
1.0397621653543307
 31
0
  0
LINE
  5
E3B
330
1A
100
AcDbEntity
  8
BLACK
  6
CONTINUOUS
100
AcDbLine
 10
1.517499094488189
 20
1.0397621653543307
 30
0
 11
1.5216377165354331
 21
1.0439007874015749
 31
0
  0
LINE
  5
E3C
330
1A
100
AcDbEntity
  8
BLACK
  6
CONTINUOUS
100
AcDbLine
 10
1.5216377165354331
 20
1.0439007874015749
 30
0
 11
1.5218503937007875
 21
1.0440429133858267
 31
0
  0
LINE
  5
E3D
330
1A
100
AcDbEntity
  8
BLACK
  6
CONTINUOUS
100
AcDbLine
 10
1.5218503937007875
 20
1.0440429133858267
 30
0
 11
1.5218503937007875
 21
1.1316437007874016
 31
0
  0
LINE
  5
E3E
330
1A
100
AcDbEntity
  8
BLACK
  6
CONTINUOUS
100
AcDbLine
 10
1.5218503937007875
 20
1.1316437007874016
 30
0
 11
1.52192531496063
 21
1.1320203543307086
 31
0
  0
LINE
  5
E3F
330
1A
100
AcDbEntity
  8
BLACK
  6
CONTINUOUS
100
AcDbLine
 10
1.52192531496063
 20
1.1320203543307086
 30
0
 11
1.5224579921259842
 21
1.132553031496063
 31
0
  0
LINE
  5
E40
330
1A
100
AcDbEntity
  8
BLACK
  6
CONTINUOUS
100
AcDbLine
 10
1.5224579921259842
 20
1.132553031496063
 30
0
 11
1.5228346456692914
 21
1.1326279527559056
 31
0
  0
LINE
  5
E41
330
1A
100
AcDbEntity
  8
BLACK
  6
CONTINUOUS
100
AcDbLine
 10
1.5228346456692914
 20
1.1326279527559056
 30
0
 11
1.6740157480314961
 21
1.1326279527559056
 31
0
  0
LINE
  5
E42
330
1A
100
AcDbEntity
  8
BLACK
  6
CONTINUOUS
100
AcDbLine
 10
1.6740157480314961
 20
1.1326279527559056
 30
0
 11
1.6743924015748031
 21
1.132553031496063
 31
0
  0
LINE
  5
E43
330
1A
100
AcDbEntity
  8
BLACK
  6
CONTINUOUS
100
AcDbLine
 10
1.5238188976377953
 20
1.1306594488188977
 30
0
 11
1.5238188976377953
 21
1.0442915354330708
 31
0
  0
LINE
  5
E44
330
1A
100
AcDbEntity
  8
BLACK
  6
CONTINUOUS
100
AcDbLine
 10
1.5238188976377953
 20
1.0442915354330708
 30
0
 11
1.5248483070866141
 21
1.0432621259842521
 31
0
  0
LINE
  5
E45
330
1A
100
AcDbEntity
  8
BLACK
  6
CONTINUOUS
100
AcDbLine
 10
1.5248483070866141
 20
1.0432621259842521
 30
0
 11
1.5248483070866141
 21
1.0417555118110235
 31
0
  0
LINE
  5
E46
330
1A
100
AcDbEntity
  8
BLACK
  6
CONTINUOUS
100
AcDbLine
 10
1.5248483070866141
 20
1.0417555118110235
 30
0
 11
1.5244216141732283
 21
1.0411168897637795
 31
0
  0
LINE
  5
E47
330
1A
100
AcDbEntity
  8
BLACK
  6
CONTINUOUS
100
AcDbLine
 10
1.5244216141732283
 20
1.0411168897637795
 30
0
 11
1.5238188976377953
 21
1.0405142125984252
 31
0
  0
LINE
  5
E48
330
1A
100
AcDbEntity
  8
BLACK
  6
CONTINUOUS
100
AcDbLine
 10
1.5238188976377953
 20
1.0405142125984252
 30
0
 11
1.5238188976377953
 21
1.0316139763779528
 31
0
  0
LINE
  5
E49
330
1A
100
AcDbEntity
  8
BLACK
  6
CONTINUOUS
100
AcDbLine
 10
1.5238188976377953
 20
1.0316139763779528
 30
0
 11
1.5246044488188977
 21
1.0305665748031496
 31
0
  0
LINE
  5
E4A
330
1A
100
AcDbEntity
  8
BLACK
  6
CONTINUOUS
100
AcDbLine
 10
1.5246044488188977
 20
1.0305665748031496
 30
0
 11
1.5249365748031496
 21
1.0298740157480315
 31
0
  0
LINE
  5
E4B
330
1A
100
AcDbEntity
  8
BLACK
  6
CONTINUOUS
100
AcDbLine
 10
1.5249365748031496
 20
1.0298740157480315
 30
0
 11
1.5247235039370077
 21
1.0283825196850394
 31
0
  0
LINE
  5
E4C
330
1A
100
AcDbEntity
  8
BLACK
  6
CONTINUOUS
100
AcDbLine
 10
1.5247235039370077
 20
1.0283825196850394
 30
0
 11
1.5238188976377953
 21
1.027704094488189
 31
0
  0
LINE
  5
E4D
330
1A
100
AcDbEntity
  8
BLACK
  6
CONTINUOUS
100
AcDbLine
 10
1.5238188976377953
 20
1.027704094488189
 30
0
 11
1.5238188976377953
 21
0.99876968503937
 31
0
  0
LINE
  5
E4E
330
1A
100
AcDbEntity
  8
BLACK
  6
CONTINUOUS
100
AcDbLine
 10
1.5238188976377953
 20
0.99876968503937
 30
0
 11
1.6730314960629922
 21
0.99876968503937
 31
0
  0
LINE
  5
E4F
330
1A
100
AcDbEntity
  8
BLACK
  6
CONTINUOUS
100
AcDbLine
 10
1.6730314960629922
 20
0.99876968503937
 30
0
 11
1.6730314960629922
 21
1.1306594488188977
 31
0
  0
LINE
  5
E50
330
1A
100
AcDbEntity
  8
BLACK
  6
CONTINUOUS
100
AcDbLine
 10
1.6730314960629922
 20
1.1306594488188977
 30
0
 11
1.5238188976377953
 21
1.1306594488188977
 31
0
  0
LINE
  5
E51
330
1A
100
AcDbEntity
  8
BLACK
  6
CONTINUOUS
100
AcDbLine
 10
1.5200044881889763
 20
1.0366998425196849
 30
0
 11
1.5218503937007875
 21
1.0342386614173229
 31
0
  0
LINE
  5
E52
330
1A
100
AcDbEntity
  8
BLACK
  6
CONTINUOUS
100
AcDbLine
 10
1.5218503937007875
 20
1.0342386614173229
 30
0
 11
1.5218503937007875
 21
1.0385457480314961
 31
0
  0
LINE
  5
E53
330
1A
100
AcDbEntity
  8
BLACK
  6
CONTINUOUS
100
AcDbLine
 10
1.5218503937007875
 20
1.0385457480314961
 30
0
 11
1.5200044881889763
 21
1.0366998425196849
 31
0
  0
LINE
  5
E54
330
1A
100
AcDbEntity
  8
BLACK
  6
CONTINUOUS
100
AcDbLine
 10
0.8814790157480314
 20
1.1678384645669291
 30
0
 11
0.8820116929133858
 21
1.1673057874015749
 31
0
  0
LINE
  5
E55
330
1A
100
AcDbEntity
  8
BLACK
  6
CONTINUOUS
100
AcDbLine
 10
0.8820116929133858
 20
1.1673057874015749
 30
0
 11
0.8820866141732283
 21
1.1669291338582677
 31
0
  0
LINE
  5
E56
330
1A
100
AcDbEntity
  8
BLACK
  6
CONTINUOUS
100
AcDbLine
 10
0.8820866141732283
 20
1.1669291338582677
 30
0
 11
0.8820866141732283
 21
1.0346456692913386
 31
0
  0
LINE
  5
E57
330
1A
100
AcDbEntity
  8
BLACK
  6
CONTINUOUS
100
AcDbLine
 10
0.8820866141732283
 20
1.0346456692913386
 30
0
 11
0.8820116929133858
 21
1.0342690157480314
 31
0
  0
LINE
  5
E58
330
1A
100
AcDbEntity
  8
BLACK
  6
CONTINUOUS
100
AcDbLine
 10
0.8820116929133858
 20
1.0342690157480314
 30
0
 11
0.8814790157480314
 21
1.0337363385826772
 31
0
  0
LINE
  5
E59
330
1A
100
AcDbEntity
  8
BLACK
  6
CONTINUOUS
100
AcDbLine
 10
0.8814790157480314
 20
1.0337363385826772
 30
0
 11
0.8811023622047244
 21
1.0336614173228347
 31
0
  0
LINE
  5
E5A
330
1A
100
AcDbEntity
  8
BLACK
  6
CONTINUOUS
100
AcDbLine
 10
0.8811023622047244
 20
1.0336614173228347
 30
0
 11
0.8062992125984252
 21
1.0336614173228347
 31
0
  0
LINE
  5
E5B
330
1A
100
AcDbEntity
  8
BLACK
  6
CONTINUOUS
100
AcDbLine
 10
0.8062992125984252
 20
1.0336614173228347
 30
0
 11
0.8059225590551181
 21
1.0337363385826772
 31
0
  0
LINE
  5
E5C
330
1A
100
AcDbEntity
  8
BLACK
  6
CONTINUOUS
100
AcDbLine
 10
0.8059225590551181
 20
1.0337363385826772
 30
0
 11
0.8053898818897638
 21
1.0342690157480314
 31
0
  0
LINE
  5
E5D
330
1A
100
AcDbEntity
  8
BLACK
  6
CONTINUOUS
100
AcDbLine
 10
0.8053898818897638
 20
1.0342690157480314
 30
0
 11
0.8053149606299213
 21
1.0346456692913386
 31
0
  0
LINE
  5
E5E
330
1A
100
AcDbEntity
  8
BLACK
  6
CONTINUOUS
100
AcDbLine
 10
0.8053149606299213
 20
1.0346456692913386
 30
0
 11
0.8053149606299213
 21
1.1669291338582677
 31
0
  0
LINE
  5
E5F
330
1A
100
AcDbEntity
  8
BLACK
  6
CONTINUOUS
100
AcDbLine
 10
0.8053149606299213
 20
1.1669291338582677
 30
0
 11
0.8053898818897638
 21
1.1673057874015749
 31
0
  0
LINE
  5
E60
330
1A
100
AcDbEntity
  8
BLACK
  6
CONTINUOUS
100
AcDbLine
 10
0.8053898818897638
 20
1.1673057874015749
 30
0
 11
0.8059225590551181
 21
1.1678384645669291
 31
0
  0
LINE
  5
E61
330
1A
100
AcDbEntity
  8
BLACK
  6
CONTINUOUS
100
AcDbLine
 10
0.8059225590551181
 20
1.1678384645669291
 30
0
 11
0.8062992125984252
 21
1.1679133858267716
 31
0
  0
LINE
  5
E62
330
1A
100
AcDbEntity
  8
BLACK
  6
CONTINUOUS
100
AcDbLine
 10
0.8062992125984252
 20
1.1679133858267716
 30
0
 11
0.8811023622047244
 21
1.1679133858267716
 31
0
  0
LINE
  5
E63
330
1A
100
AcDbEntity
  8
BLACK
  6
CONTINUOUS
100
AcDbLine
 10
0.8811023622047244
 20
1.1679133858267716
 30
0
 11
0.8814790157480314
 21
1.1678384645669291
 31
0
  0
LINE
  5
E64
330
1A
100
AcDbEntity
  8
BLACK
  6
CONTINUOUS
100
AcDbLine
 10
0.8072834645669291
 20
1.1659448818897638
 30
0
 11
0.8072834645669291
 21
1.0356299212598425
 31
0
  0
LINE
  5
E65
330
1A
100
AcDbEntity
  8
BLACK
  6
CONTINUOUS
100
AcDbLine
 10
0.8072834645669291
 20
1.0356299212598425
 30
0
 11
0.8801181102362204
 21
1.0356299212598425
 31
0
  0
LINE
  5
E66
330
1A
100
AcDbEntity
  8
BLACK
  6
CONTINUOUS
100
AcDbLine
 10
0.8801181102362204
 20
1.0356299212598425
 30
0
 11
0.8801181102362204
 21
1.1659448818897638
 31
0
  0
LINE
  5
E67
330
1A
100
AcDbEntity
  8
BLACK
  6
CONTINUOUS
100
AcDbLine
 10
0.8801181102362204
 20
1.1659448818897638
 30
0
 11
0.8072834645669291
 21
1.1659448818897638
 31
0
  0
LINE
  5
E68
330
1A
100
AcDbEntity
  8
BLACK
  6
CONTINUOUS
100
AcDbLine
 10
0.9642546062992126
 20
1.1699053937007873
 30
0
 11
0.9647872834645669
 21
1.1693727165354331
 31
0
  0
LINE
  5
E69
330
1A
100
AcDbEntity
  8
BLACK
  6
CONTINUOUS
100
AcDbLine
 10
0.9647872834645669
 20
1.1693727165354331
 30
0
 11
0.9648622047244094
 21
1.1689960629921259
 31
0
  0
LINE
  5
E6A
330
1A
100
AcDbEntity
  8
BLACK
  6
CONTINUOUS
100
AcDbLine
 10
0.9648622047244094
 20
1.1689960629921259
 30
0
 11
0.9648622047244094
 21
1.0351377952755905
 31
0
  0
LINE
  5
E6B
330
1A
100
AcDbEntity
  8
BLACK
  6
CONTINUOUS
100
AcDbLine
 10
0.9648622047244094
 20
1.0351377952755905
 30
0
 11
0.9647872834645669
 21
1.0347611417322835
 31
0
  0
LINE
  5
E6C
330
1A
100
AcDbEntity
  8
BLACK
  6
CONTINUOUS
100
AcDbLine
 10
0.9647872834645669
 20
1.0347611417322835
 30
0
 11
0.9642546062992126
 21
1.0342284645669291
 31
0
  0
LINE
  5
E6D
330
1A
100
AcDbEntity
  8
BLACK
  6
CONTINUOUS
100
AcDbLine
 10
0.9642546062992126
 20
1.0342284645669291
 30
0
 11
0.9638779527559055
 21
1.0341535433070865
 31
0
  0
LINE
  5
E6E
330
1A
100
AcDbEntity
  8
BLACK
  6
CONTINUOUS
100
AcDbLine
 10
0.9638779527559055
 20
1.0341535433070865
 30
0
 11
0.8867125984251968
 21
1.0341535433070865
 31
0
  0
LINE
  5
E6F
330
1A
100
AcDbEntity
  8
BLACK
  6
CONTINUOUS
100
AcDbLine
 10
0.8867125984251968
 20
1.0341535433070865
 30
0
 11
0.8863359448818897
 21
1.0342284645669291
 31
0
  0
LINE
  5
E70
330
1A
100
AcDbEntity
  8
BLACK
  6
CONTINUOUS
100
AcDbLine
 10
0.8863359448818897
 20
1.0342284645669291
 30
0
 11
0.8858032677165354
 21
1.0347611417322835
 31
0
  0
LINE
  5
E71
330
1A
100
AcDbEntity
  8
BLACK
  6
CONTINUOUS
100
AcDbLine
 10
0.8858032677165354
 20
1.0347611417322835
 30
0
 11
0.8857283464566928
 21
1.0351377952755905
 31
0
  0
LINE
  5
E72
330
1A
100
AcDbEntity
  8
BLACK
  6
CONTINUOUS
100
AcDbLine
 10
0.8857283464566928
 20
1.0351377952755905
 30
0
 11
0.8857283464566928
 21
1.1689960629921259
 31
0
  0
LINE
  5
E73
330
1A
100
AcDbEntity
  8
BLACK
  6
CONTINUOUS
100
AcDbLine
 10
0.8857283464566928
 20
1.1689960629921259
 30
0
 11
0.8858032677165354
 21
1.1693727165354331
 31
0
  0
LINE
  5
E74
330
1A
100
AcDbEntity
  8
BLACK
  6
CONTINUOUS
100
AcDbLine
 10
0.8858032677165354
 20
1.1693727165354331
 30
0
 11
0.8863359448818897
 21
1.1699053937007873
 31
0
  0
LINE
  5
E75
330
1A
100
AcDbEntity
  8
BLACK
  6
CONTINUOUS
100
AcDbLine
 10
0.8863359448818897
 20
1.1699053937007873
 30
0
 11
0.8867125984251968
 21
1.1699803149606298
 31
0
  0
LINE
  5
E76
330
1A
100
AcDbEntity
  8
BLACK
  6
CONTINUOUS
100
AcDbLine
 10
0.8867125984251968
 20
1.1699803149606298
 30
0
 11
0.9638779527559055
 21
1.1699803149606298
 31
0
  0
LINE
  5
E77
330
1A
100
AcDbEntity
  8
BLACK
  6
CONTINUOUS
100
AcDbLine
 10
0.9638779527559055
 20
1.1699803149606298
 30
0
 11
0.9642546062992126
 21
1.1699053937007873
 31
0
  0
LINE
  5
E78
330
1A
100
AcDbEntity
  8
BLACK
  6
CONTINUOUS
100
AcDbLine
 10
0.8876968503937007
 20
1.1680118110236219
 30
0
 11
0.8876968503937007
 21
1.0361220472440944
 31
0
  0
LINE
  5
E79
330
1A
100
AcDbEntity
  8
BLACK
  6
CONTINUOUS
100
AcDbLine
 10
0.8876968503937007
 20
1.0361220472440944
 30
0
 11
0.9628937007874016
 21
1.0361220472440944
 31
0
  0
LINE
  5
E7A
330
1A
100
AcDbEntity
  8
BLACK
  6
CONTINUOUS
100
AcDbLine
 10
0.9628937007874016
 20
1.0361220472440944
 30
0
 11
0.9628937007874016
 21
1.1680118110236219
 31
0
  0
LINE
  5
E7B
330
1A
100
AcDbEntity
  8
BLACK
  6
CONTINUOUS
100
AcDbLine
 10
0.9628937007874016
 20
1.1680118110236219
 30
0
 11
0.8876968503937007
 21
1.1680118110236219
 31
0
  0
LINE
  5
E7C
330
1A
100
AcDbEntity
  8
BLACK
  6
CONTINUOUS
100
AcDbLine
 10
1.1205538188976378
 20
1.173055
 30
0
 11
1.121086496062992
 21
1.1725223228346457
 31
0
  0
LINE
  5
E7D
330
1A
100
AcDbEntity
  8
BLACK
  6
CONTINUOUS
100
AcDbLine
 10
1.121086496062992
 20
1.1725223228346457
 30
0
 11
1.1211614173228346
 21
1.1721456692913386
 31
0
  0
LINE
  5
E7E
330
1A
100
AcDbEntity
  8
BLACK
  6
CONTINUOUS
100
AcDbLine
 10
1.1211614173228346
 20
1.1721456692913386
 30
0
 11
1.1211614173228346
 21
1.0949803149606299
 31
0
  0
LINE
  5
E7F
330
1A
100
AcDbEntity
  8
BLACK
  6
CONTINUOUS
100
AcDbLine
 10
1.1211614173228346
 20
1.0949803149606299
 30
0
 11
1.121086496062992
 21
1.0946036614173229
 31
0
  0
LINE
  5
E80
330
1A
100
AcDbEntity
  8
BLACK
  6
CONTINUOUS
100
AcDbLine
 10
1.121086496062992
 20
1.0946036614173229
 30
0
 11
1.1205538188976378
 21
1.0940709842519685
 31
0
  0
LINE
  5
E81
330
1A
100
AcDbEntity
  8
BLACK
  6
CONTINUOUS
100
AcDbLine
 10
1.1205538188976378
 20
1.0940709842519685
 30
0
 11
1.1201771653543307
 21
1.0939960629921259
 31
0
  0
LINE
  5
E82
330
1A
100
AcDbEntity
  8
BLACK
  6
CONTINUOUS
100
AcDbLine
 10
1.1201771653543307
 20
1.0939960629921259
 30
0
 11
0.9863188976377952
 21
1.0939960629921259
 31
0
  0
LINE
  5
E83
330
1A
100
AcDbEntity
  8
BLACK
  6
CONTINUOUS
100
AcDbLine
 10
0.9863188976377952
 20
1.0939960629921259
 30
0
 11
0.9859422440944882
 21
1.0940709842519685
 31
0
  0
LINE
  5
E84
330
1A
100
AcDbEntity
  8
BLACK
  6
CONTINUOUS
100
AcDbLine
 10
0.9859422440944882
 20
1.0940709842519685
 30
0
 11
0.9854095669291338
 21
1.0946036614173229
 31
0
  0
LINE
  5
E85
330
1A
100
AcDbEntity
  8
BLACK
  6
CONTINUOUS
100
AcDbLine
 10
0.9854095669291338
 20
1.0946036614173229
 30
0
 11
0.9853346456692913
 21
1.0949803149606299
 31
0
  0
LINE
  5
E86
330
1A
100
AcDbEntity
  8
BLACK
  6
CONTINUOUS
100
AcDbLine
 10
0.9853346456692913
 20
1.0949803149606299
 30
0
 11
0.9853346456692913
 21
1.1721456692913386
 31
0
  0
LINE
  5
E87
330
1A
100
AcDbEntity
  8
BLACK
  6
CONTINUOUS
100
AcDbLine
 10
0.9853346456692913
 20
1.1721456692913386
 30
0
 11
0.9854095669291338
 21
1.1725223228346457
 31
0
  0
LINE
  5
E88
330
1A
100
AcDbEntity
  8
BLACK
  6
CONTINUOUS
100
AcDbLine
 10
0.9854095669291338
 20
1.1725223228346457
 30
0
 11
0.9859422440944882
 21
1.173055
 31
0
  0
LINE
  5
E89
330
1A
100
AcDbEntity
  8
BLACK
  6
CONTINUOUS
100
AcDbLine
 10
0.9859422440944882
 20
1.173055
 30
0
 11
0.9863188976377952
 21
1.1731299212598425
 31
0
  0
LINE
  5
E8A
330
1A
100
AcDbEntity
  8
BLACK
  6
CONTINUOUS
100
AcDbLine
 10
0.9863188976377952
 20
1.1731299212598425
 30
0
 11
1.1201771653543307
 21
1.1731299212598425
 31
0
  0
LINE
  5
E8B
330
1A
100
AcDbEntity
  8
BLACK
  6
CONTINUOUS
100
AcDbLine
 10
1.1201771653543307
 20
1.1731299212598425
 30
0
 11
1.1205538188976378
 21
1.173055
 31
0
  0
LINE
  5
E8C
330
1A
100
AcDbEntity
  8
BLACK
  6
CONTINUOUS
100
AcDbLine
 10
0.9873031496062992
 20
1.1711614173228346
 30
0
 11
0.9873031496062992
 21
1.0959645669291338
 31
0
  0
LINE
  5
E8D
330
1A
100
AcDbEntity
  8
BLACK
  6
CONTINUOUS
100
AcDbLine
 10
0.9873031496062992
 20
1.0959645669291338
 30
0
 11
1.1191929133858267
 21
1.0959645669291338
 31
0
  0
LINE
  5
E8E
330
1A
100
AcDbEntity
  8
BLACK
  6
CONTINUOUS
100
AcDbLine
 10
1.1191929133858267
 20
1.0959645669291338
 30
0
 11
1.1191929133858267
 21
1.1711614173228346
 31
0
  0
LINE
  5
E8F
330
1A
100
AcDbEntity
  8
BLACK
  6
CONTINUOUS
100
AcDbLine
 10
1.1191929133858267
 20
1.1711614173228346
 30
0
 11
0.9873031496062992
 21
1.1711614173228346
 31
0
  0
LINE
  5
E90
330
1A
100
AcDbEntity
  8
BLACK
  6
CONTINUOUS
100
AcDbLine
 10
1.9019514566929134
 20
1.1986947637795276
 30
0
 11
1.9024841338582676
 21
1.1981620866141731
 31
0
  0
LINE
  5
E91
330
1A
100
AcDbEntity
  8
BLACK
  6
CONTINUOUS
100
AcDbLine
 10
1.9024841338582676
 20
1.1981620866141731
 30
0
 11
1.9025590551181102
 21
1.1977854330708662
 31
0
  0
LINE
  5
E92
330
1A
100
AcDbEntity
  8
BLACK
  6
CONTINUOUS
100
AcDbLine
 10
1.9025590551181102
 20
1.1977854330708662
 30
0
 11
1.9025590551181102
 21
1.1206200787401575
 31
0
  0
LINE
  5
E93
330
1A
100
AcDbEntity
  8
BLACK
  6
CONTINUOUS
100
AcDbLine
 10
1.9025590551181102
 20
1.1206200787401575
 30
0
 11
1.9024841338582676
 21
1.1202434251968503
 31
0
  0
LINE
  5
E94
330
1A
100
AcDbEntity
  8
BLACK
  6
CONTINUOUS
100
AcDbLine
 10
1.9024841338582676
 20
1.1202434251968503
 30
0
 11
1.9019514566929134
 21
1.1197107480314961
 31
0
  0
LINE
  5
E95
330
1A
100
AcDbEntity
  8
BLACK
  6
CONTINUOUS
100
AcDbLine
 10
1.9019514566929134
 20
1.1197107480314961
 30
0
 11
1.9015748031496063
 21
1.1196358267716535
 31
0
  0
LINE
  5
E96
330
1A
100
AcDbEntity
  8
BLACK
  6
CONTINUOUS
100
AcDbLine
 10
1.9015748031496063
 20
1.1196358267716535
 30
0
 11
1.7677165354330708
 21
1.1196358267716535
 31
0
  0
LINE
  5
E97
330
1A
100
AcDbEntity
  8
BLACK
  6
CONTINUOUS
100
AcDbLine
 10
1.7677165354330708
 20
1.1196358267716535
 30
0
 11
1.7673398818897637
 21
1.1197107480314961
 31
0
  0
LINE
  5
E98
330
1A
100
AcDbEntity
  8
BLACK
  6
CONTINUOUS
100
AcDbLine
 10
1.7673398818897637
 20
1.1197107480314961
 30
0
 11
1.7668072047244094
 21
1.1202434251968503
 31
0
  0
LINE
  5
E99
330
1A
100
AcDbEntity
  8
BLACK
  6
CONTINUOUS
100
AcDbLine
 10
1.7668072047244094
 20
1.1202434251968503
 30
0
 11
1.7667322834645669
 21
1.1206200787401575
 31
0
  0
LINE
  5
E9A
330
1A
100
AcDbEntity
  8
BLACK
  6
CONTINUOUS
100
AcDbLine
 10
1.7667322834645669
 20
1.1206200787401575
 30
0
 11
1.7667322834645669
 21
1.1977854330708662
 31
0
  0
LINE
  5
E9B
330
1A
100
AcDbEntity
  8
BLACK
  6
CONTINUOUS
100
AcDbLine
 10
1.7667322834645669
 20
1.1977854330708662
 30
0
 11
1.7668072047244094
 21
1.1981620866141731
 31
0
  0
LINE
  5
E9C
330
1A
100
AcDbEntity
  8
BLACK
  6
CONTINUOUS
100
AcDbLine
 10
1.7668072047244094
 20
1.1981620866141731
 30
0
 11
1.7673398818897637
 21
1.1986947637795276
 31
0
  0
LINE
  5
E9D
330
1A
100
AcDbEntity
  8
BLACK
  6
CONTINUOUS
100
AcDbLine
 10
1.7673398818897637
 20
1.1986947637795276
 30
0
 11
1.7677165354330708
 21
1.1987696850393701
 31
0
  0
LINE
  5
E9E
330
1A
100
AcDbEntity
  8
BLACK
  6
CONTINUOUS
100
AcDbLine
 10
1.7677165354330708
 20
1.1987696850393701
 30
0
 11
1.9015748031496063
 21
1.1987696850393701
 31
0
  0
LINE
  5
E9F
330
1A
100
AcDbEntity
  8
BLACK
  6
CONTINUOUS
100
AcDbLine
 10
1.9015748031496063
 20
1.1987696850393701
 30
0
 11
1.9019514566929134
 21
1.1986947637795276
 31
0
  0
LINE
  5
EA0
330
1A
100
AcDbEntity
  8
BLACK
  6
CONTINUOUS
100
AcDbLine
 10
1.7687007874015748
 20
1.1968011811023622
 30
0
 11
1.7687007874015748
 21
1.1216043307086614
 31
0
  0
LINE
  5
EA1
330
1A
100
AcDbEntity
  8
BLACK
  6
CONTINUOUS
100
AcDbLine
 10
1.7687007874015748
 20
1.1216043307086614
 30
0
 11
1.9005905511811023
 21
1.1216043307086614
 31
0
  0
LINE
  5
EA2
330
1A
100
AcDbEntity
  8
BLACK
  6
CONTINUOUS
100
AcDbLine
 10
1.9005905511811023
 20
1.1216043307086614
 30
0
 11
1.9005905511811023
 21
1.1968011811023622
 31
0
  0
LINE
  5
EA3
330
1A
100
AcDbEntity
  8
BLACK
  6
CONTINUOUS
100
AcDbLine
 10
1.9005905511811023
 20
1.1968011811023622
 30
0
 11
1.7687007874015748
 21
1.1968011811023622
 31
0
  0
LINE
  5
EA4
330
1A
100
AcDbEntity
  8
BLACK
  6
CONTINUOUS
100
AcDbLine
 10
1.5015577559055118
 20
1.2607518503937007
 30
0
 11
1.5020904330708662
 21
1.2602191732283465
 31
0
  0
LINE
  5
EA5
330
1A
100
AcDbEntity
  8
BLACK
  6
CONTINUOUS
100
AcDbLine
 10
1.5020904330708662
 20
1.2602191732283465
 30
0
 11
1.5021653543307085
 21
1.2598425196850394
 31
0
  0
LINE
  5
EA6
330
1A
100
AcDbEntity
  8
BLACK
  6
CONTINUOUS
100
AcDbLine
 10
1.5021653543307085
 20
1.2598425196850394
 30
0
 11
1.5021653543307085
 21
1.1259842519685039
 31
0
  0
LINE
  5
EA7
330
1A
100
AcDbEntity
  8
BLACK
  6
CONTINUOUS
100
AcDbLine
 10
1.5021653543307085
 20
1.1259842519685039
 30
0
 11
1.5020904330708662
 21
1.1256075984251968
 31
0
  0
LINE
  5
EA8
330
1A
100
AcDbEntity
  8
BLACK
  6
CONTINUOUS
100
AcDbLine
 10
1.5020904330708662
 20
1.1256075984251968
 30
0
 11
1.5015577559055118
 21
1.1250749212598425
 31
0
  0
LINE
  5
EA9
330
1A
100
AcDbEntity
  8
BLACK
  6
CONTINUOUS
100
AcDbLine
 10
1.5015577559055118
 20
1.1250749212598425
 30
0
 11
1.5011811023622046
 21
1.125
 31
0
  0
LINE
  5
EAA
330
1A
100
AcDbEntity
  8
BLACK
  6
CONTINUOUS
100
AcDbLine
 10
1.5011811023622046
 20
1.125
 30
0
 11
1.339763779527559
 21
1.125
 31
0
  0
LINE
  5
EAB
330
1A
100
AcDbEntity
  8
BLACK
  6
CONTINUOUS
100
AcDbLine
 10
1.339763779527559
 20
1.125
 30
0
 11
1.339387125984252
 21
1.1250749212598425
 31
0
  0
LINE
  5
EAC
330
1A
100
AcDbEntity
  8
BLACK
  6
CONTINUOUS
100
AcDbLine
 10
1.339387125984252
 20
1.1250749212598425
 30
0
 11
1.3388544488188976
 21
1.1256075984251968
 31
0
  0
LINE
  5
EAD
330
1A
100
AcDbEntity
  8
BLACK
  6
CONTINUOUS
100
AcDbLine
 10
1.3388544488188976
 20
1.1256075984251968
 30
0
 11
1.338779527559055
 21
1.1259842519685039
 31
0
  0
LINE
  5
EAE
330
1A
100
AcDbEntity
  8
BLACK
  6
CONTINUOUS
100
AcDbLine
 10
1.338779527559055
 20
1.1259842519685039
 30
0
 11
1.338779527559055
 21
1.2598425196850394
 31
0
  0
LINE
  5
EAF
330
1A
100
AcDbEntity
  8
BLACK
  6
CONTINUOUS
100
AcDbLine
 10
1.338779527559055
 20
1.2598425196850394
 30
0
 11
1.3388544488188976
 21
1.2602191732283465
 31
0
  0
LINE
  5
EB0
330
1A
100
AcDbEntity
  8
BLACK
  6
CONTINUOUS
100
AcDbLine
 10
1.3388544488188976
 20
1.2602191732283465
 30
0
 11
1.339387125984252
 21
1.2607518503937007
 31
0
  0
LINE
  5
EB1
330
1A
100
AcDbEntity
  8
BLACK
  6
CONTINUOUS
100
AcDbLine
 10
1.339387125984252
 20
1.2607518503937007
 30
0
 11
1.339763779527559
 21
1.2608267716535433
 31
0
  0
LINE
  5
EB2
330
1A
100
AcDbEntity
  8
BLACK
  6
CONTINUOUS
100
AcDbLine
 10
1.339763779527559
 20
1.2608267716535433
 30
0
 11
1.5011811023622046
 21
1.2608267716535433
 31
0
  0
LINE
  5
EB3
330
1A
100
AcDbEntity
  8
BLACK
  6
CONTINUOUS
100
AcDbLine
 10
1.5011811023622046
 20
1.2608267716535433
 30
0
 11
1.5015577559055118
 21
1.2607518503937007
 31
0
  0
LINE
  5
EB4
330
1A
100
AcDbEntity
  8
BLACK
  6
CONTINUOUS
100
AcDbLine
 10
1.3407480314960629
 20
1.2588582677165354
 30
0
 11
1.3407480314960629
 21
1.1269685039370079
 31
0
  0
LINE
  5
EB5
330
1A
100
AcDbEntity
  8
BLACK
  6
CONTINUOUS
100
AcDbLine
 10
1.3407480314960629
 20
1.1269685039370079
 30
0
 11
1.5001968503937007
 21
1.1269685039370079
 31
0
  0
LINE
  5
EB6
330
1A
100
AcDbEntity
  8
BLACK
  6
CONTINUOUS
100
AcDbLine
 10
1.5001968503937007
 20
1.1269685039370079
 30
0
 11
1.5001968503937007
 21
1.2588582677165354
 31
0
  0
LINE
  5
EB7
330
1A
100
AcDbEntity
  8
BLACK
  6
CONTINUOUS
100
AcDbLine
 10
1.5001968503937007
 20
1.2588582677165354
 30
0
 11
1.3407480314960629
 21
1.2588582677165354
 31
0
  0
LINE
  5
EB8
330
1A
100
AcDbEntity
  8
BLACK
  6
CONTINUOUS
100
AcDbLine
 10
0.7873575196850393
 20
1.1966238582677164
 30
0
 11
0.7882949212598425
 21
1.195686496062992
 31
0
  0
LINE
  5
EB9
330
1A
100
AcDbEntity
  8
BLACK
  6
CONTINUOUS
100
AcDbLine
 10
0.7882949212598425
 20
1.195686496062992
 30
0
 11
0.788721653543307
 21
1.195047874015748
 31
0
  0
LINE
  5
EBA
330
1A
100
AcDbEntity
  8
BLACK
  6
CONTINUOUS
100
AcDbLine
 10
0.788721653543307
 20
1.195047874015748
 30
0
 11
0.788721653543307
 21
1.1950478346456692
 31
0
  0
LINE
  5
EBB
330
1A
100
AcDbEntity
  8
BLACK
  6
CONTINUOUS
100
AcDbLine
 10
0.788721653543307
 20
1.1950478346456692
 30
0
 11
0.788721653543307
 21
1.1935411811023622
 31
0
  0
LINE
  5
EBC
330
1A
100
AcDbEntity
  8
BLACK
  6
CONTINUOUS
100
AcDbLine
 10
0.788721653543307
 20
1.1935411811023622
 30
0
 11
0.7882949212598425
 21
1.1929025590551181
 31
0
  0
LINE
  5
EBD
330
1A
100
AcDbEntity
  8
BLACK
  6
CONTINUOUS
100
AcDbLine
 10
0.7882949212598425
 20
1.1929025590551181
 30
0
 11
0.7873575196850393
 21
1.1919651968503937
 31
0
  0
LINE
  5
EBE
330
1A
100
AcDbEntity
  8
BLACK
  6
CONTINUOUS
100
AcDbLine
 10
0.7873575196850393
 20
1.1919651968503937
 30
0
 11
0.7867189763779527
 21
1.1915386220472441
 31
0
  0
LINE
  5
EBF
330
1A
100
AcDbEntity
  8
BLACK
  6
CONTINUOUS
100
AcDbLine
 10
0.7867189763779527
 20
1.1915386220472441
 30
0
 11
0.7867188976377952
 21
1.1915385039370079
 31
0
  0
LINE
  5
EC0
330
1A
100
AcDbEntity
  8
BLACK
  6
CONTINUOUS
100
AcDbLine
 10
0.7867188976377952
 20
1.1915385039370079
 30
0
 11
0.7867188582677165
 21
1.1915385039370079
 31
0
  0
LINE
  5
EC1
330
1A
100
AcDbEntity
  8
BLACK
  6
CONTINUOUS
100
AcDbLine
 10
0.7867188582677165
 20
1.1915385039370079
 30
0
 11
0.785212283464567
 21
1.1915385039370079
 31
0
  0
LINE
  5
EC2
330
1A
100
AcDbEntity
  8
BLACK
  6
CONTINUOUS
100
AcDbLine
 10
0.785212283464567
 20
1.1915385039370079
 30
0
 11
0.7845736614173228
 21
1.1919652362204725
 31
0
  0
LINE
  5
EC3
330
1A
100
AcDbEntity
  8
BLACK
  6
CONTINUOUS
100
AcDbLine
 10
0.7845736614173228
 20
1.1919652362204725
 30
0
 11
0.7836362992125984
 21
1.1929025984251969
 31
0
  0
LINE
  5
EC4
330
1A
100
AcDbEntity
  8
BLACK
  6
CONTINUOUS
100
AcDbLine
 10
0.7836362992125984
 20
1.1929025984251969
 30
0
 11
0.7832095669291338
 21
1.1935412204724409
 31
0
  0
LINE
  5
EC5
330
1A
100
AcDbEntity
  8
BLACK
  6
CONTINUOUS
100
AcDbLine
 10
0.7832095669291338
 20
1.1935412204724409
 30
0
 11
0.7832095669291338
 21
1.1950478346456692
 31
0
  0
LINE
  5
EC6
330
1A
100
AcDbEntity
  8
BLACK
  6
CONTINUOUS
100
AcDbLine
 10
0.7832095669291338
 20
1.1950478346456692
 30
0
 11
0.7832096456692913
 21
1.1950479527559055
 31
0
  0
LINE
  5
EC7
330
1A
100
AcDbEntity
  8
BLACK
  6
CONTINUOUS
100
AcDbLine
 10
0.7832096456692913
 20
1.1950479527559055
 30
0
 11
0.7836362598425197
 21
1.1956864566929133
 31
0
  0
LINE
  5
EC8
330
1A
100
AcDbEntity
  8
BLACK
  6
CONTINUOUS
100
AcDbLine
 10
0.7836362598425197
 20
1.1956864566929133
 30
0
 11
0.7845736220472441
 21
1.1966238582677164
 31
0
  0
LINE
  5
EC9
330
1A
100
AcDbEntity
  8
BLACK
  6
CONTINUOUS
100
AcDbLine
 10
0.7845736220472441
 20
1.1966238582677164
 30
0
 11
0.7852122440944882
 21
1.197050590551181
 31
0
  0
LINE
  5
ECA
330
1A
100
AcDbEntity
  8
BLACK
  6
CONTINUOUS
100
AcDbLine
 10
0.7852122440944882
 20
1.197050590551181
 30
0
 11
0.7867188976377952
 21
1.197050590551181
 31
0
  0
LINE
  5
ECB
330
1A
100
AcDbEntity
  8
BLACK
  6
CONTINUOUS
100
AcDbLine
 10
0.7867188976377952
 20
1.197050590551181
 30
0
 11
0.7873575196850393
 21
1.1966238582677164
 31
0
  0
LINE
  5
ECC
330
1A
100
AcDbEntity
  8
BLACK
  6
CONTINUOUS
100
AcDbLine
 10
0.8472270472440945
 20
1.2513030314960629
 30
0
 11
0.8477597244094488
 21
1.2507703543307087
 31
0
  0
LINE
  5
ECD
330
1A
100
AcDbEntity
  8
BLACK
  6
CONTINUOUS
100
AcDbLine
 10
0.8477597244094488
 20
1.2507703543307087
 30
0
 11
0.8478346456692913
 21
1.2503937007874015
 31
0
  0
LINE
  5
ECE
330
1A
100
AcDbEntity
  8
BLACK
  6
CONTINUOUS
100
AcDbLine
 10
0.8478346456692913
 20
1.2503937007874015
 30
0
 11
0.8478346456692913
 21
1.1968683070866142
 31
0
  0
LINE
  5
ECF
330
1A
100
AcDbEntity
  8
BLACK
  6
CONTINUOUS
100
AcDbLine
 10
0.8478346456692913
 20
1.1968683070866142
 30
0
 11
0.8480169291338583
 21
1.197050590551181
 31
0
  0
LINE
  5
ED0
330
1A
100
AcDbEntity
  8
BLACK
  6
CONTINUOUS
100
AcDbLine
 10
0.8480169291338583
 20
1.197050590551181
 30
0
 11
0.8495235433070866
 21
1.197050590551181
 31
0
  0
LINE
  5
ED1
330
1A
100
AcDbEntity
  8
BLACK
  6
CONTINUOUS
100
AcDbLine
 10
0.8495235433070866
 20
1.197050590551181
 30
0
 11
0.8505888976377952
 21
1.1959852362204724
 31
0
  0
LINE
  5
ED2
330
1A
100
AcDbEntity
  8
BLACK
  6
CONTINUOUS
100
AcDbLine
 10
0.8505888976377952
 20
1.1959852362204724
 30
0
 11
0.8507387401574803
 21
1.1952319291338582
 31
0
  0
LINE
  5
ED3
330
1A
100
AcDbEntity
  8
BLACK
  6
CONTINUOUS
100
AcDbLine
 10
0.8507387401574803
 20
1.1952319291338582
 30
0
 11
0.8507387401574803
 21
1.1788237401574804
 31
0
  0
LINE
  5
ED4
330
1A
100
AcDbEntity
  8
BLACK
  6
CONTINUOUS
100
AcDbLine
 10
0.8507387401574803
 20
1.1788237401574804
 30
0
 11
0.8511748031496063
 21
1.1779515354330707
 31
0
  0
LINE
  5
ED5
330
1A
100
AcDbEntity
  8
BLACK
  6
CONTINUOUS
100
AcDbLine
 10
0.8511748031496063
 20
1.1779515354330707
 30
0
 11
0.852462716535433
 21
1.1773075984251968
 31
0
  0
LINE
  5
ED6
330
1A
100
AcDbEntity
  8
BLACK
  6
CONTINUOUS
100
AcDbLine
 10
0.852462716535433
 20
1.1773075984251968
 30
0
 11
0.8530694881889763
 21
1.1768366929133858
 31
0
  0
LINE
  5
ED7
330
1A
100
AcDbEntity
  8
BLACK
  6
CONTINUOUS
100
AcDbLine
 10
0.8530694881889763
 20
1.1768366929133858
 30
0
 11
0.8535459448818897
 21
1.1754073622047243
 31
0
  0
LINE
  5
ED8
330
1A
100
AcDbEntity
  8
BLACK
  6
CONTINUOUS
100
AcDbLine
 10
0.8535459448818897
 20
1.1754073622047243
 30
0
 11
0.8528721653543306
 21
1.1740598031496063
 31
0
  0
LINE
  5
ED9
330
1A
100
AcDbEntity
  8
BLACK
  6
CONTINUOUS
100
AcDbLine
 10
0.8528721653543306
 20
1.1740598031496063
 30
0
 11
0.8514428346456693
 21
1.1735833464566929
 31
0
  0
LINE
  5
EDA
330
1A
100
AcDbEntity
  8
BLACK
  6
CONTINUOUS
100
AcDbLine
 10
0.8514428346456693
 20
1.1735833464566929
 30
0
 11
0.8507020472440945
 21
1.173786220472441
 31
0
  0
LINE
  5
EDB
330
1A
100
AcDbEntity
  8
BLACK
  6
CONTINUOUS
100
AcDbLine
 10
0.8507020472440945
 20
1.173786220472441
 30
0
 11
0.8488273228346457
 21
1.1747235433070866
 31
0
  0
LINE
  5
EDC
330
1A
100
AcDbEntity
  8
BLACK
  6
CONTINUOUS
100
AcDbLine
 10
0.8488273228346457
 20
1.1747235433070866
 30
0
 11
0.8485176377952756
 21
1.1749638976377952
 31
0
  0
LINE
  5
EDD
330
1A
100
AcDbEntity
  8
BLACK
  6
CONTINUOUS
100
AcDbLine
 10
0.8485176377952756
 20
1.1749638976377952
 30
0
 11
0.848417874015748
 21
1.174997125984252
 31
0
  0
LINE
  5
EDE
330
1A
100
AcDbEntity
  8
BLACK
  6
CONTINUOUS
100
AcDbLine
 10
0.848417874015748
 20
1.174997125984252
 30
0
 11
0.8483316141732283
 21
1.1751082283464567
 31
0
  0
LINE
  5
EDF
330
1A
100
AcDbEntity
  8
BLACK
  6
CONTINUOUS
100
AcDbLine
 10
0.8483316141732283
 20
1.1751082283464567
 30
0
 11
0.8482205511811023
 21
1.1751944488188977
 31
0
  0
LINE
  5
EE0
330
1A
100
AcDbEntity
  8
BLACK
  6
CONTINUOUS
100
AcDbLine
 10
0.8482205511811023
 20
1.1751944488188977
 30
0
 11
0.848187283464567
 21
1.1752942519685039
 31
0
  0
LINE
  5
EE1
330
1A
100
AcDbEntity
  8
BLACK
  6
CONTINUOUS
100
AcDbLine
 10
0.848187283464567
 20
1.1752942519685039
 30
0
 11
0.847946968503937
 21
1.1756038976377952
 31
0
  0
LINE
  5
EE2
330
1A
100
AcDbEntity
  8
BLACK
  6
CONTINUOUS
100
AcDbLine
 10
0.847946968503937
 20
1.1756038976377952
 30
0
 11
0.8478346456692913
 21
1.1758285433070865
 31
0
  0
LINE
  5
EE3
330
1A
100
AcDbEntity
  8
BLACK
  6
CONTINUOUS
100
AcDbLine
 10
0.8478346456692913
 20
1.1758285433070865
 30
0
 11
0.8478346456692913
 21
1.1732283464566928
 31
0
  0
LINE
  5
EE4
330
1A
100
AcDbEntity
  8
BLACK
  6
CONTINUOUS
100
AcDbLine
 10
0.8478346456692913
 20
1.1732283464566928
 30
0
 11
0.8477597244094488
 21
1.1728516929133859
 31
0
  0
LINE
  5
EE5
330
1A
100
AcDbEntity
  8
BLACK
  6
CONTINUOUS
100
AcDbLine
 10
0.8477597244094488
 20
1.1728516929133859
 30
0
 11
0.8472270472440945
 21
1.1723190157480314
 31
0
  0
LINE
  5
EE6
330
1A
100
AcDbEntity
  8
BLACK
  6
CONTINUOUS
100
AcDbLine
 10
0.8472270472440945
 20
1.1723190157480314
 30
0
 11
0.8468503937007874
 21
1.1722440944881889
 31
0
  0
LINE
  5
EE7
330
1A
100
AcDbEntity
  8
BLACK
  6
CONTINUOUS
100
AcDbLine
 10
0.8468503937007874
 20
1.1722440944881889
 30
0
 11
0.8056467322834645
 21
1.1722440944881889
 31
0
  0
LINE
  5
EE8
330
1A
100
AcDbEntity
  8
BLACK
  6
CONTINUOUS
100
AcDbLine
 10
0.8056467322834645
 20
1.1722440944881889
 30
0
 11
0.8055945275590551
 21
1.1719814173228347
 31
0
  0
LINE
  5
EE9
330
1A
100
AcDbEntity
  8
BLACK
  6
CONTINUOUS
100
AcDbLine
 10
0.8055945275590551
 20
1.1719814173228347
 30
0
 11
0.8055625590551181
 21
1.1719494881889763
 31
0
  0
LINE
  5
EEA
330
1A
100
AcDbEntity
  8
BLACK
  6
CONTINUOUS
100
AcDbLine
 10
0.8055625590551181
 20
1.1719494881889763
 30
0
 11
0.8055365354330708
 21
1.17185437007874
 31
0
  0
LINE
  5
EEB
330
1A
100
AcDbEntity
  8
BLACK
  6
CONTINUOUS
100
AcDbLine
 10
0.8055365354330708
 20
1.17185437007874
 30
0
 11
0.8045991338582676
 21
1.1699796062992125
 31
0
  0
LINE
  5
EEC
330
1A
100
AcDbEntity
  8
BLACK
  6
CONTINUOUS
100
AcDbLine
 10
0.8045991338582676
 20
1.1699796062992125
 30
0
 11
0.8044055905511811
 21
1.1697302362204725
 31
0
  0
LINE
  5
EED
330
1A
100
AcDbEntity
  8
BLACK
  6
CONTINUOUS
100
AcDbLine
 10
0.8044055905511811
 20
1.1697302362204725
 30
0
 11
0.8042303937007874
 21
1.169468031496063
 31
0
  0
LINE
  5
EEE
330
1A
100
AcDbEntity
  8
BLACK
  6
CONTINUOUS
100
AcDbLine
 10
0.8042303937007874
 20
1.169468031496063
 30
0
 11
0.803293031496063
 21
1.1685306692913386
 31
0
  0
LINE
  5
EEF
330
1A
100
AcDbEntity
  8
BLACK
  6
CONTINUOUS
100
AcDbLine
 10
0.803293031496063
 20
1.1685306692913386
 30
0
 11
0.8030308267716535
 21
1.1683554724409448
 31
0
  0
LINE
  5
EF0
330
1A
100
AcDbEntity
  8
BLACK
  6
CONTINUOUS
100
AcDbLine
 10
0.8030308267716535
 20
1.1683554724409448
 30
0
 11
0.8027814566929133
 21
1.1681619291338583
 31
0
  0
LINE
  5
EF1
330
1A
100
AcDbEntity
  8
BLACK
  6
CONTINUOUS
100
AcDbLine
 10
0.8027814566929133
 20
1.1681619291338583
 30
0
 11
0.8009066929133858
 21
1.1672245275590551
 31
0
  0
LINE
  5
EF2
330
1A
100
AcDbEntity
  8
BLACK
  6
CONTINUOUS
100
AcDbLine
 10
0.8009066929133858
 20
1.1672245275590551
 30
0
 11
0.8008115748031496
 21
1.1671985039370079
 31
0
  0
LINE
  5
EF3
330
1A
100
AcDbEntity
  8
BLACK
  6
CONTINUOUS
100
AcDbLine
 10
0.8008115748031496
 20
1.1671985039370079
 30
0
 11
0.8007796456692913
 21
1.1671665354330709
 31
0
  0
LINE
  5
EF4
330
1A
100
AcDbEntity
  8
BLACK
  6
CONTINUOUS
100
AcDbLine
 10
0.8007796456692913
 20
1.1671665354330709
 30
0
 11
0.8004701181102362
 21
1.1671050000000001
 31
0
  0
LINE
  5
EF5
330
1A
100
AcDbEntity
  8
BLACK
  6
CONTINUOUS
100
AcDbLine
 10
0.8004701181102362
 20
1.1671050000000001
 30
0
 11
0.800165905511811
 21
1.1670216535433071
 31
0
  0
LINE
  5
EF6
330
1A
100
AcDbEntity
  8
BLACK
  6
CONTINUOUS
100
AcDbLine
 10
0.800165905511811
 20
1.1670216535433071
 30
0
 11
0.800123031496063
 21
1.1670359448818897
 31
0
  0
LINE
  5
EF7
330
1A
100
AcDbEntity
  8
BLACK
  6
CONTINUOUS
100
AcDbLine
 10
0.800123031496063
 20
1.1670359448818897
 30
0
 11
0.8000263385826771
 21
1.1670166929133858
 31
0
  0
LINE
  5
EF8
330
1A
100
AcDbEntity
  8
BLACK
  6
CONTINUOUS
100
AcDbLine
 10
0.8000263385826771
 20
1.1670166929133858
 30
0
 11
0.7972141732283464
 21
1.1670166929133858
 31
0
  0
LINE
  5
EF9
330
1A
100
AcDbEntity
  8
BLACK
  6
CONTINUOUS
100
AcDbLine
 10
0.7972141732283464
 20
1.1670166929133858
 30
0
 11
0.7971174409448819
 21
1.1670359448818897
 31
0
  0
LINE
  5
EFA
330
1A
100
AcDbEntity
  8
BLACK
  6
CONTINUOUS
100
AcDbLine
 10
0.7971174409448819
 20
1.1670359448818897
 30
0
 11
0.7970746062992126
 21
1.1670216535433071
 31
0
  0
LINE
  5
EFB
330
1A
100
AcDbEntity
  8
BLACK
  6
CONTINUOUS
100
AcDbLine
 10
0.7970746062992126
 20
1.1670216535433071
 30
0
 11
0.7967703543307086
 21
1.1671050000000001
 31
0
  0
LINE
  5
EFC
330
1A
100
AcDbEntity
  8
BLACK
  6
CONTINUOUS
100
AcDbLine
 10
0.7967703543307086
 20
1.1671050000000001
 30
0
 11
0.7964608661417323
 21
1.1671665354330709
 31
0
  0
LINE
  5
EFD
330
1A
100
AcDbEntity
  8
BLACK
  6
CONTINUOUS
100
AcDbLine
 10
0.7964608661417323
 20
1.1671665354330709
 30
0
 11
0.7964288976377952
 21
1.1671985039370079
 31
0
  0
LINE
  5
EFE
330
1A
100
AcDbEntity
  8
BLACK
  6
CONTINUOUS
100
AcDbLine
 10
0.7964288976377952
 20
1.1671985039370079
 30
0
 11
0.7963338188976378
 21
1.1672245275590551
 31
0
  0
LINE
  5
EFF
330
1A
100
AcDbEntity
  8
BLACK
  6
CONTINUOUS
100
AcDbLine
 10
0.7963338188976378
 20
1.1672245275590551
 30
0
 11
0.7944590551181102
 21
1.1681619291338583
 31
0
  0
LINE
  5
F00
330
1A
100
AcDbEntity
  8
BLACK
  6
CONTINUOUS
100
AcDbLine
 10
0.7944590551181102
 20
1.1681619291338583
 30
0
 11
0.7938522834645669
 21
1.1686328346456694
 31
0
  0
LINE
  5
F01
330
1A
100
AcDbEntity
  8
BLACK
  6
CONTINUOUS
100
AcDbLine
 10
0.7938522834645669
 20
1.1686328346456694
 30
0
 11
0.7933758661417323
 21
1.1700621653543306
 31
0
  0
LINE
  5
F02
330
1A
100
AcDbEntity
  8
BLACK
  6
CONTINUOUS
100
AcDbLine
 10
0.7933758661417323
 20
1.1700621653543306
 30
0
 11
0.7940496456692914
 21
1.1714097244094488
 31
0
  0
LINE
  5
F03
330
1A
100
AcDbEntity
  8
BLACK
  6
CONTINUOUS
100
AcDbLine
 10
0.7940496456692914
 20
1.1714097244094488
 30
0
 11
0.7954789763779527
 21
1.1718861417322834
 31
0
  0
LINE
  5
F04
330
1A
100
AcDbEntity
  8
BLACK
  6
CONTINUOUS
100
AcDbLine
 10
0.7954789763779527
 20
1.1718861417322834
 30
0
 11
0.7962197637795275
 21
1.1716832677165354
 31
0
  0
LINE
  5
F05
330
1A
100
AcDbEntity
  8
BLACK
  6
CONTINUOUS
100
AcDbLine
 10
0.7962197637795275
 20
1.1716832677165354
 30
0
 11
0.7976788582677166
 21
1.1709537007874016
 31
0
  0
LINE
  5
F06
330
1A
100
AcDbEntity
  8
BLACK
  6
CONTINUOUS
100
AcDbLine
 10
0.7976788582677166
 20
1.1709537007874016
 30
0
 11
0.7995616535433071
 21
1.1709537007874016
 31
0
  0
LINE
  5
F07
330
1A
100
AcDbEntity
  8
BLACK
  6
CONTINUOUS
100
AcDbLine
 10
0.7995616535433071
 20
1.1709537007874016
 30
0
 11
0.8007350393700787
 21
1.1715404330708661
 31
0
  0
LINE
  5
F08
330
1A
100
AcDbEntity
  8
BLACK
  6
CONTINUOUS
100
AcDbLine
 10
0.8007350393700787
 20
1.1715404330708661
 30
0
 11
0.8012206299212599
 21
1.1720260236220472
 31
0
  0
LINE
  5
F09
330
1A
100
AcDbEntity
  8
BLACK
  6
CONTINUOUS
100
AcDbLine
 10
0.8012206299212599
 20
1.1720260236220472
 30
0
 11
0.8013296850393701
 21
1.1722440944881889
 31
0
  0
LINE
  5
F0A
330
1A
100
AcDbEntity
  8
BLACK
  6
CONTINUOUS
100
AcDbLine
 10
0.8013296850393701
 20
1.1722440944881889
 30
0
 11
0.712992125984252
 21
1.1722440944881889
 31
0
  0
LINE
  5
F0B
330
1A
100
AcDbEntity
  8
BLACK
  6
CONTINUOUS
100
AcDbLine
 10
0.712992125984252
 20
1.1722440944881889
 30
0
 11
0.7126154724409449
 21
1.1723190157480314
 31
0
  0
LINE
  5
F0C
330
1A
100
AcDbEntity
  8
BLACK
  6
CONTINUOUS
100
AcDbLine
 10
0.7126154724409449
 20
1.1723190157480314
 30
0
 11
0.7120827952755905
 21
1.1728516929133859
 31
0
  0
LINE
  5
F0D
330
1A
100
AcDbEntity
  8
BLACK
  6
CONTINUOUS
100
AcDbLine
 10
0.7120827952755905
 20
1.1728516929133859
 30
0
 11
0.7120078740157481
 21
1.1732283464566928
 31
0
  0
LINE
  5
F0E
330
1A
100
AcDbEntity
  8
BLACK
  6
CONTINUOUS
100
AcDbLine
 10
0.7120078740157481
 20
1.1732283464566928
 30
0
 11
0.7120078740157481
 21
1.2503937007874015
 31
0
  0
LINE
  5
F0F
330
1A
100
AcDbEntity
  8
BLACK
  6
CONTINUOUS
100
AcDbLine
 10
0.7120078740157481
 20
1.2503937007874015
 30
0
 11
0.7120827952755905
 21
1.2507703543307087
 31
0
  0
LINE
  5
F10
330
1A
100
AcDbEntity
  8
BLACK
  6
CONTINUOUS
100
AcDbLine
 10
0.7120827952755905
 20
1.2507703543307087
 30
0
 11
0.7126154724409449
 21
1.2513030314960629
 31
0
  0
LINE
  5
F11
330
1A
100
AcDbEntity
  8
BLACK
  6
CONTINUOUS
100
AcDbLine
 10
0.7126154724409449
 20
1.2513030314960629
 30
0
 11
0.712992125984252
 21
1.2513779527559055
 31
0
  0
LINE
  5
F12
330
1A
100
AcDbEntity
  8
BLACK
  6
CONTINUOUS
100
AcDbLine
 10
0.712992125984252
 20
1.2513779527559055
 30
0
 11
0.8468503937007874
 21
1.2513779527559055
 31
0
  0
LINE
  5
F13
330
1A
100
AcDbEntity
  8
BLACK
  6
CONTINUOUS
100
AcDbLine
 10
0.8468503937007874
 20
1.2513779527559055
 30
0
 11
0.8472270472440945
 21
1.2513030314960629
 31
0
  0
LINE
  5
F14
330
1A
100
AcDbEntity
  8
BLACK
  6
CONTINUOUS
100
AcDbLine
 10
0.7139763779527559
 20
1.2494094488188976
 30
0
 11
0.7139763779527559
 21
1.1742125984251968
 31
0
  0
LINE
  5
F15
330
1A
100
AcDbEntity
  8
BLACK
  6
CONTINUOUS
100
AcDbLine
 10
0.7139763779527559
 20
1.1742125984251968
 30
0
 11
0.7668706299212599
 21
1.1742125984251968
 31
0
  0
LINE
  5
F16
330
1A
100
AcDbEntity
  8
BLACK
  6
CONTINUOUS
100
AcDbLine
 10
0.7668706299212599
 20
1.1742125984251968
 30
0
 11
0.7656581102362204
 21
1.1746167716535434
 31
0
  0
LINE
  5
F17
330
1A
100
AcDbEntity
  8
BLACK
  6
CONTINUOUS
100
AcDbLine
 10
0.7656581102362204
 20
1.1746167716535434
 30
0
 11
0.7649908267716535
 21
1.174997125984252
 31
0
  0
LINE
  5
F18
330
1A
100
AcDbEntity
  8
BLACK
  6
CONTINUOUS
100
AcDbLine
 10
0.7649908267716535
 20
1.174997125984252
 30
0
 11
0.7643170472440944
 21
1.1763447244094487
 31
0
  0
LINE
  5
F19
330
1A
100
AcDbEntity
  8
BLACK
  6
CONTINUOUS
100
AcDbLine
 10
0.7643170472440944
 20
1.1763447244094487
 30
0
 11
0.7647934645669291
 21
1.1777740157480314
 31
0
  0
LINE
  5
F1A
330
1A
100
AcDbEntity
  8
BLACK
  6
CONTINUOUS
100
AcDbLine
 10
0.7647934645669291
 20
1.1777740157480314
 30
0
 11
0.7661410629921259
 21
1.1784477952755905
 31
0
  0
LINE
  5
F1B
330
1A
100
AcDbEntity
  8
BLACK
  6
CONTINUOUS
100
AcDbLine
 10
0.7661410629921259
 20
1.1784477952755905
 30
0
 11
0.7669030708661417
 21
1.1783517322834645
 31
0
  0
LINE
  5
F1C
330
1A
100
AcDbEntity
  8
BLACK
  6
CONTINUOUS
100
AcDbLine
 10
0.7669030708661417
 20
1.1783517322834645
 30
0
 11
0.7694121653543307
 21
1.1775153937007874
 31
0
  0
LINE
  5
F1D
330
1A
100
AcDbEntity
  8
BLACK
  6
CONTINUOUS
100
AcDbLine
 10
0.7694121653543307
 20
1.1775153937007874
 30
0
 11
0.7733149212598425
 21
1.1775153937007874
 31
0
  0
LINE
  5
F1E
330
1A
100
AcDbEntity
  8
BLACK
  6
CONTINUOUS
100
AcDbLine
 10
0.7733149212598425
 20
1.1775153937007874
 30
0
 11
0.7744882677165355
 21
1.1781020866141731
 31
0
  0
LINE
  5
F1F
330
1A
100
AcDbEntity
  8
BLACK
  6
CONTINUOUS
100
AcDbLine
 10
0.7744882677165355
 20
1.1781020866141731
 30
0
 11
0.774973937007874
 21
1.1785877559055118
 31
0
  0
LINE
  5
F20
330
1A
100
AcDbEntity
  8
BLACK
  6
CONTINUOUS
100
AcDbLine
 10
0.774973937007874
 20
1.1785877559055118
 30
0
 11
0.7755606692913386
 21
1.1797611417322835
 31
0
  0
LINE
  5
F21
330
1A
100
AcDbEntity
  8
BLACK
  6
CONTINUOUS
100
AcDbLine
 10
0.7755606692913386
 20
1.1797611417322835
 30
0
 11
0.7755606692913386
 21
1.1807064960629921
 31
0
  0
LINE
  5
F22
330
1A
100
AcDbEntity
  8
BLACK
  6
CONTINUOUS
100
AcDbLine
 10
0.7755606692913386
 20
1.1807064960629921
 30
0
 11
0.774973937007874
 21
1.1818798818897638
 31
0
  0
LINE
  5
F23
330
1A
100
AcDbEntity
  8
BLACK
  6
CONTINUOUS
100
AcDbLine
 10
0.774973937007874
 20
1.1818798818897638
 30
0
 11
0.7744882677165355
 21
1.1823655511811024
 31
0
  0
LINE
  5
F24
330
1A
100
AcDbEntity
  8
BLACK
  6
CONTINUOUS
100
AcDbLine
 10
0.7744882677165355
 20
1.1823655511811024
 30
0
 11
0.7730925196850393
 21
1.1830634251968504
 31
0
  0
LINE
  5
F25
330
1A
100
AcDbEntity
  8
BLACK
  6
CONTINUOUS
100
AcDbLine
 10
0.7730925196850393
 20
1.1830634251968504
 30
0
 11
0.7695526771653544
 21
1.1839483858267716
 31
0
  0
LINE
  5
F26
330
1A
100
AcDbEntity
  8
BLACK
  6
CONTINUOUS
100
AcDbLine
 10
0.7695526771653544
 20
1.1839483858267716
 30
0
 11
0.7693576771653543
 21
1.1840405118110235
 31
0
  0
LINE
  5
F27
330
1A
100
AcDbEntity
  8
BLACK
  6
CONTINUOUS
100
AcDbLine
 10
0.7693576771653543
 20
1.1840405118110235
 30
0
 11
0.7691497637795276
 21
1.1840974409448819
 31
0
  0
LINE
  5
F28
330
1A
100
AcDbEntity
  8
BLACK
  6
CONTINUOUS
100
AcDbLine
 10
0.7691497637795276
 20
1.1840974409448819
 30
0
 11
0.7672750393700787
 21
1.1850347637795275
 31
0
  0
LINE
  5
F29
330
1A
100
AcDbEntity
  8
BLACK
  6
CONTINUOUS
100
AcDbLine
 10
0.7672750393700787
 20
1.1850347637795275
 30
0
 11
0.767025748031496
 21
1.1852282283464566
 31
0
  0
LINE
  5
F2A
330
1A
100
AcDbEntity
  8
BLACK
  6
CONTINUOUS
100
AcDbLine
 10
0.767025748031496
 20
1.1852282283464566
 30
0
 11
0.7667633858267716
 21
1.1854035433070866
 31
0
  0
LINE
  5
F2B
330
1A
100
AcDbEntity
  8
BLACK
  6
CONTINUOUS
100
AcDbLine
 10
0.7667633858267716
 20
1.1854035433070866
 30
0
 11
0.7658260236220472
 21
1.1863409448818898
 31
0
  0
LINE
  5
F2C
330
1A
100
AcDbEntity
  8
BLACK
  6
CONTINUOUS
100
AcDbLine
 10
0.7658260236220472
 20
1.1863409448818898
 30
0
 11
0.7656508661417323
 21
1.1866030708661417
 31
0
  0
LINE
  5
F2D
330
1A
100
AcDbEntity
  8
BLACK
  6
CONTINUOUS
100
AcDbLine
 10
0.7656508661417323
 20
1.1866030708661417
 30
0
 11
0.7654572440944881
 21
1.186852559055118
 31
0
  0
LINE
  5
F2E
330
1A
100
AcDbEntity
  8
BLACK
  6
CONTINUOUS
100
AcDbLine
 10
0.7654572440944881
 20
1.186852559055118
 30
0
 11
0.7645198818897637
 21
1.1887273228346456
 31
0
  0
LINE
  5
F2F
330
1A
100
AcDbEntity
  8
BLACK
  6
CONTINUOUS
100
AcDbLine
 10
0.7645198818897637
 20
1.1887273228346456
 30
0
 11
0.7644938188976378
 21
1.1888224409448818
 31
0
  0
LINE
  5
F30
330
1A
100
AcDbEntity
  8
BLACK
  6
CONTINUOUS
100
AcDbLine
 10
0.7644938188976378
 20
1.1888224409448818
 30
0
 11
0.7644619291338582
 21
1.1888543307086614
 31
0
  0
LINE
  5
F31
330
1A
100
AcDbEntity
  8
BLACK
  6
CONTINUOUS
100
AcDbLine
 10
0.7644619291338582
 20
1.1888543307086614
 30
0
 11
0.7644003543307086
 21
1.1891638188976377
 31
0
  0
LINE
  5
F32
330
1A
100
AcDbEntity
  8
BLACK
  6
CONTINUOUS
100
AcDbLine
 10
0.7644003543307086
 20
1.1891638188976377
 30
0
 11
0.7643170472440944
 21
1.1894681102362203
 31
0
  0
LINE
  5
F33
330
1A
100
AcDbEntity
  8
BLACK
  6
CONTINUOUS
100
AcDbLine
 10
0.7643170472440944
 20
1.1894681102362203
 30
0
 11
0.7643312992125985
 21
1.1895109448818897
 31
0
  0
LINE
  5
F34
330
1A
100
AcDbEntity
  8
BLACK
  6
CONTINUOUS
100
AcDbLine
 10
0.7643312992125985
 20
1.1895109448818897
 30
0
 11
0.7643120866141732
 21
1.1896076377952756
 31
0
  0
LINE
  5
F35
330
1A
100
AcDbEntity
  8
BLACK
  6
CONTINUOUS
100
AcDbLine
 10
0.7643120866141732
 20
1.1896076377952756
 30
0
 11
0.7643120866141732
 21
1.1914824015748031
 31
0
  0
LINE
  5
F36
330
1A
100
AcDbEntity
  8
BLACK
  6
CONTINUOUS
100
AcDbLine
 10
0.7643120866141732
 20
1.1914824015748031
 30
0
 11
0.7643312992125985
 21
1.1915791338582677
 31
0
  0
LINE
  5
F37
330
1A
100
AcDbEntity
  8
BLACK
  6
CONTINUOUS
100
AcDbLine
 10
0.7643312992125985
 20
1.1915791338582677
 30
0
 11
0.7643170472440944
 21
1.1916219291338583
 31
0
  0
LINE
  5
F38
330
1A
100
AcDbEntity
  8
BLACK
  6
CONTINUOUS
100
AcDbLine
 10
0.7643170472440944
 20
1.1916219291338583
 30
0
 11
0.7644003543307086
 21
1.1919262598425198
 31
0
  0
LINE
  5
F39
330
1A
100
AcDbEntity
  8
BLACK
  6
CONTINUOUS
100
AcDbLine
 10
0.7644003543307086
 20
1.1919262598425198
 30
0
 11
0.7644619291338582
 21
1.1922357086614173
 31
0
  0
LINE
  5
F3A
330
1A
100
AcDbEntity
  8
BLACK
  6
CONTINUOUS
100
AcDbLine
 10
0.7644619291338582
 20
1.1922357086614173
 30
0
 11
0.7644938188976378
 21
1.1922676377952757
 31
0
  0
LINE
  5
F3B
330
1A
100
AcDbEntity
  8
BLACK
  6
CONTINUOUS
100
AcDbLine
 10
0.7644938188976378
 20
1.1922676377952757
 30
0
 11
0.7645198818897637
 21
1.1923627165354331
 31
0
  0
LINE
  5
F3C
330
1A
100
AcDbEntity
  8
BLACK
  6
CONTINUOUS
100
AcDbLine
 10
0.7645198818897637
 20
1.1923627165354331
 30
0
 11
0.7654572440944881
 21
1.1942374803149607
 31
0
  0
LINE
  5
F3D
330
1A
100
AcDbEntity
  8
BLACK
  6
CONTINUOUS
100
AcDbLine
 10
0.7654572440944881
 20
1.1942374803149607
 30
0
 11
0.7656507874015748
 21
1.1944868897637795
 31
0
  0
LINE
  5
F3E
330
1A
100
AcDbEntity
  8
BLACK
  6
CONTINUOUS
100
AcDbLine
 10
0.7656507874015748
 20
1.1944868897637795
 30
0
 11
0.7658260236220472
 21
1.1947491338582676
 31
0
  0
LINE
  5
F3F
330
1A
100
AcDbEntity
  8
BLACK
  6
CONTINUOUS
100
AcDbLine
 10
0.7658260236220472
 20
1.1947491338582676
 30
0
 11
0.7667634645669291
 21
1.195686496062992
 31
0
  0
LINE
  5
F40
330
1A
100
AcDbEntity
  8
BLACK
  6
CONTINUOUS
100
AcDbLine
 10
0.7667634645669291
 20
1.195686496062992
 30
0
 11
0.7670255905511811
 21
1.1958616535433071
 31
0
  0
LINE
  5
F41
330
1A
100
AcDbEntity
  8
BLACK
  6
CONTINUOUS
100
AcDbLine
 10
0.7670255905511811
 20
1.1958616535433071
 30
0
 11
0.7672749999999999
 21
1.1960551968503936
 31
0
  0
LINE
  5
F42
330
1A
100
AcDbEntity
  8
BLACK
  6
CONTINUOUS
100
AcDbLine
 10
0.7672749999999999
 20
1.1960551968503936
 30
0
 11
0.7691497637795276
 21
1.1969925984251968
 31
0
  0
LINE
  5
F43
330
1A
100
AcDbEntity
  8
BLACK
  6
CONTINUOUS
100
AcDbLine
 10
0.7691497637795276
 20
1.1969925984251968
 30
0
 11
0.7692448425196851
 21
1.1970186614173228
 31
0
  0
LINE
  5
F44
330
1A
100
AcDbEntity
  8
BLACK
  6
CONTINUOUS
100
AcDbLine
 10
0.7692448425196851
 20
1.1970186614173228
 30
0
 11
0.769276811023622
 21
1.197050590551181
 31
0
  0
LINE
  5
F45
330
1A
100
AcDbEntity
  8
BLACK
  6
CONTINUOUS
100
AcDbLine
 10
0.769276811023622
 20
1.197050590551181
 30
0
 11
0.7695862992125984
 21
1.1971121653543306
 31
0
  0
LINE
  5
F46
330
1A
100
AcDbEntity
  8
BLACK
  6
CONTINUOUS
100
AcDbLine
 10
0.7695862992125984
 20
1.1971121653543306
 30
0
 11
0.7698905511811024
 21
1.1971954724409448
 31
0
  0
LINE
  5
F47
330
1A
100
AcDbEntity
  8
BLACK
  6
CONTINUOUS
100
AcDbLine
 10
0.7698905511811024
 20
1.1971954724409448
 30
0
 11
0.7699333858267716
 21
1.197181220472441
 31
0
  0
LINE
  5
F48
330
1A
100
AcDbEntity
  8
BLACK
  6
CONTINUOUS
100
AcDbLine
 10
0.7699333858267716
 20
1.197181220472441
 30
0
 11
0.7700301181102363
 21
1.1972004330708661
 31
0
  0
LINE
  5
F49
330
1A
100
AcDbEntity
  8
BLACK
  6
CONTINUOUS
100
AcDbLine
 10
0.7700301181102363
 20
1.1972004330708661
 30
0
 11
0.7747170078740158
 21
1.1972004330708661
 31
0
  0
LINE
  5
F4A
330
1A
100
AcDbEntity
  8
BLACK
  6
CONTINUOUS
100
AcDbLine
 10
0.7747170078740158
 20
1.1972004330708661
 30
0
 11
0.7750264960629921
 21
1.1971388976377952
 31
0
  0
LINE
  5
F4B
330
1A
100
AcDbEntity
  8
BLACK
  6
CONTINUOUS
100
AcDbLine
 10
0.7750264960629921
 20
1.1971388976377952
 30
0
 11
0.7753395275590551
 21
1.1970994094488188
 31
0
  0
LINE
  5
F4C
330
1A
100
AcDbEntity
  8
BLACK
  6
CONTINUOUS
100
AcDbLine
 10
0.7753395275590551
 20
1.1970994094488188
 30
0
 11
0.7781516929133858
 21
1.1961620078740158
 31
0
  0
LINE
  5
F4D
330
1A
100
AcDbEntity
  8
BLACK
  6
CONTINUOUS
100
AcDbLine
 10
0.7781516929133858
 20
1.1961620078740158
 30
0
 11
0.778818937007874
 21
1.195781653543307
 31
0
  0
LINE
  5
F4E
330
1A
100
AcDbEntity
  8
BLACK
  6
CONTINUOUS
100
AcDbLine
 10
0.778818937007874
 20
1.195781653543307
 30
0
 11
0.7794927165354331
 21
1.1944340551181103
 31
0
  0
LINE
  5
F4F
330
1A
100
AcDbEntity
  8
BLACK
  6
CONTINUOUS
100
AcDbLine
 10
0.7794927165354331
 20
1.1944340551181103
 30
0
 11
0.7790162992125984
 21
1.1930047637795276
 31
0
  0
LINE
  5
F50
330
1A
100
AcDbEntity
  8
BLACK
  6
CONTINUOUS
100
AcDbLine
 10
0.7790162992125984
 20
1.1930047637795276
 30
0
 11
0.7776687007874016
 21
1.1923309842519685
 31
0
  0
LINE
  5
F51
330
1A
100
AcDbEntity
  8
BLACK
  6
CONTINUOUS
100
AcDbLine
 10
0.7776687007874016
 20
1.1923309842519685
 30
0
 11
0.7769066929133858
 21
1.1924270472440945
 31
0
  0
LINE
  5
F52
330
1A
100
AcDbEntity
  8
BLACK
  6
CONTINUOUS
100
AcDbLine
 10
0.7769066929133858
 20
1.1924270472440945
 30
0
 11
0.7743975590551181
 21
1.1932634251968504
 31
0
  0
LINE
  5
F53
330
1A
100
AcDbEntity
  8
BLACK
  6
CONTINUOUS
100
AcDbLine
 10
0.7743975590551181
 20
1.1932634251968504
 30
0
 11
0.7704948031496063
 21
1.1932634251968504
 31
0
  0
LINE
  5
F54
330
1A
100
AcDbEntity
  8
BLACK
  6
CONTINUOUS
100
AcDbLine
 10
0.7704948031496063
 20
1.1932634251968504
 30
0
 11
0.7693214173228347
 21
1.1926767322834646
 31
0
  0
LINE
  5
F55
330
1A
100
AcDbEntity
  8
BLACK
  6
CONTINUOUS
100
AcDbLine
 10
0.7693214173228347
 20
1.1926767322834646
 30
0
 11
0.768835748031496
 21
1.192191062992126
 31
0
  0
LINE
  5
F56
330
1A
100
AcDbEntity
  8
BLACK
  6
CONTINUOUS
100
AcDbLine
 10
0.768835748031496
 20
1.192191062992126
 30
0
 11
0.768249094488189
 21
1.191017716535433
 31
0
  0
LINE
  5
F57
330
1A
100
AcDbEntity
  8
BLACK
  6
CONTINUOUS
100
AcDbLine
 10
0.768249094488189
 20
1.191017716535433
 30
0
 11
0.768249094488189
 21
1.1900723622047245
 31
0
  0
LINE
  5
F58
330
1A
100
AcDbEntity
  8
BLACK
  6
CONTINUOUS
100
AcDbLine
 10
0.768249094488189
 20
1.1900723622047245
 30
0
 11
0.7688357874015748
 21
1.188898937007874
 31
0
  0
LINE
  5
F59
330
1A
100
AcDbEntity
  8
BLACK
  6
CONTINUOUS
100
AcDbLine
 10
0.7688357874015748
 20
1.188898937007874
 30
0
 11
0.7693213779527559
 21
1.1884133464566928
 31
0
  0
LINE
  5
F5A
330
1A
100
AcDbEntity
  8
BLACK
  6
CONTINUOUS
100
AcDbLine
 10
0.7693213779527559
 20
1.1884133464566928
 30
0
 11
0.7707172047244094
 21
1.1877154330708661
 31
0
  0
LINE
  5
F5B
330
1A
100
AcDbEntity
  8
BLACK
  6
CONTINUOUS
100
AcDbLine
 10
0.7707172047244094
 20
1.1877154330708661
 30
0
 11
0.7742570866141733
 21
1.1868304330708661
 31
0
  0
LINE
  5
F5C
330
1A
100
AcDbEntity
  8
BLACK
  6
CONTINUOUS
100
AcDbLine
 10
0.7742570866141733
 20
1.1868304330708661
 30
0
 11
0.7744519291338583
 21
1.1867383858267717
 31
0
  0
LINE
  5
F5D
330
1A
100
AcDbEntity
  8
BLACK
  6
CONTINUOUS
100
AcDbLine
 10
0.7744519291338583
 20
1.1867383858267717
 30
0
 11
0.7746599606299213
 21
1.1866814173228346
 31
0
  0
LINE
  5
F5E
330
1A
100
AcDbEntity
  8
BLACK
  6
CONTINUOUS
100
AcDbLine
 10
0.7746599606299213
 20
1.1866814173228346
 30
0
 11
0.7765347244094488
 21
1.1857440551181102
 31
0
  0
LINE
  5
F5F
330
1A
100
AcDbEntity
  8
BLACK
  6
CONTINUOUS
100
AcDbLine
 10
0.7765347244094488
 20
1.1857440551181102
 30
0
 11
0.776784094488189
 21
1.1855505118110237
 31
0
  0
LINE
  5
F60
330
1A
100
AcDbEntity
  8
BLACK
  6
CONTINUOUS
100
AcDbLine
 10
0.776784094488189
 20
1.1855505118110237
 30
0
 11
0.7770463779527559
 21
1.1853752755905511
 31
0
  0
LINE
  5
F61
330
1A
100
AcDbEntity
  8
BLACK
  6
CONTINUOUS
100
AcDbLine
 10
0.7770463779527559
 20
1.1853752755905511
 30
0
 11
0.7779837401574803
 21
1.1844378346456692
 31
0
  0
LINE
  5
F62
330
1A
100
AcDbEntity
  8
BLACK
  6
CONTINUOUS
100
AcDbLine
 10
0.7779837401574803
 20
1.1844378346456692
 30
0
 11
0.7781588582677165
 21
1.1841757086614173
 31
0
  0
LINE
  5
F63
330
1A
100
AcDbEntity
  8
BLACK
  6
CONTINUOUS
100
AcDbLine
 10
0.7781588582677165
 20
1.1841757086614173
 30
0
 11
0.7783524409448819
 21
1.1839262992125983
 31
0
  0
LINE
  5
F64
330
1A
100
AcDbEntity
  8
BLACK
  6
CONTINUOUS
100
AcDbLine
 10
0.7783524409448819
 20
1.1839262992125983
 30
0
 11
0.779289842519685
 21
1.1820515354330707
 31
0
  0
LINE
  5
F65
330
1A
100
AcDbEntity
  8
BLACK
  6
CONTINUOUS
100
AcDbLine
 10
0.779289842519685
 20
1.1820515354330707
 30
0
 11
0.7793158661417323
 21
1.1819564566929133
 31
0
  0
LINE
  5
F66
330
1A
100
AcDbEntity
  8
BLACK
  6
CONTINUOUS
100
AcDbLine
 10
0.7793158661417323
 20
1.1819564566929133
 30
0
 11
0.7793478346456693
 21
1.1819244881889763
 31
0
  0
LINE
  5
F67
330
1A
100
AcDbEntity
  8
BLACK
  6
CONTINUOUS
100
AcDbLine
 10
0.7793478346456693
 20
1.1819244881889763
 30
0
 11
0.7794093700787401
 21
1.1816150000000001
 31
0
  0
LINE
  5
F68
330
1A
100
AcDbEntity
  8
BLACK
  6
CONTINUOUS
100
AcDbLine
 10
0.7794093700787401
 20
1.1816150000000001
 30
0
 11
0.7794927165354331
 21
1.1813107480314959
 31
0
  0
LINE
  5
F69
330
1A
100
AcDbEntity
  8
BLACK
  6
CONTINUOUS
100
AcDbLine
 10
0.7794927165354331
 20
1.1813107480314959
 30
0
 11
0.7794784251968504
 21
1.1812679133858268
 31
0
  0
LINE
  5
F6A
330
1A
100
AcDbEntity
  8
BLACK
  6
CONTINUOUS
100
AcDbLine
 10
0.7794784251968504
 20
1.1812679133858268
 30
0
 11
0.7794976771653543
 21
1.1811711811023622
 31
0
  0
LINE
  5
F6B
330
1A
100
AcDbEntity
  8
BLACK
  6
CONTINUOUS
100
AcDbLine
 10
0.7794976771653543
 20
1.1811711811023622
 30
0
 11
0.7794976771653543
 21
1.1792964173228346
 31
0
  0
LINE
  5
F6C
330
1A
100
AcDbEntity
  8
BLACK
  6
CONTINUOUS
100
AcDbLine
 10
0.7794976771653543
 20
1.1792964173228346
 30
0
 11
0.7794784251968504
 21
1.1791997244094488
 31
0
  0
LINE
  5
F6D
330
1A
100
AcDbEntity
  8
BLACK
  6
CONTINUOUS
100
AcDbLine
 10
0.7794784251968504
 20
1.1791997244094488
 30
0
 11
0.7794927165354331
 21
1.1791568503937007
 31
0
  0
LINE
  5
F6E
330
1A
100
AcDbEntity
  8
BLACK
  6
CONTINUOUS
100
AcDbLine
 10
0.7794927165354331
 20
1.1791568503937007
 30
0
 11
0.7794093700787401
 21
1.1788526377952755
 31
0
  0
LINE
  5
F6F
330
1A
100
AcDbEntity
  8
BLACK
  6
CONTINUOUS
100
AcDbLine
 10
0.7794093700787401
 20
1.1788526377952755
 30
0
 11
0.7793478346456693
 21
1.1785431102362205
 31
0
  0
LINE
  5
F70
330
1A
100
AcDbEntity
  8
BLACK
  6
CONTINUOUS
100
AcDbLine
 10
0.7793478346456693
 20
1.1785431102362205
 30
0
 11
0.7793158661417323
 21
1.1785111811023621
 31
0
  0
LINE
  5
F71
330
1A
100
AcDbEntity
  8
BLACK
  6
CONTINUOUS
100
AcDbLine
 10
0.7793158661417323
 20
1.1785111811023621
 30
0
 11
0.779289842519685
 21
1.1784160629921259
 31
0
  0
LINE
  5
F72
330
1A
100
AcDbEntity
  8
BLACK
  6
CONTINUOUS
100
AcDbLine
 10
0.779289842519685
 20
1.1784160629921259
 30
0
 11
0.7783524409448819
 21
1.1765412992125983
 31
0
  0
LINE
  5
F73
330
1A
100
AcDbEntity
  8
BLACK
  6
CONTINUOUS
100
AcDbLine
 10
0.7783524409448819
 20
1.1765412992125983
 30
0
 11
0.7781588582677165
 21
1.1762919291338583
 31
0
  0
LINE
  5
F74
330
1A
100
AcDbEntity
  8
BLACK
  6
CONTINUOUS
100
AcDbLine
 10
0.7781588582677165
 20
1.1762919291338583
 30
0
 11
0.7779837401574803
 21
1.1760297637795276
 31
0
  0
LINE
  5
F75
330
1A
100
AcDbEntity
  8
BLACK
  6
CONTINUOUS
100
AcDbLine
 10
0.7779837401574803
 20
1.1760297637795276
 30
0
 11
0.7770463779527559
 21
1.1750923228346457
 31
0
  0
LINE
  5
F76
330
1A
100
AcDbEntity
  8
BLACK
  6
CONTINUOUS
100
AcDbLine
 10
0.7770463779527559
 20
1.1750923228346457
 30
0
 11
0.776784094488189
 21
1.1749171259842519
 31
0
  0
LINE
  5
F77
330
1A
100
AcDbEntity
  8
BLACK
  6
CONTINUOUS
100
AcDbLine
 10
0.776784094488189
 20
1.1749171259842519
 30
0
 11
0.7765347244094488
 21
1.1747235433070866
 31
0
  0
LINE
  5
F78
330
1A
100
AcDbEntity
  8
BLACK
  6
CONTINUOUS
100
AcDbLine
 10
0.7765347244094488
 20
1.1747235433070866
 30
0
 11
0.7755127952755906
 21
1.1742125984251968
 31
0
  0
LINE
  5
F79
330
1A
100
AcDbEntity
  8
BLACK
  6
CONTINUOUS
100
AcDbLine
 10
0.7755127952755906
 20
1.1742125984251968
 30
0
 11
0.7847279133858267
 21
1.1742125984251968
 31
0
  0
LINE
  5
F7A
330
1A
100
AcDbEntity
  8
BLACK
  6
CONTINUOUS
100
AcDbLine
 10
0.7847279133858267
 20
1.1742125984251968
 30
0
 11
0.7841469291338582
 21
1.1747935826771654
 31
0
  0
LINE
  5
F7B
330
1A
100
AcDbEntity
  8
BLACK
  6
CONTINUOUS
100
AcDbLine
 10
0.7841469291338582
 20
1.1747935826771654
 30
0
 11
0.7839970866141732
 21
1.1755468897637795
 31
0
  0
LINE
  5
F7C
330
1A
100
AcDbEntity
  8
BLACK
  6
CONTINUOUS
100
AcDbLine
 10
0.7839970866141732
 20
1.1755468897637795
 30
0
 11
0.7839970866141732
 21
1.1886702362204724
 31
0
  0
LINE
  5
F7D
330
1A
100
AcDbEntity
  8
BLACK
  6
CONTINUOUS
100
AcDbLine
 10
0.7839970866141732
 20
1.1886702362204724
 30
0
 11
0.7841469291338582
 21
1.1894235433070866
 31
0
  0
LINE
  5
F7E
330
1A
100
AcDbEntity
  8
BLACK
  6
CONTINUOUS
100
AcDbLine
 10
0.7841469291338582
 20
1.1894235433070866
 30
0
 11
0.785212283464567
 21
1.1904888976377952
 31
0
  0
LINE
  5
F7F
330
1A
100
AcDbEntity
  8
BLACK
  6
CONTINUOUS
100
AcDbLine
 10
0.785212283464567
 20
1.1904888976377952
 30
0
 11
0.7867188976377952
 21
1.1904888976377952
 31
0
  0
LINE
  5
F80
330
1A
100
AcDbEntity
  8
BLACK
  6
CONTINUOUS
100
AcDbLine
 10
0.7867188976377952
 20
1.1904888976377952
 30
0
 11
0.7877842519685039
 21
1.1894235433070866
 31
0
  0
LINE
  5
F81
330
1A
100
AcDbEntity
  8
BLACK
  6
CONTINUOUS
100
AcDbLine
 10
0.7877842519685039
 20
1.1894235433070866
 30
0
 11
0.787934094488189
 21
1.1886702362204724
 31
0
  0
LINE
  5
F82
330
1A
100
AcDbEntity
  8
BLACK
  6
CONTINUOUS
100
AcDbLine
 10
0.787934094488189
 20
1.1886702362204724
 30
0
 11
0.787934094488189
 21
1.1755468897637795
 31
0
  0
LINE
  5
F83
330
1A
100
AcDbEntity
  8
BLACK
  6
CONTINUOUS
100
AcDbLine
 10
0.787934094488189
 20
1.1755468897637795
 30
0
 11
0.7877842519685039
 21
1.1747935826771654
 31
0
  0
LINE
  5
F84
330
1A
100
AcDbEntity
  8
BLACK
  6
CONTINUOUS
100
AcDbLine
 10
0.7877842519685039
 20
1.1747935826771654
 30
0
 11
0.7872032677165354
 21
1.1742125984251968
 31
0
  0
LINE
  5
F85
330
1A
100
AcDbEntity
  8
BLACK
  6
CONTINUOUS
100
AcDbLine
 10
0.7872032677165354
 20
1.1742125984251968
 30
0
 11
0.7964184251968504
 21
1.1742125984251968
 31
0
  0
LINE
  5
F86
330
1A
100
AcDbEntity
  8
BLACK
  6
CONTINUOUS
100
AcDbLine
 10
0.7964184251968504
 20
1.1742125984251968
 30
0
 11
0.7953964960629921
 21
1.1747235433070866
 31
0
  0
LINE
  5
F87
330
1A
100
AcDbEntity
  8
BLACK
  6
CONTINUOUS
100
AcDbLine
 10
0.7953964960629921
 20
1.1747235433070866
 30
0
 11
0.7951472047244095
 21
1.1749170078740157
 31
0
  0
LINE
  5
F88
330
1A
100
AcDbEntity
  8
BLACK
  6
CONTINUOUS
100
AcDbLine
 10
0.7951472047244095
 20
1.1749170078740157
 30
0
 11
0.7948848425196851
 21
1.1750923228346457
 31
0
  0
LINE
  5
F89
330
1A
100
AcDbEntity
  8
BLACK
  6
CONTINUOUS
100
AcDbLine
 10
0.7948848425196851
 20
1.1750923228346457
 30
0
 11
0.7939474803149607
 21
1.1760297244094489
 31
0
  0
LINE
  5
F8A
330
1A
100
AcDbEntity
  8
BLACK
  6
CONTINUOUS
100
AcDbLine
 10
0.7939474803149607
 20
1.1760297244094489
 30
0
 11
0.7937723228346456
 21
1.1762918503937008
 31
0
  0
LINE
  5
F8B
330
1A
100
AcDbEntity
  8
BLACK
  6
CONTINUOUS
100
AcDbLine
 10
0.7937723228346456
 20
1.1762918503937008
 30
0
 11
0.7935787007874016
 21
1.1765413385826771
 31
0
  0
LINE
  5
F8C
330
1A
100
AcDbEntity
  8
BLACK
  6
CONTINUOUS
100
AcDbLine
 10
0.7935787007874016
 20
1.1765413385826771
 30
0
 11
0.7926413385826772
 21
1.1784161023622046
 31
0
  0
LINE
  5
F8D
330
1A
100
AcDbEntity
  8
BLACK
  6
CONTINUOUS
100
AcDbLine
 10
0.7926413385826772
 20
1.1784161023622046
 30
0
 11
0.7926152755905511
 21
1.1785112204724408
 31
0
  0
LINE
  5
F8E
330
1A
100
AcDbEntity
  8
BLACK
  6
CONTINUOUS
100
AcDbLine
 10
0.7926152755905511
 20
1.1785112204724408
 30
0
 11
0.7925833858267717
 21
1.1785431102362205
 31
0
  0
LINE
  5
F8F
330
1A
100
AcDbEntity
  8
BLACK
  6
CONTINUOUS
100
AcDbLine
 10
0.7925833858267717
 20
1.1785431102362205
 30
0
 11
0.7925218110236221
 21
1.1788525984251967
 31
0
  0
LINE
  5
F90
330
1A
100
AcDbEntity
  8
BLACK
  6
CONTINUOUS
100
AcDbLine
 10
0.7925218110236221
 20
1.1788525984251967
 30
0
 11
0.7924385039370079
 21
1.1791568897637794
 31
0
  0
LINE
  5
F91
330
1A
100
AcDbEntity
  8
BLACK
  6
CONTINUOUS
100
AcDbLine
 10
0.7924385039370079
 20
1.1791568897637794
 30
0
 11
0.7924527559055118
 21
1.1791997244094488
 31
0
  0
LINE
  5
F92
330
1A
100
AcDbEntity
  8
BLACK
  6
CONTINUOUS
100
AcDbLine
 10
0.7924527559055118
 20
1.1791997244094488
 30
0
 11
0.7924335433070866
 21
1.1792964173228346
 31
0
  0
LINE
  5
F93
330
1A
100
AcDbEntity
  8
BLACK
  6
CONTINUOUS
100
AcDbLine
 10
0.7924335433070866
 20
1.1792964173228346
 30
0
 11
0.7924335433070866
 21
1.1849207086614173
 31
0
  0
LINE
  5
F94
330
1A
100
AcDbEntity
  8
BLACK
  6
CONTINUOUS
100
AcDbLine
 10
0.7924335433070866
 20
1.1849207086614173
 30
0
 11
0.7924527559055118
 21
1.1850174409448819
 31
0
  0
LINE
  5
F95
330
1A
100
AcDbEntity
  8
BLACK
  6
CONTINUOUS
100
AcDbLine
 10
0.7924527559055118
 20
1.1850174409448819
 30
0
 11
0.7924385039370079
 21
1.1850602362204725
 31
0
  0
LINE
  5
F96
330
1A
100
AcDbEntity
  8
BLACK
  6
CONTINUOUS
100
AcDbLine
 10
0.7924385039370079
 20
1.1850602362204725
 30
0
 11
0.7925218110236221
 21
1.1853645669291337
 31
0
  0
LINE
  5
F97
330
1A
100
AcDbEntity
  8
BLACK
  6
CONTINUOUS
100
AcDbLine
 10
0.7925218110236221
 20
1.1853645669291337
 30
0
 11
0.7925833858267717
 21
1.1856740157480314
 31
0
  0
LINE
  5
F98
330
1A
100
AcDbEntity
  8
BLACK
  6
CONTINUOUS
100
AcDbLine
 10
0.7925833858267717
 20
1.1856740157480314
 30
0
 11
0.7926152755905511
 21
1.1857059448818896
 31
0
  0
LINE
  5
F99
330
1A
100
AcDbEntity
  8
BLACK
  6
CONTINUOUS
100
AcDbLine
 10
0.7926152755905511
 20
1.1857059448818896
 30
0
 11
0.7926413385826772
 21
1.1858010236220473
 31
0
  0
LINE
  5
F9A
330
1A
100
AcDbEntity
  8
BLACK
  6
CONTINUOUS
100
AcDbLine
 10
0.7926413385826772
 20
1.1858010236220473
 30
0
 11
0.7935787007874016
 21
1.1876757874015749
 31
0
  0
LINE
  5
F9B
330
1A
100
AcDbEntity
  8
BLACK
  6
CONTINUOUS
100
AcDbLine
 10
0.7935787007874016
 20
1.1876757874015749
 30
0
 11
0.7937723228346456
 21
1.1879253149606299
 31
0
  0
LINE
  5
F9C
330
1A
100
AcDbEntity
  8
BLACK
  6
CONTINUOUS
100
AcDbLine
 10
0.7937723228346456
 20
1.1879253149606299
 30
0
 11
0.7939474803149607
 21
1.1881874015748031
 31
0
  0
LINE
  5
F9D
330
1A
100
AcDbEntity
  8
BLACK
  6
CONTINUOUS
100
AcDbLine
 10
0.7939474803149607
 20
1.1881874015748031
 30
0
 11
0.7948848425196851
 21
1.1891248031496062
 31
0
  0
LINE
  5
F9E
330
1A
100
AcDbEntity
  8
BLACK
  6
CONTINUOUS
100
AcDbLine
 10
0.7948848425196851
 20
1.1891248031496062
 30
0
 11
0.7951472047244095
 21
1.189300157480315
 31
0
  0
LINE
  5
F9F
330
1A
100
AcDbEntity
  8
BLACK
  6
CONTINUOUS
100
AcDbLine
 10
0.7951472047244095
 20
1.189300157480315
 30
0
 11
0.7953964960629921
 21
1.1894935826771653
 31
0
  0
LINE
  5
FA0
330
1A
100
AcDbEntity
  8
BLACK
  6
CONTINUOUS
100
AcDbLine
 10
0.7953964960629921
 20
1.1894935826771653
 30
0
 11
0.7972712204724409
 21
1.190430905511811
 31
0
  0
LINE
  5
FA1
330
1A
100
AcDbEntity
  8
BLACK
  6
CONTINUOUS
100
AcDbLine
 10
0.7972712204724409
 20
1.190430905511811
 30
0
 11
0.7973662992125984
 21
1.190456968503937
 31
0
  0
LINE
  5
FA2
330
1A
100
AcDbEntity
  8
BLACK
  6
CONTINUOUS
100
AcDbLine
 10
0.7973662992125984
 20
1.190456968503937
 30
0
 11
0.7973982677165354
 21
1.1904888976377952
 31
0
  0
LINE
  5
FA3
330
1A
100
AcDbEntity
  8
BLACK
  6
CONTINUOUS
100
AcDbLine
 10
0.7973982677165354
 20
1.1904888976377952
 30
0
 11
0.7977077559055118
 21
1.1905504724409448
 31
0
  0
LINE
  5
FA4
330
1A
100
AcDbEntity
  8
BLACK
  6
CONTINUOUS
100
AcDbLine
 10
0.7977077559055118
 20
1.1905504724409448
 30
0
 11
0.7980120078740157
 21
1.190633779527559
 31
0
  0
LINE
  5
FA5
330
1A
100
AcDbEntity
  8
BLACK
  6
CONTINUOUS
100
AcDbLine
 10
0.7980120078740157
 20
1.190633779527559
 30
0
 11
0.7980548425196851
 21
1.1906195275590552
 31
0
  0
LINE
  5
FA6
330
1A
100
AcDbEntity
  8
BLACK
  6
CONTINUOUS
100
AcDbLine
 10
0.7980548425196851
 20
1.1906195275590552
 30
0
 11
0.7981515748031496
 21
1.1906387401574803
 31
0
  0
LINE
  5
FA7
330
1A
100
AcDbEntity
  8
BLACK
  6
CONTINUOUS
100
AcDbLine
 10
0.7981515748031496
 20
1.1906387401574803
 30
0
 11
0.8019011023622047
 21
1.1906387401574803
 31
0
  0
LINE
  5
FA8
330
1A
100
AcDbEntity
  8
BLACK
  6
CONTINUOUS
100
AcDbLine
 10
0.8019011023622047
 20
1.1906387401574803
 30
0
 11
0.8019977952755906
 21
1.1906195275590552
 31
0
  0
LINE
  5
FA9
330
1A
100
AcDbEntity
  8
BLACK
  6
CONTINUOUS
100
AcDbLine
 10
0.8019977952755906
 20
1.1906195275590552
 30
0
 11
0.8020406299212598
 21
1.190633779527559
 31
0
  0
LINE
  5
FAA
330
1A
100
AcDbEntity
  8
BLACK
  6
CONTINUOUS
100
AcDbLine
 10
0.8020406299212598
 20
1.190633779527559
 30
0
 11
0.8023449212598425
 21
1.1905504724409448
 31
0
  0
LINE
  5
FAB
330
1A
100
AcDbEntity
  8
BLACK
  6
CONTINUOUS
100
AcDbLine
 10
0.8023449212598425
 20
1.1905504724409448
 30
0
 11
0.8026544094488188
 21
1.1904888976377952
 31
0
  0
LINE
  5
FAC
330
1A
100
AcDbEntity
  8
BLACK
  6
CONTINUOUS
100
AcDbLine
 10
0.8026544094488188
 20
1.1904888976377952
 30
0
 11
0.8026862992125984
 21
1.1904570078740158
 31
0
  0
LINE
  5
FAD
330
1A
100
AcDbEntity
  8
BLACK
  6
CONTINUOUS
100
AcDbLine
 10
0.8026862992125984
 20
1.1904570078740158
 30
0
 11
0.8027814173228346
 21
1.1904309448818897
 31
0
  0
LINE
  5
FAE
330
1A
100
AcDbEntity
  8
BLACK
  6
CONTINUOUS
100
AcDbLine
 10
0.8027814173228346
 20
1.1904309448818897
 30
0
 11
0.8029035433070866
 21
1.1903699212598424
 31
0
  0
LINE
  5
FAF
330
1A
100
AcDbEntity
  8
BLACK
  6
CONTINUOUS
100
AcDbLine
 10
0.8029035433070866
 20
1.1903699212598424
 30
0
 11
0.8030225590551181
 21
1.1904888976377952
 31
0
  0
LINE
  5
FB0
330
1A
100
AcDbEntity
  8
BLACK
  6
CONTINUOUS
100
AcDbLine
 10
0.8030225590551181
 20
1.1904888976377952
 30
0
 11
0.8045291732283464
 21
1.1904888976377952
 31
0
  0
LINE
  5
FB1
330
1A
100
AcDbEntity
  8
BLACK
  6
CONTINUOUS
100
AcDbLine
 10
0.8045291732283464
 20
1.1904888976377952
 30
0
 11
0.8055945275590551
 21
1.1894235433070866
 31
0
  0
LINE
  5
FB2
330
1A
100
AcDbEntity
  8
BLACK
  6
CONTINUOUS
100
AcDbLine
 10
0.8055945275590551
 20
1.1894235433070866
 30
0
 11
0.8057443700787401
 21
1.1886702362204724
 31
0
  0
LINE
  5
FB3
330
1A
100
AcDbEntity
  8
BLACK
  6
CONTINUOUS
100
AcDbLine
 10
0.8057443700787401
 20
1.1886702362204724
 30
0
 11
0.8057443700787401
 21
1.1742125984251968
 31
0
  0
LINE
  5
FB4
330
1A
100
AcDbEntity
  8
BLACK
  6
CONTINUOUS
100
AcDbLine
 10
0.8057443700787401
 20
1.1742125984251968
 30
0
 11
0.8119120078740157
 21
1.1742125984251968
 31
0
  0
LINE
  5
FB5
330
1A
100
AcDbEntity
  8
BLACK
  6
CONTINUOUS
100
AcDbLine
 10
0.8119120078740157
 20
1.1742125984251968
 30
0
 11
0.8113310236220472
 21
1.1747935826771654
 31
0
  0
LINE
  5
FB6
330
1A
100
AcDbEntity
  8
BLACK
  6
CONTINUOUS
100
AcDbLine
 10
0.8113310236220472
 20
1.1747935826771654
 30
0
 11
0.8111811811023621
 21
1.1755468897637795
 31
0
  0
LINE
  5
FB7
330
1A
100
AcDbEntity
  8
BLACK
  6
CONTINUOUS
100
AcDbLine
 10
0.8111811811023621
 20
1.1755468897637795
 30
0
 11
0.8111811811023621
 21
1.1886702362204724
 31
0
  0
LINE
  5
FB8
330
1A
100
AcDbEntity
  8
BLACK
  6
CONTINUOUS
100
AcDbLine
 10
0.8111811811023621
 20
1.1886702362204724
 30
0
 11
0.8113310236220472
 21
1.1894235433070866
 31
0
  0
LINE
  5
FB9
330
1A
100
AcDbEntity
  8
BLACK
  6
CONTINUOUS
100
AcDbLine
 10
0.8113310236220472
 20
1.1894235433070866
 30
0
 11
0.8123963779527559
 21
1.1904888976377952
 31
0
  0
LINE
  5
FBA
330
1A
100
AcDbEntity
  8
BLACK
  6
CONTINUOUS
100
AcDbLine
 10
0.8123963779527559
 20
1.1904888976377952
 30
0
 11
0.8139029921259843
 21
1.1904888976377952
 31
0
  0
LINE
  5
FBB
330
1A
100
AcDbEntity
  8
BLACK
  6
CONTINUOUS
100
AcDbLine
 10
0.8139029921259843
 20
1.1904888976377952
 30
0
 11
0.8143344488188976
 21
1.1900574409448819
 31
0
  0
LINE
  5
FBC
330
1A
100
AcDbEntity
  8
BLACK
  6
CONTINUOUS
100
AcDbLine
 10
0.8143344488188976
 20
1.1900574409448819
 30
0
 11
0.8150814960629921
 21
1.190430905511811
 31
0
  0
LINE
  5
FBD
330
1A
100
AcDbEntity
  8
BLACK
  6
CONTINUOUS
100
AcDbLine
 10
0.8150814960629921
 20
1.190430905511811
 30
0
 11
0.8151765748031495
 21
1.190456968503937
 31
0
  0
LINE
  5
FBE
330
1A
100
AcDbEntity
  8
BLACK
  6
CONTINUOUS
100
AcDbLine
 10
0.8151765748031495
 20
1.190456968503937
 30
0
 11
0.8152085433070866
 21
1.1904888976377952
 31
0
  0
LINE
  5
FBF
330
1A
100
AcDbEntity
  8
BLACK
  6
CONTINUOUS
100
AcDbLine
 10
0.8152085433070866
 20
1.1904888976377952
 30
0
 11
0.8155180314960629
 21
1.1905504724409448
 31
0
  0
LINE
  5
FC0
330
1A
100
AcDbEntity
  8
BLACK
  6
CONTINUOUS
100
AcDbLine
 10
0.8155180314960629
 20
1.1905504724409448
 30
0
 11
0.8158222834645669
 21
1.190633779527559
 31
0
  0
LINE
  5
FC1
330
1A
100
AcDbEntity
  8
BLACK
  6
CONTINUOUS
100
AcDbLine
 10
0.8158222834645669
 20
1.190633779527559
 30
0
 11
0.8158651181102362
 21
1.1906195275590552
 31
0
  0
LINE
  5
FC2
330
1A
100
AcDbEntity
  8
BLACK
  6
CONTINUOUS
100
AcDbLine
 10
0.8158651181102362
 20
1.1906195275590552
 30
0
 11
0.8159618503937007
 21
1.1906387401574803
 31
0
  0
LINE
  5
FC3
330
1A
100
AcDbEntity
  8
BLACK
  6
CONTINUOUS
100
AcDbLine
 10
0.8159618503937007
 20
1.1906387401574803
 30
0
 11
0.8187739763779527
 21
1.1906387401574803
 31
0
  0
LINE
  5
FC4
330
1A
100
AcDbEntity
  8
BLACK
  6
CONTINUOUS
100
AcDbLine
 10
0.8187739763779527
 20
1.1906387401574803
 30
0
 11
0.8188706692913386
 21
1.1906195275590552
 31
0
  0
LINE
  5
FC5
330
1A
100
AcDbEntity
  8
BLACK
  6
CONTINUOUS
100
AcDbLine
 10
0.8188706692913386
 20
1.1906195275590552
 30
0
 11
0.8189135039370079
 21
1.190633779527559
 31
0
  0
LINE
  5
FC6
330
1A
100
AcDbEntity
  8
BLACK
  6
CONTINUOUS
100
AcDbLine
 10
0.8189135039370079
 20
1.190633779527559
 30
0
 11
0.8192177952755906
 21
1.1905504724409448
 31
0
  0
LINE
  5
FC7
330
1A
100
AcDbEntity
  8
BLACK
  6
CONTINUOUS
100
AcDbLine
 10
0.8192177952755906
 20
1.1905504724409448
 30
0
 11
0.8195272834645669
 21
1.1904888976377952
 31
0
  0
LINE
  5
FC8
330
1A
100
AcDbEntity
  8
BLACK
  6
CONTINUOUS
100
AcDbLine
 10
0.8195272834645669
 20
1.1904888976377952
 30
0
 11
0.8195591732283465
 21
1.1904570078740158
 31
0
  0
LINE
  5
FC9
330
1A
100
AcDbEntity
  8
BLACK
  6
CONTINUOUS
100
AcDbLine
 10
0.8195591732283465
 20
1.1904570078740158
 30
0
 11
0.8196542913385827
 21
1.1904309448818897
 31
0
  0
LINE
  5
FCA
330
1A
100
AcDbEntity
  8
BLACK
  6
CONTINUOUS
100
AcDbLine
 10
0.8196542913385827
 20
1.1904309448818897
 30
0
 11
0.8215290551181103
 21
1.1894935826771653
 31
0
  0
LINE
  5
FCB
330
1A
100
AcDbEntity
  8
BLACK
  6
CONTINUOUS
100
AcDbLine
 10
0.8215290551181103
 20
1.1894935826771653
 30
0
 11
0.8218387007874015
 21
1.1892532677165355
 31
0
  0
LINE
  5
FCC
330
1A
100
AcDbEntity
  8
BLACK
  6
CONTINUOUS
100
AcDbLine
 10
0.8218387007874015
 20
1.1892532677165355
 30
0
 11
0.8219385039370078
 21
1.1892199999999999
 31
0
  0
LINE
  5
FCD
330
1A
100
AcDbEntity
  8
BLACK
  6
CONTINUOUS
100
AcDbLine
 10
0.8219385039370078
 20
1.1892199999999999
 30
0
 11
0.8220247244094488
 21
1.189108937007874
 31
0
  0
LINE
  5
FCE
330
1A
100
AcDbEntity
  8
BLACK
  6
CONTINUOUS
100
AcDbLine
 10
0.8220247244094488
 20
1.189108937007874
 30
0
 11
0.8221358267716535
 21
1.1890226771653543
 31
0
  0
LINE
  5
FCF
330
1A
100
AcDbEntity
  8
BLACK
  6
CONTINUOUS
100
AcDbLine
 10
0.8221358267716535
 20
1.1890226771653543
 30
0
 11
0.8221690551181102
 21
1.1889229133858268
 31
0
  0
LINE
  5
FD0
330
1A
100
AcDbEntity
  8
BLACK
  6
CONTINUOUS
100
AcDbLine
 10
0.8221690551181102
 20
1.1889229133858268
 30
0
 11
0.8224094094488189
 21
1.1886132283464568
 31
0
  0
LINE
  5
FD1
330
1A
100
AcDbEntity
  8
BLACK
  6
CONTINUOUS
100
AcDbLine
 10
0.8224094094488189
 20
1.1886132283464568
 30
0
 11
0.8233468110236221
 21
1.186738464566929
 31
0
  0
LINE
  5
FD2
330
1A
100
AcDbEntity
  8
BLACK
  6
CONTINUOUS
100
AcDbLine
 10
0.8233468110236221
 20
1.186738464566929
 30
0
 11
0.8233728346456692
 21
1.1866433858267715
 31
0
  0
LINE
  5
FD3
330
1A
100
AcDbEntity
  8
BLACK
  6
CONTINUOUS
100
AcDbLine
 10
0.8233728346456692
 20
1.1866433858267715
 30
0
 11
0.8234048031496063
 21
1.1866114173228346
 31
0
  0
LINE
  5
FD4
330
1A
100
AcDbEntity
  8
BLACK
  6
CONTINUOUS
100
AcDbLine
 10
0.8234048031496063
 20
1.1866114173228346
 30
0
 11
0.8234663385826771
 21
1.1863019291338583
 31
0
  0
LINE
  5
FD5
330
1A
100
AcDbEntity
  8
BLACK
  6
CONTINUOUS
100
AcDbLine
 10
0.8234663385826771
 20
1.1863019291338583
 30
0
 11
0.8235496850393701
 21
1.1859976771653542
 31
0
  0
LINE
  5
FD6
330
1A
100
AcDbEntity
  8
BLACK
  6
CONTINUOUS
100
AcDbLine
 10
0.8235496850393701
 20
1.1859976771653542
 30
0
 11
0.8235353937007874
 21
1.1859548425196851
 31
0
  0
LINE
  5
FD7
330
1A
100
AcDbEntity
  8
BLACK
  6
CONTINUOUS
100
AcDbLine
 10
0.8235353937007874
 20
1.1859548425196851
 30
0
 11
0.8235546456692914
 21
1.1858581102362205
 31
0
  0
LINE
  5
FD8
330
1A
100
AcDbEntity
  8
BLACK
  6
CONTINUOUS
100
AcDbLine
 10
0.8235546456692914
 20
1.1858581102362205
 30
0
 11
0.8235546456692914
 21
1.1755468897637795
 31
0
  0
LINE
  5
FD9
330
1A
100
AcDbEntity
  8
BLACK
  6
CONTINUOUS
100
AcDbLine
 10
0.8235546456692914
 20
1.1755468897637795
 30
0
 11
0.8234048031496063
 21
1.1747935826771654
 31
0
  0
LINE
  5
FDA
330
1A
100
AcDbEntity
  8
BLACK
  6
CONTINUOUS
100
AcDbLine
 10
0.8234048031496063
 20
1.1747935826771654
 30
0
 11
0.8228238188976378
 21
1.1742125984251968
 31
0
  0
LINE
  5
FDB
330
1A
100
AcDbEntity
  8
BLACK
  6
CONTINUOUS
100
AcDbLine
 10
0.8228238188976378
 20
1.1742125984251968
 30
0
 11
0.8311015748031496
 21
1.1742125984251968
 31
0
  0
LINE
  5
FDC
330
1A
100
AcDbEntity
  8
BLACK
  6
CONTINUOUS
100
AcDbLine
 10
0.8311015748031496
 20
1.1742125984251968
 30
0
 11
0.8300796456692913
 21
1.1747235433070866
 31
0
  0
LINE
  5
FDD
330
1A
100
AcDbEntity
  8
BLACK
  6
CONTINUOUS
100
AcDbLine
 10
0.8300796456692913
 20
1.1747235433070866
 30
0
 11
0.8297699212598425
 21
1.1749639370078739
 31
0
  0
LINE
  5
FDE
330
1A
100
AcDbEntity
  8
BLACK
  6
CONTINUOUS
100
AcDbLine
 10
0.8297699212598425
 20
1.1749639370078739
 30
0
 11
0.8296701574803149
 21
1.1749971653543307
 31
0
  0
LINE
  5
FDF
330
1A
100
AcDbEntity
  8
BLACK
  6
CONTINUOUS
100
AcDbLine
 10
0.8296701574803149
 20
1.1749971653543307
 30
0
 11
0.829583937007874
 21
1.1751082677165354
 31
0
  0
LINE
  5
FE0
330
1A
100
AcDbEntity
  8
BLACK
  6
CONTINUOUS
100
AcDbLine
 10
0.829583937007874
 20
1.1751082677165354
 30
0
 11
0.829472874015748
 21
1.1751944488188977
 31
0
  0
LINE
  5
FE1
330
1A
100
AcDbEntity
  8
BLACK
  6
CONTINUOUS
100
AcDbLine
 10
0.829472874015748
 20
1.1751944488188977
 30
0
 11
0.8294396062992125
 21
1.1752942519685039
 31
0
  0
LINE
  5
FE2
330
1A
100
AcDbEntity
  8
BLACK
  6
CONTINUOUS
100
AcDbLine
 10
0.8294396062992125
 20
1.1752942519685039
 30
0
 11
0.829199251968504
 21
1.1756039370078739
 31
0
  0
LINE
  5
FE3
330
1A
100
AcDbEntity
  8
BLACK
  6
CONTINUOUS
100
AcDbLine
 10
0.829199251968504
 20
1.1756039370078739
 30
0
 11
0.8282618897637795
 21
1.1774787401574802
 31
0
  0
LINE
  5
FE4
330
1A
100
AcDbEntity
  8
BLACK
  6
CONTINUOUS
100
AcDbLine
 10
0.8282618897637795
 20
1.1774787401574802
 30
0
 11
0.8282358267716535
 21
1.1775738582677164
 31
0
  0
LINE
  5
FE5
330
1A
100
AcDbEntity
  8
BLACK
  6
CONTINUOUS
100
AcDbLine
 10
0.8282358267716535
 20
1.1775738582677164
 30
0
 11
0.828203937007874
 21
1.1776057480314961
 31
0
  0
LINE
  5
FE6
330
1A
100
AcDbEntity
  8
BLACK
  6
CONTINUOUS
100
AcDbLine
 10
0.828203937007874
 20
1.1776057480314961
 30
0
 11
0.8281423622047244
 21
1.1779152362204723
 31
0
  0
LINE
  5
FE7
330
1A
100
AcDbEntity
  8
BLACK
  6
CONTINUOUS
100
AcDbLine
 10
0.8281423622047244
 20
1.1779152362204723
 30
0
 11
0.8280590551181102
 21
1.178219527559055
 31
0
  0
LINE
  5
FE8
330
1A
100
AcDbEntity
  8
BLACK
  6
CONTINUOUS
100
AcDbLine
 10
0.8280590551181102
 20
1.178219527559055
 30
0
 11
0.8280733070866142
 21
1.1782623622047244
 31
0
  0
LINE
  5
FE9
330
1A
100
AcDbEntity
  8
BLACK
  6
CONTINUOUS
100
AcDbLine
 10
0.8280733070866142
 20
1.1782623622047244
 30
0
 11
0.828054094488189
 21
1.1783590551181102
 31
0
  0
LINE
  5
FEA
330
1A
100
AcDbEntity
  8
BLACK
  6
CONTINUOUS
100
AcDbLine
 10
0.828054094488189
 20
1.1783590551181102
 30
0
 11
0.828054094488189
 21
1.1802338188976378
 31
0
  0
LINE
  5
FEB
330
1A
100
AcDbEntity
  8
BLACK
  6
CONTINUOUS
100
AcDbLine
 10
0.828054094488189
 20
1.1802338188976378
 30
0
 11
0.8280733070866142
 21
1.1803305511811024
 31
0
  0
LINE
  5
FEC
330
1A
100
AcDbEntity
  8
BLACK
  6
CONTINUOUS
100
AcDbLine
 10
0.8280733070866142
 20
1.1803305511811024
 30
0
 11
0.8280590551181102
 21
1.1803733464566928
 31
0
  0
LINE
  5
FED
330
1A
100
AcDbEntity
  8
BLACK
  6
CONTINUOUS
100
AcDbLine
 10
0.8280590551181102
 20
1.1803733464566928
 30
0
 11
0.8281423622047244
 21
1.1806776771653542
 31
0
  0
LINE
  5
FEE
330
1A
100
AcDbEntity
  8
BLACK
  6
CONTINUOUS
100
AcDbLine
 10
0.8281423622047244
 20
1.1806776771653542
 30
0
 11
0.828203937007874
 21
1.1809871259842519
 31
0
  0
LINE
  5
FEF
330
1A
100
AcDbEntity
  8
BLACK
  6
CONTINUOUS
100
AcDbLine
 10
0.828203937007874
 20
1.1809871259842519
 30
0
 11
0.8282358267716535
 21
1.1810190551181101
 31
0
  0
LINE
  5
FF0
330
1A
100
AcDbEntity
  8
BLACK
  6
CONTINUOUS
100
AcDbLine
 10
0.8282358267716535
 20
1.1810190551181101
 30
0
 11
0.8282618897637795
 21
1.1811141338582678
 31
0
  0
LINE
  5
FF1
330
1A
100
AcDbEntity
  8
BLACK
  6
CONTINUOUS
100
AcDbLine
 10
0.8282618897637795
 20
1.1811141338582678
 30
0
 11
0.829199251968504
 21
1.1829888976377954
 31
0
  0
LINE
  5
FF2
330
1A
100
AcDbEntity
  8
BLACK
  6
CONTINUOUS
100
AcDbLine
 10
0.829199251968504
 20
1.1829888976377954
 30
0
 11
0.8294396062992125
 21
1.1832986220472441
 31
0
  0
LINE
  5
FF3
330
1A
100
AcDbEntity
  8
BLACK
  6
CONTINUOUS
100
AcDbLine
 10
0.8294396062992125
 20
1.1832986220472441
 30
0
 11
0.829472874015748
 21
1.1833983858267716
 31
0
  0
LINE
  5
FF4
330
1A
100
AcDbEntity
  8
BLACK
  6
CONTINUOUS
100
AcDbLine
 10
0.829472874015748
 20
1.1833983858267716
 30
0
 11
0.829583937007874
 21
1.1834846062992126
 31
0
  0
LINE
  5
FF5
330
1A
100
AcDbEntity
  8
BLACK
  6
CONTINUOUS
100
AcDbLine
 10
0.829583937007874
 20
1.1834846062992126
 30
0
 11
0.8296701574803149
 21
1.1835956692913385
 31
0
  0
LINE
  5
FF6
330
1A
100
AcDbEntity
  8
BLACK
  6
CONTINUOUS
100
AcDbLine
 10
0.8296701574803149
 20
1.1835956692913385
 30
0
 11
0.8297699212598425
 21
1.1836289370078741
 31
0
  0
LINE
  5
FF7
330
1A
100
AcDbEntity
  8
BLACK
  6
CONTINUOUS
100
AcDbLine
 10
0.8297699212598425
 20
1.1836289370078741
 30
0
 11
0.8300796456692913
 21
1.1838692913385827
 31
0
  0
LINE
  5
FF8
330
1A
100
AcDbEntity
  8
BLACK
  6
CONTINUOUS
100
AcDbLine
 10
0.8300796456692913
 20
1.1838692913385827
 30
0
 11
0.8319543700787402
 21
1.1848066141732283
 31
0
  0
LINE
  5
FF9
330
1A
100
AcDbEntity
  8
BLACK
  6
CONTINUOUS
100
AcDbLine
 10
0.8319543700787402
 20
1.1848066141732283
 30
0
 11
0.8320494488188976
 21
1.1848326771653543
 31
0
  0
LINE
  5
FFA
330
1A
100
AcDbEntity
  8
BLACK
  6
CONTINUOUS
100
AcDbLine
 10
0.8320494488188976
 20
1.1848326771653543
 30
0
 11
0.8320814173228346
 21
1.1848646062992125
 31
0
  0
LINE
  5
FFB
330
1A
100
AcDbEntity
  8
BLACK
  6
CONTINUOUS
100
AcDbLine
 10
0.8320814173228346
 20
1.1848646062992125
 30
0
 11
0.8323909055118111
 21
1.1849261811023621
 31
0
  0
LINE
  5
FFC
330
1A
100
AcDbEntity
  8
BLACK
  6
CONTINUOUS
100
AcDbLine
 10
0.8323909055118111
 20
1.1849261811023621
 30
0
 11
0.832695157480315
 21
1.1850094881889763
 31
0
  0
LINE
  5
FFD
330
1A
100
AcDbEntity
  8
BLACK
  6
CONTINUOUS
100
AcDbLine
 10
0.832695157480315
 20
1.1850094881889763
 30
0
 11
0.8327379921259842
 21
1.1849952362204723
 31
0
  0
LINE
  5
FFE
330
1A
100
AcDbEntity
  8
BLACK
  6
CONTINUOUS
100
AcDbLine
 10
0.8327379921259842
 20
1.1849952362204723
 30
0
 11
0.8328347244094488
 21
1.1850144488188976
 31
0
  0
LINE
  5
FFF
330
1A
100
AcDbEntity
  8
BLACK
  6
CONTINUOUS
100
AcDbLine
 10
0.8328347244094488
 20
1.1850144488188976
 30
0
 11
0.837056968503937
 21
1.1850144488188976
 31
0
  0
LINE
  5
1000
330
1A
100
AcDbEntity
  8
BLACK
  6
CONTINUOUS
100
AcDbLine
 10
0.837056968503937
 20
1.1850144488188976
 30
0
 11
0.8374279133858268
 21
1.1851999606299213
 31
0
  0
LINE
  5
1001
330
1A
100
AcDbEntity
  8
BLACK
  6
CONTINUOUS
100
AcDbLine
 10
0.8374279133858268
 20
1.1851999606299213
 30
0
 11
0.8374279133858268
 21
1.1853934251968503
 31
0
  0
LINE
  5
1002
330
1A
100
AcDbEntity
  8
BLACK
  6
CONTINUOUS
100
AcDbLine
 10
0.8374279133858268
 20
1.1853934251968503
 30
0
 11
0.8369917716535433
 21
1.1862656299212597
 31
0
  0
LINE
  5
1003
330
1A
100
AcDbEntity
  8
BLACK
  6
CONTINUOUS
100
AcDbLine
 10
0.8369917716535433
 20
1.1862656299212597
 30
0
 11
0.8361195275590551
 21
1.1867017322834645
 31
0
  0
LINE
  5
1004
330
1A
100
AcDbEntity
  8
BLACK
  6
CONTINUOUS
100
AcDbLine
 10
0.8361195275590551
 20
1.1867017322834645
 30
0
 11
0.8332994488188976
 21
1.1867017322834645
 31
0
  0
LINE
  5
1005
330
1A
100
AcDbEntity
  8
BLACK
  6
CONTINUOUS
100
AcDbLine
 10
0.8332994488188976
 20
1.1867017322834645
 30
0
 11
0.8318402755905512
 21
1.1859721653543307
 31
0
  0
LINE
  5
1006
330
1A
100
AcDbEntity
  8
BLACK
  6
CONTINUOUS
100
AcDbLine
 10
0.8318402755905512
 20
1.1859721653543307
 30
0
 11
0.8310994881889764
 21
1.1857693307086614
 31
0
  0
LINE
  5
1007
330
1A
100
AcDbEntity
  8
BLACK
  6
CONTINUOUS
100
AcDbLine
 10
0.8310994881889764
 20
1.1857693307086614
 30
0
 11
0.8296701574803149
 21
1.1862457874015748
 31
0
  0
LINE
  5
1008
330
1A
100
AcDbEntity
  8
BLACK
  6
CONTINUOUS
100
AcDbLine
 10
0.8296701574803149
 20
1.1862457874015748
 30
0
 11
0.8289964173228346
 21
1.1875933464566928
 31
0
  0
LINE
  5
1009
330
1A
100
AcDbEntity
  8
BLACK
  6
CONTINUOUS
100
AcDbLine
 10
0.8289964173228346
 20
1.1875933464566928
 30
0
 11
0.829472874015748
 21
1.1890226771653543
 31
0
  0
LINE
  5
100A
330
1A
100
AcDbEntity
  8
BLACK
  6
CONTINUOUS
100
AcDbLine
 10
0.829472874015748
 20
1.1890226771653543
 30
0
 11
0.8300796456692913
 21
1.1894935826771653
 31
0
  0
LINE
  5
100B
330
1A
100
AcDbEntity
  8
BLACK
  6
CONTINUOUS
100
AcDbLine
 10
0.8300796456692913
 20
1.1894935826771653
 30
0
 11
0.8319543700787402
 21
1.190430905511811
 31
0
  0
LINE
  5
100C
330
1A
100
AcDbEntity
  8
BLACK
  6
CONTINUOUS
100
AcDbLine
 10
0.8319543700787402
 20
1.190430905511811
 30
0
 11
0.8320494488188976
 21
1.190456968503937
 31
0
  0
LINE
  5
100D
330
1A
100
AcDbEntity
  8
BLACK
  6
CONTINUOUS
100
AcDbLine
 10
0.8320494488188976
 20
1.190456968503937
 30
0
 11
0.8320814173228346
 21
1.1904888976377952
 31
0
  0
LINE
  5
100E
330
1A
100
AcDbEntity
  8
BLACK
  6
CONTINUOUS
100
AcDbLine
 10
0.8320814173228346
 20
1.1904888976377952
 30
0
 11
0.8323909055118111
 21
1.1905504724409448
 31
0
  0
LINE
  5
100F
330
1A
100
AcDbEntity
  8
BLACK
  6
CONTINUOUS
100
AcDbLine
 10
0.8323909055118111
 20
1.1905504724409448
 30
0
 11
0.832695157480315
 21
1.190633779527559
 31
0
  0
LINE
  5
1010
330
1A
100
AcDbEntity
  8
BLACK
  6
CONTINUOUS
100
AcDbLine
 10
0.832695157480315
 20
1.190633779527559
 30
0
 11
0.8327379921259842
 21
1.1906195275590552
 31
0
  0
LINE
  5
1011
330
1A
100
AcDbEntity
  8
BLACK
  6
CONTINUOUS
100
AcDbLine
 10
0.8327379921259842
 20
1.1906195275590552
 30
0
 11
0.8328347244094488
 21
1.1906387401574803
 31
0
  0
LINE
  5
1012
330
1A
100
AcDbEntity
  8
BLACK
  6
CONTINUOUS
100
AcDbLine
 10
0.8328347244094488
 20
1.1906387401574803
 30
0
 11
0.8365842519685039
 21
1.1906387401574803
 31
0
  0
LINE
  5
1013
330
1A
100
AcDbEntity
  8
BLACK
  6
CONTINUOUS
100
AcDbLine
 10
0.8365842519685039
 20
1.1906387401574803
 30
0
 11
0.8366809448818897
 21
1.1906195275590552
 31
0
  0
LINE
  5
1014
330
1A
100
AcDbEntity
  8
BLACK
  6
CONTINUOUS
100
AcDbLine
 10
0.8366809448818897
 20
1.1906195275590552
 30
0
 11
0.8367237795275591
 21
1.190633779527559
 31
0
  0
LINE
  5
1015
330
1A
100
AcDbEntity
  8
BLACK
  6
CONTINUOUS
100
AcDbLine
 10
0.8367237795275591
 20
1.190633779527559
 30
0
 11
0.8370280708661417
 21
1.1905504724409448
 31
0
  0
LINE
  5
1016
330
1A
100
AcDbEntity
  8
BLACK
  6
CONTINUOUS
100
AcDbLine
 10
0.8370280708661417
 20
1.1905504724409448
 30
0
 11
0.8373375590551181
 21
1.1904888976377952
 31
0
  0
LINE
  5
1017
330
1A
100
AcDbEntity
  8
BLACK
  6
CONTINUOUS
100
AcDbLine
 10
0.8373375590551181
 20
1.1904888976377952
 30
0
 11
0.8373694488188976
 21
1.1904570078740158
 31
0
  0
LINE
  5
1018
330
1A
100
AcDbEntity
  8
BLACK
  6
CONTINUOUS
100
AcDbLine
 10
0.8373694488188976
 20
1.1904570078740158
 30
0
 11
0.8374645669291338
 21
1.1904309448818897
 31
0
  0
LINE
  5
1019
330
1A
100
AcDbEntity
  8
BLACK
  6
CONTINUOUS
100
AcDbLine
 10
0.8374645669291338
 20
1.1904309448818897
 30
0
 11
0.8393393307086614
 21
1.1894935826771653
 31
0
  0
LINE
  5
101A
330
1A
100
AcDbEntity
  8
BLACK
  6
CONTINUOUS
100
AcDbLine
 10
0.8393393307086614
 20
1.1894935826771653
 30
0
 11
0.8396489763779528
 21
1.1892532677165355
 31
0
  0
LINE
  5
101B
330
1A
100
AcDbEntity
  8
BLACK
  6
CONTINUOUS
100
AcDbLine
 10
0.8396489763779528
 20
1.1892532677165355
 30
0
 11
0.839748779527559
 21
1.1892199999999999
 31
0
  0
LINE
  5
101C
330
1A
100
AcDbEntity
  8
BLACK
  6
CONTINUOUS
100
AcDbLine
 10
0.839748779527559
 20
1.1892199999999999
 30
0
 11
0.839835
 21
1.189108937007874
 31
0
  0
LINE
  5
101D
330
1A
100
AcDbEntity
  8
BLACK
  6
CONTINUOUS
100
AcDbLine
 10
0.839835
 20
1.189108937007874
 30
0
 11
0.8399461023622047
 21
1.1890226771653543
 31
0
  0
LINE
  5
101E
330
1A
100
AcDbEntity
  8
BLACK
  6
CONTINUOUS
100
AcDbLine
 10
0.8399461023622047
 20
1.1890226771653543
 30
0
 11
0.8399793307086614
 21
1.1889229133858268
 31
0
  0
LINE
  5
101F
330
1A
100
AcDbEntity
  8
BLACK
  6
CONTINUOUS
100
AcDbLine
 10
0.8399793307086614
 20
1.1889229133858268
 30
0
 11
0.8402196850393701
 21
1.1886132283464568
 31
0
  0
LINE
  5
1020
330
1A
100
AcDbEntity
  8
BLACK
  6
CONTINUOUS
100
AcDbLine
 10
0.8402196850393701
 20
1.1886132283464568
 30
0
 11
0.8411570866141732
 21
1.186738464566929
 31
0
  0
LINE
  5
1021
330
1A
100
AcDbEntity
  8
BLACK
  6
CONTINUOUS
100
AcDbLine
 10
0.8411570866141732
 20
1.186738464566929
 30
0
 11
0.8411831102362205
 21
1.1866433858267715
 31
0
  0
LINE
  5
1022
330
1A
100
AcDbEntity
  8
BLACK
  6
CONTINUOUS
100
AcDbLine
 10
0.8411831102362205
 20
1.1866433858267715
 30
0
 11
0.8412150787401574
 21
1.1866114173228346
 31
0
  0
LINE
  5
1023
330
1A
100
AcDbEntity
  8
BLACK
  6
CONTINUOUS
100
AcDbLine
 10
0.8412150787401574
 20
1.1866114173228346
 30
0
 11
0.8412766141732283
 21
1.1863019291338583
 31
0
  0
LINE
  5
1024
330
1A
100
AcDbEntity
  8
BLACK
  6
CONTINUOUS
100
AcDbLine
 10
0.8412766141732283
 20
1.1863019291338583
 30
0
 11
0.8413599606299212
 21
1.1859976771653542
 31
0
  0
LINE
  5
1025
330
1A
100
AcDbEntity
  8
BLACK
  6
CONTINUOUS
100
AcDbLine
 10
0.8413599606299212
 20
1.1859976771653542
 30
0
 11
0.8413456692913386
 21
1.1859548425196851
 31
0
  0
LINE
  5
1026
330
1A
100
AcDbEntity
  8
BLACK
  6
CONTINUOUS
100
AcDbLine
 10
0.8413456692913386
 20
1.1859548425196851
 30
0
 11
0.8413649212598425
 21
1.1858581102362205
 31
0
  0
LINE
  5
1027
330
1A
100
AcDbEntity
  8
BLACK
  6
CONTINUOUS
100
AcDbLine
 10
0.8413649212598425
 20
1.1858581102362205
 30
0
 11
0.8413649212598425
 21
1.1755468897637795
 31
0
  0
LINE
  5
1028
330
1A
100
AcDbEntity
  8
BLACK
  6
CONTINUOUS
100
AcDbLine
 10
0.8413649212598425
 20
1.1755468897637795
 30
0
 11
0.8412150787401574
 21
1.1747935826771654
 31
0
  0
LINE
  5
1029
330
1A
100
AcDbEntity
  8
BLACK
  6
CONTINUOUS
100
AcDbLine
 10
0.8412150787401574
 20
1.1747935826771654
 30
0
 11
0.8406340944881889
 21
1.1742125984251968
 31
0
  0
LINE
  5
102A
330
1A
100
AcDbEntity
  8
BLACK
  6
CONTINUOUS
100
AcDbLine
 10
0.8406340944881889
 20
1.1742125984251968
 30
0
 11
0.8458661417322835
 21
1.1742125984251968
 31
0
  0
LINE
  5
102B
330
1A
100
AcDbEntity
  8
BLACK
  6
CONTINUOUS
100
AcDbLine
 10
0.8458661417322835
 20
1.1742125984251968
 30
0
 11
0.8458661417322835
 21
1.2494094488188976
 31
0
  0
LINE
  5
102C
330
1A
100
AcDbEntity
  8
BLACK
  6
CONTINUOUS
100
AcDbLine
 10
0.8458661417322835
 20
1.2494094488188976
 30
0
 11
0.7139763779527559
 21
1.2494094488188976
 31
0
  0
LINE
  5
102D
330
1A
100
AcDbEntity
  8
BLACK
  6
CONTINUOUS
100
AcDbLine
 10
0.8152531102362205
 20
1.1861150393700788
 30
0
 11
0.8151181889763779
 21
1.1859801181102363
 31
0
  0
LINE
  5
102E
330
1A
100
AcDbEntity
  8
BLACK
  6
CONTINUOUS
100
AcDbLine
 10
0.8151181889763779
 20
1.1859801181102363
 30
0
 11
0.8151181889763779
 21
1.1755468897637795
 31
0
  0
LINE
  5
102F
330
1A
100
AcDbEntity
  8
BLACK
  6
CONTINUOUS
100
AcDbLine
 10
0.8151181889763779
 20
1.1755468897637795
 30
0
 11
0.8149683464566929
 21
1.1747935826771654
 31
0
  0
LINE
  5
1030
330
1A
100
AcDbEntity
  8
BLACK
  6
CONTINUOUS
100
AcDbLine
 10
0.8149683464566929
 20
1.1747935826771654
 30
0
 11
0.8143873622047244
 21
1.1742125984251968
 31
0
  0
LINE
  5
1031
330
1A
100
AcDbEntity
  8
BLACK
  6
CONTINUOUS
100
AcDbLine
 10
0.8143873622047244
 20
1.1742125984251968
 30
0
 11
0.8203484645669291
 21
1.1742125984251968
 31
0
  0
LINE
  5
1032
330
1A
100
AcDbEntity
  8
BLACK
  6
CONTINUOUS
100
AcDbLine
 10
0.8203484645669291
 20
1.1742125984251968
 30
0
 11
0.8197674803149606
 21
1.1747935826771654
 31
0
  0
LINE
  5
1033
330
1A
100
AcDbEntity
  8
BLACK
  6
CONTINUOUS
100
AcDbLine
 10
0.8197674803149606
 20
1.1747935826771654
 30
0
 11
0.8196176377952755
 21
1.1755468897637795
 31
0
  0
LINE
  5
1034
330
1A
100
AcDbEntity
  8
BLACK
  6
CONTINUOUS
100
AcDbLine
 10
0.8196176377952755
 20
1.1755468897637795
 30
0
 11
0.8196176377952755
 21
1.1853934251968503
 31
0
  0
LINE
  5
1035
330
1A
100
AcDbEntity
  8
BLACK
  6
CONTINUOUS
100
AcDbLine
 10
0.8196176377952755
 20
1.1853934251968503
 30
0
 11
0.8191814960629921
 21
1.1862656299212597
 31
0
  0
LINE
  5
1036
330
1A
100
AcDbEntity
  8
BLACK
  6
CONTINUOUS
100
AcDbLine
 10
0.8191814960629921
 20
1.1862656299212597
 30
0
 11
0.8183092519685039
 21
1.1867017322834645
 31
0
  0
LINE
  5
1037
330
1A
100
AcDbEntity
  8
BLACK
  6
CONTINUOUS
100
AcDbLine
 10
0.8183092519685039
 20
1.1867017322834645
 30
0
 11
0.8164265748031496
 21
1.1867017322834645
 31
0
  0
LINE
  5
1038
330
1A
100
AcDbEntity
  8
BLACK
  6
CONTINUOUS
100
AcDbLine
 10
0.8164265748031496
 20
1.1867017322834645
 30
0
 11
0.8152531102362205
 21
1.1861150393700788
 31
0
  0
LINE
  5
1039
330
1A
100
AcDbEntity
  8
BLACK
  6
CONTINUOUS
100
AcDbLine
 10
0.7974428346456692
 20
1.1861150393700788
 30
0
 11
0.7969572440944882
 21
1.1856294488188976
 31
0
  0
LINE
  5
103A
330
1A
100
AcDbEntity
  8
BLACK
  6
CONTINUOUS
100
AcDbLine
 10
0.7969572440944882
 20
1.1856294488188976
 30
0
 11
0.7963705511811023
 21
1.1844560236220472
 31
0
  0
LINE
  5
103B
330
1A
100
AcDbEntity
  8
BLACK
  6
CONTINUOUS
100
AcDbLine
 10
0.7963705511811023
 20
1.1844560236220472
 30
0
 11
0.7963705511811023
 21
1.1797611417322835
 31
0
  0
LINE
  5
103C
330
1A
100
AcDbEntity
  8
BLACK
  6
CONTINUOUS
100
AcDbLine
 10
0.7963705511811023
 20
1.1797611417322835
 30
0
 11
0.7969572440944882
 21
1.178587716535433
 31
0
  0
LINE
  5
103D
330
1A
100
AcDbEntity
  8
BLACK
  6
CONTINUOUS
100
AcDbLine
 10
0.7969572440944882
 20
1.178587716535433
 30
0
 11
0.7974428346456692
 21
1.1781021259842519
 31
0
  0
LINE
  5
103E
330
1A
100
AcDbEntity
  8
BLACK
  6
CONTINUOUS
100
AcDbLine
 10
0.7974428346456692
 20
1.1781021259842519
 30
0
 11
0.7986162992125984
 21
1.1775153937007874
 31
0
  0
LINE
  5
103F
330
1A
100
AcDbEntity
  8
BLACK
  6
CONTINUOUS
100
AcDbLine
 10
0.7986162992125984
 20
1.1775153937007874
 30
0
 11
0.8014363779527559
 21
1.1775153937007874
 31
0
  0
LINE
  5
1040
330
1A
100
AcDbEntity
  8
BLACK
  6
CONTINUOUS
100
AcDbLine
 10
0.8014363779527559
 20
1.1775153937007874
 30
0
 11
0.8018073622047244
 21
1.1777009055118111
 31
0
  0
LINE
  5
1041
330
1A
100
AcDbEntity
  8
BLACK
  6
CONTINUOUS
100
AcDbLine
 10
0.8018073622047244
 20
1.1777009055118111
 30
0
 11
0.8018073622047244
 21
1.1865162598425196
 31
0
  0
LINE
  5
1042
330
1A
100
AcDbEntity
  8
BLACK
  6
CONTINUOUS
100
AcDbLine
 10
0.8018073622047244
 20
1.1865162598425196
 30
0
 11
0.8014363779527559
 21
1.1867017322834645
 31
0
  0
LINE
  5
1043
330
1A
100
AcDbEntity
  8
BLACK
  6
CONTINUOUS
100
AcDbLine
 10
0.8014363779527559
 20
1.1867017322834645
 30
0
 11
0.7986162992125984
 21
1.1867017322834645
 31
0
  0
LINE
  5
1044
330
1A
100
AcDbEntity
  8
BLACK
  6
CONTINUOUS
100
AcDbLine
 10
0.7986162992125984
 20
1.1867017322834645
 30
0
 11
0.7974428346456692
 21
1.1861150393700788
 31
0
  0
LINE
  5
1045
330
1A
100
AcDbEntity
  8
BLACK
  6
CONTINUOUS
100
AcDbLine
 10
0.8324271653543307
 20
1.1806413385826771
 30
0
 11
0.8319911023622047
 21
1.1797691338582676
 31
0
  0
LINE
  5
1046
330
1A
100
AcDbEntity
  8
BLACK
  6
CONTINUOUS
100
AcDbLine
 10
0.8319911023622047
 20
1.1797691338582676
 30
0
 11
0.8319911023622047
 21
1.1788237795275591
 31
0
  0
LINE
  5
1047
330
1A
100
AcDbEntity
  8
BLACK
  6
CONTINUOUS
100
AcDbLine
 10
0.8319911023622047
 20
1.1788237795275591
 30
0
 11
0.8324272047244095
 21
1.1779515354330707
 31
0
  0
LINE
  5
1048
330
1A
100
AcDbEntity
  8
BLACK
  6
CONTINUOUS
100
AcDbLine
 10
0.8324272047244095
 20
1.1779515354330707
 30
0
 11
0.8332994488188976
 21
1.1775153937007874
 31
0
  0
LINE
  5
1049
330
1A
100
AcDbEntity
  8
BLACK
  6
CONTINUOUS
100
AcDbLine
 10
0.8332994488188976
 20
1.1775153937007874
 30
0
 11
0.8370569291338582
 21
1.1775153937007874
 31
0
  0
LINE
  5
104A
330
1A
100
AcDbEntity
  8
BLACK
  6
CONTINUOUS
100
AcDbLine
 10
0.8370569291338582
 20
1.1775153937007874
 30
0
 11
0.8374279133858268
 21
1.1777009055118111
 31
0
  0
LINE
  5
104B
330
1A
100
AcDbEntity
  8
BLACK
  6
CONTINUOUS
100
AcDbLine
 10
0.8374279133858268
 20
1.1777009055118111
 30
0
 11
0.8374279133858268
 21
1.1810774409448819
 31
0
  0
LINE
  5
104C
330
1A
100
AcDbEntity
  8
BLACK
  6
CONTINUOUS
100
AcDbLine
 10
0.8374279133858268
 20
1.1810774409448819
 30
0
 11
0.8332994488188976
 21
1.1810774409448819
 31
0
  0
LINE
  5
104D
330
1A
100
AcDbEntity
  8
BLACK
  6
CONTINUOUS
100
AcDbLine
 10
0.8332994488188976
 20
1.1810774409448819
 30
0
 11
0.8324271653543307
 21
1.1806413385826771
 31
0
  0
LINE
  5
104E
330
1A
100
AcDbEntity
  8
BLACK
  6
CONTINUOUS
100
AcDbLine
 10
0.8793171653543307
 20
1.197050590551181
 30
0
 11
0.8795198031496063
 21
1.197050590551181
 31
0
  0
LINE
  5
104F
330
1A
100
AcDbEntity
  8
BLACK
  6
CONTINUOUS
100
AcDbLine
 10
0.8795198031496063
 20
1.197050590551181
 30
0
 11
0.8799251181102362
 21
1.1966452755905512
 31
0
  0
LINE
  5
1050
330
1A
100
AcDbEntity
  8
BLACK
  6
CONTINUOUS
100
AcDbLine
 10
0.8799251181102362
 20
1.1966452755905512
 30
0
 11
0.8804020866141732
 21
1.1963272834645668
 31
0
  0
LINE
  5
1051
330
1A
100
AcDbEntity
  8
BLACK
  6
CONTINUOUS
100
AcDbLine
 10
0.8804020866141732
 20
1.1963272834645668
 30
0
 11
0.8804418110236221
 21
1.1961285826771653
 31
0
  0
LINE
  5
1052
330
1A
100
AcDbEntity
  8
BLACK
  6
CONTINUOUS
100
AcDbLine
 10
0.8804418110236221
 20
1.1961285826771653
 30
0
 11
0.880585157480315
 21
1.1959852362204724
 31
0
  0
LINE
  5
1053
330
1A
100
AcDbEntity
  8
BLACK
  6
CONTINUOUS
100
AcDbLine
 10
0.880585157480315
 20
1.1959852362204724
 30
0
 11
0.8807349999999999
 21
1.1952319291338582
 31
0
  0
LINE
  5
1054
330
1A
100
AcDbEntity
  8
BLACK
  6
CONTINUOUS
100
AcDbLine
 10
0.8807349999999999
 20
1.1952319291338582
 30
0
 11
0.8807349999999999
 21
1.1775153937007874
 31
0
  0
LINE
  5
1055
330
1A
100
AcDbEntity
  8
BLACK
  6
CONTINUOUS
100
AcDbLine
 10
0.8807349999999999
 20
1.1775153937007874
 30
0
 11
0.8843907874015747
 21
1.1775153937007874
 31
0
  0
LINE
  5
1056
330
1A
100
AcDbEntity
  8
BLACK
  6
CONTINUOUS
100
AcDbLine
 10
0.8843907874015747
 20
1.1775153937007874
 30
0
 11
0.885144094488189
 21
1.1773655511811023
 31
0
  0
LINE
  5
1057
330
1A
100
AcDbEntity
  8
BLACK
  6
CONTINUOUS
100
AcDbLine
 10
0.885144094488189
 20
1.1773655511811023
 30
0
 11
0.8862094488188976
 21
1.1763001968503937
 31
0
  0
LINE
  5
1058
330
1A
100
AcDbEntity
  8
BLACK
  6
CONTINUOUS
100
AcDbLine
 10
0.8862094488188976
 20
1.1763001968503937
 30
0
 11
0.8862094488188976
 21
1.1747935826771654
 31
0
  0
LINE
  5
1059
330
1A
100
AcDbEntity
  8
BLACK
  6
CONTINUOUS
100
AcDbLine
 10
0.8862094488188976
 20
1.1747935826771654
 30
0
 11
0.885144094488189
 21
1.1737282283464567
 31
0
  0
LINE
  5
105A
330
1A
100
AcDbEntity
  8
BLACK
  6
CONTINUOUS
100
AcDbLine
 10
0.885144094488189
 20
1.1737282283464567
 30
0
 11
0.8843907874015747
 21
1.1735783858267717
 31
0
  0
LINE
  5
105B
330
1A
100
AcDbEntity
  8
BLACK
  6
CONTINUOUS
100
AcDbLine
 10
0.8843907874015747
 20
1.1735783858267717
 30
0
 11
0.8731422047244094
 21
1.1735783858267717
 31
0
  0
LINE
  5
105C
330
1A
100
AcDbEntity
  8
BLACK
  6
CONTINUOUS
100
AcDbLine
 10
0.8731422047244094
 20
1.1735783858267717
 30
0
 11
0.8723888976377953
 21
1.1737282283464567
 31
0
  0
LINE
  5
105D
330
1A
100
AcDbEntity
  8
BLACK
  6
CONTINUOUS
100
AcDbLine
 10
0.8723888976377953
 20
1.1737282283464567
 30
0
 11
0.8713235433070866
 21
1.1747935826771654
 31
0
  0
LINE
  5
105E
330
1A
100
AcDbEntity
  8
BLACK
  6
CONTINUOUS
100
AcDbLine
 10
0.8713235433070866
 20
1.1747935826771654
 30
0
 11
0.8713235433070866
 21
1.1763001968503937
 31
0
  0
LINE
  5
105F
330
1A
100
AcDbEntity
  8
BLACK
  6
CONTINUOUS
100
AcDbLine
 10
0.8713235433070866
 20
1.1763001968503937
 30
0
 11
0.8723888976377953
 21
1.1773655511811023
 31
0
  0
LINE
  5
1060
330
1A
100
AcDbEntity
  8
BLACK
  6
CONTINUOUS
100
AcDbLine
 10
0.8723888976377953
 20
1.1773655511811023
 30
0
 11
0.8731422047244094
 21
1.1775153937007874
 31
0
  0
LINE
  5
1061
330
1A
100
AcDbEntity
  8
BLACK
  6
CONTINUOUS
100
AcDbLine
 10
0.8731422047244094
 20
1.1775153937007874
 30
0
 11
0.8767979921259842
 21
1.1775153937007874
 31
0
  0
LINE
  5
1062
330
1A
100
AcDbEntity
  8
BLACK
  6
CONTINUOUS
100
AcDbLine
 10
0.8767979921259842
 20
1.1775153937007874
 30
0
 11
0.8767979921259842
 21
1.1895421653543308
 31
0
  0
LINE
  5
1063
330
1A
100
AcDbEntity
  8
BLACK
  6
CONTINUOUS
100
AcDbLine
 10
0.8767979921259842
 20
1.1895421653543308
 30
0
 11
0.8764088976377953
 21
1.1891530708661417
 31
0
  0
LINE
  5
1064
330
1A
100
AcDbEntity
  8
BLACK
  6
CONTINUOUS
100
AcDbLine
 10
0.8764088976377953
 20
1.1891530708661417
 30
0
 11
0.8761467716535433
 21
1.1889779527559055
 31
0
  0
LINE
  5
1065
330
1A
100
AcDbEntity
  8
BLACK
  6
CONTINUOUS
100
AcDbLine
 10
0.8761467716535433
 20
1.1889779527559055
 30
0
 11
0.8758972834645669
 21
1.1887842913385827
 31
0
  0
LINE
  5
1066
330
1A
100
AcDbEntity
  8
BLACK
  6
CONTINUOUS
100
AcDbLine
 10
0.8758972834645669
 20
1.1887842913385827
 30
0
 11
0.8740225196850393
 21
1.1878469291338583
 31
0
  0
LINE
  5
1067
330
1A
100
AcDbEntity
  8
BLACK
  6
CONTINUOUS
100
AcDbLine
 10
0.8740225196850393
 20
1.1878469291338583
 30
0
 11
0.8732817322834645
 21
1.187644094488189
 31
0
  0
LINE
  5
1068
330
1A
100
AcDbEntity
  8
BLACK
  6
CONTINUOUS
100
AcDbLine
 10
0.8732817322834645
 20
1.187644094488189
 30
0
 11
0.8718524015748031
 21
1.1881205511811024
 31
0
  0
LINE
  5
1069
330
1A
100
AcDbEntity
  8
BLACK
  6
CONTINUOUS
100
AcDbLine
 10
0.8718524015748031
 20
1.1881205511811024
 30
0
 11
0.8711786614173228
 21
1.1894681102362203
 31
0
  0
LINE
  5
106A
330
1A
100
AcDbEntity
  8
BLACK
  6
CONTINUOUS
100
AcDbLine
 10
0.8711786614173228
 20
1.1894681102362203
 30
0
 11
0.8716551181102362
 21
1.1908974409448818
 31
0
  0
LINE
  5
106B
330
1A
100
AcDbEntity
  8
BLACK
  6
CONTINUOUS
100
AcDbLine
 10
0.8716551181102362
 20
1.1908974409448818
 30
0
 11
0.8722618897637795
 21
1.1913683464566929
 31
0
  0
LINE
  5
106C
330
1A
100
AcDbEntity
  8
BLACK
  6
CONTINUOUS
100
AcDbLine
 10
0.8722618897637795
 20
1.1913683464566929
 30
0
 11
0.8738509448818897
 21
1.1921628740157479
 31
0
  0
LINE
  5
106D
330
1A
100
AcDbEntity
  8
BLACK
  6
CONTINUOUS
100
AcDbLine
 10
0.8738509448818897
 20
1.1921628740157479
 30
0
 11
0.8753618897637795
 21
1.1936738582677164
 31
0
  0
LINE
  5
106E
330
1A
100
AcDbEntity
  8
BLACK
  6
CONTINUOUS
100
AcDbLine
 10
0.8753618897637795
 20
1.1936738582677164
 30
0
 11
0.8771286220472441
 21
1.1963238582677165
 31
0
  0
LINE
  5
106F
330
1A
100
AcDbEntity
  8
BLACK
  6
CONTINUOUS
100
AcDbLine
 10
0.8771286220472441
 20
1.1963238582677165
 30
0
 11
0.8776711417322834
 21
1.1968675196850393
 31
0
  0
LINE
  5
1070
330
1A
100
AcDbEntity
  8
BLACK
  6
CONTINUOUS
100
AcDbLine
 10
0.8776711417322834
 20
1.1968675196850393
 30
0
 11
0.877869842519685
 21
1.1969072834645669
 31
0
  0
LINE
  5
1071
330
1A
100
AcDbEntity
  8
BLACK
  6
CONTINUOUS
100
AcDbLine
 10
0.877869842519685
 20
1.1969072834645669
 30
0
 11
0.8780131889763779
 21
1.197050590551181
 31
0
  0
LINE
  5
1072
330
1A
100
AcDbEntity
  8
BLACK
  6
CONTINUOUS
100
AcDbLine
 10
0.8780131889763779
 20
1.197050590551181
 30
0
 11
0.8785863779527558
 21
1.197050590551181
 31
0
  0
LINE
  5
1073
330
1A
100
AcDbEntity
  8
BLACK
  6
CONTINUOUS
100
AcDbLine
 10
0.8785863779527558
 20
1.197050590551181
 30
0
 11
0.8791485039370078
 21
1.1971630314960631
 31
0
  0
LINE
  5
1074
330
1A
100
AcDbEntity
  8
BLACK
  6
CONTINUOUS
100
AcDbLine
 10
0.8791485039370078
 20
1.1971630314960631
 30
0
 11
0.8793171653543307
 21
1.197050590551181
 31
0
  0
LINE
  5
1075
330
1A
100
AcDbEntity
  8
BLACK
  6
CONTINUOUS
100
AcDbLine
 10
1.0516561811023621
 20
1.3116376771653544
 30
0
 11
1.0521888582677166
 21
1.311105
 31
0
  0
LINE
  5
1076
330
1A
100
AcDbEntity
  8
BLACK
  6
CONTINUOUS
100
AcDbLine
 10
1.0521888582677166
 20
1.311105
 30
0
 11
1.0522637795275591
 21
1.3107283464566928
 31
0
  0
LINE
  5
1077
330
1A
100
AcDbEntity
  8
BLACK
  6
CONTINUOUS
100
AcDbLine
 10
1.0522637795275591
 20
1.3107283464566928
 30
0
 11
1.0522637795275591
 21
1.1768700787401574
 31
0
  0
LINE
  5
1078
330
1A
100
AcDbEntity
  8
BLACK
  6
CONTINUOUS
100
AcDbLine
 10
1.0522637795275591
 20
1.1768700787401574
 30
0
 11
1.0521888582677166
 21
1.1764934251968504
 31
0
  0
LINE
  5
1079
330
1A
100
AcDbEntity
  8
BLACK
  6
CONTINUOUS
100
AcDbLine
 10
1.0521888582677166
 20
1.1764934251968504
 30
0
 11
1.0516561811023621
 21
1.175960748031496
 31
0
  0
LINE
  5
107A
330
1A
100
AcDbEntity
  8
BLACK
  6
CONTINUOUS
100
AcDbLine
 10
1.0516561811023621
 20
1.175960748031496
 30
0
 11
1.0512795275590552
 21
1.1758858267716534
 31
0
  0
LINE
  5
107B
330
1A
100
AcDbEntity
  8
BLACK
  6
CONTINUOUS
100
AcDbLine
 10
1.0512795275590552
 20
1.1758858267716534
 30
0
 11
0.9152683070866141
 21
1.1758858267716534
 31
0
  0
LINE
  5
107C
330
1A
100
AcDbEntity
  8
BLACK
  6
CONTINUOUS
100
AcDbLine
 10
0.9152683070866141
 20
1.1758858267716534
 30
0
 11
0.9152683070866141
 21
1.1747935826771654
 31
0
  0
LINE
  5
107D
330
1A
100
AcDbEntity
  8
BLACK
  6
CONTINUOUS
100
AcDbLine
 10
0.9152683070866141
 20
1.1747935826771654
 30
0
 11
0.9142029527559055
 21
1.1737282283464567
 31
0
  0
LINE
  5
107E
330
1A
100
AcDbEntity
  8
BLACK
  6
CONTINUOUS
100
AcDbLine
 10
0.9142029527559055
 20
1.1737282283464567
 30
0
 11
0.9134496456692913
 21
1.1735783858267717
 31
0
  0
LINE
  5
107F
330
1A
100
AcDbEntity
  8
BLACK
  6
CONTINUOUS
100
AcDbLine
 10
0.9134496456692913
 20
1.1735783858267717
 30
0
 11
0.9115748818897638
 21
1.1735783858267717
 31
0
  0
LINE
  5
1080
330
1A
100
AcDbEntity
  8
BLACK
  6
CONTINUOUS
100
AcDbLine
 10
0.9115748818897638
 20
1.1735783858267717
 30
0
 11
0.9114781496062991
 21
1.1735976377952755
 31
0
  0
LINE
  5
1081
330
1A
100
AcDbEntity
  8
BLACK
  6
CONTINUOUS
100
AcDbLine
 10
0.9114781496062991
 20
1.1735976377952755
 30
0
 11
0.9114353149606299
 21
1.1735833464566929
 31
0
  0
LINE
  5
1082
330
1A
100
AcDbEntity
  8
BLACK
  6
CONTINUOUS
100
AcDbLine
 10
0.9114353149606299
 20
1.1735833464566929
 30
0
 11
0.911131062992126
 21
1.1736666929133859
 31
0
  0
LINE
  5
1083
330
1A
100
AcDbEntity
  8
BLACK
  6
CONTINUOUS
100
AcDbLine
 10
0.911131062992126
 20
1.1736666929133859
 30
0
 11
0.9108215748031496
 21
1.1737282283464567
 31
0
  0
LINE
  5
1084
330
1A
100
AcDbEntity
  8
BLACK
  6
CONTINUOUS
100
AcDbLine
 10
0.9108215748031496
 20
1.1737282283464567
 30
0
 11
0.9107896062992126
 21
1.1737601968503937
 31
0
  0
LINE
  5
1085
330
1A
100
AcDbEntity
  8
BLACK
  6
CONTINUOUS
100
AcDbLine
 10
0.9107896062992126
 20
1.1737601968503937
 30
0
 11
0.9106945275590551
 21
1.173786220472441
 31
0
  0
LINE
  5
1086
330
1A
100
AcDbEntity
  8
BLACK
  6
CONTINUOUS
100
AcDbLine
 10
0.9106945275590551
 20
1.173786220472441
 30
0
 11
0.9088198031496063
 21
1.1747235433070866
 31
0
  0
LINE
  5
1087
330
1A
100
AcDbEntity
  8
BLACK
  6
CONTINUOUS
100
AcDbLine
 10
0.9088198031496063
 20
1.1747235433070866
 30
0
 11
0.9085101181102362
 21
1.1749638976377952
 31
0
  0
LINE
  5
1088
330
1A
100
AcDbEntity
  8
BLACK
  6
CONTINUOUS
100
AcDbLine
 10
0.9085101181102362
 20
1.1749638976377952
 30
0
 11
0.9084103543307086
 21
1.174997125984252
 31
0
  0
LINE
  5
1089
330
1A
100
AcDbEntity
  8
BLACK
  6
CONTINUOUS
100
AcDbLine
 10
0.9084103543307086
 20
1.174997125984252
 30
0
 11
0.908324094488189
 21
1.1751082283464567
 31
0
  0
LINE
  5
108A
330
1A
100
AcDbEntity
  8
BLACK
  6
CONTINUOUS
100
AcDbLine
 10
0.908324094488189
 20
1.1751082283464567
 30
0
 11
0.9082130314960629
 21
1.1751944488188977
 31
0
  0
LINE
  5
108B
330
1A
100
AcDbEntity
  8
BLACK
  6
CONTINUOUS
100
AcDbLine
 10
0.9082130314960629
 20
1.1751944488188977
 30
0
 11
0.9081797637795276
 21
1.1752942519685039
 31
0
  0
LINE
  5
108C
330
1A
100
AcDbEntity
  8
BLACK
  6
CONTINUOUS
100
AcDbLine
 10
0.9081797637795276
 20
1.1752942519685039
 30
0
 11
0.9079394488188977
 21
1.1756038976377952
 31
0
  0
LINE
  5
108D
330
1A
100
AcDbEntity
  8
BLACK
  6
CONTINUOUS
100
AcDbLine
 10
0.9079394488188977
 20
1.1756038976377952
 30
0
 11
0.9077985039370079
 21
1.1758858267716534
 31
0
  0
LINE
  5
108E
330
1A
100
AcDbEntity
  8
BLACK
  6
CONTINUOUS
100
AcDbLine
 10
0.9077985039370079
 20
1.1758858267716534
 30
0
 11
0.9012905511811024
 21
1.1758858267716534
 31
0
  0
LINE
  5
108F
330
1A
100
AcDbEntity
  8
BLACK
  6
CONTINUOUS
100
AcDbLine
 10
0.9012905511811024
 20
1.1758858267716534
 30
0
 11
0.9011496062992126
 21
1.1756039370078739
 31
0
  0
LINE
  5
1090
330
1A
100
AcDbEntity
  8
BLACK
  6
CONTINUOUS
100
AcDbLine
 10
0.9011496062992126
 20
1.1756039370078739
 30
0
 11
0.9009092125984252
 21
1.1752942519685039
 31
0
  0
LINE
  5
1091
330
1A
100
AcDbEntity
  8
BLACK
  6
CONTINUOUS
100
AcDbLine
 10
0.9009092125984252
 20
1.1752942519685039
 30
0
 11
0.9008759842519685
 21
1.1751944488188977
 31
0
  0
LINE
  5
1092
330
1A
100
AcDbEntity
  8
BLACK
  6
CONTINUOUS
100
AcDbLine
 10
0.9008759842519685
 20
1.1751944488188977
 30
0
 11
0.9007648818897638
 21
1.1751082677165354
 31
0
  0
LINE
  5
1093
330
1A
100
AcDbEntity
  8
BLACK
  6
CONTINUOUS
100
AcDbLine
 10
0.9007648818897638
 20
1.1751082677165354
 30
0
 11
0.9006787007874015
 21
1.1749971653543307
 31
0
  0
LINE
  5
1094
330
1A
100
AcDbEntity
  8
BLACK
  6
CONTINUOUS
100
AcDbLine
 10
0.9006787007874015
 20
1.1749971653543307
 30
0
 11
0.9005788976377953
 21
1.1749639370078739
 31
0
  0
LINE
  5
1095
330
1A
100
AcDbEntity
  8
BLACK
  6
CONTINUOUS
100
AcDbLine
 10
0.9005788976377953
 20
1.1749639370078739
 30
0
 11
0.9002692125984252
 21
1.1747235433070866
 31
0
  0
LINE
  5
1096
330
1A
100
AcDbEntity
  8
BLACK
  6
CONTINUOUS
100
AcDbLine
 10
0.9002692125984252
 20
1.1747235433070866
 30
0
 11
0.8983944488188976
 21
1.1737861811023622
 31
0
  0
LINE
  5
1097
330
1A
100
AcDbEntity
  8
BLACK
  6
CONTINUOUS
100
AcDbLine
 10
0.8983944488188976
 20
1.1737861811023622
 30
0
 11
0.8982993307086614
 21
1.1737601574803149
 31
0
  0
LINE
  5
1098
330
1A
100
AcDbEntity
  8
BLACK
  6
CONTINUOUS
100
AcDbLine
 10
0.8982993307086614
 20
1.1737601574803149
 30
0
 11
0.8982674409448819
 21
1.1737282283464567
 31
0
  0
LINE
  5
1099
330
1A
100
AcDbEntity
  8
BLACK
  6
CONTINUOUS
100
AcDbLine
 10
0.8982674409448819
 20
1.1737282283464567
 30
0
 11
0.8979579527559055
 21
1.1736666929133859
 31
0
  0
LINE
  5
109A
330
1A
100
AcDbEntity
  8
BLACK
  6
CONTINUOUS
100
AcDbLine
 10
0.8979579527559055
 20
1.1736666929133859
 30
0
 11
0.8976536614173228
 21
1.1735833464566929
 31
0
  0
LINE
  5
109B
330
1A
100
AcDbEntity
  8
BLACK
  6
CONTINUOUS
100
AcDbLine
 10
0.8976536614173228
 20
1.1735833464566929
 30
0
 11
0.8976108267716535
 21
1.1735976377952755
 31
0
  0
LINE
  5
109C
330
1A
100
AcDbEntity
  8
BLACK
  6
CONTINUOUS
100
AcDbLine
 10
0.8976108267716535
 20
1.1735976377952755
 30
0
 11
0.8975141338582677
 21
1.1735783858267717
 31
0
  0
LINE
  5
109D
330
1A
100
AcDbEntity
  8
BLACK
  6
CONTINUOUS
100
AcDbLine
 10
0.8975141338582677
 20
1.1735783858267717
 30
0
 11
0.8937646062992126
 21
1.1735783858267717
 31
0
  0
LINE
  5
109E
330
1A
100
AcDbEntity
  8
BLACK
  6
CONTINUOUS
100
AcDbLine
 10
0.8937646062992126
 20
1.1735783858267717
 30
0
 11
0.893667874015748
 21
1.1735976377952755
 31
0
  0
LINE
  5
109F
330
1A
100
AcDbEntity
  8
BLACK
  6
CONTINUOUS
100
AcDbLine
 10
0.893667874015748
 20
1.1735976377952755
 30
0
 11
0.8936250393700788
 21
1.1735833464566929
 31
0
  0
LINE
  5
10A0
330
1A
100
AcDbEntity
  8
BLACK
  6
CONTINUOUS
100
AcDbLine
 10
0.8936250393700788
 20
1.1735833464566929
 30
0
 11
0.8933207874015748
 21
1.1736666929133859
 31
0
  0
LINE
  5
10A1
330
1A
100
AcDbEntity
  8
BLACK
  6
CONTINUOUS
100
AcDbLine
 10
0.8933207874015748
 20
1.1736666929133859
 30
0
 11
0.8930112992125984
 21
1.1737282283464567
 31
0
  0
LINE
  5
10A2
330
1A
100
AcDbEntity
  8
BLACK
  6
CONTINUOUS
100
AcDbLine
 10
0.8930112992125984
 20
1.1737282283464567
 30
0
 11
0.8929793307086614
 21
1.1737601968503937
 31
0
  0
LINE
  5
10A3
330
1A
100
AcDbEntity
  8
BLACK
  6
CONTINUOUS
100
AcDbLine
 10
0.8929793307086614
 20
1.1737601968503937
 30
0
 11
0.892884251968504
 21
1.173786220472441
 31
0
  0
LINE
  5
10A4
330
1A
100
AcDbEntity
  8
BLACK
  6
CONTINUOUS
100
AcDbLine
 10
0.892884251968504
 20
1.173786220472441
 30
0
 11
0.891009527559055
 21
1.1747235433070866
 31
0
  0
LINE
  5
10A5
330
1A
100
AcDbEntity
  8
BLACK
  6
CONTINUOUS
100
AcDbLine
 10
0.891009527559055
 20
1.1747235433070866
 30
0
 11
0.8904027559055118
 21
1.1751944488188977
 31
0
  0
LINE
  5
10A6
330
1A
100
AcDbEntity
  8
BLACK
  6
CONTINUOUS
100
AcDbLine
 10
0.8904027559055118
 20
1.1751944488188977
 30
0
 11
0.8901722834645669
 21
1.1758858267716534
 31
0
  0
LINE
  5
10A7
330
1A
100
AcDbEntity
  8
BLACK
  6
CONTINUOUS
100
AcDbLine
 10
0.8901722834645669
 20
1.1758858267716534
 30
0
 11
0.8898622047244095
 21
1.1758858267716534
 31
0
  0
LINE
  5
10A8
330
1A
100
AcDbEntity
  8
BLACK
  6
CONTINUOUS
100
AcDbLine
 10
0.8898622047244095
 20
1.1758858267716534
 30
0
 11
0.8894855511811024
 21
1.175960748031496
 31
0
  0
LINE
  5
10A9
330
1A
100
AcDbEntity
  8
BLACK
  6
CONTINUOUS
100
AcDbLine
 10
0.8894855511811024
 20
1.175960748031496
 30
0
 11
0.888952874015748
 21
1.1764934251968504
 31
0
  0
LINE
  5
10AA
330
1A
100
AcDbEntity
  8
BLACK
  6
CONTINUOUS
100
AcDbLine
 10
0.888952874015748
 20
1.1764934251968504
 30
0
 11
0.8888779527559055
 21
1.1768700787401574
 31
0
  0
LINE
  5
10AB
330
1A
100
AcDbEntity
  8
BLACK
  6
CONTINUOUS
100
AcDbLine
 10
0.8888779527559055
 20
1.1768700787401574
 30
0
 11
0.8888779527559055
 21
1.3107283464566928
 31
0
  0
LINE
  5
10AC
330
1A
100
AcDbEntity
  8
BLACK
  6
CONTINUOUS
100
AcDbLine
 10
0.8888779527559055
 20
1.3107283464566928
 30
0
 11
0.888952874015748
 21
1.311105
 31
0
  0
LINE
  5
10AD
330
1A
100
AcDbEntity
  8
BLACK
  6
CONTINUOUS
100
AcDbLine
 10
0.888952874015748
 20
1.311105
 30
0
 11
0.8894855511811024
 21
1.3116376771653544
 31
0
  0
LINE
  5
10AE
330
1A
100
AcDbEntity
  8
BLACK
  6
CONTINUOUS
100
AcDbLine
 10
0.8894855511811024
 20
1.3116376771653544
 30
0
 11
0.8898622047244095
 21
1.3117125984251967
 31
0
  0
LINE
  5
10AF
330
1A
100
AcDbEntity
  8
BLACK
  6
CONTINUOUS
100
AcDbLine
 10
0.8898622047244095
 20
1.3117125984251967
 30
0
 11
1.0512795275590552
 21
1.3117125984251967
 31
0
  0
LINE
  5
10B0
330
1A
100
AcDbEntity
  8
BLACK
  6
CONTINUOUS
100
AcDbLine
 10
1.0512795275590552
 20
1.3117125984251967
 30
0
 11
1.0516561811023621
 21
1.3116376771653544
 31
0
  0
LINE
  5
10B1
330
1A
100
AcDbEntity
  8
BLACK
  6
CONTINUOUS
100
AcDbLine
 10
0.8908464566929134
 20
1.1780535039370079
 30
0
 11
0.8920293700787402
 21
1.1784477952755905
 31
0
  0
LINE
  5
10B2
330
1A
100
AcDbEntity
  8
BLACK
  6
CONTINUOUS
100
AcDbLine
 10
0.8920293700787402
 20
1.1784477952755905
 30
0
 11
0.892770157480315
 21
1.1782449606299212
 31
0
  0
LINE
  5
10B3
330
1A
100
AcDbEntity
  8
BLACK
  6
CONTINUOUS
100
AcDbLine
 10
0.892770157480315
 20
1.1782449606299212
 30
0
 11
0.8935514566929134
 21
1.1778543307086613
 31
0
  0
LINE
  5
10B4
330
1A
100
AcDbEntity
  8
BLACK
  6
CONTINUOUS
100
AcDbLine
 10
0.8935514566929134
 20
1.1778543307086613
 30
0
 11
0.8977272834645669
 21
1.1778543307086613
 31
0
  0
LINE
  5
10B5
330
1A
100
AcDbEntity
  8
BLACK
  6
CONTINUOUS
100
AcDbLine
 10
0.8977272834645669
 20
1.1778543307086613
 30
0
 11
0.8979216141732284
 21
1.1779514960629922
 31
0
  0
LINE
  5
10B6
330
1A
100
AcDbEntity
  8
BLACK
  6
CONTINUOUS
100
AcDbLine
 10
0.8979216141732284
 20
1.1779514960629922
 30
0
 11
0.8983577559055118
 21
1.1788237795275591
 31
0
  0
LINE
  5
10B7
330
1A
100
AcDbEntity
  8
BLACK
  6
CONTINUOUS
100
AcDbLine
 10
0.8983577559055118
 20
1.1788237795275591
 30
0
 11
0.8983577559055118
 21
1.1788317322834645
 31
0
  0
LINE
  5
10B8
330
1A
100
AcDbEntity
  8
BLACK
  6
CONTINUOUS
100
AcDbLine
 10
0.8983577559055118
 20
1.1788317322834645
 30
0
 11
0.8979216141732284
 21
1.1797039763779527
 31
0
  0
LINE
  5
10B9
330
1A
100
AcDbEntity
  8
BLACK
  6
CONTINUOUS
100
AcDbLine
 10
0.8979216141732284
 20
1.1797039763779527
 30
0
 11
0.8970494488188976
 21
1.1801400787401575
 31
0
  0
LINE
  5
10BA
330
1A
100
AcDbEntity
  8
BLACK
  6
CONTINUOUS
100
AcDbLine
 10
0.8970494488188976
 20
1.1801400787401575
 30
0
 11
0.894701968503937
 21
1.1801400787401575
 31
0
  0
LINE
  5
10BB
330
1A
100
AcDbEntity
  8
BLACK
  6
CONTINUOUS
100
AcDbLine
 10
0.894701968503937
 20
1.1801400787401575
 30
0
 11
0.8946052362204724
 21
1.1801593307086613
 31
0
  0
LINE
  5
10BC
330
1A
100
AcDbEntity
  8
BLACK
  6
CONTINUOUS
100
AcDbLine
 10
0.8946052362204724
 20
1.1801593307086613
 30
0
 11
0.8945624015748032
 21
1.1801450393700788
 31
0
  0
LINE
  5
10BD
330
1A
100
AcDbEntity
  8
BLACK
  6
CONTINUOUS
100
AcDbLine
 10
0.8945624015748032
 20
1.1801450393700788
 30
0
 11
0.8942581496062992
 21
1.1802283858267717
 31
0
  0
LINE
  5
10BE
330
1A
100
AcDbEntity
  8
BLACK
  6
CONTINUOUS
100
AcDbLine
 10
0.8942581496062992
 20
1.1802283858267717
 30
0
 11
0.8939486614173228
 21
1.1802899212598426
 31
0
  0
LINE
  5
10BF
330
1A
100
AcDbEntity
  8
BLACK
  6
CONTINUOUS
100
AcDbLine
 10
0.8939486614173228
 20
1.1802899212598426
 30
0
 11
0.8939166929133858
 21
1.1803218897637795
 31
0
  0
LINE
  5
10C0
330
1A
100
AcDbEntity
  8
BLACK
  6
CONTINUOUS
100
AcDbLine
 10
0.8939166929133858
 20
1.1803218897637795
 30
0
 11
0.8938216141732284
 21
1.1803479133858268
 31
0
  0
LINE
  5
10C1
330
1A
100
AcDbEntity
  8
BLACK
  6
CONTINUOUS
100
AcDbLine
 10
0.8938216141732284
 20
1.1803479133858268
 30
0
 11
0.8919468897637796
 21
1.1812852362204724
 31
0
  0
LINE
  5
10C2
330
1A
100
AcDbEntity
  8
BLACK
  6
CONTINUOUS
100
AcDbLine
 10
0.8919468897637796
 20
1.1812852362204724
 30
0
 11
0.8916371653543307
 21
1.1815256299212598
 31
0
  0
LINE
  5
10C3
330
1A
100
AcDbEntity
  8
BLACK
  6
CONTINUOUS
100
AcDbLine
 10
0.8916371653543307
 20
1.1815256299212598
 30
0
 11
0.8915374015748031
 21
1.1815588582677166
 31
0
  0
LINE
  5
10C4
330
1A
100
AcDbEntity
  8
BLACK
  6
CONTINUOUS
100
AcDbLine
 10
0.8915374015748031
 20
1.1815588582677166
 30
0
 11
0.8914511811023622
 21
1.1816699606299212
 31
0
  0
LINE
  5
10C5
330
1A
100
AcDbEntity
  8
BLACK
  6
CONTINUOUS
100
AcDbLine
 10
0.8914511811023622
 20
1.1816699606299212
 30
0
 11
0.8913401181102362
 21
1.1817561417322835
 31
0
  0
LINE
  5
10C6
330
1A
100
AcDbEntity
  8
BLACK
  6
CONTINUOUS
100
AcDbLine
 10
0.8913401181102362
 20
1.1817561417322835
 30
0
 11
0.8913068503937007
 21
1.1818559448818897
 31
0
  0
LINE
  5
10C7
330
1A
100
AcDbEntity
  8
BLACK
  6
CONTINUOUS
100
AcDbLine
 10
0.8913068503937007
 20
1.1818559448818897
 30
0
 11
0.8910664960629922
 21
1.1821656299212597
 31
0
  0
LINE
  5
10C8
330
1A
100
AcDbEntity
  8
BLACK
  6
CONTINUOUS
100
AcDbLine
 10
0.8910664960629922
 20
1.1821656299212597
 30
0
 11
0.8908464566929134
 21
1.182605748031496
 31
0
  0
LINE
  5
10C9
330
1A
100
AcDbEntity
  8
BLACK
  6
CONTINUOUS
100
AcDbLine
 10
0.8908464566929134
 20
1.182605748031496
 30
0
 11
0.8908464566929134
 21
1.1780535039370079
 31
0
  0
LINE
  5
10CA
330
1A
100
AcDbEntity
  8
BLACK
  6
CONTINUOUS
100
AcDbLine
 10
0.8908464566929134
 20
1.3097440944881888
 30
0
 11
0.8908464566929134
 21
1.1881731102362205
 31
0
  0
LINE
  5
10CB
330
1A
100
AcDbEntity
  8
BLACK
  6
CONTINUOUS
100
AcDbLine
 10
0.8908464566929134
 20
1.1881731102362205
 30
0
 11
0.8910664960629922
 21
1.188613188976378
 31
0
  0
LINE
  5
10CC
330
1A
100
AcDbEntity
  8
BLACK
  6
CONTINUOUS
100
AcDbLine
 10
0.8910664960629922
 20
1.188613188976378
 30
0
 11
0.8913068503937007
 21
1.1889229133858268
 31
0
  0
LINE
  5
10CD
330
1A
100
AcDbEntity
  8
BLACK
  6
CONTINUOUS
100
AcDbLine
 10
0.8913068503937007
 20
1.1889229133858268
 30
0
 11
0.8913401181102362
 21
1.1890226771653543
 31
0
  0
LINE
  5
10CE
330
1A
100
AcDbEntity
  8
BLACK
  6
CONTINUOUS
100
AcDbLine
 10
0.8913401181102362
 20
1.1890226771653543
 30
0
 11
0.8914511811023622
 21
1.1891088976377953
 31
0
  0
LINE
  5
10CF
330
1A
100
AcDbEntity
  8
BLACK
  6
CONTINUOUS
100
AcDbLine
 10
0.8914511811023622
 20
1.1891088976377953
 30
0
 11
0.8915374015748031
 21
1.1892199606299212
 31
0
  0
LINE
  5
10D0
330
1A
100
AcDbEntity
  8
BLACK
  6
CONTINUOUS
100
AcDbLine
 10
0.8915374015748031
 20
1.1892199606299212
 30
0
 11
0.8916371653543307
 21
1.1892532283464567
 31
0
  0
LINE
  5
10D1
330
1A
100
AcDbEntity
  8
BLACK
  6
CONTINUOUS
100
AcDbLine
 10
0.8916371653543307
 20
1.1892532283464567
 30
0
 11
0.8919468897637796
 21
1.1894935826771653
 31
0
  0
LINE
  5
10D2
330
1A
100
AcDbEntity
  8
BLACK
  6
CONTINUOUS
100
AcDbLine
 10
0.8919468897637796
 20
1.1894935826771653
 30
0
 11
0.8938216141732284
 21
1.190430905511811
 31
0
  0
LINE
  5
10D3
330
1A
100
AcDbEntity
  8
BLACK
  6
CONTINUOUS
100
AcDbLine
 10
0.8938216141732284
 20
1.190430905511811
 30
0
 11
0.8939166929133858
 21
1.190456968503937
 31
0
  0
LINE
  5
10D4
330
1A
100
AcDbEntity
  8
BLACK
  6
CONTINUOUS
100
AcDbLine
 10
0.8939166929133858
 20
1.190456968503937
 30
0
 11
0.8939486614173228
 21
1.1904888976377952
 31
0
  0
LINE
  5
10D5
330
1A
100
AcDbEntity
  8
BLACK
  6
CONTINUOUS
100
AcDbLine
 10
0.8939486614173228
 20
1.1904888976377952
 30
0
 11
0.8942581496062992
 21
1.1905504724409448
 31
0
  0
LINE
  5
10D6
330
1A
100
AcDbEntity
  8
BLACK
  6
CONTINUOUS
100
AcDbLine
 10
0.8942581496062992
 20
1.1905504724409448
 30
0
 11
0.8945624015748032
 21
1.190633779527559
 31
0
  0
LINE
  5
10D7
330
1A
100
AcDbEntity
  8
BLACK
  6
CONTINUOUS
100
AcDbLine
 10
0.8945624015748032
 20
1.190633779527559
 30
0
 11
0.8946052362204724
 21
1.1906195275590552
 31
0
  0
LINE
  5
10D8
330
1A
100
AcDbEntity
  8
BLACK
  6
CONTINUOUS
100
AcDbLine
 10
0.8946052362204724
 20
1.1906195275590552
 30
0
 11
0.894701968503937
 21
1.1906387401574803
 31
0
  0
LINE
  5
10D9
330
1A
100
AcDbEntity
  8
BLACK
  6
CONTINUOUS
100
AcDbLine
 10
0.894701968503937
 20
1.1906387401574803
 30
0
 11
0.8975141338582677
 21
1.1906387401574803
 31
0
  0
LINE
  5
10DA
330
1A
100
AcDbEntity
  8
BLACK
  6
CONTINUOUS
100
AcDbLine
 10
0.8975141338582677
 20
1.1906387401574803
 30
0
 11
0.8976108267716535
 21
1.1906195275590552
 31
0
  0
LINE
  5
10DB
330
1A
100
AcDbEntity
  8
BLACK
  6
CONTINUOUS
100
AcDbLine
 10
0.8976108267716535
 20
1.1906195275590552
 30
0
 11
0.8976536614173228
 21
1.190633779527559
 31
0
  0
LINE
  5
10DC
330
1A
100
AcDbEntity
  8
BLACK
  6
CONTINUOUS
100
AcDbLine
 10
0.8976536614173228
 20
1.190633779527559
 30
0
 11
0.8979579527559055
 21
1.1905504724409448
 31
0
  0
LINE
  5
10DD
330
1A
100
AcDbEntity
  8
BLACK
  6
CONTINUOUS
100
AcDbLine
 10
0.8979579527559055
 20
1.1905504724409448
 30
0
 11
0.8982674409448819
 21
1.1904888976377952
 31
0
  0
LINE
  5
10DE
330
1A
100
AcDbEntity
  8
BLACK
  6
CONTINUOUS
100
AcDbLine
 10
0.8982674409448819
 20
1.1904888976377952
 30
0
 11
0.8982993307086614
 21
1.1904570078740158
 31
0
  0
LINE
  5
10DF
330
1A
100
AcDbEntity
  8
BLACK
  6
CONTINUOUS
100
AcDbLine
 10
0.8982993307086614
 20
1.1904570078740158
 30
0
 11
0.8983944488188976
 21
1.1904309448818897
 31
0
  0
LINE
  5
10E0
330
1A
100
AcDbEntity
  8
BLACK
  6
CONTINUOUS
100
AcDbLine
 10
0.8983944488188976
 20
1.1904309448818897
 30
0
 11
0.9002692125984252
 21
1.1894935826771653
 31
0
  0
LINE
  5
10E1
330
1A
100
AcDbEntity
  8
BLACK
  6
CONTINUOUS
100
AcDbLine
 10
0.9002692125984252
 20
1.1894935826771653
 30
0
 11
0.9008759842519685
 21
1.1890226771653543
 31
0
  0
LINE
  5
10E2
330
1A
100
AcDbEntity
  8
BLACK
  6
CONTINUOUS
100
AcDbLine
 10
0.9008759842519685
 20
1.1890226771653543
 30
0
 11
0.9013524409448819
 21
1.1875933464566928
 31
0
  0
LINE
  5
10E3
330
1A
100
AcDbEntity
  8
BLACK
  6
CONTINUOUS
100
AcDbLine
 10
0.9013524409448819
 20
1.1875933464566928
 30
0
 11
0.9006786614173228
 21
1.1862457874015748
 31
0
  0
LINE
  5
10E4
330
1A
100
AcDbEntity
  8
BLACK
  6
CONTINUOUS
100
AcDbLine
 10
0.9006786614173228
 20
1.1862457874015748
 30
0
 11
0.8992493307086614
 21
1.1857693307086614
 31
0
  0
LINE
  5
10E5
330
1A
100
AcDbEntity
  8
BLACK
  6
CONTINUOUS
100
AcDbLine
 10
0.8992493307086614
 20
1.1857693307086614
 30
0
 11
0.8985085433070866
 21
1.1859722047244095
 31
0
  0
LINE
  5
10E6
330
1A
100
AcDbEntity
  8
BLACK
  6
CONTINUOUS
100
AcDbLine
 10
0.8985085433070866
 20
1.1859722047244095
 30
0
 11
0.8970494094488188
 21
1.1867017322834645
 31
0
  0
LINE
  5
10E7
330
1A
100
AcDbEntity
  8
BLACK
  6
CONTINUOUS
100
AcDbLine
 10
0.8970494094488188
 20
1.1867017322834645
 30
0
 11
0.8951666929133858
 21
1.1867017322834645
 31
0
  0
LINE
  5
10E8
330
1A
100
AcDbEntity
  8
BLACK
  6
CONTINUOUS
100
AcDbLine
 10
0.8951666929133858
 20
1.1867017322834645
 30
0
 11
0.8942944094488189
 21
1.1862656299212597
 31
0
  0
LINE
  5
10E9
330
1A
100
AcDbEntity
  8
BLACK
  6
CONTINUOUS
100
AcDbLine
 10
0.8942944094488189
 20
1.1862656299212597
 30
0
 11
0.8938583464566929
 21
1.1853934251968503
 31
0
  0
LINE
  5
10EA
330
1A
100
AcDbEntity
  8
BLACK
  6
CONTINUOUS
100
AcDbLine
 10
0.8938583464566929
 20
1.1853934251968503
 30
0
 11
0.8938583464566929
 21
1.1853854330708662
 31
0
  0
LINE
  5
10EB
330
1A
100
AcDbEntity
  8
BLACK
  6
CONTINUOUS
100
AcDbLine
 10
0.8938583464566929
 20
1.1853854330708662
 30
0
 11
0.8942944094488189
 21
1.1845132283464566
 31
0
  0
LINE
  5
10EC
330
1A
100
AcDbEntity
  8
BLACK
  6
CONTINUOUS
100
AcDbLine
 10
0.8942944094488189
 20
1.1845132283464566
 30
0
 11
0.8951666929133858
 21
1.1840770866141732
 31
0
  0
LINE
  5
10ED
330
1A
100
AcDbEntity
  8
BLACK
  6
CONTINUOUS
100
AcDbLine
 10
0.8951666929133858
 20
1.1840770866141732
 30
0
 11
0.8975141338582677
 21
1.1840770866141732
 31
0
  0
LINE
  5
10EE
330
1A
100
AcDbEntity
  8
BLACK
  6
CONTINUOUS
100
AcDbLine
 10
0.8975141338582677
 20
1.1840770866141732
 30
0
 11
0.8976108267716535
 21
1.1840578740157479
 31
0
  0
LINE
  5
10EF
330
1A
100
AcDbEntity
  8
BLACK
  6
CONTINUOUS
100
AcDbLine
 10
0.8976108267716535
 20
1.1840578740157479
 30
0
 11
0.8976537007874016
 21
1.1840721259842519
 31
0
  0
LINE
  5
10F0
330
1A
100
AcDbEntity
  8
BLACK
  6
CONTINUOUS
100
AcDbLine
 10
0.8976537007874016
 20
1.1840721259842519
 30
0
 11
0.8979579133858268
 21
1.1839888188976377
 31
0
  0
LINE
  5
10F1
330
1A
100
AcDbEntity
  8
BLACK
  6
CONTINUOUS
100
AcDbLine
 10
0.8979579133858268
 20
1.1839888188976377
 30
0
 11
0.8982674409448819
 21
1.1839272440944881
 31
0
  0
LINE
  5
10F2
330
1A
100
AcDbEntity
  8
BLACK
  6
CONTINUOUS
100
AcDbLine
 10
0.8982674409448819
 20
1.1839272440944881
 30
0
 11
0.8982993700787402
 21
1.1838953149606299
 31
0
  0
LINE
  5
10F3
330
1A
100
AcDbEntity
  8
BLACK
  6
CONTINUOUS
100
AcDbLine
 10
0.8982993700787402
 20
1.1838953149606299
 30
0
 11
0.8983944881889764
 21
1.1838692519685039
 31
0
  0
LINE
  5
10F4
330
1A
100
AcDbEntity
  8
BLACK
  6
CONTINUOUS
100
AcDbLine
 10
0.8983944881889764
 20
1.1838692519685039
 30
0
 11
0.9002692519685039
 21
1.1829318503937007
 31
0
  0
LINE
  5
10F5
330
1A
100
AcDbEntity
  8
BLACK
  6
CONTINUOUS
100
AcDbLine
 10
0.9002692519685039
 20
1.1829318503937007
 30
0
 11
0.9005788976377953
 21
1.1826915354330709
 31
0
  0
LINE
  5
10F6
330
1A
100
AcDbEntity
  8
BLACK
  6
CONTINUOUS
100
AcDbLine
 10
0.9005788976377953
 20
1.1826915354330709
 30
0
 11
0.9006787007874015
 21
1.1826582677165354
 31
0
  0
LINE
  5
10F7
330
1A
100
AcDbEntity
  8
BLACK
  6
CONTINUOUS
100
AcDbLine
 10
0.9006787007874015
 20
1.1826582677165354
 30
0
 11
0.9007649212598425
 21
1.1825472047244094
 31
0
  0
LINE
  5
10F8
330
1A
100
AcDbEntity
  8
BLACK
  6
CONTINUOUS
100
AcDbLine
 10
0.9007649212598425
 20
1.1825472047244094
 30
0
 11
0.9008760236220472
 21
1.1824609448818897
 31
0
  0
LINE
  5
10F9
330
1A
100
AcDbEntity
  8
BLACK
  6
CONTINUOUS
100
AcDbLine
 10
0.9008760236220472
 20
1.1824609448818897
 30
0
 11
0.9009092519685039
 21
1.1823611811023622
 31
0
  0
LINE
  5
10FA
330
1A
100
AcDbEntity
  8
BLACK
  6
CONTINUOUS
100
AcDbLine
 10
0.9009092519685039
 20
1.1823611811023622
 30
0
 11
0.9011496062992126
 21
1.1820514960629922
 31
0
  0
LINE
  5
10FB
330
1A
100
AcDbEntity
  8
BLACK
  6
CONTINUOUS
100
AcDbLine
 10
0.9011496062992126
 20
1.1820514960629922
 30
0
 11
0.9020869291338582
 21
1.1801767716535432
 31
0
  0
LINE
  5
10FC
330
1A
100
AcDbEntity
  8
BLACK
  6
CONTINUOUS
100
AcDbLine
 10
0.9020869291338582
 20
1.1801767716535432
 30
0
 11
0.9021129527559055
 21
1.1800816929133857
 31
0
  0
LINE
  5
10FD
330
1A
100
AcDbEntity
  8
BLACK
  6
CONTINUOUS
100
AcDbLine
 10
0.9021129527559055
 20
1.1800816929133857
 30
0
 11
0.9021449212598425
 21
1.1800497244094488
 31
0
  0
LINE
  5
10FE
330
1A
100
AcDbEntity
  8
BLACK
  6
CONTINUOUS
100
AcDbLine
 10
0.9021449212598425
 20
1.1800497244094488
 30
0
 11
0.9022064566929133
 21
1.1797402362204723
 31
0
  0
LINE
  5
10FF
330
1A
100
AcDbEntity
  8
BLACK
  6
CONTINUOUS
100
AcDbLine
 10
0.9022064566929133
 20
1.1797402362204723
 30
0
 11
0.9022898031496063
 21
1.1794359842519684
 31
0
  0
LINE
  5
1100
330
1A
100
AcDbEntity
  8
BLACK
  6
CONTINUOUS
100
AcDbLine
 10
0.9022898031496063
 20
1.1794359842519684
 30
0
 11
0.9022755118110236
 21
1.1793931496062993
 31
0
  0
LINE
  5
1101
330
1A
100
AcDbEntity
  8
BLACK
  6
CONTINUOUS
100
AcDbLine
 10
0.9022755118110236
 20
1.1793931496062993
 30
0
 11
0.9022947637795276
 21
1.1792964173228346
 31
0
  0
LINE
  5
1102
330
1A
100
AcDbEntity
  8
BLACK
  6
CONTINUOUS
100
AcDbLine
 10
0.9022947637795276
 20
1.1792964173228346
 30
0
 11
0.9022947637795276
 21
1.1783590551181102
 31
0
  0
LINE
  5
1103
330
1A
100
AcDbEntity
  8
BLACK
  6
CONTINUOUS
100
AcDbLine
 10
0.9022947637795276
 20
1.1783590551181102
 30
0
 11
0.9022755118110236
 21
1.1782623622047244
 31
0
  0
LINE
  5
1104
330
1A
100
AcDbEntity
  8
BLACK
  6
CONTINUOUS
100
AcDbLine
 10
0.9022755118110236
 20
1.1782623622047244
 30
0
 11
0.9022898031496063
 21
1.178219527559055
 31
0
  0
LINE
  5
1105
330
1A
100
AcDbEntity
  8
BLACK
  6
CONTINUOUS
100
AcDbLine
 10
0.9022898031496063
 20
1.178219527559055
 30
0
 11
0.9022064566929133
 21
1.1779152362204723
 31
0
  0
LINE
  5
1106
330
1A
100
AcDbEntity
  8
BLACK
  6
CONTINUOUS
100
AcDbLine
 10
0.9022064566929133
 20
1.1779152362204723
 30
0
 11
0.9021943307086614
 21
1.1778543307086613
 31
0
  0
LINE
  5
1107
330
1A
100
AcDbEntity
  8
BLACK
  6
CONTINUOUS
100
AcDbLine
 10
0.9021943307086614
 20
1.1778543307086613
 30
0
 11
0.9068946062992126
 21
1.1778543307086613
 31
0
  0
LINE
  5
1108
330
1A
100
AcDbEntity
  8
BLACK
  6
CONTINUOUS
100
AcDbLine
 10
0.9068946062992126
 20
1.1778543307086613
 30
0
 11
0.9068824803149607
 21
1.1779152755905511
 31
0
  0
LINE
  5
1109
330
1A
100
AcDbEntity
  8
BLACK
  6
CONTINUOUS
100
AcDbLine
 10
0.9068824803149607
 20
1.1779152755905511
 30
0
 11
0.9067991732283465
 21
1.1782194881889763
 31
0
  0
LINE
  5
110A
330
1A
100
AcDbEntity
  8
BLACK
  6
CONTINUOUS
100
AcDbLine
 10
0.9067991732283465
 20
1.1782194881889763
 30
0
 11
0.9068134251968504
 21
1.1782623622047244
 31
0
  0
LINE
  5
110B
330
1A
100
AcDbEntity
  8
BLACK
  6
CONTINUOUS
100
AcDbLine
 10
0.9068134251968504
 20
1.1782623622047244
 30
0
 11
0.9067942125984252
 21
1.1783590551181102
 31
0
  0
LINE
  5
110C
330
1A
100
AcDbEntity
  8
BLACK
  6
CONTINUOUS
100
AcDbLine
 10
0.9067942125984252
 20
1.1783590551181102
 30
0
 11
0.9067942125984252
 21
1.1867017322834645
 31
0
  0
LINE
  5
110D
330
1A
100
AcDbEntity
  8
BLACK
  6
CONTINUOUS
100
AcDbLine
 10
0.9067942125984252
 20
1.1867017322834645
 30
0
 11
0.9059505905511811
 21
1.1867017322834645
 31
0
  0
LINE
  5
110E
330
1A
100
AcDbEntity
  8
BLACK
  6
CONTINUOUS
100
AcDbLine
 10
0.9059505905511811
 20
1.1867017322834645
 30
0
 11
0.905197283464567
 21
1.1868515748031496
 31
0
  0
LINE
  5
110F
330
1A
100
AcDbEntity
  8
BLACK
  6
CONTINUOUS
100
AcDbLine
 10
0.905197283464567
 20
1.1868515748031496
 30
0
 11
0.9041319291338582
 21
1.1879169291338583
 31
0
  0
LINE
  5
1110
330
1A
100
AcDbEntity
  8
BLACK
  6
CONTINUOUS
100
AcDbLine
 10
0.9041319291338582
 20
1.1879169291338583
 30
0
 11
0.9041319291338582
 21
1.1894235433070866
 31
0
  0
LINE
  5
1111
330
1A
100
AcDbEntity
  8
BLACK
  6
CONTINUOUS
100
AcDbLine
 10
0.9041319291338582
 20
1.1894235433070866
 30
0
 11
0.905197283464567
 21
1.1904888976377952
 31
0
  0
LINE
  5
1112
330
1A
100
AcDbEntity
  8
BLACK
  6
CONTINUOUS
100
AcDbLine
 10
0.905197283464567
 20
1.1904888976377952
 30
0
 11
0.9059505905511811
 21
1.1906387401574803
 31
0
  0
LINE
  5
1113
330
1A
100
AcDbEntity
  8
BLACK
  6
CONTINUOUS
100
AcDbLine
 10
0.9059505905511811
 20
1.1906387401574803
 30
0
 11
0.9067942125984252
 21
1.1906387401574803
 31
0
  0
LINE
  5
1114
330
1A
100
AcDbEntity
  8
BLACK
  6
CONTINUOUS
100
AcDbLine
 10
0.9067942125984252
 20
1.1906387401574803
 30
0
 11
0.9067942125984252
 21
1.1952319291338582
 31
0
  0
LINE
  5
1115
330
1A
100
AcDbEntity
  8
BLACK
  6
CONTINUOUS
100
AcDbLine
 10
0.9067942125984252
 20
1.1952319291338582
 30
0
 11
0.9069440551181103
 21
1.1959852362204724
 31
0
  0
LINE
  5
1116
330
1A
100
AcDbEntity
  8
BLACK
  6
CONTINUOUS
100
AcDbLine
 10
0.9069440551181103
 20
1.1959852362204724
 30
0
 11
0.9080094094488189
 21
1.197050590551181
 31
0
  0
LINE
  5
1117
330
1A
100
AcDbEntity
  8
BLACK
  6
CONTINUOUS
100
AcDbLine
 10
0.9080094094488189
 20
1.197050590551181
 30
0
 11
0.9095160236220472
 21
1.197050590551181
 31
0
  0
LINE
  5
1118
330
1A
100
AcDbEntity
  8
BLACK
  6
CONTINUOUS
100
AcDbLine
 10
0.9095160236220472
 20
1.197050590551181
 30
0
 11
0.9105813779527558
 21
1.1959852362204724
 31
0
  0
LINE
  5
1119
330
1A
100
AcDbEntity
  8
BLACK
  6
CONTINUOUS
100
AcDbLine
 10
0.9105813779527558
 20
1.1959852362204724
 30
0
 11
0.9107312204724409
 21
1.1952319291338582
 31
0
  0
LINE
  5
111A
330
1A
100
AcDbEntity
  8
BLACK
  6
CONTINUOUS
100
AcDbLine
 10
0.9107312204724409
 20
1.1952319291338582
 30
0
 11
0.9107312204724409
 21
1.1906387401574803
 31
0
  0
LINE
  5
111B
330
1A
100
AcDbEntity
  8
BLACK
  6
CONTINUOUS
100
AcDbLine
 10
0.9107312204724409
 20
1.1906387401574803
 30
0
 11
0.9134496456692913
 21
1.1906387401574803
 31
0
  0
LINE
  5
111C
330
1A
100
AcDbEntity
  8
BLACK
  6
CONTINUOUS
100
AcDbLine
 10
0.9134496456692913
 20
1.1906387401574803
 30
0
 11
0.9142029527559055
 21
1.1904888976377952
 31
0
  0
LINE
  5
111D
330
1A
100
AcDbEntity
  8
BLACK
  6
CONTINUOUS
100
AcDbLine
 10
0.9142029527559055
 20
1.1904888976377952
 30
0
 11
0.9152683070866141
 21
1.1894235433070866
 31
0
  0
LINE
  5
111E
330
1A
100
AcDbEntity
  8
BLACK
  6
CONTINUOUS
100
AcDbLine
 10
0.9152683070866141
 20
1.1894235433070866
 30
0
 11
0.9152683070866141
 21
1.1879169291338583
 31
0
  0
LINE
  5
111F
330
1A
100
AcDbEntity
  8
BLACK
  6
CONTINUOUS
100
AcDbLine
 10
0.9152683070866141
 20
1.1879169291338583
 30
0
 11
0.9142029527559055
 21
1.1868515748031496
 31
0
  0
LINE
  5
1120
330
1A
100
AcDbEntity
  8
BLACK
  6
CONTINUOUS
100
AcDbLine
 10
0.9142029527559055
 20
1.1868515748031496
 30
0
 11
0.9134496456692913
 21
1.1867017322834645
 31
0
  0
LINE
  5
1121
330
1A
100
AcDbEntity
  8
BLACK
  6
CONTINUOUS
100
AcDbLine
 10
0.9134496456692913
 20
1.1867017322834645
 30
0
 11
0.9107312204724409
 21
1.1867017322834645
 31
0
  0
LINE
  5
1122
330
1A
100
AcDbEntity
  8
BLACK
  6
CONTINUOUS
100
AcDbLine
 10
0.9107312204724409
 20
1.1867017322834645
 30
0
 11
0.9107312204724409
 21
1.1788237401574804
 31
0
  0
LINE
  5
1123
330
1A
100
AcDbEntity
  8
BLACK
  6
CONTINUOUS
100
AcDbLine
 10
0.9107312204724409
 20
1.1788237401574804
 30
0
 11
0.9111672834645669
 21
1.1779515354330707
 31
0
  0
LINE
  5
1124
330
1A
100
AcDbEntity
  8
BLACK
  6
CONTINUOUS
100
AcDbLine
 10
0.9111672834645669
 20
1.1779515354330707
 30
0
 11
0.9113616929133858
 21
1.1778543307086613
 31
0
  0
LINE
  5
1125
330
1A
100
AcDbEntity
  8
BLACK
  6
CONTINUOUS
100
AcDbLine
 10
0.9113616929133858
 20
1.1778543307086613
 30
0
 11
1.0502952755905512
 21
1.1778543307086613
 31
0
  0
LINE
  5
1126
330
1A
100
AcDbEntity
  8
BLACK
  6
CONTINUOUS
100
AcDbLine
 10
1.0502952755905512
 20
1.1778543307086613
 30
0
 11
1.0502952755905512
 21
1.3097440944881888
 31
0
  0
LINE
  5
1127
330
1A
100
AcDbEntity
  8
BLACK
  6
CONTINUOUS
100
AcDbLine
 10
1.0502952755905512
 20
1.3097440944881888
 30
0
 11
0.8908464566929134
 21
1.3097440944881888
 31
0
  0
LINE
  5
1128
330
1A
100
AcDbEntity
  8
BLACK
  6
CONTINUOUS
100
AcDbLine
 10
1.3070695669291339
 20
1.2595707480314959
 30
0
 11
1.3076022440944881
 21
1.2590380708661417
 31
0
  0
LINE
  5
1129
330
1A
100
AcDbEntity
  8
BLACK
  6
CONTINUOUS
100
AcDbLine
 10
1.3076022440944881
 20
1.2590380708661417
 30
0
 11
1.3076771653543307
 21
1.2586614173228345
 31
0
  0
LINE
  5
112A
330
1A
100
AcDbEntity
  8
BLACK
  6
CONTINUOUS
100
AcDbLine
 10
1.3076771653543307
 20
1.2586614173228345
 30
0
 11
1.3076771653543307
 21
1.1814960629921261
 31
0
  0
LINE
  5
112B
330
1A
100
AcDbEntity
  8
BLACK
  6
CONTINUOUS
100
AcDbLine
 10
1.3076771653543307
 20
1.1814960629921261
 30
0
 11
1.3076022440944881
 21
1.1811194094488189
 31
0
  0
LINE
  5
112C
330
1A
100
AcDbEntity
  8
BLACK
  6
CONTINUOUS
100
AcDbLine
 10
1.3076022440944881
 20
1.1811194094488189
 30
0
 11
1.3070695669291339
 21
1.1805867322834644
 31
0
  0
LINE
  5
112D
330
1A
100
AcDbEntity
  8
BLACK
  6
CONTINUOUS
100
AcDbLine
 10
1.3070695669291339
 20
1.1805867322834644
 30
0
 11
1.3066929133858267
 21
1.1805118110236221
 31
0
  0
LINE
  5
112E
330
1A
100
AcDbEntity
  8
BLACK
  6
CONTINUOUS
100
AcDbLine
 10
1.3066929133858267
 20
1.1805118110236221
 30
0
 11
1.1728346456692913
 21
1.1805118110236221
 31
0
  0
LINE
  5
112F
330
1A
100
AcDbEntity
  8
BLACK
  6
CONTINUOUS
100
AcDbLine
 10
1.1728346456692913
 20
1.1805118110236221
 30
0
 11
1.1724579921259841
 21
1.1805867322834644
 31
0
  0
LINE
  5
1130
330
1A
100
AcDbEntity
  8
BLACK
  6
CONTINUOUS
100
AcDbLine
 10
1.1724579921259841
 20
1.1805867322834644
 30
0
 11
1.1719253149606299
 21
1.1811194094488189
 31
0
  0
LINE
  5
1131
330
1A
100
AcDbEntity
  8
BLACK
  6
CONTINUOUS
100
AcDbLine
 10
1.1719253149606299
 20
1.1811194094488189
 30
0
 11
1.1718503937007874
 21
1.1814960629921261
 31
0
  0
LINE
  5
1132
330
1A
100
AcDbEntity
  8
BLACK
  6
CONTINUOUS
100
AcDbLine
 10
1.1718503937007874
 20
1.1814960629921261
 30
0
 11
1.1718503937007874
 21
1.2586614173228345
 31
0
  0
LINE
  5
1133
330
1A
100
AcDbEntity
  8
BLACK
  6
CONTINUOUS
100
AcDbLine
 10
1.1718503937007874
 20
1.2586614173228345
 30
0
 11
1.1719253149606299
 21
1.2590380708661417
 31
0
  0
LINE
  5
1134
330
1A
100
AcDbEntity
  8
BLACK
  6
CONTINUOUS
100
AcDbLine
 10
1.1719253149606299
 20
1.2590380708661417
 30
0
 11
1.1724579921259841
 21
1.2595707480314959
 31
0
  0
LINE
  5
1135
330
1A
100
AcDbEntity
  8
BLACK
  6
CONTINUOUS
100
AcDbLine
 10
1.1724579921259841
 20
1.2595707480314959
 30
0
 11
1.1728346456692913
 21
1.2596456692913385
 31
0
  0
LINE
  5
1136
330
1A
100
AcDbEntity
  8
BLACK
  6
CONTINUOUS
100
AcDbLine
 10
1.1728346456692913
 20
1.2596456692913385
 30
0
 11
1.3066929133858267
 21
1.2596456692913385
 31
0
  0
LINE
  5
1137
330
1A
100
AcDbEntity
  8
BLACK
  6
CONTINUOUS
100
AcDbLine
 10
1.3066929133858267
 20
1.2596456692913385
 30
0
 11
1.3070695669291339
 21
1.2595707480314959
 31
0
  0
LINE
  5
1138
330
1A
100
AcDbEntity
  8
BLACK
  6
CONTINUOUS
100
AcDbLine
 10
1.1738188976377952
 20
1.2576771653543306
 30
0
 11
1.1738188976377952
 21
1.18248031496063
 31
0
  0
LINE
  5
1139
330
1A
100
AcDbEntity
  8
BLACK
  6
CONTINUOUS
100
AcDbLine
 10
1.1738188976377952
 20
1.18248031496063
 30
0
 11
1.3057086614173228
 21
1.18248031496063
 31
0
  0
LINE
  5
113A
330
1A
100
AcDbEntity
  8
BLACK
  6
CONTINUOUS
100
AcDbLine
 10
1.3057086614173228
 20
1.18248031496063
 30
0
 11
1.3057086614173228
 21
1.2576771653543306
 31
0
  0
LINE
  5
113B
330
1A
100
AcDbEntity
  8
BLACK
  6
CONTINUOUS
100
AcDbLine
 10
1.3057086614173228
 20
1.2576771653543306
 30
0
 11
1.1738188976377952
 21
1.2576771653543306
 31
0
  0
LINE
  5
113C
330
1A
100
AcDbEntity
  8
BLACK
  6
CONTINUOUS
100
AcDbLine
 10
2.084285472440945
 20
1.2198518110236221
 30
0
 11
2.0845985039370079
 21
1.2198123228346456
 31
0
  0
LINE
  5
113D
330
1A
100
AcDbEntity
  8
BLACK
  6
CONTINUOUS
100
AcDbLine
 10
2.0845985039370079
 20
1.2198123228346456
 30
0
 11
2.0874106299212598
 21
1.2188749212598424
 31
0
  0
LINE
  5
113E
330
1A
100
AcDbEntity
  8
BLACK
  6
CONTINUOUS
100
AcDbLine
 10
2.0874106299212598
 20
1.2188749212598424
 30
0
 11
2.0874962598425197
 21
1.2188261023622047
 31
0
  0
LINE
  5
113F
330
1A
100
AcDbEntity
  8
BLACK
  6
CONTINUOUS
100
AcDbLine
 10
2.0874962598425197
 20
1.2188261023622047
 30
0
 11
2.0875414173228344
 21
1.2188261023622047
 31
0
  0
LINE
  5
1140
330
1A
100
AcDbEntity
  8
BLACK
  6
CONTINUOUS
100
AcDbLine
 10
2.0875414173228344
 20
1.2188261023622047
 30
0
 11
2.087803779527559
 21
1.2186507874015748
 31
0
  0
LINE
  5
1141
330
1A
100
AcDbEntity
  8
BLACK
  6
CONTINUOUS
100
AcDbLine
 10
2.087803779527559
 20
1.2186507874015748
 30
0
 11
2.088077874015748
 21
1.2184945275590551
 31
0
  0
LINE
  5
1142
330
1A
100
AcDbEntity
  8
BLACK
  6
CONTINUOUS
100
AcDbLine
 10
2.088077874015748
 20
1.2184945275590551
 30
0
 11
2.0880980314960631
 21
1.2184541732283465
 31
0
  0
LINE
  5
1143
330
1A
100
AcDbEntity
  8
BLACK
  6
CONTINUOUS
100
AcDbLine
 10
2.0880980314960631
 20
1.2184541732283465
 30
0
 11
2.0881800393700787
 21
1.2183993700787401
 31
0
  0
LINE
  5
1144
330
1A
100
AcDbEntity
  8
BLACK
  6
CONTINUOUS
100
AcDbLine
 10
2.0881800393700787
 20
1.2183993700787401
 30
0
 11
2.0900548031496062
 21
1.2165246456692913
 31
0
  0
LINE
  5
1145
330
1A
100
AcDbEntity
  8
BLACK
  6
CONTINUOUS
100
AcDbLine
 10
2.0900548031496062
 20
1.2165246456692913
 30
0
 11
2.090230157480315
 21
1.2162622047244094
 31
0
  0
LINE
  5
1146
330
1A
100
AcDbEntity
  8
BLACK
  6
CONTINUOUS
100
AcDbLine
 10
2.090230157480315
 20
1.2162622047244094
 30
0
 11
2.0904235433070864
 21
1.2160130314960629
 31
0
  0
LINE
  5
1147
330
1A
100
AcDbEntity
  8
BLACK
  6
CONTINUOUS
100
AcDbLine
 10
2.0904235433070864
 20
1.2160130314960629
 30
0
 11
2.0913609448818895
 21
1.2141382677165353
 31
0
  0
LINE
  5
1148
330
1A
100
AcDbEntity
  8
BLACK
  6
CONTINUOUS
100
AcDbLine
 10
2.0913609448818895
 20
1.2141382677165353
 30
0
 11
2.0914178740157481
 21
1.2139303543307087
 31
0
  0
LINE
  5
1149
330
1A
100
AcDbEntity
  8
BLACK
  6
CONTINUOUS
100
AcDbLine
 10
2.0914178740157481
 20
1.2139303543307087
 30
0
 11
2.09151
 21
1.2137353543307086
 31
0
  0
LINE
  5
114A
330
1A
100
AcDbEntity
  8
BLACK
  6
CONTINUOUS
100
AcDbLine
 10
2.09151
 20
1.2137353543307086
 30
0
 11
2.0924473622047244
 21
1.2099858267716534
 31
0
  0
LINE
  5
114B
330
1A
100
AcDbEntity
  8
BLACK
  6
CONTINUOUS
100
AcDbLine
 10
2.0924473622047244
 20
1.2099858267716534
 30
0
 11
2.0924590551181104
 21
1.2097450000000001
 31
0
  0
LINE
  5
114C
330
1A
100
AcDbEntity
  8
BLACK
  6
CONTINUOUS
100
AcDbLine
 10
2.0924590551181104
 20
1.2097450000000001
 30
0
 11
2.0925061417322834
 21
1.2095083858267717
 31
0
  0
LINE
  5
114D
330
1A
100
AcDbEntity
  8
BLACK
  6
CONTINUOUS
100
AcDbLine
 10
2.0925061417322834
 20
1.2095083858267717
 30
0
 11
2.0925061417322834
 21
1.2066962598425197
 31
0
  0
LINE
  5
114E
330
1A
100
AcDbEntity
  8
BLACK
  6
CONTINUOUS
100
AcDbLine
 10
2.0925061417322834
 20
1.2066962598425197
 30
0
 11
2.0924590551181104
 21
1.2064596850393701
 31
0
  0
LINE
  5
114F
330
1A
100
AcDbEntity
  8
BLACK
  6
CONTINUOUS
100
AcDbLine
 10
2.0924590551181104
 20
1.2064596850393701
 30
0
 11
2.0924473622047244
 21
1.2062188188976377
 31
0
  0
LINE
  5
1150
330
1A
100
AcDbEntity
  8
BLACK
  6
CONTINUOUS
100
AcDbLine
 10
2.0924473622047244
 20
1.2062188188976377
 30
0
 11
2.09151
 21
1.2024692913385826
 31
0
  0
LINE
  5
1151
330
1A
100
AcDbEntity
  8
BLACK
  6
CONTINUOUS
100
AcDbLine
 10
2.09151
 20
1.2024692913385826
 30
0
 11
2.0914178740157481
 21
1.2022743307086614
 31
0
  0
LINE
  5
1152
330
1A
100
AcDbEntity
  8
BLACK
  6
CONTINUOUS
100
AcDbLine
 10
2.0914178740157481
 20
1.2022743307086614
 30
0
 11
2.0913609448818895
 21
1.2020663779527558
 31
0
  0
LINE
  5
1153
330
1A
100
AcDbEntity
  8
BLACK
  6
CONTINUOUS
100
AcDbLine
 10
2.0913609448818895
 20
1.2020663779527558
 30
0
 11
2.0904235433070864
 21
1.2001916141732283
 31
0
  0
LINE
  5
1154
330
1A
100
AcDbEntity
  8
BLACK
  6
CONTINUOUS
100
AcDbLine
 10
2.0904235433070864
 20
1.2001916141732283
 30
0
 11
2.090230157480315
 21
1.1999424803149605
 31
0
  0
LINE
  5
1155
330
1A
100
AcDbEntity
  8
BLACK
  6
CONTINUOUS
100
AcDbLine
 10
2.090230157480315
 20
1.1999424803149605
 30
0
 11
2.090054842519685
 21
1.1996800393700786
 31
0
  0
LINE
  5
1156
330
1A
100
AcDbEntity
  8
BLACK
  6
CONTINUOUS
100
AcDbLine
 10
2.090054842519685
 20
1.1996800393700786
 30
0
 11
2.0881800787401574
 21
1.1978052362204725
 31
0
  0
LINE
  5
1157
330
1A
100
AcDbEntity
  8
BLACK
  6
CONTINUOUS
100
AcDbLine
 10
2.0881800787401574
 20
1.1978052362204725
 30
0
 11
2.0880980708661419
 21
1.1977504724409449
 31
0
  0
LINE
  5
1158
330
1A
100
AcDbEntity
  8
BLACK
  6
CONTINUOUS
100
AcDbLine
 10
2.0880980708661419
 20
1.1977504724409449
 30
0
 11
2.088077874015748
 21
1.1977100393700788
 31
0
  0
LINE
  5
1159
330
1A
100
AcDbEntity
  8
BLACK
  6
CONTINUOUS
100
AcDbLine
 10
2.088077874015748
 20
1.1977100393700788
 30
0
 11
2.0878038188976378
 21
1.1975538582677165
 31
0
  0
LINE
  5
115A
330
1A
100
AcDbEntity
  8
BLACK
  6
CONTINUOUS
100
AcDbLine
 10
2.0878038188976378
 20
1.1975538582677165
 30
0
 11
2.0875414566929131
 21
1.197378503937008
 31
0
  0
LINE
  5
115B
330
1A
100
AcDbEntity
  8
BLACK
  6
CONTINUOUS
100
AcDbLine
 10
2.0875414566929131
 20
1.197378503937008
 30
0
 11
2.0874962598425197
 21
1.197378503937008
 31
0
  0
LINE
  5
115C
330
1A
100
AcDbEntity
  8
BLACK
  6
CONTINUOUS
100
AcDbLine
 10
2.0874962598425197
 20
1.197378503937008
 30
0
 11
2.0874106299212598
 21
1.19732968503937
 31
0
  0
LINE
  5
115D
330
1A
100
AcDbEntity
  8
BLACK
  6
CONTINUOUS
100
AcDbLine
 10
2.0874106299212598
 20
1.19732968503937
 30
0
 11
2.0845984645669291
 21
1.1963923228346456
 31
0
  0
LINE
  5
115E
330
1A
100
AcDbEntity
  8
BLACK
  6
CONTINUOUS
100
AcDbLine
 10
2.0845984645669291
 20
1.1963923228346456
 30
0
 11
2.0842855118110237
 21
1.1963528740157481
 31
0
  0
LINE
  5
115F
330
1A
100
AcDbEntity
  8
BLACK
  6
CONTINUOUS
100
AcDbLine
 10
2.0842855118110237
 20
1.1963528740157481
 30
0
 11
2.0839759842519685
 21
1.1962912992125985
 31
0
  0
LINE
  5
1160
330
1A
100
AcDbEntity
  8
BLACK
  6
CONTINUOUS
100
AcDbLine
 10
2.0839759842519685
 20
1.1962912992125985
 30
0
 11
2.0792890551181102
 21
1.1962912992125985
 31
0
  0
LINE
  5
1161
330
1A
100
AcDbEntity
  8
BLACK
  6
CONTINUOUS
100
AcDbLine
 10
2.0792890551181102
 20
1.1962912992125985
 30
0
 11
2.0785357480314959
 21
1.1964411417322833
 31
0
  0
LINE
  5
1162
330
1A
100
AcDbEntity
  8
BLACK
  6
CONTINUOUS
100
AcDbLine
 10
2.0785357480314959
 20
1.1964411417322833
 30
0
 11
2.0774703937007875
 21
1.1975064960629922
 31
0
  0
LINE
  5
1163
330
1A
100
AcDbEntity
  8
BLACK
  6
CONTINUOUS
100
AcDbLine
 10
2.0774703937007875
 20
1.1975064960629922
 30
0
 11
2.0773205511811024
 21
1.1982598031496063
 31
0
  0
LINE
  5
1164
330
1A
100
AcDbEntity
  8
BLACK
  6
CONTINUOUS
100
AcDbLine
 10
2.0773205511811024
 20
1.1982598031496063
 30
0
 11
2.0773205511811024
 21
1.217944842519685
 31
0
  0
LINE
  5
1165
330
1A
100
AcDbEntity
  8
BLACK
  6
CONTINUOUS
100
AcDbLine
 10
2.0773205511811024
 20
1.217944842519685
 30
0
 11
2.0774703937007875
 21
1.2186981496062992
 31
0
  0
LINE
  5
1166
330
1A
100
AcDbEntity
  8
BLACK
  6
CONTINUOUS
100
AcDbLine
 10
2.0774703937007875
 20
1.2186981496062992
 30
0
 11
2.0785357480314959
 21
1.2197635039370078
 31
0
  0
LINE
  5
1167
330
1A
100
AcDbEntity
  8
BLACK
  6
CONTINUOUS
100
AcDbLine
 10
2.0785357480314959
 20
1.2197635039370078
 30
0
 11
2.0792890551181102
 21
1.2199133464566929
 31
0
  0
LINE
  5
1168
330
1A
100
AcDbEntity
  8
BLACK
  6
CONTINUOUS
100
AcDbLine
 10
2.0792890551181102
 20
1.2199133464566929
 30
0
 11
2.0839759842519685
 21
1.2199133464566929
 31
0
  0
LINE
  5
1169
330
1A
100
AcDbEntity
  8
BLACK
  6
CONTINUOUS
100
AcDbLine
 10
2.0839759842519685
 20
1.2199133464566929
 30
0
 11
2.084285472440945
 21
1.2198518110236221
 31
0
  0
LINE
  5
116A
330
1A
100
AcDbEntity
  8
BLACK
  6
CONTINUOUS
100
AcDbLine
 10
2.0812575590551181
 20
1.2002283070866142
 30
0
 11
2.0836565748031495
 21
1.2002283070866142
 31
0
  0
LINE
  5
116B
330
1A
100
AcDbEntity
  8
BLACK
  6
CONTINUOUS
100
AcDbLine
 10
2.0836565748031495
 20
1.2002283070866142
 30
0
 11
2.08572468503937
 21
1.2009176771653542
 31
0
  0
LINE
  5
116C
330
1A
100
AcDbEntity
  8
BLACK
  6
CONTINUOUS
100
AcDbLine
 10
2.08572468503937
 20
1.2009176771653542
 30
0
 11
2.0870450787401573
 21
1.2022380708661418
 31
0
  0
LINE
  5
116D
330
1A
100
AcDbEntity
  8
BLACK
  6
CONTINUOUS
100
AcDbLine
 10
2.0870450787401573
 20
1.2022380708661418
 30
0
 11
2.0877429133858265
 21
1.2036338188976379
 31
0
  0
LINE
  5
116E
330
1A
100
AcDbEntity
  8
BLACK
  6
CONTINUOUS
100
AcDbLine
 10
2.0877429133858265
 20
1.2036338188976379
 30
0
 11
2.0885691338582677
 21
1.2069385826771653
 31
0
  0
LINE
  5
116F
330
1A
100
AcDbEntity
  8
BLACK
  6
CONTINUOUS
100
AcDbLine
 10
2.0885691338582677
 20
1.2069385826771653
 30
0
 11
2.0885691338582677
 21
1.2092661023622047
 31
0
  0
LINE
  5
1170
330
1A
100
AcDbEntity
  8
BLACK
  6
CONTINUOUS
100
AcDbLine
 10
2.0885691338582677
 20
1.2092661023622047
 30
0
 11
2.0877429133858265
 21
1.2125708661417323
 31
0
  0
LINE
  5
1171
330
1A
100
AcDbEntity
  8
BLACK
  6
CONTINUOUS
100
AcDbLine
 10
2.0877429133858265
 20
1.2125708661417323
 30
0
 11
2.0870450787401573
 21
1.2139666141732284
 31
0
  0
LINE
  5
1172
330
1A
100
AcDbEntity
  8
BLACK
  6
CONTINUOUS
100
AcDbLine
 10
2.0870450787401573
 20
1.2139666141732284
 30
0
 11
2.0857247637795275
 21
1.2152869291338582
 31
0
  0
LINE
  5
1173
330
1A
100
AcDbEntity
  8
BLACK
  6
CONTINUOUS
100
AcDbLine
 10
2.0857247637795275
 20
1.2152869291338582
 30
0
 11
2.0836565354330707
 21
1.2159763385826772
 31
0
  0
LINE
  5
1174
330
1A
100
AcDbEntity
  8
BLACK
  6
CONTINUOUS
100
AcDbLine
 10
2.0836565354330707
 20
1.2159763385826772
 30
0
 11
2.0812575590551181
 21
1.2159763385826772
 31
0
  0
LINE
  5
1175
330
1A
100
AcDbEntity
  8
BLACK
  6
CONTINUOUS
100
AcDbLine
 10
2.0812575590551181
 20
1.2159763385826772
 30
0
 11
2.0812575590551181
 21
1.2002283070866142
 31
0
  0
LINE
  5
1176
330
1A
100
AcDbEntity
  8
BLACK
  6
CONTINUOUS
100
AcDbLine
 10
2.1067826377952756
 20
1.2198518110236221
 30
0
 11
2.1070956692913385
 21
1.2198123228346456
 31
0
  0
LINE
  5
1177
330
1A
100
AcDbEntity
  8
BLACK
  6
CONTINUOUS
100
AcDbLine
 10
2.1070956692913385
 20
1.2198123228346456
 30
0
 11
2.1099078346456692
 21
1.2188749212598424
 31
0
  0
LINE
  5
1178
330
1A
100
AcDbEntity
  8
BLACK
  6
CONTINUOUS
100
AcDbLine
 10
2.1099078346456692
 20
1.2188749212598424
 30
0
 11
2.1099934645669292
 21
1.2188261023622047
 31
0
  0
LINE
  5
1179
330
1A
100
AcDbEntity
  8
BLACK
  6
CONTINUOUS
100
AcDbLine
 10
2.1099934645669292
 20
1.2188261023622047
 30
0
 11
2.1100386220472442
 21
1.2188261023622047
 31
0
  0
LINE
  5
117A
330
1A
100
AcDbEntity
  8
BLACK
  6
CONTINUOUS
100
AcDbLine
 10
2.1100386220472442
 20
1.2188261023622047
 30
0
 11
2.1103007480314959
 21
1.2186509448818896
 31
0
  0
LINE
  5
117B
330
1A
100
AcDbEntity
  8
BLACK
  6
CONTINUOUS
100
AcDbLine
 10
2.1103007480314959
 20
1.2186509448818896
 30
0
 11
2.1105750787401574
 21
1.2184945669291338
 31
0
  0
LINE
  5
117C
330
1A
100
AcDbEntity
  8
BLACK
  6
CONTINUOUS
100
AcDbLine
 10
2.1105750787401574
 20
1.2184945669291338
 30
0
 11
2.1105952755905513
 21
1.2184541338582677
 31
0
  0
LINE
  5
117D
330
1A
100
AcDbEntity
  8
BLACK
  6
CONTINUOUS
100
AcDbLine
 10
2.1105952755905513
 20
1.2184541338582677
 30
0
 11
2.1106772440944881
 21
1.2183993700787401
 31
0
  0
LINE
  5
117E
330
1A
100
AcDbEntity
  8
BLACK
  6
CONTINUOUS
100
AcDbLine
 10
2.1106772440944881
 20
1.2183993700787401
 30
0
 11
2.1116146062992125
 21
1.2174620078740157
 31
0
  0
LINE
  5
117F
330
1A
100
AcDbEntity
  8
BLACK
  6
CONTINUOUS
100
AcDbLine
 10
2.1116146062992125
 20
1.2174620078740157
 30
0
 11
2.1120413385826771
 21
1.2168233858267716
 31
0
  0
LINE
  5
1180
330
1A
100
AcDbEntity
  8
BLACK
  6
CONTINUOUS
100
AcDbLine
 10
2.1120413385826771
 20
1.2168233858267716
 30
0
 11
2.1120413385826771
 21
1.2153167716535433
 31
0
  0
LINE
  5
1181
330
1A
100
AcDbEntity
  8
BLACK
  6
CONTINUOUS
100
AcDbLine
 10
2.1120413385826771
 20
1.2153167716535433
 30
0
 11
2.1109759842519686
 21
1.2142514173228347
 31
0
  0
LINE
  5
1182
330
1A
100
AcDbEntity
  8
BLACK
  6
CONTINUOUS
100
AcDbLine
 10
2.1109759842519686
 20
1.2142514173228347
 30
0
 11
2.1094693700787399
 21
1.2142514173228347
 31
0
  0
LINE
  5
1183
330
1A
100
AcDbEntity
  8
BLACK
  6
CONTINUOUS
100
AcDbLine
 10
2.1094693700787399
 20
1.2142514173228347
 30
0
 11
2.1088307480314961
 21
1.2146781496062993
 31
0
  0
LINE
  5
1184
330
1A
100
AcDbEntity
  8
BLACK
  6
CONTINUOUS
100
AcDbLine
 10
2.1088307480314961
 20
1.2146781496062993
 30
0
 11
2.1082219685039369
 21
1.2152869291338582
 31
0
  0
LINE
  5
1185
330
1A
100
AcDbEntity
  8
BLACK
  6
CONTINUOUS
100
AcDbLine
 10
2.1082219685039369
 20
1.2152869291338582
 30
0
 11
2.1061537007874014
 21
1.2159763385826772
 31
0
  0
LINE
  5
1186
330
1A
100
AcDbEntity
  8
BLACK
  6
CONTINUOUS
100
AcDbLine
 10
2.1061537007874014
 20
1.2159763385826772
 30
0
 11
2.1049178346456694
 21
1.2159763385826772
 31
0
  0
LINE
  5
1187
330
1A
100
AcDbEntity
  8
BLACK
  6
CONTINUOUS
100
AcDbLine
 10
2.1049178346456694
 20
1.2159763385826772
 30
0
 11
2.1028496062992126
 21
1.2152869291338582
 31
0
  0
LINE
  5
1188
330
1A
100
AcDbEntity
  8
BLACK
  6
CONTINUOUS
100
AcDbLine
 10
2.1028496062992126
 20
1.2152869291338582
 30
0
 11
2.1015292913385828
 21
1.2139666535433071
 31
0
  0
LINE
  5
1189
330
1A
100
AcDbEntity
  8
BLACK
  6
CONTINUOUS
100
AcDbLine
 10
2.1015292913385828
 20
1.2139666535433071
 30
0
 11
2.1008314173228344
 21
1.2125708661417323
 31
0
  0
LINE
  5
118A
330
1A
100
AcDbEntity
  8
BLACK
  6
CONTINUOUS
100
AcDbLine
 10
2.1008314173228344
 20
1.2125708661417323
 30
0
 11
2.1000052362204724
 21
1.2092661023622047
 31
0
  0
LINE
  5
118B
330
1A
100
AcDbEntity
  8
BLACK
  6
CONTINUOUS
100
AcDbLine
 10
2.1000052362204724
 20
1.2092661023622047
 30
0
 11
2.1000052362204724
 21
1.2069385826771653
 31
0
  0
LINE
  5
118C
330
1A
100
AcDbEntity
  8
BLACK
  6
CONTINUOUS
100
AcDbLine
 10
2.1000052362204724
 20
1.2069385826771653
 30
0
 11
2.1008314173228344
 21
1.2036338188976379
 31
0
  0
LINE
  5
118D
330
1A
100
AcDbEntity
  8
BLACK
  6
CONTINUOUS
100
AcDbLine
 10
2.1008314173228344
 20
1.2036338188976379
 30
0
 11
2.101529251968504
 21
1.2022380708661418
 31
0
  0
LINE
  5
118E
330
1A
100
AcDbEntity
  8
BLACK
  6
CONTINUOUS
100
AcDbLine
 10
2.101529251968504
 20
1.2022380708661418
 30
0
 11
2.1028496456692913
 21
1.200917716535433
 31
0
  0
LINE
  5
118F
330
1A
100
AcDbEntity
  8
BLACK
  6
CONTINUOUS
100
AcDbLine
 10
2.1028496456692913
 20
1.200917716535433
 30
0
 11
2.1049178346456694
 21
1.2002283070866142
 31
0
  0
LINE
  5
1190
330
1A
100
AcDbEntity
  8
BLACK
  6
CONTINUOUS
100
AcDbLine
 10
2.1049178346456694
 20
1.2002283070866142
 30
0
 11
2.1061537401574801
 21
1.2002283070866142
 31
0
  0
LINE
  5
1191
330
1A
100
AcDbEntity
  8
BLACK
  6
CONTINUOUS
100
AcDbLine
 10
2.1061537401574801
 20
1.2002283070866142
 30
0
 11
2.1082218897637794
 21
1.2009176771653542
 31
0
  0
LINE
  5
1192
330
1A
100
AcDbEntity
  8
BLACK
  6
CONTINUOUS
100
AcDbLine
 10
2.1082218897637794
 20
1.2009176771653542
 30
0
 11
2.1088307086614173
 21
1.2015264960629921
 31
0
  0
LINE
  5
1193
330
1A
100
AcDbEntity
  8
BLACK
  6
CONTINUOUS
100
AcDbLine
 10
2.1088307086614173
 20
1.2015264960629921
 30
0
 11
2.1094693307086612
 21
1.2019532283464567
 31
0
  0
LINE
  5
1194
330
1A
100
AcDbEntity
  8
BLACK
  6
CONTINUOUS
100
AcDbLine
 10
2.1094693307086612
 20
1.2019532283464567
 30
0
 11
2.1109759842519686
 21
1.2019532283464567
 31
0
  0
LINE
  5
1195
330
1A
100
AcDbEntity
  8
BLACK
  6
CONTINUOUS
100
AcDbLine
 10
2.1109759842519686
 20
1.2019532283464567
 30
0
 11
2.1120413385826771
 21
1.2008879133858268
 31
0
  0
LINE
  5
1196
330
1A
100
AcDbEntity
  8
BLACK
  6
CONTINUOUS
100
AcDbLine
 10
2.1120413385826771
 20
1.2008879133858268
 30
0
 11
2.1120413385826771
 21
1.1993812992125985
 31
0
  0
LINE
  5
1197
330
1A
100
AcDbEntity
  8
BLACK
  6
CONTINUOUS
100
AcDbLine
 10
2.1120413385826771
 20
1.1993812992125985
 30
0
 11
2.1116146456692912
 21
1.1987426771653542
 31
0
  0
LINE
  5
1198
330
1A
100
AcDbEntity
  8
BLACK
  6
CONTINUOUS
100
AcDbLine
 10
2.1116146456692912
 20
1.1987426771653542
 30
0
 11
2.1106772834645668
 21
1.1978052362204725
 31
0
  0
LINE
  5
1199
330
1A
100
AcDbEntity
  8
BLACK
  6
CONTINUOUS
100
AcDbLine
 10
2.1106772834645668
 20
1.1978052362204725
 30
0
 11
2.1105952755905513
 21
1.1977504724409449
 31
0
  0
LINE
  5
119A
330
1A
100
AcDbEntity
  8
BLACK
  6
CONTINUOUS
100
AcDbLine
 10
2.1105952755905513
 20
1.1977504724409449
 30
0
 11
2.1105750787401574
 21
1.1977100393700788
 31
0
  0
LINE
  5
119B
330
1A
100
AcDbEntity
  8
BLACK
  6
CONTINUOUS
100
AcDbLine
 10
2.1105750787401574
 20
1.1977100393700788
 30
0
 11
2.1103008661417322
 21
1.197553779527559
 31
0
  0
LINE
  5
119C
330
1A
100
AcDbEntity
  8
BLACK
  6
CONTINUOUS
100
AcDbLine
 10
2.1103008661417322
 20
1.197553779527559
 30
0
 11
2.110038661417323
 21
1.1973785433070865
 31
0
  0
LINE
  5
119D
330
1A
100
AcDbEntity
  8
BLACK
  6
CONTINUOUS
100
AcDbLine
 10
2.110038661417323
 20
1.1973785433070865
 30
0
 11
2.1099935039370079
 21
1.1973785433070865
 31
0
  0
LINE
  5
119E
330
1A
100
AcDbEntity
  8
BLACK
  6
CONTINUOUS
100
AcDbLine
 10
2.1099935039370079
 20
1.1973785433070865
 30
0
 11
2.1099077952755905
 21
1.19732968503937
 31
0
  0
LINE
  5
119F
330
1A
100
AcDbEntity
  8
BLACK
  6
CONTINUOUS
100
AcDbLine
 10
2.1099077952755905
 20
1.19732968503937
 30
0
 11
2.1070956299212598
 21
1.1963923228346456
 31
0
  0
LINE
  5
11A0
330
1A
100
AcDbEntity
  8
BLACK
  6
CONTINUOUS
100
AcDbLine
 10
2.1070956299212598
 20
1.1963923228346456
 30
0
 11
2.1067827165354331
 21
1.1963529133858268
 31
0
  0
LINE
  5
11A1
330
1A
100
AcDbEntity
  8
BLACK
  6
CONTINUOUS
100
AcDbLine
 10
2.1067827165354331
 20
1.1963529133858268
 30
0
 11
2.1064731496062992
 21
1.1962912992125985
 31
0
  0
LINE
  5
11A2
330
1A
100
AcDbEntity
  8
BLACK
  6
CONTINUOUS
100
AcDbLine
 10
2.1064731496062992
 20
1.1962912992125985
 30
0
 11
2.1045983858267716
 21
1.1962912992125985
 31
0
  0
LINE
  5
11A3
330
1A
100
AcDbEntity
  8
BLACK
  6
CONTINUOUS
100
AcDbLine
 10
2.1045983858267716
 20
1.1962912992125985
 30
0
 11
2.1042887795275589
 21
1.1963529133858268
 31
0
  0
LINE
  5
11A4
330
1A
100
AcDbEntity
  8
BLACK
  6
CONTINUOUS
100
AcDbLine
 10
2.1042887795275589
 20
1.1963529133858268
 30
0
 11
2.103975905511811
 21
1.1963923228346456
 31
0
  0
LINE
  5
11A5
330
1A
100
AcDbEntity
  8
BLACK
  6
CONTINUOUS
100
AcDbLine
 10
2.103975905511811
 20
1.1963923228346456
 30
0
 11
2.1011637795275591
 21
1.19732968503937
 31
0
  0
LINE
  5
11A6
330
1A
100
AcDbEntity
  8
BLACK
  6
CONTINUOUS
100
AcDbLine
 10
2.1011637795275591
 20
1.19732968503937
 30
0
 11
2.1010781496062991
 21
1.197378503937008
 31
0
  0
LINE
  5
11A7
330
1A
100
AcDbEntity
  8
BLACK
  6
CONTINUOUS
100
AcDbLine
 10
2.1010781496062991
 20
1.197378503937008
 30
0
 11
2.1010329133858265
 21
1.197378503937008
 31
0
  0
LINE
  5
11A8
330
1A
100
AcDbEntity
  8
BLACK
  6
CONTINUOUS
100
AcDbLine
 10
2.1010329133858265
 20
1.197378503937008
 30
0
 11
2.1007704330708661
 21
1.1975538976377953
 31
0
  0
LINE
  5
11A9
330
1A
100
AcDbEntity
  8
BLACK
  6
CONTINUOUS
100
AcDbLine
 10
2.1007704330708661
 20
1.1975538976377953
 30
0
 11
2.1004964960629922
 21
1.1977100393700788
 31
0
  0
LINE
  5
11AA
330
1A
100
AcDbEntity
  8
BLACK
  6
CONTINUOUS
100
AcDbLine
 10
2.1004964960629922
 20
1.1977100393700788
 30
0
 11
2.1004762598425195
 21
1.1977504724409449
 31
0
  0
LINE
  5
11AB
330
1A
100
AcDbEntity
  8
BLACK
  6
CONTINUOUS
100
AcDbLine
 10
2.1004762598425195
 20
1.1977504724409449
 30
0
 11
2.1003942913385827
 21
1.1978052362204725
 31
0
  0
LINE
  5
11AC
330
1A
100
AcDbEntity
  8
BLACK
  6
CONTINUOUS
100
AcDbLine
 10
2.1003942913385827
 20
1.1978052362204725
 30
0
 11
2.0985195275590551
 21
1.1996800393700786
 31
0
  0
LINE
  5
11AD
330
1A
100
AcDbEntity
  8
BLACK
  6
CONTINUOUS
100
AcDbLine
 10
2.0985195275590551
 20
1.1996800393700786
 30
0
 11
2.0983441732283463
 21
1.1999424803149605
 31
0
  0
LINE
  5
11AE
330
1A
100
AcDbEntity
  8
BLACK
  6
CONTINUOUS
100
AcDbLine
 10
2.0983441732283463
 20
1.1999424803149605
 30
0
 11
2.0981508267716533
 21
1.2001916141732283
 31
0
  0
LINE
  5
11AF
330
1A
100
AcDbEntity
  8
BLACK
  6
CONTINUOUS
100
AcDbLine
 10
2.0981508267716533
 20
1.2001916141732283
 30
0
 11
2.0972134251968502
 21
1.2020663779527558
 31
0
  0
LINE
  5
11B0
330
1A
100
AcDbEntity
  8
BLACK
  6
CONTINUOUS
100
AcDbLine
 10
2.0972134251968502
 20
1.2020663779527558
 30
0
 11
2.0971564566929133
 21
1.2022743307086614
 31
0
  0
LINE
  5
11B1
330
1A
100
AcDbEntity
  8
BLACK
  6
CONTINUOUS
100
AcDbLine
 10
2.0971564566929133
 20
1.2022743307086614
 30
0
 11
2.0970643700787401
 21
1.2024692913385826
 31
0
  0
LINE
  5
11B2
330
1A
100
AcDbEntity
  8
BLACK
  6
CONTINUOUS
100
AcDbLine
 10
2.0970643700787401
 20
1.2024692913385826
 30
0
 11
2.0961270078740157
 21
1.2062188188976377
 31
0
  0
LINE
  5
11B3
330
1A
100
AcDbEntity
  8
BLACK
  6
CONTINUOUS
100
AcDbLine
 10
2.0961270078740157
 20
1.2062188188976377
 30
0
 11
2.096115275590551
 21
1.2064596850393701
 31
0
  0
LINE
  5
11B4
330
1A
100
AcDbEntity
  8
BLACK
  6
CONTINUOUS
100
AcDbLine
 10
2.096115275590551
 20
1.2064596850393701
 30
0
 11
2.0960682283464567
 21
1.2066962598425197
 31
0
  0
LINE
  5
11B5
330
1A
100
AcDbEntity
  8
BLACK
  6
CONTINUOUS
100
AcDbLine
 10
2.0960682283464567
 20
1.2066962598425197
 30
0
 11
2.0960682283464567
 21
1.2095083858267717
 31
0
  0
LINE
  5
11B6
330
1A
100
AcDbEntity
  8
BLACK
  6
CONTINUOUS
100
AcDbLine
 10
2.0960682283464567
 20
1.2095083858267717
 30
0
 11
2.096115275590551
 21
1.2097450000000001
 31
0
  0
LINE
  5
11B7
330
1A
100
AcDbEntity
  8
BLACK
  6
CONTINUOUS
100
AcDbLine
 10
2.096115275590551
 20
1.2097450000000001
 30
0
 11
2.0961270078740157
 21
1.2099858267716534
 31
0
  0
LINE
  5
11B8
330
1A
100
AcDbEntity
  8
BLACK
  6
CONTINUOUS
100
AcDbLine
 10
2.0961270078740157
 20
1.2099858267716534
 30
0
 11
2.0970643700787401
 21
1.2137353543307086
 31
0
  0
LINE
  5
11B9
330
1A
100
AcDbEntity
  8
BLACK
  6
CONTINUOUS
100
AcDbLine
 10
2.0970643700787401
 20
1.2137353543307086
 30
0
 11
2.0971564566929133
 21
1.2139303543307087
 31
0
  0
LINE
  5
11BA
330
1A
100
AcDbEntity
  8
BLACK
  6
CONTINUOUS
100
AcDbLine
 10
2.0971564566929133
 20
1.2139303543307087
 30
0
 11
2.0972134251968502
 21
1.2141382677165353
 31
0
  0
LINE
  5
11BB
330
1A
100
AcDbEntity
  8
BLACK
  6
CONTINUOUS
100
AcDbLine
 10
2.0972134251968502
 20
1.2141382677165353
 30
0
 11
2.0981508267716533
 21
1.2160130314960629
 31
0
  0
LINE
  5
11BC
330
1A
100
AcDbEntity
  8
BLACK
  6
CONTINUOUS
100
AcDbLine
 10
2.0981508267716533
 20
1.2160130314960629
 30
0
 11
2.0983443307086613
 21
1.2162624409448819
 31
0
  0
LINE
  5
11BD
330
1A
100
AcDbEntity
  8
BLACK
  6
CONTINUOUS
100
AcDbLine
 10
2.0983443307086613
 20
1.2162624409448819
 30
0
 11
2.0985195669291339
 21
1.2165246062992126
 31
0
  0
LINE
  5
11BE
330
1A
100
AcDbEntity
  8
BLACK
  6
CONTINUOUS
100
AcDbLine
 10
2.0985195669291339
 20
1.2165246062992126
 30
0
 11
2.1003942913385827
 21
1.2183993700787401
 31
0
  0
LINE
  5
11BF
330
1A
100
AcDbEntity
  8
BLACK
  6
CONTINUOUS
100
AcDbLine
 10
2.1003942913385827
 20
1.2183993700787401
 30
0
 11
2.1004762992125983
 21
1.2184542125984252
 31
0
  0
LINE
  5
11C0
330
1A
100
AcDbEntity
  8
BLACK
  6
CONTINUOUS
100
AcDbLine
 10
2.1004762992125983
 20
1.2184542125984252
 30
0
 11
2.1004964960629922
 21
1.2184945275590551
 31
0
  0
LINE
  5
11C1
330
1A
100
AcDbEntity
  8
BLACK
  6
CONTINUOUS
100
AcDbLine
 10
2.1004964960629922
 20
1.2184945275590551
 30
0
 11
2.1007702755905511
 21
1.2186506299212598
 31
0
  0
LINE
  5
11C2
330
1A
100
AcDbEntity
  8
BLACK
  6
CONTINUOUS
100
AcDbLine
 10
2.1007702755905511
 20
1.2186506299212598
 30
0
 11
2.1010329133858265
 21
1.2188261023622047
 31
0
  0
LINE
  5
11C3
330
1A
100
AcDbEntity
  8
BLACK
  6
CONTINUOUS
100
AcDbLine
 10
2.1010329133858265
 20
1.2188261023622047
 30
0
 11
2.1010781102362204
 21
1.2188261023622047
 31
0
  0
LINE
  5
11C4
330
1A
100
AcDbEntity
  8
BLACK
  6
CONTINUOUS
100
AcDbLine
 10
2.1010781102362204
 20
1.2188261023622047
 30
0
 11
2.1011637401574803
 21
1.2188749212598424
 31
0
  0
LINE
  5
11C5
330
1A
100
AcDbEntity
  8
BLACK
  6
CONTINUOUS
100
AcDbLine
 10
2.1011637401574803
 20
1.2188749212598424
 30
0
 11
2.1039758661417323
 21
1.2198123228346456
 31
0
  0
LINE
  5
11C6
330
1A
100
AcDbEntity
  8
BLACK
  6
CONTINUOUS
100
AcDbLine
 10
2.1039758661417323
 20
1.2198123228346456
 30
0
 11
2.1042888582677164
 21
1.2198518110236221
 31
0
  0
LINE
  5
11C7
330
1A
100
AcDbEntity
  8
BLACK
  6
CONTINUOUS
100
AcDbLine
 10
2.1042888582677164
 20
1.2198518110236221
 30
0
 11
2.1045983858267716
 21
1.2199133464566929
 31
0
  0
LINE
  5
11C8
330
1A
100
AcDbEntity
  8
BLACK
  6
CONTINUOUS
100
AcDbLine
 10
2.1045983858267716
 20
1.2199133464566929
 30
0
 11
2.1064731496062992
 21
1.2199133464566929
 31
0
  0
LINE
  5
11C9
330
1A
100
AcDbEntity
  8
BLACK
  6
CONTINUOUS
100
AcDbLine
 10
2.1064731496062992
 20
1.2199133464566929
 30
0
 11
2.1067826377952756
 21
1.2198518110236221
 31
0
  0
LINE
  5
11CA
330
1A
100
AcDbEntity
  8
BLACK
  6
CONTINUOUS
100
AcDbLine
 10
2.1253175196850393
 20
1.2133324409448818
 30
0
 11
2.1253603543307085
 21
1.2133466929133858
 31
0
  0
LINE
  5
11CB
330
1A
100
AcDbEntity
  8
BLACK
  6
CONTINUOUS
100
AcDbLine
 10
2.1253603543307085
 20
1.2133466929133858
 30
0
 11
2.1256646456692914
 21
1.2132633858267716
 31
0
  0
LINE
  5
11CC
330
1A
100
AcDbEntity
  8
BLACK
  6
CONTINUOUS
100
AcDbLine
 10
2.1256646456692914
 20
1.2132633858267716
 30
0
 11
2.1259741338582678
 21
1.213201811023622
 31
0
  0
LINE
  5
11CD
330
1A
100
AcDbEntity
  8
BLACK
  6
CONTINUOUS
100
AcDbLine
 10
2.1259741338582678
 20
1.213201811023622
 30
0
 11
2.1260060236220473
 21
1.2131699212598426
 31
0
  0
LINE
  5
11CE
330
1A
100
AcDbEntity
  8
BLACK
  6
CONTINUOUS
100
AcDbLine
 10
2.1260060236220473
 20
1.2131699212598426
 30
0
 11
2.1261011417322835
 21
1.2131438582677165
 31
0
  0
LINE
  5
11CF
330
1A
100
AcDbEntity
  8
BLACK
  6
CONTINUOUS
100
AcDbLine
 10
2.1261011417322835
 20
1.2131438582677165
 30
0
 11
2.127975905511811
 21
1.2122064960629921
 31
0
  0
LINE
  5
11D0
330
1A
100
AcDbEntity
  8
BLACK
  6
CONTINUOUS
100
AcDbLine
 10
2.127975905511811
 20
1.2122064960629921
 30
0
 11
2.1285826771653542
 21
1.2117355905511811
 31
0
  0
LINE
  5
11D1
330
1A
100
AcDbEntity
  8
BLACK
  6
CONTINUOUS
100
AcDbLine
 10
2.1285826771653542
 20
1.2117355905511811
 30
0
 11
2.1290591338582678
 21
1.2103062598425196
 31
0
  0
LINE
  5
11D2
330
1A
100
AcDbEntity
  8
BLACK
  6
CONTINUOUS
100
AcDbLine
 10
2.1290591338582678
 20
1.2103062598425196
 30
0
 11
2.1283853543307085
 21
1.2089587007874016
 31
0
  0
LINE
  5
11D3
330
1A
100
AcDbEntity
  8
BLACK
  6
CONTINUOUS
100
AcDbLine
 10
2.1283853543307085
 20
1.2089587007874016
 30
0
 11
2.1269560236220473
 21
1.2084822440944882
 31
0
  0
LINE
  5
11D4
330
1A
100
AcDbEntity
  8
BLACK
  6
CONTINUOUS
100
AcDbLine
 10
2.1269560236220473
 20
1.2084822440944882
 30
0
 11
2.1262152362204723
 21
1.2086851181102363
 31
0
  0
LINE
  5
11D5
330
1A
100
AcDbEntity
  8
BLACK
  6
CONTINUOUS
100
AcDbLine
 10
2.1262152362204723
 20
1.2086851181102363
 30
0
 11
2.1247561023622046
 21
1.2094146456692914
 31
0
  0
LINE
  5
11D6
330
1A
100
AcDbEntity
  8
BLACK
  6
CONTINUOUS
100
AcDbLine
 10
2.1247561023622046
 20
1.2094146456692914
 30
0
 11
2.1219360236220473
 21
1.2094146456692914
 31
0
  0
LINE
  5
11D7
330
1A
100
AcDbEntity
  8
BLACK
  6
CONTINUOUS
100
AcDbLine
 10
2.1219360236220473
 20
1.2094146456692914
 30
0
 11
2.1207625590551182
 21
1.2088279527559054
 31
0
  0
LINE
  5
11D8
330
1A
100
AcDbEntity
  8
BLACK
  6
CONTINUOUS
100
AcDbLine
 10
2.1207625590551182
 20
1.2088279527559054
 30
0
 11
2.1202769685039371
 21
1.2083423622047245
 31
0
  0
LINE
  5
11D9
330
1A
100
AcDbEntity
  8
BLACK
  6
CONTINUOUS
100
AcDbLine
 10
2.1202769685039371
 20
1.2083423622047245
 30
0
 11
2.1196902755905511
 21
1.207168937007874
 31
0
  0
LINE
  5
11DA
330
1A
100
AcDbEntity
  8
BLACK
  6
CONTINUOUS
100
AcDbLine
 10
2.1196902755905511
 20
1.207168937007874
 30
0
 11
2.1196902755905511
 21
1.2024740551181101
 31
0
  0
LINE
  5
11DB
330
1A
100
AcDbEntity
  8
BLACK
  6
CONTINUOUS
100
AcDbLine
 10
2.1196902755905511
 20
1.2024740551181101
 30
0
 11
2.1202769685039371
 21
1.2013006299212599
 31
0
  0
LINE
  5
11DC
330
1A
100
AcDbEntity
  8
BLACK
  6
CONTINUOUS
100
AcDbLine
 10
2.1202769685039371
 20
1.2013006299212599
 30
0
 11
2.1207625590551182
 21
1.2008150393700787
 31
0
  0
LINE
  5
11DD
330
1A
100
AcDbEntity
  8
BLACK
  6
CONTINUOUS
100
AcDbLine
 10
2.1207625590551182
 20
1.2008150393700787
 30
0
 11
2.1219360236220473
 21
1.2002283070866142
 31
0
  0
LINE
  5
11DE
330
1A
100
AcDbEntity
  8
BLACK
  6
CONTINUOUS
100
AcDbLine
 10
2.1219360236220473
 20
1.2002283070866142
 30
0
 11
2.1247561023622046
 21
1.2002283070866142
 31
0
  0
LINE
  5
11DF
330
1A
100
AcDbEntity
  8
BLACK
  6
CONTINUOUS
100
AcDbLine
 10
2.1247561023622046
 20
1.2002283070866142
 30
0
 11
2.1262152362204723
 21
1.2009578346456693
 31
0
  0
LINE
  5
11E0
330
1A
100
AcDbEntity
  8
BLACK
  6
CONTINUOUS
100
AcDbLine
 10
2.1262152362204723
 20
1.2009578346456693
 30
0
 11
2.1269560236220473
 21
1.2011607086614173
 31
0
  0
LINE
  5
11E1
330
1A
100
AcDbEntity
  8
BLACK
  6
CONTINUOUS
100
AcDbLine
 10
2.1269560236220473
 20
1.2011607086614173
 30
0
 11
2.1283853543307085
 21
1.2006842519685039
 31
0
  0
LINE
  5
11E2
330
1A
100
AcDbEntity
  8
BLACK
  6
CONTINUOUS
100
AcDbLine
 10
2.1283853543307085
 20
1.2006842519685039
 30
0
 11
2.1290591338582678
 21
1.1993366929133857
 31
0
  0
LINE
  5
11E3
330
1A
100
AcDbEntity
  8
BLACK
  6
CONTINUOUS
100
AcDbLine
 10
2.1290591338582678
 20
1.1993366929133857
 30
0
 11
2.1285826771653542
 21
1.1979073622047245
 31
0
  0
LINE
  5
11E4
330
1A
100
AcDbEntity
  8
BLACK
  6
CONTINUOUS
100
AcDbLine
 10
2.1285826771653542
 20
1.1979073622047245
 30
0
 11
2.127975905511811
 21
1.1974364566929134
 31
0
  0
LINE
  5
11E5
330
1A
100
AcDbEntity
  8
BLACK
  6
CONTINUOUS
100
AcDbLine
 10
2.127975905511811
 20
1.1974364566929134
 30
0
 11
2.1261011417322835
 21
1.196499094488189
 31
0
  0
LINE
  5
11E6
330
1A
100
AcDbEntity
  8
BLACK
  6
CONTINUOUS
100
AcDbLine
 10
2.1261011417322835
 20
1.196499094488189
 30
0
 11
2.1260060236220473
 21
1.1964730708661417
 31
0
  0
LINE
  5
11E7
330
1A
100
AcDbEntity
  8
BLACK
  6
CONTINUOUS
100
AcDbLine
 10
2.1260060236220473
 20
1.1964730708661417
 30
0
 11
2.1259741338582678
 21
1.1964411417322833
 31
0
  0
LINE
  5
11E8
330
1A
100
AcDbEntity
  8
BLACK
  6
CONTINUOUS
100
AcDbLine
 10
2.1259741338582678
 20
1.1964411417322833
 30
0
 11
2.1256646456692914
 21
1.1963796062992125
 31
0
  0
LINE
  5
11E9
330
1A
100
AcDbEntity
  8
BLACK
  6
CONTINUOUS
100
AcDbLine
 10
2.1256646456692914
 20
1.1963796062992125
 30
0
 11
2.1253603543307085
 21
1.1962962598425197
 31
0
  0
LINE
  5
11EA
330
1A
100
AcDbEntity
  8
BLACK
  6
CONTINUOUS
100
AcDbLine
 10
2.1253603543307085
 20
1.1962962598425197
 30
0
 11
2.1253175196850393
 21
1.1963105511811023
 31
0
  0
LINE
  5
11EB
330
1A
100
AcDbEntity
  8
BLACK
  6
CONTINUOUS
100
AcDbLine
 10
2.1253175196850393
 20
1.1963105511811023
 30
0
 11
2.1252208267716535
 21
1.1962912992125985
 31
0
  0
LINE
  5
11EC
330
1A
100
AcDbEntity
  8
BLACK
  6
CONTINUOUS
100
AcDbLine
 10
2.1252208267716535
 20
1.1962912992125985
 30
0
 11
2.1214712992125984
 21
1.1962912992125985
 31
0
  0
LINE
  5
11ED
330
1A
100
AcDbEntity
  8
BLACK
  6
CONTINUOUS
100
AcDbLine
 10
2.1214712992125984
 20
1.1962912992125985
 30
0
 11
2.1213745669291337
 21
1.1963105511811023
 31
0
  0
LINE
  5
11EE
330
1A
100
AcDbEntity
  8
BLACK
  6
CONTINUOUS
100
AcDbLine
 10
2.1213745669291337
 20
1.1963105511811023
 30
0
 11
2.1213317322834646
 21
1.1962962598425197
 31
0
  0
LINE
  5
11EF
330
1A
100
AcDbEntity
  8
BLACK
  6
CONTINUOUS
100
AcDbLine
 10
2.1213317322834646
 20
1.1962962598425197
 30
0
 11
2.1210274803149605
 21
1.1963796062992125
 31
0
  0
LINE
  5
11F0
330
1A
100
AcDbEntity
  8
BLACK
  6
CONTINUOUS
100
AcDbLine
 10
2.1210274803149605
 20
1.1963796062992125
 30
0
 11
2.120717992125984
 21
1.1964411417322833
 31
0
  0
LINE
  5
11F1
330
1A
100
AcDbEntity
  8
BLACK
  6
CONTINUOUS
100
AcDbLine
 10
2.120717992125984
 20
1.1964411417322833
 30
0
 11
2.1206860236220471
 21
1.1964731102362205
 31
0
  0
LINE
  5
11F2
330
1A
100
AcDbEntity
  8
BLACK
  6
CONTINUOUS
100
AcDbLine
 10
2.1206860236220471
 20
1.1964731102362205
 30
0
 11
2.1205909448818896
 21
1.1964991338582678
 31
0
  0
LINE
  5
11F3
330
1A
100
AcDbEntity
  8
BLACK
  6
CONTINUOUS
100
AcDbLine
 10
2.1205909448818896
 20
1.1964991338582678
 30
0
 11
2.1187162204724408
 21
1.1974364566929134
 31
0
  0
LINE
  5
11F4
330
1A
100
AcDbEntity
  8
BLACK
  6
CONTINUOUS
100
AcDbLine
 10
2.1187162204724408
 20
1.1974364566929134
 30
0
 11
2.118466929133858
 21
1.1976299212598425
 31
0
  0
LINE
  5
11F5
330
1A
100
AcDbEntity
  8
BLACK
  6
CONTINUOUS
100
AcDbLine
 10
2.118466929133858
 20
1.1976299212598425
 30
0
 11
2.1182045669291338
 21
1.1978052362204725
 31
0
  0
LINE
  5
11F6
330
1A
100
AcDbEntity
  8
BLACK
  6
CONTINUOUS
100
AcDbLine
 10
2.1182045669291338
 20
1.1978052362204725
 30
0
 11
2.1172672047244094
 21
1.1987426377952755
 31
0
  0
LINE
  5
11F7
330
1A
100
AcDbEntity
  8
BLACK
  6
CONTINUOUS
100
AcDbLine
 10
2.1172672047244094
 20
1.1987426377952755
 30
0
 11
2.1170920472440944
 21
1.1990047637795276
 31
0
  0
LINE
  5
11F8
330
1A
100
AcDbEntity
  8
BLACK
  6
CONTINUOUS
100
AcDbLine
 10
2.1170920472440944
 20
1.1990047637795276
 30
0
 11
2.1168984251968506
 21
1.1992542519685039
 31
0
  0
LINE
  5
11F9
330
1A
100
AcDbEntity
  8
BLACK
  6
CONTINUOUS
100
AcDbLine
 10
2.1168984251968506
 20
1.1992542519685039
 30
0
 11
2.1159610629921257
 21
1.2011290157480314
 31
0
  0
LINE
  5
11FA
330
1A
100
AcDbEntity
  8
BLACK
  6
CONTINUOUS
100
AcDbLine
 10
2.1159610629921257
 20
1.2011290157480314
 30
0
 11
2.1159349999999999
 21
1.2012241338582677
 31
0
  0
LINE
  5
11FB
330
1A
100
AcDbEntity
  8
BLACK
  6
CONTINUOUS
100
AcDbLine
 10
2.1159349999999999
 20
1.2012241338582677
 30
0
 11
2.1159031102362205
 21
1.2012560236220473
 31
0
  0
LINE
  5
11FC
330
1A
100
AcDbEntity
  8
BLACK
  6
CONTINUOUS
100
AcDbLine
 10
2.1159031102362205
 20
1.2012560236220473
 30
0
 11
2.1158415354330709
 21
1.2015655118110236
 31
0
  0
LINE
  5
11FD
330
1A
100
AcDbEntity
  8
BLACK
  6
CONTINUOUS
100
AcDbLine
 10
2.1158415354330709
 20
1.2015655118110236
 30
0
 11
2.1157582283464564
 21
1.2018698031496062
 31
0
  0
LINE
  5
11FE
330
1A
100
AcDbEntity
  8
BLACK
  6
CONTINUOUS
100
AcDbLine
 10
2.1157582283464564
 20
1.2018698031496062
 30
0
 11
2.1157724803149605
 21
1.2019126377952756
 31
0
  0
LINE
  5
11FF
330
1A
100
AcDbEntity
  8
BLACK
  6
CONTINUOUS
100
AcDbLine
 10
2.1157724803149605
 20
1.2019126377952756
 30
0
 11
2.1157532677165354
 21
1.2020093307086614
 31
0
  0
LINE
  5
1200
330
1A
100
AcDbEntity
  8
BLACK
  6
CONTINUOUS
100
AcDbLine
 10
2.1157532677165354
 20
1.2020093307086614
 30
0
 11
2.1157532677165354
 21
1.2076336220472441
 31
0
  0
LINE
  5
1201
330
1A
100
AcDbEntity
  8
BLACK
  6
CONTINUOUS
100
AcDbLine
 10
2.1157532677165354
 20
1.2076336220472441
 30
0
 11
2.1157724803149605
 21
1.2077303543307087
 31
0
  0
LINE
  5
1202
330
1A
100
AcDbEntity
  8
BLACK
  6
CONTINUOUS
100
AcDbLine
 10
2.1157724803149605
 20
1.2077303543307087
 30
0
 11
2.1157582283464564
 21
1.2077731496062991
 31
0
  0
LINE
  5
1203
330
1A
100
AcDbEntity
  8
BLACK
  6
CONTINUOUS
100
AcDbLine
 10
2.1157582283464564
 20
1.2077731496062991
 30
0
 11
2.1158415354330709
 21
1.2080774803149605
 31
0
  0
LINE
  5
1204
330
1A
100
AcDbEntity
  8
BLACK
  6
CONTINUOUS
100
AcDbLine
 10
2.1158415354330709
 20
1.2080774803149605
 30
0
 11
2.1159031102362205
 21
1.2083869291338583
 31
0
  0
LINE
  5
1205
330
1A
100
AcDbEntity
  8
BLACK
  6
CONTINUOUS
100
AcDbLine
 10
2.1159031102362205
 20
1.2083869291338583
 30
0
 11
2.1159349999999999
 21
1.2084188582677164
 31
0
  0
LINE
  5
1206
330
1A
100
AcDbEntity
  8
BLACK
  6
CONTINUOUS
100
AcDbLine
 10
2.1159349999999999
 20
1.2084188582677164
 30
0
 11
2.1159610629921257
 21
1.2085139370078739
 31
0
  0
LINE
  5
1207
330
1A
100
AcDbEntity
  8
BLACK
  6
CONTINUOUS
100
AcDbLine
 10
2.1159610629921257
 20
1.2085139370078739
 30
0
 11
2.1168984251968506
 21
1.2103887007874015
 31
0
  0
LINE
  5
1208
330
1A
100
AcDbEntity
  8
BLACK
  6
CONTINUOUS
100
AcDbLine
 10
2.1168984251968506
 20
1.2103887007874015
 30
0
 11
2.1170920472440944
 21
1.2106382283464567
 31
0
  0
LINE
  5
1209
330
1A
100
AcDbEntity
  8
BLACK
  6
CONTINUOUS
100
AcDbLine
 10
2.1170920472440944
 20
1.2106382283464567
 30
0
 11
2.1172672047244094
 21
1.2109003149606299
 31
0
  0
LINE
  5
120A
330
1A
100
AcDbEntity
  8
BLACK
  6
CONTINUOUS
100
AcDbLine
 10
2.1172672047244094
 20
1.2109003149606299
 30
0
 11
2.1182045669291338
 21
1.211837716535433
 31
0
  0
LINE
  5
120B
330
1A
100
AcDbEntity
  8
BLACK
  6
CONTINUOUS
100
AcDbLine
 10
2.1182045669291338
 20
1.211837716535433
 30
0
 11
2.118466929133858
 21
1.2120130708661416
 31
0
  0
LINE
  5
120C
330
1A
100
AcDbEntity
  8
BLACK
  6
CONTINUOUS
100
AcDbLine
 10
2.118466929133858
 20
1.2120130708661416
 30
0
 11
2.1187162204724408
 21
1.2122064960629921
 31
0
  0
LINE
  5
120D
330
1A
100
AcDbEntity
  8
BLACK
  6
CONTINUOUS
100
AcDbLine
 10
2.1187162204724408
 20
1.2122064960629921
 30
0
 11
2.1205909448818896
 21
1.2131438188976378
 31
0
  0
LINE
  5
120E
330
1A
100
AcDbEntity
  8
BLACK
  6
CONTINUOUS
100
AcDbLine
 10
2.1205909448818896
 20
1.2131438188976378
 30
0
 11
2.1206860236220471
 21
1.2131698818897638
 31
0
  0
LINE
  5
120F
330
1A
100
AcDbEntity
  8
BLACK
  6
CONTINUOUS
100
AcDbLine
 10
2.1206860236220471
 20
1.2131698818897638
 30
0
 11
2.120717992125984
 21
1.213201811023622
 31
0
  0
LINE
  5
1210
330
1A
100
AcDbEntity
  8
BLACK
  6
CONTINUOUS
100
AcDbLine
 10
2.120717992125984
 20
1.213201811023622
 30
0
 11
2.1210274803149605
 21
1.2132633858267716
 31
0
  0
LINE
  5
1211
330
1A
100
AcDbEntity
  8
BLACK
  6
CONTINUOUS
100
AcDbLine
 10
2.1210274803149605
 20
1.2132633858267716
 30
0
 11
2.1213317322834646
 21
1.2133466929133858
 31
0
  0
LINE
  5
1212
330
1A
100
AcDbEntity
  8
BLACK
  6
CONTINUOUS
100
AcDbLine
 10
2.1213317322834646
 20
1.2133466929133858
 30
0
 11
2.1213745669291337
 21
1.2133324409448818
 31
0
  0
LINE
  5
1213
330
1A
100
AcDbEntity
  8
BLACK
  6
CONTINUOUS
100
AcDbLine
 10
2.1213745669291337
 20
1.2133324409448818
 30
0
 11
2.1214712992125984
 21
1.2133516535433071
 31
0
  0
LINE
  5
1214
330
1A
100
AcDbEntity
  8
BLACK
  6
CONTINUOUS
100
AcDbLine
 10
2.1214712992125984
 20
1.2133516535433071
 30
0
 11
2.1252208267716535
 21
1.2133516535433071
 31
0
  0
LINE
  5
1215
330
1A
100
AcDbEntity
  8
BLACK
  6
CONTINUOUS
100
AcDbLine
 10
2.1252208267716535
 20
1.2133516535433071
 30
0
 11
2.1253175196850393
 21
1.2133324409448818
 31
0
  0
LINE
  5
1216
330
1A
100
AcDbEntity
  8
BLACK
  6
CONTINUOUS
100
AcDbLine
 10
2.1571885039370078
 20
1.2133324409448818
 30
0
 11
2.1572313385826769
 21
1.2133466929133858
 31
0
  0
LINE
  5
1217
330
1A
100
AcDbEntity
  8
BLACK
  6
CONTINUOUS
100
AcDbLine
 10
2.1572313385826769
 20
1.2133466929133858
 30
0
 11
2.1575356299212598
 21
1.2132633858267716
 31
0
  0
LINE
  5
1218
330
1A
100
AcDbEntity
  8
BLACK
  6
CONTINUOUS
100
AcDbLine
 10
2.1575356299212598
 20
1.2132633858267716
 30
0
 11
2.1578451181102363
 21
1.213201811023622
 31
0
  0
LINE
  5
1219
330
1A
100
AcDbEntity
  8
BLACK
  6
CONTINUOUS
100
AcDbLine
 10
2.1578451181102363
 20
1.213201811023622
 30
0
 11
2.1578770078740157
 21
1.2131699212598426
 31
0
  0
LINE
  5
121A
330
1A
100
AcDbEntity
  8
BLACK
  6
CONTINUOUS
100
AcDbLine
 10
2.1578770078740157
 20
1.2131699212598426
 30
0
 11
2.1579721259842519
 21
1.2131438582677165
 31
0
  0
LINE
  5
121B
330
1A
100
AcDbEntity
  8
BLACK
  6
CONTINUOUS
100
AcDbLine
 10
2.1579721259842519
 20
1.2131438582677165
 30
0
 11
2.1598468897637795
 21
1.2122064960629921
 31
0
  0
LINE
  5
121C
330
1A
100
AcDbEntity
  8
BLACK
  6
CONTINUOUS
100
AcDbLine
 10
2.1598468897637795
 20
1.2122064960629921
 30
0
 11
2.160156535433071
 21
1.2119661811023621
 31
0
  0
LINE
  5
121D
330
1A
100
AcDbEntity
  8
BLACK
  6
CONTINUOUS
100
AcDbLine
 10
2.160156535433071
 20
1.2119661811023621
 30
0
 11
2.160256338582677
 21
1.2119329133858268
 31
0
  0
LINE
  5
121E
330
1A
100
AcDbEntity
  8
BLACK
  6
CONTINUOUS
100
AcDbLine
 10
2.160256338582677
 20
1.2119329133858268
 30
0
 11
2.1603425590551182
 21
1.2118218503937008
 31
0
  0
LINE
  5
121F
330
1A
100
AcDbEntity
  8
BLACK
  6
CONTINUOUS
100
AcDbLine
 10
2.1603425590551182
 20
1.2118218503937008
 30
0
 11
2.1604536614173226
 21
1.2117355905511811
 31
0
  0
LINE
  5
1220
330
1A
100
AcDbEntity
  8
BLACK
  6
CONTINUOUS
100
AcDbLine
 10
2.1604536614173226
 20
1.2117355905511811
 30
0
 11
2.1604868897637797
 21
1.2116358267716536
 31
0
  0
LINE
  5
1221
330
1A
100
AcDbEntity
  8
BLACK
  6
CONTINUOUS
100
AcDbLine
 10
2.1604868897637797
 20
1.2116358267716536
 30
0
 11
2.1607272440944882
 21
1.2113261417322834
 31
0
  0
LINE
  5
1222
330
1A
100
AcDbEntity
  8
BLACK
  6
CONTINUOUS
100
AcDbLine
 10
2.1607272440944882
 20
1.2113261417322834
 30
0
 11
2.1616646456692914
 21
1.2094513779527558
 31
0
  0
LINE
  5
1223
330
1A
100
AcDbEntity
  8
BLACK
  6
CONTINUOUS
100
AcDbLine
 10
2.1616646456692914
 20
1.2094513779527558
 30
0
 11
2.1616906692913385
 21
1.2093562992125984
 31
0
  0
LINE
  5
1224
330
1A
100
AcDbEntity
  8
BLACK
  6
CONTINUOUS
100
AcDbLine
 10
2.1616906692913385
 20
1.2093562992125984
 30
0
 11
2.1617226377952754
 21
1.2093243307086614
 31
0
  0
LINE
  5
1225
330
1A
100
AcDbEntity
  8
BLACK
  6
CONTINUOUS
100
AcDbLine
 10
2.1617226377952754
 20
1.2093243307086614
 30
0
 11
2.1617841732283463
 21
1.2090148425196849
 31
0
  0
LINE
  5
1226
330
1A
100
AcDbEntity
  8
BLACK
  6
CONTINUOUS
100
AcDbLine
 10
2.1617841732283463
 20
1.2090148425196849
 30
0
 11
2.1618675196850394
 21
1.208710590551181
 31
0
  0
LINE
  5
1227
330
1A
100
AcDbEntity
  8
BLACK
  6
CONTINUOUS
100
AcDbLine
 10
2.1618675196850394
 20
1.208710590551181
 30
0
 11
2.1618532283464567
 21
1.2086677559055117
 31
0
  0
LINE
  5
1228
330
1A
100
AcDbEntity
  8
BLACK
  6
CONTINUOUS
100
AcDbLine
 10
2.1618532283464567
 20
1.2086677559055117
 30
0
 11
2.1618724803149605
 21
1.2085710236220473
 31
0
  0
LINE
  5
1229
330
1A
100
AcDbEntity
  8
BLACK
  6
CONTINUOUS
100
AcDbLine
 10
2.1618724803149605
 20
1.2085710236220473
 30
0
 11
2.1618724803149605
 21
1.1982598031496063
 31
0
  0
LINE
  5
122A
330
1A
100
AcDbEntity
  8
BLACK
  6
CONTINUOUS
100
AcDbLine
 10
2.1618724803149605
 20
1.1982598031496063
 30
0
 11
2.1617226377952754
 21
1.1975064960629922
 31
0
  0
LINE
  5
122B
330
1A
100
AcDbEntity
  8
BLACK
  6
CONTINUOUS
100
AcDbLine
 10
2.1617226377952754
 20
1.1975064960629922
 30
0
 11
2.160657283464567
 21
1.1964411417322833
 31
0
  0
LINE
  5
122C
330
1A
100
AcDbEntity
  8
BLACK
  6
CONTINUOUS
100
AcDbLine
 10
2.160657283464567
 20
1.1964411417322833
 30
0
 11
2.1591506692913387
 21
1.1964411417322833
 31
0
  0
LINE
  5
122D
330
1A
100
AcDbEntity
  8
BLACK
  6
CONTINUOUS
100
AcDbLine
 10
2.1591506692913387
 20
1.1964411417322833
 30
0
 11
2.1590316535433072
 21
1.1965601574803149
 31
0
  0
LINE
  5
122E
330
1A
100
AcDbEntity
  8
BLACK
  6
CONTINUOUS
100
AcDbLine
 10
2.1590316535433072
 20
1.1965601574803149
 30
0
 11
2.1589095275590551
 21
1.196499094488189
 31
0
  0
LINE
  5
122F
330
1A
100
AcDbEntity
  8
BLACK
  6
CONTINUOUS
100
AcDbLine
 10
2.1589095275590551
 20
1.196499094488189
 30
0
 11
2.1588144094488189
 21
1.1964730708661417
 31
0
  0
LINE
  5
1230
330
1A
100
AcDbEntity
  8
BLACK
  6
CONTINUOUS
100
AcDbLine
 10
2.1588144094488189
 20
1.1964730708661417
 30
0
 11
2.1587825196850394
 21
1.1964411417322833
 31
0
  0
LINE
  5
1231
330
1A
100
AcDbEntity
  8
BLACK
  6
CONTINUOUS
100
AcDbLine
 10
2.1587825196850394
 20
1.1964411417322833
 30
0
 11
2.158473031496063
 21
1.1963796062992125
 31
0
  0
LINE
  5
1232
330
1A
100
AcDbEntity
  8
BLACK
  6
CONTINUOUS
100
AcDbLine
 10
2.158473031496063
 20
1.1963796062992125
 30
0
 11
2.1581687401574801
 21
1.1962962598425197
 31
0
  0
LINE
  5
1233
330
1A
100
AcDbEntity
  8
BLACK
  6
CONTINUOUS
100
AcDbLine
 10
2.1581687401574801
 20
1.1962962598425197
 30
0
 11
2.1581259055118109
 21
1.1963105511811023
 31
0
  0
LINE
  5
1234
330
1A
100
AcDbEntity
  8
BLACK
  6
CONTINUOUS
100
AcDbLine
 10
2.1581259055118109
 20
1.1963105511811023
 30
0
 11
2.1580292125984251
 21
1.1962912992125985
 31
0
  0
LINE
  5
1235
330
1A
100
AcDbEntity
  8
BLACK
  6
CONTINUOUS
100
AcDbLine
 10
2.1580292125984251
 20
1.1962912992125985
 30
0
 11
2.1533422834645668
 21
1.1962912992125985
 31
0
  0
LINE
  5
1236
330
1A
100
AcDbEntity
  8
BLACK
  6
CONTINUOUS
100
AcDbLine
 10
2.1533422834645668
 20
1.1962912992125985
 30
0
 11
2.1532455511811022
 21
1.1963105511811023
 31
0
  0
LINE
  5
1237
330
1A
100
AcDbEntity
  8
BLACK
  6
CONTINUOUS
100
AcDbLine
 10
2.1532455511811022
 20
1.1963105511811023
 30
0
 11
2.153202716535433
 21
1.1962962598425197
 31
0
  0
LINE
  5
1238
330
1A
100
AcDbEntity
  8
BLACK
  6
CONTINUOUS
100
AcDbLine
 10
2.153202716535433
 20
1.1962962598425197
 30
0
 11
2.1528984645669289
 21
1.1963796062992125
 31
0
  0
LINE
  5
1239
330
1A
100
AcDbEntity
  8
BLACK
  6
CONTINUOUS
100
AcDbLine
 10
2.1528984645669289
 20
1.1963796062992125
 30
0
 11
2.1525889763779529
 21
1.1964411417322833
 31
0
  0
LINE
  5
123A
330
1A
100
AcDbEntity
  8
BLACK
  6
CONTINUOUS
100
AcDbLine
 10
2.1525889763779529
 20
1.1964411417322833
 30
0
 11
2.1525570078740155
 21
1.1964731102362205
 31
0
  0
LINE
  5
123B
330
1A
100
AcDbEntity
  8
BLACK
  6
CONTINUOUS
100
AcDbLine
 10
2.1525570078740155
 20
1.1964731102362205
 30
0
 11
2.152461929133858
 21
1.1964991338582678
 31
0
  0
LINE
  5
123C
330
1A
100
AcDbEntity
  8
BLACK
  6
CONTINUOUS
100
AcDbLine
 10
2.152461929133858
 20
1.1964991338582678
 30
0
 11
2.1505872047244092
 21
1.1974364566929134
 31
0
  0
LINE
  5
123D
330
1A
100
AcDbEntity
  8
BLACK
  6
CONTINUOUS
100
AcDbLine
 10
2.1505872047244092
 20
1.1974364566929134
 30
0
 11
2.1502774803149607
 21
1.1976768503937008
 31
0
  0
LINE
  5
123E
330
1A
100
AcDbEntity
  8
BLACK
  6
CONTINUOUS
100
AcDbLine
 10
2.1502774803149607
 20
1.1976768503937008
 30
0
 11
2.150177716535433
 21
1.1977100787401576
 31
0
  0
LINE
  5
123F
330
1A
100
AcDbEntity
  8
BLACK
  6
CONTINUOUS
100
AcDbLine
 10
2.150177716535433
 20
1.1977100787401576
 30
0
 11
2.1500914960629922
 21
1.1978211811023622
 31
0
  0
LINE
  5
1240
330
1A
100
AcDbEntity
  8
BLACK
  6
CONTINUOUS
100
AcDbLine
 10
2.1500914960629922
 20
1.1978211811023622
 30
0
 11
2.1499804330708661
 21
1.1979073622047245
 31
0
  0
LINE
  5
1241
330
1A
100
AcDbEntity
  8
BLACK
  6
CONTINUOUS
100
AcDbLine
 10
2.1499804330708661
 20
1.1979073622047245
 30
0
 11
2.1499471653543307
 21
1.1980071653543307
 31
0
  0
LINE
  5
1242
330
1A
100
AcDbEntity
  8
BLACK
  6
CONTINUOUS
100
AcDbLine
 10
2.1499471653543307
 20
1.1980071653543307
 30
0
 11
2.1497068110236222
 21
1.1983168503937007
 31
0
  0
LINE
  5
1243
330
1A
100
AcDbEntity
  8
BLACK
  6
CONTINUOUS
100
AcDbLine
 10
2.1497068110236222
 20
1.1983168503937007
 30
0
 11
2.1487694488188978
 21
1.200191653543307
 31
0
  0
LINE
  5
1244
330
1A
100
AcDbEntity
  8
BLACK
  6
CONTINUOUS
100
AcDbLine
 10
2.1487694488188978
 20
1.200191653543307
 30
0
 11
2.1487433858267715
 21
1.2002867716535432
 31
0
  0
LINE
  5
1245
330
1A
100
AcDbEntity
  8
BLACK
  6
CONTINUOUS
100
AcDbLine
 10
2.1487433858267715
 20
1.2002867716535432
 30
0
 11
2.1487114960629921
 21
1.2003186614173229
 31
0
  0
LINE
  5
1246
330
1A
100
AcDbEntity
  8
BLACK
  6
CONTINUOUS
100
AcDbLine
 10
2.1487114960629921
 20
1.2003186614173229
 30
0
 11
2.1486499212598424
 21
1.2006281496062992
 31
0
  0
LINE
  5
1247
330
1A
100
AcDbEntity
  8
BLACK
  6
CONTINUOUS
100
AcDbLine
 10
2.1486499212598424
 20
1.2006281496062992
 30
0
 11
2.1485666141732285
 21
1.2009324409448818
 31
0
  0
LINE
  5
1248
330
1A
100
AcDbEntity
  8
BLACK
  6
CONTINUOUS
100
AcDbLine
 10
2.1485666141732285
 20
1.2009324409448818
 30
0
 11
2.148580866141732
 21
1.2009752755905512
 31
0
  0
LINE
  5
1249
330
1A
100
AcDbEntity
  8
BLACK
  6
CONTINUOUS
100
AcDbLine
 10
2.148580866141732
 20
1.2009752755905512
 30
0
 11
2.148561653543307
 21
1.201071968503937
 31
0
  0
LINE
  5
124A
330
1A
100
AcDbEntity
  8
BLACK
  6
CONTINUOUS
100
AcDbLine
 10
2.148561653543307
 20
1.201071968503937
 30
0
 11
2.148561653543307
 21
1.2029467322834646
 31
0
  0
LINE
  5
124B
330
1A
100
AcDbEntity
  8
BLACK
  6
CONTINUOUS
100
AcDbLine
 10
2.148561653543307
 20
1.2029467322834646
 30
0
 11
2.148580866141732
 21
1.203043464566929
 31
0
  0
LINE
  5
124C
330
1A
100
AcDbEntity
  8
BLACK
  6
CONTINUOUS
100
AcDbLine
 10
2.148580866141732
 20
1.203043464566929
 30
0
 11
2.1485666141732285
 21
1.2030862598425196
 31
0
  0
LINE
  5
124D
330
1A
100
AcDbEntity
  8
BLACK
  6
CONTINUOUS
100
AcDbLine
 10
2.1485666141732285
 20
1.2030862598425196
 30
0
 11
2.1486499212598424
 21
1.203390590551181
 31
0
  0
LINE
  5
124E
330
1A
100
AcDbEntity
  8
BLACK
  6
CONTINUOUS
100
AcDbLine
 10
2.1486499212598424
 20
1.203390590551181
 30
0
 11
2.1487114960629921
 21
1.2037000393700787
 31
0
  0
LINE
  5
124F
330
1A
100
AcDbEntity
  8
BLACK
  6
CONTINUOUS
100
AcDbLine
 10
2.1487114960629921
 20
1.2037000393700787
 30
0
 11
2.1487433858267715
 21
1.2037319685039369
 31
0
  0
LINE
  5
1250
330
1A
100
AcDbEntity
  8
BLACK
  6
CONTINUOUS
100
AcDbLine
 10
2.1487433858267715
 20
1.2037319685039369
 30
0
 11
2.1487694488188978
 21
1.2038270472440944
 31
0
  0
LINE
  5
1251
330
1A
100
AcDbEntity
  8
BLACK
  6
CONTINUOUS
100
AcDbLine
 10
2.1487694488188978
 20
1.2038270472440944
 30
0
 11
2.1497068110236222
 21
1.2057018110236219
 31
0
  0
LINE
  5
1252
330
1A
100
AcDbEntity
  8
BLACK
  6
CONTINUOUS
100
AcDbLine
 10
2.1497068110236222
 20
1.2057018110236219
 30
0
 11
2.1499471653543307
 21
1.2060115354330709
 31
0
  0
LINE
  5
1253
330
1A
100
AcDbEntity
  8
BLACK
  6
CONTINUOUS
100
AcDbLine
 10
2.1499471653543307
 20
1.2060115354330709
 30
0
 11
2.1499804330708661
 21
1.2061112992125984
 31
0
  0
LINE
  5
1254
330
1A
100
AcDbEntity
  8
BLACK
  6
CONTINUOUS
100
AcDbLine
 10
2.1499804330708661
 20
1.2061112992125984
 30
0
 11
2.1500914960629922
 21
1.2061975196850394
 31
0
  0
LINE
  5
1255
330
1A
100
AcDbEntity
  8
BLACK
  6
CONTINUOUS
100
AcDbLine
 10
2.1500914960629922
 20
1.2061975196850394
 30
0
 11
2.150177716535433
 21
1.2063085826771653
 31
0
  0
LINE
  5
1256
330
1A
100
AcDbEntity
  8
BLACK
  6
CONTINUOUS
100
AcDbLine
 10
2.150177716535433
 20
1.2063085826771653
 30
0
 11
2.1502774803149607
 21
1.2063418503937007
 31
0
  0
LINE
  5
1257
330
1A
100
AcDbEntity
  8
BLACK
  6
CONTINUOUS
100
AcDbLine
 10
2.1502774803149607
 20
1.2063418503937007
 30
0
 11
2.1505872047244092
 21
1.2065822047244095
 31
0
  0
LINE
  5
1258
330
1A
100
AcDbEntity
  8
BLACK
  6
CONTINUOUS
100
AcDbLine
 10
2.1505872047244092
 20
1.2065822047244095
 30
0
 11
2.152461929133858
 21
1.2075195275590551
 31
0
  0
LINE
  5
1259
330
1A
100
AcDbEntity
  8
BLACK
  6
CONTINUOUS
100
AcDbLine
 10
2.152461929133858
 20
1.2075195275590551
 30
0
 11
2.1525570078740155
 21
1.2075455905511812
 31
0
  0
LINE
  5
125A
330
1A
100
AcDbEntity
  8
BLACK
  6
CONTINUOUS
100
AcDbLine
 10
2.1525570078740155
 20
1.2075455905511812
 30
0
 11
2.1525889763779529
 21
1.2075775196850393
 31
0
  0
LINE
  5
125B
330
1A
100
AcDbEntity
  8
BLACK
  6
CONTINUOUS
100
AcDbLine
 10
2.1525889763779529
 20
1.2075775196850393
 30
0
 11
2.1528984645669289
 21
1.207639094488189
 31
0
  0
LINE
  5
125C
330
1A
100
AcDbEntity
  8
BLACK
  6
CONTINUOUS
100
AcDbLine
 10
2.1528984645669289
 20
1.207639094488189
 30
0
 11
2.153202716535433
 21
1.2077224015748032
 31
0
  0
LINE
  5
125D
330
1A
100
AcDbEntity
  8
BLACK
  6
CONTINUOUS
100
AcDbLine
 10
2.153202716535433
 20
1.2077224015748032
 30
0
 11
2.1532455511811022
 21
1.2077081496062991
 31
0
  0
LINE
  5
125E
330
1A
100
AcDbEntity
  8
BLACK
  6
CONTINUOUS
100
AcDbLine
 10
2.1532455511811022
 20
1.2077081496062991
 30
0
 11
2.1533422834645668
 21
1.2077273622047244
 31
0
  0
LINE
  5
125F
330
1A
100
AcDbEntity
  8
BLACK
  6
CONTINUOUS
100
AcDbLine
 10
2.1533422834645668
 20
1.2077273622047244
 30
0
 11
2.1575645275590549
 21
1.2077273622047244
 31
0
  0
LINE
  5
1260
330
1A
100
AcDbEntity
  8
BLACK
  6
CONTINUOUS
100
AcDbLine
 10
2.1575645275590549
 20
1.2077273622047244
 30
0
 11
2.1579354724409447
 21
1.2079128740157481
 31
0
  0
LINE
  5
1261
330
1A
100
AcDbEntity
  8
BLACK
  6
CONTINUOUS
100
AcDbLine
 10
2.1579354724409447
 20
1.2079128740157481
 30
0
 11
2.1579354724409447
 21
1.2081063385826771
 31
0
  0
LINE
  5
1262
330
1A
100
AcDbEntity
  8
BLACK
  6
CONTINUOUS
100
AcDbLine
 10
2.1579354724409447
 20
1.2081063385826771
 30
0
 11
2.1574993307086614
 21
1.2089785433070865
 31
0
  0
LINE
  5
1263
330
1A
100
AcDbEntity
  8
BLACK
  6
CONTINUOUS
100
AcDbLine
 10
2.1574993307086614
 20
1.2089785433070865
 30
0
 11
2.156627086614173
 21
1.2094146456692914
 31
0
  0
LINE
  5
1264
330
1A
100
AcDbEntity
  8
BLACK
  6
CONTINUOUS
100
AcDbLine
 10
2.156627086614173
 20
1.2094146456692914
 30
0
 11
2.1538070078740157
 21
1.2094146456692914
 31
0
  0
LINE
  5
1265
330
1A
100
AcDbEntity
  8
BLACK
  6
CONTINUOUS
100
AcDbLine
 10
2.1538070078740157
 20
1.2094146456692914
 30
0
 11
2.1523478346456693
 21
1.2086850787401575
 31
0
  0
LINE
  5
1266
330
1A
100
AcDbEntity
  8
BLACK
  6
CONTINUOUS
100
AcDbLine
 10
2.1523478346456693
 20
1.2086850787401575
 30
0
 11
2.1516070472440942
 21
1.2084822440944882
 31
0
  0
LINE
  5
1267
330
1A
100
AcDbEntity
  8
BLACK
  6
CONTINUOUS
100
AcDbLine
 10
2.1516070472440942
 20
1.2084822440944882
 30
0
 11
2.150177716535433
 21
1.2089587007874016
 31
0
  0
LINE
  5
1268
330
1A
100
AcDbEntity
  8
BLACK
  6
CONTINUOUS
100
AcDbLine
 10
2.150177716535433
 20
1.2089587007874016
 30
0
 11
2.1495039763779529
 21
1.2103062598425196
 31
0
  0
LINE
  5
1269
330
1A
100
AcDbEntity
  8
BLACK
  6
CONTINUOUS
100
AcDbLine
 10
2.1495039763779529
 20
1.2103062598425196
 30
0
 11
2.1499804330708661
 21
1.2117355905511811
 31
0
  0
LINE
  5
126A
330
1A
100
AcDbEntity
  8
BLACK
  6
CONTINUOUS
100
AcDbLine
 10
2.1499804330708661
 20
1.2117355905511811
 30
0
 11
2.1505872047244092
 21
1.2122064960629921
 31
0
  0
LINE
  5
126B
330
1A
100
AcDbEntity
  8
BLACK
  6
CONTINUOUS
100
AcDbLine
 10
2.1505872047244092
 20
1.2122064960629921
 30
0
 11
2.152461929133858
 21
1.2131438188976378
 31
0
  0
LINE
  5
126C
330
1A
100
AcDbEntity
  8
BLACK
  6
CONTINUOUS
100
AcDbLine
 10
2.152461929133858
 20
1.2131438188976378
 30
0
 11
2.1525570078740155
 21
1.2131698818897638
 31
0
  0
LINE
  5
126D
330
1A
100
AcDbEntity
  8
BLACK
  6
CONTINUOUS
100
AcDbLine
 10
2.1525570078740155
 20
1.2131698818897638
 30
0
 11
2.1525889763779529
 21
1.213201811023622
 31
0
  0
LINE
  5
126E
330
1A
100
AcDbEntity
  8
BLACK
  6
CONTINUOUS
100
AcDbLine
 10
2.1525889763779529
 20
1.213201811023622
 30
0
 11
2.1528984645669289
 21
1.2132633858267716
 31
0
  0
LINE
  5
126F
330
1A
100
AcDbEntity
  8
BLACK
  6
CONTINUOUS
100
AcDbLine
 10
2.1528984645669289
 20
1.2132633858267716
 30
0
 11
2.153202716535433
 21
1.2133466929133858
 31
0
  0
LINE
  5
1270
330
1A
100
AcDbEntity
  8
BLACK
  6
CONTINUOUS
100
AcDbLine
 10
2.153202716535433
 20
1.2133466929133858
 30
0
 11
2.1532455511811022
 21
1.2133324409448818
 31
0
  0
LINE
  5
1271
330
1A
100
AcDbEntity
  8
BLACK
  6
CONTINUOUS
100
AcDbLine
 10
2.1532455511811022
 20
1.2133324409448818
 30
0
 11
2.1533422834645668
 21
1.2133516535433071
 31
0
  0
LINE
  5
1272
330
1A
100
AcDbEntity
  8
BLACK
  6
CONTINUOUS
100
AcDbLine
 10
2.1533422834645668
 20
1.2133516535433071
 30
0
 11
2.1570918110236219
 21
1.2133516535433071
 31
0
  0
LINE
  5
1273
330
1A
100
AcDbEntity
  8
BLACK
  6
CONTINUOUS
100
AcDbLine
 10
2.1570918110236219
 20
1.2133516535433071
 30
0
 11
2.1571885039370078
 21
1.2133324409448818
 31
0
  0
LINE
  5
1274
330
1A
100
AcDbEntity
  8
BLACK
  6
CONTINUOUS
100
AcDbLine
 10
2.1529347244094486
 20
1.2033542519685039
 30
0
 11
2.1524986614173227
 21
1.2024820472440945
 31
0
  0
LINE
  5
1275
330
1A
100
AcDbEntity
  8
BLACK
  6
CONTINUOUS
100
AcDbLine
 10
2.1524986614173227
 20
1.2024820472440945
 30
0
 11
2.1524986614173227
 21
1.2015366929133857
 31
0
  0
LINE
  5
1276
330
1A
100
AcDbEntity
  8
BLACK
  6
CONTINUOUS
100
AcDbLine
 10
2.1524986614173227
 20
1.2015366929133857
 30
0
 11
2.1529347637795273
 21
1.2006644488188976
 31
0
  0
LINE
  5
1277
330
1A
100
AcDbEntity
  8
BLACK
  6
CONTINUOUS
100
AcDbLine
 10
2.1529347637795273
 20
1.2006644488188976
 30
0
 11
2.1538070078740157
 21
1.2002283070866142
 31
0
  0
LINE
  5
1278
330
1A
100
AcDbEntity
  8
BLACK
  6
CONTINUOUS
100
AcDbLine
 10
2.1538070078740157
 20
1.2002283070866142
 30
0
 11
2.1575644881889762
 21
1.2002283070866142
 31
0
  0
LINE
  5
1279
330
1A
100
AcDbEntity
  8
BLACK
  6
CONTINUOUS
100
AcDbLine
 10
2.1575644881889762
 20
1.2002283070866142
 30
0
 11
2.1579354724409447
 21
1.2004138188976379
 31
0
  0
LINE
  5
127A
330
1A
100
AcDbEntity
  8
BLACK
  6
CONTINUOUS
100
AcDbLine
 10
2.1579354724409447
 20
1.2004138188976379
 30
0
 11
2.1579354724409447
 21
1.2037903543307087
 31
0
  0
LINE
  5
127B
330
1A
100
AcDbEntity
  8
BLACK
  6
CONTINUOUS
100
AcDbLine
 10
2.1579354724409447
 20
1.2037903543307087
 30
0
 11
2.1538070078740157
 21
1.2037903543307087
 31
0
  0
LINE
  5
127C
330
1A
100
AcDbEntity
  8
BLACK
  6
CONTINUOUS
100
AcDbLine
 10
2.1538070078740157
 20
1.2037903543307087
 30
0
 11
2.1529347244094486
 21
1.2033542519685039
 31
0
  0
LINE
  5
127D
330
1A
100
AcDbEntity
  8
BLACK
  6
CONTINUOUS
100
AcDbLine
 10
2.0668633464566928
 20
1.2196293700787402
 30
0
 11
2.0674554724409449
 21
1.219431968503937
 31
0
  0
LINE
  5
127E
330
1A
100
AcDbEntity
  8
BLACK
  6
CONTINUOUS
100
AcDbLine
 10
2.0674554724409449
 20
1.219431968503937
 30
0
 11
2.0675212204724409
 21
1.2193003937007874
 31
0
  0
LINE
  5
127F
330
1A
100
AcDbEntity
  8
BLACK
  6
CONTINUOUS
100
AcDbLine
 10
2.0675212204724409
 20
1.2193003937007874
 30
0
 11
2.0676528346456693
 21
1.2192346062992125
 31
0
  0
LINE
  5
1280
330
1A
100
AcDbEntity
  8
BLACK
  6
CONTINUOUS
100
AcDbLine
 10
2.0676528346456693
 20
1.2192346062992125
 30
0
 11
2.0680331889763779
 21
1.2185673228346456
 31
0
  0
LINE
  5
1281
330
1A
100
AcDbEntity
  8
BLACK
  6
CONTINUOUS
100
AcDbLine
 10
2.0680331889763779
 20
1.2185673228346456
 30
0
 11
2.0745948818897637
 21
1.1988823228346457
 31
0
  0
LINE
  5
1282
330
1A
100
AcDbEntity
  8
BLACK
  6
CONTINUOUS
100
AcDbLine
 10
2.0745948818897637
 20
1.1988823228346457
 30
0
 11
2.0746909448818895
 21
1.1981202755905511
 31
0
  0
LINE
  5
1283
330
1A
100
AcDbEntity
  8
BLACK
  6
CONTINUOUS
100
AcDbLine
 10
2.0746909448818895
 20
1.1981202755905511
 30
0
 11
2.0740171653543307
 21
1.1967727165354329
 31
0
  0
LINE
  5
1284
330
1A
100
AcDbEntity
  8
BLACK
  6
CONTINUOUS
100
AcDbLine
 10
2.0740171653543307
 20
1.1967727165354329
 30
0
 11
2.0725878740157482
 21
1.1962962598425197
 31
0
  0
LINE
  5
1285
330
1A
100
AcDbEntity
  8
BLACK
  6
CONTINUOUS
100
AcDbLine
 10
2.0725878740157482
 20
1.1962962598425197
 30
0
 11
2.0712402755905512
 21
1.1969700393700786
 31
0
  0
LINE
  5
1286
330
1A
100
AcDbEntity
  8
BLACK
  6
CONTINUOUS
100
AcDbLine
 10
2.0712402755905512
 20
1.1969700393700786
 30
0
 11
2.0708599212598426
 21
1.1976373228346457
 31
0
  0
LINE
  5
1287
330
1A
100
AcDbEntity
  8
BLACK
  6
CONTINUOUS
100
AcDbLine
 10
2.0708599212598426
 20
1.1976373228346457
 30
0
 11
2.0694338188976378
 21
1.2019155905511811
 31
0
  0
LINE
  5
1288
330
1A
100
AcDbEntity
  8
BLACK
  6
CONTINUOUS
100
AcDbLine
 10
2.0694338188976378
 20
1.2019155905511811
 30
0
 11
2.0628976377952757
 21
1.2019155905511811
 31
0
  0
LINE
  5
1289
330
1A
100
AcDbEntity
  8
BLACK
  6
CONTINUOUS
100
AcDbLine
 10
2.0628976377952757
 20
1.2019155905511811
 30
0
 11
2.0614715354330708
 21
1.1976373228346457
 31
0
  0
LINE
  5
128A
330
1A
100
AcDbEntity
  8
BLACK
  6
CONTINUOUS
100
AcDbLine
 10
2.0614715354330708
 20
1.1976373228346457
 30
0
 11
2.0610911811023622
 21
1.1969700393700786
 31
0
  0
LINE
  5
128B
330
1A
100
AcDbEntity
  8
BLACK
  6
CONTINUOUS
100
AcDbLine
 10
2.0610911811023622
 20
1.1969700393700786
 30
0
 11
2.0597435826771653
 21
1.1962962598425197
 31
0
  0
LINE
  5
128C
330
1A
100
AcDbEntity
  8
BLACK
  6
CONTINUOUS
100
AcDbLine
 10
2.0597435826771653
 20
1.1962962598425197
 30
0
 11
2.0583142913385828
 21
1.1967726771653544
 31
0
  0
LINE
  5
128D
330
1A
100
AcDbEntity
  8
BLACK
  6
CONTINUOUS
100
AcDbLine
 10
2.0583142913385828
 20
1.1967726771653544
 30
0
 11
2.0576405118110235
 21
1.1981202755905511
 31
0
  0
LINE
  5
128E
330
1A
100
AcDbEntity
  8
BLACK
  6
CONTINUOUS
100
AcDbLine
 10
2.0576405118110235
 20
1.1981202755905511
 30
0
 11
2.0577365748031498
 21
1.1988822834645669
 31
0
  0
LINE
  5
128F
330
1A
100
AcDbEntity
  8
BLACK
  6
CONTINUOUS
100
AcDbLine
 10
2.0577365748031498
 20
1.1988822834645669
 30
0
 11
2.0642982283464568
 21
1.2185673228346456
 31
0
  0
LINE
  5
1290
330
1A
100
AcDbEntity
  8
BLACK
  6
CONTINUOUS
100
AcDbLine
 10
2.0642982283464568
 20
1.2185673228346456
 30
0
 11
2.0646785826771654
 21
1.2192346062992125
 31
0
  0
LINE
  5
1291
330
1A
100
AcDbEntity
  8
BLACK
  6
CONTINUOUS
100
AcDbLine
 10
2.0646785826771654
 20
1.2192346062992125
 30
0
 11
2.064810157480315
 21
1.2193003937007874
 31
0
  0
LINE
  5
1292
330
1A
100
AcDbEntity
  8
BLACK
  6
CONTINUOUS
100
AcDbLine
 10
2.064810157480315
 20
1.2193003937007874
 30
0
 11
2.0648759448818899
 21
1.219431968503937
 31
0
  0
LINE
  5
1293
330
1A
100
AcDbEntity
  8
BLACK
  6
CONTINUOUS
100
AcDbLine
 10
2.0648759448818899
 20
1.219431968503937
 30
0
 11
2.0654680314960627
 21
1.2196293700787402
 31
0
  0
LINE
  5
1294
330
1A
100
AcDbEntity
  8
BLACK
  6
CONTINUOUS
100
AcDbLine
 10
2.0654680314960627
 20
1.2196293700787402
 30
0
 11
2.0660261811023624
 21
1.2199083858267716
 31
0
  0
LINE
  5
1295
330
1A
100
AcDbEntity
  8
BLACK
  6
CONTINUOUS
100
AcDbLine
 10
2.0660261811023624
 20
1.2199083858267716
 30
0
 11
2.0661657086614174
 21
1.2198618897637794
 31
0
  0
LINE
  5
1296
330
1A
100
AcDbEntity
  8
BLACK
  6
CONTINUOUS
100
AcDbLine
 10
2.0661657086614174
 20
1.2198618897637794
 30
0
 11
2.0663052362204724
 21
1.2199083858267716
 31
0
  0
LINE
  5
1297
330
1A
100
AcDbEntity
  8
BLACK
  6
CONTINUOUS
100
AcDbLine
 10
2.0663052362204724
 20
1.2199083858267716
 30
0
 11
2.0668633464566928
 21
1.2196293700787402
 31
0
  0
LINE
  5
1298
330
1A
100
AcDbEntity
  8
BLACK
  6
CONTINUOUS
100
AcDbLine
 10
2.0642099606299213
 20
1.2058525984251969
 30
0
 11
2.0681214960629921
 21
1.2058525984251969
 31
0
  0
LINE
  5
1299
330
1A
100
AcDbEntity
  8
BLACK
  6
CONTINUOUS
100
AcDbLine
 10
2.0681214960629921
 20
1.2058525984251969
 30
0
 11
2.0661657086614174
 21
1.2117199212598424
 31
0
  0
LINE
  5
129A
330
1A
100
AcDbEntity
  8
BLACK
  6
CONTINUOUS
100
AcDbLine
 10
2.0661657086614174
 20
1.2117199212598424
 30
0
 11
2.0642099606299213
 21
1.2058525984251969
 31
0
  0
LINE
  5
129B
330
1A
100
AcDbEntity
  8
BLACK
  6
CONTINUOUS
100
AcDbLine
 10
2.1373506692913384
 20
1.2186981496062992
 30
0
 11
2.1375005118110235
 21
1.217944842519685
 31
0
  0
LINE
  5
129C
330
1A
100
AcDbEntity
  8
BLACK
  6
CONTINUOUS
100
AcDbLine
 10
2.1375005118110235
 20
1.217944842519685
 30
0
 11
2.1375005118110235
 21
1.2086364960629921
 31
0
  0
LINE
  5
129D
330
1A
100
AcDbEntity
  8
BLACK
  6
CONTINUOUS
100
AcDbLine
 10
2.1375005118110235
 20
1.2086364960629921
 30
0
 11
2.1416391338582677
 21
1.2127751181102362
 31
0
  0
LINE
  5
129E
330
1A
100
AcDbEntity
  8
BLACK
  6
CONTINUOUS
100
AcDbLine
 10
2.1416391338582677
 20
1.2127751181102362
 30
0
 11
2.1422777559055119
 21
1.213201811023622
 31
0
  0
LINE
  5
129F
330
1A
100
AcDbEntity
  8
BLACK
  6
CONTINUOUS
100
AcDbLine
 10
2.1422777559055119
 20
1.213201811023622
 30
0
 11
2.1437843700787402
 21
1.213201811023622
 31
0
  0
LINE
  5
12A0
330
1A
100
AcDbEntity
  8
BLACK
  6
CONTINUOUS
100
AcDbLine
 10
2.1437843700787402
 20
1.213201811023622
 30
0
 11
2.1448497244094487
 21
1.2121364566929134
 31
0
  0
LINE
  5
12A1
330
1A
100
AcDbEntity
  8
BLACK
  6
CONTINUOUS
100
AcDbLine
 10
2.1448497244094487
 20
1.2121364566929134
 30
0
 11
2.1448497244094487
 21
1.2106298425196851
 31
0
  0
LINE
  5
12A2
330
1A
100
AcDbEntity
  8
BLACK
  6
CONTINUOUS
100
AcDbLine
 10
2.1448497244094487
 20
1.2106298425196851
 30
0
 11
2.1444230314960628
 21
1.209991220472441
 31
0
  0
LINE
  5
12A3
330
1A
100
AcDbEntity
  8
BLACK
  6
CONTINUOUS
100
AcDbLine
 10
2.1444230314960628
 20
1.209991220472441
 30
0
 11
2.1400059055118108
 21
1.2055741732283465
 31
0
  0
LINE
  5
12A4
330
1A
100
AcDbEntity
  8
BLACK
  6
CONTINUOUS
100
AcDbLine
 10
2.1400059055118108
 20
1.2055741732283465
 30
0
 11
2.1446058661417324
 21
1.1994409055118109
 31
0
  0
LINE
  5
12A5
330
1A
100
AcDbEntity
  8
BLACK
  6
CONTINUOUS
100
AcDbLine
 10
2.1446058661417324
 20
1.1994409055118109
 30
0
 11
2.1449379921259841
 21
1.1987483464566928
 31
0
  0
LINE
  5
12A6
330
1A
100
AcDbEntity
  8
BLACK
  6
CONTINUOUS
100
AcDbLine
 10
2.1449379921259841
 20
1.1987483464566928
 30
0
 11
2.1447249212598423
 21
1.1972568503937007
 31
0
  0
LINE
  5
12A7
330
1A
100
AcDbEntity
  8
BLACK
  6
CONTINUOUS
100
AcDbLine
 10
2.1447249212598423
 20
1.1972568503937007
 30
0
 11
2.1435196062992126
 21
1.1963528740157481
 31
0
  0
LINE
  5
12A8
330
1A
100
AcDbEntity
  8
BLACK
  6
CONTINUOUS
100
AcDbLine
 10
2.1435196062992126
 20
1.1963528740157481
 30
0
 11
2.1420281102362204
 21
1.1965659448818897
 31
0
  0
LINE
  5
12A9
330
1A
100
AcDbEntity
  8
BLACK
  6
CONTINUOUS
100
AcDbLine
 10
2.1420281102362204
 20
1.1965659448818897
 30
0
 11
2.1414562598425197
 21
1.1970787007874015
 31
0
  0
LINE
  5
12AA
330
1A
100
AcDbEntity
  8
BLACK
  6
CONTINUOUS
100
AcDbLine
 10
2.1414562598425197
 20
1.1970787007874015
 30
0
 11
2.1375005118110235
 21
1.2023530314960629
 31
0
  0
LINE
  5
12AB
330
1A
100
AcDbEntity
  8
BLACK
  6
CONTINUOUS
100
AcDbLine
 10
2.1375005118110235
 20
1.2023530314960629
 30
0
 11
2.1375005118110235
 21
1.1982598031496063
 31
0
  0
LINE
  5
12AC
330
1A
100
AcDbEntity
  8
BLACK
  6
CONTINUOUS
100
AcDbLine
 10
2.1375005118110235
 20
1.1982598031496063
 30
0
 11
2.1373506692913384
 21
1.1975064960629922
 31
0
  0
LINE
  5
12AD
330
1A
100
AcDbEntity
  8
BLACK
  6
CONTINUOUS
100
AcDbLine
 10
2.1373506692913384
 20
1.1975064960629922
 30
0
 11
2.13628531496063
 21
1.1964411417322833
 31
0
  0
LINE
  5
12AE
330
1A
100
AcDbEntity
  8
BLACK
  6
CONTINUOUS
100
AcDbLine
 10
2.13628531496063
 20
1.1964411417322833
 30
0
 11
2.1347787007874017
 21
1.1964411417322833
 31
0
  0
LINE
  5
12AF
330
1A
100
AcDbEntity
  8
BLACK
  6
CONTINUOUS
100
AcDbLine
 10
2.1347787007874017
 20
1.1964411417322833
 30
0
 11
2.1337133464566929
 21
1.1975064960629922
 31
0
  0
LINE
  5
12B0
330
1A
100
AcDbEntity
  8
BLACK
  6
CONTINUOUS
100
AcDbLine
 10
2.1337133464566929
 20
1.1975064960629922
 30
0
 11
2.1335635039370078
 21
1.1982598031496063
 31
0
  0
LINE
  5
12B1
330
1A
100
AcDbEntity
  8
BLACK
  6
CONTINUOUS
100
AcDbLine
 10
2.1335635039370078
 20
1.1982598031496063
 30
0
 11
2.1335635039370078
 21
1.217944842519685
 31
0
  0
LINE
  5
12B2
330
1A
100
AcDbEntity
  8
BLACK
  6
CONTINUOUS
100
AcDbLine
 10
2.1335635039370078
 20
1.217944842519685
 30
0
 11
2.1337133464566929
 21
1.2186981496062992
 31
0
  0
LINE
  5
12B3
330
1A
100
AcDbEntity
  8
BLACK
  6
CONTINUOUS
100
AcDbLine
 10
2.1337133464566929
 20
1.2186981496062992
 30
0
 11
2.1347787007874017
 21
1.2197635039370078
 31
0
  0
LINE
  5
12B4
330
1A
100
AcDbEntity
  8
BLACK
  6
CONTINUOUS
100
AcDbLine
 10
2.1347787007874017
 20
1.2197635039370078
 30
0
 11
2.13628531496063
 21
1.2197635039370078
 31
0
  0
LINE
  5
12B5
330
1A
100
AcDbEntity
  8
BLACK
  6
CONTINUOUS
100
AcDbLine
 10
2.13628531496063
 20
1.2197635039370078
 30
0
 11
2.1373506692913384
 21
1.2186981496062992
 31
0
  0
LINE
  5
12B6
330
1A
100
AcDbEntity
  8
BLACK
  6
CONTINUOUS
100
AcDbLine
 10
1.6373845275590551
 20
1.2762538188976378
 30
0
 11
1.6379172047244095
 21
1.2757211417322833
 31
0
  0
LINE
  5
12B7
330
1A
100
AcDbEntity
  8
BLACK
  6
CONTINUOUS
100
AcDbLine
 10
1.6379172047244095
 20
1.2757211417322833
 30
0
 11
1.637992125984252
 21
1.2753444881889764
 31
0
  0
LINE
  5
12B8
330
1A
100
AcDbEntity
  8
BLACK
  6
CONTINUOUS
100
AcDbLine
 10
1.637992125984252
 20
1.2753444881889764
 30
0
 11
1.637992125984252
 21
1.2005413385826771
 31
0
  0
LINE
  5
12B9
330
1A
100
AcDbEntity
  8
BLACK
  6
CONTINUOUS
100
AcDbLine
 10
1.637992125984252
 20
1.2005413385826771
 30
0
 11
1.6379172047244095
 21
1.2001646850393701
 31
0
  0
LINE
  5
12BA
330
1A
100
AcDbEntity
  8
BLACK
  6
CONTINUOUS
100
AcDbLine
 10
1.6379172047244095
 20
1.2001646850393701
 30
0
 11
1.6373845275590551
 21
1.1996320078740157
 31
0
  0
LINE
  5
12BB
330
1A
100
AcDbEntity
  8
BLACK
  6
CONTINUOUS
100
AcDbLine
 10
1.6373845275590551
 20
1.1996320078740157
 30
0
 11
1.6370078740157481
 21
1.1995570866141732
 31
0
  0
LINE
  5
12BC
330
1A
100
AcDbEntity
  8
BLACK
  6
CONTINUOUS
100
AcDbLine
 10
1.6370078740157481
 20
1.1995570866141732
 30
0
 11
1.5047244094488188
 21
1.1995570866141732
 31
0
  0
LINE
  5
12BD
330
1A
100
AcDbEntity
  8
BLACK
  6
CONTINUOUS
100
AcDbLine
 10
1.5047244094488188
 20
1.1995570866141732
 30
0
 11
1.5043477559055118
 21
1.1996320078740157
 31
0
  0
LINE
  5
12BE
330
1A
100
AcDbEntity
  8
BLACK
  6
CONTINUOUS
100
AcDbLine
 10
1.5043477559055118
 20
1.1996320078740157
 30
0
 11
1.5038150787401574
 21
1.2001646850393701
 31
0
  0
LINE
  5
12BF
330
1A
100
AcDbEntity
  8
BLACK
  6
CONTINUOUS
100
AcDbLine
 10
1.5038150787401574
 20
1.2001646850393701
 30
0
 11
1.5037401574803149
 21
1.2005413385826771
 31
0
  0
LINE
  5
12C0
330
1A
100
AcDbEntity
  8
BLACK
  6
CONTINUOUS
100
AcDbLine
 10
1.5037401574803149
 20
1.2005413385826771
 30
0
 11
1.5037401574803149
 21
1.2753444881889764
 31
0
  0
LINE
  5
12C1
330
1A
100
AcDbEntity
  8
BLACK
  6
CONTINUOUS
100
AcDbLine
 10
1.5037401574803149
 20
1.2753444881889764
 30
0
 11
1.5038150787401574
 21
1.2757211417322833
 31
0
  0
LINE
  5
12C2
330
1A
100
AcDbEntity
  8
BLACK
  6
CONTINUOUS
100
AcDbLine
 10
1.5038150787401574
 20
1.2757211417322833
 30
0
 11
1.5043477559055118
 21
1.2762538188976378
 31
0
  0
LINE
  5
12C3
330
1A
100
AcDbEntity
  8
BLACK
  6
CONTINUOUS
100
AcDbLine
 10
1.5043477559055118
 20
1.2762538188976378
 30
0
 11
1.5047244094488188
 21
1.2763287401574803
 31
0
  0
LINE
  5
12C4
330
1A
100
AcDbEntity
  8
BLACK
  6
CONTINUOUS
100
AcDbLine
 10
1.5047244094488188
 20
1.2763287401574803
 30
0
 11
1.6370078740157481
 21
1.2763287401574803
 31
0
  0
LINE
  5
12C5
330
1A
100
AcDbEntity
  8
BLACK
  6
CONTINUOUS
100
AcDbLine
 10
1.6370078740157481
 20
1.2763287401574803
 30
0
 11
1.6373845275590551
 21
1.2762538188976378
 31
0
  0
LINE
  5
12C6
330
1A
100
AcDbEntity
  8
BLACK
  6
CONTINUOUS
100
AcDbLine
 10
1.5057086614173227
 20
1.2743602362204725
 30
0
 11
1.5057086614173227
 21
1.201525590551181
 31
0
  0
LINE
  5
12C7
330
1A
100
AcDbEntity
  8
BLACK
  6
CONTINUOUS
100
AcDbLine
 10
1.5057086614173227
 20
1.201525590551181
 30
0
 11
1.6360236220472442
 21
1.201525590551181
 31
0
  0
LINE
  5
12C8
330
1A
100
AcDbEntity
  8
BLACK
  6
CONTINUOUS
100
AcDbLine
 10
1.6360236220472442
 20
1.201525590551181
 30
0
 11
1.6360236220472442
 21
1.2743602362204725
 31
0
  0
LINE
  5
12C9
330
1A
100
AcDbEntity
  8
BLACK
  6
CONTINUOUS
100
AcDbLine
 10
1.6360236220472442
 20
1.2743602362204725
 30
0
 11
1.5057086614173227
 21
1.2743602362204725
 31
0
  0
LINE
  5
12CA
330
1A
100
AcDbEntity
  8
BLACK
  6
CONTINUOUS
100
AcDbLine
 10
1.9019514566929134
 20
1.2841278346456693
 30
0
 11
1.9024841338582676
 21
1.2835951574803148
 31
0
  0
LINE
  5
12CB
330
1A
100
AcDbEntity
  8
BLACK
  6
CONTINUOUS
100
AcDbLine
 10
1.9024841338582676
 20
1.2835951574803148
 30
0
 11
1.9025590551181102
 21
1.2832185039370079
 31
0
  0
LINE
  5
12CC
330
1A
100
AcDbEntity
  8
BLACK
  6
CONTINUOUS
100
AcDbLine
 10
1.9025590551181102
 20
1.2832185039370079
 30
0
 11
1.9025590551181102
 21
1.2005413385826771
 31
0
  0
LINE
  5
12CD
330
1A
100
AcDbEntity
  8
BLACK
  6
CONTINUOUS
100
AcDbLine
 10
1.9025590551181102
 20
1.2005413385826771
 30
0
 11
1.9024841338582676
 21
1.2001646850393701
 31
0
  0
LINE
  5
12CE
330
1A
100
AcDbEntity
  8
BLACK
  6
CONTINUOUS
100
AcDbLine
 10
1.9024841338582676
 20
1.2001646850393701
 30
0
 11
1.9019514566929134
 21
1.1996320078740157
 31
0
  0
LINE
  5
12CF
330
1A
100
AcDbEntity
  8
BLACK
  6
CONTINUOUS
100
AcDbLine
 10
1.9019514566929134
 20
1.1996320078740157
 30
0
 11
1.9015748031496063
 21
1.1995570866141732
 31
0
  0
LINE
  5
12D0
330
1A
100
AcDbEntity
  8
BLACK
  6
CONTINUOUS
100
AcDbLine
 10
1.9015748031496063
 20
1.1995570866141732
 30
0
 11
1.7204724409448819
 21
1.1995570866141732
 31
0
  0
LINE
  5
12D1
330
1A
100
AcDbEntity
  8
BLACK
  6
CONTINUOUS
100
AcDbLine
 10
1.7204724409448819
 20
1.1995570866141732
 30
0
 11
1.7200957874015748
 21
1.1996320078740157
 31
0
  0
LINE
  5
12D2
330
1A
100
AcDbEntity
  8
BLACK
  6
CONTINUOUS
100
AcDbLine
 10
1.7200957874015748
 20
1.1996320078740157
 30
0
 11
1.7195631102362203
 21
1.2001646850393701
 31
0
  0
LINE
  5
12D3
330
1A
100
AcDbEntity
  8
BLACK
  6
CONTINUOUS
100
AcDbLine
 10
1.7195631102362203
 20
1.2001646850393701
 30
0
 11
1.719488188976378
 21
1.2005413385826771
 31
0
  0
LINE
  5
12D4
330
1A
100
AcDbEntity
  8
BLACK
  6
CONTINUOUS
100
AcDbLine
 10
1.719488188976378
 20
1.2005413385826771
 30
0
 11
1.719488188976378
 21
1.2832185039370079
 31
0
  0
LINE
  5
12D5
330
1A
100
AcDbEntity
  8
BLACK
  6
CONTINUOUS
100
AcDbLine
 10
1.719488188976378
 20
1.2832185039370079
 30
0
 11
1.7195631102362203
 21
1.2835951574803148
 31
0
  0
LINE
  5
12D6
330
1A
100
AcDbEntity
  8
BLACK
  6
CONTINUOUS
100
AcDbLine
 10
1.7195631102362203
 20
1.2835951574803148
 30
0
 11
1.7200957874015748
 21
1.2841278346456693
 31
0
  0
LINE
  5
12D7
330
1A
100
AcDbEntity
  8
BLACK
  6
CONTINUOUS
100
AcDbLine
 10
1.7200957874015748
 20
1.2841278346456693
 30
0
 11
1.7204724409448819
 21
1.2842027559055118
 31
0
  0
LINE
  5
12D8
330
1A
100
AcDbEntity
  8
BLACK
  6
CONTINUOUS
100
AcDbLine
 10
1.7204724409448819
 20
1.2842027559055118
 30
0
 11
1.9015748031496063
 21
1.2842027559055118
 31
0
  0
LINE
  5
12D9
330
1A
100
AcDbEntity
  8
BLACK
  6
CONTINUOUS
100
AcDbLine
 10
1.9015748031496063
 20
1.2842027559055118
 30
0
 11
1.9019514566929134
 21
1.2841278346456693
 31
0
  0
LINE
  5
12DA
330
1A
100
AcDbEntity
  8
BLACK
  6
CONTINUOUS
100
AcDbLine
 10
1.7214566929133859
 20
1.2822342519685039
 30
0
 11
1.7214566929133859
 21
1.201525590551181
 31
0
  0
LINE
  5
12DB
330
1A
100
AcDbEntity
  8
BLACK
  6
CONTINUOUS
100
AcDbLine
 10
1.7214566929133859
 20
1.201525590551181
 30
0
 11
1.9005905511811023
 21
1.201525590551181
 31
0
  0
LINE
  5
12DC
330
1A
100
AcDbEntity
  8
BLACK
  6
CONTINUOUS
100
AcDbLine
 10
1.9005905511811023
 20
1.201525590551181
 30
0
 11
1.9005905511811023
 21
1.2822342519685039
 31
0
  0
LINE
  5
12DD
330
1A
100
AcDbEntity
  8
BLACK
  6
CONTINUOUS
100
AcDbLine
 10
1.9005905511811023
 20
1.2822342519685039
 30
0
 11
1.7214566929133859
 21
1.2822342519685039
 31
0
  0
LINE
  5
12DE
330
1A
100
AcDbEntity
  8
BLACK
  6
CONTINUOUS
100
AcDbLine
 10
2.1696890551181101
 20
1.3375001968503937
 30
0
 11
2.1702217322834647
 21
1.3369675196850392
 31
0
  0
LINE
  5
12DF
330
1A
100
AcDbEntity
  8
BLACK
  6
CONTINUOUS
100
AcDbLine
 10
2.1702217322834647
 20
1.3369675196850392
 30
0
 11
2.170296653543307
 21
1.3365908661417323
 31
0
  0
LINE
  5
12E0
330
1A
100
AcDbEntity
  8
BLACK
  6
CONTINUOUS
100
AcDbLine
 10
2.170296653543307
 20
1.3365908661417323
 30
0
 11
2.170296653543307
 21
1.2594255118110236
 31
0
  0
LINE
  5
12E1
330
1A
100
AcDbEntity
  8
BLACK
  6
CONTINUOUS
100
AcDbLine
 10
2.170296653543307
 20
1.2594255118110236
 30
0
 11
2.1702217322834647
 21
1.2590488582677164
 31
0
  0
LINE
  5
12E2
330
1A
100
AcDbEntity
  8
BLACK
  6
CONTINUOUS
100
AcDbLine
 10
2.1702217322834647
 20
1.2590488582677164
 30
0
 11
2.1696890551181101
 21
1.2585161811023622
 31
0
  0
LINE
  5
12E3
330
1A
100
AcDbEntity
  8
BLACK
  6
CONTINUOUS
100
AcDbLine
 10
2.1696890551181101
 20
1.2585161811023622
 30
0
 11
2.1693124015748033
 21
1.2584412598425196
 31
0
  0
LINE
  5
12E4
330
1A
100
AcDbEntity
  8
BLACK
  6
CONTINUOUS
100
AcDbLine
 10
2.1693124015748033
 20
1.2584412598425196
 30
0
 11
2.0354541338582677
 21
1.2584412598425196
 31
0
  0
LINE
  5
12E5
330
1A
100
AcDbEntity
  8
BLACK
  6
CONTINUOUS
100
AcDbLine
 10
2.0354541338582677
 20
1.2584412598425196
 30
0
 11
2.0350774803149605
 21
1.2585161811023622
 31
0
  0
LINE
  5
12E6
330
1A
100
AcDbEntity
  8
BLACK
  6
CONTINUOUS
100
AcDbLine
 10
2.0350774803149605
 20
1.2585161811023622
 30
0
 11
2.0345448031496063
 21
1.2590488582677164
 31
0
  0
LINE
  5
12E7
330
1A
100
AcDbEntity
  8
BLACK
  6
CONTINUOUS
100
AcDbLine
 10
2.0345448031496063
 20
1.2590488582677164
 30
0
 11
2.0344698818897635
 21
1.2594255118110236
 31
0
  0
LINE
  5
12E8
330
1A
100
AcDbEntity
  8
BLACK
  6
CONTINUOUS
100
AcDbLine
 10
2.0344698818897635
 20
1.2594255118110236
 30
0
 11
2.0344698818897635
 21
1.3365908661417323
 31
0
  0
LINE
  5
12E9
330
1A
100
AcDbEntity
  8
BLACK
  6
CONTINUOUS
100
AcDbLine
 10
2.0344698818897635
 20
1.3365908661417323
 30
0
 11
2.0345448031496063
 21
1.3369675196850392
 31
0
  0
LINE
  5
12EA
330
1A
100
AcDbEntity
  8
BLACK
  6
CONTINUOUS
100
AcDbLine
 10
2.0345448031496063
 20
1.3369675196850392
 30
0
 11
2.0350774803149605
 21
1.3375001968503937
 31
0
  0
LINE
  5
12EB
330
1A
100
AcDbEntity
  8
BLACK
  6
CONTINUOUS
100
AcDbLine
 10
2.0350774803149605
 20
1.3375001968503937
 30
0
 11
2.0354541338582677
 21
1.3375751181102362
 31
0
  0
LINE
  5
12EC
330
1A
100
AcDbEntity
  8
BLACK
  6
CONTINUOUS
100
AcDbLine
 10
2.0354541338582677
 20
1.3375751181102362
 30
0
 11
2.1693124015748033
 21
1.3375751181102362
 31
0
  0
LINE
  5
12ED
330
1A
100
AcDbEntity
  8
BLACK
  6
CONTINUOUS
100
AcDbLine
 10
2.1693124015748033
 20
1.3375751181102362
 30
0
 11
2.1696890551181101
 21
1.3375001968503937
 31
0
  0
LINE
  5
12EE
330
1A
100
AcDbEntity
  8
BLACK
  6
CONTINUOUS
100
AcDbLine
 10
2.0364383858267714
 20
1.3356066141732283
 30
0
 11
2.0364383858267714
 21
1.2604097637795275
 31
0
  0
LINE
  5
12EF
330
1A
100
AcDbEntity
  8
BLACK
  6
CONTINUOUS
100
AcDbLine
 10
2.0364383858267714
 20
1.2604097637795275
 30
0
 11
2.1683281496062992
 21
1.2604097637795275
 31
0
  0
LINE
  5
12F0
330
1A
100
AcDbEntity
  8
BLACK
  6
CONTINUOUS
100
AcDbLine
 10
2.1683281496062992
 20
1.2604097637795275
 30
0
 11
2.1683281496062992
 21
1.3356066141732283
 31
0
  0
LINE
  5
12F1
330
1A
100
AcDbEntity
  8
BLACK
  6
CONTINUOUS
100
AcDbLine
 10
2.1683281496062992
 20
1.3356066141732283
 30
0
 11
2.0364383858267714
 21
1.3356066141732283
 31
0
  0
LINE
  5
12F2
330
1A
100
AcDbEntity
  8
BLACK
  6
CONTINUOUS
100
AcDbLine
 10
0.8842349212598425
 20
1.3955451574803148
 30
0
 11
0.8847675984251968
 21
1.3950124803149606
 31
0
  0
LINE
  5
12F3
330
1A
100
AcDbEntity
  8
BLACK
  6
CONTINUOUS
100
AcDbLine
 10
0.8847675984251968
 20
1.3950124803149606
 30
0
 11
0.8848425196850394
 21
1.3946358267716534
 31
0
  0
LINE
  5
12F4
330
1A
100
AcDbEntity
  8
BLACK
  6
CONTINUOUS
100
AcDbLine
 10
0.8848425196850394
 20
1.3946358267716534
 30
0
 11
0.8848425196850394
 21
1.2623523622047244
 31
0
  0
LINE
  5
12F5
330
1A
100
AcDbEntity
  8
BLACK
  6
CONTINUOUS
100
AcDbLine
 10
0.8848425196850394
 20
1.2623523622047244
 30
0
 11
0.8847675984251968
 21
1.2619757086614174
 31
0
  0
LINE
  5
12F6
330
1A
100
AcDbEntity
  8
BLACK
  6
CONTINUOUS
100
AcDbLine
 10
0.8847675984251968
 20
1.2619757086614174
 30
0
 11
0.8842349212598425
 21
1.261443031496063
 31
0
  0
LINE
  5
12F7
330
1A
100
AcDbEntity
  8
BLACK
  6
CONTINUOUS
100
AcDbLine
 10
0.8842349212598425
 20
1.261443031496063
 30
0
 11
0.8838582677165354
 21
1.2613681102362204
 31
0
  0
LINE
  5
12F8
330
1A
100
AcDbEntity
  8
BLACK
  6
CONTINUOUS
100
AcDbLine
 10
0.8838582677165354
 20
1.2613681102362204
 30
0
 11
0.8090551181102362
 21
1.2613681102362204
 31
0
  0
LINE
  5
12F9
330
1A
100
AcDbEntity
  8
BLACK
  6
CONTINUOUS
100
AcDbLine
 10
0.8090551181102362
 20
1.2613681102362204
 30
0
 11
0.8086784645669292
 21
1.261443031496063
 31
0
  0
LINE
  5
12FA
330
1A
100
AcDbEntity
  8
BLACK
  6
CONTINUOUS
100
AcDbLine
 10
0.8086784645669292
 20
1.261443031496063
 30
0
 11
0.8081457874015748
 21
1.2619757086614174
 31
0
  0
LINE
  5
12FB
330
1A
100
AcDbEntity
  8
BLACK
  6
CONTINUOUS
100
AcDbLine
 10
0.8081457874015748
 20
1.2619757086614174
 30
0
 11
0.8080708661417323
 21
1.2623523622047244
 31
0
  0
LINE
  5
12FC
330
1A
100
AcDbEntity
  8
BLACK
  6
CONTINUOUS
100
AcDbLine
 10
0.8080708661417323
 20
1.2623523622047244
 30
0
 11
0.8080708661417323
 21
1.3946358267716534
 31
0
  0
LINE
  5
12FD
330
1A
100
AcDbEntity
  8
BLACK
  6
CONTINUOUS
100
AcDbLine
 10
0.8080708661417323
 20
1.3946358267716534
 30
0
 11
0.8081457874015748
 21
1.3950124803149606
 31
0
  0
LINE
  5
12FE
330
1A
100
AcDbEntity
  8
BLACK
  6
CONTINUOUS
100
AcDbLine
 10
0.8081457874015748
 20
1.3950124803149606
 30
0
 11
0.8086784645669292
 21
1.3955451574803148
 31
0
  0
LINE
  5
12FF
330
1A
100
AcDbEntity
  8
BLACK
  6
CONTINUOUS
100
AcDbLine
 10
0.8086784645669292
 20
1.3955451574803148
 30
0
 11
0.8090551181102362
 21
1.3956200787401574
 31
0
  0
LINE
  5
1300
330
1A
100
AcDbEntity
  8
BLACK
  6
CONTINUOUS
100
AcDbLine
 10
0.8090551181102362
 20
1.3956200787401574
 30
0
 11
0.8838582677165354
 21
1.3956200787401574
 31
0
  0
LINE
  5
1301
330
1A
100
AcDbEntity
  8
BLACK
  6
CONTINUOUS
100
AcDbLine
 10
0.8838582677165354
 20
1.3956200787401574
 30
0
 11
0.8842349212598425
 21
1.3955451574803148
 31
0
  0
LINE
  5
1302
330
1A
100
AcDbEntity
  8
BLACK
  6
CONTINUOUS
100
AcDbLine
 10
0.8100393700787402
 20
1.3936515748031495
 30
0
 11
0.8100393700787402
 21
1.2633366141732283
 31
0
  0
LINE
  5
1303
330
1A
100
AcDbEntity
  8
BLACK
  6
CONTINUOUS
100
AcDbLine
 10
0.8100393700787402
 20
1.2633366141732283
 30
0
 11
0.8828740157480315
 21
1.2633366141732283
 31
0
  0
LINE
  5
1304
330
1A
100
AcDbEntity
  8
BLACK
  6
CONTINUOUS
100
AcDbLine
 10
0.8828740157480315
 20
1.2633366141732283
 30
0
 11
0.8828740157480315
 21
1.3936515748031495
 31
0
  0
LINE
  5
1305
330
1A
100
AcDbEntity
  8
BLACK
  6
CONTINUOUS
100
AcDbLine
 10
0.8828740157480315
 20
1.3936515748031495
 30
0
 11
0.8100393700787402
 21
1.3936515748031495
 31
0
  0
LINE
  5
1306
330
1A
100
AcDbEntity
  8
BLACK
  6
CONTINUOUS
100
AcDbLine
 10
1.4019514566929134
 20
1.4258601181102362
 30
0
 11
1.4024841338582676
 21
1.425327440944882
 31
0
  0
LINE
  5
1307
330
1A
100
AcDbEntity
  8
BLACK
  6
CONTINUOUS
100
AcDbLine
 10
1.4024841338582676
 20
1.425327440944882
 30
0
 11
1.4025590551181102
 21
1.4249507874015748
 31
0
  0
LINE
  5
1308
330
1A
100
AcDbEntity
  8
BLACK
  6
CONTINUOUS
100
AcDbLine
 10
1.4025590551181102
 20
1.4249507874015748
 30
0
 11
1.4025590551181102
 21
1.2635334645669292
 31
0
  0
LINE
  5
1309
330
1A
100
AcDbEntity
  8
BLACK
  6
CONTINUOUS
100
AcDbLine
 10
1.4025590551181102
 20
1.2635334645669292
 30
0
 11
1.4024841338582676
 21
1.263156811023622
 31
0
  0
LINE
  5
130A
330
1A
100
AcDbEntity
  8
BLACK
  6
CONTINUOUS
100
AcDbLine
 10
1.4024841338582676
 20
1.263156811023622
 30
0
 11
1.4019514566929134
 21
1.2626241338582678
 31
0
  0
LINE
  5
130B
330
1A
100
AcDbEntity
  8
BLACK
  6
CONTINUOUS
100
AcDbLine
 10
1.4019514566929134
 20
1.2626241338582678
 30
0
 11
1.4015748031496063
 21
1.2625492125984252
 31
0
  0
LINE
  5
130C
330
1A
100
AcDbEntity
  8
BLACK
  6
CONTINUOUS
100
AcDbLine
 10
1.4015748031496063
 20
1.2625492125984252
 30
0
 11
1.2677165354330708
 21
1.2625492125984252
 31
0
  0
LINE
  5
130D
330
1A
100
AcDbEntity
  8
BLACK
  6
CONTINUOUS
100
AcDbLine
 10
1.2677165354330708
 20
1.2625492125984252
 30
0
 11
1.2673398818897637
 21
1.2626241338582678
 31
0
  0
LINE
  5
130E
330
1A
100
AcDbEntity
  8
BLACK
  6
CONTINUOUS
100
AcDbLine
 10
1.2673398818897637
 20
1.2626241338582678
 30
0
 11
1.2668072047244094
 21
1.263156811023622
 31
0
  0
LINE
  5
130F
330
1A
100
AcDbEntity
  8
BLACK
  6
CONTINUOUS
100
AcDbLine
 10
1.2668072047244094
 20
1.263156811023622
 30
0
 11
1.2667322834645669
 21
1.2635334645669292
 31
0
  0
LINE
  5
1310
330
1A
100
AcDbEntity
  8
BLACK
  6
CONTINUOUS
100
AcDbLine
 10
1.2667322834645669
 20
1.2635334645669292
 30
0
 11
1.2667322834645669
 21
1.4249507874015748
 31
0
  0
LINE
  5
1311
330
1A
100
AcDbEntity
  8
BLACK
  6
CONTINUOUS
100
AcDbLine
 10
1.2667322834645669
 20
1.4249507874015748
 30
0
 11
1.2668072047244094
 21
1.425327440944882
 31
0
  0
LINE
  5
1312
330
1A
100
AcDbEntity
  8
BLACK
  6
CONTINUOUS
100
AcDbLine
 10
1.2668072047244094
 20
1.425327440944882
 30
0
 11
1.2673398818897637
 21
1.4258601181102362
 31
0
  0
LINE
  5
1313
330
1A
100
AcDbEntity
  8
BLACK
  6
CONTINUOUS
100
AcDbLine
 10
1.2673398818897637
 20
1.4258601181102362
 30
0
 11
1.2677165354330708
 21
1.4259350393700787
 31
0
  0
LINE
  5
1314
330
1A
100
AcDbEntity
  8
BLACK
  6
CONTINUOUS
100
AcDbLine
 10
1.2677165354330708
 20
1.4259350393700787
 30
0
 11
1.4015748031496063
 21
1.4259350393700787
 31
0
  0
LINE
  5
1315
330
1A
100
AcDbEntity
  8
BLACK
  6
CONTINUOUS
100
AcDbLine
 10
1.4015748031496063
 20
1.4259350393700787
 30
0
 11
1.4019514566929134
 21
1.4258601181102362
 31
0
  0
LINE
  5
1316
330
1A
100
AcDbEntity
  8
BLACK
  6
CONTINUOUS
100
AcDbLine
 10
1.2687007874015748
 20
1.4239665354330708
 30
0
 11
1.2687007874015748
 21
1.2645177165354331
 31
0
  0
LINE
  5
1317
330
1A
100
AcDbEntity
  8
BLACK
  6
CONTINUOUS
100
AcDbLine
 10
1.2687007874015748
 20
1.2645177165354331
 30
0
 11
1.4005905511811023
 21
1.2645177165354331
 31
0
  0
LINE
  5
1318
330
1A
100
AcDbEntity
  8
BLACK
  6
CONTINUOUS
100
AcDbLine
 10
1.4005905511811023
 20
1.2645177165354331
 30
0
 11
1.4005905511811023
 21
1.4239665354330708
 31
0
  0
LINE
  5
1319
330
1A
100
AcDbEntity
  8
BLACK
  6
CONTINUOUS
100
AcDbLine
 10
1.4005905511811023
 20
1.4239665354330708
 30
0
 11
1.2687007874015748
 21
1.4239665354330708
 31
0
  0
LINE
  5
131A
330
1A
100
AcDbEntity
  8
BLACK
  6
CONTINUOUS
100
AcDbLine
 10
1.6381719291338583
 20
1.3601120866141732
 30
0
 11
1.6387046062992126
 21
1.3595794094488189
 31
0
  0
LINE
  5
131B
330
1A
100
AcDbEntity
  8
BLACK
  6
CONTINUOUS
100
AcDbLine
 10
1.6387046062992126
 20
1.3595794094488189
 30
0
 11
1.6387795275590551
 21
1.3592027559055118
 31
0
  0
LINE
  5
131C
330
1A
100
AcDbEntity
  8
BLACK
  6
CONTINUOUS
100
AcDbLine
 10
1.6387795275590551
 20
1.3592027559055118
 30
0
 11
1.6387795275590551
 21
1.2820374015748031
 31
0
  0
LINE
  5
131D
330
1A
100
AcDbEntity
  8
BLACK
  6
CONTINUOUS
100
AcDbLine
 10
1.6387795275590551
 20
1.2820374015748031
 30
0
 11
1.6387046062992126
 21
1.2816607480314961
 31
0
  0
LINE
  5
131E
330
1A
100
AcDbEntity
  8
BLACK
  6
CONTINUOUS
100
AcDbLine
 10
1.6387046062992126
 20
1.2816607480314961
 30
0
 11
1.6381719291338583
 21
1.2811280708661417
 31
0
  0
LINE
  5
131F
330
1A
100
AcDbEntity
  8
BLACK
  6
CONTINUOUS
100
AcDbLine
 10
1.6381719291338583
 20
1.2811280708661417
 30
0
 11
1.6377952755905512
 21
1.2810531496062991
 31
0
  0
LINE
  5
1320
330
1A
100
AcDbEntity
  8
BLACK
  6
CONTINUOUS
100
AcDbLine
 10
1.6377952755905512
 20
1.2810531496062991
 30
0
 11
1.5039370078740157
 21
1.2810531496062991
 31
0
  0
LINE
  5
1321
330
1A
100
AcDbEntity
  8
BLACK
  6
CONTINUOUS
100
AcDbLine
 10
1.5039370078740157
 20
1.2810531496062991
 30
0
 11
1.5035603543307086
 21
1.2811280708661417
 31
0
  0
LINE
  5
1322
330
1A
100
AcDbEntity
  8
BLACK
  6
CONTINUOUS
100
AcDbLine
 10
1.5035603543307086
 20
1.2811280708661417
 30
0
 11
1.5030276771653543
 21
1.2816607480314961
 31
0
  0
LINE
  5
1323
330
1A
100
AcDbEntity
  8
BLACK
  6
CONTINUOUS
100
AcDbLine
 10
1.5030276771653543
 20
1.2816607480314961
 30
0
 11
1.5029527559055118
 21
1.2820374015748031
 31
0
  0
LINE
  5
1324
330
1A
100
AcDbEntity
  8
BLACK
  6
CONTINUOUS
100
AcDbLine
 10
1.5029527559055118
 20
1.2820374015748031
 30
0
 11
1.5029527559055118
 21
1.3592027559055118
 31
0
  0
LINE
  5
1325
330
1A
100
AcDbEntity
  8
BLACK
  6
CONTINUOUS
100
AcDbLine
 10
1.5029527559055118
 20
1.3592027559055118
 30
0
 11
1.5030276771653543
 21
1.3595794094488189
 31
0
  0
LINE
  5
1326
330
1A
100
AcDbEntity
  8
BLACK
  6
CONTINUOUS
100
AcDbLine
 10
1.5030276771653543
 20
1.3595794094488189
 30
0
 11
1.5035603543307086
 21
1.3601120866141732
 31
0
  0
LINE
  5
1327
330
1A
100
AcDbEntity
  8
BLACK
  6
CONTINUOUS
100
AcDbLine
 10
1.5035603543307086
 20
1.3601120866141732
 30
0
 11
1.5039370078740157
 21
1.3601870078740157
 31
0
  0
LINE
  5
1328
330
1A
100
AcDbEntity
  8
BLACK
  6
CONTINUOUS
100
AcDbLine
 10
1.5039370078740157
 20
1.3601870078740157
 30
0
 11
1.6377952755905512
 21
1.3601870078740157
 31
0
  0
LINE
  5
1329
330
1A
100
AcDbEntity
  8
BLACK
  6
CONTINUOUS
100
AcDbLine
 10
1.6377952755905512
 20
1.3601870078740157
 30
0
 11
1.6381719291338583
 21
1.3601120866141732
 31
0
  0
LINE
  5
132A
330
1A
100
AcDbEntity
  8
BLACK
  6
CONTINUOUS
100
AcDbLine
 10
1.5049212598425197
 20
1.3582185039370078
 30
0
 11
1.5049212598425197
 21
1.283021653543307
 31
0
  0
LINE
  5
132B
330
1A
100
AcDbEntity
  8
BLACK
  6
CONTINUOUS
100
AcDbLine
 10
1.5049212598425197
 20
1.283021653543307
 30
0
 11
1.6368110236220472
 21
1.283021653543307
 31
0
  0
LINE
  5
132C
330
1A
100
AcDbEntity
  8
BLACK
  6
CONTINUOUS
100
AcDbLine
 10
1.6368110236220472
 20
1.283021653543307
 30
0
 11
1.6368110236220472
 21
1.3582185039370078
 31
0
  0
LINE
  5
132D
330
1A
100
AcDbEntity
  8
BLACK
  6
CONTINUOUS
100
AcDbLine
 10
1.6368110236220472
 20
1.3582185039370078
 30
0
 11
1.5049212598425197
 21
1.3582185039370078
 31
0
  0
LINE
  5
132E
330
1A
100
AcDbEntity
  8
BLACK
  6
CONTINUOUS
100
AcDbLine
 10
1.9011640551181102
 20
1.4258601181102362
 30
0
 11
1.9016967322834646
 21
1.425327440944882
 31
0
  0
LINE
  5
132F
330
1A
100
AcDbEntity
  8
BLACK
  6
CONTINUOUS
100
AcDbLine
 10
1.9016967322834646
 20
1.425327440944882
 30
0
 11
1.9017716535433071
 21
1.4249507874015748
 31
0
  0
LINE
  5
1330
330
1A
100
AcDbEntity
  8
BLACK
  6
CONTINUOUS
100
AcDbLine
 10
1.9017716535433071
 20
1.4249507874015748
 30
0
 11
1.9017716535433071
 21
1.2871555118110236
 31
0
  0
LINE
  5
1331
330
1A
100
AcDbEntity
  8
BLACK
  6
CONTINUOUS
100
AcDbLine
 10
1.9017716535433071
 20
1.2871555118110236
 30
0
 11
1.9016967322834646
 21
1.2867788582677164
 31
0
  0
LINE
  5
1332
330
1A
100
AcDbEntity
  8
BLACK
  6
CONTINUOUS
100
AcDbLine
 10
1.9016967322834646
 20
1.2867788582677164
 30
0
 11
1.9011640551181102
 21
1.2862461811023622
 31
0
  0
LINE
  5
1333
330
1A
100
AcDbEntity
  8
BLACK
  6
CONTINUOUS
100
AcDbLine
 10
1.9011640551181102
 20
1.2862461811023622
 30
0
 11
1.9007874015748032
 21
1.2861712598425197
 31
0
  0
LINE
  5
1334
330
1A
100
AcDbEntity
  8
BLACK
  6
CONTINUOUS
100
AcDbLine
 10
1.9007874015748032
 20
1.2861712598425197
 30
0
 11
1.6503937007874014
 21
1.2861712598425197
 31
0
  0
LINE
  5
1335
330
1A
100
AcDbEntity
  8
BLACK
  6
CONTINUOUS
100
AcDbLine
 10
1.6503937007874014
 20
1.2861712598425197
 30
0
 11
1.6500170472440945
 21
1.2862461811023622
 31
0
  0
LINE
  5
1336
330
1A
100
AcDbEntity
  8
BLACK
  6
CONTINUOUS
100
AcDbLine
 10
1.6500170472440945
 20
1.2862461811023622
 30
0
 11
1.64948437007874
 21
1.2867788582677164
 31
0
  0
LINE
  5
1337
330
1A
100
AcDbEntity
  8
BLACK
  6
CONTINUOUS
100
AcDbLine
 10
1.64948437007874
 20
1.2867788582677164
 30
0
 11
1.6494094488188975
 21
1.2871555118110236
 31
0
  0
LINE
  5
1338
330
1A
100
AcDbEntity
  8
BLACK
  6
CONTINUOUS
100
AcDbLine
 10
1.6494094488188975
 20
1.2871555118110236
 30
0
 11
1.6494094488188975
 21
1.4249507874015748
 31
0
  0
LINE
  5
1339
330
1A
100
AcDbEntity
  8
BLACK
  6
CONTINUOUS
100
AcDbLine
 10
1.6494094488188975
 20
1.4249507874015748
 30
0
 11
1.64948437007874
 21
1.425327440944882
 31
0
  0
LINE
  5
133A
330
1A
100
AcDbEntity
  8
BLACK
  6
CONTINUOUS
100
AcDbLine
 10
1.64948437007874
 20
1.425327440944882
 30
0
 11
1.6500170472440945
 21
1.4258601181102362
 31
0
  0
LINE
  5
133B
330
1A
100
AcDbEntity
  8
BLACK
  6
CONTINUOUS
100
AcDbLine
 10
1.6500170472440945
 20
1.4258601181102362
 30
0
 11
1.6503937007874014
 21
1.4259350393700787
 31
0
  0
LINE
  5
133C
330
1A
100
AcDbEntity
  8
BLACK
  6
CONTINUOUS
100
AcDbLine
 10
1.6503937007874014
 20
1.4259350393700787
 30
0
 11
1.9007874015748032
 21
1.4259350393700787
 31
0
  0
LINE
  5
133D
330
1A
100
AcDbEntity
  8
BLACK
  6
CONTINUOUS
100
AcDbLine
 10
1.9007874015748032
 20
1.4259350393700787
 30
0
 11
1.9011640551181102
 21
1.4258601181102362
 31
0
  0
LINE
  5
133E
330
1A
100
AcDbEntity
  8
BLACK
  6
CONTINUOUS
100
AcDbLine
 10
1.6513779527559054
 20
1.4239665354330708
 30
0
 11
1.6513779527559054
 21
1.2881397637795275
 31
0
  0
LINE
  5
133F
330
1A
100
AcDbEntity
  8
BLACK
  6
CONTINUOUS
100
AcDbLine
 10
1.6513779527559054
 20
1.2881397637795275
 30
0
 11
1.8998031496062993
 21
1.2881397637795275
 31
0
  0
LINE
  5
1340
330
1A
100
AcDbEntity
  8
BLACK
  6
CONTINUOUS
100
AcDbLine
 10
1.8998031496062993
 20
1.2881397637795275
 30
0
 11
1.8998031496062993
 21
1.4239665354330708
 31
0
  0
LINE
  5
1341
330
1A
100
AcDbEntity
  8
BLACK
  6
CONTINUOUS
100
AcDbLine
 10
1.8998031496062993
 20
1.4239665354330708
 30
0
 11
1.6513779527559054
 21
1.4239665354330708
 31
0
  0
LINE
  5
1342
330
1A
100
AcDbEntity
  8
BLACK
  6
CONTINUOUS
100
AcDbLine
 10
1.2287231102362204
 20
1.3719231102362204
 30
0
 11
1.2292557874015748
 21
1.3713904330708662
 31
0
  0
LINE
  5
1343
330
1A
100
AcDbEntity
  8
BLACK
  6
CONTINUOUS
100
AcDbLine
 10
1.2292557874015748
 20
1.3713904330708662
 30
0
 11
1.2293307086614174
 21
1.371013779527559
 31
0
  0
LINE
  5
1344
330
1A
100
AcDbEntity
  8
BLACK
  6
CONTINUOUS
100
AcDbLine
 10
1.2293307086614174
 20
1.371013779527559
 30
0
 11
1.2293307086614174
 21
1.2938484251968503
 31
0
  0
LINE
  5
1345
330
1A
100
AcDbEntity
  8
BLACK
  6
CONTINUOUS
100
AcDbLine
 10
1.2293307086614174
 20
1.2938484251968503
 30
0
 11
1.2292557874015748
 21
1.2934717716535433
 31
0
  0
LINE
  5
1346
330
1A
100
AcDbEntity
  8
BLACK
  6
CONTINUOUS
100
AcDbLine
 10
1.2292557874015748
 20
1.2934717716535433
 30
0
 11
1.2287231102362204
 21
1.2929390944881889
 31
0
  0
LINE
  5
1347
330
1A
100
AcDbEntity
  8
BLACK
  6
CONTINUOUS
100
AcDbLine
 10
1.2287231102362204
 20
1.2929390944881889
 30
0
 11
1.2283464566929134
 21
1.2928641732283463
 31
0
  0
LINE
  5
1348
330
1A
100
AcDbEntity
  8
BLACK
  6
CONTINUOUS
100
AcDbLine
 10
1.2283464566929134
 20
1.2928641732283463
 30
0
 11
1.094488188976378
 21
1.2928641732283463
 31
0
  0
LINE
  5
1349
330
1A
100
AcDbEntity
  8
BLACK
  6
CONTINUOUS
100
AcDbLine
 10
1.094488188976378
 20
1.2928641732283463
 30
0
 11
1.0941115354330708
 21
1.2929390944881889
 31
0
  0
LINE
  5
134A
330
1A
100
AcDbEntity
  8
BLACK
  6
CONTINUOUS
100
AcDbLine
 10
1.0941115354330708
 20
1.2929390944881889
 30
0
 11
1.0935788582677166
 21
1.2934717716535433
 31
0
  0
LINE
  5
134B
330
1A
100
AcDbEntity
  8
BLACK
  6
CONTINUOUS
100
AcDbLine
 10
1.0935788582677166
 20
1.2934717716535433
 30
0
 11
1.0935039370078741
 21
1.2938484251968503
 31
0
  0
LINE
  5
134C
330
1A
100
AcDbEntity
  8
BLACK
  6
CONTINUOUS
100
AcDbLine
 10
1.0935039370078741
 20
1.2938484251968503
 30
0
 11
1.0935039370078741
 21
1.371013779527559
 31
0
  0
LINE
  5
134D
330
1A
100
AcDbEntity
  8
BLACK
  6
CONTINUOUS
100
AcDbLine
 10
1.0935039370078741
 20
1.371013779527559
 30
0
 11
1.0935788582677166
 21
1.3713904330708662
 31
0
  0
LINE
  5
134E
330
1A
100
AcDbEntity
  8
BLACK
  6
CONTINUOUS
100
AcDbLine
 10
1.0935788582677166
 20
1.3713904330708662
 30
0
 11
1.0941115354330708
 21
1.3719231102362204
 31
0
  0
LINE
  5
134F
330
1A
100
AcDbEntity
  8
BLACK
  6
CONTINUOUS
100
AcDbLine
 10
1.0941115354330708
 20
1.3719231102362204
 30
0
 11
1.094488188976378
 21
1.3719980314960629
 31
0
  0
LINE
  5
1350
330
1A
100
AcDbEntity
  8
BLACK
  6
CONTINUOUS
100
AcDbLine
 10
1.094488188976378
 20
1.3719980314960629
 30
0
 11
1.2283464566929134
 21
1.3719980314960629
 31
0
  0
LINE
  5
1351
330
1A
100
AcDbEntity
  8
BLACK
  6
CONTINUOUS
100
AcDbLine
 10
1.2283464566929134
 20
1.3719980314960629
 30
0
 11
1.2287231102362204
 21
1.3719231102362204
 31
0
  0
LINE
  5
1352
330
1A
100
AcDbEntity
  8
BLACK
  6
CONTINUOUS
100
AcDbLine
 10
1.0954724409448819
 20
1.370029527559055
 30
0
 11
1.0954724409448819
 21
1.2948326771653542
 31
0
  0
LINE
  5
1353
330
1A
100
AcDbEntity
  8
BLACK
  6
CONTINUOUS
100
AcDbLine
 10
1.0954724409448819
 20
1.2948326771653542
 30
0
 11
1.2273622047244095
 21
1.2948326771653542
 31
0
  0
LINE
  5
1354
330
1A
100
AcDbEntity
  8
BLACK
  6
CONTINUOUS
100
AcDbLine
 10
1.2273622047244095
 20
1.2948326771653542
 30
0
 11
1.2273622047244095
 21
1.370029527559055
 31
0
  0
LINE
  5
1355
330
1A
100
AcDbEntity
  8
BLACK
  6
CONTINUOUS
100
AcDbLine
 10
1.2273622047244095
 20
1.370029527559055
 30
0
 11
1.0954724409448819
 21
1.370029527559055
 31
0
  0
LINE
  5
1356
330
1A
100
AcDbEntity
  8
BLACK
  6
CONTINUOUS
100
AcDbLine
 10
1.0377782283464567
 20
1.391066811023622
 30
0
 11
1.0383109055118109
 21
1.3905341338582677
 31
0
  0
LINE
  5
1357
330
1A
100
AcDbEntity
  8
BLACK
  6
CONTINUOUS
100
AcDbLine
 10
1.0383109055118109
 20
1.3905341338582677
 30
0
 11
1.0383858267716535
 21
1.3901574803149606
 31
0
  0
LINE
  5
1358
330
1A
100
AcDbEntity
  8
BLACK
  6
CONTINUOUS
100
AcDbLine
 10
1.0383858267716535
 20
1.3901574803149606
 30
0
 11
1.0383858267716535
 21
1.3153543307086615
 31
0
  0
LINE
  5
1359
330
1A
100
AcDbEntity
  8
BLACK
  6
CONTINUOUS
100
AcDbLine
 10
1.0383858267716535
 20
1.3153543307086615
 30
0
 11
1.0383109055118109
 21
1.3149776771653543
 31
0
  0
LINE
  5
135A
330
1A
100
AcDbEntity
  8
BLACK
  6
CONTINUOUS
100
AcDbLine
 10
1.0383109055118109
 20
1.3149776771653543
 30
0
 11
1.0377782283464567
 21
1.3144449999999999
 31
0
  0
LINE
  5
135B
330
1A
100
AcDbEntity
  8
BLACK
  6
CONTINUOUS
100
AcDbLine
 10
1.0377782283464567
 20
1.3144449999999999
 30
0
 11
1.0374015748031495
 21
1.3143700787401575
 31
0
  0
LINE
  5
135C
330
1A
100
AcDbEntity
  8
BLACK
  6
CONTINUOUS
100
AcDbLine
 10
1.0374015748031495
 20
1.3143700787401575
 30
0
 11
0.9051181102362205
 21
1.3143700787401575
 31
0
  0
LINE
  5
135D
330
1A
100
AcDbEntity
  8
BLACK
  6
CONTINUOUS
100
AcDbLine
 10
0.9051181102362205
 20
1.3143700787401575
 30
0
 11
0.9047414566929134
 21
1.3144449999999999
 31
0
  0
LINE
  5
135E
330
1A
100
AcDbEntity
  8
BLACK
  6
CONTINUOUS
100
AcDbLine
 10
0.9047414566929134
 20
1.3144449999999999
 30
0
 11
0.9042087795275591
 21
1.3149776771653543
 31
0
  0
LINE
  5
135F
330
1A
100
AcDbEntity
  8
BLACK
  6
CONTINUOUS
100
AcDbLine
 10
0.9042087795275591
 20
1.3149776771653543
 30
0
 11
0.9041338582677165
 21
1.3153543307086615
 31
0
  0
LINE
  5
1360
330
1A
100
AcDbEntity
  8
BLACK
  6
CONTINUOUS
100
AcDbLine
 10
0.9041338582677165
 20
1.3153543307086615
 30
0
 11
0.9041338582677165
 21
1.3901574803149606
 31
0
  0
LINE
  5
1361
330
1A
100
AcDbEntity
  8
BLACK
  6
CONTINUOUS
100
AcDbLine
 10
0.9041338582677165
 20
1.3901574803149606
 30
0
 11
0.9042087795275591
 21
1.3905341338582677
 31
0
  0
LINE
  5
1362
330
1A
100
AcDbEntity
  8
BLACK
  6
CONTINUOUS
100
AcDbLine
 10
0.9042087795275591
 20
1.3905341338582677
 30
0
 11
0.9047414566929134
 21
1.391066811023622
 31
0
  0
LINE
  5
1363
330
1A
100
AcDbEntity
  8
BLACK
  6
CONTINUOUS
100
AcDbLine
 10
0.9047414566929134
 20
1.391066811023622
 30
0
 11
0.9051181102362205
 21
1.3911417322834645
 31
0
  0
LINE
  5
1364
330
1A
100
AcDbEntity
  8
BLACK
  6
CONTINUOUS
100
AcDbLine
 10
0.9051181102362205
 20
1.3911417322834645
 30
0
 11
1.0374015748031495
 21
1.3911417322834645
 31
0
  0
LINE
  5
1365
330
1A
100
AcDbEntity
  8
BLACK
  6
CONTINUOUS
100
AcDbLine
 10
1.0374015748031495
 20
1.3911417322834645
 30
0
 11
1.0377782283464567
 21
1.391066811023622
 31
0
  0
LINE
  5
1366
330
1A
100
AcDbEntity
  8
BLACK
  6
CONTINUOUS
100
AcDbLine
 10
0.9061023622047244
 20
1.3891732283464566
 30
0
 11
0.9061023622047244
 21
1.3163385826771654
 31
0
  0
LINE
  5
1367
330
1A
100
AcDbEntity
  8
BLACK
  6
CONTINUOUS
100
AcDbLine
 10
0.9061023622047244
 20
1.3163385826771654
 30
0
 11
1.0364173228346456
 21
1.3163385826771654
 31
0
  0
LINE
  5
1368
330
1A
100
AcDbEntity
  8
BLACK
  6
CONTINUOUS
100
AcDbLine
 10
1.0364173228346456
 20
1.3163385826771654
 30
0
 11
1.0364173228346456
 21
1.3891732283464566
 31
0
  0
LINE
  5
1369
330
1A
100
AcDbEntity
  8
BLACK
  6
CONTINUOUS
100
AcDbLine
 10
1.0364173228346456
 20
1.3891732283464566
 30
0
 11
0.9061023622047244
 21
1.3891732283464566
 31
0
  0
LINE
  5
136A
330
1A
100
AcDbEntity
  8
BLACK
  6
CONTINUOUS
100
AcDbLine
 10
1.2279357086614173
 20
1.4494821653543306
 30
0
 11
1.2284683858267715
 21
1.4489494881889764
 31
0
  0
LINE
  5
136B
330
1A
100
AcDbEntity
  8
BLACK
  6
CONTINUOUS
100
AcDbLine
 10
1.2284683858267715
 20
1.4489494881889764
 30
0
 11
1.2285433070866141
 21
1.4485728346456692
 31
0
  0
LINE
  5
136C
330
1A
100
AcDbEntity
  8
BLACK
  6
CONTINUOUS
100
AcDbLine
 10
1.2285433070866141
 20
1.4485728346456692
 30
0
 11
1.2285433070866141
 21
1.3737696850393701
 31
0
  0
LINE
  5
136D
330
1A
100
AcDbEntity
  8
BLACK
  6
CONTINUOUS
100
AcDbLine
 10
1.2285433070866141
 20
1.3737696850393701
 30
0
 11
1.2284683858267715
 21
1.373393031496063
 31
0
  0
LINE
  5
136E
330
1A
100
AcDbEntity
  8
BLACK
  6
CONTINUOUS
100
AcDbLine
 10
1.2284683858267715
 20
1.373393031496063
 30
0
 11
1.2279357086614173
 21
1.3728603543307085
 31
0
  0
LINE
  5
136F
330
1A
100
AcDbEntity
  8
BLACK
  6
CONTINUOUS
100
AcDbLine
 10
1.2279357086614173
 20
1.3728603543307085
 30
0
 11
1.2275590551181101
 21
1.3727854330708662
 31
0
  0
LINE
  5
1370
330
1A
100
AcDbEntity
  8
BLACK
  6
CONTINUOUS
100
AcDbLine
 10
1.2275590551181101
 20
1.3727854330708662
 30
0
 11
1.0952755905511811
 21
1.3727854330708662
 31
0
  0
LINE
  5
1371
330
1A
100
AcDbEntity
  8
BLACK
  6
CONTINUOUS
100
AcDbLine
 10
1.0952755905511811
 20
1.3727854330708662
 30
0
 11
1.0948989370078739
 21
1.3728603543307085
 31
0
  0
LINE
  5
1372
330
1A
100
AcDbEntity
  8
BLACK
  6
CONTINUOUS
100
AcDbLine
 10
1.0948989370078739
 20
1.3728603543307085
 30
0
 11
1.0943662598425197
 21
1.373393031496063
 31
0
  0
LINE
  5
1373
330
1A
100
AcDbEntity
  8
BLACK
  6
CONTINUOUS
100
AcDbLine
 10
1.0943662598425197
 20
1.373393031496063
 30
0
 11
1.0942913385826771
 21
1.3737696850393701
 31
0
  0
LINE
  5
1374
330
1A
100
AcDbEntity
  8
BLACK
  6
CONTINUOUS
100
AcDbLine
 10
1.0942913385826771
 20
1.3737696850393701
 30
0
 11
1.0942913385826771
 21
1.4485728346456692
 31
0
  0
LINE
  5
1375
330
1A
100
AcDbEntity
  8
BLACK
  6
CONTINUOUS
100
AcDbLine
 10
1.0942913385826771
 20
1.4485728346456692
 30
0
 11
1.0943662598425197
 21
1.4489494881889764
 31
0
  0
LINE
  5
1376
330
1A
100
AcDbEntity
  8
BLACK
  6
CONTINUOUS
100
AcDbLine
 10
1.0943662598425197
 20
1.4489494881889764
 30
0
 11
1.0948989370078739
 21
1.4494821653543306
 31
0
  0
LINE
  5
1377
330
1A
100
AcDbEntity
  8
BLACK
  6
CONTINUOUS
100
AcDbLine
 10
1.0948989370078739
 20
1.4494821653543306
 30
0
 11
1.0952755905511811
 21
1.4495570866141732
 31
0
  0
LINE
  5
1378
330
1A
100
AcDbEntity
  8
BLACK
  6
CONTINUOUS
100
AcDbLine
 10
1.0952755905511811
 20
1.4495570866141732
 30
0
 11
1.2275590551181101
 21
1.4495570866141732
 31
0
  0
LINE
  5
1379
330
1A
100
AcDbEntity
  8
BLACK
  6
CONTINUOUS
100
AcDbLine
 10
1.2275590551181101
 20
1.4495570866141732
 30
0
 11
1.2279357086614173
 21
1.4494821653543306
 31
0
  0
LINE
  5
137A
330
1A
100
AcDbEntity
  8
BLACK
  6
CONTINUOUS
100
AcDbLine
 10
1.096259842519685
 20
1.4475885826771653
 30
0
 11
1.096259842519685
 21
1.3747539370078741
 31
0
  0
LINE
  5
137B
330
1A
100
AcDbEntity
  8
BLACK
  6
CONTINUOUS
100
AcDbLine
 10
1.096259842519685
 20
1.3747539370078741
 30
0
 11
1.2265748031496062
 21
1.3747539370078741
 31
0
  0
LINE
  5
137C
330
1A
100
AcDbEntity
  8
BLACK
  6
CONTINUOUS
100
AcDbLine
 10
1.2265748031496062
 20
1.3747539370078741
 30
0
 11
1.2265748031496062
 21
1.4475885826771653
 31
0
  0
LINE
  5
137D
330
1A
100
AcDbEntity
  8
BLACK
  6
CONTINUOUS
100
AcDbLine
 10
1.2265748031496062
 20
1.4475885826771653
 30
0
 11
1.096259842519685
 21
1.4475885826771653
 31
0
  0
LINE
  5
137E
330
1A
100
AcDbEntity
  8
BLACK
  6
CONTINUOUS
100
AcDbLine
 10
1.8310853149606299
 20
1.5124742913385827
 30
0
 11
1.8316179921259843
 21
1.5119416141732283
 31
0
  0
LINE
  5
137F
330
1A
100
AcDbEntity
  8
BLACK
  6
CONTINUOUS
100
AcDbLine
 10
1.8316179921259843
 20
1.5119416141732283
 30
0
 11
1.8316929133858266
 21
1.5115649606299213
 31
0
  0
LINE
  5
1380
330
1A
100
AcDbEntity
  8
BLACK
  6
CONTINUOUS
100
AcDbLine
 10
1.8316929133858266
 20
1.5115649606299213
 30
0
 11
1.8316929133858266
 21
1.4288877952755905
 31
0
  0
LINE
  5
1381
330
1A
100
AcDbEntity
  8
BLACK
  6
CONTINUOUS
100
AcDbLine
 10
1.8316929133858266
 20
1.4288877952755905
 30
0
 11
1.8316179921259843
 21
1.4285111417322833
 31
0
  0
LINE
  5
1382
330
1A
100
AcDbEntity
  8
BLACK
  6
CONTINUOUS
100
AcDbLine
 10
1.8316179921259843
 20
1.4285111417322833
 30
0
 11
1.8310853149606299
 21
1.4279784645669291
 31
0
  0
LINE
  5
1383
330
1A
100
AcDbEntity
  8
BLACK
  6
CONTINUOUS
100
AcDbLine
 10
1.8310853149606299
 20
1.4279784645669291
 30
0
 11
1.8307086614173227
 21
1.4279035433070866
 31
0
  0
LINE
  5
1384
330
1A
100
AcDbEntity
  8
BLACK
  6
CONTINUOUS
100
AcDbLine
 10
1.8307086614173227
 20
1.4279035433070866
 30
0
 11
1.6496062992125984
 21
1.4279035433070866
 31
0
  0
LINE
  5
1385
330
1A
100
AcDbEntity
  8
BLACK
  6
CONTINUOUS
100
AcDbLine
 10
1.6496062992125984
 20
1.4279035433070866
 30
0
 11
1.6492296456692912
 21
1.4279784645669291
 31
0
  0
LINE
  5
1386
330
1A
100
AcDbEntity
  8
BLACK
  6
CONTINUOUS
100
AcDbLine
 10
1.6492296456692912
 20
1.4279784645669291
 30
0
 11
1.648696968503937
 21
1.4285111417322833
 31
0
  0
LINE
  5
1387
330
1A
100
AcDbEntity
  8
BLACK
  6
CONTINUOUS
100
AcDbLine
 10
1.648696968503937
 20
1.4285111417322833
 30
0
 11
1.6486220472440944
 21
1.4288877952755905
 31
0
  0
LINE
  5
1388
330
1A
100
AcDbEntity
  8
BLACK
  6
CONTINUOUS
100
AcDbLine
 10
1.6486220472440944
 20
1.4288877952755905
 30
0
 11
1.6486220472440944
 21
1.5115649606299213
 31
0
  0
LINE
  5
1389
330
1A
100
AcDbEntity
  8
BLACK
  6
CONTINUOUS
100
AcDbLine
 10
1.6486220472440944
 20
1.5115649606299213
 30
0
 11
1.648696968503937
 21
1.5119416141732283
 31
0
  0
LINE
  5
138A
330
1A
100
AcDbEntity
  8
BLACK
  6
CONTINUOUS
100
AcDbLine
 10
1.648696968503937
 20
1.5119416141732283
 30
0
 11
1.6492296456692912
 21
1.5124742913385827
 31
0
  0
LINE
  5
138B
330
1A
100
AcDbEntity
  8
BLACK
  6
CONTINUOUS
100
AcDbLine
 10
1.6492296456692912
 20
1.5124742913385827
 30
0
 11
1.6496062992125984
 21
1.5125492125984252
 31
0
  0
LINE
  5
138C
330
1A
100
AcDbEntity
  8
BLACK
  6
CONTINUOUS
100
AcDbLine
 10
1.6496062992125984
 20
1.5125492125984252
 30
0
 11
1.8307086614173227
 21
1.5125492125984252
 31
0
  0
LINE
  5
138D
330
1A
100
AcDbEntity
  8
BLACK
  6
CONTINUOUS
100
AcDbLine
 10
1.8307086614173227
 20
1.5125492125984252
 30
0
 11
1.8310853149606299
 21
1.5124742913385827
 31
0
  0
LINE
  5
138E
330
1A
100
AcDbEntity
  8
BLACK
  6
CONTINUOUS
100
AcDbLine
 10
1.6505905511811023
 20
1.5105807086614174
 30
0
 11
1.6505905511811023
 21
1.4298720472440944
 31
0
  0
LINE
  5
138F
330
1A
100
AcDbEntity
  8
BLACK
  6
CONTINUOUS
100
AcDbLine
 10
1.6505905511811023
 20
1.4298720472440944
 30
0
 11
1.8297244094488188
 21
1.4298720472440944
 31
0
  0
LINE
  5
1390
330
1A
100
AcDbEntity
  8
BLACK
  6
CONTINUOUS
100
AcDbLine
 10
1.8297244094488188
 20
1.4298720472440944
 30
0
 11
1.8297244094488188
 21
1.5105807086614174
 31
0
  0
LINE
  5
1391
330
1A
100
AcDbEntity
  8
BLACK
  6
CONTINUOUS
100
AcDbLine
 10
1.8297244094488188
 20
1.5105807086614174
 30
0
 11
1.6505905511811023
 21
1.5105807086614174
 31
0
  0
LINE
  5
1392
330
1A
100
AcDbEntity
  8
BLACK
  6
CONTINUOUS
100
AcDbLine
 10
1.968880590551181
 20
1.5097183858267715
 30
0
 11
1.9694132677165355
 21
1.5091857086614173
 31
0
  0
LINE
  5
1393
330
1A
100
AcDbEntity
  8
BLACK
  6
CONTINUOUS
100
AcDbLine
 10
1.9694132677165355
 20
1.5091857086614173
 30
0
 11
1.969488188976378
 21
1.5088090551181101
 31
0
  0
LINE
  5
1394
330
1A
100
AcDbEntity
  8
BLACK
  6
CONTINUOUS
100
AcDbLine
 10
1.969488188976378
 20
1.5088090551181101
 30
0
 11
1.969488188976378
 21
1.4316437007874014
 31
0
  0
LINE
  5
1395
330
1A
100
AcDbEntity
  8
BLACK
  6
CONTINUOUS
100
AcDbLine
 10
1.969488188976378
 20
1.4316437007874014
 30
0
 11
1.9694132677165355
 21
1.4312670472440945
 31
0
  0
LINE
  5
1396
330
1A
100
AcDbEntity
  8
BLACK
  6
CONTINUOUS
100
AcDbLine
 10
1.9694132677165355
 20
1.4312670472440945
 30
0
 11
1.968880590551181
 21
1.43073437007874
 31
0
  0
LINE
  5
1397
330
1A
100
AcDbEntity
  8
BLACK
  6
CONTINUOUS
100
AcDbLine
 10
1.968880590551181
 20
1.43073437007874
 30
0
 11
1.9685039370078741
 21
1.4306594488188975
 31
0
  0
LINE
  5
1398
330
1A
100
AcDbEntity
  8
BLACK
  6
CONTINUOUS
100
AcDbLine
 10
1.9685039370078741
 20
1.4306594488188975
 30
0
 11
1.8346456692913384
 21
1.4306594488188975
 31
0
  0
LINE
  5
1399
330
1A
100
AcDbEntity
  8
BLACK
  6
CONTINUOUS
100
AcDbLine
 10
1.8346456692913384
 20
1.4306594488188975
 30
0
 11
1.8342690157480315
 21
1.43073437007874
 31
0
  0
LINE
  5
139A
330
1A
100
AcDbEntity
  8
BLACK
  6
CONTINUOUS
100
AcDbLine
 10
1.8342690157480315
 20
1.43073437007874
 30
0
 11
1.833736338582677
 21
1.4312670472440945
 31
0
  0
LINE
  5
139B
330
1A
100
AcDbEntity
  8
BLACK
  6
CONTINUOUS
100
AcDbLine
 10
1.833736338582677
 20
1.4312670472440945
 30
0
 11
1.8336614173228345
 21
1.4316437007874014
 31
0
  0
LINE
  5
139C
330
1A
100
AcDbEntity
  8
BLACK
  6
CONTINUOUS
100
AcDbLine
 10
1.8336614173228345
 20
1.4316437007874014
 30
0
 11
1.8336614173228345
 21
1.5088090551181101
 31
0
  0
LINE
  5
139D
330
1A
100
AcDbEntity
  8
BLACK
  6
CONTINUOUS
100
AcDbLine
 10
1.8336614173228345
 20
1.5088090551181101
 30
0
 11
1.833736338582677
 21
1.5091857086614173
 31
0
  0
LINE
  5
139E
330
1A
100
AcDbEntity
  8
BLACK
  6
CONTINUOUS
100
AcDbLine
 10
1.833736338582677
 20
1.5091857086614173
 30
0
 11
1.8342690157480315
 21
1.5097183858267715
 31
0
  0
LINE
  5
139F
330
1A
100
AcDbEntity
  8
BLACK
  6
CONTINUOUS
100
AcDbLine
 10
1.8342690157480315
 20
1.5097183858267715
 30
0
 11
1.8346456692913384
 21
1.5097933070866141
 31
0
  0
LINE
  5
13A0
330
1A
100
AcDbEntity
  8
BLACK
  6
CONTINUOUS
100
AcDbLine
 10
1.8346456692913384
 20
1.5097933070866141
 30
0
 11
1.9685039370078741
 21
1.5097933070866141
 31
0
  0
LINE
  5
13A1
330
1A
100
AcDbEntity
  8
BLACK
  6
CONTINUOUS
100
AcDbLine
 10
1.9685039370078741
 20
1.5097933070866141
 30
0
 11
1.968880590551181
 21
1.5097183858267715
 31
0
  0
LINE
  5
13A2
330
1A
100
AcDbEntity
  8
BLACK
  6
CONTINUOUS
100
AcDbLine
 10
1.8356299212598424
 20
1.5078248031496062
 30
0
 11
1.8356299212598424
 21
1.4326279527559054
 31
0
  0
LINE
  5
13A3
330
1A
100
AcDbEntity
  8
BLACK
  6
CONTINUOUS
100
AcDbLine
 10
1.8356299212598424
 20
1.4326279527559054
 30
0
 11
1.9675196850393701
 21
1.4326279527559054
 31
0
  0
LINE
  5
13A4
330
1A
100
AcDbEntity
  8
BLACK
  6
CONTINUOUS
100
AcDbLine
 10
1.9675196850393701
 20
1.4326279527559054
 30
0
 11
1.9675196850393701
 21
1.5078248031496062
 31
0
  0
LINE
  5
13A5
330
1A
100
AcDbEntity
  8
BLACK
  6
CONTINUOUS
100
AcDbLine
 10
1.9675196850393701
 20
1.5078248031496062
 30
0
 11
1.8356299212598424
 21
1.5078248031496062
 31
0
  0
LINE
  5
13A6
330
1A
100
AcDbEntity
  8
BLACK
  6
CONTINUOUS
100
AcDbLine
 10
2.3680931889763781
 20
1.6635077559055118
 30
0
 11
2.3686258661417323
 21
1.6629750787401574
 31
0
  0
LINE
  5
13A7
330
1A
100
AcDbEntity
  8
BLACK
  6
CONTINUOUS
100
AcDbLine
 10
2.3686258661417323
 20
1.6629750787401574
 30
0
 11
2.3687007874015746
 21
1.6625984251968504
 31
0
  0
LINE
  5
13A8
330
1A
100
AcDbEntity
  8
BLACK
  6
CONTINUOUS
100
AcDbLine
 10
2.3687007874015746
 20
1.6625984251968504
 30
0
 11
2.3687007874015746
 21
0.528740157480315
 31
0
  0
LINE
  5
13A9
330
1A
100
AcDbEntity
  8
BLACK
  6
CONTINUOUS
100
AcDbLine
 10
2.3687007874015746
 20
0.528740157480315
 30
0
 11
2.3686258661417323
 21
0.5283635039370078
 31
0
  0
LINE
  5
13AA
330
1A
100
AcDbEntity
  8
BLACK
  6
CONTINUOUS
100
AcDbLine
 10
2.3686258661417323
 20
0.5283635039370078
 30
0
 11
2.3680931889763781
 21
0.5278308267716535
 31
0
  0
LINE
  5
13AB
330
1A
100
AcDbEntity
  8
BLACK
  6
CONTINUOUS
100
AcDbLine
 10
2.3680931889763781
 20
0.5278308267716535
 30
0
 11
2.3677165354330709
 21
0.5277559055118111
 31
0
  0
LINE
  5
13AC
330
1A
100
AcDbEntity
  8
BLACK
  6
CONTINUOUS
100
AcDbLine
 10
2.3677165354330709
 20
0.5277559055118111
 30
0
 11
0.7023622047244095
 21
0.5277559055118111
 31
0
  0
LINE
  5
13AD
330
1A
100
AcDbEntity
  8
BLACK
  6
CONTINUOUS
100
AcDbLine
 10
0.7023622047244095
 20
0.5277559055118111
 30
0
 11
0.7019855511811024
 21
0.5278308267716535
 31
0
  0
LINE
  5
13AE
330
1A
100
AcDbEntity
  8
BLACK
  6
CONTINUOUS
100
AcDbLine
 10
0.7019855511811024
 20
0.5278308267716535
 30
0
 11
0.701452874015748
 21
0.5283635039370078
 31
0
  0
LINE
  5
13AF
330
1A
100
AcDbEntity
  8
BLACK
  6
CONTINUOUS
100
AcDbLine
 10
0.701452874015748
 20
0.5283635039370078
 30
0
 11
0.7013779527559055
 21
0.528740157480315
 31
0
  0
LINE
  5
13B0
330
1A
100
AcDbEntity
  8
BLACK
  6
CONTINUOUS
100
AcDbLine
 10
0.7013779527559055
 20
0.528740157480315
 30
0
 11
0.7013779527559055
 21
1.6625984251968504
 31
0
  0
LINE
  5
13B1
330
1A
100
AcDbEntity
  8
BLACK
  6
CONTINUOUS
100
AcDbLine
 10
0.7013779527559055
 20
1.6625984251968504
 30
0
 11
0.701452874015748
 21
1.6629750787401574
 31
0
  0
LINE
  5
13B2
330
1A
100
AcDbEntity
  8
BLACK
  6
CONTINUOUS
100
AcDbLine
 10
0.701452874015748
 20
1.6629750787401574
 30
0
 11
0.7019855511811024
 21
1.6635077559055118
 31
0
  0
LINE
  5
13B3
330
1A
100
AcDbEntity
  8
BLACK
  6
CONTINUOUS
100
AcDbLine
 10
0.7019855511811024
 20
1.6635077559055118
 30
0
 11
0.7023622047244095
 21
1.6635826771653544
 31
0
  0
LINE
  5
13B4
330
1A
100
AcDbEntity
  8
BLACK
  6
CONTINUOUS
100
AcDbLine
 10
0.7023622047244095
 20
1.6635826771653544
 30
0
 11
2.3677165354330709
 21
1.6635826771653544
 31
0
  0
LINE
  5
13B5
330
1A
100
AcDbEntity
  8
BLACK
  6
CONTINUOUS
100
AcDbLine
 10
2.3677165354330709
 20
1.6635826771653544
 30
0
 11
2.3680931889763781
 21
1.6635077559055118
 31
0
  0
LINE
  5
13B6
330
1A
100
AcDbEntity
  8
BLACK
  6
CONTINUOUS
100
AcDbLine
 10
0.7033464566929134
 20
1.6616141732283465
 30
0
 11
0.7033464566929134
 21
0.5297244094488189
 31
0
  0
LINE
  5
13B7
330
1A
100
AcDbEntity
  8
BLACK
  6
CONTINUOUS
100
AcDbLine
 10
0.7033464566929134
 20
0.5297244094488189
 30
0
 11
2.3667322834645668
 21
0.5297244094488189
 31
0
  0
LINE
  5
13B8
330
1A
100
AcDbEntity
  8
BLACK
  6
CONTINUOUS
100
AcDbLine
 10
2.3667322834645668
 20
0.5297244094488189
 30
0
 11
2.3667322834645668
 21
1.6616141732283465
 31
0
  0
LINE
  5
13B9
330
1A
100
AcDbEntity
  8
BLACK
  6
CONTINUOUS
100
AcDbLine
 10
2.3667322834645668
 20
1.6616141732283465
 30
0
 11
0.7033464566929134
 21
1.6616141732283465
 31
0
  0
LINE
  5
13BA
330
1A
100
AcDbEntity
  8
BLACK
  6
CONTINUOUS
100
AcDbLine
 10
2.4271483070866142
 20
1.7225628740157479
 30
0
 11
2.4276809842519684
 21
1.7220301968503937
 31
0
  0
LINE
  5
13BB
330
1A
100
AcDbEntity
  8
BLACK
  6
CONTINUOUS
100
AcDbLine
 10
2.4276809842519684
 20
1.7220301968503937
 30
0
 11
2.4277559055118108
 21
1.7216535433070865
 31
0
  0
LINE
  5
13BC
330
1A
100
AcDbEntity
  8
BLACK
  6
CONTINUOUS
100
AcDbLine
 10
2.4277559055118108
 20
1.7216535433070865
 30
0
 11
2.4277559055118108
 21
0.4696850393700787
 31
0
  0
LINE
  5
13BD
330
1A
100
AcDbEntity
  8
BLACK
  6
CONTINUOUS
100
AcDbLine
 10
2.4277559055118108
 20
0.4696850393700787
 30
0
 11
2.4276809842519684
 21
0.4693083858267716
 31
0
  0
LINE
  5
13BE
330
1A
100
AcDbEntity
  8
BLACK
  6
CONTINUOUS
100
AcDbLine
 10
2.4276809842519684
 20
0.4693083858267716
 30
0
 11
2.4271483070866142
 21
0.4687757086614173
 31
0
  0
LINE
  5
13BF
330
1A
100
AcDbEntity
  8
BLACK
  6
CONTINUOUS
100
AcDbLine
 10
2.4271483070866142
 20
0.4687757086614173
 30
0
 11
2.426771653543307
 21
0.4687007874015748
 31
0
  0
LINE
  5
13C0
330
1A
100
AcDbEntity
  8
BLACK
  6
CONTINUOUS
100
AcDbLine
 10
2.426771653543307
 20
0.4687007874015748
 30
0
 11
0.6433070866141732
 21
0.4687007874015748
 31
0
  0
LINE
  5
13C1
330
1A
100
AcDbEntity
  8
BLACK
  6
CONTINUOUS
100
AcDbLine
 10
0.6433070866141732
 20
0.4687007874015748
 30
0
 11
0.6429304330708662
 21
0.4687757086614173
 31
0
  0
LINE
  5
13C2
330
1A
100
AcDbEntity
  8
BLACK
  6
CONTINUOUS
100
AcDbLine
 10
0.6429304330708662
 20
0.4687757086614173
 30
0
 11
0.6423977559055118
 21
0.4693083858267716
 31
0
  0
LINE
  5
13C3
330
1A
100
AcDbEntity
  8
BLACK
  6
CONTINUOUS
100
AcDbLine
 10
0.6423977559055118
 20
0.4693083858267716
 30
0
 11
0.6423228346456693
 21
0.4696850393700787
 31
0
  0
LINE
  5
13C4
330
1A
100
AcDbEntity
  8
BLACK
  6
CONTINUOUS
100
AcDbLine
 10
0.6423228346456693
 20
0.4696850393700787
 30
0
 11
0.6423228346456693
 21
1.7216535433070865
 31
0
  0
LINE
  5
13C5
330
1A
100
AcDbEntity
  8
BLACK
  6
CONTINUOUS
100
AcDbLine
 10
0.6423228346456693
 20
1.7216535433070865
 30
0
 11
0.6423977559055118
 21
1.7220301968503937
 31
0
  0
LINE
  5
13C6
330
1A
100
AcDbEntity
  8
BLACK
  6
CONTINUOUS
100
AcDbLine
 10
0.6423977559055118
 20
1.7220301968503937
 30
0
 11
0.6429304330708662
 21
1.7225628740157479
 31
0
  0
LINE
  5
13C7
330
1A
100
AcDbEntity
  8
BLACK
  6
CONTINUOUS
100
AcDbLine
 10
0.6429304330708662
 20
1.7225628740157479
 30
0
 11
0.6433070866141732
 21
1.7226377952755905
 31
0
  0
LINE
  5
13C8
330
1A
100
AcDbEntity
  8
BLACK
  6
CONTINUOUS
100
AcDbLine
 10
0.6433070866141732
 20
1.7226377952755905
 30
0
 11
2.426771653543307
 21
1.7226377952755905
 31
0
  0
LINE
  5
13C9
330
1A
100
AcDbEntity
  8
BLACK
  6
CONTINUOUS
100
AcDbLine
 10
2.426771653543307
 20
1.7226377952755905
 30
0
 11
2.4271483070866142
 21
1.7225628740157479
 31
0
  0
LINE
  5
13CA
330
1A
100
AcDbEntity
  8
BLACK
  6
CONTINUOUS
100
AcDbLine
 10
0.6442913385826772
 20
1.7206692913385826
 30
0
 11
0.6442913385826772
 21
0.4706692913385827
 31
0
  0
LINE
  5
13CB
330
1A
100
AcDbEntity
  8
BLACK
  6
CONTINUOUS
100
AcDbLine
 10
0.6442913385826772
 20
0.4706692913385827
 30
0
 11
2.4257874015748029
 21
0.4706692913385827
 31
0
  0
LINE
  5
13CC
330
1A
100
AcDbEntity
  8
BLACK
  6
CONTINUOUS
100
AcDbLine
 10
2.4257874015748029
 20
0.4706692913385827
 30
0
 11
2.4257874015748029
 21
1.7206692913385826
 31
0
  0
LINE
  5
13CD
330
1A
100
AcDbEntity
  8
BLACK
  6
CONTINUOUS
100
AcDbLine
 10
2.4257874015748029
 20
1.7206692913385826
 30
0
 11
0.6442913385826772
 21
1.7206692913385826
 31
0
  0
LINE
  5
13CE
330
1A
100
AcDbEntity
  8
BLACK
  6
CONTINUOUS
100
AcDbLine
 10
2.8892615354330706
 20
0.6816681889763779
 30
0
 11
2.8967527952755905
 21
0.6792340944881889
 31
0
  0
LINE
  5
13CF
330
1A
100
AcDbEntity
  8
BLACK
  6
CONTINUOUS
100
AcDbLine
 10
2.8967527952755905
 20
0.6792340944881889
 30
0
 11
2.9037711023622048
 21
0.6756581102362205
 31
0
  0
LINE
  5
13D0
330
1A
100
AcDbEntity
  8
BLACK
  6
CONTINUOUS
100
AcDbLine
 10
2.9037711023622048
 20
0.6756581102362205
 30
0
 11
2.9101435433070866
 21
0.6710282677165355
 31
0
  0
LINE
  5
13D1
330
1A
100
AcDbEntity
  8
BLACK
  6
CONTINUOUS
100
AcDbLine
 10
2.9101435433070866
 20
0.6710282677165355
 30
0
 11
2.9157133070866141
 21
0.6654585039370079
 31
0
  0
LINE
  5
13D2
330
1A
100
AcDbEntity
  8
BLACK
  6
CONTINUOUS
100
AcDbLine
 10
2.9157133070866141
 20
0.6654585039370079
 30
0
 11
2.9203431496062993
 21
0.659086062992126
 31
0
  0
LINE
  5
13D3
330
1A
100
AcDbEntity
  8
BLACK
  6
CONTINUOUS
100
AcDbLine
 10
2.9203431496062993
 20
0.659086062992126
 30
0
 11
2.9239191338582677
 21
0.6520677559055118
 31
0
  0
LINE
  5
13D4
330
1A
100
AcDbEntity
  8
BLACK
  6
CONTINUOUS
100
AcDbLine
 10
2.9239191338582677
 20
0.6520677559055118
 30
0
 11
2.9263532283464566
 21
0.6445764960629922
 31
0
  0
LINE
  5
13D5
330
1A
100
AcDbEntity
  8
BLACK
  6
CONTINUOUS
100
AcDbLine
 10
2.9263532283464566
 20
0.6445764960629922
 30
0
 11
2.9275854330708659
 21
0.6367966535433071
 31
0
  0
LINE
  5
13D6
330
1A
100
AcDbEntity
  8
BLACK
  6
CONTINUOUS
100
AcDbLine
 10
2.9275854330708659
 20
0.6367966535433071
 30
0
 11
2.9275854330708659
 21
0.6289198818897638
 31
0
  0
LINE
  5
13D7
330
1A
100
AcDbEntity
  8
BLACK
  6
CONTINUOUS
100
AcDbLine
 10
2.9275854330708659
 20
0.6289198818897638
 30
0
 11
2.9263532283464566
 21
0.6211400393700788
 31
0
  0
LINE
  5
13D8
330
1A
100
AcDbEntity
  8
BLACK
  6
CONTINUOUS
100
AcDbLine
 10
2.9263532283464566
 20
0.6211400393700788
 30
0
 11
2.9239191338582677
 21
0.613648779527559
 31
0
  0
LINE
  5
13D9
330
1A
100
AcDbEntity
  8
BLACK
  6
CONTINUOUS
100
AcDbLine
 10
2.9239191338582677
 20
0.613648779527559
 30
0
 11
2.9203431496062993
 21
0.6066304724409449
 31
0
  0
LINE
  5
13DA
330
1A
100
AcDbEntity
  8
BLACK
  6
CONTINUOUS
100
AcDbLine
 10
2.9203431496062993
 20
0.6066304724409449
 30
0
 11
2.9157133070866141
 21
0.6002580314960629
 31
0
  0
LINE
  5
13DB
330
1A
100
AcDbEntity
  8
BLACK
  6
CONTINUOUS
100
AcDbLine
 10
2.9157133070866141
 20
0.6002580314960629
 30
0
 11
2.9101435433070866
 21
0.5946882677165354
 31
0
  0
LINE
  5
13DC
330
1A
100
AcDbEntity
  8
BLACK
  6
CONTINUOUS
100
AcDbLine
 10
2.9101435433070866
 20
0.5946882677165354
 30
0
 11
2.9037711023622048
 21
0.5900584251968504
 31
0
  0
LINE
  5
13DD
330
1A
100
AcDbEntity
  8
BLACK
  6
CONTINUOUS
100
AcDbLine
 10
2.9037711023622048
 20
0.5900584251968504
 30
0
 11
2.8967527952755905
 21
0.5864824409448819
 31
0
  0
LINE
  5
13DE
330
1A
100
AcDbEntity
  8
BLACK
  6
CONTINUOUS
100
AcDbLine
 10
2.8967527952755905
 20
0.5864824409448819
 30
0
 11
2.8892615354330706
 21
0.5840483464566929
 31
0
  0
LINE
  5
13DF
330
1A
100
AcDbEntity
  8
BLACK
  6
CONTINUOUS
100
AcDbLine
 10
2.8892615354330706
 20
0.5840483464566929
 30
0
 11
2.8814816929133857
 21
0.5828161417322835
 31
0
  0
LINE
  5
13E0
330
1A
100
AcDbEntity
  8
BLACK
  6
CONTINUOUS
100
AcDbLine
 10
2.8814816929133857
 20
0.5828161417322835
 30
0
 11
2.8736049212598425
 21
0.5828161417322835
 31
0
  0
LINE
  5
13E1
330
1A
100
AcDbEntity
  8
BLACK
  6
CONTINUOUS
100
AcDbLine
 10
2.8736049212598425
 20
0.5828161417322835
 30
0
 11
2.8658250787401576
 21
0.5840483464566929
 31
0
  0
LINE
  5
13E2
330
1A
100
AcDbEntity
  8
BLACK
  6
CONTINUOUS
100
AcDbLine
 10
2.8658250787401576
 20
0.5840483464566929
 30
0
 11
2.8583338188976377
 21
0.5864824409448819
 31
0
  0
LINE
  5
13E3
330
1A
100
AcDbEntity
  8
BLACK
  6
CONTINUOUS
100
AcDbLine
 10
2.8583338188976377
 20
0.5864824409448819
 30
0
 11
2.8513155118110234
 21
0.5900584251968504
 31
0
  0
LINE
  5
13E4
330
1A
100
AcDbEntity
  8
BLACK
  6
CONTINUOUS
100
AcDbLine
 10
2.8513155118110234
 20
0.5900584251968504
 30
0
 11
2.8449430708661416
 21
0.5946882677165354
 31
0
  0
LINE
  5
13E5
330
1A
100
AcDbEntity
  8
BLACK
  6
CONTINUOUS
100
AcDbLine
 10
2.8449430708661416
 20
0.5946882677165354
 30
0
 11
2.8393733070866141
 21
0.6002580314960629
 31
0
  0
LINE
  5
13E6
330
1A
100
AcDbEntity
  8
BLACK
  6
CONTINUOUS
100
AcDbLine
 10
2.8393733070866141
 20
0.6002580314960629
 30
0
 11
2.8347434645669289
 21
0.6066304724409449
 31
0
  0
LINE
  5
13E7
330
1A
100
AcDbEntity
  8
BLACK
  6
CONTINUOUS
100
AcDbLine
 10
2.8347434645669289
 20
0.6066304724409449
 30
0
 11
2.8311674803149605
 21
0.613648779527559
 31
0
  0
LINE
  5
13E8
330
1A
100
AcDbEntity
  8
BLACK
  6
CONTINUOUS
100
AcDbLine
 10
2.8311674803149605
 20
0.613648779527559
 30
0
 11
2.8287333858267716
 21
0.6211400393700788
 31
0
  0
LINE
  5
13E9
330
1A
100
AcDbEntity
  8
BLACK
  6
CONTINUOUS
100
AcDbLine
 10
2.8287333858267716
 20
0.6211400393700788
 30
0
 11
2.8275011811023623
 21
0.6289198818897638
 31
0
  0
LINE
  5
13EA
330
1A
100
AcDbEntity
  8
BLACK
  6
CONTINUOUS
100
AcDbLine
 10
2.8275011811023623
 20
0.6289198818897638
 30
0
 11
2.8275011811023623
 21
0.636653937007874
 31
0
  0
LINE
  5
13EB
330
1A
100
AcDbEntity
  8
BLACK
  6
CONTINUOUS
100
AcDbLine
 10
2.8275011811023623
 20
0.636653937007874
 30
0
 11
2.8275011811023623
 21
0.6367966535433071
 31
0
  0
LINE
  5
13EC
330
1A
100
AcDbEntity
  8
BLACK
  6
CONTINUOUS
100
AcDbLine
 10
2.8275011811023623
 20
0.6367966535433071
 30
0
 11
2.8287333858267716
 21
0.6445764960629922
 31
0
  0
LINE
  5
13ED
330
1A
100
AcDbEntity
  8
BLACK
  6
CONTINUOUS
100
AcDbLine
 10
2.8287333858267716
 20
0.6445764960629922
 30
0
 11
2.8311674803149605
 21
0.6520677559055118
 31
0
  0
LINE
  5
13EE
330
1A
100
AcDbEntity
  8
BLACK
  6
CONTINUOUS
100
AcDbLine
 10
2.8311674803149605
 20
0.6520677559055118
 30
0
 11
2.8347434645669289
 21
0.659086062992126
 31
0
  0
LINE
  5
13EF
330
1A
100
AcDbEntity
  8
BLACK
  6
CONTINUOUS
100
AcDbLine
 10
2.8347434645669289
 20
0.659086062992126
 30
0
 11
2.8393733070866141
 21
0.6654585039370079
 31
0
  0
LINE
  5
13F0
330
1A
100
AcDbEntity
  8
BLACK
  6
CONTINUOUS
100
AcDbLine
 10
2.8393733070866141
 20
0.6654585039370079
 30
0
 11
2.8449430708661416
 21
0.6710282677165355
 31
0
  0
LINE
  5
13F1
330
1A
100
AcDbEntity
  8
BLACK
  6
CONTINUOUS
100
AcDbLine
 10
2.8449430708661416
 20
0.6710282677165355
 30
0
 11
2.8513155118110234
 21
0.6756581102362205
 31
0
  0
LINE
  5
13F2
330
1A
100
AcDbEntity
  8
BLACK
  6
CONTINUOUS
100
AcDbLine
 10
2.8513155118110234
 20
0.6756581102362205
 30
0
 11
2.8583338188976377
 21
0.6792340944881889
 31
0
  0
LINE
  5
13F3
330
1A
100
AcDbEntity
  8
BLACK
  6
CONTINUOUS
100
AcDbLine
 10
2.8583338188976377
 20
0.6792340944881889
 30
0
 11
2.8658250787401576
 21
0.6816681889763779
 31
0
  0
LINE
  5
13F4
330
1A
100
AcDbEntity
  8
BLACK
  6
CONTINUOUS
100
AcDbLine
 10
2.8658250787401576
 20
0.6816681889763779
 30
0
 11
2.8736049212598425
 21
0.6829003937007874
 31
0
  0
LINE
  5
13F5
330
1A
100
AcDbEntity
  8
BLACK
  6
CONTINUOUS
100
AcDbLine
 10
2.8736049212598425
 20
0.6829003937007874
 30
0
 11
2.8814816929133857
 21
0.6829003937007874
 31
0
  0
LINE
  5
13F6
330
1A
100
AcDbEntity
  8
BLACK
  6
CONTINUOUS
100
AcDbLine
 10
2.8814816929133857
 20
0.6829003937007874
 30
0
 11
2.8892615354330706
 21
0.6816681889763779
 31
0
  0
LINE
  5
13F7
330
1A
100
AcDbEntity
  8
BLACK
  6
CONTINUOUS
100
AcDbLine
 10
2.829314960629921
 20
0.6290625984251969
 30
0
 11
2.8305025196850395
 21
0.6215647637795275
 31
0
  0
LINE
  5
13F8
330
1A
100
AcDbEntity
  8
BLACK
  6
CONTINUOUS
100
AcDbLine
 10
2.8305025196850395
 20
0.6215647637795275
 30
0
 11
2.8328483464566929
 21
0.614345
 31
0
  0
LINE
  5
13F9
330
1A
100
AcDbEntity
  8
BLACK
  6
CONTINUOUS
100
AcDbLine
 10
2.8328483464566929
 20
0.614345
 30
0
 11
2.836294724409449
 21
0.6075811023622048
 31
0
  0
LINE
  5
13FA
330
1A
100
AcDbEntity
  8
BLACK
  6
CONTINUOUS
100
AcDbLine
 10
2.836294724409449
 20
0.6075811023622048
 30
0
 11
2.8407567716535431
 21
0.6014396062992126
 31
0
  0
LINE
  5
13FB
330
1A
100
AcDbEntity
  8
BLACK
  6
CONTINUOUS
100
AcDbLine
 10
2.8407567716535431
 20
0.6014396062992126
 30
0
 11
2.8461246456692915
 21
0.5960717322834646
 31
0
  0
LINE
  5
13FC
330
1A
100
AcDbEntity
  8
BLACK
  6
CONTINUOUS
100
AcDbLine
 10
2.8461246456692915
 20
0.5960717322834646
 30
0
 11
2.8522661417322834
 21
0.5916096850393701
 31
0
  0
LINE
  5
13FD
330
1A
100
AcDbEntity
  8
BLACK
  6
CONTINUOUS
100
AcDbLine
 10
2.8522661417322834
 20
0.5916096850393701
 30
0
 11
2.8590300393700785
 21
0.5881633070866141
 31
0
  0
LINE
  5
13FE
330
1A
100
AcDbEntity
  8
BLACK
  6
CONTINUOUS
100
AcDbLine
 10
2.8590300393700785
 20
0.5881633070866141
 30
0
 11
2.8662498031496062
 21
0.5858174803149606
 31
0
  0
LINE
  5
13FF
330
1A
100
AcDbEntity
  8
BLACK
  6
CONTINUOUS
100
AcDbLine
 10
2.8662498031496062
 20
0.5858174803149606
 30
0
 11
2.8737476377952755
 21
0.5846299212598425
 31
0
  0
LINE
  5
1400
330
1A
100
AcDbEntity
  8
BLACK
  6
CONTINUOUS
100
AcDbLine
 10
2.8737476377952755
 20
0.5846299212598425
 30
0
 11
2.8813389763779527
 21
0.5846299212598425
 31
0
  0
LINE
  5
1401
330
1A
100
AcDbEntity
  8
BLACK
  6
CONTINUOUS
100
AcDbLine
 10
2.8813389763779527
 20
0.5846299212598425
 30
0
 11
2.888836811023622
 21
0.5858174803149606
 31
0
  0
LINE
  5
1402
330
1A
100
AcDbEntity
  8
BLACK
  6
CONTINUOUS
100
AcDbLine
 10
2.888836811023622
 20
0.5858174803149606
 30
0
 11
2.8960565748031497
 21
0.5881633070866141
 31
0
  0
LINE
  5
1403
330
1A
100
AcDbEntity
  8
BLACK
  6
CONTINUOUS
100
AcDbLine
 10
2.8960565748031497
 20
0.5881633070866141
 30
0
 11
2.9028204724409448
 21
0.5916096850393701
 31
0
  0
LINE
  5
1404
330
1A
100
AcDbEntity
  8
BLACK
  6
CONTINUOUS
100
AcDbLine
 10
2.9028204724409448
 20
0.5916096850393701
 30
0
 11
2.9089619685039367
 21
0.5960717322834646
 31
0
  0
LINE
  5
1405
330
1A
100
AcDbEntity
  8
BLACK
  6
CONTINUOUS
100
AcDbLine
 10
2.9089619685039367
 20
0.5960717322834646
 30
0
 11
2.9143298425196851
 21
0.6014396062992126
 31
0
  0
LINE
  5
1406
330
1A
100
AcDbEntity
  8
BLACK
  6
CONTINUOUS
100
AcDbLine
 10
2.9143298425196851
 20
0.6014396062992126
 30
0
 11
2.9187918897637797
 21
0.6075811023622048
 31
0
  0
LINE
  5
1407
330
1A
100
AcDbEntity
  8
BLACK
  6
CONTINUOUS
100
AcDbLine
 10
2.9187918897637797
 20
0.6075811023622048
 30
0
 11
2.9222382677165353
 21
0.614345
 31
0
  0
LINE
  5
1408
330
1A
100
AcDbEntity
  8
BLACK
  6
CONTINUOUS
100
AcDbLine
 10
2.9222382677165353
 20
0.614345
 30
0
 11
2.9245840944881891
 21
0.6215647637795275
 31
0
  0
LINE
  5
1409
330
1A
100
AcDbEntity
  8
BLACK
  6
CONTINUOUS
100
AcDbLine
 10
2.9245840944881891
 20
0.6215647637795275
 30
0
 11
2.9257716535433071
 21
0.6290625984251969
 31
0
  0
LINE
  5
140A
330
1A
100
AcDbEntity
  8
BLACK
  6
CONTINUOUS
100
AcDbLine
 10
2.9257716535433071
 20
0.6290625984251969
 30
0
 11
2.9257716535433071
 21
0.636653937007874
 31
0
  0
LINE
  5
140B
330
1A
100
AcDbEntity
  8
BLACK
  6
CONTINUOUS
100
AcDbLine
 10
2.9257716535433071
 20
0.636653937007874
 30
0
 11
2.9245840944881891
 21
0.6441517716535433
 31
0
  0
LINE
  5
140C
330
1A
100
AcDbEntity
  8
BLACK
  6
CONTINUOUS
100
AcDbLine
 10
2.9245840944881891
 20
0.6441517716535433
 30
0
 11
2.9222382677165353
 21
0.6513715354330708
 31
0
  0
LINE
  5
140D
330
1A
100
AcDbEntity
  8
BLACK
  6
CONTINUOUS
100
AcDbLine
 10
2.9222382677165353
 20
0.6513715354330708
 30
0
 11
2.9187918897637797
 21
0.6581354330708661
 31
0
  0
LINE
  5
140E
330
1A
100
AcDbEntity
  8
BLACK
  6
CONTINUOUS
100
AcDbLine
 10
2.9187918897637797
 20
0.6581354330708661
 30
0
 11
2.9143298425196851
 21
0.6642769291338583
 31
0
  0
LINE
  5
140F
330
1A
100
AcDbEntity
  8
BLACK
  6
CONTINUOUS
100
AcDbLine
 10
2.9143298425196851
 20
0.6642769291338583
 30
0
 11
2.9089619685039367
 21
0.6696448031496063
 31
0
  0
LINE
  5
1410
330
1A
100
AcDbEntity
  8
BLACK
  6
CONTINUOUS
100
AcDbLine
 10
2.9089619685039367
 20
0.6696448031496063
 30
0
 11
2.9028204724409448
 21
0.6741068503937008
 31
0
  0
LINE
  5
1411
330
1A
100
AcDbEntity
  8
BLACK
  6
CONTINUOUS
100
AcDbLine
 10
2.9028204724409448
 20
0.6741068503937008
 30
0
 11
2.8960565748031497
 21
0.6775532283464567
 31
0
  0
LINE
  5
1412
330
1A
100
AcDbEntity
  8
BLACK
  6
CONTINUOUS
100
AcDbLine
 10
2.8960565748031497
 20
0.6775532283464567
 30
0
 11
2.888836811023622
 21
0.6798990551181102
 31
0
  0
LINE
  5
1413
330
1A
100
AcDbEntity
  8
BLACK
  6
CONTINUOUS
100
AcDbLine
 10
2.888836811023622
 20
0.6798990551181102
 30
0
 11
2.8813389763779527
 21
0.6810866141732284
 31
0
  0
LINE
  5
1414
330
1A
100
AcDbEntity
  8
BLACK
  6
CONTINUOUS
100
AcDbLine
 10
2.8813389763779527
 20
0.6810866141732284
 30
0
 11
2.8737476377952755
 21
0.6810866141732284
 31
0
  0
LINE
  5
1415
330
1A
100
AcDbEntity
  8
BLACK
  6
CONTINUOUS
100
AcDbLine
 10
2.8737476377952755
 20
0.6810866141732284
 30
0
 11
2.8662498031496062
 21
0.6798990551181102
 31
0
  0
LINE
  5
1416
330
1A
100
AcDbEntity
  8
BLACK
  6
CONTINUOUS
100
AcDbLine
 10
2.8662498031496062
 20
0.6798990551181102
 30
0
 11
2.8590300393700785
 21
0.6775532283464567
 31
0
  0
LINE
  5
1417
330
1A
100
AcDbEntity
  8
BLACK
  6
CONTINUOUS
100
AcDbLine
 10
2.8590300393700785
 20
0.6775532283464567
 30
0
 11
2.8522661417322834
 21
0.6741068503937008
 31
0
  0
LINE
  5
1418
330
1A
100
AcDbEntity
  8
BLACK
  6
CONTINUOUS
100
AcDbLine
 10
2.8522661417322834
 20
0.6741068503937008
 30
0
 11
2.8461246456692915
 21
0.6696448031496063
 31
0
  0
LINE
  5
1419
330
1A
100
AcDbEntity
  8
BLACK
  6
CONTINUOUS
100
AcDbLine
 10
2.8461246456692915
 20
0.6696448031496063
 30
0
 11
2.8407567716535431
 21
0.6642769291338583
 31
0
  0
LINE
  5
141A
330
1A
100
AcDbEntity
  8
BLACK
  6
CONTINUOUS
100
AcDbLine
 10
2.8407567716535431
 20
0.6642769291338583
 30
0
 11
2.836294724409449
 21
0.6581354330708661
 31
0
  0
LINE
  5
141B
330
1A
100
AcDbEntity
  8
BLACK
  6
CONTINUOUS
100
AcDbLine
 10
2.836294724409449
 20
0.6581354330708661
 30
0
 11
2.8328483464566929
 21
0.6513715354330708
 31
0
  0
LINE
  5
141C
330
1A
100
AcDbEntity
  8
BLACK
  6
CONTINUOUS
100
AcDbLine
 10
2.8328483464566929
 20
0.6513715354330708
 30
0
 11
2.8305025196850395
 21
0.6441517716535433
 31
0
  0
LINE
  5
141D
330
1A
100
AcDbEntity
  8
BLACK
  6
CONTINUOUS
100
AcDbLine
 10
2.8305025196850395
 20
0.6441517716535433
 30
0
 11
2.829314960629921
 21
0.636653937007874
 31
0
  0
LINE
  5
141E
330
1A
100
AcDbEntity
  8
BLACK
  6
CONTINUOUS
100
AcDbLine
 10
2.829314960629921
 20
0.636653937007874
 30
0
 11
2.829314960629921
 21
0.6290625984251969
 31
0
  0
LINE
  5
141F
330
1A
100
AcDbEntity
  8
BLACK
  6
CONTINUOUS
100
AcDbLine
 10
0.4330538188976378
 20
0.9245313779527559
 30
0
 11
0.4335864960629921
 21
0.9239987007874015
 31
0
  0
LINE
  5
1420
330
1A
100
AcDbEntity
  8
BLACK
  6
CONTINUOUS
100
AcDbLine
 10
0.4335864960629921
 20
0.9239987007874015
 30
0
 11
0.4336614173228346
 21
0.9236220472440945
 31
0
  0
LINE
  5
1421
330
1A
100
AcDbEntity
  8
BLACK
  6
CONTINUOUS
100
AcDbLine
 10
0.4336614173228346
 20
0.9236220472440945
 30
0
 11
0.4336614173228346
 21
0.7913385826771653
 31
0
  0
LINE
  5
1422
330
1A
100
AcDbEntity
  8
BLACK
  6
CONTINUOUS
100
AcDbLine
 10
0.4336614173228346
 20
0.7913385826771653
 30
0
 11
0.4335864960629921
 21
0.7909619291338582
 31
0
  0
LINE
  5
1423
330
1A
100
AcDbEntity
  8
BLACK
  6
CONTINUOUS
100
AcDbLine
 10
0.4335864960629921
 20
0.7909619291338582
 30
0
 11
0.4330538188976378
 21
0.7904292519685039
 31
0
  0
LINE
  5
1424
330
1A
100
AcDbEntity
  8
BLACK
  6
CONTINUOUS
100
AcDbLine
 10
0.4330538188976378
 20
0.7904292519685039
 30
0
 11
0.4326771653543307
 21
0.7903543307086613
 31
0
  0
LINE
  5
1425
330
1A
100
AcDbEntity
  8
BLACK
  6
CONTINUOUS
100
AcDbLine
 10
0.4326771653543307
 20
0.7903543307086613
 30
0
 11
0.3578740157480315
 21
0.7903543307086613
 31
0
  0
LINE
  5
1426
330
1A
100
AcDbEntity
  8
BLACK
  6
CONTINUOUS
100
AcDbLine
 10
0.3578740157480315
 20
0.7903543307086613
 30
0
 11
0.3574973622047244
 21
0.7904292519685039
 31
0
  0
LINE
  5
1427
330
1A
100
AcDbEntity
  8
BLACK
  6
CONTINUOUS
100
AcDbLine
 10
0.3574973622047244
 20
0.7904292519685039
 30
0
 11
0.3569646850393701
 21
0.7909619291338582
 31
0
  0
LINE
  5
1428
330
1A
100
AcDbEntity
  8
BLACK
  6
CONTINUOUS
100
AcDbLine
 10
0.3569646850393701
 20
0.7909619291338582
 30
0
 11
0.3568897637795275
 21
0.7913385826771653
 31
0
  0
LINE
  5
1429
330
1A
100
AcDbEntity
  8
BLACK
  6
CONTINUOUS
100
AcDbLine
 10
0.3568897637795275
 20
0.7913385826771653
 30
0
 11
0.3568897637795275
 21
0.9236220472440945
 31
0
  0
LINE
  5
142A
330
1A
100
AcDbEntity
  8
BLACK
  6
CONTINUOUS
100
AcDbLine
 10
0.3568897637795275
 20
0.9236220472440945
 30
0
 11
0.3569646850393701
 21
0.9239987007874015
 31
0
  0
LINE
  5
142B
330
1A
100
AcDbEntity
  8
BLACK
  6
CONTINUOUS
100
AcDbLine
 10
0.3569646850393701
 20
0.9239987007874015
 30
0
 11
0.3574973622047244
 21
0.9245313779527559
 31
0
  0
LINE
  5
142C
330
1A
100
AcDbEntity
  8
BLACK
  6
CONTINUOUS
100
AcDbLine
 10
0.3574973622047244
 20
0.9245313779527559
 30
0
 11
0.3578740157480315
 21
0.9246062992125984
 31
0
  0
LINE
  5
142D
330
1A
100
AcDbEntity
  8
BLACK
  6
CONTINUOUS
100
AcDbLine
 10
0.3578740157480315
 20
0.9246062992125984
 30
0
 11
0.4326771653543307
 21
0.9246062992125984
 31
0
  0
LINE
  5
142E
330
1A
100
AcDbEntity
  8
BLACK
  6
CONTINUOUS
100
AcDbLine
 10
0.4326771653543307
 20
0.9246062992125984
 30
0
 11
0.4330538188976378
 21
0.9245313779527559
 31
0
  0
LINE
  5
142F
330
1A
100
AcDbEntity
  8
BLACK
  6
CONTINUOUS
100
AcDbLine
 10
0.3588582677165355
 20
0.9226377952755905
 30
0
 11
0.3588582677165355
 21
0.7923228346456693
 31
0
  0
LINE
  5
1430
330
1A
100
AcDbEntity
  8
BLACK
  6
CONTINUOUS
100
AcDbLine
 10
0.3588582677165355
 20
0.7923228346456693
 30
0
 11
0.4316929133858268
 21
0.7923228346456693
 31
0
  0
LINE
  5
1431
330
1A
100
AcDbEntity
  8
BLACK
  6
CONTINUOUS
100
AcDbLine
 10
0.4316929133858268
 20
0.7923228346456693
 30
0
 11
0.4316929133858268
 21
0.9226377952755905
 31
0
  0
LINE
  5
1432
330
1A
100
AcDbEntity
  8
BLACK
  6
CONTINUOUS
100
AcDbLine
 10
0.4316929133858268
 20
0.9226377952755905
 30
0
 11
0.3588582677165355
 21
0.9226377952755905
 31
0
  0
LINE
  5
1433
330
1A
100
AcDbEntity
  8
BLACK
  6
CONTINUOUS
100
AcDbLine
 10
0.507856968503937
 20
1.0099644488188977
 30
0
 11
0.5083896456692913
 21
1.0094317716535433
 31
0
  0
LINE
  5
1434
330
1A
100
AcDbEntity
  8
BLACK
  6
CONTINUOUS
100
AcDbLine
 10
0.5083896456692913
 20
1.0094317716535433
 30
0
 11
0.5084645669291339
 21
1.0090551181102363
 31
0
  0
LINE
  5
1435
330
1A
100
AcDbEntity
  8
BLACK
  6
CONTINUOUS
100
AcDbLine
 10
0.5084645669291339
 20
1.0090551181102363
 30
0
 11
0.5084645669291339
 21
0.871259842519685
 31
0
  0
LINE
  5
1436
330
1A
100
AcDbEntity
  8
BLACK
  6
CONTINUOUS
100
AcDbLine
 10
0.5084645669291339
 20
0.871259842519685
 30
0
 11
0.5083896456692913
 21
0.870883188976378
 31
0
  0
LINE
  5
1437
330
1A
100
AcDbEntity
  8
BLACK
  6
CONTINUOUS
100
AcDbLine
 10
0.5083896456692913
 20
0.870883188976378
 30
0
 11
0.507856968503937
 21
0.8703505118110236
 31
0
  0
LINE
  5
1438
330
1A
100
AcDbEntity
  8
BLACK
  6
CONTINUOUS
100
AcDbLine
 10
0.507856968503937
 20
0.8703505118110236
 30
0
 11
0.50748031496063
 21
0.8702755905511811
 31
0
  0
LINE
  5
1439
330
1A
100
AcDbEntity
  8
BLACK
  6
CONTINUOUS
100
AcDbLine
 10
0.50748031496063
 20
0.8702755905511811
 30
0
 11
0.4405511811023622
 21
0.8702755905511811
 31
0
  0
LINE
  5
143A
330
1A
100
AcDbEntity
  8
BLACK
  6
CONTINUOUS
100
AcDbLine
 10
0.4405511811023622
 20
0.8702755905511811
 30
0
 11
0.4401745275590551
 21
0.8703505118110236
 31
0
  0
LINE
  5
143B
330
1A
100
AcDbEntity
  8
BLACK
  6
CONTINUOUS
100
AcDbLine
 10
0.4401745275590551
 20
0.8703505118110236
 30
0
 11
0.4396418503937008
 21
0.870883188976378
 31
0
  0
LINE
  5
143C
330
1A
100
AcDbEntity
  8
BLACK
  6
CONTINUOUS
100
AcDbLine
 10
0.4396418503937008
 20
0.870883188976378
 30
0
 11
0.4395669291338583
 21
0.871259842519685
 31
0
  0
LINE
  5
143D
330
1A
100
AcDbEntity
  8
BLACK
  6
CONTINUOUS
100
AcDbLine
 10
0.4395669291338583
 20
0.871259842519685
 30
0
 11
0.4395669291338583
 21
1.0090551181102363
 31
0
  0
LINE
  5
143E
330
1A
100
AcDbEntity
  8
BLACK
  6
CONTINUOUS
100
AcDbLine
 10
0.4395669291338583
 20
1.0090551181102363
 30
0
 11
0.4396418503937008
 21
1.0094317716535433
 31
0
  0
LINE
  5
143F
330
1A
100
AcDbEntity
  8
BLACK
  6
CONTINUOUS
100
AcDbLine
 10
0.4396418503937008
 20
1.0094317716535433
 30
0
 11
0.4401745275590551
 21
1.0099644488188977
 31
0
  0
LINE
  5
1440
330
1A
100
AcDbEntity
  8
BLACK
  6
CONTINUOUS
100
AcDbLine
 10
0.4401745275590551
 20
1.0099644488188977
 30
0
 11
0.4405511811023622
 21
1.0100393700787402
 31
0
  0
LINE
  5
1441
330
1A
100
AcDbEntity
  8
BLACK
  6
CONTINUOUS
100
AcDbLine
 10
0.4405511811023622
 20
1.0100393700787402
 30
0
 11
0.50748031496063
 21
1.0100393700787402
 31
0
  0
LINE
  5
1442
330
1A
100
AcDbEntity
  8
BLACK
  6
CONTINUOUS
100
AcDbLine
 10
0.50748031496063
 20
1.0100393700787402
 30
0
 11
0.507856968503937
 21
1.0099644488188977
 31
0
  0
LINE
  5
1443
330
1A
100
AcDbEntity
  8
BLACK
  6
CONTINUOUS
100
AcDbLine
 10
0.4415354330708661
 20
1.0080708661417324
 30
0
 11
0.4415354330708661
 21
0.872244094488189
 31
0
  0
LINE
  5
1444
330
1A
100
AcDbEntity
  8
BLACK
  6
CONTINUOUS
100
AcDbLine
 10
0.4415354330708661
 20
0.872244094488189
 30
0
 11
0.506496062992126
 21
0.872244094488189
 31
0
  0
LINE
  5
1445
330
1A
100
AcDbEntity
  8
BLACK
  6
CONTINUOUS
100
AcDbLine
 10
0.506496062992126
 20
0.872244094488189
 30
0
 11
0.506496062992126
 21
1.0080708661417324
 31
0
  0
LINE
  5
1446
330
1A
100
AcDbEntity
  8
BLACK
  6
CONTINUOUS
100
AcDbLine
 10
0.506496062992126
 20
1.0080708661417324
 30
0
 11
0.4415354330708661
 21
1.0080708661417324
 31
0
  0
CIRCLE
  5
1447
330
1A
100
AcDbEntity
  8
BLACK
100
AcDbCircle
 10
0.4
 20
0.4
 30
0
 40
0.0068897637795276
  0
CIRCLE
  5
1448
330
1A
100
AcDbEntity
  8
BLACK
100
AcDbCircle
 10
2.7897637795275592
 20
1.5999999999999999
 30
0
 40
0.0068897637795276
  0
CIRCLE
  5
1449
330
1A
100
AcDbEntity
  8
BLACK
100
AcDbCircle
 10
0.4
 20
1.5999999999999999
 30
0
 40
0.0068897637795276
  0
CIRCLE
  5
144A
330
1A
100
AcDbEntity
  8
BLACK
100
AcDbCircle
 10
2.512992125984252
 20
0.3937007874015748
 30
0
 40
0.0068897637795276
  0
CIRCLE
  5
144B
330
1A
100
AcDbEntity
  8
BLACK
100
AcDbCircle
 10
2.512992125984252
 20
0.2937007874015748
 30
0
 40
0.0068897637795276
  0
CIRCLE
  5
144C
330
1A
100
AcDbEntity
  8
BLACK
100
AcDbCircle
 10
2.4129921259842519
 20
0.3937007874015748
 30
0
 40
0.0068897637795276
  0
CIRCLE
  5
144D
330
1A
100
AcDbEntity
  8
BLACK
100
AcDbCircle
 10
2.4129921259842519
 20
0.2937007874015748
 30
0
 40
0.0068897637795276
  0
CIRCLE
  5
144E
330
1A
100
AcDbEntity
  8
BLACK
100
AcDbCircle
 10
2.3129921259842519
 20
0.3937007874015748
 30
0
 40
0.0068897637795276
  0
CIRCLE
  5
144F
330
1A
100
AcDbEntity
  8
BLACK
100
AcDbCircle
 10
2.3129921259842519
 20
0.2937007874015748
 30
0
 40
0.0068897637795276
  0
CIRCLE
  5
1450
330
1A
100
AcDbEntity
  8
BLACK
100
AcDbCircle
 10
0.4208661417322834
 20
1.1744094488188976
 30
0
 40
0.0068897637795276
  0
CIRCLE
  5
1451
330
1A
100
AcDbEntity
  8
BLACK
100
AcDbCircle
 10
0.3208661417322834
 20
1.2744094488188975
 30
0
 40
0.0068897637795276
  0
CIRCLE
  5
1452
330
1A
100
AcDbEntity
  8
BLACK
100
AcDbCircle
 10
0.3208661417322834
 20
1.0744094488188976
 30
0
 40
0.0068897637795276
  0
CIRCLE
  5
1453
330
1A
100
AcDbEntity
  8
BLACK
100
AcDbCircle
 10
0.5208661417322834
 20
1.2744094488188975
 30
0
 40
0.0068897637795276
  0
CIRCLE
  5
1454
330
1A
100
AcDbEntity
  8
BLACK
100
AcDbCircle
 10
0.5208661417322834
 20
1.0744094488188976
 30
0
 40
0.0068897637795276
  0
CIRCLE
  5
1455
330
1A
100
AcDbEntity
  8
BLACK
100
AcDbCircle
 10
2.7897637795275592
 20
0.4
 30
0
 40
0.0068897637795276
  0
CIRCLE
  5
1456
330
1A
100
AcDbEntity
  8
BLACK
100
AcDbCircle
 10
2.6929133858267718
 20
0.6299212598425197
 30
0
 40
0.0068897637795276
  0
CIRCLE
  5
1457
330
1A
100
AcDbEntity
  8
BLACK
100
AcDbCircle
 10
2.7929133858267714
 20
0.6299212598425197
 30
0
 40
0.0068897637795276
  0
CIRCLE
  5
1458
330
1A
100
AcDbEntity
  8
BLACK
100
AcDbCircle
 10
2.6929133858267718
 20
0.7299212598425197
 30
0
 40
0.0068897637795276
  0
CIRCLE
  5
1459
330
1A
100
AcDbEntity
  8
BLACK
100
AcDbCircle
 10
2.7929133858267714
 20
0.7299212598425197
 30
0
 40
0.0068897637795276
  0
CIRCLE
  5
145A
330
1A
100
AcDbEntity
  8
BLACK
100
AcDbCircle
 10
2.6929133858267718
 20
0.8299212598425196
 30
0
 40
0.0068897637795276
  0
CIRCLE
  5
145B
330
1A
100
AcDbEntity
  8
BLACK
100
AcDbCircle
 10
2.7929133858267714
 20
0.8299212598425196
 30
0
 40
0.0068897637795276
  0
CIRCLE
  5
145C
330
1A
100
AcDbEntity
  8
BLACK
100
AcDbCircle
 10
2.6929133858267718
 20
0.9299212598425196
 30
0
 40
0.0068897637795276
  0
CIRCLE
  5
145D
330
1A
100
AcDbEntity
  8
BLACK
100
AcDbCircle
 10
2.7929133858267714
 20
0.9299212598425196
 30
0
 40
0.0068897637795276
  0
CIRCLE
  5
145E
330
1A
100
AcDbEntity
  8
BLACK
100
AcDbCircle
 10
2.6929133858267718
 20
1.0299212598425196
 30
0
 40
0.0068897637795276
  0
CIRCLE
  5
145F
330
1A
100
AcDbEntity
  8
BLACK
100
AcDbCircle
 10
2.7929133858267714
 20
1.0299212598425196
 30
0
 40
0.0068897637795276
  0
CIRCLE
  5
1460
330
1A
100
AcDbEntity
  8
BLACK
100
AcDbCircle
 10
2.6929133858267718
 20
1.1299212598425197
 30
0
 40
0.0068897637795276
  0
CIRCLE
  5
1461
330
1A
100
AcDbEntity
  8
BLACK
100
AcDbCircle
 10
2.7929133858267714
 20
1.1299212598425197
 30
0
 40
0.0068897637795276
  0
CIRCLE
  5
1462
330
1A
100
AcDbEntity
  8
BLACK
100
AcDbCircle
 10
2.6929133858267718
 20
1.2299212598425198
 30
0
 40
0.0068897637795276
  0
CIRCLE
  5
1463
330
1A
100
AcDbEntity
  8
BLACK
100
AcDbCircle
 10
2.7929133858267714
 20
1.2299212598425198
 30
0
 40
0.0068897637795276
  0
CIRCLE
  5
1464
330
1A
100
AcDbEntity
  8
BLACK
100
AcDbCircle
 10
2.6929133858267718
 20
1.3299212598425196
 30
0
 40
0.0068897637795276
  0
CIRCLE
  5
1465
330
1A
100
AcDbEntity
  8
BLACK
100
AcDbCircle
 10
2.7929133858267714
 20
1.3299212598425196
 30
0
 40
0.0068897637795276
  0
CIRCLE
  5
1466
330
1A
100
AcDbEntity
  8
BLACK
100
AcDbCircle
 10
0.4043307086614173
 20
0.7059055118110236
 30
0
 40
0.0068897637795276
  0
CIRCLE
  5
1467
330
1A
100
AcDbEntity
  8
BLACK
100
AcDbCircle
 10
0.5043307086614173
 20
0.7059055118110236
 30
0
 40
0.0068897637795276
  0
CIRCLE
  5
1468
330
1A
100
AcDbEntity
  8
BLACK
100
AcDbCircle
 10
0.4
 20
0.4
 30
0
 40
0.0068897637795276
  0
CIRCLE
  5
1469
330
1A
100
AcDbEntity
  8
BLACK
100
AcDbCircle
 10
2.7897637795275592
 20
1.5999999999999999
 30
0
 40
0.0068897637795276
  0
CIRCLE
  5
146A
330
1A
100
AcDbEntity
  8
BLACK
100
AcDbCircle
 10
0.4
 20
1.5999999999999999
 30
0
 40
0.0068897637795276
  0
CIRCLE
  5
146B
330
1A
100
AcDbEntity
  8
BLACK
100
AcDbCircle
 10
2.512992125984252
 20
0.3937007874015748
 30
0
 40
0.0068897637795276
  0
CIRCLE
  5
146C
330
1A
100
AcDbEntity
  8
BLACK
100
AcDbCircle
 10
2.512992125984252
 20
0.2937007874015748
 30
0
 40
0.0068897637795276
  0
CIRCLE
  5
146D
330
1A
100
AcDbEntity
  8
BLACK
100
AcDbCircle
 10
2.4129921259842519
 20
0.3937007874015748
 30
0
 40
0.0068897637795276
  0
CIRCLE
  5
146E
330
1A
100
AcDbEntity
  8
BLACK
100
AcDbCircle
 10
2.4129921259842519
 20
0.2937007874015748
 30
0
 40
0.0068897637795276
  0
CIRCLE
  5
146F
330
1A
100
AcDbEntity
  8
BLACK
100
AcDbCircle
 10
2.3129921259842519
 20
0.3937007874015748
 30
0
 40
0.0068897637795276
  0
CIRCLE
  5
1470
330
1A
100
AcDbEntity
  8
BLACK
100
AcDbCircle
 10
2.3129921259842519
 20
0.2937007874015748
 30
0
 40
0.0068897637795276
  0
CIRCLE
  5
1471
330
1A
100
AcDbEntity
  8
BLACK
100
AcDbCircle
 10
0.4208661417322834
 20
1.1744094488188976
 30
0
 40
0.0068897637795276
  0
CIRCLE
  5
1472
330
1A
100
AcDbEntity
  8
BLACK
100
AcDbCircle
 10
0.3208661417322834
 20
1.2744094488188975
 30
0
 40
0.0068897637795276
  0
CIRCLE
  5
1473
330
1A
100
AcDbEntity
  8
BLACK
100
AcDbCircle
 10
0.3208661417322834
 20
1.0744094488188976
 30
0
 40
0.0068897637795276
  0
CIRCLE
  5
1474
330
1A
100
AcDbEntity
  8
BLACK
100
AcDbCircle
 10
0.5208661417322834
 20
1.2744094488188975
 30
0
 40
0.0068897637795276
  0
CIRCLE
  5
1475
330
1A
100
AcDbEntity
  8
BLACK
100
AcDbCircle
 10
0.5208661417322834
 20
1.0744094488188976
 30
0
 40
0.0068897637795276
  0
CIRCLE
  5
1476
330
1A
100
AcDbEntity
  8
BLACK
100
AcDbCircle
 10
2.7897637795275592
 20
0.4
 30
0
 40
0.0068897637795276
  0
CIRCLE
  5
1477
330
1A
100
AcDbEntity
  8
BLACK
100
AcDbCircle
 10
2.6929133858267718
 20
0.6299212598425197
 30
0
 40
0.0068897637795276
  0
CIRCLE
  5
1478
330
1A
100
AcDbEntity
  8
BLACK
100
AcDbCircle
 10
2.7929133858267714
 20
0.6299212598425197
 30
0
 40
0.0068897637795276
  0
CIRCLE
  5
1479
330
1A
100
AcDbEntity
  8
BLACK
100
AcDbCircle
 10
2.6929133858267718
 20
0.7299212598425197
 30
0
 40
0.0068897637795276
  0
CIRCLE
  5
147A
330
1A
100
AcDbEntity
  8
BLACK
100
AcDbCircle
 10
2.7929133858267714
 20
0.7299212598425197
 30
0
 40
0.0068897637795276
  0
CIRCLE
  5
147B
330
1A
100
AcDbEntity
  8
BLACK
100
AcDbCircle
 10
2.6929133858267718
 20
0.8299212598425196
 30
0
 40
0.0068897637795276
  0
CIRCLE
  5
147C
330
1A
100
AcDbEntity
  8
BLACK
100
AcDbCircle
 10
2.7929133858267714
 20
0.8299212598425196
 30
0
 40
0.0068897637795276
  0
CIRCLE
  5
147D
330
1A
100
AcDbEntity
  8
BLACK
100
AcDbCircle
 10
2.6929133858267718
 20
0.9299212598425196
 30
0
 40
0.0068897637795276
  0
CIRCLE
  5
147E
330
1A
100
AcDbEntity
  8
BLACK
100
AcDbCircle
 10
2.7929133858267714
 20
0.9299212598425196
 30
0
 40
0.0068897637795276
  0
CIRCLE
  5
147F
330
1A
100
AcDbEntity
  8
BLACK
100
AcDbCircle
 10
2.6929133858267718
 20
1.0299212598425196
 30
0
 40
0.0068897637795276
  0
CIRCLE
  5
1480
330
1A
100
AcDbEntity
  8
BLACK
100
AcDbCircle
 10
2.7929133858267714
 20
1.0299212598425196
 30
0
 40
0.0068897637795276
  0
CIRCLE
  5
1481
330
1A
100
AcDbEntity
  8
BLACK
100
AcDbCircle
 10
2.6929133858267718
 20
1.1299212598425197
 30
0
 40
0.0068897637795276
  0
CIRCLE
  5
1482
330
1A
100
AcDbEntity
  8
BLACK
100
AcDbCircle
 10
2.7929133858267714
 20
1.1299212598425197
 30
0
 40
0.0068897637795276
  0
CIRCLE
  5
1483
330
1A
100
AcDbEntity
  8
BLACK
100
AcDbCircle
 10
2.6929133858267718
 20
1.2299212598425198
 30
0
 40
0.0068897637795276
  0
CIRCLE
  5
1484
330
1A
100
AcDbEntity
  8
BLACK
100
AcDbCircle
 10
2.7929133858267714
 20
1.2299212598425198
 30
0
 40
0.0068897637795276
  0
CIRCLE
  5
1485
330
1A
100
AcDbEntity
  8
BLACK
100
AcDbCircle
 10
2.6929133858267718
 20
1.3299212598425196
 30
0
 40
0.0068897637795276
  0
CIRCLE
  5
1486
330
1A
100
AcDbEntity
  8
BLACK
100
AcDbCircle
 10
2.7929133858267714
 20
1.3299212598425196
 30
0
 40
0.0068897637795276
  0
CIRCLE
  5
1487
330
1A
100
AcDbEntity
  8
BLACK
100
AcDbCircle
 10
0.4043307086614173
 20
0.7059055118110236
 30
0
 40
0.0068897637795276
  0
CIRCLE
  5
1488
330
1A
100
AcDbEntity
  8
BLACK
100
AcDbCircle
 10
0.5043307086614173
 20
0.7059055118110236
 30
0
 40
0.0068897637795276
  0
ENDSEC
  0
SECTION
  2
OBJECTS
  0
DICTIONARY
  5
20
330
0
100
AcDbDictionary
281
1
  3
ACAD_GROUP
350
1489
  3
ACAD_LAYOUT
350
21
  3
ACAD_PLOTSTYLENAME
350
11
  0
DICTIONARY
  5
1489
330
20
100
AcDbDictionary
281
1
  0
ACDBDICTIONARYWDFLT
  5
11
330
20
100
AcDbDictionary
281
1
  3
Normal
350
10
100
AcDbDictionaryWithDefault
340
10
  0
ACDBPLACEHOLDER
  5
10
330
11
  0
DICTIONARY
  5
21
330
20
100
AcDbDictionary
281
1
  3
Model
350
1D
  3
Layout1
350
1E
  3
Layout2
350
1F
  0
LAYOUT
  5
1D
330
21
100
AcDbPlotSettings
  1

  2
none_device
  4
A3
  6

 40
0.0
 41
0.0
 42
0.0
 43
0.0
 44
420.0
 45
297.0
 46
0.0
 47
0.0
 48
0.0
 49
0.0
140
0.0
141
0.0
142
1.0
143
1.0
 70
1024
 72
1
 73
0
 74
5
  7

 75
16
 76
0
 77
2
 78
300
147
1.0
148
0.0
149
0.0
100
AcDbLayout
  1
Model
 70
1
 71
0
 10
0.0
 20
0.0
 11
420.0
 21
297.0
 12
0.0
 22
0.0
 32
0.0
 14
1e+20
 24
1e+20
 34
1e+20
 15
-1e+20
 25
-1e+20
 35
-1e+20
146
0.0
 13
0.0
 23
0.0
 33
0.0
 16
1.0
 26
0.0
 36
0.0
 17
0.0
 27
1.0
 37
0.0
 76
0
330
1A
  0
LAYOUT
  5
1E
330
21
100
AcDbPlotSettings
  1

  2
none_device
  4
A3
  6

 40
0.0
 41
0.0
 42
0.0
 43
0.0
 44
420.0
 45
297.0
 46
0.0
 47
0.0
 48
0.0
 49
0.0
140
0.0
141
0.0
142
1.0
143
1.0
 70
0
 72
1
 73
0
 74
5
  7

 75
16
 76
0
 77
2
 78
300
147
1.0
148
0.0
149
0.0
100
AcDbLayout
  1
Layout1
 70
1
 71
1
 10
0.0
 20
0.0
 11
420.0
 21
297.0
 12
0.0
 22
0.0
 32
0.0
 14
1e+20
 24
1e+20
 34
1e+20
 15
-1e+20
 25
-1e+20
 35
-1e+20
146
0.0
 13
0.0
 23
0.0
 33
0.0
 16
1.0
 26
0.0
 36
0.0
 17
0.0
 27
1.0
 37
0.0
 76
0
330
1B
  0
LAYOUT
  5
1F
330
21
100
AcDbPlotSettings
  1

  2
none_device
  4
A3
  6

 40
0.0
 41
0.0
 42
0.0
 43
0.0
 44
420.0
 45
297.0
 46
0.0
 47
0.0
 48
0.0
 49
0.0
140
0.0
141
0.0
142
1.0
143
1.0
 70
0
 72
1
 73
0
 74
5
  7

 75
16
 76
0
 77
2
 78
300
147
1.0
148
0.0
149
0.0
100
AcDbLayout
  1
Layout2
 70
1
 71
2
 10
0.0
 20
0.0
 11
420.0
 21
297.0
 12
0.0
 22
0.0
 32
0.0
 14
1e+20
 24
1e+20
 34
1e+20
 15
-1e+20
 25
-1e+20
 35
-1e+20
146
0.0
 13
0.0
 23
0.0
 33
0.0
 16
1.0
 26
0.0
 36
0.0
 17
0.0
 27
1.0
 37
0.0
 76
0
330
1C
  0
ENDSEC
  0
EOF
